events,average_latency_us,minimum_latency_us,maximum_latency_us
20,558.15,434,768
40,510.125,289,770
60,509.467,210,1735
80,437,127,1735
100,399.89,127,1735
120,399.3,127,1735
140,392.671,127,1735
160,398.775,127,1735
180,397.728,127,1735
200,392.595,127,1735
220,407.995,127,1735
240,406.204,127,1735
260,405.112,127,1735
280,401.532,127,1735
300,399,127,1735
320,396.491,127,1735
340,392.194,127,1735
360,392.594,127,1735
380,389.368,127,1735
400,385.595,127,1735
420,381.324,127,1735
440,380.72,127,1735
460,378.574,127,1735
480,380.029,127,1735
500,380.164,127,1735
520,378.1,127,1735
540,375.393,127,1735
560,373.525,127,1735
580,370.916,127,1735
600,370.108,127,1735
620,367.96,127,1735
640,366.925,127,1735
660,364.524,127,1735
680,362.981,127,1735
700,367.286,127,1735
720,368.057,127,1735
740,372.134,127,1735
760,373.77,127,1735
780,375.649,127,1735
800,381.817,127,1735
820,381.559,127,1735
840,383.554,127,1735
860,383.623,127,1735
880,381.828,127,1735
900,378.082,127,1735
920,374.832,127,1735
940,378.614,127,1735
960,380.059,127,1735
980,383.51,127,1735
1000,391.058,127,2456
1020,390.493,127,2456
1040,390.736,127,2456
1060,394.318,127,2456
1080,392.066,127,2456
1100,388.494,111,2456
1120,385.921,111,2456
1140,386.625,111,2456
1160,388.97,111,2456
1180,388.393,111,2456
1200,387.529,111,2456
1220,388.775,111,2456
1240,388.104,111,2456
1260,386.974,111,2456
1280,384.135,111,2456
1300,381.531,111,2456
1320,380.409,111,2456
1340,378.561,111,2456
1360,376.983,111,2456
1380,375.509,111,2456
1400,374,111,2456
1420,372.342,111,2456
1440,371.577,111,2456
1460,372.016,111,2456
1480,371.481,111,2456
1500,370.619,111,2456
1520,370.203,111,2456
1540,370.03,111,2456
1560,373.747,111,2456
1580,373.465,111,2456
20,457.8,181,865
40,476.475,156,1009
60,417.333,129,1009
80,411.275,129,1009
100,396.85,129,1009
120,383.7,129,1009
140,352.771,125,1009
160,328.906,108,1009
180,320.133,108,1009
200,309.595,108,1009
220,303.582,108,1009
240,292.267,108,1009
260,283.081,102,1009
280,288.982,102,1009
300,296.347,102,1009
320,296.591,102,1009
340,295.926,102,1009
360,295.053,102,1009
380,292.866,102,1009
400,289.702,102,1009
420,285.679,102,1009
440,282.234,102,1009
460,279.493,102,1009
480,280.383,102,1009
500,282.016,102,1009
520,283.121,102,1009
540,288.217,102,1267
560,297.212,102,1639
580,296.11,102,1639
600,297.07,102,1639
620,304.134,102,1639
640,310.403,102,1639
660,309,102,1639
680,313.622,102,1639
700,317.841,102,1639
20 , 344.4 , 149 , 674 , 301 , 640 , 640
40 , 329.775 , 149 , 704 , 259 , 674 , 700
60 , 292 , 140 , 704 , 258 , 640 , 700
80 , 294.475 , 118 , 704 , 250 , 618 , 700
100 , 282.71 , 118 , 704 , 246 , 585 , 700
120 , 269.642 , 118 , 704 , 228 , 579 , 674
140 , 258.45 , 118 , 704 , 210 , 547 , 674
160 , 255.281 , 118 , 704 , 208 , 545 , 674
180 , 254.811 , 118 , 704 , 214 , 536 , 674
200 , 253.08 , 118 , 704 , 213 , 529 , 674
220 , 263.759 , 118 , 763 , 222 , 547 , 674
240 , 258.492 , 118 , 763 , 220 , 545 , 674
260 , 252.712 , 118 , 763 , 210 , 536 , 674
280 , 247.839 , 118 , 763 , 206 , 529 , 674
300 , 243.043 , 118 , 763 , 199 , 519 , 674
320 , 240.853 , 118 , 763 , 198 , 507 , 646
340 , 238.921 , 118 , 763 , 196 , 503 , 646
360 , 239.058 , 118 , 763 , 196 , 503 , 646
380 , 238.087 , 118 , 763 , 196 , 503 , 646
400 , 237.107 , 118 , 763 , 196 , 503 , 646
420 , 237.679 , 118 , 763 , 196 , 503 , 640
440 , 237.089 , 118 , 763 , 196 , 503 , 640
460 , 238.974 , 118 , 763 , 196 , 529 , 640
480 , 244.702 , 118 , 949 , 198 , 536 , 674
500 , 245.268 , 118 , 949 , 198 , 536 , 678
520 , 244.577 , 111 , 949 , 198 , 536 , 674
540 , 252.741 , 111 , 949 , 201 , 545 , 678
560 , 263.414 , 111 , 949 , 207 , 577 , 719
580 , 270.893 , 111 , 1183 , 209 , 582 , 798
600 , 273.653 , 111 , 1183 , 210 , 591 , 825
620 , 276.111 , 111 , 1183 , 210 , 597 , 836
640 , 274.472 , 111 , 1183 , 208 , 597 , 836
660 , 273.473 , 111 , 1183 , 208 , 601 , 836
680 , 272.512 , 111 , 1183 , 207 , 609 , 836
700 , 273.406 , 111 , 1183 , 207 , 616 , 842
720 , 275.64 , 111 , 1183 , 206 , 631 , 908
740 , 276.614 , 111 , 1183 , 206 , 640 , 924
760 , 277.879 , 111 , 1183 , 205 , 646 , 929
780 , 278.509 , 111 , 1183 , 202 , 674 , 933
800 , 279.45 , 111 , 1183 , 201 , 678 , 938
820 , 279.491 , 111 , 1183 , 199 , 691 , 938
840 , 280.902 , 111 , 1183 , 199 , 702 , 948
860 , 280.919 , 111 , 1183 , 198 , 703 , 948
880 , 281.81 , 111 , 1183 , 198 , 706 , 949
900 , 287.157 , 111 , 1412 , 198 , 733 , 1047
920 , 288.812 , 111 , 1412 , 197 , 749 , 1047
940 , 291.579 , 111 , 1412 , 197 , 770 , 1050
960 , 289.714 , 111 , 1412 , 196 , 765 , 1050
980 , 292.809 , 111 , 1412 , 197 , 783 , 1073
1000 , 292.539 , 111 , 1552 , 198 , 783 , 1081
1020 , 297.676 , 111 , 1679 , 198 , 815 , 1156
1040 , 305.397 , 111 , 1679 , 200 , 825 , 1195
1060 , 309.044 , 111 , 1679 , 203 , 825 , 1195
1080 , 311.144 , 111 , 1679 , 205 , 825 , 1195
1100 , 315.016 , 111 , 1679 , 206 , 842 , 1239
1120 , 319.262 , 111 , 1679 , 207 , 891 , 1284
1140 , 323.206 , 111 , 1679 , 209 , 908 , 1284
1160 , 328.671 , 111 , 2179 , 210 , 924 , 1312
1180 , 333.628 , 111 , 2179 , 213 , 933 , 1341
1200 , 346.53 , 111 , 2785 , 217 , 1011 , 1445
1220 , 364.83 , 111 , 4589 , 220 , 1032 , 1679
1240 , 376.483 , 111 , 4589 , 222 , 1057 , 2179
1260 , 390.183 , 111 , 4589 , 226 , 1109 , 2602
1280 , 401.498 , 111 , 4589 , 227 , 1166 , 2703
1300 , 409.955 , 111 , 4589 , 229 , 1239 , 2703
1320 , 412.098 , 111 , 4589 , 232 , 1208 , 2644
1340 , 418.005 , 111 , 4589 , 236 , 1284 , 2644
1360 , 419.715 , 111 , 4589 , 236 , 1287 , 2644
1380 , 423.933 , 111 , 4589 , 238 , 1295 , 2644
1400 , 427.136 , 111 , 4589 , 239 , 1312 , 2644
1420 , 429.554 , 111 , 4589 , 240 , 1323 , 2602
1440 , 434.395 , 111 , 4589 , 245 , 1366 , 2602
1460 , 439.76 , 111 , 4589 , 247 , 1387 , 2602
1480 , 438.033 , 111 , 4589 , 245 , 1392 , 2602
1500 , 443.005 , 111 , 4589 , 246 , 1412 , 2602
1520 , 451.043 , 111 , 4589 , 247 , 1445 , 2545
1540 , 462.34 , 111 , 4589 , 250 , 1518 , 2545
1560 , 466.119 , 111 , 4589 , 252 , 1547 , 2545
1580 , 478.489 , 111 , 4589 , 255 , 1623 , 2644
1600 , 490.787 , 111 , 4589 , 258 , 1677 , 2703
1620 , 494.804 , 111 , 4589 , 260 , 1702 , 2686
1640 , 497.818 , 111 , 4589 , 261 , 1704 , 2686
1660 , 501.233 , 111 , 4589 , 265 , 1704 , 2686
1680 , 500.818 , 111 , 4589 , 268 , 1702 , 2686
1700 , 511.994 , 111 , 4589 , 271 , 1749 , 2785
1720 , 516.162 , 111 , 4589 , 273 , 1753 , 2703
1740 , 514.341 , 111 , 4589 , 274 , 1750 , 2703
1760 , 558.486 , 111 , 7695 , 278 , 1830 , 3381
1780 , 565.689 , 111 , 7695 , 283 , 1877 , 3381
1800 , 569.516 , 111 , 7695 , 285 , 1877 , 3381
1820 , 566.653 , 111 , 7695 , 284 , 1873 , 3234
1840 , 574.337 , 111 , 7695 , 290 , 1885 , 3234
1860 , 579.034 , 111 , 7695 , 292 , 1885 , 3234
1880 , 575.756 , 110 , 7695 , 291 , 1880 , 3234
1900 , 574.692 , 110 , 7695 , 295 , 1878 , 3234
1920 , 586.926 , 110 , 7695 , 299 , 1913 , 3381
1940 , 589.622 , 110 , 7695 , 301 , 1948 , 3381
1960 , 601.43 , 110 , 7695 , 305 , 1997 , 3381
1980 , 609.529 , 110 , 7695 , 313 , 2017 , 3381
2000 , 614.708 , 110 , 7695 , 316 , 2018 , 3381
2020 , 619.464 , 110 , 7695 , 320 , 2024 , 3234
2040 , 624.472 , 110 , 7695 , 322 , 2050 , 3234
2060 , 626.162 , 110 , 7695 , 323 , 2036 , 3234
2080 , 634.196 , 110 , 7695 , 327 , 2053 , 3234
2100 , 638.986 , 110 , 7695 , 328 , 2073 , 3234
2120 , 650.63 , 110 , 7695 , 330 , 2125 , 3381
2140 , 654.115 , 110 , 7695 , 332 , 2137 , 3381
2160 , 658.569 , 110 , 7695 , 333 , 2147 , 3381
2180 , 667.816 , 110 , 7695 , 335 , 2183 , 3521
2200 , 675.448 , 110 , 7695 , 337 , 2222 , 3521
2220 , 682.816 , 110 , 7695 , 339 , 2247 , 3502
2240 , 682.093 , 110 , 7695 , 340 , 2248 , 3502
2260 , 701.621 , 110 , 7695 , 346 , 2331 , 3968
2280 , 706.221 , 110 , 7695 , 346 , 2362 , 3968
2300 , 712.539 , 110 , 7695 , 347 , 2407 , 3968
2320 , 723.628 , 110 , 7695 , 349 , 2479 , 3997
2340 , 736.906 , 110 , 7695 , 356 , 2522 , 4209
2360 , 739.83 , 110 , 7695 , 354 , 2531 , 4328
2380 , 737.375 , 110 , 7695 , 356 , 2523 , 4328
2400 , 743.141 , 110 , 7695 , 360 , 2523 , 4328
2420 , 739.647 , 110 , 7695 , 356 , 2523 , 4306
2440 , 751.039 , 110 , 7695 , 360 , 2576 , 4306
2460 , 758.948 , 110 , 7695 , 367 , 2632 , 4306
2480 , 763.672 , 110 , 7695 , 369 , 2642 , 4306
2500 , 769.278 , 110 , 7695 , 369 , 2693 , 4306
2520 , 778.235 , 110 , 7695 , 375 , 2698 , 4300
2540 , 791.993 , 110 , 7695 , 379 , 2747 , 4300
2560 , 797.911 , 110 , 7695 , 380 , 2806 , 4300
2580 , 807.079 , 110 , 7695 , 385 , 2816 , 4300
2600 , 823.063 , 110 , 7695 , 390 , 2871 , 4300
2620 , 839.893 , 110 , 7695 , 396 , 2960 , 4459
2640 , 851.184 , 110 , 7695 , 402 , 2986 , 4459
2660 , 855.627 , 110 , 7695 , 402 , 3031 , 4459
2680 , 854.747 , 110 , 7695 , 400 , 3031 , 4459
2700 , 870.087 , 110 , 7695 , 403 , 3104 , 4459
2720 , 868.274 , 110 , 7695 , 401 , 3104 , 4459
2740 , 878.163 , 110 , 7695 , 404 , 3129 , 4459
2760 , 880.587 , 110 , 7695 , 406 , 3158 , 4459
2780 , 877.596 , 110 , 7695 , 406 , 3151 , 4459
2800 , 886.413 , 110 , 7695 , 412 , 3151 , 4459
2820 , 902.346 , 110 , 7695 , 417 , 3208 , 4403
2840 , 902.786 , 110 , 7695 , 417 , 3214 , 4502
2860 , 900.927 , 110 , 7695 , 419 , 3214 , 4502
2880 , 898.073 , 110 , 7695 , 424 , 3208 , 4502
2900 , 908.854 , 110 , 7695 , 431 , 3227 , 4502
2920 , 923.301 , 110 , 7695 , 436 , 3271 , 4459
2940 , 922.779 , 110 , 7695 , 433 , 3280 , 4562
2960 , 927.389 , 110 , 7695 , 436 , 3294 , 4562
2980 , 941.497 , 110 , 7695 , 439 , 3360 , 4589
3000 , 958.553 , 110 , 7695 , 440 , 3403 , 4954
3020 , 970.609 , 110 , 7695 , 445 , 3447 , 4875
3040 , 988.679 , 110 , 7695 , 451 , 3517 , 4954
3060 , 1014.76 , 110 , 7695 , 456 , 3630 , 5339
3080 , 1051.65 , 110 , 7985 , 460 , 3760 , 6560
20 , 458.95 , 247 , 811 , 435 , 775 , 775
40 , 395.625 , 187 , 811 , 351 , 762 , 775
60 , 355.233 , 170 , 811 , 325 , 660 , 775
80 , 333.6 , 170 , 811 , 315 , 659 , 775
100 , 326.29 , 170 , 811 , 306 , 620 , 775
120 , 339.592 , 170 , 811 , 315 , 620 , 775
140 , 351.6 , 117 , 811 , 322 , 660 , 775
160 , 329.669 , 117 , 811 , 305 , 659 , 775
180 , 307.133 , 109 , 811 , 278 , 620 , 775
200 , 295.465 , 109 , 811 , 263 , 598 , 775
220 , 308.805 , 109 , 811 , 275 , 660 , 775
240 , 299.629 , 109 , 811 , 258 , 659 , 775
260 , 292.642 , 109 , 811 , 256 , 620 , 775
280 , 282.618 , 109 , 811 , 245 , 598 , 775
300 , 276.353 , 109 , 811 , 231 , 589 , 775
320 , 276.319 , 109 , 811 , 235 , 589 , 762
340 , 282.971 , 109 , 811 , 241 , 620 , 775
360 , 279.608 , 109 , 811 , 238 , 606 , 775
380 , 280.547 , 109 , 811 , 239 , 604 , 775
400 , 280.587 , 109 , 811 , 237 , 604 , 775
420 , 277.274 , 109 , 811 , 231 , 604 , 762
440 , 280.727 , 109 , 811 , 235 , 606 , 762
460 , 277.987 , 109 , 811 , 230 , 604 , 762
480 , 283.027 , 109 , 811 , 235 , 605 , 762
500 , 287.616 , 109 , 811 , 239 , 605 , 762
520 , 297.379 , 109 , 1490 , 245 , 624 , 805
540 , 305.444 , 109 , 1490 , 251 , 637 , 865
560 , 312.496 , 109 , 1490 , 257 , 659 , 1088
580 , 327.047 , 109 , 1946 , 262 , 682 , 1309
600 , 334.135 , 109 , 1946 , 265 , 685 , 1454
620 , 336.142 , 109 , 1946 , 263 , 716 , 1321
640 , 337.512 , 109 , 1946 , 265 , 727 , 1321
660 , 335.735 , 109 , 1946 , 262 , 727 , 1321
680 , 337.76 , 109 , 1946 , 260 , 759 , 1321
700 , 336.794 , 109 , 1946 , 258 , 762 , 1321
720 , 339.246 , 109 , 1946 , 257 , 794 , 1321
740 , 339.389 , 109 , 1946 , 254 , 805 , 1321
760 , 341.207 , 109 , 1946 , 251 , 818 , 1436
780 , 343.128 , 109 , 1946 , 253 , 851 , 1436
800 , 351.935 , 109 , 1980 , 258 , 886 , 1462
820 , 362.484 , 109 , 2636 , 263 , 936 , 1597
840 , 372.118 , 109 , 2636 , 269 , 1032 , 1695
860 , 378.384 , 109 , 2636 , 273 , 1085 , 1775
880 , 389.177 , 109 , 2636 , 275 , 1108 , 1920
900 , 401.981 , 109 , 2636 , 279 , 1256 , 1980
920 , 400.86 , 109 , 2636 , 279 , 1248 , 1946
940 , 400.91 , 109 , 2636 , 279 , 1200 , 1946
960 , 402.469 , 109 , 2636 , 280 , 1187 , 1946
980 , 405.741 , 109 , 2636 , 285 , 1141 , 1946
1000 , 407.106 , 109 , 2636 , 289 , 1118 , 1946
1020 , 410.022 , 109 , 2636 , 292 , 1108 , 1942
1040 , 415.255 , 109 , 2636 , 300 , 1141 , 1942
1060 , 412.364 , 109 , 2636 , 299 , 1118 , 1942
1080 , 411.841 , 109 , 2636 , 299 , 1118 , 1942
1100 , 414.091 , 109 , 2636 , 299 , 1177 , 1942
1120 , 417.938 , 109 , 2636 , 300 , 1207 , 1920
1140 , 422.368 , 109 , 2636 , 299 , 1256 , 1946
1160 , 427.668 , 109 , 2636 , 301 , 1285 , 1946
1180 , 432.157 , 109 , 2636 , 301 , 1298 , 1969
1200 , 438.228 , 109 , 2636 , 300 , 1309 , 2008
1220 , 441.655 , 109 , 2636 , 300 , 1339 , 2008
1240 , 442.906 , 109 , 2636 , 300 , 1339 , 2008
1260 , 443.752 , 109 , 2636 , 300 , 1350 , 2008
1280 , 449.726 , 109 , 2636 , 300 , 1402 , 2050
1300 , 446.528 , 109 , 2636 , 299 , 1369 , 2050
1320 , 447.572 , 109 , 2636 , 296 , 1402 , 2022
1340 , 451.255 , 109 , 2636 , 300 , 1402 , 2022
1360 , 457.824 , 109 , 2636 , 301 , 1447 , 2083
1380 , 462.097 , 109 , 2636 , 302 , 1462 , 2100
1400 , 460.217 , 109 , 2636 , 302 , 1454 , 2100
1420 , 463.21 , 109 , 2636 , 305 , 1473 , 2083
1440 , 469.016 , 109 , 2636 , 308 , 1485 , 2083
1460 , 469.459 , 109 , 2636 , 313 , 1482 , 2083
1480 , 469.524 , 109 , 2636 , 315 , 1481 , 2083
1500 , 479.314 , 109 , 2636 , 319 , 1496 , 2148
1520 , 477.634 , 109 , 2636 , 319 , 1496 , 2106
1540 , 475.139 , 109 , 2636 , 318 , 1491 , 2106
1560 , 483.855 , 109 , 2636 , 320 , 1527 , 2171
1580 , 491.181 , 109 , 2636 , 321 , 1561 , 2181
1600 , 495.992 , 109 , 2636 , 321 , 1571 , 2181
1620 , 501.018 , 109 , 2636 , 324 , 1581 , 2178
1640 , 503.404 , 109 , 2636 , 324 , 1589 , 2178
1660 , 520.251 , 109 , 3384 , 327 , 1677 , 2299
1680 , 542.97 , 109 , 4776 , 330 , 1738 , 2636
1700 , 547.157 , 109 , 4776 , 333 , 1744 , 2636
1720 , 545.659 , 109 , 4776 , 335 , 1741 , 2549
1740 , 548.056 , 109 , 4776 , 335 , 1744 , 2549
1760 , 548.88 , 109 , 4776 , 337 , 1749 , 2549
1780 , 560.078 , 109 , 4776 , 339 , 1786 , 2656
1800 , 561.888 , 109 , 4776 , 338 , 1834 , 2656
1820 , 563.845 , 109 , 4776 , 337 , 1837 , 2636
1840 , 572.237 , 109 , 4776 , 339 , 1877 , 2681
1860 , 571.426 , 109 , 4776 , 339 , 1877 , 2681
1880 , 569.071 , 109 , 4776 , 339 , 1869 , 2681
1900 , 574.482 , 109 , 4776 , 341 , 1877 , 2681
1920 , 583.317 , 109 , 4776 , 344 , 1904 , 2681
1940 , 589.493 , 109 , 4776 , 346 , 1932 , 2681
1960 , 595.573 , 109 , 4776 , 349 , 1942 , 2681
1980 , 604.054 , 109 , 4776 , 352 , 1949 , 2681
2000 , 614.692 , 109 , 4776 , 355 , 1980 , 2700
2020 , 624.432 , 109 , 4776 , 359 , 2013 , 2700
2040 , 640.378 , 109 , 4776 , 365 , 2078 , 2857
2060 , 647.956 , 109 , 4776 , 368 , 2108 , 2985
2080 , 654.84 , 109 , 4776 , 372 , 2148 , 2985
2100 , 654.494 , 109 , 4776 , 368 , 2159 , 2985
2120 , 664.074 , 109 , 4776 , 372 , 2183 , 2999
2140 , 660.83 , 99 , 4776 , 371 , 2182 , 2999
2160 , 666.981 , 99 , 4776 , 373 , 2182 , 2999
2180 , 675.379 , 99 , 4776 , 379 , 2186 , 2999
20 , 491.4 , 297 , 812 , 491 , 667 , 667
40 , 476.425 , 249 , 812 , 470 , 667 , 723
60 , 507.3 , 249 , 1077 , 489 , 784 , 960
80 , 509.637 , 249 , 1077 , 499 , 782 , 960
100 , 512.38 , 249 , 1077 , 500 , 756 , 960
120 , 481.083 , 133 , 1077 , 489 , 723 , 812
140 , 447.986 , 133 , 1077 , 449 , 721 , 812
160 , 458.619 , 133 , 1077 , 468 , 730 , 812
180 , 466.622 , 133 , 1077 , 470 , 742 , 830
200 , 467.995 , 133 , 1077 , 469 , 742 , 830
220 , 472.645 , 133 , 1077 , 479 , 742 , 830
240 , 470.983 , 133 , 1077 , 479 , 733 , 830
260 , 468.469 , 133 , 1077 , 470 , 730 , 830
280 , 469.464 , 133 , 1077 , 470 , 723 , 830
300 , 470.68 , 133 , 1077 , 471 , 723 , 830
320 , 471.062 , 133 , 1077 , 470 , 730 , 812
340 , 468.741 , 133 , 1077 , 469 , 723 , 812
360 , 473.961 , 133 , 1077 , 474 , 733 , 812
380 , 478.318 , 133 , 1077 , 475 , 736 , 878
400 , 477.848 , 133 , 1077 , 474 , 733 , 878
420 , 473.414 , 112 , 1077 , 471 , 730 , 830
440 , 476.184 , 112 , 1077 , 473 , 733 , 882
460 , 478.713 , 112 , 1727 , 473 , 733 , 884
480 , 481.29 , 112 , 1727 , 475 , 736 , 936
500 , 472.762 , 112 , 1727 , 470 , 733 , 936
520 , 476.033 , 112 , 1727 , 473 , 736 , 899
540 , 472.143 , 112 , 1727 , 471 , 736 , 899
560 , 464.802 , 109 , 1727 , 468 , 733 , 899
580 , 463.288 , 109 , 1727 , 464 , 730 , 899
600 , 459.262 , 109 , 1727 , 457 , 733 , 936
620 , 459.026 , 109 , 1727 , 457 , 733 , 899
640 , 457.011 , 109 , 1727 , 456 , 730 , 899
660 , 455.53 , 109 , 1727 , 454 , 730 , 899
680 , 456.432 , 109 , 1727 , 454 , 725 , 899
700 , 457.537 , 109 , 1727 , 453 , 730 , 936
720 , 471.9 , 109 , 2704 , 457 , 739 , 1035
740 , 474.131 , 109 , 2704 , 458 , 739 , 1077
760 , 478.375 , 109 , 2704 , 467 , 742 , 1077
780 , 478.088 , 109 , 2704 , 467 , 740 , 1077
800 , 480.738 , 109 , 2704 , 468 , 742 , 1148
820 , 487.545 , 109 , 2704 , 472 , 772 , 1148
840 , 489.968 , 109 , 2704 , 474 , 772 , 1148
860 , 490.148 , 109 , 2704 , 475 , 771 , 1148
880 , 495.123 , 109 , 2704 , 479 , 786 , 1148
900 , 495.09 , 109 , 2704 , 479 , 784 , 1148
920 , 494.976 , 109 , 2704 , 478 , 784 , 1077
940 , 495.354 , 109 , 2704 , 479 , 784 , 1077
960 , 496.24 , 109 , 2704 , 480 , 784 , 1148
980 , 495.264 , 109 , 2704 , 479 , 784 , 1148
1000 , 495.642 , 109 , 2704 , 479 , 784 , 1148
1020 , 495.131 , 109 , 2704 , 479 , 786 , 1077
1040 , 499.31 , 109 , 2704 , 479 , 824 , 1310
1060 , 499.048 , 109 , 2704 , 479 , 818 , 1310
1080 , 499.2 , 109 , 2704 , 479 , 813 , 1310
1100 , 500.228 , 109 , 2704 , 479 , 813 , 1359
1120 , 500.469 , 109 , 2704 , 480 , 812 , 1310
1140 , 501.568 , 109 , 2704 , 481 , 812 , 1310
1160 , 502.493 , 109 , 2704 , 483 , 802 , 1310
1180 , 501.744 , 109 , 2704 , 481 , 797 , 1310
1200 , 501.319 , 109 , 2704 , 482 , 789 , 1310
1220 , 501.574 , 109 , 2704 , 482 , 789 , 1230
1240 , 503.62 , 109 , 2704 , 483 , 813 , 1310
1260 , 504.489 , 109 , 2704 , 483 , 813 , 1310
1280 , 505.013 , 109 , 2704 , 483 , 818 , 1310
1300 , 504.535 , 109 , 2704 , 483 , 813 , 1310
1320 , 504.608 , 109 , 2704 , 483 , 812 , 1230
1340 , 503.907 , 109 , 2704 , 482 , 802 , 1230
1360 , 507.37 , 109 , 2704 , 482 , 825 , 1483
1380 , 504.382 , 109 , 2704 , 480 , 825 , 1483
1400 , 505.629 , 109 , 2704 , 480 , 828 , 1487
1420 , 505.515 , 109 , 2704 , 480 , 825 , 1483
1440 , 511.097 , 109 , 2704 , 481 , 841 , 1610
1460 , 515.282 , 109 , 2704 , 482 , 860 , 1632
1480 , 528.093 , 109 , 2844 , 484 , 905 , 1846
1500 , 527.277 , 109 , 2844 , 482 , 925 , 1970
1520 , 532.674 , 109 , 2844 , 483 , 960 , 1976
1540 , 538.546 , 109 , 2844 , 484 , 1028 , 1999
1560 , 544.443 , 109 , 2844 , 485 , 1127 , 2007
1580 , 553.376 , 109 , 2844 , 487 , 1224 , 2040
1600 , 563.446 , 109 , 2844 , 488 , 1336 , 2164
1620 , 571.209 , 109 , 2844 , 490 , 1424 , 2179
1640 , 572.319 , 109 , 2844 , 489 , 1435 , 2209
1660 , 584.127 , 109 , 2911 , 491 , 1503 , 2325
1680 , 584.206 , 109 , 2911 , 489 , 1560 , 2334
1700 , 590.438 , 109 , 2911 , 490 , 1598 , 2334
1720 , 593.917 , 109 , 2911 , 490 , 1618 , 2325
1740 , 598.482 , 109 , 2911 , 492 , 1657 , 2334
1760 , 608.81 , 109 , 3214 , 493 , 1735 , 2432
1780 , 607.421 , 109 , 3214 , 493 , 1730 , 2432
1800 , 605.684 , 109 , 3214 , 492 , 1727 , 2432
1820 , 604.028 , 109 , 3214 , 491 , 1721 , 2421
1840 , 602.966 , 109 , 3214 , 490 , 1705 , 2421
1860 , 605.082 , 109 , 3214 , 490 , 1735 , 2421
1880 , 607.96 , 109 , 3214 , 492 , 1751 , 2421
1900 , 610.813 , 109 , 3533 , 492 , 1766 , 2519
1920 , 609.571 , 109 , 3533 , 492 , 1766 , 2449
1940 , 608.655 , 109 , 3533 , 492 , 1751 , 2449
1960 , 607.976 , 109 , 3533 , 493 , 1744 , 2449
1980 , 607.332 , 109 , 3533 , 493 , 1736 , 2449
2000 , 607.027 , 109 , 3533 , 494 , 1735 , 2449
2020 , 607.723 , 109 , 3533 , 497 , 1730 , 2432
2040 , 607.54 , 109 , 3533 , 498 , 1727 , 2432
2060 , 606.383 , 109 , 3533 , 498 , 1721 , 2432
2080 , 614.019 , 109 , 3533 , 498 , 1760 , 2530
2100 , 622.03 , 109 , 3533 , 499 , 1776 , 2553
2120 , 626.196 , 109 , 3533 , 499 , 1833 , 2530
2140 , 629.885 , 109 , 3533 , 499 , 1859 , 2565
2160 , 640.496 , 109 , 3533 , 500 , 1920 , 2646
2180 , 648.415 , 109 , 3533 , 503 , 1956 , 2704
2200 , 654.232 , 109 , 3533 , 503 , 1974 , 2704
2220 , 657.72 , 109 , 3533 , 502 , 1988 , 2752
2240 , 661.85 , 109 , 3533 , 502 , 2007 , 2753
2260 , 671.996 , 109 , 3540 , 504 , 2049 , 2844
2280 , 685.243 , 109 , 3620 , 506 , 2100 , 2929
2300 , 706.161 , 109 , 4587 , 508 , 2194 , 3124
2320 , 717.968 , 109 , 5555 , 509 , 2221 , 3247
2340 , 721.863 , 109 , 5555 , 510 , 2225 , 3247
2360 , 719.887 , 109 , 5555 , 509 , 2221 , 3247
2380 , 719.225 , 109 , 5555 , 508 , 2221 , 3283
2400 , 717.614 , 109 , 5555 , 509 , 2218 , 3283
2420 , 716.156 , 109 , 5555 , 509 , 2209 , 3247
2440 , 713.795 , 109 , 5555 , 508 , 2209 , 3247
2460 , 712.737 , 109 , 5555 , 509 , 2207 , 3247
2480 , 716.911 , 109 , 6511 , 513 , 2209 , 3290
2500 , 717.032 , 109 , 6511 , 514 , 2209 , 3312
2520 , 715.85 , 109 , 6511 , 514 , 2207 , 3290
2540 , 714.414 , 109 , 6511 , 514 , 2203 , 3290
2560 , 712.364 , 109 , 6511 , 513 , 2201 , 3290
2580 , 710.988 , 109 , 6511 , 513 , 2194 , 3290
2600 , 708.361 , 109 , 6511 , 511 , 2187 , 3290
2620 , 706.749 , 109 , 6511 , 510 , 2179 , 3283
2640 , 705.324 , 109 , 6511 , 510 , 2178 , 3283
2660 , 701.969 , 109 , 6511 , 508 , 2174 , 3283
2680 , 712.662 , 109 , 6511 , 510 , 2209 , 3283
2700 , 724.414 , 109 , 6511 , 512 , 2286 , 3448
2720 , 722.097 , 109 , 6511 , 509 , 2279 , 3333
2740 , 720.943 , 109 , 6511 , 510 , 2275 , 3333
2760 , 719.977 , 109 , 6511 , 510 , 2264 , 3333
2780 , 720.523 , 109 , 6511 , 510 , 2275 , 3458
2800 , 718.784 , 109 , 6511 , 509 , 2264 , 3458
2820 , 719.74 , 109 , 6511 , 508 , 2286 , 3448
2840 , 717.849 , 109 , 6511 , 507 , 2279 , 3448
2860 , 715.808 , 109 , 6511 , 506 , 2275 , 3448
2880 , 714.051 , 109 , 6511 , 506 , 2264 , 3448
2900 , 711.499 , 109 , 6511 , 504 , 2238 , 3448
2920 , 710.803 , 109 , 6511 , 505 , 2236 , 3333
2940 , 709.432 , 109 , 6511 , 505 , 2230 , 3333
2960 , 708.031 , 109 , 6511 , 504 , 2229 , 3333
2980 , 705.945 , 109 , 6511 , 504 , 2225 , 3333
3000 , 703.747 , 109 , 6511 , 503 , 2221 , 3333
3020 , 701.387 , 109 , 6511 , 502 , 2218 , 3331
3040 , 699.209 , 109 , 6511 , 500 , 2209 , 3331
3060 , 696.623 , 109 , 6511 , 499 , 2209 , 3331
3080 , 694.835 , 109 , 6511 , 498 , 2207 , 3331
3100 , 693.584 , 109 , 6511 , 498 , 2207 , 3331
3120 , 709.514 , 109 , 6511 , 499 , 2289 , 3587
3140 , 743.404 , 109 , 8180 , 501 , 2390 , 4310
3160 , 752.174 , 109 , 10573 , 501 , 2419 , 4467
3180 , 772.551 , 109 , 10573 , 502 , 2519 , 4977
3200 , 774.882 , 109 , 10573 , 502 , 2520 , 5172
20 , 599.05 , 246 , 860 , 651 , 780 , 780
40 , 599.025 , 246 , 865 , 622 , 825 , 860
60 , 492.133 , 195 , 865 , 545 , 780 , 860
80 , 437.325 , 195 , 865 , 351 , 772 , 860
100 , 464.09 , 195 , 1023 , 417 , 825 , 891
120 , 481.75 , 195 , 1064 , 477 , 860 , 891
140 , 498.779 , 195 , 1064 , 516 , 828 , 891
160 , 498.319 , 195 , 1064 , 509 , 825 , 891
180 , 485.556 , 195 , 1064 , 480 , 823 , 891
200 , 456.685 , 110 , 1064 , 443 , 780 , 891
220 , 444.923 , 110 , 1064 , 417 , 772 , 876
240 , 426.292 , 110 , 1064 , 401 , 766 , 876
260 , 410.969 , 110 , 1064 , 384 , 765 , 876
280 , 397.464 , 110 , 1064 , 352 , 763 , 876
300 , 391.27 , 110 , 1064 , 339 , 753 , 876
320 , 385.416 , 110 , 1064 , 333 , 747 , 865
340 , 379.3 , 110 , 1064 , 325 , 729 , 865
360 , 376.553 , 110 , 1064 , 321 , 729 , 865
380 , 378.642 , 110 , 1064 , 328 , 729 , 865
400 , 386.64 , 110 , 1064 , 333 , 739 , 865
420 , 390.438 , 110 , 1064 , 340 , 739 , 860
440 , 429.361 , 110 , 2910 , 351 , 823 , 1840
460 , 427.183 , 110 , 2910 , 351 , 823 , 1840
480 , 429.913 , 110 , 2910 , 360 , 823 , 1840
500 , 433.34 , 110 , 2910 , 369 , 823 , 1840
520 , 434.21 , 110 , 2910 , 371 , 823 , 1669
540 , 430.004 , 110 , 2910 , 369 , 792 , 1669
560 , 423.229 , 110 , 2910 , 363 , 786 , 1669
580 , 425.017 , 110 , 2910 , 369 , 786 , 1669
600 , 426.212 , 110 , 2910 , 371 , 784 , 1669
620 , 430.084 , 110 , 2910 , 378 , 780 , 1509
640 , 431.227 , 110 , 2910 , 385 , 772 , 1509
660 , 437.656 , 110 , 2910 , 388 , 786 , 1509
680 , 440.134 , 110 , 2910 , 393 , 786 , 1509
700 , 442.19 , 110 , 2910 , 394 , 786 , 1509
720 , 441.496 , 110 , 2910 , 398 , 784 , 1345
740 , 447.369 , 110 , 2910 , 401 , 805 , 1345
760 , 453.93 , 110 , 2910 , 405 , 823 , 1669
780 , 459.355 , 110 , 2910 , 416 , 825 , 1671
800 , 461.14 , 110 , 2910 , 418 , 823 , 1671
820 , 461.356 , 110 , 2910 , 417 , 825 , 1669
840 , 461.765 , 110 , 2910 , 417 , 825 , 1669
860 , 462.251 , 110 , 2910 , 419 , 823 , 1669
880 , 463.593 , 110 , 2910 , 417 , 842 , 1669
900 , 461.408 , 110 , 2910 , 415 , 850 , 1669
920 , 463.637 , 110 , 2910 , 415 , 870 , 1647
940 , 469.068 , 110 , 2910 , 417 , 878 , 1669
960 , 469.293 , 110 , 2910 , 417 , 876 , 1669
980 , 472.529 , 110 , 2910 , 421 , 876 , 1669
1000 , 472.337 , 110 , 2910 , 421 , 876 , 1669
1020 , 478.262 , 110 , 2910 , 425 , 898 , 1669
1040 , 478.49 , 110 , 2910 , 430 , 891 , 1669
1060 , 480.795 , 110 , 2910 , 436 , 890 , 1669
1080 , 482.162 , 110 , 2910 , 440 , 878 , 1669
1100 , 483.541 , 110 , 2910 , 443 , 878 , 1669
1120 , 495.895 , 110 , 2910 , 445 , 1007 , 1840
1140 , 509.519 , 110 , 3317 , 446 , 1065 , 2087
1160 , 521.453 , 110 , 3317 , 450 , 1156 , 2348
1180 , 531.174 , 110 , 3317 , 455 , 1243 , 2464
1200 , 538.399 , 110 , 3317 , 457 , 1280 , 2570
1220 , 536.185 , 110 , 3317 , 456 , 1267 , 2476
20 , 508.4 , 293 , 899 , 506 , 751 , 751
40 , 448.975 , 217 , 928 , 414 , 751 , 899
60 , 525.6 , 217 , 986 , 506 , 818 , 928
80 , 523.2 , 217 , 986 , 506 , 793 , 928
100 , 535.84 , 217 , 986 , 535 , 793 , 928
120 , 536.958 , 217 , 1294 , 531 , 793 , 928
140 , 520.571 , 217 , 1294 , 516 , 786 , 928
160 , 503.075 , 217 , 1294 , 486 , 773 , 928
180 , 484.056 , 143 , 1294 , 472 , 766 , 928
200 , 463.67 , 119 , 1294 , 445 , 764 , 928
220 , 457.277 , 119 , 1294 , 442 , 764 , 899
240 , 445.288 , 119 , 1294 , 429 , 751 , 899
260 , 427.881 , 119 , 1294 , 405 , 750 , 899
280 , 413.904 , 119 , 1294 , 391 , 721 , 899
300 , 409.673 , 119 , 1294 , 388 , 714 , 899
320 , 399.722 , 119 , 1294 , 379 , 705 , 840
340 , 390.447 , 119 , 1294 , 366 , 705 , 840
360 , 392.178 , 119 , 1294 , 369 , 693 , 840
380 , 397.153 , 119 , 1294 , 383 , 705 , 848
400 , 405.925 , 119 , 2089 , 388 , 721 , 928
420 , 407.424 , 119 , 2089 , 388 , 721 , 899
440 , 414.445 , 119 , 2089 , 393 , 745 , 899
460 , 415.589 , 119 , 2089 , 396 , 735 , 899
480 , 419.606 , 119 , 2089 , 404 , 737 , 899
500 , 423.43 , 119 , 2089 , 407 , 738 , 899
520 , 422.038 , 119 , 2089 , 407 , 738 , 848
540 , 417.752 , 119 , 2089 , 404 , 737 , 848
560 , 417.264 , 119 , 2089 , 403 , 737 , 848
580 , 415.976 , 119 , 2089 , 401 , 735 , 848
600 , 413.58 , 119 , 2089 , 398 , 732 , 848
620 , 412.281 , 119 , 2089 , 396 , 730 , 840
640 , 410.406 , 119 , 2089 , 394 , 723 , 840
660 , 408.061 , 119 , 2089 , 393 , 721 , 840
680 , 405.353 , 119 , 2089 , 390 , 714 , 840
700 , 401.109 , 98 , 2089 , 387 , 721 , 840
720 , 396.512 , 98 , 2089 , 384 , 721 , 837
740 , 394.597 , 98 , 2089 , 380 , 721 , 837
760 , 393.062 , 98 , 2089 , 379 , 714 , 837
780 , 391.99 , 98 , 2089 , 378 , 710 , 837
800 , 389.751 , 98 , 2089 , 372 , 707 , 837
820 , 388.404 , 98 , 2089 , 369 , 705 , 818
840 , 388.625 , 98 , 2089 , 366 , 714 , 848
860 , 389.113 , 98 , 2089 , 366 , 723 , 880
880 , 388.832 , 98 , 2089 , 364 , 729 , 928
900 , 388.128 , 98 , 2089 , 363 , 732 , 957
920 , 388.176 , 98 , 2089 , 362 , 737 , 976
940 , 384.53 , 98 , 2089 , 355 , 737 , 976
960 , 385.879 , 98 , 2089 , 355 , 738 , 986
980 , 386.387 , 98 , 2089 , 352 , 756 , 1046
1000 , 386.315 , 98 , 2089 , 351 , 762 , 1076
1020 , 386.522 , 98 , 2089 , 350 , 766 , 1076
1040 , 387.507 , 98 , 2089 , 349 , 781 , 1082
1060 , 387.414 , 98 , 2089 , 349 , 785 , 1128
1080 , 389.706 , 98 , 2089 , 349 , 799 , 1148
1100 , 388.686 , 98 , 2089 , 346 , 809 , 1176
1120 , 390.219 , 98 , 2089 , 343 , 832 , 1176
1140 , 391.21 , 98 , 2089 , 342 , 848 , 1190
1160 , 392.264 , 98 , 2089 , 342 , 858 , 1203
1180 , 392.683 , 98 , 2089 , 341 , 880 , 1214
1200 , 394.55 , 98 , 2089 , 341 , 899 , 1223
1220 , 395.21 , 98 , 2089 , 340 , 917 , 1223
1240 , 392.427 , 98 , 2089 , 336 , 911 , 1223
1260 , 394.372 , 97 , 2089 , 337 , 921 , 1223
1280 , 393.448 , 97 , 2089 , 336 , 919 , 1223
1300 , 395.139 , 97 , 2089 , 336 , 926 , 1227
1320 , 395.911 , 97 , 2089 , 338 , 921 , 1223
1340 , 398.716 , 97 , 2089 , 342 , 921 , 1227
1360 , 400.798 , 97 , 4104 , 341 , 926 , 1250
1380 , 404.609 , 97 , 4104 , 342 , 945 , 1285
1400 , 407.303 , 97 , 4104 , 342 , 976 , 1299
1420 , 410.78 , 97 , 4104 , 342 , 998 , 1334
1440 , 413.105 , 97 , 4104 , 341 , 1018 , 1370
1460 , 411.776 , 97 , 4104 , 338 , 1018 , 1379
1480 , 410.899 , 97 , 4104 , 339 , 1015 , 1379
1500 , 409.523 , 97 , 4104 , 337 , 1005 , 1379
1520 , 409.788 , 97 , 4104 , 339 , 1005 , 1370
1540 , 408.758 , 97 , 4104 , 337 , 998 , 1370
1560 , 416.261 , 97 , 4104 , 342 , 1005 , 1506
1580 , 416.139 , 97 , 4104 , 343 , 1005 , 1506
1600 , 413.935 , 97 , 4104 , 340 , 998 , 1506
1620 , 429.315 , 97 , 4104 , 344 , 1056 , 1750
1640 , 440.746 , 97 , 4104 , 347 , 1113 , 1875
1660 , 446.587 , 97 , 4104 , 349 , 1148 , 1986
1680 , 452.667 , 97 , 4104 , 350 , 1185 , 2031
1700 , 460.925 , 97 , 4104 , 352 , 1227 , 2108
1720 , 460.118 , 97 , 4104 , 353 , 1223 , 2089
1740 , 458.881 , 97 , 4104 , 352 , 1222 , 2089
1760 , 461.095 , 97 , 4104 , 351 , 1246 , 2108
1780 , 465.852 , 97 , 4104 , 351 , 1268 , 2120
1800 , 468.851 , 97 , 4104 , 351 , 1294 , 2122
1820 , 473.386 , 97 , 4104 , 351 , 1328 , 2132
1840 , 479.478 , 97 , 4104 , 353 , 1371 , 2203
1860 , 487.907 , 97 , 4104 , 354 , 1465 , 2209
1880 , 494.133 , 97 , 4104 , 355 , 1503 , 2238
1900 , 494.096 , 97 , 4104 , 354 , 1506 , 2241
1920 , 509.099 , 97 , 4104 , 355 , 1608 , 2358
1940 , 519.299 , 97 , 4748 , 357 , 1629 , 2545
1960 , 527.108 , 97 , 4748 , 360 , 1692 , 2582
1980 , 529.222 , 97 , 4748 , 359 , 1729 , 2595
2000 , 536.025 , 97 , 4748 , 362 , 1747 , 2615
2020 , 540.199 , 97 , 4748 , 362 , 1762 , 2605
2040 , 557.462 , 97 , 4748 , 363 , 1860 , 3122
2060 , 554.242 , 97 , 4748 , 360 , 1852 , 3122
2080 , 556.232 , 97 , 4748 , 362 , 1861 , 3122
2100 , 572.382 , 97 , 5506 , 364 , 1943 , 3433
2120 , 587.252 , 97 , 5506 , 366 , 1990 , 3674
2140 , 602.649 , 97 , 5506 , 369 , 2069 , 3872
2160 , 604.967 , 97 , 5750 , 369 , 2072 , 4045
2180 , 611.83 , 97 , 5750 , 372 , 2108 , 4045
2200 , 610.747 , 97 , 5750 , 374 , 2094 , 4045
2220 , 609.962 , 97 , 5750 , 375 , 2089 , 3971
2240 , 609.523 , 97 , 5750 , 377 , 2074 , 3971
2260 , 607.395 , 97 , 5750 , 376 , 2072 , 3971
2280 , 607.006 , 97 , 5750 , 376 , 2072 , 3971
2300 , 605.615 , 97 , 5750 , 374 , 2072 , 3971
2320 , 614.95 , 97 , 5750 , 376 , 2115 , 3872
2340 , 623.486 , 97 , 5750 , 378 , 2203 , 3872
2360 , 633.587 , 97 , 5750 , 379 , 2219 , 3872
2380 , 644.712 , 97 , 9865 , 383 , 2227 , 4045
2400 , 657.429 , 97 , 9865 , 385 , 2266 , 4104
2420 , 688.383 , 97 , 16995 , 387 , 2344 , 4409
2440 , 707.279 , 97 , 16995 , 392 , 2429 , 4682
2460 , 707.826 , 97 , 16995 , 389 , 2433 , 4688
2480 , 703.692 , 97 , 16995 , 385 , 2429 , 4688
2500 , 701.286 , 97 , 16995 , 385 , 2400 , 4688
2520 , 701.204 , 97 , 16995 , 388 , 2397 , 4682
2540 , 699.839 , 97 , 16995 , 390 , 2395 , 4682
2560 , 697.1 , 97 , 16995 , 389 , 2394 , 4682
2580 , 694.247 , 97 , 16995 , 387 , 2379 , 4682
2600 , 693.207 , 97 , 16995 , 385 , 2379 , 4682
2620 , 690.765 , 97 , 16995 , 385 , 2375 , 4523
2640 , 688.158 , 97 , 16995 , 384 , 2368 , 4523
2660 , 684.825 , 97 , 16995 , 382 , 2367 , 4523
2680 , 681.092 , 97 , 16995 , 379 , 2358 , 4523
2700 , 679.7 , 97 , 16995 , 379 , 2358 , 4523
2720 , 677.443 , 97 , 16995 , 379 , 2352 , 4504
2740 , 674.395 , 97 , 16995 , 378 , 2352 , 4504
2760 , 683.493 , 97 , 16995 , 378 , 2394 , 4504
2780 , 681.402 , 97 , 16995 , 378 , 2379 , 4504
2800 , 678.681 , 97 , 16995 , 378 , 2375 , 4504
2820 , 688.288 , 97 , 16995 , 379 , 2429 , 4475
2840 , 695.014 , 97 , 16995 , 379 , 2483 , 4475
2860 , 705.369 , 97 , 16995 , 381 , 2545 , 4475
2880 , 723.087 , 97 , 16995 , 383 , 2630 , 4475
2900 , 746.243 , 97 , 16995 , 385 , 2772 , 4694
2920 , 772.174 , 97 , 16995 , 388 , 2939 , 5040
2940 , 769.008 , 97 , 16995 , 385 , 2929 , 5040
2960 , 780.99 , 97 , 16995 , 389 , 2996 , 5040
2980 , 801.308 , 97 , 16995 , 392 , 3170 , 5040
3000 , 806.337 , 97 , 16995 , 392 , 3185 , 5209
3020 , 813.269 , 97 , 16995 , 392 , 3203 , 5134
3040 , 809.306 , 97 , 16995 , 390 , 3197 , 5134
3060 , 812.337 , 97 , 16995 , 390 , 3216 , 5134
3080 , 808.497 , 97 , 16995 , 388 , 3211 , 5134
3100 , 806.598 , 97 , 16995 , 385 , 3216 , 5134
3120 , 810.769 , 97 , 16995 , 385 , 3236 , 5079
3140 , 821.32 , 97 , 16995 , 387 , 3262 , 5079
3160 , 818.531 , 97 , 16995 , 386 , 3260 , 5079
3180 , 827.618 , 97 , 16995 , 389 , 3262 , 5079
3200 , 843.617 , 97 , 16995 , 392 , 3346 , 5079
3220 , 858.521 , 97 , 16995 , 392 , 3442 , 5223
3240 , 869.416 , 97 , 16995 , 393 , 3470 , 5223
3260 , 868.531 , 97 , 16995 , 393 , 3471 , 5223
3280 , 871.504 , 97 , 16995 , 392 , 3471 , 5223
3300 , 871.996 , 97 , 16995 , 392 , 3482 , 5223
3320 , 883.422 , 97 , 16995 , 393 , 3499 , 5219
3340 , 889.658 , 97 , 16995 , 393 , 3520 , 5219
3360 , 897.468 , 97 , 16995 , 394 , 3520 , 5219
3380 , 909.157 , 97 , 16995 , 395 , 3584 , 5219
3400 , 913.943 , 97 , 16995 , 396 , 3593 , 5219
3420 , 909.627 , 97 , 16995 , 394 , 3592 , 5217
3440 , 911.615 , 97 , 16995 , 395 , 3592 , 5217
3460 , 921.88 , 97 , 16995 , 397 , 3598 , 5217
3480 , 931.991 , 97 , 16995 , 400 , 3611 , 5217
3500 , 937.79 , 97 , 16995 , 400 , 3640 , 5217
3520 , 936.614 , 97 , 16995 , 398 , 3647 , 5212
3540 , 945.945 , 97 , 16995 , 401 , 3674 , 5212
3560 , 942.454 , 97 , 16995 , 398 , 3663 , 5212
3580 , 949.748 , 97 , 16995 , 401 , 3692 , 5212
3600 , 959.326 , 97 , 16995 , 402 , 3757 , 5212
3620 , 955.633 , 97 , 16995 , 400 , 3755 , 5209
3640 , 965.435 , 97 , 16995 , 402 , 3767 , 5209
3660 , 963.786 , 97 , 16995 , 401 , 3767 , 5212
3680 , 974.689 , 97 , 16995 , 402 , 3814 , 5217
3700 , 992.45 , 97 , 16995 , 404 , 3907 , 5333
3720 , 1016.79 , 97 , 16995 , 406 , 4024 , 5640
3740 , 1046.51 , 97 , 16995 , 408 , 4139 , 5976
3760 , 1084.64 , 97 , 16995 , 410 , 4294 , 6885
3780 , 1112.16 , 97 , 16995 , 412 , 4336 , 7451
3800 , 1126.06 , 97 , 16995 , 415 , 4370 , 7451
3820 , 1130.9 , 97 , 16995 , 415 , 4404 , 7382
3840 , 1128.2 , 97 , 16995 , 413 , 4409 , 7382
3860 , 1125.02 , 97 , 16995 , 411 , 4409 , 7382
3880 , 1121.04 , 97 , 16995 , 409 , 4404 , 7382
3900 , 1127.55 , 97 , 16995 , 410 , 4404 , 7382
3920 , 1138.14 , 97 , 16995 , 412 , 4396 , 7313
3940 , 1155.84 , 97 , 16995 , 414 , 4520 , 7313
3960 , 1151.08 , 97 , 16995 , 411 , 4517 , 7313
3980 , 1162.36 , 97 , 16995 , 413 , 4520 , 7313
4000 , 1185.83 , 97 , 16995 , 416 , 4642 , 7313
4020 , 1221.15 , 97 , 16995 , 418 , 4752 , 8147
4040 , 1232.14 , 97 , 16995 , 417 , 4788 , 8386
4060 , 1227.81 , 97 , 16995 , 416 , 4785 , 8386
4080 , 1223.64 , 97 , 16995 , 415 , 4779 , 8386
4100 , 1220.17 , 97 , 16995 , 416 , 4778 , 8386
4120 , 1215.73 , 97 , 16995 , 415 , 4769 , 8349
4140 , 1211.45 , 97 , 16995 , 415 , 4752 , 8349
4160 , 1227.5 , 97 , 16995 , 416 , 4812 , 8349
4180 , 1252.76 , 97 , 16995 , 418 , 5000 , 8386
4200 , 1289.32 , 97 , 16995 , 419 , 5132 , 8962
4220 , 1331.77 , 97 , 16995 , 421 , 5288 , 9776
4240 , 1326.91 , 97 , 16995 , 419 , 5276 , 9776
4260 , 1322.3 , 97 , 16995 , 418 , 5264 , 9776
4280 , 1317.96 , 97 , 16995 , 417 , 5260 , 9776
4300 , 1313.35 , 97 , 16995 , 416 , 5255 , 9776
4320 , 1308.9 , 97 , 16995 , 415 , 5226 , 9721
4340 , 1304.31 , 97 , 16995 , 413 , 5223 , 9721
4360 , 1300.58 , 97 , 16995 , 413 , 5219 , 9721
4380 , 1296.63 , 97 , 16995 , 413 , 5217 , 9721
4400 , 1293.76 , 97 , 16995 , 413 , 5217 , 9721
4420 , 1290.82 , 97 , 16995 , 412 , 5217 , 9710
4440 , 1287.55 , 97 , 16995 , 413 , 5214 , 9710
4460 , 1285.29 , 97 , 16995 , 415 , 5214 , 9710
4480 , 1282.15 , 97 , 16995 , 415 , 5212 , 9710
4500 , 1278.65 , 97 , 16995 , 415 , 5209 , 9710
4520 , 1275.66 , 97 , 16995 , 416 , 5187 , 9592
4540 , 1271.61 , 97 , 16995 , 415 , 5156 , 9592
4560 , 1272.97 , 97 , 16995 , 416 , 5209 , 9592
4580 , 1269.53 , 97 , 16995 , 416 , 5187 , 9592
4600 , 1266.1 , 97 , 16995 , 418 , 5156 , 9592
4620 , 1263.07 , 97 , 16995 , 418 , 5139 , 9563
4640 , 1259.67 , 97 , 16995 , 419 , 5134 , 9563
4660 , 1255.8 , 97 , 16995 , 418 , 5132 , 9563
4680 , 1252.38 , 97 , 16995 , 419 , 5129 , 9563
4700 , 1277.62 , 97 , 16995 , 420 , 5292 , 9563
4720 , 1322.68 , 97 , 16995 , 421 , 5530 , 10808
4740 , 1332.31 , 97 , 18386 , 422 , 5574 , 11167
4760 , 1328.88 , 97 , 18386 , 424 , 5545 , 11167
4780 , 1325.28 , 97 , 18386 , 425 , 5543 , 11167
4800 , 1329.22 , 97 , 18386 , 426 , 5600 , 11167
4820 , 1326.56 , 97 , 18386 , 427 , 5574 , 11020
4840 , 1323.12 , 97 , 18386 , 428 , 5545 , 11020
4860 , 1319.82 , 97 , 18386 , 428 , 5543 , 11020
4880 , 1315.5 , 97 , 18386 , 428 , 5530 , 11020
4900 , 1319.57 , 97 , 18386 , 428 , 5543 , 11020
4920 , 1316.36 , 97 , 18386 , 428 , 5530 , 11014
4940 , 1314.8 , 97 , 18386 , 429 , 5530 , 11014
4960 , 1310.86 , 97 , 18386 , 428 , 5524 , 11014
4980 , 1326.2 , 97 , 18386 , 429 , 5604 , 11014
5000 , 1340.1 , 97 , 18386 , 430 , 5669 , 11014
5020 , 1352.41 , 97 , 18386 , 431 , 5706 , 10808
5040 , 1358.09 , 97 , 18386 , 432 , 5748 , 10808
5060 , 1354.51 , 97 , 18386 , 432 , 5737 , 10808
5080 , 1350.55 , 97 , 18386 , 432 , 5718 , 10808
5100 , 1347 , 97 , 18386 , 432 , 5718 , 10808
5120 , 1343.36 , 97 , 18386 , 432 , 5706 , 10713
5140 , 1339.97 , 97 , 18386 , 432 , 5696 , 10713
5160 , 1335.69 , 97 , 18386 , 431 , 5669 , 10713
5180 , 1348.96 , 97 , 18386 , 432 , 5696 , 10713
5200 , 1356.4 , 97 , 18386 , 432 , 5737 , 10713
5220 , 1352.52 , 97 , 18386 , 431 , 5718 , 10657
5240 , 1358.58 , 97 , 18386 , 431 , 5762 , 10657
5260 , 1363.15 , 97 , 18386 , 432 , 5787 , 10657
5280 , 1360.02 , 97 , 18386 , 433 , 5777 , 10657
5300 , 1356.6 , 97 , 18386 , 433 , 5774 , 10657
5320 , 1353.27 , 97 , 18386 , 433 , 5762 , 10627
5340 , 1356.08 , 97 , 18386 , 432 , 5791 , 10627
5360 , 1354.39 , 97 , 18386 , 432 , 5791 , 10627
5380 , 1351.5 , 97 , 18386 , 431 , 5791 , 10627
5400 , 1365.96 , 97 , 18386 , 432 , 5835 , 10627
5420 , 1395.12 , 97 , 18386 , 434 , 6006 , 10553
5440 , 1438.84 , 97 , 18386 , 435 , 6193 , 11687
5460 , 1496.29 , 97 , 18386 , 436 , 6398 , 12806
5480 , 1567.91 , 97 , 22391 , 437 , 6653 , 13565
5500 , 1652.15 , 97 , 25978 , 439 , 7021 , 16995
5520 , 1737.1 , 97 , 29525 , 440 , 7386 , 18386
5540 , 1795.85 , 97 , 29525 , 441 , 7723 , 21534
5560 , 1792.91 , 97 , 29525 , 440 , 7709 , 21534
5580 , 1800.74 , 97 , 29525 , 441 , 7699 , 21534
5600 , 1810.58 , 97 , 29525 , 442 , 7661 , 21534
5620 , 1818.33 , 97 , 29525 , 443 , 7658 , 21425
5640 , 1835.02 , 97 , 29525 , 444 , 7661 , 21425
5660 , 1832.77 , 97 , 29525 , 443 , 7661 , 21425
5680 , 1827.08 , 97 , 29525 , 442 , 7658 , 21425
5700 , 1822.56 , 97 , 29525 , 443 , 7643 , 21425
5720 , 1817.22 , 97 , 29525 , 442 , 7643 , 21421
5740 , 1812.14 , 97 , 29525 , 441 , 7610 , 21421
5760 , 1809.78 , 97 , 29525 , 441 , 7540 , 21421
5780 , 1810.7 , 97 , 29525 , 442 , 7538 , 21421
5800 , 1806.32 , 97 , 29525 , 443 , 7535 , 21421
5820 , 1801.56 , 97 , 29525 , 442 , 7534 , 21340
5840 , 1796.87 , 97 , 29525 , 442 , 7522 , 21340
5860 , 1806.62 , 97 , 29525 , 443 , 7661 , 21340
5880 , 1802.01 , 97 , 29525 , 443 , 7658 , 21340
20 , 471.45 , 312 , 704 , 479 , 646 , 646
40 , 523.2 , 239 , 985 , 513 , 795 , 857
60 , 541.55 , 239 , 985 , 527 , 793 , 857
80 , 572 , 239 , 1048 , 582 , 799 , 999
100 , 574.73 , 156 , 1048 , 583 , 799 , 999
120 , 562.842 , 156 , 1048 , 561 , 795 , 985
140 , 550.007 , 156 , 1048 , 537 , 793 , 985
160 , 534.337 , 156 , 1048 , 526 , 737 , 985
180 , 559.061 , 156 , 2935 , 527 , 795 , 1048
200 , 564.34 , 156 , 2935 , 533 , 799 , 1048
220 , 545.309 , 156 , 2935 , 525 , 799 , 1041
240 , 530.712 , 156 , 2935 , 516 , 795 , 1041
260 , 516.115 , 156 , 2935 , 501 , 795 , 1041
280 , 512.361 , 156 , 2935 , 495 , 793 , 1041
300 , 509.17 , 156 , 2935 , 493 , 752 , 1041
320 , 504.503 , 156 , 2935 , 489 , 752 , 999
340 , 501.615 , 156 , 2935 , 485 , 747 , 999
360 , 501.997 , 156 , 2935 , 485 , 789 , 1041
380 , 505.858 , 156 , 2935 , 492 , 789 , 1041
400 , 505.97 , 156 , 2935 , 493 , 789 , 1041
420 , 505.098 , 156 , 2935 , 492 , 783 , 999
440 , 503.766 , 156 , 2935 , 492 , 769 , 999
460 , 495.146 , 136 , 2935 , 486 , 760 , 999
480 , 497.417 , 136 , 2935 , 489 , 763 , 999
500 , 501.634 , 136 , 2935 , 492 , 793 , 1041
520 , 495.479 , 136 , 2935 , 487 , 789 , 999
540 , 496.998 , 136 , 2935 , 489 , 789 , 999
560 , 498.243 , 136 , 2935 , 492 , 783 , 999
580 , 501.15 , 136 , 2935 , 495 , 783 , 999
600 , 500.433 , 136 , 2935 , 492 , 783 , 999
620 , 500.539 , 136 , 2935 , 492 , 773 , 985
640 , 499.341 , 136 , 2935 , 492 , 769 , 985
660 , 499.658 , 136 , 2935 , 492 , 783 , 1028
680 , 499.735 , 136 , 2935 , 491 , 783 , 1041
700 , 500.204 , 136 , 2935 , 492 , 783 , 1041
720 , 501.511 , 136 , 2935 , 492 , 773 , 1028
740 , 500.262 , 136 , 2935 , 492 , 769 , 1028
760 , 502.183 , 136 , 2935 , 493 , 773 , 1028
780 , 500.067 , 136 , 2935 , 492 , 769 , 1028
800 , 493.334 , 132 , 2935 , 489 , 766 , 1028
820 , 493.501 , 132 , 2935 , 489 , 766 , 1028
840 , 493.4 , 132 , 2935 , 489 , 763 , 1028
860 , 488.898 , 132 , 2935 , 486 , 760 , 1028
880 , 485.253 , 102 , 2935 , 484 , 763 , 1028
900 , 481.878 , 98 , 2935 , 483 , 766 , 1028
920 , 479.7 , 98 , 2935 , 479 , 769 , 1028
940 , 476.756 , 98 , 2935 , 477 , 783 , 1028
960 , 473.644 , 98 , 2935 , 475 , 789 , 1028
980 , 472.3 , 98 , 2935 , 473 , 795 , 1036
1000 , 470.367 , 98 , 2935 , 472 , 799 , 1037
1020 , 469.01 , 98 , 2935 , 471 , 805 , 1037
1040 , 467.837 , 98 , 2935 , 470 , 810 , 1048
1060 , 466.964 , 98 , 2935 , 469 , 817 , 1051
1080 , 466 , 98 , 2935 , 467 , 829 , 1083
1100 , 469.574 , 98 , 2935 , 467 , 844 , 1147
1120 , 469.864 , 98 , 2935 , 466 , 857 , 1165
1140 , 470.861 , 98 , 2935 , 466 , 874 , 1183
1160 , 469.103 , 98 , 2935 , 463 , 890 , 1189
1180 , 469.892 , 98 , 2935 , 463 , 919 , 1244
1200 , 470.002 , 98 , 2935 , 462 , 934 , 1289
1220 , 476.22 , 98 , 2935 , 463 , 951 , 1327
1240 , 481.428 , 98 , 2935 , 464 , 985 , 1422
1260 , 485.113 , 98 , 2935 , 464 , 1028 , 1461
1280 , 488.935 , 98 , 2935 , 464 , 1037 , 1509
1300 , 492.919 , 98 , 2935 , 465 , 1066 , 1600
1320 , 489.436 , 98 , 2935 , 462 , 1066 , 1588
1340 , 492.122 , 98 , 2935 , 462 , 1083 , 1600
1360 , 498.599 , 98 , 2935 , 463 , 1131 , 1625
1380 , 503.258 , 98 , 2935 , 464 , 1159 , 1646
1400 , 502.136 , 98 , 2935 , 463 , 1155 , 1646
1420 , 501.951 , 98 , 2935 , 463 , 1153 , 1639
1440 , 501.18 , 98 , 2935 , 463 , 1147 , 1639
1460 , 500.121 , 98 , 2935 , 463 , 1142 , 1639
1480 , 503.585 , 98 , 2935 , 463 , 1159 , 1702
1500 , 506.084 , 98 , 2935 , 463 , 1173 , 1709
1520 , 507.747 , 98 , 2935 , 462 , 1183 , 1734
1540 , 510.148 , 98 , 2935 , 462 , 1214 , 1757
1560 , 510.109 , 98 , 2935 , 461 , 1219 , 1777
1580 , 512.415 , 98 , 2935 , 461 , 1248 , 1777
1600 , 514.678 , 98 , 2935 , 462 , 1267 , 1777
1620 , 518.214 , 98 , 2935 , 462 , 1289 , 1760
1640 , 522.003 , 98 , 2935 , 463 , 1300 , 1777
1660 , 530.123 , 98 , 2935 , 464 , 1334 , 1840
1680 , 533.715 , 98 , 2935 , 466 , 1378 , 1840
1700 , 535.148 , 98 , 2935 , 464 , 1402 , 1851
1720 , 531.852 , 98 , 2935 , 462 , 1402 , 1845
1740 , 543.512 , 98 , 2935 , 464 , 1453 , 1908
1760 , 546.154 , 98 , 2935 , 465 , 1457 , 1908
1780 , 546.88 , 98 , 2935 , 463 , 1467 , 1934
1800 , 551.799 , 98 , 2935 , 466 , 1498 , 1939
1820 , 551.859 , 98 , 2935 , 463 , 1509 , 1939
1840 , 557.341 , 98 , 2935 , 466 , 1518 , 1944
1860 , 562.601 , 98 , 2935 , 468 , 1536 , 1950
1880 , 568.058 , 98 , 2935 , 470 , 1552 , 1951
1900 , 571.782 , 98 , 2935 , 471 , 1584 , 1954
1920 , 577.668 , 98 , 2935 , 472 , 1608 , 1974
1940 , 580.667 , 98 , 2935 , 472 , 1613 , 1992
1960 , 591.963 , 98 , 3090 , 474 , 1643 , 2081
1980 , 602.847 , 98 , 3276 , 477 , 1698 , 2191
2000 , 601.817 , 98 , 3276 , 474 , 1698 , 2204
2020 , 599.431 , 98 , 3276 , 472 , 1697 , 2191
2040 , 595.465 , 98 , 3276 , 468 , 1692 , 2191
2060 , 604.056 , 98 , 3276 , 471 , 1716 , 2276
2080 , 615.915 , 98 , 3457 , 474 , 1745 , 2470
2100 , 617.829 , 98 , 3457 , 472 , 1757 , 2520
2120 , 622.296 , 98 , 3457 , 472 , 1777 , 2620
2140 , 628.038 , 98 , 3457 , 473 , 1815 , 2647
2160 , 626.34 , 98 , 3457 , 472 , 1815 , 2647
2180 , 633.111 , 98 , 3457 , 473 , 1838 , 2664
2200 , 632.559 , 98 , 3457 , 472 , 1839 , 2677
2220 , 634.491 , 98 , 3457 , 471 , 1851 , 2677
2240 , 644.55 , 98 , 3457 , 473 , 1874 , 2727
2260 , 657.491 , 98 , 3457 , 476 , 1939 , 2773
2280 , 673.908 , 98 , 3550 , 481 , 2005 , 2865
2300 , 683.073 , 98 , 4040 , 483 , 2047 , 2960
2320 , 681.54 , 98 , 4040 , 483 , 2035 , 2938
2340 , 679.1 , 98 , 4040 , 480 , 2030 , 2938
2360 , 690.741 , 98 , 4040 , 483 , 2093 , 3006
2380 , 700.297 , 98 , 4040 , 484 , 2161 , 3090
2400 , 697.747 , 98 , 4040 , 483 , 2156 , 3090
2420 , 695.79 , 98 , 4040 , 482 , 2147 , 3077
2440 , 694.78 , 98 , 4040 , 482 , 2146 , 3077
2460 , 692.75 , 98 , 4040 , 480 , 2143 , 3077
2480 , 691.227 , 98 , 4040 , 480 , 2143 , 3090
2500 , 688.715 , 98 , 4040 , 478 , 2143 , 3090
2520 , 699.277 , 98 , 4040 , 480 , 2181 , 3090
2540 , 716.952 , 98 , 4057 , 484 , 2287 , 3234
2560 , 740.3 , 98 , 5086 , 486 , 2402 , 3550
2580 , 737.982 , 98 , 5086 , 485 , 2400 , 3550
2600 , 749.28 , 98 , 5086 , 487 , 2447 , 3622
2620 , 747.161 , 98 , 5086 , 486 , 2447 , 3584
2640 , 744.387 , 98 , 5086 , 486 , 2445 , 3584
2660 , 758.78 , 98 , 5086 , 487 , 2520 , 3622
2680 , 779.948 , 98 , 5256 , 489 , 2654 , 3973
2700 , 775.643 , 98 , 5256 , 487 , 2647 , 3973
2720 , 773.365 , 98 , 5256 , 485 , 2654 , 3952
2740 , 779.68 , 98 , 5256 , 486 , 2683 , 3952
2760 , 778.79 , 98 , 5256 , 484 , 2684 , 3952
2780 , 787.088 , 98 , 5256 , 486 , 2727 , 3952
2800 , 784.207 , 98 , 5256 , 485 , 2719 , 3952
2820 , 790.167 , 98 , 5256 , 485 , 2740 , 3983
2840 , 787.411 , 98 , 5256 , 485 , 2734 , 3983
2860 , 785.373 , 98 , 5256 , 484 , 2734 , 3983
2880 , 785.254 , 98 , 5256 , 484 , 2734 , 3983
2900 , 783.316 , 98 , 5256 , 484 , 2734 , 3983
2920 , 780.593 , 98 , 5256 , 482 , 2732 , 3973
2940 , 790.153 , 98 , 5256 , 483 , 2806 , 4040
2960 , 797.64 , 98 , 5256 , 483 , 2863 , 4040
2980 , 796.29 , 98 , 5256 , 482 , 2863 , 4056
3000 , 803.489 , 98 , 5256 , 484 , 2865 , 4056
3020 , 801.39 , 98 , 5256 , 483 , 2863 , 4040
3040 , 798.34 , 98 , 5256 , 482 , 2854 , 4040
3060 , 797.063 , 98 , 5256 , 480 , 2863 , 4040
3080 , 807.909 , 98 , 5256 , 482 , 2889 , 4040
3100 , 807.558 , 98 , 5256 , 480 , 2893 , 4057
3120 , 815.6 , 98 , 5256 , 482 , 2953 , 4056
3140 , 823.059 , 98 , 5256 , 482 , 2978 , 4056
3160 , 819.543 , 98 , 5256 , 480 , 2973 , 4056
3180 , 827.62 , 98 , 5256 , 481 , 3014 , 4056
3200 , 838.808 , 98 , 5256 , 482 , 3084 , 4130
3220 , 853.811 , 98 , 5256 , 484 , 3139 , 4159
3240 , 858.678 , 98 , 6087 , 485 , 3144 , 4181
3260 , 865.255 , 98 , 6087 , 485 , 3224 , 4263
3280 , 865.483 , 98 , 6087 , 484 , 3231 , 4263
3300 , 870.384 , 98 , 6087 , 484 , 3251 , 4263
3320 , 866.947 , 98 , 6087 , 483 , 3242 , 4259
3340 , 863.708 , 98 , 6087 , 482 , 3239 , 4259
3360 , 864.013 , 98 , 6087 , 480 , 3251 , 4280
3380 , 877.108 , 98 , 6087 , 482 , 3276 , 4280
3400 , 897.7 , 98 , 6087 , 484 , 3382 , 4557
3420 , 895.242 , 98 , 6087 , 484 , 3380 , 4537
3440 , 895.209 , 98 , 10396 , 483 , 3380 , 4557
3460 , 912.107 , 98 , 10396 , 485 , 3424 , 4816
3480 , 909.679 , 98 , 10396 , 485 , 3418 , 4816
3500 , 934.484 , 98 , 10396 , 487 , 3505 , 5086
3520 , 973.28 , 98 , 10532 , 489 , 3570 , 5940
3540 , 1031.98 , 98 , 14395 , 491 , 3678 , 7744
3560 , 1034.2 , 98 , 14395 , 490 , 3686 , 7748
3580 , 1031.41 , 98 , 14395 , 490 , 3678 , 7748
3600 , 1028.94 , 98 , 14395 , 491 , 3677 , 7748
3620 , 1040.11 , 98 , 14395 , 492 , 3720 , 7744
3640 , 1038.24 , 98 , 14395 , 494 , 3712 , 7744
3660 , 1035.31 , 98 , 14395 , 495 , 3708 , 7744
3680 , 1057.25 , 98 , 14395 , 496 , 3802 , 7744
3700 , 1106.45 , 98 , 14395 , 498 , 3942 , 9508
3720 , 1123.52 , 98 , 17647 , 499 , 3969 , 9787
3740 , 1128.65 , 98 , 17647 , 500 , 4013 , 9787
3760 , 1126.09 , 98 , 17647 , 500 , 3983 , 9787
3780 , 1209.62 , 98 , 20146 , 501 , 4175 , 11420
3800 , 1319.04 , 98 , 24786 , 503 , 4450 , 15925
3820 , 1388.58 , 98 , 27552 , 504 , 4758 , 17607
3840 , 1429.76 , 98 , 27552 , 507 , 5054 , 17647
3860 , 1473.17 , 98 , 33284 , 508 , 5156 , 19189
3880 , 1489.04 , 98 , 33284 , 511 , 5329 , 19189
3900 , 1505.19 , 98 , 33284 , 513 , 5558 , 19189
3920 , 1537.99 , 98 , 33284 , 516 , 6038 , 19016
3940 , 1574.24 , 98 , 33284 , 516 , 6394 , 19016
3960 , 1569.26 , 98 , 33284 , 517 , 6362 , 19016
3980 , 1591.36 , 98 , 33284 , 519 , 6662 , 19016
4000 , 1585.77 , 98 , 33284 , 518 , 6597 , 19016
4020 , 1597.99 , 98 , 33284 , 521 , 6534 , 18810
4040 , 1628.28 , 98 , 33284 , 522 , 7065 , 18810
4060 , 1679.45 , 98 , 33284 , 524 , 7737 , 18810
4080 , 1734.94 , 98 , 33284 , 526 , 8386 , 18810
4100 , 1765.43 , 98 , 33284 , 527 , 8629 , 18810
4120 , 1812.19 , 98 , 33284 , 529 , 9134 , 18565
4140 , 1835.43 , 98 , 33284 , 529 , 9355 , 18565
4160 , 1855.71 , 98 , 33284 , 531 , 9281 , 18565
4180 , 1854.76 , 98 , 33284 , 530 , 9355 , 18565
4200 , 1862.27 , 98 , 33284 , 530 , 9395 , 18565
4220 , 1855.15 , 98 , 33284 , 529 , 9394 , 18296
4240 , 1878.93 , 98 , 33284 , 531 , 9381 , 18296
4260 , 1927.54 , 98 , 33284 , 531 , 9911 , 18296
4280 , 1978.85 , 98 , 33284 , 533 , 10396 , 18296
4300 , 1992.2 , 98 , 33284 , 536 , 10370 , 18296
4320 , 2005.98 , 98 , 33284 , 536 , 10424 , 17962
4340 , 2022.11 , 98 , 33284 , 539 , 10422 , 17962
4360 , 2049.56 , 98 , 33284 , 540 , 10557 , 17962
4380 , 2057.94 , 98 , 33284 , 541 , 10633 , 17962
4400 , 2050.68 , 98 , 33284 , 541 , 10613 , 17962
4420 , 2075.02 , 98 , 33284 , 542 , 10601 , 17859
4440 , 2072.32 , 98 , 33284 , 542 , 10601 , 17859
4460 , 2069.97 , 98 , 33284 , 542 , 10565 , 17859
4480 , 2063.02 , 98 , 33284 , 542 , 10557 , 17859
4500 , 2074.43 , 98 , 33284 , 542 , 10548 , 17859
4520 , 2081.16 , 98 , 33284 , 543 , 10532 , 17792
4540 , 2074.05 , 98 , 33284 , 542 , 10521 , 17792
4560 , 2090.92 , 98 , 33284 , 545 , 10519 , 17792
4580 , 2144.21 , 98 , 33284 , 546 , 10835 , 17792
4600 , 2199.51 , 98 , 33284 , 548 , 11158 , 19016
4620 , 2191.71 , 98 , 33284 , 546 , 11139 , 18862
4640 , 2194.77 , 98 , 33284 , 546 , 11115 , 18862
4660 , 2204.01 , 98 , 33284 , 546 , 11158 , 18862
4680 , 2222.36 , 98 , 33284 , 548 , 11139 , 18862
4700 , 2267.37 , 98 , 33284 , 550 , 11420 , 18862
4720 , 2270.61 , 98 , 33284 , 551 , 11463 , 18862
4740 , 2263.51 , 98 , 33284 , 551 , 11420 , 18862
4760 , 2256.28 , 98 , 33284 , 551 , 11410 , 18862
4780 , 2248.84 , 98 , 33284 , 550 , 11386 , 18862
4800 , 2241.11 , 98 , 33284 , 549 , 11382 , 18862
4820 , 2233.09 , 98 , 33284 , 547 , 11374 , 18810
4840 , 2233.16 , 98 , 33284 , 546 , 11331 , 18810
4860 , 2234.08 , 98 , 33284 , 546 , 11319 , 18810
4880 , 2247.27 , 98 , 33284 , 547 , 11310 , 18810
4900 , 2285.41 , 98 , 33284 , 549 , 11536 , 18810
4920 , 2336.2 , 98 , 33284 , 551 , 11752 , 19162
4940 , 2358.29 , 98 , 33284 , 552 , 11865 , 19162
4960 , 2369.77 , 98 , 33284 , 554 , 11859 , 19162
4980 , 2361.93 , 98 , 33284 , 553 , 11837 , 19162
5000 , 2362.78 , 98 , 33284 , 552 , 11804 , 19162
5020 , 2355.34 , 98 , 33284 , 551 , 11771 , 19058
5040 , 2350.23 , 98 , 33284 , 550 , 11757 , 19058
5060 , 2356.66 , 98 , 33284 , 550 , 11755 , 19058
5080 , 2370.89 , 98 , 33284 , 552 , 11755 , 19058
5100 , 2379.12 , 98 , 33284 , 552 , 11752 , 19058
5120 , 2373.2 , 98 , 33284 , 551 , 11749 , 19016
5140 , 2387.52 , 98 , 33284 , 553 , 11740 , 19016
5160 , 2418.51 , 98 , 33284 , 555 , 11740 , 19016
5180 , 2466.69 , 98 , 33284 , 556 , 11984 , 19016
5200 , 2526.93 , 98 , 33284 , 557 , 12335 , 19492
5220 , 2519.98 , 98 , 33284 , 556 , 12320 , 19473
5240 , 2518.81 , 98 , 33284 , 556 , 12308 , 19473
5260 , 2515.68 , 98 , 33284 , 555 , 12303 , 19473
5280 , 2508.35 , 98 , 33284 , 554 , 12302 , 19473
5300 , 2513.56 , 98 , 33284 , 555 , 12286 , 19473
5320 , 2535.87 , 98 , 33284 , 556 , 12280 , 19464
5340 , 2572.97 , 98 , 33284 , 558 , 12447 , 19464
5360 , 2605.46 , 98 , 33284 , 559 , 12628 , 19464
5380 , 2619.97 , 98 , 33284 , 561 , 12624 , 19464
5400 , 2642.63 , 98 , 33284 , 562 , 12722 , 19464
5420 , 2666.22 , 98 , 33284 , 564 , 12697 , 19353
5440 , 2712.22 , 98 , 33284 , 565 , 12956 , 19353
5460 , 2789.38 , 98 , 33284 , 567 , 13303 , 20146
5480 , 2893.3 , 98 , 33284 , 570 , 13769 , 23369
5500 , 3014.48 , 98 , 37741 , 571 , 14150 , 24786
5520 , 3149.14 , 98 , 42216 , 573 , 14602 , 30992
5540 , 3260.51 , 98 , 42277 , 574 , 14874 , 32919
5560 , 3302 , 98 , 42277 , 575 , 15184 , 32919
5580 , 3298.82 , 98 , 42277 , 575 , 15141 , 32919
5600 , 3288.64 , 98 , 42277 , 574 , 15103 , 32919
5620 , 3278.6 , 98 , 42277 , 573 , 15098 , 32822
5640 , 3268.5 , 98 , 42277 , 572 , 15093 , 32822
5660 , 3258.4 , 98 , 42277 , 570 , 15067 , 32822
5680 , 3248.76 , 98 , 42277 , 570 , 15056 , 32822
5700 , 3242.7 , 98 , 42277 , 570 , 14997 , 32822
5720 , 3233.04 , 98 , 42277 , 569 , 14986 , 32712
5740 , 3223 , 98 , 42277 , 567 , 14961 , 32712
5760 , 3213.21 , 98 , 42277 , 566 , 14942 , 32712
5780 , 3211.04 , 98 , 42277 , 566 , 14919 , 32712
5800 , 3201.44 , 98 , 42277 , 565 , 14913 , 32712
5820 , 3192.05 , 98 , 42277 , 564 , 14874 , 32577
5840 , 3182.89 , 98 , 42277 , 564 , 14844 , 32577
5860 , 3174.79 , 98 , 42277 , 564 , 14843 , 32577
5880 , 3165.59 , 98 , 42277 , 562 , 14828 , 32577
5900 , 3176.13 , 98 , 42277 , 564 , 14825 , 32577
5920 , 3203.97 , 98 , 42277 , 566 , 14785 , 32427
5940 , 3210.57 , 98 , 42277 , 565 , 14828 , 32427
5960 , 3200.72 , 98 , 42277 , 564 , 14825 , 32427
5980 , 3210.5 , 98 , 42277 , 565 , 14785 , 32427
6000 , 3237.27 , 98 , 42277 , 566 , 14777 , 32427
6020 , 3268.34 , 98 , 42277 , 568 , 14986 , 32279
6040 , 3277.8 , 98 , 42277 , 570 , 14961 , 32279
6060 , 3305.25 , 98 , 42277 , 571 , 14942 , 32279
6080 , 3349.96 , 98 , 42277 , 573 , 15343 , 32279
6100 , 3409.29 , 98 , 42277 , 574 , 15806 , 32279
6120 , 3454.44 , 98 , 42277 , 574 , 16132 , 32272
6140 , 3464.51 , 98 , 42277 , 576 , 16100 , 32272
6160 , 3454.79 , 98 , 42277 , 575 , 16068 , 32272
6180 , 3446.66 , 98 , 42277 , 574 , 16002 , 32272
6200 , 3455.08 , 98 , 42277 , 574 , 15981 , 32272
6220 , 3445.37 , 98 , 42277 , 573 , 15971 , 32102
6240 , 3436.22 , 98 , 42277 , 572 , 15959 , 32102
6260 , 3441.53 , 98 , 42277 , 573 , 15934 , 32102
6280 , 3453.36 , 98 , 42277 , 574 , 15925 , 32102
6300 , 3459.67 , 98 , 42277 , 575 , 15887 , 32102
6320 , 3450.35 , 98 , 42277 , 574 , 15849 , 31934
6340 , 3441.41 , 98 , 42277 , 574 , 15836 , 31934
6360 , 3443.2 , 98 , 42277 , 574 , 15806 , 31934
6380 , 3434.47 , 98 , 42277 , 572 , 15762 , 31934
6400 , 3424.93 , 98 , 42277 , 571 , 15740 , 31934
6420 , 3416.17 , 98 , 42277 , 571 , 15668 , 31802
6440 , 3407 , 98 , 42277 , 570 , 15661 , 31802
6460 , 3398.7 , 98 , 42277 , 569 , 15637 , 31802
6480 , 3391.01 , 98 , 42277 , 568 , 15634 , 31802
6500 , 3406.28 , 98 , 42277 , 568 , 15602 , 31802
6520 , 3396.63 , 98 , 42277 , 567 , 15598 , 31696
6540 , 3388.66 , 98 , 42277 , 566 , 15541 , 31696
6560 , 3396.34 , 98 , 42277 , 566 , 15519 , 31696
6580 , 3387.24 , 98 , 42277 , 565 , 15515 , 31696
6600 , 3379.81 , 98 , 42277 , 564 , 15478 , 31696
6620 , 3380.08 , 98 , 42277 , 564 , 15458 , 31609
6640 , 3371.43 , 98 , 42277 , 563 , 15446 , 31609
6660 , 3377.38 , 98 , 42277 , 564 , 15442 , 31609
6680 , 3371.63 , 98 , 42277 , 563 , 15442 , 31609
6700 , 3363.38 , 98 , 42277 , 563 , 15416 , 31609
6720 , 3355.65 , 98 , 42277 , 562 , 15410 , 31482
6740 , 3356.5 , 98 , 42277 , 562 , 15388 , 31482
6760 , 3350.61 , 98 , 42277 , 561 , 15343 , 31482
6780 , 3366.62 , 98 , 42277 , 563 , 15337 , 31482
6800 , 3397.75 , 98 , 42277 , 565 , 15371 , 31482
6820 , 3423.03 , 98 , 42277 , 565 , 15528 , 31331
6840 , 3414.47 , 98 , 42277 , 564 , 15519 , 31331
6860 , 3405.91 , 98 , 42277 , 563 , 15515 , 31331
6880 , 3398.97 , 98 , 42277 , 563 , 15478 , 31331
6900 , 3390.77 , 98 , 42277 , 562 , 15458 , 31331
6920 , 3394.31 , 98 , 42277 , 563 , 15446 , 31165
6940 , 3386.8 , 98 , 42277 , 562 , 15442 , 31165
6960 , 3397.69 , 98 , 42277 , 563 , 15416 , 31165
6980 , 3389.76 , 98 , 42277 , 562 , 15410 , 31165
7000 , 3401.38 , 98 , 42277 , 564 , 15388 , 31165
7020 , 3426.03 , 98 , 42277 , 565 , 15371 , 30992
7040 , 3442.84 , 98 , 42277 , 566 , 15343 , 30992
7060 , 3448.87 , 98 , 42277 , 566 , 15337 , 30992
7080 , 3441.74 , 98 , 42277 , 566 , 15315 , 30992
7100 , 3433.43 , 98 , 42277 , 566 , 15305 , 30992
20 , 382.6 , 133 , 724 , 383 , 566 , 566
40 , 462 , 133 , 769 , 453 , 705 , 724
60 , 396.267 , 133 , 769 , 385 , 696 , 724
80 , 344.3 , 133 , 769 , 326 , 675 , 724
100 , 304.11 , 116 , 769 , 252 , 662 , 724
120 , 310.425 , 116 , 1742 , 255 , 662 , 724
140 , 331.007 , 116 , 1742 , 307 , 666 , 724
160 , 352.281 , 116 , 1742 , 326 , 674 , 745
180 , 378.65 , 116 , 1742 , 355 , 696 , 769
200 , 424.195 , 116 , 2852 , 385 , 724 , 1922
220 , 445.032 , 116 , 2852 , 420 , 773 , 1742
240 , 464.767 , 116 , 2852 , 446 , 815 , 1742
260 , 472.685 , 116 , 2852 , 457 , 815 , 1742
280 , 471.782 , 116 , 2852 , 460 , 798 , 1742
300 , 466.347 , 116 , 2852 , 453 , 776 , 1742
320 , 454.047 , 116 , 2852 , 439 , 776 , 1277
340 , 440.632 , 116 , 2852 , 425 , 773 , 1277
360 , 433.606 , 116 , 2852 , 413 , 769 , 1277
380 , 423.795 , 116 , 2852 , 400 , 763 , 1277
400 , 419.048 , 116 , 2852 , 385 , 757 , 1277
420 , 419.138 , 116 , 2852 , 391 , 752 , 1051
440 , 419.718 , 116 , 2852 , 394 , 752 , 1051
460 , 416.304 , 116 , 2852 , 393 , 749 , 1051
480 , 415.733 , 116 , 2852 , 394 , 745 , 1051
500 , 408.61 , 116 , 2852 , 384 , 737 , 1051
520 , 405.9 , 116 , 2852 , 382 , 724 , 860
540 , 402.511 , 116 , 2852 , 381 , 719 , 860
560 , 396.634 , 93 , 2852 , 372 , 719 , 860
580 , 390.179 , 93 , 2852 , 365 , 718 , 860
600 , 384.642 , 93 , 2852 , 361 , 717 , 860
620 , 381.171 , 93 , 2852 , 357 , 711 , 851
640 , 380.609 , 93 , 2852 , 355 , 711 , 851
660 , 380.535 , 93 , 2852 , 361 , 705 , 851
680 , 382.496 , 93 , 2852 , 364 , 703 , 851
700 , 381.636 , 93 , 2852 , 364 , 696 , 851
720 , 384.511 , 93 , 2852 , 369 , 696 , 851
740 , 386.472 , 93 , 2852 , 373 , 696 , 851
760 , 387.888 , 93 , 2852 , 378 , 696 , 851
780 , 388.314 , 93 , 2852 , 379 , 696 , 851
800 , 389.236 , 93 , 2852 , 381 , 684 , 851
820 , 389.551 , 93 , 2852 , 385 , 684 , 834
840 , 389.869 , 93 , 2852 , 386 , 684 , 834
860 , 391.845 , 93 , 2852 , 389 , 684 , 851
880 , 393.164 , 93 , 2852 , 391 , 681 , 851
900 , 393.743 , 93 , 2852 , 392 , 679 , 851
920 , 395 , 93 , 2852 , 393 , 679 , 851
940 , 394.923 , 93 , 2852 , 393 , 678 , 851
960 , 395.795 , 93 , 2852 , 395 , 678 , 851
980 , 396.397 , 93 , 2852 , 396 , 678 , 851
1000 , 396.299 , 93 , 2852 , 397 , 676 , 851
1020 , 397.46 , 93 , 2852 , 397 , 676 , 851
1040 , 396.452 , 93 , 2852 , 394 , 675 , 851
1060 , 396.625 , 93 , 2852 , 394 , 675 , 851
1080 , 397.162 , 93 , 2852 , 394 , 675 , 860
1100 , 397.794 , 93 , 2852 , 395 , 675 , 935
1120 , 398.528 , 93 , 2852 , 397 , 675 , 860
1140 , 399.342 , 93 , 2852 , 399 , 674 , 860
1160 , 399.962 , 93 , 2852 , 399 , 669 , 860
1180 , 400.729 , 93 , 2852 , 401 , 669 , 860
1200 , 401.675 , 93 , 2852 , 402 , 667 , 860
1220 , 402.366 , 93 , 2852 , 403 , 667 , 851
1240 , 402.906 , 93 , 2852 , 403 , 667 , 860
1260 , 403.271 , 93 , 2852 , 403 , 666 , 860
1280 , 403.561 , 93 , 2852 , 404 , 666 , 860
1300 , 403.624 , 93 , 2852 , 404 , 665 , 860
1320 , 404.628 , 93 , 2852 , 404 , 665 , 851
1340 , 405.863 , 93 , 2852 , 405 , 665 , 860
1360 , 406.411 , 93 , 2852 , 405 , 665 , 860
1380 , 406.538 , 93 , 2852 , 406 , 664 , 860
1400 , 405.689 , 93 , 2852 , 405 , 662 , 860
1420 , 405.877 , 93 , 2852 , 405 , 662 , 851
1440 , 406.446 , 93 , 2852 , 406 , 660 , 851
1460 , 406.277 , 93 , 2852 , 405 , 657 , 851
1480 , 406.132 , 93 , 2852 , 405 , 656 , 851
1500 , 406.667 , 93 , 2852 , 406 , 655 , 851
1520 , 407.029 , 93 , 2852 , 406 , 654 , 841
1540 , 406.861 , 93 , 2852 , 406 , 654 , 841
1560 , 406.719 , 93 , 2852 , 406 , 654 , 841
1580 , 406.154 , 93 , 2852 , 404 , 652 , 841
1600 , 406.272 , 93 , 2852 , 404 , 651 , 841
1620 , 407.058 , 93 , 2852 , 405 , 651 , 835
1640 , 407.162 , 93 , 2852 , 405 , 650 , 835
1660 , 407.625 , 93 , 2852 , 406 , 649 , 835
1680 , 408.131 , 93 , 2852 , 407 , 646 , 835
1700 , 409.958 , 93 , 2852 , 407 , 649 , 851
1720 , 409.998 , 93 , 2852 , 408 , 649 , 841
1740 , 410.284 , 93 , 2852 , 408 , 646 , 841
1760 , 410.879 , 93 , 2852 , 409 , 649 , 851
1780 , 411.875 , 93 , 2852 , 410 , 650 , 860
1800 , 412.125 , 93 , 2852 , 410 , 651 , 935
1820 , 412.106 , 93 , 2852 , 410 , 650 , 860
1840 , 412.08 , 93 , 2852 , 410 , 649 , 860
1860 , 410.87 , 93 , 2852 , 409 , 646 , 860
1880 , 416.983 , 93 , 2852 , 410 , 654 , 1051
1900 , 416.417 , 93 , 2852 , 409 , 654 , 1059
1920 , 424.156 , 93 , 2852 , 410 , 669 , 1511
1940 , 421.731 , 93 , 2852 , 408 , 669 , 1511
1960 , 428.866 , 93 , 2852 , 409 , 684 , 1691
1980 , 426.848 , 93 , 2852 , 408 , 684 , 1691
2000 , 432.86 , 93 , 2852 , 408 , 711 , 1742
2020 , 441.672 , 93 , 2852 , 410 , 757 , 1841
2040 , 441.883 , 93 , 2852 , 409 , 763 , 1897
2060 , 449.475 , 93 , 2852 , 410 , 828 , 1945
2080 , 456.776 , 93 , 2852 , 410 , 863 , 2094
2100 , 466.457 , 93 , 2862 , 411 , 1024 , 2128
2120 , 476.603 , 93 , 2862 , 412 , 1165 , 2220
2140 , 477.305 , 93 , 2862 , 413 , 1165 , 2236
2160 , 481.679 , 93 , 6878 , 412 , 1170 , 2252
2180 , 480.893 , 93 , 6878 , 412 , 1165 , 2252
2200 , 480.035 , 93 , 6878 , 412 , 1156 , 2252
2220 , 479.17 , 93 , 6878 , 412 , 1149 , 2236
2240 , 478.529 , 93 , 6878 , 411 , 1105 , 2236
2260 , 478.565 , 93 , 6878 , 411 , 1105 , 2252
2280 , 488.521 , 93 , 6878 , 412 , 1276 , 2338
2300 , 499.412 , 93 , 6878 , 414 , 1398 , 2507
2320 , 498.562 , 93 , 6878 , 414 , 1387 , 2501
2340 , 497.199 , 93 , 6878 , 413 , 1383 , 2501
2360 , 496.499 , 93 , 6878 , 413 , 1371 , 2501
2380 , 509.108 , 93 , 6878 , 415 , 1511 , 2606
2400 , 514.482 , 93 , 6878 , 416 , 1569 , 2685
2420 , 513.537 , 93 , 6878 , 415 , 1553 , 2674
2440 , 512.032 , 93 , 6878 , 415 , 1539 , 2674
2460 , 511.268 , 93 , 6878 , 415 , 1535 , 2674
2480 , 511.648 , 93 , 6878 , 415 , 1535 , 2685
2500 , 511.117 , 93 , 6878 , 415 , 1511 , 2685
2520 , 510.104 , 93 , 6878 , 414 , 1507 , 2674
2540 , 508.578 , 93 , 6878 , 413 , 1499 , 2674
2560 , 512.416 , 93 , 6878 , 412 , 1553 , 2758
2580 , 515.162 , 93 , 6878 , 412 , 1589 , 2758
2600 , 516.009 , 93 , 6878 , 411 , 1612 , 2758
2620 , 527.111 , 93 , 6878 , 412 , 1740 , 2802
2640 , 534.705 , 93 , 6878 , 414 , 1781 , 2881
2660 , 534.049 , 93 , 6878 , 414 , 1777 , 2881
2680 , 532.862 , 93 , 6878 , 414 , 1776 , 2881
2700 , 532.276 , 93 , 6878 , 414 , 1765 , 2881
2720 , 532.008 , 93 , 6878 , 416 , 1765 , 2866
2740 , 531.28 , 93 , 6878 , 416 , 1742 , 2866
2760 , 530.132 , 93 , 6878 , 415 , 1740 , 2866
2780 , 529.369 , 93 , 6878 , 415 , 1713 , 2866
2800 , 529.108 , 93 , 6878 , 416 , 1700 , 2866
2820 , 528.202 , 93 , 6878 , 415 , 1695 , 2862
2840 , 527.63 , 93 , 6878 , 416 , 1691 , 2862
2860 , 527.313 , 93 , 6878 , 416 , 1687 , 2862
2880 , 540.707 , 93 , 6878 , 417 , 1798 , 3005
2900 , 549.638 , 93 , 6878 , 418 , 1868 , 3145
2920 , 550.925 , 93 , 6878 , 419 , 1868 , 3145
2940 , 551.077 , 93 , 6878 , 419 , 1865 , 3145
2960 , 550.965 , 93 , 6878 , 420 , 1850 , 3145
2980 , 552.701 , 93 , 6878 , 421 , 1850 , 3182
3000 , 553.037 , 93 , 6878 , 421 , 1841 , 3182
3020 , 553.82 , 93 , 6878 , 423 , 1832 , 3145
3040 , 555.231 , 93 , 6878 , 424 , 1832 , 3145
3060 , 554.982 , 93 , 6878 , 425 , 1806 , 3145
3080 , 555.061 , 93 , 6878 , 425 , 1805 , 3145
3100 , 557.016 , 93 , 6878 , 426 , 1805 , 3182
3120 , 557.658 , 93 , 6878 , 426 , 1798 , 3145
3140 , 558.593 , 93 , 6878 , 427 , 1797 , 3145
3160 , 561.023 , 93 , 8375 , 428 , 1797 , 3182
3180 , 560.136 , 93 , 8375 , 428 , 1781 , 3182
3200 , 585.318 , 93 , 8375 , 428 , 1936 , 3667
3220 , 627.735 , 93 , 9610 , 430 , 2094 , 4753
3240 , 691.017 , 93 , 13181 , 431 , 2236 , 6763
3260 , 693.795 , 93 , 13181 , 431 , 2252 , 6878
3280 , 699.151 , 93 , 13181 , 432 , 2264 , 7248
3300 , 707.734 , 93 , 13181 , 432 , 2305 , 7865
3320 , 742.595 , 93 , 13181 , 433 , 2512 , 8375
3340 , 777.556 , 93 , 13181 , 434 , 2632 , 9044
3360 , 777.648 , 93 , 13181 , 435 , 2632 , 9044
3380 , 780.819 , 93 , 13181 , 436 , 2646 , 9044
3400 , 783.819 , 93 , 13181 , 437 , 2646 , 9171
3420 , 783.71 , 93 , 13181 , 437 , 2646 , 9044
3440 , 781.8 , 93 , 13181 , 437 , 2632 , 9044
3460 , 780.618 , 93 , 13181 , 437 , 2629 , 9044
3480 , 779.109 , 93 , 13181 , 438 , 2621 , 9044
3500 , 780.089 , 93 , 13181 , 437 , 2629 , 9044
3520 , 780.38 , 93 , 13181 , 438 , 2629 , 9035
3540 , 778.394 , 93 , 13181 , 438 , 2621 , 9035
3560 , 777.31 , 93 , 13181 , 439 , 2611 , 9035
3580 , 778.132 , 93 , 13181 , 439 , 2611 , 9035
3600 , 776.863 , 93 , 13181 , 440 , 2606 , 9035
3620 , 777.694 , 93 , 13181 , 440 , 2611 , 8995
3640 , 775.329 , 93 , 13181 , 440 , 2606 , 8995
3660 , 775.6 , 93 , 13181 , 441 , 2611 , 8995
3680 , 774.011 , 93 , 13181 , 441 , 2606 , 8995
3700 , 773.312 , 93 , 13181 , 442 , 2597 , 8995
3720 , 773.165 , 93 , 13181 , 442 , 2597 , 8939
3740 , 773.409 , 93 , 13181 , 442 , 2597 , 8939
3760 , 772.601 , 93 , 13181 , 444 , 2575 , 8939
3780 , 773.351 , 93 , 13181 , 444 , 2575 , 8939
3800 , 772.709 , 93 , 13181 , 445 , 2575 , 8939
3820 , 770.918 , 93 , 13181 , 444 , 2571 , 8839
3840 , 768.943 , 93 , 13181 , 444 , 2571 , 8839
3860 , 769.165 , 93 , 13181 , 443 , 2571 , 8839
3880 , 767.454 , 93 , 13181 , 443 , 2571 , 8839
3900 , 765.552 , 93 , 13181 , 443 , 2570 , 8839
3920 , 763.898 , 93 , 13181 , 443 , 2551 , 8790
3940 , 779.565 , 93 , 13181 , 444 , 2737 , 8790
3960 , 777.709 , 93 , 13181 , 443 , 2736 , 8790
3980 , 775.863 , 93 , 13181 , 443 , 2716 , 8790
4000 , 774.699 , 93 , 13181 , 443 , 2685 , 8790
4020 , 772.728 , 93 , 13181 , 442 , 2674 , 8782
4040 , 771.223 , 93 , 13181 , 443 , 2671 , 8782
4060 , 774.581 , 93 , 13181 , 444 , 2674 , 8790
4080 , 773.23 , 93 , 13181 , 444 , 2671 , 8790
4100 , 772.051 , 93 , 13181 , 445 , 2667 , 8790
4120 , 771.027 , 93 , 13181 , 444 , 2667 , 8782
4140 , 768.767 , 93 , 13181 , 444 , 2646 , 8782
4160 , 777.176 , 93 , 13181 , 445 , 2716 , 8782
4180 , 775.459 , 93 , 13181 , 444 , 2685 , 8782
4200 , 773.515 , 93 , 13181 , 444 , 2674 , 8782
4220 , 772.124 , 93 , 13181 , 444 , 2671 , 8711
4240 , 770.2 , 93 , 13181 , 443 , 2667 , 8711
4260 , 769.941 , 93 , 13181 , 442 , 2667 , 8711
4280 , 770.213 , 93 , 13181 , 442 , 2671 , 8711
4300 , 769.033 , 93 , 13181 , 442 , 2671 , 8711
4320 , 769.557 , 93 , 13181 , 442 , 2671 , 8574
4340 , 801.972 , 93 , 13181 , 443 , 2881 , 8995
4360 , 855.668 , 93 , 15088 , 444 , 3182 , 9948
4380 , 854.305 , 93 , 15088 , 444 , 3173 , 9948
4400 , 852.595 , 93 , 15088 , 444 , 3145 , 9948
4420 , 855.522 , 93 , 15088 , 444 , 3173 , 10027
4440 , 860.128 , 93 , 15088 , 444 , 3212 , 10027
4460 , 858.128 , 93 , 15088 , 444 , 3194 , 10027
4480 , 873.074 , 93 , 15088 , 444 , 3323 , 10027
4500 , 871.57 , 93 , 15088 , 444 , 3317 , 10027
4520 , 869.286 , 93 , 15088 , 444 , 3303 , 9948
4540 , 906.491 , 93 , 15088 , 444 , 3667 , 10500
4560 , 961.592 , 93 , 16402 , 445 , 4075 , 11513
4580 , 1020.17 , 93 , 17190 , 445 , 4736 , 12615
4600 , 1078.59 , 93 , 18855 , 446 , 5608 , 13175
4620 , 1120.85 , 93 , 19229 , 447 , 5982 , 13650
4640 , 1138.46 , 93 , 19229 , 447 , 6160 , 13650
4660 , 1167 , 93 , 19229 , 447 , 6714 , 13650
4680 , 1213.76 , 93 , 19229 , 448 , 7215 , 13704
4700 , 1289.98 , 93 , 20763 , 449 , 7672 , 15273
4720 , 1318.28 , 93 , 28357 , 449 , 7869 , 15986
4740 , 1341.32 , 93 , 28357 , 450 , 8044 , 15986
4760 , 1377.04 , 93 , 28357 , 451 , 8502 , 15986
4780 , 1430.26 , 93 , 28357 , 452 , 8939 , 15986
4800 , 1509.05 , 93 , 28357 , 453 , 9390 , 18573
4820 , 1558.93 , 93 , 28357 , 454 , 10027 , 18505
4840 , 1609.57 , 93 , 28357 , 455 , 10749 , 18505
4860 , 1660.36 , 93 , 28357 , 455 , 11140 , 18912
4880 , 1658.9 , 93 , 28357 , 455 , 11140 , 18912
4900 , 1653.64 , 93 , 28357 , 455 , 11108 , 18912
4920 , 1664.27 , 93 , 28357 , 455 , 11092 , 18855
4940 , 1659 , 93 , 28357 , 455 , 11066 , 18855
4960 , 1653.93 , 93 , 28357 , 454 , 11025 , 18855
4980 , 1650.25 , 93 , 28357 , 454 , 11014 , 18855
5000 , 1645.3 , 93 , 28357 , 454 , 11000 , 18855
5020 , 1640.77 , 93 , 28357 , 453 , 10986 , 18853
5040 , 1636.2 , 93 , 28357 , 453 , 10937 , 18853
5060 , 1631.74 , 93 , 28357 , 453 , 10923 , 18853
5080 , 1627.87 , 93 , 28357 , 453 , 10848 , 18853
5100 , 1631.63 , 93 , 28357 , 453 , 10937 , 18853
5120 , 1659.02 , 93 , 28357 , 454 , 10923 , 18753
5140 , 1711.94 , 93 , 28357 , 455 , 11369 , 18855
5160 , 1792.28 , 93 , 28357 , 456 , 11732 , 19720
5180 , 1894.04 , 93 , 30729 , 456 , 12223 , 20792
5200 , 2011.21 , 93 , 34759 , 457 , 12702 , 22990
5220 , 2146.02 , 93 , 39384 , 458 , 13002 , 28060
5240 , 2292.97 , 93 , 42869 , 458 , 13409 , 31445
5260 , 2453.83 , 93 , 46888 , 459 , 13960 , 36551
5280 , 2633.38 , 93 , 51900 , 459 , 14627 , 39743
5300 , 2835.17 , 93 , 57911 , 460 , 15410 , 43822
5320 , 3057.63 , 93 , 63841 , 461 , 16247 , 49344
5340 , 3302.17 , 93 , 70357 , 462 , 18119 , 55648
5360 , 3564.38 , 93 , 75526 , 463 , 19007 , 61291
5380 , 3841.32 , 93 , 80152 , 464 , 19843 , 67645
5400 , 4134.64 , 93 , 84798 , 465 , 20915 , 72781
5420 , 4437.06 , 93 , 91062 , 465 , 23154 , 77064
5440 , 4740.36 , 93 , 91614 , 467 , 28162 , 80475
5460 , 5044.61 , 93 , 91614 , 467 , 31445 , 82951
5480 , 5101.38 , 93 , 91614 , 468 , 32552 , 83218
5500 , 5088.49 , 93 , 91614 , 468 , 32353 , 83218
5520 , 5071.15 , 93 , 91614 , 467 , 31995 , 83082
5540 , 5071.56 , 93 , 91614 , 468 , 31713 , 83082
5560 , 5056.7 , 93 , 91614 , 468 , 31445 , 83082
5580 , 5040.51 , 93 , 91614 , 468 , 31240 , 83082
5600 , 5024.78 , 93 , 91614 , 467 , 31044 , 83082
5620 , 5009.68 , 93 , 91614 , 467 , 30842 , 82951
5640 , 4995.67 , 93 , 91614 , 467 , 30729 , 82951
5660 , 4980.02 , 93 , 91614 , 466 , 30630 , 82951
5680 , 4963.9 , 93 , 91614 , 466 , 30543 , 82951
5700 , 4947.6 , 93 , 91614 , 465 , 30427 , 82951
5720 , 4932.3 , 93 , 91614 , 464 , 30331 , 82818
5740 , 4916.46 , 93 , 91614 , 464 , 30133 , 82818
5760 , 4900.68 , 93 , 91614 , 463 , 29924 , 82818
5780 , 4887.9 , 93 , 91614 , 462 , 29738 , 82818
5800 , 4872.84 , 93 , 91614 , 462 , 29499 , 82818
5820 , 4858.07 , 93 , 91614 , 462 , 29204 , 82681
5840 , 4845.14 , 93 , 91614 , 462 , 28921 , 82681
5860 , 4832.17 , 93 , 91614 , 462 , 28639 , 82681
5880 , 4817.87 , 93 , 91614 , 461 , 28379 , 82681
5900 , 4805.9 , 93 , 91614 , 462 , 28357 , 82681
5920 , 4798.9 , 93 , 91614 , 461 , 28263 , 82559
5940 , 4784.93 , 93 , 91614 , 461 , 28162 , 82559
5960 , 4772.11 , 93 , 91614 , 461 , 28060 , 82559
5980 , 4757.87 , 93 , 91614 , 461 , 28023 , 82559
6000 , 4746.97 , 93 , 91614 , 461 , 27778 , 82559
6020 , 4732.25 , 93 , 91614 , 461 , 27526 , 82548
6040 , 4721.45 , 93 , 91614 , 460 , 27507 , 82548
6060 , 4718.71 , 93 , 91614 , 461 , 27116 , 82548
6080 , 4707.88 , 93 , 91614 , 461 , 26799 , 82548
6100 , 4693.35 , 93 , 91614 , 460 , 26633 , 82548
6120 , 4704.38 , 93 , 91614 , 461 , 26565 , 82418
6140 , 4741.71 , 93 , 91614 , 462 , 26272 , 82418
6160 , 4798.72 , 93 , 91614 , 462 , 26000 , 82418
6180 , 4885.33 , 93 , 91614 , 463 , 29499 , 82418
6200 , 4997.97 , 93 , 91614 , 464 , 31473 , 82418
6220 , 5002.19 , 93 , 91614 , 464 , 31445 , 82370
6240 , 4999.85 , 93 , 91614 , 464 , 31290 , 82370
6260 , 4985.65 , 93 , 91614 , 463 , 31240 , 82370
6280 , 4970.95 , 93 , 91614 , 463 , 31134 , 82370
6300 , 4956.37 , 93 , 91614 , 462 , 31044 , 82370
6320 , 4941.92 , 93 , 91614 , 462 , 30948 , 82274
6340 , 4927.52 , 93 , 91614 , 461 , 30842 , 82274
6360 , 4913.3 , 93 , 91614 , 461 , 30789 , 82274
6380 , 4899.04 , 93 , 91614 , 460 , 30729 , 82274
6400 , 4886.25 , 93 , 91614 , 460 , 30630 , 82274
6420 , 4874.99 , 93 , 91614 , 460 , 30550 , 82231
6440 , 4861.4 , 93 , 91614 , 460 , 30543 , 82231
6460 , 4847.71 , 93 , 91614 , 460 , 30427 , 82231
6480 , 4835.78 , 93 , 91614 , 459 , 30334 , 82231
6500 , 4822.11 , 93 , 91614 , 459 , 30331 , 82231
6520 , 4809.81 , 93 , 91614 , 459 , 30133 , 82106
6540 , 4796.76 , 93 , 91614 , 459 , 29924 , 82106
6560 , 4784.47 , 93 , 91614 , 459 , 29738 , 82106
6580 , 4772.42 , 93 , 91614 , 459 , 29499 , 82106
6600 , 4761.33 , 93 , 91614 , 459 , 29204 , 82106
6620 , 4748.16 , 93 , 91614 , 459 , 28921 , 82104
6640 , 4735.22 , 93 , 91614 , 459 , 28639 , 82104
6660 , 4722.52 , 93 , 91614 , 459 , 28379 , 82104
6680 , 4709.76 , 93 , 91614 , 459 , 28357 , 82104
6700 , 4702.54 , 93 , 91614 , 459 , 28263 , 82104
6720 , 4701.43 , 93 , 91614 , 459 , 28162 , 81972
6740 , 4711.36 , 93 , 91614 , 459 , 28060 , 81972
6760 , 4737.74 , 93 , 91614 , 460 , 28052 , 81972
6780 , 4780.16 , 93 , 91614 , 461 , 28023 , 81972
6800 , 4838.42 , 93 , 91614 , 461 , 27778 , 81972
6820 , 4833.56 , 93 , 91614 , 461 , 27546 , 81863
6840 , 4820.54 , 93 , 91614 , 461 , 27526 , 81863
6860 , 4830.27 , 93 , 91614 , 461 , 27507 , 81863
6880 , 4858 , 93 , 91614 , 462 , 27116 , 81863
6900 , 4903.06 , 93 , 91614 , 463 , 26799 , 81863
6920 , 4966.92 , 93 , 91614 , 464 , 27778 , 81830
6940 , 4972.72 , 93 , 91614 , 463 , 27778 , 81830
6960 , 4961.82 , 93 , 91614 , 463 , 27776 , 81830
6980 , 4948.55 , 93 , 91614 , 463 , 27667 , 81830
7000 , 4936.51 , 93 , 91614 , 463 , 27558 , 81830
7020 , 4927.99 , 93 , 91614 , 463 , 27546 , 81648
7040 , 4916.65 , 93 , 91614 , 463 , 27526 , 81648
7060 , 4903.63 , 93 , 91614 , 463 , 27507 , 81648
7080 , 4913.21 , 93 , 91614 , 463 , 27408 , 81648
7100 , 4937.73 , 93 , 91614 , 464 , 27280 , 81648
7120 , 4926.54 , 93 , 91614 , 464 , 27158 , 81465
7140 , 4916.05 , 93 , 91614 , 465 , 27116 , 81465
7160 , 4905.52 , 93 , 91614 , 465 , 27007 , 81465
7180 , 4892.99 , 93 , 91614 , 465 , 26896 , 81465
7200 , 4880.36 , 93 , 91614 , 464 , 26799 , 81465
7220 , 4868 , 93 , 91614 , 464 , 26784 , 81328
7240 , 4855.78 , 93 , 91614 , 464 , 26662 , 81328
7260 , 4843.33 , 93 , 91614 , 463 , 26639 , 81328
7280 , 4831.92 , 93 , 91614 , 462 , 26633 , 81328
7300 , 4819.62 , 93 , 91614 , 462 , 26565 , 81328
7320 , 4807.41 , 93 , 91614 , 461 , 26526 , 80979
7340 , 4796.32 , 93 , 91614 , 461 , 26412 , 80979
7360 , 4784.69 , 93 , 91614 , 461 , 26348 , 80979
7380 , 4775.6 , 93 , 91614 , 460 , 26272 , 80979
7400 , 4763.97 , 93 , 91614 , 460 , 26208 , 80979
7420 , 4753.02 , 93 , 91614 , 460 , 26059 , 80665
7440 , 4741.97 , 93 , 91614 , 460 , 26000 , 80665
7460 , 4731.07 , 93 , 91614 , 460 , 25895 , 80665
7480 , 4719.51 , 93 , 91614 , 460 , 25772 , 80665
7500 , 4709.12 , 93 , 91614 , 459 , 25770 , 80665
7520 , 4699.92 , 93 , 91614 , 459 , 25671 , 80475
7540 , 4689.26 , 93 , 91614 , 459 , 25569 , 80475
7560 , 4679.76 , 93 , 91614 , 458 , 25465 , 80475
7580 , 4668.32 , 93 , 91614 , 458 , 25368 , 80475
7600 , 4657.03 , 93 , 91614 , 457 , 25197 , 80475
7620 , 4647.62 , 93 , 91614 , 457 , 25093 , 80240
7640 , 4636.35 , 93 , 91614 , 457 , 24999 , 80240
7660 , 4626.25 , 93 , 91614 , 457 , 24897 , 80240
7680 , 4615.97 , 93 , 91614 , 456 , 24847 , 80240
7700 , 4604.85 , 93 , 91614 , 456 , 24819 , 80240
7720 , 4594.69 , 93 , 91614 , 455 , 24803 , 80152
7740 , 4586.47 , 93 , 91614 , 455 , 24731 , 80152
7760 , 4595.74 , 93 , 91614 , 456 , 24679 , 80152
7780 , 4621.96 , 93 , 91614 , 456 , 24626 , 80152
7800 , 4649.43 , 93 , 91614 , 457 , 24579 , 80152
7820 , 4638.55 , 93 , 91614 , 456 , 24514 , 80046
7840 , 4627.9 , 93 , 91614 , 456 , 24478 , 80046
7860 , 4618.53 , 93 , 91614 , 456 , 24441 , 80046
7880 , 4608.41 , 93 , 91614 , 456 , 24379 , 80046
7900 , 4623.46 , 93 , 91614 , 457 , 24311 , 80046
7920 , 4652.89 , 93 , 91614 , 457 , 24280 , 79969
7940 , 4697.1 , 93 , 91614 , 457 , 24249 , 79969
7960 , 4755.97 , 93 , 91614 , 458 , 25368 , 79969
7980 , 4829.81 , 93 , 91614 , 458 , 26799 , 79969
8000 , 4920.45 , 93 , 91614 , 459 , 27778 , 79969
8020 , 5025.56 , 93 , 91614 , 459 , 28639 , 79856
8040 , 5144.82 , 93 , 91614 , 460 , 30543 , 79856
8060 , 5278.1 , 93 , 91614 , 460 , 32353 , 79856
8080 , 5425.66 , 93 , 91614 , 461 , 33851 , 79856
8100 , 5587.42 , 93 , 91614 , 461 , 35208 , 79856
8120 , 5763.01 , 93 , 91614 , 462 , 38357 , 79820
8140 , 5952.38 , 93 , 91614 , 462 , 39964 , 82274
8160 , 6155.43 , 93 , 91614 , 463 , 41163 , 83299
8180 , 6372.18 , 93 , 96088 , 464 , 42112 , 85271
8200 , 6602.68 , 93 , 102152 , 464 , 44968 , 88520
8220 , 6846.48 , 93 , 108198 , 465 , 47413 , 89813
8240 , 7104 , 93 , 114282 , 466 , 50130 , 91062
8260 , 7276.87 , 93 , 120245 , 467 , 52415 , 94443
8280 , 7260.34 , 93 , 120245 , 466 , 52308 , 94443
8300 , 7243.93 , 93 , 120245 , 466 , 52204 , 94443
8320 , 7228.18 , 93 , 120245 , 466 , 51900 , 94337
8340 , 7211.74 , 93 , 120245 , 465 , 51651 , 94337
8360 , 7195.58 , 93 , 120245 , 465 , 51398 , 94337
8380 , 7180.07 , 93 , 120245 , 465 , 51168 , 94337
8400 , 7164.08 , 93 , 120245 , 465 , 51115 , 94337
8420 , 7148.09 , 93 , 120245 , 465 , 50861 , 94236
8440 , 7132.32 , 93 , 120245 , 465 , 50705 , 94236
8460 , 7126.53 , 93 , 120245 , 466 , 50548 , 94236
8480 , 7110.9 , 93 , 120245 , 465 , 50398 , 94236
8500 , 7094.95 , 93 , 120245 , 465 , 50268 , 94236
8520 , 7099.81 , 93 , 120245 , 465 , 50249 , 94133
8540 , 7122.06 , 93 , 120245 , 466 , 50130 , 94133
8560 , 7111.29 , 93 , 120245 , 466 , 49978 , 94133
8580 , 7116.4 , 93 , 120245 , 466 , 49802 , 94133
8600 , 7126.8 , 93 , 120245 , 467 , 49649 , 94133
8620 , 7120.57 , 93 , 120245 , 467 , 49499 , 91614
8640 , 7107.34 , 93 , 120245 , 467 , 49344 , 91614
8660 , 7092.78 , 93 , 120245 , 466 , 49171 , 91614
8680 , 7077.37 , 93 , 120245 , 466 , 48970 , 91614
8700 , 7062.01 , 93 , 120245 , 465 , 48803 , 91614
8720 , 7052.8 , 93 , 120245 , 465 , 48649 , 91490
8740 , 7055.36 , 93 , 120245 , 466 , 48353 , 91490
8760 , 7040.45 , 93 , 120245 , 465 , 48250 , 91490
8780 , 7047.56 , 93 , 120245 , 466 , 48147 , 91490
8800 , 7046.49 , 93 , 120245 , 466 , 48045 , 91490
8820 , 7032.73 , 93 , 120245 , 466 , 47934 , 91210
8840 , 7037.9 , 93 , 120245 , 467 , 47832 , 91210
8860 , 7058.11 , 93 , 120245 , 467 , 47729 , 91210
8880 , 7080.09 , 93 , 120245 , 468 , 47618 , 91210
8900 , 7065.28 , 93 , 120245 , 467 , 47516 , 91210
8920 , 7070.45 , 93 , 120245 , 468 , 47413 , 91071
8940 , 7080.01 , 93 , 120245 , 468 , 47321 , 91071
8960 , 7083.75 , 93 , 120245 , 469 , 47219 , 91071
8980 , 7081.22 , 93 , 120245 , 469 , 47115 , 91071
9000 , 7086.75 , 93 , 120245 , 470 , 47014 , 91071
9020 , 7109.54 , 93 , 120245 , 470 , 46913 , 91062
9040 , 7147.22 , 93 , 120245 , 471 , 46888 , 91062
9060 , 7178.78 , 93 , 120245 , 471 , 46808 , 91062
9080 , 7174.59 , 93 , 120245 , 472 , 46699 , 91062
9100 , 7159.26 , 93 , 120245 , 471 , 46684 , 91062
9120 , 7146.81 , 93 , 120245 , 471 , 46597 , 90942
9140 , 7136.5 , 93 , 120245 , 470 , 46507 , 90942
9160 , 7123.45 , 93 , 120245 , 470 , 46494 , 90942
9180 , 7109.25 , 93 , 120245 , 470 , 46389 , 90942
9200 , 7097.46 , 93 , 120245 , 470 , 46268 , 90942
9220 , 7085.08 , 93 , 120245 , 470 , 46064 , 90935
9240 , 7073.97 , 93 , 120245 , 470 , 45886 , 90935
9260 , 7060.46 , 93 , 120245 , 469 , 45714 , 90935
9280 , 7046.39 , 93 , 120245 , 469 , 45523 , 90935
9300 , 7032.13 , 93 , 120245 , 469 , 44968 , 90935
9320 , 7019.13 , 93 , 120245 , 469 , 44781 , 90805
9340 , 7005.1 , 93 , 120245 , 469 , 44598 , 90805
9360 , 6991 , 93 , 120245 , 468 , 44400 , 90805
9380 , 6976.94 , 93 , 120245 , 468 , 44203 , 90805
9400 , 6966.29 , 93 , 120245 , 468 , 44034 , 90805
9420 , 6952 , 93 , 120245 , 468 , 43822 , 90674
9440 , 6943.9 , 93 , 120245 , 468 , 43557 , 90674
9460 , 6938.49 , 93 , 120245 , 469 , 43378 , 90674
9480 , 6925.46 , 93 , 120245 , 468 , 43102 , 90674
9500 , 6911.82 , 93 , 120245 , 468 , 42869 , 90674
9520 , 6899.19 , 93 , 120245 , 468 , 42851 , 90666
9540 , 6885.96 , 93 , 120245 , 468 , 42753 , 90666
9560 , 6872.52 , 93 , 120245 , 467 , 42678 , 90666
9580 , 6860.03 , 93 , 120245 , 467 , 42601 , 90666
9600 , 6847.17 , 93 , 120245 , 467 , 42451 , 90666
9620 , 6833.74 , 93 , 120245 , 467 , 42429 , 90543
9640 , 6820.56 , 93 , 120245 , 467 , 42326 , 90543
9660 , 6808.21 , 93 , 120245 , 466 , 42248 , 90543
9680 , 6797.03 , 93 , 120245 , 466 , 42219 , 90543
9700 , 6784.82 , 93 , 120245 , 466 , 42112 , 90543
9720 , 6772.03 , 93 , 120245 , 466 , 42048 , 90516
9740 , 6760.54 , 93 , 120245 , 466 , 42004 , 90516
9760 , 6747.67 , 93 , 120245 , 465 , 41895 , 90516
9780 , 6735.85 , 93 , 120245 , 465 , 41892 , 90516
9800 , 6726.31 , 93 , 120245 , 465 , 41847 , 90516
9820 , 6714.01 , 93 , 120245 , 464 , 41793 , 90452
9840 , 6702.21 , 93 , 120245 , 464 , 41700 , 90452
9860 , 6689.8 , 93 , 120245 , 464 , 41689 , 90452
9880 , 6678.11 , 93 , 120245 , 463 , 41630 , 90452
9900 , 6665.75 , 93 , 120245 , 463 , 41584 , 90452
9920 , 6653.62 , 93 , 120245 , 463 , 41534 , 90410
9940 , 6642.66 , 93 , 120245 , 463 , 41470 , 90410
9960 , 6631.11 , 93 , 120245 , 463 , 41432 , 90410
9980 , 6618.96 , 93 , 120245 , 463 , 41378 , 90410
10000 , 6607.36 , 93 , 120245 , 462 , 41371 , 90410
10020 , 6594.98 , 93 , 120245 , 462 , 41272 , 90393
10040 , 6584.01 , 93 , 120245 , 462 , 41227 , 90393
10060 , 6575.72 , 93 , 120245 , 462 , 41169 , 90393
10080 , 6566.77 , 93 , 120245 , 463 , 41163 , 90393
10100 , 6561.49 , 93 , 120245 , 463 , 41066 , 90393
10120 , 6554.11 , 93 , 120245 , 464 , 40961 , 90266
10140 , 6544.12 , 93 , 120245 , 463 , 40954 , 90266
10160 , 6533.54 , 93 , 120245 , 463 , 40918 , 90266
10180 , 6532.37 , 93 , 120245 , 464 , 40858 , 90266
10200 , 6524.8 , 93 , 120245 , 464 , 40747 , 90266
10220 , 6514.23 , 93 , 120245 , 464 , 40737 , 90259
10240 , 6504.96 , 93 , 120245 , 464 , 40646 , 90259
10260 , 6496.9 , 93 , 120245 , 465 , 40642 , 90259
10280 , 6507.32 , 93 , 120245 , 465 , 40584 , 90259
10300 , 6500.27 , 93 , 120245 , 466 , 40522 , 90259
10320 , 6493.68 , 93 , 120245 , 466 , 40432 , 90218
10340 , 6484.59 , 93 , 120245 , 466 , 40429 , 90218
10360 , 6475.36 , 93 , 120245 , 466 , 40419 , 90218
10380 , 6528.42 , 93 , 120245 , 467 , 40277 , 90218
10400 , 6627.22 , 93 , 120245 , 467 , 41272 , 90218
10420 , 6768.33 , 93 , 120245 , 468 , 42326 , 90124
10440 , 6822.92 , 93 , 120245 , 468 , 42851 , 90393
10460 , 6853.16 , 93 , 120245 , 468 , 42753 , 90393
10480 , 6902.34 , 93 , 120245 , 469 , 43020 , 90393
10500 , 6907.56 , 93 , 120245 , 469 , 42869 , 90393
10520 , 6896.52 , 93 , 120245 , 469 , 42851 , 90266
10540 , 6890.13 , 93 , 120245 , 470 , 42753 , 90266
10560 , 6877.81 , 93 , 120245 , 469 , 42699 , 90266
10580 , 6867.38 , 93 , 120245 , 469 , 42678 , 90266
10600 , 6864.39 , 93 , 120245 , 469 , 42601 , 90266
10620 , 6867.86 , 93 , 120245 , 469 , 42451 , 90259
10640 , 6885.93 , 93 , 120245 , 470 , 42429 , 90259
10660 , 6912.11 , 93 , 120245 , 470 , 42368 , 90259
10680 , 6901.02 , 93 , 120245 , 470 , 42326 , 90259
10700 , 6893.32 , 93 , 120245 , 469 , 42248 , 90259
10720 , 6899.59 , 93 , 120245 , 470 , 42219 , 90218
10740 , 6926.24 , 93 , 120245 , 470 , 42112 , 90218
10760 , 6972.65 , 93 , 120245 , 471 , 42048 , 90218
10780 , 7037.45 , 93 , 120245 , 471 , 42519 , 90218
10800 , 7120.95 , 93 , 120245 , 472 , 43492 , 90218
10820 , 7225.22 , 93 , 120245 , 472 , 46597 , 90124
10840 , 7347.87 , 93 , 120245 , 473 , 48353 , 90124
10860 , 7487.31 , 93 , 120245 , 473 , 51398 , 90124
10880 , 7644.57 , 93 , 120245 , 474 , 52750 , 92702
10900 , 7820.67 , 93 , 120245 , 474 , 53798 , 94337
10920 , 8014.74 , 93 , 120245 , 475 , 56453 , 96088
10940 , 8225.47 , 93 , 125191 , 475 , 58408 , 102152
10960 , 8451.53 , 93 , 133987 , 475 , 60050 , 104600
10980 , 8620.56 , 93 , 143052 , 476 , 61558 , 106609
11000 , 8735.12 , 93 , 143052 , 476 , 63319 , 106609
11020 , 8867.96 , 93 , 143052 , 477 , 64459 , 106502
11040 , 8992.1 , 93 , 143052 , 478 , 65459 , 106502
11060 , 8977.8 , 93 , 143052 , 477 , 65353 , 106502
11080 , 8963.14 , 93 , 143052 , 477 , 65247 , 106502
11100 , 8962.23 , 93 , 143052 , 477 , 65160 , 106502
11120 , 8947.8 , 93 , 143052 , 477 , 65100 , 106386
11140 , 8933.06 , 93 , 143052 , 476 , 65039 , 106386
11160 , 8919.46 , 93 , 143052 , 476 , 64997 , 106386
11180 , 8904.16 , 93 , 143052 , 475 , 64936 , 106386
11200 , 8889.01 , 93 , 143052 , 475 , 64887 , 106386
11220 , 8873.68 , 93 , 143052 , 475 , 64827 , 106276
11240 , 8884.04 , 93 , 143052 , 475 , 64767 , 106276
11260 , 8916.31 , 93 , 143052 , 476 , 64667 , 106276
11280 , 8938.4 , 93 , 143052 , 476 , 64655 , 106276
11300 , 8923.18 , 93 , 143052 , 475 , 64562 , 106276
11320 , 8909.12 , 93 , 143052 , 475 , 64554 , 106160
11340 , 8895.83 , 93 , 143052 , 475 , 64459 , 106160
11360 , 8880.86 , 93 , 143052 , 474 , 64454 , 106160
11380 , 8870.07 , 93 , 143052 , 474 , 64354 , 106160
11400 , 8917.3 , 93 , 143052 , 475 , 64352 , 106160
11420 , 9014.57 , 93 , 143052 , 475 , 65039 , 106045
11440 , 9044.92 , 93 , 143052 , 475 , 65207 , 106045
11460 , 9076.92 , 93 , 143052 , 476 , 65160 , 106045
11480 , 9145.12 , 93 , 143052 , 476 , 65100 , 106045
11500 , 9210.93 , 93 , 143052 , 477 , 65100 , 106045
11520 , 9196.45 , 93 , 143052 , 477 , 65039 , 105106
11540 , 9181.62 , 93 , 143052 , 477 , 65033 , 105106
11560 , 9167.34 , 93 , 143052 , 477 , 64997 , 105106
11580 , 9153.4 , 93 , 143052 , 476 , 64936 , 105106
11600 , 9138.03 , 93 , 143052 , 476 , 64887 , 105106
11620 , 9134.16 , 93 , 143052 , 476 , 64839 , 105004
11640 , 9146.69 , 93 , 143052 , 477 , 64827 , 105004
11660 , 9180.99 , 93 , 143052 , 478 , 64767 , 105004
11680 , 9237.68 , 93 , 143052 , 478 , 64667 , 105004
11700 , 9312.88 , 93 , 143052 , 479 , 64655 , 105004
11720 , 9379.46 , 93 , 143052 , 479 , 64652 , 104903
11740 , 9465.24 , 93 , 143052 , 480 , 64562 , 104903
11760 , 9572.25 , 93 , 143052 , 480 , 65459 , 104903
11780 , 9701.69 , 93 , 143052 , 481 , 67092 , 104903
11800 , 9845.79 , 93 , 143052 , 481 , 69806 , 104903
11820 , 9960.98 , 93 , 143052 , 481 , 71109 , 104802
11840 , 10002.7 , 93 , 143052 , 482 , 71096 , 104802
11860 , 10058.6 , 93 , 143052 , 482 , 70989 , 104802
11880 , 10075 , 93 , 143052 , 482 , 70967 , 104802
11900 , 10072 , 93 , 143052 , 482 , 70884 , 104802
11920 , 10080.6 , 93 , 143052 , 483 , 70826 , 104700
11940 , 10099.8 , 93 , 143052 , 483 , 70781 , 104700
11960 , 10101.8 , 93 , 143052 , 484 , 70678 , 104700
11980 , 10106.7 , 93 , 143052 , 484 , 70572 , 104700
12000 , 10109.1 , 93 , 143052 , 484 , 70470 , 104700
12020 , 10092.7 , 93 , 143052 , 484 , 70362 , 104600
12040 , 10114.3 , 93 , 143052 , 484 , 70357 , 104600
12060 , 10119.8 , 93 , 143052 , 484 , 70258 , 104600
12080 , 10110 , 93 , 143052 , 484 , 70124 , 104600
12100 , 10110.4 , 93 , 143052 , 484 , 69967 , 104600
12120 , 10094 , 88 , 143052 , 484 , 69806 , 104497
12140 , 10096.4 , 88 , 143052 , 484 , 69652 , 104497
12160 , 10108.8 , 88 , 143052 , 484 , 69514 , 104497
12180 , 10115.8 , 88 , 143052 , 485 , 69377 , 104497
12200 , 10140 , 88 , 143052 , 486 , 69215 , 104497
12220 , 10151.3 , 88 , 143052 , 486 , 69058 , 104403
12240 , 10165.7 , 88 , 143052 , 487 , 68804 , 104403
12260 , 10175.3 , 88 , 143052 , 487 , 68647 , 104403
12280 , 10187.8 , 88 , 143052 , 488 , 68478 , 104403
12300 , 10221.5 , 88 , 143052 , 488 , 68265 , 104403
12320 , 10268.3 , 88 , 143052 , 489 , 68023 , 104300
12340 , 10334.8 , 88 , 143052 , 489 , 67838 , 104300
12360 , 10421.4 , 88 , 143052 , 490 , 67723 , 104300
12380 , 10526.1 , 88 , 143052 , 490 , 70470 , 104300
12400 , 10646.6 , 88 , 143052 , 491 , 71711 , 104300
12420 , 10752.6 , 88 , 143052 , 492 , 72034 , 104200
12440 , 10852.3 , 88 , 143052 , 492 , 72498 , 104200
12460 , 10959.7 , 88 , 143052 , 493 , 72958 , 104200
12480 , 11049.7 , 88 , 143052 , 493 , 72897 , 104200
12500 , 11122.8 , 88 , 143052 , 494 , 73147 , 104200
12520 , 11123.6 , 88 , 143052 , 494 , 73141 , 104114
12540 , 11127.6 , 88 , 143052 , 494 , 73119 , 104114
12560 , 11143.2 , 88 , 143052 , 495 , 73116 , 104114
12580 , 11168.1 , 88 , 143052 , 495 , 73074 , 104114
12600 , 11199.1 , 88 , 143052 , 496 , 73064 , 104114
12620 , 11206.4 , 88 , 143052 , 496 , 73014 , 104013
12640 , 11205.2 , 88 , 143052 , 496 , 73007 , 104013
12660 , 11198.9 , 88 , 143052 , 496 , 72976 , 104013
12680 , 11184 , 88 , 143052 , 496 , 72962 , 104013
12700 , 11188.4 , 88 , 143052 , 496 , 72958 , 104013
12720 , 11213.2 , 88 , 143052 , 497 , 72897 , 103910
12740 , 11247.9 , 88 , 143052 , 497 , 72880 , 103910
12760 , 11283.7 , 88 , 143052 , 498 , 72867 , 103910
12780 , 11338.2 , 88 , 143052 , 499 , 72816 , 103910
12800 , 11367.6 , 88 , 143052 , 499 , 72787 , 103910
12820 , 11350.4 , 88 , 143052 , 499 , 72781 , 103802
12840 , 11333 , 88 , 143052 , 498 , 72750 , 103802
12860 , 11322.8 , 88 , 143052 , 498 , 72734 , 103802
12880 , 11327.4 , 88 , 143052 , 498 , 72676 , 103802
12900 , 11335.8 , 88 , 143052 , 499 , 72676 , 103802
12920 , 11319.1 , 88 , 143052 , 498 , 72621 , 103702
12940 , 11302 , 88 , 143052 , 498 , 72609 , 103702
20 , 387.25 , 208 , 565 , 421 , 557 , 557
40 , 415.925 , 208 , 686 , 428 , 565 , 662
60 , 416.883 , 208 , 686 , 424 , 557 , 662
80 , 418.375 , 208 , 686 , 424 , 573 , 662
100 , 446.42 , 208 , 779 , 446 , 676 , 716
120 , 457.475 , 208 , 779 , 461 , 669 , 686
140 , 466.557 , 208 , 887 , 467 , 670 , 716
160 , 477.144 , 208 , 887 , 475 , 680 , 779
180 , 485.128 , 208 , 1133 , 482 , 686 , 887
200 , 496.8 , 208 , 1133 , 489 , 716 , 887
220 , 509.682 , 208 , 1179 , 500 , 746 , 887
240 , 526.625 , 208 , 1352 , 514 , 779 , 1064
260 , 536.096 , 208 , 1352 , 525 , 780 , 1064
280 , 534.886 , 208 , 1352 , 526 , 799 , 1064
300 , 525.007 , 208 , 1352 , 516 , 799 , 1083
320 , 534.9 , 208 , 1352 , 525 , 828 , 1064
340 , 545.703 , 208 , 1352 , 543 , 830 , 1064
360 , 550.508 , 208 , 1352 , 545 , 835 , 1083
380 , 544.708 , 208 , 1352 , 539 , 830 , 1083
400 , 541.025 , 172 , 1352 , 533 , 829 , 1083
420 , 537.112 , 172 , 1352 , 522 , 828 , 1064
440 , 529.545 , 172 , 1352 , 516 , 828 , 1064
460 , 521.402 , 172 , 1352 , 507 , 826 , 1064
480 , 511.352 , 151 , 1352 , 498 , 826 , 1064
500 , 503.678 , 151 , 1352 , 493 , 828 , 1064
520 , 501.558 , 151 , 1352 , 489 , 826 , 1029
540 , 500.889 , 151 , 1352 , 488 , 799 , 1029
560 , 499.382 , 151 , 1352 , 485 , 799 , 1029
580 , 497.084 , 146 , 1352 , 484 , 799 , 1029
600 , 495.397 , 146 , 1352 , 483 , 799 , 1029
620 , 495.561 , 146 , 1352 , 485 , 795 , 1018
640 , 495.692 , 146 , 1421 , 483 , 795 , 1029
660 , 494.076 , 146 , 1421 , 479 , 782 , 1029
680 , 491.006 , 146 , 1421 , 477 , 782 , 1029
700 , 488.23 , 129 , 1421 , 473 , 795 , 1064
720 , 482.738 , 129 , 1421 , 470 , 798 , 1029
740 , 479.739 , 129 , 1421 , 469 , 799 , 1064
760 , 478.295 , 129 , 1421 , 467 , 826 , 1083
780 , 474.024 , 129 , 1421 , 460 , 820 , 1083
800 , 473.19 , 129 , 1421 , 457 , 828 , 1096
820 , 470.135 , 129 , 1421 , 454 , 829 , 1096
840 , 467.235 , 129 , 1421 , 452 , 830 , 1114
860 , 464.783 , 129 , 1421 , 451 , 835 , 1133
880 , 461.807 , 129 , 1421 , 448 , 838 , 1133
900 , 462.079 , 129 , 1421 , 448 , 861 , 1148
920 , 459.126 , 122 , 1421 , 445 , 863 , 1136
940 , 461.62 , 122 , 1421 , 444 , 887 , 1188
960 , 460.314 , 122 , 1421 , 442 , 899 , 1188
980 , 458.498 , 122 , 1421 , 441 , 887 , 1188
1000 , 457.018 , 122 , 1510 , 438 , 899 , 1206
1020 , 457.782 , 122 , 1510 , 437 , 919 , 1221
1040 , 462.004 , 122 , 1708 , 437 , 948 , 1298
1060 , 458.921 , 122 , 1708 , 433 , 944 , 1298
1080 , 459.561 , 122 , 1708 , 432 , 955 , 1318
1100 , 465.735 , 122 , 2285 , 432 , 987 , 1393
1120 , 471.423 , 122 , 2735 , 431 , 1007 , 1424
1140 , 476.079 , 122 , 2735 , 431 , 1029 , 1551
1160 , 477.771 , 122 , 2735 , 431 , 1029 , 1555
1180 , 480.284 , 122 , 3489 , 431 , 1040 , 1620
1200 , 492.588 , 122 , 3489 , 431 , 1083 , 2073
1220 , 494.268 , 122 , 3489 , 435 , 1081 , 2003
1240 , 496.08 , 122 , 3489 , 439 , 1067 , 2003
1260 , 501.076 , 122 , 3489 , 442 , 1081 , 2102
1280 , 509.848 , 122 , 3489 , 443 , 1111 , 2399
1300 , 521.229 , 122 , 3489 , 446 , 1150 , 2545
1320 , 531.139 , 122 , 3489 , 447 , 1196 , 2630
1340 , 542.631 , 122 , 3489 , 448 , 1312 , 2735
1360 , 548.346 , 122 , 3489 , 449 , 1319 , 2934
1380 , 549.584 , 122 , 3489 , 452 , 1318 , 2934
1400 , 551.721 , 122 , 3489 , 454 , 1318 , 2939
1420 , 555.306 , 122 , 4062 , 460 , 1318 , 2939
1440 , 556.266 , 122 , 4062 , 464 , 1312 , 2939
1460 , 556.959 , 122 , 4062 , 467 , 1308 , 2939
1480 , 557.126 , 122 , 4062 , 470 , 1298 , 2939
1500 , 557.92 , 122 , 4062 , 472 , 1243 , 2939
1520 , 557.492 , 122 , 4062 , 474 , 1232 , 2934
1540 , 556.425 , 122 , 4062 , 474 , 1226 , 2934
1560 , 555.078 , 122 , 4062 , 473 , 1221 , 2934
1580 , 553.28 , 122 , 4062 , 471 , 1206 , 2934
1600 , 552.17 , 122 , 4062 , 470 , 1196 , 2934
1620 , 551.07 , 122 , 4062 , 470 , 1188 , 2863
1640 , 549.241 , 122 , 4062 , 470 , 1188 , 2863
1660 , 548.029 , 122 , 4062 , 469 , 1186 , 2863
1680 , 549.355 , 122 , 4062 , 470 , 1186 , 2863
1700 , 552.476 , 122 , 4062 , 472 , 1186 , 2863
1720 , 558.464 , 122 , 4062 , 476 , 1188 , 2863
1740 , 567.859 , 122 , 4062 , 479 , 1243 , 2948
1760 , 597.861 , 122 , 12008 , 480 , 1319 , 3207
1780 , 616.544 , 122 , 12008 , 482 , 1424 , 3312
1800 , 623.636 , 122 , 12008 , 483 , 1555 , 3362
1820 , 635.46 , 122 , 12008 , 484 , 1821 , 3312
1840 , 644.055 , 122 , 12008 , 485 , 1834 , 3364
1860 , 668.382 , 122 , 12008 , 487 , 2073 , 3709
1880 , 692.906 , 122 , 12008 , 489 , 2279 , 4235
1900 , 709.573 , 122 , 12008 , 493 , 2419 , 4485
1920 , 718.395 , 122 , 12008 , 494 , 2490 , 4452
1940 , 733.451 , 122 , 12008 , 496 , 2588 , 4485
1960 , 742.212 , 122 , 12008 , 497 , 2650 , 4485
1980 , 751.375 , 122 , 12008 , 498 , 2715 , 4485
2000 , 760.865 , 122 , 12008 , 500 , 2752 , 4485
2020 , 779.04 , 122 , 12008 , 501 , 2901 , 4561
2040 , 795.012 , 122 , 12008 , 502 , 2969 , 4740
2060 , 809.924 , 122 , 12008 , 505 , 3043 , 4768
2080 , 825.273 , 122 , 12008 , 506 , 3145 , 4803
2100 , 839.23 , 122 , 12008 , 508 , 3215 , 4812
2120 , 854.556 , 122 , 12008 , 510 , 3291 , 4812
2140 , 864.867 , 122 , 12008 , 511 , 3310 , 4812
2160 , 875.149 , 122 , 12008 , 513 , 3343 , 4812
2180 , 890.076 , 122 , 12008 , 517 , 3364 , 4842
2200 , 909.265 , 122 , 12008 , 519 , 3527 , 4972
2220 , 923.66 , 122 , 12008 , 523 , 3560 , 4986
2240 , 939.354 , 122 , 12008 , 526 , 3620 , 5000
2260 , 950.223 , 122 , 12008 , 527 , 3639 , 5000
2280 , 968.004 , 122 , 12008 , 530 , 3746 , 5063
2300 , 980.184 , 122 , 12008 , 533 , 3877 , 5096
2320 , 977.582 , 122 , 12008 , 535 , 3872 , 5079
2340 , 974.233 , 122 , 12008 , 536 , 3839 , 5079
2360 , 969.351 , 122 , 12008 , 534 , 3820 , 5079
2380 , 972.378 , 122 , 12008 , 535 , 3839 , 5079
2400 , 968.879 , 122 , 12008 , 536 , 3822 , 5079
2420 , 965.882 , 122 , 12008 , 538 , 3820 , 5063
2440 , 962.311 , 122 , 12008 , 538 , 3749 , 5063
2460 , 959.276 , 122 , 12008 , 538 , 3746 , 5063
2480 , 968.492 , 122 , 12008 , 539 , 3822 , 5135
2500 , 966.709 , 122 , 12008 , 539 , 3822 , 5135
2520 , 971.273 , 122 , 12008 , 541 , 3877 , 5124
2540 , 968.137 , 122 , 12008 , 539 , 3872 , 5124
2560 , 1000.66 , 122 , 12008 , 542 , 3937 , 5406
2580 , 1043.19 , 122 , 12008 , 544 , 4153 , 6332
2600 , 1058.57 , 122 , 12008 , 545 , 4171 , 6985
2620 , 1054.05 , 122 , 12008 , 544 , 4167 , 6839
2640 , 1049.2 , 122 , 12008 , 542 , 4165 , 6839
2660 , 1048.4 , 122 , 12008 , 542 , 4156 , 6839
2680 , 1045.02 , 122 , 12008 , 541 , 4154 , 6839
2700 , 1040.8 , 122 , 12008 , 540 , 4153 , 6839
2720 , 1036.77 , 122 , 12008 , 539 , 4151 , 6720
2740 , 1032.54 , 122 , 12008 , 539 , 4137 , 6720
2760 , 1029.08 , 122 , 12008 , 539 , 4126 , 6720
2780 , 1025.81 , 122 , 12008 , 540 , 4117 , 6720
2800 , 1025.84 , 122 , 12008 , 540 , 4117 , 6839
2820 , 1022.71 , 122 , 12008 , 541 , 4082 , 6720
2840 , 1021.28 , 122 , 12008 , 541 , 4082 , 6720
2860 , 1017.95 , 122 , 12008 , 541 , 4062 , 6720
2880 , 1017.56 , 122 , 12008 , 539 , 4062 , 6839
2900 , 1041.15 , 122 , 12008 , 542 , 4171 , 7005
2920 , 1063.65 , 122 , 12008 , 543 , 4235 , 6985
2940 , 1099.69 , 122 , 12008 , 546 , 4445 , 7336
2960 , 1150.93 , 122 , 12008 , 548 , 4627 , 8142
2980 , 1152.38 , 122 , 12008 , 547 , 4644 , 8148
3000 , 1160.67 , 122 , 12008 , 547 , 4705 , 8312
3020 , 1175.6 , 122 , 12008 , 548 , 4768 , 8271
3040 , 1191 , 122 , 12008 , 551 , 4803 , 8271
3060 , 1214.83 , 122 , 12008 , 553 , 4903 , 8271
3080 , 1252.95 , 122 , 12008 , 554 , 5135 , 8404
3100 , 1274.76 , 122 , 12008 , 555 , 5259 , 8647
3120 , 1288.58 , 122 , 12008 , 556 , 5451 , 8622
3140 , 1283.33 , 122 , 12008 , 556 , 5416 , 8622
3160 , 1295.44 , 122 , 12008 , 556 , 5509 , 8622
3180 , 1290.48 , 122 , 12008 , 556 , 5497 , 8622
3200 , 1285.59 , 122 , 12008 , 556 , 5482 , 8622
3220 , 1309.47 , 122 , 12008 , 558 , 5637 , 8552
3240 , 1341.55 , 122 , 12008 , 560 , 5814 , 8628
3260 , 1339.9 , 122 , 12008 , 559 , 5814 , 8647
3280 , 1371.74 , 122 , 12008 , 561 , 6025 , 8714
3300 , 1384.5 , 122 , 12467 , 560 , 6128 , 8842
3320 , 1403.81 , 122 , 12467 , 562 , 6202 , 8821
3340 , 1399.26 , 122 , 12467 , 560 , 6184 , 8821
3360 , 1402.57 , 122 , 12467 , 560 , 6177 , 8821
3380 , 1396.76 , 122 , 12467 , 560 , 6168 , 8821
3400 , 1391.17 , 122 , 12467 , 558 , 6128 , 8821
3420 , 1385.09 , 122 , 12467 , 556 , 6087 , 8819
3440 , 1397.52 , 122 , 12467 , 558 , 6073 , 8819
3460 , 1423.67 , 122 , 12467 , 560 , 6226 , 8819
3480 , 1435.49 , 122 , 12467 , 560 , 6314 , 8880
3500 , 1448.86 , 122 , 12467 , 560 , 6332 , 8880
3520 , 1460.61 , 122 , 12467 , 561 , 6314 , 8842
3540 , 1454.95 , 122 , 12467 , 560 , 6308 , 8842
3560 , 1447.9 , 122 , 12467 , 558 , 6305 , 8842
3580 , 1463.9 , 122 , 12467 , 560 , 6266 , 8842
3600 , 1476.83 , 122 , 12467 , 560 , 6332 , 8842
3620 , 1502.1 , 122 , 12467 , 562 , 6429 , 8829
3640 , 1546.4 , 122 , 12467 , 564 , 6637 , 9266
3660 , 1604.78 , 122 , 14896 , 566 , 6865 , 10543
3680 , 1633.53 , 122 , 16176 , 566 , 6993 , 11049
3700 , 1628.83 , 122 , 16176 , 565 , 6993 , 11049
3720 , 1638.69 , 122 , 16176 , 566 , 6985 , 11031
3740 , 1654.41 , 122 , 16176 , 568 , 6982 , 11031
3760 , 1648.33 , 122 , 16176 , 567 , 6972 , 11031
3780 , 1642.66 , 122 , 16176 , 566 , 6971 , 11031
3800 , 1636.08 , 122 , 16176 , 565 , 6942 , 11031
3820 , 1630.09 , 122 , 16176 , 563 , 6926 , 10983
3840 , 1624.88 , 122 , 16176 , 561 , 6925 , 10983
3860 , 1621.11 , 122 , 16176 , 560 , 6925 , 10983
3880 , 1615.65 , 122 , 16176 , 560 , 6911 , 10983
3900 , 1627.92 , 122 , 16176 , 560 , 6942 , 10983
3920 , 1621.76 , 122 , 16176 , 560 , 6926 , 10813
3940 , 1616.99 , 122 , 16176 , 559 , 6925 , 10813
3960 , 1634.82 , 122 , 16176 , 560 , 6911 , 10813
3980 , 1665.36 , 122 , 16176 , 562 , 7039 , 10813
4000 , 1703.08 , 122 , 16176 , 564 , 7276 , 10813
4020 , 1729.48 , 122 , 16176 , 565 , 7386 , 11511
4040 , 1758.48 , 122 , 16176 , 566 , 7546 , 11511
4060 , 1806.12 , 122 , 16176 , 568 , 7723 , 12008
4080 , 1800.24 , 122 , 16176 , 568 , 7716 , 12008
4100 , 1793.81 , 122 , 16176 , 566 , 7709 , 12008
4120 , 1788.01 , 122 , 16176 , 567 , 7687 , 11986
4140 , 1781.6 , 122 , 16176 , 566 , 7658 , 11986
4160 , 1788.22 , 122 , 16176 , 566 , 7651 , 11986
4180 , 1781.65 , 122 , 16176 , 565 , 7640 , 11986
4200 , 1790.51 , 122 , 16176 , 566 , 7723 , 11986
4220 , 1784.84 , 122 , 16176 , 566 , 7716 , 11971
4240 , 1778.88 , 122 , 16176 , 566 , 7709 , 11971
4260 , 1795.32 , 122 , 16176 , 568 , 7687 , 11971
4280 , 1789.38 , 122 , 16176 , 566 , 7658 , 11971
4300 , 1801.71 , 122 , 16176 , 568 , 7651 , 11971
4320 , 1815.68 , 122 , 16176 , 568 , 7751 , 11963
4340 , 1827.66 , 122 , 16176 , 570 , 7749 , 11963
4360 , 1854.78 , 122 , 16176 , 571 , 7937 , 11963
4380 , 1887.2 , 122 , 16176 , 573 , 8077 , 11986
4400 , 1945.46 , 122 , 18148 , 573 , 8312 , 12693
4420 , 1981.87 , 122 , 23997 , 574 , 8404 , 13200
4440 , 1979.69 , 122 , 23997 , 574 , 8393 , 13200
4460 , 1976.19 , 122 , 23997 , 574 , 8381 , 13200
4480 , 1974.13 , 122 , 23997 , 573 , 8393 , 13200
4500 , 1973 , 122 , 23997 , 573 , 8404 , 13200
4520 , 1967.25 , 122 , 23997 , 572 , 8393 , 13170
4540 , 1964.27 , 122 , 23997 , 571 , 8381 , 13170
4560 , 1957.85 , 122 , 23997 , 570 , 8370 , 13170
4580 , 1951.55 , 122 , 23997 , 570 , 8362 , 13170
4600 , 1947.94 , 122 , 23997 , 570 , 8362 , 13170
4620 , 1942.66 , 122 , 23997 , 571 , 8341 , 13107
4640 , 1936.25 , 122 , 23997 , 570 , 8326 , 13107
4660 , 1948.41 , 122 , 23997 , 571 , 8320 , 13107
4680 , 1953.25 , 122 , 23997 , 571 , 8326 , 13107
4700 , 1954.67 , 122 , 23997 , 571 , 8320 , 13107
4720 , 1970.58 , 122 , 23997 , 573 , 8312 , 13099
4740 , 1991.21 , 122 , 23997 , 574 , 8320 , 13099
4760 , 2012.15 , 122 , 23997 , 576 , 8326 , 13099
4780 , 2014.76 , 122 , 23997 , 575 , 8360 , 13099
4800 , 2031.28 , 122 , 23997 , 576 , 8341 , 13099
4820 , 2065.77 , 122 , 23997 , 579 , 8533 , 12877
4840 , 2116.66 , 122 , 23997 , 580 , 8703 , 14019
4860 , 2193.15 , 122 , 23997 , 582 , 8943 , 14992
4880 , 2280.13 , 122 , 30070 , 583 , 9201 , 16176
4900 , 2279.88 , 122 , 30070 , 582 , 9237 , 16176
4920 , 2291.07 , 122 , 30070 , 582 , 9319 , 16085
4940 , 2283.25 , 122 , 30070 , 581 , 9266 , 16085
4960 , 2283.64 , 122 , 30070 , 581 , 9319 , 16085
4980 , 2295.57 , 122 , 30070 , 581 , 9443 , 16085
5000 , 2290.71 , 122 , 30070 , 581 , 9407 , 16085
5020 , 2282.92 , 110 , 30070 , 580 , 9395 , 16077
5040 , 2293.96 , 110 , 30070 , 581 , 9359 , 16077
5060 , 2320.78 , 110 , 30070 , 582 , 9521 , 16077
5080 , 2362.18 , 110 , 30070 , 584 , 9883 , 16077
5100 , 2367.03 , 110 , 30070 , 583 , 9919 , 16403
5120 , 2372.8 , 110 , 30070 , 584 , 9912 , 16176
5140 , 2366.21 , 110 , 30070 , 582 , 9892 , 16176
5160 , 2358.96 , 110 , 30070 , 581 , 9883 , 16176
5180 , 2351.09 , 110 , 30070 , 580 , 9866 , 16176
5200 , 2363.17 , 110 , 30070 , 581 , 9853 , 16176
5220 , 2382.02 , 110 , 30070 , 582 , 9934 , 16085
5240 , 2374.5 , 110 , 30070 , 580 , 9919 , 16085
5260 , 2367.33 , 110 , 30070 , 580 , 9912 , 16085
5280 , 2360.38 , 110 , 30070 , 578 , 9892 , 16085
5300 , 2353.57 , 110 , 30070 , 577 , 9888 , 16085
5320 , 2346.89 , 110 , 30070 , 576 , 9883 , 16077
5340 , 2339.6 , 110 , 30070 , 575 , 9866 , 16077
5360 , 2332.35 , 110 , 30070 , 574 , 9853 , 16077
5380 , 2335.08 , 110 , 30070 , 574 , 9817 , 16077
5400 , 2347.28 , 110 , 30070 , 575 , 9800 , 16077
5420 , 2374.34 , 110 , 30070 , 577 , 9927 , 15937
5440 , 2415.09 , 110 , 30070 , 579 , 10210 , 15937
5460 , 2416.56 , 110 , 30070 , 578 , 10220 , 16085
5480 , 2410.41 , 110 , 30070 , 576 , 10213 , 16085
5500 , 2403.19 , 110 , 30070 , 575 , 10210 , 16085
5520 , 2422.64 , 110 , 30070 , 576 , 10204 , 16077
5540 , 2455.38 , 110 , 30070 , 578 , 10367 , 16077
5560 , 2498.99 , 110 , 30070 , 580 , 10673 , 16085
5580 , 2553.73 , 110 , 30070 , 581 , 11031 , 18001
5600 , 2616.49 , 110 , 30070 , 582 , 11429 , 20067
5620 , 2608.31 , 110 , 30070 , 581 , 11406 , 19955
5640 , 2623.01 , 110 , 30070 , 582 , 11386 , 19955
5660 , 2653.56 , 110 , 30070 , 584 , 11560 , 19955
5680 , 2698.21 , 110 , 30070 , 585 , 11836 , 19955
5700 , 2696.5 , 110 , 30070 , 584 , 11854 , 20067
5720 , 2688.58 , 110 , 30070 , 583 , 11836 , 19955
5740 , 2682.8 , 110 , 30070 , 582 , 11832 , 19955
5760 , 2674.8 , 110 , 30070 , 581 , 11832 , 19955
5780 , 2690.41 , 110 , 30070 , 582 , 11829 , 19955
5800 , 2721.04 , 110 , 30070 , 584 , 11906 , 19955
5820 , 2765.55 , 110 , 30070 , 585 , 12181 , 19834
5840 , 2759.81 , 110 , 30070 , 584 , 12181 , 19834
5860 , 2773.72 , 110 , 30070 , 585 , 12180 , 19834
5880 , 2804.02 , 110 , 30070 , 587 , 12230 , 19834
5900 , 2849.57 , 110 , 30070 , 589 , 12442 , 19834
5920 , 2887.96 , 110 , 30070 , 590 , 12692 , 18964
5940 , 2938.36 , 110 , 30070 , 592 , 12882 , 20037
5960 , 2999.27 , 110 , 30070 , 594 , 13245 , 20960
5980 , 3068.55 , 110 , 30070 , 595 , 13598 , 21825
6000 , 3085.8 , 110 , 30070 , 595 , 13752 , 21866
6020 , 3081.36 , 110 , 30070 , 596 , 13705 , 21825
6040 , 3092.23 , 110 , 30070 , 597 , 13694 , 21825
6060 , 3125.12 , 110 , 30070 , 599 , 13813 , 21825
6080 , 3177.58 , 110 , 30070 , 600 , 14134 , 21825
6100 , 3246.99 , 110 , 30070 , 602 , 14405 , 22526
6120 , 3331.41 , 110 , 30481 , 604 , 14750 , 24096
6140 , 3428.09 , 110 , 34596 , 606 , 15130 , 25513
6160 , 3536.16 , 110 , 38044 , 607 , 15601 , 28894
6180 , 3657.78 , 110 , 42395 , 609 , 16000 , 30138
6200 , 3791.62 , 110 , 46624 , 611 , 16568 , 34209
6220 , 3936.33 , 110 , 50281 , 613 , 17224 , 37535
6240 , 4091.21 , 110 , 53515 , 614 , 17935 , 41943
6260 , 4138.31 , 110 , 57404 , 614 , 18113 , 44316
6280 , 4126.39 , 110 , 57404 , 613 , 18073 , 44316
6300 , 4113.86 , 110 , 57404 , 611 , 18041 , 44316
6320 , 4116.95 , 110 , 57404 , 612 , 18025 , 44204
6340 , 4126.77 , 110 , 57404 , 613 , 18001 , 44204
6360 , 4150.34 , 110 , 57404 , 615 , 17969 , 44204
6380 , 4140.67 , 110 , 57404 , 614 , 17935 , 44204
6400 , 4129.09 , 110 , 57404 , 613 , 17900 , 44204
6420 , 4118.49 , 110 , 57404 , 612 , 17863 , 42395
6440 , 4106.68 , 110 , 57404 , 611 , 17849 , 42395
6460 , 4103.22 , 110 , 57404 , 611 , 17831 , 42395
6480 , 4091.82 , 110 , 57404 , 609 , 17796 , 42395
6500 , 4080.38 , 110 , 57404 , 607 , 17757 , 42395
6520 , 4069.62 , 110 , 57404 , 606 , 17694 , 42276
6540 , 4058.41 , 110 , 57404 , 604 , 17641 , 42276
6560 , 4048.28 , 110 , 57404 , 602 , 17601 , 42276
6580 , 4037.93 , 110 , 57404 , 601 , 17593 , 42276
6600 , 4026.78 , 110 , 57404 , 599 , 17522 , 42276
6620 , 4017.34 , 110 , 57404 , 598 , 17507 , 42167
6640 , 4007.47 , 110 , 57404 , 597 , 17491 , 42167
6660 , 3997.93 , 110 , 57404 , 596 , 17390 , 42167
6680 , 3987.7 , 110 , 57404 , 594 , 17366 , 42167
6700 , 3976.79 , 110 , 57404 , 593 , 17344 , 42167
6720 , 3971.2 , 110 , 57404 , 592 , 17249 , 42055
6740 , 3961.71 , 110 , 57404 , 590 , 17226 , 42055
6760 , 3951.25 , 110 , 57404 , 589 , 17224 , 42055
6780 , 3940.87 , 110 , 57404 , 587 , 17211 , 42055
6800 , 3930.43 , 110 , 57404 , 586 , 17138 , 42055
6820 , 3921.39 , 110 , 57404 , 585 , 17138 , 41943
6840 , 3912.25 , 110 , 57404 , 584 , 17100 , 41943
6860 , 3902.59 , 110 , 57404 , 583 , 17050 , 41943
6880 , 3892.4 , 110 , 57404 , 582 , 17030 , 41943
6900 , 3882.39 , 110 , 57404 , 581 , 17024 , 41943
6920 , 3872.33 , 110 , 57404 , 580 , 16923 , 41833
6940 , 3862.29 , 110 , 57404 , 578 , 16896 , 41833
6960 , 3852.75 , 110 , 57404 , 577 , 16891 , 41833
6980 , 3843.11 , 110 , 57404 , 575 , 16853 , 41833
7000 , 3833.65 , 110 , 57404 , 574 , 16783 , 41833
7020 , 3825.18 , 110 , 57404 , 573 , 16776 , 41726
7040 , 3815.99 , 110 , 57404 , 572 , 16772 , 41726
7060 , 3807.24 , 110 , 57404 , 572 , 16705 , 41726
7080 , 3797.38 , 110 , 57404 , 570 , 16698 , 41726
7100 , 3788.7 , 110 , 57404 , 569 , 16652 , 41726
7120 , 3778.98 , 110 , 57404 , 568 , 16631 , 41611
7140 , 3770 , 110 , 57404 , 567 , 16568 , 41611
7160 , 3760.45 , 110 , 57404 , 566 , 16518 , 41611
7180 , 3751.45 , 110 , 57404 , 565 , 16489 , 41611
7200 , 3743.17 , 110 , 57404 , 563 , 16434 , 41611
7220 , 3734.19 , 110 , 57404 , 563 , 16409 , 41501
7240 , 3725.99 , 110 , 57404 , 561 , 16403 , 41501
7260 , 3716.8 , 110 , 57404 , 560 , 16378 , 41501
7280 , 3707.67 , 110 , 57404 , 559 , 16298 , 41501
7300 , 3698.6 , 110 , 57404 , 557 , 16293 , 41501
7320 , 3690.21 , 110 , 57404 , 556 , 16262 , 41381
7340 , 3682.06 , 110 , 57404 , 555 , 16225 , 41381
7360 , 3673.17 , 110 , 57404 , 555 , 16176 , 41381
7380 , 3664.29 , 110 , 57404 , 554 , 16172 , 41381
7400 , 3655.43 , 110 , 57404 , 553 , 16164 , 41381
7420 , 3646.61 , 110 , 57404 , 551 , 16135 , 41288
7440 , 3639.06 , 110 , 57404 , 550 , 16115 , 41288
7460 , 3630.38 , 110 , 57404 , 549 , 16085 , 41288
7480 , 3621.79 , 110 , 57404 , 548 , 16077 , 41288
7500 , 3614.46 , 110 , 57404 , 547 , 16073 , 41288
7520 , 3608.99 , 110 , 57404 , 546 , 16000 , 41179
7540 , 3600.48 , 110 , 57404 , 546 , 15997 , 41179
7560 , 3592.03 , 110 , 57404 , 544 , 15961 , 41179
7580 , 3583.63 , 110 , 57404 , 543 , 15957 , 41179
7600 , 3587.14 , 110 , 57404 , 543 , 15937 , 41179
7620 , 3578.57 , 110 , 57404 , 542 , 15926 , 41066
7640 , 3570.05 , 110 , 57404 , 542 , 15909 , 41066
7660 , 3565.5 , 110 , 57404 , 541 , 15869 , 41066
7680 , 3557.34 , 110 , 57404 , 540 , 15851 , 41066
7700 , 3550.16 , 110 , 57404 , 539 , 15845 , 41066
7720 , 3542.9 , 110 , 57404 , 539 , 15801 , 40955
7740 , 3535.67 , 110 , 57404 , 538 , 15774 , 40955
7760 , 3528.78 , 110 , 57404 , 538 , 15766 , 40955
7780 , 3522.49 , 110 , 57404 , 537 , 15750 , 40955
7800 , 3514.57 , 110 , 57404 , 536 , 15734 , 40955
7820 , 3506.74 , 110 , 57404 , 535 , 15730 , 40841
7840 , 3499.15 , 110 , 57404 , 535 , 15720 , 40841
7860 , 3492.12 , 110 , 57404 , 534 , 15695 , 40841
7880 , 3485.21 , 110 , 57404 , 533 , 15614 , 40841
7900 , 3477.67 , 110 , 57404 , 532 , 15601 , 40841
7920 , 3470.11 , 110 , 57404 , 532 , 15598 , 40729
7940 , 3463.56 , 110 , 57404 , 531 , 15558 , 40729
7960 , 3455.85 , 110 , 57404 , 530 , 15541 , 40729
7980 , 3451.38 , 110 , 57404 , 529 , 15476 , 40729
8000 , 3444.59 , 110 , 57404 , 528 , 15454 , 40729
8020 , 3437.88 , 110 , 57404 , 528 , 15449 , 40617
8040 , 3429.97 , 110 , 57404 , 527 , 15444 , 40617
8060 , 3422.68 , 110 , 57404 , 526 , 15420 , 40617
8080 , 3415.47 , 110 , 57404 , 526 , 15390 , 40617
8100 , 3409.09 , 110 , 57404 , 525 , 15384 , 40617
8120 , 3422.59 , 110 , 57404 , 526 , 15335 , 40496
8140 , 3454.73 , 110 , 57404 , 527 , 15766 , 40496
8160 , 3503.45 , 110 , 57404 , 528 , 16115 , 40496
8180 , 3568.6 , 110 , 57404 , 529 , 16568 , 40496
8200 , 3569.77 , 110 , 57404 , 528 , 16585 , 40496
8220 , 3562.56 , 110 , 57404 , 528 , 16568 , 40387
8240 , 3555.24 , 110 , 57404 , 527 , 16518 , 40387
8260 , 3547.54 , 110 , 57404 , 526 , 16489 , 40387
8280 , 3540.29 , 110 , 57404 , 526 , 16463 , 40387
8300 , 3532.81 , 110 , 57404 , 525 , 16434 , 40387
8320 , 3525.3 , 110 , 57404 , 524 , 16409 , 40277
8340 , 3519.75 , 110 , 57404 , 524 , 16403 , 40277
8360 , 3513.12 , 110 , 57404 , 524 , 16378 , 40277
8380 , 3506.07 , 110 , 57404 , 522 , 16351 , 40277
8400 , 3498.84 , 110 , 57404 , 522 , 16298 , 40277
8420 , 3492.47 , 110 , 57404 , 521 , 16293 , 38044
8440 , 3485.11 , 110 , 57404 , 520 , 16262 , 38044
8460 , 3477.95 , 110 , 57404 , 519 , 16251 , 38044
8480 , 3470.89 , 110 , 57404 , 518 , 16225 , 38044
8500 , 3463.74 , 110 , 57404 , 518 , 16176 , 38044
8520 , 3456.55 , 110 , 57404 , 517 , 16172 , 37930
8540 , 3449.45 , 110 , 57404 , 517 , 16164 , 37930
8560 , 3443.38 , 110 , 57404 , 517 , 16151 , 37930
8580 , 3436.51 , 110 , 57404 , 515 , 16135 , 37930
8600 , 3452.61 , 110 , 57404 , 517 , 16115 , 37930
8620 , 3484.42 , 110 , 57404 , 517 , 16463 , 37756
8640 , 3477.27 , 110 , 57404 , 517 , 16434 , 37756
8660 , 3471.52 , 110 , 57404 , 517 , 16409 , 37756
8680 , 3464.53 , 110 , 57404 , 515 , 16403 , 37756
8700 , 3457.56 , 110 , 57404 , 515 , 16378 , 37756
8720 , 3471.91 , 110 , 57404 , 516 , 16351 , 37662
8740 , 3491.83 , 110 , 57404 , 516 , 16631 , 37662
8760 , 3485.73 , 110 , 57404 , 516 , 16585 , 37662
8780 , 3479.6 , 110 , 57404 , 515 , 16568 , 37662
8800 , 3475.97 , 110 , 57404 , 514 , 16518 , 37662
8820 , 3490.34 , 110 , 57404 , 515 , 16489 , 37535
8840 , 3506.63 , 110 , 57404 , 516 , 16772 , 37535
8860 , 3499.78 , 110 , 57404 , 515 , 16705 , 37535
8880 , 3493.23 , 110 , 57404 , 515 , 16704 , 37535
8900 , 3489.51 , 110 , 57404 , 514 , 16698 , 37535
8920 , 3482.8 , 110 , 57404 , 514 , 16652 , 37403
8940 , 3475.95 , 110 , 57404 , 513 , 16631 , 37403
8960 , 3471.41 , 110 , 57404 , 512 , 16585 , 37403
8980 , 3468.27 , 110 , 57404 , 512 , 16568 , 37403
9000 , 3467.76 , 110 , 57404 , 512 , 16518 , 37403
9020 , 3466.41 , 110 , 57404 , 512 , 16489 , 37292
9040 , 3473.41 , 110 , 57404 , 512 , 16463 , 37292
9060 , 3466.58 , 110 , 57404 , 511 , 16434 , 37292
9080 , 3479.61 , 110 , 57404 , 512 , 16409 , 37292
9100 , 3510.08 , 110 , 57404 , 512 , 16881 , 37292
9120 , 3516.64 , 110 , 57404 , 512 , 16909 , 37182
9140 , 3511.37 , 110 , 57404 , 512 , 16896 , 37182
9160 , 3504.52 , 110 , 57404 , 511 , 16891 , 37182
9180 , 3500.3 , 110 , 57404 , 511 , 16881 , 37182
9200 , 3514.82 , 110 , 57404 , 512 , 16853 , 37182
9220 , 3548.46 , 110 , 57404 , 512 , 17224 , 37072
9240 , 3590.53 , 110 , 57404 , 513 , 17641 , 37072
9260 , 3608.46 , 110 , 57404 , 513 , 17718 , 37072
9280 , 3601.75 , 110 , 57404 , 513 , 17709 , 37072
9300 , 3595.19 , 110 , 57404 , 512 , 17698 , 37072
9320 , 3588.33 , 110 , 57404 , 512 , 17694 , 36963
9340 , 3581.68 , 110 , 57404 , 511 , 17653 , 36963
9360 , 3581.98 , 110 , 57404 , 512 , 17648 , 36963
9380 , 3575.54 , 110 , 57404 , 511 , 17641 , 36963
9400 , 3572.89 , 110 , 57404 , 510 , 17613 , 36963
9420 , 3585.91 , 110 , 57404 , 511 , 17601 , 36876
9440 , 3618 , 110 , 57404 , 512 , 17849 , 36876
9460 , 3667.96 , 110 , 57404 , 512 , 18107 , 36876
9480 , 3674.23 , 110 , 57404 , 512 , 18126 , 36876
9500 , 3688.02 , 110 , 57404 , 513 , 18113 , 36876
9520 , 3719.75 , 110 , 57404 , 514 , 18339 , 36767
9540 , 3767.52 , 110 , 57404 , 515 , 18544 , 36767
9560 , 3831.26 , 110 , 57404 , 516 , 18759 , 36767
9580 , 3894.76 , 110 , 57404 , 517 , 18959 , 40277
9600 , 3889.62 , 110 , 57404 , 517 , 18920 , 40277
9620 , 3884.41 , 110 , 57404 , 516 , 18911 , 38396
9640 , 3877.59 , 110 , 57404 , 515 , 18911 , 38396
9660 , 3878.51 , 110 , 57404 , 516 , 18864 , 38396
9680 , 3897.44 , 110 , 57404 , 517 , 18863 , 38396
9700 , 3891.81 , 110 , 57404 , 517 , 18862 , 38396
9720 , 3889.11 , 110 , 57404 , 517 , 18857 , 38044
9740 , 3883.76 , 110 , 57404 , 516 , 18819 , 38044
9760 , 3877.12 , 110 , 57404 , 515 , 18802 , 38044
9780 , 3871.1 , 110 , 57404 , 515 , 18798 , 38044
9800 , 3864.45 , 110 , 57404 , 514 , 18796 , 38044
9820 , 3857.62 , 110 , 57404 , 514 , 18793 , 37930
9840 , 3851.59 , 110 , 57404 , 514 , 18785 , 37930
9860 , 3846.01 , 110 , 57404 , 513 , 18761 , 37930
9880 , 3839.91 , 110 , 57404 , 512 , 18759 , 37930
9900 , 3833.59 , 110 , 57404 , 512 , 18751 , 37930
9920 , 3826.5 , 110 , 57404 , 511 , 18748 , 37756
9940 , 3822.37 , 109 , 57404 , 511 , 18719 , 37756
9960 , 3836.02 , 109 , 57404 , 511 , 18697 , 37756
9980 , 3869.31 , 109 , 57404 , 512 , 18920 , 37756
10000 , 3908.46 , 109 , 57404 , 513 , 19257 , 37756
10020 , 3901.91 , 109 , 57404 , 512 , 19252 , 37662
10040 , 3896.48 , 109 , 57404 , 512 , 19233 , 37662
10060 , 3892.9 , 109 , 57404 , 512 , 19218 , 37662
10080 , 3888.52 , 109 , 57404 , 512 , 19167 , 37662
10100 , 3882.73 , 109 , 57404 , 511 , 19141 , 37662
10120 , 3878.15 , 109 , 57404 , 511 , 19137 , 37535
10140 , 3871.38 , 109 , 57404 , 510 , 19123 , 37535
10160 , 3874.65 , 109 , 57404 , 510 , 19110 , 37535
10180 , 3868.88 , 109 , 57404 , 510 , 19065 , 37535
10200 , 3863.56 , 109 , 57404 , 510 , 19038 , 37535
10220 , 3857.2 , 109 , 57404 , 509 , 19018 , 37420
10240 , 3851.35 , 109 , 57404 , 509 , 18967 , 37420
10260 , 3844.78 , 109 , 57404 , 508 , 18964 , 37420
10280 , 3838.5 , 109 , 57404 , 508 , 18959 , 37420
10300 , 3831.71 , 109 , 57404 , 508 , 18920 , 37420
10320 , 3848.87 , 109 , 57404 , 508 , 18911 , 37403
10340 , 3885.33 , 109 , 57404 , 509 , 19317 , 37403
10360 , 3937.9 , 109 , 57404 , 509 , 19704 , 37403
10380 , 4008.57 , 109 , 57404 , 510 , 20067 , 40729
10400 , 4033.18 , 109 , 57404 , 510 , 20122 , 40841
10420 , 4039.83 , 109 , 57404 , 511 , 20137 , 40729
10440 , 4057.68 , 109 , 57404 , 512 , 20125 , 40729
10460 , 4093.54 , 109 , 57404 , 513 , 20363 , 40729
10480 , 4103.92 , 109 , 57404 , 512 , 20473 , 40729
10500 , 4121.74 , 109 , 57404 , 513 , 20428 , 40729
10520 , 4162.1 , 109 , 57404 , 514 , 20993 , 40617
10540 , 4222.9 , 109 , 57404 , 515 , 21481 , 40617
10560 , 4251.85 , 109 , 57404 , 515 , 21713 , 41259
10580 , 4244.75 , 109 , 57404 , 514 , 21697 , 41259
10600 , 4237.65 , 109 , 57404 , 514 , 21679 , 41259
10620 , 4230.57 , 109 , 57404 , 514 , 21646 , 41179
10640 , 4224.15 , 109 , 57404 , 514 , 21599 , 41179
10660 , 4219.4 , 109 , 57404 , 514 , 21590 , 41179
10680 , 4212.15 , 109 , 57404 , 512 , 21572 , 41179
10700 , 4208.36 , 109 , 57404 , 512 , 21555 , 41179
20 , 535.2 , 374 , 771 , 571 , 717 , 717
40 , 524.6 , 355 , 771 , 541 , 717 , 735
60 , 513.3 , 322 , 832 , 517 , 735 , 771
80 , 515.65 , 322 , 868 , 500 , 751 , 864
100 , 508.15 , 322 , 868 , 485 , 751 , 864
120 , 475.533 , 172 , 868 , 468 , 740 , 832
140 , 452.964 , 172 , 868 , 436 , 736 , 832
160 , 426.137 , 146 , 868 , 411 , 735 , 832
180 , 420.939 , 146 , 868 , 400 , 717 , 832
200 , 431.665 , 146 , 868 , 411 , 736 , 840
220 , 455.518 , 146 , 960 , 433 , 766 , 863
240 , 469.304 , 146 , 960 , 450 , 796 , 864
260 , 480.231 , 146 , 960 , 468 , 796 , 868
280 , 477.082 , 146 , 960 , 467 , 772 , 868
300 , 471.9 , 146 , 960 , 460 , 771 , 868
320 , 459.387 , 139 , 960 , 447 , 766 , 864
340 , 444.606 , 136 , 960 , 427 , 764 , 864
360 , 434.542 , 136 , 960 , 415 , 751 , 864
380 , 423.842 , 133 , 960 , 403 , 750 , 864
400 , 419.197 , 120 , 960 , 398 , 750 , 864
420 , 422.288 , 120 , 960 , 405 , 740 , 863
440 , 421.634 , 120 , 960 , 404 , 739 , 863
460 , 432.185 , 120 , 960 , 416 , 750 , 863
480 , 438.567 , 120 , 960 , 423 , 760 , 863
500 , 441.198 , 120 , 960 , 428 , 755 , 863
520 , 442.642 , 120 , 960 , 431 , 755 , 861
540 , 456.498 , 120 , 3220 , 437 , 765 , 889
560 , 461.512 , 120 , 3220 , 436 , 777 , 1192
580 , 461.46 , 120 , 3220 , 433 , 798 , 1234
600 , 465.507 , 120 , 3220 , 436 , 815 , 1242
620 , 465.711 , 120 , 3220 , 436 , 807 , 1234
640 , 468.972 , 120 , 3220 , 445 , 807 , 1234
660 , 471.315 , 120 , 3220 , 444 , 815 , 1301
680 , 465.685 , 120 , 3220 , 436 , 807 , 1301
700 , 460.966 , 120 , 3220 , 430 , 807 , 1301
720 , 458.885 , 120 , 3220 , 429 , 815 , 1242
740 , 460.649 , 120 , 3220 , 431 , 815 , 1242
760 , 462.499 , 120 , 3220 , 436 , 807 , 1242
780 , 462.036 , 120 , 3220 , 433 , 807 , 1242
800 , 462.462 , 120 , 3220 , 436 , 807 , 1242
820 , 464.289 , 120 , 3220 , 436 , 807 , 1234
840 , 461.462 , 120 , 3220 , 436 , 807 , 1234
860 , 460.765 , 120 , 3220 , 432 , 828 , 1234
880 , 459.451 , 120 , 3220 , 431 , 815 , 1234
900 , 460.59 , 120 , 3220 , 431 , 832 , 1237
920 , 460.411 , 120 , 3220 , 431 , 828 , 1234
940 , 461.656 , 120 , 3220 , 433 , 828 , 1234
960 , 461.965 , 120 , 3220 , 436 , 815 , 1234
980 , 459.667 , 120 , 3220 , 433 , 807 , 1234
1000 , 461.521 , 120 , 3220 , 437 , 807 , 1234
1020 , 463.205 , 120 , 3220 , 439 , 807 , 1234
1040 , 463.512 , 120 , 3220 , 440 , 807 , 1234
1060 , 463.034 , 120 , 3220 , 442 , 807 , 1234
1080 , 460.406 , 120 , 3220 , 436 , 807 , 1237
1100 , 458.97 , 120 , 3220 , 433 , 807 , 1242
1120 , 459.74 , 120 , 3220 , 433 , 822 , 1242
1140 , 460.074 , 120 , 3220 , 433 , 822 , 1242
1160 , 458.966 , 120 , 3220 , 433 , 815 , 1242
1180 , 461.402 , 120 , 3220 , 432 , 832 , 1306
1200 , 459.426 , 120 , 3220 , 430 , 832 , 1313
1220 , 461.571 , 120 , 3220 , 430 , 842 , 1313
1240 , 461.576 , 120 , 3220 , 429 , 861 , 1313
1260 , 462.971 , 120 , 3220 , 429 , 866 , 1346
1280 , 473.862 , 120 , 6780 , 426 , 885 , 1452
1300 , 494.902 , 120 , 6780 , 429 , 1006 , 2360
1320 , 490.92 , 120 , 6780 , 423 , 980 , 2309
1340 , 490.386 , 120 , 6780 , 423 , 980 , 2309
1360 , 489.484 , 120 , 6780 , 423 , 966 , 2309
1380 , 486.417 , 120 , 6780 , 421 , 960 , 2309
1400 , 486.271 , 120 , 6780 , 420 , 960 , 2309
1420 , 483.707 , 120 , 6780 , 418 , 957 , 2198
1440 , 487.951 , 120 , 6780 , 419 , 1020 , 2198
1460 , 486.027 , 120 , 6780 , 418 , 1017 , 2198
1480 , 495.444 , 120 , 6780 , 420 , 1080 , 2272
1500 , 500.892 , 120 , 6780 , 421 , 1140 , 2272
1520 , 509.164 , 120 , 6780 , 423 , 1210 , 2272
1540 , 508.529 , 120 , 6780 , 422 , 1210 , 2272
1560 , 506.996 , 120 , 6780 , 422 , 1205 , 2272
1580 , 507.18 , 120 , 6780 , 422 , 1205 , 2272
1600 , 505.883 , 120 , 6780 , 421 , 1192 , 2272
1620 , 504.606 , 120 , 6780 , 420 , 1188 , 2252
1640 , 504.133 , 120 , 6780 , 421 , 1182 , 2252
1660 , 501.669 , 120 , 6780 , 419 , 1150 , 2252
1680 , 500.346 , 120 , 6780 , 419 , 1148 , 2252
1700 , 498.356 , 120 , 6780 , 416 , 1140 , 2252
1720 , 499.933 , 120 , 6780 , 417 , 1182 , 2198
1740 , 500.068 , 118 , 6780 , 415 , 1192 , 2252
1760 , 500.68 , 118 , 6780 , 417 , 1192 , 2252
1780 , 499.566 , 118 , 6780 , 417 , 1188 , 2252
1800 , 499.027 , 118 , 6780 , 417 , 1182 , 2252
1820 , 520.193 , 118 , 6780 , 419 , 1263 , 2622
1840 , 540.805 , 118 , 6780 , 420 , 1384 , 3178
1860 , 542.682 , 118 , 6780 , 421 , 1384 , 3220
1880 , 541.327 , 118 , 6780 , 421 , 1373 , 3220
1900 , 540.769 , 118 , 6780 , 422 , 1356 , 3220
1920 , 555.692 , 118 , 6780 , 423 , 1452 , 3435
1940 , 559.274 , 118 , 6780 , 426 , 1462 , 3507
1960 , 559.483 , 118 , 6780 , 427 , 1452 , 3507
1980 , 557.169 , 118 , 6780 , 426 , 1422 , 3507
2000 , 557.246 , 118 , 6780 , 429 , 1410 , 3507
2020 , 557.521 , 118 , 6780 , 430 , 1410 , 3435
2040 , 573.419 , 118 , 6780 , 432 , 1514 , 3671
2060 , 589.713 , 118 , 6780 , 433 , 1678 , 3815
2080 , 600.907 , 118 , 6780 , 436 , 1785 , 3966
2100 , 615.616 , 118 , 6780 , 438 , 2008 , 4052
2120 , 632.155 , 118 , 6780 , 440 , 2124 , 4174
2140 , 646.216 , 118 , 6780 , 442 , 2198 , 4240
2160 , 666.638 , 118 , 6780 , 445 , 2351 , 4318
2180 , 674.804 , 118 , 6780 , 446 , 2522 , 4387
2200 , 690.773 , 118 , 6780 , 447 , 2622 , 4533
2220 , 692.815 , 118 , 6780 , 446 , 2690 , 4550
2240 , 715.172 , 118 , 6780 , 447 , 2880 , 4675
2260 , 741.326 , 118 , 6780 , 449 , 3115 , 4843
2280 , 759.5 , 118 , 6780 , 450 , 3229 , 5035
2300 , 773.297 , 118 , 6780 , 453 , 3288 , 5038
2320 , 789.936 , 118 , 6780 , 453 , 3435 , 5088
2340 , 810.252 , 118 , 6780 , 456 , 3556 , 5164
2360 , 818.481 , 118 , 6780 , 456 , 3607 , 5380
2380 , 815.629 , 118 , 6780 , 456 , 3606 , 5380
2400 , 812.918 , 118 , 6780 , 455 , 3601 , 5380
2420 , 809.311 , 118 , 6780 , 453 , 3591 , 5364
2440 , 806.297 , 118 , 6780 , 453 , 3556 , 5364
2460 , 802.326 , 118 , 6780 , 450 , 3520 , 5364
2480 , 798.995 , 118 , 6780 , 449 , 3509 , 5364
2500 , 795.829 , 118 , 6780 , 449 , 3507 , 5364
2520 , 792.651 , 118 , 6780 , 447 , 3480 , 5347
2540 , 789.066 , 118 , 6780 , 445 , 3452 , 5347
2560 , 795.382 , 118 , 6780 , 447 , 3444 , 5347
2580 , 805.785 , 118 , 6780 , 449 , 3440 , 5347
2600 , 823.59 , 118 , 6780 , 450 , 3520 , 5347
2620 , 829.845 , 118 , 6780 , 450 , 3591 , 5347
2640 , 827.226 , 118 , 6780 , 449 , 3556 , 5347
2660 , 823.892 , 118 , 6780 , 449 , 3530 , 5347
2680 , 822.362 , 118 , 6780 , 449 , 3520 , 5347
2700 , 820.755 , 118 , 6780 , 450 , 3509 , 5347
2720 , 818.142 , 118 , 6780 , 450 , 3507 , 5272
2740 , 815.159 , 118 , 6780 , 449 , 3480 , 5272
2760 , 812.286 , 118 , 6780 , 449 , 3452 , 5272
2780 , 809.486 , 118 , 6780 , 449 , 3444 , 5272
2800 , 807.185 , 118 , 6780 , 449 , 3440 , 5272
2820 , 808.749 , 118 , 6830 , 449 , 3440 , 5272
2840 , 805.256 , 118 , 6830 , 449 , 3439 , 5272
2860 , 815.406 , 118 , 6830 , 450 , 3435 , 5272
2880 , 835.958 , 118 , 6830 , 451 , 3599 , 5272
2900 , 841.068 , 111 , 6830 , 451 , 3607 , 5363
2920 , 851.008 , 109 , 6830 , 453 , 3606 , 5347
2940 , 870.97 , 109 , 6830 , 454 , 3695 , 5347
2960 , 899.249 , 109 , 6830 , 456 , 3912 , 5466
2980 , 909.773 , 109 , 7301 , 455 , 3966 , 5637
3000 , 923.985 , 109 , 7301 , 457 , 3980 , 5637
3020 , 948.529 , 109 , 7301 , 460 , 4111 , 5669
3040 , 980.249 , 109 , 7301 , 463 , 4256 , 5924
3060 , 986.27 , 109 , 9066 , 462 , 4299 , 5980
3080 , 997.51 , 109 , 9066 , 463 , 4360 , 5980
3100 , 1011.41 , 109 , 9066 , 464 , 4415 , 5980
3120 , 1029.38 , 109 , 9066 , 466 , 4464 , 5993
3140 , 1053.06 , 109 , 9066 , 467 , 4539 , 6118
3160 , 1087.27 , 109 , 9066 , 469 , 4675 , 6659
3180 , 1086.45 , 109 , 9066 , 469 , 4664 , 6659
3200 , 1119.9 , 109 , 9519 , 470 , 4801 , 6935
3220 , 1124.99 , 109 , 12193 , 470 , 4809 , 6941
3240 , 1156.88 , 109 , 12193 , 472 , 4932 , 7203
3260 , 1157.25 , 109 , 12193 , 472 , 4932 , 7243
3280 , 1183.28 , 109 , 12193 , 473 , 5057 , 7524
3300 , 1215.99 , 109 , 12193 , 476 , 5199 , 7932
3320 , 1264.7 , 109 , 12193 , 479 , 5380 , 8595
3340 , 1312.39 , 109 , 14035 , 480 , 5535 , 9170
3360 , 1322.42 , 109 , 14035 , 481 , 5526 , 9170
3380 , 1341.7 , 109 , 14035 , 483 , 5537 , 9170
3400 , 1369.31 , 109 , 14035 , 486 , 5691 , 9170
3420 , 1404.86 , 109 , 14035 , 487 , 5924 , 9066
3440 , 1403.6 , 109 , 14035 , 486 , 5932 , 9066
3460 , 1416.03 , 109 , 14035 , 488 , 5931 , 9066
3480 , 1437.5 , 109 , 14035 , 492 , 5935 , 9066
3500 , 1468.35 , 109 , 14035 , 493 , 6124 , 9066
3520 , 1461.38 , 109 , 14035 , 492 , 6118 , 9036
3540 , 1471.24 , 109 , 14035 , 493 , 6116 , 9036
3560 , 1490.59 , 109 , 14035 , 496 , 6118 , 9036
3580 , 1520.79 , 109 , 14035 , 498 , 6290 , 9036
3600 , 1539.66 , 109 , 14035 , 500 , 6362 , 9503
3620 , 1549.9 , 109 , 14035 , 502 , 6352 , 9462
3640 , 1572.31 , 109 , 14035 , 503 , 6394 , 9462
3660 , 1602.77 , 109 , 14035 , 505 , 6547 , 9462
3680 , 1596.24 , 109 , 14035 , 503 , 6535 , 9462
3700 , 1590.3 , 109 , 14035 , 503 , 6527 , 9462
3720 , 1584.36 , 109 , 14035 , 503 , 6516 , 9359
3740 , 1607.55 , 109 , 14035 , 504 , 6626 , 9359
3760 , 1642.06 , 109 , 14035 , 506 , 6787 , 9564
3780 , 1636.9 , 109 , 14035 , 505 , 6781 , 9564
3800 , 1644.57 , 109 , 14035 , 507 , 6780 , 9564
3820 , 1643.88 , 109 , 14035 , 507 , 6764 , 9519
3840 , 1637.03 , 109 , 14035 , 505 , 6763 , 9519
3860 , 1632.13 , 109 , 14035 , 505 , 6757 , 9519
3880 , 1626.34 , 109 , 14035 , 504 , 6729 , 9519
3900 , 1620.7 , 109 , 14035 , 504 , 6696 , 9519
3920 , 1614.85 , 109 , 14035 , 503 , 6695 , 9503
3940 , 1608.88 , 109 , 14035 , 503 , 6687 , 9503
3960 , 1603.23 , 109 , 14035 , 503 , 6666 , 9503
3980 , 1598.14 , 109 , 14035 , 503 , 6663 , 9503
4000 , 1592.73 , 109 , 14035 , 503 , 6659 , 9503
4020 , 1586.92 , 109 , 14035 , 502 , 6648 , 9473
4040 , 1582.4 , 109 , 14035 , 503 , 6640 , 9473
4060 , 1577.29 , 109 , 14035 , 503 , 6639 , 9473
4080 , 1572 , 109 , 14035 , 503 , 6632 , 9473
4100 , 1566.36 , 109 , 14035 , 502 , 6626 , 9473
4120 , 1560.04 , 109 , 14035 , 500 , 6601 , 9462
4140 , 1570.32 , 109 , 14035 , 502 , 6595 , 9462
4160 , 1588.28 , 109 , 14035 , 503 , 6663 , 9462
4180 , 1608.8 , 109 , 14035 , 505 , 6687 , 9462
4200 , 1612.26 , 109 , 14035 , 504 , 6729 , 9519
4220 , 1623.92 , 109 , 14035 , 506 , 6696 , 9511
4240 , 1638.44 , 109 , 14035 , 507 , 6780 , 9511
4260 , 1650.19 , 109 , 14035 , 510 , 6781 , 9511
4280 , 1663.17 , 109 , 14035 , 511 , 6780 , 9511
4300 , 1682.52 , 109 , 14035 , 513 , 6827 , 9511
4320 , 1706.57 , 109 , 14035 , 516 , 6896 , 9503
4340 , 1744.6 , 109 , 14035 , 519 , 7045 , 9865
4360 , 1796.25 , 109 , 14132 , 522 , 7203 , 10760
4380 , 1861.43 , 109 , 17234 , 525 , 7397 , 12404
4400 , 1940.01 , 109 , 20326 , 528 , 7586 , 13828
4420 , 2031.35 , 109 , 23404 , 531 , 7805 , 16627
4440 , 2134.03 , 109 , 26015 , 533 , 8020 , 19668
4460 , 2187.35 , 109 , 28695 , 533 , 8120 , 21382
4480 , 2196.39 , 109 , 28695 , 534 , 8107 , 21382
4500 , 2208.77 , 109 , 28695 , 536 , 8187 , 21382
4520 , 2218.65 , 109 , 28695 , 540 , 8176 , 21185
4540 , 2229.89 , 109 , 28695 , 540 , 8205 , 21185
4560 , 2234.64 , 109 , 28695 , 542 , 8204 , 21185
4580 , 2244.85 , 109 , 28695 , 547 , 8193 , 21185
4600 , 2245.02 , 109 , 28695 , 547 , 8207 , 21185
4620 , 2254.19 , 109 , 28695 , 548 , 8205 , 21078
4640 , 2276.29 , 109 , 28695 , 552 , 8229 , 21078
4660 , 2269.89 , 109 , 28695 , 551 , 8210 , 21078
4680 , 2262.04 , 109 , 28695 , 548 , 8207 , 21078
4700 , 2254.57 , 109 , 28695 , 548 , 8205 , 21078
4720 , 2257.83 , 109 , 28695 , 549 , 8204 , 20972
4740 , 2250.46 , 109 , 28695 , 550 , 8193 , 20972
4760 , 2259.96 , 109 , 28695 , 552 , 8187 , 20972
4780 , 2282.42 , 109 , 28695 , 553 , 8210 , 20972
4800 , 2319.76 , 109 , 28695 , 555 , 8451 , 20972
4820 , 2370.82 , 109 , 28695 , 558 , 8669 , 20326
4840 , 2436.52 , 109 , 28695 , 559 , 9036 , 20326
4860 , 2516.31 , 109 , 28695 , 561 , 9611 , 22154
4880 , 2609.2 , 109 , 28695 , 563 , 10159 , 23301
4900 , 2711.05 , 109 , 29137 , 564 , 10989 , 25069
4920 , 2821.15 , 109 , 31263 , 567 , 11945 , 26198
4940 , 2939.55 , 109 , 33599 , 569 , 12807 , 28225
4960 , 3066.72 , 109 , 35955 , 572 , 13924 , 29673
4980 , 3181.14 , 109 , 38218 , 573 , 15395 , 31263
5000 , 3169.29 , 109 , 38218 , 571 , 15309 , 31263
5020 , 3172.99 , 109 , 38218 , 572 , 15289 , 31249
5040 , 3162.28 , 109 , 38218 , 571 , 15207 , 31249
5060 , 3152.05 , 109 , 38218 , 572 , 15182 , 31249
5080 , 3141.59 , 109 , 38218 , 571 , 15076 , 31249
5100 , 3150.26 , 109 , 38218 , 572 , 14967 , 31249
5120 , 3170.21 , 109 , 38218 , 575 , 14860 , 31134
5140 , 3201.17 , 109 , 38218 , 579 , 14780 , 31134
5160 , 3243.73 , 109 , 38218 , 582 , 15076 , 31134
5180 , 3300.35 , 109 , 38218 , 585 , 15837 , 31134
5200 , 3350.69 , 109 , 38218 , 587 , 16936 , 31134
5220 , 3362.17 , 109 , 38218 , 587 , 16832 , 31117
5240 , 3353.51 , 109 , 38218 , 586 , 16729 , 31117
5260 , 3342.02 , 109 , 38218 , 585 , 16627 , 31117
5280 , 3348.35 , 109 , 38218 , 587 , 16526 , 31117
5300 , 3356.34 , 109 , 38218 , 588 , 16371 , 31117
5320 , 3344.9 , 109 , 38218 , 586 , 16229 , 31002
5340 , 3356.89 , 109 , 38218 , 588 , 16148 , 31002
5360 , 3387.02 , 109 , 38218 , 589 , 16040 , 31002
5380 , 3433.42 , 109 , 38218 , 593 , 16606 , 31002
5400 , 3499 , 109 , 38218 , 595 , 17465 , 31002
5420 , 3581.78 , 109 , 38218 , 598 , 18409 , 30987
5440 , 3683.19 , 109 , 38218 , 600 , 19012 , 31680
5460 , 3802.2 , 109 , 38218 , 601 , 20326 , 33165
5480 , 3938.46 , 109 , 42482 , 604 , 21440 , 35477
5500 , 4090.42 , 109 , 47092 , 607 , 22050 , 36808
5520 , 4255.74 , 109 , 51029 , 609 , 22615 , 40570
5540 , 4433.85 , 109 , 54987 , 610 , 24245 , 45026
5560 , 4623.69 , 109 , 58616 , 613 , 25242 , 49013
5580 , 4822.11 , 109 , 61529 , 617 , 25949 , 52906
5600 , 5029.51 , 109 , 64318 , 618 , 26934 , 56375
5620 , 5246.93 , 109 , 67470 , 621 , 28403 , 58972
5640 , 5474.3 , 109 , 70636 , 623 , 29928 , 61953
5660 , 5711.33 , 109 , 73888 , 625 , 31134 , 65212
5680 , 5957.72 , 109 , 77016 , 628 , 32334 , 68574
5700 , 6213.88 , 109 , 80265 , 632 , 34215 , 71633
5720 , 6479.73 , 109 , 83584 , 635 , 36072 , 74653
5740 , 6755.88 , 109 , 87064 , 639 , 37362 , 78004
5760 , 7033.11 , 109 , 90339 , 643 , 41354 , 80265
5780 , 7029.92 , 109 , 90339 , 643 , 41240 , 80265
5800 , 7007.11 , 109 , 90339 , 640 , 41125 , 80265
5820 , 7008.6 , 109 , 90339 , 643 , 41001 , 80154
5840 , 7010.69 , 109 , 90339 , 643 , 40894 , 80154
5860 , 6988.94 , 109 , 90339 , 641 , 40787 , 80154
5880 , 6982.1 , 109 , 90339 , 642 , 40681 , 80154
5900 , 6961.12 , 109 , 90339 , 640 , 40572 , 80154
5920 , 6957.24 , 109 , 90339 , 643 , 40570 , 80026
5940 , 6969.67 , 109 , 90339 , 645 , 40459 , 80026
5960 , 6995.7 , 109 , 90339 , 647 , 40273 , 80026
5980 , 6990.91 , 109 , 90339 , 647 , 38218 , 80026
6000 , 6972.22 , 109 , 90339 , 646 , 38053 , 80026
6020 , 6962.79 , 109 , 90339 , 646 , 37925 , 79916
6040 , 6941.55 , 109 , 90339 , 645 , 37797 , 79916
6060 , 6919.83 , 109 , 90339 , 643 , 37669 , 79916
6080 , 6905.38 , 109 , 90339 , 642 , 37577 , 79916
6100 , 6888.53 , 109 , 90339 , 640 , 37543 , 79916
6120 , 6886.82 , 109 , 90339 , 643 , 37369 , 79805
6140 , 6891.88 , 109 , 90339 , 645 , 37362 , 79805
6160 , 6874.86 , 109 , 90339 , 643 , 37254 , 79805
6180 , 6854.09 , 109 , 90339 , 642 , 37206 , 79805
6200 , 6835.38 , 109 , 90339 , 639 , 37147 , 79805
6220 , 6814.58 , 109 , 90339 , 636 , 37064 , 79694
6240 , 6814.17 , 109 , 90339 , 640 , 37022 , 79694
6260 , 6808.73 , 109 , 90339 , 640 , 36932 , 79694
6280 , 6789.67 , 109 , 90339 , 637 , 36913 , 79694
6300 , 6769.53 , 109 , 90339 , 634 , 36808 , 79694
6320 , 6768.92 , 109 , 90339 , 637 , 36806 , 79583
6340 , 6770.77 , 109 , 90339 , 638 , 36697 , 79583
6360 , 6770.96 , 109 , 90339 , 642 , 36674 , 79583
6380 , 6772.77 , 109 , 90339 , 643 , 36587 , 79583
6400 , 6762.69 , 109 , 90339 , 642 , 36537 , 79583
6420 , 6743.23 , 109 , 90339 , 641 , 36479 , 79466
6440 , 6724.33 , 109 , 90339 , 637 , 36399 , 79466
6460 , 6706.14 , 109 , 90339 , 635 , 36368 , 79466
6480 , 6687.12 , 109 , 90339 , 634 , 36290 , 79466
6500 , 6669.56 , 109 , 90339 , 632 , 36179 , 79466
6520 , 6651.69 , 109 , 90339 , 631 , 36072 , 79353
6540 , 6632.79 , 109 , 90339 , 627 , 35955 , 79353
6560 , 6614.03 , 109 , 90339 , 626 , 35939 , 79353
6580 , 6595.42 , 109 , 90339 , 625 , 35811 , 79353
6600 , 6581.93 , 109 , 90339 , 624 , 35796 , 79353
6620 , 6563.11 , 109 , 90339 , 622 , 35688 , 79214
6640 , 6564.75 , 109 , 90339 , 624 , 35676 , 79214
6660 , 6570.28 , 109 , 90339 , 626 , 35582 , 79214
6680 , 6588.26 , 109 , 90339 , 628 , 35555 , 79214
6700 , 6586.12 , 109 , 90339 , 627 , 35477 , 79214
6720 , 6577.91 , 109 , 90339 , 627 , 35407 , 79055
6740 , 6580.31 , 109 , 90339 , 628 , 35341 , 79055
6760 , 6598.88 , 109 , 90339 , 632 , 35272 , 79055
6780 , 6630.47 , 109 , 90339 , 635 , 35140 , 79055
6800 , 6675.7 , 109 , 90339 , 637 , 35008 , 79055
6820 , 6674.57 , 109 , 90339 , 637 , 34846 , 78935
6840 , 6657.41 , 109 , 90339 , 635 , 34659 , 78935
6860 , 6643.03 , 109 , 90339 , 633 , 34504 , 78935
6880 , 6624.86 , 109 , 90339 , 631 , 34352 , 78935
6900 , 6608.15 , 109 , 90339 , 628 , 34215 , 78935
6920 , 6590.58 , 109 , 90339 , 627 , 34078 , 78824
6940 , 6573.71 , 109 , 90339 , 626 , 33946 , 78824
6960 , 6556.27 , 109 , 90339 , 625 , 33813 , 78824
6980 , 6539.95 , 109 , 90339 , 623 , 33657 , 78824
7000 , 6522.79 , 109 , 90339 , 622 , 33599 , 78824
7020 , 6505.62 , 109 , 90339 , 620 , 33471 , 78674
7040 , 6488.7 , 109 , 90339 , 619 , 33455 , 78674
7060 , 6472.89 , 109 , 90339 , 619 , 33315 , 78674
7080 , 6456.47 , 109 , 90339 , 618 , 33301 , 78674
7100 , 6462.05 , 109 , 90339 , 619 , 33165 , 78674
7120 , 6484.77 , 109 , 90339 , 621 , 33142 , 78563
7140 , 6515.62 , 109 , 90339 , 623 , 32985 , 78563
7160 , 6557.41 , 109 , 90339 , 625 , 32808 , 78563
7180 , 6611.44 , 109 , 90339 , 627 , 32636 , 78563
7200 , 6599.71 , 109 , 90339 , 630 , 32583 , 78563
7220 , 6603.73 , 109 , 90339 , 632 , 32493 , 78444
7240 , 6624.77 , 109 , 90339 , 634 , 32480 , 78444
7260 , 6660.42 , 109 , 90339 , 637 , 32371 , 78444
7280 , 6653.09 , 109 , 90339 , 636 , 32334 , 78444
7300 , 6635.84 , 109 , 90339 , 634 , 32265 , 78444
7320 , 6624.14 , 109 , 90339 , 633 , 32203 , 78335
7340 , 6607.02 , 109 , 90339 , 631 , 32157 , 78335
7360 , 6610.39 , 109 , 90339 , 633 , 32072 , 78335
7380 , 6630.68 , 109 , 90339 , 635 , 32040 , 78335
7400 , 6666.62 , 109 , 90339 , 639 , 31941 , 78335
7420 , 6717.77 , 109 , 90339 , 642 , 31898 , 78230
7440 , 6761.31 , 109 , 90339 , 643 , 32251 , 78230
7460 , 6744.43 , 109 , 90339 , 642 , 32203 , 78230
7480 , 6742.24 , 109 , 90339 , 643 , 32157 , 78230
7500 , 6726.64 , 109 , 90339 , 642 , 32095 , 78230
7520 , 6709.91 , 109 , 90339 , 640 , 32072 , 78120
7540 , 6693.09 , 109 , 90339 , 636 , 32040 , 78120
7560 , 6677.43 , 109 , 90339 , 634 , 31989 , 78120
7580 , 6660.33 , 109 , 90339 , 632 , 31941 , 78120
7600 , 6663.8 , 109 , 90339 , 634 , 31898 , 78120
7620 , 6673.02 , 109 , 90339 , 636 , 31883 , 78004
7640 , 6700.5 , 109 , 90339 , 640 , 31811 , 78004
7660 , 6744.82 , 109 , 90339 , 643 , 31793 , 78004
7680 , 6739.09 , 109 , 90339 , 641 , 31782 , 78004
7700 , 6739.42 , 109 , 90339 , 642 , 31692 , 78004
7720 , 6723.86 , 109 , 90339 , 641 , 31680 , 77016
7740 , 6731.64 , 109 , 90339 , 643 , 31659 , 77016
7760 , 6758.39 , 109 , 90339 , 644 , 31580 , 77016
7780 , 6762.7 , 109 , 90339 , 644 , 31539 , 77016
7800 , 6746.52 , 109 , 90339 , 643 , 31507 , 77016
7820 , 6730.57 , 109 , 90339 , 641 , 31404 , 76908
7840 , 6714.68 , 109 , 90339 , 638 , 31348 , 76908
7860 , 6699.38 , 109 , 90339 , 637 , 31263 , 76908
7880 , 6683.61 , 109 , 90339 , 635 , 31249 , 76908
7900 , 6686.88 , 109 , 90339 , 637 , 31208 , 76908
7920 , 6707.06 , 109 , 90339 , 640 , 31201 , 76794
7940 , 6743.05 , 109 , 90339 , 642 , 31134 , 76794
7960 , 6729.89 , 109 , 90339 , 641 , 31117 , 76794
7980 , 6735.74 , 109 , 90339 , 643 , 31050 , 76794
8000 , 6753.76 , 109 , 90339 , 643 , 31046 , 76794
8020 , 6737.87 , 109 , 90339 , 642 , 31002 , 76682
8040 , 6726.78 , 109 , 90339 , 641 , 30987 , 76682
8060 , 6734.39 , 109 , 90339 , 643 , 30939 , 76682
8080 , 6758.4 , 109 , 90339 , 644 , 30872 , 76682
8100 , 6796.51 , 109 , 90339 , 645 , 30856 , 76682
20 , 399.7 , 255 , 717 , 433 , 528 , 528
40 , 446.575 , 217 , 972 , 433 , 725 , 905
60 , 478.733 , 217 , 999 , 439 , 905 , 972
80 , 537.725 , 217 , 1612 , 493 , 948 , 999
100 , 556.89 , 217 , 1612 , 522 , 929 , 999
120 , 550.225 , 217 , 1612 , 505 , 929 , 999
140 , 558.007 , 217 , 1612 , 522 , 929 , 1152
160 , 524.769 , 129 , 1612 , 500 , 905 , 1152
180 , 511.617 , 129 , 1612 , 491 , 880 , 1152
200 , 479.285 , 122 , 1612 , 468 , 869 , 1152
220 , 451.109 , 114 , 1612 , 441 , 836 , 999
240 , 425.904 , 114 , 1612 , 418 , 801 , 999
260 , 404.377 , 114 , 1612 , 393 , 792 , 999
280 , 388.793 , 114 , 1612 , 363 , 779 , 999
300 , 374.797 , 114 , 1612 , 335 , 775 , 999
320 , 365.587 , 114 , 1612 , 327 , 770 , 972
340 , 357.932 , 114 , 1612 , 304 , 763 , 972
360 , 349.897 , 114 , 1612 , 283 , 748 , 972
380 , 340.818 , 114 , 1612 , 255 , 747 , 972
400 , 332.06 , 114 , 1612 , 237 , 744 , 972
420 , 329.214 , 114 , 1612 , 236 , 729 , 964
440 , 331.302 , 114 , 1612 , 250 , 729 , 964
460 , 334.498 , 114 , 1612 , 257 , 729 , 964
480 , 331.625 , 114 , 1612 , 255 , 727 , 964
500 , 331.578 , 114 , 1612 , 248 , 729 , 972
520 , 334.081 , 114 , 1612 , 253 , 729 , 964
540 , 344.089 , 114 , 1612 , 260 , 754 , 964
560 , 354.28 , 114 , 1612 , 281 , 758 , 964
580 , 360.403 , 114 , 1612 , 290 , 763 , 972
600 , 369.307 , 114 , 1612 , 309 , 773 , 999
620 , 373.211 , 114 , 1612 , 325 , 773 , 972
640 , 370.175 , 114 , 1612 , 313 , 773 , 999
660 , 369.215 , 114 , 1612 , 311 , 773 , 999
680 , 371.535 , 114 , 1612 , 322 , 773 , 999
700 , 373.459 , 114 , 1612 , 330 , 770 , 999
720 , 373.843 , 114 , 1612 , 335 , 763 , 972
740 , 376.835 , 114 , 1612 , 340 , 758 , 972
760 , 378.184 , 114 , 1612 , 346 , 754 , 972
780 , 379.336 , 114 , 1612 , 350 , 758 , 999
800 , 376.866 , 114 , 1612 , 341 , 754 , 999
820 , 377.506 , 114 , 1612 , 339 , 763 , 1011
840 , 376.324 , 114 , 1612 , 335 , 763 , 1018
860 , 378.165 , 114 , 1612 , 335 , 773 , 1082
880 , 385.927 , 114 , 2298 , 335 , 786 , 1166
900 , 386.062 , 114 , 2298 , 330 , 787 , 1246
920 , 386.609 , 114 , 2298 , 327 , 801 , 1246
940 , 389.08 , 114 , 2298 , 322 , 824 , 1263
960 , 391.673 , 114 , 2298 , 322 , 852 , 1331
980 , 398.17 , 114 , 2298 , 327 , 867 , 1406
1000 , 399.663 , 114 , 2298 , 333 , 867 , 1406
1020 , 400.57 , 114 , 2298 , 336 , 863 , 1361
1040 , 405.102 , 114 , 2298 , 340 , 881 , 1451
1060 , 406.42 , 114 , 2298 , 346 , 880 , 1451
1080 , 410.615 , 114 , 2298 , 354 , 880 , 1451
1100 , 412.659 , 114 , 2298 , 359 , 869 , 1451
1120 , 413.096 , 114 , 2298 , 361 , 867 , 1406
1140 , 415.614 , 114 , 2298 , 365 , 867 , 1406
1160 , 415.172 , 114 , 2298 , 366 , 863 , 1406
1180 , 416.716 , 114 , 2298 , 369 , 858 , 1406
1200 , 425.877 , 114 , 2319 , 373 , 896 , 1507
1220 , 426.921 , 114 , 2319 , 375 , 896 , 1507
1240 , 431.156 , 114 , 2319 , 377 , 923 , 1612
1260 , 434.784 , 114 , 2319 , 377 , 956 , 1676
1280 , 436.962 , 114 , 2319 , 378 , 972 , 1676
1300 , 440.037 , 114 , 2319 , 378 , 1011 , 1676
1320 , 441.775 , 114 , 2319 , 378 , 1052 , 1654
1340 , 445.401 , 114 , 2319 , 379 , 1082 , 1654
1360 , 445.117 , 114 , 2319 , 381 , 1072 , 1654
1380 , 446.778 , 114 , 2319 , 385 , 1065 , 1654
1400 , 448.305 , 114 , 2319 , 388 , 1060 , 1654
1420 , 449.516 , 114 , 2319 , 390 , 1057 , 1642
1440 , 451.685 , 114 , 2319 , 394 , 1052 , 1642
1460 , 449.918 , 114 , 2319 , 393 , 1032 , 1642
1480 , 448.395 , 114 , 2319 , 390 , 1018 , 1642
1500 , 455.793 , 114 , 2627 , 393 , 1082 , 1733
1520 , 460.698 , 114 , 2627 , 393 , 1115 , 1754
1540 , 463.41 , 114 , 2627 , 394 , 1136 , 1765
1560 , 471.159 , 114 , 2787 , 395 , 1166 , 1880
1580 , 473.494 , 114 , 2787 , 395 , 1217 , 1880
1600 , 477.683 , 114 , 2787 , 396 , 1252 , 1880
1620 , 483.951 , 114 , 2787 , 398 , 1288 , 1887
1640 , 487.951 , 114 , 2787 , 399 , 1325 , 1918
1660 , 494.93 , 114 , 2787 , 402 , 1367 , 1981
1680 , 502.432 , 114 , 2787 , 403 , 1421 , 2007
1700 , 505.445 , 114 , 2787 , 404 , 1441 , 2007
1720 , 510.382 , 114 , 2787 , 407 , 1448 , 1988
1740 , 511.469 , 114 , 2787 , 413 , 1445 , 1988
1760 , 511.621 , 114 , 2787 , 415 , 1443 , 1988
1780 , 516.011 , 114 , 2787 , 418 , 1452 , 2009
1800 , 515.033 , 114 , 2787 , 416 , 1451 , 2009
1820 , 513.84 , 114 , 2787 , 414 , 1448 , 2007
1840 , 513.28 , 114 , 2787 , 415 , 1445 , 2007
1860 , 511.472 , 114 , 2787 , 412 , 1443 , 2007
1880 , 510.201 , 114 , 2787 , 410 , 1441 , 2007
1900 , 509.261 , 114 , 2787 , 411 , 1441 , 2007
1920 , 507.715 , 114 , 2787 , 409 , 1421 , 1988
1940 , 511.679 , 114 , 2787 , 410 , 1445 , 2007
1960 , 511.45 , 114 , 2787 , 411 , 1443 , 2007
1980 , 510.895 , 114 , 2787 , 410 , 1443 , 2007
2000 , 509.871 , 114 , 2787 , 410 , 1441 , 2007
2020 , 508.874 , 114 , 2787 , 409 , 1441 , 2001
2040 , 517.347 , 114 , 2787 , 412 , 1465 , 2051
2060 , 523.928 , 114 , 2871 , 414 , 1503 , 2132
2080 , 522.712 , 114 , 2871 , 413 , 1491 , 2132
2100 , 526.691 , 114 , 2879 , 413 , 1507 , 2224
2120 , 531.485 , 114 , 2879 , 413 , 1538 , 2298
2140 , 529.982 , 114 , 2879 , 411 , 1538 , 2298
2160 , 529.806 , 114 , 2879 , 413 , 1529 , 2298
2180 , 529.688 , 114 , 2879 , 414 , 1523 , 2298
2200 , 528.635 , 114 , 2879 , 413 , 1515 , 2298
2220 , 528.108 , 114 , 2879 , 414 , 1508 , 2272
2240 , 526.405 , 114 , 2879 , 413 , 1507 , 2272
2260 , 527.517 , 114 , 3559 , 414 , 1507 , 2298
2280 , 526.896 , 114 , 3559 , 414 , 1505 , 2298
2300 , 527.401 , 114 , 3559 , 416 , 1505 , 2307
2320 , 526.073 , 114 , 3559 , 414 , 1505 , 2307
2340 , 538.034 , 114 , 3559 , 417 , 1565 , 2447
2360 , 537.815 , 114 , 3685 , 414 , 1565 , 2455
2380 , 551.151 , 114 , 3685 , 417 , 1655 , 2576
2400 , 565.761 , 114 , 3685 , 420 , 1733 , 2711
2420 , 584.572 , 114 , 3986 , 423 , 1828 , 2847
2440 , 589.877 , 114 , 4089 , 422 , 1858 , 2940
2460 , 596.97 , 114 , 4089 , 424 , 1894 , 2940
2480 , 595.718 , 114 , 4089 , 425 , 1887 , 2940
2500 , 594.438 , 114 , 4089 , 425 , 1884 , 2940
2520 , 593.392 , 114 , 4089 , 426 , 1880 , 2889
2540 , 592.732 , 114 , 4089 , 427 , 1871 , 2889
2560 , 592.377 , 114 , 4089 , 428 , 1865 , 2889
2580 , 591.478 , 114 , 4089 , 428 , 1858 , 2889
2600 , 590.667 , 114 , 4089 , 429 , 1849 , 2889
2620 , 599.377 , 114 , 4089 , 432 , 1894 , 2889
2640 , 599.235 , 114 , 4089 , 432 , 1894 , 2940
2660 , 597.681 , 114 , 4089 , 432 , 1887 , 2940
2680 , 595.316 , 114 , 4089 , 430 , 1884 , 2940
2700 , 593.533 , 114 , 4089 , 429 , 1880 , 2940
2720 , 592.249 , 114 , 4089 , 428 , 1880 , 2940
2740 , 591.646 , 114 , 4089 , 429 , 1880 , 2940
2760 , 590.608 , 114 , 4089 , 429 , 1871 , 2940
2780 , 589.614 , 114 , 4089 , 429 , 1865 , 2940
2800 , 592.367 , 114 , 4089 , 430 , 1880 , 2985
2820 , 590.942 , 114 , 4089 , 430 , 1880 , 2961
2840 , 590.356 , 114 , 4089 , 432 , 1871 , 2961
2860 , 590.421 , 114 , 4089 , 433 , 1871 , 2961
2880 , 589.507 , 114 , 4089 , 433 , 1865 , 2961
2900 , 588.581 , 114 , 4089 , 433 , 1858 , 2961
2920 , 587.853 , 114 , 4089 , 435 , 1849 , 2940
2940 , 587.022 , 114 , 4089 , 435 , 1839 , 2940
2960 , 586.57 , 114 , 4089 , 437 , 1836 , 2940
2980 , 585.987 , 114 , 4089 , 437 , 1835 , 2940
3000 , 585.457 , 114 , 4089 , 438 , 1828 , 2940
3020 , 584.285 , 114 , 4089 , 438 , 1828 , 2889
3040 , 583.393 , 114 , 4089 , 438 , 1823 , 2889
3060 , 584.03 , 114 , 4678 , 438 , 1823 , 2940
3080 , 582.784 , 114 , 4678 , 438 , 1806 , 2940
3100 , 581.681 , 114 , 4678 , 437 , 1805 , 2940
3120 , 581.269 , 114 , 4678 , 437 , 1804 , 2889
3140 , 579.395 , 114 , 4678 , 436 , 1788 , 2889
3160 , 592.403 , 114 , 4678 , 437 , 1887 , 3073
3180 , 614.86 , 114 , 5262 , 439 , 2007 , 3484
3200 , 614.37 , 113 , 5262 , 438 , 2007 , 3496
3220 , 628.668 , 113 , 5262 , 439 , 2114 , 3641
3240 , 629.196 , 113 , 5262 , 438 , 2126 , 3679
3260 , 627.711 , 113 , 5262 , 438 , 2114 , 3679
3280 , 626.898 , 113 , 5262 , 438 , 2107 , 3679
3300 , 626.177 , 113 , 5262 , 439 , 2106 , 3679
3320 , 630.133 , 113 , 5262 , 442 , 2126 , 3641
3340 , 646.475 , 113 , 5262 , 444 , 2243 , 3787
3360 , 664.509 , 113 , 5695 , 445 , 2351 , 3986
3380 , 687.239 , 113 , 5695 , 446 , 2502 , 4339
3400 , 687.171 , 113 , 5695 , 447 , 2502 , 4339
3420 , 687.25 , 113 , 5695 , 446 , 2537 , 4269
3440 , 699.214 , 113 , 5695 , 447 , 2597 , 4269
3460 , 701.175 , 113 , 5695 , 448 , 2608 , 4361
3480 , 699.819 , 113 , 5695 , 447 , 2597 , 4361
3500 , 698.389 , 113 , 5695 , 447 , 2579 , 4361
3520 , 696.984 , 113 , 5695 , 447 , 2578 , 4339
3540 , 713.43 , 113 , 5695 , 448 , 2725 , 4482
3560 , 738.658 , 113 , 6448 , 450 , 2852 , 4869
3580 , 774.538 , 113 , 8275 , 451 , 3035 , 5314
3600 , 820.342 , 113 , 10199 , 452 , 3231 , 6470
3620 , 876.17 , 113 , 12041 , 454 , 3454 , 8223
3640 , 941.399 , 113 , 13899 , 456 , 3679 , 10199
3660 , 1015.18 , 113 , 15515 , 457 , 3919 , 11974
3680 , 1097.43 , 113 , 17276 , 459 , 4239 , 13795
3700 , 1172.04 , 113 , 18821 , 460 , 4589 , 15260
3720 , 1190.33 , 113 , 18821 , 461 , 4756 , 15184
3740 , 1209.89 , 113 , 18821 , 463 , 4952 , 15184
3760 , 1205.52 , 112 , 18821 , 462 , 4928 , 15184
3780 , 1215.03 , 112 , 18821 , 464 , 4924 , 15184
3800 , 1236.9 , 112 , 18821 , 464 , 5161 , 15184
3820 , 1267.19 , 112 , 18821 , 466 , 5441 , 15082
3840 , 1305.02 , 112 , 18821 , 467 , 5936 , 15082
3860 , 1349.21 , 112 , 18821 , 469 , 6448 , 15082
3880 , 1400.15 , 112 , 18821 , 471 , 7117 , 15082
3900 , 1459.91 , 112 , 18821 , 473 , 7929 , 15082
3920 , 1526.18 , 112 , 18821 , 474 , 8845 , 15318
3940 , 1599.72 , 112 , 18821 , 476 , 9649 , 15979
3960 , 1679.76 , 112 , 18821 , 477 , 10199 , 16800
3980 , 1767.65 , 112 , 20522 , 479 , 10871 , 17570
4000 , 1861.18 , 112 , 21669 , 481 , 11868 , 18389
4020 , 1961.75 , 112 , 23468 , 483 , 12666 , 19839
4040 , 2068.65 , 112 , 24701 , 484 , 13508 , 21064
4060 , 2180.61 , 112 , 26254 , 485 , 14049 , 22800
4080 , 2296.93 , 112 , 27024 , 486 , 14964 , 23974
4100 , 2419.22 , 112 , 28674 , 487 , 15655 , 25414
4120 , 2498.65 , 112 , 29483 , 488 , 16248 , 26026
4140 , 2492.9 , 112 , 29483 , 488 , 16183 , 26026
4160 , 2488.79 , 112 , 29483 , 488 , 16141 , 26026
4180 , 2478.41 , 112 , 29483 , 487 , 16083 , 26026
4200 , 2484.16 , 112 , 29483 , 489 , 15982 , 26026
4220 , 2501.58 , 112 , 29483 , 490 , 15982 , 26019
4240 , 2491.46 , 112 , 29483 , 489 , 15979 , 26019
4260 , 2491.48 , 112 , 29483 , 490 , 15876 , 26019
4280 , 2486.73 , 112 , 29483 , 490 , 15820 , 26019
4300 , 2491.81 , 112 , 29483 , 491 , 15814 , 26019
4320 , 2486.79 , 112 , 29483 , 490 , 15771 , 25968
4340 , 2491.62 , 112 , 29483 , 493 , 15670 , 25968
4360 , 2504.07 , 112 , 29483 , 493 , 15655 , 25968
4380 , 2510.35 , 112 , 29483 , 495 , 15643 , 25968
4400 , 2525.71 , 112 , 29483 , 497 , 15565 , 25968
4420 , 2550.85 , 112 , 29483 , 499 , 15515 , 25926
4440 , 2549.91 , 112 , 29483 , 499 , 15475 , 25926
4460 , 2543.7 , 112 , 29483 , 499 , 15470 , 25926
4480 , 2550.34 , 112 , 29483 , 501 , 15461 , 25926
4500 , 2571.73 , 112 , 29483 , 503 , 15401 , 25926
4520 , 2565.2 , 112 , 29483 , 502 , 15360 , 25890
4540 , 2574.11 , 112 , 29483 , 503 , 15318 , 25890
4560 , 2592.27 , 112 , 29483 , 505 , 15296 , 25890
4580 , 2597.44 , 112 , 29483 , 507 , 15292 , 25890
4600 , 2613.24 , 112 , 29483 , 508 , 15260 , 25890
4620 , 2635.95 , 112 , 29483 , 510 , 15184 , 25825
4640 , 2640.22 , 112 , 29483 , 510 , 15150 , 25825
4660 , 2646.35 , 112 , 29483 , 511 , 15126 , 25825
4680 , 2666.32 , 112 , 29483 , 513 , 15082 , 25825
4700 , 2697.55 , 112 , 29483 , 515 , 14987 , 25825
4720 , 2688.29 , 112 , 29483 , 514 , 14980 , 25742
4740 , 2689.99 , 112 , 29483 , 515 , 14964 , 25742
4760 , 2680.11 , 112 , 29483 , 513 , 14873 , 25742
4780 , 2685.88 , 112 , 29483 , 515 , 14828 , 25742
4800 , 2692.35 , 112 , 29483 , 517 , 14815 , 25742
4820 , 2708.62 , 112 , 29483 , 518 , 14772 , 25723
4840 , 2706.39 , 112 , 29483 , 517 , 14672 , 25723
4860 , 2701.5 , 112 , 29483 , 517 , 14666 , 25723
4880 , 2708.76 , 112 , 29483 , 518 , 14660 , 25723
4900 , 2718.79 , 112 , 29483 , 521 , 14568 , 25723
4920 , 2730.98 , 112 , 29483 , 522 , 14498 , 25622
4940 , 2734.83 , 112 , 29483 , 522 , 14493 , 25622
4960 , 2742.51 , 112 , 29483 , 523 , 14409 , 25622
4980 , 2742.23 , 112 , 29483 , 523 , 14392 , 25622
5000 , 2733.61 , 112 , 29483 , 522 , 14290 , 25622
5020 , 2744.07 , 112 , 29483 , 523 , 14242 , 25590
5040 , 2768.16 , 112 , 29483 , 525 , 14209 , 25590
5060 , 2810.49 , 112 , 29483 , 526 , 14392 , 25590
5080 , 2870.57 , 112 , 29483 , 528 , 14991 , 25590
5100 , 2951.01 , 112 , 29483 , 530 , 15771 , 25590
5120 , 3052.14 , 112 , 30532 , 532 , 16616 , 26438
5140 , 3178.45 , 112 , 37174 , 533 , 17276 , 28163
5160 , 3326.02 , 112 , 43051 , 535 , 17891 , 29156
5180 , 3497.49 , 112 , 49202 , 537 , 18492 , 35391
5200 , 3695.25 , 112 , 56760 , 540 , 19469 , 41049
5220 , 3809.95 , 112 , 64142 , 540 , 20051 , 42455
5240 , 3826.55 , 112 , 64142 , 543 , 19943 , 42455
5260 , 3862.32 , 112 , 64142 , 544 , 19942 , 42455
5280 , 3918.06 , 112 , 64142 , 547 , 20162 , 42455
5300 , 3975.66 , 112 , 64142 , 548 , 20818 , 42455
5320 , 3987.27 , 112 , 64142 , 550 , 20814 , 42266
5340 , 4014.81 , 112 , 64142 , 553 , 20709 , 42266
5360 , 4068.93 , 112 , 64142 , 555 , 20709 , 42266
5380 , 4152.18 , 112 , 64142 , 556 , 21607 , 42266
5400 , 4257.64 , 112 , 64142 , 559 , 22949 , 42266
5420 , 4386 , 112 , 64142 , 561 , 23759 , 42070
5440 , 4536.16 , 112 , 64142 , 564 , 24438 , 46754
5460 , 4701.9 , 112 , 64142 , 566 , 25168 , 48218
5480 , 4694.74 , 112 , 64142 , 565 , 25168 , 48218
5500 , 4679.83 , 100 , 64142 , 564 , 25121 , 48218
5520 , 4679.1 , 100 , 64142 , 565 , 25097 , 48196
5540 , 4692.64 , 100 , 64142 , 567 , 25035 , 48196
5560 , 4676.54 , 100 , 64142 , 565 , 24995 , 48196
5580 , 4678.22 , 100 , 64142 , 567 , 24962 , 48196
5600 , 4670.82 , 100 , 64142 , 566 , 24936 , 48196
5620 , 4681.17 , 100 , 64142 , 568 , 24857 , 48111
5640 , 4687.08 , 100 , 64142 , 569 , 24807 , 48111
5660 , 4676.75 , 100 , 64142 , 568 , 24751 , 48111
5680 , 4705.97 , 100 , 64142 , 570 , 24750 , 48111
5700 , 4766.66 , 100 , 64142 , 574 , 24751 , 48111
5720 , 4820.77 , 100 , 64142 , 575 , 25097 , 48025
5740 , 4833.66 , 100 , 64142 , 578 , 25035 , 48025
5760 , 4845.32 , 100 , 64142 , 580 , 25030 , 48025
5780 , 4829.89 , 100 , 64142 , 578 , 24995 , 48025
5800 , 4848.64 , 100 , 64142 , 580 , 24962 , 48025
5820 , 4835.04 , 100 , 64142 , 582 , 24952 , 47919
5840 , 4819.94 , 100 , 64142 , 580 , 24936 , 47919
5860 , 4841.42 , 100 , 64142 , 582 , 24857 , 47919
5880 , 4889.39 , 100 , 64142 , 584 , 24818 , 47919
5900 , 4964.55 , 100 , 64142 , 587 , 25428 , 47919
5920 , 5066.6 , 100 , 64142 , 590 , 25968 , 47777
5940 , 5198.58 , 100 , 64142 , 593 , 26503 , 47777
5960 , 5355.64 , 100 , 64142 , 596 , 27252 , 49696
5980 , 5536.94 , 100 , 64142 , 597 , 28026 , 52253
6000 , 5740.3 , 100 , 69068 , 601 , 28656 , 54883
6020 , 5966.33 , 100 , 76272 , 604 , 29450 , 58822
6040 , 6218.68 , 100 , 84410 , 608 , 31833 , 63751
6060 , 6498.52 , 100 , 93398 , 610 , 34766 , 68629
6080 , 6803.8 , 100 , 101892 , 613 , 36170 , 75807
6100 , 7132.32 , 100 , 109581 , 616 , 37764 , 84016
6120 , 7487.99 , 100 , 118658 , 619 , 40890 , 92770
6140 , 7872.03 , 100 , 127891 , 621 , 42875 , 101212
6160 , 8160.36 , 100 , 136915 , 624 , 45216 , 105270
6180 , 8439.66 , 100 , 136915 , 627 , 47059 , 105270
6200 , 8735.99 , 100 , 136915 , 628 , 48639 , 105270
6220 , 9049.78 , 100 , 136915 , 633 , 50830 , 107033
6240 , 9382.81 , 100 , 136915 , 638 , 53641 , 109504
6260 , 9734.16 , 100 , 136915 , 640 , 56101 , 114882
6280 , 10106.1 , 100 , 136915 , 642 , 60609 , 117717
6300 , 10501.8 , 100 , 137343 , 644 , 65426 , 122136
6320 , 10922.8 , 100 , 146016 , 647 , 72369 , 125893
6340 , 11368.8 , 100 , 154665 , 653 , 81012 , 128687
6360 , 11839.6 , 100 , 163515 , 657 , 85667 , 136517
6380 , 12332.8 , 100 , 171742 , 663 , 90109 , 144994
6400 , 12852.2 , 100 , 180923 , 665 , 92921 , 153579
6420 , 13395.7 , 100 , 189809 , 666 , 97644 , 162283
6440 , 13962.3 , 100 , 198296 , 670 , 100004 , 170549
6460 , 14551.1 , 100 , 206551 , 674 , 103271 , 179741
6480 , 15163.1 , 100 , 216022 , 681 , 106752 , 188445
6500 , 15607 , 100 , 225670 , 685 , 108541 , 194307
6520 , 15577.9 , 100 , 225670 , 683 , 108371 , 194101
6540 , 15551.3 , 100 , 225670 , 686 , 108255 , 194101
6560 , 15537.5 , 100 , 225670 , 691 , 108138 , 194101
6580 , 15524.5 , 100 , 225670 , 697 , 107977 , 194101
6600 , 15524.6 , 100 , 225670 , 701 , 107921 , 194101
6620 , 15493.9 , 100 , 225670 , 700 , 107720 , 189809
6640 , 15466.5 , 100 , 225670 , 704 , 107655 , 189809
6660 , 15460.9 , 100 , 225670 , 707 , 107471 , 189809
6680 , 15467.1 , 100 , 225670 , 714 , 107366 , 189809
6700 , 15480 , 100 , 225670 , 717 , 107283 , 189809
6720 , 15505.6 , 100 , 225670 , 721 , 107078 , 189614
6740 , 15545.5 , 100 , 225670 , 727 , 107033 , 189614
6760 , 15600.7 , 100 , 225670 , 732 , 106789 , 189614
6780 , 15671.8 , 100 , 225670 , 744 , 106752 , 189614
6800 , 15756.7 , 100 , 225670 , 753 , 106594 , 189614
6820 , 15855.6 , 100 , 225670 , 758 , 106525 , 189403
6840 , 15968.6 , 100 , 225670 , 767 , 106397 , 189403
6860 , 16096.5 , 100 , 225670 , 775 , 106242 , 189403
6880 , 16240 , 100 , 225670 , 781 , 106152 , 189403
6900 , 16399.2 , 100 , 225670 , 789 , 105945 , 189403
6920 , 16574.5 , 100 , 225670 , 801 , 105909 , 189182
6940 , 16765.4 , 100 , 225670 , 817 , 105701 , 189182
6960 , 16974.2 , 100 , 225670 , 831 , 105606 , 189182
6980 , 17197.3 , 100 , 225670 , 858 , 105511 , 189182
7000 , 17432.7 , 100 , 225670 , 882 , 105301 , 189182
7020 , 17680.8 , 100 , 225670 , 900 , 105606 , 188971
7040 , 17942.8 , 100 , 225670 , 913 , 107471 , 188971
7060 , 18216.5 , 100 , 225670 , 929 , 109504 , 188971
7080 , 18360.2 , 100 , 225670 , 960 , 109546 , 188971
7100 , 18339.1 , 100 , 225670 , 956 , 109504 , 188971
7120 , 18290.9 , 100 , 225670 , 929 , 109407 , 188687
7140 , 18261.9 , 100 , 225670 , 957 , 109355 , 188687
7160 , 18237.9 , 100 , 225670 , 979 , 109279 , 188687
7180 , 18227.4 , 100 , 225670 , 1012 , 109174 , 188687
7200 , 18210.5 , 100 , 225670 , 1018 , 109171 , 188687
7220 , 18178.5 , 100 , 225670 , 1033 , 109100 , 188445
7240 , 18152.7 , 100 , 225670 , 1048 , 109061 , 188445
7260 , 18146.3 , 100 , 225670 , 1072 , 108861 , 188445
7280 , 18136.6 , 100 , 225670 , 1073 , 108826 , 188445
7300 , 18129.2 , 100 , 225670 , 1099 , 108599 , 188445
7320 , 18149.6 , 100 , 225670 , 1136 , 108541 , 188236
7340 , 18200.1 , 100 , 225670 , 1160 , 108371 , 188236
7360 , 18282.2 , 100 , 225670 , 1197 , 108255 , 188236
7380 , 18383.3 , 100 , 225670 , 1228 , 108138 , 188236
7400 , 18496.2 , 100 , 225670 , 1259 , 107977 , 188236
7420 , 18618.5 , 100 , 225670 , 1299 , 107921 , 188043
7440 , 18751.9 , 100 , 225670 , 1331 , 107720 , 188043
7460 , 18895.5 , 100 , 225670 , 1367 , 107655 , 188043
7480 , 19049.2 , 100 , 225670 , 1399 , 107471 , 188043
7500 , 19212.6 , 100 , 225670 , 1441 , 107366 , 188043
7520 , 19386.8 , 100 , 225670 , 1470 , 107283 , 187811
7540 , 19570.5 , 100 , 225670 , 1508 , 107078 , 187811
7560 , 19763.1 , 100 , 225670 , 1542 , 107033 , 187811
7580 , 19964.3 , 100 , 225670 , 1610 , 106789 , 187811
7600 , 20177.6 , 100 , 225670 , 1653 , 106752 , 187811
7620 , 20415.4 , 100 , 225670 , 1676 , 109061 , 187659
7640 , 20681.9 , 100 , 225670 , 1721 , 110319 , 187659
7660 , 20976.1 , 100 , 225670 , 1764 , 111314 , 187659
7680 , 21305.2 , 100 , 225670 , 1804 , 113466 , 187659
7700 , 21660.8 , 100 , 225670 , 1847 , 114896 , 187659
7720 , 22047 , 100 , 225670 , 1883 , 116240 , 187470
7740 , 22462.7 , 100 , 225670 , 1932 , 118998 , 187470
7760 , 22906.1 , 100 , 225670 , 1988 , 122303 , 195269
7780 , 23086.6 , 100 , 225670 , 2009 , 123121 , 195269
7800 , 23029.8 , 100 , 225670 , 1983 , 122990 , 195269
7820 , 22995.1 , 100 , 225670 , 2007 , 122844 , 195028
7840 , 22958.1 , 100 , 225670 , 2062 , 122688 , 195028
7860 , 22901.5 , 100 , 225670 , 2007 , 122547 , 195028
7880 , 22846.6 , 100 , 225670 , 1982 , 122422 , 195028
7900 , 22789.9 , 100 , 225670 , 1924 , 122417 , 195028
7920 , 22743.5 , 100 , 225670 , 1918 , 122303 , 194744
7940 , 22701.3 , 100 , 225670 , 1918 , 122174 , 194744
7960 , 22649.1 , 100 , 225670 , 1883 , 122136 , 194744
7980 , 22609.4 , 100 , 225670 , 1880 , 122055 , 194744
8000 , 22555.5 , 100 , 225670 , 1847 , 121932 , 194744
8020 , 22500.1 , 100 , 225670 , 1804 , 121842 , 194506
8040 , 22449.8 , 100 , 225670 , 1771 , 121809 , 194506
8060 , 22395.7 , 94 , 225670 , 1752 , 121687 , 194506
8080 , 22360.4 , 94 , 225670 , 1771 , 121575 , 194506
8100 , 22343.3 , 94 , 225670 , 1828 , 121567 , 194506
8120 , 22342.2 , 94 , 225670 , 1865 , 121168 , 194307
8140 , 22356.3 , 94 , 225670 , 1899 , 120845 , 194307
8160 , 22386.6 , 94 , 225670 , 1965 , 120573 , 194307
8180 , 22432.7 , 94 , 225670 , 1999 , 120538 , 194307
8200 , 22402.9 , 94 , 225670 , 2039 , 120310 , 194307
8220 , 22364.6 , 94 , 225670 , 2080 , 120030 , 194101
8240 , 22327.4 , 94 , 225670 , 2083 , 119759 , 194101
8260 , 22279.2 , 94 , 225670 , 2062 , 119551 , 194101
8280 , 22251.7 , 94 , 225670 , 2090 , 119283 , 194101
8300 , 22205 , 94 , 225670 , 2069 , 118998 , 194101
8320 , 22152.5 , 94 , 225670 , 2009 , 118996 , 189809
8340 , 22100.2 , 94 , 225670 , 1982 , 118733 , 189809
8360 , 22047.9 , 94 , 225670 , 1918 , 118658 , 189809
8380 , 22017.7 , 94 , 225670 , 1981 , 118462 , 189809
8400 , 21978.7 , 94 , 225670 , 1965 , 118350 , 189809
8420 , 21927.4 , 94 , 225670 , 1899 , 118170 , 189614
8440 , 21877.2 , 94 , 225670 , 1871 , 118158 , 189614
8460 , 21826.5 , 94 , 225670 , 1833 , 117945 , 189614
8480 , 21782.5 , 94 , 225670 , 1806 , 117889 , 189614
8500 , 21733.7 , 94 , 225670 , 1772 , 117717 , 189614
8520 , 21683.6 , 94 , 225670 , 1753 , 117598 , 189403
8540 , 21652.5 , 94 , 225670 , 1772 , 117458 , 189403
8560 , 21637.6 , 94 , 225670 , 1828 , 117309 , 189403
8580 , 21638.9 , 94 , 225670 , 1870 , 117219 , 189403
8600 , 21657.4 , 94 , 225670 , 1904 , 116987 , 189403
8620 , 21693 , 94 , 225670 , 1967 , 116930 , 189182
8640 , 21746.2 , 94 , 225670 , 2001 , 116754 , 189182
8660 , 21818.2 , 94 , 225670 , 2062 , 116493 , 189182
8680 , 21813.3 , 94 , 225670 , 2053 , 116311 , 189182
8700 , 21783.4 , 94 , 225670 , 2083 , 116240 , 189182
8720 , 21768.3 , 94 , 225670 , 2135 , 116090 , 188971
8740 , 21772.7 , 94 , 225670 , 2177 , 116089 , 188971
8760 , 21768.4 , 94 , 225670 , 2224 , 115988 , 188971
8780 , 21741 , 94 , 225670 , 2273 , 115934 , 188971
8800 , 21721.3 , 94 , 225670 , 2333 , 115898 , 188971
8820 , 21720.2 , 94 , 225670 , 2377 , 115866 , 188687
8840 , 21739.1 , 94 , 225670 , 2446 , 115784 , 188687
8860 , 21776.2 , 94 , 225670 , 2476 , 115726 , 188687
8880 , 21830.6 , 94 , 225670 , 2548 , 115631 , 188687
8900 , 21885.3 , 94 , 225670 , 2579 , 115629 , 188687
8920 , 21843.1 , 94 , 225670 , 2574 , 115468 , 188445
8940 , 21795 , 94 , 225670 , 2506 , 115442 , 188445
8960 , 21769.5 , 94 , 225670 , 2573 , 115337 , 188445
8980 , 21764.6 , 94 , 225670 , 2597 , 115316 , 188445
9000 , 21776.6 , 94 , 225670 , 2656 , 115154 , 188445
9020 , 21739.8 , 94 , 225670 , 2621 , 115124 , 188236
9040 , 21718.4 , 94 , 225670 , 2672 , 115117 , 188236
9060 , 21704.1 , 94 , 225670 , 2711 , 114994 , 188236
9080 , 21658.1 , 94 , 225670 , 2656 , 114896 , 188236
9100 , 21629.7 , 94 , 225670 , 2711 , 114882 , 188236
9120 , 21617.9 , 94 , 225670 , 2749 , 114851 , 188043
9140 , 21605.1 , 94 , 225670 , 2787 , 114705 , 188043
9160 , 21567.9 , 94 , 225670 , 2780 , 114661 , 188043
9180 , 21523 , 94 , 225670 , 2743 , 114603 , 188043
9200 , 21508.9 , 94 , 225670 , 2780 , 114546 , 188043
9220 , 21527 , 94 , 225670 , 2833 , 114446 , 187811
9240 , 21545 , 94 , 225670 , 2861 , 114432 , 187811
9260 , 21540.3 , 94 , 225670 , 2879 , 114300 , 187811
9280 , 21494.9 , 94 , 225670 , 2833 , 114294 , 187811
9300 , 21477.3 , 94 , 225670 , 2844 , 114232 , 187811
9320 , 21473.7 , 94 , 225670 , 2880 , 114165 , 187659
9340 , 21478.4 , 94 , 225670 , 2896 , 114037 , 187659
9360 , 21434.3 , 94 , 225670 , 2863 , 114025 , 187659
9380 , 21392.3 , 94 , 225670 , 2814 , 113822 , 187659
9400 , 21387 , 94 , 225670 , 2866 , 113756 , 187659
9420 , 21401.6 , 94 , 225670 , 2897 , 113711 , 187470
9440 , 21357 , 94 , 225670 , 2863 , 113583 , 187470
9460 , 21312.6 , 94 , 225670 , 2805 , 113466 , 187470
9480 , 21275.4 , 94 , 225670 , 2787 , 113458 , 187470
9500 , 21233.5 , 94 , 225670 , 2749 , 113243 , 187470
9520 , 21195.4 , 94 , 225670 , 2737 , 112948 , 187249
9540 , 21152 , 94 , 225670 , 2679 , 112848 , 187249
9560 , 21108.8 , 94 , 225670 , 2633 , 112700 , 187249
9580 , 21066.2 , 94 , 225670 , 2579 , 112587 , 187249
9600 , 21024.1 , 94 , 225670 , 2556 , 112560 , 187249
9620 , 21004 , 94 , 225670 , 2579 , 112367 , 187031
9640 , 20975.2 , 94 , 225670 , 2576 , 112292 , 187031
9660 , 20933.6 , 94 , 225670 , 2537 , 112192 , 187031
9680 , 20896.1 , 94 , 225670 , 2493 , 112029 , 187031
9700 , 20855.2 , 94 , 225670 , 2455 , 112010 , 187031
9720 , 20825.3 , 94 , 225670 , 2458 , 111883 , 186832
9740 , 20784.4 , 94 , 225670 , 2399 , 111735 , 186832
9760 , 20754.4 , 94 , 225670 , 2458 , 111666 , 186832
9780 , 20741.2 , 94 , 225670 , 2506 , 111596 , 186832
9800 , 20743.7 , 94 , 225670 , 2574 , 111462 , 186832
9820 , 20754 , 94 , 225670 , 2597 , 111355 , 186631
9840 , 20712.6 , 94 , 225670 , 2573 , 111314 , 186631
9860 , 20691.9 , 94 , 225670 , 2597 , 111212 , 186631
9880 , 20689.8 , 94 , 225670 , 2652 , 111195 , 186631
9900 , 20706.8 , 94 , 225670 , 2711 , 111102 , 186631
9920 , 20742.1 , 94 , 225670 , 2749 , 111065 , 186434
9940 , 20794.6 , 94 , 225670 , 2787 , 111062 , 186434
9960 , 20862.6 , 94 , 225670 , 2847 , 110993 , 186434
9980 , 20947.3 , 94 , 225670 , 2889 , 110931 , 186434
10000 , 21049.5 , 94 , 225670 , 2940 , 110885 , 186434
10020 , 21167 , 94 , 225670 , 3010 , 110797 , 186327
10040 , 21298.3 , 94 , 225670 , 3064 , 110789 , 186327
10060 , 21442.8 , 94 , 225670 , 3132 , 110760 , 186327
10080 , 21601.1 , 94 , 225670 , 3180 , 110672 , 186327
10100 , 21773.2 , 94 , 225670 , 3224 , 110647 , 186327
10120 , 21959.1 , 94 , 225670 , 3279 , 111735 , 186210
10140 , 22159 , 94 , 225670 , 3324 , 114025 , 186210
10160 , 22373.5 , 94 , 225670 , 3383 , 115201 , 186210
10180 , 22601.8 , 94 , 225670 , 3435 , 115988 , 186210
10200 , 22844.6 , 94 , 225670 , 3479 , 117095 , 186210
10220 , 23101.2 , 94 , 225670 , 3528 , 119759 , 186005
10240 , 23370.6 , 94 , 225670 , 3582 , 122547 , 186005
10260 , 23639.8 , 94 , 225670 , 3609 , 123669 , 186005
10280 , 23905.7 , 94 , 225670 , 3647 , 124727 , 186005
10300 , 24178.8 , 94 , 225670 , 3702 , 126815 , 186005
10320 , 24465.8 , 94 , 225670 , 3738 , 130826 , 185778
10340 , 24769 , 94 , 225670 , 3787 , 132984 , 185778
10360 , 25087.6 , 94 , 225670 , 3828 , 134500 , 189403
10380 , 25419.5 , 94 , 225670 , 3886 , 137118 , 191061
10400 , 25764.1 , 94 , 225670 , 3913 , 139626 , 196369
10420 , 26119.3 , 94 , 225670 , 3949 , 145201 , 197325
10440 , 26405.1 , 94 , 225670 , 4001 , 147051 , 197653
10460 , 26602.6 , 94 , 225670 , 4027 , 147253 , 197653
10480 , 26732.7 , 94 , 225670 , 4070 , 147153 , 197653
10500 , 26732.8 , 94 , 225670 , 4063 , 147152 , 197653
10520 , 26683.2 , 94 , 225670 , 4023 , 147106 , 197539
10540 , 26654.2 , 94 , 225670 , 4058 , 147051 , 197539
10560 , 26641.3 , 94 , 225670 , 4099 , 147039 , 197539
10580 , 26643.1 , 94 , 225670 , 4130 , 146951 , 197539
10600 , 26660.7 , 94 , 225670 , 4185 , 146940 , 197539
10620 , 26694.2 , 94 , 225670 , 4237 , 146851 , 197447
10640 , 26730.2 , 94 , 225670 , 4255 , 146756 , 197447
10660 , 26755 , 94 , 225670 , 4302 , 146655 , 197447
10680 , 26749.3 , 94 , 225670 , 4307 , 146548 , 197447
10700 , 26701.4 , 94 , 225670 , 4269 , 146445 , 197447
10720 , 26670.7 , 94 , 225670 , 4307 , 146345 , 197441
10740 , 26657.6 , 94 , 225670 , 4354 , 146241 , 197441
10760 , 26660.6 , 94 , 225670 , 4385 , 146236 , 197441
10780 , 26678.4 , 94 , 225670 , 4442 , 146140 , 197441
10800 , 26711.1 , 94 , 225670 , 4488 , 146043 , 197441
10820 , 26758.6 , 94 , 225670 , 4527 , 146016 , 197435
10840 , 26759.3 , 94 , 225670 , 4527 , 145942 , 197435
10860 , 26728.2 , 94 , 225670 , 4564 , 145836 , 197435
10880 , 26693.8 , 94 , 225670 , 4620 , 145816 , 197435
10900 , 26663.6 , 94 , 225670 , 4630 , 145619 , 197435
10920 , 26615.7 , 94 , 225670 , 4588 , 145415 , 197342
10940 , 26568 , 94 , 225670 , 4533 , 145201 , 197342
10960 , 26532.2 , 94 , 225670 , 4541 , 144994 , 197342
10980 , 26484.6 , 94 , 225670 , 4502 , 144791 , 197342
11000 , 26439.5 , 94 , 225670 , 4465 , 144603 , 197342
11020 , 26392.4 , 94 , 225670 , 4419 , 144405 , 197325
11040 , 26346.7 , 94 , 225670 , 4372 , 144132 , 197325
11060 , 26319.5 , 94 , 225670 , 4374 , 143822 , 197325
11080 , 26303.3 , 94 , 225670 , 4430 , 143626 , 197325
11100 , 26318.6 , 94 , 225670 , 4479 , 143432 , 197325
11120 , 26359.8 , 94 , 225670 , 4521 , 143151 , 197226
11140 , 26390.3 , 94 , 225670 , 4533 , 142861 , 197226
11160 , 26364.9 , 94 , 225670 , 4587 , 142667 , 197226
11180 , 26357.2 , 94 , 225670 , 4629 , 142472 , 197226
11200 , 26368.5 , 94 , 225670 , 4678 , 142285 , 197226
11220 , 26400.6 , 94 , 225670 , 4709 , 142245 , 197213
11240 , 26452.1 , 94 , 225670 , 4751 , 142071 , 197213
11260 , 26520.3 , 94 , 225670 , 4802 , 141874 , 197213
11280 , 26603.4 , 94 , 225670 , 4852 , 139952 , 197213
11300 , 26700.6 , 94 , 225670 , 4894 , 139837 , 197213
11320 , 26812 , 94 , 225670 , 4941 , 139729 , 197207
11340 , 26941.1 , 94 , 225670 , 4969 , 139626 , 197207
11360 , 27085.8 , 94 , 225670 , 5037 , 139518 , 197207
11380 , 27245.9 , 94 , 225670 , 5068 , 139416 , 197207
11400 , 27420.2 , 94 , 225670 , 5121 , 139314 , 197207
11420 , 27608.1 , 94 , 225670 , 5165 , 139213 , 197108
11440 , 27809.1 , 94 , 225670 , 5200 , 142667 , 197108
11460 , 28026.3 , 94 , 225670 , 5267 , 144015 , 197108
11480 , 28269.8 , 94 , 225670 , 5303 , 146445 , 197108
11500 , 28538.5 , 94 , 225670 , 5381 , 147566 , 197108
11520 , 28830.2 , 94 , 225670 , 5412 , 150918 , 197441
11540 , 29150.9 , 94 , 225670 , 5468 , 152673 , 198287
11560 , 29499.6 , 94 , 232495 , 5495 , 153580 , 204448
11580 , 29879 , 94 , 251116 , 5571 , 154700 , 205769
11600 , 30287.5 , 94 , 268717 , 5618 , 156602 , 211214
11620 , 30719 , 94 , 285169 , 5669 , 158177 , 213740
11640 , 31171.1 , 94 , 298241 , 5725 , 159485 , 215314
11660 , 31521.9 , 94 , 312429 , 5765 , 160956 , 218008
11680 , 31602.3 , 94 , 312429 , 5807 , 160923 , 218008
11700 , 31592.2 , 94 , 312429 , 5856 , 160848 , 218008
11720 , 31595.6 , 94 , 312429 , 5900 , 160693 , 217896
11740 , 31554.1 , 94 , 312429 , 5870 , 160491 , 217896
11760 , 31502.6 , 94 , 312429 , 5833 , 160304 , 217896
11780 , 31462.4 , 94 , 312429 , 5838 , 160075 , 217896
11800 , 31428.2 , 94 , 312429 , 5867 , 159873 , 217896
11820 , 31377 , 94 , 312429 , 5833 , 159844 , 217798
11840 , 31324.6 , 94 , 312429 , 5786 , 159733 , 217798
11860 , 31272.5 , 94 , 312429 , 5757 , 159669 , 217798
11880 , 31220.6 , 94 , 312429 , 5694 , 159600 , 217798
11900 , 31169.2 , 94 , 312429 , 5653 , 159496 , 217798
11920 , 31118.9 , 94 , 312429 , 5611 , 159485 , 217697
11940 , 31075.3 , 94 , 312429 , 5602 , 159466 , 217697
11960 , 31025.5 , 94 , 312429 , 5542 , 159372 , 217697
11980 , 30994.4 , 94 , 312429 , 5602 , 159320 , 217697
12000 , 30979.5 , 94 , 312429 , 5653 , 159258 , 217697
12020 , 30933.2 , 94 , 312429 , 5611 , 159144 , 217594
12040 , 30882.6 , 94 , 312429 , 5548 , 159119 , 217594
12060 , 30832.6 , 94 , 312429 , 5493 , 159031 , 217594
12080 , 30803.3 , 94 , 312429 , 5548 , 158934 , 217594
12100 , 30781.7 , 94 , 312429 , 5585 , 158921 , 217594
12120 , 30732.7 , 94 , 312429 , 5510 , 158906 , 216022
12140 , 30689.1 , 94 , 312429 , 5488 , 158809 , 216022
12160 , 30649.1 , 94 , 312429 , 5484 , 158778 , 216022
12180 , 30610.4 , 94 , 312429 , 5485 , 158725 , 216022
12200 , 30561.2 , 94 , 312429 , 5441 , 158704 , 216022
12220 , 30512.8 , 94 , 312429 , 5404 , 158680 , 215795
12240 , 30484.5 , 94 , 312429 , 5441 , 158566 , 215795
12260 , 30446.7 , 94 , 312429 , 5425 , 158535 , 215795
12280 , 30400.9 , 94 , 312429 , 5398 , 158452 , 215795
12300 , 30357 , 94 , 312429 , 5361 , 158426 , 215795
12320 , 30308.2 , 94 , 312429 , 5303 , 158336 , 215728
12340 , 30259.7 , 94 , 312429 , 5267 , 158309 , 215728
12360 , 30211.7 , 94 , 312429 , 5200 , 158222 , 215728
12380 , 30163.8 , 94 , 312429 , 5166 , 158177 , 215728
12400 , 30116 , 94 , 312429 , 5139 , 158106 , 215728
12420 , 30068.9 , 94 , 312429 , 5071 , 158077 , 215721
12440 , 30023.6 , 94 , 312429 , 5052 , 157996 , 215721
12460 , 29976.3 , 94 , 312429 , 5006 , 157884 , 215721
12480 , 29949.3 , 94 , 312429 , 5052 , 157755 , 215721
12500 , 29939.7 , 94 , 312429 , 5078 , 157637 , 215721
12520 , 29917.6 , 94 , 312429 , 5141 , 157306 , 215616
12540 , 29911.3 , 94 , 312429 , 5182 , 157141 , 215616
12560 , 29912.2 , 94 , 312429 , 5217 , 157110 , 215616
12580 , 29923.3 , 94 , 312429 , 5271 , 157037 , 215616
12600 , 29877.4 , 94 , 312429 , 5223 , 156995 , 215616
12620 , 29833.9 , 94 , 312429 , 5195 , 156939 , 215474
12640 , 29807.1 , 94 , 312429 , 5231 , 156880 , 215474
12660 , 29792.8 , 94 , 312429 , 5280 , 156858 , 215474
12680 , 29789.5 , 94 , 312429 , 5324 , 156766 , 215474
12700 , 29787.7 , 94 , 312429 , 5394 , 156758 , 215474
12720 , 29782.9 , 94 , 312429 , 5439 , 156750 , 215436
12740 , 29775.4 , 94 , 312429 , 5484 , 156664 , 215436
12760 , 29789.2 , 94 , 312429 , 5510 , 156602 , 215436
12780 , 29819.7 , 94 , 312429 , 5585 , 156572 , 215436
12800 , 29776.1 , 94 , 312429 , 5507 , 156560 , 215436
12820 , 29732.5 , 94 , 312429 , 5485 , 156500 , 215314
12840 , 29687.9 , 94 , 312429 , 5443 , 156485 , 215314
12860 , 29644.1 , 94 , 312429 , 5405 , 156404 , 215314
12880 , 29603.3 , 94 , 312429 , 5383 , 156391 , 215314
12900 , 29558 , 94 , 312429 , 5314 , 156319 , 215314
12920 , 29512.9 , 94 , 312429 , 5271 , 156315 , 215221
12940 , 29468.1 , 94 , 312429 , 5223 , 156298 , 215221
12960 , 29422.9 , 94 , 312429 , 5188 , 156218 , 215221
12980 , 29385.6 , 94 , 312429 , 5166 , 156206 , 215221
13000 , 29341.1 , 94 , 312429 , 5139 , 155371 , 215221
13020 , 29303.3 , 94 , 312429 , 5099 , 155257 , 215144
13040 , 29269 , 94 , 312429 , 5094 , 155153 , 215144
13060 , 29225.1 , 94 , 312429 , 5056 , 155146 , 215144
13080 , 29189.9 , 94 , 312429 , 5055 , 155108 , 215144
13100 , 29166.6 , 94 , 312429 , 5080 , 155030 , 215144
13120 , 29127.9 , 94 , 312429 , 5056 , 154928 , 215114
13140 , 29091.6 , 94 , 312429 , 5052 , 154801 , 215114
13160 , 29050.7 , 94 , 312429 , 5010 , 154700 , 215114
13180 , 29018.6 , 94 , 312429 , 5014 , 154665 , 215114
13200 , 28995.2 , 94 , 312429 , 5055 , 154635 , 215114
13220 , 28990 , 94 , 312429 , 5090 , 154597 , 214996
13240 , 29002 , 94 , 312429 , 5154 , 154495 , 214996
13260 , 29031.4 , 94 , 312429 , 5195 , 154467 , 214996
13280 , 29024.6 , 94 , 312429 , 5188 , 154394 , 214996
13300 , 29000.7 , 94 , 312429 , 5217 , 154292 , 214996
13320 , 28970.9 , 94 , 312429 , 5198 , 154270 , 214901
13340 , 28928.6 , 94 , 312429 , 5165 , 154187 , 214901
13360 , 28889.9 , 94 , 312429 , 5161 , 154084 , 214901
13380 , 28866.5 , 94 , 312429 , 5161 , 154013 , 214901
13400 , 28850 , 94 , 312429 , 5168 , 153984 , 214901
13420 , 28812.1 , 94 , 312429 , 5145 , 153882 , 214831
13440 , 28778.9 , 94 , 312429 , 5108 , 153817 , 214831
13460 , 28736.9 , 94 , 312429 , 5063 , 153786 , 214831
13480 , 28695.7 , 94 , 312429 , 5041 , 153782 , 214831
13500 , 28664.9 , 94 , 312429 , 5041 , 153681 , 214831
13520 , 28645.3 , 94 , 312429 , 5063 , 153664 , 214795
13540 , 28644.1 , 94 , 312429 , 5108 , 153580 , 214795
13560 , 28616.2 , 94 , 312429 , 5080 , 153579 , 214795
13580 , 28575.3 , 94 , 312429 , 5055 , 153516 , 214795
13600 , 28534.7 , 94 , 312429 , 5022 , 153499 , 214795
13620 , 28501.6 , 94 , 312429 , 4996 , 153479 , 214716
20 , 476.55 , 189 , 691 , 524 , 674 , 674
40 , 588.3 , 189 , 1951 , 524 , 1496 , 1534
60 , 569.95 , 189 , 2337 , 430 , 1534 , 2067
80 , 604 , 189 , 2337 , 404 , 1805 , 2067
100 , 585.18 , 189 , 2337 , 430 , 1534 , 2067
120 , 576.958 , 189 , 2337 , 404 , 1534 , 1951
140 , 552.671 , 189 , 2337 , 396 , 1523 , 1951
160 , 557.681 , 189 , 2337 , 404 , 1496 , 1951
180 , 588.467 , 189 , 2635 , 415 , 1624 , 2323
200 , 594.045 , 189 , 2635 , 425 , 1534 , 2323
220 , 596.268 , 189 , 2635 , 428 , 1534 , 2067
240 , 594.854 , 189 , 2635 , 431 , 1534 , 2067
260 , 582.165 , 189 , 2635 , 430 , 1523 , 2067
280 , 564.964 , 189 , 2635 , 425 , 1496 , 2067
300 , 555.617 , 189 , 2635 , 425 , 1455 , 2067
320 , 547.013 , 159 , 2635 , 418 , 1455 , 2004
340 , 545.026 , 159 , 2635 , 419 , 1361 , 2004
360 , 539.914 , 159 , 2635 , 424 , 1355 , 2004
380 , 537.374 , 159 , 2635 , 427 , 1346 , 2004
400 , 528.935 , 158 , 2635 , 418 , 1293 , 2004
420 , 516.024 , 139 , 2635 , 408 , 1252 , 1951
440 , 503.489 , 133 , 2635 , 404 , 1240 , 1951
460 , 490.728 , 123 , 2635 , 395 , 1177 , 1951
480 , 479.925 , 123 , 2635 , 391 , 1166 , 1951
500 , 472.654 , 123 , 2635 , 389 , 1138 , 1951
520 , 465.019 , 123 , 2635 , 383 , 1130 , 1814
540 , 460.85 , 123 , 2635 , 377 , 1130 , 1814
560 , 460.968 , 123 , 2635 , 374 , 1138 , 1814
580 , 457.714 , 123 , 2635 , 369 , 1130 , 1814
600 , 462.527 , 123 , 2635 , 374 , 1130 , 1814
620 , 463.321 , 123 , 2635 , 374 , 1130 , 1805
640 , 476.337 , 123 , 2635 , 378 , 1213 , 1814
660 , 487.52 , 120 , 2635 , 379 , 1293 , 2004
680 , 479.453 , 104 , 2635 , 374 , 1256 , 2004
700 , 477.357 , 104 , 2635 , 372 , 1252 , 2004
720 , 508.203 , 104 , 3355 , 380 , 1406 , 2323
740 , 522.655 , 104 , 3606 , 387 , 1456 , 2337
760 , 530.328 , 104 , 3606 , 390 , 1496 , 2337
780 , 535.691 , 104 , 3606 , 394 , 1523 , 2337
800 , 545.54 , 104 , 3606 , 397 , 1534 , 2521
820 , 554.655 , 104 , 3606 , 404 , 1581 , 2426
840 , 613.151 , 104 , 6535 , 409 , 1864 , 3355
860 , 723.234 , 104 , 9349 , 418 , 2288 , 6037
880 , 741.44 , 104 , 9349 , 428 , 2337 , 6037
900 , 766.624 , 104 , 9349 , 431 , 2635 , 6037
920 , 802.263 , 104 , 9349 , 441 , 2831 , 6004
940 , 813.056 , 104 , 9349 , 445 , 2880 , 6004
960 , 823.078 , 104 , 9349 , 451 , 2880 , 6004
980 , 929.878 , 104 , 10593 , 458 , 3558 , 7974
1000 , 956.403 , 104 , 10593 , 465 , 3698 , 7974
1020 , 975.932 , 104 , 10593 , 476 , 3720 , 7659
1040 , 1001.81 , 104 , 10593 , 479 , 3945 , 7659
1060 , 1008.22 , 104 , 10593 , 483 , 3940 , 7659
1080 , 1011.54 , 104 , 10593 , 487 , 3926 , 7659
1100 , 1012.07 , 104 , 10593 , 487 , 3747 , 7659
1120 , 1034.42 , 104 , 10593 , 493 , 3945 , 7570
1140 , 1052.09 , 104 , 10593 , 502 , 3972 , 7570
1160 , 1061.96 , 104 , 10593 , 504 , 3972 , 7570
1180 , 1060.46 , 104 , 10593 , 504 , 3957 , 7570
1200 , 1053.53 , 104 , 10593 , 502 , 3945 , 7570
1220 , 1048.16 , 104 , 10593 , 497 , 3940 , 7249
1240 , 1045.32 , 104 , 10593 , 503 , 3926 , 7249
1260 , 1039.43 , 104 , 10593 , 503 , 3812 , 7249
1280 , 1044.77 , 104 , 10593 , 504 , 3812 , 7249
1300 , 1051.88 , 104 , 10593 , 507 , 3812 , 7249
1320 , 1061.85 , 104 , 10593 , 512 , 3812 , 7151
1340 , 1064.58 , 104 , 10593 , 514 , 3747 , 7151
1360 , 1069.9 , 104 , 10593 , 517 , 3747 , 7151
1380 , 1073.4 , 104 , 10593 , 517 , 3744 , 7151
1400 , 1061.87 , 104 , 10593 , 512 , 3723 , 7151
1420 , 1058.49 , 104 , 10593 , 516 , 3720 , 6869
1440 , 1068.07 , 104 , 10593 , 519 , 3720 , 6869
1460 , 1074.26 , 104 , 10593 , 521 , 3720 , 6869
1480 , 1084.58 , 104 , 10593 , 525 , 3720 , 6869
1500 , 1087.11 , 104 , 10593 , 525 , 3720 , 6869
1520 , 1079.97 , 104 , 10593 , 520 , 3720 , 6558
1540 , 1080.2 , 104 , 10593 , 519 , 3716 , 6558
1560 , 1078.34 , 104 , 10593 , 521 , 3703 , 6558
1580 , 1070.05 , 104 , 10593 , 517 , 3698 , 6558
1600 , 1068.07 , 104 , 10593 , 515 , 3651 , 6558
1620 , 1064.85 , 104 , 10593 , 516 , 3619 , 6535
1640 , 1070.25 , 104 , 10593 , 517 , 3606 , 6535
1660 , 1079.31 , 104 , 10593 , 521 , 3619 , 6535
1680 , 1084.35 , 104 , 10593 , 521 , 3619 , 6535
1700 , 1093.57 , 104 , 10593 , 528 , 3639 , 6535
