timestamp,symbol,exchange,event_type,price,quantity
2026-08-03 23:39:13,BTCUSDT,BINANCE,TRADE,63910,9e-05
2026-08-03 23:39:13,SOLUSDT,BINANCE,TRADE,73.99,0.075
2026-08-03 23:39:13,SOLUSDT,BINANCE,TRADE,73.99,0.068
2026-08-03 23:39:13,SOLUSDT,BINANCE,TRADE,73.99,0.082
2026-08-03 23:39:13,SOLUSDT,BINANCE,TRADE,73.99,0.102
2026-08-03 23:39:13,SOLUSDT,BINANCE,TRADE,73.99,0.069
2026-08-03 23:39:13,SOLUSDT,BINANCE,TRADE,73.99,0.075
2026-08-03 23:39:13,SOLUSDT,BINANCE,TRADE,73.99,0.15
2026-08-03 23:39:13,SOLUSDT,BINANCE,TRADE,73.99,0.073
2026-08-03 23:39:13,SOLUSDT,BINANCE,TRADE,73.99,0.073
2026-08-03 23:39:13,SOLUSDT,BINANCE,TRADE,73.99,11.045
2026-08-03 23:39:13,BTCUSDT,BINANCE,TRADE,63910,0.0001
2026-08-03 23:39:14,BTCUSDT,BINANCE,TRADE,63910,0.00116
2026-08-03 23:39:14,ETHUSDT,BINANCE,TRADE,1870.85,0.0362
2026-08-03 23:39:15,SOLUSDT,BINANCE,TRADE,73.99,2.742
2026-08-03 23:39:15,BTCUSDT,BINANCE,TRADE,63910,0.00017
2026-08-03 23:39:16,SOLUSDT,BINANCE,TRADE,73.99,0.055
2026-08-03 23:39:16,SOLUSDT,BINANCE,TRADE,73.99,2.592
2026-08-03 23:39:17,ETHUSDT,BINANCE,TRADE,1870.85,1.8973
2026-08-03 23:39:17,ETHUSDT,BINANCE,TRADE,1870.85,3.287
2026-08-03 23:39:17,ETHUSDT,BINANCE,TRADE,1870.85,1.9943
2026-08-03 23:39:17,ETHUSDT,BINANCE,TRADE,1870.85,0.0027
2026-08-03 23:39:17,ETHUSDT,BINANCE,TRADE,1870.85,0.0027
2026-08-03 23:39:17,ETHUSDT,BINANCE,TRADE,1870.85,0.0027
2026-08-03 23:39:17,ETHUSDT,BINANCE,TRADE,1870.85,0.0054
2026-08-03 23:39:17,ETHUSDT,BINANCE,TRADE,1870.85,0.0028
2026-08-03 23:39:17,ETHUSDT,BINANCE,TRADE,1870.85,0.0027
2026-08-03 23:39:17,ETHUSDT,BINANCE,TRADE,1870.85,0.0027
2026-08-03 23:39:17,ETHUSDT,BINANCE,TRADE,1870.85,0.0028
2026-08-03 23:39:17,ETHUSDT,BINANCE,TRADE,1870.85,0.0027
2026-08-03 23:39:17,ETHUSDT,BINANCE,TRADE,1870.85,0.112
2026-08-03 23:39:17,ETHUSDT,BINANCE,TRADE,1870.85,0.0027
2026-08-03 23:39:17,ETHUSDT,BINANCE,TRADE,1870.85,0.0032
2026-08-03 23:39:17,ETHUSDT,BINANCE,TRADE,1870.85,0.0029
2026-08-03 23:39:17,ETHUSDT,BINANCE,TRADE,1870.85,0.0029
2026-08-03 23:39:17,ETHUSDT,BINANCE,TRADE,1870.85,0.0032
2026-08-03 23:39:17,ETHUSDT,BINANCE,TRADE,1870.85,0.379
2026-08-03 23:39:17,ETHUSDT,BINANCE,TRADE,1870.85,0.089
2026-08-03 23:39:17,ETHUSDT,BINANCE,TRADE,1870.85,0.4654
2026-08-03 23:39:17,ETHUSDT,BINANCE,TRADE,1870.85,1.3376
2026-08-03 23:39:17,ETHUSDT,BINANCE,TRADE,1870.85,0.7982
2026-08-03 23:39:17,ETHUSDT,BINANCE,TRADE,1870.85,0.1861
2026-08-03 23:39:17,BTCUSDT,BINANCE,TRADE,63910,0.00159
2026-08-03 23:39:18,BTCUSDT,BINANCE,TRADE,63910,0.00234
2026-08-03 23:39:18,ETHUSDT,BINANCE,TRADE,1870.86,0.0947
2026-08-03 23:39:19,SOLUSDT,BINANCE,TRADE,73.98,10
2026-08-03 23:39:19,BTCUSDT,BINANCE,TRADE,63910,0.00416
2026-08-03 23:39:19,BTCUSDT,BINANCE,TRADE,63910,0.005
2026-08-03 23:39:19,BTCUSDT,BINANCE,TRADE,63910,0.00288
2026-08-03 23:39:20,SOLUSDT,BINANCE,TRADE,73.98,2.521
2026-08-03 23:39:20,BTCUSDT,BINANCE,TRADE,63910,0.0001
2026-08-03 23:39:20,SOLUSDT,BINANCE,TRADE,73.99,2.408
2026-08-03 23:39:20,SOLUSDT,BINANCE,TRADE,73.99,0.136
2026-08-03 23:39:20,SOLUSDT,BINANCE,TRADE,73.99,0.071
2026-08-03 23:39:20,SOLUSDT,BINANCE,TRADE,73.99,0.073
2026-08-03 23:39:20,SOLUSDT,BINANCE,TRADE,73.99,0.073
2026-08-03 23:39:20,SOLUSDT,BINANCE,TRADE,73.99,0.073
2026-08-03 23:39:20,SOLUSDT,BINANCE,TRADE,73.99,0.073
2026-08-03 23:39:20,SOLUSDT,BINANCE,TRADE,73.99,0.073
2026-08-03 23:39:20,SOLUSDT,BINANCE,TRADE,73.99,0.071
2026-08-03 23:39:20,SOLUSDT,BINANCE,TRADE,73.99,0.073
2026-08-03 23:39:20,SOLUSDT,BINANCE,TRADE,73.99,0.27
2026-08-03 23:39:20,SOLUSDT,BINANCE,TRADE,73.99,0.064
2026-08-03 23:39:20,ETHUSDT,BINANCE,TRADE,1870.86,0.4681
2026-08-03 23:39:20,BTCUSDT,BINANCE,TRADE,63910,0.0001
2026-08-03 23:39:20,ETHUSDT,BINANCE,TRADE,1870.86,0.003
2026-08-03 23:39:20,SOLUSDT,BINANCE,TRADE,73.99,0.089
2026-08-03 23:39:20,BTCUSDT,BINANCE,TRADE,63910,0.00692
2026-08-03 23:39:20,BTCUSDT,BINANCE,TRADE,63910,0.11754
2026-08-03 23:39:20,BTCUSDT,BINANCE,TRADE,63910,0.03381
2026-08-03 23:39:20,BTCUSDT,BINANCE,TRADE,63910,8e-05
2026-08-03 23:39:20,BTCUSDT,BINANCE,TRADE,63910,8e-05
2026-08-03 23:39:20,BTCUSDT,BINANCE,TRADE,63910,9e-05
2026-08-03 23:39:20,BTCUSDT,BINANCE,TRADE,63910,9e-05
2026-08-03 23:39:20,BTCUSDT,BINANCE,TRADE,63910,9e-05
2026-08-03 23:39:20,BTCUSDT,BINANCE,TRADE,63910,8e-05
2026-08-03 23:39:20,BTCUSDT,BINANCE,TRADE,63910,9e-05
2026-08-03 23:39:20,BTCUSDT,BINANCE,TRADE,63910,9e-05
2026-08-03 23:39:20,BTCUSDT,BINANCE,TRADE,63910,8e-05
2026-08-03 23:39:20,BTCUSDT,BINANCE,TRADE,63910,9e-05
2026-08-03 23:39:20,BTCUSDT,BINANCE,TRADE,63910,8e-05
2026-08-03 23:39:20,BTCUSDT,BINANCE,TRADE,63910,9e-05
2026-08-03 23:39:20,BTCUSDT,BINANCE,TRADE,63910,0.007
2026-08-03 23:39:20,BTCUSDT,BINANCE,TRADE,63910,8e-05
2026-08-03 23:39:20,BTCUSDT,BINANCE,TRADE,63910,0.00016
2026-08-03 23:39:20,BTCUSDT,BINANCE,TRADE,63910,8e-05
2026-08-03 23:39:20,BTCUSDT,BINANCE,TRADE,63910,9e-05
2026-08-03 23:39:20,BTCUSDT,BINANCE,TRADE,63910,9e-05
2026-08-03 23:39:20,BTCUSDT,BINANCE,TRADE,63910,8e-05
2026-08-03 23:39:20,BTCUSDT,BINANCE,TRADE,63910,9e-05
2026-08-03 23:39:20,BTCUSDT,BINANCE,TRADE,63910,8e-05
2026-08-03 23:39:20,BTCUSDT,BINANCE,TRADE,63910,8e-05
2026-08-03 23:39:20,BTCUSDT,BINANCE,TRADE,63910,8e-05
2026-08-03 23:39:20,BTCUSDT,BINANCE,TRADE,63910,9e-05
2026-08-03 23:39:20,BTCUSDT,BINANCE,TRADE,63910,9e-05
2026-08-03 23:39:20,BTCUSDT,BINANCE,TRADE,63910,9e-05
2026-08-03 23:39:20,BTCUSDT,BINANCE,TRADE,63910,0.01
2026-08-03 23:39:20,BTCUSDT,BINANCE,TRADE,63910,8e-05
2026-08-03 23:39:20,BTCUSDT,BINANCE,TRADE,63910,0.007
2026-08-03 23:39:20,BTCUSDT,BINANCE,TRADE,63910,8e-05
2026-08-03 23:39:20,BTCUSDT,BINANCE,TRADE,63910,8e-05
2026-08-03 23:39:20,BTCUSDT,BINANCE,TRADE,63910,8e-05
2026-08-03 23:39:20,BTCUSDT,BINANCE,TRADE,63910,8e-05
2026-08-03 23:39:20,BTCUSDT,BINANCE,TRADE,63910,8e-05
2026-08-03 23:39:20,BTCUSDT,BINANCE,TRADE,63910,8e-05
2026-08-03 23:39:20,BTCUSDT,BINANCE,TRADE,63910,8e-05
2026-08-03 23:39:20,BTCUSDT,BINANCE,TRADE,63910,8e-05
2026-08-03 23:39:20,BTCUSDT,BINANCE,TRADE,63910,8e-05
2026-08-03 23:39:20,BTCUSDT,BINANCE,TRADE,63910,8e-05
2026-08-03 23:39:20,BTCUSDT,BINANCE,TRADE,63910,8e-05
2026-08-03 23:39:20,BTCUSDT,BINANCE,TRADE,63910,8e-05
2026-08-03 23:39:20,BTCUSDT,BINANCE,TRADE,63910,8e-05
2026-08-03 23:39:20,BTCUSDT,BINANCE,TRADE,63910,8e-05
2026-08-03 23:39:20,BTCUSDT,BINANCE,TRADE,63910,8e-05
2026-08-03 23:39:20,BTCUSDT,BINANCE,TRADE,63910,8e-05
2026-08-03 23:39:20,BTCUSDT,BINANCE,TRADE,63910,8e-05
2026-08-03 23:39:20,BTCUSDT,BINANCE,TRADE,63910,8e-05
2026-08-03 23:39:20,BTCUSDT,BINANCE,TRADE,63910,8e-05
2026-08-03 23:39:20,BTCUSDT,BINANCE,TRADE,63910,8e-05
2026-08-03 23:39:20,BTCUSDT,BINANCE,TRADE,63910,8e-05
2026-08-03 23:39:20,BTCUSDT,BINANCE,TRADE,63910,8e-05
2026-08-03 23:39:20,BTCUSDT,BINANCE,TRADE,63910,8e-05
2026-08-03 23:39:20,BTCUSDT,BINANCE,TRADE,63910,8e-05
2026-08-03 23:39:20,BTCUSDT,BINANCE,TRADE,63910,8e-05
2026-08-03 23:39:20,BTCUSDT,BINANCE,TRADE,63910,4e-05
2026-08-03 23:39:20,BTCUSDT,BINANCE,TRADE,63910,9e-05
2026-08-03 23:39:20,BTCUSDT,BINANCE,TRADE,63910,9e-05
2026-08-03 23:39:20,BTCUSDT,BINANCE,TRADE,63910,9e-05
2026-08-03 23:39:20,BTCUSDT,BINANCE,TRADE,63910,0.00016
2026-08-03 23:39:20,BTCUSDT,BINANCE,TRADE,63910,9e-05
2026-08-03 23:39:20,BTCUSDT,BINANCE,TRADE,63910,9e-05
2026-08-03 23:39:20,BTCUSDT,BINANCE,TRADE,63910,9e-05
2026-08-03 23:39:20,BTCUSDT,BINANCE,TRADE,63910,9e-05
2026-08-03 23:39:20,BTCUSDT,BINANCE,TRADE,63910,0.00016
2026-08-03 23:39:20,BTCUSDT,BINANCE,TRADE,63910.3,8e-05
2026-08-03 23:39:20,BTCUSDT,BINANCE,TRADE,63910.4,9e-05
2026-08-03 23:39:20,BTCUSDT,BINANCE,TRADE,63911.3,8e-05
2026-08-03 23:39:20,BTCUSDT,BINANCE,TRADE,63911.3,8e-05
2026-08-03 23:39:20,BTCUSDT,BINANCE,TRADE,63911.3,9e-05
2026-08-03 23:39:20,BTCUSDT,BINANCE,TRADE,63911.3,9e-05
2026-08-03 23:39:20,BTCUSDT,BINANCE,TRADE,63911.3,8e-05
2026-08-03 23:39:20,BTCUSDT,BINANCE,TRADE,63911.3,8e-05
2026-08-03 23:39:20,BTCUSDT,BINANCE,TRADE,63911.3,8e-05
2026-08-03 23:39:20,BTCUSDT,BINANCE,TRADE,63911.3,8e-05
2026-08-03 23:39:20,BTCUSDT,BINANCE,TRADE,63911.7,9e-05
2026-08-03 23:39:20,BTCUSDT,BINANCE,TRADE,63912,0.008
2026-08-03 23:39:20,BTCUSDT,BINANCE,TRADE,63912,0.005
2026-08-03 23:39:20,BTCUSDT,BINANCE,TRADE,63912,0.002
2026-08-03 23:39:20,BTCUSDT,BINANCE,TRADE,63912,0.006
2026-08-03 23:39:20,BTCUSDT,BINANCE,TRADE,63912,9e-05
2026-08-03 23:39:20,BTCUSDT,BINANCE,TRADE,63912,9e-05
2026-08-03 23:39:20,BTCUSDT,BINANCE,TRADE,63913.1,8e-05
2026-08-03 23:39:20,BTCUSDT,BINANCE,TRADE,63913.1,8e-05
2026-08-03 23:39:20,BTCUSDT,BINANCE,TRADE,63913.1,8e-05
2026-08-03 23:39:20,BTCUSDT,BINANCE,TRADE,63913.1,9e-05
2026-08-03 23:39:20,BTCUSDT,BINANCE,TRADE,63913.1,9e-05
2026-08-03 23:39:20,BTCUSDT,BINANCE,TRADE,63913.1,8e-05
2026-08-03 23:39:20,BTCUSDT,BINANCE,TRADE,63913.1,8e-05
2026-08-03 23:39:20,BTCUSDT,BINANCE,TRADE,63913.1,8e-05
2026-08-03 23:39:20,BTCUSDT,BINANCE,TRADE,63913.1,9e-05
2026-08-03 23:39:20,BTCUSDT,BINANCE,TRADE,63913.3,9e-05
2026-08-03 23:39:20,BTCUSDT,BINANCE,TRADE,63913.3,9e-05
2026-08-03 23:39:20,BTCUSDT,BINANCE,TRADE,63913.3,8e-05
2026-08-03 23:39:20,BTCUSDT,BINANCE,TRADE,63913.3,8e-05
2026-08-03 23:39:20,BTCUSDT,BINANCE,TRADE,63913.5,8e-05
2026-08-03 23:39:20,BTCUSDT,BINANCE,TRADE,63914,9e-05
2026-08-03 23:39:20,BTCUSDT,BINANCE,TRADE,63914,9e-05
2026-08-03 23:39:20,BTCUSDT,BINANCE,TRADE,63914,9e-05
2026-08-03 23:39:20,BTCUSDT,BINANCE,TRADE,63914,0.008
2026-08-03 23:39:20,BTCUSDT,BINANCE,TRADE,63914,0.005
2026-08-03 23:39:20,BTCUSDT,BINANCE,TRADE,63914,0.002
2026-08-03 23:39:20,BTCUSDT,BINANCE,TRADE,63914,0.006
2026-08-03 23:39:20,BTCUSDT,BINANCE,TRADE,63914,9e-05
2026-08-03 23:39:20,BTCUSDT,BINANCE,TRADE,63914,9e-05
2026-08-03 23:39:20,BTCUSDT,BINANCE,TRADE,63914,9e-05
2026-08-03 23:39:20,BTCUSDT,BINANCE,TRADE,63914,9e-05
2026-08-03 23:39:20,BTCUSDT,BINANCE,TRADE,63914,8e-05
2026-08-03 23:39:20,BTCUSDT,BINANCE,TRADE,63914,8e-05
2026-08-03 23:39:20,BTCUSDT,BINANCE,TRADE,63914,9e-05
2026-08-03 23:39:20,BTCUSDT,BINANCE,TRADE,63914,9e-05
2026-08-03 23:39:20,BTCUSDT,BINANCE,TRADE,63914,9e-05
2026-08-03 23:39:20,BTCUSDT,BINANCE,TRADE,63914,8e-05
2026-08-03 23:39:20,BTCUSDT,BINANCE,TRADE,63914,9e-05
2026-08-03 23:39:20,BTCUSDT,BINANCE,TRADE,63914,9e-05
2026-08-03 23:39:20,BTCUSDT,BINANCE,TRADE,63914,9e-05
2026-08-03 23:39:20,BTCUSDT,BINANCE,TRADE,63914,9e-05
2026-08-03 23:39:20,BTCUSDT,BINANCE,TRADE,63914,8e-05
2026-08-03 23:39:20,BTCUSDT,BINANCE,TRADE,63914,9e-05
2026-08-03 23:39:20,BTCUSDT,BINANCE,TRADE,63914,9e-05
2026-08-03 23:39:20,BTCUSDT,BINANCE,TRADE,63914,9e-05
2026-08-03 23:39:20,BTCUSDT,BINANCE,TRADE,63914,8e-05
2026-08-03 23:39:20,BTCUSDT,BINANCE,TRADE,63914,8e-05
2026-08-03 23:39:20,BTCUSDT,BINANCE,TRADE,63914,8e-05
2026-08-03 23:39:20,BTCUSDT,BINANCE,TRADE,63914,8e-05
2026-08-03 23:39:20,BTCUSDT,BINANCE,TRADE,63914,8e-05
2026-08-03 23:39:20,BTCUSDT,BINANCE,TRADE,63914,9e-05
2026-08-03 23:39:20,BTCUSDT,BINANCE,TRADE,63914,9e-05
2026-08-03 23:39:20,BTCUSDT,BINANCE,TRADE,63914,9e-05
2026-08-03 23:39:20,BTCUSDT,BINANCE,TRADE,63914,9e-05
2026-08-03 23:39:20,BTCUSDT,BINANCE,TRADE,63914,9e-05
2026-08-03 23:39:20,BTCUSDT,BINANCE,TRADE,63914,9e-05
2026-08-03 23:39:20,BTCUSDT,BINANCE,TRADE,63914,9e-05
2026-08-03 23:39:20,BTCUSDT,BINANCE,TRADE,63914.5,8e-05
2026-08-03 23:39:20,BTCUSDT,BINANCE,TRADE,63914.5,9e-05
2026-08-03 23:39:20,BTCUSDT,BINANCE,TRADE,63914.5,8e-05
2026-08-03 23:39:20,BTCUSDT,BINANCE,TRADE,63914.5,8e-05
2026-08-03 23:39:20,BTCUSDT,BINANCE,TRADE,63914.5,9e-05
2026-08-03 23:39:20,BTCUSDT,BINANCE,TRADE,63914.5,9e-05
2026-08-03 23:39:20,BTCUSDT,BINANCE,TRADE,63914.5,9e-05
2026-08-03 23:39:20,BTCUSDT,BINANCE,TRADE,63914.5,9e-05
2026-08-03 23:39:20,BTCUSDT,BINANCE,TRADE,63914.5,8e-05
2026-08-03 23:39:20,BTCUSDT,BINANCE,TRADE,63914.5,9e-05
2026-08-03 23:39:20,BTCUSDT,BINANCE,TRADE,63914.5,9e-05
2026-08-03 23:39:20,BTCUSDT,BINANCE,TRADE,63914.5,8e-05
2026-08-03 23:39:20,BTCUSDT,BINANCE,TRADE,63914.5,8e-05
2026-08-03 23:39:20,BTCUSDT,BINANCE,TRADE,63914.5,9e-05
2026-08-03 23:39:20,BTCUSDT,BINANCE,TRADE,63914.5,9e-05
2026-08-03 23:39:20,BTCUSDT,BINANCE,TRADE,63914.5,9e-05
2026-08-03 23:39:20,BTCUSDT,BINANCE,TRADE,63914.5,9e-05
2026-08-03 23:39:20,BTCUSDT,BINANCE,TRADE,63914.5,0.38638
2026-08-03 23:39:20,BTCUSDT,BINANCE,TRADE,63914.5,8e-05
2026-08-03 23:39:20,BTCUSDT,BINANCE,TRADE,63914.5,8e-05
2026-08-03 23:39:20,BTCUSDT,BINANCE,TRADE,63914.5,8e-05
2026-08-03 23:39:20,BTCUSDT,BINANCE,TRADE,63914.5,8e-05
2026-08-03 23:39:20,BTCUSDT,BINANCE,TRADE,63914.5,9e-05
2026-08-03 23:39:20,BTCUSDT,BINANCE,TRADE,63914.5,9e-05
2026-08-03 23:39:20,BTCUSDT,BINANCE,TRADE,63914.5,9e-05
2026-08-03 23:39:20,BTCUSDT,BINANCE,TRADE,63914.5,9e-05
2026-08-03 23:39:20,BTCUSDT,BINANCE,TRADE,63914.5,9e-05
2026-08-03 23:39:20,BTCUSDT,BINANCE,TRADE,63914.5,9e-05
2026-08-03 23:39:20,BTCUSDT,BINANCE,TRADE,63914.5,9e-05
2026-08-03 23:39:20,BTCUSDT,BINANCE,TRADE,63914.5,9e-05
2026-08-03 23:39:20,BTCUSDT,BINANCE,TRADE,63915.2,9e-05
2026-08-03 23:39:20,BTCUSDT,BINANCE,TRADE,63915.2,9e-05
2026-08-03 23:39:20,BTCUSDT,BINANCE,TRADE,63915.2,9e-05
2026-08-03 23:39:20,BTCUSDT,BINANCE,TRADE,63915.2,0.01689
2026-08-03 23:39:20,BTCUSDT,BINANCE,TRADE,63915.2,0.00187
2026-08-03 23:39:20,BTCUSDT,BINANCE,TRADE,63915.2,9e-05
2026-08-03 23:39:20,BTCUSDT,BINANCE,TRADE,63915.2,9e-05
2026-08-03 23:39:20,BTCUSDT,BINANCE,TRADE,63915.2,8e-05
2026-08-03 23:39:20,BTCUSDT,BINANCE,TRADE,63915.2,8e-05
2026-08-03 23:39:20,BTCUSDT,BINANCE,TRADE,63915.3,0.00782
2026-08-03 23:39:20,BTCUSDT,BINANCE,TRADE,63915.3,9e-05
2026-08-03 23:39:20,BTCUSDT,BINANCE,TRADE,63915.3,9e-05
2026-08-03 23:39:20,BTCUSDT,BINANCE,TRADE,63915.4,8e-05
2026-08-03 23:39:20,BTCUSDT,BINANCE,TRADE,63915.4,8e-05
2026-08-03 23:39:20,BTCUSDT,BINANCE,TRADE,63915.6,0.00024
2026-08-03 23:39:20,BTCUSDT,BINANCE,TRADE,63915.7,8e-05
2026-08-03 23:39:20,BTCUSDT,BINANCE,TRADE,63915.8,8e-05
2026-08-03 23:39:20,BTCUSDT,BINANCE,TRADE,63915.8,8e-05
2026-08-03 23:39:20,BTCUSDT,BINANCE,TRADE,63916,9e-05
2026-08-03 23:39:20,BTCUSDT,BINANCE,TRADE,63916,9e-05
2026-08-03 23:39:20,BTCUSDT,BINANCE,TRADE,63916,9e-05
2026-08-03 23:39:21,BTCUSDT,BINANCE,TRADE,63916,0.00433
2026-08-03 23:39:21,BTCUSDT,BINANCE,TRADE,63916,0.0035
2026-08-03 23:39:21,SOLUSDT,BINANCE,TRADE,73.99,1.114
2026-08-03 23:39:21,SOLUSDT,BINANCE,TRADE,73.98,6.702
2026-08-03 23:39:22,BTCUSDT,BINANCE,TRADE,63916,0.00011
2026-08-03 23:39:22,SOLUSDT,BINANCE,TRADE,73.99,0.733
2026-08-03 23:39:22,SOLUSDT,BINANCE,TRADE,73.99,18.24
2026-08-03 23:39:22,SOLUSDT,BINANCE,TRADE,73.99,0.159
2026-08-03 23:39:22,SOLUSDT,BINANCE,TRADE,73.99,0.278
2026-08-03 23:39:22,SOLUSDT,BINANCE,TRADE,73.99,0.073
2026-08-03 23:39:22,SOLUSDT,BINANCE,TRADE,73.99,0.073
2026-08-03 23:39:22,SOLUSDT,BINANCE,TRADE,73.99,0.068
2026-08-03 23:39:22,SOLUSDT,BINANCE,TRADE,73.99,0.135
2026-08-03 23:39:22,SOLUSDT,BINANCE,TRADE,73.99,0.073
2026-08-03 23:39:22,SOLUSDT,BINANCE,TRADE,73.99,0.073
2026-08-03 23:39:22,SOLUSDT,BINANCE,TRADE,73.99,0.071
2026-08-03 23:39:22,SOLUSDT,BINANCE,TRADE,73.99,0.136
2026-08-03 23:39:22,SOLUSDT,BINANCE,TRADE,73.99,0.073
2026-08-03 23:39:22,SOLUSDT,BINANCE,TRADE,73.99,0.073
2026-08-03 23:39:22,SOLUSDT,BINANCE,TRADE,73.99,0.071
2026-08-03 23:39:22,SOLUSDT,BINANCE,TRADE,73.99,0.073
2026-08-03 23:39:22,SOLUSDT,BINANCE,TRADE,73.99,0.073
2026-08-03 23:39:22,SOLUSDT,BINANCE,TRADE,73.99,0.07
2026-08-03 23:39:22,SOLUSDT,BINANCE,TRADE,73.99,0.959
2026-08-03 23:39:22,BTCUSDT,BINANCE,TRADE,63916,0.00105
2026-08-03 23:39:23,ETHUSDT,BINANCE,TRADE,1870.86,0.0044
2026-08-03 23:39:23,BTCUSDT,BINANCE,TRADE,63916,0.00157
2026-08-03 23:39:23,ETHUSDT,BINANCE,TRADE,1870.86,0.0191
2026-08-03 23:39:24,ETHUSDT,BINANCE,TRADE,1870.86,0.122
2026-08-03 23:39:24,ETHUSDT,BINANCE,TRADE,1870.86,0.0027
2026-08-03 23:39:24,ETHUSDT,BINANCE,TRADE,1870.86,0.0027
2026-08-03 23:39:24,ETHUSDT,BINANCE,TRADE,1870.86,0.0054
2026-08-03 23:39:24,ETHUSDT,BINANCE,TRADE,1870.86,0.0027
2026-08-03 23:39:24,ETHUSDT,BINANCE,TRADE,1870.86,0.0028
2026-08-03 23:39:24,ETHUSDT,BINANCE,TRADE,1870.86,0.0069
2026-08-03 23:39:24,ETHUSDT,BINANCE,TRADE,1870.86,0.05
2026-08-03 23:39:24,ETHUSDT,BINANCE,TRADE,1870.86,0.089
2026-08-03 23:39:24,ETHUSDT,BINANCE,TRADE,1870.86,0.0027
2026-08-03 23:39:24,ETHUSDT,BINANCE,TRADE,1870.86,0.0214
2026-08-03 23:39:24,ETHUSDT,BINANCE,TRADE,1870.86,0.0027
2026-08-03 23:39:24,ETHUSDT,BINANCE,TRADE,1870.86,0.0426
2026-08-03 23:39:24,ETHUSDT,BINANCE,TRADE,1870.86,0.0678
2026-08-03 23:39:24,BTCUSDT,BINANCE,TRADE,63916,0.00432
2026-08-03 23:39:24,BTCUSDT,BINANCE,TRADE,63916,0.008
2026-08-03 23:39:24,BTCUSDT,BINANCE,TRADE,63916,0.005
2026-08-03 23:39:24,BTCUSDT,BINANCE,TRADE,63916,0.002
2026-08-03 23:39:24,BTCUSDT,BINANCE,TRADE,63916,0.04525
2026-08-03 23:39:24,BTCUSDT,BINANCE,TRADE,63916,8e-05
2026-08-03 23:39:24,BTCUSDT,BINANCE,TRADE,63916,8e-05
2026-08-03 23:39:24,BTCUSDT,BINANCE,TRADE,63916,8e-05
2026-08-03 23:39:24,BTCUSDT,BINANCE,TRADE,63916,9e-05
2026-08-03 23:39:24,BTCUSDT,BINANCE,TRADE,63916,9e-05
2026-08-03 23:39:24,BTCUSDT,BINANCE,TRADE,63916,9e-05
2026-08-03 23:39:24,BTCUSDT,BINANCE,TRADE,63916,9e-05
2026-08-03 23:39:24,BTCUSDT,BINANCE,TRADE,63916,9e-05
2026-08-03 23:39:24,BTCUSDT,BINANCE,TRADE,63916,9e-05
2026-08-03 23:39:24,BTCUSDT,BINANCE,TRADE,63916,9e-05
2026-08-03 23:39:24,BTCUSDT,BINANCE,TRADE,63916,9e-05
2026-08-03 23:39:24,BTCUSDT,BINANCE,TRADE,63916,9e-05
2026-08-03 23:39:24,BTCUSDT,BINANCE,TRADE,63916,9e-05
2026-08-03 23:39:24,BTCUSDT,BINANCE,TRADE,63916,9e-05
2026-08-03 23:39:24,BTCUSDT,BINANCE,TRADE,63916,9e-05
2026-08-03 23:39:24,BTCUSDT,BINANCE,TRADE,63916,9e-05
2026-08-03 23:39:24,BTCUSDT,BINANCE,TRADE,63916,9e-05
2026-08-03 23:39:24,BTCUSDT,BINANCE,TRADE,63916,8e-05
2026-08-03 23:39:24,BTCUSDT,BINANCE,TRADE,63916,9e-05
2026-08-03 23:39:24,BTCUSDT,BINANCE,TRADE,63916,8e-05
2026-08-03 23:39:24,BTCUSDT,BINANCE,TRADE,63916,0.0035
2026-08-03 23:39:24,BTCUSDT,BINANCE,TRADE,63916,8e-05
2026-08-03 23:39:24,BTCUSDT,BINANCE,TRADE,63916,8e-05
2026-08-03 23:39:24,BTCUSDT,BINANCE,TRADE,63916,9e-05
2026-08-03 23:39:24,BTCUSDT,BINANCE,TRADE,63916,9e-05
2026-08-03 23:39:24,BTCUSDT,BINANCE,TRADE,63916,8e-05
2026-08-03 23:39:24,BTCUSDT,BINANCE,TRADE,63916,8e-05
2026-08-03 23:39:24,BTCUSDT,BINANCE,TRADE,63916,9e-05
2026-08-03 23:39:24,BTCUSDT,BINANCE,TRADE,63916,0.007
2026-08-03 23:39:24,BTCUSDT,BINANCE,TRADE,63916,0.007
2026-08-03 23:39:24,BTCUSDT,BINANCE,TRADE,63916,0.00016
2026-08-03 23:39:24,BTCUSDT,BINANCE,TRADE,63916,0.0015
2026-08-03 23:39:24,BTCUSDT,BINANCE,TRADE,63916,9e-05
2026-08-03 23:39:24,BTCUSDT,BINANCE,TRADE,63916,0.0264
2026-08-03 23:39:24,BTCUSDT,BINANCE,TRADE,63916,8e-05
2026-08-03 23:39:24,BTCUSDT,BINANCE,TRADE,63916,8e-05
2026-08-03 23:39:24,BTCUSDT,BINANCE,TRADE,63916,8e-05
2026-08-03 23:39:24,BTCUSDT,BINANCE,TRADE,63916,8e-05
2026-08-03 23:39:24,BTCUSDT,BINANCE,TRADE,63916,8e-05
2026-08-03 23:39:24,BTCUSDT,BINANCE,TRADE,63916,9e-05
2026-08-03 23:39:24,BTCUSDT,BINANCE,TRADE,63916,9e-05
2026-08-03 23:39:24,BTCUSDT,BINANCE,TRADE,63916,9e-05
2026-08-03 23:39:24,BTCUSDT,BINANCE,TRADE,63916,9e-05
2026-08-03 23:39:24,BTCUSDT,BINANCE,TRADE,63916,9e-05
2026-08-03 23:39:24,BTCUSDT,BINANCE,TRADE,63916,9e-05
2026-08-03 23:39:24,BTCUSDT,BINANCE,TRADE,63916,9e-05
2026-08-03 23:39:24,BTCUSDT,BINANCE,TRADE,63916,9e-05
2026-08-03 23:39:24,BTCUSDT,BINANCE,TRADE,63916,9e-05
2026-08-03 23:39:24,BTCUSDT,BINANCE,TRADE,63916,0.00016
2026-08-03 23:39:24,BTCUSDT,BINANCE,TRADE,63916,0.00016
2026-08-03 23:39:24,BTCUSDT,BINANCE,TRADE,63916.7,8e-05
2026-08-03 23:39:24,BTCUSDT,BINANCE,TRADE,63916.8,9e-05
2026-08-03 23:39:24,BTCUSDT,BINANCE,TRADE,63917.2,0.00012
2026-08-03 23:39:24,BTCUSDT,BINANCE,TRADE,63917.5,0.00012
2026-08-03 23:39:24,BTCUSDT,BINANCE,TRADE,63917.8,8e-05
2026-08-03 23:39:24,BTCUSDT,BINANCE,TRADE,63918,9e-05
2026-08-03 23:39:24,BTCUSDT,BINANCE,TRADE,63918,9e-05
2026-08-03 23:39:24,BTCUSDT,BINANCE,TRADE,63918,9e-05
2026-08-03 23:39:24,BTCUSDT,BINANCE,TRADE,63918,0.006
2026-08-03 23:39:24,BTCUSDT,BINANCE,TRADE,63918,0.008
2026-08-03 23:39:24,BTCUSDT,BINANCE,TRADE,63918,0.005
2026-08-03 23:39:24,BTCUSDT,BINANCE,TRADE,63918,0.002
2026-08-03 23:39:24,BTCUSDT,BINANCE,TRADE,63918,0.00225
2026-08-03 23:39:24,BTCUSDT,BINANCE,TRADE,63918,9e-05
2026-08-03 23:39:24,BTCUSDT,BINANCE,TRADE,63918,9e-05
2026-08-03 23:39:24,BTCUSDT,BINANCE,TRADE,63918,9e-05
2026-08-03 23:39:24,BTCUSDT,BINANCE,TRADE,63918.1,0.0044
2026-08-03 23:39:24,BTCUSDT,BINANCE,TRADE,63918.5,9e-05
2026-08-03 23:39:24,BTCUSDT,BINANCE,TRADE,63918.5,9e-05
2026-08-03 23:39:24,BTCUSDT,BINANCE,TRADE,63918.5,9e-05
2026-08-03 23:39:24,BTCUSDT,BINANCE,TRADE,63918.5,0.0434
2026-08-03 23:39:24,SOLUSDT,BINANCE,TRADE,73.98,1.009
2026-08-03 23:39:24,BTCUSDT,BINANCE,TRADE,63918.5,9e-05
2026-08-03 23:39:24,BTCUSDT,BINANCE,TRADE,63918.5,9e-05
2026-08-03 23:39:24,BTCUSDT,BINANCE,TRADE,63918.5,9e-05
2026-08-03 23:39:24,BTCUSDT,BINANCE,TRADE,63918.5,8e-05
2026-08-03 23:39:24,BTCUSDT,BINANCE,TRADE,63918.5,0.0035
2026-08-03 23:39:24,BTCUSDT,BINANCE,TRADE,63918.5,8e-05
2026-08-03 23:39:24,BTCUSDT,BINANCE,TRADE,63918.5,9e-05
2026-08-03 23:39:24,BTCUSDT,BINANCE,TRADE,63918.5,9e-05
2026-08-03 23:39:24,BTCUSDT,BINANCE,TRADE,63918.5,9e-05
2026-08-03 23:39:24,BTCUSDT,BINANCE,TRADE,63918.5,9e-05
2026-08-03 23:39:24,BTCUSDT,BINANCE,TRADE,63918.5,9e-05
2026-08-03 23:39:24,BTCUSDT,BINANCE,TRADE,63918.5,9e-05
2026-08-03 23:39:24,BTCUSDT,BINANCE,TRADE,63918.5,9e-05
2026-08-03 23:39:24,BTCUSDT,BINANCE,TRADE,63918.5,9e-05
2026-08-03 23:39:24,BTCUSDT,BINANCE,TRADE,63918.5,9e-05
2026-08-03 23:39:24,BTCUSDT,BINANCE,TRADE,63918.5,9e-05
2026-08-03 23:39:24,BTCUSDT,BINANCE,TRADE,63918.5,9e-05
2026-08-03 23:39:24,BTCUSDT,BINANCE,TRADE,63918.5,8e-05
2026-08-03 23:39:24,BTCUSDT,BINANCE,TRADE,63918.5,9e-05
2026-08-03 23:39:24,BTCUSDT,BINANCE,TRADE,63918.5,9e-05
2026-08-03 23:39:24,BTCUSDT,BINANCE,TRADE,63918.5,0.00048
2026-08-03 23:39:24,BTCUSDT,BINANCE,TRADE,63918.5,8e-05
2026-08-03 23:39:24,ETHUSDT,BINANCE,TRADE,1870.86,0.0028
2026-08-03 23:39:24,ETHUSDT,BINANCE,TRADE,1870.86,0.0002
2026-08-03 23:39:24,BTCUSDT,BINANCE,TRADE,63918.5,9e-05
2026-08-03 23:39:24,BTCUSDT,BINANCE,TRADE,63918.5,1e-05
2026-08-03 23:39:25,SOLUSDT,BINANCE,TRADE,73.98,0.081
2026-08-03 23:39:25,BTCUSDT,BINANCE,TRADE,63918.5,0.00091
2026-08-03 23:39:26,SOLUSDT,BINANCE,TRADE,73.99,0.071
2026-08-03 23:39:26,SOLUSDT,BINANCE,TRADE,73.99,0.068
2026-08-03 23:39:26,SOLUSDT,BINANCE,TRADE,73.99,0.073
2026-08-03 23:39:26,SOLUSDT,BINANCE,TRADE,73.99,0.071
2026-08-03 23:39:26,SOLUSDT,BINANCE,TRADE,73.99,0.073
2026-08-03 23:39:26,SOLUSDT,BINANCE,TRADE,73.99,0.278
2026-08-03 23:39:26,SOLUSDT,BINANCE,TRADE,73.99,0.073
2026-08-03 23:39:26,SOLUSDT,BINANCE,TRADE,73.99,0.073
2026-08-03 23:39:26,SOLUSDT,BINANCE,TRADE,73.99,0.073
2026-08-03 23:39:26,SOLUSDT,BINANCE,TRADE,73.99,0.073
2026-08-03 23:39:26,SOLUSDT,BINANCE,TRADE,73.99,0.136
2026-08-03 23:39:26,SOLUSDT,BINANCE,TRADE,73.99,0.073
2026-08-03 23:39:26,SOLUSDT,BINANCE,TRADE,73.99,0.073
2026-08-03 23:39:26,SOLUSDT,BINANCE,TRADE,73.99,2.23
2026-08-03 23:39:26,BTCUSDT,BINANCE,TRADE,63918.5,9e-05
2026-08-03 23:39:26,BTCUSDT,BINANCE,TRADE,63918.5,9e-05
2026-08-03 23:39:26,BTCUSDT,BINANCE,TRADE,63918.5,0.00023
2026-08-03 23:39:26,SOLUSDT,BINANCE,TRADE,73.99,0.175
2026-08-03 23:39:27,BTCUSDT,BINANCE,TRADE,63918.5,9e-05
2026-08-03 23:39:27,BTCUSDT,BINANCE,TRADE,63918.5,9e-05
2026-08-03 23:39:27,BTCUSDT,BINANCE,TRADE,63918.5,8e-05
2026-08-03 23:39:27,BTCUSDT,BINANCE,TRADE,63918.5,8e-05
2026-08-03 23:39:27,BTCUSDT,BINANCE,TRADE,63918.5,9e-05
2026-08-03 23:39:27,BTCUSDT,BINANCE,TRADE,63918.5,9e-05
2026-08-03 23:39:27,BTCUSDT,BINANCE,TRADE,63918.5,9e-05
2026-08-03 23:39:27,BTCUSDT,BINANCE,TRADE,63918.5,9e-05
2026-08-03 23:39:27,BTCUSDT,BINANCE,TRADE,63918.5,9e-05
2026-08-03 23:39:27,BTCUSDT,BINANCE,TRADE,63918.5,8e-05
2026-08-03 23:39:27,BTCUSDT,BINANCE,TRADE,63918.5,9e-05
2026-08-03 23:39:27,BTCUSDT,BINANCE,TRADE,63918.5,8e-05
2026-08-03 23:39:27,BTCUSDT,BINANCE,TRADE,63918.5,8e-05
2026-08-03 23:39:27,BTCUSDT,BINANCE,TRADE,63918.5,9e-05
2026-08-03 23:39:27,BTCUSDT,BINANCE,TRADE,63918.5,9e-05
2026-08-03 23:39:27,BTCUSDT,BINANCE,TRADE,63918.5,9e-05
2026-08-03 23:39:27,BTCUSDT,BINANCE,TRADE,63918.5,9e-05
2026-08-03 23:39:27,BTCUSDT,BINANCE,TRADE,63918.5,9e-05
2026-08-03 23:39:27,BTCUSDT,BINANCE,TRADE,63918.5,0.00016
2026-08-03 23:39:27,BTCUSDT,BINANCE,TRADE,63918.5,0.007
2026-08-03 23:39:27,BTCUSDT,BINANCE,TRADE,63918.5,0.007
2026-08-03 23:39:27,BTCUSDT,BINANCE,TRADE,63918.5,9e-05
2026-08-03 23:39:27,BTCUSDT,BINANCE,TRADE,63918.5,8e-05
2026-08-03 23:39:27,BTCUSDT,BINANCE,TRADE,63918.5,8e-05
2026-08-03 23:39:27,BTCUSDT,BINANCE,TRADE,63918.5,8e-05
2026-08-03 23:39:27,BTCUSDT,BINANCE,TRADE,63918.5,9e-05
2026-08-03 23:39:27,BTCUSDT,BINANCE,TRADE,63918.5,9e-05
2026-08-03 23:39:27,BTCUSDT,BINANCE,TRADE,63918.5,9e-05
2026-08-03 23:39:27,BTCUSDT,BINANCE,TRADE,63918.5,9e-05
2026-08-03 23:39:27,BTCUSDT,BINANCE,TRADE,63918.5,9e-05
2026-08-03 23:39:27,BTCUSDT,BINANCE,TRADE,63918.5,9e-05
2026-08-03 23:39:27,BTCUSDT,BINANCE,TRADE,63918.5,9e-05
2026-08-03 23:39:27,BTCUSDT,BINANCE,TRADE,63918.5,9e-05
2026-08-03 23:39:27,BTCUSDT,BINANCE,TRADE,63918.5,9e-05
2026-08-03 23:39:27,BTCUSDT,BINANCE,TRADE,63918.5,9e-05
2026-08-03 23:39:27,BTCUSDT,BINANCE,TRADE,63918.5,0.00016
2026-08-03 23:39:27,BTCUSDT,BINANCE,TRADE,63918.5,0.00016
2026-08-03 23:39:27,BTCUSDT,BINANCE,TRADE,63918.6,8e-05
2026-08-03 23:39:27,BTCUSDT,BINANCE,TRADE,63918.6,8e-05
2026-08-03 23:39:27,BTCUSDT,BINANCE,TRADE,63918.6,8e-05
2026-08-03 23:39:27,BTCUSDT,BINANCE,TRADE,63919.8,8e-05
2026-08-03 23:39:27,BTCUSDT,BINANCE,TRADE,63919.9,8e-05
2026-08-03 23:39:27,BTCUSDT,BINANCE,TRADE,63920,9e-05
2026-08-03 23:39:27,BTCUSDT,BINANCE,TRADE,63920,9e-05
2026-08-03 23:39:27,BTCUSDT,BINANCE,TRADE,63920,9e-05
2026-08-03 23:39:27,SOLUSDT,BINANCE,TRADE,73.99,0.31
2026-08-03 23:39:27,SOLUSDT,BINANCE,TRADE,73.99,2
2026-08-03 23:39:27,SOLUSDT,BINANCE,TRADE,73.99,0.69
2026-08-03 23:39:27,ETHUSDT,BINANCE,TRADE,1870.86,0.0638
2026-08-03 23:39:27,BTCUSDT,BINANCE,TRADE,63920,8e-05
2026-08-03 23:39:27,BTCUSDT,BINANCE,TRADE,63920,0.00029
2026-08-03 23:39:28,ETHUSDT,BINANCE,TRADE,1870.86,0.1
2026-08-03 23:39:28,ETHUSDT,BINANCE,TRADE,1870.86,0.5185
2026-08-03 23:39:28,ETHUSDT,BINANCE,TRADE,1870.86,0.0027
2026-08-03 23:39:28,ETHUSDT,BINANCE,TRADE,1870.86,0.0054
2026-08-03 23:39:28,ETHUSDT,BINANCE,TRADE,1870.86,0.0028
2026-08-03 23:39:28,ETHUSDT,BINANCE,TRADE,1870.86,0.0027
2026-08-03 23:39:28,ETHUSDT,BINANCE,TRADE,1870.86,0.0567
2026-08-03 23:39:28,ETHUSDT,BINANCE,TRADE,1870.86,2.6787
2026-08-03 23:39:28,ETHUSDT,BINANCE,TRADE,1870.86,0.0027
2026-08-03 23:39:28,ETHUSDT,BINANCE,TRADE,1870.86,0.0028
2026-08-03 23:39:28,ETHUSDT,BINANCE,TRADE,1870.86,0.0032
2026-08-03 23:39:28,ETHUSDT,BINANCE,TRADE,1870.86,0.0032
2026-08-03 23:39:28,ETHUSDT,BINANCE,TRADE,1870.87,0.0027
2026-08-03 23:39:28,ETHUSDT,BINANCE,TRADE,1870.87,0.0054
2026-08-03 23:39:28,ETHUSDT,BINANCE,TRADE,1870.87,0.0028
2026-08-03 23:39:28,ETHUSDT,BINANCE,TRADE,1870.87,0.0028
2026-08-03 23:39:28,ETHUSDT,BINANCE,TRADE,1870.87,0.0027
2026-08-03 23:39:28,ETHUSDT,BINANCE,TRADE,1870.88,0.003
2026-08-03 23:39:28,ETHUSDT,BINANCE,TRADE,1870.88,0.0027
2026-08-03 23:39:28,ETHUSDT,BINANCE,TRADE,1870.88,0.0054
2026-08-03 23:39:28,ETHUSDT,BINANCE,TRADE,1870.88,0.0027
2026-08-03 23:39:28,ETHUSDT,BINANCE,TRADE,1870.88,0.0027
2026-08-03 23:39:28,ETHUSDT,BINANCE,TRADE,1870.88,0.0027
2026-08-03 23:39:28,ETHUSDT,BINANCE,TRADE,1870.89,0.0027
2026-08-03 23:39:28,ETHUSDT,BINANCE,TRADE,1870.89,0.0028
2026-08-03 23:39:28,ETHUSDT,BINANCE,TRADE,1870.89,0.0027
2026-08-03 23:39:28,ETHUSDT,BINANCE,TRADE,1870.9,0.0027
2026-08-03 23:39:28,ETHUSDT,BINANCE,TRADE,1870.9,0.0027
2026-08-03 23:39:28,ETHUSDT,BINANCE,TRADE,1870.9,0.0027
2026-08-03 23:39:28,ETHUSDT,BINANCE,TRADE,1870.92,0.0027
2026-08-03 23:39:28,ETHUSDT,BINANCE,TRADE,1870.94,0.0027
2026-08-03 23:39:28,ETHUSDT,BINANCE,TRADE,1870.94,0.0027
2026-08-03 23:39:28,ETHUSDT,BINANCE,TRADE,1870.94,0.0027
2026-08-03 23:39:28,ETHUSDT,BINANCE,TRADE,1870.94,0.0027
2026-08-03 23:39:28,ETHUSDT,BINANCE,TRADE,1870.94,0.0027
2026-08-03 23:39:28,ETHUSDT,BINANCE,TRADE,1870.96,0.0027
2026-08-03 23:39:28,ETHUSDT,BINANCE,TRADE,1870.96,0.0027
2026-08-03 23:39:28,ETHUSDT,BINANCE,TRADE,1870.96,0.0027
2026-08-03 23:39:28,ETHUSDT,BINANCE,TRADE,1870.96,0.0027
2026-08-03 23:39:28,ETHUSDT,BINANCE,TRADE,1870.96,0.0027
2026-08-03 23:39:28,BTCUSDT,BINANCE,TRADE,63920,0.02721
2026-08-03 23:39:28,ETHUSDT,BINANCE,TRADE,1870.97,0.003
2026-08-03 23:39:28,SOLUSDT,BINANCE,TRADE,73.98,2.081
2026-08-03 23:39:29,ETHUSDT,BINANCE,TRADE,1870.97,0.0641
2026-08-03 23:39:29,BTCUSDT,BINANCE,TRADE,63920,0.0001
2026-08-03 23:39:29,SOLUSDT,BINANCE,TRADE,73.98,12.057
2026-08-03 23:39:29,SOLUSDT,BINANCE,TRADE,73.98,0.068
2026-08-03 23:39:29,SOLUSDT,BINANCE,TRADE,73.98,0.278
2026-08-03 23:39:29,SOLUSDT,BINANCE,TRADE,73.98,34.623
2026-08-03 23:39:29,SOLUSDT,BINANCE,TRADE,73.98,0.136
2026-08-03 23:39:29,SOLUSDT,BINANCE,TRADE,73.98,0.254
2026-08-03 23:39:29,SOLUSDT,BINANCE,TRADE,73.98,8.058
2026-08-03 23:39:29,SOLUSDT,BINANCE,TRADE,73.98,10
2026-08-03 23:39:29,SOLUSDT,BINANCE,TRADE,73.98,0.071
2026-08-03 23:39:29,SOLUSDT,BINANCE,TRADE,73.98,0.071
2026-08-03 23:39:29,SOLUSDT,BINANCE,TRADE,73.98,20.028
2026-08-03 23:39:29,SOLUSDT,BINANCE,TRADE,73.98,142.5
2026-08-03 23:39:29,SOLUSDT,BINANCE,TRADE,73.98,89.992
2026-08-03 23:39:29,SOLUSDT,BINANCE,TRADE,73.98,0.5
2026-08-03 23:39:29,SOLUSDT,BINANCE,TRADE,73.98,49.556
2026-08-03 23:39:29,SOLUSDT,BINANCE,TRADE,73.98,2.452
2026-08-03 23:39:29,SOLUSDT,BINANCE,TRADE,73.98,0.118
2026-08-03 23:39:29,SOLUSDT,BINANCE,TRADE,73.98,0.071
2026-08-03 23:39:29,SOLUSDT,BINANCE,TRADE,73.98,0.136
2026-08-03 23:39:29,SOLUSDT,BINANCE,TRADE,73.98,0.068
2026-08-03 23:39:29,SOLUSDT,BINANCE,TRADE,73.98,0.071
2026-08-03 23:39:29,SOLUSDT,BINANCE,TRADE,73.98,0.278
2026-08-03 23:39:29,SOLUSDT,BINANCE,TRADE,73.98,0.071
2026-08-03 23:39:29,SOLUSDT,BINANCE,TRADE,73.97,0.068
2026-08-03 23:39:29,SOLUSDT,BINANCE,TRADE,73.97,0.278
2026-08-03 23:39:29,SOLUSDT,BINANCE,TRADE,73.97,0.136
2026-08-03 23:39:29,SOLUSDT,BINANCE,TRADE,73.97,0.102
2026-08-03 23:39:29,SOLUSDT,BINANCE,TRADE,73.97,0.069
2026-08-03 23:39:29,SOLUSDT,BINANCE,TRADE,73.97,0.367
2026-08-03 23:39:29,SOLUSDT,BINANCE,TRADE,73.97,0.071
2026-08-03 23:39:29,SOLUSDT,BINANCE,TRADE,73.97,0.071
2026-08-03 23:39:29,SOLUSDT,BINANCE,TRADE,73.97,0.07
2026-08-03 23:39:29,SOLUSDT,BINANCE,TRADE,73.97,0.071
2026-08-03 23:39:29,SOLUSDT,BINANCE,TRADE,73.96,0.068
2026-08-03 23:39:29,SOLUSDT,BINANCE,TRADE,73.96,0.278
2026-08-03 23:39:29,SOLUSDT,BINANCE,TRADE,73.96,1.007
2026-08-03 23:39:30,SOLUSDT,BINANCE,TRADE,73.96,0.167
2026-08-03 23:39:30,ETHUSDT,BINANCE,TRADE,1870.97,0.0204
2026-08-03 23:39:30,ETHUSDT,BINANCE,TRADE,1870.97,0.0027
2026-08-03 23:39:30,ETHUSDT,BINANCE,TRADE,1870.97,0.0027
2026-08-03 23:39:30,ETHUSDT,BINANCE,TRADE,1870.97,0.0027
2026-08-03 23:39:30,ETHUSDT,BINANCE,TRADE,1870.97,0.0028
2026-08-03 23:39:30,ETHUSDT,BINANCE,TRADE,1870.97,0.0028
2026-08-03 23:39:30,ETHUSDT,BINANCE,TRADE,1870.97,0.0066
2026-08-03 23:39:30,BTCUSDT,BINANCE,TRADE,63920,0.10127
2026-08-03 23:39:30,BTCUSDT,BINANCE,TRADE,63920,0.00037
2026-08-03 23:39:31,BTCUSDT,BINANCE,TRADE,63920,0.19236
2026-08-03 23:39:31,BTCUSDT,BINANCE,TRADE,63920,0.28387
2026-08-03 23:39:31,BTCUSDT,BINANCE,TRADE,63920,0.01564
2026-08-03 23:39:31,BTCUSDT,BINANCE,TRADE,63920,0.17275
2026-08-03 23:39:31,BTCUSDT,BINANCE,TRADE,63920,0.17275
2026-08-03 23:39:31,BTCUSDT,BINANCE,TRADE,63920,0.02508
2026-08-03 23:39:31,BTCUSDT,BINANCE,TRADE,63920,8e-05
2026-08-03 23:39:31,BTCUSDT,BINANCE,TRADE,63920,9e-05
2026-08-03 23:39:31,BTCUSDT,BINANCE,TRADE,63920,0.3
2026-08-03 23:39:31,BTCUSDT,BINANCE,TRADE,63920,0.0035
2026-08-03 23:39:31,BTCUSDT,BINANCE,TRADE,63920,8e-05
2026-08-03 23:39:31,BTCUSDT,BINANCE,TRADE,63920,0.0001
2026-08-03 23:39:31,BTCUSDT,BINANCE,TRADE,63920,0.01689
2026-08-03 23:39:31,BTCUSDT,BINANCE,TRADE,63920,0.00187
2026-08-03 23:39:31,BTCUSDT,BINANCE,TRADE,63920,8e-05
2026-08-03 23:39:31,BTCUSDT,BINANCE,TRADE,63920,0.00016
2026-08-03 23:39:31,BTCUSDT,BINANCE,TRADE,63920,8e-05
2026-08-03 23:39:31,BTCUSDT,BINANCE,TRADE,63920,8e-05
2026-08-03 23:39:31,BTCUSDT,BINANCE,TRADE,63920,8e-05
2026-08-03 23:39:31,BTCUSDT,BINANCE,TRADE,63920,8e-05
2026-08-03 23:39:31,BTCUSDT,BINANCE,TRADE,63920,0.00782
2026-08-03 23:39:31,BTCUSDT,BINANCE,TRADE,63920,0.06
2026-08-03 23:39:31,BTCUSDT,BINANCE,TRADE,63920,8e-05
2026-08-03 23:39:31,BTCUSDT,BINANCE,TRADE,63920,0.00595
2026-08-03 23:39:31,BTCUSDT,BINANCE,TRADE,63920,0.00189
2026-08-03 23:39:31,BTCUSDT,BINANCE,TRADE,63920,0.0007
2026-08-03 23:39:31,BTCUSDT,BINANCE,TRADE,63920,0.00048
2026-08-03 23:39:31,BTCUSDT,BINANCE,TRADE,63920,8e-05
2026-08-03 23:39:31,BTCUSDT,BINANCE,TRADE,63920,9e-05
2026-08-03 23:39:31,BTCUSDT,BINANCE,TRADE,63920,9e-05
2026-08-03 23:39:31,BTCUSDT,BINANCE,TRADE,63920,0.007
2026-08-03 23:39:31,BTCUSDT,BINANCE,TRADE,63920,0.0001
2026-08-03 23:39:31,BTCUSDT,BINANCE,TRADE,63920,9e-05
2026-08-03 23:39:31,BTCUSDT,BINANCE,TRADE,63920,9e-05
2026-08-03 23:39:31,BTCUSDT,BINANCE,TRADE,63920,9e-05
2026-08-03 23:39:31,BTCUSDT,BINANCE,TRADE,63920,0.00048
2026-08-03 23:39:31,BTCUSDT,BINANCE,TRADE,63920,9e-05
2026-08-03 23:39:31,BTCUSDT,BINANCE,TRADE,63920,9e-05
2026-08-03 23:39:31,BTCUSDT,BINANCE,TRADE,63920,9e-05
2026-08-03 23:39:31,BTCUSDT,BINANCE,TRADE,63920,9e-05
2026-08-03 23:39:31,BTCUSDT,BINANCE,TRADE,63920,9e-05
2026-08-03 23:39:31,BTCUSDT,BINANCE,TRADE,63920,9e-05
2026-08-03 23:39:31,BTCUSDT,BINANCE,TRADE,63920,9e-05
2026-08-03 23:39:31,BTCUSDT,BINANCE,TRADE,63920,9e-05
2026-08-03 23:39:31,BTCUSDT,BINANCE,TRADE,63920,9e-05
2026-08-03 23:39:31,BTCUSDT,BINANCE,TRADE,63920,8e-05
2026-08-03 23:39:31,BTCUSDT,BINANCE,TRADE,63920,8e-05
2026-08-03 23:39:31,BTCUSDT,BINANCE,TRADE,63920,8e-05
2026-08-03 23:39:31,BTCUSDT,BINANCE,TRADE,63920,8e-05
2026-08-03 23:39:31,BTCUSDT,BINANCE,TRADE,63920,8e-05
2026-08-03 23:39:31,BTCUSDT,BINANCE,TRADE,63920,8e-05
2026-08-03 23:39:31,BTCUSDT,BINANCE,TRADE,63920,8e-05
2026-08-03 23:39:31,BTCUSDT,BINANCE,TRADE,63920,8e-05
2026-08-03 23:39:31,BTCUSDT,BINANCE,TRADE,63920,8e-05
2026-08-03 23:39:31,BTCUSDT,BINANCE,TRADE,63920,8e-05
2026-08-03 23:39:31,BTCUSDT,BINANCE,TRADE,63920,8e-05
2026-08-03 23:39:31,BTCUSDT,BINANCE,TRADE,63920,8e-05
2026-08-03 23:39:31,BTCUSDT,BINANCE,TRADE,63920,0.00016
2026-08-03 23:39:31,BTCUSDT,BINANCE,TRADE,63920,9e-05
2026-08-03 23:39:31,BTCUSDT,BINANCE,TRADE,63920,9e-05
2026-08-03 23:39:31,BTCUSDT,BINANCE,TRADE,63920,9e-05
2026-08-03 23:39:31,BTCUSDT,BINANCE,TRADE,63920,9e-05
2026-08-03 23:39:31,BTCUSDT,BINANCE,TRADE,63920,9e-05
2026-08-03 23:39:31,BTCUSDT,BINANCE,TRADE,63920,9e-05
2026-08-03 23:39:31,BTCUSDT,BINANCE,TRADE,63920,9e-05
2026-08-03 23:39:31,BTCUSDT,BINANCE,TRADE,63920,9e-05
2026-08-03 23:39:31,BTCUSDT,BINANCE,TRADE,63920,8e-05
2026-08-03 23:39:31,BTCUSDT,BINANCE,TRADE,63920,8e-05
2026-08-03 23:39:31,BTCUSDT,BINANCE,TRADE,63920,0.00016
2026-08-03 23:39:31,BTCUSDT,BINANCE,TRADE,63919.8,8e-05
2026-08-03 23:39:31,BTCUSDT,BINANCE,TRADE,63919.8,8e-05
2026-08-03 23:39:31,BTCUSDT,BINANCE,TRADE,63919.8,8e-05
2026-08-03 23:39:31,BTCUSDT,BINANCE,TRADE,63919.5,0.00033
2026-08-03 23:39:31,BTCUSDT,BINANCE,TRADE,63918.5,0.00023
2026-08-03 23:39:31,BTCUSDT,BINANCE,TRADE,63918.5,8e-05
2026-08-03 23:39:31,BTCUSDT,BINANCE,TRADE,63918.5,0.00316
2026-08-03 23:39:31,BTCUSDT,BINANCE,TRADE,63918.5,8e-05
2026-08-03 23:39:31,BTCUSDT,BINANCE,TRADE,63918.5,9e-05
2026-08-03 23:39:31,BTCUSDT,BINANCE,TRADE,63918.5,9e-05
2026-08-03 23:39:31,BTCUSDT,BINANCE,TRADE,63918.5,9e-05
2026-08-03 23:39:31,BTCUSDT,BINANCE,TRADE,63918.5,9e-05
2026-08-03 23:39:31,BTCUSDT,BINANCE,TRADE,63918.5,8e-05
2026-08-03 23:39:31,BTCUSDT,BINANCE,TRADE,63918.5,9e-05
2026-08-03 23:39:31,BTCUSDT,BINANCE,TRADE,63918.5,8e-05
2026-08-03 23:39:31,BTCUSDT,BINANCE,TRADE,63918.5,9e-05
2026-08-03 23:39:31,BTCUSDT,BINANCE,TRADE,63918.5,9e-05
2026-08-03 23:39:31,BTCUSDT,BINANCE,TRADE,63918.5,9e-05
2026-08-03 23:39:31,BTCUSDT,BINANCE,TRADE,63918.5,9e-05
2026-08-03 23:39:31,BTCUSDT,BINANCE,TRADE,63918.5,9e-05
2026-08-03 23:39:31,BTCUSDT,BINANCE,TRADE,63918.5,0.00068
2026-08-03 23:39:31,BTCUSDT,BINANCE,TRADE,63918.5,9e-05
2026-08-03 23:39:31,BTCUSDT,BINANCE,TRADE,63918.5,9e-05
2026-08-03 23:39:31,BTCUSDT,BINANCE,TRADE,63918.5,9e-05
2026-08-03 23:39:31,BTCUSDT,BINANCE,TRADE,63918.5,9e-05
2026-08-03 23:39:31,BTCUSDT,BINANCE,TRADE,63918.5,8e-05
2026-08-03 23:39:31,BTCUSDT,BINANCE,TRADE,63918.5,8e-05
2026-08-03 23:39:31,BTCUSDT,BINANCE,TRADE,63918.5,9e-05
2026-08-03 23:39:31,BTCUSDT,BINANCE,TRADE,63918.5,9e-05
2026-08-03 23:39:31,BTCUSDT,BINANCE,TRADE,63918.5,9e-05
2026-08-03 23:39:31,BTCUSDT,BINANCE,TRADE,63918.5,9e-05
2026-08-03 23:39:31,BTCUSDT,BINANCE,TRADE,63918.5,9e-05
2026-08-03 23:39:31,BTCUSDT,BINANCE,TRADE,63918.5,9e-05
2026-08-03 23:39:31,BTCUSDT,BINANCE,TRADE,63918.5,9e-05
2026-08-03 23:39:31,BTCUSDT,BINANCE,TRADE,63918.5,9e-05
2026-08-03 23:39:31,BTCUSDT,BINANCE,TRADE,63918.5,8e-05
2026-08-03 23:39:31,BTCUSDT,BINANCE,TRADE,63918.5,8e-05
2026-08-03 23:39:31,BTCUSDT,BINANCE,TRADE,63918.5,8e-05
2026-08-03 23:39:31,BTCUSDT,BINANCE,TRADE,63918.5,8e-05
2026-08-03 23:39:31,BTCUSDT,BINANCE,TRADE,63918.5,8e-05
2026-08-03 23:39:31,BTCUSDT,BINANCE,TRADE,63917.3,9e-05
2026-08-03 23:39:31,BTCUSDT,BINANCE,TRADE,63917.3,9e-05
2026-08-03 23:39:31,BTCUSDT,BINANCE,TRADE,63917.2,8e-05
2026-08-03 23:39:31,BTCUSDT,BINANCE,TRADE,63916.7,8e-05
2026-08-03 23:39:31,BTCUSDT,BINANCE,TRADE,63916.6,9e-05
2026-08-03 23:39:31,BTCUSDT,BINANCE,TRADE,63916,9e-05
2026-08-03 23:39:31,BTCUSDT,BINANCE,TRADE,63916,9e-05
2026-08-03 23:39:31,BTCUSDT,BINANCE,TRADE,63916,9e-05
2026-08-03 23:39:31,BTCUSDT,BINANCE,TRADE,63916,0.0001
2026-08-03 23:39:31,BTCUSDT,BINANCE,TRADE,63916,0.0019
2026-08-03 23:39:31,BTCUSDT,BINANCE,TRADE,63916,0.006
2026-08-03 23:39:31,BTCUSDT,BINANCE,TRADE,63916,0.008
2026-08-03 23:39:31,BTCUSDT,BINANCE,TRADE,63916,0.005
2026-08-03 23:39:31,BTCUSDT,BINANCE,TRADE,63916,9e-05
2026-08-03 23:39:31,BTCUSDT,BINANCE,TRADE,63916,9e-05
2026-08-03 23:39:31,BTCUSDT,BINANCE,TRADE,63916,9e-05
2026-08-03 23:39:31,BTCUSDT,BINANCE,TRADE,63916,8e-05
2026-08-03 23:39:31,BTCUSDT,BINANCE,TRADE,63916,8e-05
2026-08-03 23:39:31,BTCUSDT,BINANCE,TRADE,63916,9e-05
2026-08-03 23:39:31,BTCUSDT,BINANCE,TRADE,63916,9e-05
2026-08-03 23:39:31,BTCUSDT,BINANCE,TRADE,63916,9e-05
2026-08-03 23:39:31,BTCUSDT,BINANCE,TRADE,63916,9e-05
2026-08-03 23:39:31,BTCUSDT,BINANCE,TRADE,63916,9e-05
2026-08-03 23:39:31,BTCUSDT,BINANCE,TRADE,63916,9e-05
2026-08-03 23:39:31,BTCUSDT,BINANCE,TRADE,63916,9e-05
2026-08-03 23:39:31,BTCUSDT,BINANCE,TRADE,63916,9e-05
2026-08-03 23:39:31,BTCUSDT,BINANCE,TRADE,63916,9e-05
2026-08-03 23:39:31,BTCUSDT,BINANCE,TRADE,63916,9e-05
2026-08-03 23:39:31,BTCUSDT,BINANCE,TRADE,63916,8e-05
2026-08-03 23:39:31,BTCUSDT,BINANCE,TRADE,63916,9e-05
2026-08-03 23:39:31,BTCUSDT,BINANCE,TRADE,63916,8e-05
2026-08-03 23:39:31,BTCUSDT,BINANCE,TRADE,63916,9e-05
2026-08-03 23:39:31,BTCUSDT,BINANCE,TRADE,63916,9e-05
2026-08-03 23:39:31,BTCUSDT,BINANCE,TRADE,63916,8e-05
2026-08-03 23:39:31,BTCUSDT,BINANCE,TRADE,63916,8e-05
2026-08-03 23:39:31,BTCUSDT,BINANCE,TRADE,63916,8e-05
2026-08-03 23:39:31,BTCUSDT,BINANCE,TRADE,63916,8e-05
2026-08-03 23:39:31,BTCUSDT,BINANCE,TRADE,63916,9e-05
2026-08-03 23:39:31,BTCUSDT,BINANCE,TRADE,63916,9e-05
2026-08-03 23:39:31,BTCUSDT,BINANCE,TRADE,63916,9e-05
2026-08-03 23:39:31,BTCUSDT,BINANCE,TRADE,63916,9e-05
2026-08-03 23:39:31,BTCUSDT,BINANCE,TRADE,63916,9e-05
2026-08-03 23:39:31,BTCUSDT,BINANCE,TRADE,63916,9e-05
2026-08-03 23:39:31,BTCUSDT,BINANCE,TRADE,63916,9e-05
2026-08-03 23:39:31,BTCUSDT,BINANCE,TRADE,63916,9e-05
2026-08-03 23:39:31,BTCUSDT,BINANCE,TRADE,63916,9e-05
2026-08-03 23:39:31,BTCUSDT,BINANCE,TRADE,63916,8e-05
2026-08-03 23:39:31,BTCUSDT,BINANCE,TRADE,63916,8e-05
2026-08-03 23:39:31,BTCUSDT,BINANCE,TRADE,63916,8e-05
2026-08-03 23:39:31,BTCUSDT,BINANCE,TRADE,63916,8e-05
2026-08-03 23:39:31,BTCUSDT,BINANCE,TRADE,63916,8e-05
2026-08-03 23:39:31,BTCUSDT,BINANCE,TRADE,63916,8e-05
2026-08-03 23:39:31,BTCUSDT,BINANCE,TRADE,63916,8e-05
2026-08-03 23:39:31,BTCUSDT,BINANCE,TRADE,63916,8e-05
2026-08-03 23:39:31,BTCUSDT,BINANCE,TRADE,63914.5,0.00023
2026-08-03 23:39:31,BTCUSDT,BINANCE,TRADE,63914.5,9e-05
2026-08-03 23:39:31,BTCUSDT,BINANCE,TRADE,63914.5,9e-05
2026-08-03 23:39:31,BTCUSDT,BINANCE,TRADE,63914.5,9e-05
2026-08-03 23:39:31,ETHUSDT,BINANCE,TRADE,1870.96,0.0027
2026-08-03 23:39:31,ETHUSDT,BINANCE,TRADE,1870.96,0.0054
2026-08-03 23:39:31,ETHUSDT,BINANCE,TRADE,1870.96,0.0028
2026-08-03 23:39:31,ETHUSDT,BINANCE,TRADE,1870.96,0.0027
2026-08-03 23:39:31,ETHUSDT,BINANCE,TRADE,1870.96,0.0027
2026-08-03 23:39:31,ETHUSDT,BINANCE,TRADE,1870.96,0.0027
2026-08-03 23:39:31,ETHUSDT,BINANCE,TRADE,1870.96,0.0027
2026-08-03 23:39:31,ETHUSDT,BINANCE,TRADE,1870.96,0.0027
2026-08-03 23:39:31,ETHUSDT,BINANCE,TRADE,1870.96,0.0027
2026-08-03 23:39:31,ETHUSDT,BINANCE,TRADE,1870.96,0.0027
2026-08-03 23:39:31,ETHUSDT,BINANCE,TRADE,1870.96,0.0027
2026-08-03 23:39:31,ETHUSDT,BINANCE,TRADE,1870.96,0.0028
2026-08-03 23:39:31,ETHUSDT,BINANCE,TRADE,1870.96,0.0027
2026-08-03 23:39:31,ETHUSDT,BINANCE,TRADE,1870.96,0.0027
2026-08-03 23:39:31,ETHUSDT,BINANCE,TRADE,1870.96,0.0027
2026-08-03 23:39:31,ETHUSDT,BINANCE,TRADE,1870.96,0.0028
2026-08-03 23:39:31,ETHUSDT,BINANCE,TRADE,1870.96,0.0028
2026-08-03 23:39:31,ETHUSDT,BINANCE,TRADE,1870.96,0.0032
2026-08-03 23:39:31,ETHUSDT,BINANCE,TRADE,1870.96,0.0032
2026-08-03 23:39:31,ETHUSDT,BINANCE,TRADE,1870.96,0.0028
2026-08-03 23:39:31,ETHUSDT,BINANCE,TRADE,1870.96,0.0027
2026-08-03 23:39:31,ETHUSDT,BINANCE,TRADE,1870.96,0.0027
2026-08-03 23:39:31,ETHUSDT,BINANCE,TRADE,1870.96,0.0027
2026-08-03 23:39:31,ETHUSDT,BINANCE,TRADE,1870.96,0.0027
2026-08-03 23:39:31,ETHUSDT,BINANCE,TRADE,1870.96,0.0027
2026-08-03 23:39:31,ETHUSDT,BINANCE,TRADE,1870.96,0.0027
2026-08-03 23:39:31,ETHUSDT,BINANCE,TRADE,1870.96,0.0027
2026-08-03 23:39:31,ETHUSDT,BINANCE,TRADE,1870.96,0.0027
2026-08-03 23:39:31,ETHUSDT,BINANCE,TRADE,1870.96,0.0027
2026-08-03 23:39:31,ETHUSDT,BINANCE,TRADE,1870.96,0.0027
2026-08-03 23:39:31,ETHUSDT,BINANCE,TRADE,1870.96,0.0027
2026-08-03 23:39:31,ETHUSDT,BINANCE,TRADE,1870.96,0.0027
2026-08-03 23:39:31,ETHUSDT,BINANCE,TRADE,1870.96,0.0027
2026-08-03 23:39:31,ETHUSDT,BINANCE,TRADE,1870.96,0.0027
2026-08-03 23:39:31,ETHUSDT,BINANCE,TRADE,1870.96,0.0027
2026-08-03 23:39:31,ETHUSDT,BINANCE,TRADE,1870.96,0.0027
2026-08-03 23:39:31,ETHUSDT,BINANCE,TRADE,1870.95,0.0054
2026-08-03 23:39:31,ETHUSDT,BINANCE,TRADE,1870.95,0.0028
2026-08-03 23:39:31,ETHUSDT,BINANCE,TRADE,1870.95,0.0027
2026-08-03 23:39:31,ETHUSDT,BINANCE,TRADE,1870.95,0.0028
2026-08-03 23:39:31,ETHUSDT,BINANCE,TRADE,1870.95,0.0028
2026-08-03 23:39:31,ETHUSDT,BINANCE,TRADE,1870.95,0.0028
2026-08-03 23:39:31,ETHUSDT,BINANCE,TRADE,1870.95,0.0028
2026-08-03 23:39:31,ETHUSDT,BINANCE,TRADE,1870.95,0.0027
2026-08-03 23:39:31,ETHUSDT,BINANCE,TRADE,1870.94,0.0054
2026-08-03 23:39:31,ETHUSDT,BINANCE,TRADE,1870.94,0.0028
2026-08-03 23:39:31,ETHUSDT,BINANCE,TRADE,1870.94,0.0027
2026-08-03 23:39:31,ETHUSDT,BINANCE,TRADE,1870.94,0.0027
2026-08-03 23:39:31,ETHUSDT,BINANCE,TRADE,1870.93,0.0028
2026-08-03 23:39:31,ETHUSDT,BINANCE,TRADE,1870.93,0.0028
2026-08-03 23:39:31,ETHUSDT,BINANCE,TRADE,1870.92,0.0027
2026-08-03 23:39:31,ETHUSDT,BINANCE,TRADE,1870.92,0.0028
2026-08-03 23:39:31,ETHUSDT,BINANCE,TRADE,1870.92,0.0027
2026-08-03 23:39:31,ETHUSDT,BINANCE,TRADE,1870.92,0.0027
2026-08-03 23:39:31,ETHUSDT,BINANCE,TRADE,1870.92,0.0027
2026-08-03 23:39:31,ETHUSDT,BINANCE,TRADE,1870.92,0.0027
2026-08-03 23:39:31,ETHUSDT,BINANCE,TRADE,1870.92,0.0027
2026-08-03 23:39:31,ETHUSDT,BINANCE,TRADE,1870.91,0.0028
2026-08-03 23:39:31,ETHUSDT,BINANCE,TRADE,1870.91,0.0028
2026-08-03 23:39:31,ETHUSDT,BINANCE,TRADE,1870.91,0.0029
2026-08-03 23:39:31,ETHUSDT,BINANCE,TRADE,1870.91,0.0029
2026-08-03 23:39:31,ETHUSDT,BINANCE,TRADE,1870.91,0.0029
2026-08-03 23:39:31,ETHUSDT,BINANCE,TRADE,1870.9,0.003
2026-08-03 23:39:31,ETHUSDT,BINANCE,TRADE,1870.9,0.0028
2026-08-03 23:39:31,ETHUSDT,BINANCE,TRADE,1870.9,0.0028
2026-08-03 23:39:31,ETHUSDT,BINANCE,TRADE,1870.9,0.0027
2026-08-03 23:39:31,ETHUSDT,BINANCE,TRADE,1870.9,0.0032
2026-08-03 23:39:31,ETHUSDT,BINANCE,TRADE,1870.9,0.0028
2026-08-03 23:39:31,ETHUSDT,BINANCE,TRADE,1870.9,0.0032
2026-08-03 23:39:31,ETHUSDT,BINANCE,TRADE,1870.9,0.0028
2026-08-03 23:39:31,ETHUSDT,BINANCE,TRADE,1870.9,0.0028
2026-08-03 23:39:31,ETHUSDT,BINANCE,TRADE,1870.9,0.0027
2026-08-03 23:39:31,ETHUSDT,BINANCE,TRADE,1870.9,0.0028
2026-08-03 23:39:31,ETHUSDT,BINANCE,TRADE,1870.9,0.0054
2026-08-03 23:39:31,ETHUSDT,BINANCE,TRADE,1870.9,0.0027
2026-08-03 23:39:31,ETHUSDT,BINANCE,TRADE,1870.9,0.0028
2026-08-03 23:39:31,ETHUSDT,BINANCE,TRADE,1870.9,0.008
2026-08-03 23:39:31,ETHUSDT,BINANCE,TRADE,1870.9,0.0027
2026-08-03 23:39:31,ETHUSDT,BINANCE,TRADE,1870.9,0.0027
2026-08-03 23:39:31,ETHUSDT,BINANCE,TRADE,1870.9,0.0027
2026-08-03 23:39:31,ETHUSDT,BINANCE,TRADE,1870.9,0.0027
2026-08-03 23:39:31,ETHUSDT,BINANCE,TRADE,1870.89,0.0027
2026-08-03 23:39:31,ETHUSDT,BINANCE,TRADE,1870.89,0.0027
2026-08-03 23:39:31,ETHUSDT,BINANCE,TRADE,1870.89,0.0028
2026-08-03 23:39:31,ETHUSDT,BINANCE,TRADE,1870.89,0.0027
2026-08-03 23:39:31,ETHUSDT,BINANCE,TRADE,1870.89,0.0028
2026-08-03 23:39:31,ETHUSDT,BINANCE,TRADE,1870.89,0.0028
2026-08-03 23:39:31,ETHUSDT,BINANCE,TRADE,1870.89,0.0028
2026-08-03 23:39:31,ETHUSDT,BINANCE,TRADE,1870.89,0.0054
2026-08-03 23:39:31,ETHUSDT,BINANCE,TRADE,1870.89,0.0027
2026-08-03 23:39:31,ETHUSDT,BINANCE,TRADE,1870.89,0.0027
2026-08-03 23:39:31,ETHUSDT,BINANCE,TRADE,1870.89,0.0027
2026-08-03 23:39:31,ETHUSDT,BINANCE,TRADE,1870.89,0.0027
2026-08-03 23:39:31,ETHUSDT,BINANCE,TRADE,1870.89,0.0027
2026-08-03 23:39:31,ETHUSDT,BINANCE,TRADE,1870.89,0.0027
2026-08-03 23:39:31,ETHUSDT,BINANCE,TRADE,1870.89,0.0027
2026-08-03 23:39:31,ETHUSDT,BINANCE,TRADE,1870.89,0.0027
2026-08-03 23:39:31,ETHUSDT,BINANCE,TRADE,1870.89,0.0027
2026-08-03 23:39:31,ETHUSDT,BINANCE,TRADE,1870.88,0.0027
2026-08-03 23:39:31,ETHUSDT,BINANCE,TRADE,1870.88,0.0028
2026-08-03 23:39:31,ETHUSDT,BINANCE,TRADE,1870.88,0.0054
2026-08-03 23:39:31,ETHUSDT,BINANCE,TRADE,1870.88,0.0027
2026-08-03 23:39:31,ETHUSDT,BINANCE,TRADE,1870.87,0.0028
2026-08-03 23:39:31,ETHUSDT,BINANCE,TRADE,1870.87,0.0028
2026-08-03 23:39:31,ETHUSDT,BINANCE,TRADE,1870.86,0.008
2026-08-03 23:39:31,ETHUSDT,BINANCE,TRADE,1870.86,0.0029
2026-08-03 23:39:31,ETHUSDT,BINANCE,TRADE,1870.86,0.0029
2026-08-03 23:39:31,ETHUSDT,BINANCE,TRADE,1870.86,0.0028
2026-08-03 23:39:31,ETHUSDT,BINANCE,TRADE,1870.86,0.0029
2026-08-03 23:39:31,BTCUSDT,BINANCE,TRADE,63914.5,0.01427
2026-08-03 23:39:31,BTCUSDT,BINANCE,TRADE,63914.5,8e-05
2026-08-03 23:39:31,BTCUSDT,BINANCE,TRADE,63914.5,9e-05
2026-08-03 23:39:31,BTCUSDT,BINANCE,TRADE,63914.5,9e-05
2026-08-03 23:39:31,BTCUSDT,BINANCE,TRADE,63914.5,9e-05
2026-08-03 23:39:31,BTCUSDT,BINANCE,TRADE,63914.5,9e-05
2026-08-03 23:39:31,BTCUSDT,BINANCE,TRADE,63914.5,9e-05
2026-08-03 23:39:31,BTCUSDT,BINANCE,TRADE,63914.5,9e-05
2026-08-03 23:39:31,BTCUSDT,BINANCE,TRADE,63914.5,8e-05
2026-08-03 23:39:31,BTCUSDT,BINANCE,TRADE,63914.5,8e-05
2026-08-03 23:39:31,BTCUSDT,BINANCE,TRADE,63914.5,9e-05
2026-08-03 23:39:31,BTCUSDT,BINANCE,TRADE,63914.5,9e-05
2026-08-03 23:39:31,BTCUSDT,BINANCE,TRADE,63914.5,9e-05
2026-08-03 23:39:31,BTCUSDT,BINANCE,TRADE,63914.5,9e-05
2026-08-03 23:39:31,BTCUSDT,BINANCE,TRADE,63914.5,9e-05
2026-08-03 23:39:31,BTCUSDT,BINANCE,TRADE,63914.5,9e-05
2026-08-03 23:39:31,BTCUSDT,BINANCE,TRADE,63914.5,9e-05
2026-08-03 23:39:31,BTCUSDT,BINANCE,TRADE,63914.5,9e-05
2026-08-03 23:39:31,BTCUSDT,BINANCE,TRADE,63914.5,8e-05
2026-08-03 23:39:31,BTCUSDT,BINANCE,TRADE,63914.5,9e-05
2026-08-03 23:39:31,BTCUSDT,BINANCE,TRADE,63914.5,8e-05
2026-08-03 23:39:31,BTCUSDT,BINANCE,TRADE,63914.5,8e-05
2026-08-03 23:39:31,BTCUSDT,BINANCE,TRADE,63914.5,8e-05
2026-08-03 23:39:31,BTCUSDT,BINANCE,TRADE,63914.5,8e-05
2026-08-03 23:39:31,BTCUSDT,BINANCE,TRADE,63914.5,9e-05
2026-08-03 23:39:31,BTCUSDT,BINANCE,TRADE,63914.5,9e-05
2026-08-03 23:39:31,BTCUSDT,BINANCE,TRADE,63914.5,9e-05
2026-08-03 23:39:31,BTCUSDT,BINANCE,TRADE,63914.5,9e-05
2026-08-03 23:39:31,BTCUSDT,BINANCE,TRADE,63914.5,9e-05
2026-08-03 23:39:31,BTCUSDT,BINANCE,TRADE,63914.5,9e-05
2026-08-03 23:39:31,BTCUSDT,BINANCE,TRADE,63914.5,9e-05
2026-08-03 23:39:31,BTCUSDT,BINANCE,TRADE,63914.5,9e-05
2026-08-03 23:39:31,BTCUSDT,BINANCE,TRADE,63914.5,9e-05
2026-08-03 23:39:31,BTCUSDT,BINANCE,TRADE,63914.2,8e-05
2026-08-03 23:39:31,BTCUSDT,BINANCE,TRADE,63914,9e-05
2026-08-03 23:39:31,BTCUSDT,BINANCE,TRADE,63914,9e-05
2026-08-03 23:39:31,BTCUSDT,BINANCE,TRADE,63914,9e-05
2026-08-03 23:39:31,BTCUSDT,BINANCE,TRADE,63914,8e-05
2026-08-03 23:39:31,BTCUSDT,BINANCE,TRADE,63914,0.002
2026-08-03 23:39:31,BTCUSDT,BINANCE,TRADE,63914,0.00417
2026-08-03 23:39:31,BTCUSDT,BINANCE,TRADE,63914,0.0001
2026-08-03 23:39:32,SOLUSDT,BINANCE,TRADE,73.96,0.136
2026-08-03 23:39:32,SOLUSDT,BINANCE,TRADE,73.96,0.069
2026-08-03 23:39:32,SOLUSDT,BINANCE,TRADE,73.96,0.075
2026-08-03 23:39:32,SOLUSDT,BINANCE,TRADE,73.96,0.406
2026-08-03 23:39:32,ETHUSDT,BINANCE,TRADE,1870.86,0.0645
2026-08-03 23:39:32,BTCUSDT,BINANCE,TRADE,63914,0.01913
2026-08-03 23:39:32,SOLUSDT,BINANCE,TRADE,73.96,2.587
2026-08-03 23:39:32,SOLUSDT,BINANCE,TRADE,73.96,7.007
2026-08-03 23:39:32,SOLUSDT,BINANCE,TRADE,73.96,0.071
2026-08-03 23:39:32,SOLUSDT,BINANCE,TRADE,73.96,0.071
2026-08-03 23:39:32,SOLUSDT,BINANCE,TRADE,73.96,0.255
2026-08-03 23:39:32,SOLUSDT,BINANCE,TRADE,73.96,7.776
2026-08-03 23:39:32,SOLUSDT,BINANCE,TRADE,73.96,0.278
2026-08-03 23:39:32,SOLUSDT,BINANCE,TRADE,73.96,0.068
2026-08-03 23:39:32,SOLUSDT,BINANCE,TRADE,73.96,0.07
2026-08-03 23:39:32,SOLUSDT,BINANCE,TRADE,73.96,0.136
2026-08-03 23:39:32,SOLUSDT,BINANCE,TRADE,73.96,0.071
2026-08-03 23:39:32,BTCUSDT,BINANCE,TRADE,63914,8e-05
2026-08-03 23:39:32,SOLUSDT,BINANCE,TRADE,73.96,11.275
2026-08-03 23:39:33,SOLUSDT,BINANCE,TRADE,73.96,7.65
2026-08-03 23:39:33,SOLUSDT,BINANCE,TRADE,73.96,9.443
2026-08-03 23:39:33,SOLUSDT,BINANCE,TRADE,73.96,40.068
2026-08-03 23:39:33,SOLUSDT,BINANCE,TRADE,73.96,18.139
2026-08-03 23:39:33,SOLUSDT,BINANCE,TRADE,73.96,45.735
2026-08-03 23:39:33,SOLUSDT,BINANCE,TRADE,73.96,21.917
2026-08-03 23:39:34,SOLUSDT,BINANCE,TRADE,73.96,18.151
2026-08-03 23:39:34,SOLUSDT,BINANCE,TRADE,73.96,47.225
2026-08-03 23:39:34,BTCUSDT,BINANCE,TRADE,63914,0.00032
2026-08-03 23:39:34,BTCUSDT,BINANCE,TRADE,63914,0.00173
2026-08-03 23:39:34,BTCUSDT,BINANCE,TRADE,63914,0.008
2026-08-03 23:39:34,BTCUSDT,BINANCE,TRADE,63914,0.00027
2026-08-03 23:39:34,BTCUSDT,BINANCE,TRADE,63914,0.00473
2026-08-03 23:39:34,BTCUSDT,BINANCE,TRADE,63914,9e-05
2026-08-03 23:39:34,BTCUSDT,BINANCE,TRADE,63914,8e-05
2026-08-03 23:39:34,BTCUSDT,BINANCE,TRADE,63914,9e-05
2026-08-03 23:39:34,BTCUSDT,BINANCE,TRADE,63914,9e-05
2026-08-03 23:39:34,BTCUSDT,BINANCE,TRADE,63914,9e-05
2026-08-03 23:39:34,BTCUSDT,BINANCE,TRADE,63914,9e-05
2026-08-03 23:39:34,BTCUSDT,BINANCE,TRADE,63914,9e-05
2026-08-03 23:39:34,BTCUSDT,BINANCE,TRADE,63914,9e-05
2026-08-03 23:39:34,BTCUSDT,BINANCE,TRADE,63914,8e-05
2026-08-03 23:39:34,BTCUSDT,BINANCE,TRADE,63914,0.03448
2026-08-03 23:39:34,BTCUSDT,BINANCE,TRADE,63914,0.26552
2026-08-03 23:39:34,BTCUSDT,BINANCE,TRADE,63914,0.01273
2026-08-03 23:39:34,BTCUSDT,BINANCE,TRADE,63914,9e-05
2026-08-03 23:39:34,BTCUSDT,BINANCE,TRADE,63914,8e-05
2026-08-03 23:39:34,BTCUSDT,BINANCE,TRADE,63914,8e-05
2026-08-03 23:39:34,BTCUSDT,BINANCE,TRADE,63914,8e-05
2026-08-03 23:39:34,BTCUSDT,BINANCE,TRADE,63914,0.08
2026-08-03 23:39:34,BTCUSDT,BINANCE,TRADE,63914,0.007
2026-08-03 23:39:34,BTCUSDT,BINANCE,TRADE,63914,0.00016
2026-08-03 23:39:34,BTCUSDT,BINANCE,TRADE,63914,0.0001
2026-08-03 23:39:34,BTCUSDT,BINANCE,TRADE,63914,8e-05
2026-08-03 23:39:34,BTCUSDT,BINANCE,TRADE,63914,9e-05
2026-08-03 23:39:34,BTCUSDT,BINANCE,TRADE,63914,9e-05
2026-08-03 23:39:34,BTCUSDT,BINANCE,TRADE,63914,9e-05
2026-08-03 23:39:34,BTCUSDT,BINANCE,TRADE,63914,8e-05
2026-08-03 23:39:34,BTCUSDT,BINANCE,TRADE,63914,8e-05
2026-08-03 23:39:34,BTCUSDT,BINANCE,TRADE,63914,8e-05
2026-08-03 23:39:34,BTCUSDT,BINANCE,TRADE,63914,8e-05
2026-08-03 23:39:34,BTCUSDT,BINANCE,TRADE,63914,8e-05
2026-08-03 23:39:34,BTCUSDT,BINANCE,TRADE,63914,8e-05
2026-08-03 23:39:34,BTCUSDT,BINANCE,TRADE,63914,9e-05
2026-08-03 23:39:34,BTCUSDT,BINANCE,TRADE,63914,9e-05
2026-08-03 23:39:34,BTCUSDT,BINANCE,TRADE,63914,9e-05
2026-08-03 23:39:34,BTCUSDT,BINANCE,TRADE,63914,9e-05
2026-08-03 23:39:34,BTCUSDT,BINANCE,TRADE,63914,9e-05
2026-08-03 23:39:34,BTCUSDT,BINANCE,TRADE,63914,9e-05
2026-08-03 23:39:34,BTCUSDT,BINANCE,TRADE,63914,9e-05
2026-08-03 23:39:34,BTCUSDT,BINANCE,TRADE,63914,9e-05
2026-08-03 23:39:34,BTCUSDT,BINANCE,TRADE,63914,0.00016
2026-08-03 23:39:34,BTCUSDT,BINANCE,TRADE,63914,0.00016
2026-08-03 23:39:34,BTCUSDT,BINANCE,TRADE,63913.5,8e-05
2026-08-03 23:39:34,BTCUSDT,BINANCE,TRADE,63912,9e-05
2026-08-03 23:39:34,BTCUSDT,BINANCE,TRADE,63912,9e-05
2026-08-03 23:39:34,BTCUSDT,BINANCE,TRADE,63912,9e-05
2026-08-03 23:39:34,BTCUSDT,BINANCE,TRADE,63912,0.005
2026-08-03 23:39:34,BTCUSDT,BINANCE,TRADE,63912,0.002
2026-08-03 23:39:34,BTCUSDT,BINANCE,TRADE,63912,0.006
2026-08-03 23:39:34,BTCUSDT,BINANCE,TRADE,63912,0.008
2026-08-03 23:39:34,BTCUSDT,BINANCE,TRADE,63912,9e-05
2026-08-03 23:39:34,BTCUSDT,BINANCE,TRADE,63912,9e-05
2026-08-03 23:39:34,BTCUSDT,BINANCE,TRADE,63911.7,0.00536
2026-08-03 23:39:34,BTCUSDT,BINANCE,TRADE,63911.7,9e-05
2026-08-03 23:39:34,BTCUSDT,BINANCE,TRADE,63911.7,9e-05
2026-08-03 23:39:34,BTCUSDT,BINANCE,TRADE,63911.7,9e-05
2026-08-03 23:39:34,BTCUSDT,BINANCE,TRADE,63911.5,8e-05
2026-08-03 23:39:34,BTCUSDT,BINANCE,TRADE,63910.9,8e-05
2026-08-03 23:39:34,BTCUSDT,BINANCE,TRADE,63910.8,0.00012
2026-08-03 23:39:34,BTCUSDT,BINANCE,TRADE,63910.6,9e-05
2026-08-03 23:39:34,BTCUSDT,BINANCE,TRADE,63910.6,9e-05
2026-08-03 23:39:34,BTCUSDT,BINANCE,TRADE,63910.6,9e-05
2026-08-03 23:39:34,BTCUSDT,BINANCE,TRADE,63910.3,8e-05
2026-08-03 23:39:34,BTCUSDT,BINANCE,TRADE,63910,9e-05
2026-08-03 23:39:34,BTCUSDT,BINANCE,TRADE,63910,9e-05
2026-08-03 23:39:34,BTCUSDT,BINANCE,TRADE,63910,9e-05
2026-08-03 23:39:34,BTCUSDT,BINANCE,TRADE,63910,0.005
2026-08-03 23:39:34,BTCUSDT,BINANCE,TRADE,63910,0.002
2026-08-03 23:39:34,BTCUSDT,BINANCE,TRADE,63910,0.006
2026-08-03 23:39:34,BTCUSDT,BINANCE,TRADE,63910,0.008
2026-08-03 23:39:34,BTCUSDT,BINANCE,TRADE,63910,9e-05
2026-08-03 23:39:34,BTCUSDT,BINANCE,TRADE,63910,9e-05
2026-08-03 23:39:34,BTCUSDT,BINANCE,TRADE,63910,9e-05
2026-08-03 23:39:34,BTCUSDT,BINANCE,TRADE,63910,9e-05
2026-08-03 23:39:34,BTCUSDT,BINANCE,TRADE,63910,9e-05
2026-08-03 23:39:34,BTCUSDT,BINANCE,TRADE,63910,8e-05
2026-08-03 23:39:34,BTCUSDT,BINANCE,TRADE,63910,0.01879
2026-08-03 23:39:34,BTCUSDT,BINANCE,TRADE,63910,9e-05
2026-08-03 23:39:34,BTCUSDT,BINANCE,TRADE,63910,9e-05
2026-08-03 23:39:34,BTCUSDT,BINANCE,TRADE,63909.7,8e-05
2026-08-03 23:39:34,BTCUSDT,BINANCE,TRADE,63909.4,8e-05
2026-08-03 23:39:34,BTCUSDT,BINANCE,TRADE,63909.2,0.00024
2026-08-03 23:39:34,BTCUSDT,BINANCE,TRADE,63908.5,9e-05
2026-08-03 23:39:34,BTCUSDT,BINANCE,TRADE,63908,8e-05
2026-08-03 23:39:34,BTCUSDT,BINANCE,TRADE,63908,9e-05
2026-08-03 23:39:34,BTCUSDT,BINANCE,TRADE,63908,9e-05
2026-08-03 23:39:34,BTCUSDT,BINANCE,TRADE,63908,9e-05
2026-08-03 23:39:34,BTCUSDT,BINANCE,TRADE,63908,0.00023
2026-08-03 23:39:34,BTCUSDT,BINANCE,TRADE,63908,0.002
2026-08-03 23:39:34,BTCUSDT,BINANCE,TRADE,63908,0.006
2026-08-03 23:39:34,BTCUSDT,BINANCE,TRADE,63908,0.00245
2026-08-03 23:39:34,ETHUSDT,BINANCE,TRADE,1870.85,0.0027
2026-08-03 23:39:34,ETHUSDT,BINANCE,TRADE,1870.85,0.0027
2026-08-03 23:39:34,ETHUSDT,BINANCE,TRADE,1870.85,0.0027
2026-08-03 23:39:34,ETHUSDT,BINANCE,TRADE,1870.85,0.4422
2026-08-03 23:39:34,ETHUSDT,BINANCE,TRADE,1870.85,0.3463
2026-08-03 23:39:34,ETHUSDT,BINANCE,TRADE,1870.85,0.0027
2026-08-03 23:39:34,ETHUSDT,BINANCE,TRADE,1870.85,0.0029
2026-08-03 23:39:34,ETHUSDT,BINANCE,TRADE,1870.85,0.0029
2026-08-03 23:39:34,ETHUSDT,BINANCE,TRADE,1870.85,0.0028
2026-08-03 23:39:34,ETHUSDT,BINANCE,TRADE,1870.85,0.0028
2026-08-03 23:39:34,ETHUSDT,BINANCE,TRADE,1870.85,0.0027
2026-08-03 23:39:34,ETHUSDT,BINANCE,TRADE,1870.85,0.0032
2026-08-03 23:39:34,ETHUSDT,BINANCE,TRADE,1870.85,0.0028
2026-08-03 23:39:34,ETHUSDT,BINANCE,TRADE,1870.85,0.0028
2026-08-03 23:39:34,ETHUSDT,BINANCE,TRADE,1870.85,0.0027
2026-08-03 23:39:34,ETHUSDT,BINANCE,TRADE,1870.85,0.0028
2026-08-03 23:39:34,ETHUSDT,BINANCE,TRADE,1870.85,0.0028
2026-08-03 23:39:34,ETHUSDT,BINANCE,TRADE,1870.85,0.0028
2026-08-03 23:39:34,ETHUSDT,BINANCE,TRADE,1870.85,0.0028
2026-08-03 23:39:34,ETHUSDT,BINANCE,TRADE,1870.85,0.0027
2026-08-03 23:39:34,ETHUSDT,BINANCE,TRADE,1870.85,0.0027
2026-08-03 23:39:34,ETHUSDT,BINANCE,TRADE,1870.85,0.0054
2026-08-03 23:39:34,ETHUSDT,BINANCE,TRADE,1870.85,0.0032
2026-08-03 23:39:34,ETHUSDT,BINANCE,TRADE,1870.85,0.0028
2026-08-03 23:39:34,ETHUSDT,BINANCE,TRADE,1870.85,0.0027
2026-08-03 23:39:34,ETHUSDT,BINANCE,TRADE,1870.85,0.0027
2026-08-03 23:39:34,ETHUSDT,BINANCE,TRADE,1870.85,0.0027
2026-08-03 23:39:34,ETHUSDT,BINANCE,TRADE,1870.85,0.0027
2026-08-03 23:39:34,ETHUSDT,BINANCE,TRADE,1870.85,0.0029
2026-08-03 23:39:34,ETHUSDT,BINANCE,TRADE,1870.85,0.0027
2026-08-03 23:39:34,ETHUSDT,BINANCE,TRADE,1870.85,0.0027
2026-08-03 23:39:34,ETHUSDT,BINANCE,TRADE,1870.85,0.0027
2026-08-03 23:39:34,ETHUSDT,BINANCE,TRADE,1870.85,0.0027
2026-08-03 23:39:34,ETHUSDT,BINANCE,TRADE,1870.85,0.0027
2026-08-03 23:39:34,ETHUSDT,BINANCE,TRADE,1870.85,0.0027
2026-08-03 23:39:34,ETHUSDT,BINANCE,TRADE,1870.85,0.0027
2026-08-03 23:39:34,ETHUSDT,BINANCE,TRADE,1870.85,0.0027
2026-08-03 23:39:34,ETHUSDT,BINANCE,TRADE,1870.85,0.0027
2026-08-03 23:39:34,ETHUSDT,BINANCE,TRADE,1870.84,1.3655
2026-08-03 23:39:34,BTCUSDT,BINANCE,TRADE,63908,0.00555
2026-08-03 23:39:34,BTCUSDT,BINANCE,TRADE,63908,0.005
2026-08-03 23:39:34,BTCUSDT,BINANCE,TRADE,63908,9e-05
2026-08-03 23:39:34,BTCUSDT,BINANCE,TRADE,63908,9e-05
2026-08-03 23:39:34,BTCUSDT,BINANCE,TRADE,63908,8e-05
2026-08-03 23:39:34,BTCUSDT,BINANCE,TRADE,63908,0.00919
2026-08-03 23:39:34,ETHUSDT,BINANCE,TRADE,1870.84,0.0028
2026-08-03 23:39:34,ETHUSDT,BINANCE,TRADE,1870.84,0.0028
2026-08-03 23:39:34,ETHUSDT,BINANCE,TRADE,1870.84,0.0028
2026-08-03 23:39:34,ETHUSDT,BINANCE,TRADE,1870.84,0.0028
2026-08-03 23:39:34,ETHUSDT,BINANCE,TRADE,1870.84,0.0054
2026-08-03 23:39:34,ETHUSDT,BINANCE,TRADE,1870.84,0.0029
2026-08-03 23:39:34,ETHUSDT,BINANCE,TRADE,1870.84,0.0028
2026-08-03 23:39:34,ETHUSDT,BINANCE,TRADE,1870.84,0.0032
2026-08-03 23:39:34,ETHUSDT,BINANCE,TRADE,1870.84,0.0032
2026-08-03 23:39:34,ETHUSDT,BINANCE,TRADE,1870.84,0.0027
2026-08-03 23:39:34,ETHUSDT,BINANCE,TRADE,1870.84,0.0027
2026-08-03 23:39:34,ETHUSDT,BINANCE,TRADE,1870.84,0.0028
2026-08-03 23:39:34,ETHUSDT,BINANCE,TRADE,1870.84,0.0028
2026-08-03 23:39:34,ETHUSDT,BINANCE,TRADE,1870.84,0.0028
2026-08-03 23:39:34,ETHUSDT,BINANCE,TRADE,1870.84,0.0028
2026-08-03 23:39:34,ETHUSDT,BINANCE,TRADE,1870.84,0.0027
2026-08-03 23:39:34,ETHUSDT,BINANCE,TRADE,1870.83,0.0027
2026-08-03 23:39:34,ETHUSDT,BINANCE,TRADE,1870.83,0.0027
2026-08-03 23:39:34,ETHUSDT,BINANCE,TRADE,1870.83,0.0029
2026-08-03 23:39:34,ETHUSDT,BINANCE,TRADE,1870.83,0.0029
2026-08-03 23:39:34,ETHUSDT,BINANCE,TRADE,1870.83,0.0028
2026-08-03 23:39:34,ETHUSDT,BINANCE,TRADE,1870.83,0.0027
2026-08-03 23:39:34,ETHUSDT,BINANCE,TRADE,1870.83,0.0054
2026-08-03 23:39:34,ETHUSDT,BINANCE,TRADE,1870.83,0.0028
2026-08-03 23:39:34,ETHUSDT,BINANCE,TRADE,1870.83,0.0028
2026-08-03 23:39:34,ETHUSDT,BINANCE,TRADE,1870.83,0.0028
2026-08-03 23:39:34,ETHUSDT,BINANCE,TRADE,1870.83,0.0695
2026-08-03 23:39:34,BTCUSDT,BINANCE,TRADE,63908,0.026
2026-08-03 23:39:34,BTCUSDT,BINANCE,TRADE,63908,0.026
2026-08-03 23:39:34,BTCUSDT,BINANCE,TRADE,63908,0.01
2026-08-03 23:39:34,BTCUSDT,BINANCE,TRADE,63908,0.01
2026-08-03 23:39:34,BTCUSDT,BINANCE,TRADE,63908,0.026
2026-08-03 23:39:34,BTCUSDT,BINANCE,TRADE,63908,0.01
2026-08-03 23:39:34,BTCUSDT,BINANCE,TRADE,63908,0.01
2026-08-03 23:39:34,BTCUSDT,BINANCE,TRADE,63908,0.026
2026-08-03 23:39:34,BTCUSDT,BINANCE,TRADE,63908,0.01
2026-08-03 23:39:34,BTCUSDT,BINANCE,TRADE,63908,0.012
2026-08-03 23:39:34,BTCUSDT,BINANCE,TRADE,63908,0.003
2026-08-03 23:39:34,BTCUSDT,BINANCE,TRADE,63908,0.003
2026-08-03 23:39:34,BTCUSDT,BINANCE,TRADE,63908,0.01
2026-08-03 23:39:34,BTCUSDT,BINANCE,TRADE,63908,0.01
2026-08-03 23:39:34,ETHUSDT,BINANCE,TRADE,1870.83,0.1012
2026-08-03 23:39:34,ETHUSDT,BINANCE,TRADE,1870.83,0.1553
2026-08-03 23:39:34,BTCUSDT,BINANCE,TRADE,63908,0.01
2026-08-03 23:39:34,ETHUSDT,BINANCE,TRADE,1870.83,0.0252
2026-08-03 23:39:34,ETHUSDT,BINANCE,TRADE,1870.83,0.0032
2026-08-03 23:39:34,ETHUSDT,BINANCE,TRADE,1870.83,0.0027
2026-08-03 23:39:34,ETHUSDT,BINANCE,TRADE,1870.83,0.0027
2026-08-03 23:39:34,ETHUSDT,BINANCE,TRADE,1870.83,0.0027
2026-08-03 23:39:34,ETHUSDT,BINANCE,TRADE,1870.83,0.0028
2026-08-03 23:39:34,ETHUSDT,BINANCE,TRADE,1870.83,0.0028
2026-08-03 23:39:34,ETHUSDT,BINANCE,TRADE,1870.83,0.0028
2026-08-03 23:39:34,ETHUSDT,BINANCE,TRADE,1870.83,0.0028
2026-08-03 23:39:34,ETHUSDT,BINANCE,TRADE,1870.83,0.0028
2026-08-03 23:39:34,ETHUSDT,BINANCE,TRADE,1870.83,0.0028
2026-08-03 23:39:34,ETHUSDT,BINANCE,TRADE,1870.83,0.0028
2026-08-03 23:39:34,ETHUSDT,BINANCE,TRADE,1870.83,0.0028
2026-08-03 23:39:34,ETHUSDT,BINANCE,TRADE,1870.83,0.0028
2026-08-03 23:39:34,ETHUSDT,BINANCE,TRADE,1870.83,0.0032
2026-08-03 23:39:34,ETHUSDT,BINANCE,TRADE,1870.82,0.0028
2026-08-03 23:39:34,ETHUSDT,BINANCE,TRADE,1870.82,0.0028
2026-08-03 23:39:34,ETHUSDT,BINANCE,TRADE,1870.82,0.0028
2026-08-03 23:39:34,ETHUSDT,BINANCE,TRADE,1870.82,0.0028
2026-08-03 23:39:34,ETHUSDT,BINANCE,TRADE,1870.82,0.0028
2026-08-03 23:39:34,ETHUSDT,BINANCE,TRADE,1870.8,0.0027
2026-08-03 23:39:34,ETHUSDT,BINANCE,TRADE,1870.8,0.0028
2026-08-03 23:39:34,ETHUSDT,BINANCE,TRADE,1870.8,0.0027
2026-08-03 23:39:34,ETHUSDT,BINANCE,TRADE,1870.8,0.0028
2026-08-03 23:39:34,ETHUSDT,BINANCE,TRADE,1870.8,0.0027
2026-08-03 23:39:34,ETHUSDT,BINANCE,TRADE,1870.8,0.0027
2026-08-03 23:39:34,ETHUSDT,BINANCE,TRADE,1870.8,0.0027
2026-08-03 23:39:34,ETHUSDT,BINANCE,TRADE,1870.8,0.0027
2026-08-03 23:39:34,ETHUSDT,BINANCE,TRADE,1870.79,0.0028
2026-08-03 23:39:34,ETHUSDT,BINANCE,TRADE,1870.78,0.0028
2026-08-03 23:39:34,ETHUSDT,BINANCE,TRADE,1870.77,0.0027
2026-08-03 23:39:34,ETHUSDT,BINANCE,TRADE,1870.77,0.0027
2026-08-03 23:39:34,ETHUSDT,BINANCE,TRADE,1870.77,0.0027
2026-08-03 23:39:34,ETHUSDT,BINANCE,TRADE,1870.77,0.0029
2026-08-03 23:39:34,ETHUSDT,BINANCE,TRADE,1870.77,0.0029
2026-08-03 23:39:34,ETHUSDT,BINANCE,TRADE,1870.77,0.0028
2026-08-03 23:39:34,ETHUSDT,BINANCE,TRADE,1870.77,0.0027
2026-08-03 23:39:34,ETHUSDT,BINANCE,TRADE,1870.77,0.0027
2026-08-03 23:39:34,ETHUSDT,BINANCE,TRADE,1870.77,0.0027
2026-08-03 23:39:34,ETHUSDT,BINANCE,TRADE,1870.77,0.0029
2026-08-03 23:39:34,BTCUSDT,BINANCE,TRADE,63908,0.026
2026-08-03 23:39:34,BTCUSDT,BINANCE,TRADE,63908,0.001
2026-08-03 23:39:34,ETHUSDT,BINANCE,TRADE,1870.76,0.003
2026-08-03 23:39:34,ETHUSDT,BINANCE,TRADE,1870.77,0.0649
2026-08-03 23:39:35,BTCUSDT,BINANCE,TRADE,63908,0.00069
2026-08-03 23:39:37,SOLUSDT,BINANCE,TRADE,73.95,0.068
2026-08-03 23:39:37,SOLUSDT,BINANCE,TRADE,73.95,0.278
2026-08-03 23:39:37,SOLUSDT,BINANCE,TRADE,73.95,0.069
2026-08-03 23:39:37,SOLUSDT,BINANCE,TRADE,73.95,0.075
2026-08-03 23:39:37,SOLUSDT,BINANCE,TRADE,73.95,3.111
2026-08-03 23:39:37,SOLUSDT,BINANCE,TRADE,73.95,3.111
2026-08-03 23:39:37,SOLUSDT,BINANCE,TRADE,73.95,0.15
2026-08-03 23:39:37,SOLUSDT,BINANCE,TRADE,73.95,0.071
2026-08-03 23:39:37,SOLUSDT,BINANCE,TRADE,73.95,0.071
2026-08-03 23:39:37,SOLUSDT,BINANCE,TRADE,73.95,0.136
2026-08-03 23:39:37,SOLUSDT,BINANCE,TRADE,73.95,0.07
2026-08-03 23:39:37,SOLUSDT,BINANCE,TRADE,73.95,8.78
2026-08-03 23:39:37,SOLUSDT,BINANCE,TRADE,73.95,121.86
2026-08-03 23:39:37,ETHUSDT,BINANCE,TRADE,1870.77,0.0652
2026-08-03 23:39:37,BTCUSDT,BINANCE,TRADE,63908,0.03455
2026-08-03 23:39:37,BTCUSDT,BINANCE,TRADE,63908,0.00075
2026-08-03 23:39:39,BTCUSDT,BINANCE,TRADE,63908,0.10261
2026-08-03 23:39:39,BTCUSDT,BINANCE,TRADE,63908,0.09783
2026-08-03 23:39:39,ETHUSDT,BINANCE,TRADE,1870.76,0.0027
2026-08-03 23:39:39,ETHUSDT,BINANCE,TRADE,1870.76,0.0028
2026-08-03 23:39:39,ETHUSDT,BINANCE,TRADE,1870.76,0.0027
2026-08-03 23:39:39,ETHUSDT,BINANCE,TRADE,1870.76,0.0027
2026-08-03 23:39:39,ETHUSDT,BINANCE,TRADE,1870.76,0.0027
2026-08-03 23:39:39,ETHUSDT,BINANCE,TRADE,1870.76,0.0028
2026-08-03 23:39:39,ETHUSDT,BINANCE,TRADE,1870.76,0.0027
2026-08-03 23:39:39,ETHUSDT,BINANCE,TRADE,1870.76,0.0032
2026-08-03 23:39:39,ETHUSDT,BINANCE,TRADE,1870.76,0.0027
2026-08-03 23:39:39,ETHUSDT,BINANCE,TRADE,1870.76,0.7756
2026-08-03 23:39:39,ETHUSDT,BINANCE,TRADE,1870.77,0.0656
2026-08-03 23:39:39,BTCUSDT,BINANCE,TRADE,63908,8e-05
2026-08-03 23:39:39,BTCUSDT,BINANCE,TRADE,63908,9e-05
2026-08-03 23:39:39,BTCUSDT,BINANCE,TRADE,63908,8e-05
2026-08-03 23:39:39,BTCUSDT,BINANCE,TRADE,63908,9e-05
2026-08-03 23:39:39,BTCUSDT,BINANCE,TRADE,63908,8e-05
2026-08-03 23:39:39,BTCUSDT,BINANCE,TRADE,63908,9e-05
2026-08-03 23:39:39,BTCUSDT,BINANCE,TRADE,63908,8e-05
2026-08-03 23:39:39,BTCUSDT,BINANCE,TRADE,63908,8e-05
2026-08-03 23:39:39,BTCUSDT,BINANCE,TRADE,63908,9e-05
2026-08-03 23:39:39,BTCUSDT,BINANCE,TRADE,63908,9e-05
2026-08-03 23:39:39,BTCUSDT,BINANCE,TRADE,63908,9e-05
2026-08-03 23:39:39,BTCUSDT,BINANCE,TRADE,63908,8e-05
2026-08-03 23:39:39,BTCUSDT,BINANCE,TRADE,63908,0.003
2026-08-03 23:39:39,SOLUSDT,BINANCE,TRADE,73.96,0.549
2026-08-03 23:39:40,BTCUSDT,BINANCE,TRADE,63908,0.00147
2026-08-03 23:39:40,BTCUSDT,BINANCE,TRADE,63908,0.00014
2026-08-03 23:39:40,BTCUSDT,BINANCE,TRADE,63908,0.00857
2026-08-03 23:39:40,BTCUSDT,BINANCE,TRADE,63908,0.0079
2026-08-03 23:39:40,ETHUSDT,BINANCE,TRADE,1870.76,0.0624
2026-08-03 23:39:40,SOLUSDT,BINANCE,TRADE,73.95,2.933
2026-08-03 23:39:41,BTCUSDT,BINANCE,TRADE,63908,0.02563
2026-08-03 23:39:41,BTCUSDT,BINANCE,TRADE,63908,0.00156
2026-08-03 23:39:42,ETHUSDT,BINANCE,TRADE,1870.77,0.066
2026-08-03 23:39:42,BTCUSDT,BINANCE,TRADE,63908,0.00011
2026-08-03 23:39:43,SOLUSDT,BINANCE,TRADE,73.95,10
2026-08-03 23:39:43,SOLUSDT,BINANCE,TRADE,73.95,3.111
2026-08-03 23:39:43,SOLUSDT,BINANCE,TRADE,73.95,0.071
2026-08-03 23:39:43,SOLUSDT,BINANCE,TRADE,73.95,0.07
2026-08-03 23:39:43,SOLUSDT,BINANCE,TRADE,73.95,0.071
2026-08-03 23:39:43,SOLUSDT,BINANCE,TRADE,73.95,0.136
2026-08-03 23:39:43,SOLUSDT,BINANCE,TRADE,73.95,0.068
2026-08-03 23:39:43,SOLUSDT,BINANCE,TRADE,73.95,0.278
2026-08-03 23:39:43,SOLUSDT,BINANCE,TRADE,73.95,2.833
2026-08-03 23:39:43,SOLUSDT,BINANCE,TRADE,73.95,3.111
2026-08-03 23:39:43,SOLUSDT,BINANCE,TRADE,73.95,3.111
2026-08-03 23:39:43,SOLUSDT,BINANCE,TRADE,73.95,3.111
2026-08-03 23:39:43,SOLUSDT,BINANCE,TRADE,73.95,0.945
2026-08-03 23:39:43,SOLUSDT,BINANCE,TRADE,73.95,2.166
2026-08-03 23:39:43,SOLUSDT,BINANCE,TRADE,73.95,0.278
2026-08-03 23:39:43,SOLUSDT,BINANCE,TRADE,73.95,0.07
2026-08-03 23:39:43,SOLUSDT,BINANCE,TRADE,73.95,0.071
2026-08-03 23:39:43,SOLUSDT,BINANCE,TRADE,73.95,0.136
2026-08-03 23:39:43,SOLUSDT,BINANCE,TRADE,73.95,3.111
2026-08-03 23:39:43,SOLUSDT,BINANCE,TRADE,73.95,3.111
2026-08-03 23:39:43,SOLUSDT,BINANCE,TRADE,73.95,3.111
2026-08-03 23:39:43,SOLUSDT,BINANCE,TRADE,73.95,3.111
2026-08-03 23:39:43,SOLUSDT,BINANCE,TRADE,73.95,3.111
2026-08-03 23:39:43,SOLUSDT,BINANCE,TRADE,73.95,3.111
2026-08-03 23:39:43,SOLUSDT,BINANCE,TRADE,73.95,3.111
2026-08-03 23:39:43,SOLUSDT,BINANCE,TRADE,73.95,3.111
2026-08-03 23:39:43,SOLUSDT,BINANCE,TRADE,73.95,3.111
2026-08-03 23:39:43,SOLUSDT,BINANCE,TRADE,73.95,1.446
2026-08-03 23:39:43,SOLUSDT,BINANCE,TRADE,73.95,1.665
2026-08-03 23:39:43,SOLUSDT,BINANCE,TRADE,73.95,0.068
2026-08-03 23:39:43,SOLUSDT,BINANCE,TRADE,73.95,0.433
2026-08-03 23:39:43,SOLUSDT,BINANCE,TRADE,73.95,65.763
2026-08-03 23:39:43,SOLUSDT,BINANCE,TRADE,73.95,18.474
2026-08-03 23:39:43,SOLUSDT,BINANCE,TRADE,73.95,2.166
2026-08-03 23:39:43,SOLUSDT,BINANCE,TRADE,73.95,0.945
2026-08-03 23:39:43,SOLUSDT,BINANCE,TRADE,73.95,0.071
2026-08-03 23:39:43,SOLUSDT,BINANCE,TRADE,73.95,0.07
2026-08-03 23:39:43,SOLUSDT,BINANCE,TRADE,73.95,0.071
2026-08-03 23:39:43,SOLUSDT,BINANCE,TRADE,73.95,0.136
2026-08-03 23:39:43,SOLUSDT,BINANCE,TRADE,73.95,0.068
2026-08-03 23:39:43,SOLUSDT,BINANCE,TRADE,73.95,0.21
2026-08-03 23:39:43,SOLUSDT,BINANCE,TRADE,73.95,2.901
2026-08-03 23:39:43,SOLUSDT,BINANCE,TRADE,73.95,0.071
2026-08-03 23:39:43,SOLUSDT,BINANCE,TRADE,73.95,3.111
2026-08-03 23:39:43,SOLUSDT,BINANCE,TRADE,73.95,3.111
2026-08-03 23:39:43,SOLUSDT,BINANCE,TRADE,73.95,3.111
2026-08-03 23:39:43,SOLUSDT,BINANCE,TRADE,73.95,3.111
2026-08-03 23:39:43,SOLUSDT,BINANCE,TRADE,73.95,3.111
2026-08-03 23:39:43,SOLUSDT,BINANCE,TRADE,73.95,3.111
2026-08-03 23:39:43,SOLUSDT,BINANCE,TRADE,73.95,3.111
2026-08-03 23:39:43,SOLUSDT,BINANCE,TRADE,73.95,3.111
2026-08-03 23:39:43,SOLUSDT,BINANCE,TRADE,73.95,3.111
2026-08-03 23:39:43,SOLUSDT,BINANCE,TRADE,73.95,3.111
2026-08-03 23:39:43,SOLUSDT,BINANCE,TRADE,73.95,3.111
2026-08-03 23:39:43,SOLUSDT,BINANCE,TRADE,73.95,3.111
2026-08-03 23:39:43,SOLUSDT,BINANCE,TRADE,73.95,3.111
2026-08-03 23:39:43,SOLUSDT,BINANCE,TRADE,73.95,3.111
2026-08-03 23:39:43,SOLUSDT,BINANCE,TRADE,73.95,2.15
2026-08-03 23:39:43,SOLUSDT,BINANCE,TRADE,73.94,3.469
2026-08-03 23:39:43,SOLUSDT,BINANCE,TRADE,73.94,1.353
2026-08-03 23:39:43,BTCUSDT,BINANCE,TRADE,63908,0.00056
2026-08-03 23:39:44,ETHUSDT,BINANCE,TRADE,1870.77,0.0666
2026-08-03 23:39:44,SOLUSDT,BINANCE,TRADE,73.95,1.143
2026-08-03 23:39:45,ETHUSDT,BINANCE,TRADE,1870.77,0.003
2026-08-03 23:39:45,BTCUSDT,BINANCE,TRADE,63908,0.0001
2026-08-03 23:39:45,SOLUSDT,BINANCE,TRADE,73.95,31.102
2026-08-03 23:39:45,SOLUSDT,BINANCE,TRADE,73.95,0.068
2026-08-03 23:39:45,SOLUSDT,BINANCE,TRADE,73.95,0.073
2026-08-03 23:39:45,SOLUSDT,BINANCE,TRADE,73.95,0.073
2026-08-03 23:39:45,SOLUSDT,BINANCE,TRADE,73.95,0.073
2026-08-03 23:39:45,SOLUSDT,BINANCE,TRADE,73.95,0.073
2026-08-03 23:39:45,SOLUSDT,BINANCE,TRADE,73.95,0.073
2026-08-03 23:39:45,SOLUSDT,BINANCE,TRADE,73.95,0.073
2026-08-03 23:39:45,SOLUSDT,BINANCE,TRADE,73.95,0.073
2026-08-03 23:39:45,SOLUSDT,BINANCE,TRADE,73.95,0.073
2026-08-03 23:39:45,SOLUSDT,BINANCE,TRADE,73.95,0.136
2026-08-03 23:39:45,SOLUSDT,BINANCE,TRADE,73.95,0.54
2026-08-03 23:39:45,SOLUSDT,BINANCE,TRADE,73.95,0.243
2026-08-03 23:39:45,SOLUSDT,BINANCE,TRADE,73.95,6.878
2026-08-03 23:39:45,SOLUSDT,BINANCE,TRADE,73.95,1
2026-08-03 23:39:45,SOLUSDT,BINANCE,TRADE,73.95,0.135
2026-08-03 23:39:45,SOLUSDT,BINANCE,TRADE,73.95,0.071
2026-08-03 23:39:45,SOLUSDT,BINANCE,TRADE,73.95,0.071
2026-08-03 23:39:45,SOLUSDT,BINANCE,TRADE,73.95,0.07
2026-08-03 23:39:45,SOLUSDT,BINANCE,TRADE,73.95,0.073
2026-08-03 23:39:45,SOLUSDT,BINANCE,TRADE,73.95,0.073
2026-08-03 23:39:45,SOLUSDT,BINANCE,TRADE,73.95,0.071
2026-08-03 23:39:45,SOLUSDT,BINANCE,TRADE,73.95,0.073
2026-08-03 23:39:45,SOLUSDT,BINANCE,TRADE,73.95,0.073
2026-08-03 23:39:45,SOLUSDT,BINANCE,TRADE,73.95,0.073
2026-08-03 23:39:45,SOLUSDT,BINANCE,TRADE,73.95,0.073
2026-08-03 23:39:45,SOLUSDT,BINANCE,TRADE,73.96,0.278
2026-08-03 23:39:45,SOLUSDT,BINANCE,TRADE,73.96,0.073
2026-08-03 23:39:45,SOLUSDT,BINANCE,TRADE,73.96,0.068
2026-08-03 23:39:45,SOLUSDT,BINANCE,TRADE,73.96,0.073
2026-08-03 23:39:45,SOLUSDT,BINANCE,TRADE,73.96,0.861
2026-08-03 23:39:45,ETHUSDT,BINANCE,TRADE,1870.77,0.0027
2026-08-03 23:39:45,ETHUSDT,BINANCE,TRADE,1870.77,0.0028
2026-08-03 23:39:45,ETHUSDT,BINANCE,TRADE,1870.77,0.0027
2026-08-03 23:39:45,ETHUSDT,BINANCE,TRADE,1870.77,0.0027
2026-08-03 23:39:45,ETHUSDT,BINANCE,TRADE,1870.77,0.0054
2026-08-03 23:39:45,ETHUSDT,BINANCE,TRADE,1870.77,0.0027
2026-08-03 23:39:45,ETHUSDT,BINANCE,TRADE,1870.77,0.0027
2026-08-03 23:39:45,ETHUSDT,BINANCE,TRADE,1870.77,0.0027
2026-08-03 23:39:45,ETHUSDT,BINANCE,TRADE,1870.77,0.0027
2026-08-03 23:39:45,ETHUSDT,BINANCE,TRADE,1870.77,0.0027
2026-08-03 23:39:45,ETHUSDT,BINANCE,TRADE,1870.77,0.0375
2026-08-03 23:39:45,ETHUSDT,BINANCE,TRADE,1870.77,0.0027
2026-08-03 23:39:45,ETHUSDT,BINANCE,TRADE,1870.77,0.0028
2026-08-03 23:39:45,ETHUSDT,BINANCE,TRADE,1870.77,0.0028
2026-08-03 23:39:45,ETHUSDT,BINANCE,TRADE,1870.77,0.0028
2026-08-03 23:39:45,ETHUSDT,BINANCE,TRADE,1870.77,0.0028
2026-08-03 23:39:45,ETHUSDT,BINANCE,TRADE,1870.77,0.0032
2026-08-03 23:39:45,ETHUSDT,BINANCE,TRADE,1870.77,0.0032
2026-08-03 23:39:45,ETHUSDT,BINANCE,TRADE,1870.77,0.0027
2026-08-03 23:39:45,ETHUSDT,BINANCE,TRADE,1870.77,0.0027
2026-08-03 23:39:45,ETHUSDT,BINANCE,TRADE,1870.77,0.0027
2026-08-03 23:39:45,ETHUSDT,BINANCE,TRADE,1870.77,0.0027
2026-08-03 23:39:45,ETHUSDT,BINANCE,TRADE,1870.77,0.0027
2026-08-03 23:39:45,ETHUSDT,BINANCE,TRADE,1870.77,0.0027
2026-08-03 23:39:45,ETHUSDT,BINANCE,TRADE,1870.77,0.0027
2026-08-03 23:39:45,ETHUSDT,BINANCE,TRADE,1870.77,0.0027
2026-08-03 23:39:45,ETHUSDT,BINANCE,TRADE,1870.77,0.0027
2026-08-03 23:39:45,ETHUSDT,BINANCE,TRADE,1870.77,0.0027
2026-08-03 23:39:45,ETHUSDT,BINANCE,TRADE,1870.77,0.0027
2026-08-03 23:39:45,ETHUSDT,BINANCE,TRADE,1870.77,0.0027
2026-08-03 23:39:45,ETHUSDT,BINANCE,TRADE,1870.78,0.0054
2026-08-03 23:39:45,ETHUSDT,BINANCE,TRADE,1870.78,0.0028
2026-08-03 23:39:45,ETHUSDT,BINANCE,TRADE,1870.78,0.0028
2026-08-03 23:39:45,ETHUSDT,BINANCE,TRADE,1870.78,0.0028
2026-08-03 23:39:45,ETHUSDT,BINANCE,TRADE,1870.78,0.429
2026-08-03 23:39:45,ETHUSDT,BINANCE,TRADE,1870.79,0.0054
2026-08-03 23:39:45,ETHUSDT,BINANCE,TRADE,1870.79,0.0028
2026-08-03 23:39:45,ETHUSDT,BINANCE,TRADE,1870.8,0.0027
2026-08-03 23:39:45,ETHUSDT,BINANCE,TRADE,1870.8,0.0027
2026-08-03 23:39:45,ETHUSDT,BINANCE,TRADE,1870.81,0.0028
2026-08-03 23:39:45,ETHUSDT,BINANCE,TRADE,1870.83,0.0027
2026-08-03 23:39:45,ETHUSDT,BINANCE,TRADE,1870.84,0.0027
2026-08-03 23:39:45,ETHUSDT,BINANCE,TRADE,1870.84,0.0029
2026-08-03 23:39:45,ETHUSDT,BINANCE,TRADE,1870.84,0.0029
2026-08-03 23:39:45,ETHUSDT,BINANCE,TRADE,1870.84,0.0027
2026-08-03 23:39:45,ETHUSDT,BINANCE,TRADE,1870.84,0.0029
2026-08-03 23:39:45,ETHUSDT,BINANCE,TRADE,1870.84,0.0027
2026-08-03 23:39:45,ETHUSDT,BINANCE,TRADE,1870.84,0.0027
2026-08-03 23:39:45,ETHUSDT,BINANCE,TRADE,1870.84,0.0027
2026-08-03 23:39:45,BTCUSDT,BINANCE,TRADE,63908,0.01564
2026-08-03 23:39:45,ETHUSDT,BINANCE,TRADE,1870.85,0.0027
2026-08-03 23:39:45,ETHUSDT,BINANCE,TRADE,1870.85,0.0029
2026-08-03 23:39:45,ETHUSDT,BINANCE,TRADE,1870.85,0.0029
2026-08-03 23:39:45,ETHUSDT,BINANCE,TRADE,1870.85,0.0032
2026-08-03 23:39:45,ETHUSDT,BINANCE,TRADE,1870.85,0.0032
2026-08-03 23:39:45,ETHUSDT,BINANCE,TRADE,1870.85,0.0028
2026-08-03 23:39:45,ETHUSDT,BINANCE,TRADE,1870.85,1.6981
2026-08-03 23:39:45,ETHUSDT,BINANCE,TRADE,1870.85,0.0028
2026-08-03 23:39:45,ETHUSDT,BINANCE,TRADE,1870.85,0.0028
2026-08-03 23:39:45,ETHUSDT,BINANCE,TRADE,1870.85,0.006
2026-08-03 23:39:45,ETHUSDT,BINANCE,TRADE,1870.85,0.0028
2026-08-03 23:39:45,ETHUSDT,BINANCE,TRADE,1870.85,0.0027
2026-08-03 23:39:45,ETHUSDT,BINANCE,TRADE,1870.85,0.0029
2026-08-03 23:39:45,ETHUSDT,BINANCE,TRADE,1870.85,0.0027
2026-08-03 23:39:45,ETHUSDT,BINANCE,TRADE,1870.85,0.0027
2026-08-03 23:39:45,ETHUSDT,BINANCE,TRADE,1870.85,0.0027
2026-08-03 23:39:45,BTCUSDT,BINANCE,TRADE,63908,0.00393
2026-08-03 23:39:46,ETHUSDT,BINANCE,TRADE,1870.86,0.0027
2026-08-03 23:39:46,ETHUSDT,BINANCE,TRADE,1870.86,0.0003
2026-08-03 23:39:46,ETHUSDT,BINANCE,TRADE,1870.86,0.3449
2026-08-03 23:39:46,ETHUSDT,BINANCE,TRADE,1870.86,0.0027
2026-08-03 23:39:46,ETHUSDT,BINANCE,TRADE,1870.86,0.0027
2026-08-03 23:39:46,ETHUSDT,BINANCE,TRADE,1870.86,0.0028
2026-08-03 23:39:46,ETHUSDT,BINANCE,TRADE,1870.86,0.0027
2026-08-03 23:39:46,ETHUSDT,BINANCE,TRADE,1870.86,0.0028
2026-08-03 23:39:46,ETHUSDT,BINANCE,TRADE,1870.86,0.0032
2026-08-03 23:39:46,ETHUSDT,BINANCE,TRADE,1870.86,0.0028
2026-08-03 23:39:46,ETHUSDT,BINANCE,TRADE,1870.86,0.2258
2026-08-03 23:39:46,ETHUSDT,BINANCE,TRADE,1870.86,0.0032
2026-08-03 23:39:46,ETHUSDT,BINANCE,TRADE,1870.86,0.0027
2026-08-03 23:39:46,ETHUSDT,BINANCE,TRADE,1870.86,0.0027
2026-08-03 23:39:46,ETHUSDT,BINANCE,TRADE,1870.86,0.0027
2026-08-03 23:39:46,ETHUSDT,BINANCE,TRADE,1870.86,0.0027
2026-08-03 23:39:46,ETHUSDT,BINANCE,TRADE,1870.86,0.0027
2026-08-03 23:39:46,ETHUSDT,BINANCE,TRADE,1870.86,0.0027
2026-08-03 23:39:46,ETHUSDT,BINANCE,TRADE,1870.86,0.0027
2026-08-03 23:39:46,ETHUSDT,BINANCE,TRADE,1870.86,0.0027
2026-08-03 23:39:46,ETHUSDT,BINANCE,TRADE,1870.87,0.0028
2026-08-03 23:39:46,ETHUSDT,BINANCE,TRADE,1870.87,0.0028
2026-08-03 23:39:46,ETHUSDT,BINANCE,TRADE,1870.91,0.0027
2026-08-03 23:39:46,ETHUSDT,BINANCE,TRADE,1870.91,0.0027
2026-08-03 23:39:46,ETHUSDT,BINANCE,TRADE,1870.91,0.0027
2026-08-03 23:39:46,ETHUSDT,BINANCE,TRADE,1870.91,0.0027
2026-08-03 23:39:46,ETHUSDT,BINANCE,TRADE,1870.91,0.0027
2026-08-03 23:39:46,ETHUSDT,BINANCE,TRADE,1870.91,0.0027
2026-08-03 23:39:46,ETHUSDT,BINANCE,TRADE,1870.91,0.0027
2026-08-03 23:39:46,ETHUSDT,BINANCE,TRADE,1870.91,0.0027
2026-08-03 23:39:46,ETHUSDT,BINANCE,TRADE,1870.91,0.0027
2026-08-03 23:39:46,ETHUSDT,BINANCE,TRADE,1870.91,0.0027
2026-08-03 23:39:46,ETHUSDT,BINANCE,TRADE,1870.91,0.0027
2026-08-03 23:39:46,ETHUSDT,BINANCE,TRADE,1870.91,0.0027
2026-08-03 23:39:46,ETHUSDT,BINANCE,TRADE,1870.91,0.0027
2026-08-03 23:39:46,ETHUSDT,BINANCE,TRADE,1870.91,0.0027
2026-08-03 23:39:46,ETHUSDT,BINANCE,TRADE,1870.91,0.0027
2026-08-03 23:39:46,ETHUSDT,BINANCE,TRADE,1870.92,0.0027
2026-08-03 23:39:46,ETHUSDT,BINANCE,TRADE,1870.92,0.0027
2026-08-03 23:39:46,ETHUSDT,BINANCE,TRADE,1870.92,0.0061
2026-08-03 23:39:46,ETHUSDT,BINANCE,TRADE,1870.92,0.0027
2026-08-03 23:39:46,ETHUSDT,BINANCE,TRADE,1870.93,0.0027
2026-08-03 23:39:46,ETHUSDT,BINANCE,TRADE,1870.94,0.011
2026-08-03 23:39:46,ETHUSDT,BINANCE,TRADE,1870.94,0.0027
2026-08-03 23:39:46,ETHUSDT,BINANCE,TRADE,1870.94,0.0027
2026-08-03 23:39:46,ETHUSDT,BINANCE,TRADE,1870.96,0.0029
2026-08-03 23:39:46,ETHUSDT,BINANCE,TRADE,1870.96,0.0029
2026-08-03 23:39:46,ETHUSDT,BINANCE,TRADE,1870.96,0.0029
2026-08-03 23:39:46,SOLUSDT,BINANCE,TRADE,73.95,0.882
2026-08-03 23:39:46,SOLUSDT,BINANCE,TRADE,73.95,0.216
2026-08-03 23:39:46,SOLUSDT,BINANCE,TRADE,73.96,0.136
2026-08-03 23:39:46,SOLUSDT,BINANCE,TRADE,73.96,0.071
2026-08-03 23:39:46,SOLUSDT,BINANCE,TRADE,73.96,0.071
2026-08-03 23:39:46,SOLUSDT,BINANCE,TRADE,73.96,0.069
2026-08-03 23:39:46,SOLUSDT,BINANCE,TRADE,73.96,0.082
2026-08-03 23:39:46,SOLUSDT,BINANCE,TRADE,73.96,0.073
2026-08-03 23:39:46,SOLUSDT,BINANCE,TRADE,73.96,0.073
2026-08-03 23:39:46,SOLUSDT,BINANCE,TRADE,73.96,0.073
2026-08-03 23:39:46,SOLUSDT,BINANCE,TRADE,73.96,0.073
2026-08-03 23:39:46,SOLUSDT,BINANCE,TRADE,73.96,0.073
2026-08-03 23:39:46,SOLUSDT,BINANCE,TRADE,73.96,0.073
2026-08-03 23:39:46,SOLUSDT,BINANCE,TRADE,73.96,0.262
2026-08-03 23:39:46,SOLUSDT,BINANCE,TRADE,73.96,6.551
2026-08-03 23:39:46,BTCUSDT,BINANCE,TRADE,63908,0.00016
2026-08-03 23:39:46,SOLUSDT,BINANCE,TRADE,73.96,0.735
2026-08-03 23:39:46,SOLUSDT,BINANCE,TRADE,73.96,0.068
2026-08-03 23:39:46,SOLUSDT,BINANCE,TRADE,73.96,0.073
2026-08-03 23:39:46,SOLUSDT,BINANCE,TRADE,73.96,0.073
2026-08-03 23:39:46,SOLUSDT,BINANCE,TRADE,73.96,0.278
2026-08-03 23:39:46,SOLUSDT,BINANCE,TRADE,73.96,1
2026-08-03 23:39:46,SOLUSDT,BINANCE,TRADE,73.96,19.303
2026-08-03 23:39:47,ETHUSDT,BINANCE,TRADE,1870.97,0.0027
2026-08-03 23:39:47,ETHUSDT,BINANCE,TRADE,1870.97,0.0027
2026-08-03 23:39:47,ETHUSDT,BINANCE,TRADE,1870.97,0.0616
2026-08-03 23:39:47,SOLUSDT,BINANCE,TRADE,73.96,21.53
2026-08-03 23:39:47,SOLUSDT,BINANCE,TRADE,73.96,21.53
2026-08-03 23:39:47,BTCUSDT,BINANCE,TRADE,63908,8e-05
2026-08-03 23:39:47,BTCUSDT,BINANCE,TRADE,63908,8e-05
2026-08-03 23:39:47,BTCUSDT,BINANCE,TRADE,63908,8e-05
2026-08-03 23:39:47,BTCUSDT,BINANCE,TRADE,63908,9e-05
2026-08-03 23:39:47,BTCUSDT,BINANCE,TRADE,63908,0.00016
2026-08-03 23:39:47,BTCUSDT,BINANCE,TRADE,63908,8e-05
2026-08-03 23:39:47,SOLUSDT,BINANCE,TRADE,73.96,31.058
2026-08-03 23:39:47,SOLUSDT,BINANCE,TRADE,73.96,245.78
2026-08-03 23:39:47,SOLUSDT,BINANCE,TRADE,73.96,0.071
2026-08-03 23:39:47,SOLUSDT,BINANCE,TRADE,73.96,0.073
2026-08-03 23:39:47,SOLUSDT,BINANCE,TRADE,73.96,0.073
2026-08-03 23:39:47,SOLUSDT,BINANCE,TRADE,73.96,0.136
2026-08-03 23:39:47,SOLUSDT,BINANCE,TRADE,73.96,0.073
2026-08-03 23:39:47,SOLUSDT,BINANCE,TRADE,73.96,0.071
2026-08-03 23:39:47,SOLUSDT,BINANCE,TRADE,73.96,0.073
2026-08-03 23:39:47,SOLUSDT,BINANCE,TRADE,73.96,0.073
2026-08-03 23:39:47,SOLUSDT,BINANCE,TRADE,73.96,0.073
2026-08-03 23:39:47,SOLUSDT,BINANCE,TRADE,73.96,0.267
2026-08-03 23:39:47,SOLUSDT,BINANCE,TRADE,73.96,0.068
2026-08-03 23:39:47,SOLUSDT,BINANCE,TRADE,73.96,0.073
2026-08-03 23:39:47,SOLUSDT,BINANCE,TRADE,73.96,0.073
2026-08-03 23:39:47,SOLUSDT,BINANCE,TRADE,73.96,0.278
2026-08-03 23:39:47,SOLUSDT,BINANCE,TRADE,73.96,8.78
2026-08-03 23:39:47,SOLUSDT,BINANCE,TRADE,73.96,0.278
2026-08-03 23:39:47,SOLUSDT,BINANCE,TRADE,73.96,0.073
2026-08-03 23:39:47,SOLUSDT,BINANCE,TRADE,73.96,0.073
2026-08-03 23:39:47,SOLUSDT,BINANCE,TRADE,73.96,0.073
2026-08-03 23:39:47,SOLUSDT,BINANCE,TRADE,73.96,0.136
2026-08-03 23:39:47,SOLUSDT,BINANCE,TRADE,73.96,0.073
2026-08-03 23:39:48,SOLUSDT,BINANCE,TRADE,73.97,0.068
2026-08-03 23:39:48,SOLUSDT,BINANCE,TRADE,73.97,0.278
2026-08-03 23:39:48,SOLUSDT,BINANCE,TRADE,73.97,0.073
2026-08-03 23:39:48,SOLUSDT,BINANCE,TRADE,73.97,0.073
2026-08-03 23:39:48,SOLUSDT,BINANCE,TRADE,73.97,0.136
2026-08-03 23:39:48,SOLUSDT,BINANCE,TRADE,73.97,0.069
2026-08-03 23:39:48,SOLUSDT,BINANCE,TRADE,73.97,0.082
2026-08-03 23:39:48,SOLUSDT,BINANCE,TRADE,73.97,0.102
2026-08-03 23:39:48,SOLUSDT,BINANCE,TRADE,73.97,0.075
2026-08-03 23:39:48,SOLUSDT,BINANCE,TRADE,73.97,0.071
2026-08-03 23:39:48,SOLUSDT,BINANCE,TRADE,73.97,0.071
2026-08-03 23:39:48,SOLUSDT,BINANCE,TRADE,73.97,5.288
2026-08-03 23:39:48,SOLUSDT,BINANCE,TRADE,73.97,47.436
2026-08-03 23:39:49,ETHUSDT,BINANCE,TRADE,1870.97,0.064
2026-08-03 23:39:49,SOLUSDT,BINANCE,TRADE,73.97,35.391
2026-08-03 23:39:50,SOLUSDT,BINANCE,TRADE,73.97,0.074
2026-08-03 23:39:50,BTCUSDT,BINANCE,TRADE,63908,8e-05
2026-08-03 23:39:50,BTCUSDT,BINANCE,TRADE,63908,2e-05
2026-08-03 23:39:50,SOLUSDT,BINANCE,TRADE,73.97,4.859
2026-08-03 23:39:50,SOLUSDT,BINANCE,TRADE,73.97,0.073
2026-08-03 23:39:50,SOLUSDT,BINANCE,TRADE,73.97,0.073
2026-08-03 23:39:50,SOLUSDT,BINANCE,TRADE,73.97,0.073
2026-08-03 23:39:50,SOLUSDT,BINANCE,TRADE,73.97,0.073
2026-08-03 23:39:50,SOLUSDT,BINANCE,TRADE,73.97,62.509
2026-08-03 23:39:50,SOLUSDT,BINANCE,TRADE,73.97,10.443
2026-08-03 23:39:50,SOLUSDT,BINANCE,TRADE,73.97,0.073
2026-08-03 23:39:50,SOLUSDT,BINANCE,TRADE,73.97,0.073
2026-08-03 23:39:50,SOLUSDT,BINANCE,TRADE,73.97,0.25
2026-08-03 23:39:50,SOLUSDT,BINANCE,TRADE,73.97,2.154
2026-08-03 23:39:50,SOLUSDT,BINANCE,TRADE,73.97,1
2026-08-03 23:39:50,SOLUSDT,BINANCE,TRADE,73.97,0.071
2026-08-03 23:39:50,SOLUSDT,BINANCE,TRADE,73.97,0.071
2026-08-03 23:39:50,SOLUSDT,BINANCE,TRADE,73.97,0.073
2026-08-03 23:39:50,SOLUSDT,BINANCE,TRADE,73.97,0.068
2026-08-03 23:39:50,SOLUSDT,BINANCE,TRADE,73.97,0.136
2026-08-03 23:39:50,SOLUSDT,BINANCE,TRADE,73.97,0.278
2026-08-03 23:39:50,SOLUSDT,BINANCE,TRADE,73.97,0.073
2026-08-03 23:39:50,SOLUSDT,BINANCE,TRADE,73.97,25.186
2026-08-03 23:39:51,BTCUSDT,BINANCE,TRADE,63908,0.0068
2026-08-03 23:39:51,BTCUSDT,BINANCE,TRADE,63908,0.00319
2026-08-03 23:39:51,SOLUSDT,BINANCE,TRADE,73.97,0.073
2026-08-03 23:39:51,SOLUSDT,BINANCE,TRADE,73.97,0.073
2026-08-03 23:39:51,SOLUSDT,BINANCE,TRADE,73.97,0.073
2026-08-03 23:39:51,SOLUSDT,BINANCE,TRADE,73.97,0.073
2026-08-03 23:39:51,SOLUSDT,BINANCE,TRADE,73.97,0.073
2026-08-03 23:39:51,SOLUSDT,BINANCE,TRADE,73.97,0.073
2026-08-03 23:39:51,SOLUSDT,BINANCE,TRADE,73.97,0.071
2026-08-03 23:39:51,SOLUSDT,BINANCE,TRADE,73.97,0.073
2026-08-03 23:39:51,SOLUSDT,BINANCE,TRADE,73.97,0.073
2026-08-03 23:39:51,SOLUSDT,BINANCE,TRADE,73.97,0.071
2026-08-03 23:39:51,SOLUSDT,BINANCE,TRADE,73.97,0.068
2026-08-03 23:39:51,SOLUSDT,BINANCE,TRADE,73.97,0.136
2026-08-03 23:39:51,SOLUSDT,BINANCE,TRADE,73.97,6.73
2026-08-03 23:39:51,ETHUSDT,BINANCE,TRADE,1870.97,0.0639
2026-08-03 23:39:52,BTCUSDT,BINANCE,TRADE,63908,6e-05
2026-08-03 23:39:52,BTCUSDT,BINANCE,TRADE,63908,8e-05
2026-08-03 23:39:52,BTCUSDT,BINANCE,TRADE,63908,8e-05
2026-08-03 23:39:52,BTCUSDT,BINANCE,TRADE,63908,8e-05
2026-08-03 23:39:52,BTCUSDT,BINANCE,TRADE,63908,8e-05
2026-08-03 23:39:52,BTCUSDT,BINANCE,TRADE,63908,0.00134
2026-08-03 23:39:52,BTCUSDT,BINANCE,TRADE,63908,0.0054
2026-08-03 23:39:52,BTCUSDT,BINANCE,TRADE,63908,7e-05
2026-08-03 23:39:53,ETHUSDT,BINANCE,TRADE,1870.96,6.11
2026-08-03 23:39:53,ETHUSDT,BINANCE,TRADE,1870.96,2.6724
2026-08-03 23:39:53,ETHUSDT,BINANCE,TRADE,1870.96,3.69
2026-08-03 23:39:53,ETHUSDT,BINANCE,TRADE,1870.96,4.2799
2026-08-03 23:39:53,ETHUSDT,BINANCE,TRADE,1870.96,1.9259
2026-08-03 23:39:53,ETHUSDT,BINANCE,TRADE,1870.96,0.0027
2026-08-03 23:39:53,ETHUSDT,BINANCE,TRADE,1870.96,1.6274
2026-08-03 23:39:53,ETHUSDT,BINANCE,TRADE,1870.96,0.0027
2026-08-03 23:39:53,ETHUSDT,BINANCE,TRADE,1870.96,0.0028
2026-08-03 23:39:53,ETHUSDT,BINANCE,TRADE,1870.96,0.0054
2026-08-03 23:39:53,ETHUSDT,BINANCE,TRADE,1870.96,0.0027
2026-08-03 23:39:53,ETHUSDT,BINANCE,TRADE,1870.96,0.0027
2026-08-03 23:39:53,ETHUSDT,BINANCE,TRADE,1870.96,0.0028
2026-08-03 23:39:53,ETHUSDT,BINANCE,TRADE,1870.96,0.0027
2026-08-03 23:39:53,ETHUSDT,BINANCE,TRADE,1870.96,0.0027
2026-08-03 23:39:53,ETHUSDT,BINANCE,TRADE,1870.96,0.0027
2026-08-03 23:39:53,ETHUSDT,BINANCE,TRADE,1870.96,0.3772
2026-08-03 23:39:53,ETHUSDT,BINANCE,TRADE,1870.96,3.6702
2026-08-03 23:39:53,ETHUSDT,BINANCE,TRADE,1870.96,0.0027
2026-08-03 23:39:53,ETHUSDT,BINANCE,TRADE,1870.96,0.112
2026-08-03 23:39:53,ETHUSDT,BINANCE,TRADE,1870.96,0.0032
2026-08-03 23:39:53,ETHUSDT,BINANCE,TRADE,1870.96,0.0027
2026-08-03 23:39:53,ETHUSDT,BINANCE,TRADE,1870.96,0.1226
2026-08-03 23:39:53,ETHUSDT,BINANCE,TRADE,1870.96,0.089
2026-08-03 23:39:53,ETHUSDT,BINANCE,TRADE,1870.96,0.306
2026-08-03 23:39:53,ETHUSDT,BINANCE,TRADE,1870.96,0.1227
2026-08-03 23:39:53,ETHUSDT,BINANCE,TRADE,1870.96,0.0028
2026-08-03 23:39:53,ETHUSDT,BINANCE,TRADE,1870.96,0.0032
2026-08-03 23:39:53,ETHUSDT,BINANCE,TRADE,1870.96,0.0028
2026-08-03 23:39:53,ETHUSDT,BINANCE,TRADE,1870.96,0.0028
2026-08-03 23:39:53,ETHUSDT,BINANCE,TRADE,1870.96,0.0027
2026-08-03 23:39:53,ETHUSDT,BINANCE,TRADE,1870.96,0.0027
2026-08-03 23:39:53,ETHUSDT,BINANCE,TRADE,1870.96,0.0027
2026-08-03 23:39:53,ETHUSDT,BINANCE,TRADE,1870.96,0.0027
2026-08-03 23:39:53,ETHUSDT,BINANCE,TRADE,1870.96,0.1226
2026-08-03 23:39:53,ETHUSDT,BINANCE,TRADE,1870.96,0.1227
2026-08-03 23:39:53,ETHUSDT,BINANCE,TRADE,1870.96,0.0027
2026-08-03 23:39:53,ETHUSDT,BINANCE,TRADE,1870.96,0.0027
2026-08-03 23:39:53,ETHUSDT,BINANCE,TRADE,1870.96,0.0027
2026-08-03 23:39:53,ETHUSDT,BINANCE,TRADE,1870.96,0.0027
2026-08-03 23:39:53,ETHUSDT,BINANCE,TRADE,1870.96,0.1226
2026-08-03 23:39:53,ETHUSDT,BINANCE,TRADE,1870.96,0.1227
2026-08-03 23:39:53,ETHUSDT,BINANCE,TRADE,1870.96,0.0027
2026-08-03 23:39:53,ETHUSDT,BINANCE,TRADE,1870.96,0.0027
2026-08-03 23:39:53,ETHUSDT,BINANCE,TRADE,1870.96,0.0027
2026-08-03 23:39:53,ETHUSDT,BINANCE,TRADE,1870.96,0.0027
2026-08-03 23:39:53,ETHUSDT,BINANCE,TRADE,1870.96,0.1226
2026-08-03 23:39:53,ETHUSDT,BINANCE,TRADE,1870.96,0.1227
2026-08-03 23:39:53,ETHUSDT,BINANCE,TRADE,1870.96,0.0027
2026-08-03 23:39:53,ETHUSDT,BINANCE,TRADE,1870.96,0.0027
2026-08-03 23:39:53,ETHUSDT,BINANCE,TRADE,1870.96,0.0027
2026-08-03 23:39:53,ETHUSDT,BINANCE,TRADE,1870.96,0.0027
2026-08-03 23:39:53,ETHUSDT,BINANCE,TRADE,1870.96,0.1226
2026-08-03 23:39:53,ETHUSDT,BINANCE,TRADE,1870.96,0.1227
2026-08-03 23:39:53,ETHUSDT,BINANCE,TRADE,1870.96,0.1226
2026-08-03 23:39:53,ETHUSDT,BINANCE,TRADE,1870.96,0.1227
2026-08-03 23:39:53,ETHUSDT,BINANCE,TRADE,1870.96,0.1226
2026-08-03 23:39:53,ETHUSDT,BINANCE,TRADE,1870.96,0.1227
2026-08-03 23:39:53,ETHUSDT,BINANCE,TRADE,1870.96,0.1226
2026-08-03 23:39:53,ETHUSDT,BINANCE,TRADE,1870.96,0.1227
2026-08-03 23:39:53,ETHUSDT,BINANCE,TRADE,1870.96,0.1226
2026-08-03 23:39:53,ETHUSDT,BINANCE,TRADE,1870.96,0.1227
2026-08-03 23:39:53,ETHUSDT,BINANCE,TRADE,1870.96,0.1226
2026-08-03 23:39:53,ETHUSDT,BINANCE,TRADE,1870.96,0.1227
2026-08-03 23:39:53,ETHUSDT,BINANCE,TRADE,1870.96,0.1226
2026-08-03 23:39:53,ETHUSDT,BINANCE,TRADE,1870.96,0.1227
2026-08-03 23:39:53,ETHUSDT,BINANCE,TRADE,1870.96,0.1226
2026-08-03 23:39:53,ETHUSDT,BINANCE,TRADE,1870.96,0.1227
2026-08-03 23:39:53,ETHUSDT,BINANCE,TRADE,1870.96,0.1226
2026-08-03 23:39:53,ETHUSDT,BINANCE,TRADE,1870.96,0.1227
2026-08-03 23:39:53,ETHUSDT,BINANCE,TRADE,1870.96,0.1226
2026-08-03 23:39:53,ETHUSDT,BINANCE,TRADE,1870.96,0.1227
2026-08-03 23:39:53,ETHUSDT,BINANCE,TRADE,1870.96,0.0375
2026-08-03 23:39:53,ETHUSDT,BINANCE,TRADE,1870.96,0.1227
2026-08-03 23:39:53,ETHUSDT,BINANCE,TRADE,1870.96,0.1227
2026-08-03 23:39:53,ETHUSDT,BINANCE,TRADE,1870.96,0.1227
2026-08-03 23:39:53,ETHUSDT,BINANCE,TRADE,1870.96,0.1227
2026-08-03 23:39:53,ETHUSDT,BINANCE,TRADE,1870.96,0.1227
2026-08-03 23:39:53,ETHUSDT,BINANCE,TRADE,1870.96,0.1227
2026-08-03 23:39:53,ETHUSDT,BINANCE,TRADE,1870.96,0.1227
2026-08-03 23:39:53,ETHUSDT,BINANCE,TRADE,1870.96,0.1227
2026-08-03 23:39:53,ETHUSDT,BINANCE,TRADE,1870.96,0.1227
2026-08-03 23:39:53,ETHUSDT,BINANCE,TRADE,1870.96,0.1227
2026-08-03 23:39:53,ETHUSDT,BINANCE,TRADE,1870.96,0.1227
2026-08-03 23:39:53,ETHUSDT,BINANCE,TRADE,1870.96,0.1227
2026-08-03 23:39:53,ETHUSDT,BINANCE,TRADE,1870.96,0.1227
2026-08-03 23:39:53,ETHUSDT,BINANCE,TRADE,1870.96,0.1227
2026-08-03 23:39:53,ETHUSDT,BINANCE,TRADE,1870.96,0.1227
2026-08-03 23:39:53,ETHUSDT,BINANCE,TRADE,1870.96,0.1227
2026-08-03 23:39:53,ETHUSDT,BINANCE,TRADE,1870.96,0.1227
2026-08-03 23:39:53,ETHUSDT,BINANCE,TRADE,1870.96,0.0675
2026-08-03 23:39:53,ETHUSDT,BINANCE,TRADE,1870.96,0.0104
2026-08-03 23:39:53,ETHUSDT,BINANCE,TRADE,1870.96,0.0028
2026-08-03 23:39:53,ETHUSDT,BINANCE,TRADE,1870.96,1.3268
2026-08-03 23:39:53,ETHUSDT,BINANCE,TRADE,1870.96,0.0027
2026-08-03 23:39:53,ETHUSDT,BINANCE,TRADE,1870.96,0.0003
2026-08-03 23:39:53,ETHUSDT,BINANCE,TRADE,1870.96,0.0029
2026-08-03 23:39:53,ETHUSDT,BINANCE,TRADE,1870.96,0.0032
2026-08-03 23:39:53,ETHUSDT,BINANCE,TRADE,1870.96,0.0028
2026-08-03 23:39:53,ETHUSDT,BINANCE,TRADE,1870.96,0.0028
2026-08-03 23:39:53,ETHUSDT,BINANCE,TRADE,1870.96,0.0054
2026-08-03 23:39:53,ETHUSDT,BINANCE,TRADE,1870.96,0.0028
2026-08-03 23:39:53,ETHUSDT,BINANCE,TRADE,1870.96,0.0028
2026-08-03 23:39:53,ETHUSDT,BINANCE,TRADE,1870.96,0.0028
2026-08-03 23:39:53,ETHUSDT,BINANCE,TRADE,1870.96,0.0028
2026-08-03 23:39:53,ETHUSDT,BINANCE,TRADE,1870.96,0.0027
2026-08-03 23:39:53,ETHUSDT,BINANCE,TRADE,1870.96,0.0027
2026-08-03 23:39:53,ETHUSDT,BINANCE,TRADE,1870.95,0.0054
2026-08-03 23:39:53,ETHUSDT,BINANCE,TRADE,1870.95,0.0028
2026-08-03 23:39:53,ETHUSDT,BINANCE,TRADE,1870.95,0.0028
2026-08-03 23:39:53,ETHUSDT,BINANCE,TRADE,1870.95,0.0028
2026-08-03 23:39:53,ETHUSDT,BINANCE,TRADE,1870.95,0.0028
2026-08-03 23:39:53,ETHUSDT,BINANCE,TRADE,1870.95,0.0027
2026-08-03 23:39:53,ETHUSDT,BINANCE,TRADE,1870.95,0.0027
2026-08-03 23:39:53,ETHUSDT,BINANCE,TRADE,1870.94,0.0054
2026-08-03 23:39:53,ETHUSDT,BINANCE,TRADE,1870.94,0.0028
2026-08-03 23:39:53,ETHUSDT,BINANCE,TRADE,1870.93,0.0028
2026-08-03 23:39:53,ETHUSDT,BINANCE,TRADE,1870.93,0.0028
2026-08-03 23:39:53,ETHUSDT,BINANCE,TRADE,1870.92,0.0027
2026-08-03 23:39:53,ETHUSDT,BINANCE,TRADE,1870.92,0.0028
2026-08-03 23:39:53,ETHUSDT,BINANCE,TRADE,1870.9,0.0028
2026-08-03 23:39:53,ETHUSDT,BINANCE,TRADE,1870.9,1.2622
2026-08-03 23:39:53,ETHUSDT,BINANCE,TRADE,1870.9,0.0027
2026-08-03 23:39:53,ETHUSDT,BINANCE,TRADE,1870.9,0.0028
2026-08-03 23:39:53,ETHUSDT,BINANCE,TRADE,1870.9,0.0028
2026-08-03 23:39:53,ETHUSDT,BINANCE,TRADE,1870.9,0.0027
2026-08-03 23:39:53,ETHUSDT,BINANCE,TRADE,1870.9,0.0028
2026-08-03 23:39:53,ETHUSDT,BINANCE,TRADE,1870.9,0.0874
2026-08-03 23:39:53,ETHUSDT,BINANCE,TRADE,1870.9,0.0028
2026-08-03 23:39:53,ETHUSDT,BINANCE,TRADE,1870.9,0.0028
2026-08-03 23:39:53,ETHUSDT,BINANCE,TRADE,1870.9,0.0028
2026-08-03 23:39:53,ETHUSDT,BINANCE,TRADE,1870.9,0.0032
2026-08-03 23:39:53,ETHUSDT,BINANCE,TRADE,1870.9,0.0027
2026-08-03 23:39:53,ETHUSDT,BINANCE,TRADE,1870.9,0.0027
2026-08-03 23:39:53,ETHUSDT,BINANCE,TRADE,1870.9,0.0028
2026-08-03 23:39:53,ETHUSDT,BINANCE,TRADE,1870.9,0.0027
2026-08-03 23:39:53,ETHUSDT,BINANCE,TRADE,1870.9,0.0028
2026-08-03 23:39:53,ETHUSDT,BINANCE,TRADE,1870.9,0.0028
2026-08-03 23:39:53,ETHUSDT,BINANCE,TRADE,1870.9,0.0028
2026-08-03 23:39:53,ETHUSDT,BINANCE,TRADE,1870.9,0.0028
2026-08-03 23:39:53,ETHUSDT,BINANCE,TRADE,1870.9,0.0029
2026-08-03 23:39:53,ETHUSDT,BINANCE,TRADE,1870.9,0.0029
2026-08-03 23:39:53,ETHUSDT,BINANCE,TRADE,1870.9,0.0032
2026-08-03 23:39:53,ETHUSDT,BINANCE,TRADE,1870.9,0.0585
2026-08-03 23:39:53,ETHUSDT,BINANCE,TRADE,1870.9,0.1553
2026-08-03 23:39:53,ETHUSDT,BINANCE,TRADE,1870.9,0.1553
2026-08-03 23:39:53,ETHUSDT,BINANCE,TRADE,1870.9,0.0162
2026-08-03 23:39:53,ETHUSDT,BINANCE,TRADE,1870.9,0.0027
2026-08-03 23:39:53,ETHUSDT,BINANCE,TRADE,1870.9,0.0028
2026-08-03 23:39:53,ETHUSDT,BINANCE,TRADE,1870.9,0.0795
2026-08-03 23:39:53,SOLUSDT,BINANCE,TRADE,73.97,7.66
2026-08-03 23:39:53,ETHUSDT,BINANCE,TRADE,1870.9,0.0027
2026-08-03 23:39:53,ETHUSDT,BINANCE,TRADE,1870.9,0.0029
2026-08-03 23:39:53,ETHUSDT,BINANCE,TRADE,1870.9,0.0028
2026-08-03 23:39:53,ETHUSDT,BINANCE,TRADE,1870.9,0.0029
2026-08-03 23:39:53,ETHUSDT,BINANCE,TRADE,1870.9,0.0028
2026-08-03 23:39:53,ETHUSDT,BINANCE,TRADE,1870.9,0.0028
2026-08-03 23:39:53,ETHUSDT,BINANCE,TRADE,1870.9,0.0028
2026-08-03 23:39:53,ETHUSDT,BINANCE,TRADE,1870.9,0.0032
2026-08-03 23:39:53,ETHUSDT,BINANCE,TRADE,1870.9,0.0032
2026-08-03 23:39:53,ETHUSDT,BINANCE,TRADE,1870.9,0.0028
2026-08-03 23:39:53,ETHUSDT,BINANCE,TRADE,1870.9,0.0028
2026-08-03 23:39:53,ETHUSDT,BINANCE,TRADE,1870.9,0.0028
2026-08-03 23:39:53,ETHUSDT,BINANCE,TRADE,1870.9,0.0027
2026-08-03 23:39:53,ETHUSDT,BINANCE,TRADE,1870.9,0.0028
2026-08-03 23:39:53,ETHUSDT,BINANCE,TRADE,1870.9,0.0028
2026-08-03 23:39:53,ETHUSDT,BINANCE,TRADE,1870.9,0.2599
2026-08-03 23:39:53,ETHUSDT,BINANCE,TRADE,1870.9,0.0028
2026-08-03 23:39:53,ETHUSDT,BINANCE,TRADE,1870.9,0.0027
2026-08-03 23:39:53,ETHUSDT,BINANCE,TRADE,1870.9,0.0029
2026-08-03 23:39:53,ETHUSDT,BINANCE,TRADE,1870.89,0.0028
2026-08-03 23:39:53,ETHUSDT,BINANCE,TRADE,1870.89,0.0028
2026-08-03 23:39:53,ETHUSDT,BINANCE,TRADE,1870.89,0.0028
2026-08-03 23:39:53,ETHUSDT,BINANCE,TRADE,1870.89,0.0028
2026-08-03 23:39:53,ETHUSDT,BINANCE,TRADE,1870.89,0.0028
2026-08-03 23:39:53,ETHUSDT,BINANCE,TRADE,1870.89,0.0028
2026-08-03 23:39:53,ETHUSDT,BINANCE,TRADE,1870.89,0.0032
2026-08-03 23:39:53,ETHUSDT,BINANCE,TRADE,1870.89,0.0028
2026-08-03 23:39:53,ETHUSDT,BINANCE,TRADE,1870.89,0.0027
2026-08-03 23:39:53,ETHUSDT,BINANCE,TRADE,1870.89,0.0028
2026-08-03 23:39:53,ETHUSDT,BINANCE,TRADE,1870.89,0.0032
2026-08-03 23:39:53,ETHUSDT,BINANCE,TRADE,1870.89,0.0028
2026-08-03 23:39:53,ETHUSDT,BINANCE,TRADE,1870.89,0.0028
2026-08-03 23:39:53,ETHUSDT,BINANCE,TRADE,1870.89,0.0028
2026-08-03 23:39:53,ETHUSDT,BINANCE,TRADE,1870.89,0.0028
2026-08-03 23:39:53,ETHUSDT,BINANCE,TRADE,1870.89,0.0027
2026-08-03 23:39:53,ETHUSDT,BINANCE,TRADE,1870.88,0.0028
2026-08-03 23:39:53,ETHUSDT,BINANCE,TRADE,1870.88,0.0027
2026-08-03 23:39:53,ETHUSDT,BINANCE,TRADE,1870.88,0.0028
2026-08-03 23:39:53,ETHUSDT,BINANCE,TRADE,1870.88,0.0028
2026-08-03 23:39:53,ETHUSDT,BINANCE,TRADE,1870.88,0.0028
2026-08-03 23:39:53,ETHUSDT,BINANCE,TRADE,1870.88,0.0027
2026-08-03 23:39:53,ETHUSDT,BINANCE,TRADE,1870.87,0.0028
2026-08-03 23:39:53,ETHUSDT,BINANCE,TRADE,1870.87,0.0027
2026-08-03 23:39:53,ETHUSDT,BINANCE,TRADE,1870.87,0.0027
2026-08-03 23:39:53,ETHUSDT,BINANCE,TRADE,1870.86,0.008
2026-08-03 23:39:53,ETHUSDT,BINANCE,TRADE,1870.86,0.0028
2026-08-03 23:39:53,ETHUSDT,BINANCE,TRADE,1870.86,0.0027
2026-08-03 23:39:53,ETHUSDT,BINANCE,TRADE,1870.86,0.0027
2026-08-03 23:39:53,ETHUSDT,BINANCE,TRADE,1870.86,0.0027
2026-08-03 23:39:53,ETHUSDT,BINANCE,TRADE,1870.86,0.0027
2026-08-03 23:39:53,ETHUSDT,BINANCE,TRADE,1870.86,0.0027
2026-08-03 23:39:53,ETHUSDT,BINANCE,TRADE,1870.85,0.0028
2026-08-03 23:39:53,ETHUSDT,BINANCE,TRADE,1870.85,0.0027
2026-08-03 23:39:53,ETHUSDT,BINANCE,TRADE,1870.85,0.0027
2026-08-03 23:39:53,ETHUSDT,BINANCE,TRADE,1870.85,0.0027
2026-08-03 23:39:53,ETHUSDT,BINANCE,TRADE,1870.85,0.0027
2026-08-03 23:39:53,ETHUSDT,BINANCE,TRADE,1870.85,0.0027
2026-08-03 23:39:53,ETHUSDT,BINANCE,TRADE,1870.85,0.0027
2026-08-03 23:39:53,ETHUSDT,BINANCE,TRADE,1870.84,0.0027
2026-08-03 23:39:53,ETHUSDT,BINANCE,TRADE,1870.84,0.0027
2026-08-03 23:39:53,ETHUSDT,BINANCE,TRADE,1870.84,0.0028
2026-08-03 23:39:53,ETHUSDT,BINANCE,TRADE,1870.84,0.0027
2026-08-03 23:39:53,ETHUSDT,BINANCE,TRADE,1870.84,0.0027
2026-08-03 23:39:53,ETHUSDT,BINANCE,TRADE,1870.84,0.0027
2026-08-03 23:39:53,ETHUSDT,BINANCE,TRADE,1870.84,0.0027
2026-08-03 23:39:53,ETHUSDT,BINANCE,TRADE,1870.84,0.0027
2026-08-03 23:39:53,ETHUSDT,BINANCE,TRADE,1870.84,0.0027
2026-08-03 23:39:53,ETHUSDT,BINANCE,TRADE,1870.84,0.0027
2026-08-03 23:39:53,ETHUSDT,BINANCE,TRADE,1870.84,0.0027
2026-08-03 23:39:53,ETHUSDT,BINANCE,TRADE,1870.84,0.0027
2026-08-03 23:39:53,ETHUSDT,BINANCE,TRADE,1870.84,0.0027
2026-08-03 23:39:53,ETHUSDT,BINANCE,TRADE,1870.84,0.0027
2026-08-03 23:39:53,ETHUSDT,BINANCE,TRADE,1870.84,0.0027
2026-08-03 23:39:53,ETHUSDT,BINANCE,TRADE,1870.84,0.0027
2026-08-03 23:39:53,ETHUSDT,BINANCE,TRADE,1870.83,0.0027
2026-08-03 23:39:53,ETHUSDT,BINANCE,TRADE,1870.83,0.0027
2026-08-03 23:39:53,ETHUSDT,BINANCE,TRADE,1870.83,0.0028
2026-08-03 23:39:53,ETHUSDT,BINANCE,TRADE,1870.83,0.0029
2026-08-03 23:39:53,ETHUSDT,BINANCE,TRADE,1870.83,0.0029
2026-08-03 23:39:53,ETHUSDT,BINANCE,TRADE,1870.83,0.0027
2026-08-03 23:39:53,ETHUSDT,BINANCE,TRADE,1870.83,0.0029
2026-08-03 23:39:53,ETHUSDT,BINANCE,TRADE,1870.83,0.0027
2026-08-03 23:39:53,ETHUSDT,BINANCE,TRADE,1870.83,0.0027
2026-08-03 23:39:53,ETHUSDT,BINANCE,TRADE,1870.83,0.0027
2026-08-03 23:39:53,ETHUSDT,BINANCE,TRADE,1870.82,0.0029
2026-08-03 23:39:53,ETHUSDT,BINANCE,TRADE,1870.82,0.0029
2026-08-03 23:39:53,ETHUSDT,BINANCE,TRADE,1870.82,0.0028
2026-08-03 23:39:53,ETHUSDT,BINANCE,TRADE,1870.82,0.0028
2026-08-03 23:39:53,ETHUSDT,BINANCE,TRADE,1870.82,0.0028
2026-08-03 23:39:53,ETHUSDT,BINANCE,TRADE,1870.82,0.0028
2026-08-03 23:39:53,ETHUSDT,BINANCE,TRADE,1870.82,0.0028
2026-08-03 23:39:53,ETHUSDT,BINANCE,TRADE,1870.82,0.0032
2026-08-03 23:39:53,ETHUSDT,BINANCE,TRADE,1870.82,0.0032
2026-08-03 23:39:53,ETHUSDT,BINANCE,TRADE,1870.82,0.0027
2026-08-03 23:39:53,ETHUSDT,BINANCE,TRADE,1870.82,1.9978
2026-08-03 23:39:53,ETHUSDT,BINANCE,TRADE,1870.82,0.0028
2026-08-03 23:39:53,ETHUSDT,BINANCE,TRADE,1870.82,0.0029
2026-08-03 23:39:53,ETHUSDT,BINANCE,TRADE,1870.81,0.0028
2026-08-03 23:39:53,ETHUSDT,BINANCE,TRADE,1870.81,0.0028
2026-08-03 23:39:53,ETHUSDT,BINANCE,TRADE,1870.81,0.0028
2026-08-03 23:39:53,ETHUSDT,BINANCE,TRADE,1870.81,0.0027
2026-08-03 23:39:53,ETHUSDT,BINANCE,TRADE,1870.81,0.0028
2026-08-03 23:39:53,ETHUSDT,BINANCE,TRADE,1870.81,0.0027
2026-08-03 23:39:53,ETHUSDT,BINANCE,TRADE,1870.81,0.0028
2026-08-03 23:39:53,ETHUSDT,BINANCE,TRADE,1870.81,0.0028
2026-08-03 23:39:53,ETHUSDT,BINANCE,TRADE,1870.81,0.1331
2026-08-03 23:39:54,ETHUSDT,BINANCE,TRADE,1870.82,0.0644
2026-08-03 23:39:54,ETHUSDT,BINANCE,TRADE,1870.81,0.0107
2026-08-03 23:39:55,SOLUSDT,BINANCE,TRADE,73.97,67.66
2026-08-03 23:39:55,ETHUSDT,BINANCE,TRADE,1870.81,0.1269
2026-08-03 23:39:55,BTCUSDT,BINANCE,TRADE,63908,0.00072
2026-08-03 23:39:55,SOLUSDT,BINANCE,TRADE,73.97,7.66
2026-08-03 23:39:55,BTCUSDT,BINANCE,TRADE,63908,0.00051
2026-08-03 23:39:55,BTCUSDT,BINANCE,TRADE,63908,0.00051
2026-08-03 23:39:55,BTCUSDT,BINANCE,TRADE,63908,0.00037
2026-08-03 23:39:56,SOLUSDT,BINANCE,TRADE,73.97,8.121
2026-08-03 23:39:56,SOLUSDT,BINANCE,TRADE,73.97,0.278
2026-08-03 23:39:56,SOLUSDT,BINANCE,TRADE,73.97,59.257
2026-08-03 23:39:56,SOLUSDT,BINANCE,TRADE,73.97,13.532
2026-08-03 23:39:56,ETHUSDT,BINANCE,TRADE,1870.82,0.0649
2026-08-03 23:39:57,BTCUSDT,BINANCE,TRADE,63908,0.00072
2026-08-03 23:39:57,SOLUSDT,BINANCE,TRADE,73.97,7.658
2026-08-03 23:39:57,BTCUSDT,BINANCE,TRADE,63908,0.31607
2026-08-03 23:39:57,BTCUSDT,BINANCE,TRADE,63908,8e-05
2026-08-03 23:39:57,BTCUSDT,BINANCE,TRADE,63908,0.3
2026-08-03 23:39:57,BTCUSDT,BINANCE,TRADE,63908,8e-05
2026-08-03 23:39:57,BTCUSDT,BINANCE,TRADE,63908,8e-05
2026-08-03 23:39:57,BTCUSDT,BINANCE,TRADE,63908,8e-05
2026-08-03 23:39:57,BTCUSDT,BINANCE,TRADE,63908,8e-05
2026-08-03 23:39:57,BTCUSDT,BINANCE,TRADE,63908,0.08
2026-08-03 23:39:57,BTCUSDT,BINANCE,TRADE,63908,0.14566
2026-08-03 23:39:57,BTCUSDT,BINANCE,TRADE,63908,8e-05
2026-08-03 23:39:57,BTCUSDT,BINANCE,TRADE,63908,0.00016
2026-08-03 23:39:57,BTCUSDT,BINANCE,TRADE,63908,0.0001
2026-08-03 23:39:57,BTCUSDT,BINANCE,TRADE,63908,8e-05
2026-08-03 23:39:57,BTCUSDT,BINANCE,TRADE,63908,9e-05
2026-08-03 23:39:57,BTCUSDT,BINANCE,TRADE,63908,0.00297
2026-08-03 23:39:57,BTCUSDT,BINANCE,TRADE,63908,0.00134
2026-08-03 23:39:57,BTCUSDT,BINANCE,TRADE,63908,0.00855
2026-08-03 23:39:57,BTCUSDT,BINANCE,TRADE,63908,0.00048
2026-08-03 23:39:57,BTCUSDT,BINANCE,TRADE,63908,0.00141
2026-08-03 23:39:57,BTCUSDT,BINANCE,TRADE,63908,0.3863
2026-08-03 23:39:57,BTCUSDT,BINANCE,TRADE,63908,0.11949
2026-08-03 23:39:57,BTCUSDT,BINANCE,TRADE,63908,8e-05
2026-08-03 23:39:57,BTCUSDT,BINANCE,TRADE,63908,0.01462
2026-08-03 23:39:57,BTCUSDT,BINANCE,TRADE,63908,0.01555
2026-08-03 23:39:57,BTCUSDT,BINANCE,TRADE,63908,0.007
2026-08-03 23:39:57,BTCUSDT,BINANCE,TRADE,63908,0.0026
2026-08-03 23:39:57,BTCUSDT,BINANCE,TRADE,63908,0.00681
2026-08-03 23:39:57,BTCUSDT,BINANCE,TRADE,63908,0.003
2026-08-03 23:39:57,BTCUSDT,BINANCE,TRADE,63908,0.00782
2026-08-03 23:39:57,BTCUSDT,BINANCE,TRADE,63908,0.00547
2026-08-03 23:39:57,BTCUSDT,BINANCE,TRADE,63908,9e-05
2026-08-03 23:39:57,BTCUSDT,BINANCE,TRADE,63908,0.12116
2026-08-03 23:39:58,BTCUSDT,BINANCE,TRADE,63908,0.0002
2026-08-03 23:39:58,SOLUSDT,BINANCE,TRADE,73.97,1
2026-08-03 23:39:58,SOLUSDT,BINANCE,TRADE,73.97,0.071
2026-08-03 23:39:58,SOLUSDT,BINANCE,TRADE,73.97,0.073
2026-08-03 23:39:58,SOLUSDT,BINANCE,TRADE,73.97,0.071
2026-08-03 23:39:58,SOLUSDT,BINANCE,TRADE,73.97,0.073
2026-08-03 23:39:58,SOLUSDT,BINANCE,TRADE,73.97,0.073
2026-08-03 23:39:58,SOLUSDT,BINANCE,TRADE,73.97,0.068
2026-08-03 23:39:58,SOLUSDT,BINANCE,TRADE,73.97,0.073
2026-08-03 23:39:58,SOLUSDT,BINANCE,TRADE,73.97,0.073
2026-08-03 23:39:58,SOLUSDT,BINANCE,TRADE,73.97,0.136
2026-08-03 23:39:58,SOLUSDT,BINANCE,TRADE,73.97,0.073
2026-08-03 23:39:58,SOLUSDT,BINANCE,TRADE,73.97,0.073
2026-08-03 23:39:58,SOLUSDT,BINANCE,TRADE,73.97,0.073
2026-08-03 23:39:58,SOLUSDT,BINANCE,TRADE,73.97,18.437
2026-08-03 23:39:58,SOLUSDT,BINANCE,TRADE,73.97,33.003
2026-08-03 23:39:58,SOLUSDT,BINANCE,TRADE,73.97,0.862
2026-08-03 23:39:58,SOLUSDT,BINANCE,TRADE,73.97,53.963
2026-08-03 23:39:58,ETHUSDT,BINANCE,TRADE,1870.82,0.0988
2026-08-03 23:39:58,SOLUSDT,BINANCE,TRADE,73.97,13.533
2026-08-03 23:39:58,ETHUSDT,BINANCE,TRADE,1870.81,0.1669
2026-08-03 23:39:58,SOLUSDT,BINANCE,TRADE,73.96,0.51
2026-08-03 23:39:58,SOLUSDT,BINANCE,TRADE,73.97,26.922
2026-08-03 23:39:58,SOLUSDT,BINANCE,TRADE,73.97,0.278
2026-08-03 23:39:58,SOLUSDT,BINANCE,TRADE,73.97,2.706
2026-08-03 23:39:58,SOLUSDT,BINANCE,TRADE,73.97,0.071
2026-08-03 23:39:58,SOLUSDT,BINANCE,TRADE,73.97,0.073
2026-08-03 23:39:58,SOLUSDT,BINANCE,TRADE,73.97,0.073
2026-08-03 23:39:58,SOLUSDT,BINANCE,TRADE,73.97,0.071
2026-08-03 23:39:58,SOLUSDT,BINANCE,TRADE,73.97,0.073
2026-08-03 23:39:58,SOLUSDT,BINANCE,TRADE,73.97,0.136
2026-08-03 23:39:58,SOLUSDT,BINANCE,TRADE,73.97,0.073
2026-08-03 23:39:58,SOLUSDT,BINANCE,TRADE,73.97,0.073
2026-08-03 23:39:58,SOLUSDT,BINANCE,TRADE,73.97,37.114
2026-08-03 23:39:58,SOLUSDT,BINANCE,TRADE,73.97,0.073
2026-08-03 23:39:58,SOLUSDT,BINANCE,TRADE,73.97,0.073
2026-08-03 23:39:58,SOLUSDT,BINANCE,TRADE,73.97,0.073
2026-08-03 23:39:58,SOLUSDT,BINANCE,TRADE,73.97,0.068
2026-08-03 23:39:58,SOLUSDT,BINANCE,TRADE,73.97,0.344
2026-08-03 23:39:58,SOLUSDT,BINANCE,TRADE,73.97,18.453
2026-08-03 23:39:58,SOLUSDT,BINANCE,TRADE,73.97,7.844
2026-08-03 23:39:58,BTCUSDT,BINANCE,TRADE,63908,0.00157
2026-08-03 23:39:58,SOLUSDT,BINANCE,TRADE,73.96,4.563
2026-08-03 23:39:59,SOLUSDT,BINANCE,TRADE,73.97,2.918
2026-08-03 23:39:59,SOLUSDT,BINANCE,TRADE,73.97,21.06
2026-08-03 23:39:59,BTCUSDT,BINANCE,TRADE,63908,0.0001
2026-08-03 23:39:59,SOLUSDT,BINANCE,TRADE,73.97,0.136
2026-08-03 23:39:59,SOLUSDT,BINANCE,TRADE,73.97,0.073
2026-08-03 23:39:59,SOLUSDT,BINANCE,TRADE,73.97,0.278
2026-08-03 23:39:59,SOLUSDT,BINANCE,TRADE,73.97,0.071
2026-08-03 23:39:59,SOLUSDT,BINANCE,TRADE,73.97,0.071
2026-08-03 23:39:59,SOLUSDT,BINANCE,TRADE,73.97,0.073
2026-08-03 23:39:59,SOLUSDT,BINANCE,TRADE,73.97,0.073
2026-08-03 23:39:59,SOLUSDT,BINANCE,TRADE,73.97,0.073
2026-08-03 23:39:59,SOLUSDT,BINANCE,TRADE,73.97,0.073
2026-08-03 23:39:59,SOLUSDT,BINANCE,TRADE,73.97,0.073
2026-08-03 23:39:59,SOLUSDT,BINANCE,TRADE,73.97,0.073
2026-08-03 23:39:59,SOLUSDT,BINANCE,TRADE,73.97,0.073
2026-08-03 23:39:59,SOLUSDT,BINANCE,TRADE,73.97,0.068
2026-08-03 23:39:59,SOLUSDT,BINANCE,TRADE,73.97,1.899
2026-08-03 23:39:59,SOLUSDT,BINANCE,TRADE,73.97,4.501
2026-08-03 23:39:59,ETHUSDT,BINANCE,TRADE,1870.82,0.0654
2026-08-03 23:39:59,SOLUSDT,BINANCE,TRADE,73.97,32.062
2026-08-03 23:39:59,SOLUSDT,BINANCE,TRADE,73.97,0.073
2026-08-03 23:39:59,SOLUSDT,BINANCE,TRADE,73.97,0.071
2026-08-03 23:39:59,SOLUSDT,BINANCE,TRADE,73.97,0.073
2026-08-03 23:39:59,SOLUSDT,BINANCE,TRADE,73.97,0.068
2026-08-03 23:39:59,SOLUSDT,BINANCE,TRADE,73.97,0.071
2026-08-03 23:39:59,SOLUSDT,BINANCE,TRADE,73.97,0.073
2026-08-03 23:39:59,SOLUSDT,BINANCE,TRADE,73.97,0.073
2026-08-03 23:39:59,SOLUSDT,BINANCE,TRADE,73.97,0.073
2026-08-03 23:39:59,SOLUSDT,BINANCE,TRADE,73.97,0.073
2026-08-03 23:39:59,SOLUSDT,BINANCE,TRADE,73.97,0.073
2026-08-03 23:39:59,SOLUSDT,BINANCE,TRADE,73.97,0.136
2026-08-03 23:39:59,SOLUSDT,BINANCE,TRADE,73.97,0.073
2026-08-03 23:39:59,SOLUSDT,BINANCE,TRADE,73.97,0.071
2026-08-03 23:39:59,SOLUSDT,BINANCE,TRADE,73.97,1.232
2026-08-03 23:39:59,SOLUSDT,BINANCE,TRADE,73.97,13.533
2026-08-03 23:39:59,BTCUSDT,BINANCE,TRADE,63908,0.0016
2026-08-03 23:40:00,BTCUSDT,BINANCE,TRADE,63908,0.00015
2026-08-03 23:40:00,ETHUSDT,BINANCE,TRADE,1870.82,0.0028
2026-08-03 23:40:00,ETHUSDT,BINANCE,TRADE,1870.82,0.0002
2026-08-03 23:40:00,BTCUSDT,BINANCE,TRADE,63908,0.00183
2026-08-03 23:40:00,BTCUSDT,BINANCE,TRADE,63908,8e-05
2026-08-03 23:40:00,BTCUSDT,BINANCE,TRADE,63908,8e-05
2026-08-03 23:40:00,BTCUSDT,BINANCE,TRADE,63908,8e-05
2026-08-03 23:40:00,BTCUSDT,BINANCE,TRADE,63908,0.007
2026-08-03 23:40:00,BTCUSDT,BINANCE,TRADE,63908,0.007
2026-08-03 23:40:00,BTCUSDT,BINANCE,TRADE,63908,9e-05
2026-08-03 23:40:00,BTCUSDT,BINANCE,TRADE,63908,9e-05
2026-08-03 23:40:00,BTCUSDT,BINANCE,TRADE,63908,0.00069
2026-08-03 23:40:00,BTCUSDT,BINANCE,TRADE,63908,8e-05
2026-08-03 23:40:00,BTCUSDT,BINANCE,TRADE,63908,0.00016
2026-08-03 23:40:00,BTCUSDT,BINANCE,TRADE,63908,9e-05
2026-08-03 23:40:00,BTCUSDT,BINANCE,TRADE,63908,0.0026
2026-08-03 23:40:00,BTCUSDT,BINANCE,TRADE,63908,8e-05
2026-08-03 23:40:00,BTCUSDT,BINANCE,TRADE,63908,8e-05
2026-08-03 23:40:00,BTCUSDT,BINANCE,TRADE,63908,8e-05
2026-08-03 23:40:00,BTCUSDT,BINANCE,TRADE,63908,9e-05
2026-08-03 23:40:00,BTCUSDT,BINANCE,TRADE,63908,9e-05
2026-08-03 23:40:00,BTCUSDT,BINANCE,TRADE,63908,0.01
2026-08-03 23:40:00,BTCUSDT,BINANCE,TRADE,63908,9e-05
2026-08-03 23:40:00,BTCUSDT,BINANCE,TRADE,63908,9e-05
2026-08-03 23:40:00,BTCUSDT,BINANCE,TRADE,63908,9e-05
2026-08-03 23:40:00,BTCUSDT,BINANCE,TRADE,63908,0.01441
2026-08-03 23:40:00,BTCUSDT,BINANCE,TRADE,63908,8e-05
2026-08-03 23:40:00,BTCUSDT,BINANCE,TRADE,63908,9e-05
2026-08-03 23:40:00,BTCUSDT,BINANCE,TRADE,63908,9e-05
2026-08-03 23:40:00,BTCUSDT,BINANCE,TRADE,63908,8e-05
2026-08-03 23:40:00,BTCUSDT,BINANCE,TRADE,63908,9e-05
2026-08-03 23:40:00,BTCUSDT,BINANCE,TRADE,63908,0.00048
2026-08-03 23:40:00,BTCUSDT,BINANCE,TRADE,63908,8e-05
2026-08-03 23:40:00,BTCUSDT,BINANCE,TRADE,63908,9e-05
2026-08-03 23:40:00,BTCUSDT,BINANCE,TRADE,63908,9e-05
2026-08-03 23:40:00,BTCUSDT,BINANCE,TRADE,63908,9e-05
2026-08-03 23:40:00,BTCUSDT,BINANCE,TRADE,63908,9e-05
2026-08-03 23:40:00,BTCUSDT,BINANCE,TRADE,63908,8e-05
2026-08-03 23:40:00,BTCUSDT,BINANCE,TRADE,63908,8e-05
2026-08-03 23:40:00,BTCUSDT,BINANCE,TRADE,63908,8e-05
2026-08-03 23:40:00,BTCUSDT,BINANCE,TRADE,63908,8e-05
2026-08-03 23:40:00,BTCUSDT,BINANCE,TRADE,63908,8e-05
2026-08-03 23:40:00,BTCUSDT,BINANCE,TRADE,63908,8e-05
2026-08-03 23:40:00,BTCUSDT,BINANCE,TRADE,63908,8e-05
2026-08-03 23:40:00,BTCUSDT,BINANCE,TRADE,63908,8e-05
2026-08-03 23:40:00,BTCUSDT,BINANCE,TRADE,63908,8e-05
2026-08-03 23:40:00,BTCUSDT,BINANCE,TRADE,63908,8e-05
2026-08-03 23:40:00,BTCUSDT,BINANCE,TRADE,63908,8e-05
2026-08-03 23:40:00,BTCUSDT,BINANCE,TRADE,63908,8e-05
2026-08-03 23:40:00,BTCUSDT,BINANCE,TRADE,63908,8e-05
2026-08-03 23:40:00,BTCUSDT,BINANCE,TRADE,63908,8e-05
2026-08-03 23:40:00,BTCUSDT,BINANCE,TRADE,63908,8e-05
2026-08-03 23:40:00,BTCUSDT,BINANCE,TRADE,63908,8e-05
2026-08-03 23:40:00,BTCUSDT,BINANCE,TRADE,63908,8e-05
2026-08-03 23:40:00,BTCUSDT,BINANCE,TRADE,63908,8e-05
2026-08-03 23:40:00,BTCUSDT,BINANCE,TRADE,63908,8e-05
2026-08-03 23:40:00,BTCUSDT,BINANCE,TRADE,63908,8e-05
2026-08-03 23:40:00,BTCUSDT,BINANCE,TRADE,63908,8e-05
2026-08-03 23:40:00,BTCUSDT,BINANCE,TRADE,63908,8e-05
2026-08-03 23:40:00,BTCUSDT,BINANCE,TRADE,63908,9e-05
2026-08-03 23:40:00,BTCUSDT,BINANCE,TRADE,63908,0.00016
2026-08-03 23:40:00,BTCUSDT,BINANCE,TRADE,63908,9e-05
2026-08-03 23:40:00,BTCUSDT,BINANCE,TRADE,63908,9e-05
2026-08-03 23:40:00,BTCUSDT,BINANCE,TRADE,63908,9e-05
2026-08-03 23:40:00,BTCUSDT,BINANCE,TRADE,63908,9e-05
2026-08-03 23:40:00,BTCUSDT,BINANCE,TRADE,63908,9e-05
2026-08-03 23:40:00,BTCUSDT,BINANCE,TRADE,63908,9e-05
2026-08-03 23:40:00,BTCUSDT,BINANCE,TRADE,63908,9e-05
2026-08-03 23:40:00,BTCUSDT,BINANCE,TRADE,63908,9e-05
2026-08-03 23:40:00,BTCUSDT,BINANCE,TRADE,63908,0.00016
2026-08-03 23:40:00,BTCUSDT,BINANCE,TRADE,63908.1,9e-05
2026-08-03 23:40:00,BTCUSDT,BINANCE,TRADE,63908.1,9e-05
2026-08-03 23:40:00,BTCUSDT,BINANCE,TRADE,63908.1,9e-05
2026-08-03 23:40:00,BTCUSDT,BINANCE,TRADE,63908.2,0.00187
2026-08-03 23:40:00,BTCUSDT,BINANCE,TRADE,63908.2,0.01689
2026-08-03 23:40:00,BTCUSDT,BINANCE,TRADE,63908.2,9e-05
2026-08-03 23:40:00,BTCUSDT,BINANCE,TRADE,63908.2,9e-05
2026-08-03 23:40:00,BTCUSDT,BINANCE,TRADE,63908.2,8e-05
2026-08-03 23:40:00,BTCUSDT,BINANCE,TRADE,63908.2,8e-05
2026-08-03 23:40:00,BTCUSDT,BINANCE,TRADE,63908.2,8e-05
2026-08-03 23:40:00,BTCUSDT,BINANCE,TRADE,63908.2,8e-05
2026-08-03 23:40:00,BTCUSDT,BINANCE,TRADE,63908.2,8e-05
2026-08-03 23:40:00,BTCUSDT,BINANCE,TRADE,63908.7,8e-05
2026-08-03 23:40:00,BTCUSDT,BINANCE,TRADE,63908.7,8e-05
2026-08-03 23:40:00,BTCUSDT,BINANCE,TRADE,63908.8,8e-05
2026-08-03 23:40:00,BTCUSDT,BINANCE,TRADE,63908.8,8e-05
2026-08-03 23:40:00,BTCUSDT,BINANCE,TRADE,63909.2,8e-05
2026-08-03 23:40:00,BTCUSDT,BINANCE,TRADE,63909.2,8e-05
2026-08-03 23:40:00,BTCUSDT,BINANCE,TRADE,63909.2,8e-05
2026-08-03 23:40:00,BTCUSDT,BINANCE,TRADE,63909.2,8e-05
2026-08-03 23:40:00,BTCUSDT,BINANCE,TRADE,63910,9e-05
2026-08-03 23:40:00,BTCUSDT,BINANCE,TRADE,63910,9e-05
2026-08-03 23:40:00,BTCUSDT,BINANCE,TRADE,63910,9e-05
2026-08-03 23:40:00,BTCUSDT,BINANCE,TRADE,63910,9e-05
2026-08-03 23:40:00,BTCUSDT,BINANCE,TRADE,63910,9e-05
2026-08-03 23:40:00,ETHUSDT,BINANCE,TRADE,1870.82,0.0025
2026-08-03 23:40:00,ETHUSDT,BINANCE,TRADE,1870.82,0.0027
2026-08-03 23:40:00,ETHUSDT,BINANCE,TRADE,1870.82,0.0054
2026-08-03 23:40:00,ETHUSDT,BINANCE,TRADE,1870.82,0.0027
2026-08-03 23:40:00,ETHUSDT,BINANCE,TRADE,1870.82,0.0027
2026-08-03 23:40:00,ETHUSDT,BINANCE,TRADE,1870.82,0.0027
2026-08-03 23:40:00,ETHUSDT,BINANCE,TRADE,1870.82,0.0963
2026-08-03 23:40:00,ETHUSDT,BINANCE,TRADE,1870.82,0.0027
2026-08-03 23:40:00,ETHUSDT,BINANCE,TRADE,1870.82,0.089
2026-08-03 23:40:00,ETHUSDT,BINANCE,TRADE,1870.82,0.0028
2026-08-03 23:40:00,ETHUSDT,BINANCE,TRADE,1870.82,0.0028
2026-08-03 23:40:00,ETHUSDT,BINANCE,TRADE,1870.82,0.0028
2026-08-03 23:40:00,ETHUSDT,BINANCE,TRADE,1870.82,0.0032
2026-08-03 23:40:00,ETHUSDT,BINANCE,TRADE,1870.82,0.0032
2026-08-03 23:40:00,ETHUSDT,BINANCE,TRADE,1870.82,0.0028
2026-08-03 23:40:00,ETHUSDT,BINANCE,TRADE,1870.82,0.0027
2026-08-03 23:40:00,ETHUSDT,BINANCE,TRADE,1870.82,0.0027
2026-08-03 23:40:00,ETHUSDT,BINANCE,TRADE,1870.82,0.0027
2026-08-03 23:40:00,ETHUSDT,BINANCE,TRADE,1870.82,0.0027
2026-08-03 23:40:00,ETHUSDT,BINANCE,TRADE,1870.83,0.0027
2026-08-03 23:40:00,ETHUSDT,BINANCE,TRADE,1870.83,0.0054
2026-08-03 23:40:00,ETHUSDT,BINANCE,TRADE,1870.83,0.0027
2026-08-03 23:40:00,ETHUSDT,BINANCE,TRADE,1870.83,0.0028
2026-08-03 23:40:00,ETHUSDT,BINANCE,TRADE,1870.83,0.0028
2026-08-03 23:40:00,ETHUSDT,BINANCE,TRADE,1870.83,0.0028
2026-08-03 23:40:00,ETHUSDT,BINANCE,TRADE,1870.83,0.0028
2026-08-03 23:40:00,ETHUSDT,BINANCE,TRADE,1870.83,0.0027
2026-08-03 23:40:00,ETHUSDT,BINANCE,TRADE,1870.83,0.0027
2026-08-03 23:40:00,ETHUSDT,BINANCE,TRADE,1870.83,0.0027
2026-08-03 23:40:00,ETHUSDT,BINANCE,TRADE,1870.83,0.0027
2026-08-03 23:40:00,ETHUSDT,BINANCE,TRADE,1870.84,0.0054
2026-08-03 23:40:00,ETHUSDT,BINANCE,TRADE,1870.9,0.0027
2026-08-03 23:40:00,ETHUSDT,BINANCE,TRADE,1870.9,0.0028
2026-08-03 23:40:00,ETHUSDT,BINANCE,TRADE,1870.9,0.0027
2026-08-03 23:40:00,ETHUSDT,BINANCE,TRADE,1870.9,0.0027
2026-08-03 23:40:00,ETHUSDT,BINANCE,TRADE,1870.9,0.0027
2026-08-03 23:40:00,ETHUSDT,BINANCE,TRADE,1870.9,0.0027
2026-08-03 23:40:00,ETHUSDT,BINANCE,TRADE,1870.91,0.0027
2026-08-03 23:40:00,ETHUSDT,BINANCE,TRADE,1870.91,0.0027
2026-08-03 23:40:00,ETHUSDT,BINANCE,TRADE,1870.91,0.0027
2026-08-03 23:40:00,ETHUSDT,BINANCE,TRADE,1870.91,0.0027
2026-08-03 23:40:00,ETHUSDT,BINANCE,TRADE,1870.91,0.0027
2026-08-03 23:40:00,ETHUSDT,BINANCE,TRADE,1870.91,0.0027
2026-08-03 23:40:00,ETHUSDT,BINANCE,TRADE,1870.91,0.0027
2026-08-03 23:40:00,ETHUSDT,BINANCE,TRADE,1870.91,0.0027
2026-08-03 23:40:00,ETHUSDT,BINANCE,TRADE,1870.91,0.0027
2026-08-03 23:40:00,ETHUSDT,BINANCE,TRADE,1870.91,0.0027
2026-08-03 23:40:00,ETHUSDT,BINANCE,TRADE,1870.92,0.0027
2026-08-03 23:40:00,ETHUSDT,BINANCE,TRADE,1870.92,0.0027
2026-08-03 23:40:00,ETHUSDT,BINANCE,TRADE,1870.92,0.0027
2026-08-03 23:40:00,ETHUSDT,BINANCE,TRADE,1870.93,0.0027
2026-08-03 23:40:00,ETHUSDT,BINANCE,TRADE,1870.95,0.011
2026-08-03 23:40:00,ETHUSDT,BINANCE,TRADE,1870.95,0.0027
2026-08-03 23:40:00,ETHUSDT,BINANCE,TRADE,1870.95,0.0027
2026-08-03 23:40:00,ETHUSDT,BINANCE,TRADE,1870.96,0.0027
2026-08-03 23:40:00,ETHUSDT,BINANCE,TRADE,1870.96,0.0029
2026-08-03 23:40:00,ETHUSDT,BINANCE,TRADE,1870.96,0.0029
2026-08-03 23:40:00,ETHUSDT,BINANCE,TRADE,1870.96,0.0027
2026-08-03 23:40:00,ETHUSDT,BINANCE,TRADE,1870.96,0.0029
2026-08-03 23:40:00,SOLUSDT,BINANCE,TRADE,73.97,0.073
2026-08-03 23:40:00,SOLUSDT,BINANCE,TRADE,73.97,0.002
2026-08-03 23:40:00,SOLUSDT,BINANCE,TRADE,73.97,0.069
2026-08-03 23:40:00,SOLUSDT,BINANCE,TRADE,73.97,0.136
2026-08-03 23:40:00,SOLUSDT,BINANCE,TRADE,73.97,0.068
2026-08-03 23:40:00,SOLUSDT,BINANCE,TRADE,73.97,0.073
2026-08-03 23:40:00,SOLUSDT,BINANCE,TRADE,73.97,0.073
2026-08-03 23:40:00,SOLUSDT,BINANCE,TRADE,73.97,0.073
2026-08-03 23:40:00,SOLUSDT,BINANCE,TRADE,73.97,0.073
2026-08-03 23:40:00,SOLUSDT,BINANCE,TRADE,73.97,0.073
2026-08-03 23:40:00,SOLUSDT,BINANCE,TRADE,73.97,0.073
2026-08-03 23:40:00,SOLUSDT,BINANCE,TRADE,73.97,0.073
2026-08-03 23:40:00,SOLUSDT,BINANCE,TRADE,73.97,0.071
2026-08-03 23:40:00,SOLUSDT,BINANCE,TRADE,73.97,0.278
2026-08-03 23:40:00,SOLUSDT,BINANCE,TRADE,73.97,0.073
2026-08-03 23:40:00,SOLUSDT,BINANCE,TRADE,73.97,0.071
2026-08-03 23:40:00,SOLUSDT,BINANCE,TRADE,73.97,0.073
2026-08-03 23:40:00,BTCUSDT,BINANCE,TRADE,63910,0.0001
2026-08-03 23:40:00,BTCUSDT,BINANCE,TRADE,63910,0.0059
2026-08-03 23:40:00,BTCUSDT,BINANCE,TRADE,63910,0.00204
2026-08-03 23:40:00,BTCUSDT,BINANCE,TRADE,63910,0.00127
2026-08-03 23:40:00,BTCUSDT,BINANCE,TRADE,63910,0.00127
2026-08-03 23:40:00,BTCUSDT,BINANCE,TRADE,63910,0.00127
2026-08-03 23:40:00,BTCUSDT,BINANCE,TRADE,63910,0.00215
2026-08-03 23:40:00,BTCUSDT,BINANCE,TRADE,63910,0.005
2026-08-03 23:40:00,BTCUSDT,BINANCE,TRADE,63910,0.002
2026-08-03 23:40:00,BTCUSDT,BINANCE,TRADE,63910,0.0046
2026-08-03 23:40:00,ETHUSDT,BINANCE,TRADE,1870.97,0.0027
2026-08-03 23:40:00,ETHUSDT,BINANCE,TRADE,1870.97,0.4207
2026-08-03 23:40:00,ETHUSDT,BINANCE,TRADE,1870.97,0.0027
2026-08-03 23:40:00,ETHUSDT,BINANCE,TRADE,1870.97,0.0028
2026-08-03 23:40:00,ETHUSDT,BINANCE,TRADE,1870.97,0.0028
2026-08-03 23:40:00,ETHUSDT,BINANCE,TRADE,1870.97,0.0027
2026-08-03 23:40:00,ETHUSDT,BINANCE,TRADE,1870.97,0.0028
2026-08-03 23:40:00,ETHUSDT,BINANCE,TRADE,1870.97,0.0028
2026-08-03 23:40:00,ETHUSDT,BINANCE,TRADE,1870.97,0.0027
2026-08-03 23:40:00,ETHUSDT,BINANCE,TRADE,1870.97,0.0028
2026-08-03 23:40:00,ETHUSDT,BINANCE,TRADE,1870.97,0.0028
2026-08-03 23:40:00,ETHUSDT,BINANCE,TRADE,1870.97,0.0027
2026-08-03 23:40:00,ETHUSDT,BINANCE,TRADE,1870.97,0.0027
2026-08-03 23:40:00,ETHUSDT,BINANCE,TRADE,1870.97,0.0027
2026-08-03 23:40:00,ETHUSDT,BINANCE,TRADE,1870.97,0.0027
2026-08-03 23:40:00,ETHUSDT,BINANCE,TRADE,1870.97,0.0027
2026-08-03 23:40:00,ETHUSDT,BINANCE,TRADE,1870.98,0.0027
2026-08-03 23:40:00,ETHUSDT,BINANCE,TRADE,1870.98,0.0028
2026-08-03 23:40:00,ETHUSDT,BINANCE,TRADE,1870.98,0.0028
2026-08-03 23:40:00,ETHUSDT,BINANCE,TRADE,1870.98,0.0028
2026-08-03 23:40:00,ETHUSDT,BINANCE,TRADE,1870.98,0.0027
2026-08-03 23:40:00,ETHUSDT,BINANCE,TRADE,1870.99,0.003
2026-08-03 23:40:00,ETHUSDT,BINANCE,TRADE,1871.01,0.0027
2026-08-03 23:40:00,ETHUSDT,BINANCE,TRADE,1871.01,0.0027
2026-08-03 23:40:00,ETHUSDT,BINANCE,TRADE,1871.01,0.0027
2026-08-03 23:40:00,ETHUSDT,BINANCE,TRADE,1871.02,0.0027
2026-08-03 23:40:00,ETHUSDT,BINANCE,TRADE,1871.02,0.0027
2026-08-03 23:40:00,ETHUSDT,BINANCE,TRADE,1871.02,0.0027
2026-08-03 23:40:00,ETHUSDT,BINANCE,TRADE,1871.03,0.0027
2026-08-03 23:40:00,ETHUSDT,BINANCE,TRADE,1871.03,0.0027
2026-08-03 23:40:00,ETHUSDT,BINANCE,TRADE,1871.03,0.0027
2026-08-03 23:40:00,ETHUSDT,BINANCE,TRADE,1871.03,0.0027
2026-08-03 23:40:00,ETHUSDT,BINANCE,TRADE,1871.03,0.0027
2026-08-03 23:40:00,ETHUSDT,BINANCE,TRADE,1871.04,0.0027
2026-08-03 23:40:00,ETHUSDT,BINANCE,TRADE,1871.04,0.0027
2026-08-03 23:40:00,ETHUSDT,BINANCE,TRADE,1871.05,0.0027
2026-08-03 23:40:00,ETHUSDT,BINANCE,TRADE,1871.05,0.0027
2026-08-03 23:40:00,ETHUSDT,BINANCE,TRADE,1871.05,0.0027
2026-08-03 23:40:00,ETHUSDT,BINANCE,TRADE,1871.05,0.0027
2026-08-03 23:40:00,ETHUSDT,BINANCE,TRADE,1871.08,0.008
2026-08-03 23:40:00,ETHUSDT,BINANCE,TRADE,1871.08,0.0027
2026-08-03 23:40:00,ETHUSDT,BINANCE,TRADE,1871.08,0.0027
2026-08-03 23:40:00,ETHUSDT,BINANCE,TRADE,1871.09,0.0028
2026-08-03 23:40:00,ETHUSDT,BINANCE,TRADE,1871.1,0.003
2026-08-03 23:40:00,ETHUSDT,BINANCE,TRADE,1871.1,0.0027
2026-08-03 23:40:00,ETHUSDT,BINANCE,TRADE,1871.1,0.0027
2026-08-03 23:40:00,ETHUSDT,BINANCE,TRADE,1871.1,0.0027
2026-08-03 23:40:00,ETHUSDT,BINANCE,TRADE,1871.1,0.0029
2026-08-03 23:40:00,ETHUSDT,BINANCE,TRADE,1871.1,0.0029
2026-08-03 23:40:00,ETHUSDT,BINANCE,TRADE,1871.1,0.0027
2026-08-03 23:40:00,ETHUSDT,BINANCE,TRADE,1871.1,0.0029
2026-08-03 23:40:00,BTCUSDT,BINANCE,TRADE,63910,0.00188
2026-08-03 23:40:01,BTCUSDT,BINANCE,TRADE,63910,0.00011
2026-08-03 23:40:01,ETHUSDT,BINANCE,TRADE,1871.1,0.003
2026-08-03 23:40:01,ETHUSDT,BINANCE,TRADE,1871.11,0.0027
2026-08-03 23:40:01,ETHUSDT,BINANCE,TRADE,1871.11,0.0609
2026-08-03 23:40:02,SOLUSDT,BINANCE,TRADE,73.98,0.383
2026-08-03 23:40:02,BTCUSDT,BINANCE,TRADE,63910,0.00059
2026-08-03 23:40:02,ETHUSDT,BINANCE,TRADE,1871.11,0.025
2026-08-03 23:40:02,ETHUSDT,BINANCE,TRADE,1871.1,0.0027
2026-08-03 23:40:02,ETHUSDT,BINANCE,TRADE,1871.1,0.0027
2026-08-03 23:40:02,ETHUSDT,BINANCE,TRADE,1871.1,0.0027
2026-08-03 23:40:03,BTCUSDT,BINANCE,TRADE,63910,0.00156
2026-08-03 23:40:03,SOLUSDT,BINANCE,TRADE,73.97,0.339
2026-08-03 23:40:03,BTCUSDT,BINANCE,TRADE,63910,0.0099
2026-08-03 23:40:03,BTCUSDT,BINANCE,TRADE,63910,0.0101
2026-08-03 23:40:04,BTCUSDT,BINANCE,TRADE,63910,0.00041
2026-08-03 23:40:04,BTCUSDT,BINANCE,TRADE,63910,0.00031
2026-08-03 23:40:04,ETHUSDT,BINANCE,TRADE,1871.11,0.0641
2026-08-03 23:40:05,ETHUSDT,BINANCE,TRADE,1871.11,0.6666
2026-08-03 23:40:06,ETHUSDT,BINANCE,TRADE,1871.11,0.0647
2026-08-03 23:40:07,BTCUSDT,BINANCE,TRADE,63910,0.04568
2026-08-03 23:40:07,SOLUSDT,BINANCE,TRADE,73.98,3.712
2026-08-03 23:40:07,BTCUSDT,BINANCE,TRADE,63910,0.00355
2026-08-03 23:40:07,BTCUSDT,BINANCE,TRADE,63910,0.00036
2026-08-03 23:40:08,SOLUSDT,BINANCE,TRADE,73.97,0.101
2026-08-03 23:40:08,BTCUSDT,BINANCE,TRADE,63910,0.00782
2026-08-03 23:40:08,SOLUSDT,BINANCE,TRADE,73.97,14.95
2026-08-03 23:40:08,SOLUSDT,BINANCE,TRADE,73.97,1.746
2026-08-03 23:40:09,ETHUSDT,BINANCE,TRADE,1871.1,0.0054
2026-08-03 23:40:09,ETHUSDT,BINANCE,TRADE,1871.1,0.0028
2026-08-03 23:40:09,ETHUSDT,BINANCE,TRADE,1871.1,0.0027
2026-08-03 23:40:09,ETHUSDT,BINANCE,TRADE,1871.1,0.0027
2026-08-03 23:40:09,ETHUSDT,BINANCE,TRADE,1871.1,0.0028
2026-08-03 23:40:09,ETHUSDT,BINANCE,TRADE,1871.1,0.3792
2026-08-03 23:40:09,ETHUSDT,BINANCE,TRADE,1871.1,2.8644
2026-08-03 23:40:09,ETHUSDT,BINANCE,TRADE,1871.1,0.112
2026-08-03 23:40:09,ETHUSDT,BINANCE,TRADE,1871.1,0.0027
2026-08-03 23:40:09,ETHUSDT,BINANCE,TRADE,1871.1,1.7058
2026-08-03 23:40:09,ETHUSDT,BINANCE,TRADE,1871.1,0.0032
2026-08-03 23:40:09,ETHUSDT,BINANCE,TRADE,1871.1,0.0032
2026-08-03 23:40:09,ETHUSDT,BINANCE,TRADE,1871.1,0.089
2026-08-03 23:40:09,ETHUSDT,BINANCE,TRADE,1871.1,0.583
2026-08-03 23:40:09,ETHUSDT,BINANCE,TRADE,1871.1,2.096
2026-08-03 23:40:09,ETHUSDT,BINANCE,TRADE,1871.11,0.0654
2026-08-03 23:40:11,ETHUSDT,BINANCE,TRADE,1871.11,0.2078
2026-08-03 23:40:11,ETHUSDT,BINANCE,TRADE,1871.11,0.0027
2026-08-03 23:40:11,ETHUSDT,BINANCE,TRADE,1871.11,1.6517
2026-08-03 23:40:11,ETHUSDT,BINANCE,TRADE,1871.11,0.2
2026-08-03 23:40:11,ETHUSDT,BINANCE,TRADE,1871.11,1.7427
2026-08-03 23:40:11,ETHUSDT,BINANCE,TRADE,1871.11,3.889
2026-08-03 23:40:11,ETHUSDT,BINANCE,TRADE,1871.11,0.0027
2026-08-03 23:40:11,ETHUSDT,BINANCE,TRADE,1871.11,0.0027
2026-08-03 23:40:11,ETHUSDT,BINANCE,TRADE,1871.11,0.0028
2026-08-03 23:40:11,ETHUSDT,BINANCE,TRADE,1871.11,0.3271
2026-08-03 23:40:11,ETHUSDT,BINANCE,TRADE,1871.11,0.0029
2026-08-03 23:40:11,ETHUSDT,BINANCE,TRADE,1871.11,0.0029
2026-08-03 23:40:11,ETHUSDT,BINANCE,TRADE,1871.11,6.7323
2026-08-03 23:40:11,ETHUSDT,BINANCE,TRADE,1871.11,0.0027
2026-08-03 23:40:11,ETHUSDT,BINANCE,TRADE,1871.11,0.0032
2026-08-03 23:40:11,ETHUSDT,BINANCE,TRADE,1871.11,0.0027
2026-08-03 23:40:11,ETHUSDT,BINANCE,TRADE,1871.11,0.5377
2026-08-03 23:40:11,ETHUSDT,BINANCE,TRADE,1871.11,0.6088
2026-08-03 23:40:11,ETHUSDT,BINANCE,TRADE,1871.11,0.0096
2026-08-03 23:40:11,ETHUSDT,BINANCE,TRADE,1871.11,0.0241
2026-08-03 23:40:11,ETHUSDT,BINANCE,TRADE,1871.11,0.0054
2026-08-03 23:40:11,ETHUSDT,BINANCE,TRADE,1871.11,0.0027
2026-08-03 23:40:11,ETHUSDT,BINANCE,TRADE,1871.11,0.0027
2026-08-03 23:40:11,ETHUSDT,BINANCE,TRADE,1871.11,0.089
2026-08-03 23:40:11,ETHUSDT,BINANCE,TRADE,1871.11,0.0032
2026-08-03 23:40:11,ETHUSDT,BINANCE,TRADE,1871.11,1.8939
2026-08-03 23:40:11,ETHUSDT,BINANCE,TRADE,1871.11,0.0027
2026-08-03 23:40:11,ETHUSDT,BINANCE,TRADE,1871.11,0.0028
2026-08-03 23:40:11,ETHUSDT,BINANCE,TRADE,1871.11,0.0029
2026-08-03 23:40:11,ETHUSDT,BINANCE,TRADE,1871.12,0.0027
2026-08-03 23:40:11,ETHUSDT,BINANCE,TRADE,1871.12,10.7001
2026-08-03 23:40:11,ETHUSDT,BINANCE,TRADE,1871.12,0.0254
2026-08-03 23:40:11,ETHUSDT,BINANCE,TRADE,1871.12,0.0054
2026-08-03 23:40:11,ETHUSDT,BINANCE,TRADE,1871.12,0.0028
2026-08-03 23:40:11,ETHUSDT,BINANCE,TRADE,1871.12,0.0027
2026-08-03 23:40:11,ETHUSDT,BINANCE,TRADE,1871.12,0.0027
2026-08-03 23:40:11,ETHUSDT,BINANCE,TRADE,1871.12,0.0027
2026-08-03 23:40:11,ETHUSDT,BINANCE,TRADE,1871.12,0.0027
2026-08-03 23:40:11,ETHUSDT,BINANCE,TRADE,1871.13,0.0027
2026-08-03 23:40:11,ETHUSDT,BINANCE,TRADE,1871.13,0.0028
2026-08-03 23:40:11,ETHUSDT,BINANCE,TRADE,1871.13,0.0054
2026-08-03 23:40:11,ETHUSDT,BINANCE,TRADE,1871.13,0.0027
2026-08-03 23:40:11,ETHUSDT,BINANCE,TRADE,1871.15,0.0027
2026-08-03 23:40:11,ETHUSDT,BINANCE,TRADE,1871.15,0.0027
2026-08-03 23:40:11,ETHUSDT,BINANCE,TRADE,1871.15,0.0027
2026-08-03 23:40:11,ETHUSDT,BINANCE,TRADE,1871.15,0.0027
2026-08-03 23:40:11,ETHUSDT,BINANCE,TRADE,1871.15,0.0027
2026-08-03 23:40:11,ETHUSDT,BINANCE,TRADE,1871.15,0.0027
2026-08-03 23:40:11,ETHUSDT,BINANCE,TRADE,1871.15,0.0027
2026-08-03 23:40:11,ETHUSDT,BINANCE,TRADE,1871.15,0.0027
2026-08-03 23:40:11,ETHUSDT,BINANCE,TRADE,1871.15,0.0027
2026-08-03 23:40:11,ETHUSDT,BINANCE,TRADE,1871.15,0.0027
2026-08-03 23:40:11,ETHUSDT,BINANCE,TRADE,1871.16,0.0029
2026-08-03 23:40:11,ETHUSDT,BINANCE,TRADE,1871.16,0.0029
2026-08-03 23:40:11,ETHUSDT,BINANCE,TRADE,1871.16,0.0029
2026-08-03 23:40:11,ETHUSDT,BINANCE,TRADE,1871.17,0.214
2026-08-03 23:40:11,ETHUSDT,BINANCE,TRADE,1871.17,0.0201
2026-08-03 23:40:11,ETHUSDT,BINANCE,TRADE,1871.17,0.0027
2026-08-03 23:40:11,ETHUSDT,BINANCE,TRADE,1871.17,0.4
2026-08-03 23:40:11,ETHUSDT,BINANCE,TRADE,1871.17,0.0029
2026-08-03 23:40:11,ETHUSDT,BINANCE,TRADE,1871.17,0.0029
2026-08-03 23:40:11,ETHUSDT,BINANCE,TRADE,1871.17,0.0027
2026-08-03 23:40:11,ETHUSDT,BINANCE,TRADE,1871.17,0.0027
2026-08-03 23:40:11,ETHUSDT,BINANCE,TRADE,1871.17,0.0029
2026-08-03 23:40:11,ETHUSDT,BINANCE,TRADE,1871.17,0.0027
2026-08-03 23:40:11,ETHUSDT,BINANCE,TRADE,1871.17,0.0027
2026-08-03 23:40:11,ETHUSDT,BINANCE,TRADE,1871.17,0.0027
2026-08-03 23:40:11,ETHUSDT,BINANCE,TRADE,1871.17,0.0027
2026-08-03 23:40:11,ETHUSDT,BINANCE,TRADE,1871.18,0.0029
2026-08-03 23:40:11,ETHUSDT,BINANCE,TRADE,1871.18,0.0029
2026-08-03 23:40:11,ETHUSDT,BINANCE,TRADE,1871.18,1.4892
2026-08-03 23:40:11,ETHUSDT,BINANCE,TRADE,1871.18,0.5347
2026-08-03 23:40:11,ETHUSDT,BINANCE,TRADE,1871.18,0.0029
2026-08-03 23:40:11,ETHUSDT,BINANCE,TRADE,1871.19,0.0027
2026-08-03 23:40:11,ETHUSDT,BINANCE,TRADE,1871.19,6.7689
2026-08-03 23:40:11,ETHUSDT,BINANCE,TRADE,1871.19,0.0027
2026-08-03 23:40:11,ETHUSDT,BINANCE,TRADE,1871.19,0.0033
2026-08-03 23:40:11,ETHUSDT,BINANCE,TRADE,1871.19,0.0027
2026-08-03 23:40:11,ETHUSDT,BINANCE,TRADE,1871.19,2.414
2026-08-03 23:40:11,ETHUSDT,BINANCE,TRADE,1871.19,0.0027
2026-08-03 23:40:11,ETHUSDT,BINANCE,TRADE,1871.19,0.0027
2026-08-03 23:40:11,ETHUSDT,BINANCE,TRADE,1871.19,0.0027
2026-08-03 23:40:11,ETHUSDT,BINANCE,TRADE,1871.19,0.0027
2026-08-03 23:40:11,ETHUSDT,BINANCE,TRADE,1871.2,0.05
2026-08-03 23:40:11,ETHUSDT,BINANCE,TRADE,1871.2,0.0027
2026-08-03 23:40:11,ETHUSDT,BINANCE,TRADE,1871.2,0.0027
2026-08-03 23:40:11,ETHUSDT,BINANCE,TRADE,1871.2,0.0028
2026-08-03 23:40:11,ETHUSDT,BINANCE,TRADE,1871.2,0.027
2026-08-03 23:40:11,ETHUSDT,BINANCE,TRADE,1871.2,0.0027
2026-08-03 23:40:11,ETHUSDT,BINANCE,TRADE,1871.2,0.0027
2026-08-03 23:40:11,ETHUSDT,BINANCE,TRADE,1871.21,0.003
2026-08-03 23:40:11,ETHUSDT,BINANCE,TRADE,1871.21,0.01
2026-08-03 23:40:11,ETHUSDT,BINANCE,TRADE,1871.21,0.5317
2026-08-03 23:40:11,ETHUSDT,BINANCE,TRADE,1871.23,0.0027
2026-08-03 23:40:11,ETHUSDT,BINANCE,TRADE,1871.23,0.0027
2026-08-03 23:40:11,ETHUSDT,BINANCE,TRADE,1871.23,0.0027
2026-08-03 23:40:11,ETHUSDT,BINANCE,TRADE,1871.24,0.0027
2026-08-03 23:40:11,ETHUSDT,BINANCE,TRADE,1871.24,0.0027
2026-08-03 23:40:11,ETHUSDT,BINANCE,TRADE,1871.24,0.0027
2026-08-03 23:40:11,ETHUSDT,BINANCE,TRADE,1871.24,0.0027
2026-08-03 23:40:11,ETHUSDT,BINANCE,TRADE,1871.24,0.0027
2026-08-03 23:40:11,ETHUSDT,BINANCE,TRADE,1871.25,0.011
2026-08-03 23:40:11,ETHUSDT,BINANCE,TRADE,1871.25,0.0027
2026-08-03 23:40:11,ETHUSDT,BINANCE,TRADE,1871.25,0.0027
2026-08-03 23:40:11,ETHUSDT,BINANCE,TRADE,1871.25,0.0027
2026-08-03 23:40:11,ETHUSDT,BINANCE,TRADE,1871.25,0.0027
2026-08-03 23:40:11,ETHUSDT,BINANCE,TRADE,1871.26,0.0027
2026-08-03 23:40:11,ETHUSDT,BINANCE,TRADE,1871.27,0.0027
2026-08-03 23:40:11,ETHUSDT,BINANCE,TRADE,1871.27,0.1
2026-08-03 23:40:11,ETHUSDT,BINANCE,TRADE,1871.27,0.9617
2026-08-03 23:40:11,ETHUSDT,BINANCE,TRADE,1871.27,0.0029
2026-08-03 23:40:11,ETHUSDT,BINANCE,TRADE,1871.27,0.0027
2026-08-03 23:40:11,ETHUSDT,BINANCE,TRADE,1871.28,0.0027
2026-08-03 23:40:11,ETHUSDT,BINANCE,TRADE,1871.28,0.0033
2026-08-03 23:40:11,ETHUSDT,BINANCE,TRADE,1871.28,0.0041
2026-08-03 23:40:11,ETHUSDT,BINANCE,TRADE,1871.28,0.0027
2026-08-03 23:40:11,ETHUSDT,BINANCE,TRADE,1871.28,0.0345
2026-08-03 23:40:11,ETHUSDT,BINANCE,TRADE,1871.28,0.0027
2026-08-03 23:40:11,ETHUSDT,BINANCE,TRADE,1871.28,0.5
2026-08-03 23:40:11,ETHUSDT,BINANCE,TRADE,1871.28,2.6719
2026-08-03 23:40:11,ETHUSDT,BINANCE,TRADE,1871.28,0.0027
2026-08-03 23:40:11,ETHUSDT,BINANCE,TRADE,1871.29,0.008
2026-08-03 23:40:11,ETHUSDT,BINANCE,TRADE,1871.29,0.0027
2026-08-03 23:40:11,ETHUSDT,BINANCE,TRADE,1871.29,0.0027
2026-08-03 23:40:11,ETHUSDT,BINANCE,TRADE,1871.29,3.5803
2026-08-03 23:40:11,ETHUSDT,BINANCE,TRADE,1871.29,0.0027
2026-08-03 23:40:11,ETHUSDT,BINANCE,TRADE,1871.29,0.0027
2026-08-03 23:40:11,ETHUSDT,BINANCE,TRADE,1871.29,0.0027
2026-08-03 23:40:11,ETHUSDT,BINANCE,TRADE,1871.29,0.0027
2026-08-03 23:40:11,ETHUSDT,BINANCE,TRADE,1871.29,0.0027
2026-08-03 23:40:11,ETHUSDT,BINANCE,TRADE,1871.3,0.0027
2026-08-03 23:40:11,ETHUSDT,BINANCE,TRADE,1871.3,0.8
2026-08-03 23:40:11,ETHUSDT,BINANCE,TRADE,1871.3,0.2
2026-08-03 23:40:11,ETHUSDT,BINANCE,TRADE,1871.3,0.4
2026-08-03 23:40:11,ETHUSDT,BINANCE,TRADE,1871.3,0.8
2026-08-03 23:40:11,ETHUSDT,BINANCE,TRADE,1871.3,0.1
2026-08-03 23:40:11,ETHUSDT,BINANCE,TRADE,1871.3,0.0028
2026-08-03 23:40:11,ETHUSDT,BINANCE,TRADE,1871.31,0.0027
2026-08-03 23:40:11,ETHUSDT,BINANCE,TRADE,1871.31,0.0027
2026-08-03 23:40:11,ETHUSDT,BINANCE,TRADE,1871.31,0.7696
2026-08-03 23:40:11,ETHUSDT,BINANCE,TRADE,1871.31,0.0027
2026-08-03 23:40:11,ETHUSDT,BINANCE,TRADE,1871.31,0.0027
2026-08-03 23:40:11,ETHUSDT,BINANCE,TRADE,1871.32,0.003
2026-08-03 23:40:11,ETHUSDT,BINANCE,TRADE,1871.32,0.5306
2026-08-03 23:40:11,ETHUSDT,BINANCE,TRADE,1871.33,0.003
2026-08-03 23:40:11,ETHUSDT,BINANCE,TRADE,1871.33,0.0027
2026-08-03 23:40:11,ETHUSDT,BINANCE,TRADE,1871.33,0.0027
2026-08-03 23:40:11,ETHUSDT,BINANCE,TRADE,1871.33,0.0027
2026-08-03 23:40:11,ETHUSDT,BINANCE,TRADE,1871.34,0.0027
2026-08-03 23:40:11,ETHUSDT,BINANCE,TRADE,1871.34,0.0027
2026-08-03 23:40:11,ETHUSDT,BINANCE,TRADE,1871.34,0.0027
2026-08-03 23:40:11,ETHUSDT,BINANCE,TRADE,1871.35,0.2675
2026-08-03 23:40:11,ETHUSDT,BINANCE,TRADE,1871.36,2.3625
2026-08-03 23:40:11,ETHUSDT,BINANCE,TRADE,1871.36,0.0345
2026-08-03 23:40:11,ETHUSDT,BINANCE,TRADE,1871.36,0.0027
2026-08-03 23:40:11,ETHUSDT,BINANCE,TRADE,1871.36,0.0027
2026-08-03 23:40:11,ETHUSDT,BINANCE,TRADE,1871.36,0.0027
2026-08-03 23:40:11,ETHUSDT,BINANCE,TRADE,1871.36,0.0027
2026-08-03 23:40:11,ETHUSDT,BINANCE,TRADE,1871.36,0.0027
2026-08-03 23:40:11,ETHUSDT,BINANCE,TRADE,1871.37,0.0027
2026-08-03 23:40:11,ETHUSDT,BINANCE,TRADE,1871.37,0.0027
2026-08-03 23:40:11,ETHUSDT,BINANCE,TRADE,1871.37,0.0033
2026-08-03 23:40:11,ETHUSDT,BINANCE,TRADE,1871.37,0.0027
2026-08-03 23:40:11,ETHUSDT,BINANCE,TRADE,1871.37,0.0027
2026-08-03 23:40:11,ETHUSDT,BINANCE,TRADE,1871.37,0.42
2026-08-03 23:40:11,ETHUSDT,BINANCE,TRADE,1871.37,0.392
2026-08-03 23:40:11,ETHUSDT,BINANCE,TRADE,1871.37,4.8099
2026-08-03 23:40:11,ETHUSDT,BINANCE,TRADE,1871.37,0.1
2026-08-03 23:40:11,ETHUSDT,BINANCE,TRADE,1871.37,0.1
2026-08-03 23:40:11,ETHUSDT,BINANCE,TRADE,1871.37,0.1
2026-08-03 23:40:11,ETHUSDT,BINANCE,TRADE,1871.37,0.1
2026-08-03 23:40:11,ETHUSDT,BINANCE,TRADE,1871.37,0.1
2026-08-03 23:40:11,ETHUSDT,BINANCE,TRADE,1871.37,0.1
2026-08-03 23:40:11,ETHUSDT,BINANCE,TRADE,1871.37,0.1
2026-08-03 23:40:11,ETHUSDT,BINANCE,TRADE,1871.37,0.1
2026-08-03 23:40:11,ETHUSDT,BINANCE,TRADE,1871.37,0.0027
2026-08-03 23:40:11,ETHUSDT,BINANCE,TRADE,1871.37,0.0027
2026-08-03 23:40:11,ETHUSDT,BINANCE,TRADE,1871.37,0.0027
2026-08-03 23:40:11,ETHUSDT,BINANCE,TRADE,1871.37,0.0027
2026-08-03 23:40:11,ETHUSDT,BINANCE,TRADE,1871.37,0.0027
2026-08-03 23:40:11,ETHUSDT,BINANCE,TRADE,1871.38,0.008
2026-08-03 23:40:11,ETHUSDT,BINANCE,TRADE,1871.38,6.6335
2026-08-03 23:40:11,ETHUSDT,BINANCE,TRADE,1871.38,1.7927
2026-08-03 23:40:11,ETHUSDT,BINANCE,TRADE,1871.38,0.587
2026-08-03 23:40:11,ETHUSDT,BINANCE,TRADE,1871.39,0.0027
2026-08-03 23:40:11,ETHUSDT,BINANCE,TRADE,1871.39,6.6142
2026-08-03 23:40:11,BTCUSDT,BINANCE,TRADE,63910,0.00586
2026-08-03 23:40:11,BTCUSDT,BINANCE,TRADE,63910,0.01171
2026-08-03 23:40:11,BTCUSDT,BINANCE,TRADE,63910,0.02342
2026-08-03 23:40:11,ETHUSDT,BINANCE,TRADE,1871.39,0.0027
2026-08-03 23:40:11,ETHUSDT,BINANCE,TRADE,1871.39,0.0003
2026-08-03 23:40:11,BTCUSDT,BINANCE,TRADE,63910,0.03056
2026-08-03 23:40:11,BTCUSDT,BINANCE,TRADE,63910,0.0035
2026-08-03 23:40:11,BTCUSDT,BINANCE,TRADE,63910,0.06111
2026-08-03 23:40:11,BTCUSDT,BINANCE,TRADE,63910,8e-05
2026-08-03 23:40:11,BTCUSDT,BINANCE,TRADE,63910,9e-05
2026-08-03 23:40:11,BTCUSDT,BINANCE,TRADE,63910,9e-05
2026-08-03 23:40:11,BTCUSDT,BINANCE,TRADE,63910,8e-05
2026-08-03 23:40:11,BTCUSDT,BINANCE,TRADE,63910,8e-05
2026-08-03 23:40:11,BTCUSDT,BINANCE,TRADE,63910,0.00016
2026-08-03 23:40:11,BTCUSDT,BINANCE,TRADE,63910,9e-05
2026-08-03 23:40:11,BTCUSDT,BINANCE,TRADE,63910,0.00782
2026-08-03 23:40:11,BTCUSDT,BINANCE,TRADE,63910,9e-05
2026-08-03 23:40:11,BTCUSDT,BINANCE,TRADE,63910,9e-05
2026-08-03 23:40:11,BTCUSDT,BINANCE,TRADE,63910,8e-05
2026-08-03 23:40:11,BTCUSDT,BINANCE,TRADE,63910,9e-05
2026-08-03 23:40:11,BTCUSDT,BINANCE,TRADE,63910,8e-05
2026-08-03 23:40:11,BTCUSDT,BINANCE,TRADE,63910,0.007
2026-08-03 23:40:11,BTCUSDT,BINANCE,TRADE,63910,0.007
2026-08-03 23:40:11,BTCUSDT,BINANCE,TRADE,63910,8e-05
2026-08-03 23:40:11,BTCUSDT,BINANCE,TRADE,63910,0.0026
2026-08-03 23:40:11,BTCUSDT,BINANCE,TRADE,63910,9e-05
2026-08-03 23:40:11,BTCUSDT,BINANCE,TRADE,63910,9e-05
2026-08-03 23:40:11,BTCUSDT,BINANCE,TRADE,63910,9e-05
2026-08-03 23:40:11,BTCUSDT,BINANCE,TRADE,63910,9e-05
2026-08-03 23:40:11,BTCUSDT,BINANCE,TRADE,63910,9e-05
2026-08-03 23:40:11,BTCUSDT,BINANCE,TRADE,63910,0.00012
2026-08-03 23:40:11,BTCUSDT,BINANCE,TRADE,63910,9e-05
2026-08-03 23:40:11,BTCUSDT,BINANCE,TRADE,63910,8e-05
2026-08-03 23:40:11,BTCUSDT,BINANCE,TRADE,63910,8e-05
2026-08-03 23:40:11,BTCUSDT,BINANCE,TRADE,63910,8e-05
2026-08-03 23:40:11,BTCUSDT,BINANCE,TRADE,63910,8e-05
2026-08-03 23:40:11,BTCUSDT,BINANCE,TRADE,63910,8e-05
2026-08-03 23:40:11,BTCUSDT,BINANCE,TRADE,63910,8e-05
2026-08-03 23:40:11,BTCUSDT,BINANCE,TRADE,63910,8e-05
2026-08-03 23:40:11,BTCUSDT,BINANCE,TRADE,63910,8e-05
2026-08-03 23:40:11,BTCUSDT,BINANCE,TRADE,63910,8e-05
2026-08-03 23:40:11,BTCUSDT,BINANCE,TRADE,63910,8e-05
2026-08-03 23:40:11,BTCUSDT,BINANCE,TRADE,63910,4e-05
2026-08-03 23:40:11,BTCUSDT,BINANCE,TRADE,63910,9e-05
2026-08-03 23:40:11,BTCUSDT,BINANCE,TRADE,63910,9e-05
2026-08-03 23:40:11,BTCUSDT,BINANCE,TRADE,63910,0.00016
2026-08-03 23:40:11,BTCUSDT,BINANCE,TRADE,63910,9e-05
2026-08-03 23:40:11,BTCUSDT,BINANCE,TRADE,63910,9e-05
2026-08-03 23:40:11,BTCUSDT,BINANCE,TRADE,63910,9e-05
2026-08-03 23:40:11,BTCUSDT,BINANCE,TRADE,63910,9e-05
2026-08-03 23:40:11,BTCUSDT,BINANCE,TRADE,63910,9e-05
2026-08-03 23:40:11,BTCUSDT,BINANCE,TRADE,63910,0.00016
2026-08-03 23:40:11,BTCUSDT,BINANCE,TRADE,63910.3,8e-05
2026-08-03 23:40:11,BTCUSDT,BINANCE,TRADE,63910.3,8e-05
2026-08-03 23:40:11,BTCUSDT,BINANCE,TRADE,63910.6,8e-05
2026-08-03 23:40:11,BTCUSDT,BINANCE,TRADE,63910.6,8e-05
2026-08-03 23:40:11,BTCUSDT,BINANCE,TRADE,63910.6,8e-05
2026-08-03 23:40:11,BTCUSDT,BINANCE,TRADE,63910.6,8e-05
2026-08-03 23:40:11,BTCUSDT,BINANCE,TRADE,63910.6,8e-05
2026-08-03 23:40:11,BTCUSDT,BINANCE,TRADE,63910.9,8e-05
2026-08-03 23:40:11,BTCUSDT,BINANCE,TRADE,63910.9,8e-05
2026-08-03 23:40:11,BTCUSDT,BINANCE,TRADE,63911.5,8e-05
2026-08-03 23:40:11,BTCUSDT,BINANCE,TRADE,63911.7,8e-05
2026-08-03 23:40:11,BTCUSDT,BINANCE,TRADE,63911.7,8e-05
2026-08-03 23:40:11,BTCUSDT,BINANCE,TRADE,63911.7,8e-05
2026-08-03 23:40:11,BTCUSDT,BINANCE,TRADE,63911.7,8e-05
2026-08-03 23:40:11,BTCUSDT,BINANCE,TRADE,63911.7,8e-05
2026-08-03 23:40:11,BTCUSDT,BINANCE,TRADE,63912,9e-05
2026-08-03 23:40:11,BTCUSDT,BINANCE,TRADE,63912,9e-05
2026-08-03 23:40:11,BTCUSDT,BINANCE,TRADE,63912,8e-05
2026-08-03 23:40:11,BTCUSDT,BINANCE,TRADE,63912,9e-05
2026-08-03 23:40:11,BTCUSDT,BINANCE,TRADE,63912,8e-05
2026-08-03 23:40:11,BTCUSDT,BINANCE,TRADE,63912,0.006
2026-08-03 23:40:11,BTCUSDT,BINANCE,TRADE,63912,0.008
2026-08-03 23:40:11,BTCUSDT,BINANCE,TRADE,63912,0.005
2026-08-03 23:40:11,BTCUSDT,BINANCE,TRADE,63912,0.002
2026-08-03 23:40:11,BTCUSDT,BINANCE,TRADE,63912,9e-05
2026-08-03 23:40:11,BTCUSDT,BINANCE,TRADE,63912,9e-05
2026-08-03 23:40:11,BTCUSDT,BINANCE,TRADE,63912,8e-05
2026-08-03 23:40:11,BTCUSDT,BINANCE,TRADE,63912,8e-05
2026-08-03 23:40:11,BTCUSDT,BINANCE,TRADE,63912,8e-05
2026-08-03 23:40:11,BTCUSDT,BINANCE,TRADE,63912,8e-05
2026-08-03 23:40:11,BTCUSDT,BINANCE,TRADE,63912,8e-05
2026-08-03 23:40:11,BTCUSDT,BINANCE,TRADE,63912.1,8e-05
2026-08-03 23:40:11,BTCUSDT,BINANCE,TRADE,63913.3,9e-05
2026-08-03 23:40:11,BTCUSDT,BINANCE,TRADE,63913.3,9e-05
2026-08-03 23:40:11,BTCUSDT,BINANCE,TRADE,63913.3,9e-05
2026-08-03 23:40:11,BTCUSDT,BINANCE,TRADE,63913.4,0.01521
2026-08-03 23:40:11,BTCUSDT,BINANCE,TRADE,63913.4,5e-05
2026-08-03 23:40:11,BTCUSDT,BINANCE,TRADE,63913.4,4e-05
2026-08-03 23:40:11,BTCUSDT,BINANCE,TRADE,63913.4,9e-05
2026-08-03 23:40:11,BTCUSDT,BINANCE,TRADE,63913.4,8e-05
2026-08-03 23:40:11,BTCUSDT,BINANCE,TRADE,63913.4,9e-05
2026-08-03 23:40:11,BTCUSDT,BINANCE,TRADE,63913.4,8e-05
2026-08-03 23:40:11,BTCUSDT,BINANCE,TRADE,63913.4,9e-05
2026-08-03 23:40:11,BTCUSDT,BINANCE,TRADE,63913.4,0.4132
2026-08-03 23:40:11,BTCUSDT,BINANCE,TRADE,63913.4,8e-05
2026-08-03 23:40:11,BTCUSDT,BINANCE,TRADE,63913.4,9e-05
2026-08-03 23:40:11,BTCUSDT,BINANCE,TRADE,63913.4,9e-05
2026-08-03 23:40:11,BTCUSDT,BINANCE,TRADE,63913.5,8e-05
2026-08-03 23:40:11,BTCUSDT,BINANCE,TRADE,63914,9e-05
2026-08-03 23:40:11,BTCUSDT,BINANCE,TRADE,63914,9e-05
2026-08-03 23:40:11,BTCUSDT,BINANCE,TRADE,63914,9e-05
2026-08-03 23:40:11,SOLUSDT,BINANCE,TRADE,73.97,0.135
2026-08-03 23:40:11,BTCUSDT,BINANCE,TRADE,63914,8e-05
2026-08-03 23:40:11,BTCUSDT,BINANCE,TRADE,63914,0.006
2026-08-03 23:40:11,BTCUSDT,BINANCE,TRADE,63914,0.00065
2026-08-03 23:40:11,BTCUSDT,BINANCE,TRADE,63914,0.00735
2026-08-03 23:40:11,BTCUSDT,BINANCE,TRADE,63914,0.005
2026-08-03 23:40:11,BTCUSDT,BINANCE,TRADE,63914,0.002
2026-08-03 23:40:11,BTCUSDT,BINANCE,TRADE,63914,9e-05
2026-08-03 23:40:11,BTCUSDT,BINANCE,TRADE,63914,9e-05
2026-08-03 23:40:11,BTCUSDT,BINANCE,TRADE,63914,8e-05
2026-08-03 23:40:11,BTCUSDT,BINANCE,TRADE,63914,9e-05
2026-08-03 23:40:11,BTCUSDT,BINANCE,TRADE,63914,9e-05
2026-08-03 23:40:11,BTCUSDT,BINANCE,TRADE,63914,0.00721
2026-08-03 23:40:11,SOLUSDT,BINANCE,TRADE,73.98,35.973
2026-08-03 23:40:11,SOLUSDT,BINANCE,TRADE,73.98,0.278
2026-08-03 23:40:11,SOLUSDT,BINANCE,TRADE,73.98,0.068
2026-08-03 23:40:11,SOLUSDT,BINANCE,TRADE,73.98,0.073
2026-08-03 23:40:11,SOLUSDT,BINANCE,TRADE,73.98,0.073
2026-08-03 23:40:11,SOLUSDT,BINANCE,TRADE,73.98,0.069
2026-08-03 23:40:11,SOLUSDT,BINANCE,TRADE,73.98,0.082
2026-08-03 23:40:11,SOLUSDT,BINANCE,TRADE,73.98,0.102
2026-08-03 23:40:11,SOLUSDT,BINANCE,TRADE,73.98,227.196
2026-08-03 23:40:11,SOLUSDT,BINANCE,TRADE,73.98,13.774
2026-08-03 23:40:11,SOLUSDT,BINANCE,TRADE,73.98,0.075
2026-08-03 23:40:11,SOLUSDT,BINANCE,TRADE,73.98,0.136
2026-08-03 23:40:11,SOLUSDT,BINANCE,TRADE,73.98,0.071
2026-08-03 23:40:11,SOLUSDT,BINANCE,TRADE,73.98,0.071
2026-08-03 23:40:11,SOLUSDT,BINANCE,TRADE,73.98,18.452
2026-08-03 23:40:11,SOLUSDT,BINANCE,TRADE,73.98,0.073
2026-08-03 23:40:11,SOLUSDT,BINANCE,TRADE,73.98,0.073
2026-08-03 23:40:11,SOLUSDT,BINANCE,TRADE,73.98,0.073
2026-08-03 23:40:11,SOLUSDT,BINANCE,TRADE,73.98,0.073
2026-08-03 23:40:11,SOLUSDT,BINANCE,TRADE,73.98,0.073
2026-08-03 23:40:11,SOLUSDT,BINANCE,TRADE,73.98,0.073
2026-08-03 23:40:11,SOLUSDT,BINANCE,TRADE,73.98,0.14
2026-08-03 23:40:11,SOLUSDT,BINANCE,TRADE,73.98,0.21
2026-08-03 23:40:11,SOLUSDT,BINANCE,TRADE,73.98,0.14
2026-08-03 23:40:11,SOLUSDT,BINANCE,TRADE,73.98,0.14
2026-08-03 23:40:11,SOLUSDT,BINANCE,TRADE,73.98,0.14
2026-08-03 23:40:11,SOLUSDT,BINANCE,TRADE,73.98,0.14
2026-08-03 23:40:11,SOLUSDT,BINANCE,TRADE,73.98,0.21
2026-08-03 23:40:11,SOLUSDT,BINANCE,TRADE,73.98,0.14
2026-08-03 23:40:11,SOLUSDT,BINANCE,TRADE,73.98,16.1
2026-08-03 23:40:11,SOLUSDT,BINANCE,TRADE,73.98,0.668
2026-08-03 23:40:11,SOLUSDT,BINANCE,TRADE,73.98,0.138
2026-08-03 23:40:11,SOLUSDT,BINANCE,TRADE,73.98,0.541
2026-08-03 23:40:11,SOLUSDT,BINANCE,TRADE,73.98,0.071
2026-08-03 23:40:11,SOLUSDT,BINANCE,TRADE,73.98,0.073
2026-08-03 23:40:11,SOLUSDT,BINANCE,TRADE,73.98,0.073
2026-08-03 23:40:11,BTCUSDT,BINANCE,TRADE,63914,9e-05
2026-08-03 23:40:11,BTCUSDT,BINANCE,TRADE,63914,9e-05
2026-08-03 23:40:11,BTCUSDT,BINANCE,TRADE,63914,9e-05
2026-08-03 23:40:11,BTCUSDT,BINANCE,TRADE,63914,9e-05
2026-08-03 23:40:11,BTCUSDT,BINANCE,TRADE,63914,9e-05
2026-08-03 23:40:11,BTCUSDT,BINANCE,TRADE,63914,9e-05
2026-08-03 23:40:11,BTCUSDT,BINANCE,TRADE,63914,9e-05
2026-08-03 23:40:11,BTCUSDT,BINANCE,TRADE,63914,8e-05
2026-08-03 23:40:11,BTCUSDT,BINANCE,TRADE,63914,9e-05
2026-08-03 23:40:11,BTCUSDT,BINANCE,TRADE,63914,9e-05
2026-08-03 23:40:11,BTCUSDT,BINANCE,TRADE,63914,9e-05
2026-08-03 23:40:11,BTCUSDT,BINANCE,TRADE,63914,8e-05
2026-08-03 23:40:11,BTCUSDT,BINANCE,TRADE,63914,9e-05
2026-08-03 23:40:11,BTCUSDT,BINANCE,TRADE,63914,9e-05
2026-08-03 23:40:11,BTCUSDT,BINANCE,TRADE,63914,9e-05
2026-08-03 23:40:11,BTCUSDT,BINANCE,TRADE,63914,8e-05
2026-08-03 23:40:11,BTCUSDT,BINANCE,TRADE,63914,9e-05
2026-08-03 23:40:11,BTCUSDT,BINANCE,TRADE,63914,9e-05
2026-08-03 23:40:11,BTCUSDT,BINANCE,TRADE,63914,9e-05
2026-08-03 23:40:11,BTCUSDT,BINANCE,TRADE,63914,9e-05
2026-08-03 23:40:11,BTCUSDT,BINANCE,TRADE,63914,0.00497
2026-08-03 23:40:11,BTCUSDT,BINANCE,TRADE,63914,9e-05
2026-08-03 23:40:11,BTCUSDT,BINANCE,TRADE,63914,9e-05
2026-08-03 23:40:11,BTCUSDT,BINANCE,TRADE,63914,9e-05
2026-08-03 23:40:11,BTCUSDT,BINANCE,TRADE,63914,9e-05
2026-08-03 23:40:11,BTCUSDT,BINANCE,TRADE,63914,9e-05
2026-08-03 23:40:11,BTCUSDT,BINANCE,TRADE,63914,9e-05
2026-08-03 23:40:11,BTCUSDT,BINANCE,TRADE,63914,9e-05
2026-08-03 23:40:11,BTCUSDT,BINANCE,TRADE,63914,9e-05
2026-08-03 23:40:11,BTCUSDT,BINANCE,TRADE,63914,9e-05
2026-08-03 23:40:11,BTCUSDT,BINANCE,TRADE,63914,9e-05
2026-08-03 23:40:11,BTCUSDT,BINANCE,TRADE,63914.3,9e-05
2026-08-03 23:40:11,BTCUSDT,BINANCE,TRADE,63914.3,9e-05
2026-08-03 23:40:11,BTCUSDT,BINANCE,TRADE,63914.3,9e-05
2026-08-03 23:40:11,BTCUSDT,BINANCE,TRADE,63914.3,8e-05
2026-08-03 23:40:11,BTCUSDT,BINANCE,TRADE,63914.3,8e-05
2026-08-03 23:40:11,BTCUSDT,BINANCE,TRADE,63914.3,9e-05
2026-08-03 23:40:11,BTCUSDT,BINANCE,TRADE,63914.3,9e-05
2026-08-03 23:40:11,BTCUSDT,BINANCE,TRADE,63914.3,8e-05
2026-08-03 23:40:11,BTCUSDT,BINANCE,TRADE,63914.3,8e-05
2026-08-03 23:40:11,BTCUSDT,BINANCE,TRADE,63914.3,8e-05
2026-08-03 23:40:11,BTCUSDT,BINANCE,TRADE,63914.3,8e-05
2026-08-03 23:40:11,BTCUSDT,BINANCE,TRADE,63914.3,8e-05
2026-08-03 23:40:11,BTCUSDT,BINANCE,TRADE,63914.3,8e-05
2026-08-03 23:40:11,BTCUSDT,BINANCE,TRADE,63914.3,8e-05
2026-08-03 23:40:11,BTCUSDT,BINANCE,TRADE,63914.3,8e-05
2026-08-03 23:40:11,BTCUSDT,BINANCE,TRADE,63914.8,9e-05
2026-08-03 23:40:11,BTCUSDT,BINANCE,TRADE,63914.8,8e-05
2026-08-03 23:40:11,BTCUSDT,BINANCE,TRADE,63914.8,9e-05
2026-08-03 23:40:11,BTCUSDT,BINANCE,TRADE,63914.8,9e-05
2026-08-03 23:40:11,BTCUSDT,BINANCE,TRADE,63914.8,9e-05
2026-08-03 23:40:11,BTCUSDT,BINANCE,TRADE,63914.8,9e-05
2026-08-03 23:40:11,BTCUSDT,BINANCE,TRADE,63914.8,9e-05
2026-08-03 23:40:11,BTCUSDT,BINANCE,TRADE,63914.8,9e-05
2026-08-03 23:40:11,BTCUSDT,BINANCE,TRADE,63914.8,9e-05
2026-08-03 23:40:11,BTCUSDT,BINANCE,TRADE,63914.8,8e-05
2026-08-03 23:40:11,BTCUSDT,BINANCE,TRADE,63914.8,9e-05
2026-08-03 23:40:11,BTCUSDT,BINANCE,TRADE,63914.8,9e-05
2026-08-03 23:40:11,BTCUSDT,BINANCE,TRADE,63914.8,9e-05
2026-08-03 23:40:11,BTCUSDT,BINANCE,TRADE,63914.8,9e-05
2026-08-03 23:40:11,BTCUSDT,BINANCE,TRADE,63914.8,9e-05
2026-08-03 23:40:11,BTCUSDT,BINANCE,TRADE,63915.6,0.00024
2026-08-03 23:40:11,BTCUSDT,BINANCE,TRADE,63915.8,8e-05
2026-08-03 23:40:11,BTCUSDT,BINANCE,TRADE,63915.8,8e-05
2026-08-03 23:40:11,BTCUSDT,BINANCE,TRADE,63915.9,9e-05
2026-08-03 23:40:11,BTCUSDT,BINANCE,TRADE,63915.9,9e-05
2026-08-03 23:40:11,BTCUSDT,BINANCE,TRADE,63916,9e-05
2026-08-03 23:40:11,BTCUSDT,BINANCE,TRADE,63916,9e-05
2026-08-03 23:40:11,BTCUSDT,BINANCE,TRADE,63916,9e-05
2026-08-03 23:40:11,BTCUSDT,BINANCE,TRADE,63916,0.002
2026-08-03 23:40:11,BTCUSDT,BINANCE,TRADE,63916,0.006
2026-08-03 23:40:11,BTCUSDT,BINANCE,TRADE,63916,0.008
2026-08-03 23:40:11,BTCUSDT,BINANCE,TRADE,63916,0.00412
2026-08-03 23:40:11,SOLUSDT,BINANCE,TRADE,73.99,35.871
2026-08-03 23:40:11,SOLUSDT,BINANCE,TRADE,73.99,0.073
2026-08-03 23:40:11,SOLUSDT,BINANCE,TRADE,73.99,0.073
2026-08-03 23:40:11,SOLUSDT,BINANCE,TRADE,73.99,0.068
2026-08-03 23:40:11,SOLUSDT,BINANCE,TRADE,73.99,0.278
2026-08-03 23:40:11,SOLUSDT,BINANCE,TRADE,73.99,0.495
2026-08-03 23:40:11,SOLUSDT,BINANCE,TRADE,73.99,0.069
2026-08-03 23:40:11,SOLUSDT,BINANCE,TRADE,73.99,0.102
2026-08-03 23:40:11,SOLUSDT,BINANCE,TRADE,73.99,0.075
2026-08-03 23:40:11,SOLUSDT,BINANCE,TRADE,73.99,0.082
2026-08-03 23:40:11,SOLUSDT,BINANCE,TRADE,73.99,0.136
2026-08-03 23:40:11,SOLUSDT,BINANCE,TRADE,73.99,0.071
2026-08-03 23:40:11,SOLUSDT,BINANCE,TRADE,73.99,0.073
2026-08-03 23:40:11,SOLUSDT,BINANCE,TRADE,73.99,0.073
2026-08-03 23:40:11,SOLUSDT,BINANCE,TRADE,73.99,0.071
2026-08-03 23:40:11,SOLUSDT,BINANCE,TRADE,73.99,0.073
2026-08-03 23:40:11,SOLUSDT,BINANCE,TRADE,73.99,0.073
2026-08-03 23:40:11,SOLUSDT,BINANCE,TRADE,73.99,0.073
2026-08-03 23:40:11,SOLUSDT,BINANCE,TRADE,73.99,0.073
2026-08-03 23:40:11,SOLUSDT,BINANCE,TRADE,73.99,0.073
2026-08-03 23:40:11,SOLUSDT,BINANCE,TRADE,73.99,0.071
2026-08-03 23:40:11,SOLUSDT,BINANCE,TRADE,73.99,0.073
2026-08-03 23:40:11,BTCUSDT,BINANCE,TRADE,63916,0.00088
2026-08-03 23:40:11,BTCUSDT,BINANCE,TRADE,63916,9e-05
2026-08-03 23:40:11,BTCUSDT,BINANCE,TRADE,63916,9e-05
2026-08-03 23:40:11,BTCUSDT,BINANCE,TRADE,63916,9e-05
2026-08-03 23:40:11,BTCUSDT,BINANCE,TRADE,63916,9e-05
2026-08-03 23:40:11,BTCUSDT,BINANCE,TRADE,63916,8e-05
2026-08-03 23:40:11,BTCUSDT,BINANCE,TRADE,63916,8e-05
2026-08-03 23:40:11,BTCUSDT,BINANCE,TRADE,63916,9e-05
2026-08-03 23:40:11,BTCUSDT,BINANCE,TRADE,63916,9e-05
2026-08-03 23:40:11,BTCUSDT,BINANCE,TRADE,63916,8e-05
2026-08-03 23:40:11,BTCUSDT,BINANCE,TRADE,63916,9e-05
2026-08-03 23:40:11,BTCUSDT,BINANCE,TRADE,63916,9e-05
2026-08-03 23:40:11,BTCUSDT,BINANCE,TRADE,63916,9e-05
2026-08-03 23:40:11,BTCUSDT,BINANCE,TRADE,63916,9e-05
2026-08-03 23:40:11,BTCUSDT,BINANCE,TRADE,63916,9e-05
2026-08-03 23:40:11,BTCUSDT,BINANCE,TRADE,63916,9e-05
2026-08-03 23:40:11,BTCUSDT,BINANCE,TRADE,63916,8e-05
2026-08-03 23:40:11,BTCUSDT,BINANCE,TRADE,63916,8e-05
2026-08-03 23:40:11,BTCUSDT,BINANCE,TRADE,63916,9e-05
2026-08-03 23:40:11,BTCUSDT,BINANCE,TRADE,63916,9e-05
2026-08-03 23:40:11,BTCUSDT,BINANCE,TRADE,63916,9e-05
2026-08-03 23:40:11,BTCUSDT,BINANCE,TRADE,63916,9e-05
2026-08-03 23:40:11,BTCUSDT,BINANCE,TRADE,63916,9e-05
2026-08-03 23:40:11,BTCUSDT,BINANCE,TRADE,63916.7,8e-05
2026-08-03 23:40:11,BTCUSDT,BINANCE,TRADE,63917.2,0.00012
2026-08-03 23:40:11,BTCUSDT,BINANCE,TRADE,63917.6,0.00048
2026-08-03 23:40:11,BTCUSDT,BINANCE,TRADE,63917.7,9e-05
2026-08-03 23:40:11,BTCUSDT,BINANCE,TRADE,63917.7,9e-05
2026-08-03 23:40:11,BTCUSDT,BINANCE,TRADE,63917.7,9e-05
2026-08-03 23:40:11,BTCUSDT,BINANCE,TRADE,63917.7,0.00187
2026-08-03 23:40:11,BTCUSDT,BINANCE,TRADE,63917.7,0.01689
2026-08-03 23:40:11,BTCUSDT,BINANCE,TRADE,63917.7,9e-05
2026-08-03 23:40:11,BTCUSDT,BINANCE,TRADE,63917.7,9e-05
2026-08-03 23:40:11,BTCUSDT,BINANCE,TRADE,63917.7,0.08444
2026-08-03 23:40:11,BTCUSDT,BINANCE,TRADE,63917.7,8e-05
2026-08-03 23:40:11,BTCUSDT,BINANCE,TRADE,63917.7,9e-05
2026-08-03 23:40:11,BTCUSDT,BINANCE,TRADE,63917.7,9e-05
2026-08-03 23:40:11,BTCUSDT,BINANCE,TRADE,63917.7,0.18538
2026-08-03 23:40:11,BTCUSDT,BINANCE,TRADE,63917.7,9e-05
2026-08-03 23:40:11,BTCUSDT,BINANCE,TRADE,63917.7,8e-05
2026-08-03 23:40:11,BTCUSDT,BINANCE,TRADE,63917.7,9e-05
2026-08-03 23:40:11,BTCUSDT,BINANCE,TRADE,63917.7,8e-05
2026-08-03 23:40:11,BTCUSDT,BINANCE,TRADE,63917.7,9e-05
2026-08-03 23:40:11,BTCUSDT,BINANCE,TRADE,63917.7,9e-05
2026-08-03 23:40:11,BTCUSDT,BINANCE,TRADE,63917.7,9e-05
2026-08-03 23:40:11,BTCUSDT,BINANCE,TRADE,63917.7,9e-05
2026-08-03 23:40:11,BTCUSDT,BINANCE,TRADE,63917.7,9e-05
2026-08-03 23:40:11,BTCUSDT,BINANCE,TRADE,63917.7,9e-05
2026-08-03 23:40:11,BTCUSDT,BINANCE,TRADE,63917.7,8e-05
2026-08-03 23:40:11,BTCUSDT,BINANCE,TRADE,63917.7,9e-05
2026-08-03 23:40:11,BTCUSDT,BINANCE,TRADE,63917.7,9e-05
2026-08-03 23:40:11,BTCUSDT,BINANCE,TRADE,63917.7,9e-05
2026-08-03 23:40:11,BTCUSDT,BINANCE,TRADE,63917.7,8e-05
2026-08-03 23:40:11,BTCUSDT,BINANCE,TRADE,63917.7,8e-05
2026-08-03 23:40:11,BTCUSDT,BINANCE,TRADE,63917.7,9e-05
2026-08-03 23:40:11,BTCUSDT,BINANCE,TRADE,63917.7,9e-05
2026-08-03 23:40:11,BTCUSDT,BINANCE,TRADE,63917.7,9e-05
2026-08-03 23:40:11,BTCUSDT,BINANCE,TRADE,63917.7,9e-05
2026-08-03 23:40:11,BTCUSDT,BINANCE,TRADE,63917.7,9e-05
2026-08-03 23:40:11,BTCUSDT,BINANCE,TRADE,63917.7,9e-05
2026-08-03 23:40:11,BTCUSDT,BINANCE,TRADE,63917.7,0.0007
2026-08-03 23:40:11,BTCUSDT,BINANCE,TRADE,63918,9e-05
2026-08-03 23:40:11,BTCUSDT,BINANCE,TRADE,63918,9e-05
2026-08-03 23:40:11,BTCUSDT,BINANCE,TRADE,63918,9e-05
2026-08-03 23:40:11,BTCUSDT,BINANCE,TRADE,63918,0.006
2026-08-03 23:40:11,BTCUSDT,BINANCE,TRADE,63918,0.008
2026-08-03 23:40:11,BTCUSDT,BINANCE,TRADE,63918,0.005
2026-08-03 23:40:11,BTCUSDT,BINANCE,TRADE,63918,0.002
2026-08-03 23:40:11,BTCUSDT,BINANCE,TRADE,63918,9e-05
2026-08-03 23:40:11,BTCUSDT,BINANCE,TRADE,63918,9e-05
2026-08-03 23:40:11,BTCUSDT,BINANCE,TRADE,63918,9e-05
2026-08-03 23:40:11,BTCUSDT,BINANCE,TRADE,63918,9e-05
2026-08-03 23:40:11,BTCUSDT,BINANCE,TRADE,63918,9e-05
2026-08-03 23:40:11,BTCUSDT,BINANCE,TRADE,63918,9e-05
2026-08-03 23:40:11,BTCUSDT,BINANCE,TRADE,63918,0.06268
2026-08-03 23:40:11,BTCUSDT,BINANCE,TRADE,63918,0.00126
2026-08-03 23:40:11,BTCUSDT,BINANCE,TRADE,63918,8e-05
2026-08-03 23:40:11,BTCUSDT,BINANCE,TRADE,63918,9e-05
2026-08-03 23:40:11,BTCUSDT,BINANCE,TRADE,63918,9e-05
2026-08-03 23:40:11,BTCUSDT,BINANCE,TRADE,63918,9e-05
2026-08-03 23:40:11,BTCUSDT,BINANCE,TRADE,63918,8e-05
2026-08-03 23:40:11,BTCUSDT,BINANCE,TRADE,63918,9e-05
2026-08-03 23:40:11,BTCUSDT,BINANCE,TRADE,63918,9e-05
2026-08-03 23:40:11,BTCUSDT,BINANCE,TRADE,63918,9e-05
2026-08-03 23:40:11,BTCUSDT,BINANCE,TRADE,63918,9e-05
2026-08-03 23:40:11,BTCUSDT,BINANCE,TRADE,63918,9e-05
2026-08-03 23:40:11,BTCUSDT,BINANCE,TRADE,63918,9e-05
2026-08-03 23:40:11,BTCUSDT,BINANCE,TRADE,63918,8e-05
2026-08-03 23:40:11,BTCUSDT,BINANCE,TRADE,63918,9e-05
2026-08-03 23:40:11,BTCUSDT,BINANCE,TRADE,63918,9e-05
2026-08-03 23:40:11,BTCUSDT,BINANCE,TRADE,63918,9e-05
2026-08-03 23:40:11,BTCUSDT,BINANCE,TRADE,63918,8e-05
2026-08-03 23:40:11,BTCUSDT,BINANCE,TRADE,63918,8e-05
2026-08-03 23:40:11,BTCUSDT,BINANCE,TRADE,63918,9e-05
2026-08-03 23:40:11,BTCUSDT,BINANCE,TRADE,63918,9e-05
2026-08-03 23:40:11,BTCUSDT,BINANCE,TRADE,63918,9e-05
2026-08-03 23:40:11,BTCUSDT,BINANCE,TRADE,63918,9e-05
2026-08-03 23:40:11,BTCUSDT,BINANCE,TRADE,63918,9e-05
2026-08-03 23:40:11,BTCUSDT,BINANCE,TRADE,63918,9e-05
2026-08-03 23:40:11,BTCUSDT,BINANCE,TRADE,63918,9e-05
2026-08-03 23:40:11,BTCUSDT,BINANCE,TRADE,63918.5,8e-05
2026-08-03 23:40:11,BTCUSDT,BINANCE,TRADE,63918.5,8e-05
2026-08-03 23:40:11,BTCUSDT,BINANCE,TRADE,63918.5,8e-05
2026-08-03 23:40:11,BTCUSDT,BINANCE,TRADE,63918.5,8e-05
2026-08-03 23:40:11,BTCUSDT,BINANCE,TRADE,63918.5,8e-05
2026-08-03 23:40:11,BTCUSDT,BINANCE,TRADE,63918.5,8e-05
2026-08-03 23:40:11,BTCUSDT,BINANCE,TRADE,63918.5,8e-05
2026-08-03 23:40:11,BTCUSDT,BINANCE,TRADE,63919.8,0.00127
2026-08-03 23:40:11,BTCUSDT,BINANCE,TRADE,63919.8,0.00127
2026-08-03 23:40:11,BTCUSDT,BINANCE,TRADE,63919.8,0.00127
2026-08-03 23:40:11,SOLUSDT,BINANCE,TRADE,74,0.068
2026-08-03 23:40:11,SOLUSDT,BINANCE,TRADE,74,0.102
2026-08-03 23:40:11,SOLUSDT,BINANCE,TRADE,74,0.069
2026-08-03 23:40:11,SOLUSDT,BINANCE,TRADE,74,0.075
2026-08-03 23:40:11,SOLUSDT,BINANCE,TRADE,74,4.754
2026-08-03 23:40:11,SOLUSDT,BINANCE,TRADE,74,0.246
2026-08-03 23:40:11,SOLUSDT,BINANCE,TRADE,74,1.994
2026-08-03 23:40:11,SOLUSDT,BINANCE,TRADE,74,10
2026-08-03 23:40:11,SOLUSDT,BINANCE,TRADE,74,0.15
2026-08-03 23:40:11,SOLUSDT,BINANCE,TRADE,74,1
2026-08-03 23:40:11,SOLUSDT,BINANCE,TRADE,74,0.27
2026-08-03 23:40:11,SOLUSDT,BINANCE,TRADE,74,0.2
2026-08-03 23:40:11,SOLUSDT,BINANCE,TRADE,74,10.04
2026-08-03 23:40:11,SOLUSDT,BINANCE,TRADE,74,5
2026-08-03 23:40:11,SOLUSDT,BINANCE,TRADE,74,0.068
2026-08-03 23:40:11,SOLUSDT,BINANCE,TRADE,74,0.073
2026-08-03 23:40:11,SOLUSDT,BINANCE,TRADE,74,0.073
2026-08-03 23:40:11,SOLUSDT,BINANCE,TRADE,74,0.136
2026-08-03 23:40:11,SOLUSDT,BINANCE,TRADE,74,0.071
2026-08-03 23:40:11,SOLUSDT,BINANCE,TRADE,74,0.071
2026-08-03 23:40:11,SOLUSDT,BINANCE,TRADE,74,0.073
2026-08-03 23:40:11,SOLUSDT,BINANCE,TRADE,74,0.073
2026-08-03 23:40:11,SOLUSDT,BINANCE,TRADE,74,0.073
2026-08-03 23:40:11,SOLUSDT,BINANCE,TRADE,74,0.073
2026-08-03 23:40:11,SOLUSDT,BINANCE,TRADE,74,0.073
2026-08-03 23:40:11,SOLUSDT,BINANCE,TRADE,74,0.073
2026-08-03 23:40:11,SOLUSDT,BINANCE,TRADE,74,0.071
2026-08-03 23:40:11,SOLUSDT,BINANCE,TRADE,74,0.073
2026-08-03 23:40:11,SOLUSDT,BINANCE,TRADE,74,0.073
2026-08-03 23:40:11,BTCUSDT,BINANCE,TRADE,63919.8,8e-05
2026-08-03 23:40:11,BTCUSDT,BINANCE,TRADE,63919.8,9e-05
2026-08-03 23:40:11,BTCUSDT,BINANCE,TRADE,63919.8,9e-05
2026-08-03 23:40:11,BTCUSDT,BINANCE,TRADE,63919.8,9e-05
2026-08-03 23:40:11,BTCUSDT,BINANCE,TRADE,63919.8,9e-05
2026-08-03 23:40:11,BTCUSDT,BINANCE,TRADE,63919.8,9e-05
2026-08-03 23:40:11,BTCUSDT,BINANCE,TRADE,63919.8,8e-05
2026-08-03 23:40:11,BTCUSDT,BINANCE,TRADE,63919.8,9e-05
2026-08-03 23:40:11,BTCUSDT,BINANCE,TRADE,63919.8,9e-05
2026-08-03 23:40:11,BTCUSDT,BINANCE,TRADE,63919.8,9e-05
2026-08-03 23:40:11,BTCUSDT,BINANCE,TRADE,63919.8,9e-05
2026-08-03 23:40:11,BTCUSDT,BINANCE,TRADE,63919.8,9e-05
2026-08-03 23:40:11,BTCUSDT,BINANCE,TRADE,63919.8,9e-05
2026-08-03 23:40:11,BTCUSDT,BINANCE,TRADE,63919.8,9e-05
2026-08-03 23:40:11,BTCUSDT,BINANCE,TRADE,63919.8,9e-05
2026-08-03 23:40:11,BTCUSDT,BINANCE,TRADE,63919.8,9e-05
2026-08-03 23:40:11,BTCUSDT,BINANCE,TRADE,63919.8,9e-05
2026-08-03 23:40:11,BTCUSDT,BINANCE,TRADE,63919.8,9e-05
2026-08-03 23:40:11,BTCUSDT,BINANCE,TRADE,63919.8,8e-05
2026-08-03 23:40:11,BTCUSDT,BINANCE,TRADE,63919.8,9e-05
2026-08-03 23:40:11,BTCUSDT,BINANCE,TRADE,63919.8,8e-05
2026-08-03 23:40:11,BTCUSDT,BINANCE,TRADE,63919.8,9e-05
2026-08-03 23:40:11,BTCUSDT,BINANCE,TRADE,63919.8,9e-05
2026-08-03 23:40:11,BTCUSDT,BINANCE,TRADE,63919.8,8e-05
2026-08-03 23:40:11,BTCUSDT,BINANCE,TRADE,63919.8,8e-05
2026-08-03 23:40:11,BTCUSDT,BINANCE,TRADE,63919.8,8e-05
2026-08-03 23:40:11,BTCUSDT,BINANCE,TRADE,63919.8,9e-05
2026-08-03 23:40:11,BTCUSDT,BINANCE,TRADE,63919.8,9e-05
2026-08-03 23:40:11,BTCUSDT,BINANCE,TRADE,63919.8,9e-05
2026-08-03 23:40:11,BTCUSDT,BINANCE,TRADE,63919.8,9e-05
2026-08-03 23:40:11,BTCUSDT,BINANCE,TRADE,63919.8,9e-05
2026-08-03 23:40:11,BTCUSDT,BINANCE,TRADE,63919.8,9e-05
2026-08-03 23:40:11,BTCUSDT,BINANCE,TRADE,63919.8,9e-05
2026-08-03 23:40:11,BTCUSDT,BINANCE,TRADE,63919.8,9e-05
2026-08-03 23:40:11,BTCUSDT,BINANCE,TRADE,63919.8,9e-05
2026-08-03 23:40:11,BTCUSDT,BINANCE,TRADE,63919.8,8e-05
2026-08-03 23:40:11,BTCUSDT,BINANCE,TRADE,63919.8,8e-05
2026-08-03 23:40:11,BTCUSDT,BINANCE,TRADE,63920,9e-05
2026-08-03 23:40:11,BTCUSDT,BINANCE,TRADE,63920,9e-05
2026-08-03 23:40:11,BTCUSDT,BINANCE,TRADE,63920,9e-05
2026-08-03 23:40:11,BTCUSDT,BINANCE,TRADE,63920,0.00127
2026-08-03 23:40:11,BTCUSDT,BINANCE,TRADE,63920,0.00844
2026-08-03 23:40:11,BTCUSDT,BINANCE,TRADE,63920,0.006
2026-08-03 23:40:11,BTCUSDT,BINANCE,TRADE,63920,0.008
2026-08-03 23:40:11,BTCUSDT,BINANCE,TRADE,63920,0.005
2026-08-03 23:40:11,BTCUSDT,BINANCE,TRADE,63920,0.002
2026-08-03 23:40:11,BTCUSDT,BINANCE,TRADE,63920,9e-05
2026-08-03 23:40:11,BTCUSDT,BINANCE,TRADE,63920,9e-05
2026-08-03 23:40:11,BTCUSDT,BINANCE,TRADE,63920,9e-05
2026-08-03 23:40:11,BTCUSDT,BINANCE,TRADE,63920,8e-05
2026-08-03 23:40:11,BTCUSDT,BINANCE,TRADE,63920,9e-05
2026-08-03 23:40:11,BTCUSDT,BINANCE,TRADE,63920,0.01887
2026-08-03 23:40:11,BTCUSDT,BINANCE,TRADE,63920,9e-05
2026-08-03 23:40:11,BTCUSDT,BINANCE,TRADE,63920,9e-05
2026-08-03 23:40:11,BTCUSDT,BINANCE,TRADE,63920,9e-05
2026-08-03 23:40:11,BTCUSDT,BINANCE,TRADE,63920,9e-05
2026-08-03 23:40:11,BTCUSDT,BINANCE,TRADE,63920,8e-05
2026-08-03 23:40:11,BTCUSDT,BINANCE,TRADE,63920,9e-05
2026-08-03 23:40:11,BTCUSDT,BINANCE,TRADE,63920,9e-05
2026-08-03 23:40:11,BTCUSDT,BINANCE,TRADE,63920,9e-05
2026-08-03 23:40:11,BTCUSDT,BINANCE,TRADE,63920,9e-05
2026-08-03 23:40:11,BTCUSDT,BINANCE,TRADE,63920,9e-05
2026-08-03 23:40:11,BTCUSDT,BINANCE,TRADE,63920,9e-05
2026-08-03 23:40:11,BTCUSDT,BINANCE,TRADE,63920,9e-05
2026-08-03 23:40:11,BTCUSDT,BINANCE,TRADE,63920,9e-05
2026-08-03 23:40:11,BTCUSDT,BINANCE,TRADE,63920,9e-05
2026-08-03 23:40:11,BTCUSDT,BINANCE,TRADE,63920,1e-05
2026-08-03 23:40:11,BTCUSDT,BINANCE,TRADE,63920,7e-05
2026-08-03 23:40:11,BTCUSDT,BINANCE,TRADE,63920,9e-05
2026-08-03 23:40:11,BTCUSDT,BINANCE,TRADE,63920,9e-05
2026-08-03 23:40:11,BTCUSDT,BINANCE,TRADE,63920,9e-05
2026-08-03 23:40:11,BTCUSDT,BINANCE,TRADE,63920,9e-05
2026-08-03 23:40:11,BTCUSDT,BINANCE,TRADE,63920,9e-05
2026-08-03 23:40:11,BTCUSDT,BINANCE,TRADE,63920,9e-05
2026-08-03 23:40:11,BTCUSDT,BINANCE,TRADE,63920,9e-05
2026-08-03 23:40:11,BTCUSDT,BINANCE,TRADE,63920,9e-05
2026-08-03 23:40:11,BTCUSDT,BINANCE,TRADE,63920,9e-05
2026-08-03 23:40:11,BTCUSDT,BINANCE,TRADE,63920,9e-05
2026-08-03 23:40:11,BTCUSDT,BINANCE,TRADE,63920,9e-05
2026-08-03 23:40:11,BTCUSDT,BINANCE,TRADE,63920,9e-05
2026-08-03 23:40:11,BTCUSDT,BINANCE,TRADE,63920,9e-05
2026-08-03 23:40:11,BTCUSDT,BINANCE,TRADE,63920,9e-05
2026-08-03 23:40:11,BTCUSDT,BINANCE,TRADE,63920.6,8e-05
2026-08-03 23:40:11,BTCUSDT,BINANCE,TRADE,63920.6,8e-05
2026-08-03 23:40:11,BTCUSDT,BINANCE,TRADE,63920.6,9e-05
2026-08-03 23:40:11,BTCUSDT,BINANCE,TRADE,63920.6,9e-05
2026-08-03 23:40:11,BTCUSDT,BINANCE,TRADE,63920.6,9e-05
2026-08-03 23:40:11,BTCUSDT,BINANCE,TRADE,63920.6,9e-05
2026-08-03 23:40:11,BTCUSDT,BINANCE,TRADE,63920.6,9e-05
2026-08-03 23:40:11,BTCUSDT,BINANCE,TRADE,63920.6,9e-05
2026-08-03 23:40:11,BTCUSDT,BINANCE,TRADE,63920.6,9e-05
2026-08-03 23:40:11,BTCUSDT,BINANCE,TRADE,63920.6,8e-05
2026-08-03 23:40:11,BTCUSDT,BINANCE,TRADE,63920.6,9e-05
2026-08-03 23:40:11,BTCUSDT,BINANCE,TRADE,63920.6,9e-05
2026-08-03 23:40:11,BTCUSDT,BINANCE,TRADE,63920.6,9e-05
2026-08-03 23:40:11,BTCUSDT,BINANCE,TRADE,63920.6,8e-05
2026-08-03 23:40:11,BTCUSDT,BINANCE,TRADE,63920.6,8e-05
2026-08-03 23:40:11,BTCUSDT,BINANCE,TRADE,63920.6,9e-05
2026-08-03 23:40:11,BTCUSDT,BINANCE,TRADE,63920.6,9e-05
2026-08-03 23:40:11,BTCUSDT,BINANCE,TRADE,63920.6,9e-05
2026-08-03 23:40:11,BTCUSDT,BINANCE,TRADE,63920.6,9e-05
2026-08-03 23:40:11,BTCUSDT,BINANCE,TRADE,63920.6,9e-05
2026-08-03 23:40:11,BTCUSDT,BINANCE,TRADE,63920.6,9e-05
2026-08-03 23:40:11,BTCUSDT,BINANCE,TRADE,63920.6,9e-05
2026-08-03 23:40:11,BTCUSDT,BINANCE,TRADE,63920.6,9e-05
2026-08-03 23:40:11,BTCUSDT,BINANCE,TRADE,63920.8,8e-05
2026-08-03 23:40:11,BTCUSDT,BINANCE,TRADE,63920.8,8e-05
2026-08-03 23:40:11,BTCUSDT,BINANCE,TRADE,63921.4,8e-05
2026-08-03 23:40:11,BTCUSDT,BINANCE,TRADE,63921.4,8e-05
2026-08-03 23:40:11,BTCUSDT,BINANCE,TRADE,63921.8,8e-05
2026-08-03 23:40:11,BTCUSDT,BINANCE,TRADE,63921.8,8e-05
2026-08-03 23:40:11,BTCUSDT,BINANCE,TRADE,63921.9,0.00024
2026-08-03 23:40:11,BTCUSDT,BINANCE,TRADE,63922,8e-05
2026-08-03 23:40:11,BTCUSDT,BINANCE,TRADE,63922,9e-05
2026-08-03 23:40:11,BTCUSDT,BINANCE,TRADE,63922,9e-05
2026-08-03 23:40:11,BTCUSDT,BINANCE,TRADE,63922,9e-05
2026-08-03 23:40:12,SOLUSDT,BINANCE,TRADE,74,0.678
2026-08-03 23:40:13,BTCUSDT,BINANCE,TRADE,63922,0.00206
2026-08-03 23:40:13,SOLUSDT,BINANCE,TRADE,74.01,0.068
2026-08-03 23:40:13,SOLUSDT,BINANCE,TRADE,74.01,0.102
2026-08-03 23:40:13,SOLUSDT,BINANCE,TRADE,74.01,0.069
2026-08-03 23:40:13,SOLUSDT,BINANCE,TRADE,74.01,10
2026-08-03 23:40:13,SOLUSDT,BINANCE,TRADE,74.01,0.075
2026-08-03 23:40:13,SOLUSDT,BINANCE,TRADE,74.01,0.073
2026-08-03 23:40:13,SOLUSDT,BINANCE,TRADE,74.01,0.073
2026-08-03 23:40:13,SOLUSDT,BINANCE,TRADE,74.01,0.071
2026-08-03 23:40:13,SOLUSDT,BINANCE,TRADE,74.01,0.071
2026-08-03 23:40:13,SOLUSDT,BINANCE,TRADE,74.01,0.073
2026-08-03 23:40:13,SOLUSDT,BINANCE,TRADE,74.01,0.073
2026-08-03 23:40:13,SOLUSDT,BINANCE,TRADE,74.01,0.073
2026-08-03 23:40:13,SOLUSDT,BINANCE,TRADE,74.01,0.073
2026-08-03 23:40:13,SOLUSDT,BINANCE,TRADE,74.01,0.073
2026-08-03 23:40:13,SOLUSDT,BINANCE,TRADE,74.01,0.073
2026-08-03 23:40:13,SOLUSDT,BINANCE,TRADE,74.01,0.278
2026-08-03 23:40:13,SOLUSDT,BINANCE,TRADE,74.01,0.07
2026-08-03 23:40:13,SOLUSDT,BINANCE,TRADE,74.01,0.628
2026-08-03 23:40:13,SOLUSDT,BINANCE,TRADE,74.01,11.175
2026-08-03 23:40:13,SOLUSDT,BINANCE,TRADE,74.01,0.073
2026-08-03 23:40:13,SOLUSDT,BINANCE,TRADE,74.01,0.073
2026-08-03 23:40:13,SOLUSDT,BINANCE,TRADE,74.02,0.278
2026-08-03 23:40:13,SOLUSDT,BINANCE,TRADE,74.02,0.068
2026-08-03 23:40:13,SOLUSDT,BINANCE,TRADE,74.02,0.069
2026-08-03 23:40:13,SOLUSDT,BINANCE,TRADE,74.02,0.102
2026-08-03 23:40:13,SOLUSDT,BINANCE,TRADE,74.02,0.082
2026-08-03 23:40:13,SOLUSDT,BINANCE,TRADE,74.02,0.075
2026-08-03 23:40:13,SOLUSDT,BINANCE,TRADE,74.02,0.102
2026-08-03 23:40:13,SOLUSDT,BINANCE,TRADE,74.02,2
2026-08-03 23:40:13,SOLUSDT,BINANCE,TRADE,74.02,0.15
2026-08-03 23:40:13,SOLUSDT,BINANCE,TRADE,74.02,0.999
2026-08-03 23:40:13,SOLUSDT,BINANCE,TRADE,74.02,32.062
2026-08-03 23:40:13,SOLUSDT,BINANCE,TRADE,74.02,0.073
2026-08-03 23:40:13,SOLUSDT,BINANCE,TRADE,74.02,0.073
2026-08-03 23:40:13,SOLUSDT,BINANCE,TRADE,74.02,0.068
2026-08-03 23:40:13,SOLUSDT,BINANCE,TRADE,74.02,0.071
2026-08-03 23:40:13,SOLUSDT,BINANCE,TRADE,74.02,11.174
2026-08-03 23:40:13,SOLUSDT,BINANCE,TRADE,74.02,13.956
2026-08-03 23:40:13,SOLUSDT,BINANCE,TRADE,74.02,23.713
2026-08-03 23:40:13,SOLUSDT,BINANCE,TRADE,74.02,0.148
2026-08-03 23:40:13,SOLUSDT,BINANCE,TRADE,74.02,378.507
2026-08-03 23:40:13,SOLUSDT,BINANCE,TRADE,74.02,70.579
2026-08-03 23:40:13,SOLUSDT,BINANCE,TRADE,74.02,51.977
2026-08-03 23:40:13,SOLUSDT,BINANCE,TRADE,74.02,13.239
2026-08-03 23:40:13,SOLUSDT,BINANCE,TRADE,74.02,55.956
2026-08-03 23:40:13,SOLUSDT,BINANCE,TRADE,74.02,0.182
2026-08-03 23:40:13,BTCUSDT,BINANCE,TRADE,63922,0.00469
2026-08-03 23:40:13,BTCUSDT,BINANCE,TRADE,63922,0.00011
2026-08-03 23:40:14,BTCUSDT,BINANCE,TRADE,63922,0.00131
2026-08-03 23:40:14,BTCUSDT,BINANCE,TRADE,63922,0.008
2026-08-03 23:40:14,BTCUSDT,BINANCE,TRADE,63922,0.00069
2026-08-03 23:40:14,BTCUSDT,BINANCE,TRADE,63922,0.00036
2026-08-03 23:40:14,SOLUSDT,BINANCE,TRADE,74.02,1.641
2026-08-03 23:40:14,ETHUSDT,BINANCE,TRADE,1871.38,0.0028
2026-08-03 23:40:14,ETHUSDT,BINANCE,TRADE,1871.38,0.0027
2026-08-03 23:40:14,ETHUSDT,BINANCE,TRADE,1871.38,0.0027
2026-08-03 23:40:14,ETHUSDT,BINANCE,TRADE,1871.38,0.0028
2026-08-03 23:40:14,ETHUSDT,BINANCE,TRADE,1871.38,0.0054
2026-08-03 23:40:14,ETHUSDT,BINANCE,TRADE,1871.38,0.0027
2026-08-03 23:40:14,ETHUSDT,BINANCE,TRADE,1871.38,0.112
2026-08-03 23:40:14,ETHUSDT,BINANCE,TRADE,1871.38,0.056
2026-08-03 23:40:14,SOLUSDT,BINANCE,TRADE,74.02,8.773
2026-08-03 23:40:14,SOLUSDT,BINANCE,TRADE,74.02,0.073
2026-08-03 23:40:14,SOLUSDT,BINANCE,TRADE,74.02,0.073
2026-08-03 23:40:14,SOLUSDT,BINANCE,TRADE,74.02,0.073
2026-08-03 23:40:14,SOLUSDT,BINANCE,TRADE,74.02,0.073
2026-08-03 23:40:14,SOLUSDT,BINANCE,TRADE,74.02,52.347
2026-08-03 23:40:14,SOLUSDT,BINANCE,TRADE,74.02,0.073
2026-08-03 23:40:14,SOLUSDT,BINANCE,TRADE,74.02,0.071
2026-08-03 23:40:14,SOLUSDT,BINANCE,TRADE,74.02,0.136
2026-08-03 23:40:14,SOLUSDT,BINANCE,TRADE,74.02,0.073
2026-08-03 23:40:14,SOLUSDT,BINANCE,TRADE,74.02,0.071
2026-08-03 23:40:14,SOLUSDT,BINANCE,TRADE,74.02,0.073
2026-08-03 23:40:14,SOLUSDT,BINANCE,TRADE,74.02,0.073
2026-08-03 23:40:14,SOLUSDT,BINANCE,TRADE,74.02,0.068
2026-08-03 23:40:14,SOLUSDT,BINANCE,TRADE,74.02,0.278
2026-08-03 23:40:14,ETHUSDT,BINANCE,TRADE,1871.39,0.0024
2026-08-03 23:40:14,ETHUSDT,BINANCE,TRADE,1871.39,0.0027
2026-08-03 23:40:14,ETHUSDT,BINANCE,TRADE,1871.39,0.0027
2026-08-03 23:40:14,ETHUSDT,BINANCE,TRADE,1871.39,0.0602
2026-08-03 23:40:15,BTCUSDT,BINANCE,TRADE,63922,0.001
2026-08-03 23:40:15,SOLUSDT,BINANCE,TRADE,74.02,0.073
2026-08-03 23:40:15,SOLUSDT,BINANCE,TRADE,74.02,0.073
2026-08-03 23:40:15,SOLUSDT,BINANCE,TRADE,74.02,0.071
2026-08-03 23:40:15,SOLUSDT,BINANCE,TRADE,74.02,0.071
2026-08-03 23:40:15,SOLUSDT,BINANCE,TRADE,74.02,0.136
2026-08-03 23:40:15,SOLUSDT,BINANCE,TRADE,74.02,0.073
2026-08-03 23:40:15,SOLUSDT,BINANCE,TRADE,74.02,0.073
2026-08-03 23:40:15,SOLUSDT,BINANCE,TRADE,74.02,0.073
2026-08-03 23:40:15,SOLUSDT,BINANCE,TRADE,74.02,0.278
2026-08-03 23:40:15,SOLUSDT,BINANCE,TRADE,74.02,0.073
2026-08-03 23:40:15,SOLUSDT,BINANCE,TRADE,74.02,0.073
2026-08-03 23:40:15,SOLUSDT,BINANCE,TRADE,74.02,0.073
2026-08-03 23:40:15,SOLUSDT,BINANCE,TRADE,74.02,0.068
2026-08-03 23:40:15,SOLUSDT,BINANCE,TRADE,74.02,0.071
2026-08-03 23:40:15,ETHUSDT,BINANCE,TRADE,1871.38,0.0251
2026-08-03 23:40:15,BTCUSDT,BINANCE,TRADE,63922,0.00034
2026-08-03 23:40:15,BTCUSDT,BINANCE,TRADE,63922,0.00034
2026-08-03 23:40:16,BTCUSDT,BINANCE,TRADE,63922,0.0003
2026-08-03 23:40:16,SOLUSDT,BINANCE,TRADE,74.02,40.957
2026-08-03 23:40:16,SOLUSDT,BINANCE,TRADE,74.02,26.919
2026-08-03 23:40:16,SOLUSDT,BINANCE,TRADE,74.02,40.961
2026-08-03 23:40:16,SOLUSDT,BINANCE,TRADE,74.02,0.068
2026-08-03 23:40:16,SOLUSDT,BINANCE,TRADE,74.02,32.062
2026-08-03 23:40:16,SOLUSDT,BINANCE,TRADE,74.02,0.278
2026-08-03 23:40:16,SOLUSDT,BINANCE,TRADE,74.02,36.018
2026-08-03 23:40:16,ETHUSDT,BINANCE,TRADE,1871.39,0.003
2026-08-03 23:40:16,BTCUSDT,BINANCE,TRADE,63922,0.0001
2026-08-03 23:40:17,ETHUSDT,BINANCE,TRADE,1871.39,0.0024
2026-08-03 23:40:17,ETHUSDT,BINANCE,TRADE,1871.39,0.0027
2026-08-03 23:40:17,ETHUSDT,BINANCE,TRADE,1871.39,0.0027
2026-08-03 23:40:17,ETHUSDT,BINANCE,TRADE,1871.39,0.0028
2026-08-03 23:40:17,ETHUSDT,BINANCE,TRADE,1871.39,0.0027
2026-08-03 23:40:17,ETHUSDT,BINANCE,TRADE,1871.39,0.3863
2026-08-03 23:40:17,ETHUSDT,BINANCE,TRADE,1871.39,0.0027
2026-08-03 23:40:17,ETHUSDT,BINANCE,TRADE,1871.39,0.0032
2026-08-03 23:40:17,ETHUSDT,BINANCE,TRADE,1871.39,0.0032
2026-08-03 23:40:17,ETHUSDT,BINANCE,TRADE,1871.39,0.0027
2026-08-03 23:40:17,ETHUSDT,BINANCE,TRADE,1871.39,0.0027
2026-08-03 23:40:17,ETHUSDT,BINANCE,TRADE,1871.4,0.0054
2026-08-03 23:40:17,ETHUSDT,BINANCE,TRADE,1871.4,0.0027
2026-08-03 23:40:17,ETHUSDT,BINANCE,TRADE,1871.4,0.0027
2026-08-03 23:40:17,ETHUSDT,BINANCE,TRADE,1871.41,0.0027
2026-08-03 23:40:17,ETHUSDT,BINANCE,TRADE,1871.41,0.0054
2026-08-03 23:40:17,ETHUSDT,BINANCE,TRADE,1871.41,0.0028
2026-08-03 23:40:17,ETHUSDT,BINANCE,TRADE,1871.41,0.0027
2026-08-03 23:40:17,ETHUSDT,BINANCE,TRADE,1871.43,0.003
2026-08-03 23:40:17,ETHUSDT,BINANCE,TRADE,1871.44,0.0027
2026-08-03 23:40:17,ETHUSDT,BINANCE,TRADE,1871.44,0.0027
2026-08-03 23:40:17,ETHUSDT,BINANCE,TRADE,1871.46,0.0027
2026-08-03 23:40:17,ETHUSDT,BINANCE,TRADE,1871.46,0.0027
2026-08-03 23:40:17,ETHUSDT,BINANCE,TRADE,1871.46,0.0027
2026-08-03 23:40:17,ETHUSDT,BINANCE,TRADE,1871.46,0.0028
2026-08-03 23:40:17,ETHUSDT,BINANCE,TRADE,1871.46,0.0027
2026-08-03 23:40:17,ETHUSDT,BINANCE,TRADE,1871.46,0.0027
2026-08-03 23:40:17,ETHUSDT,BINANCE,TRADE,1871.49,0.0027
2026-08-03 23:40:17,ETHUSDT,BINANCE,TRADE,1871.49,0.0027
2026-08-03 23:40:17,ETHUSDT,BINANCE,TRADE,1871.49,0.0027
2026-08-03 23:40:17,ETHUSDT,BINANCE,TRADE,1871.49,0.0027
2026-08-03 23:40:17,ETHUSDT,BINANCE,TRADE,1871.49,0.0027
2026-08-03 23:40:17,ETHUSDT,BINANCE,TRADE,1871.5,0.019
2026-08-03 23:40:17,ETHUSDT,BINANCE,TRADE,1871.5,0.0027
2026-08-03 23:40:17,ETHUSDT,BINANCE,TRADE,1871.5,0.0027
2026-08-03 23:40:17,ETHUSDT,BINANCE,TRADE,1871.52,0.0029
2026-08-03 23:40:17,ETHUSDT,BINANCE,TRADE,1871.52,0.0027
2026-08-03 23:40:17,ETHUSDT,BINANCE,TRADE,1871.52,0.0027
2026-08-03 23:40:17,ETHUSDT,BINANCE,TRADE,1871.53,0.0027
2026-08-03 23:40:17,ETHUSDT,BINANCE,TRADE,1871.53,0.0027
2026-08-03 23:40:17,ETHUSDT,BINANCE,TRADE,1871.54,0.003
2026-08-03 23:40:17,ETHUSDT,BINANCE,TRADE,1871.54,0.0027
2026-08-03 23:40:17,ETHUSDT,BINANCE,TRADE,1871.54,0.0027
2026-08-03 23:40:17,ETHUSDT,BINANCE,TRADE,1871.54,0.0027
2026-08-03 23:40:17,ETHUSDT,BINANCE,TRADE,1871.54,0.0027
2026-08-03 23:40:17,ETHUSDT,BINANCE,TRADE,1871.54,0.0027
2026-08-03 23:40:17,ETHUSDT,BINANCE,TRADE,1871.54,0.0027
2026-08-03 23:40:17,ETHUSDT,BINANCE,TRADE,1871.55,0.0027
2026-08-03 23:40:17,ETHUSDT,BINANCE,TRADE,1871.55,0.0033
2026-08-03 23:40:17,ETHUSDT,BINANCE,TRADE,1871.55,0.0027
2026-08-03 23:40:17,ETHUSDT,BINANCE,TRADE,1871.55,0.0027
2026-08-03 23:40:17,ETHUSDT,BINANCE,TRADE,1871.55,0.0027
2026-08-03 23:40:17,ETHUSDT,BINANCE,TRADE,1871.55,0.0027
2026-08-03 23:40:17,ETHUSDT,BINANCE,TRADE,1871.55,0.0027
2026-08-03 23:40:17,ETHUSDT,BINANCE,TRADE,1871.56,0.0055
2026-08-03 23:40:17,ETHUSDT,BINANCE,TRADE,1871.56,0.0027
2026-08-03 23:40:17,ETHUSDT,BINANCE,TRADE,1871.56,0.0027
2026-08-03 23:40:17,ETHUSDT,BINANCE,TRADE,1871.56,0.0027
2026-08-03 23:40:17,ETHUSDT,BINANCE,TRADE,1871.56,0.0027
2026-08-03 23:40:17,ETHUSDT,BINANCE,TRADE,1871.56,0.0027
2026-08-03 23:40:17,ETHUSDT,BINANCE,TRADE,1871.57,0.0027
2026-08-03 23:40:17,ETHUSDT,BINANCE,TRADE,1871.57,0.0027
2026-08-03 23:40:17,ETHUSDT,BINANCE,TRADE,1871.57,0.0027
2026-08-03 23:40:17,ETHUSDT,BINANCE,TRADE,1871.57,0.0027
2026-08-03 23:40:17,ETHUSDT,BINANCE,TRADE,1871.57,0.0027
2026-08-03 23:40:17,ETHUSDT,BINANCE,TRADE,1871.58,0.0027
2026-08-03 23:40:17,ETHUSDT,BINANCE,TRADE,1871.58,0.0027
2026-08-03 23:40:17,ETHUSDT,BINANCE,TRADE,1871.58,0.0028
2026-08-03 23:40:17,ETHUSDT,BINANCE,TRADE,1871.58,0.0027
2026-08-03 23:40:17,ETHUSDT,BINANCE,TRADE,1871.58,0.0027
2026-08-03 23:40:17,ETHUSDT,BINANCE,TRADE,1871.58,0.0027
2026-08-03 23:40:17,ETHUSDT,BINANCE,TRADE,1871.58,0.0027
2026-08-03 23:40:17,ETHUSDT,BINANCE,TRADE,1871.6,0.0028
2026-08-03 23:40:17,ETHUSDT,BINANCE,TRADE,1871.6,0.0027
2026-08-03 23:40:17,ETHUSDT,BINANCE,TRADE,1871.6,0.0027
2026-08-03 23:40:17,ETHUSDT,BINANCE,TRADE,1871.6,0.0027
2026-08-03 23:40:17,ETHUSDT,BINANCE,TRADE,1871.61,0.0027
2026-08-03 23:40:17,ETHUSDT,BINANCE,TRADE,1871.61,0.0027
2026-08-03 23:40:17,ETHUSDT,BINANCE,TRADE,1871.61,0.0029
2026-08-03 23:40:17,ETHUSDT,BINANCE,TRADE,1871.61,0.0029
2026-08-03 23:40:17,ETHUSDT,BINANCE,TRADE,1871.61,0.0027
2026-08-03 23:40:17,ETHUSDT,BINANCE,TRADE,1871.61,0.0027
2026-08-03 23:40:17,ETHUSDT,BINANCE,TRADE,1871.61,0.0029
2026-08-03 23:40:17,BTCUSDT,BINANCE,TRADE,63922,0.00217
2026-08-03 23:40:17,BTCUSDT,BINANCE,TRADE,63922,0.002
2026-08-03 23:40:17,BTCUSDT,BINANCE,TRADE,63922,9e-05
2026-08-03 23:40:17,BTCUSDT,BINANCE,TRADE,63922,9e-05
2026-08-03 23:40:17,BTCUSDT,BINANCE,TRADE,63922,8e-05
2026-08-03 23:40:17,BTCUSDT,BINANCE,TRADE,63922,8e-05
2026-08-03 23:40:17,BTCUSDT,BINANCE,TRADE,63922,9e-05
2026-08-03 23:40:17,BTCUSDT,BINANCE,TRADE,63922,9e-05
2026-08-03 23:40:17,BTCUSDT,BINANCE,TRADE,63922,9e-05
2026-08-03 23:40:17,BTCUSDT,BINANCE,TRADE,63922,8e-05
2026-08-03 23:40:17,BTCUSDT,BINANCE,TRADE,63922,9e-05
2026-08-03 23:40:17,BTCUSDT,BINANCE,TRADE,63922,8e-05
2026-08-03 23:40:17,BTCUSDT,BINANCE,TRADE,63922,8e-05
2026-08-03 23:40:17,BTCUSDT,BINANCE,TRADE,63922,8e-05
2026-08-03 23:40:17,BTCUSDT,BINANCE,TRADE,63922,0.00016
2026-08-03 23:40:17,BTCUSDT,BINANCE,TRADE,63922,0.007
2026-08-03 23:40:17,BTCUSDT,BINANCE,TRADE,63922,0.007
2026-08-03 23:40:17,BTCUSDT,BINANCE,TRADE,63922,8e-05
2026-08-03 23:40:17,BTCUSDT,BINANCE,TRADE,63922,9e-05
2026-08-03 23:40:17,BTCUSDT,BINANCE,TRADE,63922,9e-05
2026-08-03 23:40:17,BTCUSDT,BINANCE,TRADE,63922,9e-05
2026-08-03 23:40:17,BTCUSDT,BINANCE,TRADE,63922,9e-05
2026-08-03 23:40:17,BTCUSDT,BINANCE,TRADE,63922,9e-05
2026-08-03 23:40:17,BTCUSDT,BINANCE,TRADE,63922,9e-05
2026-08-03 23:40:17,BTCUSDT,BINANCE,TRADE,63922,8e-05
2026-08-03 23:40:17,BTCUSDT,BINANCE,TRADE,63922,8e-05
2026-08-03 23:40:17,BTCUSDT,BINANCE,TRADE,63922,9e-05
2026-08-03 23:40:17,BTCUSDT,BINANCE,TRADE,63922,8e-05
2026-08-03 23:40:17,BTCUSDT,BINANCE,TRADE,63922,8e-05
2026-08-03 23:40:17,BTCUSDT,BINANCE,TRADE,63922,8e-05
2026-08-03 23:40:17,BTCUSDT,BINANCE,TRADE,63922,8e-05
2026-08-03 23:40:17,BTCUSDT,BINANCE,TRADE,63922,8e-05
2026-08-03 23:40:17,BTCUSDT,BINANCE,TRADE,63922,8e-05
2026-08-03 23:40:17,BTCUSDT,BINANCE,TRADE,63922,8e-05
2026-08-03 23:40:17,BTCUSDT,BINANCE,TRADE,63922,8e-05
2026-08-03 23:40:17,BTCUSDT,BINANCE,TRADE,63922,8e-05
2026-08-03 23:40:17,BTCUSDT,BINANCE,TRADE,63922,8e-05
2026-08-03 23:40:17,BTCUSDT,BINANCE,TRADE,63922,8e-05
2026-08-03 23:40:17,BTCUSDT,BINANCE,TRADE,63922,9e-05
2026-08-03 23:40:17,BTCUSDT,BINANCE,TRADE,63922,9e-05
2026-08-03 23:40:17,BTCUSDT,BINANCE,TRADE,63922,9e-05
2026-08-03 23:40:17,BTCUSDT,BINANCE,TRADE,63922,9e-05
2026-08-03 23:40:17,BTCUSDT,BINANCE,TRADE,63922,9e-05
2026-08-03 23:40:17,BTCUSDT,BINANCE,TRADE,63922,9e-05
2026-08-03 23:40:17,BTCUSDT,BINANCE,TRADE,63922,0.00016
2026-08-03 23:40:17,BTCUSDT,BINANCE,TRADE,63922,9e-05
2026-08-03 23:40:17,BTCUSDT,BINANCE,TRADE,63922,0.00016
2026-08-03 23:40:17,BTCUSDT,BINANCE,TRADE,63922,8e-05
2026-08-03 23:40:17,BTCUSDT,BINANCE,TRADE,63922,8e-05
2026-08-03 23:40:17,BTCUSDT,BINANCE,TRADE,63922.5,8e-05
2026-08-03 23:40:17,BTCUSDT,BINANCE,TRADE,63922.5,8e-05
2026-08-03 23:40:17,BTCUSDT,BINANCE,TRADE,63922.5,8e-05
2026-08-03 23:40:17,BTCUSDT,BINANCE,TRADE,63922.5,8e-05
2026-08-03 23:40:17,BTCUSDT,BINANCE,TRADE,63922.9,8e-05
2026-08-03 23:40:17,BTCUSDT,BINANCE,TRADE,63923.2,8e-05
2026-08-03 23:40:17,BTCUSDT,BINANCE,TRADE,63923.2,8e-05
2026-08-03 23:40:17,BTCUSDT,BINANCE,TRADE,63923.2,9e-05
2026-08-03 23:40:17,BTCUSDT,BINANCE,TRADE,63924,9e-05
2026-08-03 23:40:17,BTCUSDT,BINANCE,TRADE,63924,9e-05
2026-08-03 23:40:17,BTCUSDT,BINANCE,TRADE,63924,9e-05
2026-08-03 23:40:17,BTCUSDT,BINANCE,TRADE,63924,0.006
2026-08-03 23:40:17,BTCUSDT,BINANCE,TRADE,63924,0.008
2026-08-03 23:40:17,BTCUSDT,BINANCE,TRADE,63924,0.005
2026-08-03 23:40:17,BTCUSDT,BINANCE,TRADE,63924,0.002
2026-08-03 23:40:17,BTCUSDT,BINANCE,TRADE,63924,9e-05
2026-08-03 23:40:17,BTCUSDT,BINANCE,TRADE,63924,9e-05
2026-08-03 23:40:17,BTCUSDT,BINANCE,TRADE,63924.2,8e-05
2026-08-03 23:40:17,BTCUSDT,BINANCE,TRADE,63924.2,8e-05
2026-08-03 23:40:17,BTCUSDT,BINANCE,TRADE,63924.2,8e-05
2026-08-03 23:40:17,BTCUSDT,BINANCE,TRADE,63924.2,8e-05
2026-08-03 23:40:17,BTCUSDT,BINANCE,TRADE,63924.4,0.00103
2026-08-03 23:40:17,BTCUSDT,BINANCE,TRADE,63924.4,0.00035
2026-08-03 23:40:17,SOLUSDT,BINANCE,TRADE,74.02,1.07
2026-08-03 23:40:17,BTCUSDT,BINANCE,TRADE,63924.4,0.0001
2026-08-03 23:40:17,SOLUSDT,BINANCE,TRADE,74.03,0.068
2026-08-03 23:40:17,SOLUSDT,BINANCE,TRADE,74.03,0.102
2026-08-03 23:40:17,SOLUSDT,BINANCE,TRADE,74.03,0.069
2026-08-03 23:40:17,SOLUSDT,BINANCE,TRADE,74.03,0.075
2026-08-03 23:40:17,SOLUSDT,BINANCE,TRADE,74.03,0.615
2026-08-03 23:40:17,BTCUSDT,BINANCE,TRADE,63924.4,0.00323
2026-08-03 23:40:17,ETHUSDT,BINANCE,TRADE,1871.62,0.0027
2026-08-03 23:40:17,ETHUSDT,BINANCE,TRADE,1871.62,0.0003
2026-08-03 23:40:18,SOLUSDT,BINANCE,TRADE,74.03,1.152
2026-08-03 23:40:18,SOLUSDT,BINANCE,TRADE,74.03,0.073
2026-08-03 23:40:18,SOLUSDT,BINANCE,TRADE,74.03,0.073
2026-08-03 23:40:18,SOLUSDT,BINANCE,TRADE,74.03,12.234
2026-08-03 23:40:18,SOLUSDT,BINANCE,TRADE,74.03,0.071
2026-08-03 23:40:18,SOLUSDT,BINANCE,TRADE,74.03,0.136
2026-08-03 23:40:18,SOLUSDT,BINANCE,TRADE,74.03,0.073
2026-08-03 23:40:18,SOLUSDT,BINANCE,TRADE,74.03,0.073
2026-08-03 23:40:18,SOLUSDT,BINANCE,TRADE,74.03,0.073
2026-08-03 23:40:18,SOLUSDT,BINANCE,TRADE,74.03,0.073
2026-08-03 23:40:18,SOLUSDT,BINANCE,TRADE,74.03,0.073
2026-08-03 23:40:18,SOLUSDT,BINANCE,TRADE,74.03,0.073
2026-08-03 23:40:18,SOLUSDT,BINANCE,TRADE,74.03,0.07
2026-08-03 23:40:18,SOLUSDT,BINANCE,TRADE,74.03,0.068
2026-08-03 23:40:18,SOLUSDT,BINANCE,TRADE,74.03,0.073
2026-08-03 23:40:18,SOLUSDT,BINANCE,TRADE,74.03,0.073
2026-08-03 23:40:18,SOLUSDT,BINANCE,TRADE,74.03,0.073
2026-08-03 23:40:18,SOLUSDT,BINANCE,TRADE,74.03,0.073
2026-08-03 23:40:18,ETHUSDT,BINANCE,TRADE,1871.62,0.0024
2026-08-03 23:40:18,ETHUSDT,BINANCE,TRADE,1871.62,0.0028
2026-08-03 23:40:18,ETHUSDT,BINANCE,TRADE,1871.62,0.0028
2026-08-03 23:40:18,ETHUSDT,BINANCE,TRADE,1871.62,0.0028
2026-08-03 23:40:18,ETHUSDT,BINANCE,TRADE,1871.62,0.4167
2026-08-03 23:40:18,ETHUSDT,BINANCE,TRADE,1871.62,0.0027
2026-08-03 23:40:18,ETHUSDT,BINANCE,TRADE,1871.62,0.0032
2026-08-03 23:40:18,ETHUSDT,BINANCE,TRADE,1871.62,0.0032
2026-08-03 23:40:18,ETHUSDT,BINANCE,TRADE,1871.62,0.0027
2026-08-03 23:40:18,ETHUSDT,BINANCE,TRADE,1871.62,0.0027
2026-08-03 23:40:18,ETHUSDT,BINANCE,TRADE,1871.62,0.0027
2026-08-03 23:40:18,ETHUSDT,BINANCE,TRADE,1871.62,0.0027
2026-08-03 23:40:18,ETHUSDT,BINANCE,TRADE,1871.63,0.0028
2026-08-03 23:40:18,ETHUSDT,BINANCE,TRADE,1871.64,0.0027
2026-08-03 23:40:18,ETHUSDT,BINANCE,TRADE,1871.64,0.0027
2026-08-03 23:40:18,ETHUSDT,BINANCE,TRADE,1871.64,0.0027
2026-08-03 23:40:18,ETHUSDT,BINANCE,TRADE,1871.65,0.05
2026-08-03 23:40:18,ETHUSDT,BINANCE,TRADE,1871.65,0.0027
2026-08-03 23:40:18,ETHUSDT,BINANCE,TRADE,1871.65,0.003
2026-08-03 23:40:18,ETHUSDT,BINANCE,TRADE,1871.65,0.0027
2026-08-03 23:40:18,ETHUSDT,BINANCE,TRADE,1871.67,0.0027
2026-08-03 23:40:18,ETHUSDT,BINANCE,TRADE,1871.67,0.0027
2026-08-03 23:40:18,ETHUSDT,BINANCE,TRADE,1871.67,0.0027
2026-08-03 23:40:18,ETHUSDT,BINANCE,TRADE,1871.67,0.0027
2026-08-03 23:40:18,ETHUSDT,BINANCE,TRADE,1871.67,0.0027
2026-08-03 23:40:18,ETHUSDT,BINANCE,TRADE,1871.68,0.0027
2026-08-03 23:40:18,ETHUSDT,BINANCE,TRADE,1871.68,0.0028
2026-08-03 23:40:18,ETHUSDT,BINANCE,TRADE,1871.68,0.0027
2026-08-03 23:40:18,ETHUSDT,BINANCE,TRADE,1871.68,0.0027
2026-08-03 23:40:18,ETHUSDT,BINANCE,TRADE,1871.68,0.0027
2026-08-03 23:40:18,ETHUSDT,BINANCE,TRADE,1871.68,0.0027
2026-08-03 23:40:18,ETHUSDT,BINANCE,TRADE,1871.71,0.0027
2026-08-03 23:40:18,ETHUSDT,BINANCE,TRADE,1871.71,0.0027
2026-08-03 23:40:18,ETHUSDT,BINANCE,TRADE,1871.71,0.0027
2026-08-03 23:40:18,ETHUSDT,BINANCE,TRADE,1871.71,0.0027
2026-08-03 23:40:18,ETHUSDT,BINANCE,TRADE,1871.71,0.0027
2026-08-03 23:40:18,ETHUSDT,BINANCE,TRADE,1871.72,0.0027
2026-08-03 23:40:18,ETHUSDT,BINANCE,TRADE,1871.72,0.0027
2026-08-03 23:40:18,ETHUSDT,BINANCE,TRADE,1871.72,0.0027
2026-08-03 23:40:18,ETHUSDT,BINANCE,TRADE,1871.72,0.0027
2026-08-03 23:40:18,ETHUSDT,BINANCE,TRADE,1871.72,0.0027
2026-08-03 23:40:18,ETHUSDT,BINANCE,TRADE,1871.72,0.0027
2026-08-03 23:40:18,ETHUSDT,BINANCE,TRADE,1871.72,0.0027
2026-08-03 23:40:18,ETHUSDT,BINANCE,TRADE,1871.73,0.0033
2026-08-03 23:40:18,ETHUSDT,BINANCE,TRADE,1871.73,0.0027
2026-08-03 23:40:18,ETHUSDT,BINANCE,TRADE,1871.73,0.0027
2026-08-03 23:40:18,ETHUSDT,BINANCE,TRADE,1871.73,0.0027
2026-08-03 23:40:18,ETHUSDT,BINANCE,TRADE,1871.73,0.0027
2026-08-03 23:40:18,ETHUSDT,BINANCE,TRADE,1871.73,0.0027
2026-08-03 23:40:18,ETHUSDT,BINANCE,TRADE,1871.73,0.0027
2026-08-03 23:40:18,ETHUSDT,BINANCE,TRADE,1871.73,0.0027
2026-08-03 23:40:18,ETHUSDT,BINANCE,TRADE,1871.73,0.0027
2026-08-03 23:40:18,ETHUSDT,BINANCE,TRADE,1871.74,0.0053
2026-08-03 23:40:18,ETHUSDT,BINANCE,TRADE,1871.75,0.0027
2026-08-03 23:40:18,ETHUSDT,BINANCE,TRADE,1871.75,0.0027
2026-08-03 23:40:18,ETHUSDT,BINANCE,TRADE,1871.76,0.003
2026-08-03 23:40:18,ETHUSDT,BINANCE,TRADE,1871.76,0.0431
2026-08-03 23:40:18,ETHUSDT,BINANCE,TRADE,1871.76,0.0027
2026-08-03 23:40:18,ETHUSDT,BINANCE,TRADE,1871.76,0.0027
2026-08-03 23:40:18,ETHUSDT,BINANCE,TRADE,1871.76,0.0027
2026-08-03 23:40:18,ETHUSDT,BINANCE,TRADE,1871.76,0.0027
2026-08-03 23:40:18,ETHUSDT,BINANCE,TRADE,1871.76,0.0027
2026-08-03 23:40:18,ETHUSDT,BINANCE,TRADE,1871.77,0.0027
2026-08-03 23:40:18,ETHUSDT,BINANCE,TRADE,1871.77,0.0027
2026-08-03 23:40:18,ETHUSDT,BINANCE,TRADE,1871.77,0.0027
2026-08-03 23:40:18,ETHUSDT,BINANCE,TRADE,1871.77,0.0027
2026-08-03 23:40:18,ETHUSDT,BINANCE,TRADE,1871.77,0.0027
2026-08-03 23:40:18,ETHUSDT,BINANCE,TRADE,1871.77,0.0027
2026-08-03 23:40:18,ETHUSDT,BINANCE,TRADE,1871.77,0.0027
2026-08-03 23:40:18,ETHUSDT,BINANCE,TRADE,1871.77,0.0027
2026-08-03 23:40:18,ETHUSDT,BINANCE,TRADE,1871.77,0.0027
2026-08-03 23:40:18,ETHUSDT,BINANCE,TRADE,1871.77,0.0027
2026-08-03 23:40:18,ETHUSDT,BINANCE,TRADE,1871.79,0.0028
2026-08-03 23:40:18,ETHUSDT,BINANCE,TRADE,1871.79,0.0029
2026-08-03 23:40:18,ETHUSDT,BINANCE,TRADE,1871.79,0.0029
2026-08-03 23:40:18,ETHUSDT,BINANCE,TRADE,1871.79,0.0029
2026-08-03 23:40:18,ETHUSDT,BINANCE,TRADE,1871.8,0.0027
2026-08-03 23:40:18,ETHUSDT,BINANCE,TRADE,1871.8,0.0685
2026-08-03 23:40:18,BTCUSDT,BINANCE,TRADE,63924.4,0.01564
2026-08-03 23:40:19,ETHUSDT,BINANCE,TRADE,1871.8,0.0324
2026-08-03 23:40:19,BTCUSDT,BINANCE,TRADE,63924.4,0.00415
2026-08-03 23:40:19,SOLUSDT,BINANCE,TRADE,74.03,5.203
2026-08-03 23:40:19,BTCUSDT,BINANCE,TRADE,63924.4,0.00017
2026-08-03 23:40:19,BTCUSDT,BINANCE,TRADE,63924.4,0.00356
2026-08-03 23:40:19,BTCUSDT,BINANCE,TRADE,63924.4,8e-05
2026-08-03 23:40:19,BTCUSDT,BINANCE,TRADE,63924.4,9e-05
2026-08-03 23:40:19,BTCUSDT,BINANCE,TRADE,63924.4,9e-05
2026-08-03 23:40:19,BTCUSDT,BINANCE,TRADE,63924.4,8e-05
2026-08-03 23:40:19,BTCUSDT,BINANCE,TRADE,63924.4,8e-05
2026-08-03 23:40:19,BTCUSDT,BINANCE,TRADE,63924.4,9e-05
2026-08-03 23:40:19,BTCUSDT,BINANCE,TRADE,63924.4,9e-05
2026-08-03 23:40:19,BTCUSDT,BINANCE,TRADE,63924.4,9e-05
2026-08-03 23:40:19,BTCUSDT,BINANCE,TRADE,63924.4,9e-05
2026-08-03 23:40:19,BTCUSDT,BINANCE,TRADE,63924.4,9e-05
2026-08-03 23:40:19,BTCUSDT,BINANCE,TRADE,63924.4,8e-05
2026-08-03 23:40:19,BTCUSDT,BINANCE,TRADE,63924.4,9e-05
2026-08-03 23:40:19,BTCUSDT,BINANCE,TRADE,63924.4,8e-05
2026-08-03 23:40:19,BTCUSDT,BINANCE,TRADE,63924.4,0.01561
2026-08-03 23:40:19,BTCUSDT,BINANCE,TRADE,63924.4,8e-05
2026-08-03 23:40:19,BTCUSDT,BINANCE,TRADE,63924.4,9e-05
2026-08-03 23:40:19,BTCUSDT,BINANCE,TRADE,63924.4,0.007
2026-08-03 23:40:19,BTCUSDT,BINANCE,TRADE,63924.4,0.0042
2026-08-03 23:40:19,SOLUSDT,BINANCE,TRADE,74.03,0.327
2026-08-03 23:40:20,SOLUSDT,BINANCE,TRADE,74.03,0.135
2026-08-03 23:40:20,ETHUSDT,BINANCE,TRADE,1871.8,0.0714
2026-08-03 23:40:20,BTCUSDT,BINANCE,TRADE,63924.4,0.00059
2026-08-03 23:40:21,SOLUSDT,BINANCE,TRADE,74.03,0.21
2026-08-03 23:40:21,BTCUSDT,BINANCE,TRADE,63924.4,8e-05
2026-08-03 23:40:21,ETHUSDT,BINANCE,TRADE,1871.8,0.053
2026-08-03 23:40:21,SOLUSDT,BINANCE,TRADE,74.03,2.086
2026-08-03 23:40:21,BTCUSDT,BINANCE,TRADE,63924.4,0.00079
2026-08-03 23:40:21,ETHUSDT,BINANCE,TRADE,1871.8,0.0053
2026-08-03 23:40:23,SOLUSDT,BINANCE,TRADE,74.03,0.502
2026-08-03 23:40:23,BTCUSDT,BINANCE,TRADE,63924.4,0.00193
2026-08-03 23:40:23,BTCUSDT,BINANCE,TRADE,63924.4,0.00016
2026-08-03 23:40:23,BTCUSDT,BINANCE,TRADE,63924.4,8e-05
2026-08-03 23:40:23,BTCUSDT,BINANCE,TRADE,63924.4,9e-05
2026-08-03 23:40:23,BTCUSDT,BINANCE,TRADE,63924.4,8e-05
2026-08-03 23:40:23,BTCUSDT,BINANCE,TRADE,63924.4,8e-05
2026-08-03 23:40:23,BTCUSDT,BINANCE,TRADE,63924.4,9e-05
2026-08-03 23:40:23,BTCUSDT,BINANCE,TRADE,63924.4,8e-05
2026-08-03 23:40:23,BTCUSDT,BINANCE,TRADE,63924.4,8e-05
2026-08-03 23:40:23,BTCUSDT,BINANCE,TRADE,63924.4,8e-05
2026-08-03 23:40:23,BTCUSDT,BINANCE,TRADE,63924.4,9e-05
2026-08-03 23:40:23,BTCUSDT,BINANCE,TRADE,63924.4,9e-05
2026-08-03 23:40:23,BTCUSDT,BINANCE,TRADE,63924.4,9e-05
2026-08-03 23:40:23,BTCUSDT,BINANCE,TRADE,63924.4,9e-05
2026-08-03 23:40:23,BTCUSDT,BINANCE,TRADE,63924.4,9e-05
2026-08-03 23:40:23,BTCUSDT,BINANCE,TRADE,63924.4,9e-05
2026-08-03 23:40:23,BTCUSDT,BINANCE,TRADE,63924.4,9e-05
2026-08-03 23:40:23,BTCUSDT,BINANCE,TRADE,63924.4,9e-05
2026-08-03 23:40:23,BTCUSDT,BINANCE,TRADE,63924.4,9e-05
2026-08-03 23:40:23,BTCUSDT,BINANCE,TRADE,63924.4,8e-05
2026-08-03 23:40:23,BTCUSDT,BINANCE,TRADE,63924.4,9e-05
2026-08-03 23:40:23,BTCUSDT,BINANCE,TRADE,63924.4,0.007
2026-08-03 23:40:23,BTCUSDT,BINANCE,TRADE,63924.4,0.00111
2026-08-03 23:40:23,BTCUSDT,BINANCE,TRADE,63924.4,9e-05
2026-08-03 23:40:23,BTCUSDT,BINANCE,TRADE,63924.4,8e-05
2026-08-03 23:40:23,BTCUSDT,BINANCE,TRADE,63924.4,8e-05
2026-08-03 23:40:23,BTCUSDT,BINANCE,TRADE,63924.4,8e-05
2026-08-03 23:40:23,BTCUSDT,BINANCE,TRADE,63924.4,8e-05
2026-08-03 23:40:23,BTCUSDT,BINANCE,TRADE,63924.4,8e-05
2026-08-03 23:40:23,BTCUSDT,BINANCE,TRADE,63924.4,8e-05
2026-08-03 23:40:23,BTCUSDT,BINANCE,TRADE,63924.4,8e-05
2026-08-03 23:40:23,BTCUSDT,BINANCE,TRADE,63924.4,8e-05
2026-08-03 23:40:23,BTCUSDT,BINANCE,TRADE,63924.4,9e-05
2026-08-03 23:40:23,BTCUSDT,BINANCE,TRADE,63924.4,9e-05
2026-08-03 23:40:23,BTCUSDT,BINANCE,TRADE,63924.4,9e-05
2026-08-03 23:40:23,BTCUSDT,BINANCE,TRADE,63924.4,9e-05
2026-08-03 23:40:23,BTCUSDT,BINANCE,TRADE,63924.4,9e-05
2026-08-03 23:40:23,BTCUSDT,BINANCE,TRADE,63924.4,9e-05
2026-08-03 23:40:23,BTCUSDT,BINANCE,TRADE,63924.4,0.00016
2026-08-03 23:40:23,BTCUSDT,BINANCE,TRADE,63924.4,9e-05
2026-08-03 23:40:23,BTCUSDT,BINANCE,TRADE,63924.4,9e-05
2026-08-03 23:40:23,BTCUSDT,BINANCE,TRADE,63924.4,9e-05
2026-08-03 23:40:23,BTCUSDT,BINANCE,TRADE,63924.4,0.00016
2026-08-03 23:40:23,BTCUSDT,BINANCE,TRADE,63925,0.0025
2026-08-03 23:40:23,BTCUSDT,BINANCE,TRADE,63926,9e-05
2026-08-03 23:40:23,BTCUSDT,BINANCE,TRADE,63926,9e-05
2026-08-03 23:40:23,BTCUSDT,BINANCE,TRADE,63926,9e-05
2026-08-03 23:40:23,ETHUSDT,BINANCE,TRADE,1871.8,0.073
2026-08-03 23:40:23,BTCUSDT,BINANCE,TRADE,63926,0.00186
2026-08-03 23:40:24,SOLUSDT,BINANCE,TRADE,74.03,6.916
2026-08-03 23:40:24,SOLUSDT,BINANCE,TRADE,74.04,0.163
2026-08-03 23:40:24,SOLUSDT,BINANCE,TRADE,74.04,0.068
2026-08-03 23:40:24,SOLUSDT,BINANCE,TRADE,74.04,0.055
2026-08-03 23:40:24,SOLUSDT,BINANCE,TRADE,74.04,0.014
2026-08-03 23:40:24,SOLUSDT,BINANCE,TRADE,74.04,0.082
2026-08-03 23:40:24,SOLUSDT,BINANCE,TRADE,74.04,0.278
2026-08-03 23:40:24,SOLUSDT,BINANCE,TRADE,74.04,0.102
2026-08-03 23:40:24,SOLUSDT,BINANCE,TRADE,74.04,0.075
2026-08-03 23:40:24,SOLUSDT,BINANCE,TRADE,74.04,32.062
2026-08-03 23:40:24,SOLUSDT,BINANCE,TRADE,74.04,0.118
2026-08-03 23:40:24,SOLUSDT,BINANCE,TRADE,74.04,0.073
2026-08-03 23:40:24,SOLUSDT,BINANCE,TRADE,74.04,0.073
2026-08-03 23:40:24,SOLUSDT,BINANCE,TRADE,74.04,168.858
2026-08-03 23:40:24,ETHUSDT,BINANCE,TRADE,1871.8,0.1427
2026-08-03 23:40:25,ETHUSDT,BINANCE,TRADE,1871.8,1.3705
2026-08-03 23:40:25,ETHUSDT,BINANCE,TRADE,1871.8,0.0027
2026-08-03 23:40:25,ETHUSDT,BINANCE,TRADE,1871.8,0.0027
2026-08-03 23:40:25,ETHUSDT,BINANCE,TRADE,1871.8,0.0054
2026-08-03 23:40:25,ETHUSDT,BINANCE,TRADE,1871.8,0.0028
2026-08-03 23:40:25,ETHUSDT,BINANCE,TRADE,1871.8,0.0094
2026-08-03 23:40:25,ETHUSDT,BINANCE,TRADE,1871.8,0.0027
2026-08-03 23:40:25,ETHUSDT,BINANCE,TRADE,1871.8,0.0027
2026-08-03 23:40:25,ETHUSDT,BINANCE,TRADE,1871.8,0.0201
2026-08-03 23:40:25,BTCUSDT,BINANCE,TRADE,63926,0.006
2026-08-03 23:40:25,BTCUSDT,BINANCE,TRADE,63926,0.008
2026-08-03 23:40:25,BTCUSDT,BINANCE,TRADE,63926,0.005
2026-08-03 23:40:25,BTCUSDT,BINANCE,TRADE,63926,0.002
2026-08-03 23:40:25,BTCUSDT,BINANCE,TRADE,63926,0.05178
2026-08-03 23:40:25,ETHUSDT,BINANCE,TRADE,1871.79,0.0561
2026-08-03 23:40:25,SOLUSDT,BINANCE,TRADE,74.03,0.162
2026-08-03 23:40:25,ETHUSDT,BINANCE,TRADE,1871.8,0.0741
2026-08-03 23:40:25,SOLUSDT,BINANCE,TRADE,74.03,0.135
2026-08-03 23:40:25,ETHUSDT,BINANCE,TRADE,1871.8,0.2671
2026-08-03 23:40:26,BTCUSDT,BINANCE,TRADE,63926,0.00013
2026-08-03 23:40:26,BTCUSDT,BINANCE,TRADE,63926,0.00011
2026-08-03 23:40:27,ETHUSDT,BINANCE,TRADE,1871.8,0.0026
2026-08-03 23:40:27,SOLUSDT,BINANCE,TRADE,74.04,0.136
2026-08-03 23:40:27,SOLUSDT,BINANCE,TRADE,74.04,0.073
2026-08-03 23:40:27,SOLUSDT,BINANCE,TRADE,74.04,0.035
2026-08-03 23:40:27,BTCUSDT,BINANCE,TRADE,63926,0.01251
2026-08-03 23:40:27,BTCUSDT,BINANCE,TRADE,63926,0.00013
2026-08-03 23:40:27,BTCUSDT,BINANCE,TRADE,63926,0.00041
2026-08-03 23:40:27,BTCUSDT,BINANCE,TRADE,63926,0.00049
2026-08-03 23:40:27,SOLUSDT,BINANCE,TRADE,74.04,0.038
2026-08-03 23:40:27,SOLUSDT,BINANCE,TRADE,74.04,0.073
2026-08-03 23:40:27,SOLUSDT,BINANCE,TRADE,74.04,0.073
2026-08-03 23:40:27,SOLUSDT,BINANCE,TRADE,74.04,0.073
2026-08-03 23:40:27,SOLUSDT,BINANCE,TRADE,74.04,0.073
2026-08-03 23:40:27,SOLUSDT,BINANCE,TRADE,74.04,1.421
2026-08-03 23:40:28,BTCUSDT,BINANCE,TRADE,63926,0.01382
2026-08-03 23:40:28,ETHUSDT,BINANCE,TRADE,1871.8,0.0356
2026-08-03 23:40:28,ETHUSDT,BINANCE,TRADE,1871.8,0.0753
2026-08-03 23:40:29,SOLUSDT,BINANCE,TRADE,74.03,12
2026-08-03 23:40:29,ETHUSDT,BINANCE,TRADE,1871.8,0.0026
2026-08-03 23:40:29,ETHUSDT,BINANCE,TRADE,1871.8,0.0774
2026-08-03 23:40:29,SOLUSDT,BINANCE,TRADE,74.03,0.48
2026-08-03 23:40:29,ETHUSDT,BINANCE,TRADE,1871.79,0.0138
2026-08-03 23:40:29,SOLUSDT,BINANCE,TRADE,74.03,4.835
2026-08-03 23:40:29,SOLUSDT,BINANCE,TRADE,74.04,0.074
2026-08-03 23:40:29,ETHUSDT,BINANCE,TRADE,1871.8,0.0271
2026-08-03 23:40:30,BTCUSDT,BINANCE,TRADE,63926,0.00156
2026-08-03 23:40:30,ETHUSDT,BINANCE,TRADE,1871.79,0.3033
2026-08-03 23:40:30,ETHUSDT,BINANCE,TRADE,1871.8,0.0767
2026-08-03 23:40:30,BTCUSDT,BINANCE,TRADE,63926,0.00068
2026-08-03 23:40:30,BTCUSDT,BINANCE,TRADE,63926,0.00016
2026-08-03 23:40:30,BTCUSDT,BINANCE,TRADE,63926,0.00018
2026-08-03 23:40:30,BTCUSDT,BINANCE,TRADE,63926,0.00032
2026-08-03 23:40:31,ETHUSDT,BINANCE,TRADE,1871.79,0.0059
2026-08-03 23:40:31,SOLUSDT,BINANCE,TRADE,74.03,0.135
2026-08-03 23:40:31,BTCUSDT,BINANCE,TRADE,63926,0.00123
2026-08-03 23:40:31,SOLUSDT,BINANCE,TRADE,74.03,7.831
2026-08-03 23:40:31,SOLUSDT,BINANCE,TRADE,74.03,0.068
2026-08-03 23:40:31,SOLUSDT,BINANCE,TRADE,74.03,0.107
2026-08-03 23:40:31,BTCUSDT,BINANCE,TRADE,63926,0.00016
2026-08-03 23:40:31,BTCUSDT,BINANCE,TRADE,63926,0.00016
2026-08-03 23:40:31,BTCUSDT,BINANCE,TRADE,63926,0.00016
2026-08-03 23:40:31,ETHUSDT,BINANCE,TRADE,1871.8,0.0026
2026-08-03 23:40:31,ETHUSDT,BINANCE,TRADE,1871.79,0.0062
2026-08-03 23:40:32,BTCUSDT,BINANCE,TRADE,63926,0.0001
2026-08-03 23:40:32,SOLUSDT,BINANCE,TRADE,74.04,0.67
2026-08-03 23:40:33,ETHUSDT,BINANCE,TRADE,1871.8,0.0782
2026-08-03 23:40:33,BTCUSDT,BINANCE,TRADE,63926,0.00015
2026-08-03 23:40:33,SOLUSDT,BINANCE,TRADE,74.03,6.616
2026-08-03 23:40:33,BTCUSDT,BINANCE,TRADE,63926,0.00016
2026-08-03 23:40:33,BTCUSDT,BINANCE,TRADE,63926,0.00013
2026-08-03 23:40:33,BTCUSDT,BINANCE,TRADE,63926,0.00118
2026-08-03 23:40:33,BTCUSDT,BINANCE,TRADE,63926,0.00158
2026-08-03 23:40:33,BTCUSDT,BINANCE,TRADE,63926,0.00024
2026-08-03 23:40:33,BTCUSDT,BINANCE,TRADE,63926,0.00032
2026-08-03 23:40:34,BTCUSDT,BINANCE,TRADE,63926,0.00266
2026-08-03 23:40:34,SOLUSDT,BINANCE,TRADE,74.03,8.78
2026-08-03 23:40:34,SOLUSDT,BINANCE,TRADE,74.03,0.278
2026-08-03 23:40:34,SOLUSDT,BINANCE,TRADE,74.03,0.136
2026-08-03 23:40:34,SOLUSDT,BINANCE,TRADE,74.03,0.806
2026-08-03 23:40:34,BTCUSDT,BINANCE,TRADE,63926,0.01012
2026-08-03 23:40:34,BTCUSDT,BINANCE,TRADE,63926,0.00024
2026-08-03 23:40:34,SOLUSDT,BINANCE,TRADE,74.03,6.754
2026-08-03 23:40:34,BTCUSDT,BINANCE,TRADE,63926,0.00014
2026-08-03 23:40:34,BTCUSDT,BINANCE,TRADE,63926,0.00047
2026-08-03 23:40:34,SOLUSDT,BINANCE,TRADE,74.03,11.791
2026-08-03 23:40:35,ETHUSDT,BINANCE,TRADE,1871.79,2.2859
2026-08-03 23:40:35,ETHUSDT,BINANCE,TRADE,1871.79,1.5175
2026-08-03 23:40:35,BTCUSDT,BINANCE,TRADE,63926,0.00289
2026-08-03 23:40:35,BTCUSDT,BINANCE,TRADE,63926,9e-05
2026-08-03 23:40:35,BTCUSDT,BINANCE,TRADE,63926,9e-05
2026-08-03 23:40:35,BTCUSDT,BINANCE,TRADE,63926,6e-05
2026-08-03 23:40:35,BTCUSDT,BINANCE,TRADE,63926,2e-05
2026-08-03 23:40:35,BTCUSDT,BINANCE,TRADE,63926,8e-05
2026-08-03 23:40:35,BTCUSDT,BINANCE,TRADE,63926,0.00041
2026-08-03 23:40:35,ETHUSDT,BINANCE,TRADE,1871.8,0.0801
2026-08-03 23:40:35,SOLUSDT,BINANCE,TRADE,74.03,5
2026-08-03 23:40:36,BTCUSDT,BINANCE,TRADE,63926,0.00016
2026-08-03 23:40:36,SOLUSDT,BINANCE,TRADE,74.04,0.27
2026-08-03 23:40:36,BTCUSDT,BINANCE,TRADE,63926,0.00024
2026-08-03 23:40:36,BTCUSDT,BINANCE,TRADE,63926,0.00094
2026-08-03 23:40:36,BTCUSDT,BINANCE,TRADE,63926,0.00013
2026-08-03 23:40:36,BTCUSDT,BINANCE,TRADE,63926,0.00019
2026-08-03 23:40:36,BTCUSDT,BINANCE,TRADE,63926,0.00016
2026-08-03 23:40:36,BTCUSDT,BINANCE,TRADE,63926,0.00011
2026-08-03 23:40:37,BTCUSDT,BINANCE,TRADE,63926,0.03128
2026-08-03 23:40:37,SOLUSDT,BINANCE,TRADE,74.03,2.325
2026-08-03 23:40:37,BTCUSDT,BINANCE,TRADE,63926,0.00661
2026-08-03 23:40:37,BTCUSDT,BINANCE,TRADE,63926,0.03142
2026-08-03 23:40:37,BTCUSDT,BINANCE,TRADE,63926,0.04801
2026-08-03 23:40:37,BTCUSDT,BINANCE,TRADE,63926,0.00156
2026-08-03 23:40:37,ETHUSDT,BINANCE,TRADE,1871.8,0.1204
2026-08-03 23:40:37,ETHUSDT,BINANCE,TRADE,1871.79,0.1828
2026-08-03 23:40:37,SOLUSDT,BINANCE,TRADE,74.04,0.544
2026-08-03 23:40:37,SOLUSDT,BINANCE,TRADE,74.04,0.095
2026-08-03 23:40:38,ETHUSDT,BINANCE,TRADE,1871.8,0.0822
2026-08-03 23:40:38,BTCUSDT,BINANCE,TRADE,63926,0.0099
2026-08-03 23:40:39,SOLUSDT,BINANCE,TRADE,74.03,1.167
2026-08-03 23:40:39,BTCUSDT,BINANCE,TRADE,63926,0.00041
2026-08-03 23:40:39,BTCUSDT,BINANCE,TRADE,63926,0.00041
2026-08-03 23:40:39,SOLUSDT,BINANCE,TRADE,74.04,0.432
2026-08-03 23:40:40,SOLUSDT,BINANCE,TRADE,74.04,0.278
2026-08-03 23:40:40,SOLUSDT,BINANCE,TRADE,74.03,0.115
2026-08-03 23:40:40,BTCUSDT,BINANCE,TRADE,63926,0.00693
2026-08-03 23:40:40,BTCUSDT,BINANCE,TRADE,63926,0.00203
2026-08-03 23:40:40,ETHUSDT,BINANCE,TRADE,1871.79,1.2997
2026-08-03 23:40:40,ETHUSDT,BINANCE,TRADE,1871.79,1.4236
2026-08-03 23:40:40,ETHUSDT,BINANCE,TRADE,1871.79,0.8513
2026-08-03 23:40:40,ETHUSDT,BINANCE,TRADE,1871.79,1.728
2026-08-03 23:40:40,ETHUSDT,BINANCE,TRADE,1871.79,6.732
2026-08-03 23:40:40,ETHUSDT,BINANCE,TRADE,1871.79,4.2783
2026-08-03 23:40:40,ETHUSDT,BINANCE,TRADE,1871.79,0.583
2026-08-03 23:40:40,ETHUSDT,BINANCE,TRADE,1871.79,3.889
2026-08-03 23:40:40,ETHUSDT,BINANCE,TRADE,1871.79,1.7837
2026-08-03 23:40:40,ETHUSDT,BINANCE,TRADE,1871.79,0.0027
2026-08-03 23:40:40,ETHUSDT,BINANCE,TRADE,1871.79,2.6035
2026-08-03 23:40:40,ETHUSDT,BINANCE,TRADE,1871.8,0.003
2026-08-03 23:40:40,BTCUSDT,BINANCE,TRADE,63926,0.0001
2026-08-03 23:40:40,BTCUSDT,BINANCE,TRADE,63926,0.00024
2026-08-03 23:40:40,BTCUSDT,BINANCE,TRADE,63926,9e-05
2026-08-03 23:40:40,BTCUSDT,BINANCE,TRADE,63926,9e-05
2026-08-03 23:40:40,BTCUSDT,BINANCE,TRADE,63926,9e-05
2026-08-03 23:40:40,BTCUSDT,BINANCE,TRADE,63926,9e-05
2026-08-03 23:40:40,BTCUSDT,BINANCE,TRADE,63926,9e-05
2026-08-03 23:40:40,BTCUSDT,BINANCE,TRADE,63926,8e-05
2026-08-03 23:40:40,BTCUSDT,BINANCE,TRADE,63926,9e-05
2026-08-03 23:40:40,BTCUSDT,BINANCE,TRADE,63926,8e-05
2026-08-03 23:40:40,BTCUSDT,BINANCE,TRADE,63926,0.00057
2026-08-03 23:40:40,BTCUSDT,BINANCE,TRADE,63926,0.00127
2026-08-03 23:40:40,BTCUSDT,BINANCE,TRADE,63926,0.00127
2026-08-03 23:40:40,SOLUSDT,BINANCE,TRADE,74.04,0.41
2026-08-03 23:40:40,ETHUSDT,BINANCE,TRADE,1871.8,0.0855
2026-08-03 23:40:40,ETHUSDT,BINANCE,TRADE,1871.79,0.1863
2026-08-03 23:40:40,ETHUSDT,BINANCE,TRADE,1871.79,0.0027
2026-08-03 23:40:40,ETHUSDT,BINANCE,TRADE,1871.79,0.0027
2026-08-03 23:40:40,ETHUSDT,BINANCE,TRADE,1871.79,0.0028
2026-08-03 23:40:40,ETHUSDT,BINANCE,TRADE,1871.79,0.0054
2026-08-03 23:40:40,ETHUSDT,BINANCE,TRADE,1871.79,0.0027
2026-08-03 23:40:40,ETHUSDT,BINANCE,TRADE,1871.79,0.0027
2026-08-03 23:40:40,ETHUSDT,BINANCE,TRADE,1871.79,0.0027
2026-08-03 23:40:40,ETHUSDT,BINANCE,TRADE,1871.79,0.0027
2026-08-03 23:40:40,ETHUSDT,BINANCE,TRADE,1871.79,0.0028
2026-08-03 23:40:40,ETHUSDT,BINANCE,TRADE,1871.79,0.0027
2026-08-03 23:40:40,ETHUSDT,BINANCE,TRADE,1871.79,0.0027
2026-08-03 23:40:40,ETHUSDT,BINANCE,TRADE,1871.79,0.287
2026-08-03 23:40:41,ETHUSDT,BINANCE,TRADE,1871.79,0.0099
2026-08-03 23:40:41,ETHUSDT,BINANCE,TRADE,1871.79,0.5356
2026-08-03 23:40:41,ETHUSDT,BINANCE,TRADE,1871.79,0.0032
2026-08-03 23:40:41,ETHUSDT,BINANCE,TRADE,1871.79,0.4626
2026-08-03 23:40:42,SOLUSDT,BINANCE,TRADE,74.03,1.644
2026-08-03 23:40:42,SOLUSDT,BINANCE,TRADE,74.03,5.51
2026-08-03 23:40:42,SOLUSDT,BINANCE,TRADE,74.03,0.22
2026-08-03 23:40:42,SOLUSDT,BINANCE,TRADE,74.03,0.547
2026-08-03 23:40:42,SOLUSDT,BINANCE,TRADE,74.03,1.416
2026-08-03 23:40:42,BTCUSDT,BINANCE,TRADE,63926,0.00014
2026-08-03 23:40:43,SOLUSDT,BINANCE,TRADE,74.03,0.27
2026-08-03 23:40:43,ETHUSDT,BINANCE,TRADE,1871.8,0.0027
2026-08-03 23:40:43,ETHUSDT,BINANCE,TRADE,1871.8,0.0027
2026-08-03 23:40:43,ETHUSDT,BINANCE,TRADE,1871.8,0.0832
2026-08-03 23:40:43,BTCUSDT,BINANCE,TRADE,63926,0.0016
2026-08-03 23:40:43,BTCUSDT,BINANCE,TRADE,63926,0.00041
2026-08-03 23:40:44,SOLUSDT,BINANCE,TRADE,74.03,0.474
2026-08-03 23:40:44,SOLUSDT,BINANCE,TRADE,74.04,0.136
2026-08-03 23:40:44,SOLUSDT,BINANCE,TRADE,74.03,5.347
2026-08-03 23:40:44,SOLUSDT,BINANCE,TRADE,74.03,83.067
2026-08-03 23:40:44,SOLUSDT,BINANCE,TRADE,74.03,0.251
2026-08-03 23:40:44,SOLUSDT,BINANCE,TRADE,74.03,10.856
2026-08-03 23:40:44,SOLUSDT,BINANCE,TRADE,74.03,0.291
2026-08-03 23:40:44,SOLUSDT,BINANCE,TRADE,74.03,0.071
2026-08-03 23:40:44,SOLUSDT,BINANCE,TRADE,74.03,0.068
2026-08-03 23:40:44,SOLUSDT,BINANCE,TRADE,74.03,2.704
2026-08-03 23:40:44,SOLUSDT,BINANCE,TRADE,74.03,0.278
2026-08-03 23:40:44,SOLUSDT,BINANCE,TRADE,74.03,0.136
2026-08-03 23:40:44,SOLUSDT,BINANCE,TRADE,74.03,8.78
2026-08-03 23:40:44,SOLUSDT,BINANCE,TRADE,74.03,2.944
2026-08-03 23:40:44,SOLUSDT,BINANCE,TRADE,74.03,10
2026-08-03 23:40:44,SOLUSDT,BINANCE,TRADE,74.03,0.5
2026-08-03 23:40:44,SOLUSDT,BINANCE,TRADE,74.03,2.475
2026-08-03 23:40:44,SOLUSDT,BINANCE,TRADE,74.03,0.257
2026-08-03 23:40:44,SOLUSDT,BINANCE,TRADE,74.03,7.02
2026-08-03 23:40:44,SOLUSDT,BINANCE,TRADE,74.03,0.247
2026-08-03 23:40:44,SOLUSDT,BINANCE,TRADE,74.03,1.106
2026-08-03 23:40:45,SOLUSDT,BINANCE,TRADE,74.03,31.542
2026-08-03 23:40:45,SOLUSDT,BINANCE,TRADE,74.03,0.071
2026-08-03 23:40:45,SOLUSDT,BINANCE,TRADE,74.03,0.068
2026-08-03 23:40:45,SOLUSDT,BINANCE,TRADE,74.03,0.278
2026-08-03 23:40:45,SOLUSDT,BINANCE,TRADE,74.03,0.136
2026-08-03 23:40:45,SOLUSDT,BINANCE,TRADE,74.03,0.246
2026-08-03 23:40:45,SOLUSDT,BINANCE,TRADE,74.03,8.072
2026-08-03 23:40:45,SOLUSDT,BINANCE,TRADE,74.03,13.28
2026-08-03 23:40:45,SOLUSDT,BINANCE,TRADE,74.03,0.5
2026-08-03 23:40:45,SOLUSDT,BINANCE,TRADE,74.02,0.136
2026-08-03 23:40:45,SOLUSDT,BINANCE,TRADE,74.02,0.071
2026-08-03 23:40:45,SOLUSDT,BINANCE,TRADE,74.02,0.278
2026-08-03 23:40:45,SOLUSDT,BINANCE,TRADE,74.02,0.071
2026-08-03 23:40:45,SOLUSDT,BINANCE,TRADE,74.02,0.068
2026-08-03 23:40:45,SOLUSDT,BINANCE,TRADE,74.02,13.127
2026-08-03 23:40:45,SOLUSDT,BINANCE,TRADE,74.02,0.5
2026-08-03 23:40:45,SOLUSDT,BINANCE,TRADE,74.02,2.05
2026-08-03 23:40:45,SOLUSDT,BINANCE,TRADE,74.02,0.102
2026-08-03 23:40:45,SOLUSDT,BINANCE,TRADE,74.02,0.069
2026-08-03 23:40:45,SOLUSDT,BINANCE,TRADE,74.02,1.439
2026-08-03 23:40:45,SOLUSDT,BINANCE,TRADE,74.02,0.071
2026-08-03 23:40:45,SOLUSDT,BINANCE,TRADE,74.01,0.068
2026-08-03 23:40:45,SOLUSDT,BINANCE,TRADE,74.01,0.278
2026-08-03 23:40:45,SOLUSDT,BINANCE,TRADE,74.01,0.136
2026-08-03 23:40:45,SOLUSDT,BINANCE,TRADE,74.01,35.112
2026-08-03 23:40:45,SOLUSDT,BINANCE,TRADE,74.01,0.5
2026-08-03 23:40:45,SOLUSDT,BINANCE,TRADE,74.01,0.102
2026-08-03 23:40:45,SOLUSDT,BINANCE,TRADE,74.01,0.069
2026-08-03 23:40:45,SOLUSDT,BINANCE,TRADE,74.01,0.068
2026-08-03 23:40:45,SOLUSDT,BINANCE,TRADE,74.01,7.294
2026-08-03 23:40:45,SOLUSDT,BINANCE,TRADE,74.01,12.716
2026-08-03 23:40:45,SOLUSDT,BINANCE,TRADE,74.01,0.075
2026-08-03 23:40:45,SOLUSDT,BINANCE,TRADE,74.01,2
2026-08-03 23:40:45,SOLUSDT,BINANCE,TRADE,74.01,0.071
2026-08-03 23:40:45,SOLUSDT,BINANCE,TRADE,74.01,0.07
2026-08-03 23:40:45,SOLUSDT,BINANCE,TRADE,74.01,0.068
2026-08-03 23:40:45,ETHUSDT,BINANCE,TRADE,1871.79,0.003
2026-08-03 23:40:45,SOLUSDT,BINANCE,TRADE,74,0.068
2026-08-03 23:40:45,SOLUSDT,BINANCE,TRADE,74,0.278
2026-08-03 23:40:45,SOLUSDT,BINANCE,TRADE,74,0.5
2026-08-03 23:40:45,SOLUSDT,BINANCE,TRADE,74,0.102
2026-08-03 23:40:45,SOLUSDT,BINANCE,TRADE,74,0.069
2026-08-03 23:40:45,SOLUSDT,BINANCE,TRADE,74,0.075
2026-08-03 23:40:45,SOLUSDT,BINANCE,TRADE,74,0.261
2026-08-03 23:40:45,ETHUSDT,BINANCE,TRADE,1871.79,0.0027
2026-08-03 23:40:45,ETHUSDT,BINANCE,TRADE,1871.79,0.0027
2026-08-03 23:40:45,ETHUSDT,BINANCE,TRADE,1871.79,0.0027
2026-08-03 23:40:45,ETHUSDT,BINANCE,TRADE,1871.79,0.0027
2026-08-03 23:40:45,ETHUSDT,BINANCE,TRADE,1871.79,0.0028
2026-08-03 23:40:45,ETHUSDT,BINANCE,TRADE,1871.79,0.0028
2026-08-03 23:40:45,ETHUSDT,BINANCE,TRADE,1871.79,0.0054
2026-08-03 23:40:45,ETHUSDT,BINANCE,TRADE,1871.79,0.0027
2026-08-03 23:40:45,ETHUSDT,BINANCE,TRADE,1871.79,0.133
2026-08-03 23:40:45,ETHUSDT,BINANCE,TRADE,1871.79,0.0028
2026-08-03 23:40:45,ETHUSDT,BINANCE,TRADE,1871.79,0.0028
2026-08-03 23:40:45,ETHUSDT,BINANCE,TRADE,1871.79,0.0028
2026-08-03 23:40:45,ETHUSDT,BINANCE,TRADE,1871.79,0.1229
2026-08-03 23:40:45,ETHUSDT,BINANCE,TRADE,1871.79,0.0028
2026-08-03 23:40:45,ETHUSDT,BINANCE,TRADE,1871.79,0.0028
2026-08-03 23:40:45,ETHUSDT,BINANCE,TRADE,1871.79,0.0032
2026-08-03 23:40:45,ETHUSDT,BINANCE,TRADE,1871.79,0.0032
2026-08-03 23:40:45,ETHUSDT,BINANCE,TRADE,1871.79,0.0028
2026-08-03 23:40:45,ETHUSDT,BINANCE,TRADE,1871.79,0.0027
2026-08-03 23:40:45,ETHUSDT,BINANCE,TRADE,1871.79,0.0027
2026-08-03 23:40:45,ETHUSDT,BINANCE,TRADE,1871.79,0.0027
2026-08-03 23:40:45,ETHUSDT,BINANCE,TRADE,1871.79,0.0027
2026-08-03 23:40:45,ETHUSDT,BINANCE,TRADE,1871.79,0.1229
2026-08-03 23:40:45,ETHUSDT,BINANCE,TRADE,1871.79,0.0027
2026-08-03 23:40:45,ETHUSDT,BINANCE,TRADE,1871.79,0.0027
2026-08-03 23:40:45,ETHUSDT,BINANCE,TRADE,1871.79,0.0027
2026-08-03 23:40:45,ETHUSDT,BINANCE,TRADE,1871.79,0.0027
2026-08-03 23:40:45,ETHUSDT,BINANCE,TRADE,1871.79,0.1229
2026-08-03 23:40:45,ETHUSDT,BINANCE,TRADE,1871.79,0.0027
2026-08-03 23:40:45,ETHUSDT,BINANCE,TRADE,1871.79,0.0027
2026-08-03 23:40:45,ETHUSDT,BINANCE,TRADE,1871.79,0.0027
2026-08-03 23:40:45,ETHUSDT,BINANCE,TRADE,1871.79,0.0027
2026-08-03 23:40:45,ETHUSDT,BINANCE,TRADE,1871.79,0.1229
2026-08-03 23:40:45,ETHUSDT,BINANCE,TRADE,1871.79,0.1229
2026-08-03 23:40:45,ETHUSDT,BINANCE,TRADE,1871.79,0.1229
2026-08-03 23:40:45,ETHUSDT,BINANCE,TRADE,1871.79,0.1229
2026-08-03 23:40:45,ETHUSDT,BINANCE,TRADE,1871.79,0.1229
2026-08-03 23:40:45,ETHUSDT,BINANCE,TRADE,1871.79,0.1229
2026-08-03 23:40:45,ETHUSDT,BINANCE,TRADE,1871.79,0.1229
2026-08-03 23:40:45,ETHUSDT,BINANCE,TRADE,1871.79,0.1229
2026-08-03 23:40:45,ETHUSDT,BINANCE,TRADE,1871.79,0.1229
2026-08-03 23:40:45,ETHUSDT,BINANCE,TRADE,1871.79,0.1229
2026-08-03 23:40:45,ETHUSDT,BINANCE,TRADE,1871.79,0.1229
2026-08-03 23:40:45,ETHUSDT,BINANCE,TRADE,1871.79,0.1229
2026-08-03 23:40:45,ETHUSDT,BINANCE,TRADE,1871.79,0.1229
2026-08-03 23:40:45,ETHUSDT,BINANCE,TRADE,1871.79,0.1229
2026-08-03 23:40:45,ETHUSDT,BINANCE,TRADE,1871.79,0.1229
2026-08-03 23:40:45,ETHUSDT,BINANCE,TRADE,1871.79,0.1229
2026-08-03 23:40:45,ETHUSDT,BINANCE,TRADE,1871.79,0.1229
2026-08-03 23:40:45,ETHUSDT,BINANCE,TRADE,1871.79,0.1229
2026-08-03 23:40:45,ETHUSDT,BINANCE,TRADE,1871.79,0.113
2026-08-03 23:40:45,ETHUSDT,BINANCE,TRADE,1871.79,0.0099
2026-08-03 23:40:45,ETHUSDT,BINANCE,TRADE,1871.79,0.0028
2026-08-03 23:40:45,ETHUSDT,BINANCE,TRADE,1871.79,0.0054
2026-08-03 23:40:45,ETHUSDT,BINANCE,TRADE,1871.79,0.0032
2026-08-03 23:40:45,ETHUSDT,BINANCE,TRADE,1871.79,0.0028
2026-08-03 23:40:45,ETHUSDT,BINANCE,TRADE,1871.79,0.0028
2026-08-03 23:40:45,ETHUSDT,BINANCE,TRADE,1871.79,0.0028
2026-08-03 23:40:45,ETHUSDT,BINANCE,TRADE,1871.79,0.0032
2026-08-03 23:40:45,ETHUSDT,BINANCE,TRADE,1871.79,0.0028
2026-08-03 23:40:45,ETHUSDT,BINANCE,TRADE,1871.79,0.0028
2026-08-03 23:40:45,ETHUSDT,BINANCE,TRADE,1871.79,0.1229
2026-08-03 23:40:45,ETHUSDT,BINANCE,TRADE,1871.79,0.1229
2026-08-03 23:40:45,ETHUSDT,BINANCE,TRADE,1871.79,0.1229
2026-08-03 23:40:45,ETHUSDT,BINANCE,TRADE,1871.79,0.1168
2026-08-03 23:40:45,ETHUSDT,BINANCE,TRADE,1871.78,0.0054
2026-08-03 23:40:45,ETHUSDT,BINANCE,TRADE,1871.78,0.0028
2026-08-03 23:40:45,ETHUSDT,BINANCE,TRADE,1871.78,0.0029
2026-08-03 23:40:45,ETHUSDT,BINANCE,TRADE,1871.78,0.0029
2026-08-03 23:40:45,ETHUSDT,BINANCE,TRADE,1871.78,0.0028
2026-08-03 23:40:45,ETHUSDT,BINANCE,TRADE,1871.78,0.0028
2026-08-03 23:40:45,ETHUSDT,BINANCE,TRADE,1871.78,0.0028
2026-08-03 23:40:45,ETHUSDT,BINANCE,TRADE,1871.78,0.0027
2026-08-03 23:40:45,ETHUSDT,BINANCE,TRADE,1871.78,0.0029
2026-08-03 23:40:45,ETHUSDT,BINANCE,TRADE,1871.78,0.0027
2026-08-03 23:40:45,ETHUSDT,BINANCE,TRADE,1871.77,0.0054
2026-08-03 23:40:45,ETHUSDT,BINANCE,TRADE,1871.77,0.0028
2026-08-03 23:40:45,ETHUSDT,BINANCE,TRADE,1871.77,0.2175
2026-08-03 23:40:45,ETHUSDT,BINANCE,TRADE,1871.77,0.0027
2026-08-03 23:40:45,ETHUSDT,BINANCE,TRADE,1871.77,0.0032
2026-08-03 23:40:45,ETHUSDT,BINANCE,TRADE,1871.77,0.0032
2026-08-03 23:40:45,ETHUSDT,BINANCE,TRADE,1871.77,0.0028
2026-08-03 23:40:45,ETHUSDT,BINANCE,TRADE,1871.77,0.0027
2026-08-03 23:40:45,ETHUSDT,BINANCE,TRADE,1871.77,0.0028
2026-08-03 23:40:45,ETHUSDT,BINANCE,TRADE,1871.77,0.0028
2026-08-03 23:40:45,ETHUSDT,BINANCE,TRADE,1871.77,0.0028
2026-08-03 23:40:45,ETHUSDT,BINANCE,TRADE,1871.77,0.0028
2026-08-03 23:40:45,ETHUSDT,BINANCE,TRADE,1871.77,0.0028
2026-08-03 23:40:45,ETHUSDT,BINANCE,TRADE,1871.77,0.0028
2026-08-03 23:40:45,ETHUSDT,BINANCE,TRADE,1871.77,0.0028
2026-08-03 23:40:45,ETHUSDT,BINANCE,TRADE,1871.77,0.0028
2026-08-03 23:40:45,ETHUSDT,BINANCE,TRADE,1871.77,0.0028
2026-08-03 23:40:45,ETHUSDT,BINANCE,TRADE,1871.77,0.0027
2026-08-03 23:40:45,ETHUSDT,BINANCE,TRADE,1871.76,0.0027
2026-08-03 23:40:45,ETHUSDT,BINANCE,TRADE,1871.76,0.0028
2026-08-03 23:40:45,ETHUSDT,BINANCE,TRADE,1871.76,0.0028
2026-08-03 23:40:45,ETHUSDT,BINANCE,TRADE,1871.76,0.0027
2026-08-03 23:40:45,ETHUSDT,BINANCE,TRADE,1871.76,0.0027
2026-08-03 23:40:45,ETHUSDT,BINANCE,TRADE,1871.76,0.0027
2026-08-03 23:40:45,ETHUSDT,BINANCE,TRADE,1871.76,0.0028
2026-08-03 23:40:45,ETHUSDT,BINANCE,TRADE,1871.76,0.0028
2026-08-03 23:40:45,ETHUSDT,BINANCE,TRADE,1871.76,0.0028
2026-08-03 23:40:45,ETHUSDT,BINANCE,TRADE,1871.76,0.0027
2026-08-03 23:40:45,ETHUSDT,BINANCE,TRADE,1871.76,0.0027
2026-08-03 23:40:45,ETHUSDT,BINANCE,TRADE,1871.76,0.0027
2026-08-03 23:40:45,ETHUSDT,BINANCE,TRADE,1871.76,0.0027
2026-08-03 23:40:45,ETHUSDT,BINANCE,TRADE,1871.75,0.0027
2026-08-03 23:40:45,ETHUSDT,BINANCE,TRADE,1871.75,0.0028
2026-08-03 23:40:45,ETHUSDT,BINANCE,TRADE,1871.75,0.0027
2026-08-03 23:40:45,ETHUSDT,BINANCE,TRADE,1871.75,0.0027
2026-08-03 23:40:45,ETHUSDT,BINANCE,TRADE,1871.75,0.0027
2026-08-03 23:40:45,ETHUSDT,BINANCE,TRADE,1871.75,0.0027
2026-08-03 23:40:45,ETHUSDT,BINANCE,TRADE,1871.75,0.0027
2026-08-03 23:40:45,ETHUSDT,BINANCE,TRADE,1871.75,0.0027
2026-08-03 23:40:45,ETHUSDT,BINANCE,TRADE,1871.75,0.0027
2026-08-03 23:40:45,ETHUSDT,BINANCE,TRADE,1871.75,0.0027
2026-08-03 23:40:45,ETHUSDT,BINANCE,TRADE,1871.75,0.0027
2026-08-03 23:40:45,ETHUSDT,BINANCE,TRADE,1871.74,0.0028
2026-08-03 23:40:45,ETHUSDT,BINANCE,TRADE,1871.74,0.0028
2026-08-03 23:40:45,ETHUSDT,BINANCE,TRADE,1871.73,0.0027
2026-08-03 23:40:45,ETHUSDT,BINANCE,TRADE,1871.73,0.0027
2026-08-03 23:40:45,ETHUSDT,BINANCE,TRADE,1871.73,0.0028
2026-08-03 23:40:45,ETHUSDT,BINANCE,TRADE,1871.73,0.0027
2026-08-03 23:40:45,ETHUSDT,BINANCE,TRADE,1871.71,0.0028
2026-08-03 23:40:45,ETHUSDT,BINANCE,TRADE,1871.7,0.0028
2026-08-03 23:40:45,ETHUSDT,BINANCE,TRADE,1871.69,0.0028
2026-08-03 23:40:45,ETHUSDT,BINANCE,TRADE,1871.68,0.0027
2026-08-03 23:40:45,ETHUSDT,BINANCE,TRADE,1871.68,0.0027
2026-08-03 23:40:45,ETHUSDT,BINANCE,TRADE,1871.68,0.0029
2026-08-03 23:40:45,ETHUSDT,BINANCE,TRADE,1871.68,0.0029
2026-08-03 23:40:45,ETHUSDT,BINANCE,TRADE,1871.68,0.0028
2026-08-03 23:40:45,ETHUSDT,BINANCE,TRADE,1871.68,0.0027
2026-08-03 23:40:45,ETHUSDT,BINANCE,TRADE,1871.68,0.0027
2026-08-03 23:40:45,ETHUSDT,BINANCE,TRADE,1871.68,0.0029
2026-08-03 23:40:45,ETHUSDT,BINANCE,TRADE,1871.67,0.0028
2026-08-03 23:40:45,ETHUSDT,BINANCE,TRADE,1871.67,0.0032
2026-08-03 23:40:45,ETHUSDT,BINANCE,TRADE,1871.67,0.0032
2026-08-03 23:40:45,ETHUSDT,BINANCE,TRADE,1871.67,0.0028
2026-08-03 23:40:45,ETHUSDT,BINANCE,TRADE,1871.67,0.0027
2026-08-03 23:40:45,ETHUSDT,BINANCE,TRADE,1871.67,0.0028
2026-08-03 23:40:45,ETHUSDT,BINANCE,TRADE,1871.67,0.0028
2026-08-03 23:40:45,ETHUSDT,BINANCE,TRADE,1871.67,0.0027
2026-08-03 23:40:45,ETHUSDT,BINANCE,TRADE,1871.67,0.0028
2026-08-03 23:40:45,ETHUSDT,BINANCE,TRADE,1871.67,0.0028
2026-08-03 23:40:45,ETHUSDT,BINANCE,TRADE,1871.67,0.0027
2026-08-03 23:40:45,ETHUSDT,BINANCE,TRADE,1871.67,0.0028
2026-08-03 23:40:45,ETHUSDT,BINANCE,TRADE,1871.67,0.0028
2026-08-03 23:40:45,ETHUSDT,BINANCE,TRADE,1871.67,0.0028
2026-08-03 23:40:45,ETHUSDT,BINANCE,TRADE,1871.67,0.0028
2026-08-03 23:40:45,ETHUSDT,BINANCE,TRADE,1871.67,0.0028
2026-08-03 23:40:45,ETHUSDT,BINANCE,TRADE,1871.67,0.0028
2026-08-03 23:40:45,ETHUSDT,BINANCE,TRADE,1871.67,0.0027
2026-08-03 23:40:45,ETHUSDT,BINANCE,TRADE,1871.67,0.0027
2026-08-03 23:40:45,ETHUSDT,BINANCE,TRADE,1871.67,0.0027
2026-08-03 23:40:45,ETHUSDT,BINANCE,TRADE,1871.67,0.0027
2026-08-03 23:40:45,ETHUSDT,BINANCE,TRADE,1871.67,0.0027
2026-08-03 23:40:45,ETHUSDT,BINANCE,TRADE,1871.67,0.0027
2026-08-03 23:40:45,ETHUSDT,BINANCE,TRADE,1871.67,0.0027
2026-08-03 23:40:45,ETHUSDT,BINANCE,TRADE,1871.67,0.0027
2026-08-03 23:40:45,ETHUSDT,BINANCE,TRADE,1871.67,0.0027
2026-08-03 23:40:45,SOLUSDT,BINANCE,TRADE,74,0.15
2026-08-03 23:40:45,SOLUSDT,BINANCE,TRADE,74,0.071
2026-08-03 23:40:45,SOLUSDT,BINANCE,TRADE,74,0.071
2026-08-03 23:40:45,SOLUSDT,BINANCE,TRADE,74,0.214
2026-08-03 23:40:45,SOLUSDT,BINANCE,TRADE,74,0.278
2026-08-03 23:40:45,SOLUSDT,BINANCE,TRADE,74,0.068
2026-08-03 23:40:45,SOLUSDT,BINANCE,TRADE,74,0.07
2026-08-03 23:40:45,SOLUSDT,BINANCE,TRADE,74,0.406
2026-08-03 23:40:45,SOLUSDT,BINANCE,TRADE,74,0.071
2026-08-03 23:40:45,ETHUSDT,BINANCE,TRADE,1871.67,0.0028
2026-08-03 23:40:45,ETHUSDT,BINANCE,TRADE,1871.67,0.0028
2026-08-03 23:40:45,ETHUSDT,BINANCE,TRADE,1871.67,0.0028
2026-08-03 23:40:45,ETHUSDT,BINANCE,TRADE,1871.67,0.0027
2026-08-03 23:40:45,ETHUSDT,BINANCE,TRADE,1871.67,0.0028
2026-08-03 23:40:45,ETHUSDT,BINANCE,TRADE,1871.67,0.0028
2026-08-03 23:40:45,ETHUSDT,BINANCE,TRADE,1871.67,0.0027
2026-08-03 23:40:45,ETHUSDT,BINANCE,TRADE,1871.67,0.0028
2026-08-03 23:40:45,ETHUSDT,BINANCE,TRADE,1871.67,0.0028
2026-08-03 23:40:45,ETHUSDT,BINANCE,TRADE,1871.67,0.0028
2026-08-03 23:40:45,ETHUSDT,BINANCE,TRADE,1871.67,0.0028
2026-08-03 23:40:45,ETHUSDT,BINANCE,TRADE,1871.67,0.0028
2026-08-03 23:40:45,ETHUSDT,BINANCE,TRADE,1871.67,0.0028
2026-08-03 23:40:45,ETHUSDT,BINANCE,TRADE,1871.67,0.0028
2026-08-03 23:40:45,ETHUSDT,BINANCE,TRADE,1871.67,0.0027
2026-08-03 23:40:45,ETHUSDT,BINANCE,TRADE,1871.67,0.0027
2026-08-03 23:40:45,ETHUSDT,BINANCE,TRADE,1871.67,0.0027
2026-08-03 23:40:45,ETHUSDT,BINANCE,TRADE,1871.66,0.0028
2026-08-03 23:40:45,ETHUSDT,BINANCE,TRADE,1871.66,0.0027
2026-08-03 23:40:45,ETHUSDT,BINANCE,TRADE,1871.66,0.0028
2026-08-03 23:40:45,ETHUSDT,BINANCE,TRADE,1871.66,0.0028
2026-08-03 23:40:45,ETHUSDT,BINANCE,TRADE,1871.66,0.0028
2026-08-03 23:40:45,ETHUSDT,BINANCE,TRADE,1871.66,0.0028
2026-08-03 23:40:45,ETHUSDT,BINANCE,TRADE,1871.66,0.0027
2026-08-03 23:40:45,ETHUSDT,BINANCE,TRADE,1871.65,0.0028
2026-08-03 23:40:45,ETHUSDT,BINANCE,TRADE,1871.65,0.0027
2026-08-03 23:40:45,ETHUSDT,BINANCE,TRADE,1871.65,0.0027
2026-08-03 23:40:45,ETHUSDT,BINANCE,TRADE,1871.65,0.0027
2026-08-03 23:40:45,ETHUSDT,BINANCE,TRADE,1871.65,0.0032
2026-08-03 23:40:45,ETHUSDT,BINANCE,TRADE,1871.65,0.0032
2026-08-03 23:40:45,ETHUSDT,BINANCE,TRADE,1871.65,0.0027
2026-08-03 23:40:45,ETHUSDT,BINANCE,TRADE,1871.65,0.0027
2026-08-03 23:40:45,ETHUSDT,BINANCE,TRADE,1871.65,0.0027
2026-08-03 23:40:45,ETHUSDT,BINANCE,TRADE,1871.65,0.0027
2026-08-03 23:40:45,ETHUSDT,BINANCE,TRADE,1871.65,0.0027
2026-08-03 23:40:45,ETHUSDT,BINANCE,TRADE,1871.64,0.0027
2026-08-03 23:40:45,ETHUSDT,BINANCE,TRADE,1871.64,0.0027
2026-08-03 23:40:45,ETHUSDT,BINANCE,TRADE,1871.64,0.0029
2026-08-03 23:40:45,ETHUSDT,BINANCE,TRADE,1871.64,0.0029
2026-08-03 23:40:45,ETHUSDT,BINANCE,TRADE,1871.64,0.0028
2026-08-03 23:40:45,ETHUSDT,BINANCE,TRADE,1871.64,0.0029
2026-08-03 23:40:45,ETHUSDT,BINANCE,TRADE,1871.63,0.0028
2026-08-03 23:40:45,ETHUSDT,BINANCE,TRADE,1871.63,0.0028
2026-08-03 23:40:45,ETHUSDT,BINANCE,TRADE,1871.63,0.0028
2026-08-03 23:40:45,ETHUSDT,BINANCE,TRADE,1871.63,0.0027
2026-08-03 23:40:45,ETHUSDT,BINANCE,TRADE,1871.63,0.0027
2026-08-03 23:40:45,ETHUSDT,BINANCE,TRADE,1871.63,0.0032
2026-08-03 23:40:45,ETHUSDT,BINANCE,TRADE,1871.63,0.0032
2026-08-03 23:40:45,ETHUSDT,BINANCE,TRADE,1871.63,0.0028
2026-08-03 23:40:45,ETHUSDT,BINANCE,TRADE,1871.63,0.0028
2026-08-03 23:40:45,ETHUSDT,BINANCE,TRADE,1871.63,0.0028
2026-08-03 23:40:45,ETHUSDT,BINANCE,TRADE,1871.63,0.0028
2026-08-03 23:40:45,ETHUSDT,BINANCE,TRADE,1871.63,0.0028
2026-08-03 23:40:45,ETHUSDT,BINANCE,TRADE,1871.63,0.0027
2026-08-03 23:40:45,ETHUSDT,BINANCE,TRADE,1871.62,0.0029
2026-08-03 23:40:45,ETHUSDT,BINANCE,TRADE,1871.62,0.0029
2026-08-03 23:40:45,ETHUSDT,BINANCE,TRADE,1871.62,0.0027
2026-08-03 23:40:45,ETHUSDT,BINANCE,TRADE,1871.62,0.0028
2026-08-03 23:40:45,ETHUSDT,BINANCE,TRADE,1871.62,0.0028
2026-08-03 23:40:45,ETHUSDT,BINANCE,TRADE,1871.62,0.0028
2026-08-03 23:40:45,ETHUSDT,BINANCE,TRADE,1871.62,0.0028
2026-08-03 23:40:45,ETHUSDT,BINANCE,TRADE,1871.62,0.0029
2026-08-03 23:40:45,ETHUSDT,BINANCE,TRADE,1871.62,0.0027
2026-08-03 23:40:45,ETHUSDT,BINANCE,TRADE,1871.62,0.0924
2026-08-03 23:40:45,ETHUSDT,BINANCE,TRADE,1871.61,0.0027
2026-08-03 23:40:45,ETHUSDT,BINANCE,TRADE,1871.61,0.0027
2026-08-03 23:40:45,ETHUSDT,BINANCE,TRADE,1871.61,0.0027
2026-08-03 23:40:45,ETHUSDT,BINANCE,TRADE,1871.61,0.3288
2026-08-03 23:40:45,ETHUSDT,BINANCE,TRADE,1871.61,0.0027
2026-08-03 23:40:45,ETHUSDT,BINANCE,TRADE,1871.61,0.0028
2026-08-03 23:40:45,ETHUSDT,BINANCE,TRADE,1871.61,0.0028
2026-08-03 23:40:45,ETHUSDT,BINANCE,TRADE,1871.61,0.0027
2026-08-03 23:40:45,ETHUSDT,BINANCE,TRADE,1871.61,0.0028
2026-08-03 23:40:45,ETHUSDT,BINANCE,TRADE,1871.61,0.0028
2026-08-03 23:40:45,ETHUSDT,BINANCE,TRADE,1871.61,0.0028
2026-08-03 23:40:45,ETHUSDT,BINANCE,TRADE,1871.61,0.0032
2026-08-03 23:40:45,ETHUSDT,BINANCE,TRADE,1871.61,0.0032
2026-08-03 23:40:45,ETHUSDT,BINANCE,TRADE,1871.61,0.0027
2026-08-03 23:40:45,ETHUSDT,BINANCE,TRADE,1871.61,0.0027
2026-08-03 23:40:45,ETHUSDT,BINANCE,TRADE,1871.61,0.0027
2026-08-03 23:40:45,ETHUSDT,BINANCE,TRADE,1871.61,0.0027
2026-08-03 23:40:45,ETHUSDT,BINANCE,TRADE,1871.61,0.0027
2026-08-03 23:40:45,ETHUSDT,BINANCE,TRADE,1871.61,0.0027
2026-08-03 23:40:45,ETHUSDT,BINANCE,TRADE,1871.61,0.0027
2026-08-03 23:40:45,ETHUSDT,BINANCE,TRADE,1871.61,0.0027
2026-08-03 23:40:45,ETHUSDT,BINANCE,TRADE,1871.61,0.0027
2026-08-03 23:40:45,ETHUSDT,BINANCE,TRADE,1871.61,0.0027
2026-08-03 23:40:45,ETHUSDT,BINANCE,TRADE,1871.61,0.0027
2026-08-03 23:40:45,ETHUSDT,BINANCE,TRADE,1871.61,0.0027
2026-08-03 23:40:45,ETHUSDT,BINANCE,TRADE,1871.61,0.0027
2026-08-03 23:40:45,ETHUSDT,BINANCE,TRADE,1871.61,0.0027
2026-08-03 23:40:45,ETHUSDT,BINANCE,TRADE,1871.61,0.0027
2026-08-03 23:40:45,ETHUSDT,BINANCE,TRADE,1871.61,0.0027
2026-08-03 23:40:45,ETHUSDT,BINANCE,TRADE,1871.6,0.0028
2026-08-03 23:40:45,ETHUSDT,BINANCE,TRADE,1871.6,0.0028
2026-08-03 23:40:45,ETHUSDT,BINANCE,TRADE,1871.6,0.0028
2026-08-03 23:40:45,ETHUSDT,BINANCE,TRADE,1871.6,0.0029
2026-08-03 23:40:45,ETHUSDT,BINANCE,TRADE,1871.6,0.0029
2026-08-03 23:40:45,ETHUSDT,BINANCE,TRADE,1871.6,0.0027
2026-08-03 23:40:45,ETHUSDT,BINANCE,TRADE,1871.6,0.0028
2026-08-03 23:40:45,ETHUSDT,BINANCE,TRADE,1871.6,0.0029
2026-08-03 23:40:45,ETHUSDT,BINANCE,TRADE,1871.6,0.0027
2026-08-03 23:40:45,BTCUSDT,BINANCE,TRADE,63926,0.0001
2026-08-03 23:40:45,ETHUSDT,BINANCE,TRADE,1871.59,0.0028
2026-08-03 23:40:45,ETHUSDT,BINANCE,TRADE,1871.59,0.0002
2026-08-03 23:40:45,ETHUSDT,BINANCE,TRADE,1871.59,0.1919
2026-08-03 23:40:45,ETHUSDT,BINANCE,TRADE,1871.59,0.0027
2026-08-03 23:40:45,ETHUSDT,BINANCE,TRADE,1871.59,0.0028
2026-08-03 23:40:45,ETHUSDT,BINANCE,TRADE,1871.59,0.0032
2026-08-03 23:40:45,ETHUSDT,BINANCE,TRADE,1871.59,0.0027
2026-08-03 23:40:45,ETHUSDT,BINANCE,TRADE,1871.59,0.0028
2026-08-03 23:40:45,ETHUSDT,BINANCE,TRADE,1871.59,0.0028
2026-08-03 23:40:45,ETHUSDT,BINANCE,TRADE,1871.59,0.0032
2026-08-03 23:40:45,ETHUSDT,BINANCE,TRADE,1871.59,0.0028
2026-08-03 23:40:45,ETHUSDT,BINANCE,TRADE,1871.59,0.0027
2026-08-03 23:40:45,ETHUSDT,BINANCE,TRADE,1871.58,0.0027
2026-08-03 23:40:45,ETHUSDT,BINANCE,TRADE,1871.58,0.0028
2026-08-03 23:40:45,ETHUSDT,BINANCE,TRADE,1871.58,0.0028
2026-08-03 23:40:45,ETHUSDT,BINANCE,TRADE,1871.58,0.0028
2026-08-03 23:40:45,ETHUSDT,BINANCE,TRADE,1871.58,0.0027
2026-08-03 23:40:45,ETHUSDT,BINANCE,TRADE,1871.58,0.0027
2026-08-03 23:40:45,ETHUSDT,BINANCE,TRADE,1871.58,0.0027
2026-08-03 23:40:45,ETHUSDT,BINANCE,TRADE,1871.57,0.0027
2026-08-03 23:40:45,ETHUSDT,BINANCE,TRADE,1871.57,0.0027
2026-08-03 23:40:45,ETHUSDT,BINANCE,TRADE,1871.57,0.0028
2026-08-03 23:40:45,ETHUSDT,BINANCE,TRADE,1871.57,0.0028
2026-08-03 23:40:45,ETHUSDT,BINANCE,TRADE,1871.57,0.0027
2026-08-03 23:40:45,ETHUSDT,BINANCE,TRADE,1871.57,0.0027
2026-08-03 23:40:45,ETHUSDT,BINANCE,TRADE,1871.57,0.0027
2026-08-03 23:40:45,ETHUSDT,BINANCE,TRADE,1871.57,0.0027
2026-08-03 23:40:45,ETHUSDT,BINANCE,TRADE,1871.57,0.0027
2026-08-03 23:40:45,ETHUSDT,BINANCE,TRADE,1871.56,0.0027
2026-08-03 23:40:45,ETHUSDT,BINANCE,TRADE,1871.56,0.0027
2026-08-03 23:40:45,ETHUSDT,BINANCE,TRADE,1871.56,0.0028
2026-08-03 23:40:45,ETHUSDT,BINANCE,TRADE,1871.56,0.0027
2026-08-03 23:40:45,ETHUSDT,BINANCE,TRADE,1871.56,0.0027
2026-08-03 23:40:45,ETHUSDT,BINANCE,TRADE,1871.56,0.0027
2026-08-03 23:40:45,ETHUSDT,BINANCE,TRADE,1871.56,0.0027
2026-08-03 23:40:45,ETHUSDT,BINANCE,TRADE,1871.56,0.0027
2026-08-03 23:40:45,ETHUSDT,BINANCE,TRADE,1871.55,0.0027
2026-08-03 23:40:45,ETHUSDT,BINANCE,TRADE,1871.55,0.0027
2026-08-03 23:40:45,ETHUSDT,BINANCE,TRADE,1871.55,0.0028
2026-08-03 23:40:45,ETHUSDT,BINANCE,TRADE,1871.54,0.003
2026-08-03 23:40:45,ETHUSDT,BINANCE,TRADE,1871.54,0.0028
2026-08-03 23:40:45,ETHUSDT,BINANCE,TRADE,1871.54,0.0028
2026-08-03 23:40:45,ETHUSDT,BINANCE,TRADE,1871.53,0.011
2026-08-03 23:40:45,ETHUSDT,BINANCE,TRADE,1871.53,0.0028
2026-08-03 23:40:45,ETHUSDT,BINANCE,TRADE,1871.52,0.0027
2026-08-03 23:40:45,ETHUSDT,BINANCE,TRADE,1871.52,0.0028
2026-08-03 23:40:45,ETHUSDT,BINANCE,TRADE,1871.52,0.0027
2026-08-03 23:40:45,ETHUSDT,BINANCE,TRADE,1871.5,0.0028
2026-08-03 23:40:45,ETHUSDT,BINANCE,TRADE,1871.49,0.0027
2026-08-03 23:40:45,ETHUSDT,BINANCE,TRADE,1871.49,0.0028
2026-08-03 23:40:45,ETHUSDT,BINANCE,TRADE,1871.49,0.0027
2026-08-03 23:40:45,ETHUSDT,BINANCE,TRADE,1871.48,0.0027
2026-08-03 23:40:45,ETHUSDT,BINANCE,TRADE,1871.48,0.0027
2026-08-03 23:40:45,ETHUSDT,BINANCE,TRADE,1871.48,0.0027
2026-08-03 23:40:45,ETHUSDT,BINANCE,TRADE,1871.48,0.0027
2026-08-03 23:40:45,ETHUSDT,BINANCE,TRADE,1871.48,0.0027
2026-08-03 23:40:45,ETHUSDT,BINANCE,TRADE,1871.47,0.0027
2026-08-03 23:40:45,ETHUSDT,BINANCE,TRADE,1871.46,0.0027
2026-08-03 23:40:45,ETHUSDT,BINANCE,TRADE,1871.46,0.0027
2026-08-03 23:40:45,ETHUSDT,BINANCE,TRADE,1871.46,0.0028
2026-08-03 23:40:45,ETHUSDT,BINANCE,TRADE,1871.46,0.0027
2026-08-03 23:40:45,ETHUSDT,BINANCE,TRADE,1871.46,0.0027
2026-08-03 23:40:45,ETHUSDT,BINANCE,TRADE,1871.46,0.0027
2026-08-03 23:40:45,ETHUSDT,BINANCE,TRADE,1871.46,0.0027
2026-08-03 23:40:45,ETHUSDT,BINANCE,TRADE,1871.44,0.0027
2026-08-03 23:40:45,ETHUSDT,BINANCE,TRADE,1871.44,0.0027
2026-08-03 23:40:45,ETHUSDT,BINANCE,TRADE,1871.44,0.0027
2026-08-03 23:40:45,ETHUSDT,BINANCE,TRADE,1871.44,0.0027
2026-08-03 23:40:45,ETHUSDT,BINANCE,TRADE,1871.44,0.0027
2026-08-03 23:40:45,ETHUSDT,BINANCE,TRADE,1871.44,0.0027
2026-08-03 23:40:45,ETHUSDT,BINANCE,TRADE,1871.43,0.003
2026-08-03 23:40:45,ETHUSDT,BINANCE,TRADE,1871.42,0.0027
2026-08-03 23:40:45,ETHUSDT,BINANCE,TRADE,1871.42,0.0028
2026-08-03 23:40:45,ETHUSDT,BINANCE,TRADE,1871.42,0.0027
2026-08-03 23:40:45,ETHUSDT,BINANCE,TRADE,1871.42,0.0029
2026-08-03 23:40:45,ETHUSDT,BINANCE,TRADE,1871.42,0.0027
2026-08-03 23:40:45,ETHUSDT,BINANCE,TRADE,1871.42,0.0029
2026-08-03 23:40:45,ETHUSDT,BINANCE,TRADE,1871.41,0.0029
2026-08-03 23:40:45,ETHUSDT,BINANCE,TRADE,1871.41,0.0029
2026-08-03 23:40:45,ETHUSDT,BINANCE,TRADE,1871.41,0.0029
2026-08-03 23:40:45,BTCUSDT,BINANCE,TRADE,63926,0.16978
2026-08-03 23:40:45,BTCUSDT,BINANCE,TRADE,63926,8e-05
2026-08-03 23:40:45,BTCUSDT,BINANCE,TRADE,63926,9e-05
2026-08-03 23:40:45,BTCUSDT,BINANCE,TRADE,63926,8e-05
2026-08-03 23:40:45,BTCUSDT,BINANCE,TRADE,63926,0.00016
2026-08-03 23:40:45,BTCUSDT,BINANCE,TRADE,63926,8e-05
2026-08-03 23:40:45,BTCUSDT,BINANCE,TRADE,63926,8e-05
2026-08-03 23:40:45,BTCUSDT,BINANCE,TRADE,63926,8e-05
2026-08-03 23:40:45,BTCUSDT,BINANCE,TRADE,63926,0.00782
2026-08-03 23:40:45,BTCUSDT,BINANCE,TRADE,63926,0.06
2026-08-03 23:40:45,BTCUSDT,BINANCE,TRADE,63926,8e-05
2026-08-03 23:40:45,BTCUSDT,BINANCE,TRADE,63926,0.007
2026-08-03 23:40:45,BTCUSDT,BINANCE,TRADE,63926,0.0001
2026-08-03 23:40:45,BTCUSDT,BINANCE,TRADE,63926,8e-05
2026-08-03 23:40:45,BTCUSDT,BINANCE,TRADE,63926,8e-05
2026-08-03 23:40:45,BTCUSDT,BINANCE,TRADE,63926,9e-05
2026-08-03 23:40:45,BTCUSDT,BINANCE,TRADE,63926,0.00091
2026-08-03 23:40:45,BTCUSDT,BINANCE,TRADE,63926,9e-05
2026-08-03 23:40:45,BTCUSDT,BINANCE,TRADE,63926,9e-05
2026-08-03 23:40:45,BTCUSDT,BINANCE,TRADE,63926,9e-05
2026-08-03 23:40:45,BTCUSDT,BINANCE,TRADE,63926,9e-05
2026-08-03 23:40:45,BTCUSDT,BINANCE,TRADE,63926,9e-05
2026-08-03 23:40:45,BTCUSDT,BINANCE,TRADE,63926,9e-05
2026-08-03 23:40:45,BTCUSDT,BINANCE,TRADE,63926,9e-05
2026-08-03 23:40:45,BTCUSDT,BINANCE,TRADE,63926,9e-05
2026-08-03 23:40:45,BTCUSDT,BINANCE,TRADE,63926,9e-05
2026-08-03 23:40:45,BTCUSDT,BINANCE,TRADE,63926,9e-05
2026-08-03 23:40:45,BTCUSDT,BINANCE,TRADE,63926,9e-05
2026-08-03 23:40:45,BTCUSDT,BINANCE,TRADE,63926,9e-05
2026-08-03 23:40:45,BTCUSDT,BINANCE,TRADE,63926,9e-05
2026-08-03 23:40:45,BTCUSDT,BINANCE,TRADE,63926,9e-05
2026-08-03 23:40:45,BTCUSDT,BINANCE,TRADE,63926,9e-05
2026-08-03 23:40:45,BTCUSDT,BINANCE,TRADE,63926,9e-05
2026-08-03 23:40:45,BTCUSDT,BINANCE,TRADE,63926,9e-05
2026-08-03 23:40:45,BTCUSDT,BINANCE,TRADE,63926,8e-05
2026-08-03 23:40:45,BTCUSDT,BINANCE,TRADE,63926,8e-05
2026-08-03 23:40:45,BTCUSDT,BINANCE,TRADE,63926,8e-05
2026-08-03 23:40:45,BTCUSDT,BINANCE,TRADE,63926,8e-05
2026-08-03 23:40:45,BTCUSDT,BINANCE,TRADE,63926,8e-05
2026-08-03 23:40:45,BTCUSDT,BINANCE,TRADE,63926,8e-05
2026-08-03 23:40:45,BTCUSDT,BINANCE,TRADE,63926,8e-05
2026-08-03 23:40:45,BTCUSDT,BINANCE,TRADE,63926,8e-05
2026-08-03 23:40:45,BTCUSDT,BINANCE,TRADE,63926,9e-05
2026-08-03 23:40:45,BTCUSDT,BINANCE,TRADE,63926,0.00016
2026-08-03 23:40:45,BTCUSDT,BINANCE,TRADE,63926,9e-05
2026-08-03 23:40:45,BTCUSDT,BINANCE,TRADE,63926,9e-05
2026-08-03 23:40:45,BTCUSDT,BINANCE,TRADE,63926,9e-05
2026-08-03 23:40:45,BTCUSDT,BINANCE,TRADE,63926,9e-05
2026-08-03 23:40:45,BTCUSDT,BINANCE,TRADE,63926,9e-05
2026-08-03 23:40:45,BTCUSDT,BINANCE,TRADE,63926,9e-05
2026-08-03 23:40:45,BTCUSDT,BINANCE,TRADE,63926,9e-05
2026-08-03 23:40:45,BTCUSDT,BINANCE,TRADE,63926,9e-05
2026-08-03 23:40:45,BTCUSDT,BINANCE,TRADE,63926,0.00016
2026-08-03 23:40:45,BTCUSDT,BINANCE,TRADE,63925.7,8e-05
2026-08-03 23:40:45,BTCUSDT,BINANCE,TRADE,63924.4,0.00023
2026-08-03 23:40:45,BTCUSDT,BINANCE,TRADE,63924.4,8e-05
2026-08-03 23:40:45,BTCUSDT,BINANCE,TRADE,63924.4,9e-05
2026-08-03 23:40:45,BTCUSDT,BINANCE,TRADE,63924.4,9e-05
2026-08-03 23:40:45,BTCUSDT,BINANCE,TRADE,63924.4,8e-05
2026-08-03 23:40:45,BTCUSDT,BINANCE,TRADE,63924.4,9e-05
2026-08-03 23:40:45,BTCUSDT,BINANCE,TRADE,63924.4,8e-05
2026-08-03 23:40:45,BTCUSDT,BINANCE,TRADE,63924.4,0.01351
2026-08-03 23:40:45,BTCUSDT,BINANCE,TRADE,63924.4,8e-05
2026-08-03 23:40:45,BTCUSDT,BINANCE,TRADE,63924.4,9e-05
2026-08-03 23:40:45,BTCUSDT,BINANCE,TRADE,63924.4,9e-05
2026-08-03 23:40:45,BTCUSDT,BINANCE,TRADE,63924.4,9e-05
2026-08-03 23:40:45,BTCUSDT,BINANCE,TRADE,63924.4,8e-05
2026-08-03 23:40:45,BTCUSDT,BINANCE,TRADE,63924.4,0.30157
2026-08-03 23:40:45,BTCUSDT,BINANCE,TRADE,63924.4,0.3
2026-08-03 23:40:45,BTCUSDT,BINANCE,TRADE,63924.4,8e-05
2026-08-03 23:40:45,BTCUSDT,BINANCE,TRADE,63924.4,9e-05
2026-08-03 23:40:45,BTCUSDT,BINANCE,TRADE,63924.4,9e-05
2026-08-03 23:40:45,BTCUSDT,BINANCE,TRADE,63924.4,8e-05
2026-08-03 23:40:45,BTCUSDT,BINANCE,TRADE,63924.4,8e-05
2026-08-03 23:40:45,BTCUSDT,BINANCE,TRADE,63924.4,8e-05
2026-08-03 23:40:45,BTCUSDT,BINANCE,TRADE,63924.4,8e-05
2026-08-03 23:40:45,BTCUSDT,BINANCE,TRADE,63924.4,8e-05
2026-08-03 23:40:45,BTCUSDT,BINANCE,TRADE,63924.4,8e-05
2026-08-03 23:40:45,BTCUSDT,BINANCE,TRADE,63924.4,8e-05
2026-08-03 23:40:45,BTCUSDT,BINANCE,TRADE,63924.4,8e-05
2026-08-03 23:40:45,BTCUSDT,BINANCE,TRADE,63924.4,8e-05
2026-08-03 23:40:45,BTCUSDT,BINANCE,TRADE,63924.4,9e-05
2026-08-03 23:40:45,BTCUSDT,BINANCE,TRADE,63924,9e-05
2026-08-03 23:40:45,BTCUSDT,BINANCE,TRADE,63924,9e-05
2026-08-03 23:40:45,BTCUSDT,BINANCE,TRADE,63924,9e-05
2026-08-03 23:40:45,BTCUSDT,BINANCE,TRADE,63924,0.002
2026-08-03 23:40:45,BTCUSDT,BINANCE,TRADE,63924,0.005
2026-08-03 23:40:45,BTCUSDT,BINANCE,TRADE,63924,0.006
2026-08-03 23:40:45,BTCUSDT,BINANCE,TRADE,63924,0.008
2026-08-03 23:40:45,BTCUSDT,BINANCE,TRADE,63924,9e-05
2026-08-03 23:40:45,BTCUSDT,BINANCE,TRADE,63924,9e-05
2026-08-03 23:40:45,BTCUSDT,BINANCE,TRADE,63923.7,8e-05
2026-08-03 23:40:45,BTCUSDT,BINANCE,TRADE,63922.9,8e-05
2026-08-03 23:40:45,BTCUSDT,BINANCE,TRADE,63922.1,8e-05
2026-08-03 23:40:45,BTCUSDT,BINANCE,TRADE,63922,9e-05
2026-08-03 23:40:45,BTCUSDT,BINANCE,TRADE,63922,9e-05
2026-08-03 23:40:45,BTCUSDT,BINANCE,TRADE,63922,9e-05
2026-08-03 23:40:46,BTCUSDT,BINANCE,TRADE,63922,8e-05
2026-08-03 23:40:46,BTCUSDT,BINANCE,TRADE,63922,2e-05
2026-08-03 23:40:46,BTCUSDT,BINANCE,TRADE,63922,0.00198
2026-08-03 23:40:46,BTCUSDT,BINANCE,TRADE,63922,0.005
2026-08-03 23:40:46,BTCUSDT,BINANCE,TRADE,63922,0.006
2026-08-03 23:40:46,BTCUSDT,BINANCE,TRADE,63922,0.008
2026-08-03 23:40:46,BTCUSDT,BINANCE,TRADE,63922,8e-05
2026-08-03 23:40:46,BTCUSDT,BINANCE,TRADE,63922,9e-05
2026-08-03 23:40:46,BTCUSDT,BINANCE,TRADE,63922,9e-05
2026-08-03 23:40:46,BTCUSDT,BINANCE,TRADE,63922,9e-05
2026-08-03 23:40:46,BTCUSDT,BINANCE,TRADE,63922,9e-05
2026-08-03 23:40:46,BTCUSDT,BINANCE,TRADE,63922,9e-05
2026-08-03 23:40:46,BTCUSDT,BINANCE,TRADE,63922,9e-05
2026-08-03 23:40:46,BTCUSDT,BINANCE,TRADE,63922,9e-05
2026-08-03 23:40:46,BTCUSDT,BINANCE,TRADE,63922,8e-05
2026-08-03 23:40:46,BTCUSDT,BINANCE,TRADE,63922,9e-05
2026-08-03 23:40:46,BTCUSDT,BINANCE,TRADE,63922,8e-05
2026-08-03 23:40:46,BTCUSDT,BINANCE,TRADE,63922,9e-05
2026-08-03 23:40:46,BTCUSDT,BINANCE,TRADE,63922,9e-05
2026-08-03 23:40:46,BTCUSDT,BINANCE,TRADE,63922,9e-05
2026-08-03 23:40:46,BTCUSDT,BINANCE,TRADE,63922,9e-05
2026-08-03 23:40:46,BTCUSDT,BINANCE,TRADE,63922,9e-05
2026-08-03 23:40:46,BTCUSDT,BINANCE,TRADE,63922,0.00069
2026-08-03 23:40:46,BTCUSDT,BINANCE,TRADE,63922,0.00048
2026-08-03 23:40:46,BTCUSDT,BINANCE,TRADE,63922,9e-05
2026-08-03 23:40:46,BTCUSDT,BINANCE,TRADE,63922,9e-05
2026-08-03 23:40:46,BTCUSDT,BINANCE,TRADE,63922,8e-05
2026-08-03 23:40:46,BTCUSDT,BINANCE,TRADE,63922,8e-05
2026-08-03 23:40:46,BTCUSDT,BINANCE,TRADE,63922,8e-05
2026-08-03 23:40:46,BTCUSDT,BINANCE,TRADE,63922,8e-05
2026-08-03 23:40:46,BTCUSDT,BINANCE,TRADE,63922,8e-05
2026-08-03 23:40:46,BTCUSDT,BINANCE,TRADE,63922,9e-05
2026-08-03 23:40:46,BTCUSDT,BINANCE,TRADE,63922,9e-05
2026-08-03 23:40:46,BTCUSDT,BINANCE,TRADE,63922,9e-05
2026-08-03 23:40:46,BTCUSDT,BINANCE,TRADE,63922,9e-05
2026-08-03 23:40:46,BTCUSDT,BINANCE,TRADE,63922,9e-05
2026-08-03 23:40:46,BTCUSDT,BINANCE,TRADE,63922,9e-05
2026-08-03 23:40:46,BTCUSDT,BINANCE,TRADE,63922,9e-05
2026-08-03 23:40:46,BTCUSDT,BINANCE,TRADE,63922,9e-05
2026-08-03 23:40:46,BTCUSDT,BINANCE,TRADE,63922,9e-05
2026-08-03 23:40:46,BTCUSDT,BINANCE,TRADE,63922,8e-05
2026-08-03 23:40:46,BTCUSDT,BINANCE,TRADE,63922,8e-05
2026-08-03 23:40:46,BTCUSDT,BINANCE,TRADE,63922,8e-05
2026-08-03 23:40:46,BTCUSDT,BINANCE,TRADE,63922,8e-05
2026-08-03 23:40:46,BTCUSDT,BINANCE,TRADE,63920.9,9e-05
2026-08-03 23:40:46,BTCUSDT,BINANCE,TRADE,63920.9,9e-05
2026-08-03 23:40:46,BTCUSDT,BINANCE,TRADE,63920.7,0.0034
2026-08-03 23:40:46,BTCUSDT,BINANCE,TRADE,63920.6,8e-05
2026-08-03 23:40:46,BTCUSDT,BINANCE,TRADE,63920.6,8e-05
2026-08-03 23:40:46,BTCUSDT,BINANCE,TRADE,63920.6,8e-05
2026-08-03 23:40:46,BTCUSDT,BINANCE,TRADE,63920.6,8e-05
2026-08-03 23:40:46,BTCUSDT,BINANCE,TRADE,63920.6,8e-05
2026-08-03 23:40:46,BTCUSDT,BINANCE,TRADE,63920.6,8e-05
2026-08-03 23:40:46,BTCUSDT,BINANCE,TRADE,63920.6,8e-05
2026-08-03 23:40:46,BTCUSDT,BINANCE,TRADE,63920,9e-05
2026-08-03 23:40:46,BTCUSDT,BINANCE,TRADE,63920,9e-05
2026-08-03 23:40:46,BTCUSDT,BINANCE,TRADE,63920,9e-05
2026-08-03 23:40:46,BTCUSDT,BINANCE,TRADE,63920,0.006
2026-08-03 23:40:46,BTCUSDT,BINANCE,TRADE,63920,0.008
2026-08-03 23:40:46,BTCUSDT,BINANCE,TRADE,63920,0.00023
2026-08-03 23:40:46,BTCUSDT,BINANCE,TRADE,63920,0.002
2026-08-03 23:40:46,BTCUSDT,BINANCE,TRADE,63920,0.005
2026-08-03 23:40:46,BTCUSDT,BINANCE,TRADE,63920,9e-05
2026-08-03 23:40:46,BTCUSDT,BINANCE,TRADE,63920,9e-05
2026-08-03 23:40:46,BTCUSDT,BINANCE,TRADE,63920,9e-05
2026-08-03 23:40:46,BTCUSDT,BINANCE,TRADE,63920,9e-05
2026-08-03 23:40:46,BTCUSDT,BINANCE,TRADE,63920,8e-05
2026-08-03 23:40:46,BTCUSDT,BINANCE,TRADE,63920,8e-05
2026-08-03 23:40:46,BTCUSDT,BINANCE,TRADE,63920,9e-05
2026-08-03 23:40:46,BTCUSDT,BINANCE,TRADE,63920,9e-05
2026-08-03 23:40:46,BTCUSDT,BINANCE,TRADE,63920,9e-05
2026-08-03 23:40:46,BTCUSDT,BINANCE,TRADE,63920,9e-05
2026-08-03 23:40:46,BTCUSDT,BINANCE,TRADE,63920,9e-05
2026-08-03 23:40:46,BTCUSDT,BINANCE,TRADE,63920,9e-05
2026-08-03 23:40:46,BTCUSDT,BINANCE,TRADE,63920,9e-05
2026-08-03 23:40:46,BTCUSDT,BINANCE,TRADE,63920,9e-05
2026-08-03 23:40:46,BTCUSDT,BINANCE,TRADE,63920,9e-05
2026-08-03 23:40:46,BTCUSDT,BINANCE,TRADE,63920,9e-05
2026-08-03 23:40:46,BTCUSDT,BINANCE,TRADE,63920,9e-05
2026-08-03 23:40:46,BTCUSDT,BINANCE,TRADE,63920,9e-05
2026-08-03 23:40:46,BTCUSDT,BINANCE,TRADE,63920,8e-05
2026-08-03 23:40:46,BTCUSDT,BINANCE,TRADE,63920,0.38633
2026-08-03 23:40:46,BTCUSDT,BINANCE,TRADE,63920,8e-05
2026-08-03 23:40:46,BTCUSDT,BINANCE,TRADE,63920,8e-05
2026-08-03 23:40:46,BTCUSDT,BINANCE,TRADE,63920,9e-05
2026-08-03 23:40:46,BTCUSDT,BINANCE,TRADE,63920,9e-05
2026-08-03 23:40:46,BTCUSDT,BINANCE,TRADE,63920,9e-05
2026-08-03 23:40:46,BTCUSDT,BINANCE,TRADE,63920,9e-05
2026-08-03 23:40:46,BTCUSDT,BINANCE,TRADE,63920,9e-05
2026-08-03 23:40:46,BTCUSDT,BINANCE,TRADE,63920,9e-05
2026-08-03 23:40:46,BTCUSDT,BINANCE,TRADE,63920,9e-05
2026-08-03 23:40:46,BTCUSDT,BINANCE,TRADE,63920,9e-05
2026-08-03 23:40:46,BTCUSDT,BINANCE,TRADE,63920,9e-05
2026-08-03 23:40:46,BTCUSDT,BINANCE,TRADE,63920,8e-05
2026-08-03 23:40:46,BTCUSDT,BINANCE,TRADE,63919.8,8e-05
2026-08-03 23:40:46,BTCUSDT,BINANCE,TRADE,63919.8,8e-05
2026-08-03 23:40:46,BTCUSDT,BINANCE,TRADE,63919.8,8e-05
2026-08-03 23:40:46,BTCUSDT,BINANCE,TRADE,63918,8e-05
2026-08-03 23:40:46,BTCUSDT,BINANCE,TRADE,63918,8e-05
2026-08-03 23:40:46,BTCUSDT,BINANCE,TRADE,63918,8e-05
2026-08-03 23:40:46,BTCUSDT,BINANCE,TRADE,63918,8e-05
2026-08-03 23:40:46,BTCUSDT,BINANCE,TRADE,63918,8e-05
2026-08-03 23:40:46,ETHUSDT,BINANCE,TRADE,1871.41,0.0126
2026-08-03 23:40:46,SOLUSDT,BINANCE,TRADE,73.99,0.278
2026-08-03 23:40:46,SOLUSDT,BINANCE,TRADE,73.99,0.068
2026-08-03 23:40:46,SOLUSDT,BINANCE,TRADE,73.99,0.273
2026-08-03 23:40:46,SOLUSDT,BINANCE,TRADE,73.99,0.069
2026-08-03 23:40:46,SOLUSDT,BINANCE,TRADE,73.99,0.075
2026-08-03 23:40:46,SOLUSDT,BINANCE,TRADE,73.99,0.15
2026-08-03 23:40:46,SOLUSDT,BINANCE,TRADE,73.99,0.218
2026-08-03 23:40:46,SOLUSDT,BINANCE,TRADE,73.99,0.07
2026-08-03 23:40:46,SOLUSDT,BINANCE,TRADE,73.99,0.071
2026-08-03 23:40:46,ETHUSDT,BINANCE,TRADE,1871.4,0.0027
2026-08-03 23:40:46,ETHUSDT,BINANCE,TRADE,1871.4,0.0027
2026-08-03 23:40:46,ETHUSDT,BINANCE,TRADE,1871.4,0.0028
2026-08-03 23:40:46,ETHUSDT,BINANCE,TRADE,1871.4,0.0027
2026-08-03 23:40:46,ETHUSDT,BINANCE,TRADE,1871.4,0.0005
2026-08-03 23:40:46,ETHUSDT,BINANCE,TRADE,1871.4,0.0022
2026-08-03 23:40:46,ETHUSDT,BINANCE,TRADE,1871.4,0.0008
2026-08-03 23:40:46,ETHUSDT,BINANCE,TRADE,1871.4,0.0019
2026-08-03 23:40:46,ETHUSDT,BINANCE,TRADE,1871.4,0.0028
2026-08-03 23:40:46,ETHUSDT,BINANCE,TRADE,1871.4,0.3946
2026-08-03 23:40:46,ETHUSDT,BINANCE,TRADE,1871.4,0.0028
2026-08-03 23:40:46,ETHUSDT,BINANCE,TRADE,1871.4,0.0032
2026-08-03 23:40:46,ETHUSDT,BINANCE,TRADE,1871.4,0.0032
2026-08-03 23:40:46,ETHUSDT,BINANCE,TRADE,1871.4,0.0027
2026-08-03 23:40:46,ETHUSDT,BINANCE,TRADE,1871.4,0.0027
2026-08-03 23:40:46,ETHUSDT,BINANCE,TRADE,1871.4,0.0028
2026-08-03 23:40:46,ETHUSDT,BINANCE,TRADE,1871.4,0.0027
2026-08-03 23:40:46,ETHUSDT,BINANCE,TRADE,1871.4,0.0027
2026-08-03 23:40:46,ETHUSDT,BINANCE,TRADE,1871.4,0.0027
2026-08-03 23:40:46,ETHUSDT,BINANCE,TRADE,1871.4,0.0027
2026-08-03 23:40:46,ETHUSDT,BINANCE,TRADE,1871.4,0.0027
2026-08-03 23:40:46,ETHUSDT,BINANCE,TRADE,1871.4,0.0027
2026-08-03 23:40:46,ETHUSDT,BINANCE,TRADE,1871.4,0.0027
2026-08-03 23:40:46,ETHUSDT,BINANCE,TRADE,1871.4,0.0027
2026-08-03 23:40:46,ETHUSDT,BINANCE,TRADE,1871.39,0.0028
2026-08-03 23:40:46,ETHUSDT,BINANCE,TRADE,1871.39,0.0028
2026-08-03 23:40:46,ETHUSDT,BINANCE,TRADE,1871.38,0.0027
2026-08-03 23:40:46,ETHUSDT,BINANCE,TRADE,1871.38,0.0027
2026-08-03 23:40:46,ETHUSDT,BINANCE,TRADE,1871.38,0.0028
2026-08-03 23:40:46,ETHUSDT,BINANCE,TRADE,1871.38,0.0028
2026-08-03 23:40:46,ETHUSDT,BINANCE,TRADE,1871.38,0.0027
2026-08-03 23:40:46,ETHUSDT,BINANCE,TRADE,1871.38,0.0027
2026-08-03 23:40:46,ETHUSDT,BINANCE,TRADE,1871.38,0.0027
2026-08-03 23:40:46,ETHUSDT,BINANCE,TRADE,1871.37,0.0027
2026-08-03 23:40:46,ETHUSDT,BINANCE,TRADE,1871.37,0.0027
2026-08-03 23:40:46,ETHUSDT,BINANCE,TRADE,1871.37,0.0028
2026-08-03 23:40:46,ETHUSDT,BINANCE,TRADE,1871.37,0.0027
2026-08-03 23:40:46,ETHUSDT,BINANCE,TRADE,1871.36,0.0027
2026-08-03 23:40:46,ETHUSDT,BINANCE,TRADE,1871.36,0.0027
2026-08-03 23:40:46,ETHUSDT,BINANCE,TRADE,1871.36,0.0027
2026-08-03 23:40:46,ETHUSDT,BINANCE,TRADE,1871.36,0.0027
2026-08-03 23:40:46,ETHUSDT,BINANCE,TRADE,1871.36,0.0028
2026-08-03 23:40:46,ETHUSDT,BINANCE,TRADE,1871.36,0.0029
2026-08-03 23:40:46,ETHUSDT,BINANCE,TRADE,1871.36,0.0029
2026-08-03 23:40:46,ETHUSDT,BINANCE,TRADE,1871.36,0.0027
2026-08-03 23:40:46,ETHUSDT,BINANCE,TRADE,1871.36,0.0027
2026-08-03 23:40:46,ETHUSDT,BINANCE,TRADE,1871.36,0.0027
2026-08-03 23:40:46,ETHUSDT,BINANCE,TRADE,1871.36,0.0027
2026-08-03 23:40:46,ETHUSDT,BINANCE,TRADE,1871.36,0.0029
2026-08-03 23:40:46,SOLUSDT,BINANCE,TRADE,73.98,1.561
2026-08-03 23:40:46,SOLUSDT,BINANCE,TRADE,73.99,12.295
2026-08-03 23:40:46,SOLUSDT,BINANCE,TRADE,73.99,1.226
2026-08-03 23:40:46,ETHUSDT,BINANCE,TRADE,1871.35,0.1797
2026-08-03 23:40:46,ETHUSDT,BINANCE,TRADE,1871.35,0.0027
2026-08-03 23:40:46,ETHUSDT,BINANCE,TRADE,1871.35,0.0028
2026-08-03 23:40:46,ETHUSDT,BINANCE,TRADE,1871.35,0.0027
2026-08-03 23:40:46,ETHUSDT,BINANCE,TRADE,1871.35,0.0054
2026-08-03 23:40:46,ETHUSDT,BINANCE,TRADE,1871.35,0.0027
2026-08-03 23:40:46,ETHUSDT,BINANCE,TRADE,1871.35,0.0028
2026-08-03 23:40:46,ETHUSDT,BINANCE,TRADE,1871.35,0.0027
2026-08-03 23:40:46,ETHUSDT,BINANCE,TRADE,1871.35,0.0028
2026-08-03 23:40:46,ETHUSDT,BINANCE,TRADE,1871.35,0.0028
2026-08-03 23:40:46,ETHUSDT,BINANCE,TRADE,1871.35,0.0027
2026-08-03 23:40:46,ETHUSDT,BINANCE,TRADE,1871.35,0.0027
2026-08-03 23:40:46,ETHUSDT,BINANCE,TRADE,1871.34,0.0028
2026-08-03 23:40:46,ETHUSDT,BINANCE,TRADE,1871.34,0.0028
2026-08-03 23:40:46,ETHUSDT,BINANCE,TRADE,1871.34,0.0028
2026-08-03 23:40:46,ETHUSDT,BINANCE,TRADE,1871.34,0.0054
2026-08-03 23:40:46,ETHUSDT,BINANCE,TRADE,1871.34,0.0028
2026-08-03 23:40:46,ETHUSDT,BINANCE,TRADE,1871.33,0.0054
2026-08-03 23:40:46,ETHUSDT,BINANCE,TRADE,1871.33,0.0028
2026-08-03 23:40:46,ETHUSDT,BINANCE,TRADE,1871.32,0.0027
2026-08-03 23:40:46,ETHUSDT,BINANCE,TRADE,1871.32,0.0027
2026-08-03 23:40:46,ETHUSDT,BINANCE,TRADE,1871.32,0.003
2026-08-03 23:40:46,ETHUSDT,BINANCE,TRADE,1871.32,0.0027
2026-08-03 23:40:46,ETHUSDT,BINANCE,TRADE,1871.32,0.0028
2026-08-03 23:40:46,ETHUSDT,BINANCE,TRADE,1871.32,0.0028
2026-08-03 23:40:46,ETHUSDT,BINANCE,TRADE,1871.32,0.0027
2026-08-03 23:40:46,ETHUSDT,BINANCE,TRADE,1871.32,0.0027
2026-08-03 23:40:46,ETHUSDT,BINANCE,TRADE,1871.32,0.0027
2026-08-03 23:40:46,ETHUSDT,BINANCE,TRADE,1871.32,0.0027
2026-08-03 23:40:46,ETHUSDT,BINANCE,TRADE,1871.32,0.0027
2026-08-03 23:40:46,ETHUSDT,BINANCE,TRADE,1871.32,0.0027
2026-08-03 23:40:46,ETHUSDT,BINANCE,TRADE,1871.31,0.0027
2026-08-03 23:40:46,ETHUSDT,BINANCE,TRADE,1871.31,0.0028
2026-08-03 23:40:46,ETHUSDT,BINANCE,TRADE,1871.31,0.0027
2026-08-03 23:40:46,ETHUSDT,BINANCE,TRADE,1871.3,0.0028
2026-08-03 23:40:46,ETHUSDT,BINANCE,TRADE,1871.29,0.0027
2026-08-03 23:40:46,ETHUSDT,BINANCE,TRADE,1871.29,0.0028
2026-08-03 23:40:46,ETHUSDT,BINANCE,TRADE,1871.28,0.0027
2026-08-03 23:40:46,ETHUSDT,BINANCE,TRADE,1871.28,0.0028
2026-08-03 23:40:46,ETHUSDT,BINANCE,TRADE,1871.27,0.0027
2026-08-03 23:40:46,ETHUSDT,BINANCE,TRADE,1871.27,0.0028
2026-08-03 23:40:46,ETHUSDT,BINANCE,TRADE,1871.27,0.0027
2026-08-03 23:40:46,ETHUSDT,BINANCE,TRADE,1871.27,0.0027
2026-08-03 23:40:46,ETHUSDT,BINANCE,TRADE,1871.27,0.0027
2026-08-03 23:40:46,ETHUSDT,BINANCE,TRADE,1871.27,0.0027
2026-08-03 23:40:46,ETHUSDT,BINANCE,TRADE,1871.26,0.0028
2026-08-03 23:40:46,ETHUSDT,BINANCE,TRADE,1871.24,0.0027
2026-08-03 23:40:46,ETHUSDT,BINANCE,TRADE,1871.24,0.0027
2026-08-03 23:40:46,ETHUSDT,BINANCE,TRADE,1871.23,0.0029
2026-08-03 23:40:46,ETHUSDT,BINANCE,TRADE,1871.23,0.0029
2026-08-03 23:40:46,ETHUSDT,BINANCE,TRADE,1871.23,0.0029
2026-08-03 23:40:46,BTCUSDT,BINANCE,TRADE,63918,8e-05
2026-08-03 23:40:46,BTCUSDT,BINANCE,TRADE,63918,2e-05
2026-08-03 23:40:46,ETHUSDT,BINANCE,TRADE,1871.22,0.0695
2026-08-03 23:40:46,SOLUSDT,BINANCE,TRADE,73.99,25.693
2026-08-03 23:40:46,SOLUSDT,BINANCE,TRADE,73.99,62.981
2026-08-03 23:40:46,SOLUSDT,BINANCE,TRADE,73.99,41.504
2026-08-03 23:40:46,SOLUSDT,BINANCE,TRADE,73.99,0.068
2026-08-03 23:40:46,SOLUSDT,BINANCE,TRADE,73.99,12.254
2026-08-03 23:40:46,SOLUSDT,BINANCE,TRADE,73.99,0.073
2026-08-03 23:40:46,SOLUSDT,BINANCE,TRADE,73.99,0.073
2026-08-03 23:40:46,SOLUSDT,BINANCE,TRADE,73.99,0.073
2026-08-03 23:40:46,SOLUSDT,BINANCE,TRADE,73.99,0.073
2026-08-03 23:40:46,SOLUSDT,BINANCE,TRADE,73.99,0.073
2026-08-03 23:40:46,SOLUSDT,BINANCE,TRADE,73.99,0.073
2026-08-03 23:40:46,SOLUSDT,BINANCE,TRADE,73.99,0.073
2026-08-03 23:40:46,SOLUSDT,BINANCE,TRADE,73.99,0.073
2026-08-03 23:40:46,SOLUSDT,BINANCE,TRADE,73.99,67.648
2026-08-03 23:40:46,SOLUSDT,BINANCE,TRADE,73.99,32.672
2026-08-03 23:40:46,SOLUSDT,BINANCE,TRADE,73.99,0.136
2026-08-03 23:40:46,SOLUSDT,BINANCE,TRADE,73.99,71.065
2026-08-03 23:40:46,SOLUSDT,BINANCE,TRADE,73.99,0.278
2026-08-03 23:40:46,SOLUSDT,BINANCE,TRADE,73.99,0.539
2026-08-03 23:40:46,SOLUSDT,BINANCE,TRADE,73.99,0.241
2026-08-03 23:40:46,SOLUSDT,BINANCE,TRADE,73.99,0.071
2026-08-03 23:40:46,SOLUSDT,BINANCE,TRADE,73.99,0.071
2026-08-03 23:40:46,SOLUSDT,BINANCE,TRADE,73.99,0.068
2026-08-03 23:40:46,SOLUSDT,BINANCE,TRADE,73.99,0.073
2026-08-03 23:40:46,SOLUSDT,BINANCE,TRADE,73.99,0.073
2026-08-03 23:40:46,SOLUSDT,BINANCE,TRADE,73.99,0.071
2026-08-03 23:40:47,SOLUSDT,BINANCE,TRADE,74,0.068
2026-08-03 23:40:47,SOLUSDT,BINANCE,TRADE,74,0.073
2026-08-03 23:40:47,SOLUSDT,BINANCE,TRADE,74,0.073
2026-08-03 23:40:47,SOLUSDT,BINANCE,TRADE,74,0.136
2026-08-03 23:40:47,SOLUSDT,BINANCE,TRADE,74,1.003
2026-08-03 23:40:47,SOLUSDT,BINANCE,TRADE,74,3.152
2026-08-03 23:40:47,BTCUSDT,BINANCE,TRADE,63918,7e-05
2026-08-03 23:40:47,BTCUSDT,BINANCE,TRADE,63918,0.00065
2026-08-03 23:40:47,SOLUSDT,BINANCE,TRADE,74,1.694
2026-08-03 23:40:47,SOLUSDT,BINANCE,TRADE,74,0.069
2026-08-03 23:40:47,SOLUSDT,BINANCE,TRADE,74,0.073
2026-08-03 23:40:47,SOLUSDT,BINANCE,TRADE,74,0.073
2026-08-03 23:40:47,SOLUSDT,BINANCE,TRADE,74,0.073
2026-08-03 23:40:47,SOLUSDT,BINANCE,TRADE,74,0.073
2026-08-03 23:40:47,SOLUSDT,BINANCE,TRADE,74,0.073
2026-08-03 23:40:47,SOLUSDT,BINANCE,TRADE,74,0.073
2026-08-03 23:40:47,SOLUSDT,BINANCE,TRADE,74,0.071
2026-08-03 23:40:47,SOLUSDT,BINANCE,TRADE,74,0.071
2026-08-03 23:40:47,SOLUSDT,BINANCE,TRADE,74,0.068
2026-08-03 23:40:47,SOLUSDT,BINANCE,TRADE,74,0.073
2026-08-03 23:40:47,SOLUSDT,BINANCE,TRADE,74,0.073
2026-08-03 23:40:47,SOLUSDT,BINANCE,TRADE,74,0.073
2026-08-03 23:40:47,SOLUSDT,BINANCE,TRADE,74,0.073
2026-08-03 23:40:47,SOLUSDT,BINANCE,TRADE,74,0.071
2026-08-03 23:40:47,BTCUSDT,BINANCE,TRADE,63918,0.01669
2026-08-03 23:40:47,SOLUSDT,BINANCE,TRADE,74.01,0.068
2026-08-03 23:40:47,SOLUSDT,BINANCE,TRADE,74.01,0.932
2026-08-03 23:40:47,SOLUSDT,BINANCE,TRADE,74.01,28.2
2026-08-03 23:40:47,SOLUSDT,BINANCE,TRADE,74,2.47
2026-08-03 23:40:47,SOLUSDT,BINANCE,TRADE,74.01,13.521
2026-08-03 23:40:48,ETHUSDT,BINANCE,TRADE,1871.23,0.0983
2026-08-03 23:40:48,BTCUSDT,BINANCE,TRADE,63918,0.00154
2026-08-03 23:40:48,BTCUSDT,BINANCE,TRADE,63918,0.00072
2026-08-03 23:40:48,SOLUSDT,BINANCE,TRADE,74,3.777
2026-08-03 23:40:48,SOLUSDT,BINANCE,TRADE,74.01,32.703
2026-08-03 23:40:48,SOLUSDT,BINANCE,TRADE,74.01,0.073
2026-08-03 23:40:48,SOLUSDT,BINANCE,TRADE,74.01,0.073
2026-08-03 23:40:48,SOLUSDT,BINANCE,TRADE,74.01,0.136
2026-08-03 23:40:48,SOLUSDT,BINANCE,TRADE,74.01,0.102
2026-08-03 23:40:48,SOLUSDT,BINANCE,TRADE,74.01,0.069
2026-08-03 23:40:48,SOLUSDT,BINANCE,TRADE,74.01,0.082
2026-08-03 23:40:48,SOLUSDT,BINANCE,TRADE,74.01,0.075
2026-08-03 23:40:48,SOLUSDT,BINANCE,TRADE,74.01,34.286
2026-08-03 23:40:49,ETHUSDT,BINANCE,TRADE,1871.23,0.0027
2026-08-03 23:40:49,ETHUSDT,BINANCE,TRADE,1871.23,0.0003
2026-08-03 23:40:49,ETHUSDT,BINANCE,TRADE,1871.23,0.0025
2026-08-03 23:40:49,ETHUSDT,BINANCE,TRADE,1871.23,0.0027
2026-08-03 23:40:49,ETHUSDT,BINANCE,TRADE,1871.23,0.0027
2026-08-03 23:40:49,ETHUSDT,BINANCE,TRADE,1871.23,0.0054
2026-08-03 23:40:49,ETHUSDT,BINANCE,TRADE,1871.23,0.0027
2026-08-03 23:40:49,ETHUSDT,BINANCE,TRADE,1871.23,0.0027
2026-08-03 23:40:49,ETHUSDT,BINANCE,TRADE,1871.23,0.0027
2026-08-03 23:40:49,ETHUSDT,BINANCE,TRADE,1871.23,0.2408
2026-08-03 23:40:49,ETHUSDT,BINANCE,TRADE,1871.23,0.0027
2026-08-03 23:40:49,ETHUSDT,BINANCE,TRADE,1871.23,0.0032
2026-08-03 23:40:49,ETHUSDT,BINANCE,TRADE,1871.23,0.0028
2026-08-03 23:40:49,ETHUSDT,BINANCE,TRADE,1871.23,0.0032
2026-08-03 23:40:49,ETHUSDT,BINANCE,TRADE,1871.23,0.0027
2026-08-03 23:40:49,ETHUSDT,BINANCE,TRADE,1871.23,0.0027
2026-08-03 23:40:49,ETHUSDT,BINANCE,TRADE,1871.23,0.0027
2026-08-03 23:40:49,ETHUSDT,BINANCE,TRADE,1871.23,0.0027
2026-08-03 23:40:49,ETHUSDT,BINANCE,TRADE,1871.23,0.0027
2026-08-03 23:40:49,ETHUSDT,BINANCE,TRADE,1871.23,0.0027
2026-08-03 23:40:49,ETHUSDT,BINANCE,TRADE,1871.23,0.0027
2026-08-03 23:40:49,ETHUSDT,BINANCE,TRADE,1871.23,0.0027
2026-08-03 23:40:49,ETHUSDT,BINANCE,TRADE,1871.23,0.0027
2026-08-03 23:40:49,ETHUSDT,BINANCE,TRADE,1871.23,0.0027
2026-08-03 23:40:49,ETHUSDT,BINANCE,TRADE,1871.23,0.0027
2026-08-03 23:40:49,ETHUSDT,BINANCE,TRADE,1871.23,0.0027
2026-08-03 23:40:49,ETHUSDT,BINANCE,TRADE,1871.24,0.0054
2026-08-03 23:40:49,ETHUSDT,BINANCE,TRADE,1871.24,0.0028
2026-08-03 23:40:49,ETHUSDT,BINANCE,TRADE,1871.25,0.0054
2026-08-03 23:40:49,ETHUSDT,BINANCE,TRADE,1871.28,0.0027
2026-08-03 23:40:49,ETHUSDT,BINANCE,TRADE,1871.28,0.0027
2026-08-03 23:40:49,ETHUSDT,BINANCE,TRADE,1871.28,0.0028
2026-08-03 23:40:49,ETHUSDT,BINANCE,TRADE,1871.28,0.0027
2026-08-03 23:40:49,ETHUSDT,BINANCE,TRADE,1871.35,0.0029
2026-08-03 23:40:49,ETHUSDT,BINANCE,TRADE,1871.35,0.0029
2026-08-03 23:40:49,ETHUSDT,BINANCE,TRADE,1871.35,0.0029
2026-08-03 23:40:49,SOLUSDT,BINANCE,TRADE,74.01,0.278
2026-08-03 23:40:49,SOLUSDT,BINANCE,TRADE,74.01,0.073
2026-08-03 23:40:49,SOLUSDT,BINANCE,TRADE,74.01,0.073
2026-08-03 23:40:49,SOLUSDT,BINANCE,TRADE,74.01,0.073
2026-08-03 23:40:49,SOLUSDT,BINANCE,TRADE,74.01,0.073
2026-08-03 23:40:49,SOLUSDT,BINANCE,TRADE,74.01,0.073
2026-08-03 23:40:49,SOLUSDT,BINANCE,TRADE,74.01,0.073
2026-08-03 23:40:49,SOLUSDT,BINANCE,TRADE,74.01,0.244
2026-08-03 23:40:49,SOLUSDT,BINANCE,TRADE,74.01,6.931
2026-08-03 23:40:49,SOLUSDT,BINANCE,TRADE,74.01,1
2026-08-03 23:40:49,SOLUSDT,BINANCE,TRADE,74.01,0.071
2026-08-03 23:40:49,SOLUSDT,BINANCE,TRADE,74.01,0.068
2026-08-03 23:40:49,SOLUSDT,BINANCE,TRADE,74.01,33.998
2026-08-03 23:40:49,SOLUSDT,BINANCE,TRADE,74.01,0.136
2026-08-03 23:40:49,SOLUSDT,BINANCE,TRADE,74.01,0.073
2026-08-03 23:40:49,SOLUSDT,BINANCE,TRADE,74.01,0.073
2026-08-03 23:40:49,SOLUSDT,BINANCE,TRADE,74.01,0.073
2026-08-03 23:40:49,SOLUSDT,BINANCE,TRADE,74.01,0.073
2026-08-03 23:40:49,SOLUSDT,BINANCE,TRADE,74.01,0.071
2026-08-03 23:40:49,SOLUSDT,BINANCE,TRADE,74.01,0.073
2026-08-03 23:40:49,SOLUSDT,BINANCE,TRADE,74.01,0.073
2026-08-03 23:40:49,SOLUSDT,BINANCE,TRADE,74.01,0.278
2026-08-03 23:40:49,SOLUSDT,BINANCE,TRADE,74.01,0.073
2026-08-03 23:40:49,SOLUSDT,BINANCE,TRADE,74.01,0.073
2026-08-03 23:40:49,SOLUSDT,BINANCE,TRADE,74.01,0.073
2026-08-03 23:40:49,SOLUSDT,BINANCE,TRADE,74.01,0.136
2026-08-03 23:40:49,SOLUSDT,BINANCE,TRADE,74.01,0.073
2026-08-03 23:40:49,SOLUSDT,BINANCE,TRADE,74.01,12.498
2026-08-03 23:40:49,SOLUSDT,BINANCE,TRADE,74.01,1.399
2026-08-03 23:40:49,ETHUSDT,BINANCE,TRADE,1871.36,0.0045
2026-08-03 23:40:50,SOLUSDT,BINANCE,TRADE,74.01,0.068
2026-08-03 23:40:50,SOLUSDT,BINANCE,TRADE,74.01,0.071
2026-08-03 23:40:50,SOLUSDT,BINANCE,TRADE,74.01,0.073
2026-08-03 23:40:50,SOLUSDT,BINANCE,TRADE,74.01,0.068
2026-08-03 23:40:50,ETHUSDT,BINANCE,TRADE,1871.35,0.4912
2026-08-03 23:40:50,BTCUSDT,BINANCE,TRADE,63918,0.01565
2026-08-03 23:40:51,SOLUSDT,BINANCE,TRADE,74,10
2026-08-03 23:40:51,BTCUSDT,BINANCE,TRADE,63918,0.00296
2026-08-03 23:40:51,BTCUSDT,BINANCE,TRADE,63918,7e-05
2026-08-03 23:40:51,BTCUSDT,BINANCE,TRADE,63918,9e-05
2026-08-03 23:40:51,BTCUSDT,BINANCE,TRADE,63918,8e-05
2026-08-03 23:40:51,BTCUSDT,BINANCE,TRADE,63918,0.00049
2026-08-03 23:40:51,BTCUSDT,BINANCE,TRADE,63918,0.00059
2026-08-03 23:40:51,SOLUSDT,BINANCE,TRADE,74.01,0.068
2026-08-03 23:40:51,SOLUSDT,BINANCE,TRADE,74.01,0.073
2026-08-03 23:40:51,SOLUSDT,BINANCE,TRADE,74.01,0.073
2026-08-03 23:40:51,SOLUSDT,BINANCE,TRADE,74.01,0.073
2026-08-03 23:40:51,SOLUSDT,BINANCE,TRADE,74.01,0.073
2026-08-03 23:40:51,SOLUSDT,BINANCE,TRADE,74.01,0.073
2026-08-03 23:40:51,SOLUSDT,BINANCE,TRADE,74.01,0.073
2026-08-03 23:40:51,SOLUSDT,BINANCE,TRADE,74.01,0.073
2026-08-03 23:40:51,SOLUSDT,BINANCE,TRADE,74.01,0.278
2026-08-03 23:40:51,SOLUSDT,BINANCE,TRADE,74.01,0.209
2026-08-03 23:40:51,SOLUSDT,BINANCE,TRADE,74.01,7.141
2026-08-03 23:40:51,SOLUSDT,BINANCE,TRADE,74.01,0.073
2026-08-03 23:40:51,SOLUSDT,BINANCE,TRADE,74.01,0.068
2026-08-03 23:40:51,SOLUSDT,BINANCE,TRADE,74.01,0.071
2026-08-03 23:40:51,SOLUSDT,BINANCE,TRADE,74.01,34.091
2026-08-03 23:40:52,SOLUSDT,BINANCE,TRADE,74.01,0.073
2026-08-03 23:40:52,SOLUSDT,BINANCE,TRADE,74.01,0.073
2026-08-03 23:40:52,SOLUSDT,BINANCE,TRADE,74.01,0.136
2026-08-03 23:40:52,SOLUSDT,BINANCE,TRADE,74.01,0.073
2026-08-03 23:40:52,SOLUSDT,BINANCE,TRADE,74.01,0.073
2026-08-03 23:40:52,SOLUSDT,BINANCE,TRADE,74.01,0.073
2026-08-03 23:40:52,SOLUSDT,BINANCE,TRADE,74.01,0.071
2026-08-03 23:40:52,SOLUSDT,BINANCE,TRADE,74.01,0.073
2026-08-03 23:40:52,SOLUSDT,BINANCE,TRADE,74.01,0.073
2026-08-03 23:40:52,SOLUSDT,BINANCE,TRADE,74.01,0.073
2026-08-03 23:40:52,SOLUSDT,BINANCE,TRADE,74.01,0.068
2026-08-03 23:40:52,SOLUSDT,BINANCE,TRADE,74.01,0.231
2026-08-03 23:40:52,SOLUSDT,BINANCE,TRADE,74.01,0.073
2026-08-03 23:40:52,ETHUSDT,BINANCE,TRADE,1871.36,0.0027
2026-08-03 23:40:52,ETHUSDT,BINANCE,TRADE,1871.36,0.0027
2026-08-03 23:40:52,ETHUSDT,BINANCE,TRADE,1871.36,0.0027
2026-08-03 23:40:52,ETHUSDT,BINANCE,TRADE,1871.36,0.0451
2026-08-03 23:40:53,ETHUSDT,BINANCE,TRADE,1871.36,0.128
2026-08-03 23:40:53,BTCUSDT,BINANCE,TRADE,63918,8e-05
2026-08-03 23:40:53,BTCUSDT,BINANCE,TRADE,63918,9e-05
2026-08-03 23:40:53,BTCUSDT,BINANCE,TRADE,63918,8e-05
2026-08-03 23:40:53,BTCUSDT,BINANCE,TRADE,63918,0.00287
2026-08-03 23:40:53,BTCUSDT,BINANCE,TRADE,63918,0.00016
2026-08-03 23:40:53,BTCUSDT,BINANCE,TRADE,63918,8e-05
2026-08-03 23:40:53,BTCUSDT,BINANCE,TRADE,63918,8e-05
2026-08-03 23:40:53,BTCUSDT,BINANCE,TRADE,63918,0.00782
2026-08-03 23:40:53,BTCUSDT,BINANCE,TRADE,63918,0.01622
2026-08-03 23:40:53,BTCUSDT,BINANCE,TRADE,63918,0.00222
2026-08-03 23:40:54,BTCUSDT,BINANCE,TRADE,63918,0.00084
2026-08-03 23:40:54,BTCUSDT,BINANCE,TRADE,63918,0.00084
2026-08-03 23:40:54,ETHUSDT,BINANCE,TRADE,1871.35,0.008
2026-08-03 23:40:54,BTCUSDT,BINANCE,TRADE,63918,0.0006
2026-08-03 23:40:54,BTCUSDT,BINANCE,TRADE,63918,0.0025
2026-08-03 23:40:54,BTCUSDT,BINANCE,TRADE,63918,0.00221
2026-08-03 23:40:54,BTCUSDT,BINANCE,TRADE,63918,0.00044
2026-08-03 23:40:55,SOLUSDT,BINANCE,TRADE,74.01,0.211
2026-08-03 23:40:55,ETHUSDT,BINANCE,TRADE,1871.36,0.0311
2026-08-03 23:40:55,BTCUSDT,BINANCE,TRADE,63918,0.00161
2026-08-03 23:40:56,SOLUSDT,BINANCE,TRADE,74.01,41.455
2026-08-03 23:40:56,SOLUSDT,BINANCE,TRADE,74.01,0.278
2026-08-03 23:40:56,SOLUSDT,BINANCE,TRADE,74.01,11.733
2026-08-03 23:40:56,SOLUSDT,BINANCE,TRADE,74.01,142.5
2026-08-03 23:40:56,SOLUSDT,BINANCE,TRADE,74.01,0.068
2026-08-03 23:40:56,SOLUSDT,BINANCE,TRADE,74.01,0.136
2026-08-03 23:40:56,SOLUSDT,BINANCE,TRADE,74.01,0.07
2026-08-03 23:40:56,SOLUSDT,BINANCE,TRADE,74.01,1.343
2026-08-03 23:40:56,SOLUSDT,BINANCE,TRADE,74.01,0.163
2026-08-03 23:40:56,SOLUSDT,BINANCE,TRADE,74.01,35.621
2026-08-03 23:40:56,SOLUSDT,BINANCE,TRADE,74.01,0.071
2026-08-03 23:40:56,SOLUSDT,BINANCE,TRADE,74.01,0.278
2026-08-03 23:40:56,SOLUSDT,BINANCE,TRADE,74.01,13.523
2026-08-03 23:40:56,SOLUSDT,BINANCE,TRADE,74,1
2026-08-03 23:40:56,SOLUSDT,BINANCE,TRADE,74.01,13.396
2026-08-03 23:40:56,SOLUSDT,BINANCE,TRADE,74.01,0.128
2026-08-03 23:40:56,SOLUSDT,BINANCE,TRADE,74.01,0.436
2026-08-03 23:40:56,SOLUSDT,BINANCE,TRADE,74.01,59.847
2026-08-03 23:40:57,BTCUSDT,BINANCE,TRADE,63918,0.00084
2026-08-03 23:40:57,SOLUSDT,BINANCE,TRADE,74,42.297
2026-08-03 23:40:57,SOLUSDT,BINANCE,TRADE,74,41.584
2026-08-03 23:40:57,SOLUSDT,BINANCE,TRADE,74,15.331
2026-08-03 23:40:57,SOLUSDT,BINANCE,TRADE,74.01,1.703
2026-08-03 23:40:57,SOLUSDT,BINANCE,TRADE,74.01,41.666
2026-08-03 23:40:57,SOLUSDT,BINANCE,TRADE,74.01,24.253
2026-08-03 23:40:57,BTCUSDT,BINANCE,TRADE,63918,0.00435
2026-08-03 23:40:57,BTCUSDT,BINANCE,TRADE,63918,9e-05
2026-08-03 23:40:57,BTCUSDT,BINANCE,TRADE,63918,8e-05
2026-08-03 23:40:57,BTCUSDT,BINANCE,TRADE,63918,0.00315
2026-08-03 23:40:57,BTCUSDT,BINANCE,TRADE,63918,8e-05
2026-08-03 23:40:57,BTCUSDT,BINANCE,TRADE,63918,0.0035
2026-08-03 23:40:57,BTCUSDT,BINANCE,TRADE,63918,0.36204
2026-08-03 23:40:57,BTCUSDT,BINANCE,TRADE,63918,0.016
2026-08-03 23:40:57,BTCUSDT,BINANCE,TRADE,63918,0.0025
2026-08-03 23:40:57,BTCUSDT,BINANCE,TRADE,63918,0.08085
2026-08-03 23:40:57,SOLUSDT,BINANCE,TRADE,74.01,13.524
2026-08-03 23:40:57,ETHUSDT,BINANCE,TRADE,1871.36,0.0026
2026-08-03 23:40:58,ETHUSDT,BINANCE,TRADE,1871.35,0.008
2026-08-03 23:40:58,BTCUSDT,BINANCE,TRADE,63918,0.00047
2026-08-03 23:40:59,SOLUSDT,BINANCE,TRADE,74.01,0.645
2026-08-03 23:40:59,SOLUSDT,BINANCE,TRADE,74.01,6.812
2026-08-03 23:40:59,SOLUSDT,BINANCE,TRADE,74.01,0.068
2026-08-03 23:40:59,SOLUSDT,BINANCE,TRADE,74.01,5.999
2026-08-03 23:40:59,ETHUSDT,BINANCE,TRADE,1871.36,0.021
2026-08-03 23:40:59,BTCUSDT,BINANCE,TRADE,63918,0.00014
2026-08-03 23:41:00,SOLUSDT,BINANCE,TRADE,74,0.278
2026-08-03 23:41:00,SOLUSDT,BINANCE,TRADE,74,0.068
2026-08-03 23:41:00,SOLUSDT,BINANCE,TRADE,74,0.136
2026-08-03 23:41:00,SOLUSDT,BINANCE,TRADE,74,32.648
2026-08-03 23:41:00,SOLUSDT,BINANCE,TRADE,74,0.5
2026-08-03 23:41:00,SOLUSDT,BINANCE,TRADE,74,0.251
2026-08-03 23:41:00,SOLUSDT,BINANCE,TRADE,74,0.071
2026-08-03 23:41:00,SOLUSDT,BINANCE,TRADE,74,1.058
2026-08-03 23:41:00,SOLUSDT,BINANCE,TRADE,74,10
2026-08-03 23:41:00,SOLUSDT,BINANCE,TRADE,74,8.421
2026-08-03 23:41:00,SOLUSDT,BINANCE,TRADE,74,3.117
2026-08-03 23:41:00,SOLUSDT,BINANCE,TRADE,74,3.117
2026-08-03 23:41:00,SOLUSDT,BINANCE,TRADE,74,0.15
2026-08-03 23:41:00,SOLUSDT,BINANCE,TRADE,74,0.069
2026-08-03 23:41:00,SOLUSDT,BINANCE,TRADE,74,0.071
2026-08-03 23:41:00,SOLUSDT,BINANCE,TRADE,74,3.117
2026-08-03 23:41:00,SOLUSDT,BINANCE,TRADE,74,3.117
2026-08-03 23:41:00,SOLUSDT,BINANCE,TRADE,74,0.071
2026-08-03 23:41:00,SOLUSDT,BINANCE,TRADE,74,3.117
2026-08-03 23:41:00,SOLUSDT,BINANCE,TRADE,74,3.117
2026-08-03 23:41:00,SOLUSDT,BINANCE,TRADE,74,3.117
2026-08-03 23:41:00,SOLUSDT,BINANCE,TRADE,74,3.117
2026-08-03 23:41:00,SOLUSDT,BINANCE,TRADE,74,3.117
2026-08-03 23:41:00,SOLUSDT,BINANCE,TRADE,74,3.117
2026-08-03 23:41:00,SOLUSDT,BINANCE,TRADE,74,3.117
2026-08-03 23:41:00,SOLUSDT,BINANCE,TRADE,74,3.117
2026-08-03 23:41:00,SOLUSDT,BINANCE,TRADE,74,3.117
2026-08-03 23:41:00,SOLUSDT,BINANCE,TRADE,74,3.117
2026-08-03 23:41:00,SOLUSDT,BINANCE,TRADE,74,3.117
2026-08-03 23:41:00,SOLUSDT,BINANCE,TRADE,74,3.117
2026-08-03 23:41:00,SOLUSDT,BINANCE,TRADE,74,3.117
2026-08-03 23:41:00,SOLUSDT,BINANCE,TRADE,74,3.117
2026-08-03 23:41:00,SOLUSDT,BINANCE,TRADE,74,3.117
2026-08-03 23:41:00,SOLUSDT,BINANCE,TRADE,74,3.117
2026-08-03 23:41:00,SOLUSDT,BINANCE,TRADE,74,3.117
2026-08-03 23:41:00,SOLUSDT,BINANCE,TRADE,74,3.117
2026-08-03 23:41:00,SOLUSDT,BINANCE,TRADE,74,3.117
2026-08-03 23:41:00,SOLUSDT,BINANCE,TRADE,74,3.117
2026-08-03 23:41:00,SOLUSDT,BINANCE,TRADE,74,3.117
2026-08-03 23:41:00,SOLUSDT,BINANCE,TRADE,74,3.117
2026-08-03 23:41:00,SOLUSDT,BINANCE,TRADE,74,3.117
2026-08-03 23:41:00,SOLUSDT,BINANCE,TRADE,74,3.117
2026-08-03 23:41:00,SOLUSDT,BINANCE,TRADE,74,3.117
2026-08-03 23:41:00,SOLUSDT,BINANCE,TRADE,74,3.117
2026-08-03 23:41:00,SOLUSDT,BINANCE,TRADE,74,3.117
2026-08-03 23:41:00,SOLUSDT,BINANCE,TRADE,74,3.117
2026-08-03 23:41:00,SOLUSDT,BINANCE,TRADE,74,3.117
2026-08-03 23:41:00,SOLUSDT,BINANCE,TRADE,74,3.117
2026-08-03 23:41:00,SOLUSDT,BINANCE,TRADE,74,3.117
2026-08-03 23:41:00,SOLUSDT,BINANCE,TRADE,74,3.117
2026-08-03 23:41:00,SOLUSDT,BINANCE,TRADE,74,3.117
2026-08-03 23:41:00,SOLUSDT,BINANCE,TRADE,74,3.117
2026-08-03 23:41:00,SOLUSDT,BINANCE,TRADE,74,3.117
2026-08-03 23:41:00,SOLUSDT,BINANCE,TRADE,74,1.324
2026-08-03 23:41:00,SOLUSDT,BINANCE,TRADE,74,1.793
2026-08-03 23:41:00,SOLUSDT,BINANCE,TRADE,74,2.261
2026-08-03 23:41:00,SOLUSDT,BINANCE,TRADE,74,0.856
2026-08-03 23:41:00,SOLUSDT,BINANCE,TRADE,74,0.071
2026-08-03 23:41:00,SOLUSDT,BINANCE,TRADE,74,0.136
2026-08-03 23:41:00,SOLUSDT,BINANCE,TRADE,74,0.071
2026-08-03 23:41:00,SOLUSDT,BINANCE,TRADE,74,0.068
2026-08-03 23:41:00,SOLUSDT,BINANCE,TRADE,74,12.365
2026-08-03 23:41:00,SOLUSDT,BINANCE,TRADE,74,4.91
2026-08-03 23:41:00,SOLUSDT,BINANCE,TRADE,74,15.383
2026-08-03 23:41:00,SOLUSDT,BINANCE,TRADE,74,0.07
2026-08-03 23:41:00,SOLUSDT,BINANCE,TRADE,74,0.862
2026-08-03 23:41:00,ETHUSDT,BINANCE,TRADE,1871.35,0.0027
2026-08-03 23:41:00,ETHUSDT,BINANCE,TRADE,1871.35,0.0003
2026-08-03 23:41:00,SOLUSDT,BINANCE,TRADE,74,2.255
2026-08-03 23:41:00,SOLUSDT,BINANCE,TRADE,74,3.117
2026-08-03 23:41:00,SOLUSDT,BINANCE,TRADE,74,0.071
2026-08-03 23:41:00,SOLUSDT,BINANCE,TRADE,74,0.071
2026-08-03 23:41:00,SOLUSDT,BINANCE,TRADE,74,0.068
2026-08-03 23:41:00,SOLUSDT,BINANCE,TRADE,74,0.07
2026-08-03 23:41:00,SOLUSDT,BINANCE,TRADE,74,0.136
2026-08-03 23:41:00,SOLUSDT,BINANCE,TRADE,74,2.981
2026-08-03 23:41:00,SOLUSDT,BINANCE,TRADE,74,3.117
2026-08-03 23:41:00,SOLUSDT,BINANCE,TRADE,74,0.071
2026-08-03 23:41:00,SOLUSDT,BINANCE,TRADE,74,0.068
2026-08-03 23:41:00,SOLUSDT,BINANCE,TRADE,74,0.071
2026-08-03 23:41:00,SOLUSDT,BINANCE,TRADE,74,0.136
2026-08-03 23:41:00,SOLUSDT,BINANCE,TRADE,74,3.117
2026-08-03 23:41:00,SOLUSDT,BINANCE,TRADE,74,3.117
2026-08-03 23:41:00,SOLUSDT,BINANCE,TRADE,74,0.071
2026-08-03 23:41:00,SOLUSDT,BINANCE,TRADE,74,3.117
2026-08-03 23:41:00,SOLUSDT,BINANCE,TRADE,74,3.117
2026-08-03 23:41:00,SOLUSDT,BINANCE,TRADE,74,3.117
2026-08-03 23:41:00,SOLUSDT,BINANCE,TRADE,74,3.117
2026-08-03 23:41:00,SOLUSDT,BINANCE,TRADE,74,3.117
2026-08-03 23:41:00,SOLUSDT,BINANCE,TRADE,74,3.117
2026-08-03 23:41:00,SOLUSDT,BINANCE,TRADE,74,3.117
2026-08-03 23:41:00,SOLUSDT,BINANCE,TRADE,74,3.117
2026-08-03 23:41:00,SOLUSDT,BINANCE,TRADE,74,3.117
2026-08-03 23:41:00,SOLUSDT,BINANCE,TRADE,74,3.117
2026-08-03 23:41:00,SOLUSDT,BINANCE,TRADE,74,3.117
2026-08-03 23:41:00,SOLUSDT,BINANCE,TRADE,74,3.117
2026-08-03 23:41:00,SOLUSDT,BINANCE,TRADE,74,3.117
2026-08-03 23:41:00,SOLUSDT,BINANCE,TRADE,74,3.117
2026-08-03 23:41:00,SOLUSDT,BINANCE,TRADE,74,3.117
2026-08-03 23:41:00,SOLUSDT,BINANCE,TRADE,74,3.117
2026-08-03 23:41:00,SOLUSDT,BINANCE,TRADE,74,2.653
2026-08-03 23:41:00,SOLUSDT,BINANCE,TRADE,74,0.464
2026-08-03 23:41:00,SOLUSDT,BINANCE,TRADE,74,2.171
2026-08-03 23:41:00,SOLUSDT,BINANCE,TRADE,74,0.946
2026-08-03 23:41:00,SOLUSDT,BINANCE,TRADE,74,0.07
2026-08-03 23:41:00,SOLUSDT,BINANCE,TRADE,74,2.635
2026-08-03 23:41:00,SOLUSDT,BINANCE,TRADE,74,0.482
2026-08-03 23:41:00,SOLUSDT,BINANCE,TRADE,74,0.071
2026-08-03 23:41:00,SOLUSDT,BINANCE,TRADE,74,0.071
2026-08-03 23:41:00,SOLUSDT,BINANCE,TRADE,74,3.117
2026-08-03 23:41:00,SOLUSDT,BINANCE,TRADE,74,0.67
2026-08-03 23:41:00,SOLUSDT,BINANCE,TRADE,74,7.32
2026-08-03 23:41:00,SOLUSDT,BINANCE,TRADE,74,0.436
2026-08-03 23:41:00,SOLUSDT,BINANCE,TRADE,74,0.432
2026-08-03 23:41:00,SOLUSDT,BINANCE,TRADE,74,0.422
2026-08-03 23:41:00,SOLUSDT,BINANCE,TRADE,74,0.45
2026-08-03 23:41:00,SOLUSDT,BINANCE,TRADE,74,0.396
2026-08-03 23:41:00,SOLUSDT,BINANCE,TRADE,74,3.117
2026-08-03 23:41:00,SOLUSDT,BINANCE,TRADE,74,0.071
2026-08-03 23:41:00,SOLUSDT,BINANCE,TRADE,74,3.117
2026-08-03 23:41:00,SOLUSDT,BINANCE,TRADE,74,0.07
2026-08-03 23:41:00,SOLUSDT,BINANCE,TRADE,74,0.068
2026-08-03 23:41:00,SOLUSDT,BINANCE,TRADE,74,0.071
2026-08-03 23:41:00,SOLUSDT,BINANCE,TRADE,74,0.136
2026-08-03 23:41:00,SOLUSDT,BINANCE,TRADE,74,3.117
2026-08-03 23:41:00,SOLUSDT,BINANCE,TRADE,74,3.117
2026-08-03 23:41:00,SOLUSDT,BINANCE,TRADE,74,0.071
2026-08-03 23:41:00,SOLUSDT,BINANCE,TRADE,74,3.117
2026-08-03 23:41:00,SOLUSDT,BINANCE,TRADE,74,3.117
2026-08-03 23:41:00,SOLUSDT,BINANCE,TRADE,74,3.117
2026-08-03 23:41:00,SOLUSDT,BINANCE,TRADE,74,0.788
2026-08-03 23:41:00,SOLUSDT,BINANCE,TRADE,74,2.329
2026-08-03 23:41:00,SOLUSDT,BINANCE,TRADE,74,3.117
2026-08-03 23:41:00,SOLUSDT,BINANCE,TRADE,74,0.416
2026-08-03 23:41:00,SOLUSDT,BINANCE,TRADE,74,2.701
2026-08-03 23:41:00,SOLUSDT,BINANCE,TRADE,74,2.329
2026-08-03 23:41:00,SOLUSDT,BINANCE,TRADE,74,0.788
2026-08-03 23:41:00,SOLUSDT,BINANCE,TRADE,74,0.071
2026-08-03 23:41:00,SOLUSDT,BINANCE,TRADE,74,0.136
2026-08-03 23:41:00,SOLUSDT,BINANCE,TRADE,74,0.07
2026-08-03 23:41:00,SOLUSDT,BINANCE,TRADE,74,0.071
2026-08-03 23:41:00,SOLUSDT,BINANCE,TRADE,74,0.956
2026-08-03 23:41:00,SOLUSDT,BINANCE,TRADE,74,55.164
2026-08-03 23:41:00,SOLUSDT,BINANCE,TRADE,74,25.899
2026-08-03 23:41:00,SOLUSDT,BINANCE,TRADE,74,1.177
2026-08-03 23:41:00,SOLUSDT,BINANCE,TRADE,74,3.117
2026-08-03 23:41:00,SOLUSDT,BINANCE,TRADE,74,3.117
2026-08-03 23:41:00,SOLUSDT,BINANCE,TRADE,74,0.071
2026-08-03 23:41:00,SOLUSDT,BINANCE,TRADE,74,0.068
2026-08-03 23:41:00,SOLUSDT,BINANCE,TRADE,74,3.117
2026-08-03 23:41:00,SOLUSDT,BINANCE,TRADE,74,3.117
2026-08-03 23:41:00,SOLUSDT,BINANCE,TRADE,74,0.071
2026-08-03 23:41:00,SOLUSDT,BINANCE,TRADE,74,0.07
2026-08-03 23:41:00,SOLUSDT,BINANCE,TRADE,74,0.136
2026-08-03 23:41:00,SOLUSDT,BINANCE,TRADE,74,0.539
2026-08-03 23:41:00,SOLUSDT,BINANCE,TRADE,74,7.479
2026-08-03 23:41:00,SOLUSDT,BINANCE,TRADE,74,8.698
2026-08-03 23:41:00,SOLUSDT,BINANCE,TRADE,74,2.533
2026-08-03 23:41:00,SOLUSDT,BINANCE,TRADE,74,3.117
2026-08-03 23:41:00,SOLUSDT,BINANCE,TRADE,74,1.689
2026-08-03 23:41:00,ETHUSDT,BINANCE,TRADE,1871.35,0.0024
2026-08-03 23:41:00,ETHUSDT,BINANCE,TRADE,1871.35,0.0028
2026-08-03 23:41:00,ETHUSDT,BINANCE,TRADE,1871.35,0.0027
2026-08-03 23:41:00,ETHUSDT,BINANCE,TRADE,1871.35,0.0054
2026-08-03 23:41:00,ETHUSDT,BINANCE,TRADE,1871.35,0.0027
2026-08-03 23:41:00,ETHUSDT,BINANCE,TRADE,1871.35,0.0027
2026-08-03 23:41:00,ETHUSDT,BINANCE,TRADE,1871.35,0.0028
2026-08-03 23:41:00,ETHUSDT,BINANCE,TRADE,1871.35,0.0027
2026-08-03 23:41:00,ETHUSDT,BINANCE,TRADE,1871.35,0.0027
2026-08-03 23:41:00,ETHUSDT,BINANCE,TRADE,1871.35,0.089
2026-08-03 23:41:00,ETHUSDT,BINANCE,TRADE,1871.35,0.0027
2026-08-03 23:41:00,ETHUSDT,BINANCE,TRADE,1871.35,0.0027
2026-08-03 23:41:00,ETHUSDT,BINANCE,TRADE,1871.35,1.8568
2026-08-03 23:41:00,ETHUSDT,BINANCE,TRADE,1871.35,0.0028
2026-08-03 23:41:00,ETHUSDT,BINANCE,TRADE,1871.35,0.0028
2026-08-03 23:41:00,ETHUSDT,BINANCE,TRADE,1871.35,0.0028
2026-08-03 23:41:00,ETHUSDT,BINANCE,TRADE,1871.35,0.0027
2026-08-03 23:41:00,ETHUSDT,BINANCE,TRADE,1871.35,0.0028
2026-08-03 23:41:00,ETHUSDT,BINANCE,TRADE,1871.35,0.0028
2026-08-03 23:41:00,ETHUSDT,BINANCE,TRADE,1871.35,0.0028
2026-08-03 23:41:00,ETHUSDT,BINANCE,TRADE,1871.35,0.0028
2026-08-03 23:41:00,ETHUSDT,BINANCE,TRADE,1871.35,0.0032
2026-08-03 23:41:00,ETHUSDT,BINANCE,TRADE,1871.35,0.0032
2026-08-03 23:41:00,ETHUSDT,BINANCE,TRADE,1871.35,0.0027
2026-08-03 23:41:00,ETHUSDT,BINANCE,TRADE,1871.35,0.0027
2026-08-03 23:41:00,ETHUSDT,BINANCE,TRADE,1871.35,0.0027
2026-08-03 23:41:00,ETHUSDT,BINANCE,TRADE,1871.35,0.0027
2026-08-03 23:41:00,ETHUSDT,BINANCE,TRADE,1871.35,0.0027
2026-08-03 23:41:00,ETHUSDT,BINANCE,TRADE,1871.35,0.0027
2026-08-03 23:41:00,ETHUSDT,BINANCE,TRADE,1871.35,0.0027
2026-08-03 23:41:00,ETHUSDT,BINANCE,TRADE,1871.35,0.0027
2026-08-03 23:41:00,ETHUSDT,BINANCE,TRADE,1871.35,0.0027
2026-08-03 23:41:00,ETHUSDT,BINANCE,TRADE,1871.35,0.0027
2026-08-03 23:41:00,ETHUSDT,BINANCE,TRADE,1871.35,0.0027
2026-08-03 23:41:00,ETHUSDT,BINANCE,TRADE,1871.35,0.0027
2026-08-03 23:41:00,ETHUSDT,BINANCE,TRADE,1871.35,0.0027
2026-08-03 23:41:00,ETHUSDT,BINANCE,TRADE,1871.35,0.0027
2026-08-03 23:41:00,ETHUSDT,BINANCE,TRADE,1871.35,0.0027
2026-08-03 23:41:00,ETHUSDT,BINANCE,TRADE,1871.35,0.0027
2026-08-03 23:41:00,ETHUSDT,BINANCE,TRADE,1871.34,0.0054
2026-08-03 23:41:00,ETHUSDT,BINANCE,TRADE,1871.34,0.0028
2026-08-03 23:41:00,ETHUSDT,BINANCE,TRADE,1871.34,0.0028
2026-08-03 23:41:00,ETHUSDT,BINANCE,TRADE,1871.34,0.0028
2026-08-03 23:41:00,ETHUSDT,BINANCE,TRADE,1871.34,0.0028
2026-08-03 23:41:00,ETHUSDT,BINANCE,TRADE,1871.33,0.0054
2026-08-03 23:41:00,ETHUSDT,BINANCE,TRADE,1871.33,0.0028
2026-08-03 23:41:00,ETHUSDT,BINANCE,TRADE,1871.33,0.0027
2026-08-03 23:41:00,ETHUSDT,BINANCE,TRADE,1871.33,0.0027
2026-08-03 23:41:00,ETHUSDT,BINANCE,TRADE,1871.31,0.0028
2026-08-03 23:41:00,ETHUSDT,BINANCE,TRADE,1871.31,0.0032
2026-08-03 23:41:00,SOLUSDT,BINANCE,TRADE,74,1.428
2026-08-03 23:41:00,SOLUSDT,BINANCE,TRADE,74,0.071
2026-08-03 23:41:00,SOLUSDT,BINANCE,TRADE,74,0.136
2026-08-03 23:41:00,SOLUSDT,BINANCE,TRADE,74,0.068
2026-08-03 23:41:00,SOLUSDT,BINANCE,TRADE,74,0.07
2026-08-03 23:41:00,SOLUSDT,BINANCE,TRADE,74,0.071
2026-08-03 23:41:00,SOLUSDT,BINANCE,TRADE,74,3.117
2026-08-03 23:41:00,SOLUSDT,BINANCE,TRADE,74,3.117
2026-08-03 23:41:00,SOLUSDT,BINANCE,TRADE,74,0.071
2026-08-03 23:41:00,SOLUSDT,BINANCE,TRADE,74,3.117
2026-08-03 23:41:00,SOLUSDT,BINANCE,TRADE,74,3.117
2026-08-03 23:41:00,SOLUSDT,BINANCE,TRADE,74,3.117
2026-08-03 23:41:00,SOLUSDT,BINANCE,TRADE,74,3.117
2026-08-03 23:41:00,SOLUSDT,BINANCE,TRADE,74,3.117
2026-08-03 23:41:00,SOLUSDT,BINANCE,TRADE,74,3.117
2026-08-03 23:41:00,SOLUSDT,BINANCE,TRADE,74,3.117
2026-08-03 23:41:00,SOLUSDT,BINANCE,TRADE,74,3.117
2026-08-03 23:41:00,SOLUSDT,BINANCE,TRADE,74,3.117
2026-08-03 23:41:00,SOLUSDT,BINANCE,TRADE,74,3.117
2026-08-03 23:41:00,SOLUSDT,BINANCE,TRADE,74,3.117
2026-08-03 23:41:00,SOLUSDT,BINANCE,TRADE,74,3.117
2026-08-03 23:41:00,SOLUSDT,BINANCE,TRADE,74,3.117
2026-08-03 23:41:00,SOLUSDT,BINANCE,TRADE,74,3.117
2026-08-03 23:41:00,SOLUSDT,BINANCE,TRADE,74,3.117
2026-08-03 23:41:00,SOLUSDT,BINANCE,TRADE,74,3.117
2026-08-03 23:41:00,SOLUSDT,BINANCE,TRADE,74,3.117
2026-08-03 23:41:00,SOLUSDT,BINANCE,TRADE,74,3.117
2026-08-03 23:41:00,SOLUSDT,BINANCE,TRADE,74,0.192
2026-08-03 23:41:00,SOLUSDT,BINANCE,TRADE,74,2.925
2026-08-03 23:41:00,SOLUSDT,BINANCE,TRADE,74,3.117
2026-08-03 23:41:00,SOLUSDT,BINANCE,TRADE,74,3.117
2026-08-03 23:41:00,SOLUSDT,BINANCE,TRADE,74,1.815
2026-08-03 23:41:00,SOLUSDT,BINANCE,TRADE,74,3.117
2026-08-03 23:41:00,SOLUSDT,BINANCE,TRADE,74,3.117
2026-08-03 23:41:00,SOLUSDT,BINANCE,TRADE,74,3.117
2026-08-03 23:41:00,SOLUSDT,BINANCE,TRADE,74,3.117
2026-08-03 23:41:00,SOLUSDT,BINANCE,TRADE,74,3.117
2026-08-03 23:41:00,SOLUSDT,BINANCE,TRADE,74,3.117
2026-08-03 23:41:00,SOLUSDT,BINANCE,TRADE,74,3.117
2026-08-03 23:41:00,SOLUSDT,BINANCE,TRADE,74,3.117
2026-08-03 23:41:00,SOLUSDT,BINANCE,TRADE,74,3.117
2026-08-03 23:41:00,SOLUSDT,BINANCE,TRADE,74,0.817
2026-08-03 23:41:00,SOLUSDT,BINANCE,TRADE,74,2.3
2026-08-03 23:41:00,SOLUSDT,BINANCE,TRADE,74,0.071
2026-08-03 23:41:00,SOLUSDT,BINANCE,TRADE,74,0.071
2026-08-03 23:41:00,SOLUSDT,BINANCE,TRADE,74,0.07
2026-08-03 23:41:00,SOLUSDT,BINANCE,TRADE,74,0.136
2026-08-03 23:41:00,SOLUSDT,BINANCE,TRADE,74,34.717
2026-08-03 23:41:00,ETHUSDT,BINANCE,TRADE,1871.3,0.0028
2026-08-03 23:41:00,ETHUSDT,BINANCE,TRADE,1871.3,0.0028
2026-08-03 23:41:00,ETHUSDT,BINANCE,TRADE,1871.3,0.0032
2026-08-03 23:41:00,ETHUSDT,BINANCE,TRADE,1871.3,0.0032
2026-08-03 23:41:00,ETHUSDT,BINANCE,TRADE,1871.3,0.0028
2026-08-03 23:41:00,ETHUSDT,BINANCE,TRADE,1871.3,0.0028
2026-08-03 23:41:00,ETHUSDT,BINANCE,TRADE,1871.3,0.0027
2026-08-03 23:41:00,ETHUSDT,BINANCE,TRADE,1871.3,0.0028
2026-08-03 23:41:00,ETHUSDT,BINANCE,TRADE,1871.3,0.0028
2026-08-03 23:41:00,ETHUSDT,BINANCE,TRADE,1871.3,0.0028
2026-08-03 23:41:00,ETHUSDT,BINANCE,TRADE,1871.3,0.0028
2026-08-03 23:41:00,ETHUSDT,BINANCE,TRADE,1871.3,0.0028
2026-08-03 23:41:00,ETHUSDT,BINANCE,TRADE,1871.3,0.0027
2026-08-03 23:41:00,ETHUSDT,BINANCE,TRADE,1871.3,0.0028
2026-08-03 23:41:00,ETHUSDT,BINANCE,TRADE,1871.3,0.0028
2026-08-03 23:41:00,ETHUSDT,BINANCE,TRADE,1871.3,0.0028
2026-08-03 23:41:00,ETHUSDT,BINANCE,TRADE,1871.3,0.0027
2026-08-03 23:41:00,ETHUSDT,BINANCE,TRADE,1871.29,0.0027
2026-08-03 23:41:00,ETHUSDT,BINANCE,TRADE,1871.29,0.0028
2026-08-03 23:41:00,ETHUSDT,BINANCE,TRADE,1871.29,0.0028
2026-08-03 23:41:00,ETHUSDT,BINANCE,TRADE,1871.29,0.0028
2026-08-03 23:41:00,ETHUSDT,BINANCE,TRADE,1871.29,0.0028
2026-08-03 23:41:00,ETHUSDT,BINANCE,TRADE,1871.29,0.0027
2026-08-03 23:41:00,ETHUSDT,BINANCE,TRADE,1871.29,0.0027
2026-08-03 23:41:00,ETHUSDT,BINANCE,TRADE,1871.29,0.0027
2026-08-03 23:41:00,ETHUSDT,BINANCE,TRADE,1871.29,0.0027
2026-08-03 23:41:00,ETHUSDT,BINANCE,TRADE,1871.28,0.0027
2026-08-03 23:41:00,ETHUSDT,BINANCE,TRADE,1871.28,0.0027
2026-08-03 23:41:00,ETHUSDT,BINANCE,TRADE,1871.28,0.0027
2026-08-03 23:41:00,ETHUSDT,BINANCE,TRADE,1871.28,0.0028
2026-08-03 23:41:00,ETHUSDT,BINANCE,TRADE,1871.28,0.0027
2026-08-03 23:41:00,ETHUSDT,BINANCE,TRADE,1871.28,0.0028
2026-08-03 23:41:00,ETHUSDT,BINANCE,TRADE,1871.28,0.0027
2026-08-03 23:41:00,ETHUSDT,BINANCE,TRADE,1871.28,0.0027
2026-08-03 23:41:00,ETHUSDT,BINANCE,TRADE,1871.28,0.0027
2026-08-03 23:41:00,ETHUSDT,BINANCE,TRADE,1871.28,0.0027
2026-08-03 23:41:00,ETHUSDT,BINANCE,TRADE,1871.28,0.0027
2026-08-03 23:41:00,ETHUSDT,BINANCE,TRADE,1871.26,0.0028
2026-08-03 23:41:00,ETHUSDT,BINANCE,TRADE,1871.25,0.0028
2026-08-03 23:41:00,ETHUSDT,BINANCE,TRADE,1871.24,0.0028
2026-08-03 23:41:00,ETHUSDT,BINANCE,TRADE,1871.23,0.0029
2026-08-03 23:41:00,ETHUSDT,BINANCE,TRADE,1871.23,0.0029
2026-08-03 23:41:00,ETHUSDT,BINANCE,TRADE,1871.23,0.0028
2026-08-03 23:41:00,ETHUSDT,BINANCE,TRADE,1871.23,0.0029
2026-08-03 23:41:00,SOLUSDT,BINANCE,TRADE,74,16.105
2026-08-03 23:41:00,SOLUSDT,BINANCE,TRADE,74,3.117
2026-08-03 23:41:00,SOLUSDT,BINANCE,TRADE,74,0.071
2026-08-03 23:41:00,SOLUSDT,BINANCE,TRADE,74,0.071
2026-08-03 23:41:00,SOLUSDT,BINANCE,TRADE,74,0.136
2026-08-03 23:41:00,SOLUSDT,BINANCE,TRADE,74,0.07
2026-08-03 23:41:00,SOLUSDT,BINANCE,TRADE,74,20.284
2026-08-03 23:41:00,SOLUSDT,BINANCE,TRADE,74,0.068
2026-08-03 23:41:00,SOLUSDT,BINANCE,TRADE,74,3.117
2026-08-03 23:41:00,SOLUSDT,BINANCE,TRADE,74,0.071
2026-08-03 23:41:00,SOLUSDT,BINANCE,TRADE,74,3.117
2026-08-03 23:41:00,SOLUSDT,BINANCE,TRADE,74,3.117
2026-08-03 23:41:00,SOLUSDT,BINANCE,TRADE,74,3.117
2026-08-03 23:41:00,SOLUSDT,BINANCE,TRADE,74,3.117
2026-08-03 23:41:00,SOLUSDT,BINANCE,TRADE,74,3.117
2026-08-03 23:41:00,SOLUSDT,BINANCE,TRADE,74,3.117
2026-08-03 23:41:00,SOLUSDT,BINANCE,TRADE,74,1.251
2026-08-03 23:41:00,SOLUSDT,BINANCE,TRADE,73.99,0.23
2026-08-03 23:41:00,SOLUSDT,BINANCE,TRADE,74,0.108
2026-08-03 23:41:00,BTCUSDT,BINANCE,TRADE,63918,0.0297
2026-08-03 23:41:01,ETHUSDT,BINANCE,TRADE,1871.22,0.0027
2026-08-03 23:41:01,ETHUSDT,BINANCE,TRADE,1871.22,0.0027
2026-08-03 23:41:01,ETHUSDT,BINANCE,TRADE,1871.22,0.3549
2026-08-03 23:41:01,ETHUSDT,BINANCE,TRADE,1871.22,0.1233
2026-08-03 23:41:01,ETHUSDT,BINANCE,TRADE,1871.22,0.1233
2026-08-03 23:41:01,ETHUSDT,BINANCE,TRADE,1871.22,0.0029
2026-08-03 23:41:01,ETHUSDT,BINANCE,TRADE,1871.22,0.0029
2026-08-03 23:41:01,ETHUSDT,BINANCE,TRADE,1871.22,0.0028
2026-08-03 23:41:01,ETHUSDT,BINANCE,TRADE,1871.22,0.0028
2026-08-03 23:41:01,ETHUSDT,BINANCE,TRADE,1871.22,0.0027
2026-08-03 23:41:01,ETHUSDT,BINANCE,TRADE,1871.22,0.0028
2026-08-03 23:41:01,ETHUSDT,BINANCE,TRADE,1871.22,0.0028
2026-08-03 23:41:01,ETHUSDT,BINANCE,TRADE,1871.22,0.0028
2026-08-03 23:41:01,ETHUSDT,BINANCE,TRADE,1871.22,0.0028
2026-08-03 23:41:01,ETHUSDT,BINANCE,TRADE,1871.22,0.0028
2026-08-03 23:41:01,ETHUSDT,BINANCE,TRADE,1871.22,0.0027
2026-08-03 23:41:01,ETHUSDT,BINANCE,TRADE,1871.22,0.0027
2026-08-03 23:41:01,ETHUSDT,BINANCE,TRADE,1871.22,0.0027
2026-08-03 23:41:01,ETHUSDT,BINANCE,TRADE,1871.22,0.0032
2026-08-03 23:41:01,ETHUSDT,BINANCE,TRADE,1871.22,0.0028
2026-08-03 23:41:01,ETHUSDT,BINANCE,TRADE,1871.22,0.0028
2026-08-03 23:41:01,ETHUSDT,BINANCE,TRADE,1871.22,0.0032
2026-08-03 23:41:01,ETHUSDT,BINANCE,TRADE,1871.22,0.0027
2026-08-03 23:41:01,ETHUSDT,BINANCE,TRADE,1871.22,0.1233
2026-08-03 23:41:01,ETHUSDT,BINANCE,TRADE,1871.22,0.1233
2026-08-03 23:41:01,ETHUSDT,BINANCE,TRADE,1871.22,0.0029
2026-08-03 23:41:01,ETHUSDT,BINANCE,TRADE,1871.22,0.0027
2026-08-03 23:41:01,ETHUSDT,BINANCE,TRADE,1871.22,0.1233
2026-08-03 23:41:01,ETHUSDT,BINANCE,TRADE,1871.22,0.1233
2026-08-03 23:41:01,ETHUSDT,BINANCE,TRADE,1871.22,0.0027
2026-08-03 23:41:01,ETHUSDT,BINANCE,TRADE,1871.22,0.1233
2026-08-03 23:41:01,ETHUSDT,BINANCE,TRADE,1871.22,0.1233
2026-08-03 23:41:01,ETHUSDT,BINANCE,TRADE,1871.22,0.0027
2026-08-03 23:41:01,ETHUSDT,BINANCE,TRADE,1871.22,0.1233
2026-08-03 23:41:01,ETHUSDT,BINANCE,TRADE,1871.22,0.1233
2026-08-03 23:41:01,ETHUSDT,BINANCE,TRADE,1871.22,0.1233
2026-08-03 23:41:01,ETHUSDT,BINANCE,TRADE,1871.22,0.1233
2026-08-03 23:41:01,ETHUSDT,BINANCE,TRADE,1871.22,0.1233
2026-08-03 23:41:01,ETHUSDT,BINANCE,TRADE,1871.22,0.1233
2026-08-03 23:41:01,ETHUSDT,BINANCE,TRADE,1871.22,0.1233
2026-08-03 23:41:01,ETHUSDT,BINANCE,TRADE,1871.22,0.1233
2026-08-03 23:41:01,ETHUSDT,BINANCE,TRADE,1871.22,0.1233
2026-08-03 23:41:01,ETHUSDT,BINANCE,TRADE,1871.22,0.1233
2026-08-03 23:41:01,ETHUSDT,BINANCE,TRADE,1871.22,0.1233
2026-08-03 23:41:01,ETHUSDT,BINANCE,TRADE,1871.22,0.1233
2026-08-03 23:41:01,ETHUSDT,BINANCE,TRADE,1871.22,0.1233
2026-08-03 23:41:01,ETHUSDT,BINANCE,TRADE,1871.22,0.1233
2026-08-03 23:41:01,ETHUSDT,BINANCE,TRADE,1871.22,0.1233
2026-08-03 23:41:01,ETHUSDT,BINANCE,TRADE,1871.22,0.1233
2026-08-03 23:41:01,ETHUSDT,BINANCE,TRADE,1871.22,0.1233
2026-08-03 23:41:01,ETHUSDT,BINANCE,TRADE,1871.22,0.1233
2026-08-03 23:41:01,ETHUSDT,BINANCE,TRADE,1871.22,0.1233
2026-08-03 23:41:01,ETHUSDT,BINANCE,TRADE,1871.22,0.1233
2026-08-03 23:41:01,ETHUSDT,BINANCE,TRADE,1871.22,0.0222
2026-08-03 23:41:01,ETHUSDT,BINANCE,TRADE,1871.22,0.1233
2026-08-03 23:41:01,ETHUSDT,BINANCE,TRADE,1871.22,0.1233
2026-08-03 23:41:01,ETHUSDT,BINANCE,TRADE,1871.22,0.1233
2026-08-03 23:41:01,ETHUSDT,BINANCE,TRADE,1871.22,0.1233
2026-08-03 23:41:01,ETHUSDT,BINANCE,TRADE,1871.22,0.1233
2026-08-03 23:41:01,ETHUSDT,BINANCE,TRADE,1871.22,0.1233
2026-08-03 23:41:01,ETHUSDT,BINANCE,TRADE,1871.22,0.1233
2026-08-03 23:41:01,ETHUSDT,BINANCE,TRADE,1871.22,0.1233
2026-08-03 23:41:01,ETHUSDT,BINANCE,TRADE,1871.22,0.1233
2026-08-03 23:41:01,ETHUSDT,BINANCE,TRADE,1871.22,0.1233
2026-08-03 23:41:01,ETHUSDT,BINANCE,TRADE,1871.22,0.1233
2026-08-03 23:41:01,ETHUSDT,BINANCE,TRADE,1871.22,0.1233
2026-08-03 23:41:01,ETHUSDT,BINANCE,TRADE,1871.22,0.0522
2026-08-03 23:41:01,ETHUSDT,BINANCE,TRADE,1871.22,0.0711
2026-08-03 23:41:01,ETHUSDT,BINANCE,TRADE,1871.22,0.0028
2026-08-03 23:41:01,ETHUSDT,BINANCE,TRADE,1871.22,0.0028
2026-08-03 23:41:01,ETHUSDT,BINANCE,TRADE,1871.22,0.0028
2026-08-03 23:41:01,ETHUSDT,BINANCE,TRADE,1871.22,0.0028
2026-08-03 23:41:01,ETHUSDT,BINANCE,TRADE,1871.22,0.0029
2026-08-03 23:41:01,ETHUSDT,BINANCE,TRADE,1871.22,0.0028
2026-08-03 23:41:01,ETHUSDT,BINANCE,TRADE,1871.22,0.0029
2026-08-03 23:41:01,ETHUSDT,BINANCE,TRADE,1871.22,0.0032
2026-08-03 23:41:01,ETHUSDT,BINANCE,TRADE,1871.22,0.0032
2026-08-03 23:41:01,ETHUSDT,BINANCE,TRADE,1871.22,0.0028
2026-08-03 23:41:01,ETHUSDT,BINANCE,TRADE,1871.22,0.0028
2026-08-03 23:41:01,ETHUSDT,BINANCE,TRADE,1871.22,0.1233
2026-08-03 23:41:01,ETHUSDT,BINANCE,TRADE,1871.22,0.0029
2026-08-03 23:41:01,ETHUSDT,BINANCE,TRADE,1871.22,0.1233
2026-08-03 23:41:01,ETHUSDT,BINANCE,TRADE,1871.22,0.1233
2026-08-03 23:41:01,ETHUSDT,BINANCE,TRADE,1871.22,0.1233
2026-08-03 23:41:01,ETHUSDT,BINANCE,TRADE,1871.22,0.1233
2026-08-03 23:41:01,ETHUSDT,BINANCE,TRADE,1871.22,0.1233
2026-08-03 23:41:01,ETHUSDT,BINANCE,TRADE,1871.22,0.1233
2026-08-03 23:41:01,ETHUSDT,BINANCE,TRADE,1871.22,0.1233
2026-08-03 23:41:01,ETHUSDT,BINANCE,TRADE,1871.22,0.1233
2026-08-03 23:41:01,ETHUSDT,BINANCE,TRADE,1871.22,0.1233
2026-08-03 23:41:01,ETHUSDT,BINANCE,TRADE,1871.22,0.1233
2026-08-03 23:41:01,ETHUSDT,BINANCE,TRADE,1871.22,0.1233
2026-08-03 23:41:01,ETHUSDT,BINANCE,TRADE,1871.22,0.1233
2026-08-03 23:41:01,ETHUSDT,BINANCE,TRADE,1871.22,0.1233
2026-08-03 23:41:01,ETHUSDT,BINANCE,TRADE,1871.22,0.1233
2026-08-03 23:41:01,ETHUSDT,BINANCE,TRADE,1871.22,0.1233
2026-08-03 23:41:01,ETHUSDT,BINANCE,TRADE,1871.22,0.1233
2026-08-03 23:41:01,ETHUSDT,BINANCE,TRADE,1871.22,0.0808
2026-08-03 23:41:01,ETHUSDT,BINANCE,TRADE,1871.21,0.003
2026-08-03 23:41:01,ETHUSDT,BINANCE,TRADE,1871.21,0.0027
2026-08-03 23:41:01,ETHUSDT,BINANCE,TRADE,1871.21,0.1232
2026-08-03 23:41:01,ETHUSDT,BINANCE,TRADE,1871.21,0.0028
2026-08-03 23:41:01,ETHUSDT,BINANCE,TRADE,1871.21,0.0028
2026-08-03 23:41:01,ETHUSDT,BINANCE,TRADE,1871.21,0.0028
2026-08-03 23:41:01,ETHUSDT,BINANCE,TRADE,1871.21,0.0028
2026-08-03 23:41:01,ETHUSDT,BINANCE,TRADE,1871.21,0.0028
2026-08-03 23:41:01,ETHUSDT,BINANCE,TRADE,1871.21,0.0027
2026-08-03 23:41:01,ETHUSDT,BINANCE,TRADE,1871.21,0.1232
2026-08-03 23:41:01,ETHUSDT,BINANCE,TRADE,1871.21,0.0027
2026-08-03 23:41:01,ETHUSDT,BINANCE,TRADE,1871.21,0.1232
2026-08-03 23:41:01,ETHUSDT,BINANCE,TRADE,1871.21,0.0027
2026-08-03 23:41:01,ETHUSDT,BINANCE,TRADE,1871.21,0.1232
2026-08-03 23:41:01,ETHUSDT,BINANCE,TRADE,1871.21,0.0027
2026-08-03 23:41:01,ETHUSDT,BINANCE,TRADE,1871.21,0.1232
2026-08-03 23:41:01,ETHUSDT,BINANCE,TRADE,1871.21,0.1232
2026-08-03 23:41:01,ETHUSDT,BINANCE,TRADE,1871.21,0.1232
2026-08-03 23:41:01,ETHUSDT,BINANCE,TRADE,1871.21,0.1232
2026-08-03 23:41:01,ETHUSDT,BINANCE,TRADE,1871.21,0.1232
2026-08-03 23:41:01,ETHUSDT,BINANCE,TRADE,1871.21,0.1232
2026-08-03 23:41:01,ETHUSDT,BINANCE,TRADE,1871.21,0.1232
2026-08-03 23:41:01,ETHUSDT,BINANCE,TRADE,1871.21,0.1232
2026-08-03 23:41:01,ETHUSDT,BINANCE,TRADE,1871.21,0.1232
2026-08-03 23:41:01,ETHUSDT,BINANCE,TRADE,1871.21,0.0375
2026-08-03 23:41:01,ETHUSDT,BINANCE,TRADE,1871.2,0.011
2026-08-03 23:41:01,ETHUSDT,BINANCE,TRADE,1871.2,0.05
2026-08-03 23:41:01,ETHUSDT,BINANCE,TRADE,1871.2,0.0027
2026-08-03 23:41:01,ETHUSDT,BINANCE,TRADE,1871.2,0.0027
2026-08-03 23:41:01,ETHUSDT,BINANCE,TRADE,1871.2,0.0027
2026-08-03 23:41:01,ETHUSDT,BINANCE,TRADE,1871.2,0.0028
2026-08-03 23:41:01,ETHUSDT,BINANCE,TRADE,1871.2,0.0028
2026-08-03 23:41:01,ETHUSDT,BINANCE,TRADE,1871.2,0.0027
2026-08-03 23:41:01,ETHUSDT,BINANCE,TRADE,1871.2,0.0027
2026-08-03 23:41:01,ETHUSDT,BINANCE,TRADE,1871.19,0.0027
2026-08-03 23:41:01,ETHUSDT,BINANCE,TRADE,1871.19,0.0027
2026-08-03 23:41:01,ETHUSDT,BINANCE,TRADE,1871.19,0.0028
2026-08-03 23:41:01,ETHUSDT,BINANCE,TRADE,1871.19,0.0027
2026-08-03 23:41:01,ETHUSDT,BINANCE,TRADE,1871.19,0.0027
2026-08-03 23:41:01,ETHUSDT,BINANCE,TRADE,1871.19,0.0027
2026-08-03 23:41:01,ETHUSDT,BINANCE,TRADE,1871.19,0.0027
2026-08-03 23:41:01,ETHUSDT,BINANCE,TRADE,1871.18,0.0027
2026-08-03 23:41:01,ETHUSDT,BINANCE,TRADE,1871.18,0.0027
2026-08-03 23:41:01,ETHUSDT,BINANCE,TRADE,1871.18,0.0028
2026-08-03 23:41:01,ETHUSDT,BINANCE,TRADE,1871.18,0.0029
2026-08-03 23:41:01,ETHUSDT,BINANCE,TRADE,1871.18,0.0029
2026-08-03 23:41:01,ETHUSDT,BINANCE,TRADE,1871.18,0.0028
2026-08-03 23:41:01,ETHUSDT,BINANCE,TRADE,1871.18,0.0027
2026-08-03 23:41:01,ETHUSDT,BINANCE,TRADE,1871.18,0.0027
2026-08-03 23:41:01,ETHUSDT,BINANCE,TRADE,1871.18,0.0029
2026-08-03 23:41:01,ETHUSDT,BINANCE,TRADE,1871.18,0.0027
2026-08-03 23:41:01,ETHUSDT,BINANCE,TRADE,1871.18,0.0027
2026-08-03 23:41:01,ETHUSDT,BINANCE,TRADE,1871.18,0.0027
2026-08-03 23:41:01,ETHUSDT,BINANCE,TRADE,1871.18,0.0027
2026-08-03 23:41:01,ETHUSDT,BINANCE,TRADE,1871.18,0.0027
2026-08-03 23:41:01,ETHUSDT,BINANCE,TRADE,1871.18,0.0027
2026-08-03 23:41:01,ETHUSDT,BINANCE,TRADE,1871.17,0.0027
2026-08-03 23:41:01,ETHUSDT,BINANCE,TRADE,1871.17,0.0028
2026-08-03 23:41:01,ETHUSDT,BINANCE,TRADE,1871.17,0.4512
2026-08-03 23:41:02,BTCUSDT,BINANCE,TRADE,63918,0.02968
2026-08-03 23:41:02,ETHUSDT,BINANCE,TRADE,1871.17,0.0927
2026-08-03 23:41:02,ETHUSDT,BINANCE,TRADE,1871.17,0.0027
2026-08-03 23:41:02,ETHUSDT,BINANCE,TRADE,1871.17,0.0032
2026-08-03 23:41:02,ETHUSDT,BINANCE,TRADE,1871.17,0.0027
2026-08-03 23:41:02,ETHUSDT,BINANCE,TRADE,1871.17,0.0028
2026-08-03 23:41:02,ETHUSDT,BINANCE,TRADE,1871.17,0.0028
2026-08-03 23:41:02,ETHUSDT,BINANCE,TRADE,1871.17,0.0028
2026-08-03 23:41:02,ETHUSDT,BINANCE,TRADE,1871.17,0.0028
2026-08-03 23:41:02,ETHUSDT,BINANCE,TRADE,1871.17,0.0027
2026-08-03 23:41:02,ETHUSDT,BINANCE,TRADE,1871.17,0.0054
2026-08-03 23:41:02,ETHUSDT,BINANCE,TRADE,1871.17,0.3393
2026-08-03 23:41:02,ETHUSDT,BINANCE,TRADE,1871.17,0.0028
2026-08-03 23:41:02,ETHUSDT,BINANCE,TRADE,1871.17,0.0027
2026-08-03 23:41:02,ETHUSDT,BINANCE,TRADE,1871.17,0.0027
2026-08-03 23:41:02,ETHUSDT,BINANCE,TRADE,1871.17,0.0028
2026-08-03 23:41:02,ETHUSDT,BINANCE,TRADE,1871.17,0.0027
2026-08-03 23:41:02,ETHUSDT,BINANCE,TRADE,1871.17,0.0032
2026-08-03 23:41:02,ETHUSDT,BINANCE,TRADE,1871.17,0.0027
2026-08-03 23:41:02,ETHUSDT,BINANCE,TRADE,1871.16,0.0028
2026-08-03 23:41:02,ETHUSDT,BINANCE,TRADE,1871.16,0.0028
2026-08-03 23:41:02,ETHUSDT,BINANCE,TRADE,1871.16,0.0028
2026-08-03 23:41:02,ETHUSDT,BINANCE,TRADE,1871.16,0.0054
2026-08-03 23:41:02,ETHUSDT,BINANCE,TRADE,1871.16,0.0028
2026-08-03 23:41:02,ETHUSDT,BINANCE,TRADE,1871.15,0.0028
2026-08-03 23:41:02,ETHUSDT,BINANCE,TRADE,1871.15,0.0054
2026-08-03 23:41:02,ETHUSDT,BINANCE,TRADE,1871.14,0.0028
2026-08-03 23:41:02,ETHUSDT,BINANCE,TRADE,1871.14,0.0028
2026-08-03 23:41:02,ETHUSDT,BINANCE,TRADE,1871.13,0.0029
2026-08-03 23:41:02,ETHUSDT,BINANCE,TRADE,1871.13,0.0029
2026-08-03 23:41:02,ETHUSDT,BINANCE,TRADE,1871.13,0.0028
2026-08-03 23:41:02,ETHUSDT,BINANCE,TRADE,1871.13,0.0027
2026-08-03 23:41:02,ETHUSDT,BINANCE,TRADE,1871.13,0.0029
2026-08-03 23:41:02,ETHUSDT,BINANCE,TRADE,1871.13,0.0027
2026-08-03 23:41:02,ETHUSDT,BINANCE,TRADE,1871.12,0.0027
2026-08-03 23:41:02,ETHUSDT,BINANCE,TRADE,1871.12,0.0294
2026-08-03 23:41:02,ETHUSDT,BINANCE,TRADE,1871.12,0.4039
2026-08-03 23:41:03,ETHUSDT,BINANCE,TRADE,1871.13,0.0058
2026-08-03 23:41:04,BTCUSDT,BINANCE,TRADE,63918,0.00016
2026-08-03 23:41:04,BTCUSDT,BINANCE,TRADE,63918,0.0001
2026-08-03 23:41:05,BTCUSDT,BINANCE,TRADE,63918,0.00013
2026-08-03 23:41:05,BTCUSDT,BINANCE,TRADE,63918,0.0385
2026-08-03 23:41:05,BTCUSDT,BINANCE,TRADE,63918,0.16998
2026-08-03 23:41:05,ETHUSDT,BINANCE,TRADE,1871.12,0.0029
2026-08-03 23:41:05,ETHUSDT,BINANCE,TRADE,1871.12,0.0029
2026-08-03 23:41:05,ETHUSDT,BINANCE,TRADE,1871.12,0.0028
2026-08-03 23:41:05,ETHUSDT,BINANCE,TRADE,1871.12,0.0032
2026-08-03 23:41:05,ETHUSDT,BINANCE,TRADE,1871.12,0.0032
2026-08-03 23:41:05,ETHUSDT,BINANCE,TRADE,1871.12,0.0027
2026-08-03 23:41:05,ETHUSDT,BINANCE,TRADE,1871.12,0.0028
2026-08-03 23:41:05,ETHUSDT,BINANCE,TRADE,1871.12,0.0028
2026-08-03 23:41:05,ETHUSDT,BINANCE,TRADE,1871.12,0.0028
2026-08-03 23:41:05,ETHUSDT,BINANCE,TRADE,1871.12,0.0028
2026-08-03 23:41:05,ETHUSDT,BINANCE,TRADE,1871.12,0.0027
2026-08-03 23:41:05,ETHUSDT,BINANCE,TRADE,1871.12,0.0028
2026-08-03 23:41:05,ETHUSDT,BINANCE,TRADE,1871.12,0.0028
2026-08-03 23:41:05,ETHUSDT,BINANCE,TRADE,1871.12,0.0027
2026-08-03 23:41:05,ETHUSDT,BINANCE,TRADE,1871.12,2.6919
2026-08-03 23:41:05,BTCUSDT,BINANCE,TRADE,63918,0.05851
2026-08-03 23:41:05,BTCUSDT,BINANCE,TRADE,63918,8e-05
2026-08-03 23:41:05,BTCUSDT,BINANCE,TRADE,63918,8e-05
2026-08-03 23:41:05,BTCUSDT,BINANCE,TRADE,63918,8e-05
2026-08-03 23:41:05,BTCUSDT,BINANCE,TRADE,63918,0.01378
2026-08-03 23:41:05,BTCUSDT,BINANCE,TRADE,63918,9e-05
2026-08-03 23:41:05,BTCUSDT,BINANCE,TRADE,63918,8e-05
2026-08-03 23:41:05,BTCUSDT,BINANCE,TRADE,63918,8e-05
2026-08-03 23:41:05,BTCUSDT,BINANCE,TRADE,63918,0.07
2026-08-03 23:41:05,BTCUSDT,BINANCE,TRADE,63918,0.0001
2026-08-03 23:41:05,BTCUSDT,BINANCE,TRADE,63918,0.00016
2026-08-03 23:41:05,BTCUSDT,BINANCE,TRADE,63918,8e-05
2026-08-03 23:41:05,BTCUSDT,BINANCE,TRADE,63918,8e-05
2026-08-03 23:41:05,BTCUSDT,BINANCE,TRADE,63918,8e-05
2026-08-03 23:41:05,BTCUSDT,BINANCE,TRADE,63918,0.0026
2026-08-03 23:41:05,BTCUSDT,BINANCE,TRADE,63918,9e-05
2026-08-03 23:41:05,BTCUSDT,BINANCE,TRADE,63918,8e-05
2026-08-03 23:41:05,BTCUSDT,BINANCE,TRADE,63918,9e-05
2026-08-03 23:41:05,BTCUSDT,BINANCE,TRADE,63918,9e-05
2026-08-03 23:41:05,BTCUSDT,BINANCE,TRADE,63918,0.1935
2026-08-03 23:41:05,BTCUSDT,BINANCE,TRADE,63918,0.02
2026-08-03 23:41:05,ETHUSDT,BINANCE,TRADE,1871.12,0.0028
2026-08-03 23:41:05,ETHUSDT,BINANCE,TRADE,1871.12,0.0002
2026-08-03 23:41:05,ETHUSDT,BINANCE,TRADE,1871.12,0.1
2026-08-03 23:41:05,BTCUSDT,BINANCE,TRADE,63918,0.01
2026-08-03 23:41:05,BTCUSDT,BINANCE,TRADE,63918,0.04
2026-08-03 23:41:05,BTCUSDT,BINANCE,TRADE,63918,0.02
2026-08-03 23:41:05,BTCUSDT,BINANCE,TRADE,63918,0.0165
2026-08-03 23:41:05,BTCUSDT,BINANCE,TRADE,63918,8e-05
2026-08-03 23:41:05,BTCUSDT,BINANCE,TRADE,63918,8e-05
2026-08-03 23:41:05,BTCUSDT,BINANCE,TRADE,63918,9e-05
2026-08-03 23:41:05,BTCUSDT,BINANCE,TRADE,63918,9e-05
2026-08-03 23:41:05,BTCUSDT,BINANCE,TRADE,63918,9e-05
2026-08-03 23:41:05,BTCUSDT,BINANCE,TRADE,63918,9e-05
2026-08-03 23:41:05,BTCUSDT,BINANCE,TRADE,63918,9e-05
2026-08-03 23:41:05,BTCUSDT,BINANCE,TRADE,63918,0.00056
2026-08-03 23:41:05,BTCUSDT,BINANCE,TRADE,63918,0.00032
2026-08-03 23:41:05,BTCUSDT,BINANCE,TRADE,63918,0.007
2026-08-03 23:41:05,BTCUSDT,BINANCE,TRADE,63918,0.00097
2026-08-03 23:41:05,BTCUSDT,BINANCE,TRADE,63918,0.00056
2026-08-03 23:41:05,BTCUSDT,BINANCE,TRADE,63918,9e-05
2026-08-03 23:41:05,BTCUSDT,BINANCE,TRADE,63918,9e-05
2026-08-03 23:41:05,BTCUSDT,BINANCE,TRADE,63918,0.0004
2026-08-03 23:41:05,BTCUSDT,BINANCE,TRADE,63918,9e-05
2026-08-03 23:41:05,BTCUSDT,BINANCE,TRADE,63918,9e-05
2026-08-03 23:41:05,BTCUSDT,BINANCE,TRADE,63918,0.00078
2026-08-03 23:41:05,BTCUSDT,BINANCE,TRADE,63918,0.00782
2026-08-03 23:41:05,BTCUSDT,BINANCE,TRADE,63918,9e-05
2026-08-03 23:41:05,BTCUSDT,BINANCE,TRADE,63918,8e-05
2026-08-03 23:41:05,BTCUSDT,BINANCE,TRADE,63918,9e-05
2026-08-03 23:41:05,BTCUSDT,BINANCE,TRADE,63918,9e-05
2026-08-03 23:41:05,BTCUSDT,BINANCE,TRADE,63918,0.00016
2026-08-03 23:41:05,BTCUSDT,BINANCE,TRADE,63918,9e-05
2026-08-03 23:41:05,BTCUSDT,BINANCE,TRADE,63918,9e-05
2026-08-03 23:41:05,BTCUSDT,BINANCE,TRADE,63918,8e-05
2026-08-03 23:41:05,BTCUSDT,BINANCE,TRADE,63918,8e-05
2026-08-03 23:41:05,BTCUSDT,BINANCE,TRADE,63918,8e-05
2026-08-03 23:41:05,BTCUSDT,BINANCE,TRADE,63918,8e-05
2026-08-03 23:41:05,BTCUSDT,BINANCE,TRADE,63918,8e-05
2026-08-03 23:41:05,BTCUSDT,BINANCE,TRADE,63918,8e-05
2026-08-03 23:41:05,BTCUSDT,BINANCE,TRADE,63918,9e-05
2026-08-03 23:41:05,BTCUSDT,BINANCE,TRADE,63918,9e-05
2026-08-03 23:41:05,BTCUSDT,BINANCE,TRADE,63918,9e-05
2026-08-03 23:41:05,BTCUSDT,BINANCE,TRADE,63918,9e-05
2026-08-03 23:41:05,BTCUSDT,BINANCE,TRADE,63918,0.00016
2026-08-03 23:41:05,BTCUSDT,BINANCE,TRADE,63918,9e-05
2026-08-03 23:41:05,BTCUSDT,BINANCE,TRADE,63918,9e-05
2026-08-03 23:41:05,BTCUSDT,BINANCE,TRADE,63918,9e-05
2026-08-03 23:41:05,BTCUSDT,BINANCE,TRADE,63918,9e-05
2026-08-03 23:41:05,BTCUSDT,BINANCE,TRADE,63918,9e-05
2026-08-03 23:41:05,BTCUSDT,BINANCE,TRADE,63918,9e-05
2026-08-03 23:41:05,BTCUSDT,BINANCE,TRADE,63918,9e-05
2026-08-03 23:41:05,BTCUSDT,BINANCE,TRADE,63918,9e-05
2026-08-03 23:41:05,BTCUSDT,BINANCE,TRADE,63918,0.002
2026-08-03 23:41:05,BTCUSDT,BINANCE,TRADE,63918,0.005
2026-08-03 23:41:05,BTCUSDT,BINANCE,TRADE,63918,0.006
2026-08-03 23:41:05,BTCUSDT,BINANCE,TRADE,63918,0.008
2026-08-03 23:41:05,BTCUSDT,BINANCE,TRADE,63918,0.00016
2026-08-03 23:41:05,BTCUSDT,BINANCE,TRADE,63918,9e-05
2026-08-03 23:41:05,BTCUSDT,BINANCE,TRADE,63918,9e-05
2026-08-03 23:41:05,BTCUSDT,BINANCE,TRADE,63918,8e-05
2026-08-03 23:41:05,BTCUSDT,BINANCE,TRADE,63918,9e-05
2026-08-03 23:41:05,BTCUSDT,BINANCE,TRADE,63918,8e-05
2026-08-03 23:41:05,BTCUSDT,BINANCE,TRADE,63918,9e-05
2026-08-03 23:41:05,BTCUSDT,BINANCE,TRADE,63918,9e-05
2026-08-03 23:41:05,BTCUSDT,BINANCE,TRADE,63918,9e-05
2026-08-03 23:41:05,BTCUSDT,BINANCE,TRADE,63918,9e-05
2026-08-03 23:41:05,BTCUSDT,BINANCE,TRADE,63918,9e-05
2026-08-03 23:41:05,BTCUSDT,BINANCE,TRADE,63918,9e-05
2026-08-03 23:41:05,BTCUSDT,BINANCE,TRADE,63918,9e-05
2026-08-03 23:41:05,BTCUSDT,BINANCE,TRADE,63918,9e-05
2026-08-03 23:41:05,BTCUSDT,BINANCE,TRADE,63918,9e-05
2026-08-03 23:41:05,BTCUSDT,BINANCE,TRADE,63918,9e-05
2026-08-03 23:41:05,BTCUSDT,BINANCE,TRADE,63918,9e-05
2026-08-03 23:41:05,BTCUSDT,BINANCE,TRADE,63918,9e-05
2026-08-03 23:41:05,BTCUSDT,BINANCE,TRADE,63918,9e-05
2026-08-03 23:41:05,BTCUSDT,BINANCE,TRADE,63918,9e-05
2026-08-03 23:41:05,BTCUSDT,BINANCE,TRADE,63918,9e-05
2026-08-03 23:41:05,BTCUSDT,BINANCE,TRADE,63918,9e-05
2026-08-03 23:41:05,BTCUSDT,BINANCE,TRADE,63918,8e-05
2026-08-03 23:41:05,BTCUSDT,BINANCE,TRADE,63918,0.00093
2026-08-03 23:41:05,BTCUSDT,BINANCE,TRADE,63918,9e-05
2026-08-03 23:41:05,BTCUSDT,BINANCE,TRADE,63918,9e-05
2026-08-03 23:41:05,BTCUSDT,BINANCE,TRADE,63918,9e-05
2026-08-03 23:41:05,BTCUSDT,BINANCE,TRADE,63918,9e-05
2026-08-03 23:41:05,BTCUSDT,BINANCE,TRADE,63918,9e-05
2026-08-03 23:41:05,BTCUSDT,BINANCE,TRADE,63918,9e-05
2026-08-03 23:41:05,BTCUSDT,BINANCE,TRADE,63918,9e-05
2026-08-03 23:41:05,BTCUSDT,BINANCE,TRADE,63918,9e-05
2026-08-03 23:41:05,BTCUSDT,BINANCE,TRADE,63917.7,8e-05
2026-08-03 23:41:05,BTCUSDT,BINANCE,TRADE,63917.7,8e-05
2026-08-03 23:41:05,BTCUSDT,BINANCE,TRADE,63917.4,8e-05
2026-08-03 23:41:05,BTCUSDT,BINANCE,TRADE,63917.1,0.00012
2026-08-03 23:41:05,BTCUSDT,BINANCE,TRADE,63916.7,8e-05
2026-08-03 23:41:05,BTCUSDT,BINANCE,TRADE,63916.5,9e-05
2026-08-03 23:41:05,BTCUSDT,BINANCE,TRADE,63916.5,9e-05
2026-08-03 23:41:05,BTCUSDT,BINANCE,TRADE,63916,9e-05
2026-08-03 23:41:05,BTCUSDT,BINANCE,TRADE,63916,9e-05
2026-08-03 23:41:05,BTCUSDT,BINANCE,TRADE,63916,9e-05
2026-08-03 23:41:05,SOLUSDT,BINANCE,TRADE,73.99,0.068
2026-08-03 23:41:05,SOLUSDT,BINANCE,TRADE,73.99,0.278
2026-08-03 23:41:05,SOLUSDT,BINANCE,TRADE,73.99,0.069
2026-08-03 23:41:05,SOLUSDT,BINANCE,TRADE,73.99,0.075
2026-08-03 23:41:05,SOLUSDT,BINANCE,TRADE,73.99,0.246
2026-08-03 23:41:05,SOLUSDT,BINANCE,TRADE,73.99,7.738
2026-08-03 23:41:05,SOLUSDT,BINANCE,TRADE,73.99,0.07
2026-08-03 23:41:05,SOLUSDT,BINANCE,TRADE,73.99,4.34
2026-08-03 23:41:05,SOLUSDT,BINANCE,TRADE,73.99,15.061
2026-08-03 23:41:05,SOLUSDT,BINANCE,TRADE,73.99,0.071
2026-08-03 23:41:05,SOLUSDT,BINANCE,TRADE,73.99,0.068
2026-08-03 23:41:05,SOLUSDT,BINANCE,TRADE,73.99,0.07
2026-08-03 23:41:05,SOLUSDT,BINANCE,TRADE,73.99,0.136
2026-08-03 23:41:05,SOLUSDT,BINANCE,TRADE,73.99,0.071
2026-08-03 23:41:05,SOLUSDT,BINANCE,TRADE,73.99,0.071
2026-08-03 23:41:05,BTCUSDT,BINANCE,TRADE,63916,0.002
2026-08-03 23:41:05,BTCUSDT,BINANCE,TRADE,63916,0.005
2026-08-03 23:41:05,BTCUSDT,BINANCE,TRADE,63916,0.006
2026-08-03 23:41:05,BTCUSDT,BINANCE,TRADE,63916,0.008
2026-08-03 23:41:05,BTCUSDT,BINANCE,TRADE,63916,9e-05
2026-08-03 23:41:05,BTCUSDT,BINANCE,TRADE,63916,9e-05
2026-08-03 23:41:05,BTCUSDT,BINANCE,TRADE,63916,8e-05
2026-08-03 23:41:05,BTCUSDT,BINANCE,TRADE,63916,9e-05
2026-08-03 23:41:05,BTCUSDT,BINANCE,TRADE,63916,9e-05
2026-08-03 23:41:05,BTCUSDT,BINANCE,TRADE,63916,8e-05
2026-08-03 23:41:05,BTCUSDT,BINANCE,TRADE,63916,9e-05
2026-08-03 23:41:05,BTCUSDT,BINANCE,TRADE,63916,9e-05
2026-08-03 23:41:05,BTCUSDT,BINANCE,TRADE,63916,9e-05
2026-08-03 23:41:05,BTCUSDT,BINANCE,TRADE,63916,9e-05
2026-08-03 23:41:05,BTCUSDT,BINANCE,TRADE,63916,9e-05
2026-08-03 23:41:05,BTCUSDT,BINANCE,TRADE,63916,9e-05
2026-08-03 23:41:05,BTCUSDT,BINANCE,TRADE,63916,9e-05
2026-08-03 23:41:05,BTCUSDT,BINANCE,TRADE,63916,9e-05
2026-08-03 23:41:05,BTCUSDT,BINANCE,TRADE,63916,9e-05
2026-08-03 23:41:05,BTCUSDT,BINANCE,TRADE,63916,9e-05
2026-08-03 23:41:05,BTCUSDT,BINANCE,TRADE,63916,9e-05
2026-08-03 23:41:05,BTCUSDT,BINANCE,TRADE,63916,9e-05
2026-08-03 23:41:05,BTCUSDT,BINANCE,TRADE,63916,8e-05
2026-08-03 23:41:05,BTCUSDT,BINANCE,TRADE,63916,8e-05
2026-08-03 23:41:05,BTCUSDT,BINANCE,TRADE,63916,8e-05
2026-08-03 23:41:05,BTCUSDT,BINANCE,TRADE,63916,8e-05
2026-08-03 23:41:05,BTCUSDT,BINANCE,TRADE,63916,9e-05
2026-08-03 23:41:05,BTCUSDT,BINANCE,TRADE,63916,9e-05
2026-08-03 23:41:05,BTCUSDT,BINANCE,TRADE,63916,9e-05
2026-08-03 23:41:05,BTCUSDT,BINANCE,TRADE,63916,9e-05
2026-08-03 23:41:05,BTCUSDT,BINANCE,TRADE,63916,9e-05
2026-08-03 23:41:05,BTCUSDT,BINANCE,TRADE,63916,9e-05
2026-08-03 23:41:05,BTCUSDT,BINANCE,TRADE,63916,9e-05
2026-08-03 23:41:05,BTCUSDT,BINANCE,TRADE,63916,8e-05
2026-08-03 23:41:05,BTCUSDT,BINANCE,TRADE,63916,8e-05
2026-08-03 23:41:05,BTCUSDT,BINANCE,TRADE,63916,8e-05
2026-08-03 23:41:05,BTCUSDT,BINANCE,TRADE,63916,8e-05
2026-08-03 23:41:05,BTCUSDT,BINANCE,TRADE,63916,8e-05
2026-08-03 23:41:05,BTCUSDT,BINANCE,TRADE,63915.6,0.00024
2026-08-03 23:41:05,BTCUSDT,BINANCE,TRADE,63914.8,9e-05
2026-08-03 23:41:05,BTCUSDT,BINANCE,TRADE,63914.3,9e-05
2026-08-03 23:41:05,BTCUSDT,BINANCE,TRADE,63914.3,9e-05
2026-08-03 23:41:05,BTCUSDT,BINANCE,TRADE,63914.3,8e-05
2026-08-03 23:41:05,BTCUSDT,BINANCE,TRADE,63914.3,9e-05
2026-08-03 23:41:05,BTCUSDT,BINANCE,TRADE,63914.3,9e-05
2026-08-03 23:41:05,BTCUSDT,BINANCE,TRADE,63914.3,9e-05
2026-08-03 23:41:05,BTCUSDT,BINANCE,TRADE,63914.3,9e-05
2026-08-03 23:41:05,BTCUSDT,BINANCE,TRADE,63914.3,8e-05
2026-08-03 23:41:05,BTCUSDT,BINANCE,TRADE,63914.3,9e-05
2026-08-03 23:41:05,BTCUSDT,BINANCE,TRADE,63914.3,9e-05
2026-08-03 23:41:05,BTCUSDT,BINANCE,TRADE,63914.3,9e-05
2026-08-03 23:41:05,BTCUSDT,BINANCE,TRADE,63914.3,8e-05
2026-08-03 23:41:05,BTCUSDT,BINANCE,TRADE,63914.3,9e-05
2026-08-03 23:41:05,BTCUSDT,BINANCE,TRADE,63914.3,8e-05
2026-08-03 23:41:05,BTCUSDT,BINANCE,TRADE,63914.3,0.00878
2026-08-03 23:41:05,BTCUSDT,BINANCE,TRADE,63914.3,0.0001
2026-08-03 23:41:06,BTCUSDT,BINANCE,TRADE,63914.3,0.29112
2026-08-03 23:41:06,BTCUSDT,BINANCE,TRADE,63914.3,9e-05
2026-08-03 23:41:06,BTCUSDT,BINANCE,TRADE,63914.3,8e-05
2026-08-03 23:41:06,BTCUSDT,BINANCE,TRADE,63914.3,8e-05
2026-08-03 23:41:06,BTCUSDT,BINANCE,TRADE,63914.3,9e-05
2026-08-03 23:41:06,BTCUSDT,BINANCE,TRADE,63914.3,9e-05
2026-08-03 23:41:06,BTCUSDT,BINANCE,TRADE,63914.3,9e-05
2026-08-03 23:41:06,BTCUSDT,BINANCE,TRADE,63914.3,9e-05
2026-08-03 23:41:06,BTCUSDT,BINANCE,TRADE,63914.3,8e-05
2026-08-03 23:41:06,BTCUSDT,BINANCE,TRADE,63914.3,9e-05
2026-08-03 23:41:06,BTCUSDT,BINANCE,TRADE,63914.3,9e-05
2026-08-03 23:41:06,BTCUSDT,BINANCE,TRADE,63914.3,9e-05
2026-08-03 23:41:06,BTCUSDT,BINANCE,TRADE,63914.3,9e-05
2026-08-03 23:41:06,BTCUSDT,BINANCE,TRADE,63914.3,8e-05
2026-08-03 23:41:06,BTCUSDT,BINANCE,TRADE,63914.3,0.3
2026-08-03 23:41:06,BTCUSDT,BINANCE,TRADE,63914.3,0.28857
2026-08-03 23:41:06,BTCUSDT,BINANCE,TRADE,63914.3,8e-05
2026-08-03 23:41:06,BTCUSDT,BINANCE,TRADE,63914.3,0.05418
2026-08-03 23:41:06,BTCUSDT,BINANCE,TRADE,63914.3,0.00582
2026-08-03 23:41:06,BTCUSDT,BINANCE,TRADE,63914.3,8e-05
2026-08-03 23:41:06,BTCUSDT,BINANCE,TRADE,63914.3,8e-05
2026-08-03 23:41:06,BTCUSDT,BINANCE,TRADE,63914.3,8e-05
2026-08-03 23:41:06,BTCUSDT,BINANCE,TRADE,63914.3,9e-05
2026-08-03 23:41:06,BTCUSDT,BINANCE,TRADE,63914.3,9e-05
2026-08-03 23:41:06,BTCUSDT,BINANCE,TRADE,63914.3,9e-05
2026-08-03 23:41:06,BTCUSDT,BINANCE,TRADE,63914.3,9e-05
2026-08-03 23:41:06,BTCUSDT,BINANCE,TRADE,63914.3,9e-05
2026-08-03 23:41:06,BTCUSDT,BINANCE,TRADE,63914.3,9e-05
2026-08-03 23:41:06,BTCUSDT,BINANCE,TRADE,63914.3,0.07226
2026-08-03 23:41:07,BTCUSDT,BINANCE,TRADE,63914.3,0.00012
2026-08-03 23:41:07,BTCUSDT,BINANCE,TRADE,63914.3,0.02398
2026-08-03 23:41:07,BTCUSDT,BINANCE,TRADE,63914.3,0.00451
2026-08-03 23:41:07,ETHUSDT,BINANCE,TRADE,1871.12,0.03
2026-08-03 23:41:08,SOLUSDT,BINANCE,TRADE,73.99,4.203
2026-08-03 23:41:08,BTCUSDT,BINANCE,TRADE,63914.3,0.01602
2026-08-03 23:41:08,SOLUSDT,BINANCE,TRADE,73.99,13.528
2026-08-03 23:41:08,SOLUSDT,BINANCE,TRADE,73.99,27.639
2026-08-03 23:41:09,BTCUSDT,BINANCE,TRADE,63914.3,0.00958
2026-08-03 23:41:10,SOLUSDT,BINANCE,TRADE,73.99,14.653
2026-08-03 23:41:10,SOLUSDT,BINANCE,TRADE,73.99,31.344
2026-08-03 23:41:10,SOLUSDT,BINANCE,TRADE,73.98,0.216
2026-08-03 23:41:10,SOLUSDT,BINANCE,TRADE,73.98,0.138
2026-08-03 23:41:10,BTCUSDT,BINANCE,TRADE,63914.3,0.04
2026-08-03 23:41:10,BTCUSDT,BINANCE,TRADE,63914.3,0.12
2026-08-03 23:41:10,BTCUSDT,BINANCE,TRADE,63914.3,0.05172
2026-08-03 23:41:10,BTCUSDT,BINANCE,TRADE,63914.3,9e-05
2026-08-03 23:41:10,BTCUSDT,BINANCE,TRADE,63914.3,9e-05
2026-08-03 23:41:10,BTCUSDT,BINANCE,TRADE,63914.3,0.00026
2026-08-03 23:41:10,BTCUSDT,BINANCE,TRADE,63914.3,0.00016
2026-08-03 23:41:10,BTCUSDT,BINANCE,TRADE,63914.3,8e-05
2026-08-03 23:41:10,BTCUSDT,BINANCE,TRADE,63914.3,9e-05
2026-08-03 23:41:10,BTCUSDT,BINANCE,TRADE,63914.3,9e-05
2026-08-03 23:41:10,BTCUSDT,BINANCE,TRADE,63914.3,9e-05
2026-08-03 23:41:10,BTCUSDT,BINANCE,TRADE,63914.3,9e-05
2026-08-03 23:41:10,BTCUSDT,BINANCE,TRADE,63914.3,9e-05
2026-08-03 23:41:10,BTCUSDT,BINANCE,TRADE,63914.3,9e-05
2026-08-03 23:41:10,BTCUSDT,BINANCE,TRADE,63914.3,9e-05
2026-08-03 23:41:10,BTCUSDT,BINANCE,TRADE,63914.3,8e-05
2026-08-03 23:41:10,BTCUSDT,BINANCE,TRADE,63914.3,8e-05
2026-08-03 23:41:10,BTCUSDT,BINANCE,TRADE,63914.3,8e-05
2026-08-03 23:41:10,BTCUSDT,BINANCE,TRADE,63914.3,0.02673
2026-08-03 23:41:10,BTCUSDT,BINANCE,TRADE,63914.3,0.03327
2026-08-03 23:41:10,BTCUSDT,BINANCE,TRADE,63914.3,0.0001
2026-08-03 23:41:10,BTCUSDT,BINANCE,TRADE,63914.3,8e-05
2026-08-03 23:41:10,BTCUSDT,BINANCE,TRADE,63914.3,9e-05
2026-08-03 23:41:10,BTCUSDT,BINANCE,TRADE,63914.3,8e-05
2026-08-03 23:41:10,BTCUSDT,BINANCE,TRADE,63914.3,9e-05
2026-08-03 23:41:10,BTCUSDT,BINANCE,TRADE,63914.3,9e-05
2026-08-03 23:41:10,BTCUSDT,BINANCE,TRADE,63914.3,9e-05
2026-08-03 23:41:10,BTCUSDT,BINANCE,TRADE,63914.3,8e-05
2026-08-03 23:41:10,BTCUSDT,BINANCE,TRADE,63914.3,8e-05
2026-08-03 23:41:10,BTCUSDT,BINANCE,TRADE,63914.3,8e-05
2026-08-03 23:41:10,BTCUSDT,BINANCE,TRADE,63914.3,8e-05
2026-08-03 23:41:10,BTCUSDT,BINANCE,TRADE,63914.3,8e-05
2026-08-03 23:41:10,BTCUSDT,BINANCE,TRADE,63914.3,9e-05
2026-08-03 23:41:10,BTCUSDT,BINANCE,TRADE,63914.3,9e-05
2026-08-03 23:41:10,BTCUSDT,BINANCE,TRADE,63914.3,9e-05
2026-08-03 23:41:10,BTCUSDT,BINANCE,TRADE,63914.3,9e-05
2026-08-03 23:41:10,BTCUSDT,BINANCE,TRADE,63914.3,9e-05
2026-08-03 23:41:10,BTCUSDT,BINANCE,TRADE,63914.3,9e-05
2026-08-03 23:41:10,BTCUSDT,BINANCE,TRADE,63914.3,9e-05
2026-08-03 23:41:10,BTCUSDT,BINANCE,TRADE,63914.3,0.00032
2026-08-03 23:41:10,BTCUSDT,BINANCE,TRADE,63914.3,0.00016
2026-08-03 23:41:10,BTCUSDT,BINANCE,TRADE,63914.3,9e-05
2026-08-03 23:41:10,BTCUSDT,BINANCE,TRADE,63914.3,0.00016
2026-08-03 23:41:10,BTCUSDT,BINANCE,TRADE,63914.2,8e-05
2026-08-03 23:41:10,BTCUSDT,BINANCE,TRADE,63914,9e-05
2026-08-03 23:41:10,BTCUSDT,BINANCE,TRADE,63914,9e-05
2026-08-03 23:41:10,BTCUSDT,BINANCE,TRADE,63914,9e-05
2026-08-03 23:41:10,BTCUSDT,BINANCE,TRADE,63914,0.002
2026-08-03 23:41:10,BTCUSDT,BINANCE,TRADE,63914,0.005
2026-08-03 23:41:10,BTCUSDT,BINANCE,TRADE,63914,0.006
2026-08-03 23:41:10,BTCUSDT,BINANCE,TRADE,63914,0.008
2026-08-03 23:41:10,BTCUSDT,BINANCE,TRADE,63914,9e-05
2026-08-03 23:41:10,BTCUSDT,BINANCE,TRADE,63914,9e-05
2026-08-03 23:41:10,BTCUSDT,BINANCE,TRADE,63914,8e-05
2026-08-03 23:41:10,BTCUSDT,BINANCE,TRADE,63914,8e-05
2026-08-03 23:41:10,BTCUSDT,BINANCE,TRADE,63914,8e-05
2026-08-03 23:41:10,BTCUSDT,BINANCE,TRADE,63914,8e-05
2026-08-03 23:41:10,BTCUSDT,BINANCE,TRADE,63914,8e-05
2026-08-03 23:41:10,BTCUSDT,BINANCE,TRADE,63914,8e-05
2026-08-03 23:41:10,BTCUSDT,BINANCE,TRADE,63914,8e-05
2026-08-03 23:41:10,BTCUSDT,BINANCE,TRADE,63913.5,8e-05
2026-08-03 23:41:10,BTCUSDT,BINANCE,TRADE,63913.5,8e-05
2026-08-03 23:41:10,BTCUSDT,BINANCE,TRADE,63913.2,8e-05
2026-08-03 23:41:10,BTCUSDT,BINANCE,TRADE,63913.2,8e-05
2026-08-03 23:41:10,BTCUSDT,BINANCE,TRADE,63913.2,8e-05
2026-08-03 23:41:10,BTCUSDT,BINANCE,TRADE,63913.2,8e-05
2026-08-03 23:41:10,BTCUSDT,BINANCE,TRADE,63913.2,8e-05
2026-08-03 23:41:10,BTCUSDT,BINANCE,TRADE,63912,9e-05
2026-08-03 23:41:10,BTCUSDT,BINANCE,TRADE,63912,9e-05
2026-08-03 23:41:10,BTCUSDT,BINANCE,TRADE,63912,9e-05
2026-08-03 23:41:10,BTCUSDT,BINANCE,TRADE,63912,0.002
2026-08-03 23:41:10,BTCUSDT,BINANCE,TRADE,63912,0.005
2026-08-03 23:41:10,BTCUSDT,BINANCE,TRADE,63912,0.006
2026-08-03 23:41:10,BTCUSDT,BINANCE,TRADE,63912,0.008
2026-08-03 23:41:10,BTCUSDT,BINANCE,TRADE,63912,9e-05
2026-08-03 23:41:10,BTCUSDT,BINANCE,TRADE,63912,9e-05
2026-08-03 23:41:10,BTCUSDT,BINANCE,TRADE,63911.7,0.00023
2026-08-03 23:41:10,BTCUSDT,BINANCE,TRADE,63911.7,2e-05
2026-08-03 23:41:10,BTCUSDT,BINANCE,TRADE,63911.7,6e-05
2026-08-03 23:41:10,BTCUSDT,BINANCE,TRADE,63911.7,9e-05
2026-08-03 23:41:10,BTCUSDT,BINANCE,TRADE,63911.7,9e-05
2026-08-03 23:41:10,BTCUSDT,BINANCE,TRADE,63911.7,8e-05
2026-08-03 23:41:10,BTCUSDT,BINANCE,TRADE,63911.7,8e-05
2026-08-03 23:41:10,BTCUSDT,BINANCE,TRADE,63911.7,0.00429
2026-08-03 23:41:10,BTCUSDT,BINANCE,TRADE,63911.7,0.02
2026-08-03 23:41:10,BTCUSDT,BINANCE,TRADE,63911.7,0.026
2026-08-03 23:41:10,BTCUSDT,BINANCE,TRADE,63911.7,0.01
2026-08-03 23:41:10,BTCUSDT,BINANCE,TRADE,63911.7,0.026
2026-08-03 23:41:10,BTCUSDT,BINANCE,TRADE,63911.7,0.026
2026-08-03 23:41:10,BTCUSDT,BINANCE,TRADE,63911.7,0.003
2026-08-03 23:41:10,BTCUSDT,BINANCE,TRADE,63911.7,0.012
2026-08-03 23:41:10,BTCUSDT,BINANCE,TRADE,63911.7,0.01
2026-08-03 23:41:10,BTCUSDT,BINANCE,TRADE,63911.7,0.01
2026-08-03 23:41:10,BTCUSDT,BINANCE,TRADE,63911.7,0.003
2026-08-03 23:41:10,BTCUSDT,BINANCE,TRADE,63911.7,0.01
2026-08-03 23:41:10,BTCUSDT,BINANCE,TRADE,63911.7,0.01
2026-08-03 23:41:10,BTCUSDT,BINANCE,TRADE,63911.7,0.01
2026-08-03 23:41:10,BTCUSDT,BINANCE,TRADE,63911.7,0.01
2026-08-03 23:41:10,BTCUSDT,BINANCE,TRADE,63911.7,0.026
2026-08-03 23:41:10,BTCUSDT,BINANCE,TRADE,63911.7,0.01
2026-08-03 23:41:10,BTCUSDT,BINANCE,TRADE,63911.7,0.001
2026-08-03 23:41:11,BTCUSDT,BINANCE,TRADE,63911.7,0.026
2026-08-03 23:41:11,BTCUSDT,BINANCE,TRADE,63911.7,0.04671
2026-08-03 23:41:11,BTCUSDT,BINANCE,TRADE,63911.7,8e-05
2026-08-03 23:41:11,BTCUSDT,BINANCE,TRADE,63911.7,9e-05
2026-08-03 23:41:11,BTCUSDT,BINANCE,TRADE,63911.7,9e-05
2026-08-03 23:41:11,BTCUSDT,BINANCE,TRADE,63911.7,9e-05
2026-08-03 23:41:11,BTCUSDT,BINANCE,TRADE,63911.7,8e-05
2026-08-03 23:41:11,BTCUSDT,BINANCE,TRADE,63911.7,9e-05
2026-08-03 23:41:11,BTCUSDT,BINANCE,TRADE,63911.7,9e-05
2026-08-03 23:41:11,BTCUSDT,BINANCE,TRADE,63911.7,9e-05
2026-08-03 23:41:11,BTCUSDT,BINANCE,TRADE,63911.7,9e-05
2026-08-03 23:41:11,BTCUSDT,BINANCE,TRADE,63911.7,9e-05
2026-08-03 23:41:11,BTCUSDT,BINANCE,TRADE,63911.7,9e-05
2026-08-03 23:41:11,BTCUSDT,BINANCE,TRADE,63911.7,9e-05
2026-08-03 23:41:11,BTCUSDT,BINANCE,TRADE,63911.7,9e-05
2026-08-03 23:41:11,BTCUSDT,BINANCE,TRADE,63911.7,9e-05
2026-08-03 23:41:11,BTCUSDT,BINANCE,TRADE,63911.7,9e-05
2026-08-03 23:41:11,BTCUSDT,BINANCE,TRADE,63911.7,8e-05
2026-08-03 23:41:11,BTCUSDT,BINANCE,TRADE,63911.7,8e-05
2026-08-03 23:41:11,BTCUSDT,BINANCE,TRADE,63911.7,8e-05
2026-08-03 23:41:11,BTCUSDT,BINANCE,TRADE,63911.7,9e-05
2026-08-03 23:41:11,BTCUSDT,BINANCE,TRADE,63911.7,9e-05
2026-08-03 23:41:11,BTCUSDT,BINANCE,TRADE,63911.7,9e-05
2026-08-03 23:41:11,BTCUSDT,BINANCE,TRADE,63911.7,9e-05
2026-08-03 23:41:11,BTCUSDT,BINANCE,TRADE,63911.7,9e-05
2026-08-03 23:41:11,BTCUSDT,BINANCE,TRADE,63911.7,9e-05
2026-08-03 23:41:11,BTCUSDT,BINANCE,TRADE,63911.7,9e-05
2026-08-03 23:41:11,BTCUSDT,BINANCE,TRADE,63911.7,9e-05
2026-08-03 23:41:12,SOLUSDT,BINANCE,TRADE,73.99,10.7
2026-08-03 23:41:12,SOLUSDT,BINANCE,TRADE,73.99,56.94
2026-08-03 23:41:12,ETHUSDT,BINANCE,TRADE,1871.12,0.0515
2026-08-03 23:41:12,ETHUSDT,BINANCE,TRADE,1871.12,0.1
2026-08-03 23:41:12,ETHUSDT,BINANCE,TRADE,1871.12,0.8787
2026-08-03 23:41:12,ETHUSDT,BINANCE,TRADE,1871.12,0.0054
2026-08-03 23:41:12,ETHUSDT,BINANCE,TRADE,1871.12,0.0027
2026-08-03 23:41:12,ETHUSDT,BINANCE,TRADE,1871.12,0.0027
2026-08-03 23:41:12,ETHUSDT,BINANCE,TRADE,1871.12,0.0028
2026-08-03 23:41:12,ETHUSDT,BINANCE,TRADE,1871.12,0.0028
2026-08-03 23:41:12,ETHUSDT,BINANCE,TRADE,1871.12,0.0028
2026-08-03 23:41:12,ETHUSDT,BINANCE,TRADE,1871.12,0.0029
2026-08-03 23:41:12,ETHUSDT,BINANCE,TRADE,1871.12,0.0029
2026-08-03 23:41:12,ETHUSDT,BINANCE,TRADE,1871.12,0.0027
2026-08-03 23:41:12,ETHUSDT,BINANCE,TRADE,1871.12,0.0027
2026-08-03 23:41:12,ETHUSDT,BINANCE,TRADE,1871.12,0.0032
2026-08-03 23:41:12,ETHUSDT,BINANCE,TRADE,1871.12,0.0028
2026-08-03 23:41:12,ETHUSDT,BINANCE,TRADE,1871.12,0.0028
2026-08-03 23:41:12,ETHUSDT,BINANCE,TRADE,1871.12,0.0027
2026-08-03 23:41:12,ETHUSDT,BINANCE,TRADE,1871.12,0.0032
2026-08-03 23:41:12,ETHUSDT,BINANCE,TRADE,1871.12,0.0027
2026-08-03 23:41:12,ETHUSDT,BINANCE,TRADE,1871.12,0.0029
2026-08-03 23:41:12,ETHUSDT,BINANCE,TRADE,1871.12,0.0027
2026-08-03 23:41:12,ETHUSDT,BINANCE,TRADE,1871.11,0.0027
2026-08-03 23:41:12,ETHUSDT,BINANCE,TRADE,1871.11,0.0027
2026-08-03 23:41:12,ETHUSDT,BINANCE,TRADE,1871.11,0.0028
2026-08-03 23:41:12,ETHUSDT,BINANCE,TRADE,1871.11,0.0028
2026-08-03 23:41:12,ETHUSDT,BINANCE,TRADE,1871.11,0.0054
2026-08-03 23:41:12,ETHUSDT,BINANCE,TRADE,1871.11,0.089
2026-08-03 23:41:12,ETHUSDT,BINANCE,TRADE,1871.11,0.0028
2026-08-03 23:41:12,ETHUSDT,BINANCE,TRADE,1871.11,0.0028
2026-08-03 23:41:12,ETHUSDT,BINANCE,TRADE,1871.11,0.0027
2026-08-03 23:41:12,ETHUSDT,BINANCE,TRADE,1871.11,0.0027
2026-08-03 23:41:12,ETHUSDT,BINANCE,TRADE,1871.11,0.0027
2026-08-03 23:41:12,ETHUSDT,BINANCE,TRADE,1871.11,0.0027
2026-08-03 23:41:12,ETHUSDT,BINANCE,TRADE,1871.1,0.003
2026-08-03 23:41:12,ETHUSDT,BINANCE,TRADE,1871.1,0.0027
2026-08-03 23:41:12,ETHUSDT,BINANCE,TRADE,1871.1,0.0027
2026-08-03 23:41:12,ETHUSDT,BINANCE,TRADE,1871.1,0.0027
2026-08-03 23:41:12,ETHUSDT,BINANCE,TRADE,1871.1,0.0028
2026-08-03 23:41:12,ETHUSDT,BINANCE,TRADE,1871.1,0.0054
2026-08-03 23:41:12,ETHUSDT,BINANCE,TRADE,1871.1,0.0027
2026-08-03 23:41:12,ETHUSDT,BINANCE,TRADE,1871.1,0.0027
2026-08-03 23:41:12,ETHUSDT,BINANCE,TRADE,1871.1,0.0027
2026-08-03 23:41:12,ETHUSDT,BINANCE,TRADE,1871.1,0.0027
2026-08-03 23:41:12,ETHUSDT,BINANCE,TRADE,1871.1,0.0027
2026-08-03 23:41:12,ETHUSDT,BINANCE,TRADE,1871.1,0.0027
2026-08-03 23:41:12,ETHUSDT,BINANCE,TRADE,1871.1,0.0027
2026-08-03 23:41:12,ETHUSDT,BINANCE,TRADE,1871.1,0.0027
2026-08-03 23:41:12,ETHUSDT,BINANCE,TRADE,1871.1,0.0027
2026-08-03 23:41:12,ETHUSDT,BINANCE,TRADE,1871.1,0.0027
2026-08-03 23:41:12,ETHUSDT,BINANCE,TRADE,1871.09,0.0028
2026-08-03 23:41:12,BTCUSDT,BINANCE,TRADE,63911,0.00782
2026-08-03 23:41:12,BTCUSDT,BINANCE,TRADE,63911,9e-05
2026-08-03 23:41:12,BTCUSDT,BINANCE,TRADE,63911,9e-05
2026-08-03 23:41:12,BTCUSDT,BINANCE,TRADE,63911,8e-05
2026-08-03 23:41:12,BTCUSDT,BINANCE,TRADE,63911,9e-05
2026-08-03 23:41:12,BTCUSDT,BINANCE,TRADE,63911,9e-05
2026-08-03 23:41:12,BTCUSDT,BINANCE,TRADE,63911,9e-05
2026-08-03 23:41:12,BTCUSDT,BINANCE,TRADE,63911,8e-05
2026-08-03 23:41:12,BTCUSDT,BINANCE,TRADE,63911,8e-05
2026-08-03 23:41:12,BTCUSDT,BINANCE,TRADE,63911,8e-05
2026-08-03 23:41:12,BTCUSDT,BINANCE,TRADE,63911,9e-05
2026-08-03 23:41:12,BTCUSDT,BINANCE,TRADE,63911,9e-05
2026-08-03 23:41:12,BTCUSDT,BINANCE,TRADE,63911,9e-05
2026-08-03 23:41:12,BTCUSDT,BINANCE,TRADE,63911,9e-05
2026-08-03 23:41:12,BTCUSDT,BINANCE,TRADE,63911,9e-05
2026-08-03 23:41:12,BTCUSDT,BINANCE,TRADE,63911,0.0001
2026-08-03 23:41:12,BTCUSDT,BINANCE,TRADE,63911,9e-05
2026-08-03 23:41:12,BTCUSDT,BINANCE,TRADE,63911,8e-05
2026-08-03 23:41:12,BTCUSDT,BINANCE,TRADE,63911,8e-05
2026-08-03 23:41:12,BTCUSDT,BINANCE,TRADE,63911,8e-05
2026-08-03 23:41:12,BTCUSDT,BINANCE,TRADE,63911,8e-05
2026-08-03 23:41:12,BTCUSDT,BINANCE,TRADE,63911,8e-05
2026-08-03 23:41:12,BTCUSDT,BINANCE,TRADE,63911,8e-05
2026-08-03 23:41:12,BTCUSDT,BINANCE,TRADE,63911,8e-05
2026-08-03 23:41:12,BTCUSDT,BINANCE,TRADE,63911,8e-05
2026-08-03 23:41:12,BTCUSDT,BINANCE,TRADE,63911,9e-05
2026-08-03 23:41:12,BTCUSDT,BINANCE,TRADE,63911,9e-05
2026-08-03 23:41:12,BTCUSDT,BINANCE,TRADE,63911,9e-05
2026-08-03 23:41:12,BTCUSDT,BINANCE,TRADE,63911,9e-05
2026-08-03 23:41:12,BTCUSDT,BINANCE,TRADE,63911,9e-05
2026-08-03 23:41:12,BTCUSDT,BINANCE,TRADE,63911,9e-05
2026-08-03 23:41:12,BTCUSDT,BINANCE,TRADE,63910.4,9e-05
2026-08-03 23:41:12,BTCUSDT,BINANCE,TRADE,63910.3,8e-05
2026-08-03 23:41:12,BTCUSDT,BINANCE,TRADE,63910.3,8e-05
2026-08-03 23:41:12,BTCUSDT,BINANCE,TRADE,63910,9e-05
2026-08-03 23:41:12,BTCUSDT,BINANCE,TRADE,63910,9e-05
2026-08-03 23:41:12,BTCUSDT,BINANCE,TRADE,63910,9e-05
2026-08-03 23:41:12,ETHUSDT,BINANCE,TRADE,1871.08,0.0028
2026-08-03 23:41:12,ETHUSDT,BINANCE,TRADE,1871.08,0.0028
2026-08-03 23:41:12,ETHUSDT,BINANCE,TRADE,1871.08,0.0032
2026-08-03 23:41:12,ETHUSDT,BINANCE,TRADE,1871.08,0.0032
2026-08-03 23:41:12,ETHUSDT,BINANCE,TRADE,1871.06,0.0027
2026-08-03 23:41:12,ETHUSDT,BINANCE,TRADE,1871.06,0.0028
2026-08-03 23:41:12,ETHUSDT,BINANCE,TRADE,1871.06,0.0027
2026-08-03 23:41:12,ETHUSDT,BINANCE,TRADE,1871.06,0.0027
2026-08-03 23:41:12,ETHUSDT,BINANCE,TRADE,1871.06,0.0027
2026-08-03 23:41:12,ETHUSDT,BINANCE,TRADE,1871.06,0.0027
2026-08-03 23:41:12,ETHUSDT,BINANCE,TRADE,1871.05,0.0027
2026-08-03 23:41:12,ETHUSDT,BINANCE,TRADE,1871.05,0.0028
2026-08-03 23:41:12,ETHUSDT,BINANCE,TRADE,1871.05,0.0027
2026-08-03 23:41:12,ETHUSDT,BINANCE,TRADE,1871.05,0.0027
2026-08-03 23:41:12,ETHUSDT,BINANCE,TRADE,1871.05,0.0027
2026-08-03 23:41:12,ETHUSDT,BINANCE,TRADE,1871.05,0.0027
2026-08-03 23:41:12,ETHUSDT,BINANCE,TRADE,1871.04,0.0027
2026-08-03 23:41:12,ETHUSDT,BINANCE,TRADE,1871.04,0.0027
2026-08-03 23:41:12,ETHUSDT,BINANCE,TRADE,1871.04,0.0028
2026-08-03 23:41:12,ETHUSDT,BINANCE,TRADE,1871.04,0.0027
2026-08-03 23:41:12,ETHUSDT,BINANCE,TRADE,1871.04,0.0027
2026-08-03 23:41:12,ETHUSDT,BINANCE,TRADE,1871.03,0.0027
2026-08-03 23:41:12,ETHUSDT,BINANCE,TRADE,1871.03,0.0027
2026-08-03 23:41:12,ETHUSDT,BINANCE,TRADE,1871.03,0.0028
2026-08-03 23:41:12,ETHUSDT,BINANCE,TRADE,1871.03,0.0027
2026-08-03 23:41:12,ETHUSDT,BINANCE,TRADE,1871.02,0.0027
2026-08-03 23:41:12,ETHUSDT,BINANCE,TRADE,1871.02,0.0028
2026-08-03 23:41:12,ETHUSDT,BINANCE,TRADE,1871.02,0.0027
2026-08-03 23:41:12,ETHUSDT,BINANCE,TRADE,1871.01,0.0027
2026-08-03 23:41:12,ETHUSDT,BINANCE,TRADE,1871.01,0.0028
2026-08-03 23:41:12,ETHUSDT,BINANCE,TRADE,1871,0.0028
2026-08-03 23:41:12,ETHUSDT,BINANCE,TRADE,1870.99,0.003
2026-08-03 23:41:12,ETHUSDT,BINANCE,TRADE,1870.99,0.0027
2026-08-03 23:41:12,ETHUSDT,BINANCE,TRADE,1870.99,0.0029
2026-08-03 23:41:12,ETHUSDT,BINANCE,TRADE,1870.99,0.0029
2026-08-03 23:41:12,ETHUSDT,BINANCE,TRADE,1870.99,0.0027
2026-08-03 23:41:12,ETHUSDT,BINANCE,TRADE,1870.99,0.0029
2026-08-03 23:41:12,ETHUSDT,BINANCE,TRADE,1870.99,0.0027
2026-08-03 23:41:12,ETHUSDT,BINANCE,TRADE,1870.99,0.0027
2026-08-03 23:41:12,ETHUSDT,BINANCE,TRADE,1870.99,0.0027
2026-08-03 23:41:12,ETHUSDT,BINANCE,TRADE,1870.98,0.0027
2026-08-03 23:41:12,ETHUSDT,BINANCE,TRADE,1870.98,0.1447
2026-08-03 23:41:12,BTCUSDT,BINANCE,TRADE,63910,0.01
2026-08-03 23:41:12,BTCUSDT,BINANCE,TRADE,63910,0.002
2026-08-03 23:41:12,BTCUSDT,BINANCE,TRADE,63910,0.005
2026-08-03 23:41:12,BTCUSDT,BINANCE,TRADE,63910,0.006
2026-08-03 23:41:12,BTCUSDT,BINANCE,TRADE,63910,0.003
2026-08-03 23:41:12,BTCUSDT,BINANCE,TRADE,63910,0.005
2026-08-03 23:41:12,BTCUSDT,BINANCE,TRADE,63910,0.0025
2026-08-03 23:41:12,BTCUSDT,BINANCE,TRADE,63910,8e-05
2026-08-03 23:41:12,BTCUSDT,BINANCE,TRADE,63910,9e-05
2026-08-03 23:41:12,BTCUSDT,BINANCE,TRADE,63910,9e-05
2026-08-03 23:41:12,BTCUSDT,BINANCE,TRADE,63910,9e-05
2026-08-03 23:41:12,BTCUSDT,BINANCE,TRADE,63910,9e-05
2026-08-03 23:41:12,BTCUSDT,BINANCE,TRADE,63910,9e-05
2026-08-03 23:41:12,BTCUSDT,BINANCE,TRADE,63910,8e-05
2026-08-03 23:41:12,BTCUSDT,BINANCE,TRADE,63910,9e-05
2026-08-03 23:41:12,BTCUSDT,BINANCE,TRADE,63910,9e-05
2026-08-03 23:41:12,BTCUSDT,BINANCE,TRADE,63910,9e-05
2026-08-03 23:41:12,BTCUSDT,BINANCE,TRADE,63910,9e-05
2026-08-03 23:41:12,BTCUSDT,BINANCE,TRADE,63910,9e-05
2026-08-03 23:41:12,BTCUSDT,BINANCE,TRADE,63910,8e-05
2026-08-03 23:41:12,BTCUSDT,BINANCE,TRADE,63910,9e-05
2026-08-03 23:41:12,BTCUSDT,BINANCE,TRADE,63910,9e-05
2026-08-03 23:41:12,BTCUSDT,BINANCE,TRADE,63910,9e-05
2026-08-03 23:41:12,BTCUSDT,BINANCE,TRADE,63910,9e-05
2026-08-03 23:41:12,BTCUSDT,BINANCE,TRADE,63910,9e-05
2026-08-03 23:41:12,BTCUSDT,BINANCE,TRADE,63910,9e-05
2026-08-03 23:41:12,BTCUSDT,BINANCE,TRADE,63910,9e-05
2026-08-03 23:41:12,BTCUSDT,BINANCE,TRADE,63909.7,8e-05
2026-08-03 23:41:12,BTCUSDT,BINANCE,TRADE,63909.2,0.00024
2026-08-03 23:41:12,BTCUSDT,BINANCE,TRADE,63908.5,9e-05
2026-08-03 23:41:12,BTCUSDT,BINANCE,TRADE,63908,0.00056
2026-08-03 23:41:12,BTCUSDT,BINANCE,TRADE,63908,9e-05
2026-08-03 23:41:12,BTCUSDT,BINANCE,TRADE,63908,9e-05
2026-08-03 23:41:12,BTCUSDT,BINANCE,TRADE,63908,9e-05
2026-08-03 23:41:12,BTCUSDT,BINANCE,TRADE,63908,0.01549
2026-08-03 23:41:12,BTCUSDT,BINANCE,TRADE,63908,0.00798
2026-08-03 23:41:12,BTCUSDT,BINANCE,TRADE,63908,0.002
2026-08-03 23:41:12,BTCUSDT,BINANCE,TRADE,63908,2e-05
2026-08-03 23:41:12,BTCUSDT,BINANCE,TRADE,63908,0.00598
2026-08-03 23:41:12,BTCUSDT,BINANCE,TRADE,63908,0.005
2026-08-03 23:41:12,BTCUSDT,BINANCE,TRADE,63908,0.008
2026-08-03 23:41:12,BTCUSDT,BINANCE,TRADE,63908,9e-05
2026-08-03 23:41:12,BTCUSDT,BINANCE,TRADE,63908,9e-05
2026-08-03 23:41:12,BTCUSDT,BINANCE,TRADE,63907.3,8e-05
2026-08-03 23:41:12,BTCUSDT,BINANCE,TRADE,63907.2,8e-05
2026-08-03 23:41:12,BTCUSDT,BINANCE,TRADE,63907.1,0.00594
2026-08-03 23:41:12,BTCUSDT,BINANCE,TRADE,63907.1,9e-05
2026-08-03 23:41:12,BTCUSDT,BINANCE,TRADE,63907.1,9e-05
2026-08-03 23:41:12,BTCUSDT,BINANCE,TRADE,63906,9e-05
2026-08-03 23:41:12,BTCUSDT,BINANCE,TRADE,63906,9e-05
2026-08-03 23:41:12,BTCUSDT,BINANCE,TRADE,63906,9e-05
2026-08-03 23:41:12,BTCUSDT,BINANCE,TRADE,63906,0.00029
2026-08-03 23:41:12,BTCUSDT,BINANCE,TRADE,63906,0.00171
2026-08-03 23:41:12,BTCUSDT,BINANCE,TRADE,63906,0.006
2026-08-03 23:41:12,BTCUSDT,BINANCE,TRADE,63906,0.00229
2026-08-03 23:41:12,BTCUSDT,BINANCE,TRADE,63906,0.00571
2026-08-03 23:41:12,BTCUSDT,BINANCE,TRADE,63906,0.00429
2026-08-03 23:41:12,BTCUSDT,BINANCE,TRADE,63906,0.00071
2026-08-03 23:41:12,BTCUSDT,BINANCE,TRADE,63906,9e-05
2026-08-03 23:41:12,BTCUSDT,BINANCE,TRADE,63906,9e-05
2026-08-03 23:41:12,BTCUSDT,BINANCE,TRADE,63906,0.00211
2026-08-03 23:41:12,BTCUSDT,BINANCE,TRADE,63906,0.01
2026-08-03 23:41:12,BTCUSDT,BINANCE,TRADE,63906,0.014
2026-08-03 23:41:12,BTCUSDT,BINANCE,TRADE,63906,0.001
2026-08-03 23:41:12,BTCUSDT,BINANCE,TRADE,63906,0.012
2026-08-03 23:41:12,BTCUSDT,BINANCE,TRADE,63906,0.01
2026-08-03 23:41:12,BTCUSDT,BINANCE,TRADE,63906,0.01
2026-08-03 23:41:12,BTCUSDT,BINANCE,TRADE,63906,0.01
2026-08-03 23:41:12,BTCUSDT,BINANCE,TRADE,63906,0.003
2026-08-03 23:41:12,BTCUSDT,BINANCE,TRADE,63906,0.01
2026-08-03 23:41:12,BTCUSDT,BINANCE,TRADE,63906,0.014
2026-08-03 23:41:12,BTCUSDT,BINANCE,TRADE,63906,0.0001
2026-08-03 23:41:12,ETHUSDT,BINANCE,TRADE,1870.98,0.0028
2026-08-03 23:41:12,ETHUSDT,BINANCE,TRADE,1870.98,0.0027
2026-08-03 23:41:12,ETHUSDT,BINANCE,TRADE,1870.98,0.0032
2026-08-03 23:41:12,ETHUSDT,BINANCE,TRADE,1870.98,0.0028
2026-08-03 23:41:12,ETHUSDT,BINANCE,TRADE,1870.98,0.0028
2026-08-03 23:41:12,ETHUSDT,BINANCE,TRADE,1870.98,0.0028
2026-08-03 23:41:12,ETHUSDT,BINANCE,TRADE,1870.98,0.0027
2026-08-03 23:41:12,ETHUSDT,BINANCE,TRADE,1870.98,0.0027
2026-08-03 23:41:12,ETHUSDT,BINANCE,TRADE,1870.98,0.0032
2026-08-03 23:41:12,ETHUSDT,BINANCE,TRADE,1870.98,0.0028
2026-08-03 23:41:12,ETHUSDT,BINANCE,TRADE,1870.98,0.0028
2026-08-03 23:41:12,ETHUSDT,BINANCE,TRADE,1870.98,0.0028
2026-08-03 23:41:12,ETHUSDT,BINANCE,TRADE,1870.98,0.0027
2026-08-03 23:41:12,ETHUSDT,BINANCE,TRADE,1870.98,0.0027
2026-08-03 23:41:12,ETHUSDT,BINANCE,TRADE,1870.98,0.0027
2026-08-03 23:41:12,ETHUSDT,BINANCE,TRADE,1870.97,0.0027
2026-08-03 23:41:12,ETHUSDT,BINANCE,TRADE,1870.97,0.0028
2026-08-03 23:41:12,ETHUSDT,BINANCE,TRADE,1870.97,0.0028
2026-08-03 23:41:12,ETHUSDT,BINANCE,TRADE,1870.97,0.0028
2026-08-03 23:41:12,ETHUSDT,BINANCE,TRADE,1870.97,0.0028
2026-08-03 23:41:12,ETHUSDT,BINANCE,TRADE,1870.97,0.0027
2026-08-03 23:41:12,ETHUSDT,BINANCE,TRADE,1870.96,0.0027
2026-08-03 23:41:12,ETHUSDT,BINANCE,TRADE,1870.96,0.0028
2026-08-03 23:41:12,ETHUSDT,BINANCE,TRADE,1870.96,0.0029
2026-08-03 23:41:12,ETHUSDT,BINANCE,TRADE,1870.96,0.0029
2026-08-03 23:41:12,ETHUSDT,BINANCE,TRADE,1870.96,0.0027
2026-08-03 23:41:12,ETHUSDT,BINANCE,TRADE,1870.96,0.0029
2026-08-03 23:41:12,ETHUSDT,BINANCE,TRADE,1870.95,0.0027
2026-08-03 23:41:12,ETHUSDT,BINANCE,TRADE,1870.95,0.0003
2026-08-03 23:41:12,BTCUSDT,BINANCE,TRADE,63906,9e-05
2026-08-03 23:41:12,BTCUSDT,BINANCE,TRADE,63906,1e-05
2026-08-03 23:41:12,ETHUSDT,BINANCE,TRADE,1870.95,0.0025
2026-08-03 23:41:12,ETHUSDT,BINANCE,TRADE,1870.95,0.0029
2026-08-03 23:41:12,ETHUSDT,BINANCE,TRADE,1870.95,0.0029
2026-08-03 23:41:12,ETHUSDT,BINANCE,TRADE,1870.95,0.0028
2026-08-03 23:41:12,ETHUSDT,BINANCE,TRADE,1870.95,0.0027
2026-08-03 23:41:12,ETHUSDT,BINANCE,TRADE,1870.95,0.0032
2026-08-03 23:41:12,ETHUSDT,BINANCE,TRADE,1870.95,0.0028
2026-08-03 23:41:12,ETHUSDT,BINANCE,TRADE,1870.95,0.0028
2026-08-03 23:41:12,ETHUSDT,BINANCE,TRADE,1870.95,0.0027
2026-08-03 23:41:12,ETHUSDT,BINANCE,TRADE,1870.95,0.0032
2026-08-03 23:41:12,ETHUSDT,BINANCE,TRADE,1870.95,0.0027
2026-08-03 23:41:12,ETHUSDT,BINANCE,TRADE,1870.95,0.0028
2026-08-03 23:41:12,ETHUSDT,BINANCE,TRADE,1870.95,0.0029
2026-08-03 23:41:12,ETHUSDT,BINANCE,TRADE,1870.95,0.0027
2026-08-03 23:41:12,ETHUSDT,BINANCE,TRADE,1870.95,0.0027
2026-08-03 23:41:12,ETHUSDT,BINANCE,TRADE,1870.95,0.0027
2026-08-03 23:41:12,ETHUSDT,BINANCE,TRADE,1870.94,0.0027
2026-08-03 23:41:12,ETHUSDT,BINANCE,TRADE,1870.94,0.2672
2026-08-03 23:41:12,ETHUSDT,BINANCE,TRADE,1870.94,0.0028
2026-08-03 23:41:12,ETHUSDT,BINANCE,TRADE,1870.94,0.0028
2026-08-03 23:41:12,ETHUSDT,BINANCE,TRADE,1870.94,0.0028
2026-08-03 23:41:12,ETHUSDT,BINANCE,TRADE,1870.94,0.0028
2026-08-03 23:41:12,ETHUSDT,BINANCE,TRADE,1870.94,0.0027
2026-08-03 23:41:12,ETHUSDT,BINANCE,TRADE,1870.93,0.0027
2026-08-03 23:41:12,ETHUSDT,BINANCE,TRADE,1870.93,0.0027
2026-08-03 23:41:12,ETHUSDT,BINANCE,TRADE,1870.93,0.0028
2026-08-03 23:41:12,ETHUSDT,BINANCE,TRADE,1870.93,0.0027
2026-08-03 23:41:12,ETHUSDT,BINANCE,TRADE,1870.93,0.0027
2026-08-03 23:41:12,ETHUSDT,BINANCE,TRADE,1870.92,0.0027
2026-08-03 23:41:12,ETHUSDT,BINANCE,TRADE,1870.92,0.0028
2026-08-03 23:41:12,ETHUSDT,BINANCE,TRADE,1870.91,0.0027
2026-08-03 23:41:12,ETHUSDT,BINANCE,TRADE,1870.91,0.0027
2026-08-03 23:41:12,ETHUSDT,BINANCE,TRADE,1870.91,0.0028
2026-08-03 23:41:12,ETHUSDT,BINANCE,TRADE,1870.91,0.0027
2026-08-03 23:41:12,ETHUSDT,BINANCE,TRADE,1870.91,0.0027
2026-08-03 23:41:12,ETHUSDT,BINANCE,TRADE,1870.91,0.0027
2026-08-03 23:41:12,ETHUSDT,BINANCE,TRADE,1870.91,0.0027
2026-08-03 23:41:12,ETHUSDT,BINANCE,TRADE,1870.91,0.0027
2026-08-03 23:41:12,ETHUSDT,BINANCE,TRADE,1870.9,0.0028
2026-08-03 23:41:12,ETHUSDT,BINANCE,TRADE,1870.89,0.0027
2026-08-03 23:41:12,ETHUSDT,BINANCE,TRADE,1870.89,0.0028
2026-08-03 23:41:12,ETHUSDT,BINANCE,TRADE,1870.89,0.0027
2026-08-03 23:41:12,ETHUSDT,BINANCE,TRADE,1870.89,0.0027
2026-08-03 23:41:12,ETHUSDT,BINANCE,TRADE,1870.89,0.0027
2026-08-03 23:41:12,ETHUSDT,BINANCE,TRADE,1870.89,0.0027
2026-08-03 23:41:12,ETHUSDT,BINANCE,TRADE,1870.88,0.003
2026-08-03 23:41:12,ETHUSDT,BINANCE,TRADE,1870.88,0.0027
2026-08-03 23:41:12,ETHUSDT,BINANCE,TRADE,1870.88,0.0028
2026-08-03 23:41:12,ETHUSDT,BINANCE,TRADE,1870.88,0.0027
2026-08-03 23:41:12,ETHUSDT,BINANCE,TRADE,1870.88,0.0027
2026-08-03 23:41:12,ETHUSDT,BINANCE,TRADE,1870.88,0.0027
2026-08-03 23:41:12,ETHUSDT,BINANCE,TRADE,1870.88,0.0027
2026-08-03 23:41:12,ETHUSDT,BINANCE,TRADE,1870.87,0.0027
2026-08-03 23:41:12,ETHUSDT,BINANCE,TRADE,1870.87,0.0028
2026-08-03 23:41:12,ETHUSDT,BINANCE,TRADE,1870.87,0.0027
2026-08-03 23:41:12,ETHUSDT,BINANCE,TRADE,1870.87,0.0027
2026-08-03 23:41:12,ETHUSDT,BINANCE,TRADE,1870.87,0.0027
2026-08-03 23:41:12,ETHUSDT,BINANCE,TRADE,1870.87,0.0027
2026-08-03 23:41:12,ETHUSDT,BINANCE,TRADE,1870.86,0.0027
2026-08-03 23:41:12,ETHUSDT,BINANCE,TRADE,1870.86,0.0028
2026-08-03 23:41:12,ETHUSDT,BINANCE,TRADE,1870.86,0.0029
2026-08-03 23:41:12,ETHUSDT,BINANCE,TRADE,1870.86,0.0029
2026-08-03 23:41:12,ETHUSDT,BINANCE,TRADE,1870.86,0.0027
2026-08-03 23:41:12,ETHUSDT,BINANCE,TRADE,1870.86,0.0029
2026-08-03 23:41:12,SOLUSDT,BINANCE,TRADE,73.99,4.533
2026-08-03 23:41:12,SOLUSDT,BINANCE,TRADE,73.99,0.068
2026-08-03 23:41:12,SOLUSDT,BINANCE,TRADE,73.99,35.887
2026-08-03 23:41:12,SOLUSDT,BINANCE,TRADE,73.99,0.073
2026-08-03 23:41:12,SOLUSDT,BINANCE,TRADE,73.99,7.079
2026-08-03 23:41:12,BTCUSDT,BINANCE,TRADE,63906,0.00017
2026-08-03 23:41:12,BTCUSDT,BINANCE,TRADE,63906,8e-05
2026-08-03 23:41:12,BTCUSDT,BINANCE,TRADE,63906,9e-05
2026-08-03 23:41:12,BTCUSDT,BINANCE,TRADE,63906,9e-05
2026-08-03 23:41:12,BTCUSDT,BINANCE,TRADE,63906,9e-05
2026-08-03 23:41:12,BTCUSDT,BINANCE,TRADE,63906,9e-05
2026-08-03 23:41:12,BTCUSDT,BINANCE,TRADE,63906,9e-05
2026-08-03 23:41:12,BTCUSDT,BINANCE,TRADE,63906,9e-05
2026-08-03 23:41:12,BTCUSDT,BINANCE,TRADE,63906,8e-05
2026-08-03 23:41:12,BTCUSDT,BINANCE,TRADE,63906,9e-05
2026-08-03 23:41:12,BTCUSDT,BINANCE,TRADE,63906,0.01813
2026-08-03 23:41:12,BTCUSDT,BINANCE,TRADE,63906,8e-05
2026-08-03 23:41:12,BTCUSDT,BINANCE,TRADE,63906,0.0001
2026-08-03 23:41:12,BTCUSDT,BINANCE,TRADE,63906,8e-05
2026-08-03 23:41:12,BTCUSDT,BINANCE,TRADE,63906,9e-05
2026-08-03 23:41:12,BTCUSDT,BINANCE,TRADE,63906,9e-05
2026-08-03 23:41:12,BTCUSDT,BINANCE,TRADE,63906,8e-05
2026-08-03 23:41:12,BTCUSDT,BINANCE,TRADE,63906,9e-05
2026-08-03 23:41:12,BTCUSDT,BINANCE,TRADE,63906,9e-05
2026-08-03 23:41:12,BTCUSDT,BINANCE,TRADE,63906,9e-05
2026-08-03 23:41:12,BTCUSDT,BINANCE,TRADE,63906,9e-05
2026-08-03 23:41:12,BTCUSDT,BINANCE,TRADE,63906,8e-05
2026-08-03 23:41:12,BTCUSDT,BINANCE,TRADE,63906,9e-05
2026-08-03 23:41:12,BTCUSDT,BINANCE,TRADE,63906,8e-05
2026-08-03 23:41:12,BTCUSDT,BINANCE,TRADE,63906,8e-05
2026-08-03 23:41:12,BTCUSDT,BINANCE,TRADE,63906,8e-05
2026-08-03 23:41:12,BTCUSDT,BINANCE,TRADE,63906,8e-05
2026-08-03 23:41:12,BTCUSDT,BINANCE,TRADE,63906,8e-05
2026-08-03 23:41:12,BTCUSDT,BINANCE,TRADE,63906,9e-05
2026-08-03 23:41:12,BTCUSDT,BINANCE,TRADE,63906,9e-05
2026-08-03 23:41:12,BTCUSDT,BINANCE,TRADE,63906,9e-05
2026-08-03 23:41:12,BTCUSDT,BINANCE,TRADE,63906,9e-05
2026-08-03 23:41:12,BTCUSDT,BINANCE,TRADE,63906,9e-05
2026-08-03 23:41:12,BTCUSDT,BINANCE,TRADE,63906,9e-05
2026-08-03 23:41:12,BTCUSDT,BINANCE,TRADE,63906,9e-05
2026-08-03 23:41:12,BTCUSDT,BINANCE,TRADE,63906,9e-05
2026-08-03 23:41:12,BTCUSDT,BINANCE,TRADE,63906,9e-05
2026-08-03 23:41:12,BTCUSDT,BINANCE,TRADE,63905.9,8e-05
2026-08-03 23:41:12,BTCUSDT,BINANCE,TRADE,63905.3,9e-05
2026-08-03 23:41:12,BTCUSDT,BINANCE,TRADE,63904.1,8e-05
2026-08-03 23:41:12,BTCUSDT,BINANCE,TRADE,63904,9e-05
2026-08-03 23:41:12,BTCUSDT,BINANCE,TRADE,63904,9e-05
2026-08-03 23:41:12,BTCUSDT,BINANCE,TRADE,63904,9e-05
2026-08-03 23:41:12,ETHUSDT,BINANCE,TRADE,1870.86,0.1068
2026-08-03 23:41:13,ETHUSDT,BINANCE,TRADE,1870.86,0.0877
2026-08-03 23:41:13,ETHUSDT,BINANCE,TRADE,1870.85,0.0027
2026-08-03 23:41:13,ETHUSDT,BINANCE,TRADE,1870.85,0.0003
2026-08-03 23:41:14,SOLUSDT,BINANCE,TRADE,73.99,7.637
2026-08-03 23:41:14,SOLUSDT,BINANCE,TRADE,73.98,1.43
2026-08-03 23:41:14,ETHUSDT,BINANCE,TRADE,1870.85,0.0024
2026-08-03 23:41:14,ETHUSDT,BINANCE,TRADE,1870.85,0.0028
2026-08-03 23:41:14,ETHUSDT,BINANCE,TRADE,1870.85,0.0028
2026-08-03 23:41:14,ETHUSDT,BINANCE,TRADE,1870.85,0.0027
2026-08-03 23:41:14,ETHUSDT,BINANCE,TRADE,1870.85,0.0028
2026-08-03 23:41:14,ETHUSDT,BINANCE,TRADE,1870.85,0.0027
2026-08-03 23:41:14,ETHUSDT,BINANCE,TRADE,1870.85,0.0028
2026-08-03 23:41:14,ETHUSDT,BINANCE,TRADE,1870.85,0.0027
2026-08-03 23:41:14,ETHUSDT,BINANCE,TRADE,1870.85,0.0028
2026-08-03 23:41:14,ETHUSDT,BINANCE,TRADE,1870.85,0.0028
2026-08-03 23:41:14,ETHUSDT,BINANCE,TRADE,1870.85,0.0032
2026-08-03 23:41:14,ETHUSDT,BINANCE,TRADE,1870.85,0.0032
2026-08-03 23:41:14,ETHUSDT,BINANCE,TRADE,1870.85,0.0027
2026-08-03 23:41:14,ETHUSDT,BINANCE,TRADE,1870.85,0.0027
2026-08-03 23:41:14,ETHUSDT,BINANCE,TRADE,1870.85,0.0054
2026-08-03 23:41:14,ETHUSDT,BINANCE,TRADE,1870.85,0.0027
2026-08-03 23:41:14,ETHUSDT,BINANCE,TRADE,1870.85,0.0027
2026-08-03 23:41:14,ETHUSDT,BINANCE,TRADE,1870.85,0.0027
2026-08-03 23:41:14,ETHUSDT,BINANCE,TRADE,1870.85,0.0027
2026-08-03 23:41:14,ETHUSDT,BINANCE,TRADE,1870.85,0.0027
2026-08-03 23:41:14,ETHUSDT,BINANCE,TRADE,1870.85,0.0027
2026-08-03 23:41:14,ETHUSDT,BINANCE,TRADE,1870.85,0.0027
2026-08-03 23:41:14,BTCUSDT,BINANCE,TRADE,63904,0.00118
2026-08-03 23:41:14,ETHUSDT,BINANCE,TRADE,1870.85,0.0352
2026-08-03 23:41:15,ETHUSDT,BINANCE,TRADE,1870.85,0.1552
2026-08-03 23:41:15,BTCUSDT,BINANCE,TRADE,63904,0.00047
2026-08-03 23:41:15,SOLUSDT,BINANCE,TRADE,73.99,23.706
2026-08-03 23:41:15,SOLUSDT,BINANCE,TRADE,73.99,0.073
2026-08-03 23:41:15,SOLUSDT,BINANCE,TRADE,73.99,0.073
2026-08-03 23:41:15,SOLUSDT,BINANCE,TRADE,73.99,0.073
2026-08-03 23:41:15,SOLUSDT,BINANCE,TRADE,73.99,0.073
2026-08-03 23:41:15,SOLUSDT,BINANCE,TRADE,73.99,0.073
2026-08-03 23:41:15,SOLUSDT,BINANCE,TRADE,73.99,0.073
2026-08-03 23:41:15,SOLUSDT,BINANCE,TRADE,73.99,0.073
2026-08-03 23:41:15,SOLUSDT,BINANCE,TRADE,73.99,0.136
2026-08-03 23:41:15,SOLUSDT,BINANCE,TRADE,73.99,0.214
2026-08-03 23:41:15,SOLUSDT,BINANCE,TRADE,73.99,6.031
2026-08-03 23:41:15,SOLUSDT,BINANCE,TRADE,73.99,0.071
2026-08-03 23:41:15,SOLUSDT,BINANCE,TRADE,73.99,0.278
2026-08-03 23:41:15,SOLUSDT,BINANCE,TRADE,73.99,36.692
2026-08-03 23:41:15,ETHUSDT,BINANCE,TRADE,1870.85,0.1214
2026-08-03 23:41:16,SOLUSDT,BINANCE,TRADE,73.99,30.956
2026-08-03 23:41:16,SOLUSDT,BINANCE,TRADE,73.99,4
2026-08-03 23:41:16,SOLUSDT,BINANCE,TRADE,73.99,5.71
2026-08-03 23:41:16,SOLUSDT,BINANCE,TRADE,73.99,26.975
2026-08-03 23:41:16,SOLUSDT,BINANCE,TRADE,73.98,0.66
2026-08-03 23:41:16,BTCUSDT,BINANCE,TRADE,63904,0.00024
2026-08-03 23:41:16,SOLUSDT,BINANCE,TRADE,73.99,0.315
2026-08-03 23:41:16,SOLUSDT,BINANCE,TRADE,73.99,7.635
2026-08-03 23:41:17,BTCUSDT,BINANCE,TRADE,63904,0.00019
2026-08-03 23:41:17,SOLUSDT,BINANCE,TRADE,73.99,13.528
2026-08-03 23:41:17,SOLUSDT,BINANCE,TRADE,73.99,3.622
2026-08-03 23:41:18,SOLUSDT,BINANCE,TRADE,73.99,4.249
2026-08-03 23:41:18,SOLUSDT,BINANCE,TRADE,73.99,3.392
2026-08-03 23:41:18,BTCUSDT,BINANCE,TRADE,63904,0.00012
2026-08-03 23:41:19,SOLUSDT,BINANCE,TRADE,73.98,0.27
2026-08-03 23:41:19,BTCUSDT,BINANCE,TRADE,63904,0.06259
2026-08-03 23:41:19,ETHUSDT,BINANCE,TRADE,1870.84,0.0028
2026-08-03 23:41:19,ETHUSDT,BINANCE,TRADE,1870.84,0.0028
2026-08-03 23:41:19,ETHUSDT,BINANCE,TRADE,1870.84,0.0028
2026-08-03 23:41:19,ETHUSDT,BINANCE,TRADE,1870.84,0.0028
2026-08-03 23:41:19,ETHUSDT,BINANCE,TRADE,1870.84,0.0054
2026-08-03 23:41:19,ETHUSDT,BINANCE,TRADE,1870.84,0.0027
2026-08-03 23:41:19,ETHUSDT,BINANCE,TRADE,1870.84,0.0028
2026-08-03 23:41:19,ETHUSDT,BINANCE,TRADE,1870.84,0.0032
2026-08-03 23:41:19,ETHUSDT,BINANCE,TRADE,1870.84,0.0032
2026-08-03 23:41:19,ETHUSDT,BINANCE,TRADE,1870.84,0.0027
2026-08-03 23:41:19,ETHUSDT,BINANCE,TRADE,1870.84,0.0028
2026-08-03 23:41:19,ETHUSDT,BINANCE,TRADE,1870.84,0.0028
2026-08-03 23:41:19,ETHUSDT,BINANCE,TRADE,1870.84,0.0027
2026-08-03 23:41:19,ETHUSDT,BINANCE,TRADE,1870.84,0.0028
2026-08-03 23:41:19,ETHUSDT,BINANCE,TRADE,1870.84,0.7096
2026-08-03 23:41:19,ETHUSDT,BINANCE,TRADE,1870.84,0.0028
2026-08-03 23:41:19,ETHUSDT,BINANCE,TRADE,1870.84,0.0027
2026-08-03 23:41:19,ETHUSDT,BINANCE,TRADE,1870.84,0.0027
2026-08-03 23:41:19,ETHUSDT,BINANCE,TRADE,1870.84,1.6332
2026-08-03 23:41:19,ETHUSDT,BINANCE,TRADE,1870.84,3.287
2026-08-03 23:41:19,ETHUSDT,BINANCE,TRADE,1870.84,0.583
2026-08-03 23:41:19,ETHUSDT,BINANCE,TRADE,1870.84,2.7218
2026-08-03 23:41:19,ETHUSDT,BINANCE,TRADE,1870.84,0.0027
2026-08-03 23:41:19,ETHUSDT,BINANCE,TRADE,1870.84,0.0027
2026-08-03 23:41:19,ETHUSDT,BINANCE,TRADE,1870.83,0.0027
2026-08-03 23:41:19,ETHUSDT,BINANCE,TRADE,1870.83,0.0027
2026-08-03 23:41:19,ETHUSDT,BINANCE,TRADE,1870.83,0.0028
2026-08-03 23:41:19,ETHUSDT,BINANCE,TRADE,1870.83,0.0054
2026-08-03 23:41:19,ETHUSDT,BINANCE,TRADE,1870.83,0.0028
2026-08-03 23:41:19,ETHUSDT,BINANCE,TRADE,1870.83,0.0028
2026-08-03 23:41:19,ETHUSDT,BINANCE,TRADE,1870.83,0.0028
2026-08-03 23:41:19,ETHUSDT,BINANCE,TRADE,1870.83,0.0028
2026-08-03 23:41:19,ETHUSDT,BINANCE,TRADE,1870.83,0.0027
2026-08-03 23:41:19,ETHUSDT,BINANCE,TRADE,1870.83,0.002
2026-08-03 23:41:19,ETHUSDT,BINANCE,TRADE,1870.83,0.0007
2026-08-03 23:41:19,ETHUSDT,BINANCE,TRADE,1870.83,0.0028
2026-08-03 23:41:19,ETHUSDT,BINANCE,TRADE,1870.83,0.1568
2026-08-03 23:41:19,BTCUSDT,BINANCE,TRADE,63904,0.00172
2026-08-03 23:41:19,SOLUSDT,BINANCE,TRADE,73.99,5.388
2026-08-03 23:41:19,SOLUSDT,BINANCE,TRADE,73.99,0.071
2026-08-03 23:41:19,SOLUSDT,BINANCE,TRADE,73.99,0.073
2026-08-03 23:41:19,SOLUSDT,BINANCE,TRADE,73.99,0.068
2026-08-03 23:41:19,SOLUSDT,BINANCE,TRADE,73.99,7.928
2026-08-03 23:41:19,BTCUSDT,BINANCE,TRADE,63904,0.00078
2026-08-03 23:41:19,BTCUSDT,BINANCE,TRADE,63904,0.00016
2026-08-03 23:41:19,SOLUSDT,BINANCE,TRADE,73.98,0.292
2026-08-03 23:41:19,BTCUSDT,BINANCE,TRADE,63904,0.00191
2026-08-03 23:41:19,BTCUSDT,BINANCE,TRADE,63904,0.002
2026-08-03 23:41:19,BTCUSDT,BINANCE,TRADE,63904,0.006
2026-08-03 23:41:19,BTCUSDT,BINANCE,TRADE,63904,9e-05
2026-08-03 23:41:19,BTCUSDT,BINANCE,TRADE,63904,0.0001
2026-08-03 23:41:19,ETHUSDT,BINANCE,TRADE,1870.83,0.0027
2026-08-03 23:41:19,ETHUSDT,BINANCE,TRADE,1870.83,0.0032
2026-08-03 23:41:19,ETHUSDT,BINANCE,TRADE,1870.83,0.0027
2026-08-03 23:41:19,ETHUSDT,BINANCE,TRADE,1870.83,0.0028
2026-08-03 23:41:19,ETHUSDT,BINANCE,TRADE,1870.83,0.0028
2026-08-03 23:41:19,ETHUSDT,BINANCE,TRADE,1870.83,0.0028
2026-08-03 23:41:19,ETHUSDT,BINANCE,TRADE,1870.83,0.0028
2026-08-03 23:41:19,ETHUSDT,BINANCE,TRADE,1870.83,0.0028
2026-08-03 23:41:19,ETHUSDT,BINANCE,TRADE,1870.83,0.0028
2026-08-03 23:41:19,ETHUSDT,BINANCE,TRADE,1870.83,0.0027
2026-08-03 23:41:19,ETHUSDT,BINANCE,TRADE,1870.83,0.0028
2026-08-03 23:41:19,ETHUSDT,BINANCE,TRADE,1870.83,0.0028
2026-08-03 23:41:19,ETHUSDT,BINANCE,TRADE,1870.83,0.0028
2026-08-03 23:41:19,ETHUSDT,BINANCE,TRADE,1870.83,0.0028
2026-08-03 23:41:19,ETHUSDT,BINANCE,TRADE,1870.83,0.6659
2026-08-03 23:41:19,ETHUSDT,BINANCE,TRADE,1870.83,0.0032
2026-08-03 23:41:19,ETHUSDT,BINANCE,TRADE,1870.83,0.0027
2026-08-03 23:41:19,ETHUSDT,BINANCE,TRADE,1870.82,0.008
2026-08-03 23:41:19,ETHUSDT,BINANCE,TRADE,1870.82,0.0027
2026-08-03 23:41:19,ETHUSDT,BINANCE,TRADE,1870.82,0.0028
2026-08-03 23:41:19,ETHUSDT,BINANCE,TRADE,1870.82,0.0054
2026-08-03 23:41:19,ETHUSDT,BINANCE,TRADE,1870.82,0.0028
2026-08-03 23:41:19,ETHUSDT,BINANCE,TRADE,1870.82,0.0028
2026-08-03 23:41:19,ETHUSDT,BINANCE,TRADE,1870.82,0.0028
2026-08-03 23:41:19,ETHUSDT,BINANCE,TRADE,1870.82,0.0027
2026-08-03 23:41:19,ETHUSDT,BINANCE,TRADE,1870.81,0.0027
2026-08-03 23:41:19,ETHUSDT,BINANCE,TRADE,1870.81,0.0028
2026-08-03 23:41:19,ETHUSDT,BINANCE,TRADE,1870.81,0.0027
2026-08-03 23:41:19,ETHUSDT,BINANCE,TRADE,1870.8,0.0027
2026-08-03 23:41:19,ETHUSDT,BINANCE,TRADE,1870.8,0.0028
2026-08-03 23:41:19,ETHUSDT,BINANCE,TRADE,1870.8,0.0027
2026-08-03 23:41:19,ETHUSDT,BINANCE,TRADE,1870.79,0.011
2026-08-03 23:41:19,ETHUSDT,BINANCE,TRADE,1870.79,0.0027
2026-08-03 23:41:19,ETHUSDT,BINANCE,TRADE,1870.79,0.0028
2026-08-03 23:41:19,ETHUSDT,BINANCE,TRADE,1870.79,0.0027
2026-08-03 23:41:19,ETHUSDT,BINANCE,TRADE,1870.79,0.0027
2026-08-03 23:41:19,ETHUSDT,BINANCE,TRADE,1870.79,0.0027
2026-08-03 23:41:19,ETHUSDT,BINANCE,TRADE,1870.79,0.0027
2026-08-03 23:41:19,ETHUSDT,BINANCE,TRADE,1870.78,0.0028
2026-08-03 23:41:19,ETHUSDT,BINANCE,TRADE,1870.77,0.003
2026-08-03 23:41:19,ETHUSDT,BINANCE,TRADE,1870.77,0.0027
2026-08-03 23:41:19,ETHUSDT,BINANCE,TRADE,1870.77,0.0027
2026-08-03 23:41:19,ETHUSDT,BINANCE,TRADE,1870.77,0.0028
2026-08-03 23:41:19,ETHUSDT,BINANCE,TRADE,1870.77,0.0029
2026-08-03 23:41:19,ETHUSDT,BINANCE,TRADE,1870.77,0.0029
2026-08-03 23:41:19,ETHUSDT,BINANCE,TRADE,1870.77,0.0027
2026-08-03 23:41:19,ETHUSDT,BINANCE,TRADE,1870.77,0.0027
2026-08-03 23:41:19,ETHUSDT,BINANCE,TRADE,1870.77,0.0029
2026-08-03 23:41:20,ETHUSDT,BINANCE,TRADE,1870.76,0.0028
2026-08-03 23:41:20,ETHUSDT,BINANCE,TRADE,1870.76,0.0002
2026-08-03 23:41:20,ETHUSDT,BINANCE,TRADE,1870.76,0.0026
2026-08-03 23:41:20,ETHUSDT,BINANCE,TRADE,1870.76,0.0027
2026-08-03 23:41:20,ETHUSDT,BINANCE,TRADE,1870.76,0.0028
2026-08-03 23:41:20,ETHUSDT,BINANCE,TRADE,1870.76,0.0028
2026-08-03 23:41:20,ETHUSDT,BINANCE,TRADE,1870.76,0.0027
2026-08-03 23:41:20,ETHUSDT,BINANCE,TRADE,1870.76,0.0028
2026-08-03 23:41:20,ETHUSDT,BINANCE,TRADE,1870.76,0.0028
2026-08-03 23:41:20,ETHUSDT,BINANCE,TRADE,1870.76,0.0028
2026-08-03 23:41:20,ETHUSDT,BINANCE,TRADE,1870.76,0.0027
2026-08-03 23:41:20,ETHUSDT,BINANCE,TRADE,1870.76,0.0028
2026-08-03 23:41:20,ETHUSDT,BINANCE,TRADE,1870.76,0.0028
2026-08-03 23:41:20,ETHUSDT,BINANCE,TRADE,1870.76,0.0032
2026-08-03 23:41:20,ETHUSDT,BINANCE,TRADE,1870.76,0.0032
2026-08-03 23:41:20,ETHUSDT,BINANCE,TRADE,1870.76,0.0028
2026-08-03 23:41:20,ETHUSDT,BINANCE,TRADE,1870.76,0.0027
2026-08-03 23:41:20,ETHUSDT,BINANCE,TRADE,1870.76,0.0027
2026-08-03 23:41:20,ETHUSDT,BINANCE,TRADE,1870.76,0.0027
2026-08-03 23:41:20,ETHUSDT,BINANCE,TRADE,1870.76,0.0027
2026-08-03 23:41:20,ETHUSDT,BINANCE,TRADE,1870.75,0.05
2026-08-03 23:41:20,ETHUSDT,BINANCE,TRADE,1870.75,0.0027
2026-08-03 23:41:20,ETHUSDT,BINANCE,TRADE,1870.75,0.0028
2026-08-03 23:41:20,ETHUSDT,BINANCE,TRADE,1870.75,0.0028
2026-08-03 23:41:20,ETHUSDT,BINANCE,TRADE,1870.75,0.0028
2026-08-03 23:41:20,ETHUSDT,BINANCE,TRADE,1870.75,0.0028
2026-08-03 23:41:20,ETHUSDT,BINANCE,TRADE,1870.75,0.0027
2026-08-03 23:41:20,ETHUSDT,BINANCE,TRADE,1870.74,0.0027
2026-08-03 23:41:20,ETHUSDT,BINANCE,TRADE,1870.74,0.0027
2026-08-03 23:41:20,ETHUSDT,BINANCE,TRADE,1870.74,0.0028
2026-08-03 23:41:20,ETHUSDT,BINANCE,TRADE,1870.74,0.0027
2026-08-03 23:41:20,ETHUSDT,BINANCE,TRADE,1870.74,0.0027
2026-08-03 23:41:20,ETHUSDT,BINANCE,TRADE,1870.74,0.0027
2026-08-03 23:41:20,ETHUSDT,BINANCE,TRADE,1870.74,0.0027
2026-08-03 23:41:20,ETHUSDT,BINANCE,TRADE,1870.73,0.0027
2026-08-03 23:41:20,ETHUSDT,BINANCE,TRADE,1870.73,0.0028
2026-08-03 23:41:20,ETHUSDT,BINANCE,TRADE,1870.73,0.0027
2026-08-03 23:41:20,ETHUSDT,BINANCE,TRADE,1870.72,0.0027
2026-08-03 23:41:20,ETHUSDT,BINANCE,TRADE,1870.72,0.0029
2026-08-03 23:41:20,ETHUSDT,BINANCE,TRADE,1870.72,0.0029
2026-08-03 23:41:20,ETHUSDT,BINANCE,TRADE,1870.72,0.0028
2026-08-03 23:41:20,ETHUSDT,BINANCE,TRADE,1870.72,0.0027
2026-08-03 23:41:20,ETHUSDT,BINANCE,TRADE,1870.72,0.0029
2026-08-03 23:41:20,ETHUSDT,BINANCE,TRADE,1870.71,0.1781
2026-08-03 23:41:20,ETHUSDT,BINANCE,TRADE,1870.71,0.0027
2026-08-03 23:41:20,ETHUSDT,BINANCE,TRADE,1870.71,0.0028
2026-08-03 23:41:20,ETHUSDT,BINANCE,TRADE,1870.71,0.0027
2026-08-03 23:41:20,ETHUSDT,BINANCE,TRADE,1870.7,0.0027
2026-08-03 23:41:20,ETHUSDT,BINANCE,TRADE,1870.7,0.0027
2026-08-03 23:41:20,ETHUSDT,BINANCE,TRADE,1870.7,0.0027
2026-08-03 23:41:20,ETHUSDT,BINANCE,TRADE,1870.7,0.0027
2026-08-03 23:41:20,ETHUSDT,BINANCE,TRADE,1870.7,0.0028
2026-08-03 23:41:20,ETHUSDT,BINANCE,TRADE,1870.7,0.0027
2026-08-03 23:41:20,ETHUSDT,BINANCE,TRADE,1870.7,0.0027
2026-08-03 23:41:20,ETHUSDT,BINANCE,TRADE,1870.7,0.0027
2026-08-03 23:41:20,ETHUSDT,BINANCE,TRADE,1870.7,0.0027
2026-08-03 23:41:20,ETHUSDT,BINANCE,TRADE,1870.69,0.0095
2026-08-03 23:41:20,ETHUSDT,BINANCE,TRADE,1870.69,0.0028
2026-08-03 23:41:20,ETHUSDT,BINANCE,TRADE,1870.68,0.0028
2026-08-03 23:41:20,ETHUSDT,BINANCE,TRADE,1870.68,0.0029
2026-08-03 23:41:20,ETHUSDT,BINANCE,TRADE,1870.68,0.0029
2026-08-03 23:41:20,ETHUSDT,BINANCE,TRADE,1870.68,0.0029
2026-08-03 23:41:20,BTCUSDT,BINANCE,TRADE,63904,0.12428
2026-08-03 23:41:20,BTCUSDT,BINANCE,TRADE,63904,0.00781
2026-08-03 23:41:20,BTCUSDT,BINANCE,TRADE,63904,9e-05
2026-08-03 23:41:20,BTCUSDT,BINANCE,TRADE,63904,9e-05
2026-08-03 23:41:20,BTCUSDT,BINANCE,TRADE,63904,9e-05
2026-08-03 23:41:20,BTCUSDT,BINANCE,TRADE,63904,9e-05
2026-08-03 23:41:20,BTCUSDT,BINANCE,TRADE,63904,8e-05
2026-08-03 23:41:20,BTCUSDT,BINANCE,TRADE,63904,9e-05
2026-08-03 23:41:20,BTCUSDT,BINANCE,TRADE,63904,8e-05
2026-08-03 23:41:20,BTCUSDT,BINANCE,TRADE,63904,9e-05
2026-08-03 23:41:20,BTCUSDT,BINANCE,TRADE,63904,9e-05
2026-08-03 23:41:20,BTCUSDT,BINANCE,TRADE,63904,0.00359
2026-08-03 23:41:20,SOLUSDT,BINANCE,TRADE,73.99,7.966
2026-08-03 23:41:20,SOLUSDT,BINANCE,TRADE,73.98,20.366
2026-08-03 23:41:21,BTCUSDT,BINANCE,TRADE,63904,0.00164
2026-08-03 23:41:21,BTCUSDT,BINANCE,TRADE,63904,0.01
2026-08-03 23:41:21,BTCUSDT,BINANCE,TRADE,63904,0.04
2026-08-03 23:41:21,BTCUSDT,BINANCE,TRADE,63904,0.017
2026-08-03 23:41:21,BTCUSDT,BINANCE,TRADE,63904,0.00035
2026-08-03 23:41:21,BTCUSDT,BINANCE,TRADE,63904,0.001
2026-08-03 23:41:21,BTCUSDT,BINANCE,TRADE,63904,0.004
2026-08-03 23:41:21,SOLUSDT,BINANCE,TRADE,73.98,1.228
2026-08-03 23:41:21,BTCUSDT,BINANCE,TRADE,63904,0.02
2026-08-03 23:41:21,BTCUSDT,BINANCE,TRADE,63904,0.017
2026-08-03 23:41:21,SOLUSDT,BINANCE,TRADE,73.98,0.745
2026-08-03 23:41:21,ETHUSDT,BINANCE,TRADE,1870.67,0.0027
2026-08-03 23:41:21,ETHUSDT,BINANCE,TRADE,1870.67,0.0018
2026-08-03 23:41:22,SOLUSDT,BINANCE,TRADE,73.99,0.119
2026-08-03 23:41:22,BTCUSDT,BINANCE,TRADE,63904,0.021
2026-08-03 23:41:22,BTCUSDT,BINANCE,TRADE,63904,0.02
2026-08-03 23:41:22,BTCUSDT,BINANCE,TRADE,63904,0.01
2026-08-03 23:41:22,BTCUSDT,BINANCE,TRADE,63904,0.01095
2026-08-03 23:41:22,BTCUSDT,BINANCE,TRADE,63904,0.00012
2026-08-03 23:41:22,BTCUSDT,BINANCE,TRADE,63904,0.003
2026-08-03 23:41:22,BTCUSDT,BINANCE,TRADE,63904,0.026
2026-08-03 23:41:22,BTCUSDT,BINANCE,TRADE,63904,0.01
2026-08-03 23:41:22,BTCUSDT,BINANCE,TRADE,63904,0.026
2026-08-03 23:41:22,BTCUSDT,BINANCE,TRADE,63904,0.003
2026-08-03 23:41:22,BTCUSDT,BINANCE,TRADE,63904,0.01
2026-08-03 23:41:22,BTCUSDT,BINANCE,TRADE,63904,0.001
2026-08-03 23:41:22,BTCUSDT,BINANCE,TRADE,63904,0.026
2026-08-03 23:41:22,BTCUSDT,BINANCE,TRADE,63904,0.012
2026-08-03 23:41:22,BTCUSDT,BINANCE,TRADE,63904,0.00635
2026-08-03 23:41:22,BTCUSDT,BINANCE,TRADE,63904,8e-05
2026-08-03 23:41:22,BTCUSDT,BINANCE,TRADE,63904,9e-05
2026-08-03 23:41:22,BTCUSDT,BINANCE,TRADE,63904,8e-05
2026-08-03 23:41:22,BTCUSDT,BINANCE,TRADE,63904,8e-05
2026-08-03 23:41:22,BTCUSDT,BINANCE,TRADE,63904,9e-05
2026-08-03 23:41:22,BTCUSDT,BINANCE,TRADE,63904,8e-05
2026-08-03 23:41:22,BTCUSDT,BINANCE,TRADE,63904,9e-05
2026-08-03 23:41:22,BTCUSDT,BINANCE,TRADE,63904,8e-05
2026-08-03 23:41:22,BTCUSDT,BINANCE,TRADE,63904,0.00016
2026-08-03 23:41:22,BTCUSDT,BINANCE,TRADE,63904,0.0001
2026-08-03 23:41:22,BTCUSDT,BINANCE,TRADE,63904,8e-05
2026-08-03 23:41:22,BTCUSDT,BINANCE,TRADE,63904,0.00264
2026-08-03 23:41:22,BTCUSDT,BINANCE,TRADE,63904,0.01
2026-08-03 23:41:22,BTCUSDT,BINANCE,TRADE,63904,0.01
2026-08-03 23:41:22,BTCUSDT,BINANCE,TRADE,63904,0.026
2026-08-03 23:41:22,BTCUSDT,BINANCE,TRADE,63904,0.01
2026-08-03 23:41:22,BTCUSDT,BINANCE,TRADE,63904,0.01
2026-08-03 23:41:22,BTCUSDT,BINANCE,TRADE,63904,0.00469
2026-08-03 23:41:22,BTCUSDT,BINANCE,TRADE,63904,0.026
2026-08-03 23:41:22,BTCUSDT,BINANCE,TRADE,63904,0.00155
2026-08-03 23:41:22,BTCUSDT,BINANCE,TRADE,63904,0.03253
2026-08-03 23:41:22,BTCUSDT,BINANCE,TRADE,63904,9e-05
2026-08-03 23:41:22,BTCUSDT,BINANCE,TRADE,63904,9e-05
2026-08-03 23:41:22,BTCUSDT,BINANCE,TRADE,63904,9e-05
2026-08-03 23:41:22,BTCUSDT,BINANCE,TRADE,63904,9e-05
2026-08-03 23:41:22,BTCUSDT,BINANCE,TRADE,63904,9e-05
2026-08-03 23:41:22,BTCUSDT,BINANCE,TRADE,63904,8e-05
2026-08-03 23:41:22,BTCUSDT,BINANCE,TRADE,63904,9e-05
2026-08-03 23:41:22,BTCUSDT,BINANCE,TRADE,63904,9e-05
2026-08-03 23:41:22,BTCUSDT,BINANCE,TRADE,63904,9e-05
2026-08-03 23:41:22,BTCUSDT,BINANCE,TRADE,63904,9e-05
2026-08-03 23:41:22,BTCUSDT,BINANCE,TRADE,63904,9e-05
2026-08-03 23:41:22,BTCUSDT,BINANCE,TRADE,63904,9e-05
2026-08-03 23:41:22,BTCUSDT,BINANCE,TRADE,63904,9e-05
2026-08-03 23:41:22,BTCUSDT,BINANCE,TRADE,63904,9e-05
2026-08-03 23:41:22,BTCUSDT,BINANCE,TRADE,63904,8e-05
2026-08-03 23:41:22,BTCUSDT,BINANCE,TRADE,63904,8e-05
2026-08-03 23:41:22,BTCUSDT,BINANCE,TRADE,63904,8e-05
2026-08-03 23:41:22,BTCUSDT,BINANCE,TRADE,63904,9e-05
2026-08-03 23:41:22,BTCUSDT,BINANCE,TRADE,63904,9e-05
2026-08-03 23:41:22,BTCUSDT,BINANCE,TRADE,63904,9e-05
2026-08-03 23:41:22,BTCUSDT,BINANCE,TRADE,63904,0.00016
2026-08-03 23:41:22,BTCUSDT,BINANCE,TRADE,63904,8e-05
2026-08-03 23:41:22,BTCUSDT,BINANCE,TRADE,63904,8e-05
2026-08-03 23:41:22,BTCUSDT,BINANCE,TRADE,63904,8e-05
2026-08-03 23:41:22,BTCUSDT,BINANCE,TRADE,63904,8e-05
2026-08-03 23:41:22,BTCUSDT,BINANCE,TRADE,63904,8e-05
2026-08-03 23:41:22,BTCUSDT,BINANCE,TRADE,63904,8e-05
2026-08-03 23:41:22,BTCUSDT,BINANCE,TRADE,63904,8e-05
2026-08-03 23:41:22,BTCUSDT,BINANCE,TRADE,63904,9e-05
2026-08-03 23:41:22,BTCUSDT,BINANCE,TRADE,63904,9e-05
2026-08-03 23:41:22,BTCUSDT,BINANCE,TRADE,63904,9e-05
2026-08-03 23:41:22,BTCUSDT,BINANCE,TRADE,63904,9e-05
2026-08-03 23:41:22,BTCUSDT,BINANCE,TRADE,63904,9e-05
2026-08-03 23:41:22,BTCUSDT,BINANCE,TRADE,63904,9e-05
2026-08-03 23:41:22,BTCUSDT,BINANCE,TRADE,63904,0.00016
2026-08-03 23:41:22,BTCUSDT,BINANCE,TRADE,63904,9e-05
2026-08-03 23:41:22,BTCUSDT,BINANCE,TRADE,63904,9e-05
2026-08-03 23:41:22,BTCUSDT,BINANCE,TRADE,63904,9e-05
2026-08-03 23:41:22,BTCUSDT,BINANCE,TRADE,63904,9e-05
2026-08-03 23:41:22,BTCUSDT,BINANCE,TRADE,63904,0.00016
2026-08-03 23:41:22,BTCUSDT,BINANCE,TRADE,63904,8e-05
2026-08-03 23:41:22,BTCUSDT,BINANCE,TRADE,63904,0.00521
2026-08-03 23:41:22,BTCUSDT,BINANCE,TRADE,63904,9e-05
2026-08-03 23:41:22,BTCUSDT,BINANCE,TRADE,63904,9e-05
2026-08-03 23:41:22,BTCUSDT,BINANCE,TRADE,63903.3,8e-05
2026-08-03 23:41:22,BTCUSDT,BINANCE,TRADE,63902.8,8e-05
2026-08-03 23:41:22,BTCUSDT,BINANCE,TRADE,63902.8,8e-05
2026-08-03 23:41:22,BTCUSDT,BINANCE,TRADE,63902.8,0.00024
2026-08-03 23:41:22,BTCUSDT,BINANCE,TRADE,63902.1,9e-05
2026-08-03 23:41:22,BTCUSDT,BINANCE,TRADE,63902,9e-05
2026-08-03 23:41:22,BTCUSDT,BINANCE,TRADE,63902,9e-05
2026-08-03 23:41:22,BTCUSDT,BINANCE,TRADE,63902,9e-05
2026-08-03 23:41:23,BTCUSDT,BINANCE,TRADE,63902,0.00024
2026-08-03 23:41:23,BTCUSDT,BINANCE,TRADE,63902,0.00023
2026-08-03 23:41:23,BTCUSDT,BINANCE,TRADE,63902,9e-05
2026-08-03 23:41:23,SOLUSDT,BINANCE,TRADE,73.99,0.267
2026-08-03 23:41:23,BTCUSDT,BINANCE,TRADE,63902,0.00065
2026-08-03 23:41:24,BTCUSDT,BINANCE,TRADE,63902,0.00117
2026-08-03 23:41:24,SOLUSDT,BINANCE,TRADE,73.98,0.834
2026-08-03 23:41:24,ETHUSDT,BINANCE,TRADE,1870.67,0.001
2026-08-03 23:41:24,ETHUSDT,BINANCE,TRADE,1870.67,0.0027
2026-08-03 23:41:24,ETHUSDT,BINANCE,TRADE,1870.67,0.0027
2026-08-03 23:41:24,ETHUSDT,BINANCE,TRADE,1870.67,0.0027
2026-08-03 23:41:24,ETHUSDT,BINANCE,TRADE,1870.67,0.0028
2026-08-03 23:41:24,ETHUSDT,BINANCE,TRADE,1870.67,0.0005
2026-08-03 23:41:25,SOLUSDT,BINANCE,TRADE,73.98,1.361
2026-08-03 23:41:25,ETHUSDT,BINANCE,TRADE,1870.67,0.0022
2026-08-03 23:41:25,ETHUSDT,BINANCE,TRADE,1870.67,0.0027
2026-08-03 23:41:25,ETHUSDT,BINANCE,TRADE,1870.67,0.0028
2026-08-03 23:41:25,ETHUSDT,BINANCE,TRADE,1870.67,0.0027
2026-08-03 23:41:25,ETHUSDT,BINANCE,TRADE,1870.67,0.0028
2026-08-03 23:41:25,ETHUSDT,BINANCE,TRADE,1870.67,0.0031
2026-08-03 23:41:26,BTCUSDT,BINANCE,TRADE,63902,0.00031
2026-08-03 23:41:26,ETHUSDT,BINANCE,TRADE,1870.68,0.021
2026-08-03 23:41:27,SOLUSDT,BINANCE,TRADE,73.99,0.121
2026-08-03 23:41:27,SOLUSDT,BINANCE,TRADE,73.99,4.012
2026-08-03 23:41:28,SOLUSDT,BINANCE,TRADE,73.98,0.7
2026-08-03 23:41:28,BTCUSDT,BINANCE,TRADE,63902,0.00016
2026-08-03 23:41:28,ETHUSDT,BINANCE,TRADE,1870.67,0.0001
2026-08-03 23:41:28,ETHUSDT,BINANCE,TRADE,1870.67,0.0539
2026-08-03 23:41:28,ETHUSDT,BINANCE,TRADE,1870.68,1.4109
2026-08-03 23:41:28,ETHUSDT,BINANCE,TRADE,1870.68,0.0027
2026-08-03 23:41:28,ETHUSDT,BINANCE,TRADE,1870.68,0.0826
2026-08-03 23:41:28,ETHUSDT,BINANCE,TRADE,1870.68,0.0028
2026-08-03 23:41:28,ETHUSDT,BINANCE,TRADE,1870.68,1.2025
2026-08-03 23:41:29,BTCUSDT,BINANCE,TRADE,63902,0.00278
2026-08-03 23:41:29,BTCUSDT,BINANCE,TRADE,63902,0.002
2026-08-03 23:41:29,BTCUSDT,BINANCE,TRADE,63902,0.006
2026-08-03 23:41:29,BTCUSDT,BINANCE,TRADE,63902,0.008
2026-08-03 23:41:29,BTCUSDT,BINANCE,TRADE,63902,9e-05
2026-08-03 23:41:29,BTCUSDT,BINANCE,TRADE,63902,8e-05
2026-08-03 23:41:29,BTCUSDT,BINANCE,TRADE,63902,8e-05
2026-08-03 23:41:29,BTCUSDT,BINANCE,TRADE,63902,0.059
2026-08-03 23:41:29,BTCUSDT,BINANCE,TRADE,63902,0.241
2026-08-03 23:41:29,BTCUSDT,BINANCE,TRADE,63902,9e-05
2026-08-03 23:41:29,BTCUSDT,BINANCE,TRADE,63902,9e-05
2026-08-03 23:41:29,BTCUSDT,BINANCE,TRADE,63902,9e-05
2026-08-03 23:41:29,BTCUSDT,BINANCE,TRADE,63902,9e-05
2026-08-03 23:41:29,BTCUSDT,BINANCE,TRADE,63902,8e-05
2026-08-03 23:41:29,BTCUSDT,BINANCE,TRADE,63902,9e-05
2026-08-03 23:41:29,BTCUSDT,BINANCE,TRADE,63902,9e-05
2026-08-03 23:41:29,BTCUSDT,BINANCE,TRADE,63902,8e-05
2026-08-03 23:41:29,BTCUSDT,BINANCE,TRADE,63902,9e-05
2026-08-03 23:41:29,BTCUSDT,BINANCE,TRADE,63902,0.1134
2026-08-03 23:41:29,BTCUSDT,BINANCE,TRADE,63902,9e-05
2026-08-03 23:41:29,BTCUSDT,BINANCE,TRADE,63902,8e-05
2026-08-03 23:41:29,BTCUSDT,BINANCE,TRADE,63902,9e-05
2026-08-03 23:41:29,BTCUSDT,BINANCE,TRADE,63902,9e-05
2026-08-03 23:41:29,BTCUSDT,BINANCE,TRADE,63902,0.00023
2026-08-03 23:41:29,BTCUSDT,BINANCE,TRADE,63902,0.00016
2026-08-03 23:41:29,BTCUSDT,BINANCE,TRADE,63902,8e-05
2026-08-03 23:41:29,BTCUSDT,BINANCE,TRADE,63902,0.0001
2026-08-03 23:41:29,BTCUSDT,BINANCE,TRADE,63902,8e-05
2026-08-03 23:41:29,BTCUSDT,BINANCE,TRADE,63902,0.00013
2026-08-03 23:41:29,BTCUSDT,BINANCE,TRADE,63902,8e-05
2026-08-03 23:41:29,BTCUSDT,BINANCE,TRADE,63902,8e-05
2026-08-03 23:41:29,BTCUSDT,BINANCE,TRADE,63902,8e-05
2026-08-03 23:41:29,BTCUSDT,BINANCE,TRADE,63902,9e-05
2026-08-03 23:41:29,BTCUSDT,BINANCE,TRADE,63902,9e-05
2026-08-03 23:41:29,BTCUSDT,BINANCE,TRADE,63902,9e-05
2026-08-03 23:41:29,BTCUSDT,BINANCE,TRADE,63902,9e-05
2026-08-03 23:41:29,BTCUSDT,BINANCE,TRADE,63902,9e-05
2026-08-03 23:41:29,BTCUSDT,BINANCE,TRADE,63902,8e-05
2026-08-03 23:41:29,BTCUSDT,BINANCE,TRADE,63902,8e-05
2026-08-03 23:41:29,BTCUSDT,BINANCE,TRADE,63902,8e-05
2026-08-03 23:41:29,BTCUSDT,BINANCE,TRADE,63902,8e-05
2026-08-03 23:41:29,BTCUSDT,BINANCE,TRADE,63902,8e-05
2026-08-03 23:41:29,BTCUSDT,BINANCE,TRADE,63902,8e-05
2026-08-03 23:41:29,BTCUSDT,BINANCE,TRADE,63902,8e-05
2026-08-03 23:41:29,BTCUSDT,BINANCE,TRADE,63902,8e-05
2026-08-03 23:41:29,BTCUSDT,BINANCE,TRADE,63902,8e-05
2026-08-03 23:41:29,BTCUSDT,BINANCE,TRADE,63902,8e-05
2026-08-03 23:41:29,BTCUSDT,BINANCE,TRADE,63902,8e-05
2026-08-03 23:41:29,BTCUSDT,BINANCE,TRADE,63902,8e-05
2026-08-03 23:41:29,BTCUSDT,BINANCE,TRADE,63902,8e-05
2026-08-03 23:41:29,BTCUSDT,BINANCE,TRADE,63902,7e-05
2026-08-03 23:41:29,BTCUSDT,BINANCE,TRADE,63902,9e-05
2026-08-03 23:41:29,BTCUSDT,BINANCE,TRADE,63902,9e-05
2026-08-03 23:41:29,BTCUSDT,BINANCE,TRADE,63902,9e-05
2026-08-03 23:41:29,BTCUSDT,BINANCE,TRADE,63902,9e-05
2026-08-03 23:41:29,BTCUSDT,BINANCE,TRADE,63902,9e-05
2026-08-03 23:41:29,BTCUSDT,BINANCE,TRADE,63902,9e-05
2026-08-03 23:41:29,BTCUSDT,BINANCE,TRADE,63902,9e-05
2026-08-03 23:41:29,BTCUSDT,BINANCE,TRADE,63902,9e-05
2026-08-03 23:41:29,BTCUSDT,BINANCE,TRADE,63902,9e-05
2026-08-03 23:41:29,BTCUSDT,BINANCE,TRADE,63902,0.00016
2026-08-03 23:41:29,BTCUSDT,BINANCE,TRADE,63902,9e-05
2026-08-03 23:41:29,BTCUSDT,BINANCE,TRADE,63902,0.00016
2026-08-03 23:41:29,BTCUSDT,BINANCE,TRADE,63901.4,8e-05
2026-08-03 23:41:29,BTCUSDT,BINANCE,TRADE,63901.4,9e-05
2026-08-03 23:41:29,BTCUSDT,BINANCE,TRADE,63901.4,9e-05
2026-08-03 23:41:29,BTCUSDT,BINANCE,TRADE,63901.4,9e-05
2026-08-03 23:41:29,BTCUSDT,BINANCE,TRADE,63901.4,9e-05
2026-08-03 23:41:29,BTCUSDT,BINANCE,TRADE,63901.4,8e-05
2026-08-03 23:41:29,BTCUSDT,BINANCE,TRADE,63901.4,0.00417
2026-08-03 23:41:29,BTCUSDT,BINANCE,TRADE,63901.4,0.10791
2026-08-03 23:41:29,BTCUSDT,BINANCE,TRADE,63901.4,0.01586
2026-08-03 23:41:29,SOLUSDT,BINANCE,TRADE,73.98,0.278
2026-08-03 23:41:29,SOLUSDT,BINANCE,TRADE,73.98,0.068
2026-08-03 23:41:29,SOLUSDT,BINANCE,TRADE,73.98,0.069
2026-08-03 23:41:29,SOLUSDT,BINANCE,TRADE,73.98,0.075
2026-08-03 23:41:29,SOLUSDT,BINANCE,TRADE,73.98,0.136
2026-08-03 23:41:29,SOLUSDT,BINANCE,TRADE,73.98,0.071
2026-08-03 23:41:29,SOLUSDT,BINANCE,TRADE,73.98,0.071
2026-08-03 23:41:29,SOLUSDT,BINANCE,TRADE,73.98,0.232
2026-08-03 23:41:29,SOLUSDT,BINANCE,TRADE,73.98,7.065
2026-08-03 23:41:29,SOLUSDT,BINANCE,TRADE,73.98,0.132
2026-08-03 23:41:29,SOLUSDT,BINANCE,TRADE,73.98,0.07
2026-08-03 23:41:29,SOLUSDT,BINANCE,TRADE,73.98,0.071
2026-08-03 23:41:29,BTCUSDT,BINANCE,TRADE,63901.4,0.01
2026-08-03 23:41:29,BTCUSDT,BINANCE,TRADE,63901.4,0.01
2026-08-03 23:41:29,BTCUSDT,BINANCE,TRADE,63901.4,0.003
2026-08-03 23:41:29,BTCUSDT,BINANCE,TRADE,63901.4,0.01
2026-08-03 23:41:29,BTCUSDT,BINANCE,TRADE,63901.4,0.01
2026-08-03 23:41:29,BTCUSDT,BINANCE,TRADE,63901.4,0.01
2026-08-03 23:41:29,BTCUSDT,BINANCE,TRADE,63901.4,0.01
2026-08-03 23:41:29,BTCUSDT,BINANCE,TRADE,63901.4,0.01
2026-08-03 23:41:29,BTCUSDT,BINANCE,TRADE,63901.4,0.01
2026-08-03 23:41:29,BTCUSDT,BINANCE,TRADE,63901.4,0.0001
2026-08-03 23:41:29,BTCUSDT,BINANCE,TRADE,63901.4,0.003
2026-08-03 23:41:29,BTCUSDT,BINANCE,TRADE,63901.4,0.01
2026-08-03 23:41:29,BTCUSDT,BINANCE,TRADE,63901.4,0.01
2026-08-03 23:41:29,BTCUSDT,BINANCE,TRADE,63901.4,0.01
2026-08-03 23:41:29,BTCUSDT,BINANCE,TRADE,63901.4,0.01
2026-08-03 23:41:29,BTCUSDT,BINANCE,TRADE,63901.4,0.01
2026-08-03 23:41:29,BTCUSDT,BINANCE,TRADE,63901.4,0.01
2026-08-03 23:41:29,BTCUSDT,BINANCE,TRADE,63901.4,0.001
2026-08-03 23:41:29,BTCUSDT,BINANCE,TRADE,63901.4,0.01
2026-08-03 23:41:29,BTCUSDT,BINANCE,TRADE,63901.4,0.04
2026-08-03 23:41:29,BTCUSDT,BINANCE,TRADE,63901.4,0.02
2026-08-03 23:41:29,BTCUSDT,BINANCE,TRADE,63901.4,9e-05
2026-08-03 23:41:29,BTCUSDT,BINANCE,TRADE,63901.4,8e-05
2026-08-03 23:41:29,BTCUSDT,BINANCE,TRADE,63901.4,8e-05
2026-08-03 23:41:29,BTCUSDT,BINANCE,TRADE,63901.4,8e-05
2026-08-03 23:41:29,BTCUSDT,BINANCE,TRADE,63901.4,9e-05
2026-08-03 23:41:29,BTCUSDT,BINANCE,TRADE,63901.4,9e-05
2026-08-03 23:41:29,BTCUSDT,BINANCE,TRADE,63901.4,9e-05
2026-08-03 23:41:29,BTCUSDT,BINANCE,TRADE,63901.4,8e-05
2026-08-03 23:41:29,BTCUSDT,BINANCE,TRADE,63901.4,9e-05
2026-08-03 23:41:29,BTCUSDT,BINANCE,TRADE,63901.4,9e-05
2026-08-03 23:41:29,BTCUSDT,BINANCE,TRADE,63901.4,9e-05
2026-08-03 23:41:29,BTCUSDT,BINANCE,TRADE,63901.4,9e-05
2026-08-03 23:41:29,BTCUSDT,BINANCE,TRADE,63901.4,9e-05
2026-08-03 23:41:29,BTCUSDT,BINANCE,TRADE,63901.4,9e-05
2026-08-03 23:41:29,BTCUSDT,BINANCE,TRADE,63901.4,9e-05
2026-08-03 23:41:29,BTCUSDT,BINANCE,TRADE,63901.4,0.00016
2026-08-03 23:41:29,BTCUSDT,BINANCE,TRADE,63901.4,9e-05
2026-08-03 23:41:29,BTCUSDT,BINANCE,TRADE,63901.4,8e-05
2026-08-03 23:41:29,BTCUSDT,BINANCE,TRADE,63901.4,9e-05
2026-08-03 23:41:29,BTCUSDT,BINANCE,TRADE,63901.4,9e-05
2026-08-03 23:41:29,BTCUSDT,BINANCE,TRADE,63901.4,8e-05
2026-08-03 23:41:29,BTCUSDT,BINANCE,TRADE,63901.4,8e-05
2026-08-03 23:41:29,BTCUSDT,BINANCE,TRADE,63901.4,8e-05
2026-08-03 23:41:29,BTCUSDT,BINANCE,TRADE,63901.4,9e-05
2026-08-03 23:41:29,BTCUSDT,BINANCE,TRADE,63901.4,9e-05
2026-08-03 23:41:29,BTCUSDT,BINANCE,TRADE,63901.4,9e-05
2026-08-03 23:41:29,BTCUSDT,BINANCE,TRADE,63901.4,9e-05
2026-08-03 23:41:29,BTCUSDT,BINANCE,TRADE,63901.4,9e-05
2026-08-03 23:41:29,BTCUSDT,BINANCE,TRADE,63901.4,9e-05
2026-08-03 23:41:29,BTCUSDT,BINANCE,TRADE,63901.4,9e-05
2026-08-03 23:41:29,BTCUSDT,BINANCE,TRADE,63901.4,9e-05
2026-08-03 23:41:29,BTCUSDT,BINANCE,TRADE,63901.4,0.00016
2026-08-03 23:41:29,BTCUSDT,BINANCE,TRADE,63901.4,9e-05
2026-08-03 23:41:29,BTCUSDT,BINANCE,TRADE,63901.4,0.00016
2026-08-03 23:41:29,BTCUSDT,BINANCE,TRADE,63900.9,8e-05
2026-08-03 23:41:29,BTCUSDT,BINANCE,TRADE,63900,9e-05
2026-08-03 23:41:29,BTCUSDT,BINANCE,TRADE,63900,9e-05
2026-08-03 23:41:29,BTCUSDT,BINANCE,TRADE,63900,9e-05
2026-08-03 23:41:29,SOLUSDT,BINANCE,TRADE,73.97,1.353
2026-08-03 23:41:29,SOLUSDT,BINANCE,TRADE,73.97,0.083
2026-08-03 23:41:29,BTCUSDT,BINANCE,TRADE,63900,0.005
2026-08-03 23:41:29,BTCUSDT,BINANCE,TRADE,63900,0.002
2026-08-03 23:41:29,BTCUSDT,BINANCE,TRADE,63900,0.00082
2026-08-03 23:41:29,BTCUSDT,BINANCE,TRADE,63900,0.00518
2026-08-03 23:41:29,BTCUSDT,BINANCE,TRADE,63900,0.008
2026-08-03 23:41:29,BTCUSDT,BINANCE,TRADE,63900,0.01
2026-08-03 23:41:29,BTCUSDT,BINANCE,TRADE,63900,8e-05
2026-08-03 23:41:29,BTCUSDT,BINANCE,TRADE,63900,9e-05
2026-08-03 23:41:29,BTCUSDT,BINANCE,TRADE,63900,9e-05
2026-08-03 23:41:29,BTCUSDT,BINANCE,TRADE,63900,9e-05
2026-08-03 23:41:29,BTCUSDT,BINANCE,TRADE,63900,9e-05
2026-08-03 23:41:29,BTCUSDT,BINANCE,TRADE,63900,8e-05
2026-08-03 23:41:29,BTCUSDT,BINANCE,TRADE,63900,9e-05
2026-08-03 23:41:29,BTCUSDT,BINANCE,TRADE,63900,9e-05
2026-08-03 23:41:29,BTCUSDT,BINANCE,TRADE,63900,9e-05
2026-08-03 23:41:29,BTCUSDT,BINANCE,TRADE,63900,9e-05
2026-08-03 23:41:29,BTCUSDT,BINANCE,TRADE,63900,8e-05
2026-08-03 23:41:29,BTCUSDT,BINANCE,TRADE,63900,9e-05
2026-08-03 23:41:29,BTCUSDT,BINANCE,TRADE,63900,8e-05
2026-08-03 23:41:29,BTCUSDT,BINANCE,TRADE,63900,9e-05
2026-08-03 23:41:29,BTCUSDT,BINANCE,TRADE,63900,9e-05
2026-08-03 23:41:29,BTCUSDT,BINANCE,TRADE,63900,9e-05
2026-08-03 23:41:29,BTCUSDT,BINANCE,TRADE,63900,8e-05
2026-08-03 23:41:29,BTCUSDT,BINANCE,TRADE,63900,8e-05
2026-08-03 23:41:29,BTCUSDT,BINANCE,TRADE,63900,8e-05
2026-08-03 23:41:29,BTCUSDT,BINANCE,TRADE,63900,9e-05
2026-08-03 23:41:29,BTCUSDT,BINANCE,TRADE,63900,9e-05
2026-08-03 23:41:29,BTCUSDT,BINANCE,TRADE,63900,9e-05
2026-08-03 23:41:29,BTCUSDT,BINANCE,TRADE,63900,9e-05
2026-08-03 23:41:29,BTCUSDT,BINANCE,TRADE,63900,9e-05
2026-08-03 23:41:29,BTCUSDT,BINANCE,TRADE,63900,9e-05
2026-08-03 23:41:29,BTCUSDT,BINANCE,TRADE,63900,9e-05
2026-08-03 23:41:29,BTCUSDT,BINANCE,TRADE,63900,9e-05
2026-08-03 23:41:29,BTCUSDT,BINANCE,TRADE,63898.9,9e-05
2026-08-03 23:41:29,BTCUSDT,BINANCE,TRADE,63898.9,8e-05
2026-08-03 23:41:29,BTCUSDT,BINANCE,TRADE,63898.9,8e-05
2026-08-03 23:41:29,BTCUSDT,BINANCE,TRADE,63898.9,8e-05
2026-08-03 23:41:29,BTCUSDT,BINANCE,TRADE,63898.9,8e-05
2026-08-03 23:41:29,BTCUSDT,BINANCE,TRADE,63898,9e-05
2026-08-03 23:41:29,BTCUSDT,BINANCE,TRADE,63898,9e-05
2026-08-03 23:41:29,BTCUSDT,BINANCE,TRADE,63898,9e-05
2026-08-03 23:41:29,ETHUSDT,BINANCE,TRADE,1870.67,0.0032
2026-08-03 23:41:29,ETHUSDT,BINANCE,TRADE,1870.67,0.0027
2026-08-03 23:41:29,ETHUSDT,BINANCE,TRADE,1870.67,0.0054
2026-08-03 23:41:29,ETHUSDT,BINANCE,TRADE,1870.67,0.0027
2026-08-03 23:41:29,ETHUSDT,BINANCE,TRADE,1870.67,0.623
2026-08-03 23:41:29,ETHUSDT,BINANCE,TRADE,1870.67,0.0027
2026-08-03 23:41:29,ETHUSDT,BINANCE,TRADE,1870.67,0.0028
2026-08-03 23:41:29,ETHUSDT,BINANCE,TRADE,1870.67,0.0028
2026-08-03 23:41:29,ETHUSDT,BINANCE,TRADE,1870.67,0.0027
2026-08-03 23:41:29,ETHUSDT,BINANCE,TRADE,1870.67,0.0027
2026-08-03 23:41:29,ETHUSDT,BINANCE,TRADE,1870.67,0.0028
2026-08-03 23:41:29,ETHUSDT,BINANCE,TRADE,1870.67,0.0028
2026-08-03 23:41:29,ETHUSDT,BINANCE,TRADE,1870.67,0.0032
2026-08-03 23:41:29,ETHUSDT,BINANCE,TRADE,1870.67,0.0027
2026-08-03 23:41:29,ETHUSDT,BINANCE,TRADE,1870.67,0.0027
2026-08-03 23:41:29,ETHUSDT,BINANCE,TRADE,1870.67,0.0027
2026-08-03 23:41:29,ETHUSDT,BINANCE,TRADE,1870.66,0.003
2026-08-03 23:41:29,ETHUSDT,BINANCE,TRADE,1870.66,0.0028
2026-08-03 23:41:29,ETHUSDT,BINANCE,TRADE,1870.66,0.0054
2026-08-03 23:41:29,ETHUSDT,BINANCE,TRADE,1870.66,0.0027
2026-08-03 23:41:29,ETHUSDT,BINANCE,TRADE,1870.66,0.0028
2026-08-03 23:41:29,ETHUSDT,BINANCE,TRADE,1870.66,0.0028
2026-08-03 23:41:29,ETHUSDT,BINANCE,TRADE,1870.66,0.0027
2026-08-03 23:41:29,ETHUSDT,BINANCE,TRADE,1870.65,0.0027
2026-08-03 23:41:29,ETHUSDT,BINANCE,TRADE,1870.65,0.0028
2026-08-03 23:41:29,ETHUSDT,BINANCE,TRADE,1870.65,0.0028
2026-08-03 23:41:29,ETHUSDT,BINANCE,TRADE,1870.65,0.0054
2026-08-03 23:41:29,ETHUSDT,BINANCE,TRADE,1870.64,0.0027
2026-08-03 23:41:29,ETHUSDT,BINANCE,TRADE,1870.64,0.0028
2026-08-03 23:41:29,ETHUSDT,BINANCE,TRADE,1870.64,0.0027
2026-08-03 23:41:29,ETHUSDT,BINANCE,TRADE,1870.63,0.0027
2026-08-03 23:41:29,ETHUSDT,BINANCE,TRADE,1870.63,0.0028
2026-08-03 23:41:29,ETHUSDT,BINANCE,TRADE,1870.63,0.0027
2026-08-03 23:41:29,ETHUSDT,BINANCE,TRADE,1870.63,0.0027
2026-08-03 23:41:29,ETHUSDT,BINANCE,TRADE,1870.63,0.0027
2026-08-03 23:41:29,ETHUSDT,BINANCE,TRADE,1870.63,0.0027
2026-08-03 23:41:29,ETHUSDT,BINANCE,TRADE,1870.62,0.0027
2026-08-03 23:41:29,ETHUSDT,BINANCE,TRADE,1870.62,0.0028
2026-08-03 23:41:29,ETHUSDT,BINANCE,TRADE,1870.62,0.0029
2026-08-03 23:41:29,ETHUSDT,BINANCE,TRADE,1870.62,0.0029
2026-08-03 23:41:29,ETHUSDT,BINANCE,TRADE,1870.62,0.0027
2026-08-03 23:41:29,ETHUSDT,BINANCE,TRADE,1870.62,0.0029
2026-08-03 23:41:29,ETHUSDT,BINANCE,TRADE,1870.62,0.0027
2026-08-03 23:41:29,ETHUSDT,BINANCE,TRADE,1870.62,0.0027
2026-08-03 23:41:29,ETHUSDT,BINANCE,TRADE,1870.62,0.0027
2026-08-03 23:41:29,ETHUSDT,BINANCE,TRADE,1870.62,0.1011
2026-08-03 23:41:29,BTCUSDT,BINANCE,TRADE,63898,0.00029
2026-08-03 23:41:30,ETHUSDT,BINANCE,TRADE,1870.62,0.0276
2026-08-03 23:41:30,SOLUSDT,BINANCE,TRADE,73.97,0.252
2026-08-03 23:41:30,SOLUSDT,BINANCE,TRADE,73.97,3.958
2026-08-03 23:41:30,ETHUSDT,BINANCE,TRADE,1870.61,0.0027
2026-08-03 23:41:30,ETHUSDT,BINANCE,TRADE,1870.61,0.0003
2026-08-03 23:41:30,ETHUSDT,BINANCE,TRADE,1870.61,0.0025
2026-08-03 23:41:30,ETHUSDT,BINANCE,TRADE,1870.61,0.0027
2026-08-03 23:41:30,ETHUSDT,BINANCE,TRADE,1870.61,0.0028
2026-08-03 23:41:30,ETHUSDT,BINANCE,TRADE,1870.61,0.0027
2026-08-03 23:41:30,ETHUSDT,BINANCE,TRADE,1870.61,0.0028
2026-08-03 23:41:30,ETHUSDT,BINANCE,TRADE,1870.61,0.0028
2026-08-03 23:41:30,ETHUSDT,BINANCE,TRADE,1870.61,0.0032
2026-08-03 23:41:30,ETHUSDT,BINANCE,TRADE,1870.61,0.5283
2026-08-03 23:41:30,ETHUSDT,BINANCE,TRADE,1870.61,0.0028
2026-08-03 23:41:30,ETHUSDT,BINANCE,TRADE,1870.61,0.0032
2026-08-03 23:41:30,ETHUSDT,BINANCE,TRADE,1870.61,0.0054
2026-08-03 23:41:30,ETHUSDT,BINANCE,TRADE,1870.61,0.0028
2026-08-03 23:41:30,ETHUSDT,BINANCE,TRADE,1870.61,0.0028
2026-08-03 23:41:30,ETHUSDT,BINANCE,TRADE,1870.61,0.0027
2026-08-03 23:41:30,ETHUSDT,BINANCE,TRADE,1870.61,0.0028
2026-08-03 23:41:30,ETHUSDT,BINANCE,TRADE,1870.61,0.0027
2026-08-03 23:41:30,ETHUSDT,BINANCE,TRADE,1870.61,0.0027
2026-08-03 23:41:30,ETHUSDT,BINANCE,TRADE,1870.61,0.0027
2026-08-03 23:41:30,ETHUSDT,BINANCE,TRADE,1870.6,0.0027
2026-08-03 23:41:30,ETHUSDT,BINANCE,TRADE,1870.6,0.0028
2026-08-03 23:41:30,ETHUSDT,BINANCE,TRADE,1870.6,0.0028
2026-08-03 23:41:30,ETHUSDT,BINANCE,TRADE,1870.6,0.0028
2026-08-03 23:41:30,ETHUSDT,BINANCE,TRADE,1870.6,0.0028
2026-08-03 23:41:30,ETHUSDT,BINANCE,TRADE,1870.6,0.0028
2026-08-03 23:41:30,ETHUSDT,BINANCE,TRADE,1870.6,0.0054
2026-08-03 23:41:30,ETHUSDT,BINANCE,TRADE,1870.6,0.0027
2026-08-03 23:41:30,ETHUSDT,BINANCE,TRADE,1870.6,0.0027
2026-08-03 23:41:30,ETHUSDT,BINANCE,TRADE,1870.6,0.0027
2026-08-03 23:41:30,ETHUSDT,BINANCE,TRADE,1870.6,0.0027
2026-08-03 23:41:30,ETHUSDT,BINANCE,TRADE,1870.59,0.0027
2026-08-03 23:41:30,ETHUSDT,BINANCE,TRADE,1870.59,0.0027
2026-08-03 23:41:30,ETHUSDT,BINANCE,TRADE,1870.59,0.0028
2026-08-03 23:41:30,ETHUSDT,BINANCE,TRADE,1870.59,0.0054
2026-08-03 23:41:30,ETHUSDT,BINANCE,TRADE,1870.59,0.0027
2026-08-03 23:41:30,ETHUSDT,BINANCE,TRADE,1870.59,0.0027
2026-08-03 23:41:30,ETHUSDT,BINANCE,TRADE,1870.59,0.0027
2026-08-03 23:41:30,ETHUSDT,BINANCE,TRADE,1870.59,0.0027
2026-08-03 23:41:30,ETHUSDT,BINANCE,TRADE,1870.59,0.0027
2026-08-03 23:41:30,ETHUSDT,BINANCE,TRADE,1870.58,0.0028
2026-08-03 23:41:30,ETHUSDT,BINANCE,TRADE,1870.56,0.008
2026-08-03 23:41:30,ETHUSDT,BINANCE,TRADE,1870.56,0.0027
2026-08-03 23:41:30,ETHUSDT,BINANCE,TRADE,1870.56,0.0027
2026-08-03 23:41:30,ETHUSDT,BINANCE,TRADE,1870.56,0.0027
2026-08-03 23:41:30,ETHUSDT,BINANCE,TRADE,1870.56,0.0028
2026-08-03 23:41:30,ETHUSDT,BINANCE,TRADE,1870.56,0.0027
2026-08-03 23:41:30,ETHUSDT,BINANCE,TRADE,1870.56,0.0027
2026-08-03 23:41:30,ETHUSDT,BINANCE,TRADE,1870.56,0.0027
2026-08-03 23:41:30,ETHUSDT,BINANCE,TRADE,1870.56,0.0027
2026-08-03 23:41:30,ETHUSDT,BINANCE,TRADE,1870.56,0.0027
2026-08-03 23:41:30,ETHUSDT,BINANCE,TRADE,1870.55,0.0027
2026-08-03 23:41:30,ETHUSDT,BINANCE,TRADE,1870.55,0.0027
2026-08-03 23:41:30,ETHUSDT,BINANCE,TRADE,1870.55,0.003
2026-08-03 23:41:30,ETHUSDT,BINANCE,TRADE,1870.55,0.0027
2026-08-03 23:41:30,ETHUSDT,BINANCE,TRADE,1870.55,0.0028
2026-08-03 23:41:30,ETHUSDT,BINANCE,TRADE,1870.55,0.0027
2026-08-03 23:41:30,ETHUSDT,BINANCE,TRADE,1870.55,0.0027
2026-08-03 23:41:30,ETHUSDT,BINANCE,TRADE,1870.55,0.0027
2026-08-03 23:41:30,ETHUSDT,BINANCE,TRADE,1870.55,0.0027
2026-08-03 23:41:30,ETHUSDT,BINANCE,TRADE,1870.55,0.0027
2026-08-03 23:41:30,ETHUSDT,BINANCE,TRADE,1870.55,0.0027
2026-08-03 23:41:30,ETHUSDT,BINANCE,TRADE,1870.55,0.0027
2026-08-03 23:41:30,ETHUSDT,BINANCE,TRADE,1870.55,0.0027
2026-08-03 23:41:30,ETHUSDT,BINANCE,TRADE,1870.55,0.0027
2026-08-03 23:41:30,ETHUSDT,BINANCE,TRADE,1870.54,0.0028
2026-08-03 23:41:30,ETHUSDT,BINANCE,TRADE,1870.54,0.0027
2026-08-03 23:41:30,ETHUSDT,BINANCE,TRADE,1870.54,0.0027
2026-08-03 23:41:30,ETHUSDT,BINANCE,TRADE,1870.53,0.0029
2026-08-03 23:41:30,ETHUSDT,BINANCE,TRADE,1870.53,0.0029
2026-08-03 23:41:30,ETHUSDT,BINANCE,TRADE,1870.53,0.0028
2026-08-03 23:41:30,ETHUSDT,BINANCE,TRADE,1870.53,0.0029
2026-08-03 23:41:31,BTCUSDT,BINANCE,TRADE,63898,0.005
2026-08-03 23:41:31,BTCUSDT,BINANCE,TRADE,63898,0.002
2026-08-03 23:41:31,BTCUSDT,BINANCE,TRADE,63898,0.006
2026-08-03 23:41:31,BTCUSDT,BINANCE,TRADE,63898,0.008
2026-08-03 23:41:31,BTCUSDT,BINANCE,TRADE,63898,8e-05
2026-08-03 23:41:31,BTCUSDT,BINANCE,TRADE,63898,9e-05
2026-08-03 23:41:31,BTCUSDT,BINANCE,TRADE,63898,9e-05
2026-08-03 23:41:31,BTCUSDT,BINANCE,TRADE,63898,9e-05
2026-08-03 23:41:31,BTCUSDT,BINANCE,TRADE,63898,8e-05
2026-08-03 23:41:31,BTCUSDT,BINANCE,TRADE,63898,9e-05
2026-08-03 23:41:31,BTCUSDT,BINANCE,TRADE,63898,9e-05
2026-08-03 23:41:31,BTCUSDT,BINANCE,TRADE,63898,9e-05
2026-08-03 23:41:31,BTCUSDT,BINANCE,TRADE,63898,9e-05
2026-08-03 23:41:31,BTCUSDT,BINANCE,TRADE,63898,8e-05
2026-08-03 23:41:31,BTCUSDT,BINANCE,TRADE,63898,8e-05
2026-08-03 23:41:31,BTCUSDT,BINANCE,TRADE,63898,9e-05
2026-08-03 23:41:31,BTCUSDT,BINANCE,TRADE,63898,9e-05
2026-08-03 23:41:31,BTCUSDT,BINANCE,TRADE,63898,9e-05
2026-08-03 23:41:31,BTCUSDT,BINANCE,TRADE,63898,8e-05
2026-08-03 23:41:31,BTCUSDT,BINANCE,TRADE,63898,9e-05
2026-08-03 23:41:31,BTCUSDT,BINANCE,TRADE,63898,9e-05
2026-08-03 23:41:31,BTCUSDT,BINANCE,TRADE,63898,9e-05
2026-08-03 23:41:31,BTCUSDT,BINANCE,TRADE,63898,9e-05
2026-08-03 23:41:31,BTCUSDT,BINANCE,TRADE,63898,9e-05
2026-08-03 23:41:31,BTCUSDT,BINANCE,TRADE,63898,0.00016
2026-08-03 23:41:31,BTCUSDT,BINANCE,TRADE,63898,8e-05
2026-08-03 23:41:31,BTCUSDT,BINANCE,TRADE,63898,8e-05
2026-08-03 23:41:31,BTCUSDT,BINANCE,TRADE,63898,8e-05
2026-08-03 23:41:31,BTCUSDT,BINANCE,TRADE,63898,9e-05
2026-08-03 23:41:31,BTCUSDT,BINANCE,TRADE,63898,9e-05
2026-08-03 23:41:31,BTCUSDT,BINANCE,TRADE,63898,9e-05
2026-08-03 23:41:31,BTCUSDT,BINANCE,TRADE,63898,9e-05
2026-08-03 23:41:31,BTCUSDT,BINANCE,TRADE,63898,9e-05
2026-08-03 23:41:31,BTCUSDT,BINANCE,TRADE,63898,9e-05
2026-08-03 23:41:31,BTCUSDT,BINANCE,TRADE,63898,9e-05
2026-08-03 23:41:31,BTCUSDT,BINANCE,TRADE,63898,9e-05
2026-08-03 23:41:31,BTCUSDT,BINANCE,TRADE,63898,9e-05
2026-08-03 23:41:31,BTCUSDT,BINANCE,TRADE,63898,9e-05
2026-08-03 23:41:31,BTCUSDT,BINANCE,TRADE,63898,0.00016
2026-08-03 23:41:31,BTCUSDT,BINANCE,TRADE,63898,0.00016
2026-08-03 23:41:31,BTCUSDT,BINANCE,TRADE,63897.8,8e-05
2026-08-03 23:41:31,BTCUSDT,BINANCE,TRADE,63897.6,9e-05
2026-08-03 23:41:31,BTCUSDT,BINANCE,TRADE,63896.9,0.00521
2026-08-03 23:41:31,BTCUSDT,BINANCE,TRADE,63896.9,9e-05
2026-08-03 23:41:31,BTCUSDT,BINANCE,TRADE,63896.9,9e-05
2026-08-03 23:41:31,BTCUSDT,BINANCE,TRADE,63896.7,8e-05
2026-08-03 23:41:31,BTCUSDT,BINANCE,TRADE,63896.4,0.00024
2026-08-03 23:41:31,BTCUSDT,BINANCE,TRADE,63896,9e-05
2026-08-03 23:41:31,BTCUSDT,BINANCE,TRADE,63896,9e-05
2026-08-03 23:41:31,BTCUSDT,BINANCE,TRADE,63896,9e-05
2026-08-03 23:41:31,BTCUSDT,BINANCE,TRADE,63896,0.005
2026-08-03 23:41:31,BTCUSDT,BINANCE,TRADE,63896,0.002
2026-08-03 23:41:31,BTCUSDT,BINANCE,TRADE,63896,0.003
2026-08-03 23:41:31,BTCUSDT,BINANCE,TRADE,63896,0.0001
2026-08-03 23:41:31,BTCUSDT,BINANCE,TRADE,63896,0.0029
2026-08-03 23:41:31,BTCUSDT,BINANCE,TRADE,63896,0.0061
2026-08-03 23:41:31,BTCUSDT,BINANCE,TRADE,63896,0.0019
2026-08-03 23:41:31,BTCUSDT,BINANCE,TRADE,63896,9e-05
2026-08-03 23:41:31,BTCUSDT,BINANCE,TRADE,63896,9e-05
2026-08-03 23:41:31,BTCUSDT,BINANCE,TRADE,63896,8e-05
2026-08-03 23:41:31,BTCUSDT,BINANCE,TRADE,63896,8e-05
2026-08-03 23:41:31,BTCUSDT,BINANCE,TRADE,63896,9e-05
2026-08-03 23:41:31,BTCUSDT,BINANCE,TRADE,63896,9e-05
2026-08-03 23:41:31,BTCUSDT,BINANCE,TRADE,63896,9e-05
2026-08-03 23:41:31,BTCUSDT,BINANCE,TRADE,63896,8e-05
2026-08-03 23:41:31,BTCUSDT,BINANCE,TRADE,63896,9e-05
2026-08-03 23:41:31,BTCUSDT,BINANCE,TRADE,63896,0.00632
2026-08-03 23:41:31,BTCUSDT,BINANCE,TRADE,63896,0.009
2026-08-03 23:41:31,BTCUSDT,BINANCE,TRADE,63896,0.003
2026-08-03 23:41:31,BTCUSDT,BINANCE,TRADE,63896,0.009
2026-08-03 23:41:31,BTCUSDT,BINANCE,TRADE,63896,0.009
2026-08-03 23:41:31,BTCUSDT,BINANCE,TRADE,63896,0.009
2026-08-03 23:41:31,BTCUSDT,BINANCE,TRADE,63896,0.009
2026-08-03 23:41:31,BTCUSDT,BINANCE,TRADE,63896,0.009
2026-08-03 23:41:31,BTCUSDT,BINANCE,TRADE,63896,0.009
2026-08-03 23:41:31,BTCUSDT,BINANCE,TRADE,63896,0.003
2026-08-03 23:41:31,BTCUSDT,BINANCE,TRADE,63896,0.009
2026-08-03 23:41:31,BTCUSDT,BINANCE,TRADE,63896,0.009
2026-08-03 23:41:31,BTCUSDT,BINANCE,TRADE,63896,0.009
2026-08-03 23:41:31,BTCUSDT,BINANCE,TRADE,63896,0.009
2026-08-03 23:41:31,BTCUSDT,BINANCE,TRADE,63896,0.009
2026-08-03 23:41:31,BTCUSDT,BINANCE,TRADE,63896,0.001
2026-08-03 23:41:31,ETHUSDT,BINANCE,TRADE,1870.52,0.0028
2026-08-03 23:41:31,ETHUSDT,BINANCE,TRADE,1870.52,0.0027
2026-08-03 23:41:31,ETHUSDT,BINANCE,TRADE,1870.52,0.0032
2026-08-03 23:41:31,ETHUSDT,BINANCE,TRADE,1870.52,0.0028
2026-08-03 23:41:31,ETHUSDT,BINANCE,TRADE,1870.52,0.0028
2026-08-03 23:41:31,ETHUSDT,BINANCE,TRADE,1870.52,0.0027
2026-08-03 23:41:31,ETHUSDT,BINANCE,TRADE,1870.52,0.0027
2026-08-03 23:41:31,ETHUSDT,BINANCE,TRADE,1870.52,0.0028
2026-08-03 23:41:31,ETHUSDT,BINANCE,TRADE,1870.52,0.0028
2026-08-03 23:41:31,ETHUSDT,BINANCE,TRADE,1870.52,0.0054
2026-08-03 23:41:31,ETHUSDT,BINANCE,TRADE,1870.52,0.0027
2026-08-03 23:41:31,ETHUSDT,BINANCE,TRADE,1870.52,0.0028
2026-08-03 23:41:31,ETHUSDT,BINANCE,TRADE,1870.52,0.0032
2026-08-03 23:41:31,ETHUSDT,BINANCE,TRADE,1870.52,0.0027
2026-08-03 23:41:31,ETHUSDT,BINANCE,TRADE,1870.52,0.0027
2026-08-03 23:41:31,ETHUSDT,BINANCE,TRADE,1870.51,0.0028
2026-08-03 23:41:31,ETHUSDT,BINANCE,TRADE,1870.51,0.0028
2026-08-03 23:41:31,ETHUSDT,BINANCE,TRADE,1870.51,0.0028
2026-08-03 23:41:31,ETHUSDT,BINANCE,TRADE,1870.51,0.0054
2026-08-03 23:41:31,ETHUSDT,BINANCE,TRADE,1870.5,0.0027
2026-08-03 23:41:31,ETHUSDT,BINANCE,TRADE,1870.5,0.0028
2026-08-03 23:41:31,ETHUSDT,BINANCE,TRADE,1870.5,0.0027
2026-08-03 23:41:31,ETHUSDT,BINANCE,TRADE,1870.5,0.0054
2026-08-03 23:41:31,ETHUSDT,BINANCE,TRADE,1870.5,0.0027
2026-08-03 23:41:31,ETHUSDT,BINANCE,TRADE,1870.5,0.0027
2026-08-03 23:41:31,ETHUSDT,BINANCE,TRADE,1870.5,0.0027
2026-08-03 23:41:31,ETHUSDT,BINANCE,TRADE,1870.5,0.0027
2026-08-03 23:41:31,ETHUSDT,BINANCE,TRADE,1870.49,0.0027
2026-08-03 23:41:31,ETHUSDT,BINANCE,TRADE,1870.49,0.0029
2026-08-03 23:41:31,ETHUSDT,BINANCE,TRADE,1870.49,0.0028
2026-08-03 23:41:31,ETHUSDT,BINANCE,TRADE,1870.49,0.0029
2026-08-03 23:41:31,ETHUSDT,BINANCE,TRADE,1870.49,0.0027
2026-08-03 23:41:31,ETHUSDT,BINANCE,TRADE,1870.49,0.0029
2026-08-03 23:41:31,ETHUSDT,BINANCE,TRADE,1870.48,0.011
2026-08-03 23:41:31,ETHUSDT,BINANCE,TRADE,1870.48,0.1782
2026-08-03 23:41:31,ETHUSDT,BINANCE,TRADE,1870.48,0.0027
2026-08-03 23:41:31,ETHUSDT,BINANCE,TRADE,1870.48,0.0028
2026-08-03 23:41:31,ETHUSDT,BINANCE,TRADE,1870.48,0.0027
2026-08-03 23:41:31,ETHUSDT,BINANCE,TRADE,1870.48,0.0027
2026-08-03 23:41:31,ETHUSDT,BINANCE,TRADE,1870.48,0.0027
2026-08-03 23:41:31,ETHUSDT,BINANCE,TRADE,1870.48,0.0027
2026-08-03 23:41:31,ETHUSDT,BINANCE,TRADE,1870.47,0.0027
2026-08-03 23:41:31,ETHUSDT,BINANCE,TRADE,1870.47,0.0027
2026-08-03 23:41:31,ETHUSDT,BINANCE,TRADE,1870.47,0.0028
2026-08-03 23:41:31,ETHUSDT,BINANCE,TRADE,1870.47,0.0027
2026-08-03 23:41:31,ETHUSDT,BINANCE,TRADE,1870.47,0.0027
2026-08-03 23:41:31,ETHUSDT,BINANCE,TRADE,1870.47,0.0027
2026-08-03 23:41:31,ETHUSDT,BINANCE,TRADE,1870.47,0.0027
2026-08-03 23:41:31,ETHUSDT,BINANCE,TRADE,1870.46,0.0027
2026-08-03 23:41:31,ETHUSDT,BINANCE,TRADE,1870.46,0.0027
2026-08-03 23:41:31,ETHUSDT,BINANCE,TRADE,1870.46,0.0028
2026-08-03 23:41:31,ETHUSDT,BINANCE,TRADE,1870.46,0.0028
2026-08-03 23:41:31,ETHUSDT,BINANCE,TRADE,1870.46,0.0027
2026-08-03 23:41:31,ETHUSDT,BINANCE,TRADE,1870.46,0.0027
2026-08-03 23:41:31,ETHUSDT,BINANCE,TRADE,1870.45,0.0027
2026-08-03 23:41:31,ETHUSDT,BINANCE,TRADE,1870.45,0.0028
2026-08-03 23:41:31,ETHUSDT,BINANCE,TRADE,1870.45,0.0027
2026-08-03 23:41:31,ETHUSDT,BINANCE,TRADE,1870.44,0.003
2026-08-03 23:41:31,ETHUSDT,BINANCE,TRADE,1870.44,0.0028
2026-08-03 23:41:31,ETHUSDT,BINANCE,TRADE,1870.43,0.0028
2026-08-03 23:41:31,ETHUSDT,BINANCE,TRADE,1870.42,0.0027
2026-08-03 23:41:31,ETHUSDT,BINANCE,TRADE,1870.42,0.0029
2026-08-03 23:41:31,ETHUSDT,BINANCE,TRADE,1870.42,0.0029
2026-08-03 23:41:31,ETHUSDT,BINANCE,TRADE,1870.42,0.0027
2026-08-03 23:41:31,ETHUSDT,BINANCE,TRADE,1870.42,0.0029
2026-08-03 23:41:31,BTCUSDT,BINANCE,TRADE,63896,0.00704
2026-08-03 23:41:31,ETHUSDT,BINANCE,TRADE,1870.41,0.0027
2026-08-03 23:41:31,ETHUSDT,BINANCE,TRADE,1870.41,0.1452
2026-08-03 23:41:31,BTCUSDT,BINANCE,TRADE,63896,0.00469
2026-08-03 23:41:31,SOLUSDT,BINANCE,TRADE,73.97,2.444
2026-08-03 23:41:31,SOLUSDT,BINANCE,TRADE,73.97,1.743
2026-08-03 23:41:31,SOLUSDT,BINANCE,TRADE,73.98,0.271
2026-08-03 23:41:32,SOLUSDT,BINANCE,TRADE,73.97,0.168
2026-08-03 23:41:32,SOLUSDT,BINANCE,TRADE,73.98,0.466
2026-08-03 23:41:32,BTCUSDT,BINANCE,TRADE,63896,0.00017
2026-08-03 23:41:32,SOLUSDT,BINANCE,TRADE,73.97,0.495
2026-08-03 23:41:33,SOLUSDT,BINANCE,TRADE,73.98,0.135
2026-08-03 23:41:33,ETHUSDT,BINANCE,TRADE,1870.41,0.003
2026-08-03 23:41:33,ETHUSDT,BINANCE,TRADE,1870.42,0.0105
2026-08-03 23:41:34,SOLUSDT,BINANCE,TRADE,73.98,0.401
2026-08-03 23:41:34,ETHUSDT,BINANCE,TRADE,1870.42,0.0216
2026-08-03 23:41:34,BTCUSDT,BINANCE,TRADE,63896,9e-05
2026-08-03 23:41:35,ETHUSDT,BINANCE,TRADE,1870.41,0.0993
2026-08-03 23:41:36,BTCUSDT,BINANCE,TRADE,63896,0.03186
2026-08-03 23:41:36,BTCUSDT,BINANCE,TRADE,63896,0.0001
2026-08-03 23:41:36,BTCUSDT,BINANCE,TRADE,63896,0.0001
2026-08-03 23:41:37,BTCUSDT,BINANCE,TRADE,63896,0.00011
2026-08-03 23:41:37,BTCUSDT,BINANCE,TRADE,63896,0.0234
2026-08-03 23:41:37,BTCUSDT,BINANCE,TRADE,63896,0.02547
2026-08-03 23:41:37,SOLUSDT,BINANCE,TRADE,73.98,0.068
2026-08-03 23:41:38,SOLUSDT,BINANCE,TRADE,73.98,22
2026-08-03 23:41:38,BTCUSDT,BINANCE,TRADE,63896,0.00073
2026-08-03 23:41:38,ETHUSDT,BINANCE,TRADE,1870.41,0.0052
2026-08-03 23:41:38,BTCUSDT,BINANCE,TRADE,63896,0.00019
2026-08-03 23:41:38,ETHUSDT,BINANCE,TRADE,1870.42,0.0534
2026-08-03 23:41:38,BTCUSDT,BINANCE,TRADE,63896,0.02
2026-08-03 23:41:39,BTCUSDT,BINANCE,TRADE,63896,0.00047
2026-08-03 23:41:39,BTCUSDT,BINANCE,TRADE,63896,0.00047
2026-08-03 23:41:39,ETHUSDT,BINANCE,TRADE,1870.42,0.0445
2026-08-03 23:41:39,ETHUSDT,BINANCE,TRADE,1870.42,1.3607
2026-08-03 23:41:39,ETHUSDT,BINANCE,TRADE,1870.42,0.8296
2026-08-03 23:41:39,ETHUSDT,BINANCE,TRADE,1870.42,0.0027
2026-08-03 23:41:39,ETHUSDT,BINANCE,TRADE,1870.42,0.0028
2026-08-03 23:41:39,ETHUSDT,BINANCE,TRADE,1870.42,0.0027
2026-08-03 23:41:39,ETHUSDT,BINANCE,TRADE,1870.42,0.0054
2026-08-03 23:41:39,ETHUSDT,BINANCE,TRADE,1870.42,0.0027
2026-08-03 23:41:39,ETHUSDT,BINANCE,TRADE,1870.42,0.0027
2026-08-03 23:41:39,ETHUSDT,BINANCE,TRADE,1870.42,0.0027
2026-08-03 23:41:39,ETHUSDT,BINANCE,TRADE,1870.42,0.0027
2026-08-03 23:41:39,ETHUSDT,BINANCE,TRADE,1870.42,0.112
2026-08-03 23:41:39,ETHUSDT,BINANCE,TRADE,1870.42,0.0175
2026-08-03 23:41:40,BTCUSDT,BINANCE,TRADE,63896,0.00072
2026-08-03 23:41:40,BTCUSDT,BINANCE,TRADE,63896,0.00324
2026-08-03 23:41:40,BTCUSDT,BINANCE,TRADE,63896,0.00459
2026-08-03 23:41:41,ETHUSDT,BINANCE,TRADE,1870.42,0.0097
2026-08-03 23:41:41,BTCUSDT,BINANCE,TRADE,63896,0.009
2026-08-03 23:41:41,BTCUSDT,BINANCE,TRADE,63896,0.002
2026-08-03 23:41:41,BTCUSDT,BINANCE,TRADE,63896,0.00072
2026-08-03 23:41:41,BTCUSDT,BINANCE,TRADE,63896,0.00031
2026-08-03 23:41:41,BTCUSDT,BINANCE,TRADE,63896,0.029
2026-08-03 23:41:41,BTCUSDT,BINANCE,TRADE,63896,0.00032
2026-08-03 23:41:42,BTCUSDT,BINANCE,TRADE,63896,0.0001
2026-08-03 23:41:42,BTCUSDT,BINANCE,TRADE,63896,0.00047
2026-08-03 23:41:42,BTCUSDT,BINANCE,TRADE,63896,0.00011
2026-08-03 23:41:42,SOLUSDT,BINANCE,TRADE,73.98,0.087
2026-08-03 23:41:43,BTCUSDT,BINANCE,TRADE,63896,0.00168
2026-08-03 23:41:43,BTCUSDT,BINANCE,TRADE,63896,0.00017
2026-08-03 23:41:44,SOLUSDT,BINANCE,TRADE,73.97,1.08
2026-08-03 23:41:45,ETHUSDT,BINANCE,TRADE,1870.41,0.1227
2026-08-03 23:41:46,BTCUSDT,BINANCE,TRADE,63896,0.0008
2026-08-03 23:41:47,BTCUSDT,BINANCE,TRADE,63896,0.00067
2026-08-03 23:41:47,BTCUSDT,BINANCE,TRADE,63896,0.0001
2026-08-03 23:41:48,SOLUSDT,BINANCE,TRADE,73.98,0.141
2026-08-03 23:41:48,BTCUSDT,BINANCE,TRADE,63896,0.00151
2026-08-03 23:41:49,ETHUSDT,BINANCE,TRADE,1870.41,0.025
2026-08-03 23:41:49,BTCUSDT,BINANCE,TRADE,63896,0.07825
2026-08-03 23:41:49,ETHUSDT,BINANCE,TRADE,1870.42,0.0027
2026-08-03 23:41:49,ETHUSDT,BINANCE,TRADE,1870.42,0.0029
2026-08-03 23:41:49,ETHUSDT,BINANCE,TRADE,1870.42,0.0032
2026-08-03 23:41:49,ETHUSDT,BINANCE,TRADE,1870.42,0.0029
2026-08-03 23:41:49,ETHUSDT,BINANCE,TRADE,1870.42,0.0028
2026-08-03 23:41:49,ETHUSDT,BINANCE,TRADE,1870.42,0.0113
2026-08-03 23:41:50,BTCUSDT,BINANCE,TRADE,63896,0.00024
2026-08-03 23:41:51,ETHUSDT,BINANCE,TRADE,1870.42,0.0057
2026-08-03 23:41:51,ETHUSDT,BINANCE,TRADE,1870.42,0.0991
2026-08-03 23:41:51,BTCUSDT,BINANCE,TRADE,63896,0.00068
2026-08-03 23:41:52,ETHUSDT,BINANCE,TRADE,1870.42,0.0874
2026-08-03 23:41:52,BTCUSDT,BINANCE,TRADE,63896,0.00012
2026-08-03 23:41:52,BTCUSDT,BINANCE,TRADE,63896,0.0954
2026-08-03 23:41:53,ETHUSDT,BINANCE,TRADE,1870.42,0.0576
2026-08-03 23:41:54,BTCUSDT,BINANCE,TRADE,63896,0.00958
2026-08-03 23:41:56,ETHUSDT,BINANCE,TRADE,1870.41,0.003
2026-08-03 23:41:56,ETHUSDT,BINANCE,TRADE,1870.41,0.8965
2026-08-03 23:41:56,ETHUSDT,BINANCE,TRADE,1870.41,0.0027
2026-08-03 23:41:56,ETHUSDT,BINANCE,TRADE,1870.41,0.0028
2026-08-03 23:41:56,ETHUSDT,BINANCE,TRADE,1870.41,0.0027
2026-08-03 23:41:56,ETHUSDT,BINANCE,TRADE,1870.41,0.0028
2026-08-03 23:41:56,ETHUSDT,BINANCE,TRADE,1870.41,0.0027
2026-08-03 23:41:56,ETHUSDT,BINANCE,TRADE,1870.41,0.4026
2026-08-03 23:41:56,ETHUSDT,BINANCE,TRADE,1870.41,0.0027
2026-08-03 23:41:56,ETHUSDT,BINANCE,TRADE,1870.41,0.0054
2026-08-03 23:41:56,ETHUSDT,BINANCE,TRADE,1870.41,0.0027
2026-08-03 23:41:56,ETHUSDT,BINANCE,TRADE,1870.41,0.0032
2026-08-03 23:41:56,ETHUSDT,BINANCE,TRADE,1870.41,0.0028
2026-08-03 23:41:56,ETHUSDT,BINANCE,TRADE,1870.41,0.0028
2026-08-03 23:41:56,ETHUSDT,BINANCE,TRADE,1870.41,0.1228
2026-08-03 23:41:56,ETHUSDT,BINANCE,TRADE,1870.41,0.0032
2026-08-03 23:41:56,ETHUSDT,BINANCE,TRADE,1870.41,0.1228
2026-08-03 23:41:56,ETHUSDT,BINANCE,TRADE,1870.41,0.1228
2026-08-03 23:41:56,ETHUSDT,BINANCE,TRADE,1870.41,0.1228
2026-08-03 23:41:56,ETHUSDT,BINANCE,TRADE,1870.41,0.0891
2026-08-03 23:41:56,ETHUSDT,BINANCE,TRADE,1870.41,0.0028
2026-08-03 23:41:56,ETHUSDT,BINANCE,TRADE,1870.41,0.0027
2026-08-03 23:41:56,ETHUSDT,BINANCE,TRADE,1870.41,0.1228
2026-08-03 23:41:56,ETHUSDT,BINANCE,TRADE,1870.41,0.1228
2026-08-03 23:41:56,ETHUSDT,BINANCE,TRADE,1870.41,0.1228
2026-08-03 23:41:56,ETHUSDT,BINANCE,TRADE,1870.41,0.1228
2026-08-03 23:41:56,ETHUSDT,BINANCE,TRADE,1870.41,0.0027
2026-08-03 23:41:56,ETHUSDT,BINANCE,TRADE,1870.41,0.1228
2026-08-03 23:41:56,ETHUSDT,BINANCE,TRADE,1870.41,0.1228
2026-08-03 23:41:56,ETHUSDT,BINANCE,TRADE,1870.41,0.1228
2026-08-03 23:41:56,ETHUSDT,BINANCE,TRADE,1870.41,0.1228
2026-08-03 23:41:56,ETHUSDT,BINANCE,TRADE,1870.41,0.0027
2026-08-03 23:41:56,ETHUSDT,BINANCE,TRADE,1870.41,0.1228
2026-08-03 23:41:56,ETHUSDT,BINANCE,TRADE,1870.41,0.1228
2026-08-03 23:41:56,ETHUSDT,BINANCE,TRADE,1870.41,0.1228
2026-08-03 23:41:56,ETHUSDT,BINANCE,TRADE,1870.41,0.1228
2026-08-03 23:41:56,ETHUSDT,BINANCE,TRADE,1870.41,0.1228
2026-08-03 23:41:56,ETHUSDT,BINANCE,TRADE,1870.41,0.1228
2026-08-03 23:41:56,ETHUSDT,BINANCE,TRADE,1870.41,0.1228
2026-08-03 23:41:56,ETHUSDT,BINANCE,TRADE,1870.41,0.1228
2026-08-03 23:41:56,ETHUSDT,BINANCE,TRADE,1870.41,0.1228
2026-08-03 23:41:56,ETHUSDT,BINANCE,TRADE,1870.41,0.1228
2026-08-03 23:41:56,ETHUSDT,BINANCE,TRADE,1870.41,0.1228
2026-08-03 23:41:56,ETHUSDT,BINANCE,TRADE,1870.41,0.1228
2026-08-03 23:41:56,ETHUSDT,BINANCE,TRADE,1870.41,0.1228
2026-08-03 23:41:56,ETHUSDT,BINANCE,TRADE,1870.41,0.1228
2026-08-03 23:41:56,ETHUSDT,BINANCE,TRADE,1870.41,0.1228
2026-08-03 23:41:56,ETHUSDT,BINANCE,TRADE,1870.41,0.1228
2026-08-03 23:41:56,ETHUSDT,BINANCE,TRADE,1870.41,0.1228
2026-08-03 23:41:56,ETHUSDT,BINANCE,TRADE,1870.41,0.1228
2026-08-03 23:41:56,ETHUSDT,BINANCE,TRADE,1870.41,0.1228
2026-08-03 23:41:56,ETHUSDT,BINANCE,TRADE,1870.41,0.1228
2026-08-03 23:41:56,ETHUSDT,BINANCE,TRADE,1870.41,0.1228
2026-08-03 23:41:56,ETHUSDT,BINANCE,TRADE,1870.41,0.1228
2026-08-03 23:41:56,ETHUSDT,BINANCE,TRADE,1870.41,0.1228
2026-08-03 23:41:56,ETHUSDT,BINANCE,TRADE,1870.41,0.1228
2026-08-03 23:41:56,ETHUSDT,BINANCE,TRADE,1870.41,0.1228
2026-08-03 23:41:56,ETHUSDT,BINANCE,TRADE,1870.41,0.1138
2026-08-03 23:41:56,ETHUSDT,BINANCE,TRADE,1870.41,0.1228
2026-08-03 23:41:56,ETHUSDT,BINANCE,TRADE,1870.41,0.0266
2026-08-03 23:41:56,ETHUSDT,BINANCE,TRADE,1870.41,0.1228
2026-08-03 23:41:56,ETHUSDT,BINANCE,TRADE,1870.41,0.1228
2026-08-03 23:41:56,ETHUSDT,BINANCE,TRADE,1870.41,0.1228
2026-08-03 23:41:56,ETHUSDT,BINANCE,TRADE,1870.41,0.1228
2026-08-03 23:41:56,ETHUSDT,BINANCE,TRADE,1870.41,0.1228
2026-08-03 23:41:56,ETHUSDT,BINANCE,TRADE,1870.41,0.1228
2026-08-03 23:41:56,ETHUSDT,BINANCE,TRADE,1870.41,0.1228
2026-08-03 23:41:56,ETHUSDT,BINANCE,TRADE,1870.41,0.1228
2026-08-03 23:41:56,ETHUSDT,BINANCE,TRADE,1870.41,0.1228
2026-08-03 23:41:56,ETHUSDT,BINANCE,TRADE,1870.41,0.021
2026-08-03 23:41:56,ETHUSDT,BINANCE,TRADE,1870.41,0.1228
2026-08-03 23:41:56,ETHUSDT,BINANCE,TRADE,1870.41,0.1228
2026-08-03 23:41:56,ETHUSDT,BINANCE,TRADE,1870.41,0.1228
2026-08-03 23:41:56,ETHUSDT,BINANCE,TRADE,1870.41,0.041
2026-08-03 23:41:56,ETHUSDT,BINANCE,TRADE,1870.41,0.0139
2026-08-03 23:41:56,ETHUSDT,BINANCE,TRADE,1870.4,0.0027
2026-08-03 23:41:56,ETHUSDT,BINANCE,TRADE,1870.4,0.0028
2026-08-03 23:41:56,ETHUSDT,BINANCE,TRADE,1870.4,0.0054
2026-08-03 23:41:56,ETHUSDT,BINANCE,TRADE,1870.4,0.0028
2026-08-03 23:41:56,ETHUSDT,BINANCE,TRADE,1870.4,0.0028
2026-08-03 23:41:56,ETHUSDT,BINANCE,TRADE,1870.4,0.0028
2026-08-03 23:41:56,ETHUSDT,BINANCE,TRADE,1870.4,0.0027
2026-08-03 23:41:56,ETHUSDT,BINANCE,TRADE,1870.4,0.0027
2026-08-03 23:41:56,ETHUSDT,BINANCE,TRADE,1870.4,0.0027
2026-08-03 23:41:56,ETHUSDT,BINANCE,TRADE,1870.4,0.0027
2026-08-03 23:41:56,ETHUSDT,BINANCE,TRADE,1870.39,0.0027
2026-08-03 23:41:56,ETHUSDT,BINANCE,TRADE,1870.39,0.0028
2026-08-03 23:41:56,ETHUSDT,BINANCE,TRADE,1870.39,0.0054
2026-08-03 23:41:56,ETHUSDT,BINANCE,TRADE,1870.39,0.0028
2026-08-03 23:41:56,ETHUSDT,BINANCE,TRADE,1870.39,0.0027
2026-08-03 23:41:56,ETHUSDT,BINANCE,TRADE,1870.39,0.0027
2026-08-03 23:41:56,ETHUSDT,BINANCE,TRADE,1870.39,0.0027
2026-08-03 23:41:56,ETHUSDT,BINANCE,TRADE,1870.39,0.0027
2026-08-03 23:41:56,ETHUSDT,BINANCE,TRADE,1870.38,0.0027
2026-08-03 23:41:56,ETHUSDT,BINANCE,TRADE,1870.38,0.0027
2026-08-03 23:41:56,ETHUSDT,BINANCE,TRADE,1870.38,0.0027
2026-08-03 23:41:56,ETHUSDT,BINANCE,TRADE,1870.38,0.0028
2026-08-03 23:41:56,ETHUSDT,BINANCE,TRADE,1870.38,0.0027
2026-08-03 23:41:56,ETHUSDT,BINANCE,TRADE,1870.38,0.0027
2026-08-03 23:41:56,SOLUSDT,BINANCE,TRADE,73.97,0.278
2026-08-03 23:41:56,SOLUSDT,BINANCE,TRADE,73.97,0.068
2026-08-03 23:41:56,SOLUSDT,BINANCE,TRADE,73.97,0.215
2026-08-03 23:41:56,SOLUSDT,BINANCE,TRADE,73.97,0.069
2026-08-03 23:41:56,SOLUSDT,BINANCE,TRADE,73.97,0.075
2026-08-03 23:41:56,SOLUSDT,BINANCE,TRADE,73.97,0.15
2026-08-03 23:41:56,SOLUSDT,BINANCE,TRADE,73.97,0.136
2026-08-03 23:41:56,SOLUSDT,BINANCE,TRADE,73.97,0.071
2026-08-03 23:41:56,SOLUSDT,BINANCE,TRADE,73.97,0.205
2026-08-03 23:41:56,SOLUSDT,BINANCE,TRADE,73.97,0.086
2026-08-03 23:41:56,SOLUSDT,BINANCE,TRADE,73.97,3.02
2026-08-03 23:41:56,SOLUSDT,BINANCE,TRADE,73.97,0.441
2026-08-03 23:41:56,ETHUSDT,BINANCE,TRADE,1870.37,0.0028
2026-08-03 23:41:56,ETHUSDT,BINANCE,TRADE,1870.37,0.0834
2026-08-03 23:41:56,ETHUSDT,BINANCE,TRADE,1870.37,0.0027
2026-08-03 23:41:56,ETHUSDT,BINANCE,TRADE,1870.37,0.0032
2026-08-03 23:41:56,ETHUSDT,BINANCE,TRADE,1870.37,0.0027
2026-08-03 23:41:56,ETHUSDT,BINANCE,TRADE,1870.37,0.0032
2026-08-03 23:41:56,ETHUSDT,BINANCE,TRADE,1870.37,0.0028
2026-08-03 23:41:56,ETHUSDT,BINANCE,TRADE,1870.37,0.0028
2026-08-03 23:41:56,ETHUSDT,BINANCE,TRADE,1870.37,0.0028
2026-08-03 23:41:56,ETHUSDT,BINANCE,TRADE,1870.37,0.0028
2026-08-03 23:41:56,ETHUSDT,BINANCE,TRADE,1870.37,0.0028
2026-08-03 23:41:56,ETHUSDT,BINANCE,TRADE,1870.37,0.0027
2026-08-03 23:41:56,ETHUSDT,BINANCE,TRADE,1870.36,0.0027
2026-08-03 23:41:56,ETHUSDT,BINANCE,TRADE,1870.36,0.0027
2026-08-03 23:41:56,ETHUSDT,BINANCE,TRADE,1870.36,0.0028
2026-08-03 23:41:56,ETHUSDT,BINANCE,TRADE,1870.36,0.0027
2026-08-03 23:41:56,ETHUSDT,BINANCE,TRADE,1870.36,0.0028
2026-08-03 23:41:56,ETHUSDT,BINANCE,TRADE,1870.36,0.0028
2026-08-03 23:41:56,ETHUSDT,BINANCE,TRADE,1870.36,0.0027
2026-08-03 23:41:56,ETHUSDT,BINANCE,TRADE,1870.36,0.0027
2026-08-03 23:41:56,ETHUSDT,BINANCE,TRADE,1870.36,0.0027
2026-08-03 23:41:56,ETHUSDT,BINANCE,TRADE,1870.36,0.0027
2026-08-03 23:41:56,ETHUSDT,BINANCE,TRADE,1870.36,0.0027
2026-08-03 23:41:56,ETHUSDT,BINANCE,TRADE,1870.36,0.0027
2026-08-03 23:41:56,ETHUSDT,BINANCE,TRADE,1870.36,0.0027
2026-08-03 23:41:56,ETHUSDT,BINANCE,TRADE,1870.36,0.0027
2026-08-03 23:41:56,ETHUSDT,BINANCE,TRADE,1870.36,0.0027
2026-08-03 23:41:56,ETHUSDT,BINANCE,TRADE,1870.35,0.0028
2026-08-03 23:41:56,ETHUSDT,BINANCE,TRADE,1870.34,0.0028
2026-08-03 23:41:56,ETHUSDT,BINANCE,TRADE,1870.33,0.003
2026-08-03 23:41:56,ETHUSDT,BINANCE,TRADE,1870.33,0.0027
2026-08-03 23:41:56,ETHUSDT,BINANCE,TRADE,1870.33,0.0028
2026-08-03 23:41:56,ETHUSDT,BINANCE,TRADE,1870.33,0.0027
2026-08-03 23:41:56,ETHUSDT,BINANCE,TRADE,1870.33,0.0027
2026-08-03 23:41:56,ETHUSDT,BINANCE,TRADE,1870.33,0.0027
2026-08-03 23:41:56,ETHUSDT,BINANCE,TRADE,1870.33,0.0027
2026-08-03 23:41:56,ETHUSDT,BINANCE,TRADE,1870.32,0.0027
2026-08-03 23:41:56,ETHUSDT,BINANCE,TRADE,1870.32,0.0027
2026-08-03 23:41:56,ETHUSDT,BINANCE,TRADE,1870.32,0.0028
2026-08-03 23:41:56,ETHUSDT,BINANCE,TRADE,1870.32,0.0029
2026-08-03 23:41:56,ETHUSDT,BINANCE,TRADE,1870.32,0.0029
2026-08-03 23:41:56,ETHUSDT,BINANCE,TRADE,1870.32,0.0027
2026-08-03 23:41:56,ETHUSDT,BINANCE,TRADE,1870.32,0.0029
2026-08-03 23:41:56,SOLUSDT,BINANCE,TRADE,73.97,2.666
2026-08-03 23:41:56,SOLUSDT,BINANCE,TRADE,73.97,3.107
2026-08-03 23:41:56,SOLUSDT,BINANCE,TRADE,73.97,0.07
2026-08-03 23:41:56,SOLUSDT,BINANCE,TRADE,73.97,0.875
2026-08-03 23:41:56,SOLUSDT,BINANCE,TRADE,73.97,0.071
2026-08-03 23:41:56,SOLUSDT,BINANCE,TRADE,73.97,0.071
2026-08-03 23:41:56,SOLUSDT,BINANCE,TRADE,73.97,0.068
2026-08-03 23:41:56,SOLUSDT,BINANCE,TRADE,73.97,0.136
2026-08-03 23:41:56,SOLUSDT,BINANCE,TRADE,73.97,3.106
2026-08-03 23:41:56,SOLUSDT,BINANCE,TRADE,73.97,3.107
2026-08-03 23:41:56,SOLUSDT,BINANCE,TRADE,73.97,3.107
2026-08-03 23:41:56,SOLUSDT,BINANCE,TRADE,73.97,0.071
2026-08-03 23:41:56,SOLUSDT,BINANCE,TRADE,73.97,3.106
2026-08-03 23:41:56,SOLUSDT,BINANCE,TRADE,73.97,3.107
2026-08-03 23:41:56,SOLUSDT,BINANCE,TRADE,73.97,3.107
2026-08-03 23:41:56,SOLUSDT,BINANCE,TRADE,73.97,3.106
2026-08-03 23:41:56,SOLUSDT,BINANCE,TRADE,73.97,3.107
2026-08-03 23:41:56,SOLUSDT,BINANCE,TRADE,73.97,3.107
2026-08-03 23:41:56,SOLUSDT,BINANCE,TRADE,73.97,3.106
2026-08-03 23:41:56,SOLUSDT,BINANCE,TRADE,73.97,3.107
2026-08-03 23:41:56,SOLUSDT,BINANCE,TRADE,73.97,3.107
2026-08-03 23:41:56,SOLUSDT,BINANCE,TRADE,73.97,3.106
2026-08-03 23:41:56,SOLUSDT,BINANCE,TRADE,73.97,3.107
2026-08-03 23:41:56,SOLUSDT,BINANCE,TRADE,73.97,3.107
2026-08-03 23:41:56,SOLUSDT,BINANCE,TRADE,73.97,3.106
2026-08-03 23:41:56,SOLUSDT,BINANCE,TRADE,73.97,3.107
2026-08-03 23:41:56,SOLUSDT,BINANCE,TRADE,73.97,3.107
2026-08-03 23:41:56,SOLUSDT,BINANCE,TRADE,73.97,1.624
2026-08-03 23:41:56,SOLUSDT,BINANCE,TRADE,73.97,3.107
2026-08-03 23:41:56,SOLUSDT,BINANCE,TRADE,73.97,3.107
2026-08-03 23:41:56,SOLUSDT,BINANCE,TRADE,73.97,0.761
2026-08-03 23:41:56,ETHUSDT,BINANCE,TRADE,1870.31,0.0027
2026-08-03 23:41:56,ETHUSDT,BINANCE,TRADE,1870.31,0.01
2026-08-03 23:41:56,ETHUSDT,BINANCE,TRADE,1870.31,0.0028
2026-08-03 23:41:56,ETHUSDT,BINANCE,TRADE,1870.31,0.0028
2026-08-03 23:41:56,ETHUSDT,BINANCE,TRADE,1870.31,0.0028
2026-08-03 23:41:56,ETHUSDT,BINANCE,TRADE,1870.31,0.0028
2026-08-03 23:41:56,ETHUSDT,BINANCE,TRADE,1870.31,0.0032
2026-08-03 23:41:56,ETHUSDT,BINANCE,TRADE,1870.31,0.0028
2026-08-03 23:41:56,ETHUSDT,BINANCE,TRADE,1870.31,0.0027
2026-08-03 23:41:56,ETHUSDT,BINANCE,TRADE,1870.31,0.0028
2026-08-03 23:41:56,ETHUSDT,BINANCE,TRADE,1870.31,0.0032
2026-08-03 23:41:56,ETHUSDT,BINANCE,TRADE,1870.31,0.0027
2026-08-03 23:41:56,ETHUSDT,BINANCE,TRADE,1870.3,0.0027
2026-08-03 23:41:56,ETHUSDT,BINANCE,TRADE,1870.3,0.0028
2026-08-03 23:41:56,ETHUSDT,BINANCE,TRADE,1870.3,0.0028
2026-08-03 23:41:56,ETHUSDT,BINANCE,TRADE,1870.3,0.0028
2026-08-03 23:41:56,ETHUSDT,BINANCE,TRADE,1870.3,0.0028
2026-08-03 23:41:56,ETHUSDT,BINANCE,TRADE,1870.3,0.0027
2026-08-03 23:41:56,ETHUSDT,BINANCE,TRADE,1870.3,0.0027
2026-08-03 23:41:56,ETHUSDT,BINANCE,TRADE,1870.3,0.0027
2026-08-03 23:41:56,ETHUSDT,BINANCE,TRADE,1870.3,0.0027
2026-08-03 23:41:56,ETHUSDT,BINANCE,TRADE,1870.29,0.0027
2026-08-03 23:41:56,ETHUSDT,BINANCE,TRADE,1870.29,0.0027
2026-08-03 23:41:56,ETHUSDT,BINANCE,TRADE,1870.29,0.0027
2026-08-03 23:41:56,ETHUSDT,BINANCE,TRADE,1870.29,0.0029
2026-08-03 23:41:56,ETHUSDT,BINANCE,TRADE,1870.29,0.0029
2026-08-03 23:41:56,ETHUSDT,BINANCE,TRADE,1870.29,0.0028
2026-08-03 23:41:56,ETHUSDT,BINANCE,TRADE,1870.29,0.0027
2026-08-03 23:41:56,ETHUSDT,BINANCE,TRADE,1870.29,0.0027
2026-08-03 23:41:56,ETHUSDT,BINANCE,TRADE,1870.29,0.0029
2026-08-03 23:41:56,ETHUSDT,BINANCE,TRADE,1870.29,0.0027
2026-08-03 23:41:56,ETHUSDT,BINANCE,TRADE,1870.29,0.0027
2026-08-03 23:41:56,ETHUSDT,BINANCE,TRADE,1870.29,0.0027
2026-08-03 23:41:56,ETHUSDT,BINANCE,TRADE,1870.29,0.0027
2026-08-03 23:41:56,ETHUSDT,BINANCE,TRADE,1870.29,0.0027
2026-08-03 23:41:56,ETHUSDT,BINANCE,TRADE,1870.29,0.0027
2026-08-03 23:41:56,SOLUSDT,BINANCE,TRADE,73.97,2.346
2026-08-03 23:41:56,SOLUSDT,BINANCE,TRADE,73.97,1.709
2026-08-03 23:41:56,ETHUSDT,BINANCE,TRADE,1870.28,0.0027
2026-08-03 23:41:56,ETHUSDT,BINANCE,TRADE,1870.28,0.0028
2026-08-03 23:41:56,ETHUSDT,BINANCE,TRADE,1870.28,0.0027
2026-08-03 23:41:56,ETHUSDT,BINANCE,TRADE,1870.28,0.0032
2026-08-03 23:41:56,ETHUSDT,BINANCE,TRADE,1870.28,0.0032
2026-08-03 23:41:56,ETHUSDT,BINANCE,TRADE,1870.28,0.0028
2026-08-03 23:41:56,ETHUSDT,BINANCE,TRADE,1870.28,0.0028
2026-08-03 23:41:56,ETHUSDT,BINANCE,TRADE,1870.28,0.0028
2026-08-03 23:41:56,ETHUSDT,BINANCE,TRADE,1870.28,0.0028
2026-08-03 23:41:56,ETHUSDT,BINANCE,TRADE,1870.28,0.0028
2026-08-03 23:41:56,ETHUSDT,BINANCE,TRADE,1870.28,0.0028
2026-08-03 23:41:56,ETHUSDT,BINANCE,TRADE,1870.28,0.0027
2026-08-03 23:41:56,ETHUSDT,BINANCE,TRADE,1870.27,0.0028
2026-08-03 23:41:56,ETHUSDT,BINANCE,TRADE,1870.27,0.0028
2026-08-03 23:41:56,ETHUSDT,BINANCE,TRADE,1870.27,0.0028
2026-08-03 23:41:56,ETHUSDT,BINANCE,TRADE,1870.27,0.0028
2026-08-03 23:41:56,ETHUSDT,BINANCE,TRADE,1870.26,0.0027
2026-08-03 23:41:56,ETHUSDT,BINANCE,TRADE,1870.26,0.0028
2026-08-03 23:41:56,ETHUSDT,BINANCE,TRADE,1870.26,0.0027
2026-08-03 23:41:56,ETHUSDT,BINANCE,TRADE,1870.26,0.0027
2026-08-03 23:41:56,ETHUSDT,BINANCE,TRADE,1870.26,0.0027
2026-08-03 23:41:56,ETHUSDT,BINANCE,TRADE,1870.26,0.0027
2026-08-03 23:41:56,ETHUSDT,BINANCE,TRADE,1870.25,0.0027
2026-08-03 23:41:56,ETHUSDT,BINANCE,TRADE,1870.25,0.0029
2026-08-03 23:41:56,ETHUSDT,BINANCE,TRADE,1870.25,0.0029
2026-08-03 23:41:56,ETHUSDT,BINANCE,TRADE,1870.25,0.0028
2026-08-03 23:41:56,ETHUSDT,BINANCE,TRADE,1870.25,0.0027
2026-08-03 23:41:56,ETHUSDT,BINANCE,TRADE,1870.25,0.0029
2026-08-03 23:41:56,SOLUSDT,BINANCE,TRADE,73.97,1.398
2026-08-03 23:41:56,SOLUSDT,BINANCE,TRADE,73.97,0.07
2026-08-03 23:41:56,SOLUSDT,BINANCE,TRADE,73.97,0.071
2026-08-03 23:41:56,SOLUSDT,BINANCE,TRADE,73.97,0.068
2026-08-03 23:41:56,SOLUSDT,BINANCE,TRADE,73.97,0.136
2026-08-03 23:41:56,SOLUSDT,BINANCE,TRADE,73.97,0.071
2026-08-03 23:41:56,SOLUSDT,BINANCE,TRADE,73.97,3.107
2026-08-03 23:41:56,SOLUSDT,BINANCE,TRADE,73.97,0.278
2026-08-03 23:41:56,SOLUSDT,BINANCE,TRADE,73.97,3.107
2026-08-03 23:41:56,SOLUSDT,BINANCE,TRADE,73.97,0.071
2026-08-03 23:41:56,SOLUSDT,BINANCE,TRADE,73.97,3.107
2026-08-03 23:41:56,SOLUSDT,BINANCE,TRADE,73.97,1.857
2026-08-03 23:41:56,SOLUSDT,BINANCE,TRADE,73.97,3.107
2026-08-03 23:41:56,SOLUSDT,BINANCE,TRADE,73.97,3.107
2026-08-03 23:41:56,SOLUSDT,BINANCE,TRADE,73.97,3.107
2026-08-03 23:41:56,SOLUSDT,BINANCE,TRADE,73.97,3.107
2026-08-03 23:41:56,SOLUSDT,BINANCE,TRADE,73.97,3.107
2026-08-03 23:41:56,SOLUSDT,BINANCE,TRADE,73.97,3.107
2026-08-03 23:41:56,SOLUSDT,BINANCE,TRADE,73.97,3.107
2026-08-03 23:41:56,SOLUSDT,BINANCE,TRADE,73.97,3.107
2026-08-03 23:41:56,SOLUSDT,BINANCE,TRADE,73.97,3.107
2026-08-03 23:41:56,SOLUSDT,BINANCE,TRADE,73.97,3.107
2026-08-03 23:41:56,SOLUSDT,BINANCE,TRADE,73.97,0.695
2026-08-03 23:41:56,ETHUSDT,BINANCE,TRADE,1870.24,0.0027
2026-08-03 23:41:56,ETHUSDT,BINANCE,TRADE,1870.24,0.0028
2026-08-03 23:41:56,ETHUSDT,BINANCE,TRADE,1870.24,0.0028
2026-08-03 23:41:56,ETHUSDT,BINANCE,TRADE,1870.24,0.0028
2026-08-03 23:41:56,ETHUSDT,BINANCE,TRADE,1870.24,0.0028
2026-08-03 23:41:56,ETHUSDT,BINANCE,TRADE,1870.24,0.0027
2026-08-03 23:41:56,ETHUSDT,BINANCE,TRADE,1870.24,0.0032
2026-08-03 23:41:56,ETHUSDT,BINANCE,TRADE,1870.24,0.0032
2026-08-03 23:41:56,ETHUSDT,BINANCE,TRADE,1870.24,0.0028
2026-08-03 23:41:56,ETHUSDT,BINANCE,TRADE,1870.24,0.0027
2026-08-03 23:41:56,ETHUSDT,BINANCE,TRADE,1870.24,0.0028
2026-08-03 23:41:56,ETHUSDT,BINANCE,TRADE,1870.24,0.0027
2026-08-03 23:41:56,ETHUSDT,BINANCE,TRADE,1870.24,0.0027
2026-08-03 23:41:56,ETHUSDT,BINANCE,TRADE,1870.24,0.0027
2026-08-03 23:41:56,ETHUSDT,BINANCE,TRADE,1870.24,0.0027
2026-08-03 23:41:56,ETHUSDT,BINANCE,TRADE,1870.23,0.0027
2026-08-03 23:41:56,ETHUSDT,BINANCE,TRADE,1870.23,0.0028
2026-08-03 23:41:56,ETHUSDT,BINANCE,TRADE,1870.23,0.0028
2026-08-03 23:41:56,ETHUSDT,BINANCE,TRADE,1870.23,0.0028
2026-08-03 23:41:56,ETHUSDT,BINANCE,TRADE,1870.23,0.0028
2026-08-03 23:41:56,ETHUSDT,BINANCE,TRADE,1870.23,0.0027
2026-08-03 23:41:56,ETHUSDT,BINANCE,TRADE,1870.23,0.0027
2026-08-03 23:41:56,ETHUSDT,BINANCE,TRADE,1870.23,0.0027
2026-08-03 23:41:56,ETHUSDT,BINANCE,TRADE,1870.23,0.0027
2026-08-03 23:41:56,BTCUSDT,BINANCE,TRADE,63896,0.00224
2026-08-03 23:41:56,BTCUSDT,BINANCE,TRADE,63896,9e-05
2026-08-03 23:41:56,BTCUSDT,BINANCE,TRADE,63896,9e-05
2026-08-03 23:41:56,BTCUSDT,BINANCE,TRADE,63896,9e-05
2026-08-03 23:41:56,BTCUSDT,BINANCE,TRADE,63896,9e-05
2026-08-03 23:41:56,BTCUSDT,BINANCE,TRADE,63896,8e-05
2026-08-03 23:41:56,BTCUSDT,BINANCE,TRADE,63896,0.00016
2026-08-03 23:41:56,BTCUSDT,BINANCE,TRADE,63896,8e-05
2026-08-03 23:41:56,BTCUSDT,BINANCE,TRADE,63896,9e-05
2026-08-03 23:41:56,BTCUSDT,BINANCE,TRADE,63896,8e-05
2026-08-03 23:41:56,BTCUSDT,BINANCE,TRADE,63896,8e-05
2026-08-03 23:41:56,BTCUSDT,BINANCE,TRADE,63896,9e-05
2026-08-03 23:41:56,BTCUSDT,BINANCE,TRADE,63896,8e-05
2026-08-03 23:41:56,BTCUSDT,BINANCE,TRADE,63896,9e-05
2026-08-03 23:41:56,BTCUSDT,BINANCE,TRADE,63896,9e-05
2026-08-03 23:41:56,BTCUSDT,BINANCE,TRADE,63896,8e-05
2026-08-03 23:41:56,BTCUSDT,BINANCE,TRADE,63896,8e-05
2026-08-03 23:41:56,BTCUSDT,BINANCE,TRADE,63896,8e-05
2026-08-03 23:41:56,BTCUSDT,BINANCE,TRADE,63896,8e-05
2026-08-03 23:41:56,BTCUSDT,BINANCE,TRADE,63896,8e-05
2026-08-03 23:41:56,BTCUSDT,BINANCE,TRADE,63896,0.00077
2026-08-03 23:41:56,ETHUSDT,BINANCE,TRADE,1870.22,0.003
2026-08-03 23:41:56,ETHUSDT,BINANCE,TRADE,1870.22,0.0027
2026-08-03 23:41:56,ETHUSDT,BINANCE,TRADE,1870.22,0.0029
2026-08-03 23:41:56,ETHUSDT,BINANCE,TRADE,1870.22,0.0029
2026-08-03 23:41:56,ETHUSDT,BINANCE,TRADE,1870.22,0.0028
2026-08-03 23:41:56,ETHUSDT,BINANCE,TRADE,1870.22,0.0027
2026-08-03 23:41:56,ETHUSDT,BINANCE,TRADE,1870.22,0.0029
2026-08-03 23:41:56,ETHUSDT,BINANCE,TRADE,1870.22,0.0027
2026-08-03 23:41:56,ETHUSDT,BINANCE,TRADE,1870.22,0.0027
2026-08-03 23:41:56,ETHUSDT,BINANCE,TRADE,1870.22,0.0027
2026-08-03 23:41:56,BTCUSDT,BINANCE,TRADE,63896,0.00073
2026-08-03 23:41:56,BTCUSDT,BINANCE,TRADE,63896,0.0001
2026-08-03 23:41:56,BTCUSDT,BINANCE,TRADE,63896,9e-05
2026-08-03 23:41:56,BTCUSDT,BINANCE,TRADE,63896,0.00048
2026-08-03 23:41:56,BTCUSDT,BINANCE,TRADE,63896,9e-05
2026-08-03 23:41:56,BTCUSDT,BINANCE,TRADE,63896,0.0026
2026-08-03 23:41:56,BTCUSDT,BINANCE,TRADE,63896,9e-05
2026-08-03 23:41:56,BTCUSDT,BINANCE,TRADE,63896,0.00101
2026-08-03 23:41:56,BTCUSDT,BINANCE,TRADE,63896,9e-05
2026-08-03 23:41:56,BTCUSDT,BINANCE,TRADE,63896,9e-05
2026-08-03 23:41:56,BTCUSDT,BINANCE,TRADE,63896,9e-05
2026-08-03 23:41:56,BTCUSDT,BINANCE,TRADE,63896,9e-05
2026-08-03 23:41:56,BTCUSDT,BINANCE,TRADE,63896,8e-05
2026-08-03 23:41:56,BTCUSDT,BINANCE,TRADE,63896,8e-05
2026-08-03 23:41:56,BTCUSDT,BINANCE,TRADE,63896,9e-05
2026-08-03 23:41:56,BTCUSDT,BINANCE,TRADE,63896,9e-05
2026-08-03 23:41:56,BTCUSDT,BINANCE,TRADE,63896,9e-05
2026-08-03 23:41:56,BTCUSDT,BINANCE,TRADE,63896,9e-05
2026-08-03 23:41:56,BTCUSDT,BINANCE,TRADE,63896,9e-05
2026-08-03 23:41:56,BTCUSDT,BINANCE,TRADE,63896,0.00016
2026-08-03 23:41:56,BTCUSDT,BINANCE,TRADE,63896,8e-05
2026-08-03 23:41:56,BTCUSDT,BINANCE,TRADE,63896,8e-05
2026-08-03 23:41:56,BTCUSDT,BINANCE,TRADE,63896,8e-05
2026-08-03 23:41:56,BTCUSDT,BINANCE,TRADE,63896,8e-05
2026-08-03 23:41:56,BTCUSDT,BINANCE,TRADE,63896,8e-05
2026-08-03 23:41:56,BTCUSDT,BINANCE,TRADE,63896,8e-05
2026-08-03 23:41:56,BTCUSDT,BINANCE,TRADE,63896,9e-05
2026-08-03 23:41:56,BTCUSDT,BINANCE,TRADE,63896,9e-05
2026-08-03 23:41:56,BTCUSDT,BINANCE,TRADE,63896,9e-05
2026-08-03 23:41:56,BTCUSDT,BINANCE,TRADE,63896,9e-05
2026-08-03 23:41:56,BTCUSDT,BINANCE,TRADE,63896,9e-05
2026-08-03 23:41:56,BTCUSDT,BINANCE,TRADE,63896,0.00016
2026-08-03 23:41:56,BTCUSDT,BINANCE,TRADE,63896,9e-05
2026-08-03 23:41:56,BTCUSDT,BINANCE,TRADE,63896,9e-05
2026-08-03 23:41:56,BTCUSDT,BINANCE,TRADE,63896,9e-05
2026-08-03 23:41:56,BTCUSDT,BINANCE,TRADE,63896,9e-05
2026-08-03 23:41:56,BTCUSDT,BINANCE,TRADE,63896,0.00016
2026-08-03 23:41:56,BTCUSDT,BINANCE,TRADE,63894.6,8e-05
2026-08-03 23:41:56,BTCUSDT,BINANCE,TRADE,63894.1,0.00148
2026-08-03 23:41:56,BTCUSDT,BINANCE,TRADE,63894,9e-05
2026-08-03 23:41:56,BTCUSDT,BINANCE,TRADE,63894,9e-05
2026-08-03 23:41:56,BTCUSDT,BINANCE,TRADE,63894,9e-05
2026-08-03 23:41:56,BTCUSDT,BINANCE,TRADE,63894,0.0001
2026-08-03 23:41:56,ETHUSDT,BINANCE,TRADE,1870.21,0.0027
2026-08-03 23:41:56,ETHUSDT,BINANCE,TRADE,1870.21,0.0028
2026-08-03 23:41:56,ETHUSDT,BINANCE,TRADE,1870.21,0.0032
2026-08-03 23:41:56,ETHUSDT,BINANCE,TRADE,1870.21,0.0032
2026-08-03 23:41:56,ETHUSDT,BINANCE,TRADE,1870.21,0.0028
2026-08-03 23:41:56,ETHUSDT,BINANCE,TRADE,1870.21,0.0028
2026-08-03 23:41:56,ETHUSDT,BINANCE,TRADE,1870.21,0.0028
2026-08-03 23:41:56,ETHUSDT,BINANCE,TRADE,1870.21,0.0028
2026-08-03 23:41:56,ETHUSDT,BINANCE,TRADE,1870.21,0.0028
2026-08-03 23:41:56,ETHUSDT,BINANCE,TRADE,1870.21,0.0028
2026-08-03 23:41:56,ETHUSDT,BINANCE,TRADE,1870.21,0.0027
2026-08-03 23:41:56,ETHUSDT,BINANCE,TRADE,1870.21,0.0028
2026-08-03 23:41:56,ETHUSDT,BINANCE,TRADE,1870.21,0.0027
2026-08-03 23:41:56,ETHUSDT,BINANCE,TRADE,1870.21,0.0027
2026-08-03 23:41:56,ETHUSDT,BINANCE,TRADE,1870.21,0.0027
2026-08-03 23:41:56,ETHUSDT,BINANCE,TRADE,1870.21,0.0027
2026-08-03 23:41:56,ETHUSDT,BINANCE,TRADE,1870.2,0.0041
2026-08-03 23:41:56,ETHUSDT,BINANCE,TRADE,1870.2,0.0027
2026-08-03 23:41:56,ETHUSDT,BINANCE,TRADE,1870.2,0.0027
2026-08-03 23:41:56,ETHUSDT,BINANCE,TRADE,1870.2,0.0027
2026-08-03 23:41:56,ETHUSDT,BINANCE,TRADE,1870.2,0.0028
2026-08-03 23:41:56,ETHUSDT,BINANCE,TRADE,1870.2,0.0028
2026-08-03 23:41:56,ETHUSDT,BINANCE,TRADE,1870.2,0.0028
2026-08-03 23:41:56,ETHUSDT,BINANCE,TRADE,1870.2,0.0028
2026-08-03 23:41:56,ETHUSDT,BINANCE,TRADE,1870.2,0.0027
2026-08-03 23:41:56,ETHUSDT,BINANCE,TRADE,1870.2,0.0027
2026-08-03 23:41:56,ETHUSDT,BINANCE,TRADE,1870.19,0.0028
2026-08-03 23:41:56,ETHUSDT,BINANCE,TRADE,1870.19,0.0029
2026-08-03 23:41:56,ETHUSDT,BINANCE,TRADE,1870.19,0.0029
2026-08-03 23:41:56,ETHUSDT,BINANCE,TRADE,1870.19,0.0029
2026-08-03 23:41:56,ETHUSDT,BINANCE,TRADE,1870.18,0.0027
2026-08-03 23:41:56,ETHUSDT,BINANCE,TRADE,1870.18,0.2673
2026-08-03 23:41:56,ETHUSDT,BINANCE,TRADE,1870.18,0.0028
2026-08-03 23:41:56,ETHUSDT,BINANCE,TRADE,1870.18,0.0028
2026-08-03 23:41:56,ETHUSDT,BINANCE,TRADE,1870.18,0.0032
2026-08-03 23:41:56,ETHUSDT,BINANCE,TRADE,1870.18,0.0032
2026-08-03 23:41:56,ETHUSDT,BINANCE,TRADE,1870.18,0.0027
2026-08-03 23:41:56,ETHUSDT,BINANCE,TRADE,1870.18,0.0028
2026-08-03 23:41:56,ETHUSDT,BINANCE,TRADE,1870.18,0.0028
2026-08-03 23:41:56,ETHUSDT,BINANCE,TRADE,1870.18,0.0027
2026-08-03 23:41:56,ETHUSDT,BINANCE,TRADE,1870.18,0.0027
2026-08-03 23:41:56,ETHUSDT,BINANCE,TRADE,1870.18,0.0027
2026-08-03 23:41:56,ETHUSDT,BINANCE,TRADE,1870.18,0.0027
2026-08-03 23:41:56,ETHUSDT,BINANCE,TRADE,1870.17,0.0027
2026-08-03 23:41:56,ETHUSDT,BINANCE,TRADE,1870.17,0.0028
2026-08-03 23:41:56,ETHUSDT,BINANCE,TRADE,1870.17,0.0028
2026-08-03 23:41:56,ETHUSDT,BINANCE,TRADE,1870.17,0.0028
2026-08-03 23:41:56,ETHUSDT,BINANCE,TRADE,1870.17,0.0028
2026-08-03 23:41:56,ETHUSDT,BINANCE,TRADE,1870.17,0.0027
2026-08-03 23:41:56,ETHUSDT,BINANCE,TRADE,1870.17,0.0027
2026-08-03 23:41:56,ETHUSDT,BINANCE,TRADE,1870.17,0.0027
2026-08-03 23:41:56,ETHUSDT,BINANCE,TRADE,1870.17,0.0027
2026-08-03 23:41:56,ETHUSDT,BINANCE,TRADE,1870.16,0.0027
2026-08-03 23:41:56,ETHUSDT,BINANCE,TRADE,1870.16,0.0027
2026-08-03 23:41:56,ETHUSDT,BINANCE,TRADE,1870.16,0.0027
2026-08-03 23:41:56,ETHUSDT,BINANCE,TRADE,1870.16,0.0027
2026-08-03 23:41:56,ETHUSDT,BINANCE,TRADE,1870.16,0.0028
2026-08-03 23:41:56,ETHUSDT,BINANCE,TRADE,1870.16,0.0027
2026-08-03 23:41:56,ETHUSDT,BINANCE,TRADE,1870.16,0.0027
2026-08-03 23:41:56,ETHUSDT,BINANCE,TRADE,1870.16,0.0027
2026-08-03 23:41:56,ETHUSDT,BINANCE,TRADE,1870.16,0.0027
2026-08-03 23:41:56,ETHUSDT,BINANCE,TRADE,1870.15,0.0028
2026-08-03 23:41:56,ETHUSDT,BINANCE,TRADE,1870.14,0.0028
2026-08-03 23:41:56,ETHUSDT,BINANCE,TRADE,1870.13,0.0027
2026-08-03 23:41:56,ETHUSDT,BINANCE,TRADE,1870.13,0.0029
2026-08-03 23:41:56,ETHUSDT,BINANCE,TRADE,1870.13,0.0028
2026-08-03 23:41:56,ETHUSDT,BINANCE,TRADE,1870.12,0.0027
2026-08-03 23:41:56,ETHUSDT,BINANCE,TRADE,1870.12,0.0028
2026-08-03 23:41:56,ETHUSDT,BINANCE,TRADE,1870.12,0.0027
2026-08-03 23:41:56,ETHUSDT,BINANCE,TRADE,1870.12,0.0027
2026-08-03 23:41:56,ETHUSDT,BINANCE,TRADE,1870.12,0.0027
2026-08-03 23:41:56,ETHUSDT,BINANCE,TRADE,1870.12,0.0027
2026-08-03 23:41:56,ETHUSDT,BINANCE,TRADE,1870.11,0.0027
2026-08-03 23:41:56,ETHUSDT,BINANCE,TRADE,1870.11,0.003
2026-08-03 23:41:56,ETHUSDT,BINANCE,TRADE,1870.11,0.0027
2026-08-03 23:41:56,ETHUSDT,BINANCE,TRADE,1870.11,0.0027
2026-08-03 23:41:56,ETHUSDT,BINANCE,TRADE,1870.11,0.0028
2026-08-03 23:41:56,ETHUSDT,BINANCE,TRADE,1870.11,0.0027
2026-08-03 23:41:56,ETHUSDT,BINANCE,TRADE,1870.11,0.0027
2026-08-03 23:41:56,ETHUSDT,BINANCE,TRADE,1870.11,0.0027
2026-08-03 23:41:56,ETHUSDT,BINANCE,TRADE,1870.11,0.0027
2026-08-03 23:41:56,ETHUSDT,BINANCE,TRADE,1870.11,0.0027
2026-08-03 23:41:56,ETHUSDT,BINANCE,TRADE,1870.1,0.0029
2026-08-03 23:41:56,ETHUSDT,BINANCE,TRADE,1870.1,0.0029
2026-08-03 23:41:56,ETHUSDT,BINANCE,TRADE,1870.1,0.0028
2026-08-03 23:41:56,ETHUSDT,BINANCE,TRADE,1870.1,0.0029
2026-08-03 23:41:56,SOLUSDT,BINANCE,TRADE,73.96,0.846
2026-08-03 23:41:56,SOLUSDT,BINANCE,TRADE,73.96,1.504
2026-08-03 23:41:57,BTCUSDT,BINANCE,TRADE,63894,0.03032
2026-08-03 23:41:57,BTCUSDT,BINANCE,TRADE,63894,0.00078
2026-08-03 23:41:58,BTCUSDT,BINANCE,TRADE,63894,0.00167
2026-08-03 23:41:59,SOLUSDT,BINANCE,TRADE,73.97,1.353
2026-08-03 23:41:59,SOLUSDT,BINANCE,TRADE,73.96,0.676
2026-08-03 23:41:59,ETHUSDT,BINANCE,TRADE,1870.09,0.0028
2026-08-03 23:41:59,ETHUSDT,BINANCE,TRADE,1870.09,0.0027
2026-08-03 23:41:59,ETHUSDT,BINANCE,TRADE,1870.09,0.0027
2026-08-03 23:41:59,ETHUSDT,BINANCE,TRADE,1870.09,0.0027
2026-08-03 23:41:59,ETHUSDT,BINANCE,TRADE,1870.09,0.0028
2026-08-03 23:41:59,ETHUSDT,BINANCE,TRADE,1870.09,0.0239
2026-08-03 23:41:59,SOLUSDT,BINANCE,TRADE,73.97,7.65
2026-08-03 23:42:00,BTCUSDT,BINANCE,TRADE,63894,0.00015
2026-08-03 23:42:00,BTCUSDT,BINANCE,TRADE,63894,0.00034
2026-08-03 23:42:00,SOLUSDT,BINANCE,TRADE,73.96,0.5
2026-08-03 23:42:00,SOLUSDT,BINANCE,TRADE,73.97,12.574
2026-08-03 23:42:00,SOLUSDT,BINANCE,TRADE,73.97,55.076
2026-08-03 23:42:01,SOLUSDT,BINANCE,TRADE,73.97,5.755
2026-08-03 23:42:01,SOLUSDT,BINANCE,TRADE,73.97,7.777
2026-08-03 23:42:01,SOLUSDT,BINANCE,TRADE,73.96,0.146
2026-08-03 23:42:01,ETHUSDT,BINANCE,TRADE,1870.1,0.003
2026-08-03 23:42:01,SOLUSDT,BINANCE,TRADE,73.97,7.658
2026-08-03 23:42:01,ETHUSDT,BINANCE,TRADE,1870.09,0.0042
2026-08-03 23:42:02,BTCUSDT,BINANCE,TRADE,63894,0.0001
2026-08-03 23:42:02,BTCUSDT,BINANCE,TRADE,63894,0.00088
2026-08-03 23:42:02,BTCUSDT,BINANCE,TRADE,63894,0.00036
2026-08-03 23:42:03,SOLUSDT,BINANCE,TRADE,73.97,7.66
2026-08-03 23:42:03,SOLUSDT,BINANCE,TRADE,73.97,7.66
2026-08-03 23:42:04,ETHUSDT,BINANCE,TRADE,1870.1,0.0027
2026-08-03 23:42:04,ETHUSDT,BINANCE,TRADE,1870.1,0.0028
2026-08-03 23:42:04,ETHUSDT,BINANCE,TRADE,1870.1,0.0027
2026-08-03 23:42:04,ETHUSDT,BINANCE,TRADE,1870.1,0.0027
2026-08-03 23:42:04,ETHUSDT,BINANCE,TRADE,1870.1,0.0054
2026-08-03 23:42:04,ETHUSDT,BINANCE,TRADE,1870.1,0.0027
2026-08-03 23:42:04,ETHUSDT,BINANCE,TRADE,1870.1,0.0027
2026-08-03 23:42:04,ETHUSDT,BINANCE,TRADE,1870.1,0.0027
2026-08-03 23:42:04,ETHUSDT,BINANCE,TRADE,1870.1,0.0027
2026-08-03 23:42:04,ETHUSDT,BINANCE,TRADE,1870.1,0.016
2026-08-03 23:42:04,ETHUSDT,BINANCE,TRADE,1870.1,0.0027
2026-08-03 23:42:04,ETHUSDT,BINANCE,TRADE,1870.1,0.4276
2026-08-03 23:42:04,ETHUSDT,BINANCE,TRADE,1870.1,0.0891
2026-08-03 23:42:04,ETHUSDT,BINANCE,TRADE,1870.1,0.0028
2026-08-03 23:42:04,ETHUSDT,BINANCE,TRADE,1870.1,0.0028
2026-08-03 23:42:04,ETHUSDT,BINANCE,TRADE,1870.1,0.0032
2026-08-03 23:42:04,ETHUSDT,BINANCE,TRADE,1870.1,0.0057
2026-08-03 23:42:04,ETHUSDT,BINANCE,TRADE,1870.1,0.0028
2026-08-03 23:42:04,ETHUSDT,BINANCE,TRADE,1870.1,0.0028
2026-08-03 23:42:04,ETHUSDT,BINANCE,TRADE,1870.1,0.0028
2026-08-03 23:42:04,ETHUSDT,BINANCE,TRADE,1870.1,0.0032
2026-08-03 23:42:04,ETHUSDT,BINANCE,TRADE,1870.1,0.0028
2026-08-03 23:42:04,ETHUSDT,BINANCE,TRADE,1870.1,0.0027
2026-08-03 23:42:04,ETHUSDT,BINANCE,TRADE,1870.1,0.0027
2026-08-03 23:42:04,ETHUSDT,BINANCE,TRADE,1870.1,0.0027
2026-08-03 23:42:04,ETHUSDT,BINANCE,TRADE,1870.1,0.0027
2026-08-03 23:42:04,ETHUSDT,BINANCE,TRADE,1870.1,0.0027
2026-08-03 23:42:04,ETHUSDT,BINANCE,TRADE,1870.1,0.0027
2026-08-03 23:42:04,ETHUSDT,BINANCE,TRADE,1870.1,0.0027
2026-08-03 23:42:04,ETHUSDT,BINANCE,TRADE,1870.1,0.0027
2026-08-03 23:42:04,ETHUSDT,BINANCE,TRADE,1870.1,0.0027
2026-08-03 23:42:04,ETHUSDT,BINANCE,TRADE,1870.1,0.0027
2026-08-03 23:42:04,ETHUSDT,BINANCE,TRADE,1870.1,0.0027
2026-08-03 23:42:04,ETHUSDT,BINANCE,TRADE,1870.1,0.0027
2026-08-03 23:42:04,ETHUSDT,BINANCE,TRADE,1870.11,0.0027
2026-08-03 23:42:04,ETHUSDT,BINANCE,TRADE,1870.11,0.0054
2026-08-03 23:42:04,ETHUSDT,BINANCE,TRADE,1870.11,0.0027
2026-08-03 23:42:04,ETHUSDT,BINANCE,TRADE,1870.11,0.0028
2026-08-03 23:42:04,ETHUSDT,BINANCE,TRADE,1870.11,0.0028
2026-08-03 23:42:04,ETHUSDT,BINANCE,TRADE,1870.11,0.0028
2026-08-03 23:42:04,ETHUSDT,BINANCE,TRADE,1870.11,0.0027
2026-08-03 23:42:04,ETHUSDT,BINANCE,TRADE,1870.12,0.0054
2026-08-03 23:42:04,ETHUSDT,BINANCE,TRADE,1870.12,0.0028
2026-08-03 23:42:04,ETHUSDT,BINANCE,TRADE,1870.16,0.0027
2026-08-03 23:42:04,ETHUSDT,BINANCE,TRADE,1870.16,0.0027
2026-08-03 23:42:04,ETHUSDT,BINANCE,TRADE,1870.18,0.0029
2026-08-03 23:42:04,ETHUSDT,BINANCE,TRADE,1870.18,0.0029
2026-08-03 23:42:04,ETHUSDT,BINANCE,TRADE,1870.18,0.0028
2026-08-03 23:42:04,ETHUSDT,BINANCE,TRADE,1870.18,0.0029
2026-08-03 23:42:04,ETHUSDT,BINANCE,TRADE,1870.19,0.0027
2026-08-03 23:42:04,ETHUSDT,BINANCE,TRADE,1870.19,0.0027
2026-08-03 23:42:04,ETHUSDT,BINANCE,TRADE,1870.19,0.5291
2026-08-03 23:42:04,BTCUSDT,BINANCE,TRADE,63894,8e-05
2026-08-03 23:42:04,BTCUSDT,BINANCE,TRADE,63894,2e-05
2026-08-03 23:42:04,ETHUSDT,BINANCE,TRADE,1870.19,0.0032
2026-08-03 23:42:04,ETHUSDT,BINANCE,TRADE,1870.19,0.0032
2026-08-03 23:42:04,ETHUSDT,BINANCE,TRADE,1870.19,0.1067
2026-08-03 23:42:04,ETHUSDT,BINANCE,TRADE,1870.19,0.0028
2026-08-03 23:42:04,ETHUSDT,BINANCE,TRADE,1870.19,0.0028
2026-08-03 23:42:04,ETHUSDT,BINANCE,TRADE,1870.19,0.0054
2026-08-03 23:42:04,ETHUSDT,BINANCE,TRADE,1870.19,0.0027
2026-08-03 23:42:04,ETHUSDT,BINANCE,TRADE,1870.19,0.0028
2026-08-03 23:42:04,ETHUSDT,BINANCE,TRADE,1870.19,0.0028
2026-08-03 23:42:04,ETHUSDT,BINANCE,TRADE,1870.19,0.0028
2026-08-03 23:42:04,ETHUSDT,BINANCE,TRADE,1870.19,0.0027
2026-08-03 23:42:04,ETHUSDT,BINANCE,TRADE,1870.19,0.0027
2026-08-03 23:42:04,ETHUSDT,BINANCE,TRADE,1870.19,0.0027
2026-08-03 23:42:04,ETHUSDT,BINANCE,TRADE,1870.19,0.0027
2026-08-03 23:42:04,ETHUSDT,BINANCE,TRADE,1870.2,0.0027
2026-08-03 23:42:04,ETHUSDT,BINANCE,TRADE,1870.2,0.0027
2026-08-03 23:42:04,ETHUSDT,BINANCE,TRADE,1870.2,0.0033
2026-08-03 23:42:04,ETHUSDT,BINANCE,TRADE,1870.2,0.0027
2026-08-03 23:42:04,ETHUSDT,BINANCE,TRADE,1870.2,0.0054
2026-08-03 23:42:04,ETHUSDT,BINANCE,TRADE,1870.2,0.0028
2026-08-03 23:42:04,ETHUSDT,BINANCE,TRADE,1870.2,0.0028
2026-08-03 23:42:04,ETHUSDT,BINANCE,TRADE,1870.2,0.0028
2026-08-03 23:42:04,ETHUSDT,BINANCE,TRADE,1870.2,0.0027
2026-08-03 23:42:04,ETHUSDT,BINANCE,TRADE,1870.2,0.0027
2026-08-03 23:42:04,ETHUSDT,BINANCE,TRADE,1870.2,0.0027
2026-08-03 23:42:04,ETHUSDT,BINANCE,TRADE,1870.2,0.0027
2026-08-03 23:42:04,ETHUSDT,BINANCE,TRADE,1870.2,0.0027
2026-08-03 23:42:04,ETHUSDT,BINANCE,TRADE,1870.21,0.0054
2026-08-03 23:42:04,BTCUSDT,BINANCE,TRADE,63894,6e-05
2026-08-03 23:42:04,BTCUSDT,BINANCE,TRADE,63894,0.00187
2026-08-03 23:42:04,BTCUSDT,BINANCE,TRADE,63894,9e-05
2026-08-03 23:42:04,BTCUSDT,BINANCE,TRADE,63894,0.0169
2026-08-03 23:42:04,BTCUSDT,BINANCE,TRADE,63894,8e-05
2026-08-03 23:42:04,BTCUSDT,BINANCE,TRADE,63894,8e-05
2026-08-03 23:42:04,BTCUSDT,BINANCE,TRADE,63894,8e-05
2026-08-03 23:42:04,BTCUSDT,BINANCE,TRADE,63894,8e-05
2026-08-03 23:42:04,BTCUSDT,BINANCE,TRADE,63894,0.00782
2026-08-03 23:42:04,BTCUSDT,BINANCE,TRADE,63894,8e-05
2026-08-03 23:42:04,BTCUSDT,BINANCE,TRADE,63894,9e-05
2026-08-03 23:42:04,BTCUSDT,BINANCE,TRADE,63894,8e-05
2026-08-03 23:42:04,BTCUSDT,BINANCE,TRADE,63894,8e-05
2026-08-03 23:42:04,BTCUSDT,BINANCE,TRADE,63894,8e-05
2026-08-03 23:42:04,BTCUSDT,BINANCE,TRADE,63894,0.00047
2026-08-03 23:42:04,BTCUSDT,BINANCE,TRADE,63894,0.00068
2026-08-03 23:42:04,BTCUSDT,BINANCE,TRADE,63894,0.00048
2026-08-03 23:42:04,BTCUSDT,BINANCE,TRADE,63894,9e-05
2026-08-03 23:42:04,BTCUSDT,BINANCE,TRADE,63894,9e-05
2026-08-03 23:42:04,BTCUSDT,BINANCE,TRADE,63894,9e-05
2026-08-03 23:42:04,BTCUSDT,BINANCE,TRADE,63894,0.007
2026-08-03 23:42:04,BTCUSDT,BINANCE,TRADE,63894,0.007
2026-08-03 23:42:04,BTCUSDT,BINANCE,TRADE,63894,9e-05
2026-08-03 23:42:04,BTCUSDT,BINANCE,TRADE,63894,9e-05
2026-08-03 23:42:04,BTCUSDT,BINANCE,TRADE,63894,9e-05
2026-08-03 23:42:04,BTCUSDT,BINANCE,TRADE,63894,9e-05
2026-08-03 23:42:04,BTCUSDT,BINANCE,TRADE,63894,9e-05
2026-08-03 23:42:04,BTCUSDT,BINANCE,TRADE,63894,9e-05
2026-08-03 23:42:04,BTCUSDT,BINANCE,TRADE,63894,8e-05
2026-08-03 23:42:04,BTCUSDT,BINANCE,TRADE,63894,0.00048
2026-08-03 23:42:04,BTCUSDT,BINANCE,TRADE,63894,0.00017
2026-08-03 23:42:04,BTCUSDT,BINANCE,TRADE,63894,0.00012
2026-08-03 23:42:04,BTCUSDT,BINANCE,TRADE,63894,9e-05
2026-08-03 23:42:04,BTCUSDT,BINANCE,TRADE,63894,9e-05
2026-08-03 23:42:04,BTCUSDT,BINANCE,TRADE,63894,9e-05
2026-08-03 23:42:04,BTCUSDT,BINANCE,TRADE,63894,9e-05
2026-08-03 23:42:04,BTCUSDT,BINANCE,TRADE,63894,9e-05
2026-08-03 23:42:04,BTCUSDT,BINANCE,TRADE,63894,9e-05
2026-08-03 23:42:04,BTCUSDT,BINANCE,TRADE,63894,9e-05
2026-08-03 23:42:04,BTCUSDT,BINANCE,TRADE,63894,8e-05
2026-08-03 23:42:04,BTCUSDT,BINANCE,TRADE,63894,8e-05
2026-08-03 23:42:04,BTCUSDT,BINANCE,TRADE,63894,8e-05
2026-08-03 23:42:04,BTCUSDT,BINANCE,TRADE,63894,8e-05
2026-08-03 23:42:04,BTCUSDT,BINANCE,TRADE,63894,8e-05
2026-08-03 23:42:04,BTCUSDT,BINANCE,TRADE,63894,8e-05
2026-08-03 23:42:04,BTCUSDT,BINANCE,TRADE,63894,8e-05
2026-08-03 23:42:04,BTCUSDT,BINANCE,TRADE,63894,8e-05
2026-08-03 23:42:04,BTCUSDT,BINANCE,TRADE,63894,8e-05
2026-08-03 23:42:04,BTCUSDT,BINANCE,TRADE,63894,8e-05
2026-08-03 23:42:04,BTCUSDT,BINANCE,TRADE,63894,8e-05
2026-08-03 23:42:04,BTCUSDT,BINANCE,TRADE,63894,8e-05
2026-08-03 23:42:04,BTCUSDT,BINANCE,TRADE,63894,8e-05
2026-08-03 23:42:04,BTCUSDT,BINANCE,TRADE,63894,9e-05
2026-08-03 23:42:04,BTCUSDT,BINANCE,TRADE,63894,9e-05
2026-08-03 23:42:04,BTCUSDT,BINANCE,TRADE,63894,9e-05
2026-08-03 23:42:04,BTCUSDT,BINANCE,TRADE,63894,9e-05
2026-08-03 23:42:04,BTCUSDT,BINANCE,TRADE,63894,9e-05
2026-08-03 23:42:04,BTCUSDT,BINANCE,TRADE,63894,4e-05
2026-08-03 23:42:04,BTCUSDT,BINANCE,TRADE,63894,5e-05
2026-08-03 23:42:04,BTCUSDT,BINANCE,TRADE,63894,9e-05
2026-08-03 23:42:04,BTCUSDT,BINANCE,TRADE,63894,9e-05
2026-08-03 23:42:04,BTCUSDT,BINANCE,TRADE,63894,9e-05
2026-08-03 23:42:04,BTCUSDT,BINANCE,TRADE,63894,8e-05
2026-08-03 23:42:04,BTCUSDT,BINANCE,TRADE,63894,8e-05
2026-08-03 23:42:04,BTCUSDT,BINANCE,TRADE,63894,0.00016
2026-08-03 23:42:04,BTCUSDT,BINANCE,TRADE,63894.2,8e-05
2026-08-03 23:42:04,BTCUSDT,BINANCE,TRADE,63894.2,8e-05
2026-08-03 23:42:04,BTCUSDT,BINANCE,TRADE,63894.2,8e-05
2026-08-03 23:42:04,BTCUSDT,BINANCE,TRADE,63894.2,8e-05
2026-08-03 23:42:04,BTCUSDT,BINANCE,TRADE,63894.2,8e-05
2026-08-03 23:42:04,BTCUSDT,BINANCE,TRADE,63894.2,8e-05
2026-08-03 23:42:04,BTCUSDT,BINANCE,TRADE,63894.6,8e-05
2026-08-03 23:42:04,BTCUSDT,BINANCE,TRADE,63895.2,9e-05
2026-08-03 23:42:04,BTCUSDT,BINANCE,TRADE,63895.2,9e-05
2026-08-03 23:42:04,BTCUSDT,BINANCE,TRADE,63895.2,8e-05
2026-08-03 23:42:04,BTCUSDT,BINANCE,TRADE,63895.2,9e-05
2026-08-03 23:42:04,BTCUSDT,BINANCE,TRADE,63895.2,9e-05
2026-08-03 23:42:04,BTCUSDT,BINANCE,TRADE,63895.2,9e-05
2026-08-03 23:42:04,BTCUSDT,BINANCE,TRADE,63895.2,9e-05
2026-08-03 23:42:04,BTCUSDT,BINANCE,TRADE,63895.2,9e-05
2026-08-03 23:42:04,BTCUSDT,BINANCE,TRADE,63895.2,8e-05
2026-08-03 23:42:04,BTCUSDT,BINANCE,TRADE,63895.2,9e-05
2026-08-03 23:42:04,BTCUSDT,BINANCE,TRADE,63895.2,9e-05
2026-08-03 23:42:04,BTCUSDT,BINANCE,TRADE,63895.2,9e-05
2026-08-03 23:42:04,BTCUSDT,BINANCE,TRADE,63895.2,0.00255
2026-08-03 23:42:04,BTCUSDT,BINANCE,TRADE,63895.2,9e-05
2026-08-03 23:42:04,BTCUSDT,BINANCE,TRADE,63895.2,8e-05
2026-08-03 23:42:04,BTCUSDT,BINANCE,TRADE,63895.2,9e-05
2026-08-03 23:42:04,BTCUSDT,BINANCE,TRADE,63895.2,8e-05
2026-08-03 23:42:04,BTCUSDT,BINANCE,TRADE,63895.2,9e-05
2026-08-03 23:42:04,BTCUSDT,BINANCE,TRADE,63895.2,0.00048
2026-08-03 23:42:04,BTCUSDT,BINANCE,TRADE,63895.2,0.00069
2026-08-03 23:42:04,BTCUSDT,BINANCE,TRADE,63895.2,0.00048
2026-08-03 23:42:04,BTCUSDT,BINANCE,TRADE,63895.2,8e-05
2026-08-03 23:42:04,BTCUSDT,BINANCE,TRADE,63895.2,8e-05
2026-08-03 23:42:04,BTCUSDT,BINANCE,TRADE,63895.2,8e-05
2026-08-03 23:42:04,BTCUSDT,BINANCE,TRADE,63895.2,8e-05
2026-08-03 23:42:04,BTCUSDT,BINANCE,TRADE,63895.2,8e-05
2026-08-03 23:42:04,BTCUSDT,BINANCE,TRADE,63895.2,9e-05
2026-08-03 23:42:04,BTCUSDT,BINANCE,TRADE,63895.2,9e-05
2026-08-03 23:42:04,BTCUSDT,BINANCE,TRADE,63895.2,9e-05
2026-08-03 23:42:04,BTCUSDT,BINANCE,TRADE,63895.2,9e-05
2026-08-03 23:42:04,BTCUSDT,BINANCE,TRADE,63895.2,9e-05
2026-08-03 23:42:04,BTCUSDT,BINANCE,TRADE,63895.2,9e-05
2026-08-03 23:42:04,BTCUSDT,BINANCE,TRADE,63895.2,9e-05
2026-08-03 23:42:04,BTCUSDT,BINANCE,TRADE,63895.7,8e-05
2026-08-03 23:42:04,ETHUSDT,BINANCE,TRADE,1870.22,0.0027
2026-08-03 23:42:04,ETHUSDT,BINANCE,TRADE,1870.22,0.0028
2026-08-03 23:42:04,ETHUSDT,BINANCE,TRADE,1870.22,0.0027
2026-08-03 23:42:04,ETHUSDT,BINANCE,TRADE,1870.22,0.2259
2026-08-03 23:42:04,ETHUSDT,BINANCE,TRADE,1870.22,0.0032
2026-08-03 23:42:04,ETHUSDT,BINANCE,TRADE,1870.22,0.0032
2026-08-03 23:42:04,ETHUSDT,BINANCE,TRADE,1870.22,0.0028
2026-08-03 23:42:04,ETHUSDT,BINANCE,TRADE,1870.22,0.0028
2026-08-03 23:42:04,ETHUSDT,BINANCE,TRADE,1870.22,0.0028
2026-08-03 23:42:04,ETHUSDT,BINANCE,TRADE,1870.22,0.0028
2026-08-03 23:42:04,ETHUSDT,BINANCE,TRADE,1870.22,0.0028
2026-08-03 23:42:04,ETHUSDT,BINANCE,TRADE,1870.22,0.0028
2026-08-03 23:42:04,ETHUSDT,BINANCE,TRADE,1870.22,0.0027
2026-08-03 23:42:04,ETHUSDT,BINANCE,TRADE,1870.22,0.0028
2026-08-03 23:42:04,ETHUSDT,BINANCE,TRADE,1870.22,0.0027
2026-08-03 23:42:04,ETHUSDT,BINANCE,TRADE,1870.22,0.0027
2026-08-03 23:42:04,ETHUSDT,BINANCE,TRADE,1870.22,0.0027
2026-08-03 23:42:04,ETHUSDT,BINANCE,TRADE,1870.22,0.0027
2026-08-03 23:42:04,ETHUSDT,BINANCE,TRADE,1870.23,0.0027
2026-08-03 23:42:04,ETHUSDT,BINANCE,TRADE,1870.23,0.0028
2026-08-03 23:42:04,ETHUSDT,BINANCE,TRADE,1870.23,0.0028
2026-08-03 23:42:04,ETHUSDT,BINANCE,TRADE,1870.23,0.0028
2026-08-03 23:42:04,ETHUSDT,BINANCE,TRADE,1870.23,0.0027
2026-08-03 23:42:04,ETHUSDT,BINANCE,TRADE,1870.23,0.0027
2026-08-03 23:42:04,ETHUSDT,BINANCE,TRADE,1870.23,0.0027
2026-08-03 23:42:04,ETHUSDT,BINANCE,TRADE,1870.23,0.0027
2026-08-03 23:42:04,ETHUSDT,BINANCE,TRADE,1870.24,0.0027
2026-08-03 23:42:04,ETHUSDT,BINANCE,TRADE,1870.24,0.0027
2026-08-03 23:42:04,ETHUSDT,BINANCE,TRADE,1870.24,0.0027
2026-08-03 23:42:04,ETHUSDT,BINANCE,TRADE,1870.24,0.0027
2026-08-03 23:42:04,ETHUSDT,BINANCE,TRADE,1870.24,0.0027
2026-08-03 23:42:04,ETHUSDT,BINANCE,TRADE,1870.25,0.0027
2026-08-03 23:42:04,ETHUSDT,BINANCE,TRADE,1870.25,0.026
2026-08-03 23:42:04,ETHUSDT,BINANCE,TRADE,1870.25,0.0027
2026-08-03 23:42:04,ETHUSDT,BINANCE,TRADE,1870.25,0.0027
2026-08-03 23:42:04,ETHUSDT,BINANCE,TRADE,1870.25,0.0027
2026-08-03 23:42:04,ETHUSDT,BINANCE,TRADE,1870.25,0.0027
2026-08-03 23:42:04,ETHUSDT,BINANCE,TRADE,1870.28,0.0027
2026-08-03 23:42:04,ETHUSDT,BINANCE,TRADE,1870.28,0.0029
2026-08-03 23:42:04,ETHUSDT,BINANCE,TRADE,1870.28,0.0029
2026-08-03 23:42:04,ETHUSDT,BINANCE,TRADE,1870.28,0.0027
2026-08-03 23:42:04,ETHUSDT,BINANCE,TRADE,1870.28,0.0029
2026-08-03 23:42:04,ETHUSDT,BINANCE,TRADE,1870.28,0.0027
2026-08-03 23:42:04,ETHUSDT,BINANCE,TRADE,1870.28,0.0027
2026-08-03 23:42:04,ETHUSDT,BINANCE,TRADE,1870.28,0.0027
2026-08-03 23:42:04,BTCUSDT,BINANCE,TRADE,63896,9e-05
2026-08-03 23:42:04,BTCUSDT,BINANCE,TRADE,63896,9e-05
2026-08-03 23:42:04,BTCUSDT,BINANCE,TRADE,63896,9e-05
2026-08-03 23:42:04,BTCUSDT,BINANCE,TRADE,63896,8e-05
2026-08-03 23:42:04,BTCUSDT,BINANCE,TRADE,63896,0.00249
2026-08-03 23:42:04,BTCUSDT,BINANCE,TRADE,63896,8e-05
2026-08-03 23:42:04,BTCUSDT,BINANCE,TRADE,63896,9e-05
2026-08-03 23:42:04,BTCUSDT,BINANCE,TRADE,63896,9e-05
2026-08-03 23:42:04,BTCUSDT,BINANCE,TRADE,63896,9e-05
2026-08-03 23:42:04,BTCUSDT,BINANCE,TRADE,63896,9e-05
2026-08-03 23:42:04,BTCUSDT,BINANCE,TRADE,63896,9e-05
2026-08-03 23:42:04,BTCUSDT,BINANCE,TRADE,63896,9e-05
2026-08-03 23:42:04,BTCUSDT,BINANCE,TRADE,63896,8e-05
2026-08-03 23:42:04,BTCUSDT,BINANCE,TRADE,63896,9e-05
2026-08-03 23:42:04,BTCUSDT,BINANCE,TRADE,63896,8e-05
2026-08-03 23:42:04,BTCUSDT,BINANCE,TRADE,63896,9e-05
2026-08-03 23:42:04,BTCUSDT,BINANCE,TRADE,63896,9e-05
2026-08-03 23:42:04,BTCUSDT,BINANCE,TRADE,63896,9e-05
2026-08-03 23:42:04,BTCUSDT,BINANCE,TRADE,63896,8e-05
2026-08-03 23:42:04,BTCUSDT,BINANCE,TRADE,63896,8e-05
2026-08-03 23:42:04,BTCUSDT,BINANCE,TRADE,63896,9e-05
2026-08-03 23:42:04,BTCUSDT,BINANCE,TRADE,63896,9e-05
2026-08-03 23:42:04,BTCUSDT,BINANCE,TRADE,63896,9e-05
2026-08-03 23:42:04,BTCUSDT,BINANCE,TRADE,63896,9e-05
2026-08-03 23:42:04,BTCUSDT,BINANCE,TRADE,63896,9e-05
2026-08-03 23:42:04,BTCUSDT,BINANCE,TRADE,63896,9e-05
2026-08-03 23:42:04,BTCUSDT,BINANCE,TRADE,63896,9e-05
2026-08-03 23:42:04,BTCUSDT,BINANCE,TRADE,63896,9e-05
2026-08-03 23:42:04,BTCUSDT,BINANCE,TRADE,63896,8e-05
2026-08-03 23:42:04,BTCUSDT,BINANCE,TRADE,63896,9e-05
2026-08-03 23:42:04,BTCUSDT,BINANCE,TRADE,63896,9e-05
2026-08-03 23:42:04,BTCUSDT,BINANCE,TRADE,63896,0.00299
2026-08-03 23:42:04,BTCUSDT,BINANCE,TRADE,63896,8e-05
2026-08-03 23:42:04,BTCUSDT,BINANCE,TRADE,63896,9e-05
2026-08-03 23:42:04,BTCUSDT,BINANCE,TRADE,63896,8e-05
2026-08-03 23:42:04,BTCUSDT,BINANCE,TRADE,63896,8e-05
2026-08-03 23:42:04,BTCUSDT,BINANCE,TRADE,63896,8e-05
2026-08-03 23:42:04,BTCUSDT,BINANCE,TRADE,63896,0.01822
2026-08-03 23:42:04,BTCUSDT,BINANCE,TRADE,63896,0.0026
2026-08-03 23:42:04,BTCUSDT,BINANCE,TRADE,63896,9e-05
2026-08-03 23:42:04,BTCUSDT,BINANCE,TRADE,63896,9e-05
2026-08-03 23:42:04,BTCUSDT,BINANCE,TRADE,63896,8e-05
2026-08-03 23:42:04,BTCUSDT,BINANCE,TRADE,63896,8e-05
2026-08-03 23:42:04,BTCUSDT,BINANCE,TRADE,63896,8e-05
2026-08-03 23:42:04,BTCUSDT,BINANCE,TRADE,63896,8e-05
2026-08-03 23:42:04,BTCUSDT,BINANCE,TRADE,63896,8e-05
2026-08-03 23:42:04,BTCUSDT,BINANCE,TRADE,63896,8e-05
2026-08-03 23:42:04,BTCUSDT,BINANCE,TRADE,63896,8e-05
2026-08-03 23:42:04,BTCUSDT,BINANCE,TRADE,63896,8e-05
2026-08-03 23:42:04,BTCUSDT,BINANCE,TRADE,63896,8e-05
2026-08-03 23:42:04,BTCUSDT,BINANCE,TRADE,63896,8e-05
2026-08-03 23:42:04,BTCUSDT,BINANCE,TRADE,63896,8e-05
2026-08-03 23:42:04,BTCUSDT,BINANCE,TRADE,63896,8e-05
2026-08-03 23:42:04,BTCUSDT,BINANCE,TRADE,63896.1,8e-05
2026-08-03 23:42:04,BTCUSDT,BINANCE,TRADE,63896.1,8e-05
2026-08-03 23:42:04,BTCUSDT,BINANCE,TRADE,63896.4,8e-05
2026-08-03 23:42:04,BTCUSDT,BINANCE,TRADE,63896.4,9e-05
2026-08-03 23:42:04,BTCUSDT,BINANCE,TRADE,63896.4,9e-05
2026-08-03 23:42:04,BTCUSDT,BINANCE,TRADE,63896.4,8e-05
2026-08-03 23:42:04,BTCUSDT,BINANCE,TRADE,63896.4,8e-05
2026-08-03 23:42:04,BTCUSDT,BINANCE,TRADE,63896.4,0.0029
2026-08-03 23:42:04,BTCUSDT,BINANCE,TRADE,63896.4,9e-05
2026-08-03 23:42:04,BTCUSDT,BINANCE,TRADE,63896.4,9e-05
2026-08-03 23:42:04,BTCUSDT,BINANCE,TRADE,63896.4,9e-05
2026-08-03 23:42:04,BTCUSDT,BINANCE,TRADE,63896.4,9e-05
2026-08-03 23:42:04,BTCUSDT,BINANCE,TRADE,63896.4,9e-05
2026-08-03 23:42:04,BTCUSDT,BINANCE,TRADE,63896.4,8e-05
2026-08-03 23:42:04,BTCUSDT,BINANCE,TRADE,63896.4,9e-05
2026-08-03 23:42:04,BTCUSDT,BINANCE,TRADE,63896.4,0.0025
2026-08-03 23:42:04,BTCUSDT,BINANCE,TRADE,63896.4,8e-05
2026-08-03 23:42:04,BTCUSDT,BINANCE,TRADE,63896.4,9e-05
2026-08-03 23:42:04,BTCUSDT,BINANCE,TRADE,63896.4,9e-05
2026-08-03 23:42:04,BTCUSDT,BINANCE,TRADE,63896.4,8e-05
2026-08-03 23:42:04,BTCUSDT,BINANCE,TRADE,63896.4,8e-05
2026-08-03 23:42:04,BTCUSDT,BINANCE,TRADE,63896.4,8e-05
2026-08-03 23:42:04,BTCUSDT,BINANCE,TRADE,63896.4,9e-05
2026-08-03 23:42:04,BTCUSDT,BINANCE,TRADE,63896.4,9e-05
2026-08-03 23:42:04,BTCUSDT,BINANCE,TRADE,63896.4,9e-05
2026-08-03 23:42:04,BTCUSDT,BINANCE,TRADE,63896.4,9e-05
2026-08-03 23:42:04,BTCUSDT,BINANCE,TRADE,63896.4,9e-05
2026-08-03 23:42:04,BTCUSDT,BINANCE,TRADE,63896.4,9e-05
2026-08-03 23:42:04,BTCUSDT,BINANCE,TRADE,63897.2,8e-05
2026-08-03 23:42:04,BTCUSDT,BINANCE,TRADE,63897.2,8e-05
2026-08-03 23:42:04,BTCUSDT,BINANCE,TRADE,63897.2,8e-05
2026-08-03 23:42:04,BTCUSDT,BINANCE,TRADE,63897.2,8e-05
2026-08-03 23:42:04,BTCUSDT,BINANCE,TRADE,63897.8,8e-05
2026-08-03 23:42:04,BTCUSDT,BINANCE,TRADE,63897.8,8e-05
2026-08-03 23:42:04,BTCUSDT,BINANCE,TRADE,63897.8,8e-05
2026-08-03 23:42:04,SOLUSDT,BINANCE,TRADE,73.97,0.073
2026-08-03 23:42:04,SOLUSDT,BINANCE,TRADE,73.97,0.068
2026-08-03 23:42:04,SOLUSDT,BINANCE,TRADE,73.97,0.073
2026-08-03 23:42:04,SOLUSDT,BINANCE,TRADE,73.97,0.073
2026-08-03 23:42:04,SOLUSDT,BINANCE,TRADE,73.97,0.073
2026-08-03 23:42:04,SOLUSDT,BINANCE,TRADE,73.97,0.073
2026-08-03 23:42:04,SOLUSDT,BINANCE,TRADE,73.97,0.278
2026-08-03 23:42:04,SOLUSDT,BINANCE,TRADE,73.97,0.073
2026-08-03 23:42:04,SOLUSDT,BINANCE,TRADE,73.97,0.073
2026-08-03 23:42:04,SOLUSDT,BINANCE,TRADE,73.97,0.073
2026-08-03 23:42:04,SOLUSDT,BINANCE,TRADE,73.97,0.071
2026-08-03 23:42:04,SOLUSDT,BINANCE,TRADE,73.97,0.136
2026-08-03 23:42:04,SOLUSDT,BINANCE,TRADE,73.97,0.219
2026-08-03 23:42:04,SOLUSDT,BINANCE,TRADE,73.97,8.089
2026-08-03 23:42:04,SOLUSDT,BINANCE,TRADE,73.97,4
2026-08-03 23:42:04,SOLUSDT,BINANCE,TRADE,73.97,0.071
2026-08-03 23:42:04,SOLUSDT,BINANCE,TRADE,73.97,1.5
2026-08-03 23:42:04,SOLUSDT,BINANCE,TRADE,73.97,0.073
2026-08-03 23:42:04,SOLUSDT,BINANCE,TRADE,73.97,0.073
2026-08-03 23:42:04,SOLUSDT,BINANCE,TRADE,73.97,0.071
2026-08-03 23:42:04,SOLUSDT,BINANCE,TRADE,73.98,22.413
2026-08-03 23:42:05,BTCUSDT,BINANCE,TRADE,63897.8,8e-05
2026-08-03 23:42:05,BTCUSDT,BINANCE,TRADE,63897.8,9e-05
2026-08-03 23:42:05,BTCUSDT,BINANCE,TRADE,63897.8,8e-05
2026-08-03 23:42:05,BTCUSDT,BINANCE,TRADE,63897.8,8e-05
2026-08-03 23:42:05,BTCUSDT,BINANCE,TRADE,63897.8,9e-05
2026-08-03 23:42:05,BTCUSDT,BINANCE,TRADE,63897.8,0.00243
2026-08-03 23:42:05,BTCUSDT,BINANCE,TRADE,63897.8,9e-05
2026-08-03 23:42:05,BTCUSDT,BINANCE,TRADE,63897.8,9e-05
2026-08-03 23:42:05,BTCUSDT,BINANCE,TRADE,63897.8,9e-05
2026-08-03 23:42:05,BTCUSDT,BINANCE,TRADE,63897.8,9e-05
2026-08-03 23:42:05,BTCUSDT,BINANCE,TRADE,63897.8,9e-05
2026-08-03 23:42:05,BTCUSDT,BINANCE,TRADE,63897.8,9e-05
2026-08-03 23:42:05,BTCUSDT,BINANCE,TRADE,63897.8,8e-05
2026-08-03 23:42:05,BTCUSDT,BINANCE,TRADE,63897.8,9e-05
2026-08-03 23:42:05,BTCUSDT,BINANCE,TRADE,63897.8,8e-05
2026-08-03 23:42:05,BTCUSDT,BINANCE,TRADE,63897.8,9e-05
2026-08-03 23:42:05,BTCUSDT,BINANCE,TRADE,63897.8,8e-05
2026-08-03 23:42:05,BTCUSDT,BINANCE,TRADE,63897.8,8e-05
2026-08-03 23:42:05,BTCUSDT,BINANCE,TRADE,63897.8,9e-05
2026-08-03 23:42:05,BTCUSDT,BINANCE,TRADE,63897.8,9e-05
2026-08-03 23:42:05,BTCUSDT,BINANCE,TRADE,63897.8,8e-05
2026-08-03 23:42:05,BTCUSDT,BINANCE,TRADE,63897.8,9e-05
2026-08-03 23:42:05,BTCUSDT,BINANCE,TRADE,63897.8,8e-05
2026-08-03 23:42:05,BTCUSDT,BINANCE,TRADE,63897.8,8e-05
2026-08-03 23:42:05,BTCUSDT,BINANCE,TRADE,63897.8,8e-05
2026-08-03 23:42:05,BTCUSDT,BINANCE,TRADE,63897.8,8e-05
2026-08-03 23:42:05,BTCUSDT,BINANCE,TRADE,63897.8,8e-05
2026-08-03 23:42:05,BTCUSDT,BINANCE,TRADE,63897.8,8e-05
2026-08-03 23:42:05,BTCUSDT,BINANCE,TRADE,63897.8,8e-05
2026-08-03 23:42:05,BTCUSDT,BINANCE,TRADE,63897.8,8e-05
2026-08-03 23:42:05,BTCUSDT,BINANCE,TRADE,63897.8,8e-05
2026-08-03 23:42:05,BTCUSDT,BINANCE,TRADE,63897.8,8e-05
2026-08-03 23:42:05,BTCUSDT,BINANCE,TRADE,63897.8,9e-05
2026-08-03 23:42:05,BTCUSDT,BINANCE,TRADE,63897.8,9e-05
2026-08-03 23:42:05,BTCUSDT,BINANCE,TRADE,63897.8,9e-05
2026-08-03 23:42:05,BTCUSDT,BINANCE,TRADE,63897.8,9e-05
2026-08-03 23:42:05,BTCUSDT,BINANCE,TRADE,63897.8,9e-05
2026-08-03 23:42:05,BTCUSDT,BINANCE,TRADE,63898,9e-05
2026-08-03 23:42:05,BTCUSDT,BINANCE,TRADE,63898,9e-05
2026-08-03 23:42:05,BTCUSDT,BINANCE,TRADE,63898,9e-05
2026-08-03 23:42:05,BTCUSDT,BINANCE,TRADE,63898,0.002
2026-08-03 23:42:05,BTCUSDT,BINANCE,TRADE,63898,0.005
2026-08-03 23:42:05,BTCUSDT,BINANCE,TRADE,63898,0.006
2026-08-03 23:42:05,BTCUSDT,BINANCE,TRADE,63898,0.008
2026-08-03 23:42:05,BTCUSDT,BINANCE,TRADE,63898,9e-05
2026-08-03 23:42:05,BTCUSDT,BINANCE,TRADE,63898,9e-05
2026-08-03 23:42:05,BTCUSDT,BINANCE,TRADE,63898,8e-05
2026-08-03 23:42:05,BTCUSDT,BINANCE,TRADE,63898,8e-05
2026-08-03 23:42:05,BTCUSDT,BINANCE,TRADE,63898,8e-05
2026-08-03 23:42:05,BTCUSDT,BINANCE,TRADE,63898,8e-05
2026-08-03 23:42:05,BTCUSDT,BINANCE,TRADE,63898,8e-05
2026-08-03 23:42:05,BTCUSDT,BINANCE,TRADE,63898,8e-05
2026-08-03 23:42:05,BTCUSDT,BINANCE,TRADE,63898,8e-05
2026-08-03 23:42:05,BTCUSDT,BINANCE,TRADE,63898,8e-05
2026-08-03 23:42:05,BTCUSDT,BINANCE,TRADE,63898,8e-05
2026-08-03 23:42:05,BTCUSDT,BINANCE,TRADE,63898,8e-05
2026-08-03 23:42:05,BTCUSDT,BINANCE,TRADE,63898.8,8e-05
2026-08-03 23:42:05,BTCUSDT,BINANCE,TRADE,63900,8e-05
2026-08-03 23:42:05,BTCUSDT,BINANCE,TRADE,63900,8e-05
2026-08-03 23:42:05,BTCUSDT,BINANCE,TRADE,63900,9e-05
2026-08-03 23:42:05,BTCUSDT,BINANCE,TRADE,63900,9e-05
2026-08-03 23:42:05,BTCUSDT,BINANCE,TRADE,63900,9e-05
2026-08-03 23:42:05,SOLUSDT,BINANCE,TRADE,73.97,0.137
2026-08-03 23:42:05,BTCUSDT,BINANCE,TRADE,63900,0.002
2026-08-03 23:42:05,BTCUSDT,BINANCE,TRADE,63900,0.005
2026-08-03 23:42:05,BTCUSDT,BINANCE,TRADE,63900,0.00232
2026-08-03 23:42:05,ETHUSDT,BINANCE,TRADE,1870.29,0.0027
2026-08-03 23:42:05,ETHUSDT,BINANCE,TRADE,1870.29,0.0007
2026-08-03 23:42:05,BTCUSDT,BINANCE,TRADE,63900,0.0001
2026-08-03 23:42:06,BTCUSDT,BINANCE,TRADE,63900,0.0001
2026-08-03 23:42:06,ETHUSDT,BINANCE,TRADE,1870.29,0.002
2026-08-03 23:42:06,ETHUSDT,BINANCE,TRADE,1870.29,0.0027
2026-08-03 23:42:06,ETHUSDT,BINANCE,TRADE,1870.29,0.0029
2026-08-03 23:42:06,ETHUSDT,BINANCE,TRADE,1870.29,0.0029
2026-08-03 23:42:06,ETHUSDT,BINANCE,TRADE,1870.29,0.0032
2026-08-03 23:42:06,ETHUSDT,BINANCE,TRADE,1870.29,0.0387
2026-08-03 23:42:06,BTCUSDT,BINANCE,TRADE,63900,0.00017
2026-08-03 23:42:07,BTCUSDT,BINANCE,TRADE,63900,0.00331
2026-08-03 23:42:07,BTCUSDT,BINANCE,TRADE,63900,0.008
2026-08-03 23:42:07,BTCUSDT,BINANCE,TRADE,63900,9e-05
2026-08-03 23:42:07,BTCUSDT,BINANCE,TRADE,63900,9e-05
2026-08-03 23:42:07,BTCUSDT,BINANCE,TRADE,63900,9e-05
2026-08-03 23:42:07,BTCUSDT,BINANCE,TRADE,63900,9e-05
2026-08-03 23:42:07,BTCUSDT,BINANCE,TRADE,63900,0.0092
2026-08-03 23:42:07,SOLUSDT,BINANCE,TRADE,73.97,1.353
2026-08-03 23:42:08,ETHUSDT,BINANCE,TRADE,1870.29,0.4277
2026-08-03 23:42:09,BTCUSDT,BINANCE,TRADE,63900,0.0099
2026-08-03 23:42:09,BTCUSDT,BINANCE,TRADE,63900,8e-05
2026-08-03 23:42:09,BTCUSDT,BINANCE,TRADE,63900,8e-05
2026-08-03 23:42:09,BTCUSDT,BINANCE,TRADE,63900,8e-05
2026-08-03 23:42:09,BTCUSDT,BINANCE,TRADE,63900,9e-05
2026-08-03 23:42:09,BTCUSDT,BINANCE,TRADE,63900,9e-05
2026-08-03 23:42:09,BTCUSDT,BINANCE,TRADE,63900,9e-05
2026-08-03 23:42:09,BTCUSDT,BINANCE,TRADE,63900,0.00016
2026-08-03 23:42:09,BTCUSDT,BINANCE,TRADE,63900,9e-05
2026-08-03 23:42:09,BTCUSDT,BINANCE,TRADE,63900,9e-05
2026-08-03 23:42:09,BTCUSDT,BINANCE,TRADE,63900,8e-05
2026-08-03 23:42:09,BTCUSDT,BINANCE,TRADE,63900,9e-05
2026-08-03 23:42:09,BTCUSDT,BINANCE,TRADE,63900,9e-05
2026-08-03 23:42:09,BTCUSDT,BINANCE,TRADE,63900,0.0026
2026-08-03 23:42:09,BTCUSDT,BINANCE,TRADE,63900,9e-05
2026-08-03 23:42:09,BTCUSDT,BINANCE,TRADE,63900,0.007
2026-08-03 23:42:09,BTCUSDT,BINANCE,TRADE,63900,0.007
2026-08-03 23:42:09,BTCUSDT,BINANCE,TRADE,63900,9e-05
2026-08-03 23:42:09,BTCUSDT,BINANCE,TRADE,63900,9e-05
2026-08-03 23:42:09,BTCUSDT,BINANCE,TRADE,63900,9e-05
2026-08-03 23:42:09,BTCUSDT,BINANCE,TRADE,63900,8e-05
2026-08-03 23:42:09,BTCUSDT,BINANCE,TRADE,63900,9e-05
2026-08-03 23:42:09,BTCUSDT,BINANCE,TRADE,63900,8e-05
2026-08-03 23:42:09,BTCUSDT,BINANCE,TRADE,63900,0.00234
2026-08-03 23:42:09,BTCUSDT,BINANCE,TRADE,63900,9e-05
2026-08-03 23:42:09,BTCUSDT,BINANCE,TRADE,63900,9e-05
2026-08-03 23:42:09,BTCUSDT,BINANCE,TRADE,63900,9e-05
2026-08-03 23:42:09,BTCUSDT,BINANCE,TRADE,63900,9e-05
2026-08-03 23:42:09,BTCUSDT,BINANCE,TRADE,63900,0.00017
2026-08-03 23:42:09,BTCUSDT,BINANCE,TRADE,63900,9e-05
2026-08-03 23:42:09,BTCUSDT,BINANCE,TRADE,63900,9e-05
2026-08-03 23:42:09,BTCUSDT,BINANCE,TRADE,63900,8e-05
2026-08-03 23:42:09,BTCUSDT,BINANCE,TRADE,63900,8e-05
2026-08-03 23:42:09,BTCUSDT,BINANCE,TRADE,63900,9e-05
2026-08-03 23:42:09,BTCUSDT,BINANCE,TRADE,63900,8e-05
2026-08-03 23:42:09,BTCUSDT,BINANCE,TRADE,63900,8e-05
2026-08-03 23:42:09,BTCUSDT,BINANCE,TRADE,63900,8e-05
2026-08-03 23:42:09,ETHUSDT,BINANCE,TRADE,1870.29,0.0087
2026-08-03 23:42:09,BTCUSDT,BINANCE,TRADE,63900,8e-05
2026-08-03 23:42:09,BTCUSDT,BINANCE,TRADE,63900,0.00016
2026-08-03 23:42:09,BTCUSDT,BINANCE,TRADE,63900,9e-05
2026-08-03 23:42:09,BTCUSDT,BINANCE,TRADE,63900,9e-05
2026-08-03 23:42:09,BTCUSDT,BINANCE,TRADE,63900,9e-05
2026-08-03 23:42:09,BTCUSDT,BINANCE,TRADE,63900,9e-05
2026-08-03 23:42:09,BTCUSDT,BINANCE,TRADE,63900,9e-05
2026-08-03 23:42:09,BTCUSDT,BINANCE,TRADE,63900,9e-05
2026-08-03 23:42:09,BTCUSDT,BINANCE,TRADE,63900,9e-05
2026-08-03 23:42:09,BTCUSDT,BINANCE,TRADE,63900,9e-05
2026-08-03 23:42:09,BTCUSDT,BINANCE,TRADE,63900,8e-05
2026-08-03 23:42:09,BTCUSDT,BINANCE,TRADE,63900,8e-05
2026-08-03 23:42:09,BTCUSDT,BINANCE,TRADE,63900,8e-05
2026-08-03 23:42:09,BTCUSDT,BINANCE,TRADE,63900,9e-05
2026-08-03 23:42:09,BTCUSDT,BINANCE,TRADE,63900,0.00343
2026-08-03 23:42:09,BTCUSDT,BINANCE,TRADE,63900,9e-05
2026-08-03 23:42:09,BTCUSDT,BINANCE,TRADE,63900,9e-05
2026-08-03 23:42:09,BTCUSDT,BINANCE,TRADE,63900,9e-05
2026-08-03 23:42:09,BTCUSDT,BINANCE,TRADE,63900,9e-05
2026-08-03 23:42:09,BTCUSDT,BINANCE,TRADE,63900,9e-05
2026-08-03 23:42:09,BTCUSDT,BINANCE,TRADE,63900,8e-05
2026-08-03 23:42:09,BTCUSDT,BINANCE,TRADE,63900,8e-05
2026-08-03 23:42:09,BTCUSDT,BINANCE,TRADE,63900,8e-05
2026-08-03 23:42:09,BTCUSDT,BINANCE,TRADE,63900,0.00016
2026-08-03 23:42:09,BTCUSDT,BINANCE,TRADE,63900,9e-05
2026-08-03 23:42:09,BTCUSDT,BINANCE,TRADE,63900.3,0.0001
2026-08-03 23:42:09,BTCUSDT,BINANCE,TRADE,63900.3,0.0102
2026-08-03 23:42:09,BTCUSDT,BINANCE,TRADE,63900.3,0.03404
2026-08-03 23:42:09,BTCUSDT,BINANCE,TRADE,63900.3,0.0033
2026-08-03 23:42:09,BTCUSDT,BINANCE,TRADE,63900.3,9e-05
2026-08-03 23:42:09,BTCUSDT,BINANCE,TRADE,63900.3,9e-05
2026-08-03 23:42:09,BTCUSDT,BINANCE,TRADE,63900.3,9e-05
2026-08-03 23:42:09,BTCUSDT,BINANCE,TRADE,63900.3,8e-05
2026-08-03 23:42:09,BTCUSDT,BINANCE,TRADE,63900.3,8e-05
2026-08-03 23:42:09,BTCUSDT,BINANCE,TRADE,63900.3,8e-05
2026-08-03 23:42:09,BTCUSDT,BINANCE,TRADE,63900.3,9e-05
2026-08-03 23:42:09,BTCUSDT,BINANCE,TRADE,63900.3,9e-05
2026-08-03 23:42:09,BTCUSDT,BINANCE,TRADE,63900.3,9e-05
2026-08-03 23:42:09,BTCUSDT,BINANCE,TRADE,63900.3,9e-05
2026-08-03 23:42:09,BTCUSDT,BINANCE,TRADE,63900.3,9e-05
2026-08-03 23:42:09,BTCUSDT,BINANCE,TRADE,63900.3,9e-05
2026-08-03 23:42:09,BTCUSDT,BINANCE,TRADE,63900.3,9e-05
2026-08-03 23:42:09,BTCUSDT,BINANCE,TRADE,63900.3,9e-05
2026-08-03 23:42:09,BTCUSDT,BINANCE,TRADE,63900.3,9e-05
2026-08-03 23:42:09,BTCUSDT,BINANCE,TRADE,63900.3,9e-05
2026-08-03 23:42:09,BTCUSDT,BINANCE,TRADE,63900.3,8e-05
2026-08-03 23:42:09,BTCUSDT,BINANCE,TRADE,63900.3,0.00236
2026-08-03 23:42:09,BTCUSDT,BINANCE,TRADE,63900.3,9e-05
2026-08-03 23:42:09,BTCUSDT,BINANCE,TRADE,63900.3,9e-05
2026-08-03 23:42:09,BTCUSDT,BINANCE,TRADE,63900.3,8e-05
2026-08-03 23:42:09,BTCUSDT,BINANCE,TRADE,63900.3,9e-05
2026-08-03 23:42:09,BTCUSDT,BINANCE,TRADE,63900.3,9e-05
2026-08-03 23:42:09,BTCUSDT,BINANCE,TRADE,63900.3,8e-05
2026-08-03 23:42:09,BTCUSDT,BINANCE,TRADE,63900.3,8e-05
2026-08-03 23:42:09,BTCUSDT,BINANCE,TRADE,63900.3,8e-05
2026-08-03 23:42:09,BTCUSDT,BINANCE,TRADE,63900.3,8e-05
2026-08-03 23:42:09,BTCUSDT,BINANCE,TRADE,63900.3,8e-05
2026-08-03 23:42:09,BTCUSDT,BINANCE,TRADE,63900.3,8e-05
2026-08-03 23:42:09,BTCUSDT,BINANCE,TRADE,63900.3,9e-05
2026-08-03 23:42:09,BTCUSDT,BINANCE,TRADE,63900.3,9e-05
2026-08-03 23:42:09,BTCUSDT,BINANCE,TRADE,63900.3,9e-05
2026-08-03 23:42:09,BTCUSDT,BINANCE,TRADE,63900.3,9e-05
2026-08-03 23:42:09,BTCUSDT,BINANCE,TRADE,63900.3,9e-05
2026-08-03 23:42:09,BTCUSDT,BINANCE,TRADE,63900.3,9e-05
2026-08-03 23:42:09,BTCUSDT,BINANCE,TRADE,63900.3,9e-05
2026-08-03 23:42:09,BTCUSDT,BINANCE,TRADE,63900.3,9e-05
2026-08-03 23:42:09,BTCUSDT,BINANCE,TRADE,63900.3,9e-05
2026-08-03 23:42:09,BTCUSDT,BINANCE,TRADE,63900.9,8e-05
2026-08-03 23:42:09,BTCUSDT,BINANCE,TRADE,63901.3,8e-05
2026-08-03 23:42:09,BTCUSDT,BINANCE,TRADE,63901.3,8e-05
2026-08-03 23:42:09,BTCUSDT,BINANCE,TRADE,63901.4,8e-05
2026-08-03 23:42:09,BTCUSDT,BINANCE,TRADE,63901.4,8e-05
2026-08-03 23:42:09,BTCUSDT,BINANCE,TRADE,63901.4,8e-05
2026-08-03 23:42:09,BTCUSDT,BINANCE,TRADE,63901.4,8e-05
2026-08-03 23:42:09,BTCUSDT,BINANCE,TRADE,63901.9,8e-05
2026-08-03 23:42:09,BTCUSDT,BINANCE,TRADE,63902,8e-05
2026-08-03 23:42:09,BTCUSDT,BINANCE,TRADE,63902,9e-05
2026-08-03 23:42:09,BTCUSDT,BINANCE,TRADE,63902,9e-05
2026-08-03 23:42:09,BTCUSDT,BINANCE,TRADE,63902,8e-05
2026-08-03 23:42:09,BTCUSDT,BINANCE,TRADE,63902,9e-05
2026-08-03 23:42:09,BTCUSDT,BINANCE,TRADE,63902,0.006
2026-08-03 23:42:09,BTCUSDT,BINANCE,TRADE,63902,0.008
2026-08-03 23:42:09,BTCUSDT,BINANCE,TRADE,63902,0.002
2026-08-03 23:42:09,BTCUSDT,BINANCE,TRADE,63902,0.005
2026-08-03 23:42:09,BTCUSDT,BINANCE,TRADE,63902,9e-05
2026-08-03 23:42:09,BTCUSDT,BINANCE,TRADE,63902,9e-05
2026-08-03 23:42:09,BTCUSDT,BINANCE,TRADE,63902.4,8e-05
2026-08-03 23:42:09,BTCUSDT,BINANCE,TRADE,63902.4,8e-05
2026-08-03 23:42:09,BTCUSDT,BINANCE,TRADE,63902.4,8e-05
2026-08-03 23:42:09,BTCUSDT,BINANCE,TRADE,63902.4,8e-05
2026-08-03 23:42:09,BTCUSDT,BINANCE,TRADE,63902.4,8e-05
2026-08-03 23:42:09,BTCUSDT,BINANCE,TRADE,63902.4,8e-05
2026-08-03 23:42:09,BTCUSDT,BINANCE,TRADE,63902.4,8e-05
2026-08-03 23:42:09,BTCUSDT,BINANCE,TRADE,63902.4,8e-05
2026-08-03 23:42:09,BTCUSDT,BINANCE,TRADE,63902.4,8e-05
2026-08-03 23:42:09,BTCUSDT,BINANCE,TRADE,63902.4,8e-05
2026-08-03 23:42:09,BTCUSDT,BINANCE,TRADE,63902.6,0.00116
2026-08-03 23:42:09,BTCUSDT,BINANCE,TRADE,63902.6,0.00088
2026-08-03 23:42:09,BTCUSDT,BINANCE,TRADE,63902.6,0.00025
2026-08-03 23:42:10,BTCUSDT,BINANCE,TRADE,63902.6,0.00011
2026-08-03 23:42:10,SOLUSDT,BINANCE,TRADE,73.98,0.185
2026-08-03 23:42:10,SOLUSDT,BINANCE,TRADE,73.97,0.135
2026-08-03 23:42:10,BTCUSDT,BINANCE,TRADE,63902.6,0.00107
2026-08-03 23:42:10,BTCUSDT,BINANCE,TRADE,63902.6,0.0012
2026-08-03 23:42:10,BTCUSDT,BINANCE,TRADE,63902.6,0.00153
2026-08-03 23:42:11,ETHUSDT,BINANCE,TRADE,1870.28,0.0164
2026-08-03 23:42:11,BTCUSDT,BINANCE,TRADE,63902.6,0.04864
2026-08-03 23:42:12,ETHUSDT,BINANCE,TRADE,1870.28,0.02
2026-08-03 23:42:12,ETHUSDT,BINANCE,TRADE,1870.29,0.0035
2026-08-03 23:42:12,ETHUSDT,BINANCE,TRADE,1870.28,0.0139
2026-08-03 23:42:12,BTCUSDT,BINANCE,TRADE,63902.6,0.00024
2026-08-03 23:42:14,SOLUSDT,BINANCE,TRADE,73.97,1
2026-08-03 23:42:14,ETHUSDT,BINANCE,TRADE,1870.29,0.0053
2026-08-03 23:42:15,ETHUSDT,BINANCE,TRADE,1870.29,0.064
2026-08-03 23:42:15,ETHUSDT,BINANCE,TRADE,1870.29,0.0027
2026-08-03 23:42:15,ETHUSDT,BINANCE,TRADE,1870.29,1.6198
2026-08-03 23:42:15,ETHUSDT,BINANCE,TRADE,1870.29,0.0028
2026-08-03 23:42:15,ETHUSDT,BINANCE,TRADE,1870.29,0.0028
2026-08-03 23:42:15,ETHUSDT,BINANCE,TRADE,1870.29,0.0027
2026-08-03 23:42:15,ETHUSDT,BINANCE,TRADE,1870.29,0.0028
2026-08-03 23:42:15,ETHUSDT,BINANCE,TRADE,1870.29,0.0027
2026-08-03 23:42:15,ETHUSDT,BINANCE,TRADE,1870.29,0.4049
2026-08-03 23:42:16,SOLUSDT,BINANCE,TRADE,73.97,0.27
2026-08-03 23:42:16,BTCUSDT,BINANCE,TRADE,63902.6,0.00015
2026-08-03 23:42:16,ETHUSDT,BINANCE,TRADE,1870.28,0.0803
2026-08-03 23:42:17,ETHUSDT,BINANCE,TRADE,1870.28,0.5
2026-08-03 23:42:17,BTCUSDT,BINANCE,TRADE,63902.6,0.00469
2026-08-03 23:42:18,BTCUSDT,BINANCE,TRADE,63902.6,0.00018
2026-08-03 23:42:19,SOLUSDT,BINANCE,TRADE,73.97,0.068
2026-08-03 23:42:19,SOLUSDT,BINANCE,TRADE,73.97,0.278
2026-08-03 23:42:19,SOLUSDT,BINANCE,TRADE,73.97,0.136
2026-08-03 23:42:19,SOLUSDT,BINANCE,TRADE,73.97,0.07
2026-08-03 23:42:19,SOLUSDT,BINANCE,TRADE,73.97,0.071
2026-08-03 23:42:19,SOLUSDT,BINANCE,TRADE,73.97,0.245
2026-08-03 23:42:19,SOLUSDT,BINANCE,TRADE,73.97,7.348
2026-08-03 23:42:19,SOLUSDT,BINANCE,TRADE,73.97,0.101
2026-08-03 23:42:19,SOLUSDT,BINANCE,TRADE,73.97,0.071
2026-08-03 23:42:19,SOLUSDT,BINANCE,TRADE,73.97,0.071
2026-08-03 23:42:19,SOLUSDT,BINANCE,TRADE,73.96,0.5
2026-08-03 23:42:19,BTCUSDT,BINANCE,TRADE,63902.6,0.00058
2026-08-03 23:42:19,SOLUSDT,BINANCE,TRADE,73.97,13.532
2026-08-03 23:42:19,BTCUSDT,BINANCE,TRADE,63902.6,0.00016
2026-08-03 23:42:19,BTCUSDT,BINANCE,TRADE,63902.6,0.00016
2026-08-03 23:42:19,ETHUSDT,BINANCE,TRADE,1870.29,0.0054
2026-08-03 23:42:19,ETHUSDT,BINANCE,TRADE,1870.28,0.0027
2026-08-03 23:42:19,ETHUSDT,BINANCE,TRADE,1870.28,0.0003
2026-08-03 23:42:19,BTCUSDT,BINANCE,TRADE,63902.6,0.0001
2026-08-03 23:42:19,ETHUSDT,BINANCE,TRADE,1870.29,0.0068
2026-08-03 23:42:19,ETHUSDT,BINANCE,TRADE,1870.29,0.0891
2026-08-03 23:42:19,ETHUSDT,BINANCE,TRADE,1870.29,0.0027
2026-08-03 23:42:19,ETHUSDT,BINANCE,TRADE,1870.29,0.0027
2026-08-03 23:42:19,ETHUSDT,BINANCE,TRADE,1870.29,0.0027
2026-08-03 23:42:19,ETHUSDT,BINANCE,TRADE,1870.29,0.0054
2026-08-03 23:42:19,ETHUSDT,BINANCE,TRADE,1870.29,0.0027
2026-08-03 23:42:19,ETHUSDT,BINANCE,TRADE,1870.29,0.0027
2026-08-03 23:42:19,ETHUSDT,BINANCE,TRADE,1870.29,0.0029
2026-08-03 23:42:19,ETHUSDT,BINANCE,TRADE,1870.29,0.0029
2026-08-03 23:42:19,ETHUSDT,BINANCE,TRADE,1870.29,0.0595
2026-08-03 23:42:19,ETHUSDT,BINANCE,TRADE,1870.28,0.0024
2026-08-03 23:42:19,ETHUSDT,BINANCE,TRADE,1870.28,0.0028
2026-08-03 23:42:19,ETHUSDT,BINANCE,TRADE,1870.28,0.0054
2026-08-03 23:42:19,ETHUSDT,BINANCE,TRADE,1870.28,0.0027
2026-08-03 23:42:19,ETHUSDT,BINANCE,TRADE,1870.28,0.0027
2026-08-03 23:42:19,ETHUSDT,BINANCE,TRADE,1870.28,0.0027
2026-08-03 23:42:19,ETHUSDT,BINANCE,TRADE,1870.28,0.0027
2026-08-03 23:42:19,ETHUSDT,BINANCE,TRADE,1870.28,0.0028
2026-08-03 23:42:19,ETHUSDT,BINANCE,TRADE,1870.28,0.0027
2026-08-03 23:42:19,ETHUSDT,BINANCE,TRADE,1870.28,0.3091
2026-08-03 23:42:19,ETHUSDT,BINANCE,TRADE,1870.28,0.0028
2026-08-03 23:42:19,ETHUSDT,BINANCE,TRADE,1870.28,0.0028
2026-08-03 23:42:19,ETHUSDT,BINANCE,TRADE,1870.28,0.0028
2026-08-03 23:42:19,ETHUSDT,BINANCE,TRADE,1870.28,0.0032
2026-08-03 23:42:19,ETHUSDT,BINANCE,TRADE,1870.28,0.0032
2026-08-03 23:42:19,ETHUSDT,BINANCE,TRADE,1870.28,0.0027
2026-08-03 23:42:19,ETHUSDT,BINANCE,TRADE,1870.28,0.0027
2026-08-03 23:42:19,ETHUSDT,BINANCE,TRADE,1870.28,0.0027
2026-08-03 23:42:19,ETHUSDT,BINANCE,TRADE,1870.28,0.0027
2026-08-03 23:42:19,ETHUSDT,BINANCE,TRADE,1870.28,0.0027
2026-08-03 23:42:19,ETHUSDT,BINANCE,TRADE,1870.28,0.0027
2026-08-03 23:42:19,ETHUSDT,BINANCE,TRADE,1870.28,0.0027
2026-08-03 23:42:19,ETHUSDT,BINANCE,TRADE,1870.28,0.0027
2026-08-03 23:42:19,ETHUSDT,BINANCE,TRADE,1870.28,0.0027
2026-08-03 23:42:19,ETHUSDT,BINANCE,TRADE,1870.28,0.0027
2026-08-03 23:42:19,ETHUSDT,BINANCE,TRADE,1870.28,0.0027
2026-08-03 23:42:19,ETHUSDT,BINANCE,TRADE,1870.28,0.0027
2026-08-03 23:42:19,ETHUSDT,BINANCE,TRADE,1870.28,0.0027
2026-08-03 23:42:19,ETHUSDT,BINANCE,TRADE,1870.28,0.0027
2026-08-03 23:42:19,ETHUSDT,BINANCE,TRADE,1870.28,0.0027
2026-08-03 23:42:19,ETHUSDT,BINANCE,TRADE,1870.28,0.0027
2026-08-03 23:42:19,ETHUSDT,BINANCE,TRADE,1870.27,0.0054
2026-08-03 23:42:19,ETHUSDT,BINANCE,TRADE,1870.27,0.0028
2026-08-03 23:42:19,ETHUSDT,BINANCE,TRADE,1870.27,0.0028
2026-08-03 23:42:19,ETHUSDT,BINANCE,TRADE,1870.27,0.0028
2026-08-03 23:42:19,ETHUSDT,BINANCE,TRADE,1870.27,0.0028
2026-08-03 23:42:19,ETHUSDT,BINANCE,TRADE,1870.26,0.0054
2026-08-03 23:42:19,ETHUSDT,BINANCE,TRADE,1870.26,0.0028
2026-08-03 23:42:19,ETHUSDT,BINANCE,TRADE,1870.26,0.0027
2026-08-03 23:42:19,ETHUSDT,BINANCE,TRADE,1870.26,0.0028
2026-08-03 23:42:19,ETHUSDT,BINANCE,TRADE,1870.26,0.0027
2026-08-03 23:42:19,ETHUSDT,BINANCE,TRADE,1870.25,0.0028
2026-08-03 23:42:19,ETHUSDT,BINANCE,TRADE,1870.24,0.0027
2026-08-03 23:42:19,ETHUSDT,BINANCE,TRADE,1870.24,0.0028
2026-08-03 23:42:19,ETHUSDT,BINANCE,TRADE,1870.24,0.0027
2026-08-03 23:42:19,ETHUSDT,BINANCE,TRADE,1870.24,0.0027
2026-08-03 23:42:19,ETHUSDT,BINANCE,TRADE,1870.24,0.0027
2026-08-03 23:42:19,ETHUSDT,BINANCE,TRADE,1870.23,0.0028
2026-08-03 23:42:19,ETHUSDT,BINANCE,TRADE,1870.22,0.0028
2026-08-03 23:42:19,ETHUSDT,BINANCE,TRADE,1870.21,0.0027
2026-08-03 23:42:19,ETHUSDT,BINANCE,TRADE,1870.21,0.0027
2026-08-03 23:42:19,ETHUSDT,BINANCE,TRADE,1870.21,0.008
2026-08-03 23:42:19,ETHUSDT,BINANCE,TRADE,1870.21,0.0027
2026-08-03 23:42:19,ETHUSDT,BINANCE,TRADE,1870.21,0.0028
2026-08-03 23:42:19,ETHUSDT,BINANCE,TRADE,1870.21,0.0032
2026-08-03 23:42:19,ETHUSDT,BINANCE,TRADE,1870.21,0.0032
2026-08-03 23:42:19,ETHUSDT,BINANCE,TRADE,1870.21,0.0028
2026-08-03 23:42:19,ETHUSDT,BINANCE,TRADE,1870.21,0.1323
2026-08-03 23:42:19,ETHUSDT,BINANCE,TRADE,1870.21,0.0028
2026-08-03 23:42:19,ETHUSDT,BINANCE,TRADE,1870.21,0.0027
2026-08-03 23:42:19,ETHUSDT,BINANCE,TRADE,1870.21,0.0028
2026-08-03 23:42:19,ETHUSDT,BINANCE,TRADE,1870.21,0.0027
2026-08-03 23:42:19,ETHUSDT,BINANCE,TRADE,1870.21,0.0027
2026-08-03 23:42:19,ETHUSDT,BINANCE,TRADE,1870.21,0.0027
2026-08-03 23:42:19,ETHUSDT,BINANCE,TRADE,1870.21,0.0028
2026-08-03 23:42:19,ETHUSDT,BINANCE,TRADE,1870.21,0.0028
2026-08-03 23:42:19,ETHUSDT,BINANCE,TRADE,1870.21,0.0028
2026-08-03 23:42:19,ETHUSDT,BINANCE,TRADE,1870.21,0.0027
2026-08-03 23:42:19,ETHUSDT,BINANCE,TRADE,1870.21,0.0032
2026-08-03 23:42:19,ETHUSDT,BINANCE,TRADE,1870.21,0.0054
2026-08-03 23:42:19,ETHUSDT,BINANCE,TRADE,1870.21,0.0028
2026-08-03 23:42:19,ETHUSDT,BINANCE,TRADE,1870.21,0.0032
2026-08-03 23:42:19,ETHUSDT,BINANCE,TRADE,1870.21,0.0028
2026-08-03 23:42:19,ETHUSDT,BINANCE,TRADE,1870.21,0.0027
2026-08-03 23:42:19,ETHUSDT,BINANCE,TRADE,1870.21,0.0027
2026-08-03 23:42:19,ETHUSDT,BINANCE,TRADE,1870.21,0.0027
2026-08-03 23:42:19,ETHUSDT,BINANCE,TRADE,1870.21,0.0027
2026-08-03 23:42:19,ETHUSDT,BINANCE,TRADE,1870.21,0.0027
2026-08-03 23:42:19,ETHUSDT,BINANCE,TRADE,1870.21,0.0027
2026-08-03 23:42:19,ETHUSDT,BINANCE,TRADE,1870.21,0.0027
2026-08-03 23:42:19,ETHUSDT,BINANCE,TRADE,1870.21,0.0027
2026-08-03 23:42:19,ETHUSDT,BINANCE,TRADE,1870.21,0.0027
2026-08-03 23:42:19,ETHUSDT,BINANCE,TRADE,1870.2,0.0027
2026-08-03 23:42:19,ETHUSDT,BINANCE,TRADE,1870.2,0.0028
2026-08-03 23:42:19,ETHUSDT,BINANCE,TRADE,1870.2,0.0028
2026-08-03 23:42:19,ETHUSDT,BINANCE,TRADE,1870.2,0.0028
2026-08-03 23:42:19,ETHUSDT,BINANCE,TRADE,1870.2,0.0028
2026-08-03 23:42:19,ETHUSDT,BINANCE,TRADE,1870.2,0.0054
2026-08-03 23:42:19,ETHUSDT,BINANCE,TRADE,1870.19,0.0028
2026-08-03 23:42:19,ETHUSDT,BINANCE,TRADE,1870.19,0.0029
2026-08-03 23:42:19,ETHUSDT,BINANCE,TRADE,1870.19,0.0029
2026-08-03 23:42:19,ETHUSDT,BINANCE,TRADE,1870.19,0.0054
2026-08-03 23:42:19,ETHUSDT,BINANCE,TRADE,1870.19,0.0029
2026-08-03 23:42:19,ETHUSDT,BINANCE,TRADE,1870.18,0.0027
2026-08-03 23:42:19,ETHUSDT,BINANCE,TRADE,1870.18,0.3443
2026-08-03 23:42:19,ETHUSDT,BINANCE,TRADE,1870.18,0.0027
2026-08-03 23:42:19,ETHUSDT,BINANCE,TRADE,1870.18,0.0027
2026-08-03 23:42:19,ETHUSDT,BINANCE,TRADE,1870.18,0.0028
2026-08-03 23:42:19,ETHUSDT,BINANCE,TRADE,1870.18,0.0027
2026-08-03 23:42:19,ETHUSDT,BINANCE,TRADE,1870.18,0.0027
2026-08-03 23:42:19,ETHUSDT,BINANCE,TRADE,1870.18,0.0027
2026-08-03 23:42:19,ETHUSDT,BINANCE,TRADE,1870.18,0.0027
2026-08-03 23:42:19,ETHUSDT,BINANCE,TRADE,1870.18,0.0027
2026-08-03 23:42:19,ETHUSDT,BINANCE,TRADE,1870.18,0.0027
2026-08-03 23:42:19,ETHUSDT,BINANCE,TRADE,1870.18,0.0027
2026-08-03 23:42:19,ETHUSDT,BINANCE,TRADE,1870.18,0.0027
2026-08-03 23:42:19,ETHUSDT,BINANCE,TRADE,1870.18,0.0027
2026-08-03 23:42:19,ETHUSDT,BINANCE,TRADE,1870.18,0.0027
2026-08-03 23:42:19,ETHUSDT,BINANCE,TRADE,1870.18,0.0027
2026-08-03 23:42:19,ETHUSDT,BINANCE,TRADE,1870.18,0.0027
2026-08-03 23:42:19,ETHUSDT,BINANCE,TRADE,1870.17,0.011
2026-08-03 23:42:19,ETHUSDT,BINANCE,TRADE,1870.17,0.0028
2026-08-03 23:42:19,ETHUSDT,BINANCE,TRADE,1870.16,0.0027
2026-08-03 23:42:19,ETHUSDT,BINANCE,TRADE,1870.16,0.0027
2026-08-03 23:42:19,ETHUSDT,BINANCE,TRADE,1870.16,0.0028
2026-08-03 23:42:19,ETHUSDT,BINANCE,TRADE,1870.16,0.0027
2026-08-03 23:42:19,ETHUSDT,BINANCE,TRADE,1870.16,0.0027
2026-08-03 23:42:19,ETHUSDT,BINANCE,TRADE,1870.15,0.0027
2026-08-03 23:42:19,ETHUSDT,BINANCE,TRADE,1870.15,0.0028
2026-08-03 23:42:19,ETHUSDT,BINANCE,TRADE,1870.14,0.0029
2026-08-03 23:42:19,ETHUSDT,BINANCE,TRADE,1870.14,0.0029
2026-08-03 23:42:19,ETHUSDT,BINANCE,TRADE,1870.14,0.0028
2026-08-03 23:42:19,ETHUSDT,BINANCE,TRADE,1870.14,0.0029
2026-08-03 23:42:19,ETHUSDT,BINANCE,TRADE,1870.13,0.0028
2026-08-03 23:42:19,ETHUSDT,BINANCE,TRADE,1870.13,0.0207
2026-08-03 23:42:19,BTCUSDT,BINANCE,TRADE,63902.6,8e-05
2026-08-03 23:42:19,BTCUSDT,BINANCE,TRADE,63902.6,8e-05
2026-08-03 23:42:19,BTCUSDT,BINANCE,TRADE,63902.6,9e-05
2026-08-03 23:42:19,BTCUSDT,BINANCE,TRADE,63902.6,8e-05
2026-08-03 23:42:19,BTCUSDT,BINANCE,TRADE,63902.6,0.00016
2026-08-03 23:42:19,BTCUSDT,BINANCE,TRADE,63902.6,8e-05
2026-08-03 23:42:19,BTCUSDT,BINANCE,TRADE,63902.6,8e-05
2026-08-03 23:42:19,BTCUSDT,BINANCE,TRADE,63902.6,0.00404
2026-08-03 23:42:19,BTCUSDT,BINANCE,TRADE,63902.6,0.00016
2026-08-03 23:42:19,ETHUSDT,BINANCE,TRADE,1870.13,0.0027
2026-08-03 23:42:19,ETHUSDT,BINANCE,TRADE,1870.13,0.0028
2026-08-03 23:42:19,ETHUSDT,BINANCE,TRADE,1870.13,0.0028
2026-08-03 23:42:19,ETHUSDT,BINANCE,TRADE,1870.13,0.0028
2026-08-03 23:42:19,ETHUSDT,BINANCE,TRADE,1870.13,0.0028
2026-08-03 23:42:19,ETHUSDT,BINANCE,TRADE,1870.13,0.0028
2026-08-03 23:42:19,ETHUSDT,BINANCE,TRADE,1870.13,0.0028
2026-08-03 23:42:19,ETHUSDT,BINANCE,TRADE,1870.13,0.0028
2026-08-03 23:42:19,ETHUSDT,BINANCE,TRADE,1870.13,0.0027
2026-08-03 23:42:19,ETHUSDT,BINANCE,TRADE,1870.13,0.0028
2026-08-03 23:42:19,ETHUSDT,BINANCE,TRADE,1870.13,0.0027
2026-08-03 23:42:19,ETHUSDT,BINANCE,TRADE,1870.13,0.0027
2026-08-03 23:42:19,ETHUSDT,BINANCE,TRADE,1870.13,0.0028
2026-08-03 23:42:19,ETHUSDT,BINANCE,TRADE,1870.13,0.0028
2026-08-03 23:42:19,ETHUSDT,BINANCE,TRADE,1870.13,0.0028
2026-08-03 23:42:19,ETHUSDT,BINANCE,TRADE,1870.13,0.0032
2026-08-03 23:42:19,ETHUSDT,BINANCE,TRADE,1870.13,0.3384
2026-08-03 23:42:19,ETHUSDT,BINANCE,TRADE,1870.13,0.0029
2026-08-03 23:42:19,ETHUSDT,BINANCE,TRADE,1870.13,0.0029
2026-08-03 23:42:19,ETHUSDT,BINANCE,TRADE,1870.13,0.0032
2026-08-03 23:42:19,ETHUSDT,BINANCE,TRADE,1870.13,0.0027
2026-08-03 23:42:19,ETHUSDT,BINANCE,TRADE,1870.13,0.0027
2026-08-03 23:42:19,ETHUSDT,BINANCE,TRADE,1870.13,0.0029
2026-08-03 23:42:19,ETHUSDT,BINANCE,TRADE,1870.13,0.0027
2026-08-03 23:42:19,ETHUSDT,BINANCE,TRADE,1870.13,0.0027
2026-08-03 23:42:19,ETHUSDT,BINANCE,TRADE,1870.13,0.0027
2026-08-03 23:42:19,ETHUSDT,BINANCE,TRADE,1870.13,0.0027
2026-08-03 23:42:19,ETHUSDT,BINANCE,TRADE,1870.13,0.0027
2026-08-03 23:42:19,ETHUSDT,BINANCE,TRADE,1870.13,0.0027
2026-08-03 23:42:19,ETHUSDT,BINANCE,TRADE,1870.12,0.0028
2026-08-03 23:42:19,ETHUSDT,BINANCE,TRADE,1870.12,0.0028
2026-08-03 23:42:19,ETHUSDT,BINANCE,TRADE,1870.12,0.0028
2026-08-03 23:42:19,ETHUSDT,BINANCE,TRADE,1870.12,0.0028
2026-08-03 23:42:19,ETHUSDT,BINANCE,TRADE,1870.12,0.2466
2026-08-03 23:42:19,ETHUSDT,BINANCE,TRADE,1870.11,0.0027
2026-08-03 23:42:19,ETHUSDT,BINANCE,TRADE,1870.11,0.0027
2026-08-03 23:42:19,ETHUSDT,BINANCE,TRADE,1870.11,0.0161
2026-08-03 23:42:19,ETHUSDT,BINANCE,TRADE,1870.11,0.0028
2026-08-03 23:42:19,ETHUSDT,BINANCE,TRADE,1870.11,0.0027
2026-08-03 23:42:19,ETHUSDT,BINANCE,TRADE,1870.11,0.0027
2026-08-03 23:42:19,ETHUSDT,BINANCE,TRADE,1870.11,0.0027
2026-08-03 23:42:19,ETHUSDT,BINANCE,TRADE,1870.11,0.0027
2026-08-03 23:42:19,ETHUSDT,BINANCE,TRADE,1870.1,0.0028
2026-08-03 23:42:19,ETHUSDT,BINANCE,TRADE,1870.1,0.0027
2026-08-03 23:42:19,ETHUSDT,BINANCE,TRADE,1870.1,0.0027
2026-08-03 23:42:19,ETHUSDT,BINANCE,TRADE,1870.09,0.0027
2026-08-03 23:42:19,ETHUSDT,BINANCE,TRADE,1870.09,0.0029
2026-08-03 23:42:19,ETHUSDT,BINANCE,TRADE,1870.09,0.0028
2026-08-03 23:42:19,ETHUSDT,BINANCE,TRADE,1870.09,0.0029
2026-08-03 23:42:19,ETHUSDT,BINANCE,TRADE,1870.09,0.0027
2026-08-03 23:42:19,ETHUSDT,BINANCE,TRADE,1870.09,0.0029
2026-08-03 23:42:19,ETHUSDT,BINANCE,TRADE,1870.09,0.0027
2026-08-03 23:42:19,ETHUSDT,BINANCE,TRADE,1870.09,0.0027
2026-08-03 23:42:19,ETHUSDT,BINANCE,TRADE,1870.09,0.0027
2026-08-03 23:42:19,BTCUSDT,BINANCE,TRADE,63902.6,0.00378
2026-08-03 23:42:19,BTCUSDT,BINANCE,TRADE,63902.6,9e-05
2026-08-03 23:42:19,BTCUSDT,BINANCE,TRADE,63902.6,9e-05
2026-08-03 23:42:19,BTCUSDT,BINANCE,TRADE,63902.6,9e-05
2026-08-03 23:42:19,BTCUSDT,BINANCE,TRADE,63902.6,0.0001
2026-08-03 23:42:19,BTCUSDT,BINANCE,TRADE,63902.6,9e-05
2026-08-03 23:42:19,BTCUSDT,BINANCE,TRADE,63902.6,0.0001
2026-08-03 23:42:19,BTCUSDT,BINANCE,TRADE,63902.6,0.00566
2026-08-03 23:42:19,BTCUSDT,BINANCE,TRADE,63902.6,0.00134
2026-08-03 23:42:19,BTCUSDT,BINANCE,TRADE,63902.6,9e-05
2026-08-03 23:42:19,BTCUSDT,BINANCE,TRADE,63902.6,9e-05
2026-08-03 23:42:19,BTCUSDT,BINANCE,TRADE,63902.6,9e-05
2026-08-03 23:42:19,BTCUSDT,BINANCE,TRADE,63902.6,9e-05
2026-08-03 23:42:19,BTCUSDT,BINANCE,TRADE,63902.6,9e-05
2026-08-03 23:42:19,BTCUSDT,BINANCE,TRADE,63902.6,0.00899
2026-08-03 23:42:19,BTCUSDT,BINANCE,TRADE,63902.6,9e-05
2026-08-03 23:42:19,BTCUSDT,BINANCE,TRADE,63902.6,9e-05
2026-08-03 23:42:19,BTCUSDT,BINANCE,TRADE,63902.6,9e-05
2026-08-03 23:42:19,BTCUSDT,BINANCE,TRADE,63902.6,9e-05
2026-08-03 23:42:19,BTCUSDT,BINANCE,TRADE,63902.6,8e-05
2026-08-03 23:42:19,BTCUSDT,BINANCE,TRADE,63902.6,8e-05
2026-08-03 23:42:19,BTCUSDT,BINANCE,TRADE,63902.6,8e-05
2026-08-03 23:42:19,BTCUSDT,BINANCE,TRADE,63902.6,9e-05
2026-08-03 23:42:19,BTCUSDT,BINANCE,TRADE,63902.6,0.00016
2026-08-03 23:42:19,BTCUSDT,BINANCE,TRADE,63902.6,8e-05
2026-08-03 23:42:19,BTCUSDT,BINANCE,TRADE,63902.6,9e-05
2026-08-03 23:42:19,BTCUSDT,BINANCE,TRADE,63902.6,9e-05
2026-08-03 23:42:19,BTCUSDT,BINANCE,TRADE,63902.6,8e-05
2026-08-03 23:42:19,BTCUSDT,BINANCE,TRADE,63902.6,8e-05
2026-08-03 23:42:19,BTCUSDT,BINANCE,TRADE,63902.6,8e-05
2026-08-03 23:42:19,BTCUSDT,BINANCE,TRADE,63902.6,8e-05
2026-08-03 23:42:19,BTCUSDT,BINANCE,TRADE,63902.6,8e-05
2026-08-03 23:42:19,BTCUSDT,BINANCE,TRADE,63902.6,8e-05
2026-08-03 23:42:19,BTCUSDT,BINANCE,TRADE,63902.6,8e-05
2026-08-03 23:42:19,BTCUSDT,BINANCE,TRADE,63902.6,8e-05
2026-08-03 23:42:19,BTCUSDT,BINANCE,TRADE,63902.6,8e-05
2026-08-03 23:42:19,BTCUSDT,BINANCE,TRADE,63902.6,0.00016
2026-08-03 23:42:19,BTCUSDT,BINANCE,TRADE,63902.6,9e-05
2026-08-03 23:42:19,BTCUSDT,BINANCE,TRADE,63902.6,9e-05
2026-08-03 23:42:19,BTCUSDT,BINANCE,TRADE,63902.6,9e-05
2026-08-03 23:42:19,BTCUSDT,BINANCE,TRADE,63902.6,9e-05
2026-08-03 23:42:19,BTCUSDT,BINANCE,TRADE,63902.6,9e-05
2026-08-03 23:42:19,BTCUSDT,BINANCE,TRADE,63902.6,9e-05
2026-08-03 23:42:19,BTCUSDT,BINANCE,TRADE,63902.6,9e-05
2026-08-03 23:42:19,BTCUSDT,BINANCE,TRADE,63902.6,9e-05
2026-08-03 23:42:19,BTCUSDT,BINANCE,TRADE,63902.6,9e-05
2026-08-03 23:42:19,BTCUSDT,BINANCE,TRADE,63902.6,0.00016
2026-08-03 23:42:19,BTCUSDT,BINANCE,TRADE,63902,8e-05
2026-08-03 23:42:19,BTCUSDT,BINANCE,TRADE,63902,8e-05
2026-08-03 23:42:19,BTCUSDT,BINANCE,TRADE,63901.5,9e-05
2026-08-03 23:42:19,BTCUSDT,BINANCE,TRADE,63901.5,9e-05
2026-08-03 23:42:19,BTCUSDT,BINANCE,TRADE,63901.5,9e-05
2026-08-03 23:42:20,BTCUSDT,BINANCE,TRADE,63901.5,0.00157
2026-08-03 23:42:20,BTCUSDT,BINANCE,TRADE,63901.5,0.00157
2026-08-03 23:42:20,BTCUSDT,BINANCE,TRADE,63901.5,0.00011
2026-08-03 23:42:20,SOLUSDT,BINANCE,TRADE,73.96,0.136
2026-08-03 23:42:20,ETHUSDT,BINANCE,TRADE,1870.08,0.0027
2026-08-03 23:42:20,ETHUSDT,BINANCE,TRADE,1870.08,0.0028
2026-08-03 23:42:20,ETHUSDT,BINANCE,TRADE,1870.08,0.9969
2026-08-03 23:42:21,BTCUSDT,BINANCE,TRADE,63901.4,9e-05
2026-08-03 23:42:21,BTCUSDT,BINANCE,TRADE,63901.4,7e-05
2026-08-03 23:42:21,ETHUSDT,BINANCE,TRADE,1870.09,0.0268
2026-08-03 23:42:22,SOLUSDT,BINANCE,TRADE,73.96,16.469
2026-08-03 23:42:22,ETHUSDT,BINANCE,TRADE,1870.08,0.0027
2026-08-03 23:42:22,ETHUSDT,BINANCE,TRADE,1870.08,0.0028
2026-08-03 23:42:22,ETHUSDT,BINANCE,TRADE,1870.08,0.0027
2026-08-03 23:42:22,ETHUSDT,BINANCE,TRADE,1870.08,0.0027
2026-08-03 23:42:22,ETHUSDT,BINANCE,TRADE,1870.08,0.0028
2026-08-03 23:42:22,ETHUSDT,BINANCE,TRADE,1870.08,0.0027
2026-08-03 23:42:22,ETHUSDT,BINANCE,TRADE,1870.08,0.0032
2026-08-03 23:42:22,ETHUSDT,BINANCE,TRADE,1870.08,0.0027
2026-08-03 23:42:22,ETHUSDT,BINANCE,TRADE,1870.08,0.0029
2026-08-03 23:42:22,ETHUSDT,BINANCE,TRADE,1870.08,0.0029
2026-08-03 23:42:22,ETHUSDT,BINANCE,TRADE,1870.08,0.0028
2026-08-03 23:42:22,ETHUSDT,BINANCE,TRADE,1870.08,0.0028
2026-08-03 23:42:22,ETHUSDT,BINANCE,TRADE,1870.08,0.0032
2026-08-03 23:42:22,ETHUSDT,BINANCE,TRADE,1870.08,0.0027
2026-08-03 23:42:22,ETHUSDT,BINANCE,TRADE,1870.08,0.0028
2026-08-03 23:42:22,ETHUSDT,BINANCE,TRADE,1870.08,0.0054
2026-08-03 23:42:22,ETHUSDT,BINANCE,TRADE,1870.08,0.0027
2026-08-03 23:42:22,ETHUSDT,BINANCE,TRADE,1870.08,0.0028
2026-08-03 23:42:22,ETHUSDT,BINANCE,TRADE,1870.08,0.0028
2026-08-03 23:42:22,ETHUSDT,BINANCE,TRADE,1870.08,0.0029
2026-08-03 23:42:22,ETHUSDT,BINANCE,TRADE,1870.07,0.0027
2026-08-03 23:42:22,ETHUSDT,BINANCE,TRADE,1870.07,0.0028
2026-08-03 23:42:22,ETHUSDT,BINANCE,TRADE,1870.07,0.0028
2026-08-03 23:42:22,ETHUSDT,BINANCE,TRADE,1870.07,0.0027
2026-08-03 23:42:22,ETHUSDT,BINANCE,TRADE,1870.07,0.237
2026-08-03 23:42:22,ETHUSDT,BINANCE,TRADE,1870.07,0.0028
2026-08-03 23:42:22,ETHUSDT,BINANCE,TRADE,1870.07,0.0028
2026-08-03 23:42:22,ETHUSDT,BINANCE,TRADE,1870.07,0.0054
2026-08-03 23:42:22,ETHUSDT,BINANCE,TRADE,1870.07,0.0027
2026-08-03 23:42:22,ETHUSDT,BINANCE,TRADE,1870.07,0.0027
2026-08-03 23:42:22,ETHUSDT,BINANCE,TRADE,1870.07,0.0027
2026-08-03 23:42:22,ETHUSDT,BINANCE,TRADE,1870.07,0.0027
2026-08-03 23:42:22,ETHUSDT,BINANCE,TRADE,1870.07,0.0027
2026-08-03 23:42:22,ETHUSDT,BINANCE,TRADE,1870.06,0.0027
2026-08-03 23:42:22,ETHUSDT,BINANCE,TRADE,1870.06,0.0027
2026-08-03 23:42:22,ETHUSDT,BINANCE,TRADE,1870.06,0.0028
2026-08-03 23:42:22,ETHUSDT,BINANCE,TRADE,1870.06,0.0054
2026-08-03 23:42:22,ETHUSDT,BINANCE,TRADE,1870.06,0.0027
2026-08-03 23:42:22,ETHUSDT,BINANCE,TRADE,1870.05,0.0027
2026-08-03 23:42:22,ETHUSDT,BINANCE,TRADE,1870.05,0.0028
2026-08-03 23:42:22,ETHUSDT,BINANCE,TRADE,1870.05,0.0027
2026-08-03 23:42:22,ETHUSDT,BINANCE,TRADE,1870.04,0.0028
2026-08-03 23:42:22,ETHUSDT,BINANCE,TRADE,1870.04,0.0029
2026-08-03 23:42:22,ETHUSDT,BINANCE,TRADE,1870.04,0.0029
2026-08-03 23:42:22,ETHUSDT,BINANCE,TRADE,1870.04,0.0029
2026-08-03 23:42:22,BTCUSDT,BINANCE,TRADE,63901.5,0.00016
2026-08-03 23:42:22,SOLUSDT,BINANCE,TRADE,73.96,6.616
2026-08-03 23:42:22,SOLUSDT,BINANCE,TRADE,73.96,0.068
2026-08-03 23:42:22,SOLUSDT,BINANCE,TRADE,73.96,0.278
2026-08-03 23:42:22,SOLUSDT,BINANCE,TRADE,73.96,7.712
2026-08-03 23:42:22,BTCUSDT,BINANCE,TRADE,63901.4,2e-05
2026-08-03 23:42:22,BTCUSDT,BINANCE,TRADE,63901.4,8e-05
2026-08-03 23:42:22,BTCUSDT,BINANCE,TRADE,63901.4,9e-05
2026-08-03 23:42:22,BTCUSDT,BINANCE,TRADE,63901.4,9e-05
2026-08-03 23:42:22,BTCUSDT,BINANCE,TRADE,63901.4,8e-05
2026-08-03 23:42:22,BTCUSDT,BINANCE,TRADE,63901.4,9e-05
2026-08-03 23:42:22,BTCUSDT,BINANCE,TRADE,63901.4,9e-05
2026-08-03 23:42:22,BTCUSDT,BINANCE,TRADE,63901.4,9e-05
2026-08-03 23:42:22,BTCUSDT,BINANCE,TRADE,63901.4,9e-05
2026-08-03 23:42:22,BTCUSDT,BINANCE,TRADE,63901.4,9e-05
2026-08-03 23:42:22,BTCUSDT,BINANCE,TRADE,63901.4,9e-05
2026-08-03 23:42:22,BTCUSDT,BINANCE,TRADE,63901.4,9e-05
2026-08-03 23:42:22,BTCUSDT,BINANCE,TRADE,63901.4,9e-05
2026-08-03 23:42:22,BTCUSDT,BINANCE,TRADE,63901.4,9e-05
2026-08-03 23:42:22,BTCUSDT,BINANCE,TRADE,63901.4,8e-05
2026-08-03 23:42:22,BTCUSDT,BINANCE,TRADE,63901.4,9e-05
2026-08-03 23:42:22,BTCUSDT,BINANCE,TRADE,63901.4,8e-05
2026-08-03 23:42:22,BTCUSDT,BINANCE,TRADE,63901.4,8e-05
2026-08-03 23:42:22,BTCUSDT,BINANCE,TRADE,63901.4,9e-05
2026-08-03 23:42:22,BTCUSDT,BINANCE,TRADE,63901.4,0.00841
2026-08-03 23:42:22,SOLUSDT,BINANCE,TRADE,73.96,0.216
2026-08-03 23:42:23,BTCUSDT,BINANCE,TRADE,63901.5,0.00016
2026-08-03 23:42:23,BTCUSDT,BINANCE,TRADE,63901.4,9e-05
2026-08-03 23:42:23,BTCUSDT,BINANCE,TRADE,63901.4,8e-05
2026-08-03 23:42:23,BTCUSDT,BINANCE,TRADE,63901.4,8e-05
2026-08-03 23:42:23,BTCUSDT,BINANCE,TRADE,63901.4,8e-05
2026-08-03 23:42:23,BTCUSDT,BINANCE,TRADE,63901.4,9e-05
2026-08-03 23:42:23,BTCUSDT,BINANCE,TRADE,63901.4,9e-05
2026-08-03 23:42:23,BTCUSDT,BINANCE,TRADE,63901.4,0.00035
2026-08-03 23:42:24,ETHUSDT,BINANCE,TRADE,1870.03,0.0027
2026-08-03 23:42:24,ETHUSDT,BINANCE,TRADE,1870.03,0.0237
2026-08-03 23:42:24,SOLUSDT,BINANCE,TRADE,73.97,0.13
2026-08-03 23:42:24,BTCUSDT,BINANCE,TRADE,63901.5,0.00135
2026-08-03 23:42:25,SOLUSDT,BINANCE,TRADE,73.96,0.27
2026-08-03 23:42:25,SOLUSDT,BINANCE,TRADE,73.96,2.722
2026-08-03 23:42:25,BTCUSDT,BINANCE,TRADE,63901.4,0.00013
2026-08-03 23:42:25,ETHUSDT,BINANCE,TRADE,1870.03,0.0026
2026-08-03 23:42:25,ETHUSDT,BINANCE,TRADE,1870.04,0.02
2026-08-03 23:42:26,SOLUSDT,BINANCE,TRADE,73.96,5
2026-08-03 23:42:26,SOLUSDT,BINANCE,TRADE,73.97,0.103
2026-08-03 23:42:27,SOLUSDT,BINANCE,TRADE,73.96,0.733
2026-08-03 23:42:27,BTCUSDT,BINANCE,TRADE,63901.5,0.00013
2026-08-03 23:42:27,BTCUSDT,BINANCE,TRADE,63901.5,0.04455
2026-08-03 23:42:27,BTCUSDT,BINANCE,TRADE,63901.4,0.01
2026-08-03 23:42:27,BTCUSDT,BINANCE,TRADE,63901.4,0.01
2026-08-03 23:42:27,BTCUSDT,BINANCE,TRADE,63901.4,0.003
2026-08-03 23:42:27,BTCUSDT,BINANCE,TRADE,63901.4,0.026
2026-08-03 23:42:27,SOLUSDT,BINANCE,TRADE,73.97,2.678
2026-08-03 23:42:28,BTCUSDT,BINANCE,TRADE,63901.4,0.012
2026-08-03 23:42:28,ETHUSDT,BINANCE,TRADE,1870.03,0.0053
2026-08-03 23:42:28,ETHUSDT,BINANCE,TRADE,1870.04,0.0082
2026-08-03 23:42:28,SOLUSDT,BINANCE,TRADE,73.97,1.697
2026-08-03 23:42:28,BTCUSDT,BINANCE,TRADE,63901.4,0.01
2026-08-03 23:42:29,BTCUSDT,BINANCE,TRADE,63901.4,0.00029
2026-08-03 23:42:29,SOLUSDT,BINANCE,TRADE,73.97,0.435
2026-08-03 23:42:30,SOLUSDT,BINANCE,TRADE,73.96,3
2026-08-03 23:42:30,ETHUSDT,BINANCE,TRADE,1870.03,0.0028
2026-08-03 23:42:30,ETHUSDT,BINANCE,TRADE,1870.03,0.0027
2026-08-03 23:42:30,ETHUSDT,BINANCE,TRADE,1870.03,0.0027
2026-08-03 23:42:30,ETHUSDT,BINANCE,TRADE,1870.03,0.0028
2026-08-03 23:42:30,ETHUSDT,BINANCE,TRADE,1870.03,0.0028
2026-08-03 23:42:30,ETHUSDT,BINANCE,TRADE,1870.03,0.0032
2026-08-03 23:42:30,ETHUSDT,BINANCE,TRADE,1870.03,0.0032
2026-08-03 23:42:30,ETHUSDT,BINANCE,TRADE,1870.03,0.0054
2026-08-03 23:42:30,ETHUSDT,BINANCE,TRADE,1870.03,0.0027
2026-08-03 23:42:30,ETHUSDT,BINANCE,TRADE,1870.03,0.0027
2026-08-03 23:42:30,ETHUSDT,BINANCE,TRADE,1870.03,0.0028
2026-08-03 23:42:30,ETHUSDT,BINANCE,TRADE,1870.03,0.0028
2026-08-03 23:42:30,ETHUSDT,BINANCE,TRADE,1870.02,0.0027
2026-08-03 23:42:30,ETHUSDT,BINANCE,TRADE,1870.02,0.0028
2026-08-03 23:42:30,ETHUSDT,BINANCE,TRADE,1870.02,0.0028
2026-08-03 23:42:30,ETHUSDT,BINANCE,TRADE,1870.02,0.0054
2026-08-03 23:42:30,ETHUSDT,BINANCE,TRADE,1870.02,0.0028
2026-08-03 23:42:30,ETHUSDT,BINANCE,TRADE,1870.02,0.0028
2026-08-03 23:42:30,ETHUSDT,BINANCE,TRADE,1870.02,0.0032
2026-08-03 23:42:30,ETHUSDT,BINANCE,TRADE,1870.02,0.0032
2026-08-03 23:42:30,ETHUSDT,BINANCE,TRADE,1870.02,0.0027
2026-08-03 23:42:30,ETHUSDT,BINANCE,TRADE,1870.02,0.0028
2026-08-03 23:42:30,ETHUSDT,BINANCE,TRADE,1870.02,0.0028
2026-08-03 23:42:30,ETHUSDT,BINANCE,TRADE,1870.02,0.0028
2026-08-03 23:42:30,ETHUSDT,BINANCE,TRADE,1870.02,0.0028
2026-08-03 23:42:30,ETHUSDT,BINANCE,TRADE,1870.02,0.0027
2026-08-03 23:42:30,ETHUSDT,BINANCE,TRADE,1870.01,0.0027
2026-08-03 23:42:30,ETHUSDT,BINANCE,TRADE,1870.01,0.0028
2026-08-03 23:42:30,ETHUSDT,BINANCE,TRADE,1870.01,0.0029
2026-08-03 23:42:30,ETHUSDT,BINANCE,TRADE,1870.01,0.0029
2026-08-03 23:42:30,ETHUSDT,BINANCE,TRADE,1870.01,0.0028
2026-08-03 23:42:30,ETHUSDT,BINANCE,TRADE,1870.01,0.0054
2026-08-03 23:42:30,ETHUSDT,BINANCE,TRADE,1870.01,0.0028
2026-08-03 23:42:30,ETHUSDT,BINANCE,TRADE,1870.01,0.0028
2026-08-03 23:42:30,ETHUSDT,BINANCE,TRADE,1870.01,0.0028
2026-08-03 23:42:30,ETHUSDT,BINANCE,TRADE,1870.01,0.0027
2026-08-03 23:42:30,ETHUSDT,BINANCE,TRADE,1870.01,0.0029
2026-08-03 23:42:30,ETHUSDT,BINANCE,TRADE,1870,0.003
2026-08-03 23:42:30,ETHUSDT,BINANCE,TRADE,1870,0.0106
2026-08-03 23:42:30,ETHUSDT,BINANCE,TRADE,1870,0.0027
2026-08-03 23:42:30,ETHUSDT,BINANCE,TRADE,1870,0.0028
2026-08-03 23:42:30,ETHUSDT,BINANCE,TRADE,1870,0.2169
2026-08-03 23:42:30,ETHUSDT,BINANCE,TRADE,1870,0.0027
2026-08-03 23:42:30,ETHUSDT,BINANCE,TRADE,1870,0.0027
2026-08-03 23:42:30,ETHUSDT,BINANCE,TRADE,1870,0.0027
2026-08-03 23:42:30,ETHUSDT,BINANCE,TRADE,1870,0.0027
2026-08-03 23:42:30,ETHUSDT,BINANCE,TRADE,1869.99,0.0027
2026-08-03 23:42:30,ETHUSDT,BINANCE,TRADE,1869.99,0.0028
2026-08-03 23:42:30,ETHUSDT,BINANCE,TRADE,1869.99,0.0027
2026-08-03 23:42:30,ETHUSDT,BINANCE,TRADE,1869.99,0.0027
2026-08-03 23:42:30,ETHUSDT,BINANCE,TRADE,1869.99,0.0027
2026-08-03 23:42:30,ETHUSDT,BINANCE,TRADE,1869.99,0.0027
2026-08-03 23:42:30,ETHUSDT,BINANCE,TRADE,1869.98,0.0027
2026-08-03 23:42:30,ETHUSDT,BINANCE,TRADE,1869.98,0.0028
2026-08-03 23:42:30,ETHUSDT,BINANCE,TRADE,1869.98,0.0027
2026-08-03 23:42:30,ETHUSDT,BINANCE,TRADE,1869.97,0.0027
2026-08-03 23:42:30,ETHUSDT,BINANCE,TRADE,1869.97,0.0027
2026-08-03 23:42:30,ETHUSDT,BINANCE,TRADE,1869.97,0.0027
2026-08-03 23:42:30,ETHUSDT,BINANCE,TRADE,1869.97,0.0027
2026-08-03 23:42:30,ETHUSDT,BINANCE,TRADE,1869.97,0.0028
2026-08-03 23:42:30,ETHUSDT,BINANCE,TRADE,1869.97,0.0027
2026-08-03 23:42:30,ETHUSDT,BINANCE,TRADE,1869.97,0.0027
2026-08-03 23:42:30,ETHUSDT,BINANCE,TRADE,1869.97,0.0027
2026-08-03 23:42:30,ETHUSDT,BINANCE,TRADE,1869.97,0.0027
2026-08-03 23:42:30,ETHUSDT,BINANCE,TRADE,1869.97,0.0027
2026-08-03 23:42:30,ETHUSDT,BINANCE,TRADE,1869.97,0.0027
2026-08-03 23:42:30,ETHUSDT,BINANCE,TRADE,1869.95,0.0028
2026-08-03 23:42:30,ETHUSDT,BINANCE,TRADE,1869.94,0.0028
2026-08-03 23:42:30,ETHUSDT,BINANCE,TRADE,1869.93,0.0027
2026-08-03 23:42:30,ETHUSDT,BINANCE,TRADE,1869.93,0.011
2026-08-03 23:42:30,ETHUSDT,BINANCE,TRADE,1869.93,0.0027
2026-08-03 23:42:30,ETHUSDT,BINANCE,TRADE,1869.93,0.0028
2026-08-03 23:42:30,ETHUSDT,BINANCE,TRADE,1869.93,0.0029
2026-08-03 23:42:30,ETHUSDT,BINANCE,TRADE,1869.93,0.0029
2026-08-03 23:42:30,ETHUSDT,BINANCE,TRADE,1869.93,0.0027
2026-08-03 23:42:30,ETHUSDT,BINANCE,TRADE,1869.93,0.0029
2026-08-03 23:42:30,ETHUSDT,BINANCE,TRADE,1869.93,0.0027
2026-08-03 23:42:30,ETHUSDT,BINANCE,TRADE,1869.93,0.0027
2026-08-03 23:42:30,ETHUSDT,BINANCE,TRADE,1869.93,0.0027
2026-08-03 23:42:30,BTCUSDT,BINANCE,TRADE,63901.4,0.00097
2026-08-03 23:42:30,ETHUSDT,BINANCE,TRADE,1869.92,0.0027
2026-08-03 23:42:30,ETHUSDT,BINANCE,TRADE,1869.92,0.0028
2026-08-03 23:42:30,ETHUSDT,BINANCE,TRADE,1869.92,0.0028
2026-08-03 23:42:30,ETHUSDT,BINANCE,TRADE,1869.92,0.6334
2026-08-03 23:42:30,ETHUSDT,BINANCE,TRADE,1869.92,0.6417
2026-08-03 23:42:30,ETHUSDT,BINANCE,TRADE,1869.92,0.3438
2026-08-03 23:42:30,ETHUSDT,BINANCE,TRADE,1869.92,0.0027
2026-08-03 23:42:30,ETHUSDT,BINANCE,TRADE,1869.92,0.0028
2026-08-03 23:42:30,ETHUSDT,BINANCE,TRADE,1869.92,0.0028
2026-08-03 23:42:30,ETHUSDT,BINANCE,TRADE,1869.92,0.0027
2026-08-03 23:42:30,ETHUSDT,BINANCE,TRADE,1869.92,0.0028
2026-08-03 23:42:30,ETHUSDT,BINANCE,TRADE,1869.92,0.0032
2026-08-03 23:42:30,ETHUSDT,BINANCE,TRADE,1869.92,0.0032
2026-08-03 23:42:30,ETHUSDT,BINANCE,TRADE,1869.92,0.0028
2026-08-03 23:42:30,ETHUSDT,BINANCE,TRADE,1869.92,0.0028
2026-08-03 23:42:30,ETHUSDT,BINANCE,TRADE,1869.92,0.0027
2026-08-03 23:42:30,ETHUSDT,BINANCE,TRADE,1869.92,0.0027
2026-08-03 23:42:30,ETHUSDT,BINANCE,TRADE,1869.92,0.0027
2026-08-03 23:42:30,ETHUSDT,BINANCE,TRADE,1869.92,0.0027
2026-08-03 23:42:30,ETHUSDT,BINANCE,TRADE,1869.91,0.0221
2026-08-03 23:42:30,ETHUSDT,BINANCE,TRADE,1869.91,0.0027
2026-08-03 23:42:30,ETHUSDT,BINANCE,TRADE,1869.91,0.0027
2026-08-03 23:42:30,ETHUSDT,BINANCE,TRADE,1869.91,0.0027
2026-08-03 23:42:30,ETHUSDT,BINANCE,TRADE,1869.91,0.0028
2026-08-03 23:42:30,ETHUSDT,BINANCE,TRADE,1869.91,0.0028
2026-08-03 23:42:30,ETHUSDT,BINANCE,TRADE,1869.91,0.0028
2026-08-03 23:42:30,ETHUSDT,BINANCE,TRADE,1869.91,0.0028
2026-08-03 23:42:30,ETHUSDT,BINANCE,TRADE,1869.91,0.0028
2026-08-03 23:42:30,ETHUSDT,BINANCE,TRADE,1869.91,0.0027
2026-08-03 23:42:30,ETHUSDT,BINANCE,TRADE,1869.91,0.0027
2026-08-03 23:42:30,ETHUSDT,BINANCE,TRADE,1869.91,0.0027
2026-08-03 23:42:30,ETHUSDT,BINANCE,TRADE,1869.9,0.0028
2026-08-03 23:42:30,ETHUSDT,BINANCE,TRADE,1869.9,0.0029
2026-08-03 23:42:30,ETHUSDT,BINANCE,TRADE,1869.9,0.0029
2026-08-03 23:42:30,ETHUSDT,BINANCE,TRADE,1869.9,0.0029
2026-08-03 23:42:30,ETHUSDT,BINANCE,TRADE,1869.89,0.003
2026-08-03 23:42:30,ETHUSDT,BINANCE,TRADE,1869.89,0.0028
2026-08-03 23:42:30,ETHUSDT,BINANCE,TRADE,1869.89,0.1917
2026-08-03 23:42:30,ETHUSDT,BINANCE,TRADE,1869.89,0.6417
2026-08-03 23:42:30,ETHUSDT,BINANCE,TRADE,1869.89,2.8566
2026-08-03 23:42:30,ETHUSDT,BINANCE,TRADE,1869.89,0.0029
2026-08-03 23:42:30,ETHUSDT,BINANCE,TRADE,1869.89,0.0029
2026-08-03 23:42:30,ETHUSDT,BINANCE,TRADE,1869.89,0.0029
2026-08-03 23:42:30,ETHUSDT,BINANCE,TRADE,1869.88,0.0027
2026-08-03 23:42:30,ETHUSDT,BINANCE,TRADE,1869.88,0.0027
2026-08-03 23:42:30,ETHUSDT,BINANCE,TRADE,1869.88,0.0028
2026-08-03 23:42:30,ETHUSDT,BINANCE,TRADE,1869.88,0.1909
2026-08-03 23:42:30,ETHUSDT,BINANCE,TRADE,1869.88,0.0027
2026-08-03 23:42:30,ETHUSDT,BINANCE,TRADE,1869.87,0.0161
2026-08-03 23:42:30,ETHUSDT,BINANCE,TRADE,1869.87,0.0028
2026-08-03 23:42:30,ETHUSDT,BINANCE,TRADE,1869.86,0.011
2026-08-03 23:42:30,ETHUSDT,BINANCE,TRADE,1869.86,0.0027
2026-08-03 23:42:30,ETHUSDT,BINANCE,TRADE,1869.86,0.0028
2026-08-03 23:42:30,ETHUSDT,BINANCE,TRADE,1869.86,0.0027
2026-08-03 23:42:30,ETHUSDT,BINANCE,TRADE,1869.85,0.05
2026-08-03 23:42:30,ETHUSDT,BINANCE,TRADE,1869.85,0.0027
2026-08-03 23:42:30,ETHUSDT,BINANCE,TRADE,1869.85,0.0028
2026-08-03 23:42:30,ETHUSDT,BINANCE,TRADE,1869.85,0.0027
2026-08-03 23:42:30,ETHUSDT,BINANCE,TRADE,1869.84,0.008
2026-08-03 23:42:30,ETHUSDT,BINANCE,TRADE,1869.84,0.0027
2026-08-03 23:42:30,ETHUSDT,BINANCE,TRADE,1869.84,0.0027
2026-08-03 23:42:30,ETHUSDT,BINANCE,TRADE,1869.84,0.0028
2026-08-03 23:42:30,ETHUSDT,BINANCE,TRADE,1869.84,0.0027
2026-08-03 23:42:30,ETHUSDT,BINANCE,TRADE,1869.83,0.0027
2026-08-03 23:42:30,ETHUSDT,BINANCE,TRADE,1869.83,0.0028
2026-08-03 23:42:30,ETHUSDT,BINANCE,TRADE,1869.83,0.0027
2026-08-03 23:42:30,ETHUSDT,BINANCE,TRADE,1869.82,0.0041
2026-08-03 23:42:30,ETHUSDT,BINANCE,TRADE,1869.82,0.0027