timestamp,symbol,exchange,event_type,price,quantity
2026-07-30 13:49:39,BTCUSDT,BINANCE,TRADE,64014.6,0.0002
2026-07-30 13:49:39,BTCUSDT,BINANCE,TRADE,64014.6,0.00099
2026-07-30 13:49:39,BTCUSDT,BINANCE,TRADE,64014.6,0.00028
2026-07-30 13:49:39,BTCUSDT,BINANCE,TRADE,64014.6,0.0022
2026-07-30 13:49:39,BTCUSDT,BINANCE,TRADE,64014.6,0.00137
2026-07-30 13:49:39,BTCUSDT,BINANCE,TRADE,64014.6,0.00101
2026-07-30 13:49:39,BTCUSDT,BINANCE,TRADE,64014.6,0.01564
2026-07-30 13:49:39,BTCUSDT,BINANCE,TRADE,64014.6,0.0003
2026-07-30 13:49:39,BTCUSDT,BINANCE,TRADE,64014.6,0.00012
2026-07-30 13:49:39,BTCUSDT,BINANCE,TRADE,64014.6,0.002
2026-07-30 13:49:39,BTCUSDT,BINANCE,TRADE,64014.6,0.00096
2026-07-30 13:49:39,BTCUSDT,BINANCE,TRADE,64014.6,0.0003
2026-07-30 13:49:39,BTCUSDT,BINANCE,TRADE,64014.6,0.00027
2026-07-30 13:49:39,ETHUSDT,BINANCE,TRADE,1904.79,0.0163
2026-07-30 13:49:39,BTCUSDT,BINANCE,TRADE,64014.6,0.00033
2026-07-30 13:49:39,BTCUSDT,BINANCE,TRADE,64014.6,0.00044
2026-07-30 13:49:39,BTCUSDT,BINANCE,TRADE,64014.6,0.00521
2026-07-30 13:49:39,BTCUSDT,BINANCE,TRADE,64014.6,0.00031
2026-07-30 13:49:39,BTCUSDT,BINANCE,TRADE,64014.6,0.00148
2026-07-30 13:49:39,BTCUSDT,BINANCE,TRADE,64014.6,0.0013
2026-07-30 13:49:39,ETHUSDT,BINANCE,TRADE,1904.78,0.2694
2026-07-30 13:49:39,BTCUSDT,BINANCE,TRADE,64014.6,0.00096
2026-07-30 13:49:39,BTCUSDT,BINANCE,TRADE,64014.6,0.00314
2026-07-30 13:49:39,BTCUSDT,BINANCE,TRADE,64014.6,0.00027
2026-07-30 13:49:39,ETHUSDT,BINANCE,TRADE,1904.78,0.0338
2026-07-30 13:49:39,BTCUSDT,BINANCE,TRADE,64014.6,0.00021
2026-07-30 13:49:39,BTCUSDT,BINANCE,TRADE,64014.6,0.00188
2026-07-30 13:49:39,BTCUSDT,BINANCE,TRADE,64014.6,0.0013
2026-07-30 13:49:39,BTCUSDT,BINANCE,TRADE,64014.6,0.00021
2026-07-30 13:49:39,BTCUSDT,BINANCE,TRADE,64014.6,0.004
2026-07-30 13:49:39,BTCUSDT,BINANCE,TRADE,64014.6,0.00017
2026-07-30 13:49:39,ETHUSDT,BINANCE,TRADE,1904.79,0.0523
2026-07-30 13:49:39,BTCUSDT,BINANCE,TRADE,64014.6,0.00024
2026-07-30 13:49:39,BTCUSDT,BINANCE,TRADE,64014.6,0.00499
2026-07-30 13:49:39,BTCUSDT,BINANCE,TRADE,64014.6,0.00082
2026-07-30 13:49:39,BTCUSDT,BINANCE,TRADE,64014.6,0.00038
2026-07-30 13:49:39,BTCUSDT,BINANCE,TRADE,64014.6,0.06291
2026-07-30 13:49:39,BTCUSDT,BINANCE,TRADE,64014.6,0.00038
2026-07-30 13:49:39,BTCUSDT,BINANCE,TRADE,64014.6,0.00015
2026-07-30 13:49:39,BTCUSDT,BINANCE,TRADE,64014.6,0.00017
2026-07-30 13:49:39,BTCUSDT,BINANCE,TRADE,64014.6,0.0014
2026-07-30 13:49:39,SOLUSDT,BINANCE,TRADE,73.43,4.28
2026-07-30 13:49:39,ETHUSDT,BINANCE,TRADE,1904.78,0.0116
2026-07-30 13:49:39,BTCUSDT,BINANCE,TRADE,64014.6,0.00515
2026-07-30 13:49:39,BTCUSDT,BINANCE,TRADE,64014.6,0.00029
2026-07-30 13:49:39,BTCUSDT,BINANCE,TRADE,64014.6,0.00013
2026-07-30 13:49:40,BTCUSDT,BINANCE,TRADE,64014.6,0.0008
2026-07-30 13:49:40,ETHUSDT,BINANCE,TRADE,1904.79,0.0216
2026-07-30 13:49:40,ETHUSDT,BINANCE,TRADE,1904.78,0.0109
2026-07-30 13:49:40,BTCUSDT,BINANCE,TRADE,64014.6,0.0013
2026-07-30 13:49:40,BTCUSDT,BINANCE,TRADE,64014.6,0.00157
2026-07-30 13:49:40,BTCUSDT,BINANCE,TRADE,64014.6,0.00014
2026-07-30 13:49:40,BTCUSDT,BINANCE,TRADE,64014.6,0.00027
2026-07-30 13:49:40,BTCUSDT,BINANCE,TRADE,64014.6,0.0003
2026-07-30 13:49:40,BTCUSDT,BINANCE,TRADE,64014.6,8e-05
2026-07-30 13:49:40,BTCUSDT,BINANCE,TRADE,64014.6,0.01564
2026-07-30 13:49:40,BTCUSDT,BINANCE,TRADE,64014.6,0.00031
2026-07-30 13:49:40,BTCUSDT,BINANCE,TRADE,64014.6,0.03276
2026-07-30 13:49:40,BTCUSDT,BINANCE,TRADE,64014.6,0.0013
2026-07-30 13:49:40,SOLUSDT,BINANCE,TRADE,73.43,0.605
2026-07-30 13:49:40,BTCUSDT,BINANCE,TRADE,64014.6,0.00296
2026-07-30 13:49:40,BTCUSDT,BINANCE,TRADE,64014.6,0.00031
2026-07-30 13:49:40,BTCUSDT,BINANCE,TRADE,64014.6,0.00021
2026-07-30 13:49:40,BTCUSDT,BINANCE,TRADE,64014.6,0.002
2026-07-30 13:49:40,BTCUSDT,BINANCE,TRADE,64014.6,0.00314
2026-07-30 13:49:40,BTCUSDT,BINANCE,TRADE,64014.6,0.01551
2026-07-30 13:49:40,BTCUSDT,BINANCE,TRADE,64014.6,0.00046
2026-07-30 13:49:40,BTCUSDT,BINANCE,TRADE,64014.6,0.0022
2026-07-30 13:49:40,BTCUSDT,BINANCE,TRADE,64014.6,0.00032
2026-07-30 13:49:40,BTCUSDT,BINANCE,TRADE,64014.6,0.00634
2026-07-30 13:49:40,BTCUSDT,BINANCE,TRADE,64014.6,0.00186
2026-07-30 13:49:40,ETHUSDT,BINANCE,TRADE,1904.78,0.0128
2026-07-30 13:49:40,BTCUSDT,BINANCE,TRADE,64014.6,8e-05
2026-07-30 13:49:40,BTCUSDT,BINANCE,TRADE,64014.6,0.00038
2026-07-30 13:49:40,BTCUSDT,BINANCE,TRADE,64014.6,0.0003
2026-07-30 13:49:40,BTCUSDT,BINANCE,TRADE,64014.6,0.0013
2026-07-30 13:49:40,BTCUSDT,BINANCE,TRADE,64014.6,0.00057
2026-07-30 13:49:40,BTCUSDT,BINANCE,TRADE,64014.6,0.00065
2026-07-30 13:49:40,BTCUSDT,BINANCE,TRADE,64014.6,0.00029
2026-07-30 13:49:40,BTCUSDT,BINANCE,TRADE,64014.6,0.00499
2026-07-30 13:49:40,BTCUSDT,BINANCE,TRADE,64014.6,0.00198
2026-07-30 13:49:40,BTCUSDT,BINANCE,TRADE,64014.6,0.00509
2026-07-30 13:49:40,ETHUSDT,BINANCE,TRADE,1904.78,0.0143
2026-07-30 13:49:40,BTCUSDT,BINANCE,TRADE,64014.6,0.00096
2026-07-30 13:49:40,ETHUSDT,BINANCE,TRADE,1904.79,0.0338
2026-07-30 13:49:40,ETHUSDT,BINANCE,TRADE,1904.79,0.0429
2026-07-30 13:49:40,BTCUSDT,BINANCE,TRADE,64014.6,0.00096
2026-07-30 13:49:40,ETHUSDT,BINANCE,TRADE,1904.79,0.0089
2026-07-30 13:49:40,BTCUSDT,BINANCE,TRADE,64014.6,0.0013
2026-07-30 13:49:40,BTCUSDT,BINANCE,TRADE,64014.6,0.00027
2026-07-30 13:49:41,BTCUSDT,BINANCE,TRADE,64014.6,0.00017
2026-07-30 13:49:41,BTCUSDT,BINANCE,TRADE,64014.6,0.0002
2026-07-30 13:49:41,BTCUSDT,BINANCE,TRADE,64014.6,0.00652
2026-07-30 13:49:41,BTCUSDT,BINANCE,TRADE,64014.6,0.00101
2026-07-30 13:49:41,BTCUSDT,BINANCE,TRADE,64014.6,0.00023
2026-07-30 13:49:41,BTCUSDT,BINANCE,TRADE,64014.6,0.00158
2026-07-30 13:49:41,BTCUSDT,BINANCE,TRADE,64014.6,0.00042
2026-07-30 13:49:41,BTCUSDT,BINANCE,TRADE,64014.6,0.00032
2026-07-30 13:49:41,ETHUSDT,BINANCE,TRADE,1904.78,0.0216
2026-07-30 13:49:41,BTCUSDT,BINANCE,TRADE,64014.6,0.00031
2026-07-30 13:49:41,BTCUSDT,BINANCE,TRADE,64014.6,0.00101
2026-07-30 13:49:41,BTCUSDT,BINANCE,TRADE,64014.6,0.00063
2026-07-30 13:49:41,BTCUSDT,BINANCE,TRADE,64014.6,0.00077
2026-07-30 13:49:41,BTCUSDT,BINANCE,TRADE,64014.6,0.00168
2026-07-30 13:49:41,BTCUSDT,BINANCE,TRADE,64014.6,0.00095
2026-07-30 13:49:41,ETHUSDT,BINANCE,TRADE,1904.79,0.0027
2026-07-30 13:49:41,ETHUSDT,BINANCE,TRADE,1904.79,0.0027
2026-07-30 13:49:41,ETHUSDT,BINANCE,TRADE,1904.79,0.0027
2026-07-30 13:49:41,ETHUSDT,BINANCE,TRADE,1904.79,0.0027
2026-07-30 13:49:41,ETHUSDT,BINANCE,TRADE,1904.79,0.0028
2026-07-30 13:49:41,ETHUSDT,BINANCE,TRADE,1904.79,0.0027
2026-07-30 13:49:41,ETHUSDT,BINANCE,TRADE,1904.79,0.0027
2026-07-30 13:49:41,ETHUSDT,BINANCE,TRADE,1904.79,0.0028
2026-07-30 13:49:41,ETHUSDT,BINANCE,TRADE,1904.79,0.0027
2026-07-30 13:49:41,ETHUSDT,BINANCE,TRADE,1904.79,0.0027
2026-07-30 13:49:41,ETHUSDT,BINANCE,TRADE,1904.79,0.0053
2026-07-30 13:49:41,ETHUSDT,BINANCE,TRADE,1904.79,0.021
2026-07-30 13:49:41,ETHUSDT,BINANCE,TRADE,1904.79,0.021
2026-07-30 13:49:41,ETHUSDT,BINANCE,TRADE,1904.79,0.021
2026-07-30 13:49:41,ETHUSDT,BINANCE,TRADE,1904.79,0.021
2026-07-30 13:49:41,ETHUSDT,BINANCE,TRADE,1904.79,0.0027
2026-07-30 13:49:41,ETHUSDT,BINANCE,TRADE,1904.79,0.0027
2026-07-30 13:49:41,ETHUSDT,BINANCE,TRADE,1904.79,0.0027
2026-07-30 13:49:41,ETHUSDT,BINANCE,TRADE,1904.79,0.0027
2026-07-30 13:49:41,ETHUSDT,BINANCE,TRADE,1904.79,0.0027
2026-07-30 13:49:41,ETHUSDT,BINANCE,TRADE,1904.79,0.0027
2026-07-30 13:49:41,ETHUSDT,BINANCE,TRADE,1904.79,0.0027
2026-07-30 13:49:41,ETHUSDT,BINANCE,TRADE,1904.8,0.0028
2026-07-30 13:49:41,ETHUSDT,BINANCE,TRADE,1904.8,0.0027
2026-07-30 13:49:41,ETHUSDT,BINANCE,TRADE,1904.8,0.0053
2026-07-30 13:49:41,ETHUSDT,BINANCE,TRADE,1904.8,0.0027
2026-07-30 13:49:41,ETHUSDT,BINANCE,TRADE,1904.8,0.0027
2026-07-30 13:49:41,ETHUSDT,BINANCE,TRADE,1904.8,0.0027
2026-07-30 13:49:41,ETHUSDT,BINANCE,TRADE,1904.8,0.0027
2026-07-30 13:49:41,ETHUSDT,BINANCE,TRADE,1904.8,0.0027
2026-07-30 13:49:41,ETHUSDT,BINANCE,TRADE,1904.8,0.0027
2026-07-30 13:49:41,ETHUSDT,BINANCE,TRADE,1904.8,0.0027
2026-07-30 13:49:41,ETHUSDT,BINANCE,TRADE,1904.81,0.0027
2026-07-30 13:49:41,ETHUSDT,BINANCE,TRADE,1904.81,0.0028
2026-07-30 13:49:41,ETHUSDT,BINANCE,TRADE,1904.81,0.0053
2026-07-30 13:49:41,ETHUSDT,BINANCE,TRADE,1904.81,0.0027
2026-07-30 13:49:41,ETHUSDT,BINANCE,TRADE,1904.82,0.0027
2026-07-30 13:49:41,ETHUSDT,BINANCE,TRADE,1904.82,0.0027
2026-07-30 13:49:41,ETHUSDT,BINANCE,TRADE,1904.82,0.0028
2026-07-30 13:49:41,ETHUSDT,BINANCE,TRADE,1904.82,0.0027
2026-07-30 13:49:41,ETHUSDT,BINANCE,TRADE,1904.82,0.0027
2026-07-30 13:49:41,ETHUSDT,BINANCE,TRADE,1904.82,0.0027
2026-07-30 13:49:41,ETHUSDT,BINANCE,TRADE,1904.82,0.0027
2026-07-30 13:49:41,ETHUSDT,BINANCE,TRADE,1904.82,0.0027
2026-07-30 13:49:41,ETHUSDT,BINANCE,TRADE,1904.83,0.0108
2026-07-30 13:49:41,ETHUSDT,BINANCE,TRADE,1904.83,0.0028
2026-07-30 13:49:41,ETHUSDT,BINANCE,TRADE,1904.83,0.0027
2026-07-30 13:49:41,ETHUSDT,BINANCE,TRADE,1904.83,0.0027
2026-07-30 13:49:41,ETHUSDT,BINANCE,TRADE,1904.84,0.0028
2026-07-30 13:49:41,ETHUSDT,BINANCE,TRADE,1904.84,0.0027
2026-07-30 13:49:41,ETHUSDT,BINANCE,TRADE,1904.85,0.0027
2026-07-30 13:49:41,ETHUSDT,BINANCE,TRADE,1904.85,0.0027
2026-07-30 13:49:41,ETHUSDT,BINANCE,TRADE,1904.85,0.0028
2026-07-30 13:49:41,ETHUSDT,BINANCE,TRADE,1904.85,0.0028
2026-07-30 13:49:41,ETHUSDT,BINANCE,TRADE,1904.85,0.0028
2026-07-30 13:49:41,ETHUSDT,BINANCE,TRADE,1904.85,0.0027
2026-07-30 13:49:41,ETHUSDT,BINANCE,TRADE,1904.85,0.0028
2026-07-30 13:49:41,BTCUSDT,BINANCE,TRADE,64014.6,0.00198
2026-07-30 13:49:41,BTCUSDT,BINANCE,TRADE,64014.6,0.00314
2026-07-30 13:49:41,ETHUSDT,BINANCE,TRADE,1904.86,0.0109
2026-07-30 13:49:41,BTCUSDT,BINANCE,TRADE,64014.6,0.01874
2026-07-30 13:49:41,SOLUSDT,BINANCE,TRADE,73.43,8.318
2026-07-30 13:49:41,ETHUSDT,BINANCE,TRADE,1904.86,0.003
2026-07-30 13:49:41,BTCUSDT,BINANCE,TRADE,64014.6,0.00095
2026-07-30 13:49:41,BTCUSDT,BINANCE,TRADE,64014.6,0.00015
2026-07-30 13:49:41,BTCUSDT,BINANCE,TRADE,64014.6,0.00137
2026-07-30 13:49:41,BTCUSDT,BINANCE,TRADE,64014.6,0.00521
2026-07-30 13:49:41,BTCUSDT,BINANCE,TRADE,64014.6,0.01564
2026-07-30 13:49:41,BTCUSDT,BINANCE,TRADE,64014.6,8e-05
2026-07-30 13:49:41,BTCUSDT,BINANCE,TRADE,64014.6,0.00103
2026-07-30 13:49:41,BTCUSDT,BINANCE,TRADE,64014.6,0.00017
2026-07-30 13:49:41,ETHUSDT,BINANCE,TRADE,1904.85,0.0354
2026-07-30 13:49:41,ETHUSDT,BINANCE,TRADE,1904.85,0.2384
2026-07-30 13:49:41,ETHUSDT,BINANCE,TRADE,1904.85,0.0523
2026-07-30 13:49:41,BTCUSDT,BINANCE,TRADE,64014.6,0.0013
2026-07-30 13:49:41,BTCUSDT,BINANCE,TRADE,64014.6,0.00044
2026-07-30 13:49:41,BTCUSDT,BINANCE,TRADE,64014.6,0.00103
2026-07-30 13:49:41,BTCUSDT,BINANCE,TRADE,64014.6,0.00515
2026-07-30 13:49:41,BTCUSDT,BINANCE,TRADE,64014.6,0.00024
2026-07-30 13:49:41,BTCUSDT,BINANCE,TRADE,64014.6,0.00038
2026-07-30 13:49:41,ETHUSDT,BINANCE,TRADE,1904.85,0.009
2026-07-30 13:49:41,BTCUSDT,BINANCE,TRADE,64014.6,0.00027
2026-07-30 13:49:41,BTCUSDT,BINANCE,TRADE,64014.6,0.00104
2026-07-30 13:49:41,BTCUSDT,BINANCE,TRADE,64014.6,0.00021
2026-07-30 13:49:41,BTCUSDT,BINANCE,TRADE,64014.6,0.0003
2026-07-30 13:49:41,BTCUSDT,BINANCE,TRADE,64014.6,0.00104
2026-07-30 13:49:41,BTCUSDT,BINANCE,TRADE,64014.6,0.00059
2026-07-30 13:49:41,BTCUSDT,BINANCE,TRADE,64014.6,0.00014
2026-07-30 13:49:41,BTCUSDT,BINANCE,TRADE,64014.6,0.0013
2026-07-30 13:49:41,BTCUSDT,BINANCE,TRADE,64014.6,0.00102
2026-07-30 13:49:41,ETHUSDT,BINANCE,TRADE,1904.86,0.0035
2026-07-30 13:49:41,ETHUSDT,BINANCE,TRADE,1904.85,0.0049
2026-07-30 13:49:41,BTCUSDT,BINANCE,TRADE,64014.6,0.00027
2026-07-30 13:49:41,BTCUSDT,BINANCE,TRADE,64014.6,0.00021
2026-07-30 13:49:41,BTCUSDT,BINANCE,TRADE,64014.6,0.00087
2026-07-30 13:49:41,ETHUSDT,BINANCE,TRADE,1904.86,0.0472
2026-07-30 13:49:41,BTCUSDT,BINANCE,TRADE,64014.6,0.00251
2026-07-30 13:49:41,BTCUSDT,BINANCE,TRADE,64014.6,0.00032
2026-07-30 13:49:41,BTCUSDT,BINANCE,TRADE,64014.6,0.00031
2026-07-30 13:49:41,BTCUSDT,BINANCE,TRADE,64014.6,0.00209
2026-07-30 13:49:41,BTCUSDT,BINANCE,TRADE,64014.6,0.0003
2026-07-30 13:49:41,BTCUSDT,BINANCE,TRADE,64014.6,0.0022
2026-07-30 13:49:41,BTCUSDT,BINANCE,TRADE,64014.6,0.0008
2026-07-30 13:49:41,ETHUSDT,BINANCE,TRADE,1904.85,0.0523
2026-07-30 13:49:41,BTCUSDT,BINANCE,TRADE,64014.6,0.00499
2026-07-30 13:49:41,BTCUSDT,BINANCE,TRADE,64014.6,8e-05
2026-07-30 13:49:42,BTCUSDT,BINANCE,TRADE,64014.6,0.00314
2026-07-30 13:49:42,BTCUSDT,BINANCE,TRADE,64014.6,0.00652
2026-07-30 13:49:42,BTCUSDT,BINANCE,TRADE,64014.6,0.0013
2026-07-30 13:49:42,BTCUSDT,BINANCE,TRADE,64014.6,0.0012
2026-07-30 13:49:42,BTCUSDT,BINANCE,TRADE,64014.6,0.00046
2026-07-30 13:49:42,BTCUSDT,BINANCE,TRADE,64014.6,0.00082
2026-07-30 13:49:42,ETHUSDT,BINANCE,TRADE,1904.85,0.0082
2026-07-30 13:49:42,BTCUSDT,BINANCE,TRADE,64014.6,0.00025
2026-07-30 13:49:42,BTCUSDT,BINANCE,TRADE,64014.6,0.00029
2026-07-30 13:49:42,BTCUSDT,BINANCE,TRADE,64014.6,0.00822
2026-07-30 13:49:42,BTCUSDT,BINANCE,TRADE,64014.6,0.00012
2026-07-30 13:49:42,ETHUSDT,BINANCE,TRADE,1904.85,0.0338
2026-07-30 13:49:42,BTCUSDT,BINANCE,TRADE,64014.6,0.0013
2026-07-30 13:49:42,BTCUSDT,BINANCE,TRADE,64014.6,0.00038
2026-07-30 13:49:42,BTCUSDT,BINANCE,TRADE,64014.6,0.00027
2026-07-30 13:49:42,ETHUSDT,BINANCE,TRADE,1904.85,0.0109
2026-07-30 13:49:42,BTCUSDT,BINANCE,TRADE,64014.6,0.0003
2026-07-30 13:49:42,BTCUSDT,BINANCE,TRADE,64014.6,0.01564
2026-07-30 13:49:42,BTCUSDT,BINANCE,TRADE,64014.6,0.00139
2026-07-30 13:49:42,BTCUSDT,BINANCE,TRADE,64014.6,0.00021
2026-07-30 13:49:42,BTCUSDT,BINANCE,TRADE,64014.6,0.00081
2026-07-30 13:49:42,BTCUSDT,BINANCE,TRADE,64014.6,0.00031
2026-07-30 13:49:42,BTCUSDT,BINANCE,TRADE,64014.6,0.002
2026-07-30 13:49:42,BTCUSDT,BINANCE,TRADE,64014.6,0.00031
2026-07-30 13:49:42,BTCUSDT,BINANCE,TRADE,64014.6,0.00521
2026-07-30 13:49:42,BTCUSDT,BINANCE,TRADE,64014.6,0.00195
2026-07-30 13:49:42,BTCUSDT,BINANCE,TRADE,64014.6,0.00011
2026-07-30 13:49:42,BTCUSDT,BINANCE,TRADE,64014.6,0.0013
2026-07-30 13:49:42,BTCUSDT,BINANCE,TRADE,64014.6,0.00102
2026-07-30 13:49:42,BTCUSDT,BINANCE,TRADE,64014.6,0.00314
2026-07-30 13:49:42,BTCUSDT,BINANCE,TRADE,64014.6,0.00102
2026-07-30 13:49:42,BTCUSDT,BINANCE,TRADE,64014.6,0.00149
2026-07-30 13:49:42,ETHUSDT,BINANCE,TRADE,1904.86,0.0216
2026-07-30 13:49:42,SOLUSDT,BINANCE,TRADE,73.42,2.669
2026-07-30 13:49:42,BTCUSDT,BINANCE,TRADE,64014.6,0.00198
2026-07-30 13:49:42,BTCUSDT,BINANCE,TRADE,64014.6,0.01874
2026-07-30 13:49:42,SOLUSDT,BINANCE,TRADE,73.43,11.656
2026-07-30 13:49:42,SOLUSDT,BINANCE,TRADE,73.43,3.396
2026-07-30 13:49:42,BTCUSDT,BINANCE,TRADE,64014.6,0.0002
2026-07-30 13:49:43,BTCUSDT,BINANCE,TRADE,64014.6,0.00102
2026-07-30 13:49:43,BTCUSDT,BINANCE,TRADE,64014.6,0.004
2026-07-30 13:49:43,BTCUSDT,BINANCE,TRADE,64014.6,0.0013
2026-07-30 13:49:43,BTCUSDT,BINANCE,TRADE,64014.6,0.00499
2026-07-30 13:49:43,ETHUSDT,BINANCE,TRADE,1904.86,0.0143
2026-07-30 13:49:43,BTCUSDT,BINANCE,TRADE,64014.6,0.00029
2026-07-30 13:49:43,BTCUSDT,BINANCE,TRADE,64014.6,0.00103
2026-07-30 13:49:43,BTCUSDT,BINANCE,TRADE,64014.6,0.00652
2026-07-30 13:49:43,BTCUSDT,BINANCE,TRADE,64014.6,0.00014
2026-07-30 13:49:43,BTCUSDT,BINANCE,TRADE,64014.6,8e-05
2026-07-30 13:49:43,BTCUSDT,BINANCE,TRADE,64014.6,0.00103
2026-07-30 13:49:43,BTCUSDT,BINANCE,TRADE,64014.6,0.00065
2026-07-30 13:49:43,BTCUSDT,BINANCE,TRADE,64014.6,0.0022
2026-07-30 13:49:43,BTCUSDT,BINANCE,TRADE,64014.6,0.00027
2026-07-30 13:49:43,BTCUSDT,BINANCE,TRADE,64014.6,0.00096
2026-07-30 13:49:43,BTCUSDT,BINANCE,TRADE,64014.6,0.00033
2026-07-30 13:49:43,BTCUSDT,BINANCE,TRADE,64014.6,0.00024
2026-07-30 13:49:43,ETHUSDT,BINANCE,TRADE,1904.85,0.0163
2026-07-30 13:49:43,BTCUSDT,BINANCE,TRADE,64014.6,0.00096
2026-07-30 13:49:43,BTCUSDT,BINANCE,TRADE,64014.6,0.00017
2026-07-30 13:49:43,BTCUSDT,BINANCE,TRADE,64014.6,0.00509
2026-07-30 13:49:43,BTCUSDT,BINANCE,TRADE,64014.6,0.00031
2026-07-30 13:49:43,BTCUSDT,BINANCE,TRADE,64014.6,0.0018
2026-07-30 13:49:43,BTCUSDT,BINANCE,TRADE,64014.6,0.00095
2026-07-30 13:49:43,ETHUSDT,BINANCE,TRADE,1904.86,0.0276
2026-07-30 13:49:43,ETHUSDT,BINANCE,TRADE,1904.86,0.0027
2026-07-30 13:49:43,ETHUSDT,BINANCE,TRADE,1904.86,0.0028
2026-07-30 13:49:43,ETHUSDT,BINANCE,TRADE,1904.86,0.0022
2026-07-30 13:49:43,BTCUSDT,BINANCE,TRADE,64014.6,0.0013
2026-07-30 13:49:43,BTCUSDT,BINANCE,TRADE,64014.6,0.00032
2026-07-30 13:49:43,BTCUSDT,BINANCE,TRADE,64014.6,0.00046
2026-07-30 13:49:43,BTCUSDT,BINANCE,TRADE,64014.6,0.00095
2026-07-30 13:49:43,BTCUSDT,BINANCE,TRADE,64014.6,0.00038
2026-07-30 13:49:43,BTCUSDT,BINANCE,TRADE,64014.6,0.00135
2026-07-30 13:49:43,ETHUSDT,BINANCE,TRADE,1904.85,0.0429
2026-07-30 13:49:43,BTCUSDT,BINANCE,TRADE,64014.6,0.0003
2026-07-30 13:49:43,BTCUSDT,BINANCE,TRADE,64014.6,0.001
2026-07-30 13:49:43,BTCUSDT,BINANCE,TRADE,64014.6,0.01564
2026-07-30 13:49:43,BTCUSDT,BINANCE,TRADE,64014.6,0.002
2026-07-30 13:49:43,ETHUSDT,BINANCE,TRADE,1904.86,0.0005
2026-07-30 13:49:43,ETHUSDT,BINANCE,TRADE,1904.86,0.0027
2026-07-30 13:49:43,ETHUSDT,BINANCE,TRADE,1904.86,0.0027
2026-07-30 13:49:43,ETHUSDT,BINANCE,TRADE,1904.86,0.0028
2026-07-30 13:49:43,ETHUSDT,BINANCE,TRADE,1904.86,0.0022
2026-07-30 13:49:43,ETHUSDT,BINANCE,TRADE,1904.86,0.0005
2026-07-30 13:49:43,ETHUSDT,BINANCE,TRADE,1904.86,0.0027
2026-07-30 13:49:43,ETHUSDT,BINANCE,TRADE,1904.86,0.0027
2026-07-30 13:49:43,ETHUSDT,BINANCE,TRADE,1904.86,0.0027
2026-07-30 13:49:43,ETHUSDT,BINANCE,TRADE,1904.86,0.0027
2026-07-30 13:49:43,ETHUSDT,BINANCE,TRADE,1904.86,0.0053
2026-07-30 13:49:43,ETHUSDT,BINANCE,TRADE,1904.86,0.021
2026-07-30 13:49:43,ETHUSDT,BINANCE,TRADE,1904.86,0.0027
2026-07-30 13:49:43,ETHUSDT,BINANCE,TRADE,1904.86,0.0027
2026-07-30 13:49:43,ETHUSDT,BINANCE,TRADE,1904.86,0.0028
2026-07-30 13:49:43,ETHUSDT,BINANCE,TRADE,1904.86,0.021
2026-07-30 13:49:43,ETHUSDT,BINANCE,TRADE,1904.86,0.0027
2026-07-30 13:49:43,ETHUSDT,BINANCE,TRADE,1904.86,0.0027
2026-07-30 13:49:43,ETHUSDT,BINANCE,TRADE,1904.86,0.0027
2026-07-30 13:49:43,ETHUSDT,BINANCE,TRADE,1904.86,0.0028
2026-07-30 13:49:43,ETHUSDT,BINANCE,TRADE,1904.87,0.0027
2026-07-30 13:49:43,ETHUSDT,BINANCE,TRADE,1904.87,0.0027
2026-07-30 13:49:43,ETHUSDT,BINANCE,TRADE,1904.87,0.0027
2026-07-30 13:49:43,ETHUSDT,BINANCE,TRADE,1904.87,0.0028
2026-07-30 13:49:43,ETHUSDT,BINANCE,TRADE,1904.87,0.0027
2026-07-30 13:49:43,ETHUSDT,BINANCE,TRADE,1904.87,0.0053
2026-07-30 13:49:43,ETHUSDT,BINANCE,TRADE,1904.87,0.0027
2026-07-30 13:49:43,ETHUSDT,BINANCE,TRADE,1904.87,0.0027
2026-07-30 13:49:43,ETHUSDT,BINANCE,TRADE,1904.87,0.0027
2026-07-30 13:49:43,ETHUSDT,BINANCE,TRADE,1904.87,0.0027
2026-07-30 13:49:43,ETHUSDT,BINANCE,TRADE,1904.87,0.0027
2026-07-30 13:49:43,ETHUSDT,BINANCE,TRADE,1904.87,0.0027
2026-07-30 13:49:43,ETHUSDT,BINANCE,TRADE,1904.87,0.0027
2026-07-30 13:49:43,ETHUSDT,BINANCE,TRADE,1904.87,0.0027
2026-07-30 13:49:43,ETHUSDT,BINANCE,TRADE,1904.87,0.0027
2026-07-30 13:49:43,ETHUSDT,BINANCE,TRADE,1904.87,0.0027
2026-07-30 13:49:43,ETHUSDT,BINANCE,TRADE,1904.87,0.0027
2026-07-30 13:49:43,ETHUSDT,BINANCE,TRADE,1904.87,0.0027
2026-07-30 13:49:43,ETHUSDT,BINANCE,TRADE,1904.87,0.0027
2026-07-30 13:49:43,ETHUSDT,BINANCE,TRADE,1904.87,0.0027
2026-07-30 13:49:43,ETHUSDT,BINANCE,TRADE,1904.87,0.0027
2026-07-30 13:49:43,ETHUSDT,BINANCE,TRADE,1904.88,0.0027
2026-07-30 13:49:43,ETHUSDT,BINANCE,TRADE,1904.88,0.003
2026-07-30 13:49:43,ETHUSDT,BINANCE,TRADE,1904.88,0.0028
2026-07-30 13:49:43,ETHUSDT,BINANCE,TRADE,1904.88,0.0053
2026-07-30 13:49:43,ETHUSDT,BINANCE,TRADE,1904.88,0.0027
2026-07-30 13:49:43,ETHUSDT,BINANCE,TRADE,1904.89,0.0027
2026-07-30 13:49:43,ETHUSDT,BINANCE,TRADE,1904.89,0.0027
2026-07-30 13:49:43,ETHUSDT,BINANCE,TRADE,1904.89,0.0028
2026-07-30 13:49:43,ETHUSDT,BINANCE,TRADE,1904.89,0.0027
2026-07-30 13:49:43,ETHUSDT,BINANCE,TRADE,1904.89,0.0027
2026-07-30 13:49:43,ETHUSDT,BINANCE,TRADE,1904.89,0.0027
2026-07-30 13:49:43,ETHUSDT,BINANCE,TRADE,1904.89,0.0027
2026-07-30 13:49:43,ETHUSDT,BINANCE,TRADE,1904.89,0.0027
2026-07-30 13:49:43,ETHUSDT,BINANCE,TRADE,1904.89,0.0027
2026-07-30 13:49:43,ETHUSDT,BINANCE,TRADE,1904.9,0.0027
2026-07-30 13:49:43,ETHUSDT,BINANCE,TRADE,1904.9,0.0028
2026-07-30 13:49:43,ETHUSDT,BINANCE,TRADE,1904.9,0.0027
2026-07-30 13:49:43,ETHUSDT,BINANCE,TRADE,1904.91,0.0027
2026-07-30 13:49:43,ETHUSDT,BINANCE,TRADE,1904.91,0.0027
2026-07-30 13:49:43,ETHUSDT,BINANCE,TRADE,1904.91,0.0027
2026-07-30 13:49:43,ETHUSDT,BINANCE,TRADE,1904.91,0.0028
2026-07-30 13:49:43,ETHUSDT,BINANCE,TRADE,1904.91,0.0027
2026-07-30 13:49:43,ETHUSDT,BINANCE,TRADE,1904.91,0.0028
2026-07-30 13:49:43,ETHUSDT,BINANCE,TRADE,1904.91,0.0027
2026-07-30 13:49:43,ETHUSDT,BINANCE,TRADE,1904.91,0.0027
2026-07-30 13:49:43,ETHUSDT,BINANCE,TRADE,1904.92,0.0028
2026-07-30 13:49:43,ETHUSDT,BINANCE,TRADE,1904.93,0.0027
2026-07-30 13:49:43,ETHUSDT,BINANCE,TRADE,1904.93,0.0028
2026-07-30 13:49:43,ETHUSDT,BINANCE,TRADE,1904.93,0.0027
2026-07-30 13:49:43,ETHUSDT,BINANCE,TRADE,1904.94,0.0027
2026-07-30 13:49:43,ETHUSDT,BINANCE,TRADE,1904.94,0.0027
2026-07-30 13:49:43,ETHUSDT,BINANCE,TRADE,1904.94,0.0028
2026-07-30 13:49:43,ETHUSDT,BINANCE,TRADE,1904.95,0.0027
2026-07-30 13:49:43,ETHUSDT,BINANCE,TRADE,1904.95,0.0028
2026-07-30 13:49:43,ETHUSDT,BINANCE,TRADE,1904.96,0.0303
2026-07-30 13:49:43,ETHUSDT,BINANCE,TRADE,1904.97,0.0028
2026-07-30 13:49:43,ETHUSDT,BINANCE,TRADE,1904.97,0.0028
2026-07-30 13:49:43,ETHUSDT,BINANCE,TRADE,1904.97,0.0028
2026-07-30 13:49:43,BTCUSDT,BINANCE,TRADE,64014.6,0.00314
2026-07-30 13:49:43,BTCUSDT,BINANCE,TRADE,64014.6,0.00537
2026-07-30 13:49:43,BTCUSDT,BINANCE,TRADE,64014.6,0.001
2026-07-30 13:49:43,BTCUSDT,BINANCE,TRADE,64014.6,0.00022
2026-07-30 13:49:43,SOLUSDT,BINANCE,TRADE,73.43,0.277
2026-07-30 13:49:43,SOLUSDT,BINANCE,TRADE,73.43,0.072
2026-07-30 13:49:43,SOLUSDT,BINANCE,TRADE,73.43,0.137
2026-07-30 13:49:43,SOLUSDT,BINANCE,TRADE,73.43,0.072
2026-07-30 13:49:43,SOLUSDT,BINANCE,TRADE,73.43,0.072
2026-07-30 13:49:43,SOLUSDT,BINANCE,TRADE,73.43,0.072
2026-07-30 13:49:43,SOLUSDT,BINANCE,TRADE,73.43,0.586
2026-07-30 13:49:43,SOLUSDT,BINANCE,TRADE,73.43,0.069
2026-07-30 13:49:43,SOLUSDT,BINANCE,TRADE,73.43,0.072
2026-07-30 13:49:43,SOLUSDT,BINANCE,TRADE,73.43,0.072
2026-07-30 13:49:43,SOLUSDT,BINANCE,TRADE,73.43,0.072
2026-07-30 13:49:43,SOLUSDT,BINANCE,TRADE,73.43,0.072
2026-07-30 13:49:43,SOLUSDT,BINANCE,TRADE,73.43,0.072
2026-07-30 13:49:43,SOLUSDT,BINANCE,TRADE,73.43,0.072
2026-07-30 13:49:43,SOLUSDT,BINANCE,TRADE,73.43,0.07
2026-07-30 13:49:43,SOLUSDT,BINANCE,TRADE,73.43,0.072
2026-07-30 13:49:43,SOLUSDT,BINANCE,TRADE,73.43,0.072
2026-07-30 13:49:43,SOLUSDT,BINANCE,TRADE,73.43,0.072
2026-07-30 13:49:43,BTCUSDT,BINANCE,TRADE,64014.6,0.0013
2026-07-30 13:49:43,ETHUSDT,BINANCE,TRADE,1904.98,0.0338
2026-07-30 13:49:43,BTCUSDT,BINANCE,TRADE,64014.6,0.00468
2026-07-30 13:49:43,BTCUSDT,BINANCE,TRADE,64014.6,0.0008
2026-07-30 13:49:43,BTCUSDT,BINANCE,TRADE,64014.6,0.00515
2026-07-30 13:49:43,BTCUSDT,BINANCE,TRADE,64014.6,0.00027
2026-07-30 13:49:43,BTCUSDT,BINANCE,TRADE,64014.6,0.00015
2026-07-30 13:49:43,ETHUSDT,BINANCE,TRADE,1904.97,0.0122
2026-07-30 13:49:43,BTCUSDT,BINANCE,TRADE,64014.6,0.00029
2026-07-30 13:49:43,ETHUSDT,BINANCE,TRADE,1904.97,0.0089
2026-07-30 13:49:44,ETHUSDT,BINANCE,TRADE,1904.97,0.0216
2026-07-30 13:49:44,BTCUSDT,BINANCE,TRADE,64014.6,0.00038
2026-07-30 13:49:44,BTCUSDT,BINANCE,TRADE,64014.6,0.0012
2026-07-30 13:49:44,BTCUSDT,BINANCE,TRADE,64014.6,0.00027
2026-07-30 13:49:44,BTCUSDT,BINANCE,TRADE,64014.6,0.00021
2026-07-30 13:49:44,BTCUSDT,BINANCE,TRADE,64014.6,0.00652
2026-07-30 13:49:44,BTCUSDT,BINANCE,TRADE,64014.6,0.00017
2026-07-30 13:49:44,BTCUSDT,BINANCE,TRADE,64014.6,0.00499
2026-07-30 13:49:44,BTCUSDT,BINANCE,TRADE,64014.6,0.00031
2026-07-30 13:49:44,BTCUSDT,BINANCE,TRADE,64014.6,0.0013
2026-07-30 13:49:44,ETHUSDT,BINANCE,TRADE,1904.98,0.0058
2026-07-30 13:49:44,BTCUSDT,BINANCE,TRADE,64014.6,0.00186
2026-07-30 13:49:44,BTCUSDT,BINANCE,TRADE,64014.6,9e-05
2026-07-30 13:49:44,BTCUSDT,BINANCE,TRADE,64014.6,0.00099
2026-07-30 13:49:44,BTCUSDT,BINANCE,TRADE,64014.6,0.00104
2026-07-30 13:49:44,BTCUSDT,BINANCE,TRADE,64014.6,0.00078
2026-07-30 13:49:44,BTCUSDT,BINANCE,TRADE,64014.6,0.0013
2026-07-30 13:49:44,BTCUSDT,BINANCE,TRADE,64014.6,0.0003
2026-07-30 13:49:44,BTCUSDT,BINANCE,TRADE,64014.6,0.00099
2026-07-30 13:49:44,BTCUSDT,BINANCE,TRADE,64014.6,8e-05
2026-07-30 13:49:44,BTCUSDT,BINANCE,TRADE,64014.6,0.0029
2026-07-30 13:49:44,BTCUSDT,BINANCE,TRADE,64014.6,0.00159
2026-07-30 13:49:44,ETHUSDT,BINANCE,TRADE,1904.98,0.2384
2026-07-30 13:49:44,BTCUSDT,BINANCE,TRADE,64014.6,0.00314
2026-07-30 13:49:44,BTCUSDT,BINANCE,TRADE,64014.6,0.00012
2026-07-30 13:49:44,BTCUSDT,BINANCE,TRADE,64014.6,0.00139
2026-07-30 13:49:44,BTCUSDT,BINANCE,TRADE,64014.6,0.00029
2026-07-30 13:49:44,BTCUSDT,BINANCE,TRADE,64014.6,0.00102
2026-07-30 13:49:44,BTCUSDT,BINANCE,TRADE,64014.6,0.00521
2026-07-30 13:49:44,BTCUSDT,BINANCE,TRADE,64014.6,0.0092
2026-07-30 13:49:44,BTCUSDT,BINANCE,TRADE,64014.6,0.00293
2026-07-30 13:49:44,BTCUSDT,BINANCE,TRADE,64014.6,0.01551
2026-07-30 13:49:44,BTCUSDT,BINANCE,TRADE,64014.6,0.0022
2026-07-30 13:49:44,BTCUSDT,BINANCE,TRADE,64014.6,0.00027
2026-07-30 13:49:44,BTCUSDT,BINANCE,TRADE,64014.6,0.00027
2026-07-30 13:49:44,BTCUSDT,BINANCE,TRADE,64014.6,0.00044
2026-07-30 13:49:44,BTCUSDT,BINANCE,TRADE,64014.6,0.00102
2026-07-30 13:49:44,BTCUSDT,BINANCE,TRADE,64014.6,0.00126
2026-07-30 13:49:44,BTCUSDT,BINANCE,TRADE,64014.6,0.00032
2026-07-30 13:49:44,BTCUSDT,BINANCE,TRADE,64014.6,0.00101
2026-07-30 13:49:44,BTCUSDT,BINANCE,TRADE,64014.6,0.00029
2026-07-30 13:49:44,BTCUSDT,BINANCE,TRADE,64014.6,0.00099
2026-07-30 13:49:44,BTCUSDT,BINANCE,TRADE,64014.6,0.0002
2026-07-30 13:49:44,BTCUSDT,BINANCE,TRADE,64014.6,0.00101
2026-07-30 13:49:44,BTCUSDT,BINANCE,TRADE,64014.6,0.00021
2026-07-30 13:49:44,BTCUSDT,BINANCE,TRADE,64014.6,0.00492
2026-07-30 13:49:44,BTCUSDT,BINANCE,TRADE,64014.6,0.01874
2026-07-30 13:49:44,ETHUSDT,BINANCE,TRADE,1904.97,0.0109
2026-07-30 13:49:44,BTCUSDT,BINANCE,TRADE,64014.6,0.0013
2026-07-30 13:49:44,BTCUSDT,BINANCE,TRADE,64014.6,0.00098
2026-07-30 13:49:44,BTCUSDT,BINANCE,TRADE,64014.6,0.00156
2026-07-30 13:49:44,BTCUSDT,BINANCE,TRADE,64014.6,0.00099
2026-07-30 13:49:44,BTCUSDT,BINANCE,TRADE,64014.6,0.01
2026-07-30 13:49:44,ETHUSDT,BINANCE,TRADE,1904.98,0.0083
2026-07-30 13:49:44,BTCUSDT,BINANCE,TRADE,64014.6,0.00031
2026-07-30 13:49:45,ETHUSDT,BINANCE,TRADE,1904.98,0.0524
2026-07-30 13:49:45,BTCUSDT,BINANCE,TRADE,64014.6,0.00098
2026-07-30 13:49:45,BTCUSDT,BINANCE,TRADE,64014.6,0.00652
2026-07-30 13:49:45,BTCUSDT,BINANCE,TRADE,64014.6,0.00099
2026-07-30 13:49:45,BTCUSDT,BINANCE,TRADE,64014.6,0.00024
2026-07-30 13:49:45,BTCUSDT,BINANCE,TRADE,64014.6,0.00031
2026-07-30 13:49:45,BTCUSDT,BINANCE,TRADE,64014.6,0.00045
2026-07-30 13:49:45,BTCUSDT,BINANCE,TRADE,64014.6,0.00102
2026-07-30 13:49:45,BTCUSDT,BINANCE,TRADE,64014.6,0.00159
2026-07-30 13:49:45,BTCUSDT,BINANCE,TRADE,64014.6,0.0013
2026-07-30 13:49:45,BTCUSDT,BINANCE,TRADE,64014.6,0.00537
2026-07-30 13:49:45,BTCUSDT,BINANCE,TRADE,64014.6,0.00099
2026-07-30 13:49:45,BTCUSDT,BINANCE,TRADE,64014.6,0.00102
2026-07-30 13:49:45,BTCUSDT,BINANCE,TRADE,64014.6,0.00499
2026-07-30 13:49:45,SOLUSDT,BINANCE,TRADE,73.43,0.82
2026-07-30 13:49:45,SOLUSDT,BINANCE,TRADE,73.43,26.43
2026-07-30 13:49:45,BTCUSDT,BINANCE,TRADE,64014.6,0.00037
2026-07-30 13:49:45,BTCUSDT,BINANCE,TRADE,64014.6,0.00102
2026-07-30 13:49:45,ETHUSDT,BINANCE,TRADE,1904.98,0.0216
2026-07-30 13:49:45,BTCUSDT,BINANCE,TRADE,64014.6,0.00314
2026-07-30 13:49:45,BTCUSDT,BINANCE,TRADE,64014.6,0.00029
2026-07-30 13:49:45,BTCUSDT,BINANCE,TRADE,64014.6,0.00038
2026-07-30 13:49:45,BTCUSDT,BINANCE,TRADE,64014.6,0.00102
2026-07-30 13:49:45,BTCUSDT,BINANCE,TRADE,64014.6,0.0017
2026-07-30 13:49:45,BTCUSDT,BINANCE,TRADE,64014.6,0.00195
2026-07-30 13:49:45,BTCUSDT,BINANCE,TRADE,64014.6,0.00017
2026-07-30 13:49:45,BTCUSDT,BINANCE,TRADE,64014.6,0.00515
2026-07-30 13:49:45,BTCUSDT,BINANCE,TRADE,64014.6,0.00095
2026-07-30 13:49:45,BTCUSDT,BINANCE,TRADE,64014.6,0.00188
2026-07-30 13:49:45,BTCUSDT,BINANCE,TRADE,64014.6,0.00023
2026-07-30 13:49:45,BTCUSDT,BINANCE,TRADE,64014.6,0.00509
2026-07-30 13:49:45,BTCUSDT,BINANCE,TRADE,64014.6,0.00027
2026-07-30 13:49:45,ETHUSDT,BINANCE,TRADE,1904.98,0.0049
2026-07-30 13:49:45,BTCUSDT,BINANCE,TRADE,64014.6,0.00095
2026-07-30 13:49:45,BTCUSDT,BINANCE,TRADE,64014.6,0.0013
2026-07-30 13:49:45,BTCUSDT,BINANCE,TRADE,64014.6,0.00157
2026-07-30 13:49:45,ETHUSDT,BINANCE,TRADE,1904.97,0.0338
2026-07-30 13:49:45,BTCUSDT,BINANCE,TRADE,64014.6,0.00098
2026-07-30 13:49:45,ETHUSDT,BINANCE,TRADE,1904.97,0.0143
2026-07-30 13:49:45,BTCUSDT,BINANCE,TRADE,64014.6,0.00098
2026-07-30 13:49:45,BTCUSDT,BINANCE,TRADE,64014.6,0.00209
2026-07-30 13:49:45,BTCUSDT,BINANCE,TRADE,64014.6,0.00038
2026-07-30 13:49:45,BTCUSDT,BINANCE,TRADE,64014.6,0.01
2026-07-30 13:49:45,BTCUSDT,BINANCE,TRADE,64014.6,0.0013
2026-07-30 13:49:45,BTCUSDT,BINANCE,TRADE,64014.6,0.00065
2026-07-30 13:49:45,BTCUSDT,BINANCE,TRADE,64014.6,0.00804
2026-07-30 13:49:45,SOLUSDT,BINANCE,TRADE,73.43,10
2026-07-30 13:49:45,SOLUSDT,BINANCE,TRADE,73.43,15.388
2026-07-30 13:49:45,SOLUSDT,BINANCE,TRADE,73.43,1.852
2026-07-30 13:49:45,BTCUSDT,BINANCE,TRADE,64014.6,0.00031
2026-07-30 13:49:45,ETHUSDT,BINANCE,TRADE,1904.97,0.0472
2026-07-30 13:49:45,ETHUSDT,BINANCE,TRADE,1904.98,0.0429
2026-07-30 13:49:45,BTCUSDT,BINANCE,TRADE,64014.6,8e-05
2026-07-30 13:49:45,BTCUSDT,BINANCE,TRADE,64014.6,0.00014
2026-07-30 13:49:45,ETHUSDT,BINANCE,TRADE,1904.98,0.0524
2026-07-30 13:49:45,BTCUSDT,BINANCE,TRADE,64014.6,0.00032
2026-07-30 13:49:45,BTCUSDT,BINANCE,TRADE,64014.6,0.0003
2026-07-30 13:49:46,BTCUSDT,BINANCE,TRADE,64014.6,0.0022
2026-07-30 13:49:46,BTCUSDT,BINANCE,TRADE,64014.6,0.00652
2026-07-30 13:49:46,BTCUSDT,BINANCE,TRADE,64014.6,0.00015
2026-07-30 13:49:46,ETHUSDT,BINANCE,TRADE,1904.98,0.0523
2026-07-30 13:49:46,BTCUSDT,BINANCE,TRADE,64014.6,0.0008
2026-07-30 13:49:46,ETHUSDT,BINANCE,TRADE,1904.98,0.0109
2026-07-30 13:49:46,BTCUSDT,BINANCE,TRADE,64014.6,0.00119
2026-07-30 13:49:46,BTCUSDT,BINANCE,TRADE,64014.6,0.00314
2026-07-30 13:49:46,BTCUSDT,BINANCE,TRADE,64014.6,0.00027
2026-07-30 13:49:46,BTCUSDT,BINANCE,TRADE,64014.6,0.00149
2026-07-30 13:49:46,BTCUSDT,BINANCE,TRADE,64014.6,0.0012
2026-07-30 13:49:46,BTCUSDT,BINANCE,TRADE,64014.6,0.00077
2026-07-30 13:49:46,BTCUSDT,BINANCE,TRADE,64014.6,0.0013
2026-07-30 13:49:46,BTCUSDT,BINANCE,TRADE,64014.6,0.00029
2026-07-30 13:49:46,BTCUSDT,BINANCE,TRADE,64014.6,0.00135
2026-07-30 13:49:46,BTCUSDT,BINANCE,TRADE,64014.6,0.00104
2026-07-30 13:49:46,BTCUSDT,BINANCE,TRADE,64014.6,0.00038
2026-07-30 13:49:46,BTCUSDT,BINANCE,TRADE,64014.6,0.00015
2026-07-30 13:49:46,BTCUSDT,BINANCE,TRADE,64014.6,0.004
2026-07-30 13:49:46,BTCUSDT,BINANCE,TRADE,64014.6,0.00027
2026-07-30 13:49:46,BTCUSDT,BINANCE,TRADE,64014.6,0.00021
2026-07-30 13:49:46,BTCUSDT,BINANCE,TRADE,64014.6,0.00104
2026-07-30 13:49:46,BTCUSDT,BINANCE,TRADE,64014.6,0.002
2026-07-30 13:49:46,ETHUSDT,BINANCE,TRADE,1904.97,0.0027
2026-07-30 13:49:46,ETHUSDT,BINANCE,TRADE,1904.97,0.0027
2026-07-30 13:49:46,ETHUSDT,BINANCE,TRADE,1904.97,0.0028
2026-07-30 13:49:46,ETHUSDT,BINANCE,TRADE,1904.97,0.0027
2026-07-30 13:49:46,ETHUSDT,BINANCE,TRADE,1904.97,0.0053
2026-07-30 13:49:46,ETHUSDT,BINANCE,TRADE,1904.97,0.0027
2026-07-30 13:49:46,ETHUSDT,BINANCE,TRADE,1904.97,0.0027
2026-07-30 13:49:46,ETHUSDT,BINANCE,TRADE,1904.97,0.0028
2026-07-30 13:49:46,ETHUSDT,BINANCE,TRADE,1904.97,0.0027
2026-07-30 13:49:46,ETHUSDT,BINANCE,TRADE,1904.97,0.0027
2026-07-30 13:49:46,ETHUSDT,BINANCE,TRADE,1904.97,0.0027
2026-07-30 13:49:46,ETHUSDT,BINANCE,TRADE,1904.97,0.0027
2026-07-30 13:49:46,ETHUSDT,BINANCE,TRADE,1904.97,0.0031
2026-07-30 13:49:46,ETHUSDT,BINANCE,TRADE,1904.97,0.0027
2026-07-30 13:49:46,ETHUSDT,BINANCE,TRADE,1904.97,0.0027
2026-07-30 13:49:46,ETHUSDT,BINANCE,TRADE,1904.97,0.0027
2026-07-30 13:49:46,ETHUSDT,BINANCE,TRADE,1904.97,0.0027
2026-07-30 13:49:46,ETHUSDT,BINANCE,TRADE,1904.97,0.0027
2026-07-30 13:49:46,ETHUSDT,BINANCE,TRADE,1904.97,0.0027
2026-07-30 13:49:46,ETHUSDT,BINANCE,TRADE,1904.97,0.0027
2026-07-30 13:49:46,ETHUSDT,BINANCE,TRADE,1904.97,0.0031
2026-07-30 13:49:46,ETHUSDT,BINANCE,TRADE,1904.97,0.0031
2026-07-30 13:49:46,ETHUSDT,BINANCE,TRADE,1904.97,0.066
2026-07-30 13:49:46,ETHUSDT,BINANCE,TRADE,1904.97,0.0027
2026-07-30 13:49:46,ETHUSDT,BINANCE,TRADE,1904.97,0.0027
2026-07-30 13:49:46,ETHUSDT,BINANCE,TRADE,1904.97,0.0027
2026-07-30 13:49:46,ETHUSDT,BINANCE,TRADE,1904.97,0.0027
2026-07-30 13:49:46,ETHUSDT,BINANCE,TRADE,1904.97,0.0027
2026-07-30 13:49:46,ETHUSDT,BINANCE,TRADE,1904.97,0.0027
2026-07-30 13:49:46,ETHUSDT,BINANCE,TRADE,1904.97,0.0027
2026-07-30 13:49:46,ETHUSDT,BINANCE,TRADE,1904.97,0.0027
2026-07-30 13:49:46,ETHUSDT,BINANCE,TRADE,1904.97,0.0027
2026-07-30 13:49:46,ETHUSDT,BINANCE,TRADE,1904.97,0.0027
2026-07-30 13:49:46,ETHUSDT,BINANCE,TRADE,1904.97,0.0027
2026-07-30 13:49:46,ETHUSDT,BINANCE,TRADE,1904.97,0.0027
2026-07-30 13:49:46,ETHUSDT,BINANCE,TRADE,1904.97,0.0027
2026-07-30 13:49:46,ETHUSDT,BINANCE,TRADE,1904.97,0.0027
2026-07-30 13:49:46,ETHUSDT,BINANCE,TRADE,1904.97,0.0027
2026-07-30 13:49:46,ETHUSDT,BINANCE,TRADE,1904.97,0.0027
2026-07-30 13:49:46,ETHUSDT,BINANCE,TRADE,1904.96,0.0053
2026-07-30 13:49:46,ETHUSDT,BINANCE,TRADE,1904.96,0.0028
2026-07-30 13:49:46,ETHUSDT,BINANCE,TRADE,1904.96,0.0027
2026-07-30 13:49:46,ETHUSDT,BINANCE,TRADE,1904.96,0.0027
2026-07-30 13:49:46,ETHUSDT,BINANCE,TRADE,1904.96,0.0027
2026-07-30 13:49:46,ETHUSDT,BINANCE,TRADE,1904.96,0.0027
2026-07-30 13:49:46,ETHUSDT,BINANCE,TRADE,1904.96,0.0027
2026-07-30 13:49:46,ETHUSDT,BINANCE,TRADE,1904.96,0.0027
2026-07-30 13:49:46,ETHUSDT,BINANCE,TRADE,1904.96,0.0027
2026-07-30 13:49:46,ETHUSDT,BINANCE,TRADE,1904.95,0.0053
2026-07-30 13:49:46,ETHUSDT,BINANCE,TRADE,1904.95,0.0028
2026-07-30 13:49:46,ETHUSDT,BINANCE,TRADE,1904.95,0.0027
2026-07-30 13:49:46,ETHUSDT,BINANCE,TRADE,1904.95,0.0027
2026-07-30 13:49:46,ETHUSDT,BINANCE,TRADE,1904.94,0.0027
2026-07-30 13:49:46,ETHUSDT,BINANCE,TRADE,1904.94,0.0028
2026-07-30 13:49:46,ETHUSDT,BINANCE,TRADE,1904.94,0.0028
2026-07-30 13:49:46,ETHUSDT,BINANCE,TRADE,1904.94,0.0027
2026-07-30 13:49:46,ETHUSDT,BINANCE,TRADE,1904.94,0.0028
2026-07-30 13:49:46,ETHUSDT,BINANCE,TRADE,1904.94,0.0028
2026-07-30 13:49:46,BTCUSDT,BINANCE,TRADE,64014.6,0.00031
2026-07-30 13:49:46,BTCUSDT,BINANCE,TRADE,64014.6,0.00082
2026-07-30 13:49:46,BTCUSDT,BINANCE,TRADE,64014.6,0.0013
2026-07-30 13:49:46,BTCUSDT,BINANCE,TRADE,64014.6,0.00468
2026-07-30 13:49:46,BTCUSDT,BINANCE,TRADE,64014.6,0.00101
2026-07-30 13:49:46,BTCUSDT,BINANCE,TRADE,64014.6,0.0029
2026-07-30 13:49:46,BTCUSDT,BINANCE,TRADE,64014.6,0.0002
2026-07-30 13:49:46,SOLUSDT,BINANCE,TRADE,73.43,2.162
2026-07-30 13:49:46,SOLUSDT,BINANCE,TRADE,73.43,25.078
2026-07-30 13:49:46,BTCUSDT,BINANCE,TRADE,64014.6,0.00101
2026-07-30 13:49:46,BTCUSDT,BINANCE,TRADE,64014.6,0.01874
2026-07-30 13:49:46,BTCUSDT,BINANCE,TRADE,64014.6,0.00259
2026-07-30 13:49:46,BTCUSDT,BINANCE,TRADE,64014.6,0.00015
2026-07-30 13:49:46,ETHUSDT,BINANCE,TRADE,1904.93,0.0028
2026-07-30 13:49:46,ETHUSDT,BINANCE,TRADE,1904.93,0.0027
2026-07-30 13:49:46,ETHUSDT,BINANCE,TRADE,1904.93,0.0031
2026-07-30 13:49:46,ETHUSDT,BINANCE,TRADE,1904.93,0.0027
2026-07-30 13:49:46,ETHUSDT,BINANCE,TRADE,1904.93,0.0103
2026-07-30 13:49:46,BTCUSDT,BINANCE,TRADE,64014.6,0.00103
2026-07-30 13:49:46,BTCUSDT,BINANCE,TRADE,64014.6,0.0003
2026-07-30 13:49:46,BTCUSDT,BINANCE,TRADE,64014.6,9e-05
2026-07-30 13:49:46,BTCUSDT,BINANCE,TRADE,64014.6,0.00104
2026-07-30 13:49:46,BTCUSDT,BINANCE,TRADE,64014.6,0.00521
2026-07-30 13:49:46,BTCUSDT,BINANCE,TRADE,64014.6,0.00013
2026-07-30 13:49:46,BTCUSDT,BINANCE,TRADE,64014.6,0.00029
2026-07-30 13:49:46,BTCUSDT,BINANCE,TRADE,64014.6,0.00021
2026-07-30 13:49:46,BTCUSDT,BINANCE,TRADE,64014.6,0.00024
2026-07-30 13:49:46,BTCUSDT,BINANCE,TRADE,64014.6,0.00104
2026-07-30 13:49:46,BTCUSDT,BINANCE,TRADE,64014.6,0.00103
2026-07-30 13:49:46,ETHUSDT,BINANCE,TRADE,1904.94,0.0128
2026-07-30 13:49:46,BTCUSDT,BINANCE,TRADE,64014.6,0.0013
2026-07-30 13:49:47,BTCUSDT,BINANCE,TRADE,64014.6,0.00027
2026-07-30 13:49:47,BTCUSDT,BINANCE,TRADE,64014.6,0.00515
2026-07-30 13:49:47,BTCUSDT,BINANCE,TRADE,64014.6,0.00103
2026-07-30 13:49:47,BTCUSDT,BINANCE,TRADE,64014.6,0.00314
2026-07-30 13:49:47,BTCUSDT,BINANCE,TRADE,64014.6,0.00499
2026-07-30 13:49:47,BTCUSDT,BINANCE,TRADE,64014.6,0.00103
2026-07-30 13:49:47,BTCUSDT,BINANCE,TRADE,64014.6,0.00103
2026-07-30 13:49:47,BTCUSDT,BINANCE,TRADE,64014.6,0.00198
2026-07-30 13:49:47,BTCUSDT,BINANCE,TRADE,64014.6,0.00059
2026-07-30 13:49:47,BTCUSDT,BINANCE,TRADE,64014.6,0.00029
2026-07-30 13:49:47,SOLUSDT,BINANCE,TRADE,73.43,1
2026-07-30 13:49:47,BTCUSDT,BINANCE,TRADE,64014.6,0.00021
2026-07-30 13:49:47,BTCUSDT,BINANCE,TRADE,64014.6,0.001
2026-07-30 13:49:47,BTCUSDT,BINANCE,TRADE,64014.6,0.00103
2026-07-30 13:49:47,BTCUSDT,BINANCE,TRADE,64014.6,0.003
2026-07-30 13:49:47,BTCUSDT,BINANCE,TRADE,64014.6,0.00157
2026-07-30 13:49:47,BTCUSDT,BINANCE,TRADE,64014.6,8e-05
2026-07-30 13:49:47,BTCUSDT,BINANCE,TRADE,64014.6,0.00032
2026-07-30 13:49:47,BTCUSDT,BINANCE,TRADE,64014.6,0.0013
2026-07-30 13:49:47,ETHUSDT,BINANCE,TRADE,1904.93,0.0082
2026-07-30 13:49:47,ETHUSDT,BINANCE,TRADE,1904.94,0.1338
2026-07-30 13:49:47,BTCUSDT,BINANCE,TRADE,64014.6,8e-05
2026-07-30 13:49:47,BTCUSDT,BINANCE,TRADE,64014.6,0.001
2026-07-30 13:49:47,ETHUSDT,BINANCE,TRADE,1904.93,0.0353
2026-07-30 13:49:47,BTCUSDT,BINANCE,TRADE,64014.6,0.00055
2026-07-30 13:49:47,ETHUSDT,BINANCE,TRADE,1904.93,0.0109
2026-07-30 13:49:47,BTCUSDT,BINANCE,TRADE,64014.6,0.00031
2026-07-30 13:49:47,ETHUSDT,BINANCE,TRADE,1904.94,0.053
2026-07-30 13:49:47,SOLUSDT,BINANCE,TRADE,73.43,11.413
2026-07-30 13:49:47,SOLUSDT,BINANCE,TRADE,73.43,0.636
2026-07-30 13:49:47,SOLUSDT,BINANCE,TRADE,73.43,15.201
2026-07-30 13:49:47,BTCUSDT,BINANCE,TRADE,64014.6,0.00103
2026-07-30 13:49:47,BTCUSDT,BINANCE,TRADE,64014.6,0.0022
2026-07-30 13:49:47,BTCUSDT,BINANCE,TRADE,64014.6,0.00031
2026-07-30 13:49:47,BTCUSDT,BINANCE,TRADE,64014.6,0.00103
2026-07-30 13:49:47,BTCUSDT,BINANCE,TRADE,64014.6,0.00157
2026-07-30 13:49:47,BTCUSDT,BINANCE,TRADE,64014.6,0.00038
2026-07-30 13:49:47,BTCUSDT,BINANCE,TRADE,64014.6,0.002
2026-07-30 13:49:47,BTCUSDT,BINANCE,TRADE,64014.6,0.00099
2026-07-30 13:49:47,BTCUSDT,BINANCE,TRADE,64014.6,0.01551
2026-07-30 13:49:47,BTCUSDT,BINANCE,TRADE,64014.6,0.00046
2026-07-30 13:49:47,BTCUSDT,BINANCE,TRADE,64014.6,8e-05
2026-07-30 13:49:47,BTCUSDT,BINANCE,TRADE,64014.6,8e-05
2026-07-30 13:49:47,BTCUSDT,BINANCE,TRADE,64014.6,8e-05
2026-07-30 13:49:47,BTCUSDT,BINANCE,TRADE,64014.6,8e-05
2026-07-30 13:49:47,BTCUSDT,BINANCE,TRADE,64014.6,8e-05
2026-07-30 13:49:47,BTCUSDT,BINANCE,TRADE,64014.6,8e-05
2026-07-30 13:49:47,BTCUSDT,BINANCE,TRADE,64014.6,8e-05
2026-07-30 13:49:47,BTCUSDT,BINANCE,TRADE,64014.6,8e-05
2026-07-30 13:49:47,BTCUSDT,BINANCE,TRADE,64014.6,9e-05
2026-07-30 13:49:47,BTCUSDT,BINANCE,TRADE,64014.6,0.00016
2026-07-30 13:49:47,BTCUSDT,BINANCE,TRADE,64014.6,0.00111
2026-07-30 13:49:47,ETHUSDT,BINANCE,TRADE,1904.93,0.0027
2026-07-30 13:49:47,ETHUSDT,BINANCE,TRADE,1904.93,0.0027
2026-07-30 13:49:47,ETHUSDT,BINANCE,TRADE,1904.93,0.0027
2026-07-30 13:49:47,ETHUSDT,BINANCE,TRADE,1904.93,0.0027
2026-07-30 13:49:47,ETHUSDT,BINANCE,TRADE,1904.93,0.0053
2026-07-30 13:49:47,ETHUSDT,BINANCE,TRADE,1904.93,0.0028
2026-07-30 13:49:47,ETHUSDT,BINANCE,TRADE,1904.93,0.0027
2026-07-30 13:49:47,ETHUSDT,BINANCE,TRADE,1904.93,0.0031
2026-07-30 13:49:47,ETHUSDT,BINANCE,TRADE,1904.93,0.0031
2026-07-30 13:49:47,ETHUSDT,BINANCE,TRADE,1904.93,0.0031
2026-07-30 13:49:47,ETHUSDT,BINANCE,TRADE,1904.93,0.0027
2026-07-30 13:49:47,ETHUSDT,BINANCE,TRADE,1904.93,0.0028
2026-07-30 13:49:47,ETHUSDT,BINANCE,TRADE,1904.93,0.0027
2026-07-30 13:49:47,ETHUSDT,BINANCE,TRADE,1904.93,0.0027
2026-07-30 13:49:47,ETHUSDT,BINANCE,TRADE,1904.93,0.0027
2026-07-30 13:49:47,ETHUSDT,BINANCE,TRADE,1904.93,0.0027
2026-07-30 13:49:47,ETHUSDT,BINANCE,TRADE,1904.93,0.0027
2026-07-30 13:49:47,ETHUSDT,BINANCE,TRADE,1904.93,0.0027
2026-07-30 13:49:47,ETHUSDT,BINANCE,TRADE,1904.93,0.0027
2026-07-30 13:49:47,ETHUSDT,BINANCE,TRADE,1904.92,0.0028
2026-07-30 13:49:47,ETHUSDT,BINANCE,TRADE,1904.92,0.0027
2026-07-30 13:49:47,ETHUSDT,BINANCE,TRADE,1904.92,0.0027
2026-07-30 13:49:47,ETHUSDT,BINANCE,TRADE,1904.92,0.0053
2026-07-30 13:49:47,ETHUSDT,BINANCE,TRADE,1904.92,0.0027
2026-07-30 13:49:47,ETHUSDT,BINANCE,TRADE,1904.92,0.0027
2026-07-30 13:49:47,ETHUSDT,BINANCE,TRADE,1904.91,0.0028
2026-07-30 13:49:47,ETHUSDT,BINANCE,TRADE,1904.91,0.0053
2026-07-30 13:49:47,ETHUSDT,BINANCE,TRADE,1904.91,0.0028
2026-07-30 13:49:47,ETHUSDT,BINANCE,TRADE,1904.91,0.0028
2026-07-30 13:49:47,ETHUSDT,BINANCE,TRADE,1904.91,0.0028
2026-07-30 13:49:47,BTCUSDT,BINANCE,TRADE,64014.6,0.00296
2026-07-30 13:49:47,ETHUSDT,BINANCE,TRADE,1904.9,0.0027
2026-07-30 13:49:47,ETHUSDT,BINANCE,TRADE,1904.9,0.0032
2026-07-30 13:49:47,ETHUSDT,BINANCE,TRADE,1904.9,0.0027
2026-07-30 13:49:47,ETHUSDT,BINANCE,TRADE,1904.9,0.0028
2026-07-30 13:49:47,ETHUSDT,BINANCE,TRADE,1904.9,0.0027
2026-07-30 13:49:47,ETHUSDT,BINANCE,TRADE,1904.9,0.0028
2026-07-30 13:49:47,ETHUSDT,BINANCE,TRADE,1904.9,0.0028
2026-07-30 13:49:47,ETHUSDT,BINANCE,TRADE,1904.9,0.2187
2026-07-30 13:49:47,BTCUSDT,BINANCE,TRADE,64014.6,0.00099
2026-07-30 13:49:47,BTCUSDT,BINANCE,TRADE,64014.6,0.00045
2026-07-30 13:49:47,BTCUSDT,BINANCE,TRADE,64014.6,0.0013
2026-07-30 13:49:47,BTCUSDT,BINANCE,TRADE,64014.6,0.00029
2026-07-30 13:49:47,BTCUSDT,BINANCE,TRADE,64014.6,0.00101
2026-07-30 13:49:47,BTCUSDT,BINANCE,TRADE,64014.6,0.002
2026-07-30 13:49:47,BTCUSDT,BINANCE,TRADE,64014.6,0.00016
2026-07-30 13:49:47,BTCUSDT,BINANCE,TRADE,64014.6,0.00172
2026-07-30 13:49:47,BTCUSDT,BINANCE,TRADE,64014.6,0.00314
2026-07-30 13:49:47,BTCUSDT,BINANCE,TRADE,64014.6,0.00195
2026-07-30 13:49:47,BTCUSDT,BINANCE,TRADE,64014.6,0.002
2026-07-30 13:49:47,BTCUSDT,BINANCE,TRADE,64014.6,0.00027
2026-07-30 13:49:47,BTCUSDT,BINANCE,TRADE,64014.6,0.00128
2026-07-30 13:49:47,BTCUSDT,BINANCE,TRADE,64014.6,0.00011
2026-07-30 13:49:47,BTCUSDT,BINANCE,TRADE,64014.6,0.0013
2026-07-30 13:49:47,BTCUSDT,BINANCE,TRADE,64014.6,0.00065
2026-07-30 13:49:47,BTCUSDT,BINANCE,TRADE,64014.6,0.00014
2026-07-30 13:49:47,ETHUSDT,BINANCE,TRADE,1904.9,0.0429
2026-07-30 13:49:48,BTCUSDT,BINANCE,TRADE,64014.6,0.0008
2026-07-30 13:49:48,BTCUSDT,BINANCE,TRADE,64014.6,0.003
2026-07-30 13:49:48,BTCUSDT,BINANCE,TRADE,64014.6,0.00129
2026-07-30 13:49:48,ETHUSDT,BINANCE,TRADE,1904.91,0.0338
2026-07-30 13:49:48,BTCUSDT,BINANCE,TRADE,64014.6,0.00077
2026-07-30 13:49:48,BTCUSDT,BINANCE,TRADE,64014.6,0.00038
2026-07-30 13:49:48,BTCUSDT,BINANCE,TRADE,64014.6,0.00017
2026-07-30 13:49:48,ETHUSDT,BINANCE,TRADE,1904.91,0.0472
2026-07-30 13:49:48,BTCUSDT,BINANCE,TRADE,64014.6,0.00037
2026-07-30 13:49:48,SOLUSDT,BINANCE,TRADE,73.43,27.24
2026-07-30 13:49:48,BTCUSDT,BINANCE,TRADE,64014.6,0.00499
2026-07-30 13:49:48,BTCUSDT,BINANCE,TRADE,64014.6,0.0008
2026-07-30 13:49:48,BTCUSDT,BINANCE,TRADE,64014.6,0.00097
2026-07-30 13:49:48,ETHUSDT,BINANCE,TRADE,1904.91,0.0136
2026-07-30 13:49:48,BTCUSDT,BINANCE,TRADE,64014.6,0.0003
2026-07-30 13:49:48,BTCUSDT,BINANCE,TRADE,64014.6,0.0013
2026-07-30 13:49:48,BTCUSDT,BINANCE,TRADE,64014.6,0.00104
2026-07-30 13:49:48,BTCUSDT,BINANCE,TRADE,64014.6,0.00521
2026-07-30 13:49:48,BTCUSDT,BINANCE,TRADE,64014.6,0.0004
2026-07-30 13:49:48,BTCUSDT,BINANCE,TRADE,64014.6,0.00097
2026-07-30 13:49:48,BTCUSDT,BINANCE,TRADE,64014.6,0.00021
2026-07-30 13:49:48,BTCUSDT,BINANCE,TRADE,64014.6,0.00031
2026-07-30 13:49:48,BTCUSDT,BINANCE,TRADE,64014.6,0.00032
2026-07-30 13:49:48,BTCUSDT,BINANCE,TRADE,64014.6,8e-05
2026-07-30 13:49:48,BTCUSDT,BINANCE,TRADE,64014.6,0.00086
2026-07-30 13:49:48,BTCUSDT,BINANCE,TRADE,64014.6,0.00094
2026-07-30 13:49:48,BTCUSDT,BINANCE,TRADE,64014.6,0.00032
2026-07-30 13:49:48,ETHUSDT,BINANCE,TRADE,1904.91,0.2693
2026-07-30 13:49:48,BTCUSDT,BINANCE,TRADE,64014.6,0.00374
2026-07-30 13:49:48,BTCUSDT,BINANCE,TRADE,64014.6,0.005
2026-07-30 13:49:48,BTCUSDT,BINANCE,TRADE,64014.6,0.0001
2026-07-30 13:49:48,BTCUSDT,BINANCE,TRADE,64014.6,0.005
2026-07-30 13:49:48,BTCUSDT,BINANCE,TRADE,64014.6,0.00436
2026-07-30 13:49:48,BTCUSDT,BINANCE,TRADE,64014.6,0.00064
2026-07-30 13:49:48,BTCUSDT,BINANCE,TRADE,64014.6,8e-05
2026-07-30 13:49:48,BTCUSDT,BINANCE,TRADE,64014.6,8e-05
2026-07-30 13:49:48,BTCUSDT,BINANCE,TRADE,64014.6,8e-05
2026-07-30 13:49:48,BTCUSDT,BINANCE,TRADE,64014.6,0.00126
2026-07-30 13:49:48,BTCUSDT,BINANCE,TRADE,64014.6,0.00126
2026-07-30 13:49:48,BTCUSDT,BINANCE,TRADE,64014.6,8e-05
2026-07-30 13:49:48,BTCUSDT,BINANCE,TRADE,64014.6,0.003
2026-07-30 13:49:48,BTCUSDT,BINANCE,TRADE,64014.6,0.003
2026-07-30 13:49:48,BTCUSDT,BINANCE,TRADE,64014.6,0.00052
2026-07-30 13:49:48,BTCUSDT,BINANCE,TRADE,64014.6,0.0001
2026-07-30 13:49:48,BTCUSDT,BINANCE,TRADE,64014.6,0.00027
2026-07-30 13:49:48,BTCUSDT,BINANCE,TRADE,64014.6,0.00238
2026-07-30 13:49:48,BTCUSDT,BINANCE,TRADE,64014.6,0.00262
2026-07-30 13:49:48,BTCUSDT,BINANCE,TRADE,64014.6,0.00038
2026-07-30 13:49:48,BTCUSDT,BINANCE,TRADE,64014.6,0.003
2026-07-30 13:49:48,BTCUSDT,BINANCE,TRADE,64014.6,0.00034
2026-07-30 13:49:48,BTCUSDT,BINANCE,TRADE,64014.6,0.00128
2026-07-30 13:49:48,BTCUSDT,BINANCE,TRADE,64014.6,0.00186
2026-07-30 13:49:48,BTCUSDT,BINANCE,TRADE,64014.6,0.005
2026-07-30 13:49:48,BTCUSDT,BINANCE,TRADE,64014.6,0.00099
2026-07-30 13:49:48,BTCUSDT,BINANCE,TRADE,64014.6,0.00024
2026-07-30 13:49:48,BTCUSDT,BINANCE,TRADE,64014.6,0.0013
2026-07-30 13:49:48,BTCUSDT,BINANCE,TRADE,64014.6,0.00033
2026-07-30 13:49:48,BTCUSDT,BINANCE,TRADE,64014.6,0.00029
2026-07-30 13:49:48,BTCUSDT,BINANCE,TRADE,64014.6,0.00023
2026-07-30 13:49:48,BTCUSDT,BINANCE,TRADE,64014.6,0.00197
2026-07-30 13:49:48,BTCUSDT,BINANCE,TRADE,64014.6,0.01874
2026-07-30 13:49:48,BTCUSDT,BINANCE,TRADE,64014.6,0.00082
2026-07-30 13:49:48,BTCUSDT,BINANCE,TRADE,64014.6,0.00021
2026-07-30 13:49:48,BTCUSDT,BINANCE,TRADE,64014.6,0.00303
2026-07-30 13:49:48,BTCUSDT,BINANCE,TRADE,64014.6,0.00011
2026-07-30 13:49:48,BTCUSDT,BINANCE,TRADE,64014.6,0.00099
2026-07-30 13:49:48,BTCUSDT,BINANCE,TRADE,64014.6,0.00027
2026-07-30 13:49:48,BTCUSDT,BINANCE,TRADE,64014.6,0.00012
2026-07-30 13:49:48,BTCUSDT,BINANCE,TRADE,64014.6,0.00159
2026-07-30 13:49:48,BTCUSDT,BINANCE,TRADE,64014.6,0.0002
2026-07-30 13:49:48,BTCUSDT,BINANCE,TRADE,64014.6,0.00101
2026-07-30 13:49:48,ETHUSDT,BINANCE,TRADE,1904.9,0.0049
2026-07-30 13:49:48,BTCUSDT,BINANCE,TRADE,64014.6,0.00095
2026-07-30 13:49:48,BTCUSDT,BINANCE,TRADE,64014.6,0.00017
2026-07-30 13:49:48,BTCUSDT,BINANCE,TRADE,64014.6,0.00031
2026-07-30 13:49:48,SOLUSDT,BINANCE,TRADE,73.43,3.41
2026-07-30 13:49:48,SOLUSDT,BINANCE,TRADE,73.43,1.995
2026-07-30 13:49:48,SOLUSDT,BINANCE,TRADE,73.43,0.072
2026-07-30 13:49:48,SOLUSDT,BINANCE,TRADE,73.43,14.488
2026-07-30 13:49:48,SOLUSDT,BINANCE,TRADE,73.43,7.285
2026-07-30 13:49:48,ETHUSDT,BINANCE,TRADE,1904.9,0.0523
2026-07-30 13:49:48,BTCUSDT,BINANCE,TRADE,64014.6,0.001
2026-07-30 13:49:48,BTCUSDT,BINANCE,TRADE,64014.6,0.00038
2026-07-30 13:49:48,BTCUSDT,BINANCE,TRADE,64014.6,0.00095
2026-07-30 13:49:48,BTCUSDT,BINANCE,TRADE,64014.6,0.001
2026-07-30 13:49:48,BTCUSDT,BINANCE,TRADE,64014.6,0.00023
2026-07-30 13:49:48,ETHUSDT,BINANCE,TRADE,1904.91,0.0109
2026-07-30 13:49:48,BTCUSDT,BINANCE,TRADE,64014.6,0.00135
2026-07-30 13:49:49,BTCUSDT,BINANCE,TRADE,64014.6,0.001
2026-07-30 13:49:49,BTCUSDT,BINANCE,TRADE,64014.6,0.0013
2026-07-30 13:49:49,BTCUSDT,BINANCE,TRADE,64014.6,0.00104
2026-07-30 13:49:49,BTCUSDT,BINANCE,TRADE,64014.6,0.00046
2026-07-30 13:49:49,BTCUSDT,BINANCE,TRADE,64014.6,0.00398
2026-07-30 13:49:49,ETHUSDT,BINANCE,TRADE,1904.9,0.0529
2026-07-30 13:49:49,BTCUSDT,BINANCE,TRADE,64014.6,0.00159
2026-07-30 13:49:49,BTCUSDT,BINANCE,TRADE,64014.6,0.001
2026-07-30 13:49:49,BTCUSDT,BINANCE,TRADE,64014.6,0.00619
2026-07-30 13:49:49,BTCUSDT,BINANCE,TRADE,64014.6,0.00031
2026-07-30 13:49:49,BTCUSDT,BINANCE,TRADE,64014.6,0.00016
2026-07-30 13:49:49,BTCUSDT,BINANCE,TRADE,64014.6,0.005
2026-07-30 13:49:49,BTCUSDT,BINANCE,TRADE,64014.6,8e-05
2026-07-30 13:49:49,BTCUSDT,BINANCE,TRADE,64014.6,8e-05
2026-07-30 13:49:49,BTCUSDT,BINANCE,TRADE,64014.6,8e-05
2026-07-30 13:49:49,BTCUSDT,BINANCE,TRADE,64014.6,8e-05
2026-07-30 13:49:49,BTCUSDT,BINANCE,TRADE,64014.6,8e-05
2026-07-30 13:49:49,BTCUSDT,BINANCE,TRADE,64014.6,7e-05
2026-07-30 13:49:49,BTCUSDT,BINANCE,TRADE,64014.6,1e-05
2026-07-30 13:49:49,BTCUSDT,BINANCE,TRADE,64014.6,8e-05
2026-07-30 13:49:49,BTCUSDT,BINANCE,TRADE,64014.6,0.00021
2026-07-30 13:49:49,BTCUSDT,BINANCE,TRADE,64014.6,0.00104
2026-07-30 13:49:49,BTCUSDT,BINANCE,TRADE,64014.6,0.0029
2026-07-30 13:49:49,BTCUSDT,BINANCE,TRADE,64014.6,0.00029
2026-07-30 13:49:49,BTCUSDT,BINANCE,TRADE,64014.6,0.00104
2026-07-30 13:49:49,BTCUSDT,BINANCE,TRADE,64014.6,0.002
2026-07-30 13:49:49,BTCUSDT,BINANCE,TRADE,64014.6,0.00537
2026-07-30 13:49:49,BTCUSDT,BINANCE,TRADE,64014.6,0.00175
2026-07-30 13:49:49,BTCUSDT,BINANCE,TRADE,64014.6,9e-05
2026-07-30 13:49:49,BTCUSDT,BINANCE,TRADE,64014.6,9e-05
2026-07-30 13:49:49,BTCUSDT,BINANCE,TRADE,64014.6,5e-05
2026-07-30 13:49:49,BTCUSDT,BINANCE,TRADE,64014.6,3e-05
2026-07-30 13:49:49,BTCUSDT,BINANCE,TRADE,64014.6,9e-05
2026-07-30 13:49:49,BTCUSDT,BINANCE,TRADE,64014.6,8e-05
2026-07-30 13:49:49,BTCUSDT,BINANCE,TRADE,64014.6,0.00016
2026-07-30 13:49:49,BTCUSDT,BINANCE,TRADE,64014.6,8e-05
2026-07-30 13:49:49,BTCUSDT,BINANCE,TRADE,64014.6,0.0025
2026-07-30 13:49:49,BTCUSDT,BINANCE,TRADE,64014.6,0.0051
2026-07-30 13:49:49,BTCUSDT,BINANCE,TRADE,64014.6,0.00015
2026-07-30 13:49:49,BTCUSDT,BINANCE,TRADE,64014.6,0.005
2026-07-30 13:49:49,BTCUSDT,BINANCE,TRADE,64014.6,0.0013
2026-07-30 13:49:49,BTCUSDT,BINANCE,TRADE,64014.6,0.00104
2026-07-30 13:49:49,BTCUSDT,BINANCE,TRADE,64014.6,0.00027
2026-07-30 13:49:49,BTCUSDT,BINANCE,TRADE,64014.6,0.00102
2026-07-30 13:49:49,BTCUSDT,BINANCE,TRADE,64014.6,0.03276
2026-07-30 13:49:49,ETHUSDT,BINANCE,TRADE,1904.9,0.0338
2026-07-30 13:49:49,BTCUSDT,BINANCE,TRADE,64014.6,0.00499
2026-07-30 13:49:49,BTCUSDT,BINANCE,TRADE,64014.6,0.00102
2026-07-30 13:49:49,BTCUSDT,BINANCE,TRADE,64014.6,0.00021
2026-07-30 13:49:49,BTCUSDT,BINANCE,TRADE,64014.6,0.00029
2026-07-30 13:49:49,SOLUSDT,BINANCE,TRADE,73.43,0.715
2026-07-30 13:49:49,SOLUSDT,BINANCE,TRADE,73.43,2
2026-07-30 13:49:49,SOLUSDT,BINANCE,TRADE,73.43,0.072
2026-07-30 13:49:49,SOLUSDT,BINANCE,TRADE,73.43,0.072
2026-07-30 13:49:49,SOLUSDT,BINANCE,TRADE,73.43,0.072
2026-07-30 13:49:49,SOLUSDT,BINANCE,TRADE,73.43,0.072
2026-07-30 13:49:49,SOLUSDT,BINANCE,TRADE,73.43,0.072
2026-07-30 13:49:49,SOLUSDT,BINANCE,TRADE,73.43,0.072
2026-07-30 13:49:49,SOLUSDT,BINANCE,TRADE,73.43,0.072
2026-07-30 13:49:49,SOLUSDT,BINANCE,TRADE,73.43,4
2026-07-30 13:49:49,SOLUSDT,BINANCE,TRADE,73.43,0.072
2026-07-30 13:49:49,SOLUSDT,BINANCE,TRADE,73.43,0.137
2026-07-30 13:49:49,SOLUSDT,BINANCE,TRADE,73.43,0.13
2026-07-30 13:49:49,SOLUSDT,BINANCE,TRADE,73.43,0.13
2026-07-30 13:49:49,SOLUSDT,BINANCE,TRADE,73.43,0.13
2026-07-30 13:49:49,SOLUSDT,BINANCE,TRADE,73.43,2.757
2026-07-30 13:49:49,SOLUSDT,BINANCE,TRADE,73.43,0.212
2026-07-30 13:49:49,SOLUSDT,BINANCE,TRADE,73.43,0.277
2026-07-30 13:49:49,SOLUSDT,BINANCE,TRADE,73.43,0.072
2026-07-30 13:49:49,SOLUSDT,BINANCE,TRADE,73.43,1.854
2026-07-30 13:49:49,SOLUSDT,BINANCE,TRADE,73.43,0.069
2026-07-30 13:49:49,SOLUSDT,BINANCE,TRADE,73.43,14.181
2026-07-30 13:49:49,BTCUSDT,BINANCE,TRADE,64014.6,0.00096
2026-07-30 13:49:49,BTCUSDT,BINANCE,TRADE,64014.6,0.00314
2026-07-30 13:49:49,BTCUSDT,BINANCE,TRADE,64014.6,0.004
2026-07-30 13:49:49,BTCUSDT,BINANCE,TRADE,64014.6,0.00096
2026-07-30 13:49:49,BTCUSDT,BINANCE,TRADE,64014.6,0.00027
2026-07-30 13:49:49,BTCUSDT,BINANCE,TRADE,64014.6,0.00031
2026-07-30 13:49:49,ETHUSDT,BINANCE,TRADE,1904.9,0.0524
2026-07-30 13:49:49,ETHUSDT,BINANCE,TRADE,1904.91,0.0089
2026-07-30 13:49:49,BTCUSDT,BINANCE,TRADE,64014.6,0.005
2026-07-30 13:49:49,BTCUSDT,BINANCE,TRADE,64014.6,0.005
2026-07-30 13:49:49,BTCUSDT,BINANCE,TRADE,64014.6,0.00168
2026-07-30 13:49:49,BTCUSDT,BINANCE,TRADE,64014.6,0.00032
2026-07-30 13:49:49,BTCUSDT,BINANCE,TRADE,64014.6,0.00014
2026-07-30 13:49:49,BTCUSDT,BINANCE,TRADE,64014.6,0.00077
2026-07-30 13:49:49,BTCUSDT,BINANCE,TRADE,64014.6,0.00097
2026-07-30 13:49:49,BTCUSDT,BINANCE,TRADE,64014.6,9e-05
2026-07-30 13:49:49,ETHUSDT,BINANCE,TRADE,1904.91,0.0082
2026-07-30 13:49:49,BTCUSDT,BINANCE,TRADE,64014.6,0.00015
2026-07-30 13:49:49,BTCUSDT,BINANCE,TRADE,64014.6,0.00044
2026-07-30 13:49:49,BTCUSDT,BINANCE,TRADE,64014.6,0.00521
2026-07-30 13:49:49,BTCUSDT,BINANCE,TRADE,64014.6,0.00108
2026-07-30 13:49:50,BTCUSDT,BINANCE,TRADE,64014.6,0.00509
2026-07-30 13:49:50,BTCUSDT,BINANCE,TRADE,64014.6,0.00031
2026-07-30 13:49:50,BTCUSDT,BINANCE,TRADE,64014.6,0.00029
2026-07-30 13:49:50,BTCUSDT,BINANCE,TRADE,64014.6,0.00086
2026-07-30 13:49:50,BTCUSDT,BINANCE,TRADE,64014.6,0.00033
2026-07-30 13:49:50,BTCUSDT,BINANCE,TRADE,64014.6,0.00065
2026-07-30 13:49:50,ETHUSDT,BINANCE,TRADE,1904.91,0.0353
2026-07-30 13:49:50,SOLUSDT,BINANCE,TRADE,73.43,27.25
2026-07-30 13:49:50,BTCUSDT,BINANCE,TRADE,64014.6,0.00515
2026-07-30 13:49:50,ETHUSDT,BINANCE,TRADE,1904.9,0.0109
2026-07-30 13:49:50,BTCUSDT,BINANCE,TRADE,64014.6,0.00027
2026-07-30 13:49:50,BTCUSDT,BINANCE,TRADE,64014.6,8e-05
2026-07-30 13:49:50,BTCUSDT,BINANCE,TRADE,64014.6,0.00055
2026-07-30 13:49:50,BTCUSDT,BINANCE,TRADE,64014.6,0.00013
2026-07-30 13:49:50,BTCUSDT,BINANCE,TRADE,64014.6,0.00096
2026-07-30 13:49:50,BTCUSDT,BINANCE,TRADE,64014.6,0.00155
2026-07-30 13:49:50,BTCUSDT,BINANCE,TRADE,64014.6,0.00024
2026-07-30 13:49:50,BTCUSDT,BINANCE,TRADE,64014.6,0.00259
2026-07-30 13:49:50,BTCUSDT,BINANCE,TRADE,64014.6,0.00096
2026-07-30 13:49:50,BTCUSDT,BINANCE,TRADE,64014.6,0.00499
2026-07-30 13:49:50,BTCUSDT,BINANCE,TRADE,64014.6,0.00314
2026-07-30 13:49:50,BTCUSDT,BINANCE,TRADE,64014.6,0.00099
2026-07-30 13:49:50,BTCUSDT,BINANCE,TRADE,64014.6,0.00082
2026-07-30 13:49:50,BTCUSDT,BINANCE,TRADE,64014.6,0.00038
2026-07-30 13:49:50,BTCUSDT,BINANCE,TRADE,64014.6,0.0003
2026-07-30 13:49:50,BTCUSDT,BINANCE,TRADE,64014.6,0.00099
2026-07-30 13:49:50,BTCUSDT,BINANCE,TRADE,64014.6,0.00037
2026-07-30 13:49:50,BTCUSDT,BINANCE,TRADE,64014.6,0.00157
2026-07-30 13:49:50,BTCUSDT,BINANCE,TRADE,64014.6,0.00099
2026-07-30 13:49:50,BTCUSDT,BINANCE,TRADE,64014.6,0.00097
2026-07-30 13:49:50,BTCUSDT,BINANCE,TRADE,64014.6,0.00031
2026-07-30 13:49:50,SOLUSDT,BINANCE,TRADE,73.43,8.269
2026-07-30 13:49:50,SOLUSDT,BINANCE,TRADE,73.43,18.981
2026-07-30 13:49:50,BTCUSDT,BINANCE,TRADE,64014.6,0.00032
2026-07-30 13:49:50,BTCUSDT,BINANCE,TRADE,64014.6,0.0012
2026-07-30 13:49:50,BTCUSDT,BINANCE,TRADE,64014.6,0.00027
2026-07-30 13:49:50,BTCUSDT,BINANCE,TRADE,64014.6,0.00099
2026-07-30 13:49:50,BTCUSDT,BINANCE,TRADE,64014.6,0.01874
2026-07-30 13:49:50,BTCUSDT,BINANCE,TRADE,64014.6,0.00075
2026-07-30 13:49:50,BTCUSDT,BINANCE,TRADE,64014.6,0.00537
2026-07-30 13:49:50,BTCUSDT,BINANCE,TRADE,64014.6,0.002
2026-07-30 13:49:51,BTCUSDT,BINANCE,TRADE,64014.6,0.00017
2026-07-30 13:49:51,BTCUSDT,BINANCE,TRADE,64014.6,0.00029
2026-07-30 13:49:51,BTCUSDT,BINANCE,TRADE,64014.6,0.0014
2026-07-30 13:49:51,BTCUSDT,BINANCE,TRADE,64014.6,0.00021
2026-07-30 13:49:51,BTCUSDT,BINANCE,TRADE,64014.6,0.00014
2026-07-30 13:49:51,BTCUSDT,BINANCE,TRADE,64014.6,0.00027
2026-07-30 13:49:51,BTCUSDT,BINANCE,TRADE,64014.6,0.00104
2026-07-30 13:49:51,ETHUSDT,BINANCE,TRADE,1904.9,0.3082
2026-07-30 13:49:51,ETHUSDT,BINANCE,TRADE,1904.9,0.0031
2026-07-30 13:49:51,ETHUSDT,BINANCE,TRADE,1904.9,0.0031
2026-07-30 13:49:51,ETHUSDT,BINANCE,TRADE,1904.9,0.0027
2026-07-30 13:49:51,ETHUSDT,BINANCE,TRADE,1904.9,0.0028
2026-07-30 13:49:51,ETHUSDT,BINANCE,TRADE,1904.9,0.5674
2026-07-30 13:49:51,ETHUSDT,BINANCE,TRADE,1904.9,0.0027
2026-07-30 13:49:51,ETHUSDT,BINANCE,TRADE,1904.9,0.0027
2026-07-30 13:49:51,ETHUSDT,BINANCE,TRADE,1904.9,0.0027
2026-07-30 13:49:51,ETHUSDT,BINANCE,TRADE,1904.9,0.0028
2026-07-30 13:49:51,ETHUSDT,BINANCE,TRADE,1904.9,0.0028
2026-07-30 13:49:51,ETHUSDT,BINANCE,TRADE,1904.9,0.0028
2026-07-30 13:49:51,ETHUSDT,BINANCE,TRADE,1904.9,3.0962
2026-07-30 13:49:51,BTCUSDT,BINANCE,TRADE,64014.6,0.0013
2026-07-30 13:49:51,BTCUSDT,BINANCE,TRADE,64014.6,0.03276
2026-07-30 13:49:51,BTCUSDT,BINANCE,TRADE,64014.6,0.00104
2026-07-30 13:49:51,BTCUSDT,BINANCE,TRADE,64014.6,0.00031
2026-07-30 13:49:51,BTCUSDT,BINANCE,TRADE,64014.6,0.00468
2026-07-30 13:49:51,BTCUSDT,BINANCE,TRADE,64014.6,0.00135
2026-07-30 13:49:51,BTCUSDT,BINANCE,TRADE,64014.6,0.00296
2026-07-30 13:49:51,BTCUSDT,BINANCE,TRADE,64014.6,0.0013
2026-07-30 13:49:51,BTCUSDT,BINANCE,TRADE,64014.6,0.00195
2026-07-30 13:49:51,ETHUSDT,BINANCE,TRADE,1904.91,0.0109
2026-07-30 13:49:51,BTCUSDT,BINANCE,TRADE,64014.6,0.00509
2026-07-30 13:49:51,BTCUSDT,BINANCE,TRADE,64014.6,8e-05
2026-07-30 13:49:51,BTCUSDT,BINANCE,TRADE,64014.6,0.00059
2026-07-30 13:49:51,ETHUSDT,BINANCE,TRADE,1904.91,0.0082
2026-07-30 13:49:51,BTCUSDT,BINANCE,TRADE,64014.6,0.0003
2026-07-30 13:49:51,ETHUSDT,BINANCE,TRADE,1904.9,0.0472
2026-07-30 13:49:51,BTCUSDT,BINANCE,TRADE,64014.6,0.00012
2026-07-30 13:49:51,ETHUSDT,BINANCE,TRADE,1904.91,0.0523
2026-07-30 13:49:51,ETHUSDT,BINANCE,TRADE,1904.9,0.0144
2026-07-30 13:49:51,BTCUSDT,BINANCE,TRADE,64014.6,0.00188
2026-07-30 13:49:51,BTCUSDT,BINANCE,TRADE,64014.6,0.00029
2026-07-30 13:49:51,BTCUSDT,BINANCE,TRADE,64014.6,0.00499
2026-07-30 13:49:51,BTCUSDT,BINANCE,TRADE,64014.6,0.00023
2026-07-30 13:49:51,SOLUSDT,BINANCE,TRADE,73.43,27.24
2026-07-30 13:49:51,ETHUSDT,BINANCE,TRADE,1904.9,0.0832
2026-07-30 13:49:51,ETHUSDT,BINANCE,TRADE,1904.9,0.0504
2026-07-30 13:49:51,ETHUSDT,BINANCE,TRADE,1904.9,0.269
2026-07-30 13:49:51,BTCUSDT,BINANCE,TRADE,64014.6,0.00027
2026-07-30 13:49:51,BTCUSDT,BINANCE,TRADE,64014.6,0.00045
2026-07-30 13:49:51,BTCUSDT,BINANCE,TRADE,64014.6,0.0013
2026-07-30 13:49:51,BTCUSDT,BINANCE,TRADE,64014.6,0.00347
2026-07-30 13:49:51,BTCUSDT,BINANCE,TRADE,64014.6,0.00029
2026-07-30 13:49:51,BTCUSDT,BINANCE,TRADE,64014.6,0.00021
2026-07-30 13:49:51,BTCUSDT,BINANCE,TRADE,64014.6,0.00077
2026-07-30 13:49:51,ETHUSDT,BINANCE,TRADE,1904.9,0.0126
2026-07-30 13:49:52,BTCUSDT,BINANCE,TRADE,64014.6,0.01434
2026-07-30 13:49:52,BTCUSDT,BINANCE,TRADE,64014.6,0.00046
2026-07-30 13:49:52,BTCUSDT,BINANCE,TRADE,64014.6,0.0013
2026-07-30 13:49:52,BTCUSDT,BINANCE,TRADE,64014.6,0.00015
2026-07-30 13:49:52,BTCUSDT,BINANCE,TRADE,64014.6,0.00129
2026-07-30 13:49:52,BTCUSDT,BINANCE,TRADE,64014.6,0.00104
2026-07-30 13:49:52,BTCUSDT,BINANCE,TRADE,64014.6,0.00057
2026-07-30 13:49:52,BTCUSDT,BINANCE,TRADE,64014.6,0.00031
2026-07-30 13:49:52,BTCUSDT,BINANCE,TRADE,64014.6,0.00037
2026-07-30 13:49:52,BTCUSDT,BINANCE,TRADE,64014.6,0.00033
2026-07-30 13:49:52,BTCUSDT,BINANCE,TRADE,64014.6,0.00024
2026-07-30 13:49:52,BTCUSDT,BINANCE,TRADE,64014.6,7e-05
2026-07-30 13:49:52,BTCUSDT,BINANCE,TRADE,64014.6,0.00032
2026-07-30 13:49:52,ETHUSDT,BINANCE,TRADE,1904.9,0.0353
2026-07-30 13:49:52,BTCUSDT,BINANCE,TRADE,64014.6,0.00186
2026-07-30 13:49:52,BTCUSDT,BINANCE,TRADE,64014.6,0.001
2026-07-30 13:49:52,BTCUSDT,BINANCE,TRADE,64014.6,0.00085
2026-07-30 13:49:52,BTCUSDT,BINANCE,TRADE,64014.6,0.00031
2026-07-30 13:49:52,BTCUSDT,BINANCE,TRADE,64014.6,0.03125
2026-07-30 13:49:52,BTCUSDT,BINANCE,TRADE,64014.6,0.00029
2026-07-30 13:49:52,BTCUSDT,BINANCE,TRADE,64014.6,0.001
2026-07-30 13:49:52,SOLUSDT,BINANCE,TRADE,73.43,27.25
2026-07-30 13:49:52,BTCUSDT,BINANCE,TRADE,64014.6,0.00065
2026-07-30 13:49:52,BTCUSDT,BINANCE,TRADE,64014.6,0.0013
2026-07-30 13:49:52,ETHUSDT,BINANCE,TRADE,1904.91,0.0049
2026-07-30 13:49:52,BTCUSDT,BINANCE,TRADE,64014.6,0.00015
2026-07-30 13:49:52,BTCUSDT,BINANCE,TRADE,64014.6,0.00102
2026-07-30 13:49:52,BTCUSDT,BINANCE,TRADE,64014.6,0.00499
2026-07-30 13:49:52,ETHUSDT,BINANCE,TRADE,1904.9,0.0109
2026-07-30 13:49:52,BTCUSDT,BINANCE,TRADE,64014.6,0.00027
2026-07-30 13:49:52,BTCUSDT,BINANCE,TRADE,64014.6,0.00139
2026-07-30 13:49:52,BTCUSDT,BINANCE,TRADE,64014.6,0.00102
2026-07-30 13:49:52,BTCUSDT,BINANCE,TRADE,64014.6,0.0013
2026-07-30 13:49:52,BTCUSDT,BINANCE,TRADE,64014.6,0.00038
2026-07-30 13:49:52,BTCUSDT,BINANCE,TRADE,64014.6,0.00321
2026-07-30 13:49:52,BTCUSDT,BINANCE,TRADE,64014.6,0.0007
2026-07-30 13:49:52,BTCUSDT,BINANCE,TRADE,64014.6,8e-05
2026-07-30 13:49:52,BTCUSDT,BINANCE,TRADE,64014.6,8e-05
2026-07-30 13:49:52,BTCUSDT,BINANCE,TRADE,64014.6,0.00102
2026-07-30 13:49:52,BTCUSDT,BINANCE,TRADE,64014.6,0.00248
2026-07-30 13:49:52,BTCUSDT,BINANCE,TRADE,64014.6,0.00273
2026-07-30 13:49:52,BTCUSDT,BINANCE,TRADE,64014.6,0.00102
2026-07-30 13:49:52,BTCUSDT,BINANCE,TRADE,64014.6,0.0004
2026-07-30 13:49:52,BTCUSDT,BINANCE,TRADE,64014.6,0.00537
2026-07-30 13:49:52,BTCUSDT,BINANCE,TRADE,64014.6,0.00159
2026-07-30 13:49:52,BTCUSDT,BINANCE,TRADE,64014.6,9e-05
2026-07-30 13:49:52,BTCUSDT,BINANCE,TRADE,64014.6,0.01874
2026-07-30 13:49:52,ETHUSDT,BINANCE,TRADE,1904.9,0.0027
2026-07-30 13:49:52,ETHUSDT,BINANCE,TRADE,1904.9,0.0027
2026-07-30 13:49:52,ETHUSDT,BINANCE,TRADE,1904.9,0.0027
2026-07-30 13:49:52,ETHUSDT,BINANCE,TRADE,1904.9,0.0046
2026-07-30 13:49:52,ETHUSDT,BINANCE,TRADE,1904.9,0.0007
2026-07-30 13:49:52,ETHUSDT,BINANCE,TRADE,1904.9,0.0027
2026-07-30 13:49:52,ETHUSDT,BINANCE,TRADE,1904.9,0.5398
2026-07-30 13:49:52,ETHUSDT,BINANCE,TRADE,1904.9,0.0031
2026-07-30 13:49:52,ETHUSDT,BINANCE,TRADE,1904.9,0.0028
2026-07-30 13:49:52,ETHUSDT,BINANCE,TRADE,1904.9,0.0028
2026-07-30 13:49:52,ETHUSDT,BINANCE,TRADE,1904.9,0.0028
2026-07-30 13:49:52,ETHUSDT,BINANCE,TRADE,1904.9,0.0028
2026-07-30 13:49:52,ETHUSDT,BINANCE,TRADE,1904.9,0.0031
2026-07-30 13:49:52,ETHUSDT,BINANCE,TRADE,1904.9,0.0031
2026-07-30 13:49:52,ETHUSDT,BINANCE,TRADE,1904.9,0.0027
2026-07-30 13:49:52,ETHUSDT,BINANCE,TRADE,1904.9,0.0027
2026-07-30 13:49:52,ETHUSDT,BINANCE,TRADE,1904.9,0.0027
2026-07-30 13:49:52,ETHUSDT,BINANCE,TRADE,1904.9,0.0149
2026-07-30 13:49:52,ETHUSDT,BINANCE,TRADE,1904.9,0.0028
2026-07-30 13:49:52,ETHUSDT,BINANCE,TRADE,1904.9,0.0027
2026-07-30 13:49:52,ETHUSDT,BINANCE,TRADE,1904.9,0.0027
2026-07-30 13:49:52,ETHUSDT,BINANCE,TRADE,1904.9,0.0027
2026-07-30 13:49:52,ETHUSDT,BINANCE,TRADE,1904.9,0.0027
2026-07-30 13:49:52,BTCUSDT,BINANCE,TRADE,64014.6,0.00102
2026-07-30 13:49:52,BTCUSDT,BINANCE,TRADE,64014.6,0.00314
2026-07-30 13:49:52,BTCUSDT,BINANCE,TRADE,64014.6,0.00044
2026-07-30 13:49:52,ETHUSDT,BINANCE,TRADE,1904.89,0.0028
2026-07-30 13:49:52,ETHUSDT,BINANCE,TRADE,1904.89,0.0028
2026-07-30 13:49:52,ETHUSDT,BINANCE,TRADE,1904.89,0.0028
2026-07-30 13:49:52,ETHUSDT,BINANCE,TRADE,1904.89,0.0044
2026-07-30 13:49:53,BTCUSDT,BINANCE,TRADE,64014.6,8e-05
2026-07-30 13:49:53,BTCUSDT,BINANCE,TRADE,64014.6,0.0003
2026-07-30 13:49:53,BTCUSDT,BINANCE,TRADE,64014.6,0.00014
2026-07-30 13:49:53,ETHUSDT,BINANCE,TRADE,1904.89,0.0053
2026-07-30 13:49:53,ETHUSDT,BINANCE,TRADE,1904.89,0.0027
2026-07-30 13:49:53,ETHUSDT,BINANCE,TRADE,1904.89,0.0027
2026-07-30 13:49:53,ETHUSDT,BINANCE,TRADE,1904.89,0.0027
2026-07-30 13:49:53,ETHUSDT,BINANCE,TRADE,1904.89,0.0031
2026-07-30 13:49:53,ETHUSDT,BINANCE,TRADE,1904.89,0.0027
2026-07-30 13:49:53,ETHUSDT,BINANCE,TRADE,1904.89,0.0031
2026-07-30 13:49:53,ETHUSDT,BINANCE,TRADE,1904.89,0.0031
2026-07-30 13:49:53,ETHUSDT,BINANCE,TRADE,1904.89,0.0027
2026-07-30 13:49:53,ETHUSDT,BINANCE,TRADE,1904.89,0.0028
2026-07-30 13:49:53,ETHUSDT,BINANCE,TRADE,1904.89,0.0028
2026-07-30 13:49:53,ETHUSDT,BINANCE,TRADE,1904.89,0.0027
2026-07-30 13:49:53,ETHUSDT,BINANCE,TRADE,1904.89,0.0031
2026-07-30 13:49:53,ETHUSDT,BINANCE,TRADE,1904.89,0.0027
2026-07-30 13:49:53,ETHUSDT,BINANCE,TRADE,1904.89,0.0028
2026-07-30 13:49:53,ETHUSDT,BINANCE,TRADE,1904.89,0.0027
2026-07-30 13:49:53,ETHUSDT,BINANCE,TRADE,1904.89,0.0028
2026-07-30 13:49:53,ETHUSDT,BINANCE,TRADE,1904.89,0.0027
2026-07-30 13:49:53,ETHUSDT,BINANCE,TRADE,1904.89,0.0028
2026-07-30 13:49:53,ETHUSDT,BINANCE,TRADE,1904.89,0.0027
2026-07-30 13:49:53,ETHUSDT,BINANCE,TRADE,1904.89,0.0027
2026-07-30 13:49:53,ETHUSDT,BINANCE,TRADE,1904.89,0.0027
2026-07-30 13:49:53,BTCUSDT,BINANCE,TRADE,64014.6,0.00097
2026-07-30 13:49:53,BTCUSDT,BINANCE,TRADE,64014.6,0.002
2026-07-30 13:49:53,BTCUSDT,BINANCE,TRADE,64014.6,8e-05
2026-07-30 13:49:53,BTCUSDT,BINANCE,TRADE,64014.6,0.00171
2026-07-30 13:49:53,SOLUSDT,BINANCE,TRADE,73.43,11.957
2026-07-30 13:49:53,SOLUSDT,BINANCE,TRADE,73.43,15.293
2026-07-30 13:49:53,BTCUSDT,BINANCE,TRADE,64014.6,0.00515
2026-07-30 13:49:53,BTCUSDT,BINANCE,TRADE,64014.6,0.00097
2026-07-30 13:49:53,BTCUSDT,BINANCE,TRADE,64014.6,0.00031
2026-07-30 13:49:53,BTCUSDT,BINANCE,TRADE,64014.6,0.0013
2026-07-30 13:49:53,BTCUSDT,BINANCE,TRADE,64014.6,0.01064
2026-07-30 13:49:53,BTCUSDT,BINANCE,TRADE,64014.6,0.00159
2026-07-30 13:49:53,BTCUSDT,BINANCE,TRADE,64014.6,0.00038
2026-07-30 13:49:53,ETHUSDT,BINANCE,TRADE,1904.89,0.2039
2026-07-30 13:49:53,BTCUSDT,BINANCE,TRADE,64014.6,0.00012
2026-07-30 13:49:53,BTCUSDT,BINANCE,TRADE,64014.6,0.00027
2026-07-30 13:49:53,BTCUSDT,BINANCE,TRADE,64014.6,0.00038
2026-07-30 13:49:53,BTCUSDT,BINANCE,TRADE,64014.6,0.00198
2026-07-30 13:49:53,BTCUSDT,BINANCE,TRADE,64014.6,0.00075
2026-07-30 13:49:53,BTCUSDT,BINANCE,TRADE,64014.6,0.00055
2026-07-30 13:49:53,BTCUSDT,BINANCE,TRADE,64014.6,0.00029
2026-07-30 13:49:53,ETHUSDT,BINANCE,TRADE,1904.88,0.0028
2026-07-30 13:49:53,ETHUSDT,BINANCE,TRADE,1904.88,0.0027
2026-07-30 13:49:53,ETHUSDT,BINANCE,TRADE,1904.88,0.0034
2026-07-30 13:49:53,BTCUSDT,BINANCE,TRADE,64014.6,0.00027
2026-07-30 13:49:53,BTCUSDT,BINANCE,TRADE,64014.6,0.00032
2026-07-30 13:49:53,BTCUSDT,BINANCE,TRADE,64014.6,0.0013
2026-07-30 13:49:53,BTCUSDT,BINANCE,TRADE,64014.6,0.00021
2026-07-30 13:49:53,BTCUSDT,BINANCE,TRADE,64014.6,0.0002
2026-07-30 13:49:53,BTCUSDT,BINANCE,TRADE,64014.6,0.00188
2026-07-30 13:49:53,BTCUSDT,BINANCE,TRADE,64014.6,0.00021
2026-07-30 13:49:53,BTCUSDT,BINANCE,TRADE,64014.6,0.0002
2026-07-30 13:49:53,BTCUSDT,BINANCE,TRADE,64014.6,0.00031
2026-07-30 13:49:53,BTCUSDT,BINANCE,TRADE,64014.6,0.0018
2026-07-30 13:49:53,BTCUSDT,BINANCE,TRADE,64014.6,0.00033
2026-07-30 13:49:53,BTCUSDT,BINANCE,TRADE,64014.6,0.00017
2026-07-30 13:49:53,BTCUSDT,BINANCE,TRADE,64014.6,0.00468
2026-07-30 13:49:53,BTCUSDT,BINANCE,TRADE,64014.6,0.00077
2026-07-30 13:49:53,BTCUSDT,BINANCE,TRADE,64014.6,0.00499
2026-07-30 13:49:53,SOLUSDT,BINANCE,TRADE,73.43,0.072
2026-07-30 13:49:53,SOLUSDT,BINANCE,TRADE,73.43,0.072
2026-07-30 13:49:53,SOLUSDT,BINANCE,TRADE,73.43,0.072
2026-07-30 13:49:53,SOLUSDT,BINANCE,TRADE,73.43,0.072
2026-07-30 13:49:53,SOLUSDT,BINANCE,TRADE,73.43,0.137
2026-07-30 13:49:53,SOLUSDT,BINANCE,TRADE,73.43,0.072
2026-07-30 13:49:53,SOLUSDT,BINANCE,TRADE,73.43,0.072
2026-07-30 13:49:53,SOLUSDT,BINANCE,TRADE,73.43,0.072
2026-07-30 13:49:53,SOLUSDT,BINANCE,TRADE,73.43,0.072
2026-07-30 13:49:53,SOLUSDT,BINANCE,TRADE,73.43,0.072
2026-07-30 13:49:53,SOLUSDT,BINANCE,TRADE,73.43,0.072
2026-07-30 13:49:53,SOLUSDT,BINANCE,TRADE,73.43,2
2026-07-30 13:49:53,SOLUSDT,BINANCE,TRADE,73.43,4
2026-07-30 13:49:53,SOLUSDT,BINANCE,TRADE,73.43,8
2026-07-30 13:49:53,SOLUSDT,BINANCE,TRADE,73.43,1.654
2026-07-30 13:49:53,SOLUSDT,BINANCE,TRADE,73.43,0.277
2026-07-30 13:49:53,SOLUSDT,BINANCE,TRADE,73.43,0.069
2026-07-30 13:49:53,SOLUSDT,BINANCE,TRADE,73.43,6.05
2026-07-30 13:49:53,SOLUSDT,BINANCE,TRADE,73.43,4.333
2026-07-30 13:49:53,BTCUSDT,BINANCE,TRADE,64014.6,0.00017
2026-07-30 13:49:53,BTCUSDT,BINANCE,TRADE,64014.6,0.00129
2026-07-30 13:49:53,BTCUSDT,BINANCE,TRADE,64014.6,0.00024
2026-07-30 13:49:53,BTCUSDT,BINANCE,TRADE,64014.6,0.0013
2026-07-30 13:49:53,ETHUSDT,BINANCE,TRADE,1904.88,0.0019
2026-07-30 13:49:53,ETHUSDT,BINANCE,TRADE,1904.88,0.0063
2026-07-30 13:49:53,BTCUSDT,BINANCE,TRADE,64014.6,0.00037
2026-07-30 13:49:53,BTCUSDT,BINANCE,TRADE,64014.6,0.00029
2026-07-30 13:49:53,BTCUSDT,BINANCE,TRADE,64014.6,0.00103
2026-07-30 13:49:54,BTCUSDT,BINANCE,TRADE,64014.6,0.0003
2026-07-30 13:49:54,ETHUSDT,BINANCE,TRADE,1904.89,0.0472
2026-07-30 13:49:54,ETHUSDT,BINANCE,TRADE,1904.89,0.0109
2026-07-30 13:49:54,BTCUSDT,BINANCE,TRADE,64014.6,0.00314
2026-07-30 13:49:54,SOLUSDT,BINANCE,TRADE,73.43,3.675
2026-07-30 13:49:54,BTCUSDT,BINANCE,TRADE,64014.6,0.002
2026-07-30 13:49:54,BTCUSDT,BINANCE,TRADE,64014.6,0.001
2026-07-30 13:49:54,BTCUSDT,BINANCE,TRADE,64014.6,0.00296
2026-07-30 13:49:54,BTCUSDT,BINANCE,TRADE,64014.6,0.01434
2026-07-30 13:49:54,BTCUSDT,BINANCE,TRADE,64014.6,0.01279
2026-07-30 13:49:54,ETHUSDT,BINANCE,TRADE,1904.88,0.0027
2026-07-30 13:49:54,ETHUSDT,BINANCE,TRADE,1904.88,0.0027
2026-07-30 13:49:54,ETHUSDT,BINANCE,TRADE,1904.88,0.0031
2026-07-30 13:49:54,ETHUSDT,BINANCE,TRADE,1904.88,0.0027
2026-07-30 13:49:54,ETHUSDT,BINANCE,TRADE,1904.88,0.0027
2026-07-30 13:49:54,ETHUSDT,BINANCE,TRADE,1904.88,0.0027
2026-07-30 13:49:54,ETHUSDT,BINANCE,TRADE,1904.88,0.0028
2026-07-30 13:49:54,ETHUSDT,BINANCE,TRADE,1904.88,0.0031
2026-07-30 13:49:54,ETHUSDT,BINANCE,TRADE,1904.88,0.0027
2026-07-30 13:49:54,ETHUSDT,BINANCE,TRADE,1904.88,0.0027
2026-07-30 13:49:54,ETHUSDT,BINANCE,TRADE,1904.88,0.0028
2026-07-30 13:49:54,ETHUSDT,BINANCE,TRADE,1904.88,0.0027
2026-07-30 13:49:54,ETHUSDT,BINANCE,TRADE,1904.88,0.0053
2026-07-30 13:49:54,ETHUSDT,BINANCE,TRADE,1904.88,0.0027
2026-07-30 13:49:54,ETHUSDT,BINANCE,TRADE,1904.88,0.0027
2026-07-30 13:49:54,ETHUSDT,BINANCE,TRADE,1904.88,0.0027
2026-07-30 13:49:54,ETHUSDT,BINANCE,TRADE,1904.88,0.0027
2026-07-30 13:49:54,ETHUSDT,BINANCE,TRADE,1904.88,0.0027
2026-07-30 13:49:54,ETHUSDT,BINANCE,TRADE,1904.88,0.0027
2026-07-30 13:49:54,ETHUSDT,BINANCE,TRADE,1904.88,0.0027
2026-07-30 13:49:54,ETHUSDT,BINANCE,TRADE,1904.88,0.0027
2026-07-30 13:49:54,ETHUSDT,BINANCE,TRADE,1904.88,0.0027
2026-07-30 13:49:54,ETHUSDT,BINANCE,TRADE,1904.88,0.0027
2026-07-30 13:49:54,ETHUSDT,BINANCE,TRADE,1904.88,0.0027
2026-07-30 13:49:54,ETHUSDT,BINANCE,TRADE,1904.87,0.0027
2026-07-30 13:49:54,ETHUSDT,BINANCE,TRADE,1904.87,0.0028
2026-07-30 13:49:54,ETHUSDT,BINANCE,TRADE,1904.87,0.0027
2026-07-30 13:49:54,ETHUSDT,BINANCE,TRADE,1904.87,0.0027
2026-07-30 13:49:54,ETHUSDT,BINANCE,TRADE,1904.87,0.0027
2026-07-30 13:49:54,ETHUSDT,BINANCE,TRADE,1904.87,0.0053
2026-07-30 13:49:54,ETHUSDT,BINANCE,TRADE,1904.87,0.0027
2026-07-30 13:49:54,ETHUSDT,BINANCE,TRADE,1904.87,0.0027
2026-07-30 13:49:54,ETHUSDT,BINANCE,TRADE,1904.86,0.0028
2026-07-30 13:49:54,ETHUSDT,BINANCE,TRADE,1904.86,0.0028
2026-07-30 13:49:54,ETHUSDT,BINANCE,TRADE,1904.86,0.0028
2026-07-30 13:49:54,ETHUSDT,BINANCE,TRADE,1904.86,0.0027
2026-07-30 13:49:54,ETHUSDT,BINANCE,TRADE,1904.86,0.0053
2026-07-30 13:49:54,ETHUSDT,BINANCE,TRADE,1904.86,0.0028
2026-07-30 13:49:54,ETHUSDT,BINANCE,TRADE,1904.85,0.0027
2026-07-30 13:49:54,ETHUSDT,BINANCE,TRADE,1904.85,0.0027
2026-07-30 13:49:54,ETHUSDT,BINANCE,TRADE,1904.85,0.0027
2026-07-30 13:49:54,ETHUSDT,BINANCE,TRADE,1904.85,0.0027
2026-07-30 13:49:54,ETHUSDT,BINANCE,TRADE,1904.85,0.0027
2026-07-30 13:49:54,ETHUSDT,BINANCE,TRADE,1904.85,0.6369
2026-07-30 13:49:54,ETHUSDT,BINANCE,TRADE,1904.85,0.0027
2026-07-30 13:49:54,ETHUSDT,BINANCE,TRADE,1904.85,0.0028
2026-07-30 13:49:54,ETHUSDT,BINANCE,TRADE,1904.85,0.0027
2026-07-30 13:49:54,ETHUSDT,BINANCE,TRADE,1904.85,0.004
2026-07-30 13:49:54,ETHUSDT,BINANCE,TRADE,1904.85,0.0028
2026-07-30 13:49:54,ETHUSDT,BINANCE,TRADE,1904.85,0.0028
2026-07-30 13:49:54,ETHUSDT,BINANCE,TRADE,1904.85,0.0027
2026-07-30 13:49:54,ETHUSDT,BINANCE,TRADE,1904.85,0.0027
2026-07-30 13:49:54,ETHUSDT,BINANCE,TRADE,1904.85,0.0027
2026-07-30 13:49:54,ETHUSDT,BINANCE,TRADE,1904.85,0.0027
2026-07-30 13:49:54,ETHUSDT,BINANCE,TRADE,1904.85,0.0027
2026-07-30 13:49:54,ETHUSDT,BINANCE,TRADE,1904.85,0.0028
2026-07-30 13:49:54,ETHUSDT,BINANCE,TRADE,1904.85,0.0027
2026-07-30 13:49:54,ETHUSDT,BINANCE,TRADE,1904.85,0.0027
2026-07-30 13:49:54,ETHUSDT,BINANCE,TRADE,1904.85,0.0027
2026-07-30 13:49:54,ETHUSDT,BINANCE,TRADE,1904.85,0.0027
2026-07-30 13:49:54,ETHUSDT,BINANCE,TRADE,1904.85,0.0027
2026-07-30 13:49:54,ETHUSDT,BINANCE,TRADE,1904.85,0.0027
2026-07-30 13:49:54,ETHUSDT,BINANCE,TRADE,1904.85,0.0027
2026-07-30 13:49:54,ETHUSDT,BINANCE,TRADE,1904.85,0.0027
2026-07-30 13:49:54,ETHUSDT,BINANCE,TRADE,1904.85,0.0027
2026-07-30 13:49:54,ETHUSDT,BINANCE,TRADE,1904.85,0.0027
2026-07-30 13:49:54,ETHUSDT,BINANCE,TRADE,1904.85,0.0027
2026-07-30 13:49:54,ETHUSDT,BINANCE,TRADE,1904.85,0.0027
2026-07-30 13:49:54,ETHUSDT,BINANCE,TRADE,1904.84,0.0028
2026-07-30 13:49:54,ETHUSDT,BINANCE,TRADE,1904.84,0.0495
2026-07-30 13:49:54,BTCUSDT,BINANCE,TRADE,64014.6,0.00027
2026-07-30 13:49:54,BTCUSDT,BINANCE,TRADE,64014.6,0.0013
2026-07-30 13:49:54,BTCUSDT,BINANCE,TRADE,64014.6,0.00029
2026-07-30 13:49:54,ETHUSDT,BINANCE,TRADE,1904.84,0.0027
2026-07-30 13:49:54,ETHUSDT,BINANCE,TRADE,1904.84,0.0027
2026-07-30 13:49:54,ETHUSDT,BINANCE,TRADE,1904.84,0.0031
2026-07-30 13:49:54,ETHUSDT,BINANCE,TRADE,1904.84,0.0031
2026-07-30 13:49:54,ETHUSDT,BINANCE,TRADE,1904.84,0.0031
2026-07-30 13:49:54,ETHUSDT,BINANCE,TRADE,1904.84,0.0027
2026-07-30 13:49:54,ETHUSDT,BINANCE,TRADE,1904.84,0.0027
2026-07-30 13:49:54,ETHUSDT,BINANCE,TRADE,1904.84,0.0027
2026-07-30 13:49:54,ETHUSDT,BINANCE,TRADE,1904.84,0.0027
2026-07-30 13:49:54,ETHUSDT,BINANCE,TRADE,1904.84,0.0027
2026-07-30 13:49:54,ETHUSDT,BINANCE,TRADE,1904.84,0.0027
2026-07-30 13:49:54,ETHUSDT,BINANCE,TRADE,1904.84,0.0027
2026-07-30 13:49:54,ETHUSDT,BINANCE,TRADE,1904.84,0.0027
2026-07-30 13:49:54,ETHUSDT,BINANCE,TRADE,1904.84,0.0053
2026-07-30 13:49:54,ETHUSDT,BINANCE,TRADE,1904.84,0.0028
2026-07-30 13:49:54,ETHUSDT,BINANCE,TRADE,1904.84,0.0028
2026-07-30 13:49:54,ETHUSDT,BINANCE,TRADE,1904.84,0.0027
2026-07-30 13:49:54,ETHUSDT,BINANCE,TRADE,1904.84,0.0027
2026-07-30 13:49:54,ETHUSDT,BINANCE,TRADE,1904.83,0.0027
2026-07-30 13:49:54,ETHUSDT,BINANCE,TRADE,1904.83,0.0027
2026-07-30 13:49:54,ETHUSDT,BINANCE,TRADE,1904.83,0.0027
2026-07-30 13:49:54,ETHUSDT,BINANCE,TRADE,1904.83,0.0027
2026-07-30 13:49:54,ETHUSDT,BINANCE,TRADE,1904.83,0.0053
2026-07-30 13:49:54,ETHUSDT,BINANCE,TRADE,1904.83,0.0028
2026-07-30 13:49:54,ETHUSDT,BINANCE,TRADE,1904.82,0.0053
2026-07-30 13:49:54,ETHUSDT,BINANCE,TRADE,1904.82,0.0028
2026-07-30 13:49:54,ETHUSDT,BINANCE,TRADE,1904.81,0.0028
2026-07-30 13:49:54,ETHUSDT,BINANCE,TRADE,1904.81,0.0028
2026-07-30 13:49:54,ETHUSDT,BINANCE,TRADE,1904.81,0.0028
2026-07-30 13:49:54,ETHUSDT,BINANCE,TRADE,1904.81,0.0028
2026-07-30 13:49:54,BTCUSDT,BINANCE,TRADE,64014.6,0.00057
2026-07-30 13:49:54,BTCUSDT,BINANCE,TRADE,64014.6,0.00021
2026-07-30 13:49:54,BTCUSDT,BINANCE,TRADE,64014.6,0.00102
2026-07-30 13:49:54,BTCUSDT,BINANCE,TRADE,64014.6,0.00209
2026-07-30 13:49:54,BTCUSDT,BINANCE,TRADE,64014.6,0.00102
2026-07-30 13:49:54,BTCUSDT,BINANCE,TRADE,64014.6,0.00031
2026-07-30 13:49:54,BTCUSDT,BINANCE,TRADE,64014.6,0.004
2026-07-30 13:49:54,BTCUSDT,BINANCE,TRADE,64014.6,0.0029
2026-07-30 13:49:54,BTCUSDT,BINANCE,TRADE,64014.6,0.00023
2026-07-30 13:49:54,BTCUSDT,BINANCE,TRADE,64014.6,0.00065
2026-07-30 13:49:54,BTCUSDT,BINANCE,TRADE,64014.6,0.00537
2026-07-30 13:49:54,SOLUSDT,BINANCE,TRADE,73.43,0.072
2026-07-30 13:49:54,SOLUSDT,BINANCE,TRADE,73.43,0.069
2026-07-30 13:49:54,SOLUSDT,BINANCE,TRADE,73.43,0.072
2026-07-30 13:49:54,SOLUSDT,BINANCE,TRADE,73.43,0.072
2026-07-30 13:49:54,SOLUSDT,BINANCE,TRADE,73.43,0.072
2026-07-30 13:49:54,SOLUSDT,BINANCE,TRADE,73.43,0.072
2026-07-30 13:49:54,SOLUSDT,BINANCE,TRADE,73.43,0.072
2026-07-30 13:49:54,SOLUSDT,BINANCE,TRADE,73.43,0.137
2026-07-30 13:49:54,SOLUSDT,BINANCE,TRADE,73.43,0.072
2026-07-30 13:49:54,SOLUSDT,BINANCE,TRADE,73.43,0.072
2026-07-30 13:49:54,SOLUSDT,BINANCE,TRADE,73.43,0.072
2026-07-30 13:49:54,SOLUSDT,BINANCE,TRADE,73.43,0.072
2026-07-30 13:49:54,SOLUSDT,BINANCE,TRADE,73.43,8
2026-07-30 13:49:54,SOLUSDT,BINANCE,TRADE,73.43,4
2026-07-30 13:49:54,SOLUSDT,BINANCE,TRADE,73.43,2
2026-07-30 13:49:54,SOLUSDT,BINANCE,TRADE,73.43,0.07
2026-07-30 13:49:54,SOLUSDT,BINANCE,TRADE,73.43,12.254
2026-07-30 13:49:54,BTCUSDT,BINANCE,TRADE,64014.6,0.00098
2026-07-30 13:49:54,BTCUSDT,BINANCE,TRADE,64014.6,0.00195
2026-07-30 13:49:54,BTCUSDT,BINANCE,TRADE,64014.6,0.00032
2026-07-30 13:49:54,BTCUSDT,BINANCE,TRADE,64014.6,0.0013
2026-07-30 13:49:54,BTCUSDT,BINANCE,TRADE,64014.6,8e-05
2026-07-30 13:49:54,BTCUSDT,BINANCE,TRADE,64014.6,0.00012
2026-07-30 13:49:54,BTCUSDT,BINANCE,TRADE,64014.6,0.00098
2026-07-30 13:49:54,BTCUSDT,BINANCE,TRADE,64014.6,0.00031
2026-07-30 13:49:54,BTCUSDT,BINANCE,TRADE,64014.6,0.002
2026-07-30 13:49:54,BTCUSDT,BINANCE,TRADE,64014.6,0.00515
2026-07-30 13:49:54,BTCUSDT,BINANCE,TRADE,64014.6,0.00029
2026-07-30 13:49:54,BTCUSDT,BINANCE,TRADE,64014.6,0.00102
2026-07-30 13:49:54,BTCUSDT,BINANCE,TRADE,64014.6,0.00157
2026-07-30 13:49:54,BTCUSDT,BINANCE,TRADE,64014.6,0.0013
2026-07-30 13:49:54,ETHUSDT,BINANCE,TRADE,1904.81,0.0429
2026-07-30 13:49:54,BTCUSDT,BINANCE,TRADE,64014.6,0.00499
2026-07-30 13:49:54,BTCUSDT,BINANCE,TRADE,64014.6,0.002
2026-07-30 13:49:54,BTCUSDT,BINANCE,TRADE,64014.6,0.00135
2026-07-30 13:49:54,BTCUSDT,BINANCE,TRADE,64014.6,0.00156
2026-07-30 13:49:54,ETHUSDT,BINANCE,TRADE,1904.81,0.0338
2026-07-30 13:49:54,BTCUSDT,BINANCE,TRADE,64014.6,0.00027
2026-07-30 13:49:54,BTCUSDT,BINANCE,TRADE,64014.6,0.00032
2026-07-30 13:49:54,BTCUSDT,BINANCE,TRADE,64014.6,0.00102
2026-07-30 13:49:54,BTCUSDT,BINANCE,TRADE,64014.6,0.002
2026-07-30 13:49:54,BTCUSDT,BINANCE,TRADE,64014.6,0.00037
2026-07-30 13:49:54,BTCUSDT,BINANCE,TRADE,64014.6,0.00013
2026-07-30 13:49:55,ETHUSDT,BINANCE,TRADE,1904.81,0.0151
2026-07-30 13:49:55,BTCUSDT,BINANCE,TRADE,64014.6,0.00521
2026-07-30 13:49:55,BTCUSDT,BINANCE,TRADE,64014.6,0.00086
2026-07-30 13:49:55,BTCUSDT,BINANCE,TRADE,64014.6,0.00104
2026-07-30 13:49:55,BTCUSDT,BINANCE,TRADE,64014.6,0.00139
2026-07-30 13:49:55,BTCUSDT,BINANCE,TRADE,64014.6,0.00021
2026-07-30 13:49:55,BTCUSDT,BINANCE,TRADE,64014.6,0.00021
2026-07-30 13:49:55,BTCUSDT,BINANCE,TRADE,64014.6,0.00118
2026-07-30 13:49:55,ETHUSDT,BINANCE,TRADE,1904.8,0.0027
2026-07-30 13:49:55,ETHUSDT,BINANCE,TRADE,1904.8,0.0022
2026-07-30 13:49:55,BTCUSDT,BINANCE,TRADE,64014.6,0.00509
2026-07-30 13:49:55,BTCUSDT,BINANCE,TRADE,64014.6,0.00104
2026-07-30 13:49:55,BTCUSDT,BINANCE,TRADE,64014.6,0.00418
2026-07-30 13:49:55,BTCUSDT,BINANCE,TRADE,64014.6,0.01874
2026-07-30 13:49:55,BTCUSDT,BINANCE,TRADE,64014.6,0.00027
2026-07-30 13:49:55,BTCUSDT,BINANCE,TRADE,64014.6,0.01064
2026-07-30 13:49:55,ETHUSDT,BINANCE,TRADE,1904.81,0.0163
2026-07-30 13:49:55,BTCUSDT,BINANCE,TRADE,64014.6,0.00045
2026-07-30 13:49:55,BTCUSDT,BINANCE,TRADE,64014.6,0.0013
2026-07-30 13:49:55,BTCUSDT,BINANCE,TRADE,64014.6,0.00033
2026-07-30 13:49:55,SOLUSDT,BINANCE,TRADE,73.43,24.566
2026-07-30 13:49:55,SOLUSDT,BINANCE,TRADE,73.43,0.072
2026-07-30 13:49:55,SOLUSDT,BINANCE,TRADE,73.43,0.072
2026-07-30 13:49:55,SOLUSDT,BINANCE,TRADE,73.43,0.072
2026-07-30 13:49:55,SOLUSDT,BINANCE,TRADE,73.43,0.07
2026-07-30 13:49:55,SOLUSDT,BINANCE,TRADE,73.43,0.072
2026-07-30 13:49:55,SOLUSDT,BINANCE,TRADE,73.43,0.137
2026-07-30 13:49:55,SOLUSDT,BINANCE,TRADE,73.43,0.072
2026-07-30 13:49:55,SOLUSDT,BINANCE,TRADE,73.43,0.072
2026-07-30 13:49:55,SOLUSDT,BINANCE,TRADE,73.43,0.072
2026-07-30 13:49:55,SOLUSDT,BINANCE,TRADE,73.43,0.072
2026-07-30 13:49:55,SOLUSDT,BINANCE,TRADE,73.43,0.072
2026-07-30 13:49:55,SOLUSDT,BINANCE,TRADE,73.43,0.069
2026-07-30 13:49:55,SOLUSDT,BINANCE,TRADE,73.43,0.072
2026-07-30 13:49:55,SOLUSDT,BINANCE,TRADE,73.43,1.688
2026-07-30 13:49:55,ETHUSDT,BINANCE,TRADE,1904.8,0.001
2026-07-30 13:49:55,ETHUSDT,BINANCE,TRADE,1904.8,0.0028
2026-07-30 13:49:55,ETHUSDT,BINANCE,TRADE,1904.8,0.0028
2026-07-30 13:49:55,ETHUSDT,BINANCE,TRADE,1904.8,0.0028
2026-07-30 13:49:55,ETHUSDT,BINANCE,TRADE,1904.8,0.0015
2026-07-30 13:49:55,BTCUSDT,BINANCE,TRADE,64014.6,0.00015
2026-07-30 13:49:55,BTCUSDT,BINANCE,TRADE,64014.6,0.0002
2026-07-30 13:49:55,BTCUSDT,BINANCE,TRADE,64014.6,0.0022
2026-07-30 13:49:55,BTCUSDT,BINANCE,TRADE,64014.6,0.00031
2026-07-30 13:49:55,BTCUSDT,BINANCE,TRADE,64014.6,0.0013
2026-07-30 13:49:55,BTCUSDT,BINANCE,TRADE,64014.6,0.0003
2026-07-30 13:49:55,BTCUSDT,BINANCE,TRADE,64014.6,0.00055
2026-07-30 13:49:55,BTCUSDT,BINANCE,TRADE,64014.6,0.00198
2026-07-30 13:49:55,BTCUSDT,BINANCE,TRADE,64014.6,0.00026
2026-07-30 13:49:55,BTCUSDT,BINANCE,TRADE,64014.6,0.00024
2026-07-30 13:49:55,BTCUSDT,BINANCE,TRADE,64014.6,0.00029
2026-07-30 13:49:55,BTCUSDT,BINANCE,TRADE,64014.6,0.00017
2026-07-30 13:49:55,BTCUSDT,BINANCE,TRADE,64014.6,0.00027
2026-07-30 13:49:55,BTCUSDT,BINANCE,TRADE,64014.6,0.00021
2026-07-30 13:49:55,BTCUSDT,BINANCE,TRADE,64014.6,0.00137
2026-07-30 13:49:55,BTCUSDT,BINANCE,TRADE,64014.6,0.00038
2026-07-30 13:49:55,BTCUSDT,BINANCE,TRADE,64014.6,0.00076
2026-07-30 13:49:55,BTCUSDT,BINANCE,TRADE,64014.6,0.00032
2026-07-30 13:49:55,BTCUSDT,BINANCE,TRADE,64014.6,0.00296
2026-07-30 13:49:55,BTCUSDT,BINANCE,TRADE,64014.6,0.00038
2026-07-30 13:49:55,BTCUSDT,BINANCE,TRADE,64014.6,0.0014
2026-07-30 13:49:55,SOLUSDT,BINANCE,TRADE,73.43,0.134
2026-07-30 13:49:55,BTCUSDT,BINANCE,TRADE,64014.6,0.00037
2026-07-30 13:49:55,BTCUSDT,BINANCE,TRADE,64014.6,3e-05
2026-07-30 13:49:55,BTCUSDT,BINANCE,TRADE,64014.6,0.003
2026-07-30 13:49:55,BTCUSDT,BINANCE,TRADE,64014.6,0.00212
2026-07-30 13:49:55,BTCUSDT,BINANCE,TRADE,64014.6,0.0013
2026-07-30 13:49:55,BTCUSDT,BINANCE,TRADE,64014.6,0.00031
2026-07-30 13:49:56,BTCUSDT,BINANCE,TRADE,64014.6,0.00499
2026-07-30 13:49:56,SOLUSDT,BINANCE,TRADE,73.43,0.178
2026-07-30 13:49:56,SOLUSDT,BINANCE,TRADE,73.43,8
2026-07-30 13:49:56,SOLUSDT,BINANCE,TRADE,73.43,1.382
2026-07-30 13:49:56,SOLUSDT,BINANCE,TRADE,73.43,2.618
2026-07-30 13:49:56,SOLUSDT,BINANCE,TRADE,73.43,0.277
2026-07-30 13:49:56,SOLUSDT,BINANCE,TRADE,73.43,0.072
2026-07-30 13:49:56,SOLUSDT,BINANCE,TRADE,73.43,0.07
2026-07-30 13:49:56,SOLUSDT,BINANCE,TRADE,73.43,0.072
2026-07-30 13:49:56,SOLUSDT,BINANCE,TRADE,73.43,0.072
2026-07-30 13:49:56,SOLUSDT,BINANCE,TRADE,73.43,0.072
2026-07-30 13:49:56,SOLUSDT,BINANCE,TRADE,73.43,0.072
2026-07-30 13:49:56,SOLUSDT,BINANCE,TRADE,73.43,0.072
2026-07-30 13:49:56,SOLUSDT,BINANCE,TRADE,73.43,0.072
2026-07-30 13:49:56,SOLUSDT,BINANCE,TRADE,73.43,0.072
2026-07-30 13:49:56,SOLUSDT,BINANCE,TRADE,73.43,0.072
2026-07-30 13:49:56,SOLUSDT,BINANCE,TRADE,73.43,0.072
2026-07-30 13:49:56,SOLUSDT,BINANCE,TRADE,73.43,0.137
2026-07-30 13:49:56,SOLUSDT,BINANCE,TRADE,73.43,0.069
2026-07-30 13:49:56,SOLUSDT,BINANCE,TRADE,73.43,0.072
2026-07-30 13:49:56,SOLUSDT,BINANCE,TRADE,73.43,0.072
2026-07-30 13:49:56,SOLUSDT,BINANCE,TRADE,73.43,0.072
2026-07-30 13:49:56,SOLUSDT,BINANCE,TRADE,73.42,13.573
2026-07-30 13:49:56,BTCUSDT,BINANCE,TRADE,64014.6,0.00188
2026-07-30 13:49:56,BTCUSDT,BINANCE,TRADE,64014.6,0.00088
2026-07-30 13:49:56,BTCUSDT,BINANCE,TRADE,64014.6,0.00042
2026-07-30 13:49:56,BTCUSDT,BINANCE,TRADE,64014.6,8e-05
2026-07-30 13:49:56,BTCUSDT,BINANCE,TRADE,64014.6,0.00029
2026-07-30 13:49:56,BTCUSDT,BINANCE,TRADE,64014.6,0.00101
2026-07-30 13:49:56,BTCUSDT,BINANCE,TRADE,64014.6,0.0003
2026-07-30 13:49:56,BTCUSDT,BINANCE,TRADE,64014.6,0.00014
2026-07-30 13:49:56,BTCUSDT,BINANCE,TRADE,64014.6,0.00101
2026-07-30 13:49:56,ETHUSDT,BINANCE,TRADE,1904.8,0.0338
2026-07-30 13:49:56,BTCUSDT,BINANCE,TRADE,64014.6,0.00026
2026-07-30 13:49:56,BTCUSDT,BINANCE,TRADE,64014.6,0.00079
2026-07-30 13:49:56,BTCUSDT,BINANCE,TRADE,64014.6,0.00141
2026-07-30 13:49:56,BTCUSDT,BINANCE,TRADE,64014.6,0.003
2026-07-30 13:49:56,BTCUSDT,BINANCE,TRADE,64014.6,0.01
2026-07-30 13:49:56,BTCUSDT,BINANCE,TRADE,64014.6,0.00042
2026-07-30 13:49:56,ETHUSDT,BINANCE,TRADE,1904.81,0.0311
2026-07-30 13:49:56,BTCUSDT,BINANCE,TRADE,64014.6,0.002
2026-07-30 13:49:56,BTCUSDT,BINANCE,TRADE,64014.6,0.00058
2026-07-30 13:49:56,BTCUSDT,BINANCE,TRADE,64014.6,0.005
2026-07-30 13:49:56,BTCUSDT,BINANCE,TRADE,64014.6,0.00442
2026-07-30 13:49:56,ETHUSDT,BINANCE,TRADE,1904.8,0.5627
2026-07-30 13:49:56,ETHUSDT,BINANCE,TRADE,1904.8,0.0027
2026-07-30 13:49:56,ETHUSDT,BINANCE,TRADE,1904.8,0.0027
2026-07-30 13:49:56,ETHUSDT,BINANCE,TRADE,1904.8,0.0027
2026-07-30 13:49:56,ETHUSDT,BINANCE,TRADE,1904.8,0.0027
2026-07-30 13:49:56,ETHUSDT,BINANCE,TRADE,1904.8,0.0031
2026-07-30 13:49:56,ETHUSDT,BINANCE,TRADE,1904.8,0.0027
2026-07-30 13:49:56,ETHUSDT,BINANCE,TRADE,1904.8,0.0031
2026-07-30 13:49:56,ETHUSDT,BINANCE,TRADE,1904.8,0.0028
2026-07-30 13:49:56,ETHUSDT,BINANCE,TRADE,1904.8,0.0027
2026-07-30 13:49:56,ETHUSDT,BINANCE,TRADE,1904.8,0.0027
2026-07-30 13:49:56,ETHUSDT,BINANCE,TRADE,1904.8,0.0027
2026-07-30 13:49:56,ETHUSDT,BINANCE,TRADE,1904.8,0.0027
2026-07-30 13:49:56,ETHUSDT,BINANCE,TRADE,1904.8,0.0027
2026-07-30 13:49:56,ETHUSDT,BINANCE,TRADE,1904.8,0.0027
2026-07-30 13:49:56,ETHUSDT,BINANCE,TRADE,1904.8,0.0028
2026-07-30 13:49:56,ETHUSDT,BINANCE,TRADE,1904.8,0.0053
2026-07-30 13:49:56,ETHUSDT,BINANCE,TRADE,1904.8,0.0032
2026-07-30 13:49:56,ETHUSDT,BINANCE,TRADE,1904.8,0.0027
2026-07-30 13:49:56,ETHUSDT,BINANCE,TRADE,1904.8,0.0027
2026-07-30 13:49:56,ETHUSDT,BINANCE,TRADE,1904.79,0.0028
2026-07-30 13:49:56,ETHUSDT,BINANCE,TRADE,1904.79,0.0028
2026-07-30 13:49:56,ETHUSDT,BINANCE,TRADE,1904.79,0.0027
2026-07-30 13:49:56,ETHUSDT,BINANCE,TRADE,1904.79,0.0028
2026-07-30 13:49:56,ETHUSDT,BINANCE,TRADE,1904.79,0.0027
2026-07-30 13:49:56,ETHUSDT,BINANCE,TRADE,1904.79,0.0027
2026-07-30 13:49:56,ETHUSDT,BINANCE,TRADE,1904.79,0.0053
2026-07-30 13:49:56,ETHUSDT,BINANCE,TRADE,1904.79,0.009
2026-07-30 13:49:56,ETHUSDT,BINANCE,TRADE,1904.79,0.0027
2026-07-30 13:49:56,ETHUSDT,BINANCE,TRADE,1904.79,0.0027
2026-07-30 13:49:56,ETHUSDT,BINANCE,TRADE,1904.79,0.0028
2026-07-30 13:49:56,BTCUSDT,BINANCE,TRADE,64014.6,0.00058
2026-07-30 13:49:56,BTCUSDT,BINANCE,TRADE,64014.6,0.00126
2026-07-30 13:49:56,BTCUSDT,BINANCE,TRADE,64014.6,0.00126
2026-07-30 13:49:56,BTCUSDT,BINANCE,TRADE,64014.6,0.005
2026-07-30 13:49:56,BTCUSDT,BINANCE,TRADE,64014.6,0.00256
2026-07-30 13:49:56,BTCUSDT,BINANCE,TRADE,64014.6,0.005
2026-07-30 13:49:56,BTCUSDT,BINANCE,TRADE,64014.6,0.00025
2026-07-30 13:49:56,BTCUSDT,BINANCE,TRADE,64014.6,0.0001
2026-07-30 13:49:56,BTCUSDT,BINANCE,TRADE,64014.6,8e-05
2026-07-30 13:49:56,BTCUSDT,BINANCE,TRADE,64014.6,8e-05
2026-07-30 13:49:56,BTCUSDT,BINANCE,TRADE,64014.6,8e-05
2026-07-30 13:49:56,BTCUSDT,BINANCE,TRADE,64014.6,8e-05
2026-07-30 13:49:56,BTCUSDT,BINANCE,TRADE,64014.6,8e-05
2026-07-30 13:49:56,BTCUSDT,BINANCE,TRADE,64014.6,8e-05
2026-07-30 13:49:56,BTCUSDT,BINANCE,TRADE,64014.6,8e-05
2026-07-30 13:49:56,BTCUSDT,BINANCE,TRADE,64014.6,8e-05
2026-07-30 13:49:56,BTCUSDT,BINANCE,TRADE,64014.6,8e-05
2026-07-30 13:49:56,BTCUSDT,BINANCE,TRADE,64014.6,8e-05
2026-07-30 13:49:56,BTCUSDT,BINANCE,TRADE,64014.6,9e-05
2026-07-30 13:49:56,BTCUSDT,BINANCE,TRADE,64014.6,8e-05
2026-07-30 13:49:56,BTCUSDT,BINANCE,TRADE,64014.6,0.00016
2026-07-30 13:49:56,BTCUSDT,BINANCE,TRADE,64014.6,8e-05
2026-07-30 13:49:56,BTCUSDT,BINANCE,TRADE,64014.6,0.003
2026-07-30 13:49:56,BTCUSDT,BINANCE,TRADE,64014.6,0.00044
2026-07-30 13:49:56,BTCUSDT,BINANCE,TRADE,64014.6,0.0001
2026-07-30 13:49:56,BTCUSDT,BINANCE,TRADE,64014.6,0.00021
2026-07-30 13:49:56,BTCUSDT,BINANCE,TRADE,64014.6,0.00446
2026-07-30 13:49:56,BTCUSDT,BINANCE,TRADE,64014.6,0.00054
2026-07-30 13:49:56,ETHUSDT,BINANCE,TRADE,1904.79,0.0109
2026-07-30 13:49:56,BTCUSDT,BINANCE,TRADE,64014.6,0.00029
2026-07-30 13:49:56,ETHUSDT,BINANCE,TRADE,1904.78,0.0027
2026-07-30 13:49:56,ETHUSDT,BINANCE,TRADE,1904.78,0.0003
2026-07-30 13:49:56,BTCUSDT,BINANCE,TRADE,64014.6,0.00021
2026-07-30 13:49:56,BTCUSDT,BINANCE,TRADE,64014.6,0.00096
2026-07-30 13:49:56,BTCUSDT,BINANCE,TRADE,64014.6,0.003
2026-07-30 13:49:56,BTCUSDT,BINANCE,TRADE,64014.6,0.002
2026-07-30 13:49:56,BTCUSDT,BINANCE,TRADE,64014.6,0.00065
2026-07-30 13:49:56,BTCUSDT,BINANCE,TRADE,64014.6,0.01434
2026-07-30 13:49:56,BTCUSDT,BINANCE,TRADE,64014.6,0.00157
2026-07-30 13:49:56,BTCUSDT,BINANCE,TRADE,64014.6,0.00035
2026-07-30 13:49:56,BTCUSDT,BINANCE,TRADE,64014.6,0.00069
2026-07-30 13:49:56,ETHUSDT,BINANCE,TRADE,1904.79,0.2
2026-07-30 13:49:56,BTCUSDT,BINANCE,TRADE,64014.6,0.00017
2026-07-30 13:49:56,BTCUSDT,BINANCE,TRADE,64014.6,0.0029
2026-07-30 13:49:56,BTCUSDT,BINANCE,TRADE,64014.6,0.00096
2026-07-30 13:49:56,BTCUSDT,BINANCE,TRADE,64014.6,0.0013
2026-07-30 13:49:56,BTCUSDT,BINANCE,TRADE,64014.6,0.00509
2026-07-30 13:49:56,BTCUSDT,BINANCE,TRADE,64014.6,0.0012
2026-07-30 13:49:56,SOLUSDT,BINANCE,TRADE,73.42,23.897
2026-07-30 13:49:56,SOLUSDT,BINANCE,TRADE,73.42,3.353
2026-07-30 13:49:56,BTCUSDT,BINANCE,TRADE,64014.6,0.06298
2026-07-30 13:49:56,ETHUSDT,BINANCE,TRADE,1904.79,0.0178
2026-07-30 13:49:56,BTCUSDT,BINANCE,TRADE,64014.6,0.00031
2026-07-30 13:49:56,BTCUSDT,BINANCE,TRADE,64014.6,0.00097
2026-07-30 13:49:56,BTCUSDT,BINANCE,TRADE,64014.6,0.00079
2026-07-30 13:49:56,BTCUSDT,BINANCE,TRADE,64014.6,0.0013
2026-07-30 13:49:56,BTCUSDT,BINANCE,TRADE,64014.6,0.00054
2026-07-30 13:49:56,BTCUSDT,BINANCE,TRADE,64014.6,0.00166
2026-07-30 13:49:56,BTCUSDT,BINANCE,TRADE,64014.6,0.00097
2026-07-30 13:49:56,BTCUSDT,BINANCE,TRADE,64014.6,0.00537
2026-07-30 13:49:56,ETHUSDT,BINANCE,TRADE,1904.78,0.0024
2026-07-30 13:49:56,ETHUSDT,BINANCE,TRADE,1904.78,0.0027
2026-07-30 13:49:56,ETHUSDT,BINANCE,TRADE,1904.78,0.0027
2026-07-30 13:49:56,ETHUSDT,BINANCE,TRADE,1904.78,0.0351
2026-07-30 13:49:57,BTCUSDT,BINANCE,TRADE,64014.6,0.00031
2026-07-30 13:49:57,BTCUSDT,BINANCE,TRADE,64014.6,0.00096
2026-07-30 13:49:57,BTCUSDT,BINANCE,TRADE,64014.6,0.00037
2026-07-30 13:49:57,BTCUSDT,BINANCE,TRADE,64014.6,0.00029
2026-07-30 13:49:57,BTCUSDT,BINANCE,TRADE,64014.6,0.00033
2026-07-30 13:49:57,BTCUSDT,BINANCE,TRADE,64014.6,0.00209
2026-07-30 13:49:57,BTCUSDT,BINANCE,TRADE,64014.6,0.00075
2026-07-30 13:49:57,BTCUSDT,BINANCE,TRADE,64014.6,0.00096
2026-07-30 13:49:57,BTCUSDT,BINANCE,TRADE,64014.6,0.01559
2026-07-30 13:49:57,BTCUSDT,BINANCE,TRADE,64014.6,0.04846
2026-07-30 13:49:57,BTCUSDT,BINANCE,TRADE,64014.6,0.01874
2026-07-30 13:49:57,BTCUSDT,BINANCE,TRADE,64014.6,0.00027
2026-07-30 13:49:57,BTCUSDT,BINANCE,TRADE,64014.6,0.00032
2026-07-30 13:49:57,BTCUSDT,BINANCE,TRADE,64014.6,0.005
2026-07-30 13:49:57,BTCUSDT,BINANCE,TRADE,64014.6,0.00037
2026-07-30 13:49:57,BTCUSDT,BINANCE,TRADE,64014.6,0.0013
2026-07-30 13:49:57,ETHUSDT,BINANCE,TRADE,1904.79,0.0853
2026-07-30 13:49:57,BTCUSDT,BINANCE,TRADE,64014.6,0.00015
2026-07-30 13:49:57,BTCUSDT,BINANCE,TRADE,64014.6,0.00139
2026-07-30 13:49:57,BTCUSDT,BINANCE,TRADE,64014.6,0.004
2026-07-30 13:49:57,SOLUSDT,BINANCE,TRADE,73.42,27.25
2026-07-30 13:49:57,BTCUSDT,BINANCE,TRADE,64014.6,0.00017
2026-07-30 13:49:57,BTCUSDT,BINANCE,TRADE,64014.6,0.00024
2026-07-30 13:49:57,ETHUSDT,BINANCE,TRADE,1904.78,0.0143
2026-07-30 13:49:57,ETHUSDT,BINANCE,TRADE,1904.79,0.0049
2026-07-30 13:49:57,BTCUSDT,BINANCE,TRADE,64014.6,8e-05
2026-07-30 13:49:57,BTCUSDT,BINANCE,TRADE,64014.6,0.00038
2026-07-30 13:49:57,BTCUSDT,BINANCE,TRADE,64014.6,0.0013
2026-07-30 13:49:57,BTCUSDT,BINANCE,TRADE,64014.6,0.0002
2026-07-30 13:49:57,BTCUSDT,BINANCE,TRADE,64014.6,0.00023
2026-07-30 13:49:57,BTCUSDT,BINANCE,TRADE,64014.6,0.01064
2026-07-30 13:49:57,BTCUSDT,BINANCE,TRADE,64014.6,0.00097
2026-07-30 13:49:57,BTCUSDT,BINANCE,TRADE,64014.6,0.00521
2026-07-30 13:49:57,ETHUSDT,BINANCE,TRADE,1904.79,0.0216
2026-07-30 13:49:57,BTCUSDT,BINANCE,TRADE,64014.6,0.00031
2026-07-30 13:49:57,BTCUSDT,BINANCE,TRADE,64014.6,0.00468
2026-07-30 13:49:57,BTCUSDT,BINANCE,TRADE,64014.6,0.00076
2026-07-30 13:49:57,BTCUSDT,BINANCE,TRADE,64014.6,0.0003
2026-07-30 13:49:57,BTCUSDT,BINANCE,TRADE,64014.6,0.00059
2026-07-30 13:49:57,ETHUSDT,BINANCE,TRADE,1904.78,0.0109
2026-07-30 13:49:57,SOLUSDT,BINANCE,TRADE,73.43,13.618
2026-07-30 13:49:57,BTCUSDT,BINANCE,TRADE,64014.6,0.00026
2026-07-30 13:49:58,BTCUSDT,BINANCE,TRADE,64014.6,0.00135
2026-07-30 13:49:58,BTCUSDT,BINANCE,TRADE,64014.6,0.0002
2026-07-30 13:49:58,BTCUSDT,BINANCE,TRADE,64014.6,0.00021
2026-07-30 13:49:58,BTCUSDT,BINANCE,TRADE,64014.6,0.00027
2026-07-30 13:49:58,BTCUSDT,BINANCE,TRADE,64014.6,0.00259
2026-07-30 13:49:58,BTCUSDT,BINANCE,TRADE,64014.6,0.00029
2026-07-30 13:49:58,BTCUSDT,BINANCE,TRADE,64014.6,0.0013
2026-07-30 13:49:58,BTCUSDT,BINANCE,TRADE,64014.6,0.00159
2026-07-30 13:49:58,BTCUSDT,BINANCE,TRADE,64014.6,0.00037
2026-07-30 13:49:58,BTCUSDT,BINANCE,TRADE,64014.6,0.0022
2026-07-30 13:49:58,BTCUSDT,BINANCE,TRADE,64014.6,0.00156
2026-07-30 13:49:58,BTCUSDT,BINANCE,TRADE,64014.6,0.00157
2026-07-30 13:49:58,ETHUSDT,BINANCE,TRADE,1904.79,0.0089
2026-07-30 13:49:58,SOLUSDT,BINANCE,TRADE,73.43,2.571
2026-07-30 13:49:58,BTCUSDT,BINANCE,TRADE,64014.6,0.0013
2026-07-30 13:49:58,BTCUSDT,BINANCE,TRADE,64014.6,0.00098
2026-07-30 13:49:58,BTCUSDT,BINANCE,TRADE,64014.6,0.00031
2026-07-30 13:49:58,BTCUSDT,BINANCE,TRADE,64014.6,0.00057
2026-07-30 13:49:58,BTCUSDT,BINANCE,TRADE,64014.6,0.00509
2026-07-30 13:49:58,SOLUSDT,BINANCE,TRADE,73.42,1.901
2026-07-30 13:49:58,SOLUSDT,BINANCE,TRADE,73.42,25.349
2026-07-30 13:49:58,BTCUSDT,BINANCE,TRADE,64014.6,8e-05
2026-07-30 13:49:58,BTCUSDT,BINANCE,TRADE,64014.6,0.01564
2026-07-30 13:49:58,ETHUSDT,BINANCE,TRADE,1904.79,0.0128
2026-07-30 13:49:58,BTCUSDT,BINANCE,TRADE,64014.6,0.00038
2026-07-30 13:49:58,ETHUSDT,BINANCE,TRADE,1904.79,0.0082
2026-07-30 13:49:58,BTCUSDT,BINANCE,TRADE,64014.6,0.00098
2026-07-30 13:49:58,BTCUSDT,BINANCE,TRADE,64014.6,0.00021
2026-07-30 13:49:58,BTCUSDT,BINANCE,TRADE,64014.6,0.00055
2026-07-30 13:49:58,ETHUSDT,BINANCE,TRADE,1904.79,0.0353
2026-07-30 13:49:58,BTCUSDT,BINANCE,TRADE,64014.6,0.00624
2026-07-30 13:49:58,BTCUSDT,BINANCE,TRADE,64014.6,0.00159
2026-07-30 13:49:58,BTCUSDT,BINANCE,TRADE,64014.6,0.00032
2026-07-30 13:49:58,BTCUSDT,BINANCE,TRADE,64014.6,0.00099
2026-07-30 13:49:58,BTCUSDT,BINANCE,TRADE,64014.6,0.00029
2026-07-30 13:49:58,BTCUSDT,BINANCE,TRADE,64014.6,0.00099
2026-07-30 13:49:58,BTCUSDT,BINANCE,TRADE,64014.6,0.0018
2026-07-30 13:49:58,BTCUSDT,BINANCE,TRADE,64014.6,0.0003
2026-07-30 13:49:58,BTCUSDT,BINANCE,TRADE,64014.6,0.0013
2026-07-30 13:49:58,BTCUSDT,BINANCE,TRADE,64014.6,0.00026
2026-07-30 13:49:58,ETHUSDT,BINANCE,TRADE,1904.78,0.0177
2026-07-30 13:49:58,BTCUSDT,BINANCE,TRADE,64014.6,0.00033
2026-07-30 13:49:58,BTCUSDT,BINANCE,TRADE,64014.6,0.00021
2026-07-30 13:49:58,ETHUSDT,BINANCE,TRADE,1904.78,0.0163
2026-07-30 13:49:58,BTCUSDT,BINANCE,TRADE,64014.6,0.00029
2026-07-30 13:49:58,BTCUSDT,BINANCE,TRADE,64014.6,0.00015
2026-07-30 13:49:58,BTCUSDT,BINANCE,TRADE,64014.6,0.00521
2026-07-30 13:49:58,BTCUSDT,BINANCE,TRADE,64014.6,0.06405
2026-07-30 13:49:59,BTCUSDT,BINANCE,TRADE,64014.6,0.0013
2026-07-30 13:49:59,BTCUSDT,BINANCE,TRADE,64014.6,0.00178
2026-07-30 13:49:59,BTCUSDT,BINANCE,TRADE,64014.6,0.00321
2026-07-30 13:49:59,BTCUSDT,BINANCE,TRADE,64014.6,0.00015
2026-07-30 13:49:59,BTCUSDT,BINANCE,TRADE,64014.6,0.00029
2026-07-30 13:49:59,BTCUSDT,BINANCE,TRADE,64014.6,0.003
2026-07-30 13:49:59,BTCUSDT,BINANCE,TRADE,64014.6,8e-05
2026-07-30 13:49:59,BTCUSDT,BINANCE,TRADE,64014.6,9e-05
2026-07-30 13:49:59,BTCUSDT,BINANCE,TRADE,64014.6,9e-05
2026-07-30 13:49:59,BTCUSDT,BINANCE,TRADE,64014.6,0.003
2026-07-30 13:49:59,BTCUSDT,BINANCE,TRADE,64014.6,8e-05
2026-07-30 13:49:59,BTCUSDT,BINANCE,TRADE,64014.6,0.003
2026-07-30 13:49:59,BTCUSDT,BINANCE,TRADE,64014.6,0.00572
2026-07-30 13:49:59,BTCUSDT,BINANCE,TRADE,64014.6,0.003
2026-07-30 13:49:59,BTCUSDT,BINANCE,TRADE,64014.6,0.00039
2026-07-30 13:49:59,BTCUSDT,BINANCE,TRADE,64014.6,0.00055
2026-07-30 13:49:59,BTCUSDT,BINANCE,TRADE,64014.6,0.00515
2026-07-30 13:49:59,ETHUSDT,BINANCE,TRADE,1904.78,0.0472
2026-07-30 13:49:59,BTCUSDT,BINANCE,TRADE,64014.6,0.00261
2026-07-30 13:49:59,BTCUSDT,BINANCE,TRADE,64014.6,0.00157
2026-07-30 13:49:59,BTCUSDT,BINANCE,TRADE,64014.6,0.00014
2026-07-30 13:49:59,BTCUSDT,BINANCE,TRADE,64014.6,0.00156
2026-07-30 13:49:59,ETHUSDT,BINANCE,TRADE,1904.78,0.2039
2026-07-30 13:49:59,BTCUSDT,BINANCE,TRADE,64014.6,0.00031
2026-07-30 13:49:59,BTCUSDT,BINANCE,TRADE,64014.6,0.00012
2026-07-30 13:49:59,BTCUSDT,BINANCE,TRADE,64014.6,0.00038
2026-07-30 13:49:59,BTCUSDT,BINANCE,TRADE,64014.6,0.00275
2026-07-30 13:49:59,BTCUSDT,BINANCE,TRADE,64014.6,0.00024
2026-07-30 13:49:59,SOLUSDT,BINANCE,TRADE,73.42,0.072
2026-07-30 13:49:59,SOLUSDT,BINANCE,TRADE,73.42,0.072
2026-07-30 13:49:59,SOLUSDT,BINANCE,TRADE,73.42,27.106
2026-07-30 13:49:59,ETHUSDT,BINANCE,TRADE,1904.78,0.0216
2026-07-30 13:49:59,BTCUSDT,BINANCE,TRADE,64014.6,0.00045
2026-07-30 13:49:59,BTCUSDT,BINANCE,TRADE,64014.6,0.0003
2026-07-30 13:49:59,BTCUSDT,BINANCE,TRADE,64014.6,0.0012
2026-07-30 13:49:59,BTCUSDT,BINANCE,TRADE,64014.6,0.00139
2026-07-30 13:49:59,BTCUSDT,BINANCE,TRADE,64014.6,0.00029
2026-07-30 13:49:59,BTCUSDT,BINANCE,TRADE,64014.6,0.0013
2026-07-30 13:49:59,BTCUSDT,BINANCE,TRADE,64014.6,0.00017
2026-07-30 13:49:59,BTCUSDT,BINANCE,TRADE,64014.6,0.00017
2026-07-30 13:49:59,BTCUSDT,BINANCE,TRADE,64014.6,0.00184
2026-07-30 13:49:59,BTCUSDT,BINANCE,TRADE,64014.6,8e-05
2026-07-30 13:49:59,BTCUSDT,BINANCE,TRADE,64014.6,8e-05
2026-07-30 13:49:59,BTCUSDT,BINANCE,TRADE,64014.6,9e-05
2026-07-30 13:49:59,BTCUSDT,BINANCE,TRADE,64014.6,8e-05
2026-07-30 13:49:59,BTCUSDT,BINANCE,TRADE,64014.6,3e-05
2026-07-30 13:49:59,BTCUSDT,BINANCE,TRADE,64014.6,5e-05
2026-07-30 13:49:59,BTCUSDT,BINANCE,TRADE,64014.6,0.00016
2026-07-30 13:49:59,BTCUSDT,BINANCE,TRADE,64014.6,8e-05
2026-07-30 13:49:59,BTCUSDT,BINANCE,TRADE,64014.6,8e-05
2026-07-30 13:49:59,BTCUSDT,BINANCE,TRADE,64014.6,8e-05
2026-07-30 13:49:59,BTCUSDT,BINANCE,TRADE,64014.6,8e-05
2026-07-30 13:49:59,BTCUSDT,BINANCE,TRADE,64014.6,0.005
2026-07-30 13:49:59,BTCUSDT,BINANCE,TRADE,64014.6,0.0025
2026-07-30 13:49:59,BTCUSDT,BINANCE,TRADE,64014.6,0.0039
2026-07-30 13:49:59,BTCUSDT,BINANCE,TRADE,64014.6,0.00371
2026-07-30 13:49:59,BTCUSDT,BINANCE,TRADE,64014.6,0.00129
2026-07-30 13:49:59,BTCUSDT,BINANCE,TRADE,64014.6,0.005
2026-07-30 13:49:59,BTCUSDT,BINANCE,TRADE,64014.6,0.00126
2026-07-30 13:49:59,BTCUSDT,BINANCE,TRADE,64014.6,0.00126
2026-07-30 13:49:59,BTCUSDT,BINANCE,TRADE,64014.6,0.00119
2026-07-30 13:49:59,BTCUSDT,BINANCE,TRADE,64014.6,0.00381
2026-07-30 13:49:59,BTCUSDT,BINANCE,TRADE,64014.6,0.00119
2026-07-30 13:49:59,BTCUSDT,BINANCE,TRADE,64014.6,0.00381
2026-07-30 13:49:59,BTCUSDT,BINANCE,TRADE,64014.6,0.00119
2026-07-30 13:49:59,BTCUSDT,BINANCE,TRADE,64014.6,8e-05
2026-07-30 13:49:59,BTCUSDT,BINANCE,TRADE,64014.6,0.00027
2026-07-30 13:49:59,ETHUSDT,BINANCE,TRADE,1904.79,0.0109
2026-07-30 13:49:59,SOLUSDT,BINANCE,TRADE,73.42,17.319
2026-07-30 13:49:59,BTCUSDT,BINANCE,TRADE,64014.6,0.00057
2026-07-30 13:49:59,BTCUSDT,BINANCE,TRADE,64014.6,0.00014
2026-07-30 13:49:59,BTCUSDT,BINANCE,TRADE,64014.6,0.00486
2026-07-30 13:49:59,BTCUSDT,BINANCE,TRADE,64014.6,0.005
2026-07-30 13:49:59,BTCUSDT,BINANCE,TRADE,64014.6,0.005
2026-07-30 13:49:59,BTCUSDT,BINANCE,TRADE,64014.6,0.00016
2026-07-30 13:49:59,BTCUSDT,BINANCE,TRADE,64014.6,0.0013
2026-07-30 13:49:59,SOLUSDT,BINANCE,TRADE,73.42,0.137
2026-07-30 13:49:59,SOLUSDT,BINANCE,TRADE,73.42,0.277
2026-07-30 13:49:59,SOLUSDT,BINANCE,TRADE,73.42,0.072
2026-07-30 13:49:59,SOLUSDT,BINANCE,TRADE,73.42,1.513
2026-07-30 13:49:59,BTCUSDT,BINANCE,TRADE,64014.6,0.00032
2026-07-30 13:49:59,SOLUSDT,BINANCE,TRADE,73.42,0.493
2026-07-30 13:49:59,SOLUSDT,BINANCE,TRADE,73.42,1.008
2026-07-30 13:49:59,SOLUSDT,BINANCE,TRADE,73.42,0.072
2026-07-30 13:49:59,SOLUSDT,BINANCE,TRADE,73.42,0.082
2026-07-30 13:49:59,SOLUSDT,BINANCE,TRADE,73.42,0.103
2026-07-30 13:49:59,SOLUSDT,BINANCE,TRADE,73.42,0.069
2026-07-30 13:49:59,SOLUSDT,BINANCE,TRADE,73.42,0.069
2026-07-30 13:49:59,SOLUSDT,BINANCE,TRADE,73.42,0.072
2026-07-30 13:49:59,SOLUSDT,BINANCE,TRADE,73.42,0.072
2026-07-30 13:49:59,SOLUSDT,BINANCE,TRADE,73.42,0.072
2026-07-30 13:49:59,SOLUSDT,BINANCE,TRADE,73.42,0.072
2026-07-30 13:49:59,SOLUSDT,BINANCE,TRADE,73.42,0.072
2026-07-30 13:49:59,SOLUSDT,BINANCE,TRADE,73.42,0.072
2026-07-30 13:49:59,SOLUSDT,BINANCE,TRADE,73.42,8
2026-07-30 13:49:59,SOLUSDT,BINANCE,TRADE,73.42,4
2026-07-30 13:49:59,SOLUSDT,BINANCE,TRADE,73.42,2
2026-07-30 13:49:59,SOLUSDT,BINANCE,TRADE,73.42,10.922
2026-07-30 13:50:00,BTCUSDT,BINANCE,TRADE,64014.6,0.00021
2026-07-30 13:50:00,ETHUSDT,BINANCE,TRADE,1904.78,0.0049
2026-07-30 13:50:00,BTCUSDT,BINANCE,TRADE,64014.6,0.00037
2026-07-30 13:50:00,BTCUSDT,BINANCE,TRADE,64014.6,8e-05
2026-07-30 13:50:00,BTCUSDT,BINANCE,TRADE,64014.6,0.00031
2026-07-30 13:50:00,BTCUSDT,BINANCE,TRADE,64014.6,0.00064
2026-07-30 13:50:00,BTCUSDT,BINANCE,TRADE,64014.6,0.0013
2026-07-30 13:50:00,BTCUSDT,BINANCE,TRADE,64014.6,0.0003
2026-07-30 13:50:00,BTCUSDT,BINANCE,TRADE,64014.6,0.00037
2026-07-30 13:50:00,BTCUSDT,BINANCE,TRADE,64014.6,0.00198
2026-07-30 13:50:00,BTCUSDT,BINANCE,TRADE,64014.6,0.0003
2026-07-30 13:50:00,BTCUSDT,BINANCE,TRADE,64014.6,0.00026
2026-07-30 13:50:00,BTCUSDT,BINANCE,TRADE,64014.6,0.00032
2026-07-30 13:50:00,BTCUSDT,BINANCE,TRADE,64014.6,0.00021
2026-07-30 13:50:00,ETHUSDT,BINANCE,TRADE,1904.78,0.0311
2026-07-30 13:50:00,BTCUSDT,BINANCE,TRADE,64014.6,0.00271
2026-07-30 13:50:00,ETHUSDT,BINANCE,TRADE,1904.79,0.0216
2026-07-30 13:50:00,ETHUSDT,BINANCE,TRADE,1904.78,0.0352
2026-07-30 13:50:00,BTCUSDT,BINANCE,TRADE,64014.6,0.00033
2026-07-30 13:50:00,BTCUSDT,BINANCE,TRADE,64014.6,0.00468
2026-07-30 13:50:00,BTCUSDT,BINANCE,TRADE,64014.6,0.0013
2026-07-30 13:50:00,ETHUSDT,BINANCE,TRADE,1904.79,0.0548
2026-07-30 13:50:00,BTCUSDT,BINANCE,TRADE,64014.6,0.00029
2026-07-30 13:50:00,BTCUSDT,BINANCE,TRADE,64014.6,0.00027
2026-07-30 13:50:00,BTCUSDT,BINANCE,TRADE,64014.6,0.00196
2026-07-30 13:50:00,BTCUSDT,BINANCE,TRADE,64014.6,0.00499
2026-07-30 13:50:00,ETHUSDT,BINANCE,TRADE,1904.78,0.0853
2026-07-30 13:50:00,BTCUSDT,BINANCE,TRADE,64014.6,0.00509
2026-07-30 13:50:00,BTCUSDT,BINANCE,TRADE,64014.6,0.01564
2026-07-30 13:50:00,BTCUSDT,BINANCE,TRADE,64014.6,8e-05
2026-07-30 13:50:00,BTCUSDT,BINANCE,TRADE,64014.6,0.00075
2026-07-30 13:50:00,ETHUSDT,BINANCE,TRADE,1904.78,0.0109
2026-07-30 13:50:00,BTCUSDT,BINANCE,TRADE,64014.6,0.00188
2026-07-30 13:50:00,BTCUSDT,BINANCE,TRADE,64014.6,0.00076
2026-07-30 13:50:00,ETHUSDT,BINANCE,TRADE,1904.78,0.0082
2026-07-30 13:50:00,BTCUSDT,BINANCE,TRADE,64014.6,0.00031
2026-07-30 13:50:00,BTCUSDT,BINANCE,TRADE,64014.6,0.00086
2026-07-30 13:50:00,BTCUSDT,BINANCE,TRADE,64014.6,0.00139
2026-07-30 13:50:00,BTCUSDT,BINANCE,TRADE,64014.6,0.0022
2026-07-30 13:50:00,BTCUSDT,BINANCE,TRADE,64014.6,0.004
2026-07-30 13:50:00,BTCUSDT,BINANCE,TRADE,64014.6,0.0013
2026-07-30 13:50:00,BTCUSDT,BINANCE,TRADE,64014.6,0.00038
2026-07-30 13:50:00,BTCUSDT,BINANCE,TRADE,64014.6,0.00038
2026-07-30 13:50:00,BTCUSDT,BINANCE,TRADE,64014.6,0.00209
2026-07-30 13:50:00,ETHUSDT,BINANCE,TRADE,1904.78,0.0089
2026-07-30 13:50:00,BTCUSDT,BINANCE,TRADE,64014.6,0.00027
2026-07-30 13:50:01,BTCUSDT,BINANCE,TRADE,64014.6,0.00029
2026-07-30 13:50:01,BTCUSDT,BINANCE,TRADE,64014.6,0.01874
2026-07-30 13:50:01,ETHUSDT,BINANCE,TRADE,1904.78,0.0028
2026-07-30 13:50:01,ETHUSDT,BINANCE,TRADE,1904.78,0.0053
2026-07-30 13:50:01,ETHUSDT,BINANCE,TRADE,1904.78,0.0027
2026-07-30 13:50:01,ETHUSDT,BINANCE,TRADE,1904.78,0.0032
2026-07-30 13:50:01,ETHUSDT,BINANCE,TRADE,1904.78,0.0027
2026-07-30 13:50:01,ETHUSDT,BINANCE,TRADE,1904.78,0.0027
2026-07-30 13:50:01,ETHUSDT,BINANCE,TRADE,1904.78,0.0027
2026-07-30 13:50:01,ETHUSDT,BINANCE,TRADE,1904.78,0.0027
2026-07-30 13:50:01,ETHUSDT,BINANCE,TRADE,1904.78,0.0027
2026-07-30 13:50:01,ETHUSDT,BINANCE,TRADE,1904.78,0.0028
2026-07-30 13:50:01,ETHUSDT,BINANCE,TRADE,1904.78,0.0027
2026-07-30 13:50:01,ETHUSDT,BINANCE,TRADE,1904.78,0.0032
2026-07-30 13:50:01,ETHUSDT,BINANCE,TRADE,1904.78,0.0027
2026-07-30 13:50:01,ETHUSDT,BINANCE,TRADE,1904.78,0.0027
2026-07-30 13:50:01,ETHUSDT,BINANCE,TRADE,1904.78,0.0027
2026-07-30 13:50:01,ETHUSDT,BINANCE,TRADE,1904.78,0.0027
2026-07-30 13:50:01,ETHUSDT,BINANCE,TRADE,1904.78,0.0027
2026-07-30 13:50:01,ETHUSDT,BINANCE,TRADE,1904.78,0.0027
2026-07-30 13:50:01,ETHUSDT,BINANCE,TRADE,1904.78,0.0027
2026-07-30 13:50:01,ETHUSDT,BINANCE,TRADE,1904.78,0.0031
2026-07-30 13:50:01,ETHUSDT,BINANCE,TRADE,1904.78,0.05
2026-07-30 13:50:01,ETHUSDT,BINANCE,TRADE,1904.78,0.0027
2026-07-30 13:50:01,ETHUSDT,BINANCE,TRADE,1904.78,0.0027
2026-07-30 13:50:01,ETHUSDT,BINANCE,TRADE,1904.78,0.0027
2026-07-30 13:50:01,ETHUSDT,BINANCE,TRADE,1904.78,0.0027
2026-07-30 13:50:01,ETHUSDT,BINANCE,TRADE,1904.78,0.0027
2026-07-30 13:50:01,ETHUSDT,BINANCE,TRADE,1904.78,0.0027
2026-07-30 13:50:01,ETHUSDT,BINANCE,TRADE,1904.78,0.0027
2026-07-30 13:50:01,ETHUSDT,BINANCE,TRADE,1904.78,0.0027
2026-07-30 13:50:01,ETHUSDT,BINANCE,TRADE,1904.78,0.0027
2026-07-30 13:50:01,ETHUSDT,BINANCE,TRADE,1904.78,0.0027
2026-07-30 13:50:01,ETHUSDT,BINANCE,TRADE,1904.78,0.0027
2026-07-30 13:50:01,ETHUSDT,BINANCE,TRADE,1904.78,0.0027
2026-07-30 13:50:01,ETHUSDT,BINANCE,TRADE,1904.77,0.0028
2026-07-30 13:50:01,ETHUSDT,BINANCE,TRADE,1904.77,0.0027
2026-07-30 13:50:01,ETHUSDT,BINANCE,TRADE,1904.77,0.0027
2026-07-30 13:50:01,ETHUSDT,BINANCE,TRADE,1904.77,0.0027
2026-07-30 13:50:01,ETHUSDT,BINANCE,TRADE,1904.77,0.0053
2026-07-30 13:50:01,ETHUSDT,BINANCE,TRADE,1904.77,0.0027
2026-07-30 13:50:01,ETHUSDT,BINANCE,TRADE,1904.77,0.0028
2026-07-30 13:50:01,ETHUSDT,BINANCE,TRADE,1904.77,0.0028
2026-07-30 13:50:01,ETHUSDT,BINANCE,TRADE,1904.77,0.0027
2026-07-30 13:50:01,ETHUSDT,BINANCE,TRADE,1904.77,0.0028
2026-07-30 13:50:01,BTCUSDT,BINANCE,TRADE,64014.6,0.00521
2026-07-30 13:50:01,BTCUSDT,BINANCE,TRADE,64014.6,0.001
2026-07-30 13:50:01,BTCUSDT,BINANCE,TRADE,64014.6,0.00057
2026-07-30 13:50:01,BTCUSDT,BINANCE,TRADE,64014.6,0.0013
2026-07-30 13:50:01,BTCUSDT,BINANCE,TRADE,64014.6,0.00014
2026-07-30 13:50:01,ETHUSDT,BINANCE,TRADE,1904.77,0.0136
2026-07-30 13:50:01,BTCUSDT,BINANCE,TRADE,64014.6,0.03276
2026-07-30 13:50:01,BTCUSDT,BINANCE,TRADE,64014.6,0.00021
2026-07-30 13:50:01,BTCUSDT,BINANCE,TRADE,64014.6,0.00296
2026-07-30 13:50:01,BTCUSDT,BINANCE,TRADE,64014.6,0.00017
2026-07-30 13:50:01,BTCUSDT,BINANCE,TRADE,64014.6,0.01434
2026-07-30 13:50:01,BTCUSDT,BINANCE,TRADE,64014.6,0.0003
2026-07-30 13:50:01,ETHUSDT,BINANCE,TRADE,1904.76,0.0078
2026-07-30 13:50:01,ETHUSDT,BINANCE,TRADE,1904.76,0.0028
2026-07-30 13:50:01,ETHUSDT,BINANCE,TRADE,1904.76,0.0028
2026-07-30 13:50:01,ETHUSDT,BINANCE,TRADE,1904.76,0.0028
2026-07-30 13:50:01,ETHUSDT,BINANCE,TRADE,1904.76,0.0053
2026-07-30 13:50:01,ETHUSDT,BINANCE,TRADE,1904.76,0.0001
2026-07-30 13:50:01,BTCUSDT,BINANCE,TRADE,64014.6,0.00026
2026-07-30 13:50:01,BTCUSDT,BINANCE,TRADE,64014.6,0.00029
2026-07-30 13:50:01,BTCUSDT,BINANCE,TRADE,64014.6,0.00515
2026-07-30 13:50:01,BTCUSDT,BINANCE,TRADE,64014.6,0.00537
2026-07-30 13:50:01,BTCUSDT,BINANCE,TRADE,64014.6,0.01213
2026-07-30 13:50:01,BTCUSDT,BINANCE,TRADE,64014.6,0.00021
2026-07-30 13:50:01,BTCUSDT,BINANCE,TRADE,64014.6,0.00018
2026-07-30 13:50:01,BTCUSDT,BINANCE,TRADE,64014.6,0.0012
2026-07-30 13:50:01,BTCUSDT,BINANCE,TRADE,64014.6,0.00032
2026-07-30 13:50:01,BTCUSDT,BINANCE,TRADE,64014.6,0.0013
2026-07-30 13:50:01,BTCUSDT,BINANCE,TRADE,64014.6,0.00031
2026-07-30 13:50:01,BTCUSDT,BINANCE,TRADE,64014.6,0.00204
2026-07-30 13:50:01,BTCUSDT,BINANCE,TRADE,64014.6,0.01564
2026-07-30 13:50:01,BTCUSDT,BINANCE,TRADE,64014.6,8e-05
2026-07-30 13:50:01,BTCUSDT,BINANCE,TRADE,64014.6,0.00024
2026-07-30 13:50:01,BTCUSDT,BINANCE,TRADE,64014.6,0.0001
2026-07-30 13:50:01,BTCUSDT,BINANCE,TRADE,64014.6,0.00015
2026-07-30 13:50:01,ETHUSDT,BINANCE,TRADE,1904.77,0.0109
2026-07-30 13:50:01,BTCUSDT,BINANCE,TRADE,64014.6,0.0013
2026-07-30 13:50:01,BTCUSDT,BINANCE,TRADE,64014.6,0.00029
2026-07-30 13:50:01,BTCUSDT,BINANCE,TRADE,64014.6,0.0003
2026-07-30 13:50:01,BTCUSDT,BINANCE,TRADE,64014.6,0.00159
2026-07-30 13:50:01,BTCUSDT,BINANCE,TRADE,64014.6,0.00044
2026-07-30 13:50:01,ETHUSDT,BINANCE,TRADE,1904.77,0.0283
2026-07-30 13:50:02,BTCUSDT,BINANCE,TRADE,64014.6,0.00016
2026-07-30 13:50:02,ETHUSDT,BINANCE,TRADE,1904.77,0.0472
2026-07-30 13:50:02,BTCUSDT,BINANCE,TRADE,64014.6,0.00027
2026-07-30 13:50:02,ETHUSDT,BINANCE,TRADE,1904.76,0.3209
2026-07-30 13:50:02,ETHUSDT,BINANCE,TRADE,1904.76,0.0027
2026-07-30 13:50:02,ETHUSDT,BINANCE,TRADE,1904.76,0.5789
2026-07-30 13:50:02,BTCUSDT,BINANCE,TRADE,64014.6,0.00195
2026-07-30 13:50:02,BTCUSDT,BINANCE,TRADE,64014.6,0.00139
2026-07-30 13:50:02,BTCUSDT,BINANCE,TRADE,64014.6,0.0022
2026-07-30 13:50:02,BTCUSDT,BINANCE,TRADE,64014.6,0.00012
2026-07-30 13:50:02,BTCUSDT,BINANCE,TRADE,64014.6,0.00079
2026-07-30 13:50:02,ETHUSDT,BINANCE,TRADE,1904.76,0.4963
2026-07-30 13:50:02,BTCUSDT,BINANCE,TRADE,64014.6,0.00509
2026-07-30 13:50:02,BTCUSDT,BINANCE,TRADE,64014.6,0.01562
2026-07-30 13:50:02,BTCUSDT,BINANCE,TRADE,64014.6,0.00196
2026-07-30 13:50:02,BTCUSDT,BINANCE,TRADE,64014.6,0.0013
2026-07-30 13:50:02,ETHUSDT,BINANCE,TRADE,1904.76,0.0027
2026-07-30 13:50:02,ETHUSDT,BINANCE,TRADE,1904.76,0.0027
2026-07-30 13:50:02,ETHUSDT,BINANCE,TRADE,1904.76,0.0027
2026-07-30 13:50:02,ETHUSDT,BINANCE,TRADE,1904.76,0.0032
2026-07-30 13:50:02,ETHUSDT,BINANCE,TRADE,1904.76,0.0032
2026-07-30 13:50:02,ETHUSDT,BINANCE,TRADE,1904.76,0.0032
2026-07-30 13:50:02,ETHUSDT,BINANCE,TRADE,1904.76,0.0027
2026-07-30 13:50:02,ETHUSDT,BINANCE,TRADE,1904.76,0.0027
2026-07-30 13:50:02,ETHUSDT,BINANCE,TRADE,1904.76,0.0028
2026-07-30 13:50:02,ETHUSDT,BINANCE,TRADE,1904.76,0.0028
2026-07-30 13:50:02,ETHUSDT,BINANCE,TRADE,1904.76,0.0028
2026-07-30 13:50:02,ETHUSDT,BINANCE,TRADE,1904.76,0.0028
2026-07-30 13:50:02,ETHUSDT,BINANCE,TRADE,1904.76,0.0027
2026-07-30 13:50:02,ETHUSDT,BINANCE,TRADE,1904.76,0.0078
2026-07-30 13:50:02,ETHUSDT,BINANCE,TRADE,1904.76,0.0027
2026-07-30 13:50:02,ETHUSDT,BINANCE,TRADE,1904.76,0.0028
2026-07-30 13:50:02,ETHUSDT,BINANCE,TRADE,1904.76,0.0027
2026-07-30 13:50:02,ETHUSDT,BINANCE,TRADE,1904.76,0.0027
2026-07-30 13:50:02,ETHUSDT,BINANCE,TRADE,1904.76,0.0027
2026-07-30 13:50:02,ETHUSDT,BINANCE,TRADE,1904.75,0.0027
2026-07-30 13:50:02,ETHUSDT,BINANCE,TRADE,1904.75,0.0017
2026-07-30 13:50:02,BTCUSDT,BINANCE,TRADE,64014.6,0.00017
2026-07-30 13:50:02,BTCUSDT,BINANCE,TRADE,64014.6,0.00499
2026-07-30 13:50:02,BTCUSDT,BINANCE,TRADE,64014.6,0.00061
2026-07-30 13:50:02,BTCUSDT,BINANCE,TRADE,64014.6,0.0013
2026-07-30 13:50:02,BTCUSDT,BINANCE,TRADE,64014.6,0.00197
2026-07-30 13:50:02,BTCUSDT,BINANCE,TRADE,64014.6,0.00521
2026-07-30 13:50:02,BTCUSDT,BINANCE,TRADE,64014.6,0.00076
2026-07-30 13:50:02,BTCUSDT,BINANCE,TRADE,64014.6,0.0002
2026-07-30 13:50:02,BTCUSDT,BINANCE,TRADE,64014.6,0.00045
2026-07-30 13:50:02,BTCUSDT,BINANCE,TRADE,64014.6,0.0003
2026-07-30 13:50:02,BTCUSDT,BINANCE,TRADE,64014.6,0.00033
2026-07-30 13:50:02,BTCUSDT,BINANCE,TRADE,64014.6,0.00021
2026-07-30 13:50:02,ETHUSDT,BINANCE,TRADE,1904.76,0.0049
2026-07-30 13:50:02,BTCUSDT,BINANCE,TRADE,64014.6,0.01564
2026-07-30 13:50:02,ETHUSDT,BINANCE,TRADE,1904.76,0.0351
2026-07-30 13:50:02,BTCUSDT,BINANCE,TRADE,64014.6,0.002
2026-07-30 13:50:02,BTCUSDT,BINANCE,TRADE,64014.6,0.00021
2026-07-30 13:50:02,BTCUSDT,BINANCE,TRADE,64014.6,0.00032
2026-07-30 13:50:02,ETHUSDT,BINANCE,TRADE,1904.75,0.0109
2026-07-30 13:50:02,BTCUSDT,BINANCE,TRADE,64014.6,0.0014
2026-07-30 13:50:02,BTCUSDT,BINANCE,TRADE,64014.6,0.00017
2026-07-30 13:50:02,ETHUSDT,BINANCE,TRADE,1904.75,0.0128
2026-07-30 13:50:02,BTCUSDT,BINANCE,TRADE,64014.6,0.0003
2026-07-30 13:50:02,BTCUSDT,BINANCE,TRADE,64014.6,0.00296
2026-07-30 13:50:02,BTCUSDT,BINANCE,TRADE,64014.6,0.00026
2026-07-30 13:50:02,BTCUSDT,BINANCE,TRADE,64014.6,0.00027
2026-07-30 13:50:02,BTCUSDT,BINANCE,TRADE,64014.6,0.0013
2026-07-30 13:50:02,BTCUSDT,BINANCE,TRADE,64014.6,0.01064
2026-07-30 13:50:02,BTCUSDT,BINANCE,TRADE,64014.6,0.03867
2026-07-30 13:50:03,BTCUSDT,BINANCE,TRADE,64014.6,0.03276
2026-07-30 13:50:03,BTCUSDT,BINANCE,TRADE,64014.6,0.00051
2026-07-30 13:50:03,BTCUSDT,BINANCE,TRADE,64014.6,0.00029
2026-07-30 13:50:03,BTCUSDT,BINANCE,TRADE,64014.6,0.00156
2026-07-30 13:50:03,BTCUSDT,BINANCE,TRADE,64014.6,0.01874
2026-07-30 13:50:03,ETHUSDT,BINANCE,TRADE,1904.76,0.0485
2026-07-30 13:50:03,SOLUSDT,BINANCE,TRADE,73.43,0.954
2026-07-30 13:50:03,BTCUSDT,BINANCE,TRADE,64014.6,0.00059
2026-07-30 13:50:03,BTCUSDT,BINANCE,TRADE,64014.6,0.00031
2026-07-30 13:50:03,BTCUSDT,BINANCE,TRADE,64014.6,0.0013
2026-07-30 13:50:03,BTCUSDT,BINANCE,TRADE,64014.6,0.00259
2026-07-30 13:50:03,BTCUSDT,BINANCE,TRADE,64014.6,0.0004
2026-07-30 13:50:03,ETHUSDT,BINANCE,TRADE,1904.76,0.0216
2026-07-30 13:50:03,BTCUSDT,BINANCE,TRADE,64014.6,0.00188
2026-07-30 13:50:03,BTCUSDT,BINANCE,TRADE,64014.6,0.00014
2026-07-30 13:50:03,ETHUSDT,BINANCE,TRADE,1904.76,0.0269
2026-07-30 13:50:03,BTCUSDT,BINANCE,TRADE,64014.6,0.00029
2026-07-30 13:50:03,ETHUSDT,BINANCE,TRADE,1904.76,0.0082
2026-07-30 13:50:03,BTCUSDT,BINANCE,TRADE,64014.6,0.00046
2026-07-30 13:50:03,BTCUSDT,BINANCE,TRADE,64014.6,0.01434
2026-07-30 13:50:03,BTCUSDT,BINANCE,TRADE,64014.6,0.00021
2026-07-30 13:50:03,ETHUSDT,BINANCE,TRADE,1904.76,0.0089
2026-07-30 13:50:03,BTCUSDT,BINANCE,TRADE,64014.6,0.00018
2026-07-30 13:50:03,SOLUSDT,BINANCE,TRADE,73.42,0.072
2026-07-30 13:50:03,SOLUSDT,BINANCE,TRADE,73.42,0.072
2026-07-30 13:50:03,SOLUSDT,BINANCE,TRADE,73.42,0.07
2026-07-30 13:50:03,SOLUSDT,BINANCE,TRADE,73.42,0.137
2026-07-30 13:50:03,SOLUSDT,BINANCE,TRADE,73.42,0.072
2026-07-30 13:50:03,SOLUSDT,BINANCE,TRADE,73.42,0.072
2026-07-30 13:50:03,SOLUSDT,BINANCE,TRADE,73.42,0.072
2026-07-30 13:50:03,SOLUSDT,BINANCE,TRADE,73.42,0.069
2026-07-30 13:50:03,SOLUSDT,BINANCE,TRADE,73.42,0.072
2026-07-30 13:50:03,SOLUSDT,BINANCE,TRADE,73.42,0.072
2026-07-30 13:50:03,SOLUSDT,BINANCE,TRADE,73.42,0.072
2026-07-30 13:50:03,SOLUSDT,BINANCE,TRADE,73.42,0.072
2026-07-30 13:50:03,SOLUSDT,BINANCE,TRADE,73.42,19.158
2026-07-30 13:50:03,SOLUSDT,BINANCE,TRADE,73.42,0.072
2026-07-30 13:50:03,SOLUSDT,BINANCE,TRADE,73.42,7.096
2026-07-30 13:50:03,ETHUSDT,BINANCE,TRADE,1904.76,0.0311
2026-07-30 13:50:03,BTCUSDT,BINANCE,TRADE,64014.6,0.00204
2026-07-30 13:50:03,BTCUSDT,BINANCE,TRADE,64014.6,0.0013
2026-07-30 13:50:03,BTCUSDT,BINANCE,TRADE,64014.6,8e-05
2026-07-30 13:50:03,BTCUSDT,BINANCE,TRADE,64014.6,0.00015
2026-07-30 13:50:03,BTCUSDT,BINANCE,TRADE,64014.6,0.00038
2026-07-30 13:50:03,BTCUSDT,BINANCE,TRADE,64014.6,0.00025
2026-07-30 13:50:03,BTCUSDT,BINANCE,TRADE,64014.6,0.00499
2026-07-30 13:50:03,BTCUSDT,BINANCE,TRADE,64014.6,0.08644
2026-07-30 13:50:03,BTCUSDT,BINANCE,TRADE,64014.6,0.0003
2026-07-30 13:50:03,BTCUSDT,BINANCE,TRADE,64014.6,0.004
2026-07-30 13:50:03,BTCUSDT,BINANCE,TRADE,64014.6,0.00064
2026-07-30 13:50:03,BTCUSDT,BINANCE,TRADE,64014.6,0.00137
2026-07-30 13:50:03,BTCUSDT,BINANCE,TRADE,64014.6,0.00057
2026-07-30 13:50:03,ETHUSDT,BINANCE,TRADE,1904.76,0.0177
2026-07-30 13:50:03,BTCUSDT,BINANCE,TRADE,64014.6,0.00102
2026-07-30 13:50:03,BTCUSDT,BINANCE,TRADE,64014.6,0.0018
2026-07-30 13:50:03,BTCUSDT,BINANCE,TRADE,64014.6,0.00015
2026-07-30 13:50:03,SOLUSDT,BINANCE,TRADE,73.43,3.192
2026-07-30 13:50:03,ETHUSDT,BINANCE,TRADE,1904.76,0.0163
2026-07-30 13:50:03,BTCUSDT,BINANCE,TRADE,64014.6,0.0013
2026-07-30 13:50:03,BTCUSDT,BINANCE,TRADE,64014.6,0.00032
2026-07-30 13:50:03,BTCUSDT,BINANCE,TRADE,64014.6,0.00102
2026-07-30 13:50:03,ETHUSDT,BINANCE,TRADE,1904.75,0.0136
2026-07-30 13:50:03,BTCUSDT,BINANCE,TRADE,64014.6,0.00031
2026-07-30 13:50:04,BTCUSDT,BINANCE,TRADE,64014.6,0.00037
2026-07-30 13:50:04,BTCUSDT,BINANCE,TRADE,64014.6,0.00098
2026-07-30 13:50:04,BTCUSDT,BINANCE,TRADE,64014.6,0.00024
2026-07-30 13:50:04,BTCUSDT,BINANCE,TRADE,64014.6,0.00044
2026-07-30 13:50:04,BTCUSDT,BINANCE,TRADE,64014.6,0.00098
2026-07-30 13:50:04,BTCUSDT,BINANCE,TRADE,64014.6,0.00196
2026-07-30 13:50:04,BTCUSDT,BINANCE,TRADE,64014.6,0.00029
2026-07-30 13:50:04,BTCUSDT,BINANCE,TRADE,64014.6,0.00537
2026-07-30 13:50:04,BTCUSDT,BINANCE,TRADE,64014.6,0.00021
2026-07-30 13:50:04,ETHUSDT,BINANCE,TRADE,1904.76,0.003
2026-07-30 13:50:04,ETHUSDT,BINANCE,TRADE,1904.76,1.1253
2026-07-30 13:50:04,ETHUSDT,BINANCE,TRADE,1904.76,0.0027
2026-07-30 13:50:04,ETHUSDT,BINANCE,TRADE,1904.76,0.0028
2026-07-30 13:50:04,ETHUSDT,BINANCE,TRADE,1904.76,0.0028
2026-07-30 13:50:04,ETHUSDT,BINANCE,TRADE,1904.76,0.0053
2026-07-30 13:50:04,ETHUSDT,BINANCE,TRADE,1904.76,0.0027
2026-07-30 13:50:04,ETHUSDT,BINANCE,TRADE,1904.76,0.04
2026-07-30 13:50:04,ETHUSDT,BINANCE,TRADE,1904.76,0.0027
2026-07-30 13:50:04,ETHUSDT,BINANCE,TRADE,1904.76,0.0799
2026-07-30 13:50:04,ETHUSDT,BINANCE,TRADE,1904.76,0.094
2026-07-30 13:50:04,ETHUSDT,BINANCE,TRADE,1904.76,0.0362
2026-07-30 13:50:04,ETHUSDT,BINANCE,TRADE,1904.76,0.0765
2026-07-30 13:50:04,ETHUSDT,BINANCE,TRADE,1904.76,0.0027
2026-07-30 13:50:04,ETHUSDT,BINANCE,TRADE,1904.76,0.1854
2026-07-30 13:50:04,ETHUSDT,BINANCE,TRADE,1904.76,0.0027
2026-07-30 13:50:04,ETHUSDT,BINANCE,TRADE,1904.76,0.0027
2026-07-30 13:50:04,ETHUSDT,BINANCE,TRADE,1904.76,0.05
2026-07-30 13:50:04,ETHUSDT,BINANCE,TRADE,1904.76,0.0027
2026-07-30 13:50:04,ETHUSDT,BINANCE,TRADE,1904.76,0.1077
2026-07-30 13:50:04,ETHUSDT,BINANCE,TRADE,1904.76,0.0027
2026-07-30 13:50:04,ETHUSDT,BINANCE,TRADE,1904.76,0.0027
2026-07-30 13:50:04,ETHUSDT,BINANCE,TRADE,1904.76,0.0027
2026-07-30 13:50:04,ETHUSDT,BINANCE,TRADE,1904.76,0.0027
2026-07-30 13:50:04,ETHUSDT,BINANCE,TRADE,1904.76,0.0027
2026-07-30 13:50:04,ETHUSDT,BINANCE,TRADE,1904.76,0.0027
2026-07-30 13:50:04,ETHUSDT,BINANCE,TRADE,1904.77,0.0027
2026-07-30 13:50:04,ETHUSDT,BINANCE,TRADE,1904.77,0.0053
2026-07-30 13:50:04,ETHUSDT,BINANCE,TRADE,1904.77,0.0027
2026-07-30 13:50:04,ETHUSDT,BINANCE,TRADE,1904.77,0.0028
2026-07-30 13:50:04,ETHUSDT,BINANCE,TRADE,1904.77,0.0027
2026-07-30 13:50:04,ETHUSDT,BINANCE,TRADE,1904.77,0.0027
2026-07-30 13:50:04,ETHUSDT,BINANCE,TRADE,1904.77,0.0027
2026-07-30 13:50:04,ETHUSDT,BINANCE,TRADE,1904.77,0.0027
2026-07-30 13:50:04,ETHUSDT,BINANCE,TRADE,1904.77,0.0027
2026-07-30 13:50:04,ETHUSDT,BINANCE,TRADE,1904.77,0.0027
2026-07-30 13:50:04,ETHUSDT,BINANCE,TRADE,1904.77,0.0027
2026-07-30 13:50:04,ETHUSDT,BINANCE,TRADE,1904.77,0.0027
2026-07-30 13:50:04,ETHUSDT,BINANCE,TRADE,1904.77,0.0027
2026-07-30 13:50:04,ETHUSDT,BINANCE,TRADE,1904.77,0.0027
2026-07-30 13:50:04,ETHUSDT,BINANCE,TRADE,1904.77,0.0027
2026-07-30 13:50:04,ETHUSDT,BINANCE,TRADE,1904.77,0.0027
2026-07-30 13:50:04,ETHUSDT,BINANCE,TRADE,1904.77,0.0027
2026-07-30 13:50:04,ETHUSDT,BINANCE,TRADE,1904.78,0.0053
2026-07-30 13:50:04,ETHUSDT,BINANCE,TRADE,1904.78,0.0028
2026-07-30 13:50:04,ETHUSDT,BINANCE,TRADE,1904.78,0.0027
2026-07-30 13:50:04,ETHUSDT,BINANCE,TRADE,1904.78,0.0082
2026-07-30 13:50:04,ETHUSDT,BINANCE,TRADE,1904.78,0.0028
2026-07-30 13:50:04,ETHUSDT,BINANCE,TRADE,1904.78,0.0028
2026-07-30 13:50:04,ETHUSDT,BINANCE,TRADE,1904.78,0.0028
2026-07-30 13:50:04,SOLUSDT,BINANCE,TRADE,73.43,3.947
2026-07-30 13:50:04,BTCUSDT,BINANCE,TRADE,64014.6,0.00029
2026-07-30 13:50:04,BTCUSDT,BINANCE,TRADE,64014.6,0.0003
2026-07-30 13:50:04,ETHUSDT,BINANCE,TRADE,1904.79,0.0027
2026-07-30 13:50:04,ETHUSDT,BINANCE,TRADE,1904.79,0.0027
2026-07-30 13:50:04,ETHUSDT,BINANCE,TRADE,1904.79,0.0028
2026-07-30 13:50:04,ETHUSDT,BINANCE,TRADE,1904.79,0.0027
2026-07-30 13:50:04,ETHUSDT,BINANCE,TRADE,1904.79,0.0027
2026-07-30 13:50:04,ETHUSDT,BINANCE,TRADE,1904.79,0.0027
2026-07-30 13:50:04,ETHUSDT,BINANCE,TRADE,1904.79,0.0027
2026-07-30 13:50:04,ETHUSDT,BINANCE,TRADE,1904.79,0.0027
2026-07-30 13:50:04,ETHUSDT,BINANCE,TRADE,1904.79,0.0027
2026-07-30 13:50:04,ETHUSDT,BINANCE,TRADE,1904.79,0.0027
2026-07-30 13:50:04,ETHUSDT,BINANCE,TRADE,1904.79,0.0027
2026-07-30 13:50:04,ETHUSDT,BINANCE,TRADE,1904.79,0.0027
2026-07-30 13:50:04,ETHUSDT,BINANCE,TRADE,1904.79,0.0027
2026-07-30 13:50:04,ETHUSDT,BINANCE,TRADE,1904.79,0.0027
2026-07-30 13:50:04,ETHUSDT,BINANCE,TRADE,1904.79,0.0027
2026-07-30 13:50:04,ETHUSDT,BINANCE,TRADE,1904.79,0.0027
2026-07-30 13:50:04,ETHUSDT,BINANCE,TRADE,1904.8,0.0028
2026-07-30 13:50:04,ETHUSDT,BINANCE,TRADE,1904.8,0.0027
2026-07-30 13:50:04,ETHUSDT,BINANCE,TRADE,1904.8,0.0027
2026-07-30 13:50:04,ETHUSDT,BINANCE,TRADE,1904.8,0.0027
2026-07-30 13:50:04,ETHUSDT,BINANCE,TRADE,1904.81,0.0028
2026-07-30 13:50:04,ETHUSDT,BINANCE,TRADE,1904.81,0.0027
2026-07-30 13:50:04,ETHUSDT,BINANCE,TRADE,1904.81,0.009
2026-07-30 13:50:04,ETHUSDT,BINANCE,TRADE,1904.81,0.0028
2026-07-30 13:50:04,ETHUSDT,BINANCE,TRADE,1904.81,0.0028
2026-07-30 13:50:04,ETHUSDT,BINANCE,TRADE,1904.81,0.0027
2026-07-30 13:50:04,ETHUSDT,BINANCE,TRADE,1904.81,0.0028
2026-07-30 13:50:04,ETHUSDT,BINANCE,TRADE,1904.81,0.0027
2026-07-30 13:50:04,ETHUSDT,BINANCE,TRADE,1904.81,0.0027
2026-07-30 13:50:04,ETHUSDT,BINANCE,TRADE,1904.81,0.0027
2026-07-30 13:50:04,ETHUSDT,BINANCE,TRADE,1904.82,0.0028
2026-07-30 13:50:04,ETHUSDT,BINANCE,TRADE,1904.82,0.0027
2026-07-30 13:50:04,ETHUSDT,BINANCE,TRADE,1904.82,0.0027
2026-07-30 13:50:04,ETHUSDT,BINANCE,TRADE,1904.82,0.0027
2026-07-30 13:50:04,ETHUSDT,BINANCE,TRADE,1904.82,0.0027
2026-07-30 13:50:04,ETHUSDT,BINANCE,TRADE,1904.82,0.0027
2026-07-30 13:50:04,ETHUSDT,BINANCE,TRADE,1904.82,0.0027
2026-07-30 13:50:04,ETHUSDT,BINANCE,TRADE,1904.82,0.0027
2026-07-30 13:50:04,ETHUSDT,BINANCE,TRADE,1904.82,0.0027
2026-07-30 13:50:04,ETHUSDT,BINANCE,TRADE,1904.82,0.0027
2026-07-30 13:50:04,ETHUSDT,BINANCE,TRADE,1904.83,0.0028
2026-07-30 13:50:04,ETHUSDT,BINANCE,TRADE,1904.83,0.0027
2026-07-30 13:50:04,ETHUSDT,BINANCE,TRADE,1904.83,0.0027
2026-07-30 13:50:04,ETHUSDT,BINANCE,TRADE,1904.83,0.0027
2026-07-30 13:50:04,ETHUSDT,BINANCE,TRADE,1904.83,0.0027
2026-07-30 13:50:04,ETHUSDT,BINANCE,TRADE,1904.83,0.245
2026-07-30 13:50:04,ETHUSDT,BINANCE,TRADE,1904.83,0.0027
2026-07-30 13:50:04,ETHUSDT,BINANCE,TRADE,1904.83,0.0027
2026-07-30 13:50:04,ETHUSDT,BINANCE,TRADE,1904.83,0.0027
2026-07-30 13:50:04,ETHUSDT,BINANCE,TRADE,1904.83,0.0027
2026-07-30 13:50:04,ETHUSDT,BINANCE,TRADE,1904.83,0.0027
2026-07-30 13:50:04,ETHUSDT,BINANCE,TRADE,1904.83,0.0027
2026-07-30 13:50:04,ETHUSDT,BINANCE,TRADE,1904.83,0.0027
2026-07-30 13:50:04,ETHUSDT,BINANCE,TRADE,1904.83,0.0027
2026-07-30 13:50:04,ETHUSDT,BINANCE,TRADE,1904.83,0.0028
2026-07-30 13:50:04,ETHUSDT,BINANCE,TRADE,1904.83,0.0027
2026-07-30 13:50:04,ETHUSDT,BINANCE,TRADE,1904.84,0.0028
2026-07-30 13:50:04,ETHUSDT,BINANCE,TRADE,1904.84,0.0027
2026-07-30 13:50:04,ETHUSDT,BINANCE,TRADE,1904.84,0.0027
2026-07-30 13:50:04,ETHUSDT,BINANCE,TRADE,1904.84,0.0027
2026-07-30 13:50:04,ETHUSDT,BINANCE,TRADE,1904.84,0.0027
2026-07-30 13:50:04,ETHUSDT,BINANCE,TRADE,1904.84,0.0027
2026-07-30 13:50:04,ETHUSDT,BINANCE,TRADE,1904.85,0.0027
2026-07-30 13:50:04,ETHUSDT,BINANCE,TRADE,1904.85,0.0027
2026-07-30 13:50:04,ETHUSDT,BINANCE,TRADE,1904.85,0.0028
2026-07-30 13:50:04,ETHUSDT,BINANCE,TRADE,1904.85,0.0027
2026-07-30 13:50:04,ETHUSDT,BINANCE,TRADE,1904.85,0.0027
2026-07-30 13:50:04,ETHUSDT,BINANCE,TRADE,1904.85,0.0027
2026-07-30 13:50:04,ETHUSDT,BINANCE,TRADE,1904.85,0.0027
2026-07-30 13:50:04,ETHUSDT,BINANCE,TRADE,1904.85,0.0027
2026-07-30 13:50:04,ETHUSDT,BINANCE,TRADE,1904.85,0.0027
2026-07-30 13:50:04,ETHUSDT,BINANCE,TRADE,1904.87,0.0028
2026-07-30 13:50:04,ETHUSDT,BINANCE,TRADE,1904.88,0.0028
2026-07-30 13:50:04,ETHUSDT,BINANCE,TRADE,1904.89,0.0027
2026-07-30 13:50:04,ETHUSDT,BINANCE,TRADE,1904.89,0.0028
2026-07-30 13:50:04,ETHUSDT,BINANCE,TRADE,1904.89,0.0027
2026-07-30 13:50:04,ETHUSDT,BINANCE,TRADE,1904.89,0.0027
2026-07-30 13:50:04,ETHUSDT,BINANCE,TRADE,1904.89,0.0027
2026-07-30 13:50:04,ETHUSDT,BINANCE,TRADE,1904.89,0.0027
2026-07-30 13:50:04,ETHUSDT,BINANCE,TRADE,1904.9,0.0027
2026-07-30 13:50:04,ETHUSDT,BINANCE,TRADE,1904.9,0.0184
2026-07-30 13:50:04,ETHUSDT,BINANCE,TRADE,1904.9,0.0027
2026-07-30 13:50:04,ETHUSDT,BINANCE,TRADE,1904.9,0.0028
2026-07-30 13:50:04,ETHUSDT,BINANCE,TRADE,1904.9,0.0027
2026-07-30 13:50:04,ETHUSDT,BINANCE,TRADE,1904.9,0.0027
2026-07-30 13:50:04,ETHUSDT,BINANCE,TRADE,1904.91,0.0027
2026-07-30 13:50:04,ETHUSDT,BINANCE,TRADE,1904.91,0.0027
2026-07-30 13:50:04,ETHUSDT,BINANCE,TRADE,1904.91,0.0028
2026-07-30 13:50:04,ETHUSDT,BINANCE,TRADE,1904.91,0.0027
2026-07-30 13:50:04,ETHUSDT,BINANCE,TRADE,1904.91,0.0027
2026-07-30 13:50:04,ETHUSDT,BINANCE,TRADE,1904.91,0.0027
2026-07-30 13:50:04,ETHUSDT,BINANCE,TRADE,1904.91,0.0027
2026-07-30 13:50:04,ETHUSDT,BINANCE,TRADE,1904.92,0.0027
2026-07-30 13:50:04,ETHUSDT,BINANCE,TRADE,1904.92,0.0028
2026-07-30 13:50:04,ETHUSDT,BINANCE,TRADE,1904.92,0.0028
2026-07-30 13:50:04,ETHUSDT,BINANCE,TRADE,1904.92,0.0028
2026-07-30 13:50:04,ETHUSDT,BINANCE,TRADE,1904.92,0.0027
2026-07-30 13:50:04,ETHUSDT,BINANCE,TRADE,1904.92,0.0028
2026-07-30 13:50:04,BTCUSDT,BINANCE,TRADE,64014.6,0.002
2026-07-30 13:50:04,BTCUSDT,BINANCE,TRADE,64014.6,9e-05
2026-07-30 13:50:04,BTCUSDT,BINANCE,TRADE,64014.6,0.0009
2026-07-30 13:50:04,BTCUSDT,BINANCE,TRADE,64014.6,0.00108
2026-07-30 13:50:04,BTCUSDT,BINANCE,TRADE,64014.6,0.00157
2026-07-30 13:50:04,BTCUSDT,BINANCE,TRADE,64014.6,8e-05
2026-07-30 13:50:04,BTCUSDT,BINANCE,TRADE,64014.6,0.00157
2026-07-30 13:50:04,BTCUSDT,BINANCE,TRADE,64014.6,0.00016
2026-07-30 13:50:04,BTCUSDT,BINANCE,TRADE,64014.6,8e-05
2026-07-30 13:50:04,BTCUSDT,BINANCE,TRADE,64014.6,8e-05
2026-07-30 13:50:04,BTCUSDT,BINANCE,TRADE,64014.6,0.00157
2026-07-30 13:50:04,BTCUSDT,BINANCE,TRADE,64014.6,4e-05
2026-07-30 13:50:04,ETHUSDT,BINANCE,TRADE,1904.93,0.0028
2026-07-30 13:50:04,ETHUSDT,BINANCE,TRADE,1904.93,0.0028
2026-07-30 13:50:04,ETHUSDT,BINANCE,TRADE,1904.93,0.0028
2026-07-30 13:50:04,ETHUSDT,BINANCE,TRADE,1904.93,0.0027
2026-07-30 13:50:04,ETHUSDT,BINANCE,TRADE,1904.93,0.0027
2026-07-30 13:50:04,ETHUSDT,BINANCE,TRADE,1904.93,0.0027
2026-07-30 13:50:04,ETHUSDT,BINANCE,TRADE,1904.93,0.0027
2026-07-30 13:50:04,ETHUSDT,BINANCE,TRADE,1904.93,0.0027
2026-07-30 13:50:04,ETHUSDT,BINANCE,TRADE,1904.93,0.0027
2026-07-30 13:50:04,ETHUSDT,BINANCE,TRADE,1904.93,0.0027
2026-07-30 13:50:04,ETHUSDT,BINANCE,TRADE,1904.93,0.0028
2026-07-30 13:50:04,ETHUSDT,BINANCE,TRADE,1904.93,0.0027
2026-07-30 13:50:04,ETHUSDT,BINANCE,TRADE,1904.93,0.0096
2026-07-30 13:50:04,ETHUSDT,BINANCE,TRADE,1904.93,0.0028
2026-07-30 13:50:04,ETHUSDT,BINANCE,TRADE,1904.93,0.0027
2026-07-30 13:50:04,ETHUSDT,BINANCE,TRADE,1904.94,0.3521
2026-07-30 13:50:04,BTCUSDT,BINANCE,TRADE,64014.6,4e-05
2026-07-30 13:50:04,BTCUSDT,BINANCE,TRADE,64014.6,0.00157
2026-07-30 13:50:04,BTCUSDT,BINANCE,TRADE,64014.6,0.00039
2026-07-30 13:50:04,BTCUSDT,BINANCE,TRADE,64014.6,0.00116
2026-07-30 13:50:04,BTCUSDT,BINANCE,TRADE,64014.6,0.00014
2026-07-30 13:50:04,SOLUSDT,BINANCE,TRADE,73.42,0.904
2026-07-30 13:50:04,SOLUSDT,BINANCE,TRADE,73.42,4
2026-07-30 13:50:04,SOLUSDT,BINANCE,TRADE,73.42,2
2026-07-30 13:50:04,SOLUSDT,BINANCE,TRADE,73.42,0.277
2026-07-30 13:50:04,SOLUSDT,BINANCE,TRADE,73.42,5.507
2026-07-30 13:50:04,SOLUSDT,BINANCE,TRADE,73.42,14.562
2026-07-30 13:50:04,BTCUSDT,BINANCE,TRADE,64014.6,0.0001
2026-07-30 13:50:04,BTCUSDT,BINANCE,TRADE,64014.6,0.00131
2026-07-30 13:50:04,BTCUSDT,BINANCE,TRADE,64014.6,0.03124
2026-07-30 13:50:04,BTCUSDT,BINANCE,TRADE,64014.6,0.00781
2026-07-30 13:50:04,BTCUSDT,BINANCE,TRADE,64014.6,0.01296
2026-07-30 13:50:04,BTCUSDT,BINANCE,TRADE,64014.6,0.00048
2026-07-30 13:50:04,BTCUSDT,BINANCE,TRADE,64014.6,0.00068
2026-07-30 13:50:04,BTCUSDT,BINANCE,TRADE,64014.6,0.01606
2026-07-30 13:50:04,BTCUSDT,BINANCE,TRADE,64014.6,0.0001
2026-07-30 13:50:04,BTCUSDT,BINANCE,TRADE,64014.6,8e-05
2026-07-30 13:50:04,BTCUSDT,BINANCE,TRADE,64014.6,0.07762
2026-07-30 13:50:04,BTCUSDT,BINANCE,TRADE,64014.6,9e-05
2026-07-30 13:50:04,BTCUSDT,BINANCE,TRADE,64014.6,9e-05
2026-07-30 13:50:04,BTCUSDT,BINANCE,TRADE,64014.6,0.02108
2026-07-30 13:50:04,BTCUSDT,BINANCE,TRADE,64014.6,0.01559
2026-07-30 13:50:04,BTCUSDT,BINANCE,TRADE,64014.6,0.00251
2026-07-30 13:50:04,BTCUSDT,BINANCE,TRADE,64014.6,8e-05
2026-07-30 13:50:04,BTCUSDT,BINANCE,TRADE,64014.6,0.00016
2026-07-30 13:50:04,BTCUSDT,BINANCE,TRADE,64014.6,8e-05
2026-07-30 13:50:04,BTCUSDT,BINANCE,TRADE,64014.6,8e-05
2026-07-30 13:50:04,BTCUSDT,BINANCE,TRADE,64014.6,8e-05
2026-07-30 13:50:04,BTCUSDT,BINANCE,TRADE,64014.6,8e-05
2026-07-30 13:50:04,BTCUSDT,BINANCE,TRADE,64014.6,8e-05
2026-07-30 13:50:04,BTCUSDT,BINANCE,TRADE,64014.6,0.00141
2026-07-30 13:50:04,BTCUSDT,BINANCE,TRADE,64014.6,0.00312
2026-07-30 13:50:04,BTCUSDT,BINANCE,TRADE,64014.6,0.00468
2026-07-30 13:50:04,BTCUSDT,BINANCE,TRADE,64014.6,0.00159
2026-07-30 13:50:04,BTCUSDT,BINANCE,TRADE,64014.6,8e-05
2026-07-30 13:50:04,BTCUSDT,BINANCE,TRADE,64014.6,8e-05
2026-07-30 13:50:04,BTCUSDT,BINANCE,TRADE,64014.6,0.001
2026-07-30 13:50:04,BTCUSDT,BINANCE,TRADE,64014.6,9e-05
2026-07-30 13:50:04,BTCUSDT,BINANCE,TRADE,64014.6,8e-05
2026-07-30 13:50:04,BTCUSDT,BINANCE,TRADE,64014.6,8e-05
2026-07-30 13:50:04,BTCUSDT,BINANCE,TRADE,64014.6,8e-05
2026-07-30 13:50:04,BTCUSDT,BINANCE,TRADE,64014.6,0.00016
2026-07-30 13:50:04,BTCUSDT,BINANCE,TRADE,64014.6,0.00157
2026-07-30 13:50:04,BTCUSDT,BINANCE,TRADE,64014.6,0.00157
2026-07-30 13:50:04,BTCUSDT,BINANCE,TRADE,64014.6,0.00157
2026-07-30 13:50:04,BTCUSDT,BINANCE,TRADE,64014.6,8e-05
2026-07-30 13:50:04,BTCUSDT,BINANCE,TRADE,64014.6,0.00157
2026-07-30 13:50:04,BTCUSDT,BINANCE,TRADE,64014.6,0.00155
2026-07-30 13:50:04,BTCUSDT,BINANCE,TRADE,64014.6,8e-05
2026-07-30 13:50:04,BTCUSDT,BINANCE,TRADE,64014.6,8e-05
2026-07-30 13:50:04,BTCUSDT,BINANCE,TRADE,64014.6,8e-05
2026-07-30 13:50:04,BTCUSDT,BINANCE,TRADE,64014.6,8e-05
2026-07-30 13:50:04,BTCUSDT,BINANCE,TRADE,64014.6,8e-05
2026-07-30 13:50:04,BTCUSDT,BINANCE,TRADE,64014.6,8e-05
2026-07-30 13:50:04,BTCUSDT,BINANCE,TRADE,64014.6,8e-05
2026-07-30 13:50:04,BTCUSDT,BINANCE,TRADE,64014.6,9e-05
2026-07-30 13:50:04,BTCUSDT,BINANCE,TRADE,64014.6,9e-05
2026-07-30 13:50:04,BTCUSDT,BINANCE,TRADE,64014.6,0.00016
2026-07-30 13:50:04,BTCUSDT,BINANCE,TRADE,64014.6,8e-05
2026-07-30 13:50:04,BTCUSDT,BINANCE,TRADE,64014.6,8e-05
2026-07-30 13:50:04,BTCUSDT,BINANCE,TRADE,64014.6,8e-05
2026-07-30 13:50:04,BTCUSDT,BINANCE,TRADE,64014.6,8e-05
2026-07-30 13:50:04,BTCUSDT,BINANCE,TRADE,64014.6,8e-05
2026-07-30 13:50:04,BTCUSDT,BINANCE,TRADE,64014.6,8e-05
2026-07-30 13:50:04,BTCUSDT,BINANCE,TRADE,64014.6,8e-05
2026-07-30 13:50:04,BTCUSDT,BINANCE,TRADE,64014.6,8e-05
2026-07-30 13:50:04,BTCUSDT,BINANCE,TRADE,64014.6,8e-05
2026-07-30 13:50:04,BTCUSDT,BINANCE,TRADE,64014.6,0.00016
2026-07-30 13:50:04,BTCUSDT,BINANCE,TRADE,64014.7,8e-05
2026-07-30 13:50:04,BTCUSDT,BINANCE,TRADE,64014.7,8e-05
2026-07-30 13:50:04,BTCUSDT,BINANCE,TRADE,64015.2,9e-05
2026-07-30 13:50:04,BTCUSDT,BINANCE,TRADE,64015.2,9e-05
2026-07-30 13:50:04,BTCUSDT,BINANCE,TRADE,64015.2,9e-05
2026-07-30 13:50:04,BTCUSDT,BINANCE,TRADE,64015.2,0.00099
2026-07-30 13:50:04,BTCUSDT,BINANCE,TRADE,64015.2,0.06677
2026-07-30 13:50:04,BTCUSDT,BINANCE,TRADE,64015.2,9e-05
2026-07-30 13:50:04,BTCUSDT,BINANCE,TRADE,64015.2,9e-05
2026-07-30 13:50:04,BTCUSDT,BINANCE,TRADE,64015.2,8e-05
2026-07-30 13:50:04,BTCUSDT,BINANCE,TRADE,64015.2,8e-05
2026-07-30 13:50:04,BTCUSDT,BINANCE,TRADE,64015.2,8e-05
2026-07-30 13:50:04,BTCUSDT,BINANCE,TRADE,64015.2,8e-05
2026-07-30 13:50:04,BTCUSDT,BINANCE,TRADE,64015.2,8e-05
2026-07-30 13:50:04,BTCUSDT,BINANCE,TRADE,64015.2,8e-05
2026-07-30 13:50:04,BTCUSDT,BINANCE,TRADE,64015.2,8e-05
2026-07-30 13:50:04,BTCUSDT,BINANCE,TRADE,64015.2,0.00079
2026-07-30 13:50:04,BTCUSDT,BINANCE,TRADE,64015.2,8e-05
2026-07-30 13:50:04,BTCUSDT,BINANCE,TRADE,64015.2,8e-05
2026-07-30 13:50:04,BTCUSDT,BINANCE,TRADE,64015.2,8e-05
2026-07-30 13:50:04,BTCUSDT,BINANCE,TRADE,64015.2,8e-05
2026-07-30 13:50:04,BTCUSDT,BINANCE,TRADE,64015.2,8e-05
2026-07-30 13:50:04,BTCUSDT,BINANCE,TRADE,64015.2,0.00152
2026-07-30 13:50:04,BTCUSDT,BINANCE,TRADE,64015.2,9e-05
2026-07-30 13:50:04,BTCUSDT,BINANCE,TRADE,64015.2,0.00781
2026-07-30 13:50:04,BTCUSDT,BINANCE,TRADE,64015.2,8e-05
2026-07-30 13:50:04,BTCUSDT,BINANCE,TRADE,64015.2,8e-05
2026-07-30 13:50:04,BTCUSDT,BINANCE,TRADE,64015.2,9e-05
2026-07-30 13:50:04,BTCUSDT,BINANCE,TRADE,64015.2,8e-05
2026-07-30 13:50:04,BTCUSDT,BINANCE,TRADE,64015.2,8e-05
2026-07-30 13:50:04,BTCUSDT,BINANCE,TRADE,64015.2,9e-05
2026-07-30 13:50:04,BTCUSDT,BINANCE,TRADE,64015.2,8e-05
2026-07-30 13:50:04,BTCUSDT,BINANCE,TRADE,64015.2,8e-05
2026-07-30 13:50:04,BTCUSDT,BINANCE,TRADE,64015.2,8e-05
2026-07-30 13:50:04,BTCUSDT,BINANCE,TRADE,64015.2,8e-05
2026-07-30 13:50:04,BTCUSDT,BINANCE,TRADE,64015.2,8e-05
2026-07-30 13:50:04,BTCUSDT,BINANCE,TRADE,64015.2,8e-05
2026-07-30 13:50:04,BTCUSDT,BINANCE,TRADE,64015.2,8e-05
2026-07-30 13:50:04,BTCUSDT,BINANCE,TRADE,64015.2,8e-05
2026-07-30 13:50:04,BTCUSDT,BINANCE,TRADE,64015.2,8e-05
2026-07-30 13:50:04,BTCUSDT,BINANCE,TRADE,64015.4,8e-05
2026-07-30 13:50:04,BTCUSDT,BINANCE,TRADE,64015.7,8e-05
2026-07-30 13:50:04,BTCUSDT,BINANCE,TRADE,64015.7,8e-05
2026-07-30 13:50:04,BTCUSDT,BINANCE,TRADE,64015.7,8e-05
2026-07-30 13:50:04,BTCUSDT,BINANCE,TRADE,64015.7,8e-05
2026-07-30 13:50:04,BTCUSDT,BINANCE,TRADE,64015.7,8e-05
2026-07-30 13:50:04,BTCUSDT,BINANCE,TRADE,64016,8e-05
2026-07-30 13:50:04,BTCUSDT,BINANCE,TRADE,64016,8e-05
2026-07-30 13:50:04,BTCUSDT,BINANCE,TRADE,64016,8e-05
2026-07-30 13:50:04,BTCUSDT,BINANCE,TRADE,64016,8e-05
2026-07-30 13:50:04,BTCUSDT,BINANCE,TRADE,64016,8e-05
2026-07-30 13:50:04,BTCUSDT,BINANCE,TRADE,64016.1,8e-05
2026-07-30 13:50:04,BTCUSDT,BINANCE,TRADE,64016.1,8e-05
2026-07-30 13:50:04,BTCUSDT,BINANCE,TRADE,64016.1,8e-05
2026-07-30 13:50:04,BTCUSDT,BINANCE,TRADE,64016.1,8e-05
2026-07-30 13:50:04,BTCUSDT,BINANCE,TRADE,64016.1,8e-05
2026-07-30 13:50:04,BTCUSDT,BINANCE,TRADE,64016.1,8e-05
2026-07-30 13:50:04,BTCUSDT,BINANCE,TRADE,64016.1,0.00604
2026-07-30 13:50:04,BTCUSDT,BINANCE,TRADE,64016.1,8e-05
2026-07-30 13:50:04,BTCUSDT,BINANCE,TRADE,64016.1,9e-05
2026-07-30 13:50:04,BTCUSDT,BINANCE,TRADE,64016.1,9e-05
2026-07-30 13:50:04,BTCUSDT,BINANCE,TRADE,64016.1,8e-05
2026-07-30 13:50:04,BTCUSDT,BINANCE,TRADE,64016.1,8e-05
2026-07-30 13:50:04,BTCUSDT,BINANCE,TRADE,64016.1,8e-05
2026-07-30 13:50:04,BTCUSDT,BINANCE,TRADE,64016.1,8e-05
2026-07-30 13:50:04,BTCUSDT,BINANCE,TRADE,64016.1,8e-05
2026-07-30 13:50:04,BTCUSDT,BINANCE,TRADE,64016.8,8e-05
2026-07-30 13:50:04,BTCUSDT,BINANCE,TRADE,64017.1,8e-05
2026-07-30 13:50:04,BTCUSDT,BINANCE,TRADE,64017.8,9e-05
2026-07-30 13:50:04,BTCUSDT,BINANCE,TRADE,64017.8,9e-05
2026-07-30 13:50:04,BTCUSDT,BINANCE,TRADE,64017.8,9e-05
2026-07-30 13:50:04,BTCUSDT,BINANCE,TRADE,64017.8,0.00027
2026-07-30 13:50:04,BTCUSDT,BINANCE,TRADE,64017.8,0.01564
2026-07-30 13:50:04,BTCUSDT,BINANCE,TRADE,64017.8,0.00017
2026-07-30 13:50:04,ETHUSDT,BINANCE,TRADE,1904.93,0.0472
2026-07-30 13:50:04,BTCUSDT,BINANCE,TRADE,64017.8,9e-05
2026-07-30 13:50:04,BTCUSDT,BINANCE,TRADE,64017.8,9e-05
2026-07-30 13:50:04,BTCUSDT,BINANCE,TRADE,64017.8,8e-05
2026-07-30 13:50:04,BTCUSDT,BINANCE,TRADE,64017.8,8e-05
2026-07-30 13:50:04,BTCUSDT,BINANCE,TRADE,64017.8,8e-05
2026-07-30 13:50:04,BTCUSDT,BINANCE,TRADE,64017.8,8e-05
2026-07-30 13:50:04,BTCUSDT,BINANCE,TRADE,64017.8,0.00049
2026-07-30 13:50:04,BTCUSDT,BINANCE,TRADE,64017.8,0.00012
2026-07-30 13:50:04,BTCUSDT,BINANCE,TRADE,64017.8,0.0013
2026-07-30 13:50:04,BTCUSDT,BINANCE,TRADE,64017.8,0.002
2026-07-30 13:50:04,BTCUSDT,BINANCE,TRADE,64017.8,0.00038
2026-07-30 13:50:04,BTCUSDT,BINANCE,TRADE,64017.8,0.00521
2026-07-30 13:50:04,BTCUSDT,BINANCE,TRADE,64017.8,0.00099
2026-07-30 13:50:04,BTCUSDT,BINANCE,TRADE,64017.8,0.00017
2026-07-30 13:50:04,BTCUSDT,BINANCE,TRADE,64017.8,0.00296
2026-07-30 13:50:04,ETHUSDT,BINANCE,TRADE,1904.93,0.0133
2026-07-30 13:50:04,BTCUSDT,BINANCE,TRADE,64017.8,8e-05
2026-07-30 13:50:04,BTCUSDT,BINANCE,TRADE,64017.8,0.00468
2026-07-30 13:50:04,BTCUSDT,BINANCE,TRADE,64017.8,0.00499
2026-07-30 13:50:04,ETHUSDT,BINANCE,TRADE,1904.93,0.0216
2026-07-30 13:50:04,BTCUSDT,BINANCE,TRADE,64017.8,0.00014
2026-07-30 13:50:04,BTCUSDT,BINANCE,TRADE,64017.8,0.00209
2026-07-30 13:50:05,BTCUSDT,BINANCE,TRADE,64017.8,0.00509
2026-07-30 13:50:05,BTCUSDT,BINANCE,TRADE,64017.8,0.00032
2026-07-30 13:50:05,BTCUSDT,BINANCE,TRADE,64017.8,0.0013
2026-07-30 13:50:05,BTCUSDT,BINANCE,TRADE,64017.8,0.00021
2026-07-30 13:50:05,BTCUSDT,BINANCE,TRADE,64017.8,0.0003
2026-07-30 13:50:05,BTCUSDT,BINANCE,TRADE,64017.8,0.01874
2026-07-30 13:50:05,BTCUSDT,BINANCE,TRADE,64017.8,0.00032
2026-07-30 13:50:05,SOLUSDT,BINANCE,TRADE,73.42,26.43
2026-07-30 13:50:05,SOLUSDT,BINANCE,TRADE,73.42,0.82
2026-07-30 13:50:05,BTCUSDT,BINANCE,TRADE,64017.8,0.00015
2026-07-30 13:50:05,BTCUSDT,BINANCE,TRADE,64017.8,0.0003
2026-07-30 13:50:05,BTCUSDT,BINANCE,TRADE,64017.8,0.00025
2026-07-30 13:50:05,BTCUSDT,BINANCE,TRADE,64017.8,0.0012
2026-07-30 13:50:05,ETHUSDT,BINANCE,TRADE,1904.93,0.0351
2026-07-30 13:50:05,BTCUSDT,BINANCE,TRADE,64017.8,0.0013
2026-07-30 13:50:05,BTCUSDT,BINANCE,TRADE,64017.8,0.00027
2026-07-30 13:50:05,BTCUSDT,BINANCE,TRADE,64017.8,0.0156
2026-07-30 13:50:05,ETHUSDT,BINANCE,TRADE,1904.93,0.0049
2026-07-30 13:50:05,BTCUSDT,BINANCE,TRADE,64017.8,0.00033
2026-07-30 13:50:05,BTCUSDT,BINANCE,TRADE,64017.8,0.03671
2026-07-30 13:50:05,BTCUSDT,BINANCE,TRADE,64017.8,0.00076
2026-07-30 13:50:05,BTCUSDT,BINANCE,TRADE,64017.8,0.002
2026-07-30 13:50:05,BTCUSDT,BINANCE,TRADE,64017.8,0.00137
2026-07-30 13:50:05,BTCUSDT,BINANCE,TRADE,64017.8,0.00031
2026-07-30 13:50:05,ETHUSDT,BINANCE,TRADE,1904.93,0.0548
2026-07-30 13:50:05,BTCUSDT,BINANCE,TRADE,64017.8,0.00021
2026-07-30 13:50:05,BTCUSDT,BINANCE,TRADE,64017.8,0.01213
2026-07-30 13:50:05,BTCUSDT,BINANCE,TRADE,64017.8,0.01564
2026-07-30 13:50:05,BTCUSDT,BINANCE,TRADE,64017.8,0.0013
2026-07-30 13:50:05,BTCUSDT,BINANCE,TRADE,64017.8,0.00029
2026-07-30 13:50:05,BTCUSDT,BINANCE,TRADE,64017.8,0.00071
2026-07-30 13:50:05,BTCUSDT,BINANCE,TRADE,64017.8,0.00095
2026-07-30 13:50:05,ETHUSDT,BINANCE,TRADE,1904.94,0.0027
2026-07-30 13:50:05,ETHUSDT,BINANCE,TRADE,1904.94,0.0027
2026-07-30 13:50:05,ETHUSDT,BINANCE,TRADE,1904.94,0.0028
2026-07-30 13:50:05,ETHUSDT,BINANCE,TRADE,1904.94,0.0027
2026-07-30 13:50:05,ETHUSDT,BINANCE,TRADE,1904.94,0.0028
2026-07-30 13:50:05,ETHUSDT,BINANCE,TRADE,1904.94,0.0201
2026-07-30 13:50:05,BTCUSDT,BINANCE,TRADE,64017.8,8e-05
2026-07-30 13:50:05,BTCUSDT,BINANCE,TRADE,64017.8,0.00029
2026-07-30 13:50:05,ETHUSDT,BINANCE,TRADE,1904.93,0.0082
2026-07-30 13:50:05,SOLUSDT,BINANCE,TRADE,73.42,0.82
2026-07-30 13:50:05,BTCUSDT,BINANCE,TRADE,64017.8,0.00021
2026-07-30 13:50:05,BTCUSDT,BINANCE,TRADE,64017.8,0.00095
2026-07-30 13:50:05,BTCUSDT,BINANCE,TRADE,64017.8,0.0008
2026-07-30 13:50:05,BTCUSDT,BINANCE,TRADE,64017.8,0.00042
2026-07-30 13:50:05,BTCUSDT,BINANCE,TRADE,64017.8,0.0013
2026-07-30 13:50:05,BTCUSDT,BINANCE,TRADE,64017.8,0.00171
2026-07-30 13:50:05,BTCUSDT,BINANCE,TRADE,64017.8,0.00097
2026-07-30 13:50:05,BTCUSDT,BINANCE,TRADE,64017.8,0.00196
2026-07-30 13:50:05,BTCUSDT,BINANCE,TRADE,64017.8,0.00521
2026-07-30 13:50:06,BTCUSDT,BINANCE,TRADE,64017.8,0.00015
2026-07-30 13:50:06,BTCUSDT,BINANCE,TRADE,64017.8,0.00038
2026-07-30 13:50:06,BTCUSDT,BINANCE,TRADE,64017.8,0.00499
2026-07-30 13:50:06,BTCUSDT,BINANCE,TRADE,64017.8,0.00099
2026-07-30 13:50:06,BTCUSDT,BINANCE,TRADE,64017.8,8e-05
2026-07-30 13:50:06,ETHUSDT,BINANCE,TRADE,1904.93,0.0177
2026-07-30 13:50:06,BTCUSDT,BINANCE,TRADE,64017.8,0.00024
2026-07-30 13:50:06,BTCUSDT,BINANCE,TRADE,64017.8,0.0003
2026-07-30 13:50:06,BTCUSDT,BINANCE,TRADE,64017.8,0.00099
2026-07-30 13:50:06,BTCUSDT,BINANCE,TRADE,64017.8,0.00025
2026-07-30 13:50:06,BTCUSDT,BINANCE,TRADE,64017.8,0.01434
2026-07-30 13:50:06,ETHUSDT,BINANCE,TRADE,1904.93,0.0269
2026-07-30 13:50:06,BTCUSDT,BINANCE,TRADE,64017.8,0.00014
2026-07-30 13:50:06,BTCUSDT,BINANCE,TRADE,64017.8,0.00101
2026-07-30 13:50:06,BTCUSDT,BINANCE,TRADE,64017.8,0.00312
2026-07-30 13:50:06,BTCUSDT,BINANCE,TRADE,64017.8,0.00468
2026-07-30 13:50:06,BTCUSDT,BINANCE,TRADE,64017.8,0.00178
2026-07-30 13:50:06,BTCUSDT,BINANCE,TRADE,64017.8,0.00086
2026-07-30 13:50:06,BTCUSDT,BINANCE,TRADE,64017.8,0.00037
2026-07-30 13:50:06,ETHUSDT,BINANCE,TRADE,1904.94,0.0523
2026-07-30 13:50:06,BTCUSDT,BINANCE,TRADE,64017.8,0.00101
2026-07-30 13:50:06,BTCUSDT,BINANCE,TRADE,64017.8,0.0013
2026-07-30 13:50:06,BTCUSDT,BINANCE,TRADE,64017.8,0.00044
2026-07-30 13:50:06,BTCUSDT,BINANCE,TRADE,64017.8,0.00031
2026-07-30 13:50:06,BTCUSDT,BINANCE,TRADE,64017.8,0.00027
2026-07-30 13:50:06,BTCUSDT,BINANCE,TRADE,64017.8,0.00103
2026-07-30 13:50:06,BTCUSDT,BINANCE,TRADE,64017.8,0.00102
2026-07-30 13:50:06,BTCUSDT,BINANCE,TRADE,64017.8,0.00047
2026-07-30 13:50:06,BTCUSDT,BINANCE,TRADE,64017.8,0.00515
2026-07-30 13:50:06,BTCUSDT,BINANCE,TRADE,64017.8,0.00017
2026-07-30 13:50:06,BTCUSDT,BINANCE,TRADE,64017.8,0.0013
2026-07-30 13:50:06,BTCUSDT,BINANCE,TRADE,64017.8,0.00102
2026-07-30 13:50:06,ETHUSDT,BINANCE,TRADE,1904.94,0.0216
2026-07-30 13:50:06,BTCUSDT,BINANCE,TRADE,64017.8,0.00029
2026-07-30 13:50:06,BTCUSDT,BINANCE,TRADE,64017.8,0.00012
2026-07-30 13:50:06,ETHUSDT,BINANCE,TRADE,1904.94,0.0472
2026-07-30 13:50:06,BTCUSDT,BINANCE,TRADE,64017.8,0.01564
2026-07-30 13:50:06,BTCUSDT,BINANCE,TRADE,64017.8,0.05766
2026-07-30 13:50:06,BTCUSDT,BINANCE,TRADE,64017.8,8e-05
2026-07-30 13:50:06,BTCUSDT,BINANCE,TRADE,64017.8,8e-05
2026-07-30 13:50:06,BTCUSDT,BINANCE,TRADE,64017.8,8e-05
2026-07-30 13:50:06,BTCUSDT,BINANCE,TRADE,64017.8,8e-05
2026-07-30 13:50:06,BTCUSDT,BINANCE,TRADE,64017.8,8e-05
2026-07-30 13:50:06,BTCUSDT,BINANCE,TRADE,64017.8,0.00819
2026-07-30 13:50:06,BTCUSDT,BINANCE,TRADE,64017.8,0.00033
2026-07-30 13:50:06,BTCUSDT,BINANCE,TRADE,64017.8,0.00032
2026-07-30 13:50:06,BTCUSDT,BINANCE,TRADE,64017.8,0.00259
2026-07-30 13:50:06,BTCUSDT,BINANCE,TRADE,64017.8,0.01874
2026-07-30 13:50:06,BTCUSDT,BINANCE,TRADE,64017.8,8e-05
2026-07-30 13:50:06,BTCUSDT,BINANCE,TRADE,64017.8,0.00027
2026-07-30 13:50:06,BTCUSDT,BINANCE,TRADE,64017.8,0.00021
2026-07-30 13:50:06,BTCUSDT,BINANCE,TRADE,64017.8,0.0003
2026-07-30 13:50:06,BTCUSDT,BINANCE,TRADE,64017.8,0.004
2026-07-30 13:50:06,BTCUSDT,BINANCE,TRADE,64017.8,0.00029
2026-07-30 13:50:07,BTCUSDT,BINANCE,TRADE,64017.8,0.00015
2026-07-30 13:50:07,ETHUSDT,BINANCE,TRADE,1904.94,0.0351
2026-07-30 13:50:07,BTCUSDT,BINANCE,TRADE,64017.8,0.00499
2026-07-30 13:50:07,BTCUSDT,BINANCE,TRADE,64017.8,0.0013
2026-07-30 13:50:07,ETHUSDT,BINANCE,TRADE,1904.93,0.0283
2026-07-30 13:50:07,BTCUSDT,BINANCE,TRADE,64017.8,0.00038
2026-07-30 13:50:07,BTCUSDT,BINANCE,TRADE,64017.8,0.00137
2026-07-30 13:50:07,BTCUSDT,BINANCE,TRADE,64017.8,0.0014
2026-07-30 13:50:07,ETHUSDT,BINANCE,TRADE,1904.94,0.0852
2026-07-30 13:50:07,ETHUSDT,BINANCE,TRADE,1904.94,0.0128
2026-07-30 13:50:07,BTCUSDT,BINANCE,TRADE,64017.8,0.0013
2026-07-30 13:50:07,BTCUSDT,BINANCE,TRADE,64017.8,0.00076
2026-07-30 13:50:07,BTCUSDT,BINANCE,TRADE,64017.8,0.00021
2026-07-30 13:50:07,BTCUSDT,BINANCE,TRADE,64017.8,0.00018
2026-07-30 13:50:07,BTCUSDT,BINANCE,TRADE,64017.8,0.00014
2026-07-30 13:50:07,BTCUSDT,BINANCE,TRADE,64017.8,0.00017
2026-07-30 13:50:07,BTCUSDT,BINANCE,TRADE,64017.8,0.00468
2026-07-30 13:50:07,ETHUSDT,BINANCE,TRADE,1904.93,0.0338
2026-07-30 13:50:07,BTCUSDT,BINANCE,TRADE,64017.8,0.0003
2026-07-30 13:50:07,BTCUSDT,BINANCE,TRADE,64017.8,0.00027
2026-07-30 13:50:07,BTCUSDT,BINANCE,TRADE,64017.8,0.00029
2026-07-30 13:50:07,BTCUSDT,BINANCE,TRADE,64017.8,0.00024
2026-07-30 13:50:07,BTCUSDT,BINANCE,TRADE,64017.8,0.00025
2026-07-30 13:50:07,BTCUSDT,BINANCE,TRADE,64017.8,0.00103
2026-07-30 13:50:07,BTCUSDT,BINANCE,TRADE,64017.8,8e-05
2026-07-30 13:50:07,ETHUSDT,BINANCE,TRADE,1904.93,0.0163
2026-07-30 13:50:07,BTCUSDT,BINANCE,TRADE,64017.8,0.0013
2026-07-30 13:50:07,BTCUSDT,BINANCE,TRADE,64017.8,0.01564
2026-07-30 13:50:07,ETHUSDT,BINANCE,TRADE,1904.94,0.0049
2026-07-30 13:50:07,BTCUSDT,BINANCE,TRADE,64017.8,0.0002
2026-07-30 13:50:07,BTCUSDT,BINANCE,TRADE,64017.8,0.00103
2026-07-30 13:50:07,BTCUSDT,BINANCE,TRADE,64017.8,0.00046
2026-07-30 13:50:07,ETHUSDT,BINANCE,TRADE,1904.93,0.003
2026-07-30 13:50:07,BTCUSDT,BINANCE,TRADE,64017.8,0.00126
2026-07-30 13:50:08,BTCUSDT,BINANCE,TRADE,64017.8,0.00096
2026-07-30 13:50:08,BTCUSDT,BINANCE,TRADE,64017.8,0.0013
2026-07-30 13:50:08,BTCUSDT,BINANCE,TRADE,64017.8,0.00031
2026-07-30 13:50:08,BTCUSDT,BINANCE,TRADE,64017.8,0.0012
2026-07-30 13:50:08,BTCUSDT,BINANCE,TRADE,64017.8,0.00015
2026-07-30 13:50:08,BTCUSDT,BINANCE,TRADE,64017.8,0.00822
2026-07-30 13:50:08,BTCUSDT,BINANCE,TRADE,64017.8,0.00096
2026-07-30 13:50:08,BTCUSDT,BINANCE,TRADE,64017.8,0.00021
2026-07-30 13:50:08,BTCUSDT,BINANCE,TRADE,64017.8,0.00032
2026-07-30 13:50:08,BTCUSDT,BINANCE,TRADE,64017.8,0.00029
2026-07-30 13:50:08,BTCUSDT,BINANCE,TRADE,64017.8,0.00509
2026-07-30 13:50:08,BTCUSDT,BINANCE,TRADE,64017.8,0.00157
2026-07-30 13:50:08,BTCUSDT,BINANCE,TRADE,64017.8,0.00021
2026-07-30 13:50:08,BTCUSDT,BINANCE,TRADE,64017.8,0.00096
2026-07-30 13:50:08,BTCUSDT,BINANCE,TRADE,64017.8,0.00015
2026-07-30 13:50:08,BTCUSDT,BINANCE,TRADE,64017.8,0.00033
2026-07-30 13:50:08,BTCUSDT,BINANCE,TRADE,64017.8,0.00038
2026-07-30 13:50:08,ETHUSDT,BINANCE,TRADE,1904.93,0.0216
2026-07-30 13:50:08,BTCUSDT,BINANCE,TRADE,64017.8,0.00096
2026-07-30 13:50:08,BTCUSDT,BINANCE,TRADE,64017.8,0.00057
2026-07-30 13:50:08,BTCUSDT,BINANCE,TRADE,64017.8,0.00029
2026-07-30 13:50:08,BTCUSDT,BINANCE,TRADE,64017.8,0.00521
2026-07-30 13:50:08,BTCUSDT,BINANCE,TRADE,64017.8,0.00015
2026-07-30 13:50:08,ETHUSDT,BINANCE,TRADE,1904.94,0.0082
2026-07-30 13:50:08,BTCUSDT,BINANCE,TRADE,64017.8,0.00047
2026-07-30 13:50:08,BTCUSDT,BINANCE,TRADE,64017.8,0.0013
2026-07-30 13:50:08,BTCUSDT,BINANCE,TRADE,64017.8,0.00099
2026-07-30 13:50:08,BTCUSDT,BINANCE,TRADE,64017.8,0.00197
2026-07-30 13:50:08,BTCUSDT,BINANCE,TRADE,64017.8,0.002
2026-07-30 13:50:08,BTCUSDT,BINANCE,TRADE,64017.8,0.00156
2026-07-30 13:50:08,ETHUSDT,BINANCE,TRADE,1904.93,0.003
2026-07-30 13:50:08,BTCUSDT,BINANCE,TRADE,64017.8,0.00025
2026-07-30 13:50:08,BTCUSDT,BINANCE,TRADE,64017.8,0.00099
2026-07-30 13:50:08,BTCUSDT,BINANCE,TRADE,64017.8,0.00157
2026-07-30 13:50:08,BTCUSDT,BINANCE,TRADE,64017.8,0.0003
2026-07-30 13:50:08,BTCUSDT,BINANCE,TRADE,64017.8,0.0004
2026-07-30 13:50:08,SOLUSDT,BINANCE,TRADE,73.43,0.185
2026-07-30 13:50:08,BTCUSDT,BINANCE,TRADE,64017.8,0.0013
2026-07-30 13:50:08,ETHUSDT,BINANCE,TRADE,1904.93,0.0027
2026-07-30 13:50:08,ETHUSDT,BINANCE,TRADE,1904.93,0.0028
2026-07-30 13:50:08,ETHUSDT,BINANCE,TRADE,1904.93,0.0027
2026-07-30 13:50:08,ETHUSDT,BINANCE,TRADE,1904.93,0.0028
2026-07-30 13:50:08,ETHUSDT,BINANCE,TRADE,1904.93,0.0053
2026-07-30 13:50:08,ETHUSDT,BINANCE,TRADE,1904.93,0.0027
2026-07-30 13:50:08,ETHUSDT,BINANCE,TRADE,1904.93,0.0027
2026-07-30 13:50:08,ETHUSDT,BINANCE,TRADE,1904.93,0.0027
2026-07-30 13:50:08,ETHUSDT,BINANCE,TRADE,1904.93,0.0027
2026-07-30 13:50:08,ETHUSDT,BINANCE,TRADE,1904.93,0.0027
2026-07-30 13:50:08,ETHUSDT,BINANCE,TRADE,1904.93,0.0027
2026-07-30 13:50:08,ETHUSDT,BINANCE,TRADE,1904.93,0.0027
2026-07-30 13:50:08,ETHUSDT,BINANCE,TRADE,1904.93,0.0027
2026-07-30 13:50:08,ETHUSDT,BINANCE,TRADE,1904.93,0.0027
2026-07-30 13:50:08,ETHUSDT,BINANCE,TRADE,1904.93,0.0031
2026-07-30 13:50:08,ETHUSDT,BINANCE,TRADE,1904.93,0.0031
2026-07-30 13:50:08,ETHUSDT,BINANCE,TRADE,1904.93,0.0055
2026-07-30 13:50:08,ETHUSDT,BINANCE,TRADE,1904.93,0.0018
2026-07-30 13:50:08,ETHUSDT,BINANCE,TRADE,1904.93,0.0031
2026-07-30 13:50:08,ETHUSDT,BINANCE,TRADE,1904.93,0.0027
2026-07-30 13:50:08,ETHUSDT,BINANCE,TRADE,1904.93,0.0027
2026-07-30 13:50:08,ETHUSDT,BINANCE,TRADE,1904.93,0.0027
2026-07-30 13:50:08,ETHUSDT,BINANCE,TRADE,1904.93,0.0027
2026-07-30 13:50:08,ETHUSDT,BINANCE,TRADE,1904.92,0.0027
2026-07-30 13:50:08,ETHUSDT,BINANCE,TRADE,1904.92,0.0053
2026-07-30 13:50:08,ETHUSDT,BINANCE,TRADE,1904.92,0.0027
2026-07-30 13:50:08,ETHUSDT,BINANCE,TRADE,1904.92,0.0028
2026-07-30 13:50:08,ETHUSDT,BINANCE,TRADE,1904.92,0.0027
2026-07-30 13:50:08,ETHUSDT,BINANCE,TRADE,1904.92,0.0027
2026-07-30 13:50:08,ETHUSDT,BINANCE,TRADE,1904.92,0.0027
2026-07-30 13:50:08,ETHUSDT,BINANCE,TRADE,1904.92,0.0027
2026-07-30 13:50:08,ETHUSDT,BINANCE,TRADE,1904.92,0.0027
2026-07-30 13:50:08,ETHUSDT,BINANCE,TRADE,1904.92,0.0027
2026-07-30 13:50:08,ETHUSDT,BINANCE,TRADE,1904.92,0.0027
2026-07-30 13:50:08,ETHUSDT,BINANCE,TRADE,1904.92,0.0027
2026-07-30 13:50:08,ETHUSDT,BINANCE,TRADE,1904.92,0.0027
2026-07-30 13:50:08,ETHUSDT,BINANCE,TRADE,1904.92,0.0027
2026-07-30 13:50:08,ETHUSDT,BINANCE,TRADE,1904.92,0.0027
2026-07-30 13:50:08,ETHUSDT,BINANCE,TRADE,1904.92,0.0027
2026-07-30 13:50:08,ETHUSDT,BINANCE,TRADE,1904.92,0.0027
2026-07-30 13:50:08,ETHUSDT,BINANCE,TRADE,1904.92,0.0027
2026-07-30 13:50:08,ETHUSDT,BINANCE,TRADE,1904.92,0.0027
2026-07-30 13:50:08,ETHUSDT,BINANCE,TRADE,1904.92,0.0027
2026-07-30 13:50:08,ETHUSDT,BINANCE,TRADE,1904.91,0.0053
2026-07-30 13:50:08,ETHUSDT,BINANCE,TRADE,1904.91,0.0028
2026-07-30 13:50:08,ETHUSDT,BINANCE,TRADE,1904.9,0.0028
2026-07-30 13:50:08,ETHUSDT,BINANCE,TRADE,1904.9,0.0027
2026-07-30 13:50:08,ETHUSDT,BINANCE,TRADE,1904.88,0.0027
2026-07-30 13:50:08,ETHUSDT,BINANCE,TRADE,1904.88,0.0027
2026-07-30 13:50:08,ETHUSDT,BINANCE,TRADE,1904.88,0.0028
2026-07-30 13:50:08,ETHUSDT,BINANCE,TRADE,1904.88,0.0027
2026-07-30 13:50:08,ETHUSDT,BINANCE,TRADE,1904.88,0.0027
2026-07-30 13:50:08,ETHUSDT,BINANCE,TRADE,1904.88,0.0027
2026-07-30 13:50:08,ETHUSDT,BINANCE,TRADE,1904.88,0.0027
2026-07-30 13:50:08,ETHUSDT,BINANCE,TRADE,1904.87,0.0028
2026-07-30 13:50:08,ETHUSDT,BINANCE,TRADE,1904.86,0.0028
2026-07-30 13:50:08,ETHUSDT,BINANCE,TRADE,1904.86,0.0027
2026-07-30 13:50:08,ETHUSDT,BINANCE,TRADE,1904.86,0.0027
2026-07-30 13:50:08,ETHUSDT,BINANCE,TRADE,1904.86,0.0027
2026-07-30 13:50:08,ETHUSDT,BINANCE,TRADE,1904.86,0.0027
2026-07-30 13:50:08,ETHUSDT,BINANCE,TRADE,1904.85,0.0027
2026-07-30 13:50:08,ETHUSDT,BINANCE,TRADE,1904.85,0.0028
2026-07-30 13:50:08,ETHUSDT,BINANCE,TRADE,1904.85,0.0027
2026-07-30 13:50:08,ETHUSDT,BINANCE,TRADE,1904.85,0.0028
2026-07-30 13:50:08,ETHUSDT,BINANCE,TRADE,1904.85,0.0028
2026-07-30 13:50:08,ETHUSDT,BINANCE,TRADE,1904.85,0.0028
2026-07-30 13:50:08,BTCUSDT,BINANCE,TRADE,64017.8,0.00021
2026-07-30 13:50:08,ETHUSDT,BINANCE,TRADE,1904.84,0.0028
2026-07-30 13:50:08,ETHUSDT,BINANCE,TRADE,1904.84,0.0028
2026-07-30 13:50:08,ETHUSDT,BINANCE,TRADE,1904.84,0.0028
2026-07-30 13:50:08,ETHUSDT,BINANCE,TRADE,1904.84,0.0267
2026-07-30 13:50:08,BTCUSDT,BINANCE,TRADE,64017.8,0.002
2026-07-30 13:50:08,ETHUSDT,BINANCE,TRADE,1904.85,0.0069
2026-07-30 13:50:08,ETHUSDT,BINANCE,TRADE,1904.85,0.0143
2026-07-30 13:50:08,BTCUSDT,BINANCE,TRADE,64017.8,0.00044
2026-07-30 13:50:08,BTCUSDT,BINANCE,TRADE,64017.8,0.01213
2026-07-30 13:50:08,BTCUSDT,BINANCE,TRADE,64017.8,0.00059
2026-07-30 13:50:08,BTCUSDT,BINANCE,TRADE,64017.8,0.00537
2026-07-30 13:50:08,BTCUSDT,BINANCE,TRADE,64017.8,0.00157
2026-07-30 13:50:08,BTCUSDT,BINANCE,TRADE,64017.8,0.00031
2026-07-30 13:50:08,BTCUSDT,BINANCE,TRADE,64017.8,0.01874
2026-07-30 13:50:08,BTCUSDT,BINANCE,TRADE,64017.8,0.00037
2026-07-30 13:50:08,BTCUSDT,BINANCE,TRADE,64017.8,0.01064
2026-07-30 13:50:08,BTCUSDT,BINANCE,TRADE,64017.8,0.0018
2026-07-30 13:50:09,BTCUSDT,BINANCE,TRADE,64017.8,0.00515
2026-07-30 13:50:09,BTCUSDT,BINANCE,TRADE,64017.8,0.00029
2026-07-30 13:50:09,ETHUSDT,BINANCE,TRADE,1904.84,0.0838
2026-07-30 13:50:09,BTCUSDT,BINANCE,TRADE,64017.8,8e-05
2026-07-30 13:50:09,BTCUSDT,BINANCE,TRADE,64017.8,0.00137
2026-07-30 13:50:09,BTCUSDT,BINANCE,TRADE,64017.8,0.00027
2026-07-30 13:50:09,BTCUSDT,BINANCE,TRADE,64017.8,0.002
2026-07-30 13:50:09,BTCUSDT,BINANCE,TRADE,64017.8,0.00029
2026-07-30 13:50:09,BTCUSDT,BINANCE,TRADE,64017.8,0.0013
2026-07-30 13:50:09,BTCUSDT,BINANCE,TRADE,64017.8,0.00029
2026-07-30 13:50:09,BTCUSDT,BINANCE,TRADE,64017.8,0.01564
2026-07-30 13:50:09,BTCUSDT,BINANCE,TRADE,64017.8,0.00164
2026-07-30 13:50:09,BTCUSDT,BINANCE,TRADE,64017.8,8e-05
2026-07-30 13:50:09,BTCUSDT,BINANCE,TRADE,64017.8,0.00032
2026-07-30 13:50:09,ETHUSDT,BINANCE,TRADE,1904.84,0.0472
2026-07-30 13:50:09,BTCUSDT,BINANCE,TRADE,64017.8,0.0013
2026-07-30 13:50:09,BTCUSDT,BINANCE,TRADE,64017.8,0.0029
2026-07-30 13:50:09,BTCUSDT,BINANCE,TRADE,64017.8,0.00167
2026-07-30 13:50:09,BTCUSDT,BINANCE,TRADE,64017.8,0.00038
2026-07-30 13:50:09,BTCUSDT,BINANCE,TRADE,64017.8,0.00021
2026-07-30 13:50:09,ETHUSDT,BINANCE,TRADE,1904.85,0.0548
2026-07-30 13:50:09,ETHUSDT,BINANCE,TRADE,1904.85,0.0338
2026-07-30 13:50:09,BTCUSDT,BINANCE,TRADE,64017.8,0.00024
2026-07-30 13:50:09,BTCUSDT,BINANCE,TRADE,64017.8,0.00101
2026-07-30 13:50:09,BTCUSDT,BINANCE,TRADE,64017.8,0.00021
2026-07-30 13:50:09,BTCUSDT,BINANCE,TRADE,64017.8,0.00014
2026-07-30 13:50:09,BTCUSDT,BINANCE,TRADE,64017.8,0.00033
2026-07-30 13:50:09,BTCUSDT,BINANCE,TRADE,64017.8,0.0012
2026-07-30 13:50:09,BTCUSDT,BINANCE,TRADE,64017.8,0.00055
2026-07-30 13:50:09,ETHUSDT,BINANCE,TRADE,1904.85,0.0216
2026-07-30 13:50:09,BTCUSDT,BINANCE,TRADE,64017.8,0.00101
2026-07-30 13:50:09,BTCUSDT,BINANCE,TRADE,64017.8,0.00509
2026-07-30 13:50:09,ETHUSDT,BINANCE,TRADE,1904.85,0.652
2026-07-30 13:50:09,BTCUSDT,BINANCE,TRADE,64017.8,0.00017
2026-07-30 13:50:09,BTCUSDT,BINANCE,TRADE,64017.8,0.00038
2026-07-30 13:50:09,BTCUSDT,BINANCE,TRADE,64017.8,0.0013
2026-07-30 13:50:10,BTCUSDT,BINANCE,TRADE,64017.8,0.00029
2026-07-30 13:50:10,BTCUSDT,BINANCE,TRADE,64017.8,0.00102
2026-07-30 13:50:10,BTCUSDT,BINANCE,TRADE,64017.8,0.00296
2026-07-30 13:50:10,BTCUSDT,BINANCE,TRADE,64017.8,0.00025
2026-07-30 13:50:10,BTCUSDT,BINANCE,TRADE,64017.8,0.00027
2026-07-30 13:50:10,BTCUSDT,BINANCE,TRADE,64017.8,0.00521
2026-07-30 13:50:10,BTCUSDT,BINANCE,TRADE,64017.8,0.00102
2026-07-30 13:50:10,BTCUSDT,BINANCE,TRADE,64017.8,0.00076
2026-07-30 13:50:10,BTCUSDT,BINANCE,TRADE,64017.8,0.0013
2026-07-30 13:50:10,BTCUSDT,BINANCE,TRADE,64017.8,0.00047
2026-07-30 13:50:10,ETHUSDT,BINANCE,TRADE,1904.84,0.0089
2026-07-30 13:50:10,ETHUSDT,BINANCE,TRADE,1904.85,0.0109
2026-07-30 13:50:10,BTCUSDT,BINANCE,TRADE,64017.8,0.0003
2026-07-30 13:50:10,BTCUSDT,BINANCE,TRADE,64017.8,0.00065
2026-07-30 13:50:10,BTCUSDT,BINANCE,TRADE,64017.8,0.00032
2026-07-30 13:50:10,BTCUSDT,BINANCE,TRADE,64017.8,0.00097
2026-07-30 13:50:10,BTCUSDT,BINANCE,TRADE,64017.8,0.00178
2026-07-30 13:50:10,ETHUSDT,BINANCE,TRADE,1904.85,0.0163
2026-07-30 13:50:10,ETHUSDT,BINANCE,TRADE,1904.84,0.0814
2026-07-30 13:50:10,BTCUSDT,BINANCE,TRADE,64017.8,0.00031
2026-07-30 13:50:10,BTCUSDT,BINANCE,TRADE,64017.8,0.00057
2026-07-30 13:50:10,BTCUSDT,BINANCE,TRADE,64017.8,0.00097
2026-07-30 13:50:10,BTCUSDT,BINANCE,TRADE,64017.8,0.01564
2026-07-30 13:50:10,BTCUSDT,BINANCE,TRADE,64017.8,0.00017
2026-07-30 13:50:10,BTCUSDT,BINANCE,TRADE,64017.8,0.00537
2026-07-30 13:50:10,BTCUSDT,BINANCE,TRADE,64017.8,8e-05
2026-07-30 13:50:10,BTCUSDT,BINANCE,TRADE,64017.8,0.00097
2026-07-30 13:50:10,BTCUSDT,BINANCE,TRADE,64017.8,0.00156
2026-07-30 13:50:10,BTCUSDT,BINANCE,TRADE,64017.8,0.00029
2026-07-30 13:50:10,ETHUSDT,BINANCE,TRADE,1904.85,0.0351
2026-07-30 13:50:10,BTCUSDT,BINANCE,TRADE,64017.8,0.00032
2026-07-30 13:50:10,BTCUSDT,BINANCE,TRADE,64017.8,0.00021
2026-07-30 13:50:10,BTCUSDT,BINANCE,TRADE,64017.8,0.0013
2026-07-30 13:50:10,BTCUSDT,BINANCE,TRADE,64017.8,0.00097
2026-07-30 13:50:10,BTCUSDT,BINANCE,TRADE,64017.8,0.00126
2026-07-30 13:50:10,BTCUSDT,BINANCE,TRADE,64017.8,0.00822
2026-07-30 13:50:10,BTCUSDT,BINANCE,TRADE,64017.8,0.00029
2026-07-30 13:50:10,ETHUSDT,BINANCE,TRADE,1904.85,0.009
2026-07-30 13:50:10,BTCUSDT,BINANCE,TRADE,64017.8,0.0013
2026-07-30 13:50:10,BTCUSDT,BINANCE,TRADE,64017.8,0.00011
2026-07-30 13:50:10,BTCUSDT,BINANCE,TRADE,64017.8,0.01874
2026-07-30 13:50:10,BTCUSDT,BINANCE,TRADE,64017.8,8e-05
2026-07-30 13:50:10,BTCUSDT,BINANCE,TRADE,64017.8,0.00025
2026-07-30 13:50:10,ETHUSDT,BINANCE,TRADE,1904.84,0.0082
2026-07-30 13:50:10,BTCUSDT,BINANCE,TRADE,64017.8,0.00197
2026-07-30 13:50:10,BTCUSDT,BINANCE,TRADE,64017.8,0.0003
2026-07-30 13:50:11,ETHUSDT,BINANCE,TRADE,1904.85,0.053
2026-07-30 13:50:11,BTCUSDT,BINANCE,TRADE,64017.8,0.00021
2026-07-30 13:50:11,ETHUSDT,BINANCE,TRADE,1904.84,0.0216
2026-07-30 13:50:11,BTCUSDT,BINANCE,TRADE,64017.8,0.00044
2026-07-30 13:50:11,BTCUSDT,BINANCE,TRADE,64017.8,0.00014
2026-07-30 13:50:11,BTCUSDT,BINANCE,TRADE,64017.8,0.002
2026-07-30 13:50:11,BTCUSDT,BINANCE,TRADE,64017.8,0.03905
2026-07-30 13:50:11,BTCUSDT,BINANCE,TRADE,64017.8,0.00031
2026-07-30 13:50:11,ETHUSDT,BINANCE,TRADE,1904.85,0.0523
2026-07-30 13:50:11,ETHUSDT,BINANCE,TRADE,1904.84,0.0049
2026-07-30 13:50:11,BTCUSDT,BINANCE,TRADE,64017.8,0.0013
2026-07-30 13:50:11,BTCUSDT,BINANCE,TRADE,64017.8,0.00029
2026-07-30 13:50:11,BTCUSDT,BINANCE,TRADE,64017.8,0.00024
2026-07-30 13:50:11,ETHUSDT,BINANCE,TRADE,1904.85,0.0176
2026-07-30 13:50:11,BTCUSDT,BINANCE,TRADE,64017.8,0.01564
2026-07-30 13:50:11,ETHUSDT,BINANCE,TRADE,1904.84,0.0143
2026-07-30 13:50:11,BTCUSDT,BINANCE,TRADE,64017.8,0.00033
2026-07-30 13:50:11,BTCUSDT,BINANCE,TRADE,64017.8,0.00029
2026-07-30 13:50:11,BTCUSDT,BINANCE,TRADE,64017.8,0.0013
2026-07-30 13:50:11,BTCUSDT,BINANCE,TRADE,64017.8,0.00029
2026-07-30 13:50:11,BTCUSDT,BINANCE,TRADE,64017.8,0.00023
2026-07-30 13:50:11,BTCUSDT,BINANCE,TRADE,64017.8,8e-05
2026-07-30 13:50:11,BTCUSDT,BINANCE,TRADE,64017.8,0.00027
2026-07-30 13:50:11,BTCUSDT,BINANCE,TRADE,64017.8,0.00037
2026-07-30 13:50:11,BTCUSDT,BINANCE,TRADE,64017.8,0.00119
2026-07-30 13:50:11,BTCUSDT,BINANCE,TRADE,64017.8,0.00015
2026-07-30 13:50:11,ETHUSDT,BINANCE,TRADE,1904.84,0.0128
2026-07-30 13:50:11,ETHUSDT,BINANCE,TRADE,1904.84,0.0851
2026-07-30 13:50:11,BTCUSDT,BINANCE,TRADE,64017.8,0.00047
2026-07-30 13:50:11,BTCUSDT,BINANCE,TRADE,64017.8,0.00275
2026-07-30 13:50:11,BTCUSDT,BINANCE,TRADE,64017.8,0.001
2026-07-30 13:50:11,BTCUSDT,BINANCE,TRADE,64017.8,0.001
2026-07-30 13:50:11,BTCUSDT,BINANCE,TRADE,64017.8,0.00032
2026-07-30 13:50:11,BTCUSDT,BINANCE,TRADE,64017.8,0.001
2026-07-30 13:50:11,BTCUSDT,BINANCE,TRADE,64017.8,0.00468
2026-07-30 13:50:11,BTCUSDT,BINANCE,TRADE,64017.8,0.00515
2026-07-30 13:50:11,ETHUSDT,BINANCE,TRADE,1904.84,0.0109
2026-07-30 13:50:11,BTCUSDT,BINANCE,TRADE,64017.8,0.00076
2026-07-30 13:50:11,BTCUSDT,BINANCE,TRADE,64017.8,0.00038
2026-07-30 13:50:12,BTCUSDT,BINANCE,TRADE,64017.8,0.0013
2026-07-30 13:50:12,BTCUSDT,BINANCE,TRADE,64017.8,0.00098
2026-07-30 13:50:12,BTCUSDT,BINANCE,TRADE,64017.8,0.00055
2026-07-30 13:50:12,BTCUSDT,BINANCE,TRADE,64017.8,0.00027
2026-07-30 13:50:12,BTCUSDT,BINANCE,TRADE,64017.8,0.00021
2026-07-30 13:50:12,BTCUSDT,BINANCE,TRADE,64017.8,0.00157
2026-07-30 13:50:12,ETHUSDT,BINANCE,TRADE,1904.84,0.035
2026-07-30 13:50:12,BTCUSDT,BINANCE,TRADE,64017.8,8e-05
2026-07-30 13:50:12,BTCUSDT,BINANCE,TRADE,64017.8,0.00098
2026-07-30 13:50:12,BTCUSDT,BINANCE,TRADE,64017.8,0.00023
2026-07-30 13:50:12,BTCUSDT,BINANCE,TRADE,64017.8,8e-05
2026-07-30 13:50:12,BTCUSDT,BINANCE,TRADE,64017.8,0.00048
2026-07-30 13:50:12,BTCUSDT,BINANCE,TRADE,64017.8,0.0013
2026-07-30 13:50:12,BTCUSDT,BINANCE,TRADE,64017.8,0.00101
2026-07-30 13:50:12,BTCUSDT,BINANCE,TRADE,64017.8,0.00097
2026-07-30 13:50:12,BTCUSDT,BINANCE,TRADE,64017.8,0.00521
2026-07-30 13:50:12,BTCUSDT,BINANCE,TRADE,64017.8,0.00029
2026-07-30 13:50:12,BTCUSDT,BINANCE,TRADE,64017.8,0.00307
2026-07-30 13:50:12,BTCUSDT,BINANCE,TRADE,64017.8,0.00101
2026-07-30 13:50:12,BTCUSDT,BINANCE,TRADE,64017.8,0.00021
2026-07-30 13:50:12,BTCUSDT,BINANCE,TRADE,64017.8,0.0002
2026-07-30 13:50:12,BTCUSDT,BINANCE,TRADE,64017.8,0.00537
2026-07-30 13:50:12,BTCUSDT,BINANCE,TRADE,64017.8,0.00025
2026-07-30 13:50:12,BTCUSDT,BINANCE,TRADE,64017.8,0.00027
2026-07-30 13:50:12,SOLUSDT,BINANCE,TRADE,73.43,0.155
2026-07-30 13:50:12,ETHUSDT,BINANCE,TRADE,1904.85,0.0472
2026-07-30 13:50:12,BTCUSDT,BINANCE,TRADE,64017.8,0.0003
2026-07-30 13:50:12,BTCUSDT,BINANCE,TRADE,64017.8,0.00065
2026-07-30 13:50:12,BTCUSDT,BINANCE,TRADE,64017.8,0.00509
2026-07-30 13:50:12,BTCUSDT,BINANCE,TRADE,64017.8,0.00017
2026-07-30 13:50:12,BTCUSDT,BINANCE,TRADE,64017.8,0.00095
2026-07-30 13:50:12,BTCUSDT,BINANCE,TRADE,64017.8,0.00014
2026-07-30 13:50:12,ETHUSDT,BINANCE,TRADE,1904.84,0.0163
2026-07-30 13:50:12,BTCUSDT,BINANCE,TRADE,64017.8,0.01564
2026-07-30 13:50:12,ETHUSDT,BINANCE,TRADE,1904.85,0.0216
2026-07-30 13:50:12,BTCUSDT,BINANCE,TRADE,64017.8,0.00095
2026-07-30 13:50:12,BTCUSDT,BINANCE,TRADE,64017.8,8e-05
2026-07-30 13:50:12,BTCUSDT,BINANCE,TRADE,64017.8,0.0013
2026-07-30 13:50:12,BTCUSDT,BINANCE,TRADE,64017.8,0.00031
2026-07-30 13:50:12,BTCUSDT,BINANCE,TRADE,64017.8,0.002
2026-07-30 13:50:12,BTCUSDT,BINANCE,TRADE,64017.8,0.00164
2026-07-30 13:50:12,BTCUSDT,BINANCE,TRADE,64017.8,0.004
2026-07-30 13:50:12,BTCUSDT,BINANCE,TRADE,64017.8,0.00129
2026-07-30 13:50:12,BTCUSDT,BINANCE,TRADE,64017.8,0.02269
2026-07-30 13:50:12,BTCUSDT,BINANCE,TRADE,64017.8,0.002
2026-07-30 13:50:12,BTCUSDT,BINANCE,TRADE,64017.8,0.00021
2026-07-30 13:50:12,BTCUSDT,BINANCE,TRADE,64017.8,0.0004
2026-07-30 13:50:12,BTCUSDT,BINANCE,TRADE,64017.8,0.00188
2026-07-30 13:50:12,BTCUSDT,BINANCE,TRADE,64017.8,0.00029
2026-07-30 13:50:12,BTCUSDT,BINANCE,TRADE,64017.8,0.03905
2026-07-30 13:50:12,BTCUSDT,BINANCE,TRADE,64017.8,0.0013
2026-07-30 13:50:13,ETHUSDT,BINANCE,TRADE,1904.84,0.053
2026-07-30 13:50:13,BTCUSDT,BINANCE,TRADE,64017.8,0.00228
2026-07-30 13:50:13,BTCUSDT,BINANCE,TRADE,64017.8,0.00029
2026-07-30 13:50:13,BTCUSDT,BINANCE,TRADE,64017.8,0.01213
2026-07-30 13:50:13,BTCUSDT,BINANCE,TRADE,64017.8,0.00044
2026-07-30 13:50:13,BTCUSDT,BINANCE,TRADE,64017.8,0.00045
2026-07-30 13:50:13,BTCUSDT,BINANCE,TRADE,64017.8,0.00047
2026-07-30 13:50:13,ETHUSDT,BINANCE,TRADE,1904.85,0.0109
2026-07-30 13:50:13,BTCUSDT,BINANCE,TRADE,64017.8,0.00024
2026-07-30 13:50:13,BTCUSDT,BINANCE,TRADE,64017.8,0.00025
2026-07-30 13:50:13,ETHUSDT,BINANCE,TRADE,1904.85,0.0089
2026-07-30 13:50:13,BTCUSDT,BINANCE,TRADE,64017.8,0.00015
2026-07-30 13:50:13,BTCUSDT,BINANCE,TRADE,64017.8,0.00017
2026-07-30 13:50:13,BTCUSDT,BINANCE,TRADE,64017.8,0.00259
2026-07-30 13:50:13,BTCUSDT,BINANCE,TRADE,64017.8,0.0003
2026-07-30 13:50:13,BTCUSDT,BINANCE,TRADE,64017.8,8e-05
2026-07-30 13:50:13,BTCUSDT,BINANCE,TRADE,64017.8,0.00126
2026-07-30 13:50:13,BTCUSDT,BINANCE,TRADE,64017.8,0.0013
2026-07-30 13:50:13,BTCUSDT,BINANCE,TRADE,64017.8,0.00195
2026-07-30 13:50:13,BTCUSDT,BINANCE,TRADE,64017.8,0.01874
2026-07-30 13:50:13,BTCUSDT,BINANCE,TRADE,64017.8,0.00167
2026-07-30 13:50:13,BTCUSDT,BINANCE,TRADE,64017.8,0.00031
2026-07-30 13:50:13,BTCUSDT,BINANCE,TRADE,64017.8,0.00032
2026-07-30 13:50:13,BTCUSDT,BINANCE,TRADE,64017.8,0.0018
2026-07-30 13:50:13,ETHUSDT,BINANCE,TRADE,1904.84,0.0129
2026-07-30 13:50:13,ETHUSDT,BINANCE,TRADE,1904.84,0.0394
2026-07-30 13:50:13,ETHUSDT,BINANCE,TRADE,1904.84,0.0338
2026-07-30 13:50:13,ETHUSDT,BINANCE,TRADE,1904.85,0.2039
2026-07-30 13:50:13,BTCUSDT,BINANCE,TRADE,64017.8,0.00017
2026-07-30 13:50:13,BTCUSDT,BINANCE,TRADE,64017.8,8e-05
2026-07-30 13:50:13,BTCUSDT,BINANCE,TRADE,64017.8,0.00029
2026-07-30 13:50:13,BTCUSDT,BINANCE,TRADE,64017.8,0.03671
2026-07-30 13:50:13,ETHUSDT,BINANCE,TRADE,1904.85,5.1379
2026-07-30 13:50:13,ETHUSDT,BINANCE,TRADE,1904.85,3
2026-07-30 13:50:13,ETHUSDT,BINANCE,TRADE,1904.85,4
2026-07-30 13:50:13,ETHUSDT,BINANCE,TRADE,1904.85,1.1118
2026-07-30 13:50:13,ETHUSDT,BINANCE,TRADE,1904.85,1.1118
2026-07-30 13:50:13,ETHUSDT,BINANCE,TRADE,1904.85,0.0027
2026-07-30 13:50:13,ETHUSDT,BINANCE,TRADE,1904.85,0.3169
2026-07-30 13:50:13,ETHUSDT,BINANCE,TRADE,1904.85,4.2052
2026-07-30 13:50:13,ETHUSDT,BINANCE,TRADE,1904.85,0.0028
2026-07-30 13:50:13,ETHUSDT,BINANCE,TRADE,1904.85,0.0027
2026-07-30 13:50:13,ETHUSDT,BINANCE,TRADE,1904.85,0.0027
2026-07-30 13:50:13,ETHUSDT,BINANCE,TRADE,1904.85,0.0053
2026-07-30 13:50:13,ETHUSDT,BINANCE,TRADE,1904.85,0.0027
2026-07-30 13:50:13,ETHUSDT,BINANCE,TRADE,1904.85,0.0027
2026-07-30 13:50:13,ETHUSDT,BINANCE,TRADE,1904.85,0.0027
2026-07-30 13:50:13,ETHUSDT,BINANCE,TRADE,1904.85,0.0027
2026-07-30 13:50:13,ETHUSDT,BINANCE,TRADE,1904.85,0.0027
2026-07-30 13:50:13,ETHUSDT,BINANCE,TRADE,1904.85,0.0028
2026-07-30 13:50:13,ETHUSDT,BINANCE,TRADE,1904.85,0.0028
2026-07-30 13:50:13,ETHUSDT,BINANCE,TRADE,1904.85,0.065
2026-07-30 13:50:13,ETHUSDT,BINANCE,TRADE,1904.85,0.0232
2026-07-30 13:50:13,ETHUSDT,BINANCE,TRADE,1904.85,0.0214
2026-07-30 13:50:13,ETHUSDT,BINANCE,TRADE,1904.85,0.0211
2026-07-30 13:50:13,ETHUSDT,BINANCE,TRADE,1904.85,0.0028
2026-07-30 13:50:13,ETHUSDT,BINANCE,TRADE,1904.85,0.021
2026-07-30 13:50:13,ETHUSDT,BINANCE,TRADE,1904.85,0.0027
2026-07-30 13:50:13,ETHUSDT,BINANCE,TRADE,1904.85,10.5143
2026-07-30 13:50:13,ETHUSDT,BINANCE,TRADE,1904.85,0.066
2026-07-30 13:50:13,ETHUSDT,BINANCE,TRADE,1904.85,0.0027
2026-07-30 13:50:13,ETHUSDT,BINANCE,TRADE,1904.85,0.0027
2026-07-30 13:50:13,ETHUSDT,BINANCE,TRADE,1904.85,0.0027
2026-07-30 13:50:13,ETHUSDT,BINANCE,TRADE,1904.85,0.0027
2026-07-30 13:50:13,ETHUSDT,BINANCE,TRADE,1904.85,0.0027
2026-07-30 13:50:13,ETHUSDT,BINANCE,TRADE,1904.85,0.0027
2026-07-30 13:50:13,ETHUSDT,BINANCE,TRADE,1904.85,0.0027
2026-07-30 13:50:13,ETHUSDT,BINANCE,TRADE,1904.85,0.0027
2026-07-30 13:50:13,ETHUSDT,BINANCE,TRADE,1904.85,0.3169
2026-07-30 13:50:13,ETHUSDT,BINANCE,TRADE,1904.85,0.0027
2026-07-30 13:50:13,ETHUSDT,BINANCE,TRADE,1904.85,0.0028
2026-07-30 13:50:13,ETHUSDT,BINANCE,TRADE,1904.85,0.0027
2026-07-30 13:50:13,ETHUSDT,BINANCE,TRADE,1904.85,0.0028
2026-07-30 13:50:13,ETHUSDT,BINANCE,TRADE,1904.85,1.8541
2026-07-30 13:50:13,ETHUSDT,BINANCE,TRADE,1904.85,0.0028
2026-07-30 13:50:13,ETHUSDT,BINANCE,TRADE,1904.85,0.0027
2026-07-30 13:50:13,ETHUSDT,BINANCE,TRADE,1904.85,0.0027
2026-07-30 13:50:13,ETHUSDT,BINANCE,TRADE,1904.85,0.0027
2026-07-30 13:50:13,ETHUSDT,BINANCE,TRADE,1904.85,0.0027
2026-07-30 13:50:13,ETHUSDT,BINANCE,TRADE,1904.85,0.0028
2026-07-30 13:50:13,ETHUSDT,BINANCE,TRADE,1904.85,0.0027
2026-07-30 13:50:13,ETHUSDT,BINANCE,TRADE,1904.85,0.0027
2026-07-30 13:50:13,ETHUSDT,BINANCE,TRADE,1904.85,0.0027
2026-07-30 13:50:13,ETHUSDT,BINANCE,TRADE,1904.85,0.0027
2026-07-30 13:50:13,ETHUSDT,BINANCE,TRADE,1904.85,0.0027
2026-07-30 13:50:13,ETHUSDT,BINANCE,TRADE,1904.85,0.0027
2026-07-30 13:50:13,ETHUSDT,BINANCE,TRADE,1904.85,0.0027
2026-07-30 13:50:13,ETHUSDT,BINANCE,TRADE,1904.85,0.0027
2026-07-30 13:50:13,BTCUSDT,BINANCE,TRADE,64017.8,8e-05
2026-07-30 13:50:13,BTCUSDT,BINANCE,TRADE,64017.8,8e-05
2026-07-30 13:50:13,BTCUSDT,BINANCE,TRADE,64017.8,0.00184
2026-07-30 13:50:13,ETHUSDT,BINANCE,TRADE,1904.86,0.003
2026-07-30 13:50:13,BTCUSDT,BINANCE,TRADE,64017.8,0.00101
2026-07-30 13:50:13,BTCUSDT,BINANCE,TRADE,64017.8,0.00424
2026-07-30 13:50:13,BTCUSDT,BINANCE,TRADE,64017.8,8e-05
2026-07-30 13:50:13,BTCUSDT,BINANCE,TRADE,64017.8,9e-05
2026-07-30 13:50:13,BTCUSDT,BINANCE,TRADE,64017.8,0.00781
2026-07-30 13:50:13,BTCUSDT,BINANCE,TRADE,64017.8,8e-05
2026-07-30 13:50:13,BTCUSDT,BINANCE,TRADE,64017.8,0.00593
2026-07-30 13:50:13,BTCUSDT,BINANCE,TRADE,64017.8,8e-05
2026-07-30 13:50:13,BTCUSDT,BINANCE,TRADE,64017.8,8e-05
2026-07-30 13:50:13,BTCUSDT,BINANCE,TRADE,64017.8,9e-05
2026-07-30 13:50:13,BTCUSDT,BINANCE,TRADE,64017.8,8e-05
2026-07-30 13:50:13,BTCUSDT,BINANCE,TRADE,64017.8,9e-05
2026-07-30 13:50:13,BTCUSDT,BINANCE,TRADE,64017.8,8e-05
2026-07-30 13:50:13,BTCUSDT,BINANCE,TRADE,64017.8,8e-05
2026-07-30 13:50:13,BTCUSDT,BINANCE,TRADE,64017.8,8e-05
2026-07-30 13:50:13,BTCUSDT,BINANCE,TRADE,64017.8,0.00965
2026-07-30 13:50:13,BTCUSDT,BINANCE,TRADE,64017.8,0.00898
2026-07-30 13:50:13,BTCUSDT,BINANCE,TRADE,64017.8,0.03124
2026-07-30 13:50:13,BTCUSDT,BINANCE,TRADE,64017.8,8e-05
2026-07-30 13:50:13,BTCUSDT,BINANCE,TRADE,64017.8,8e-05
2026-07-30 13:50:13,BTCUSDT,BINANCE,TRADE,64017.8,0.00016
2026-07-30 13:50:13,BTCUSDT,BINANCE,TRADE,64017.8,0.0001
2026-07-30 13:50:13,BTCUSDT,BINANCE,TRADE,64017.8,0.00312
2026-07-30 13:50:13,BTCUSDT,BINANCE,TRADE,64017.8,0.00468
2026-07-30 13:50:13,BTCUSDT,BINANCE,TRADE,64017.8,8e-05
2026-07-30 13:50:13,BTCUSDT,BINANCE,TRADE,64017.8,8e-05
2026-07-30 13:50:13,BTCUSDT,BINANCE,TRADE,64017.8,8e-05
2026-07-30 13:50:13,BTCUSDT,BINANCE,TRADE,64017.8,8e-05
2026-07-30 13:50:13,BTCUSDT,BINANCE,TRADE,64017.8,8e-05
2026-07-30 13:50:13,BTCUSDT,BINANCE,TRADE,64017.8,8e-05
2026-07-30 13:50:13,BTCUSDT,BINANCE,TRADE,64017.8,8e-05
2026-07-30 13:50:13,BTCUSDT,BINANCE,TRADE,64017.8,8e-05
2026-07-30 13:50:13,BTCUSDT,BINANCE,TRADE,64017.8,0.00472
2026-07-30 13:50:13,BTCUSDT,BINANCE,TRADE,64017.8,0.00017
2026-07-30 13:50:13,BTCUSDT,BINANCE,TRADE,64017.8,0.001
2026-07-30 13:50:13,BTCUSDT,BINANCE,TRADE,64017.8,8e-05
2026-07-30 13:50:13,BTCUSDT,BINANCE,TRADE,64017.8,8e-05
2026-07-30 13:50:13,BTCUSDT,BINANCE,TRADE,64017.8,8e-05
2026-07-30 13:50:13,BTCUSDT,BINANCE,TRADE,64017.8,8e-05
2026-07-30 13:50:13,BTCUSDT,BINANCE,TRADE,64017.8,8e-05
2026-07-30 13:50:13,BTCUSDT,BINANCE,TRADE,64017.8,8e-05
2026-07-30 13:50:13,BTCUSDT,BINANCE,TRADE,64017.8,8e-05
2026-07-30 13:50:13,BTCUSDT,BINANCE,TRADE,64017.8,8e-05
2026-07-30 13:50:13,BTCUSDT,BINANCE,TRADE,64017.8,8e-05
2026-07-30 13:50:13,BTCUSDT,BINANCE,TRADE,64017.8,8e-05
2026-07-30 13:50:13,BTCUSDT,BINANCE,TRADE,64017.8,8e-05
2026-07-30 13:50:13,BTCUSDT,BINANCE,TRADE,64017.8,8e-05
2026-07-30 13:50:13,BTCUSDT,BINANCE,TRADE,64017.8,8e-05
2026-07-30 13:50:13,BTCUSDT,BINANCE,TRADE,64017.8,9e-05
2026-07-30 13:50:13,BTCUSDT,BINANCE,TRADE,64017.8,9e-05
2026-07-30 13:50:13,BTCUSDT,BINANCE,TRADE,64017.8,8e-05
2026-07-30 13:50:13,BTCUSDT,BINANCE,TRADE,64017.8,8e-05
2026-07-30 13:50:13,BTCUSDT,BINANCE,TRADE,64017.8,8e-05
2026-07-30 13:50:13,BTCUSDT,BINANCE,TRADE,64017.8,0.00016
2026-07-30 13:50:13,BTCUSDT,BINANCE,TRADE,64017.8,0.00016
2026-07-30 13:50:13,BTCUSDT,BINANCE,TRADE,64018,9e-05
2026-07-30 13:50:13,BTCUSDT,BINANCE,TRADE,64018,9e-05
2026-07-30 13:50:13,BTCUSDT,BINANCE,TRADE,64018,9e-05
2026-07-30 13:50:13,BTCUSDT,BINANCE,TRADE,64018,0.005
2026-07-30 13:50:13,BTCUSDT,BINANCE,TRADE,64018,0.005
2026-07-30 13:50:13,BTCUSDT,BINANCE,TRADE,64018,0.006
2026-07-30 13:50:13,BTCUSDT,BINANCE,TRADE,64018,0.008
2026-07-30 13:50:13,BTCUSDT,BINANCE,TRADE,64018,9e-05
2026-07-30 13:50:13,BTCUSDT,BINANCE,TRADE,64018,9e-05
2026-07-30 13:50:13,BTCUSDT,BINANCE,TRADE,64018.6,8e-05
2026-07-30 13:50:13,BTCUSDT,BINANCE,TRADE,64018.8,8e-05
2026-07-30 13:50:13,BTCUSDT,BINANCE,TRADE,64018.8,8e-05
2026-07-30 13:50:13,BTCUSDT,BINANCE,TRADE,64018.8,8e-05
2026-07-30 13:50:13,BTCUSDT,BINANCE,TRADE,64018.8,8e-05
2026-07-30 13:50:13,BTCUSDT,BINANCE,TRADE,64018.8,8e-05
2026-07-30 13:50:13,BTCUSDT,BINANCE,TRADE,64018.8,8e-05
2026-07-30 13:50:13,BTCUSDT,BINANCE,TRADE,64018.8,8e-05
2026-07-30 13:50:13,BTCUSDT,BINANCE,TRADE,64018.8,8e-05
2026-07-30 13:50:13,BTCUSDT,BINANCE,TRADE,64018.8,8e-05
2026-07-30 13:50:13,BTCUSDT,BINANCE,TRADE,64018.8,8e-05
2026-07-30 13:50:13,BTCUSDT,BINANCE,TRADE,64019.1,8e-05
2026-07-30 13:50:13,BTCUSDT,BINANCE,TRADE,64019.9,8e-05
2026-07-30 13:50:13,BTCUSDT,BINANCE,TRADE,64019.9,8e-05
2026-07-30 13:50:13,BTCUSDT,BINANCE,TRADE,64020,9e-05
2026-07-30 13:50:13,BTCUSDT,BINANCE,TRADE,64020,9e-05
2026-07-30 13:50:13,BTCUSDT,BINANCE,TRADE,64020,9e-05
2026-07-30 13:50:13,BTCUSDT,BINANCE,TRADE,64020,0.01564
2026-07-30 13:50:13,BTCUSDT,BINANCE,TRADE,64020,0.00029
2026-07-30 13:50:13,BTCUSDT,BINANCE,TRADE,64020,0.0001
2026-07-30 13:50:13,BTCUSDT,BINANCE,TRADE,64020,0.00461
2026-07-30 13:50:13,BTCUSDT,BINANCE,TRADE,64020,0.005
2026-07-30 13:50:13,BTCUSDT,BINANCE,TRADE,64020,8e-05
2026-07-30 13:50:13,BTCUSDT,BINANCE,TRADE,64020,0.006
2026-07-30 13:50:13,BTCUSDT,BINANCE,TRADE,64020,0.008
2026-07-30 13:50:13,BTCUSDT,BINANCE,TRADE,64020,9e-05
2026-07-30 13:50:13,BTCUSDT,BINANCE,TRADE,64020,9e-05
2026-07-30 13:50:13,BTCUSDT,BINANCE,TRADE,64020,8e-05
2026-07-30 13:50:13,BTCUSDT,BINANCE,TRADE,64020,8e-05
2026-07-30 13:50:13,BTCUSDT,BINANCE,TRADE,64020,8e-05
2026-07-30 13:50:13,BTCUSDT,BINANCE,TRADE,64020,8e-05
2026-07-30 13:50:13,BTCUSDT,BINANCE,TRADE,64020,8e-05
2026-07-30 13:50:13,BTCUSDT,BINANCE,TRADE,64020,8e-05
2026-07-30 13:50:13,BTCUSDT,BINANCE,TRADE,64020,8e-05
2026-07-30 13:50:13,BTCUSDT,BINANCE,TRADE,64020,8e-05
2026-07-30 13:50:13,BTCUSDT,BINANCE,TRADE,64020,8e-05
2026-07-30 13:50:13,BTCUSDT,BINANCE,TRADE,64020,8e-05
2026-07-30 13:50:13,BTCUSDT,BINANCE,TRADE,64020,8e-05
2026-07-30 13:50:13,BTCUSDT,BINANCE,TRADE,64020,8e-05
2026-07-30 13:50:13,BTCUSDT,BINANCE,TRADE,64020,8e-05
2026-07-30 13:50:13,BTCUSDT,BINANCE,TRADE,64020,8e-05
2026-07-30 13:50:13,BTCUSDT,BINANCE,TRADE,64020,8e-05
2026-07-30 13:50:13,BTCUSDT,BINANCE,TRADE,64020,8e-05
2026-07-30 13:50:13,BTCUSDT,BINANCE,TRADE,64020,8e-05
2026-07-30 13:50:13,BTCUSDT,BINANCE,TRADE,64020,8e-05
2026-07-30 13:50:13,BTCUSDT,BINANCE,TRADE,64020,8e-05
2026-07-30 13:50:13,BTCUSDT,BINANCE,TRADE,64020,8e-05
2026-07-30 13:50:13,BTCUSDT,BINANCE,TRADE,64020,8e-05
2026-07-30 13:50:13,BTCUSDT,BINANCE,TRADE,64020,8e-05
2026-07-30 13:50:13,BTCUSDT,BINANCE,TRADE,64020,8e-05
2026-07-30 13:50:13,BTCUSDT,BINANCE,TRADE,64020,9e-05
2026-07-30 13:50:13,BTCUSDT,BINANCE,TRADE,64020,0.00237
2026-07-30 13:50:13,BTCUSDT,BINANCE,TRADE,64020,0.00278
2026-07-30 13:50:13,BTCUSDT,BINANCE,TRADE,64020,0.00258
2026-07-30 13:50:13,BTCUSDT,BINANCE,TRADE,64020,8e-05
2026-07-30 13:50:13,BTCUSDT,BINANCE,TRADE,64020,8e-05
2026-07-30 13:50:13,BTCUSDT,BINANCE,TRADE,64020,8e-05
2026-07-30 13:50:13,BTCUSDT,BINANCE,TRADE,64020,0.0002
2026-07-30 13:50:13,BTCUSDT,BINANCE,TRADE,64020,8e-05
2026-07-30 13:50:13,BTCUSDT,BINANCE,TRADE,64020,8e-05
2026-07-30 13:50:13,BTCUSDT,BINANCE,TRADE,64020,8e-05
2026-07-30 13:50:13,BTCUSDT,BINANCE,TRADE,64020,9e-05
2026-07-30 13:50:13,BTCUSDT,BINANCE,TRADE,64020,9e-05
2026-07-30 13:50:13,BTCUSDT,BINANCE,TRADE,64020,8e-05
2026-07-30 13:50:13,BTCUSDT,BINANCE,TRADE,64020,8e-05
2026-07-30 13:50:13,BTCUSDT,BINANCE,TRADE,64020,8e-05
2026-07-30 13:50:13,BTCUSDT,BINANCE,TRADE,64020,8e-05
2026-07-30 13:50:13,BTCUSDT,BINANCE,TRADE,64020,8e-05
2026-07-30 13:50:13,BTCUSDT,BINANCE,TRADE,64020,8e-05
2026-07-30 13:50:13,BTCUSDT,BINANCE,TRADE,64020,8e-05
2026-07-30 13:50:13,BTCUSDT,BINANCE,TRADE,64020,8e-05
2026-07-30 13:50:13,BTCUSDT,BINANCE,TRADE,64020,8e-05
2026-07-30 13:50:13,BTCUSDT,BINANCE,TRADE,64020,8e-05
2026-07-30 13:50:13,BTCUSDT,BINANCE,TRADE,64020.3,9e-05
2026-07-30 13:50:13,BTCUSDT,BINANCE,TRADE,64020.3,9e-05
2026-07-30 13:50:13,BTCUSDT,BINANCE,TRADE,64020.3,9e-05
2026-07-30 13:50:13,BTCUSDT,BINANCE,TRADE,64020.3,0.01693
2026-07-30 13:50:13,BTCUSDT,BINANCE,TRADE,64020.3,9e-05
2026-07-30 13:50:13,BTCUSDT,BINANCE,TRADE,64020.3,9e-05
2026-07-30 13:50:13,BTCUSDT,BINANCE,TRADE,64020.3,8e-05
2026-07-30 13:50:13,BTCUSDT,BINANCE,TRADE,64020.3,9e-05
2026-07-30 13:50:13,BTCUSDT,BINANCE,TRADE,64020.3,9e-05
2026-07-30 13:50:13,BTCUSDT,BINANCE,TRADE,64020.3,8e-05
2026-07-30 13:50:13,BTCUSDT,BINANCE,TRADE,64020.3,9e-05
2026-07-30 13:50:13,BTCUSDT,BINANCE,TRADE,64020.3,0.02645
2026-07-30 13:50:13,BTCUSDT,BINANCE,TRADE,64020.3,9e-05
2026-07-30 13:50:13,BTCUSDT,BINANCE,TRADE,64020.3,9e-05
2026-07-30 13:50:13,BTCUSDT,BINANCE,TRADE,64020.9,8e-05
2026-07-30 13:50:13,BTCUSDT,BINANCE,TRADE,64021.1,8e-05
2026-07-30 13:50:13,BTCUSDT,BINANCE,TRADE,64021.1,8e-05
2026-07-30 13:50:13,BTCUSDT,BINANCE,TRADE,64021.2,8e-05
2026-07-30 13:50:13,BTCUSDT,BINANCE,TRADE,64021.7,9e-05
2026-07-30 13:50:13,BTCUSDT,BINANCE,TRADE,64021.7,9e-05
2026-07-30 13:50:13,BTCUSDT,BINANCE,TRADE,64021.7,9e-05
2026-07-30 13:50:13,BTCUSDT,BINANCE,TRADE,64021.7,0.3
2026-07-30 13:50:13,BTCUSDT,BINANCE,TRADE,64021.7,0.02108
2026-07-30 13:50:13,BTCUSDT,BINANCE,TRADE,64021.7,0.00234
2026-07-30 13:50:13,BTCUSDT,BINANCE,TRADE,64021.7,9e-05
2026-07-30 13:50:13,BTCUSDT,BINANCE,TRADE,64021.7,9e-05
2026-07-30 13:50:13,BTCUSDT,BINANCE,TRADE,64021.7,8e-05
2026-07-30 13:50:13,BTCUSDT,BINANCE,TRADE,64021.7,8e-05
2026-07-30 13:50:13,BTCUSDT,BINANCE,TRADE,64021.7,8e-05
2026-07-30 13:50:13,BTCUSDT,BINANCE,TRADE,64021.7,8e-05
2026-07-30 13:50:13,BTCUSDT,BINANCE,TRADE,64021.7,8e-05
2026-07-30 13:50:13,BTCUSDT,BINANCE,TRADE,64021.7,8e-05
2026-07-30 13:50:13,BTCUSDT,BINANCE,TRADE,64021.7,8e-05
2026-07-30 13:50:13,BTCUSDT,BINANCE,TRADE,64021.7,8e-05
2026-07-30 13:50:13,BTCUSDT,BINANCE,TRADE,64021.7,8e-05
2026-07-30 13:50:13,BTCUSDT,BINANCE,TRADE,64021.7,8e-05
2026-07-30 13:50:13,BTCUSDT,BINANCE,TRADE,64021.7,8e-05
2026-07-30 13:50:13,BTCUSDT,BINANCE,TRADE,64021.7,8e-05
2026-07-30 13:50:13,BTCUSDT,BINANCE,TRADE,64021.7,8e-05
2026-07-30 13:50:13,BTCUSDT,BINANCE,TRADE,64021.7,8e-05
2026-07-30 13:50:13,BTCUSDT,BINANCE,TRADE,64021.7,8e-05
2026-07-30 13:50:13,BTCUSDT,BINANCE,TRADE,64021.7,8e-05
2026-07-30 13:50:13,BTCUSDT,BINANCE,TRADE,64021.7,8e-05
2026-07-30 13:50:13,BTCUSDT,BINANCE,TRADE,64021.7,8e-05
2026-07-30 13:50:13,BTCUSDT,BINANCE,TRADE,64021.7,8e-05
2026-07-30 13:50:13,BTCUSDT,BINANCE,TRADE,64021.7,8e-05
2026-07-30 13:50:13,BTCUSDT,BINANCE,TRADE,64021.7,9e-05
2026-07-30 13:50:13,BTCUSDT,BINANCE,TRADE,64021.7,0.75066
2026-07-30 13:50:13,BTCUSDT,BINANCE,TRADE,64021.7,0.0013
2026-07-30 13:50:13,BTCUSDT,BINANCE,TRADE,64021.7,8e-05
2026-07-30 13:50:13,BTCUSDT,BINANCE,TRADE,64021.7,8e-05
2026-07-30 13:50:13,BTCUSDT,BINANCE,TRADE,64021.7,8e-05
2026-07-30 13:50:13,BTCUSDT,BINANCE,TRADE,64021.7,8e-05
2026-07-30 13:50:13,BTCUSDT,BINANCE,TRADE,64021.7,8e-05
2026-07-30 13:50:13,BTCUSDT,BINANCE,TRADE,64021.7,8e-05
2026-07-30 13:50:13,BTCUSDT,BINANCE,TRADE,64021.7,8e-05
2026-07-30 13:50:13,BTCUSDT,BINANCE,TRADE,64021.7,9e-05
2026-07-30 13:50:13,BTCUSDT,BINANCE,TRADE,64021.7,8e-05
2026-07-30 13:50:13,BTCUSDT,BINANCE,TRADE,64021.7,8e-05
2026-07-30 13:50:13,BTCUSDT,BINANCE,TRADE,64021.7,8e-05
2026-07-30 13:50:13,BTCUSDT,BINANCE,TRADE,64021.7,8e-05
2026-07-30 13:50:13,BTCUSDT,BINANCE,TRADE,64021.7,8e-05
2026-07-30 13:50:13,BTCUSDT,BINANCE,TRADE,64021.7,8e-05
2026-07-30 13:50:13,BTCUSDT,BINANCE,TRADE,64021.7,8e-05
2026-07-30 13:50:13,BTCUSDT,BINANCE,TRADE,64021.7,8e-05
2026-07-30 13:50:13,BTCUSDT,BINANCE,TRADE,64021.7,8e-05
2026-07-30 13:50:13,BTCUSDT,BINANCE,TRADE,64021.7,8e-05
2026-07-30 13:50:13,BTCUSDT,BINANCE,TRADE,64021.7,8e-05
2026-07-30 13:50:13,BTCUSDT,BINANCE,TRADE,64021.7,8e-05
2026-07-30 13:50:13,BTCUSDT,BINANCE,TRADE,64021.7,8e-05
2026-07-30 13:50:13,BTCUSDT,BINANCE,TRADE,64021.7,8e-05
2026-07-30 13:50:13,BTCUSDT,BINANCE,TRADE,64021.7,8e-05
2026-07-30 13:50:13,BTCUSDT,BINANCE,TRADE,64021.7,8e-05
2026-07-30 13:50:13,BTCUSDT,BINANCE,TRADE,64021.7,8e-05
2026-07-30 13:50:13,BTCUSDT,BINANCE,TRADE,64021.7,9e-05
2026-07-30 13:50:13,BTCUSDT,BINANCE,TRADE,64021.7,8e-05
2026-07-30 13:50:13,BTCUSDT,BINANCE,TRADE,64021.7,9e-05
2026-07-30 13:50:13,BTCUSDT,BINANCE,TRADE,64021.7,8e-05
2026-07-30 13:50:13,BTCUSDT,BINANCE,TRADE,64021.7,8e-05
2026-07-30 13:50:13,BTCUSDT,BINANCE,TRADE,64021.7,8e-05
2026-07-30 13:50:13,BTCUSDT,BINANCE,TRADE,64021.8,9e-05
2026-07-30 13:50:13,BTCUSDT,BINANCE,TRADE,64021.8,9e-05
2026-07-30 13:50:13,BTCUSDT,BINANCE,TRADE,64021.8,9e-05
2026-07-30 13:50:13,ETHUSDT,BINANCE,TRADE,1904.86,0.0023
2026-07-30 13:50:13,ETHUSDT,BINANCE,TRADE,1904.86,0.0028
2026-07-30 13:50:13,ETHUSDT,BINANCE,TRADE,1904.86,1.0552
2026-07-30 13:50:13,ETHUSDT,BINANCE,TRADE,1904.86,0.0027
2026-07-30 13:50:13,ETHUSDT,BINANCE,TRADE,1904.86,0.0027
2026-07-30 13:50:13,ETHUSDT,BINANCE,TRADE,1904.86,0.0027
2026-07-30 13:50:13,ETHUSDT,BINANCE,TRADE,1904.86,0.0027
2026-07-30 13:50:13,ETHUSDT,BINANCE,TRADE,1904.86,0.0027
2026-07-30 13:50:13,ETHUSDT,BINANCE,TRADE,1904.86,0.0027
2026-07-30 13:50:13,ETHUSDT,BINANCE,TRADE,1904.86,0.0027
2026-07-30 13:50:13,ETHUSDT,BINANCE,TRADE,1904.86,0.0027
2026-07-30 13:50:13,ETHUSDT,BINANCE,TRADE,1904.86,0.0027
2026-07-30 13:50:13,ETHUSDT,BINANCE,TRADE,1904.86,0.0027
2026-07-30 13:50:13,ETHUSDT,BINANCE,TRADE,1904.86,0.0027
2026-07-30 13:50:13,ETHUSDT,BINANCE,TRADE,1904.86,0.0027
2026-07-30 13:50:13,ETHUSDT,BINANCE,TRADE,1904.86,0.0027
2026-07-30 13:50:13,ETHUSDT,BINANCE,TRADE,1904.86,0.0028
2026-07-30 13:50:13,ETHUSDT,BINANCE,TRADE,1904.86,0.0027
2026-07-30 13:50:13,ETHUSDT,BINANCE,TRADE,1904.87,0.0053
2026-07-30 13:50:13,ETHUSDT,BINANCE,TRADE,1904.87,0.0028
2026-07-30 13:50:13,ETHUSDT,BINANCE,TRADE,1904.87,0.0027
2026-07-30 13:50:13,ETHUSDT,BINANCE,TRADE,1904.87,0.0027
2026-07-30 13:50:13,ETHUSDT,BINANCE,TRADE,1904.87,0.0027
2026-07-30 13:50:13,ETHUSDT,BINANCE,TRADE,1904.87,0.0027
2026-07-30 13:50:13,ETHUSDT,BINANCE,TRADE,1904.87,0.0027
2026-07-30 13:50:13,ETHUSDT,BINANCE,TRADE,1904.87,0.0027
2026-07-30 13:50:13,ETHUSDT,BINANCE,TRADE,1904.88,0.0027
2026-07-30 13:50:13,ETHUSDT,BINANCE,TRADE,1904.88,0.0027
2026-07-30 13:50:13,ETHUSDT,BINANCE,TRADE,1904.88,0.0028
2026-07-30 13:50:13,ETHUSDT,BINANCE,TRADE,1904.88,0.0027
2026-07-30 13:50:13,ETHUSDT,BINANCE,TRADE,1904.88,0.0027
2026-07-30 13:50:13,ETHUSDT,BINANCE,TRADE,1904.89,0.0027
2026-07-30 13:50:13,ETHUSDT,BINANCE,TRADE,1904.89,0.0028
2026-07-30 13:50:13,ETHUSDT,BINANCE,TRADE,1904.91,0.0028
2026-07-30 13:50:13,ETHUSDT,BINANCE,TRADE,1904.92,0.0028
2026-07-30 13:50:13,ETHUSDT,BINANCE,TRADE,1904.92,0.0027
2026-07-30 13:50:13,ETHUSDT,BINANCE,TRADE,1904.92,0.0027
2026-07-30 13:50:13,ETHUSDT,BINANCE,TRADE,1904.92,0.0027
2026-07-30 13:50:13,ETHUSDT,BINANCE,TRADE,1904.92,0.0027
2026-07-30 13:50:13,ETHUSDT,BINANCE,TRADE,1904.92,0.0027
2026-07-30 13:50:13,ETHUSDT,BINANCE,TRADE,1904.93,0.0028
2026-07-30 13:50:13,ETHUSDT,BINANCE,TRADE,1904.93,0.0028
2026-07-30 13:50:13,ETHUSDT,BINANCE,TRADE,1904.93,0.0028
2026-07-30 13:50:13,ETHUSDT,BINANCE,TRADE,1904.93,0.031
2026-07-30 13:50:13,ETHUSDT,BINANCE,TRADE,1904.93,0.0028
2026-07-30 13:50:13,BTCUSDT,BINANCE,TRADE,64021.8,0.00101
2026-07-30 13:50:13,ETHUSDT,BINANCE,TRADE,1904.94,0.0027
2026-07-30 13:50:13,ETHUSDT,BINANCE,TRADE,1904.94,0.0027
2026-07-30 13:50:13,ETHUSDT,BINANCE,TRADE,1904.94,0.0028
2026-07-30 13:50:13,ETHUSDT,BINANCE,TRADE,1904.94,0.0168
2026-07-30 13:50:13,BTCUSDT,BINANCE,TRADE,64021.8,0.00014
2026-07-30 13:50:13,ETHUSDT,BINANCE,TRADE,1904.93,0.009
2026-07-30 13:50:13,BTCUSDT,BINANCE,TRADE,64021.8,0.00029
2026-07-30 13:50:13,SOLUSDT,BINANCE,TRADE,73.43,1.353
2026-07-30 13:50:13,ETHUSDT,BINANCE,TRADE,1904.94,2.0692
2026-07-30 13:50:13,ETHUSDT,BINANCE,TRADE,1904.94,0.1
2026-07-30 13:50:13,ETHUSDT,BINANCE,TRADE,1904.94,0.038
2026-07-30 13:50:13,ETHUSDT,BINANCE,TRADE,1904.94,0.4
2026-07-30 13:50:13,ETHUSDT,BINANCE,TRADE,1904.94,0.291
2026-07-30 13:50:13,ETHUSDT,BINANCE,TRADE,1904.94,0.162
2026-07-30 13:50:13,ETHUSDT,BINANCE,TRADE,1904.94,0.509
2026-07-30 13:50:13,BTCUSDT,BINANCE,TRADE,64021.8,9e-05
2026-07-30 13:50:13,BTCUSDT,BINANCE,TRADE,64021.8,6e-05
2026-07-30 13:50:13,BTCUSDT,BINANCE,TRADE,64021.8,0.00521
2026-07-30 13:50:13,BTCUSDT,BINANCE,TRADE,64021.8,3e-05
2026-07-30 13:50:13,BTCUSDT,BINANCE,TRADE,64021.8,8e-05
2026-07-30 13:50:13,BTCUSDT,BINANCE,TRADE,64021.8,8e-05
2026-07-30 13:50:13,BTCUSDT,BINANCE,TRADE,64021.8,8e-05
2026-07-30 13:50:13,BTCUSDT,BINANCE,TRADE,64021.8,8e-05
2026-07-30 13:50:13,BTCUSDT,BINANCE,TRADE,64021.8,8e-05
2026-07-30 13:50:13,BTCUSDT,BINANCE,TRADE,64021.8,8e-05
2026-07-30 13:50:13,BTCUSDT,BINANCE,TRADE,64021.8,8e-05
2026-07-30 13:50:13,BTCUSDT,BINANCE,TRADE,64021.8,8e-05
2026-07-30 13:50:13,BTCUSDT,BINANCE,TRADE,64021.8,8e-05
2026-07-30 13:50:13,BTCUSDT,BINANCE,TRADE,64021.8,8e-05
2026-07-30 13:50:13,BTCUSDT,BINANCE,TRADE,64021.8,8e-05
2026-07-30 13:50:13,BTCUSDT,BINANCE,TRADE,64021.8,8e-05
2026-07-30 13:50:13,BTCUSDT,BINANCE,TRADE,64021.8,9e-05
2026-07-30 13:50:13,BTCUSDT,BINANCE,TRADE,64021.8,8e-05
2026-07-30 13:50:13,BTCUSDT,BINANCE,TRADE,64021.8,8e-05
2026-07-30 13:50:13,BTCUSDT,BINANCE,TRADE,64021.8,9e-05
2026-07-30 13:50:13,BTCUSDT,BINANCE,TRADE,64021.8,8e-05
2026-07-30 13:50:13,BTCUSDT,BINANCE,TRADE,64021.8,8e-05
2026-07-30 13:50:13,BTCUSDT,BINANCE,TRADE,64021.8,9e-05
2026-07-30 13:50:13,BTCUSDT,BINANCE,TRADE,64021.8,8e-05
2026-07-30 13:50:13,BTCUSDT,BINANCE,TRADE,64021.8,9e-05
2026-07-30 13:50:13,BTCUSDT,BINANCE,TRADE,64021.8,8e-05
2026-07-30 13:50:13,BTCUSDT,BINANCE,TRADE,64021.8,8e-05
2026-07-30 13:50:13,BTCUSDT,BINANCE,TRADE,64021.8,8e-05
2026-07-30 13:50:13,BTCUSDT,BINANCE,TRADE,64021.8,8e-05
2026-07-30 13:50:13,BTCUSDT,BINANCE,TRADE,64021.8,8e-05
2026-07-30 13:50:13,BTCUSDT,BINANCE,TRADE,64022,9e-05
2026-07-30 13:50:13,BTCUSDT,BINANCE,TRADE,64022,9e-05
2026-07-30 13:50:13,BTCUSDT,BINANCE,TRADE,64022,9e-05
2026-07-30 13:50:13,ETHUSDT,BINANCE,TRADE,1904.94,1.73
2026-07-30 13:50:13,BTCUSDT,BINANCE,TRADE,64022,0.00027
2026-07-30 13:50:13,BTCUSDT,BINANCE,TRADE,64022,0.01064
2026-07-30 13:50:14,ETHUSDT,BINANCE,TRADE,1904.94,3.2272
2026-07-30 13:50:14,ETHUSDT,BINANCE,TRADE,1904.94,3.5122
2026-07-30 13:50:14,ETHUSDT,BINANCE,TRADE,1904.94,5.0089
2026-07-30 13:50:14,ETHUSDT,BINANCE,TRADE,1904.94,0.4
2026-07-30 13:50:14,ETHUSDT,BINANCE,TRADE,1904.94,0.0575
2026-07-30 13:50:14,ETHUSDT,BINANCE,TRADE,1904.94,0.01
2026-07-30 13:50:14,ETHUSDT,BINANCE,TRADE,1904.94,0.01
2026-07-30 13:50:14,ETHUSDT,BINANCE,TRADE,1904.94,0.01
2026-07-30 13:50:14,ETHUSDT,BINANCE,TRADE,1904.94,0.01
2026-07-30 13:50:14,ETHUSDT,BINANCE,TRADE,1904.94,0.01
2026-07-30 13:50:14,ETHUSDT,BINANCE,TRADE,1904.94,0.01
2026-07-30 13:50:14,ETHUSDT,BINANCE,TRADE,1904.94,0.01
2026-07-30 13:50:14,ETHUSDT,BINANCE,TRADE,1904.94,5.0531
2026-07-30 13:50:14,ETHUSDT,BINANCE,TRADE,1904.94,0.0027
2026-07-30 13:50:14,ETHUSDT,BINANCE,TRADE,1904.94,0.0027
2026-07-30 13:50:14,ETHUSDT,BINANCE,TRADE,1904.94,0.0027
2026-07-30 13:50:14,ETHUSDT,BINANCE,TRADE,1904.94,0.0027
2026-07-30 13:50:14,ETHUSDT,BINANCE,TRADE,1904.94,0.0027
2026-07-30 13:50:14,ETHUSDT,BINANCE,TRADE,1904.94,0.0027
2026-07-30 13:50:14,ETHUSDT,BINANCE,TRADE,1904.94,0.0027
2026-07-30 13:50:14,ETHUSDT,BINANCE,TRADE,1904.94,0.0027
2026-07-30 13:50:14,ETHUSDT,BINANCE,TRADE,1904.94,0.0027
2026-07-30 13:50:14,ETHUSDT,BINANCE,TRADE,1904.94,0.0027
2026-07-30 13:50:14,ETHUSDT,BINANCE,TRADE,1904.94,0.0027
2026-07-30 13:50:14,ETHUSDT,BINANCE,TRADE,1904.94,0.0027
2026-07-30 13:50:14,ETHUSDT,BINANCE,TRADE,1904.94,0.0027
2026-07-30 13:50:14,ETHUSDT,BINANCE,TRADE,1904.94,0.0028
2026-07-30 13:50:14,ETHUSDT,BINANCE,TRADE,1904.94,0.0028
2026-07-30 13:50:14,ETHUSDT,BINANCE,TRADE,1904.94,0.0027
2026-07-30 13:50:14,ETHUSDT,BINANCE,TRADE,1904.94,0.0027
2026-07-30 13:50:14,ETHUSDT,BINANCE,TRADE,1904.94,0.0027
2026-07-30 13:50:14,ETHUSDT,BINANCE,TRADE,1904.94,0.0027
2026-07-30 13:50:14,ETHUSDT,BINANCE,TRADE,1904.95,0.0027
2026-07-30 13:50:14,ETHUSDT,BINANCE,TRADE,1904.95,0.0028
2026-07-30 13:50:14,ETHUSDT,BINANCE,TRADE,1904.95,0.0027
2026-07-30 13:50:14,ETHUSDT,BINANCE,TRADE,1904.95,0.0027
2026-07-30 13:50:14,ETHUSDT,BINANCE,TRADE,1904.95,0.0027
2026-07-30 13:50:14,ETHUSDT,BINANCE,TRADE,1904.95,0.0027
2026-07-30 13:50:14,ETHUSDT,BINANCE,TRADE,1904.97,0.0028
2026-07-30 13:50:14,BTCUSDT,BINANCE,TRADE,64022,0.00099
2026-07-30 13:50:14,ETHUSDT,BINANCE,TRADE,1904.97,0.0216
2026-07-30 13:50:14,ETHUSDT,BINANCE,TRADE,1904.98,0.165
2026-07-30 13:50:14,ETHUSDT,BINANCE,TRADE,1904.98,0.01
2026-07-30 13:50:14,ETHUSDT,BINANCE,TRADE,1904.98,0.01
2026-07-30 13:50:14,ETHUSDT,BINANCE,TRADE,1904.98,0.01
2026-07-30 13:50:14,ETHUSDT,BINANCE,TRADE,1904.98,0.01
2026-07-30 13:50:14,ETHUSDT,BINANCE,TRADE,1904.98,0.01
2026-07-30 13:50:14,ETHUSDT,BINANCE,TRADE,1904.98,0.01
2026-07-30 13:50:14,ETHUSDT,BINANCE,TRADE,1904.98,0.01
2026-07-30 13:50:14,ETHUSDT,BINANCE,TRADE,1904.98,0.4534
2026-07-30 13:50:14,ETHUSDT,BINANCE,TRADE,1904.98,0.01
2026-07-30 13:50:14,ETHUSDT,BINANCE,TRADE,1904.98,0.01
2026-07-30 13:50:14,ETHUSDT,BINANCE,TRADE,1904.98,0.01
2026-07-30 13:50:14,ETHUSDT,BINANCE,TRADE,1904.98,0.01
2026-07-30 13:50:14,ETHUSDT,BINANCE,TRADE,1904.98,0.01
2026-07-30 13:50:14,ETHUSDT,BINANCE,TRADE,1904.98,0.01
2026-07-30 13:50:14,BTCUSDT,BINANCE,TRADE,64022,0.00037
2026-07-30 13:50:14,ETHUSDT,BINANCE,TRADE,1904.98,0.01
2026-07-30 13:50:14,ETHUSDT,BINANCE,TRADE,1904.98,0.2585
2026-07-30 13:50:14,ETHUSDT,BINANCE,TRADE,1904.98,0.0027
2026-07-30 13:50:14,ETHUSDT,BINANCE,TRADE,1904.98,0.0028
2026-07-30 13:50:14,ETHUSDT,BINANCE,TRADE,1904.98,0.0027
2026-07-30 13:50:14,ETHUSDT,BINANCE,TRADE,1904.98,0.0027
2026-07-30 13:50:14,ETHUSDT,BINANCE,TRADE,1904.98,0.0028
2026-07-30 13:50:14,ETHUSDT,BINANCE,TRADE,1904.98,0.0027
2026-07-30 13:50:14,ETHUSDT,BINANCE,TRADE,1904.98,0.0027
2026-07-30 13:50:14,ETHUSDT,BINANCE,TRADE,1904.98,0.0027
2026-07-30 13:50:14,ETHUSDT,BINANCE,TRADE,1904.98,0.0027
2026-07-30 13:50:14,ETHUSDT,BINANCE,TRADE,1904.99,0.0027
2026-07-30 13:50:14,ETHUSDT,BINANCE,TRADE,1904.99,0.0028
2026-07-30 13:50:14,ETHUSDT,BINANCE,TRADE,1904.99,0.0027
2026-07-30 13:50:14,ETHUSDT,BINANCE,TRADE,1904.99,0.0027
2026-07-30 13:50:14,ETHUSDT,BINANCE,TRADE,1904.99,0.0027
2026-07-30 13:50:14,ETHUSDT,BINANCE,TRADE,1904.99,0.0027
2026-07-30 13:50:14,ETHUSDT,BINANCE,TRADE,1904.99,0.0027
2026-07-30 13:50:14,ETHUSDT,BINANCE,TRADE,1905,0.0027
2026-07-30 13:50:14,ETHUSDT,BINANCE,TRADE,1905,0.0027
2026-07-30 13:50:14,ETHUSDT,BINANCE,TRADE,1905,0.0028
2026-07-30 13:50:14,ETHUSDT,BINANCE,TRADE,1905,0.0027
2026-07-30 13:50:14,ETHUSDT,BINANCE,TRADE,1905.01,0.0027
2026-07-30 13:50:14,ETHUSDT,BINANCE,TRADE,1905.01,0.0027
2026-07-30 13:50:14,ETHUSDT,BINANCE,TRADE,1905.01,0.0028
2026-07-30 13:50:14,ETHUSDT,BINANCE,TRADE,1905.01,0.0027
2026-07-30 13:50:14,ETHUSDT,BINANCE,TRADE,1905.01,0.0027
2026-07-30 13:50:14,ETHUSDT,BINANCE,TRADE,1905.01,0.0027
2026-07-30 13:50:14,ETHUSDT,BINANCE,TRADE,1905.01,0.0027
2026-07-30 13:50:14,ETHUSDT,BINANCE,TRADE,1905.01,0.0027
2026-07-30 13:50:14,ETHUSDT,BINANCE,TRADE,1905.02,0.0027
2026-07-30 13:50:14,ETHUSDT,BINANCE,TRADE,1905.02,0.0027
2026-07-30 13:50:14,ETHUSDT,BINANCE,TRADE,1905.02,0.0028
2026-07-30 13:50:14,ETHUSDT,BINANCE,TRADE,1905.02,0.0027
2026-07-30 13:50:14,ETHUSDT,BINANCE,TRADE,1905.02,0.0027
2026-07-30 13:50:14,ETHUSDT,BINANCE,TRADE,1905.03,0.0027
2026-07-30 13:50:14,ETHUSDT,BINANCE,TRADE,1905.03,0.0028
2026-07-30 13:50:14,ETHUSDT,BINANCE,TRADE,1905.04,0.0028
2026-07-30 13:50:14,ETHUSDT,BINANCE,TRADE,1905.05,0.0027
2026-07-30 13:50:14,ETHUSDT,BINANCE,TRADE,1905.05,0.0027
2026-07-30 13:50:14,ETHUSDT,BINANCE,TRADE,1905.05,0.0027
2026-07-30 13:50:14,ETHUSDT,BINANCE,TRADE,1905.05,0.0028
2026-07-30 13:50:14,ETHUSDT,BINANCE,TRADE,1905.05,0.0027
2026-07-30 13:50:14,ETHUSDT,BINANCE,TRADE,1905.05,0.0027
2026-07-30 13:50:14,ETHUSDT,BINANCE,TRADE,1905.05,0.0027
2026-07-30 13:50:14,ETHUSDT,BINANCE,TRADE,1905.05,0.0027
2026-07-30 13:50:14,ETHUSDT,BINANCE,TRADE,1905.05,0.0027
2026-07-30 13:50:14,ETHUSDT,BINANCE,TRADE,1905.05,0.0027
2026-07-30 13:50:14,ETHUSDT,BINANCE,TRADE,1905.05,0.0027
2026-07-30 13:50:14,ETHUSDT,BINANCE,TRADE,1905.05,0.0027
2026-07-30 13:50:14,ETHUSDT,BINANCE,TRADE,1905.05,0.0027
2026-07-30 13:50:14,ETHUSDT,BINANCE,TRADE,1905.06,0.0028
2026-07-30 13:50:14,ETHUSDT,BINANCE,TRADE,1905.07,0.0027
2026-07-30 13:50:14,ETHUSDT,BINANCE,TRADE,1905.07,0.0028
2026-07-30 13:50:14,ETHUSDT,BINANCE,TRADE,1905.07,0.0027
2026-07-30 13:50:14,ETHUSDT,BINANCE,TRADE,1905.09,0.0027
2026-07-30 13:50:14,ETHUSDT,BINANCE,TRADE,1905.1,0.0027
2026-07-30 13:50:14,ETHUSDT,BINANCE,TRADE,1905.1,0.0027
2026-07-30 13:50:14,ETHUSDT,BINANCE,TRADE,1905.1,0.0027
2026-07-30 13:50:14,ETHUSDT,BINANCE,TRADE,1905.1,0.0027
2026-07-30 13:50:14,ETHUSDT,BINANCE,TRADE,1905.1,0.0027
2026-07-30 13:50:14,ETHUSDT,BINANCE,TRADE,1905.1,0.0027
2026-07-30 13:50:14,ETHUSDT,BINANCE,TRADE,1905.1,0.0027
2026-07-30 13:50:14,ETHUSDT,BINANCE,TRADE,1905.1,0.0027
2026-07-30 13:50:14,ETHUSDT,BINANCE,TRADE,1905.11,0.0027
2026-07-30 13:50:14,ETHUSDT,BINANCE,TRADE,1905.12,0.0027
2026-07-30 13:50:14,ETHUSDT,BINANCE,TRADE,1905.12,0.0027
2026-07-30 13:50:14,ETHUSDT,BINANCE,TRADE,1905.12,0.0028
2026-07-30 13:50:14,ETHUSDT,BINANCE,TRADE,1905.12,0.0028
2026-07-30 13:50:14,ETHUSDT,BINANCE,TRADE,1905.12,0.0027
2026-07-30 13:50:14,ETHUSDT,BINANCE,TRADE,1905.12,0.0028
2026-07-30 13:50:14,ETHUSDT,BINANCE,TRADE,1905.12,0.0027
2026-07-30 13:50:14,ETHUSDT,BINANCE,TRADE,1905.12,0.0027
2026-07-30 13:50:14,ETHUSDT,BINANCE,TRADE,1905.12,0.0027
2026-07-30 13:50:14,BTCUSDT,BINANCE,TRADE,64022,0.00281
2026-07-30 13:50:14,BTCUSDT,BINANCE,TRADE,64022,0.00055
2026-07-30 13:50:14,BTCUSDT,BINANCE,TRADE,64022,0.00099
2026-07-30 13:50:14,BTCUSDT,BINANCE,TRADE,64022,0.00038
2026-07-30 13:50:14,BTCUSDT,BINANCE,TRADE,64022,0.00015
2026-07-30 13:50:14,BTCUSDT,BINANCE,TRADE,64022,0.00059
2026-07-30 13:50:14,SOLUSDT,BINANCE,TRADE,73.43,11.493
2026-07-30 13:50:14,SOLUSDT,BINANCE,TRADE,73.43,0.081
2026-07-30 13:50:14,SOLUSDT,BINANCE,TRADE,73.43,0.277
2026-07-30 13:50:14,SOLUSDT,BINANCE,TRADE,73.43,0.137
2026-07-30 13:50:14,SOLUSDT,BINANCE,TRADE,73.43,0.252
2026-07-30 13:50:14,SOLUSDT,BINANCE,TRADE,73.43,3.76
2026-07-30 13:50:14,SOLUSDT,BINANCE,TRADE,73.43,1.847
2026-07-30 13:50:14,SOLUSDT,BINANCE,TRADE,73.43,0.072
2026-07-30 13:50:14,SOLUSDT,BINANCE,TRADE,73.43,0.072
2026-07-30 13:50:14,SOLUSDT,BINANCE,TRADE,73.43,32.504
2026-07-30 13:50:14,SOLUSDT,BINANCE,TRADE,73.43,0.07
2026-07-30 13:50:14,SOLUSDT,BINANCE,TRADE,73.43,0.072
2026-07-30 13:50:14,SOLUSDT,BINANCE,TRADE,73.44,4
2026-07-30 13:50:14,SOLUSDT,BINANCE,TRADE,73.44,8
2026-07-30 13:50:14,ETHUSDT,BINANCE,TRADE,1905.13,0.0027
2026-07-30 13:50:14,ETHUSDT,BINANCE,TRADE,1905.13,0.0027
2026-07-30 13:50:14,ETHUSDT,BINANCE,TRADE,1905.13,0.0027
2026-07-30 13:50:14,ETHUSDT,BINANCE,TRADE,1905.13,0.0028
2026-07-30 13:50:14,ETHUSDT,BINANCE,TRADE,1905.13,0.0027
2026-07-30 13:50:14,ETHUSDT,BINANCE,TRADE,1905.13,0.0027
2026-07-30 13:50:14,ETHUSDT,BINANCE,TRADE,1905.13,0.0028
2026-07-30 13:50:14,ETHUSDT,BINANCE,TRADE,1905.13,0.0027
2026-07-30 13:50:14,ETHUSDT,BINANCE,TRADE,1905.13,0.021
2026-07-30 13:50:14,ETHUSDT,BINANCE,TRADE,1905.13,0.0027
2026-07-30 13:50:14,ETHUSDT,BINANCE,TRADE,1905.13,0.0027
2026-07-30 13:50:14,ETHUSDT,BINANCE,TRADE,1905.13,0.0027
2026-07-30 13:50:14,ETHUSDT,BINANCE,TRADE,1905.13,0.0027
2026-07-30 13:50:14,ETHUSDT,BINANCE,TRADE,1905.14,0.0027
2026-07-30 13:50:14,ETHUSDT,BINANCE,TRADE,1905.14,0.0028
2026-07-30 13:50:14,ETHUSDT,BINANCE,TRADE,1905.14,0.0027
2026-07-30 13:50:14,ETHUSDT,BINANCE,TRADE,1905.14,0.0027
2026-07-30 13:50:14,ETHUSDT,BINANCE,TRADE,1905.14,0.0027
2026-07-30 13:50:14,ETHUSDT,BINANCE,TRADE,1905.14,0.0027
2026-07-30 13:50:14,ETHUSDT,BINANCE,TRADE,1905.14,0.0027
2026-07-30 13:50:14,ETHUSDT,BINANCE,TRADE,1905.14,0.0027
2026-07-30 13:50:14,ETHUSDT,BINANCE,TRADE,1905.15,0.0027
2026-07-30 13:50:14,ETHUSDT,BINANCE,TRADE,1905.15,0.0027
2026-07-30 13:50:14,ETHUSDT,BINANCE,TRADE,1905.15,0.0108
2026-07-30 13:50:14,ETHUSDT,BINANCE,TRADE,1905.15,0.0028
2026-07-30 13:50:14,ETHUSDT,BINANCE,TRADE,1905.15,0.0027
2026-07-30 13:50:14,ETHUSDT,BINANCE,TRADE,1905.15,0.0027
2026-07-30 13:50:14,ETHUSDT,BINANCE,TRADE,1905.15,0.0027
2026-07-30 13:50:14,ETHUSDT,BINANCE,TRADE,1905.15,0.0027
2026-07-30 13:50:14,ETHUSDT,BINANCE,TRADE,1905.15,0.0027
2026-07-30 13:50:14,ETHUSDT,BINANCE,TRADE,1905.16,0.0027
2026-07-30 13:50:14,ETHUSDT,BINANCE,TRADE,1905.16,0.0028
2026-07-30 13:50:14,ETHUSDT,BINANCE,TRADE,1905.16,0.0027
2026-07-30 13:50:14,ETHUSDT,BINANCE,TRADE,1905.16,0.0027
2026-07-30 13:50:14,ETHUSDT,BINANCE,TRADE,1905.16,0.0027
2026-07-30 13:50:14,ETHUSDT,BINANCE,TRADE,1905.16,0.0027
2026-07-30 13:50:14,ETHUSDT,BINANCE,TRADE,1905.17,0.0028
2026-07-30 13:50:14,ETHUSDT,BINANCE,TRADE,1905.18,0.0027
2026-07-30 13:50:14,ETHUSDT,BINANCE,TRADE,1905.18,0.0027
2026-07-30 13:50:14,ETHUSDT,BINANCE,TRADE,1905.18,0.0028
2026-07-30 13:50:14,ETHUSDT,BINANCE,TRADE,1905.18,0.0027
2026-07-30 13:50:14,ETHUSDT,BINANCE,TRADE,1905.19,0.0027
2026-07-30 13:50:14,ETHUSDT,BINANCE,TRADE,1905.19,0.0028
2026-07-30 13:50:14,ETHUSDT,BINANCE,TRADE,1905.19,0.0027
2026-07-30 13:50:14,ETHUSDT,BINANCE,TRADE,1905.2,0.0027
2026-07-30 13:50:14,ETHUSDT,BINANCE,TRADE,1905.2,0.0027
2026-07-30 13:50:14,ETHUSDT,BINANCE,TRADE,1905.2,0.0028
2026-07-30 13:50:14,ETHUSDT,BINANCE,TRADE,1905.2,0.0027
2026-07-30 13:50:14,ETHUSDT,BINANCE,TRADE,1905.2,0.0027
2026-07-30 13:50:14,ETHUSDT,BINANCE,TRADE,1905.2,0.0027
2026-07-30 13:50:14,ETHUSDT,BINANCE,TRADE,1905.2,0.0027
2026-07-30 13:50:14,ETHUSDT,BINANCE,TRADE,1905.2,0.0027
2026-07-30 13:50:14,ETHUSDT,BINANCE,TRADE,1905.2,0.0027
2026-07-30 13:50:14,ETHUSDT,BINANCE,TRADE,1905.2,0.0027
2026-07-30 13:50:14,ETHUSDT,BINANCE,TRADE,1905.2,0.0027
2026-07-30 13:50:14,ETHUSDT,BINANCE,TRADE,1905.21,0.0027
2026-07-30 13:50:14,ETHUSDT,BINANCE,TRADE,1905.21,0.0028
2026-07-30 13:50:14,ETHUSDT,BINANCE,TRADE,1905.22,0.0028
2026-07-30 13:50:14,ETHUSDT,BINANCE,TRADE,1905.23,0.0027
2026-07-30 13:50:14,ETHUSDT,BINANCE,TRADE,1905.23,0.0027
2026-07-30 13:50:14,ETHUSDT,BINANCE,TRADE,1905.23,0.0027
2026-07-30 13:50:14,ETHUSDT,BINANCE,TRADE,1905.23,0.0027
2026-07-30 13:50:14,ETHUSDT,BINANCE,TRADE,1905.24,0.004
2026-07-30 13:50:14,ETHUSDT,BINANCE,TRADE,1905.24,0.0028
2026-07-30 13:50:14,ETHUSDT,BINANCE,TRADE,1905.24,0.0028
2026-07-30 13:50:14,ETHUSDT,BINANCE,TRADE,1905.24,0.0028
2026-07-30 13:50:14,BTCUSDT,BINANCE,TRADE,64022,0.00156
2026-07-30 13:50:14,BTCUSDT,BINANCE,TRADE,64022,0.00022
2026-07-30 13:50:14,BTCUSDT,BINANCE,TRADE,64022,0.00079
2026-07-30 13:50:14,BTCUSDT,BINANCE,TRADE,64022,0.00057
2026-07-30 13:50:14,BTCUSDT,BINANCE,TRADE,64022,0.00033
2026-07-30 13:50:14,BTCUSDT,BINANCE,TRADE,64022,0.00021
2026-07-30 13:50:14,ETHUSDT,BINANCE,TRADE,1905.24,0.0109
2026-07-30 13:50:14,BTCUSDT,BINANCE,TRADE,64022,0.00016
2026-07-30 13:50:14,BTCUSDT,BINANCE,TRADE,64022,0.0001
2026-07-30 13:50:14,BTCUSDT,BINANCE,TRADE,64022,0.00284
2026-07-30 13:50:14,BTCUSDT,BINANCE,TRADE,64022,0.00225
2026-07-30 13:50:14,BTCUSDT,BINANCE,TRADE,64022,0.00101
2026-07-30 13:50:14,BTCUSDT,BINANCE,TRADE,64022,0.00015
2026-07-30 13:50:14,BTCUSDT,BINANCE,TRADE,64022,0.00118
2026-07-30 13:50:14,BTCUSDT,BINANCE,TRADE,64022,0.00037
2026-07-30 13:50:14,BTCUSDT,BINANCE,TRADE,64022,8e-05
2026-07-30 13:50:14,BTCUSDT,BINANCE,TRADE,64022,0.00468
2026-07-30 13:50:14,BTCUSDT,BINANCE,TRADE,64022,0.00096
2026-07-30 13:50:14,BTCUSDT,BINANCE,TRADE,64022,1e-05
2026-07-30 13:50:14,BTCUSDT,BINANCE,TRADE,64022,0.006
2026-07-30 13:50:14,BTCUSDT,BINANCE,TRADE,64022,0.008
2026-07-30 13:50:14,BTCUSDT,BINANCE,TRADE,64022,9e-05
2026-07-30 13:50:14,BTCUSDT,BINANCE,TRADE,64022,9e-05
2026-07-30 13:50:14,BTCUSDT,BINANCE,TRADE,64022,8e-05
2026-07-30 13:50:14,BTCUSDT,BINANCE,TRADE,64022,8e-05
2026-07-30 13:50:14,BTCUSDT,BINANCE,TRADE,64022,8e-05
2026-07-30 13:50:14,BTCUSDT,BINANCE,TRADE,64022,8e-05
2026-07-30 13:50:14,BTCUSDT,BINANCE,TRADE,64022,8e-05
2026-07-30 13:50:14,BTCUSDT,BINANCE,TRADE,64022,8e-05
2026-07-30 13:50:14,BTCUSDT,BINANCE,TRADE,64022,8e-05
2026-07-30 13:50:14,BTCUSDT,BINANCE,TRADE,64022,9e-05
2026-07-30 13:50:14,BTCUSDT,BINANCE,TRADE,64022,8e-05
2026-07-30 13:50:14,BTCUSDT,BINANCE,TRADE,64022,8e-05
2026-07-30 13:50:14,BTCUSDT,BINANCE,TRADE,64022,8e-05
2026-07-30 13:50:14,BTCUSDT,BINANCE,TRADE,64022,8e-05
2026-07-30 13:50:14,BTCUSDT,BINANCE,TRADE,64022,8e-05
2026-07-30 13:50:14,BTCUSDT,BINANCE,TRADE,64022,8e-05
2026-07-30 13:50:14,BTCUSDT,BINANCE,TRADE,64022,8e-05
2026-07-30 13:50:14,BTCUSDT,BINANCE,TRADE,64022,8e-05
2026-07-30 13:50:14,BTCUSDT,BINANCE,TRADE,64022,8e-05
2026-07-30 13:50:14,BTCUSDT,BINANCE,TRADE,64022,9e-05
2026-07-30 13:50:14,BTCUSDT,BINANCE,TRADE,64022,9e-05
2026-07-30 13:50:14,BTCUSDT,BINANCE,TRADE,64022,8e-05
2026-07-30 13:50:14,BTCUSDT,BINANCE,TRADE,64022,8e-05
2026-07-30 13:50:14,BTCUSDT,BINANCE,TRADE,64022,8e-05
2026-07-30 13:50:14,BTCUSDT,BINANCE,TRADE,64022,8e-05
2026-07-30 13:50:14,BTCUSDT,BINANCE,TRADE,64022.4,9e-05
2026-07-30 13:50:14,BTCUSDT,BINANCE,TRADE,64022.4,9e-05
2026-07-30 13:50:14,BTCUSDT,BINANCE,TRADE,64022.4,9e-05
2026-07-30 13:50:14,BTCUSDT,BINANCE,TRADE,64022.4,0.01502
2026-07-30 13:50:14,BTCUSDT,BINANCE,TRADE,64022.4,9e-05
2026-07-30 13:50:14,BTCUSDT,BINANCE,TRADE,64022.4,9e-05
2026-07-30 13:50:14,BTCUSDT,BINANCE,TRADE,64023.1,0.00024
2026-07-30 13:50:14,BTCUSDT,BINANCE,TRADE,64023.3,8e-05
2026-07-30 13:50:14,BTCUSDT,BINANCE,TRADE,64023.4,8e-05
2026-07-30 13:50:14,BTCUSDT,BINANCE,TRADE,64023.4,9e-05
2026-07-30 13:50:14,BTCUSDT,BINANCE,TRADE,64024,9e-05
2026-07-30 13:50:14,BTCUSDT,BINANCE,TRADE,64024,9e-05
2026-07-30 13:50:14,BTCUSDT,BINANCE,TRADE,64024,9e-05
2026-07-30 13:50:14,BTCUSDT,BINANCE,TRADE,64024,0.005
2026-07-30 13:50:14,BTCUSDT,BINANCE,TRADE,64024,0.006
2026-07-30 13:50:14,BTCUSDT,BINANCE,TRADE,64024,0.005
2026-07-30 13:50:14,BTCUSDT,BINANCE,TRADE,64024,0.008
2026-07-30 13:50:14,BTCUSDT,BINANCE,TRADE,64024,9e-05
2026-07-30 13:50:14,BTCUSDT,BINANCE,TRADE,64024,9e-05
2026-07-30 13:50:14,BTCUSDT,BINANCE,TRADE,64024.8,8e-05
2026-07-30 13:50:14,BTCUSDT,BINANCE,TRADE,64025.5,8e-05
2026-07-30 13:50:14,BTCUSDT,BINANCE,TRADE,64026,9e-05
2026-07-30 13:50:14,BTCUSDT,BINANCE,TRADE,64026,9e-05
2026-07-30 13:50:14,BTCUSDT,BINANCE,TRADE,64026,9e-05
2026-07-30 13:50:14,BTCUSDT,BINANCE,TRADE,64026,0.005
2026-07-30 13:50:14,BTCUSDT,BINANCE,TRADE,64026,0.006
2026-07-30 13:50:14,BTCUSDT,BINANCE,TRADE,64026,0.008
2026-07-30 13:50:14,BTCUSDT,BINANCE,TRADE,64026,0.005
2026-07-30 13:50:14,BTCUSDT,BINANCE,TRADE,64026,9e-05
2026-07-30 13:50:14,BTCUSDT,BINANCE,TRADE,64026,9e-05
2026-07-30 13:50:14,BTCUSDT,BINANCE,TRADE,64026,9e-05
2026-07-30 13:50:14,BTCUSDT,BINANCE,TRADE,64026,9e-05
2026-07-30 13:50:14,BTCUSDT,BINANCE,TRADE,64026,9e-05
2026-07-30 13:50:14,BTCUSDT,BINANCE,TRADE,64026,0.002
2026-07-30 13:50:14,BTCUSDT,BINANCE,TRADE,64026,0.00065
2026-07-30 13:50:14,BTCUSDT,BINANCE,TRADE,64026,0.00029
2026-07-30 13:50:14,BTCUSDT,BINANCE,TRADE,64026,0.00096
2026-07-30 13:50:14,BTCUSDT,BINANCE,TRADE,64026,0.02065
2026-07-30 13:50:14,SOLUSDT,BINANCE,TRADE,73.43,18
2026-07-30 13:50:14,BTCUSDT,BINANCE,TRADE,64026,9e-05
2026-07-30 13:50:14,BTCUSDT,BINANCE,TRADE,64026,9e-05
2026-07-30 13:50:14,BTCUSDT,BINANCE,TRADE,64026,0.1359
2026-07-30 13:50:14,BTCUSDT,BINANCE,TRADE,64026,8e-05
2026-07-30 13:50:14,BTCUSDT,BINANCE,TRADE,64026,8e-05
2026-07-30 13:50:14,BTCUSDT,BINANCE,TRADE,64026,8e-05
2026-07-30 13:50:14,BTCUSDT,BINANCE,TRADE,64026,8e-05
2026-07-30 13:50:14,BTCUSDT,BINANCE,TRADE,64026,8e-05
2026-07-30 13:50:14,BTCUSDT,BINANCE,TRADE,64026,8e-05
2026-07-30 13:50:14,BTCUSDT,BINANCE,TRADE,64026,8e-05
2026-07-30 13:50:14,BTCUSDT,BINANCE,TRADE,64026,8e-05
2026-07-30 13:50:14,BTCUSDT,BINANCE,TRADE,64026,0.00016
2026-07-30 13:50:14,BTCUSDT,BINANCE,TRADE,64026,8e-05
2026-07-30 13:50:14,BTCUSDT,BINANCE,TRADE,64026,8e-05
2026-07-30 13:50:14,BTCUSDT,BINANCE,TRADE,64026,8e-05
2026-07-30 13:50:14,BTCUSDT,BINANCE,TRADE,64026,8e-05
2026-07-30 13:50:14,BTCUSDT,BINANCE,TRADE,64026,8e-05
2026-07-30 13:50:14,BTCUSDT,BINANCE,TRADE,64026,8e-05
2026-07-30 13:50:14,BTCUSDT,BINANCE,TRADE,64026,9e-05
2026-07-30 13:50:14,BTCUSDT,BINANCE,TRADE,64026,8e-05
2026-07-30 13:50:14,BTCUSDT,BINANCE,TRADE,64026,0.00095
2026-07-30 13:50:14,BTCUSDT,BINANCE,TRADE,64026,0.00048
2026-07-30 13:50:14,BTCUSDT,BINANCE,TRADE,64026,8e-05
2026-07-30 13:50:14,BTCUSDT,BINANCE,TRADE,64026.1,9e-05
2026-07-30 13:50:14,BTCUSDT,BINANCE,TRADE,64026.1,9e-05
2026-07-30 13:50:14,BTCUSDT,BINANCE,TRADE,64026.1,8e-05
2026-07-30 13:50:14,BTCUSDT,BINANCE,TRADE,64026.1,8e-05
2026-07-30 13:50:14,BTCUSDT,BINANCE,TRADE,64026.1,0.00016
2026-07-30 13:50:14,BTCUSDT,BINANCE,TRADE,64026.1,8e-05
2026-07-30 13:50:14,BTCUSDT,BINANCE,TRADE,64026.1,8e-05
2026-07-30 13:50:14,BTCUSDT,BINANCE,TRADE,64026.1,8e-05
2026-07-30 13:50:14,BTCUSDT,BINANCE,TRADE,64026.1,8e-05
2026-07-30 13:50:14,BTCUSDT,BINANCE,TRADE,64026.1,8e-05
2026-07-30 13:50:14,BTCUSDT,BINANCE,TRADE,64026.1,0.00016
2026-07-30 13:50:14,BTCUSDT,BINANCE,TRADE,64026.5,8e-05
2026-07-30 13:50:14,BTCUSDT,BINANCE,TRADE,64026.6,0.00016
2026-07-30 13:50:14,BTCUSDT,BINANCE,TRADE,64026.7,9e-05
2026-07-30 13:50:14,BTCUSDT,BINANCE,TRADE,64027.6,8e-05
2026-07-30 13:50:14,BTCUSDT,BINANCE,TRADE,64027.6,8e-05
2026-07-30 13:50:14,BTCUSDT,BINANCE,TRADE,64027.6,8e-05
2026-07-30 13:50:14,BTCUSDT,BINANCE,TRADE,64028,9e-05
2026-07-30 13:50:14,BTCUSDT,BINANCE,TRADE,64028,9e-05
2026-07-30 13:50:14,BTCUSDT,BINANCE,TRADE,64028,9e-05
2026-07-30 13:50:14,BTCUSDT,BINANCE,TRADE,64028,0.005
2026-07-30 13:50:14,BTCUSDT,BINANCE,TRADE,64028,0.006
2026-07-30 13:50:14,BTCUSDT,BINANCE,TRADE,64028,0.008
2026-07-30 13:50:14,BTCUSDT,BINANCE,TRADE,64028,0.005
2026-07-30 13:50:14,BTCUSDT,BINANCE,TRADE,64028,9e-05
2026-07-30 13:50:14,BTCUSDT,BINANCE,TRADE,64028,9e-05
2026-07-30 13:50:14,BTCUSDT,BINANCE,TRADE,64028.6,8e-05
2026-07-30 13:50:14,BTCUSDT,BINANCE,TRADE,64028.6,8e-05
2026-07-30 13:50:14,BTCUSDT,BINANCE,TRADE,64028.6,8e-05
2026-07-30 13:50:14,BTCUSDT,BINANCE,TRADE,64029.5,0.0001
2026-07-30 13:50:14,BTCUSDT,BINANCE,TRADE,64029.5,0.00048
2026-07-30 13:50:14,BTCUSDT,BINANCE,TRADE,64029.7,0.00024
2026-07-30 13:50:14,BTCUSDT,BINANCE,TRADE,64029.7,8e-05
2026-07-30 13:50:14,BTCUSDT,BINANCE,TRADE,64029.7,8e-05
2026-07-30 13:50:14,BTCUSDT,BINANCE,TRADE,64029.9,9e-05
2026-07-30 13:50:14,BTCUSDT,BINANCE,TRADE,64030,9e-05
2026-07-30 13:50:14,BTCUSDT,BINANCE,TRADE,64030,9e-05
2026-07-30 13:50:14,BTCUSDT,BINANCE,TRADE,64030,9e-05
2026-07-30 13:50:14,BTCUSDT,BINANCE,TRADE,64030,0.008
2026-07-30 13:50:14,BTCUSDT,BINANCE,TRADE,64030,0.006
2026-07-30 13:50:14,BTCUSDT,BINANCE,TRADE,64030,0.005
2026-07-30 13:50:14,BTCUSDT,BINANCE,TRADE,64030,0.005
2026-07-30 13:50:14,BTCUSDT,BINANCE,TRADE,64030,0.01
2026-07-30 13:50:14,BTCUSDT,BINANCE,TRADE,64030,0.00062
2026-07-30 13:50:14,BTCUSDT,BINANCE,TRADE,64030,9e-05
2026-07-30 13:50:14,BTCUSDT,BINANCE,TRADE,64030,9e-05
2026-07-30 13:50:14,BTCUSDT,BINANCE,TRADE,64030,9e-05
2026-07-30 13:50:14,BTCUSDT,BINANCE,TRADE,64030,9e-05
2026-07-30 13:50:14,BTCUSDT,BINANCE,TRADE,64030,9e-05
2026-07-30 13:50:14,BTCUSDT,BINANCE,TRADE,64030,0.02108
2026-07-30 13:50:14,BTCUSDT,BINANCE,TRADE,64030,0.00234
2026-07-30 13:50:14,BTCUSDT,BINANCE,TRADE,64030,9e-05
2026-07-30 13:50:14,BTCUSDT,BINANCE,TRADE,64030,9e-05
2026-07-30 13:50:14,BTCUSDT,BINANCE,TRADE,64030.1,0.0025
2026-07-30 13:50:14,BTCUSDT,BINANCE,TRADE,64030.4,0.00032
2026-07-30 13:50:14,BTCUSDT,BINANCE,TRADE,64030.6,0.00023
2026-07-30 13:50:14,BTCUSDT,BINANCE,TRADE,64030.8,0.00047
2026-07-30 13:50:14,BTCUSDT,BINANCE,TRADE,64031.2,8e-05
2026-07-30 13:50:14,BTCUSDT,BINANCE,TRADE,64031.2,8e-05
2026-07-30 13:50:14,BTCUSDT,BINANCE,TRADE,64031.7,9e-05
2026-07-30 13:50:14,BTCUSDT,BINANCE,TRADE,64031.7,9e-05
2026-07-30 13:50:14,BTCUSDT,BINANCE,TRADE,64031.7,9e-05
2026-07-30 13:50:14,BTCUSDT,BINANCE,TRADE,64031.7,0.00027
2026-07-30 13:50:14,ETHUSDT,BINANCE,TRADE,1905.24,0.0176
2026-07-30 13:50:14,BTCUSDT,BINANCE,TRADE,64031.7,8e-05
2026-07-30 13:50:14,BTCUSDT,BINANCE,TRADE,64031.7,0.00017
2026-07-30 13:50:14,ETHUSDT,BINANCE,TRADE,1905.25,0.0027
2026-07-30 13:50:14,ETHUSDT,BINANCE,TRADE,1905.25,0.563
2026-07-30 13:50:14,ETHUSDT,BINANCE,TRADE,1905.25,0.0027
2026-07-30 13:50:14,ETHUSDT,BINANCE,TRADE,1905.25,0.0027
2026-07-30 13:50:14,ETHUSDT,BINANCE,TRADE,1905.25,0.0028
2026-07-30 13:50:14,ETHUSDT,BINANCE,TRADE,1905.25,0.0027
2026-07-30 13:50:14,ETHUSDT,BINANCE,TRADE,1905.25,0.0053
2026-07-30 13:50:14,ETHUSDT,BINANCE,TRADE,1905.25,0.0027
2026-07-30 13:50:14,ETHUSDT,BINANCE,TRADE,1905.25,0.0028
2026-07-30 13:50:14,ETHUSDT,BINANCE,TRADE,1905.25,0.0027
2026-07-30 13:50:14,ETHUSDT,BINANCE,TRADE,1905.25,0.0027
2026-07-30 13:50:14,ETHUSDT,BINANCE,TRADE,1905.25,0.0027
2026-07-30 13:50:14,ETHUSDT,BINANCE,TRADE,1905.25,0.0027
2026-07-30 13:50:14,ETHUSDT,BINANCE,TRADE,1905.25,0.021
2026-07-30 13:50:14,ETHUSDT,BINANCE,TRADE,1905.25,0.021
2026-07-30 13:50:14,ETHUSDT,BINANCE,TRADE,1905.25,0.0027
2026-07-30 13:50:14,ETHUSDT,BINANCE,TRADE,1905.25,0.0027
2026-07-30 13:50:14,ETHUSDT,BINANCE,TRADE,1905.25,0.0027
2026-07-30 13:50:14,ETHUSDT,BINANCE,TRADE,1905.25,0.0027
2026-07-30 13:50:14,ETHUSDT,BINANCE,TRADE,1905.25,0.0027
2026-07-30 13:50:14,ETHUSDT,BINANCE,TRADE,1905.26,0.0028
2026-07-30 13:50:14,ETHUSDT,BINANCE,TRADE,1905.26,0.0053
2026-07-30 13:50:14,ETHUSDT,BINANCE,TRADE,1905.26,0.0027
2026-07-30 13:50:14,ETHUSDT,BINANCE,TRADE,1905.26,0.0027
2026-07-30 13:50:14,ETHUSDT,BINANCE,TRADE,1905.26,0.0027
2026-07-30 13:50:14,ETHUSDT,BINANCE,TRADE,1905.27,0.0027
2026-07-30 13:50:14,ETHUSDT,BINANCE,TRADE,1905.27,0.0027
2026-07-30 13:50:14,ETHUSDT,BINANCE,TRADE,1905.27,0.0028
2026-07-30 13:50:14,ETHUSDT,BINANCE,TRADE,1905.27,0.0053
2026-07-30 13:50:14,ETHUSDT,BINANCE,TRADE,1905.27,0.0027
2026-07-30 13:50:14,ETHUSDT,BINANCE,TRADE,1905.27,0.0027
2026-07-30 13:50:14,ETHUSDT,BINANCE,TRADE,1905.27,0.0027
2026-07-30 13:50:14,ETHUSDT,BINANCE,TRADE,1905.27,0.0027
2026-07-30 13:50:14,ETHUSDT,BINANCE,TRADE,1905.28,0.0027
2026-07-30 13:50:14,ETHUSDT,BINANCE,TRADE,1905.28,0.0028
2026-07-30 13:50:14,ETHUSDT,BINANCE,TRADE,1905.28,0.0027
2026-07-30 13:50:14,ETHUSDT,BINANCE,TRADE,1905.29,0.0027
2026-07-30 13:50:14,ETHUSDT,BINANCE,TRADE,1905.29,0.0028
2026-07-30 13:50:14,ETHUSDT,BINANCE,TRADE,1905.29,0.0027
2026-07-30 13:50:14,ETHUSDT,BINANCE,TRADE,1905.3,0.0027
2026-07-30 13:50:14,ETHUSDT,BINANCE,TRADE,1905.3,0.0027
2026-07-30 13:50:14,ETHUSDT,BINANCE,TRADE,1905.3,0.0027
2026-07-30 13:50:14,ETHUSDT,BINANCE,TRADE,1905.3,0.0027
2026-07-30 13:50:14,ETHUSDT,BINANCE,TRADE,1905.3,0.0028
2026-07-30 13:50:14,ETHUSDT,BINANCE,TRADE,1905.3,0.0027
2026-07-30 13:50:14,ETHUSDT,BINANCE,TRADE,1905.3,0.0027
2026-07-30 13:50:14,ETHUSDT,BINANCE,TRADE,1905.3,0.0027
2026-07-30 13:50:14,ETHUSDT,BINANCE,TRADE,1905.3,0.0027
2026-07-30 13:50:14,ETHUSDT,BINANCE,TRADE,1905.3,0.0027
2026-07-30 13:50:14,ETHUSDT,BINANCE,TRADE,1905.3,0.0027
2026-07-30 13:50:14,ETHUSDT,BINANCE,TRADE,1905.3,0.0027
2026-07-30 13:50:14,ETHUSDT,BINANCE,TRADE,1905.3,0.0027
2026-07-30 13:50:14,ETHUSDT,BINANCE,TRADE,1905.3,0.0027
2026-07-30 13:50:14,ETHUSDT,BINANCE,TRADE,1905.3,0.0027
2026-07-30 13:50:14,ETHUSDT,BINANCE,TRADE,1905.3,0.0027
2026-07-30 13:50:14,ETHUSDT,BINANCE,TRADE,1905.31,0.0028
2026-07-30 13:50:14,ETHUSDT,BINANCE,TRADE,1905.32,0.0028
2026-07-30 13:50:14,ETHUSDT,BINANCE,TRADE,1905.33,0.0028
2026-07-30 13:50:14,ETHUSDT,BINANCE,TRADE,1905.34,0.0027
2026-07-30 13:50:14,ETHUSDT,BINANCE,TRADE,1905.34,0.0028
2026-07-30 13:50:14,ETHUSDT,BINANCE,TRADE,1905.34,0.0027
2026-07-30 13:50:14,ETHUSDT,BINANCE,TRADE,1905.35,0.0027
2026-07-30 13:50:14,ETHUSDT,BINANCE,TRADE,1905.35,0.0028
2026-07-30 13:50:14,ETHUSDT,BINANCE,TRADE,1905.35,0.0028
2026-07-30 13:50:14,ETHUSDT,BINANCE,TRADE,1905.35,0.0027
2026-07-30 13:50:14,ETHUSDT,BINANCE,TRADE,1905.35,0.0028
2026-07-30 13:50:14,BTCUSDT,BINANCE,TRADE,64031.7,0.00047
2026-07-30 13:50:14,BTCUSDT,BINANCE,TRADE,64031.7,0.00029
2026-07-30 13:50:14,BTCUSDT,BINANCE,TRADE,64031.7,8e-05
2026-07-30 13:50:14,BTCUSDT,BINANCE,TRADE,64031.7,0.01563
2026-07-30 13:50:14,BTCUSDT,BINANCE,TRADE,64031.7,0.00032
2026-07-30 13:50:14,BTCUSDT,BINANCE,TRADE,64031.7,0.00157
2026-07-30 13:50:14,BTCUSDT,BINANCE,TRADE,64031.7,0.00468
2026-07-30 13:50:14,BTCUSDT,BINANCE,TRADE,64031.7,0.00312
2026-07-30 13:50:15,BTCUSDT,BINANCE,TRADE,64031.7,0.00024
2026-07-30 13:50:15,BTCUSDT,BINANCE,TRADE,64031.7,0.00515
2026-07-30 13:50:15,SOLUSDT,BINANCE,TRADE,73.44,0.563
2026-07-30 13:50:15,BTCUSDT,BINANCE,TRADE,64031.7,0.00021
2026-07-30 13:50:15,BTCUSDT,BINANCE,TRADE,64031.7,0.00023
2026-07-30 13:50:15,BTCUSDT,BINANCE,TRADE,64031.7,0.00082
2026-07-30 13:50:15,ETHUSDT,BINANCE,TRADE,1905.36,0.003
2026-07-30 13:50:15,ETHUSDT,BINANCE,TRADE,1905.36,0.0027
2026-07-30 13:50:15,ETHUSDT,BINANCE,TRADE,1905.36,0.0027
2026-07-30 13:50:15,ETHUSDT,BINANCE,TRADE,1905.36,0.0027
2026-07-30 13:50:15,ETHUSDT,BINANCE,TRADE,1905.36,0.0025
2026-07-30 13:50:15,BTCUSDT,BINANCE,TRADE,64031.7,0.00031
2026-07-30 13:50:15,BTCUSDT,BINANCE,TRADE,64031.7,0.00021
2026-07-30 13:50:15,BTCUSDT,BINANCE,TRADE,64031.7,0.00037
2026-07-30 13:50:15,BTCUSDT,BINANCE,TRADE,64031.7,0.00188
2026-07-30 13:50:15,BTCUSDT,BINANCE,TRADE,64031.7,0.00017
2026-07-30 13:50:15,ETHUSDT,BINANCE,TRADE,1905.35,0.0548
2026-07-30 13:50:15,BTCUSDT,BINANCE,TRADE,64031.7,0.00029
2026-07-30 13:50:15,ETHUSDT,BINANCE,TRADE,1905.35,0.0472
2026-07-30 13:50:15,ETHUSDT,BINANCE,TRADE,1905.36,0.0002
2026-07-30 13:50:15,ETHUSDT,BINANCE,TRADE,1905.36,0.0214
2026-07-30 13:50:15,ETHUSDT,BINANCE,TRADE,1905.36,0.0049
2026-07-30 13:50:15,BTCUSDT,BINANCE,TRADE,64031.7,0.00043
2026-07-30 13:50:15,BTCUSDT,BINANCE,TRADE,64031.7,0.0013
2026-07-30 13:50:15,ETHUSDT,BINANCE,TRADE,1905.36,0.0109
2026-07-30 13:50:15,BTCUSDT,BINANCE,TRADE,64031.7,0.00024
2026-07-30 13:50:15,ETHUSDT,BINANCE,TRADE,1905.35,0.2099
2026-07-30 13:50:15,BTCUSDT,BINANCE,TRADE,64031.7,0.00509
2026-07-30 13:50:15,BTCUSDT,BINANCE,TRADE,64031.7,0.00822
2026-07-30 13:50:15,BTCUSDT,BINANCE,TRADE,64031.7,0.00025
2026-07-30 13:50:15,BTCUSDT,BINANCE,TRADE,64031.7,0.00126
2026-07-30 13:50:15,BTCUSDT,BINANCE,TRADE,64031.7,0.00029
2026-07-30 13:50:15,BTCUSDT,BINANCE,TRADE,64031.7,0.00029
2026-07-30 13:50:15,BTCUSDT,BINANCE,TRADE,64031.7,0.03867
2026-07-30 13:50:15,BTCUSDT,BINANCE,TRADE,64031.7,0.0013
2026-07-30 13:50:15,BTCUSDT,BINANCE,TRADE,64031.7,0.00014
2026-07-30 13:50:15,BTCUSDT,BINANCE,TRADE,64031.7,0.00192
2026-07-30 13:50:15,BTCUSDT,BINANCE,TRADE,64031.7,0.0001
2026-07-30 13:50:15,BTCUSDT,BINANCE,TRADE,64031.7,8e-05
2026-07-30 13:50:15,BTCUSDT,BINANCE,TRADE,64031.7,0.00045
2026-07-30 13:50:15,SOLUSDT,BINANCE,TRADE,73.44,4.522
2026-07-30 13:50:15,SOLUSDT,BINANCE,TRADE,73.44,0.277
2026-07-30 13:50:15,SOLUSDT,BINANCE,TRADE,73.44,0.072
2026-07-30 13:50:15,SOLUSDT,BINANCE,TRADE,73.44,0.137
2026-07-30 13:50:15,SOLUSDT,BINANCE,TRADE,73.44,0.069
2026-07-30 13:50:15,SOLUSDT,BINANCE,TRADE,73.44,20.448
2026-07-30 13:50:15,SOLUSDT,BINANCE,TRADE,73.44,0.072
2026-07-30 13:50:15,SOLUSDT,BINANCE,TRADE,73.44,0.075
2026-07-30 13:50:15,SOLUSDT,BINANCE,TRADE,73.44,0.497
2026-07-30 13:50:15,SOLUSDT,BINANCE,TRADE,73.44,4.461
2026-07-30 13:50:15,SOLUSDT,BINANCE,TRADE,73.44,0.072
2026-07-30 13:50:15,SOLUSDT,BINANCE,TRADE,73.44,0.072
2026-07-30 13:50:15,SOLUSDT,BINANCE,TRADE,73.44,0.272
2026-07-30 13:50:15,SOLUSDT,BINANCE,TRADE,73.44,5.314
2026-07-30 13:50:15,SOLUSDT,BINANCE,TRADE,73.44,0.07
2026-07-30 13:50:15,SOLUSDT,BINANCE,TRADE,73.44,0.5
2026-07-30 13:50:15,SOLUSDT,BINANCE,TRADE,73.44,4.461
2026-07-30 13:50:15,SOLUSDT,BINANCE,TRADE,73.44,0.072
2026-07-30 13:50:15,SOLUSDT,BINANCE,TRADE,73.44,4.461
2026-07-30 13:50:15,SOLUSDT,BINANCE,TRADE,73.44,4.461
2026-07-30 13:50:15,SOLUSDT,BINANCE,TRADE,73.44,4.461
2026-07-30 13:50:15,SOLUSDT,BINANCE,TRADE,73.44,4.461
2026-07-30 13:50:15,SOLUSDT,BINANCE,TRADE,73.44,4.461
2026-07-30 13:50:15,SOLUSDT,BINANCE,TRADE,73.44,4.461
2026-07-30 13:50:15,SOLUSDT,BINANCE,TRADE,73.44,4.461
2026-07-30 13:50:15,SOLUSDT,BINANCE,TRADE,73.44,4.461
2026-07-30 13:50:15,SOLUSDT,BINANCE,TRADE,73.44,4.461
2026-07-30 13:50:15,SOLUSDT,BINANCE,TRADE,73.44,4.461
2026-07-30 13:50:15,SOLUSDT,BINANCE,TRADE,73.44,4.461
2026-07-30 13:50:15,SOLUSDT,BINANCE,TRADE,73.44,4.461
2026-07-30 13:50:15,SOLUSDT,BINANCE,TRADE,73.44,4.461
2026-07-30 13:50:15,SOLUSDT,BINANCE,TRADE,73.44,4.461
2026-07-30 13:50:15,SOLUSDT,BINANCE,TRADE,73.44,4.461
2026-07-30 13:50:15,SOLUSDT,BINANCE,TRADE,73.44,4.461
2026-07-30 13:50:15,SOLUSDT,BINANCE,TRADE,73.44,4.461
2026-07-30 13:50:15,SOLUSDT,BINANCE,TRADE,73.44,4.461
2026-07-30 13:50:15,SOLUSDT,BINANCE,TRADE,73.44,4.461
2026-07-30 13:50:15,SOLUSDT,BINANCE,TRADE,73.44,4.461
2026-07-30 13:50:15,SOLUSDT,BINANCE,TRADE,73.44,4.461
2026-07-30 13:50:15,SOLUSDT,BINANCE,TRADE,73.44,4.461
2026-07-30 13:50:15,SOLUSDT,BINANCE,TRADE,73.44,4.461
2026-07-30 13:50:15,SOLUSDT,BINANCE,TRADE,73.44,4.461
2026-07-30 13:50:15,SOLUSDT,BINANCE,TRADE,73.44,4.461
2026-07-30 13:50:15,SOLUSDT,BINANCE,TRADE,73.44,4.461
2026-07-30 13:50:15,SOLUSDT,BINANCE,TRADE,73.44,4.461
2026-07-30 13:50:15,SOLUSDT,BINANCE,TRADE,73.44,4.461
2026-07-30 13:50:15,SOLUSDT,BINANCE,TRADE,73.44,4.461
2026-07-30 13:50:15,SOLUSDT,BINANCE,TRADE,73.44,4.461
2026-07-30 13:50:15,SOLUSDT,BINANCE,TRADE,73.44,4.461
2026-07-30 13:50:15,SOLUSDT,BINANCE,TRADE,73.44,4.461
2026-07-30 13:50:15,SOLUSDT,BINANCE,TRADE,73.44,4.461
2026-07-30 13:50:15,SOLUSDT,BINANCE,TRADE,73.44,3.217
2026-07-30 13:50:15,BTCUSDT,BINANCE,TRADE,64031.7,0.00102
2026-07-30 13:50:15,BTCUSDT,BINANCE,TRADE,64031.7,0.00057
2026-07-30 13:50:15,ETHUSDT,BINANCE,TRADE,1905.35,0.2099
2026-07-30 13:50:15,BTCUSDT,BINANCE,TRADE,64031.7,0.002
2026-07-30 13:50:15,BTCUSDT,BINANCE,TRADE,64031.7,0.00102
2026-07-30 13:50:15,BTCUSDT,BINANCE,TRADE,64031.7,0.00055
2026-07-30 13:50:15,BTCUSDT,BINANCE,TRADE,64031.7,0.01563
2026-07-30 13:50:15,BTCUSDT,BINANCE,TRADE,64031.7,0.00031
2026-07-30 13:50:15,ETHUSDT,BINANCE,TRADE,1905.36,0.0027
2026-07-30 13:50:15,ETHUSDT,BINANCE,TRADE,1905.36,0.0027
2026-07-30 13:50:15,ETHUSDT,BINANCE,TRADE,1905.36,0.0027
2026-07-30 13:50:15,ETHUSDT,BINANCE,TRADE,1905.36,0.0027
2026-07-30 13:50:15,ETHUSDT,BINANCE,TRADE,1905.36,0.0028
2026-07-30 13:50:15,ETHUSDT,BINANCE,TRADE,1905.36,0.0027
2026-07-30 13:50:15,ETHUSDT,BINANCE,TRADE,1905.36,0.0027
2026-07-30 13:50:15,ETHUSDT,BINANCE,TRADE,1905.36,0.0028
2026-07-30 13:50:15,ETHUSDT,BINANCE,TRADE,1905.36,0.0027
2026-07-30 13:50:15,ETHUSDT,BINANCE,TRADE,1905.36,0.0027
2026-07-30 13:50:15,ETHUSDT,BINANCE,TRADE,1905.36,0.0027
2026-07-30 13:50:15,ETHUSDT,BINANCE,TRADE,1905.36,0.0027
2026-07-30 13:50:15,ETHUSDT,BINANCE,TRADE,1905.36,0.021
2026-07-30 13:50:15,ETHUSDT,BINANCE,TRADE,1905.36,0.0027
2026-07-30 13:50:15,ETHUSDT,BINANCE,TRADE,1905.36,0.0027
2026-07-30 13:50:15,ETHUSDT,BINANCE,TRADE,1905.36,0.0027
2026-07-30 13:50:15,ETHUSDT,BINANCE,TRADE,1905.36,0.0027
2026-07-30 13:50:15,ETHUSDT,BINANCE,TRADE,1905.36,0.0027
2026-07-30 13:50:15,ETHUSDT,BINANCE,TRADE,1905.36,0.0027
2026-07-30 13:50:15,ETHUSDT,BINANCE,TRADE,1905.36,0.0027
2026-07-30 13:50:15,ETHUSDT,BINANCE,TRADE,1905.36,0.0027
2026-07-30 13:50:15,ETHUSDT,BINANCE,TRADE,1905.36,0.0027
2026-07-30 13:50:15,ETHUSDT,BINANCE,TRADE,1905.36,0.0027
2026-07-30 13:50:15,ETHUSDT,BINANCE,TRADE,1905.36,0.0027
2026-07-30 13:50:15,ETHUSDT,BINANCE,TRADE,1905.36,0.0027
2026-07-30 13:50:15,ETHUSDT,BINANCE,TRADE,1905.36,0.0027
2026-07-30 13:50:15,ETHUSDT,BINANCE,TRADE,1905.37,0.0027
2026-07-30 13:50:15,ETHUSDT,BINANCE,TRADE,1905.37,0.0027
2026-07-30 13:50:15,ETHUSDT,BINANCE,TRADE,1905.37,0.0027
2026-07-30 13:50:15,ETHUSDT,BINANCE,TRADE,1905.37,0.0028
2026-07-30 13:50:15,ETHUSDT,BINANCE,TRADE,1905.38,0.0028
2026-07-30 13:50:15,ETHUSDT,BINANCE,TRADE,1905.39,0.0027
2026-07-30 13:50:15,ETHUSDT,BINANCE,TRADE,1905.39,0.0028
2026-07-30 13:50:15,ETHUSDT,BINANCE,TRADE,1905.39,0.0028
2026-07-30 13:50:15,ETHUSDT,BINANCE,TRADE,1905.39,0.0028
2026-07-30 13:50:15,ETHUSDT,BINANCE,TRADE,1905.39,0.0027
2026-07-30 13:50:15,ETHUSDT,BINANCE,TRADE,1905.39,0.0028
2026-07-30 13:50:15,BTCUSDT,BINANCE,TRADE,64031.7,0.01874
2026-07-30 13:50:15,BTCUSDT,BINANCE,TRADE,64031.7,0.00157
2026-07-30 13:50:16,BTCUSDT,BINANCE,TRADE,64031.7,0.00118
2026-07-30 13:50:16,BTCUSDT,BINANCE,TRADE,64031.7,0.00137
2026-07-30 13:50:16,ETHUSDT,BINANCE,TRADE,1905.4,0.05
2026-07-30 13:50:16,ETHUSDT,BINANCE,TRADE,1905.4,0.0022
2026-07-30 13:50:16,BTCUSDT,BINANCE,TRADE,64031.7,0.00101
2026-07-30 13:50:16,BTCUSDT,BINANCE,TRADE,64031.7,0.00029
2026-07-30 13:50:16,ETHUSDT,BINANCE,TRADE,1905.4,0.0005
2026-07-30 13:50:16,ETHUSDT,BINANCE,TRADE,1905.4,0.0028
2026-07-30 13:50:16,ETHUSDT,BINANCE,TRADE,1905.4,0.0028
2026-07-30 13:50:16,ETHUSDT,BINANCE,TRADE,1905.4,0.0028
2026-07-30 13:50:16,ETHUSDT,BINANCE,TRADE,1905.4,0.0249
2026-07-30 13:50:16,ETHUSDT,BINANCE,TRADE,1905.4,0.0082
2026-07-30 13:50:16,BTCUSDT,BINANCE,TRADE,64031.7,0.00521
2026-07-30 13:50:16,BTCUSDT,BINANCE,TRADE,64031.7,0.00029
2026-07-30 13:50:16,BTCUSDT,BINANCE,TRADE,64031.7,0.00101
2026-07-30 13:50:16,ETHUSDT,BINANCE,TRADE,1905.4,0.0027
2026-07-30 13:50:16,ETHUSDT,BINANCE,TRADE,1905.4,0.0027
2026-07-30 13:50:16,ETHUSDT,BINANCE,TRADE,1905.4,0.0027
2026-07-30 13:50:16,ETHUSDT,BINANCE,TRADE,1905.4,0.0027
2026-07-30 13:50:16,ETHUSDT,BINANCE,TRADE,1905.4,0.0027
2026-07-30 13:50:16,ETHUSDT,BINANCE,TRADE,1905.4,0.0053
2026-07-30 13:50:16,ETHUSDT,BINANCE,TRADE,1905.4,0.0027
2026-07-30 13:50:16,ETHUSDT,BINANCE,TRADE,1905.4,0.0027
2026-07-30 13:50:16,ETHUSDT,BINANCE,TRADE,1905.4,0.0028
2026-07-30 13:50:16,ETHUSDT,BINANCE,TRADE,1905.4,0.0027
2026-07-30 13:50:16,ETHUSDT,BINANCE,TRADE,1905.4,0.0027
2026-07-30 13:50:16,ETHUSDT,BINANCE,TRADE,1905.4,0.0027
2026-07-30 13:50:16,ETHUSDT,BINANCE,TRADE,1905.4,0.0027
2026-07-30 13:50:16,ETHUSDT,BINANCE,TRADE,1905.4,0.0028
2026-07-30 13:50:16,ETHUSDT,BINANCE,TRADE,1905.4,0.0028
2026-07-30 13:50:16,ETHUSDT,BINANCE,TRADE,1905.4,0.0028
2026-07-30 13:50:16,ETHUSDT,BINANCE,TRADE,1905.4,0.0027
2026-07-30 13:50:16,ETHUSDT,BINANCE,TRADE,1905.4,0.0028
2026-07-30 13:50:16,ETHUSDT,BINANCE,TRADE,1905.4,0.0027
2026-07-30 13:50:16,ETHUSDT,BINANCE,TRADE,1905.4,0.0027
2026-07-30 13:50:16,ETHUSDT,BINANCE,TRADE,1905.4,0.2099
2026-07-30 13:50:16,BTCUSDT,BINANCE,TRADE,64031.7,0.00306
2026-07-30 13:50:16,BTCUSDT,BINANCE,TRADE,64031.7,0.0013
2026-07-30 13:50:16,ETHUSDT,BINANCE,TRADE,1905.41,0.0128
2026-07-30 13:50:16,BTCUSDT,BINANCE,TRADE,64031.7,0.00032
2026-07-30 13:50:16,BTCUSDT,BINANCE,TRADE,64031.7,0.0003
2026-07-30 13:50:16,BTCUSDT,BINANCE,TRADE,64031.7,0.01063
2026-07-30 13:50:16,BTCUSDT,BINANCE,TRADE,64031.7,0.00027
2026-07-30 13:50:16,BTCUSDT,BINANCE,TRADE,64031.7,0.00098
2026-07-30 13:50:16,BTCUSDT,BINANCE,TRADE,64031.7,0.00016
2026-07-30 13:50:16,BTCUSDT,BINANCE,TRADE,64031.7,0.00129
2026-07-30 13:50:16,BTCUSDT,BINANCE,TRADE,64031.7,0.00047
2026-07-30 13:50:16,BTCUSDT,BINANCE,TRADE,64031.7,0.00281
2026-07-30 13:50:16,BTCUSDT,BINANCE,TRADE,64031.7,0.0001
2026-07-30 13:50:16,BTCUSDT,BINANCE,TRADE,64031.7,0.00021
2026-07-30 13:50:16,BTCUSDT,BINANCE,TRADE,64031.7,0.00157
2026-07-30 13:50:16,BTCUSDT,BINANCE,TRADE,64031.7,0.00098
2026-07-30 13:50:16,ETHUSDT,BINANCE,TRADE,1905.4,0.0216
2026-07-30 13:50:16,BTCUSDT,BINANCE,TRADE,64031.7,0.0013
2026-07-30 13:50:16,BTCUSDT,BINANCE,TRADE,64031.7,0.00038
2026-07-30 13:50:16,BTCUSDT,BINANCE,TRADE,64031.7,0.00033
2026-07-30 13:50:16,BTCUSDT,BINANCE,TRADE,64031.7,0.00029
2026-07-30 13:50:16,BTCUSDT,BINANCE,TRADE,64031.7,0.00101
2026-07-30 13:50:16,BTCUSDT,BINANCE,TRADE,64031.7,0.00135
2026-07-30 13:50:16,BTCUSDT,BINANCE,TRADE,64031.7,0.00151
2026-07-30 13:50:16,BTCUSDT,BINANCE,TRADE,64031.7,8e-05
2026-07-30 13:50:16,BTCUSDT,BINANCE,TRADE,64031.7,0.00101
2026-07-30 13:50:16,BTCUSDT,BINANCE,TRADE,64031.7,0.00049
2026-07-30 13:50:16,BTCUSDT,BINANCE,TRADE,64031.7,0.00021
2026-07-30 13:50:16,BTCUSDT,BINANCE,TRADE,64031.7,0.00499
2026-07-30 13:50:16,ETHUSDT,BINANCE,TRADE,1905.4,0.2099
2026-07-30 13:50:16,ETHUSDT,BINANCE,TRADE,1905.41,0.0349
2026-07-30 13:50:16,BTCUSDT,BINANCE,TRADE,64031.7,0.00082
2026-07-30 13:50:16,ETHUSDT,BINANCE,TRADE,1905.4,0.0109
2026-07-30 13:50:16,BTCUSDT,BINANCE,TRADE,64031.7,0.00055
2026-07-30 13:50:16,BTCUSDT,BINANCE,TRADE,64031.7,0.0013
2026-07-30 13:50:16,BTCUSDT,BINANCE,TRADE,64031.7,0.00017
2026-07-30 13:50:16,ETHUSDT,BINANCE,TRADE,1905.4,0.0536
2026-07-30 13:50:16,BTCUSDT,BINANCE,TRADE,64031.7,8e-05
2026-07-30 13:50:16,BTCUSDT,BINANCE,TRADE,64031.7,0.00029
2026-07-30 13:50:16,ETHUSDT,BINANCE,TRADE,1905.4,0.0067
2026-07-30 13:50:17,BTCUSDT,BINANCE,TRADE,64031.7,0.00014
2026-07-30 13:50:17,BTCUSDT,BINANCE,TRADE,64031.7,0.01563
2026-07-30 13:50:17,BTCUSDT,BINANCE,TRADE,64031.7,0.0014
2026-07-30 13:50:17,BTCUSDT,BINANCE,TRADE,64031.7,0.00038
2026-07-30 13:50:17,BTCUSDT,BINANCE,TRADE,64031.7,0.0002
2026-07-30 13:50:17,BTCUSDT,BINANCE,TRADE,64031.7,0.00065
2026-07-30 13:50:17,BTCUSDT,BINANCE,TRADE,64031.7,0.00015
2026-07-30 13:50:17,BTCUSDT,BINANCE,TRADE,64031.7,0.00015
2026-07-30 13:50:17,BTCUSDT,BINANCE,TRADE,64031.7,0.00027
2026-07-30 13:50:17,BTCUSDT,BINANCE,TRADE,64031.7,0.0013
2026-07-30 13:50:17,BTCUSDT,BINANCE,TRADE,64031.7,0.00025
2026-07-30 13:50:17,BTCUSDT,BINANCE,TRADE,64031.7,0.00064
2026-07-30 13:50:17,BTCUSDT,BINANCE,TRADE,64031.7,0.00029
2026-07-30 13:50:17,BTCUSDT,BINANCE,TRADE,64031.7,0.00537
2026-07-30 13:50:17,BTCUSDT,BINANCE,TRADE,64031.7,0.00027
2026-07-30 13:50:17,BTCUSDT,BINANCE,TRADE,64031.7,0.00029
2026-07-30 13:50:17,BTCUSDT,BINANCE,TRADE,64031.7,0.00026
2026-07-30 13:50:17,BTCUSDT,BINANCE,TRADE,64031.7,0.00079
2026-07-30 13:50:17,SOLUSDT,BINANCE,TRADE,73.44,4.518
2026-07-30 13:50:17,SOLUSDT,BINANCE,TRADE,73.44,0.636
2026-07-30 13:50:17,SOLUSDT,BINANCE,TRADE,73.44,4.846
2026-07-30 13:50:17,SOLUSDT,BINANCE,TRADE,73.44,16.43
2026-07-30 13:50:17,BTCUSDT,BINANCE,TRADE,64031.7,0.00521
2026-07-30 13:50:17,ETHUSDT,BINANCE,TRADE,1905.41,0.0216
2026-07-30 13:50:17,BTCUSDT,BINANCE,TRADE,64031.7,0.00031
2026-07-30 13:50:17,BTCUSDT,BINANCE,TRADE,64031.7,0.00015
2026-07-30 13:50:17,BTCUSDT,BINANCE,TRADE,64031.7,0.00021
2026-07-30 13:50:17,BTCUSDT,BINANCE,TRADE,64031.7,0.00196
2026-07-30 13:50:17,BTCUSDT,BINANCE,TRADE,64031.7,0.00118
2026-07-30 13:50:17,BTCUSDT,BINANCE,TRADE,64031.7,0.0013
2026-07-30 13:50:17,BTCUSDT,BINANCE,TRADE,64031.7,0.00029
2026-07-30 13:50:17,BTCUSDT,BINANCE,TRADE,64031.7,0.00032
2026-07-30 13:50:17,BTCUSDT,BINANCE,TRADE,64031.7,0.01213
2026-07-30 13:50:17,ETHUSDT,BINANCE,TRADE,1905.4,0.0338
2026-07-30 13:50:17,BTCUSDT,BINANCE,TRADE,64031.7,0.00822
2026-07-30 13:50:17,BTCUSDT,BINANCE,TRADE,64031.7,0.00043
2026-07-30 13:50:17,BTCUSDT,BINANCE,TRADE,64031.7,0.00195
2026-07-30 13:50:17,BTCUSDT,BINANCE,TRADE,64031.7,0.00499
2026-07-30 13:50:17,BTCUSDT,BINANCE,TRADE,64031.7,0.00188
2026-07-30 13:50:17,BTCUSDT,BINANCE,TRADE,64031.7,0.00047
2026-07-30 13:50:17,BTCUSDT,BINANCE,TRADE,64031.7,0.00096
2026-07-30 13:50:17,ETHUSDT,BINANCE,TRADE,1905.41,0.0269
2026-07-30 13:50:17,BTCUSDT,BINANCE,TRADE,64031.7,0.0004
2026-07-30 13:50:17,ETHUSDT,BINANCE,TRADE,1905.4,0.2039
2026-07-30 13:50:17,BTCUSDT,BINANCE,TRADE,64031.7,0.0013
2026-07-30 13:50:17,BTCUSDT,BINANCE,TRADE,64031.7,0.00021
2026-07-30 13:50:17,BTCUSDT,BINANCE,TRADE,64031.7,0.00096
2026-07-30 13:50:17,ETHUSDT,BINANCE,TRADE,1905.41,0.0109
2026-07-30 13:50:17,BTCUSDT,BINANCE,TRADE,64031.7,0.00025
2026-07-30 13:50:18,BTCUSDT,BINANCE,TRADE,64031.7,0.004
2026-07-30 13:50:18,BTCUSDT,BINANCE,TRADE,64031.7,0.00098
2026-07-30 13:50:18,BTCUSDT,BINANCE,TRADE,64031.7,0.00029
2026-07-30 13:50:18,BTCUSDT,BINANCE,TRADE,64031.7,0.00167
2026-07-30 13:50:18,SOLUSDT,BINANCE,TRADE,73.44,16.192
2026-07-30 13:50:18,SOLUSDT,BINANCE,TRADE,73.44,11.048
2026-07-30 13:50:18,BTCUSDT,BINANCE,TRADE,64031.7,0.01563
2026-07-30 13:50:18,ETHUSDT,BINANCE,TRADE,1905.41,0.0472
2026-07-30 13:50:18,BTCUSDT,BINANCE,TRADE,64031.7,0.00515
2026-07-30 13:50:18,ETHUSDT,BINANCE,TRADE,1905.4,0.0048
2026-07-30 13:50:18,BTCUSDT,BINANCE,TRADE,64031.7,0.00164
2026-07-30 13:50:18,BTCUSDT,BINANCE,TRADE,64031.7,0.00098
2026-07-30 13:50:18,BTCUSDT,BINANCE,TRADE,64031.7,0.00029
2026-07-30 13:50:18,BTCUSDT,BINANCE,TRADE,64031.7,8e-05
2026-07-30 13:50:18,BTCUSDT,BINANCE,TRADE,64031.7,0.00157
2026-07-30 13:50:18,BTCUSDT,BINANCE,TRADE,64031.7,0.0013
2026-07-30 13:50:18,BTCUSDT,BINANCE,TRADE,64031.7,0.00031
2026-07-30 13:50:18,ETHUSDT,BINANCE,TRADE,1905.4,0.0522
2026-07-30 13:50:18,BTCUSDT,BINANCE,TRADE,64031.7,0.00468
2026-07-30 13:50:18,BTCUSDT,BINANCE,TRADE,64031.7,0.00055
2026-07-30 13:50:18,BTCUSDT,BINANCE,TRADE,64031.7,0.00016
2026-07-30 13:50:18,BTCUSDT,BINANCE,TRADE,64031.7,0.01063
2026-07-30 13:50:18,BTCUSDT,BINANCE,TRADE,64031.7,0.00029
2026-07-30 13:50:18,BTCUSDT,BINANCE,TRADE,64031.7,0.00029
2026-07-30 13:50:18,ETHUSDT,BINANCE,TRADE,1905.4,0.0082
2026-07-30 13:50:18,BTCUSDT,BINANCE,TRADE,64031.7,0.00017
2026-07-30 13:50:18,BTCUSDT,BINANCE,TRADE,64031.7,0.00168
2026-07-30 13:50:18,BTCUSDT,BINANCE,TRADE,64031.7,0.0013
2026-07-30 13:50:18,BTCUSDT,BINANCE,TRADE,64031.7,0.01874
2026-07-30 13:50:18,BTCUSDT,BINANCE,TRADE,64031.7,0.00024
2026-07-30 13:50:18,BTCUSDT,BINANCE,TRADE,64031.7,0.00209
2026-07-30 13:50:18,BTCUSDT,BINANCE,TRADE,64031.7,0.00037
2026-07-30 13:50:18,BTCUSDT,BINANCE,TRADE,64031.7,0.00016
2026-07-30 13:50:18,BTCUSDT,BINANCE,TRADE,64031.7,0.00027
2026-07-30 13:50:18,BTCUSDT,BINANCE,TRADE,64031.7,0.00149
2026-07-30 13:50:18,ETHUSDT,BINANCE,TRADE,1905.41,0.0027
2026-07-30 13:50:18,ETHUSDT,BINANCE,TRADE,1905.41,0.0003
2026-07-30 13:50:18,BTCUSDT,BINANCE,TRADE,64031.7,0.00509
2026-07-30 13:50:18,BTCUSDT,BINANCE,TRADE,64031.7,0.00499
2026-07-30 13:50:18,SOLUSDT,BINANCE,TRADE,73.44,0.81
2026-07-30 13:50:18,SOLUSDT,BINANCE,TRADE,73.44,0.82
2026-07-30 13:50:18,SOLUSDT,BINANCE,TRADE,73.44,10
2026-07-30 13:50:18,SOLUSDT,BINANCE,TRADE,73.44,0.28
2026-07-30 13:50:18,BTCUSDT,BINANCE,TRADE,64031.7,0.00014
2026-07-30 13:50:18,BTCUSDT,BINANCE,TRADE,64031.7,0.00032
2026-07-30 13:50:18,BTCUSDT,BINANCE,TRADE,64031.7,0.00309
2026-07-30 13:50:18,BTCUSDT,BINANCE,TRADE,64031.7,0.00065
2026-07-30 13:50:18,BTCUSDT,BINANCE,TRADE,64031.7,0.0013
2026-07-30 13:50:19,BTCUSDT,BINANCE,TRADE,64031.7,0.00037
2026-07-30 13:50:19,BTCUSDT,BINANCE,TRADE,64031.7,0.00021
2026-07-30 13:50:19,BTCUSDT,BINANCE,TRADE,64031.7,0.0018
2026-07-30 13:50:19,BTCUSDT,BINANCE,TRADE,64031.7,0.00118
2026-07-30 13:50:19,BTCUSDT,BINANCE,TRADE,64031.7,0.00029
2026-07-30 13:50:19,BTCUSDT,BINANCE,TRADE,64031.7,0.00029
2026-07-30 13:50:19,BTCUSDT,BINANCE,TRADE,64031.7,0.00537
2026-07-30 13:50:19,BTCUSDT,BINANCE,TRADE,64031.7,0.00047
2026-07-30 13:50:19,BTCUSDT,BINANCE,TRADE,64031.7,0.01563
2026-07-30 13:50:19,BTCUSDT,BINANCE,TRADE,64031.7,0.00059
2026-07-30 13:50:19,BTCUSDT,BINANCE,TRADE,64031.7,0.0013
2026-07-30 13:50:19,BTCUSDT,BINANCE,TRADE,64031.7,0.00156
2026-07-30 13:50:19,BTCUSDT,BINANCE,TRADE,64031.7,0.00521
2026-07-30 13:50:19,BTCUSDT,BINANCE,TRADE,64031.7,0.00157
2026-07-30 13:50:19,BTCUSDT,BINANCE,TRADE,64031.7,8e-05
2026-07-30 13:50:19,BTCUSDT,BINANCE,TRADE,64031.7,0.01353
2026-07-30 13:50:19,ETHUSDT,BINANCE,TRADE,1905.4,0.0109
2026-07-30 13:50:19,BTCUSDT,BINANCE,TRADE,64031.7,0.00137
2026-07-30 13:50:19,BTCUSDT,BINANCE,TRADE,64031.7,0.00029
2026-07-30 13:50:19,BTCUSDT,BINANCE,TRADE,64031.7,0.00027
2026-07-30 13:50:19,BTCUSDT,BINANCE,TRADE,64031.7,0.00066
2026-07-30 13:50:19,ETHUSDT,BINANCE,TRADE,1905.41,0.0025
2026-07-30 13:50:19,ETHUSDT,BINANCE,TRADE,1905.41,0.0053
2026-07-30 13:50:19,ETHUSDT,BINANCE,TRADE,1905.41,0.0027
2026-07-30 13:50:19,ETHUSDT,BINANCE,TRADE,1905.41,0.0027
2026-07-30 13:50:19,ETHUSDT,BINANCE,TRADE,1905.41,0.0028
2026-07-30 13:50:19,ETHUSDT,BINANCE,TRADE,1905.41,0.0027
2026-07-30 13:50:19,ETHUSDT,BINANCE,TRADE,1905.41,0.0027
2026-07-30 13:50:19,ETHUSDT,BINANCE,TRADE,1905.41,0.0124
2026-07-30 13:50:19,BTCUSDT,BINANCE,TRADE,64031.7,0.00025
2026-07-30 13:50:19,BTCUSDT,BINANCE,TRADE,64031.7,0.00139
2026-07-30 13:50:19,BTCUSDT,BINANCE,TRADE,64031.7,0.00126
2026-07-30 13:50:19,ETHUSDT,BINANCE,TRADE,1905.41,0.085
2026-07-30 13:50:19,BTCUSDT,BINANCE,TRADE,64031.7,0.00038
2026-07-30 13:50:19,BTCUSDT,BINANCE,TRADE,64031.7,0.00015
2026-07-30 13:50:19,BTCUSDT,BINANCE,TRADE,64031.7,0.00135
2026-07-30 13:50:19,BTCUSDT,BINANCE,TRADE,64031.7,0.0013
2026-07-30 13:50:19,BTCUSDT,BINANCE,TRADE,64031.7,0.00029
2026-07-30 13:50:19,BTCUSDT,BINANCE,TRADE,64031.7,0.00157
2026-07-30 13:50:19,BTCUSDT,BINANCE,TRADE,64031.7,0.00515
2026-07-30 13:50:19,BTCUSDT,BINANCE,TRADE,64031.7,0.003
2026-07-30 13:50:19,ETHUSDT,BINANCE,TRADE,1905.4,0.0089
2026-07-30 13:50:19,BTCUSDT,BINANCE,TRADE,64031.7,0.02378
2026-07-30 13:50:19,BTCUSDT,BINANCE,TRADE,64031.7,0.00021
2026-07-30 13:50:19,BTCUSDT,BINANCE,TRADE,64031.7,0.00281
2026-07-30 13:50:19,BTCUSDT,BINANCE,TRADE,64031.7,0.00057
2026-07-30 13:50:19,BTCUSDT,BINANCE,TRADE,64031.7,0.00499
2026-07-30 13:50:19,BTCUSDT,BINANCE,TRADE,64031.7,0.0003
2026-07-30 13:50:19,BTCUSDT,BINANCE,TRADE,64031.7,8e-05
2026-07-30 13:50:19,BTCUSDT,BINANCE,TRADE,64031.7,0.00043
2026-07-30 13:50:19,BTCUSDT,BINANCE,TRADE,64031.7,0.001
2026-07-30 13:50:19,BTCUSDT,BINANCE,TRADE,64031.7,0.0013
2026-07-30 13:50:19,BTCUSDT,BINANCE,TRADE,64031.7,0.00029
2026-07-30 13:50:20,BTCUSDT,BINANCE,TRADE,64031.7,0.00032
2026-07-30 13:50:20,BTCUSDT,BINANCE,TRADE,64031.7,0.00017
2026-07-30 13:50:20,ETHUSDT,BINANCE,TRADE,1905.4,0.0264
2026-07-30 13:50:20,BTCUSDT,BINANCE,TRADE,64031.7,0.01874
2026-07-30 13:50:20,BTCUSDT,BINANCE,TRADE,64031.7,0.00025
2026-07-30 13:50:20,BTCUSDT,BINANCE,TRADE,64031.7,0.0013
2026-07-30 13:50:20,BTCUSDT,BINANCE,TRADE,64031.7,0.00188
2026-07-30 13:50:20,BTCUSDT,BINANCE,TRADE,64031.7,0.0001
2026-07-30 13:50:20,BTCUSDT,BINANCE,TRADE,64031.7,0.00055
2026-07-30 13:50:20,BTCUSDT,BINANCE,TRADE,64031.7,0.00021
2026-07-30 13:50:20,BTCUSDT,BINANCE,TRADE,64031.7,0.00015
2026-07-30 13:50:20,BTCUSDT,BINANCE,TRADE,64031.7,0.00196
2026-07-30 13:50:20,ETHUSDT,BINANCE,TRADE,1905.41,0.0522
2026-07-30 13:50:20,BTCUSDT,BINANCE,TRADE,64031.7,0.00029
2026-07-30 13:50:20,BTCUSDT,BINANCE,TRADE,64031.7,0.0013
2026-07-30 13:50:20,BTCUSDT,BINANCE,TRADE,64031.7,0.00029
2026-07-30 13:50:20,BTCUSDT,BINANCE,TRADE,64031.7,0.0003
2026-07-30 13:50:20,BTCUSDT,BINANCE,TRADE,64031.7,0.004
2026-07-30 13:50:20,BTCUSDT,BINANCE,TRADE,64031.7,0.00047
2026-07-30 13:50:20,BTCUSDT,BINANCE,TRADE,64031.7,0.00038
2026-07-30 13:50:20,BTCUSDT,BINANCE,TRADE,64031.7,0.00016
2026-07-30 13:50:20,BTCUSDT,BINANCE,TRADE,64031.7,0.00029
2026-07-30 13:50:20,ETHUSDT,BINANCE,TRADE,1905.41,0.0048
2026-07-30 13:50:20,ETHUSDT,BINANCE,TRADE,1905.4,0.0338
2026-07-30 13:50:20,BTCUSDT,BINANCE,TRADE,64031.7,0.01563
2026-07-30 13:50:20,ETHUSDT,BINANCE,TRADE,1905.41,0.0661
2026-07-30 13:50:20,BTCUSDT,BINANCE,TRADE,64031.7,0.00029
2026-07-30 13:50:20,ETHUSDT,BINANCE,TRADE,1905.41,0.0109
2026-07-30 13:50:20,BTCUSDT,BINANCE,TRADE,64031.7,0.00521
2026-07-30 13:50:20,BTCUSDT,BINANCE,TRADE,64031.7,0.00023
2026-07-30 13:50:20,BTCUSDT,BINANCE,TRADE,64031.7,0.00014
2026-07-30 13:50:20,BTCUSDT,BINANCE,TRADE,64031.7,0.00499
2026-07-30 13:50:20,BTCUSDT,BINANCE,TRADE,64031.7,0.00515
2026-07-30 13:50:20,BTCUSDT,BINANCE,TRADE,64031.7,0.00027
2026-07-30 13:50:20,BTCUSDT,BINANCE,TRADE,64031.7,0.00537
2026-07-30 13:50:20,ETHUSDT,BINANCE,TRADE,1905.4,0.0472
2026-07-30 13:50:21,BTCUSDT,BINANCE,TRADE,64031.7,0.0013
2026-07-30 13:50:21,BTCUSDT,BINANCE,TRADE,64031.7,0.00017
2026-07-30 13:50:21,BTCUSDT,BINANCE,TRADE,64031.7,0.00065
2026-07-30 13:50:21,ETHUSDT,BINANCE,TRADE,1905.4,0.0268
2026-07-30 13:50:21,BTCUSDT,BINANCE,TRADE,64031.7,0.00417
2026-07-30 13:50:21,BTCUSDT,BINANCE,TRADE,64031.7,0.00468
2026-07-30 13:50:21,BTCUSDT,BINANCE,TRADE,64031.7,0.00127
2026-07-30 13:50:21,BTCUSDT,BINANCE,TRADE,64031.7,0.00157
2026-07-30 13:50:21,BTCUSDT,BINANCE,TRADE,64031.7,0.0013
2026-07-30 13:50:21,ETHUSDT,BINANCE,TRADE,1905.4,0.0349
2026-07-30 13:50:21,BTCUSDT,BINANCE,TRADE,64031.7,0.00021
2026-07-30 13:50:21,BTCUSDT,BINANCE,TRADE,64031.7,8e-05
2026-07-30 13:50:21,BTCUSDT,BINANCE,TRADE,64031.7,0.01721
2026-07-30 13:50:21,BTCUSDT,BINANCE,TRADE,64031.7,0.00032
2026-07-30 13:50:21,ETHUSDT,BINANCE,TRADE,1905.41,0.0429
2026-07-30 13:50:21,BTCUSDT,BINANCE,TRADE,64031.7,0.00209
2026-07-30 13:50:21,BTCUSDT,BINANCE,TRADE,64031.7,0.00509
2026-07-30 13:50:21,BTCUSDT,BINANCE,TRADE,64031.7,0.00029
2026-07-30 13:50:21,BTCUSDT,BINANCE,TRADE,64031.7,0.00018
2026-07-30 13:50:21,BTCUSDT,BINANCE,TRADE,64031.7,0.003
2026-07-30 13:50:21,BTCUSDT,BINANCE,TRADE,64031.7,0.003
2026-07-30 13:50:21,BTCUSDT,BINANCE,TRADE,64031.7,0.003
2026-07-30 13:50:21,BTCUSDT,BINANCE,TRADE,64031.7,0.002
2026-07-30 13:50:21,BTCUSDT,BINANCE,TRADE,64031.7,0.003
2026-07-30 13:50:21,BTCUSDT,BINANCE,TRADE,64031.7,0.00029
2026-07-30 13:50:21,BTCUSDT,BINANCE,TRADE,64031.7,0.00064
2026-07-30 13:50:21,BTCUSDT,BINANCE,TRADE,64031.7,0.00108
2026-07-30 13:50:21,BTCUSDT,BINANCE,TRADE,64031.7,0.00111
2026-07-30 13:50:21,BTCUSDT,BINANCE,TRADE,64031.7,0.00027
2026-07-30 13:50:21,BTCUSDT,BINANCE,TRADE,64031.7,0.02327
2026-07-30 13:50:21,BTCUSDT,BINANCE,TRADE,64031.7,0.0013
2026-07-30 13:50:21,BTCUSDT,BINANCE,TRADE,64031.7,0.00118
2026-07-30 13:50:21,BTCUSDT,BINANCE,TRADE,64031.7,0.00025
2026-07-30 13:50:21,BTCUSDT,BINANCE,TRADE,64031.7,0.002
2026-07-30 13:50:21,ETHUSDT,BINANCE,TRADE,1905.41,0.0027
2026-07-30 13:50:21,ETHUSDT,BINANCE,TRADE,1905.41,0.021
2026-07-30 13:50:21,ETHUSDT,BINANCE,TRADE,1905.41,0.0027
2026-07-30 13:50:21,ETHUSDT,BINANCE,TRADE,1905.41,0.0027
2026-07-30 13:50:21,ETHUSDT,BINANCE,TRADE,1905.41,0.0027
2026-07-30 13:50:21,ETHUSDT,BINANCE,TRADE,1905.41,0.0027
2026-07-30 13:50:21,ETHUSDT,BINANCE,TRADE,1905.41,0.021
2026-07-30 13:50:21,ETHUSDT,BINANCE,TRADE,1905.41,0.021
2026-07-30 13:50:21,ETHUSDT,BINANCE,TRADE,1905.41,0.0028
2026-07-30 13:50:21,ETHUSDT,BINANCE,TRADE,1905.41,0.0028
2026-07-30 13:50:21,ETHUSDT,BINANCE,TRADE,1905.41,0.0053
2026-07-30 13:50:21,ETHUSDT,BINANCE,TRADE,1905.41,0.0027
2026-07-30 13:50:21,ETHUSDT,BINANCE,TRADE,1905.41,0.021
2026-07-30 13:50:21,ETHUSDT,BINANCE,TRADE,1905.41,0.0027
2026-07-30 13:50:21,ETHUSDT,BINANCE,TRADE,1905.41,0.021
2026-07-30 13:50:21,ETHUSDT,BINANCE,TRADE,1905.41,0.0027
2026-07-30 13:50:21,ETHUSDT,BINANCE,TRADE,1905.42,0.0027
2026-07-30 13:50:21,ETHUSDT,BINANCE,TRADE,1905.42,0.0028
2026-07-30 13:50:21,ETHUSDT,BINANCE,TRADE,1905.42,0.0053
2026-07-30 13:50:21,ETHUSDT,BINANCE,TRADE,1905.42,0.0027
2026-07-30 13:50:21,ETHUSDT,BINANCE,TRADE,1905.42,0.0027
2026-07-30 13:50:21,ETHUSDT,BINANCE,TRADE,1905.42,0.0027
2026-07-30 13:50:21,ETHUSDT,BINANCE,TRADE,1905.42,0.0027
2026-07-30 13:50:21,ETHUSDT,BINANCE,TRADE,1905.42,0.0027
2026-07-30 13:50:21,ETHUSDT,BINANCE,TRADE,1905.42,0.0027
2026-07-30 13:50:21,ETHUSDT,BINANCE,TRADE,1905.42,0.0027
2026-07-30 13:50:21,ETHUSDT,BINANCE,TRADE,1905.43,0.0027
2026-07-30 13:50:21,ETHUSDT,BINANCE,TRADE,1905.43,0.0028
2026-07-30 13:50:21,ETHUSDT,BINANCE,TRADE,1905.43,0.0053
2026-07-30 13:50:21,ETHUSDT,BINANCE,TRADE,1905.43,0.079
2026-07-30 13:50:21,ETHUSDT,BINANCE,TRADE,1905.43,0.0027
2026-07-30 13:50:21,ETHUSDT,BINANCE,TRADE,1905.43,0.0027
2026-07-30 13:50:21,ETHUSDT,BINANCE,TRADE,1905.43,0.0027
2026-07-30 13:50:21,ETHUSDT,BINANCE,TRADE,1905.43,0.0027
2026-07-30 13:50:21,ETHUSDT,BINANCE,TRADE,1905.43,0.0027
2026-07-30 13:50:21,ETHUSDT,BINANCE,TRADE,1905.43,0.0027
2026-07-30 13:50:21,ETHUSDT,BINANCE,TRADE,1905.43,0.0027
2026-07-30 13:50:21,ETHUSDT,BINANCE,TRADE,1905.43,0.0027
2026-07-30 13:50:21,ETHUSDT,BINANCE,TRADE,1905.43,0.0027
2026-07-30 13:50:21,ETHUSDT,BINANCE,TRADE,1905.43,0.0027
2026-07-30 13:50:21,ETHUSDT,BINANCE,TRADE,1905.44,0.0027
2026-07-30 13:50:21,ETHUSDT,BINANCE,TRADE,1905.44,0.0028
2026-07-30 13:50:21,ETHUSDT,BINANCE,TRADE,1905.44,0.0027
2026-07-30 13:50:21,ETHUSDT,BINANCE,TRADE,1905.44,0.0027
2026-07-30 13:50:21,ETHUSDT,BINANCE,TRADE,1905.45,0.0027
2026-07-30 13:50:21,ETHUSDT,BINANCE,TRADE,1905.45,0.0028
2026-07-30 13:50:21,ETHUSDT,BINANCE,TRADE,1905.45,0.0027
2026-07-30 13:50:21,ETHUSDT,BINANCE,TRADE,1905.45,0.0028
2026-07-30 13:50:21,ETHUSDT,BINANCE,TRADE,1905.45,0.0028
2026-07-30 13:50:21,ETHUSDT,BINANCE,TRADE,1905.45,0.0028
2026-07-30 13:50:21,BTCUSDT,BINANCE,TRADE,64031.7,0.00037
2026-07-30 13:50:21,ETHUSDT,BINANCE,TRADE,1905.46,0.0081
2026-07-30 13:50:21,ETHUSDT,BINANCE,TRADE,1905.46,0.0027
2026-07-30 13:50:21,ETHUSDT,BINANCE,TRADE,1905.46,0.0028
2026-07-30 13:50:21,ETHUSDT,BINANCE,TRADE,1905.46,0.0027
2026-07-30 13:50:21,ETHUSDT,BINANCE,TRADE,1905.46,0.0027
2026-07-30 13:50:21,ETHUSDT,BINANCE,TRADE,1905.46,0.0027
2026-07-30 13:50:21,ETHUSDT,BINANCE,TRADE,1905.46,0.0027
2026-07-30 13:50:21,ETHUSDT,BINANCE,TRADE,1905.46,0.0027
2026-07-30 13:50:21,ETHUSDT,BINANCE,TRADE,1905.46,0.0027
2026-07-30 13:50:21,ETHUSDT,BINANCE,TRADE,1905.46,0.0027
2026-07-30 13:50:21,ETHUSDT,BINANCE,TRADE,1905.46,0.0027
2026-07-30 13:50:21,ETHUSDT,BINANCE,TRADE,1905.46,0.0027
2026-07-30 13:50:21,ETHUSDT,BINANCE,TRADE,1905.46,0.0027
2026-07-30 13:50:21,ETHUSDT,BINANCE,TRADE,1905.46,0.0027
2026-07-30 13:50:21,ETHUSDT,BINANCE,TRADE,1905.47,0.0027
2026-07-30 13:50:21,ETHUSDT,BINANCE,TRADE,1905.47,0.0028
2026-07-30 13:50:21,ETHUSDT,BINANCE,TRADE,1905.47,0.0027
2026-07-30 13:50:21,ETHUSDT,BINANCE,TRADE,1905.47,0.0027
2026-07-30 13:50:21,ETHUSDT,BINANCE,TRADE,1905.47,0.0027
2026-07-30 13:50:21,ETHUSDT,BINANCE,TRADE,1905.47,0.0027
2026-07-30 13:50:21,ETHUSDT,BINANCE,TRADE,1905.48,0.0027
2026-07-30 13:50:21,ETHUSDT,BINANCE,TRADE,1905.48,0.0027
2026-07-30 13:50:21,ETHUSDT,BINANCE,TRADE,1905.48,0.0028
2026-07-30 13:50:21,ETHUSDT,BINANCE,TRADE,1905.48,0.0028
2026-07-30 13:50:21,ETHUSDT,BINANCE,TRADE,1905.48,0.0028
2026-07-30 13:50:21,ETHUSDT,BINANCE,TRADE,1905.48,0.0027
2026-07-30 13:50:21,ETHUSDT,BINANCE,TRADE,1905.48,0.0028
2026-07-30 13:50:21,ETHUSDT,BINANCE,TRADE,1905.48,0.0027
2026-07-30 13:50:21,ETHUSDT,BINANCE,TRADE,1905.48,0.0027
2026-07-30 13:50:21,ETHUSDT,BINANCE,TRADE,1905.48,0.0027
2026-07-30 13:50:21,BTCUSDT,BINANCE,TRADE,64031.7,0.002
2026-07-30 13:50:21,SOLUSDT,BINANCE,TRADE,73.45,0.277
2026-07-30 13:50:21,SOLUSDT,BINANCE,TRADE,73.45,0.072
2026-07-30 13:50:21,SOLUSDT,BINANCE,TRADE,73.45,0.069
2026-07-30 13:50:21,SOLUSDT,BINANCE,TRADE,73.45,0.075
2026-07-30 13:50:21,SOLUSDT,BINANCE,TRADE,73.45,0.15
2026-07-30 13:50:21,SOLUSDT,BINANCE,TRADE,73.45,0.072
2026-07-30 13:50:21,SOLUSDT,BINANCE,TRADE,73.45,0.75
2026-07-30 13:50:21,SOLUSDT,BINANCE,TRADE,73.45,0.072
2026-07-30 13:50:21,SOLUSDT,BINANCE,TRADE,73.45,0.072
2026-07-30 13:50:21,SOLUSDT,BINANCE,TRADE,73.45,0.07
2026-07-30 13:50:21,SOLUSDT,BINANCE,TRADE,73.45,0.209
2026-07-30 13:50:21,SOLUSDT,BINANCE,TRADE,73.45,0.231
2026-07-30 13:50:21,SOLUSDT,BINANCE,TRADE,73.45,1.895
2026-07-30 13:50:21,ETHUSDT,BINANCE,TRADE,1905.49,0.0027
2026-07-30 13:50:21,ETHUSDT,BINANCE,TRADE,1905.49,0.0028
2026-07-30 13:50:21,ETHUSDT,BINANCE,TRADE,1905.49,0.0027
2026-07-30 13:50:21,ETHUSDT,BINANCE,TRADE,1905.49,0.0027
2026-07-30 13:50:21,ETHUSDT,BINANCE,TRADE,1905.49,0.0027
2026-07-30 13:50:21,ETHUSDT,BINANCE,TRADE,1905.49,0.0027
2026-07-30 13:50:21,ETHUSDT,BINANCE,TRADE,1905.49,0.0027
2026-07-30 13:50:21,ETHUSDT,BINANCE,TRADE,1905.49,0.0027
2026-07-30 13:50:21,ETHUSDT,BINANCE,TRADE,1905.49,0.0027
2026-07-30 13:50:21,ETHUSDT,BINANCE,TRADE,1905.49,0.0027
2026-07-30 13:50:21,ETHUSDT,BINANCE,TRADE,1905.49,0.0028
2026-07-30 13:50:21,ETHUSDT,BINANCE,TRADE,1905.49,0.0027
2026-07-30 13:50:21,ETHUSDT,BINANCE,TRADE,1905.49,0.0027
2026-07-30 13:50:21,ETHUSDT,BINANCE,TRADE,1905.49,0.0027
2026-07-30 13:50:21,ETHUSDT,BINANCE,TRADE,1905.49,0.0027
2026-07-30 13:50:21,ETHUSDT,BINANCE,TRADE,1905.5,0.0027
2026-07-30 13:50:21,ETHUSDT,BINANCE,TRADE,1905.5,0.0027
2026-07-30 13:50:21,ETHUSDT,BINANCE,TRADE,1905.5,0.0028
2026-07-30 13:50:21,ETHUSDT,BINANCE,TRADE,1905.5,0.0027
2026-07-30 13:50:21,ETHUSDT,BINANCE,TRADE,1905.5,0.0027
2026-07-30 13:50:21,ETHUSDT,BINANCE,TRADE,1905.5,0.0027
2026-07-30 13:50:21,ETHUSDT,BINANCE,TRADE,1905.5,0.0027
2026-07-30 13:50:21,ETHUSDT,BINANCE,TRADE,1905.5,0.0027
2026-07-30 13:50:21,ETHUSDT,BINANCE,TRADE,1905.5,0.0027
2026-07-30 13:50:21,ETHUSDT,BINANCE,TRADE,1905.5,0.0027
2026-07-30 13:50:21,ETHUSDT,BINANCE,TRADE,1905.5,0.0027
2026-07-30 13:50:21,ETHUSDT,BINANCE,TRADE,1905.5,0.0027
2026-07-30 13:50:21,ETHUSDT,BINANCE,TRADE,1905.5,0.0027
2026-07-30 13:50:21,ETHUSDT,BINANCE,TRADE,1905.5,0.0027
2026-07-30 13:50:21,ETHUSDT,BINANCE,TRADE,1905.51,0.0028
2026-07-30 13:50:21,ETHUSDT,BINANCE,TRADE,1905.52,0.0027
2026-07-30 13:50:21,ETHUSDT,BINANCE,TRADE,1905.52,0.0027
2026-07-30 13:50:21,ETHUSDT,BINANCE,TRADE,1905.52,0.0027
2026-07-30 13:50:21,ETHUSDT,BINANCE,TRADE,1905.52,0.0028
2026-07-30 13:50:21,ETHUSDT,BINANCE,TRADE,1905.52,0.0027
2026-07-30 13:50:21,ETHUSDT,BINANCE,TRADE,1905.52,0.0027
2026-07-30 13:50:21,ETHUSDT,BINANCE,TRADE,1905.52,0.0027
2026-07-30 13:50:21,ETHUSDT,BINANCE,TRADE,1905.52,0.0027
2026-07-30 13:50:21,ETHUSDT,BINANCE,TRADE,1905.52,0.0027
2026-07-30 13:50:21,ETHUSDT,BINANCE,TRADE,1905.52,0.0027
2026-07-30 13:50:21,ETHUSDT,BINANCE,TRADE,1905.52,0.0027
2026-07-30 13:50:21,ETHUSDT,BINANCE,TRADE,1905.52,0.0027
2026-07-30 13:50:21,ETHUSDT,BINANCE,TRADE,1905.52,0.0027
2026-07-30 13:50:21,ETHUSDT,BINANCE,TRADE,1905.52,0.0027
2026-07-30 13:50:21,ETHUSDT,BINANCE,TRADE,1905.52,0.0027
2026-07-30 13:50:21,ETHUSDT,BINANCE,TRADE,1905.53,0.0027
2026-07-30 13:50:21,ETHUSDT,BINANCE,TRADE,1905.53,0.0028
2026-07-30 13:50:21,ETHUSDT,BINANCE,TRADE,1905.53,0.0028
2026-07-30 13:50:21,ETHUSDT,BINANCE,TRADE,1905.53,0.0028
2026-07-30 13:50:21,ETHUSDT,BINANCE,TRADE,1905.53,0.0027
2026-07-30 13:50:21,ETHUSDT,BINANCE,TRADE,1905.53,0.0027
2026-07-30 13:50:21,ETHUSDT,BINANCE,TRADE,1905.53,0.0027
2026-07-30 13:50:21,ETHUSDT,BINANCE,TRADE,1905.53,0.0027
2026-07-30 13:50:21,ETHUSDT,BINANCE,TRADE,1905.53,0.0028
2026-07-30 13:50:21,ETHUSDT,BINANCE,TRADE,1905.54,0.0028
2026-07-30 13:50:21,ETHUSDT,BINANCE,TRADE,1905.54,0.064
2026-07-30 13:50:21,ETHUSDT,BINANCE,TRADE,1905.54,0.0027
2026-07-30 13:50:21,ETHUSDT,BINANCE,TRADE,1905.54,0.0027
2026-07-30 13:50:21,ETHUSDT,BINANCE,TRADE,1905.54,0.0027
2026-07-30 13:50:21,ETHUSDT,BINANCE,TRADE,1905.54,0.0027
2026-07-30 13:50:21,ETHUSDT,BINANCE,TRADE,1905.54,0.0027
2026-07-30 13:50:21,ETHUSDT,BINANCE,TRADE,1905.54,0.0027
2026-07-30 13:50:21,ETHUSDT,BINANCE,TRADE,1905.54,0.0027
2026-07-30 13:50:21,ETHUSDT,BINANCE,TRADE,1905.54,0.0027
2026-07-30 13:50:21,ETHUSDT,BINANCE,TRADE,1905.54,0.0027
2026-07-30 13:50:21,ETHUSDT,BINANCE,TRADE,1905.54,0.0027
2026-07-30 13:50:21,ETHUSDT,BINANCE,TRADE,1905.54,0.0027
2026-07-30 13:50:21,ETHUSDT,BINANCE,TRADE,1905.54,0.0027
2026-07-30 13:50:21,ETHUSDT,BINANCE,TRADE,1905.54,0.0027
2026-07-30 13:50:21,ETHUSDT,BINANCE,TRADE,1905.54,0.0027
2026-07-30 13:50:21,ETHUSDT,BINANCE,TRADE,1905.55,0.0028
2026-07-30 13:50:21,ETHUSDT,BINANCE,TRADE,1905.55,0.0027
2026-07-30 13:50:21,ETHUSDT,BINANCE,TRADE,1905.55,0.0027
2026-07-30 13:50:21,ETHUSDT,BINANCE,TRADE,1905.55,0.0027
2026-07-30 13:50:21,ETHUSDT,BINANCE,TRADE,1905.56,0.0028
2026-07-30 13:50:21,ETHUSDT,BINANCE,TRADE,1905.57,0.0027
2026-07-30 13:50:21,ETHUSDT,BINANCE,TRADE,1905.57,0.0027
2026-07-30 13:50:21,ETHUSDT,BINANCE,TRADE,1905.57,0.0028
2026-07-30 13:50:21,ETHUSDT,BINANCE,TRADE,1905.57,0.0027
2026-07-30 13:50:21,ETHUSDT,BINANCE,TRADE,1905.58,0.0027
2026-07-30 13:50:21,ETHUSDT,BINANCE,TRADE,1905.58,0.0028
2026-07-30 13:50:21,ETHUSDT,BINANCE,TRADE,1905.58,0.0027
2026-07-30 13:50:21,ETHUSDT,BINANCE,TRADE,1905.59,0.0027
2026-07-30 13:50:21,ETHUSDT,BINANCE,TRADE,1905.59,0.0028
2026-07-30 13:50:21,ETHUSDT,BINANCE,TRADE,1905.59,0.0028
2026-07-30 13:50:21,ETHUSDT,BINANCE,TRADE,1905.59,0.0028
2026-07-30 13:50:21,ETHUSDT,BINANCE,TRADE,1905.59,0.0027
2026-07-30 13:50:21,ETHUSDT,BINANCE,TRADE,1905.59,0.0028
2026-07-30 13:50:21,ETHUSDT,BINANCE,TRADE,1905.59,0.0027
2026-07-30 13:50:21,ETHUSDT,BINANCE,TRADE,1905.59,0.0027
2026-07-30 13:50:21,ETHUSDT,BINANCE,TRADE,1905.59,0.0027
2026-07-30 13:50:21,BTCUSDT,BINANCE,TRADE,64031.7,0.47204
2026-07-30 13:50:21,BTCUSDT,BINANCE,TRADE,64031.7,0.05665
2026-07-30 13:50:21,BTCUSDT,BINANCE,TRADE,64031.7,0.058
2026-07-30 13:50:21,BTCUSDT,BINANCE,TRADE,64031.7,0.03164
2026-07-30 13:50:21,BTCUSDT,BINANCE,TRADE,64031.7,0.01441
2026-07-30 13:50:21,BTCUSDT,BINANCE,TRADE,64031.7,1.03953
2026-07-30 13:50:21,BTCUSDT,BINANCE,TRADE,64031.7,8e-05
2026-07-30 13:50:21,BTCUSDT,BINANCE,TRADE,64031.7,8e-05
2026-07-30 13:50:21,BTCUSDT,BINANCE,TRADE,64031.7,8e-05
2026-07-30 13:50:21,BTCUSDT,BINANCE,TRADE,64031.7,8e-05
2026-07-30 13:50:21,BTCUSDT,BINANCE,TRADE,64031.7,8e-05
2026-07-30 13:50:21,BTCUSDT,BINANCE,TRADE,64031.7,8e-05
2026-07-30 13:50:21,BTCUSDT,BINANCE,TRADE,64031.7,8e-05
2026-07-30 13:50:21,BTCUSDT,BINANCE,TRADE,64031.7,8e-05
2026-07-30 13:50:21,BTCUSDT,BINANCE,TRADE,64031.7,8e-05
2026-07-30 13:50:21,BTCUSDT,BINANCE,TRADE,64031.7,9e-05
2026-07-30 13:50:21,BTCUSDT,BINANCE,TRADE,64031.7,8e-05
2026-07-30 13:50:21,BTCUSDT,BINANCE,TRADE,64031.7,8e-05
2026-07-30 13:50:21,BTCUSDT,BINANCE,TRADE,64031.7,0.03123
2026-07-30 13:50:21,BTCUSDT,BINANCE,TRADE,64031.7,8e-05
2026-07-30 13:50:21,BTCUSDT,BINANCE,TRADE,64031.7,0.00468
2026-07-30 13:50:21,BTCUSDT,BINANCE,TRADE,64031.7,0.0001
2026-07-30 13:50:21,BTCUSDT,BINANCE,TRADE,64031.7,0.00312
2026-07-30 13:50:21,BTCUSDT,BINANCE,TRADE,64031.7,8e-05
2026-07-30 13:50:21,BTCUSDT,BINANCE,TRADE,64031.7,9e-05
2026-07-30 13:50:21,BTCUSDT,BINANCE,TRADE,64031.7,9e-05
2026-07-30 13:50:21,BTCUSDT,BINANCE,TRADE,64031.7,0.00016
2026-07-30 13:50:21,BTCUSDT,BINANCE,TRADE,64031.7,0.00062
2026-07-30 13:50:21,BTCUSDT,BINANCE,TRADE,64031.7,0.00062
2026-07-30 13:50:21,BTCUSDT,BINANCE,TRADE,64031.7,8e-05
2026-07-30 13:50:21,BTCUSDT,BINANCE,TRADE,64031.7,8e-05
2026-07-30 13:50:21,BTCUSDT,BINANCE,TRADE,64031.7,0.00028
2026-07-30 13:50:21,BTCUSDT,BINANCE,TRADE,64031.7,0.00017
2026-07-30 13:50:21,BTCUSDT,BINANCE,TRADE,64031.7,8e-05
2026-07-30 13:50:21,BTCUSDT,BINANCE,TRADE,64031.7,8e-05
2026-07-30 13:50:21,BTCUSDT,BINANCE,TRADE,64031.7,8e-05
2026-07-30 13:50:21,BTCUSDT,BINANCE,TRADE,64031.7,8e-05
2026-07-30 13:50:21,BTCUSDT,BINANCE,TRADE,64031.7,8e-05
2026-07-30 13:50:21,BTCUSDT,BINANCE,TRADE,64031.7,8e-05
2026-07-30 13:50:21,BTCUSDT,BINANCE,TRADE,64031.7,8e-05
2026-07-30 13:50:21,BTCUSDT,BINANCE,TRADE,64031.7,8e-05
2026-07-30 13:50:21,BTCUSDT,BINANCE,TRADE,64031.7,8e-05
2026-07-30 13:50:21,BTCUSDT,BINANCE,TRADE,64031.7,8e-05
2026-07-30 13:50:21,BTCUSDT,BINANCE,TRADE,64031.7,8e-05
2026-07-30 13:50:21,BTCUSDT,BINANCE,TRADE,64031.7,8e-05
2026-07-30 13:50:21,BTCUSDT,BINANCE,TRADE,64031.7,8e-05
2026-07-30 13:50:21,BTCUSDT,BINANCE,TRADE,64031.7,8e-05
2026-07-30 13:50:21,BTCUSDT,BINANCE,TRADE,64031.7,8e-05
2026-07-30 13:50:21,BTCUSDT,BINANCE,TRADE,64031.7,8e-05
2026-07-30 13:50:21,BTCUSDT,BINANCE,TRADE,64031.7,8e-05
2026-07-30 13:50:21,BTCUSDT,BINANCE,TRADE,64031.7,9e-05
2026-07-30 13:50:21,BTCUSDT,BINANCE,TRADE,64031.7,9e-05
2026-07-30 13:50:21,BTCUSDT,BINANCE,TRADE,64031.7,8e-05
2026-07-30 13:50:21,BTCUSDT,BINANCE,TRADE,64031.7,8e-05
2026-07-30 13:50:21,BTCUSDT,BINANCE,TRADE,64031.7,8e-05
2026-07-30 13:50:21,BTCUSDT,BINANCE,TRADE,64031.7,8e-05
2026-07-30 13:50:21,BTCUSDT,BINANCE,TRADE,64031.7,8e-05
2026-07-30 13:50:21,BTCUSDT,BINANCE,TRADE,64031.7,0.00016
2026-07-30 13:50:21,BTCUSDT,BINANCE,TRADE,64031.7,8e-05
2026-07-30 13:50:21,BTCUSDT,BINANCE,TRADE,64031.7,8e-05
2026-07-30 13:50:21,BTCUSDT,BINANCE,TRADE,64031.7,0.00016
2026-07-30 13:50:21,BTCUSDT,BINANCE,TRADE,64032,0.00194
2026-07-30 13:50:21,BTCUSDT,BINANCE,TRADE,64032,0.0004
2026-07-30 13:50:21,BTCUSDT,BINANCE,TRADE,64032,9e-05
2026-07-30 13:50:21,BTCUSDT,BINANCE,TRADE,64032,9e-05
2026-07-30 13:50:21,BTCUSDT,BINANCE,TRADE,64032,9e-05
2026-07-30 13:50:21,BTCUSDT,BINANCE,TRADE,64032,0.00233
2026-07-30 13:50:21,BTCUSDT,BINANCE,TRADE,64032,0.00267
2026-07-30 13:50:21,BTCUSDT,BINANCE,TRADE,64032,0.00033
2026-07-30 13:50:21,BTCUSDT,BINANCE,TRADE,64032,0.003
2026-07-30 13:50:21,BTCUSDT,BINANCE,TRADE,64032,0.003
2026-07-30 13:50:21,BTCUSDT,BINANCE,TRADE,64032,0.00167
2026-07-30 13:50:21,BTCUSDT,BINANCE,TRADE,64032,0.00133
2026-07-30 13:50:21,BTCUSDT,BINANCE,TRADE,64032,0.003
2026-07-30 13:50:21,BTCUSDT,BINANCE,TRADE,64032,0.00167
2026-07-30 13:50:21,BTCUSDT,BINANCE,TRADE,64032,0.00133
2026-07-30 13:50:21,BTCUSDT,BINANCE,TRADE,64032,0.001
2026-07-30 13:50:21,BTCUSDT,BINANCE,TRADE,64032,0.00267
2026-07-30 13:50:21,BTCUSDT,BINANCE,TRADE,64032,9e-05
2026-07-30 13:50:21,BTCUSDT,BINANCE,TRADE,64032,9e-05
2026-07-30 13:50:21,BTCUSDT,BINANCE,TRADE,64032,9e-05
2026-07-30 13:50:21,BTCUSDT,BINANCE,TRADE,64032,6e-05
2026-07-30 13:50:21,BTCUSDT,BINANCE,TRADE,64032,2e-05
2026-07-30 13:50:21,BTCUSDT,BINANCE,TRADE,64032,8e-05
2026-07-30 13:50:21,BTCUSDT,BINANCE,TRADE,64032.9,8e-05
2026-07-30 13:50:21,BTCUSDT,BINANCE,TRADE,64033,8e-05
2026-07-30 13:50:21,BTCUSDT,BINANCE,TRADE,64033,8e-05
2026-07-30 13:50:21,BTCUSDT,BINANCE,TRADE,64033.1,9e-05
2026-07-30 13:50:21,BTCUSDT,BINANCE,TRADE,64033.4,8e-05
2026-07-30 13:50:21,BTCUSDT,BINANCE,TRADE,64034,9e-05
2026-07-30 13:50:21,BTCUSDT,BINANCE,TRADE,64034,9e-05
2026-07-30 13:50:21,BTCUSDT,BINANCE,TRADE,64034,9e-05
2026-07-30 13:50:21,BTCUSDT,BINANCE,TRADE,64034,0.00222
2026-07-30 13:50:21,BTCUSDT,BINANCE,TRADE,64034,0.00278
2026-07-30 13:50:21,BTCUSDT,BINANCE,TRADE,64034,0.00022
2026-07-30 13:50:21,BTCUSDT,BINANCE,TRADE,64034,0.003
2026-07-30 13:50:21,BTCUSDT,BINANCE,TRADE,64034,0.00178
2026-07-30 13:50:21,BTCUSDT,BINANCE,TRADE,64034,0.00122
2026-07-30 13:50:21,BTCUSDT,BINANCE,TRADE,64034,0.003
2026-07-30 13:50:21,BTCUSDT,BINANCE,TRADE,64034,0.003
2026-07-30 13:50:21,BTCUSDT,BINANCE,TRADE,64034,0.00078
2026-07-30 13:50:21,BTCUSDT,BINANCE,TRADE,64034,0.00222
2026-07-30 13:50:21,BTCUSDT,BINANCE,TRADE,64034,0.003
2026-07-30 13:50:21,BTCUSDT,BINANCE,TRADE,64034,0.00078
2026-07-30 13:50:21,BTCUSDT,BINANCE,TRADE,64034,9e-05
2026-07-30 13:50:21,BTCUSDT,BINANCE,TRADE,64034,9e-05
2026-07-30 13:50:21,BTCUSDT,BINANCE,TRADE,64034,8e-05
2026-07-30 13:50:21,BTCUSDT,BINANCE,TRADE,64034,8e-05
2026-07-30 13:50:21,BTCUSDT,BINANCE,TRADE,64034.2,9e-05
2026-07-30 13:50:21,BTCUSDT,BINANCE,TRADE,64034.2,9e-05
2026-07-30 13:50:21,BTCUSDT,BINANCE,TRADE,64034.2,9e-05
2026-07-30 13:50:21,BTCUSDT,BINANCE,TRADE,64034.2,0.00161
2026-07-30 13:50:21,BTCUSDT,BINANCE,TRADE,64034.2,0.003
2026-07-30 13:50:21,BTCUSDT,BINANCE,TRADE,64034.2,0.003
2026-07-30 13:50:21,BTCUSDT,BINANCE,TRADE,64034.2,0.00021
2026-07-30 13:50:21,BTCUSDT,BINANCE,TRADE,64034.2,0.002
2026-07-30 13:50:21,BTCUSDT,BINANCE,TRADE,64034.2,0.01126
2026-07-30 13:50:21,BTCUSDT,BINANCE,TRADE,64034.2,9e-05
2026-07-30 13:50:21,BTCUSDT,BINANCE,TRADE,64034.2,9e-05
2026-07-30 13:50:21,BTCUSDT,BINANCE,TRADE,64034.2,8e-05
2026-07-30 13:50:21,BTCUSDT,BINANCE,TRADE,64034.2,8e-05
2026-07-30 13:50:21,BTCUSDT,BINANCE,TRADE,64034.2,8e-05
2026-07-30 13:50:21,BTCUSDT,BINANCE,TRADE,64034.2,8e-05
2026-07-30 13:50:21,BTCUSDT,BINANCE,TRADE,64034.2,8e-05
2026-07-30 13:50:21,BTCUSDT,BINANCE,TRADE,64034.2,8e-05
2026-07-30 13:50:21,BTCUSDT,BINANCE,TRADE,64034.2,8e-05
2026-07-30 13:50:21,BTCUSDT,BINANCE,TRADE,64034.2,8e-05
2026-07-30 13:50:21,BTCUSDT,BINANCE,TRADE,64034.2,8e-05
2026-07-30 13:50:21,BTCUSDT,BINANCE,TRADE,64034.2,9e-05
2026-07-30 13:50:21,BTCUSDT,BINANCE,TRADE,64034.2,8e-05
2026-07-30 13:50:21,BTCUSDT,BINANCE,TRADE,64034.2,9e-05
2026-07-30 13:50:21,BTCUSDT,BINANCE,TRADE,64034.2,8e-05
2026-07-30 13:50:21,BTCUSDT,BINANCE,TRADE,64034.2,8e-05
2026-07-30 13:50:21,BTCUSDT,BINANCE,TRADE,64034.2,8e-05
2026-07-30 13:50:21,BTCUSDT,BINANCE,TRADE,64034.3,8e-05
2026-07-30 13:50:21,BTCUSDT,BINANCE,TRADE,64034.3,8e-05
2026-07-30 13:50:21,BTCUSDT,BINANCE,TRADE,64034.3,8e-05
2026-07-30 13:50:21,BTCUSDT,BINANCE,TRADE,64034.3,8e-05
2026-07-30 13:50:21,BTCUSDT,BINANCE,TRADE,64034.3,8e-05
2026-07-30 13:50:21,BTCUSDT,BINANCE,TRADE,64034.3,8e-05
2026-07-30 13:50:21,BTCUSDT,BINANCE,TRADE,64034.3,8e-05
2026-07-30 13:50:21,BTCUSDT,BINANCE,TRADE,64034.3,8e-05
2026-07-30 13:50:21,BTCUSDT,BINANCE,TRADE,64034.3,8e-05
2026-07-30 13:50:21,BTCUSDT,BINANCE,TRADE,64034.3,9e-05
2026-07-30 13:50:21,BTCUSDT,BINANCE,TRADE,64034.3,9e-05
2026-07-30 13:50:21,BTCUSDT,BINANCE,TRADE,64034.3,8e-05
2026-07-30 13:50:21,BTCUSDT,BINANCE,TRADE,64034.3,8e-05
2026-07-30 13:50:21,BTCUSDT,BINANCE,TRADE,64034.3,8e-05
2026-07-30 13:50:21,BTCUSDT,BINANCE,TRADE,64034.3,8e-05
2026-07-30 13:50:21,BTCUSDT,BINANCE,TRADE,64034.8,8e-05
2026-07-30 13:50:21,BTCUSDT,BINANCE,TRADE,64034.8,8e-05
2026-07-30 13:50:21,BTCUSDT,BINANCE,TRADE,64034.9,8e-05
2026-07-30 13:50:21,BTCUSDT,BINANCE,TRADE,64034.9,8e-05
2026-07-30 13:50:21,BTCUSDT,BINANCE,TRADE,64034.9,8e-05
2026-07-30 13:50:21,BTCUSDT,BINANCE,TRADE,64034.9,8e-05
2026-07-30 13:50:21,BTCUSDT,BINANCE,TRADE,64034.9,8e-05
2026-07-30 13:50:21,BTCUSDT,BINANCE,TRADE,64034.9,8e-05
2026-07-30 13:50:21,BTCUSDT,BINANCE,TRADE,64034.9,8e-05
2026-07-30 13:50:21,BTCUSDT,BINANCE,TRADE,64034.9,8e-05
2026-07-30 13:50:21,BTCUSDT,BINANCE,TRADE,64034.9,8e-05
2026-07-30 13:50:21,BTCUSDT,BINANCE,TRADE,64034.9,8e-05
2026-07-30 13:50:21,BTCUSDT,BINANCE,TRADE,64035,0.00016
2026-07-30 13:50:21,BTCUSDT,BINANCE,TRADE,64035,0.00027
2026-07-30 13:50:21,BTCUSDT,BINANCE,TRADE,64035,0.00019
2026-07-30 13:50:21,BTCUSDT,BINANCE,TRADE,64035,0.01249
2026-07-30 13:50:21,BTCUSDT,BINANCE,TRADE,64035,8e-05
2026-07-30 13:50:21,BTCUSDT,BINANCE,TRADE,64035,8e-05
2026-07-30 13:50:21,BTCUSDT,BINANCE,TRADE,64035,8e-05
2026-07-30 13:50:21,BTCUSDT,BINANCE,TRADE,64035,8e-05
2026-07-30 13:50:21,BTCUSDT,BINANCE,TRADE,64035,8e-05
2026-07-30 13:50:21,BTCUSDT,BINANCE,TRADE,64035,8e-05
2026-07-30 13:50:21,BTCUSDT,BINANCE,TRADE,64035,8e-05
2026-07-30 13:50:21,BTCUSDT,BINANCE,TRADE,64035,8e-05
2026-07-30 13:50:21,BTCUSDT,BINANCE,TRADE,64035,8e-05
2026-07-30 13:50:21,BTCUSDT,BINANCE,TRADE,64035,8e-05
2026-07-30 13:50:21,BTCUSDT,BINANCE,TRADE,64035,8e-05
2026-07-30 13:50:21,BTCUSDT,BINANCE,TRADE,64035,8e-05
2026-07-30 13:50:21,BTCUSDT,BINANCE,TRADE,64035,8e-05
2026-07-30 13:50:21,BTCUSDT,BINANCE,TRADE,64035,9e-05
2026-07-30 13:50:21,BTCUSDT,BINANCE,TRADE,64035,9e-05
2026-07-30 13:50:21,BTCUSDT,BINANCE,TRADE,64035,0.00038
2026-07-30 13:50:21,BTCUSDT,BINANCE,TRADE,64035,8e-05
2026-07-30 13:50:21,BTCUSDT,BINANCE,TRADE,64035,8e-05
2026-07-30 13:50:21,BTCUSDT,BINANCE,TRADE,64035,8e-05
2026-07-30 13:50:21,BTCUSDT,BINANCE,TRADE,64035,8e-05
2026-07-30 13:50:21,BTCUSDT,BINANCE,TRADE,64035,9e-05
2026-07-30 13:50:21,BTCUSDT,BINANCE,TRADE,64035,8e-05
2026-07-30 13:50:21,BTCUSDT,BINANCE,TRADE,64035,8e-05
2026-07-30 13:50:21,BTCUSDT,BINANCE,TRADE,64035,8e-05
2026-07-30 13:50:21,BTCUSDT,BINANCE,TRADE,64035,9e-05
2026-07-30 13:50:21,BTCUSDT,BINANCE,TRADE,64035,8e-05
2026-07-30 13:50:21,BTCUSDT,BINANCE,TRADE,64035,8e-05
2026-07-30 13:50:21,BTCUSDT,BINANCE,TRADE,64035,8e-05
2026-07-30 13:50:21,BTCUSDT,BINANCE,TRADE,64035,8e-05
2026-07-30 13:50:21,BTCUSDT,BINANCE,TRADE,64035,8e-05
2026-07-30 13:50:21,BTCUSDT,BINANCE,TRADE,64036,9e-05
2026-07-30 13:50:21,BTCUSDT,BINANCE,TRADE,64036,9e-05
2026-07-30 13:50:21,BTCUSDT,BINANCE,TRADE,64036,3e-05
2026-07-30 13:50:21,BTCUSDT,BINANCE,TRADE,64036,0.0001
2026-07-30 13:50:21,BTCUSDT,BINANCE,TRADE,64036,0.00033
2026-07-30 13:50:21,ETHUSDT,BINANCE,TRADE,1905.59,0.0128
2026-07-30 13:50:21,BTCUSDT,BINANCE,TRADE,64036,0.00499
2026-07-30 13:50:21,BTCUSDT,BINANCE,TRADE,64036,9e-05
2026-07-30 13:50:21,BTCUSDT,BINANCE,TRADE,64036,0.00457
2026-07-30 13:50:21,BTCUSDT,BINANCE,TRADE,64036,0.005
2026-07-30 13:50:21,BTCUSDT,BINANCE,TRADE,64036,0.008
2026-07-30 13:50:21,BTCUSDT,BINANCE,TRADE,64036,0.006
2026-07-30 13:50:21,BTCUSDT,BINANCE,TRADE,64036,9e-05
2026-07-30 13:50:21,BTCUSDT,BINANCE,TRADE,64036,9e-05
2026-07-30 13:50:21,BTCUSDT,BINANCE,TRADE,64036,8e-05
2026-07-30 13:50:21,BTCUSDT,BINANCE,TRADE,64036,8e-05
2026-07-30 13:50:21,BTCUSDT,BINANCE,TRADE,64036,8e-05
2026-07-30 13:50:21,BTCUSDT,BINANCE,TRADE,64036,8e-05
2026-07-30 13:50:21,BTCUSDT,BINANCE,TRADE,64036,8e-05
2026-07-30 13:50:21,BTCUSDT,BINANCE,TRADE,64036,8e-05
2026-07-30 13:50:21,BTCUSDT,BINANCE,TRADE,64036,8e-05
2026-07-30 13:50:21,BTCUSDT,BINANCE,TRADE,64036,8e-05
2026-07-30 13:50:21,BTCUSDT,BINANCE,TRADE,64036,8e-05
2026-07-30 13:50:21,BTCUSDT,BINANCE,TRADE,64036,8e-05
2026-07-30 13:50:21,BTCUSDT,BINANCE,TRADE,64036,8e-05
2026-07-30 13:50:21,BTCUSDT,BINANCE,TRADE,64036,8e-05
2026-07-30 13:50:21,BTCUSDT,BINANCE,TRADE,64036,8e-05
2026-07-30 13:50:21,BTCUSDT,BINANCE,TRADE,64036,9e-05
2026-07-30 13:50:21,BTCUSDT,BINANCE,TRADE,64036,8e-05
2026-07-30 13:50:21,BTCUSDT,BINANCE,TRADE,64036,0.00069
2026-07-30 13:50:21,BTCUSDT,BINANCE,TRADE,64036,8e-05
2026-07-30 13:50:21,BTCUSDT,BINANCE,TRADE,64036,8e-05
2026-07-30 13:50:21,BTCUSDT,BINANCE,TRADE,64036,9e-05
2026-07-30 13:50:21,BTCUSDT,BINANCE,TRADE,64036,9e-05
2026-07-30 13:50:21,BTCUSDT,BINANCE,TRADE,64036,8e-05
2026-07-30 13:50:21,BTCUSDT,BINANCE,TRADE,64036,8e-05
2026-07-30 13:50:21,BTCUSDT,BINANCE,TRADE,64036,8e-05
2026-07-30 13:50:21,BTCUSDT,BINANCE,TRADE,64036,8e-05
2026-07-30 13:50:21,BTCUSDT,BINANCE,TRADE,64036,8e-05
2026-07-30 13:50:21,BTCUSDT,BINANCE,TRADE,64036,8e-05
2026-07-30 13:50:21,BTCUSDT,BINANCE,TRADE,64036,8e-05
2026-07-30 13:50:21,BTCUSDT,BINANCE,TRADE,64036.1,8e-05
2026-07-30 13:50:21,BTCUSDT,BINANCE,TRADE,64036.2,8e-05
2026-07-30 13:50:21,BTCUSDT,BINANCE,TRADE,64036.2,0.00024
2026-07-30 13:50:21,BTCUSDT,BINANCE,TRADE,64036.7,0.00012
2026-07-30 13:50:21,BTCUSDT,BINANCE,TRADE,64036.7,9e-05
2026-07-30 13:50:21,BTCUSDT,BINANCE,TRADE,64036.7,9e-05
2026-07-30 13:50:21,BTCUSDT,BINANCE,TRADE,64036.7,9e-05
2026-07-30 13:50:22,BTCUSDT,BINANCE,TRADE,64036.7,8e-05
2026-07-30 13:50:22,BTCUSDT,BINANCE,TRADE,64036.7,8e-05
2026-07-30 13:50:22,BTCUSDT,BINANCE,TRADE,64036.7,8e-05
2026-07-30 13:50:22,BTCUSDT,BINANCE,TRADE,64036.7,8e-05
2026-07-30 13:50:22,BTCUSDT,BINANCE,TRADE,64036.7,8e-05
2026-07-30 13:50:22,BTCUSDT,BINANCE,TRADE,64036.7,8e-05
2026-07-30 13:50:22,BTCUSDT,BINANCE,TRADE,64036.7,8e-05
2026-07-30 13:50:22,BTCUSDT,BINANCE,TRADE,64036.7,8e-05
2026-07-30 13:50:22,BTCUSDT,BINANCE,TRADE,64036.7,8e-05
2026-07-30 13:50:22,BTCUSDT,BINANCE,TRADE,64036.7,8e-05
2026-07-30 13:50:22,BTCUSDT,BINANCE,TRADE,64036.7,8e-05
2026-07-30 13:50:22,BTCUSDT,BINANCE,TRADE,64036.7,8e-05
2026-07-30 13:50:22,BTCUSDT,BINANCE,TRADE,64036.7,8e-05
2026-07-30 13:50:22,BTCUSDT,BINANCE,TRADE,64036.7,8e-05
2026-07-30 13:50:22,BTCUSDT,BINANCE,TRADE,64036.7,8e-05
2026-07-30 13:50:22,BTCUSDT,BINANCE,TRADE,64036.7,8e-05
2026-07-30 13:50:22,BTCUSDT,BINANCE,TRADE,64036.7,8e-05
2026-07-30 13:50:22,BTCUSDT,BINANCE,TRADE,64036.7,9e-05
2026-07-30 13:50:22,BTCUSDT,BINANCE,TRADE,64036.7,8e-05
2026-07-30 13:50:22,BTCUSDT,BINANCE,TRADE,64036.7,8e-05
2026-07-30 13:50:22,BTCUSDT,BINANCE,TRADE,64036.7,8e-05
2026-07-30 13:50:22,BTCUSDT,BINANCE,TRADE,64036.7,8e-05
2026-07-30 13:50:22,BTCUSDT,BINANCE,TRADE,64036.7,8e-05
2026-07-30 13:50:22,BTCUSDT,BINANCE,TRADE,64036.7,8e-05
2026-07-30 13:50:22,BTCUSDT,BINANCE,TRADE,64036.7,8e-05
2026-07-30 13:50:22,BTCUSDT,BINANCE,TRADE,64036.7,8e-05
2026-07-30 13:50:22,BTCUSDT,BINANCE,TRADE,64036.7,8e-05
2026-07-30 13:50:22,BTCUSDT,BINANCE,TRADE,64036.7,8e-05
2026-07-30 13:50:22,BTCUSDT,BINANCE,TRADE,64036.7,8e-05
2026-07-30 13:50:22,BTCUSDT,BINANCE,TRADE,64036.7,8e-05
2026-07-30 13:50:22,BTCUSDT,BINANCE,TRADE,64036.7,8e-05
2026-07-30 13:50:22,BTCUSDT,BINANCE,TRADE,64036.7,8e-05
2026-07-30 13:50:22,BTCUSDT,BINANCE,TRADE,64036.7,8e-05
2026-07-30 13:50:22,BTCUSDT,BINANCE,TRADE,64036.7,8e-05
2026-07-30 13:50:22,BTCUSDT,BINANCE,TRADE,64036.7,8e-05
2026-07-30 13:50:22,BTCUSDT,BINANCE,TRADE,64036.7,8e-05
2026-07-30 13:50:22,BTCUSDT,BINANCE,TRADE,64036.7,8e-05
2026-07-30 13:50:22,BTCUSDT,BINANCE,TRADE,64036.7,8e-05
2026-07-30 13:50:22,BTCUSDT,BINANCE,TRADE,64036.7,9e-05
2026-07-30 13:50:22,BTCUSDT,BINANCE,TRADE,64036.7,8e-05
2026-07-30 13:50:22,BTCUSDT,BINANCE,TRADE,64036.7,9e-05
2026-07-30 13:50:22,BTCUSDT,BINANCE,TRADE,64036.7,8e-05
2026-07-30 13:50:22,BTCUSDT,BINANCE,TRADE,64036.7,8e-05
2026-07-30 13:50:22,BTCUSDT,BINANCE,TRADE,64036.7,8e-05
2026-07-30 13:50:22,BTCUSDT,BINANCE,TRADE,64036.7,8e-05
2026-07-30 13:50:22,BTCUSDT,BINANCE,TRADE,64036.7,8e-05
2026-07-30 13:50:22,BTCUSDT,BINANCE,TRADE,64036.7,8e-05
2026-07-30 13:50:22,BTCUSDT,BINANCE,TRADE,64038,9e-05
2026-07-30 13:50:22,BTCUSDT,BINANCE,TRADE,64038,9e-05
2026-07-30 13:50:22,BTCUSDT,BINANCE,TRADE,64038,9e-05
2026-07-30 13:50:22,BTCUSDT,BINANCE,TRADE,64038,0.0002
2026-07-30 13:50:22,BTCUSDT,BINANCE,TRADE,64038,0.0013
2026-07-30 13:50:22,BTCUSDT,BINANCE,TRADE,64038,0.00056
2026-07-30 13:50:22,ETHUSDT,BINANCE,TRADE,1905.6,0.003
2026-07-30 13:50:22,BTCUSDT,BINANCE,TRADE,64038,0.00029
2026-07-30 13:50:22,BTCUSDT,BINANCE,TRADE,64038,0.00139
2026-07-30 13:50:22,BTCUSDT,BINANCE,TRADE,64038,0.002
2026-07-30 13:50:22,ETHUSDT,BINANCE,TRADE,1905.6,0.0164
2026-07-30 13:50:22,ETHUSDT,BINANCE,TRADE,1905.6,0.3836
2026-07-30 13:50:22,SOLUSDT,BINANCE,TRADE,73.46,1.353
2026-07-30 13:50:22,BTCUSDT,BINANCE,TRADE,64038,0.00015
2026-07-30 13:50:22,BTCUSDT,BINANCE,TRADE,64038,0.00021
2026-07-30 13:50:22,BTCUSDT,BINANCE,TRADE,64038,0.00016
2026-07-30 13:50:22,BTCUSDT,BINANCE,TRADE,64038,0.01213
2026-07-30 13:50:22,BTCUSDT,BINANCE,TRADE,64038,0.0003
2026-07-30 13:50:22,ETHUSDT,BINANCE,TRADE,1905.59,0.0136
2026-07-30 13:50:22,BTCUSDT,BINANCE,TRADE,64038,0.00225
2026-07-30 13:50:22,BTCUSDT,BINANCE,TRADE,64038,0.005
2026-07-30 13:50:22,BTCUSDT,BINANCE,TRADE,64038,0.008
2026-07-30 13:50:22,BTCUSDT,BINANCE,TRADE,64038,0.00153
2026-07-30 13:50:22,BTCUSDT,BINANCE,TRADE,64038,0.00447
2026-07-30 13:50:22,BTCUSDT,BINANCE,TRADE,64038,8e-05
2026-07-30 13:50:22,BTCUSDT,BINANCE,TRADE,64038,8e-05
2026-07-30 13:50:22,BTCUSDT,BINANCE,TRADE,64038,8e-05
2026-07-30 13:50:22,BTCUSDT,BINANCE,TRADE,64038,8e-05
2026-07-30 13:50:22,BTCUSDT,BINANCE,TRADE,64038,8e-05
2026-07-30 13:50:22,BTCUSDT,BINANCE,TRADE,64038,8e-05
2026-07-30 13:50:22,BTCUSDT,BINANCE,TRADE,64038,8e-05
2026-07-30 13:50:22,BTCUSDT,BINANCE,TRADE,64038,8e-05
2026-07-30 13:50:22,BTCUSDT,BINANCE,TRADE,64038,8e-05
2026-07-30 13:50:22,BTCUSDT,BINANCE,TRADE,64038,8e-05
2026-07-30 13:50:22,BTCUSDT,BINANCE,TRADE,64038,9e-05
2026-07-30 13:50:22,BTCUSDT,BINANCE,TRADE,64038,9e-05
2026-07-30 13:50:22,BTCUSDT,BINANCE,TRADE,64038,9e-05
2026-07-30 13:50:22,BTCUSDT,BINANCE,TRADE,64038,8e-05
2026-07-30 13:50:22,BTCUSDT,BINANCE,TRADE,64038,8e-05
2026-07-30 13:50:22,BTCUSDT,BINANCE,TRADE,64038,8e-05
2026-07-30 13:50:22,BTCUSDT,BINANCE,TRADE,64038,8e-05
2026-07-30 13:50:22,BTCUSDT,BINANCE,TRADE,64038,8e-05
2026-07-30 13:50:22,BTCUSDT,BINANCE,TRADE,64038,8e-05
2026-07-30 13:50:22,BTCUSDT,BINANCE,TRADE,64038,8e-05
2026-07-30 13:50:22,BTCUSDT,BINANCE,TRADE,64038,9e-05
2026-07-30 13:50:22,BTCUSDT,BINANCE,TRADE,64038,9e-05
2026-07-30 13:50:22,BTCUSDT,BINANCE,TRADE,64038,8e-05
2026-07-30 13:50:22,BTCUSDT,BINANCE,TRADE,64038,8e-05
2026-07-30 13:50:22,BTCUSDT,BINANCE,TRADE,64038,8e-05
2026-07-30 13:50:22,BTCUSDT,BINANCE,TRADE,64038,8e-05
2026-07-30 13:50:22,BTCUSDT,BINANCE,TRADE,64038,8e-05
2026-07-30 13:50:22,BTCUSDT,BINANCE,TRADE,64038.1,8e-05
2026-07-30 13:50:22,BTCUSDT,BINANCE,TRADE,64038.1,8e-05
2026-07-30 13:50:22,BTCUSDT,BINANCE,TRADE,64038.4,9e-05
2026-07-30 13:50:22,BTCUSDT,BINANCE,TRADE,64039,0.00046
2026-07-30 13:50:22,BTCUSDT,BINANCE,TRADE,64039.3,8e-05
2026-07-30 13:50:22,BTCUSDT,BINANCE,TRADE,64039.3,8e-05
2026-07-30 13:50:22,BTCUSDT,BINANCE,TRADE,64039.4,8e-05
2026-07-30 13:50:22,BTCUSDT,BINANCE,TRADE,64040,9e-05
2026-07-30 13:50:22,BTCUSDT,BINANCE,TRADE,64040,9e-05
2026-07-30 13:50:22,BTCUSDT,BINANCE,TRADE,64040,9e-05
2026-07-30 13:50:22,BTCUSDT,BINANCE,TRADE,64040,0.00029
2026-07-30 13:50:22,BTCUSDT,BINANCE,TRADE,64040,0.00156
2026-07-30 13:50:22,BTCUSDT,BINANCE,TRADE,64040,0.00164
2026-07-30 13:50:22,BTCUSDT,BINANCE,TRADE,64040,0.00047
2026-07-30 13:50:22,BTCUSDT,BINANCE,TRADE,64040,0.00027
2026-07-30 13:50:22,BTCUSDT,BINANCE,TRADE,64040,0.00241
2026-07-30 13:50:22,BTCUSDT,BINANCE,TRADE,64040,0.00406
2026-07-30 13:50:22,BTCUSDT,BINANCE,TRADE,64040,0.00094
2026-07-30 13:50:22,BTCUSDT,BINANCE,TRADE,64040,0.00036
2026-07-30 13:50:22,ETHUSDT,BINANCE,TRADE,1905.59,0.0109
2026-07-30 13:50:22,BTCUSDT,BINANCE,TRADE,64040,0.00055
2026-07-30 13:50:22,BTCUSDT,BINANCE,TRADE,64040,0.00066
2026-07-30 13:50:22,BTCUSDT,BINANCE,TRADE,64040,8e-05
2026-07-30 13:50:22,BTCUSDT,BINANCE,TRADE,64040,0.00025
2026-07-30 13:50:22,BTCUSDT,BINANCE,TRADE,64040,0.00014
2026-07-30 13:50:22,BTCUSDT,BINANCE,TRADE,64040,0.00167
2026-07-30 13:50:22,BTCUSDT,BINANCE,TRADE,64040,0.0013
2026-07-30 13:50:22,BTCUSDT,BINANCE,TRADE,64040,0.0001
2026-07-30 13:50:22,BTCUSDT,BINANCE,TRADE,64040,0.00038
2026-07-30 13:50:22,BTCUSDT,BINANCE,TRADE,64040,0.00028
2026-07-30 13:50:22,BTCUSDT,BINANCE,TRADE,64040,0.00126
2026-07-30 13:50:22,BTCUSDT,BINANCE,TRADE,64040,0.00521
2026-07-30 13:50:22,BTCUSDT,BINANCE,TRADE,64040,0.00029
2026-07-30 13:50:22,ETHUSDT,BINANCE,TRADE,1905.59,0.0849
2026-07-30 13:50:23,ETHUSDT,BINANCE,TRADE,1905.6,0.0176
2026-07-30 13:50:23,ETHUSDT,BINANCE,TRADE,1905.6,0.0089
2026-07-30 13:50:23,BTCUSDT,BINANCE,TRADE,64040,0.00026
2026-07-30 13:50:23,BTCUSDT,BINANCE,TRADE,64040,0.00473
2026-07-30 13:50:23,ETHUSDT,BINANCE,TRADE,1905.59,0.0048
2026-07-30 13:50:23,BTCUSDT,BINANCE,TRADE,64040,0.0003
2026-07-30 13:50:23,BTCUSDT,BINANCE,TRADE,64040,0.00149
2026-07-30 13:50:23,BTCUSDT,BINANCE,TRADE,64040,0.002
2026-07-30 13:50:23,BTCUSDT,BINANCE,TRADE,64040,0.00065
2026-07-30 13:50:23,BTCUSDT,BINANCE,TRADE,64040,0.01563
2026-07-30 13:50:23,BTCUSDT,BINANCE,TRADE,64040,0.00029
2026-07-30 13:50:23,BTCUSDT,BINANCE,TRADE,64040,0.00062
2026-07-30 13:50:23,BTCUSDT,BINANCE,TRADE,64040,0.0002
2026-07-30 13:50:23,BTCUSDT,BINANCE,TRADE,64040,0.0013
2026-07-30 13:50:23,BTCUSDT,BINANCE,TRADE,64040,0.00175
2026-07-30 13:50:23,ETHUSDT,BINANCE,TRADE,1905.6,0.0082
2026-07-30 13:50:23,BTCUSDT,BINANCE,TRADE,64040,0.00029
2026-07-30 13:50:23,BTCUSDT,BINANCE,TRADE,64040,0.00103
2026-07-30 13:50:23,BTCUSDT,BINANCE,TRADE,64040,0.00027
2026-07-30 13:50:23,ETHUSDT,BINANCE,TRADE,1905.59,0.0522
2026-07-30 13:50:23,BTCUSDT,BINANCE,TRADE,64040,0.00515
2026-07-30 13:50:23,BTCUSDT,BINANCE,TRADE,64040,1e-05
2026-07-30 13:50:23,BTCUSDT,BINANCE,TRADE,64040,0.00028
2026-07-30 13:50:23,BTCUSDT,BINANCE,TRADE,64040,0.00033
2026-07-30 13:50:23,BTCUSDT,BINANCE,TRADE,64040,0.00103
2026-07-30 13:50:23,BTCUSDT,BINANCE,TRADE,64040,0.00017
2026-07-30 13:50:23,BTCUSDT,BINANCE,TRADE,64040,0.0013
2026-07-30 13:50:23,ETHUSDT,BINANCE,TRADE,1905.6,0.0177
2026-07-30 13:50:23,SOLUSDT,BINANCE,TRADE,73.45,0.136
2026-07-30 13:50:23,BTCUSDT,BINANCE,TRADE,64040,0.00157
2026-07-30 13:50:23,BTCUSDT,BINANCE,TRADE,64040,0.00118
2026-07-30 13:50:23,BTCUSDT,BINANCE,TRADE,64040,0.00178
2026-07-30 13:50:23,BTCUSDT,BINANCE,TRADE,64040,0.00094
2026-07-30 13:50:23,BTCUSDT,BINANCE,TRADE,64040,0.002
2026-07-30 13:50:23,ETHUSDT,BINANCE,TRADE,1905.6,0.0472
2026-07-30 13:50:23,BTCUSDT,BINANCE,TRADE,64040,0.00099
2026-07-30 13:50:23,BTCUSDT,BINANCE,TRADE,64040,0.00175
2026-07-30 13:50:23,BTCUSDT,BINANCE,TRADE,64040,0.00023
2026-07-30 13:50:23,BTCUSDT,BINANCE,TRADE,64040,8e-05
2026-07-30 13:50:23,BTCUSDT,BINANCE,TRADE,64040,8e-05
2026-07-30 13:50:23,BTCUSDT,BINANCE,TRADE,64040,8e-05
2026-07-30 13:50:23,BTCUSDT,BINANCE,TRADE,64040,8e-05
2026-07-30 13:50:23,BTCUSDT,BINANCE,TRADE,64040,8e-05
2026-07-30 13:50:23,BTCUSDT,BINANCE,TRADE,64040,8e-05
2026-07-30 13:50:23,BTCUSDT,BINANCE,TRADE,64040,8e-05
2026-07-30 13:50:23,BTCUSDT,BINANCE,TRADE,64040,8e-05
2026-07-30 13:50:23,BTCUSDT,BINANCE,TRADE,64040,0.00801
2026-07-30 13:50:23,BTCUSDT,BINANCE,TRADE,64040,0.0002
2026-07-30 13:50:23,BTCUSDT,BINANCE,TRADE,64040,0.00021
2026-07-30 13:50:23,BTCUSDT,BINANCE,TRADE,64040,0.00509
2026-07-30 13:50:23,BTCUSDT,BINANCE,TRADE,64040,0.00097
2026-07-30 13:50:23,ETHUSDT,BINANCE,TRADE,1905.6,0.05
2026-07-30 13:50:23,BTCUSDT,BINANCE,TRADE,64040,0.00099
2026-07-30 13:50:23,BTCUSDT,BINANCE,TRADE,64040,0.00468
2026-07-30 13:50:23,BTCUSDT,BINANCE,TRADE,64040,0.00021
2026-07-30 13:50:23,ETHUSDT,BINANCE,TRADE,1905.6,0.0109
2026-07-30 13:50:23,BTCUSDT,BINANCE,TRADE,64040,0.00099
2026-07-30 13:50:23,BTCUSDT,BINANCE,TRADE,64040,0.00029
2026-07-30 13:50:23,BTCUSDT,BINANCE,TRADE,64040,0.00047
2026-07-30 13:50:23,BTCUSDT,BINANCE,TRADE,64040,0.0013
2026-07-30 13:50:23,BTCUSDT,BINANCE,TRADE,64040,0.00099
2026-07-30 13:50:23,BTCUSDT,BINANCE,TRADE,64040,0.00647
2026-07-30 13:50:23,ETHUSDT,BINANCE,TRADE,1905.59,0.0429
2026-07-30 13:50:23,BTCUSDT,BINANCE,TRADE,64040,0.00012
2026-07-30 13:50:24,BTCUSDT,BINANCE,TRADE,64040,0.00014
2026-07-30 13:50:24,BTCUSDT,BINANCE,TRADE,64040,0.00029
2026-07-30 13:50:24,BTCUSDT,BINANCE,TRADE,64040,0.00102
2026-07-30 13:50:24,BTCUSDT,BINANCE,TRADE,64040,0.00499
2026-07-30 13:50:24,BTCUSDT,BINANCE,TRADE,64040,0.00043
2026-07-30 13:50:24,BTCUSDT,BINANCE,TRADE,64040,0.003
2026-07-30 13:50:24,BTCUSDT,BINANCE,TRADE,64040,0.003
2026-07-30 13:50:24,BTCUSDT,BINANCE,TRADE,64040,0.003
2026-07-30 13:50:24,BTCUSDT,BINANCE,TRADE,64040,0.003
2026-07-30 13:50:24,BTCUSDT,BINANCE,TRADE,64040,0.003
2026-07-30 13:50:24,BTCUSDT,BINANCE,TRADE,64040,0.003
2026-07-30 13:50:24,BTCUSDT,BINANCE,TRADE,64040,0.003
2026-07-30 13:50:24,BTCUSDT,BINANCE,TRADE,64040,0.003
2026-07-30 13:50:24,BTCUSDT,BINANCE,TRADE,64040,0.003
2026-07-30 13:50:24,BTCUSDT,BINANCE,TRADE,64040,0.003
2026-07-30 13:50:24,BTCUSDT,BINANCE,TRADE,64040,0.003
2026-07-30 13:50:24,BTCUSDT,BINANCE,TRADE,64040,0.01562
2026-07-30 13:50:24,BTCUSDT,BINANCE,TRADE,64040,0.003
2026-07-30 13:50:24,BTCUSDT,BINANCE,TRADE,64040,0.003
2026-07-30 13:50:24,BTCUSDT,BINANCE,TRADE,64040,0.05889
2026-07-30 13:50:24,BTCUSDT,BINANCE,TRADE,64040,0.00117
2026-07-30 13:50:24,BTCUSDT,BINANCE,TRADE,64040,8e-05
2026-07-30 13:50:24,BTCUSDT,BINANCE,TRADE,64040,9e-05
2026-07-30 13:50:24,BTCUSDT,BINANCE,TRADE,64040,8e-05
2026-07-30 13:50:24,BTCUSDT,BINANCE,TRADE,64040,8e-05
2026-07-30 13:50:24,BTCUSDT,BINANCE,TRADE,64040,0.00193
2026-07-30 13:50:24,BTCUSDT,BINANCE,TRADE,64040,0.00175
2026-07-30 13:50:24,BTCUSDT,BINANCE,TRADE,64040,0.03123
2026-07-30 13:50:24,BTCUSDT,BINANCE,TRADE,64040,8e-05
2026-07-30 13:50:24,BTCUSDT,BINANCE,TRADE,64040,8e-05
2026-07-30 13:50:24,BTCUSDT,BINANCE,TRADE,64040,0.3
2026-07-30 13:50:24,BTCUSDT,BINANCE,TRADE,64040,8e-05
2026-07-30 13:50:24,BTCUSDT,BINANCE,TRADE,64040,8e-05
2026-07-30 13:50:24,BTCUSDT,BINANCE,TRADE,64040,0.18477
2026-07-30 13:50:24,BTCUSDT,BINANCE,TRADE,64040,0.0001
2026-07-30 13:50:24,BTCUSDT,BINANCE,TRADE,64040,8e-05
2026-07-30 13:50:24,BTCUSDT,BINANCE,TRADE,64040,0.00017
2026-07-30 13:50:24,BTCUSDT,BINANCE,TRADE,64040,8e-05
2026-07-30 13:50:24,BTCUSDT,BINANCE,TRADE,64040,8e-05
2026-07-30 13:50:24,BTCUSDT,BINANCE,TRADE,64040,8e-05
2026-07-30 13:50:24,BTCUSDT,BINANCE,TRADE,64040,8e-05
2026-07-30 13:50:24,BTCUSDT,BINANCE,TRADE,64040,8e-05
2026-07-30 13:50:24,BTCUSDT,BINANCE,TRADE,64040,8e-05
2026-07-30 13:50:24,BTCUSDT,BINANCE,TRADE,64040,0.00468
2026-07-30 13:50:24,BTCUSDT,BINANCE,TRADE,64040,8e-05
2026-07-30 13:50:24,BTCUSDT,BINANCE,TRADE,64040,8e-05
2026-07-30 13:50:24,BTCUSDT,BINANCE,TRADE,64040,9e-05
2026-07-30 13:50:24,BTCUSDT,BINANCE,TRADE,64040,9e-05
2026-07-30 13:50:24,BTCUSDT,BINANCE,TRADE,64040,0.00016
2026-07-30 13:50:24,BTCUSDT,BINANCE,TRADE,64040,8e-05
2026-07-30 13:50:24,BTCUSDT,BINANCE,TRADE,64040,8e-05
2026-07-30 13:50:24,BTCUSDT,BINANCE,TRADE,64040,8e-05
2026-07-30 13:50:24,BTCUSDT,BINANCE,TRADE,64040,8e-05
2026-07-30 13:50:24,BTCUSDT,BINANCE,TRADE,64040,8e-05
2026-07-30 13:50:24,BTCUSDT,BINANCE,TRADE,64040,8e-05
2026-07-30 13:50:24,BTCUSDT,BINANCE,TRADE,64040,8e-05
2026-07-30 13:50:24,BTCUSDT,BINANCE,TRADE,64040,8e-05
2026-07-30 13:50:24,BTCUSDT,BINANCE,TRADE,64040,8e-05
2026-07-30 13:50:24,BTCUSDT,BINANCE,TRADE,64040,8e-05
2026-07-30 13:50:24,BTCUSDT,BINANCE,TRADE,64040,9e-05
2026-07-30 13:50:24,BTCUSDT,BINANCE,TRADE,64040,8e-05
2026-07-30 13:50:24,BTCUSDT,BINANCE,TRADE,64040,8e-05
2026-07-30 13:50:24,BTCUSDT,BINANCE,TRADE,64040,8e-05
2026-07-30 13:50:24,BTCUSDT,BINANCE,TRADE,64040,9e-05
2026-07-30 13:50:24,BTCUSDT,BINANCE,TRADE,64040,8e-05
2026-07-30 13:50:24,BTCUSDT,BINANCE,TRADE,64040,8e-05
2026-07-30 13:50:24,BTCUSDT,BINANCE,TRADE,64040,8e-05
2026-07-30 13:50:24,BTCUSDT,BINANCE,TRADE,64040,8e-05
2026-07-30 13:50:24,BTCUSDT,BINANCE,TRADE,64040,0.00016
2026-07-30 13:50:24,BTCUSDT,BINANCE,TRADE,64040,0.00016
2026-07-30 13:50:24,BTCUSDT,BINANCE,TRADE,64041.2,8e-05
2026-07-30 13:50:24,BTCUSDT,BINANCE,TRADE,64041.2,8e-05
2026-07-30 13:50:24,BTCUSDT,BINANCE,TRADE,64041.5,9e-05
2026-07-30 13:50:24,BTCUSDT,BINANCE,TRADE,64041.5,9e-05
2026-07-30 13:50:24,BTCUSDT,BINANCE,TRADE,64041.5,9e-05
2026-07-30 13:50:24,BTCUSDT,BINANCE,TRADE,64041.5,9e-05
2026-07-30 13:50:24,BTCUSDT,BINANCE,TRADE,64041.5,9e-05
2026-07-30 13:50:24,BTCUSDT,BINANCE,TRADE,64042,9e-05
2026-07-30 13:50:24,BTCUSDT,BINANCE,TRADE,64042,9e-05
2026-07-30 13:50:24,BTCUSDT,BINANCE,TRADE,64042,9e-05
2026-07-30 13:50:24,BTCUSDT,BINANCE,TRADE,64042,0.00212
2026-07-30 13:50:24,BTCUSDT,BINANCE,TRADE,64042,0.00288
2026-07-30 13:50:24,BTCUSDT,BINANCE,TRADE,64042,0.00012
2026-07-30 13:50:24,BTCUSDT,BINANCE,TRADE,64042,0.003
2026-07-30 13:50:24,BTCUSDT,BINANCE,TRADE,64042,0.00188
2026-07-30 13:50:24,BTCUSDT,BINANCE,TRADE,64042,0.00112
2026-07-30 13:50:24,BTCUSDT,BINANCE,TRADE,64042,0.003
2026-07-30 13:50:24,BTCUSDT,BINANCE,TRADE,64042,0.00388
2026-07-30 13:50:24,BTCUSDT,BINANCE,TRADE,64042,0.006
2026-07-30 13:50:24,BTCUSDT,BINANCE,TRADE,64042,9e-05
2026-07-30 13:50:24,BTCUSDT,BINANCE,TRADE,64042,9e-05
2026-07-30 13:50:24,BTCUSDT,BINANCE,TRADE,64042.6,8e-05
2026-07-30 13:50:24,BTCUSDT,BINANCE,TRADE,64042.7,9e-05
2026-07-30 13:50:24,BTCUSDT,BINANCE,TRADE,64042.8,8e-05
2026-07-30 13:50:24,BTCUSDT,BINANCE,TRADE,64042.8,0.00024
2026-07-30 13:50:24,BTCUSDT,BINANCE,TRADE,64043.1,0.00012
2026-07-30 13:50:24,BTCUSDT,BINANCE,TRADE,64043.2,8e-05
2026-07-30 13:50:24,BTCUSDT,BINANCE,TRADE,64043.2,8e-05
2026-07-30 13:50:24,BTCUSDT,BINANCE,TRADE,64043.4,0.00023
2026-07-30 13:50:24,BTCUSDT,BINANCE,TRADE,64043.4,8e-05
2026-07-30 13:50:24,BTCUSDT,BINANCE,TRADE,64043.4,8e-05
2026-07-30 13:50:24,BTCUSDT,BINANCE,TRADE,64044,9e-05
2026-07-30 13:50:24,BTCUSDT,BINANCE,TRADE,64044,9e-05
2026-07-30 13:50:24,BTCUSDT,BINANCE,TRADE,64044,9e-05
2026-07-30 13:50:24,BTCUSDT,BINANCE,TRADE,64044,8e-05
2026-07-30 13:50:24,BTCUSDT,BINANCE,TRADE,64044,0.005
2026-07-30 13:50:24,BTCUSDT,BINANCE,TRADE,64044,0.00343
2026-07-30 13:50:24,BTCUSDT,BINANCE,TRADE,64044,0.00157
2026-07-30 13:50:24,BTCUSDT,BINANCE,TRADE,64044,0.00143
2026-07-30 13:50:24,BTCUSDT,BINANCE,TRADE,64044,0.00657
2026-07-30 13:50:24,BTCUSDT,BINANCE,TRADE,64044,0.00343
2026-07-30 13:50:24,BTCUSDT,BINANCE,TRADE,64044,0.00257
2026-07-30 13:50:24,BTCUSDT,BINANCE,TRADE,64044,9e-05
2026-07-30 13:50:24,BTCUSDT,BINANCE,TRADE,64044,9e-05
2026-07-30 13:50:24,BTCUSDT,BINANCE,TRADE,64044.5,8e-05
2026-07-30 13:50:24,BTCUSDT,BINANCE,TRADE,64044.6,9e-05
2026-07-30 13:50:24,BTCUSDT,BINANCE,TRADE,64044.6,8e-05
2026-07-30 13:50:24,ETHUSDT,BINANCE,TRADE,1905.6,0.01
2026-07-30 13:50:24,ETHUSDT,BINANCE,TRADE,1905.6,0.0741
2026-07-30 13:50:24,ETHUSDT,BINANCE,TRADE,1905.6,0.01
2026-07-30 13:50:24,ETHUSDT,BINANCE,TRADE,1905.6,0.01
2026-07-30 13:50:24,ETHUSDT,BINANCE,TRADE,1905.6,1.8108
2026-07-30 13:50:24,ETHUSDT,BINANCE,TRADE,1905.6,0.01
2026-07-30 13:50:24,ETHUSDT,BINANCE,TRADE,1905.6,0.01
2026-07-30 13:50:24,ETHUSDT,BINANCE,TRADE,1905.6,0.01
2026-07-30 13:50:24,ETHUSDT,BINANCE,TRADE,1905.6,0.01
2026-07-30 13:50:24,BTCUSDT,BINANCE,TRADE,64044.6,1e-05
2026-07-30 13:50:24,BTCUSDT,BINANCE,TRADE,64044.6,9e-05
2026-07-30 13:50:24,BTCUSDT,BINANCE,TRADE,64044.6,9e-05
2026-07-30 13:50:24,BTCUSDT,BINANCE,TRADE,64044.6,9e-05
2026-07-30 13:50:24,BTCUSDT,BINANCE,TRADE,64044.7,0.02107
2026-07-30 13:50:24,BTCUSDT,BINANCE,TRADE,64044.7,0.00234
2026-07-30 13:50:24,BTCUSDT,BINANCE,TRADE,64044.7,9e-05
2026-07-30 13:50:24,BTCUSDT,BINANCE,TRADE,64044.7,9e-05
2026-07-30 13:50:24,BTCUSDT,BINANCE,TRADE,64044.8,9e-05
2026-07-30 13:50:24,BTCUSDT,BINANCE,TRADE,64045,8e-05
2026-07-30 13:50:24,BTCUSDT,BINANCE,TRADE,64045.1,8e-05
2026-07-30 13:50:24,BTCUSDT,BINANCE,TRADE,64045.2,8e-05
2026-07-30 13:50:24,BTCUSDT,BINANCE,TRADE,64045.2,8e-05
2026-07-30 13:50:24,BTCUSDT,BINANCE,TRADE,64045.2,9e-05
2026-07-30 13:50:24,BTCUSDT,BINANCE,TRADE,64045.2,0.01563
2026-07-30 13:50:24,ETHUSDT,BINANCE,TRADE,1905.6,1.6822
2026-07-30 13:50:24,ETHUSDT,BINANCE,TRADE,1905.6,0.8156
2026-07-30 13:50:24,ETHUSDT,BINANCE,TRADE,1905.6,0.0027
2026-07-30 13:50:24,ETHUSDT,BINANCE,TRADE,1905.6,0.0028
2026-07-30 13:50:24,ETHUSDT,BINANCE,TRADE,1905.6,0.0027
2026-07-30 13:50:24,ETHUSDT,BINANCE,TRADE,1905.6,0.0027
2026-07-30 13:50:24,ETHUSDT,BINANCE,TRADE,1905.6,0.0028
2026-07-30 13:50:24,ETHUSDT,BINANCE,TRADE,1905.6,0.0027
2026-07-30 13:50:24,ETHUSDT,BINANCE,TRADE,1905.6,0.0028
2026-07-30 13:50:24,ETHUSDT,BINANCE,TRADE,1905.6,0.0028
2026-07-30 13:50:24,ETHUSDT,BINANCE,TRADE,1905.6,0.0027
2026-07-30 13:50:24,ETHUSDT,BINANCE,TRADE,1905.6,0.021
2026-07-30 13:50:24,ETHUSDT,BINANCE,TRADE,1905.6,0.0027
2026-07-30 13:50:24,ETHUSDT,BINANCE,TRADE,1905.6,0.0027
2026-07-30 13:50:24,ETHUSDT,BINANCE,TRADE,1905.6,0.0027
2026-07-30 13:50:24,ETHUSDT,BINANCE,TRADE,1905.6,0.021
2026-07-30 13:50:24,ETHUSDT,BINANCE,TRADE,1905.6,0.0053
2026-07-30 13:50:24,ETHUSDT,BINANCE,TRADE,1905.6,0.0027
2026-07-30 13:50:24,ETHUSDT,BINANCE,TRADE,1905.6,0.0027
2026-07-30 13:50:24,ETHUSDT,BINANCE,TRADE,1905.6,0.0028
2026-07-30 13:50:24,ETHUSDT,BINANCE,TRADE,1905.6,0.0027
2026-07-30 13:50:24,ETHUSDT,BINANCE,TRADE,1905.6,0.0027
2026-07-30 13:50:24,ETHUSDT,BINANCE,TRADE,1905.6,0.0027
2026-07-30 13:50:24,ETHUSDT,BINANCE,TRADE,1905.6,0.0027
2026-07-30 13:50:24,ETHUSDT,BINANCE,TRADE,1905.6,0.0027
2026-07-30 13:50:24,ETHUSDT,BINANCE,TRADE,1905.6,0.0027
2026-07-30 13:50:24,ETHUSDT,BINANCE,TRADE,1905.61,0.0028
2026-07-30 13:50:24,ETHUSDT,BINANCE,TRADE,1905.61,0.0027
2026-07-30 13:50:24,ETHUSDT,BINANCE,TRADE,1905.61,0.6526
2026-07-30 13:50:24,ETHUSDT,BINANCE,TRADE,1905.61,0.1031
2026-07-30 13:50:24,ETHUSDT,BINANCE,TRADE,1905.61,0.0027
2026-07-30 13:50:24,ETHUSDT,BINANCE,TRADE,1905.61,0.0027
2026-07-30 13:50:24,ETHUSDT,BINANCE,TRADE,1905.61,0.0053
2026-07-30 13:50:24,ETHUSDT,BINANCE,TRADE,1905.61,0.0027
2026-07-30 13:50:24,ETHUSDT,BINANCE,TRADE,1905.61,0.0027
2026-07-30 13:50:24,ETHUSDT,BINANCE,TRADE,1905.61,0.0027
2026-07-30 13:50:24,ETHUSDT,BINANCE,TRADE,1905.61,0.0027
2026-07-30 13:50:24,ETHUSDT,BINANCE,TRADE,1905.62,0.0027
2026-07-30 13:50:24,ETHUSDT,BINANCE,TRADE,1905.62,0.0028
2026-07-30 13:50:24,ETHUSDT,BINANCE,TRADE,1905.62,0.0053
2026-07-30 13:50:24,ETHUSDT,BINANCE,TRADE,1905.62,0.0027
2026-07-30 13:50:24,ETHUSDT,BINANCE,TRADE,1905.62,0.0027
2026-07-30 13:50:24,ETHUSDT,BINANCE,TRADE,1905.62,0.0027
2026-07-30 13:50:24,ETHUSDT,BINANCE,TRADE,1905.62,0.0027
2026-07-30 13:50:24,ETHUSDT,BINANCE,TRADE,1905.63,0.0027
2026-07-30 13:50:24,ETHUSDT,BINANCE,TRADE,1905.63,0.0028
2026-07-30 13:50:24,ETHUSDT,BINANCE,TRADE,1905.63,0.0027
2026-07-30 13:50:24,ETHUSDT,BINANCE,TRADE,1905.64,0.0028
2026-07-30 13:50:24,ETHUSDT,BINANCE,TRADE,1905.64,0.0027
2026-07-30 13:50:24,ETHUSDT,BINANCE,TRADE,1905.65,0.0027
2026-07-30 13:50:24,ETHUSDT,BINANCE,TRADE,1905.65,0.0028
2026-07-30 13:50:24,ETHUSDT,BINANCE,TRADE,1905.65,0.0027
2026-07-30 13:50:24,ETHUSDT,BINANCE,TRADE,1905.65,0.0027
2026-07-30 13:50:24,ETHUSDT,BINANCE,TRADE,1905.65,0.0027
2026-07-30 13:50:24,ETHUSDT,BINANCE,TRADE,1905.65,0.0027
2026-07-30 13:50:24,ETHUSDT,BINANCE,TRADE,1905.66,0.0027
2026-07-30 13:50:24,ETHUSDT,BINANCE,TRADE,1905.66,0.0027
2026-07-30 13:50:24,ETHUSDT,BINANCE,TRADE,1905.66,0.0028
2026-07-30 13:50:24,ETHUSDT,BINANCE,TRADE,1905.66,0.0027
2026-07-30 13:50:24,ETHUSDT,BINANCE,TRADE,1905.66,0.0027
2026-07-30 13:50:24,ETHUSDT,BINANCE,TRADE,1905.66,0.0027
2026-07-30 13:50:24,ETHUSDT,BINANCE,TRADE,1905.66,0.0027
2026-07-30 13:50:24,ETHUSDT,BINANCE,TRADE,1905.67,0.0027
2026-07-30 13:50:24,ETHUSDT,BINANCE,TRADE,1905.67,0.0028
2026-07-30 13:50:24,ETHUSDT,BINANCE,TRADE,1905.67,0.0027
2026-07-30 13:50:24,ETHUSDT,BINANCE,TRADE,1905.68,0.0027
2026-07-30 13:50:24,ETHUSDT,BINANCE,TRADE,1905.68,0.0028
2026-07-30 13:50:24,ETHUSDT,BINANCE,TRADE,1905.68,0.0027
2026-07-30 13:50:24,ETHUSDT,BINANCE,TRADE,1905.68,0.0027
2026-07-30 13:50:24,ETHUSDT,BINANCE,TRADE,1905.68,0.0027
2026-07-30 13:50:24,ETHUSDT,BINANCE,TRADE,1905.68,0.0027
2026-07-30 13:50:24,ETHUSDT,BINANCE,TRADE,1905.68,0.0027
2026-07-30 13:50:24,ETHUSDT,BINANCE,TRADE,1905.69,0.0028
2026-07-30 13:50:24,ETHUSDT,BINANCE,TRADE,1905.7,0.0027
2026-07-30 13:50:24,ETHUSDT,BINANCE,TRADE,1905.7,0.0027
2026-07-30 13:50:24,ETHUSDT,BINANCE,TRADE,1905.7,0.0027
2026-07-30 13:50:24,ETHUSDT,BINANCE,TRADE,1905.7,0.0027
2026-07-30 13:50:24,ETHUSDT,BINANCE,TRADE,1905.71,0.0028
2026-07-30 13:50:24,ETHUSDT,BINANCE,TRADE,1905.71,0.0028
2026-07-30 13:50:24,ETHUSDT,BINANCE,TRADE,1905.71,0.0028
2026-07-30 13:50:24,BTCUSDT,BINANCE,TRADE,64045.2,0.0004
2026-07-30 13:50:24,ETHUSDT,BINANCE,TRADE,1905.72,0.003
2026-07-30 13:50:24,ETHUSDT,BINANCE,TRADE,1905.72,0.0027
2026-07-30 13:50:24,ETHUSDT,BINANCE,TRADE,1905.72,0.0027
2026-07-30 13:50:24,ETHUSDT,BINANCE,TRADE,1905.72,0.0027
2026-07-30 13:50:24,ETHUSDT,BINANCE,TRADE,1905.72,0.0027
2026-07-30 13:50:24,ETHUSDT,BINANCE,TRADE,1905.72,0.0027
2026-07-30 13:50:24,ETHUSDT,BINANCE,TRADE,1905.72,0.0027
2026-07-30 13:50:24,ETHUSDT,BINANCE,TRADE,1905.72,0.0027
2026-07-30 13:50:24,ETHUSDT,BINANCE,TRADE,1905.72,0.0027
2026-07-30 13:50:24,ETHUSDT,BINANCE,TRADE,1905.72,0.0027
2026-07-30 13:50:24,ETHUSDT,BINANCE,TRADE,1905.73,0.0027
2026-07-30 13:50:24,ETHUSDT,BINANCE,TRADE,1905.73,0.0027
2026-07-30 13:50:24,ETHUSDT,BINANCE,TRADE,1905.73,0.0028
2026-07-30 13:50:24,ETHUSDT,BINANCE,TRADE,1905.73,0.0028
2026-07-30 13:50:24,ETHUSDT,BINANCE,TRADE,1905.73,0.0027
2026-07-30 13:50:24,ETHUSDT,BINANCE,TRADE,1905.73,0.0027
2026-07-30 13:50:24,ETHUSDT,BINANCE,TRADE,1905.73,0.0028
2026-07-30 13:50:24,SOLUSDT,BINANCE,TRADE,73.46,3.428
2026-07-30 13:50:24,BTCUSDT,BINANCE,TRADE,64045.2,8e-05
2026-07-30 13:50:24,BTCUSDT,BINANCE,TRADE,64045.2,9e-05
2026-07-30 13:50:24,BTCUSDT,BINANCE,TRADE,64045.2,9e-05
2026-07-30 13:50:24,BTCUSDT,BINANCE,TRADE,64045.2,8e-05
2026-07-30 13:50:24,BTCUSDT,BINANCE,TRADE,64045.2,0.00126
2026-07-30 13:50:24,BTCUSDT,BINANCE,TRADE,64045.2,0.0014
2026-07-30 13:50:24,BTCUSDT,BINANCE,TRADE,64045.2,0.0013
2026-07-30 13:50:24,BTCUSDT,BINANCE,TRADE,64045.2,0.00417
2026-07-30 13:50:24,BTCUSDT,BINANCE,TRADE,64045.2,0.022
2026-07-30 13:50:24,BTCUSDT,BINANCE,TRADE,64045.2,0.00769
2026-07-30 13:50:24,BTCUSDT,BINANCE,TRADE,64045.2,0.022
2026-07-30 13:50:24,BTCUSDT,BINANCE,TRADE,64045.2,0.00027
2026-07-30 13:50:24,BTCUSDT,BINANCE,TRADE,64045.2,0.00102
2026-07-30 13:50:24,ETHUSDT,BINANCE,TRADE,1905.73,0.0661
2026-07-30 13:50:24,ETHUSDT,BINANCE,TRADE,1905.74,0.0027
2026-07-30 13:50:24,ETHUSDT,BINANCE,TRADE,1905.74,0.0027
2026-07-30 13:50:24,ETHUSDT,BINANCE,TRADE,1905.74,0.0027
2026-07-30 13:50:24,ETHUSDT,BINANCE,TRADE,1905.74,0.0027
2026-07-30 13:50:24,ETHUSDT,BINANCE,TRADE,1905.74,0.0027
2026-07-30 13:50:24,ETHUSDT,BINANCE,TRADE,1905.74,0.0028
2026-07-30 13:50:24,ETHUSDT,BINANCE,TRADE,1905.74,0.0027
2026-07-30 13:50:24,ETHUSDT,BINANCE,TRADE,1905.74,0.0027
2026-07-30 13:50:24,ETHUSDT,BINANCE,TRADE,1905.74,0.0028
2026-07-30 13:50:24,ETHUSDT,BINANCE,TRADE,1905.74,0.0027
2026-07-30 13:50:24,ETHUSDT,BINANCE,TRADE,1905.74,0.0027
2026-07-30 13:50:24,ETHUSDT,BINANCE,TRADE,1905.75,0.0027
2026-07-30 13:50:24,ETHUSDT,BINANCE,TRADE,1905.75,0.0027
2026-07-30 13:50:24,ETHUSDT,BINANCE,TRADE,1905.75,0.0027
2026-07-30 13:50:24,ETHUSDT,BINANCE,TRADE,1905.75,0.0028
2026-07-30 13:50:24,ETHUSDT,BINANCE,TRADE,1905.75,0.0027
2026-07-30 13:50:24,ETHUSDT,BINANCE,TRADE,1905.76,0.0027
2026-07-30 13:50:24,ETHUSDT,BINANCE,TRADE,1905.76,0.0028
2026-07-30 13:50:24,ETHUSDT,BINANCE,TRADE,1905.76,0.0027
2026-07-30 13:50:24,ETHUSDT,BINANCE,TRADE,1905.77,0.0108
2026-07-30 13:50:24,ETHUSDT,BINANCE,TRADE,1905.77,0.0027
2026-07-30 13:50:24,ETHUSDT,BINANCE,TRADE,1905.77,0.0028
2026-07-30 13:50:24,ETHUSDT,BINANCE,TRADE,1905.77,0.0027
2026-07-30 13:50:24,ETHUSDT,BINANCE,TRADE,1905.78,0.0027
2026-07-30 13:50:24,ETHUSDT,BINANCE,TRADE,1905.78,0.0028
2026-07-30 13:50:24,ETHUSDT,BINANCE,TRADE,1905.78,0.0027
2026-07-30 13:50:24,ETHUSDT,BINANCE,TRADE,1905.78,0.0027
2026-07-30 13:50:24,ETHUSDT,BINANCE,TRADE,1905.78,0.0027
2026-07-30 13:50:24,ETHUSDT,BINANCE,TRADE,1905.78,0.0027
2026-07-30 13:50:24,ETHUSDT,BINANCE,TRADE,1905.79,0.0027
2026-07-30 13:50:24,ETHUSDT,BINANCE,TRADE,1905.79,0.0028
2026-07-30 13:50:24,ETHUSDT,BINANCE,TRADE,1905.79,0.0028
2026-07-30 13:50:24,ETHUSDT,BINANCE,TRADE,1905.79,0.0028
2026-07-30 13:50:24,ETHUSDT,BINANCE,TRADE,1905.79,0.0027
2026-07-30 13:50:24,ETHUSDT,BINANCE,TRADE,1905.79,0.0028
2026-07-30 13:50:24,BTCUSDT,BINANCE,TRADE,64045.2,0.00312
2026-07-30 13:50:24,BTCUSDT,BINANCE,TRADE,64045.2,0.00025
2026-07-30 13:50:24,BTCUSDT,BINANCE,TRADE,64045.2,0.00266
2026-07-30 13:50:24,BTCUSDT,BINANCE,TRADE,64045.2,0.001
2026-07-30 13:50:24,BTCUSDT,BINANCE,TRADE,64045.2,0.00048
2026-07-30 13:50:24,BTCUSDT,BINANCE,TRADE,64045.2,0.00299
2026-07-30 13:50:24,BTCUSDT,BINANCE,TRADE,64045.2,0.0018
2026-07-30 13:50:24,BTCUSDT,BINANCE,TRADE,64045.2,0.002
2026-07-30 13:50:24,BTCUSDT,BINANCE,TRADE,64045.2,0.01563
2026-07-30 13:50:24,BTCUSDT,BINANCE,TRADE,64045.2,0.00028
2026-07-30 13:50:24,BTCUSDT,BINANCE,TRADE,64045.2,0.00122
2026-07-30 13:50:24,BTCUSDT,BINANCE,TRADE,64045.2,8e-05
2026-07-30 13:50:24,BTCUSDT,BINANCE,TRADE,64045.2,0.01721
2026-07-30 13:50:24,BTCUSDT,BINANCE,TRADE,64045.2,0.00157
2026-07-30 13:50:24,BTCUSDT,BINANCE,TRADE,64045.2,0.00156
2026-07-30 13:50:24,BTCUSDT,BINANCE,TRADE,64045.2,0.0003
2026-07-30 13:50:24,BTCUSDT,BINANCE,TRADE,64045.2,0.0013
2026-07-30 13:50:24,BTCUSDT,BINANCE,TRADE,64045.2,0.00021
2026-07-30 13:50:24,BTCUSDT,BINANCE,TRADE,64045.2,0.00037
2026-07-30 13:50:24,BTCUSDT,BINANCE,TRADE,64045.2,0.00059
2026-07-30 13:50:24,BTCUSDT,BINANCE,TRADE,64045.2,0.00079
2026-07-30 13:50:24,BTCUSDT,BINANCE,TRADE,64045.2,0.00029
2026-07-30 13:50:24,BTCUSDT,BINANCE,TRADE,64045.2,0.00016
2026-07-30 13:50:24,BTCUSDT,BINANCE,TRADE,64045.2,0.00468
2026-07-30 13:50:24,BTCUSDT,BINANCE,TRADE,64045.2,0.0013
2026-07-30 13:50:25,BTCUSDT,BINANCE,TRADE,64045.2,0.00021
2026-07-30 13:50:25,BTCUSDT,BINANCE,TRADE,64045.2,0.00025
2026-07-30 13:50:25,BTCUSDT,BINANCE,TRADE,64045.2,0.00065
2026-07-30 13:50:25,BTCUSDT,BINANCE,TRADE,64045.2,0.00038
2026-07-30 13:50:25,BTCUSDT,BINANCE,TRADE,64045.2,0.0023
2026-07-30 13:50:25,ETHUSDT,BINANCE,TRADE,1905.79,0.0109
2026-07-30 13:50:25,BTCUSDT,BINANCE,TRADE,64045.2,0.00033
2026-07-30 13:50:25,BTCUSDT,BINANCE,TRADE,64045.2,0.00647
2026-07-30 13:50:25,BTCUSDT,BINANCE,TRADE,64045.2,0.00499
2026-07-30 13:50:25,BTCUSDT,BINANCE,TRADE,64045.2,0.00028
2026-07-30 13:50:25,BTCUSDT,BINANCE,TRADE,64045.2,0.00098
2026-07-30 13:50:25,BTCUSDT,BINANCE,TRADE,64045.2,0.0013
2026-07-30 13:50:25,BTCUSDT,BINANCE,TRADE,64045.2,0.00014
2026-07-30 13:50:25,BTCUSDT,BINANCE,TRADE,64045.2,0.00029
2026-07-30 13:50:25,ETHUSDT,BINANCE,TRADE,1905.79,0.5268
2026-07-30 13:50:25,BTCUSDT,BINANCE,TRADE,64045.2,0.00029
2026-07-30 13:50:25,BTCUSDT,BINANCE,TRADE,64045.2,0.00082
2026-07-30 13:50:25,BTCUSDT,BINANCE,TRADE,64045.2,0.00017
2026-07-30 13:50:25,BTCUSDT,BINANCE,TRADE,64045.2,0.00098
2026-07-30 13:50:25,BTCUSDT,BINANCE,TRADE,64045.2,0.0003
2026-07-30 13:50:25,BTCUSDT,BINANCE,TRADE,64045.2,0.00064
2026-07-30 13:50:25,BTCUSDT,BINANCE,TRADE,64045.2,0.0013
2026-07-30 13:50:25,BTCUSDT,BINANCE,TRADE,64045.2,0.00104
2026-07-30 13:50:25,BTCUSDT,BINANCE,TRADE,64045.2,0.0002
2026-07-30 13:50:25,BTCUSDT,BINANCE,TRADE,64045.2,0.00029
2026-07-30 13:50:25,BTCUSDT,BINANCE,TRADE,64045.2,0.002
2026-07-30 13:50:25,BTCUSDT,BINANCE,TRADE,64045.2,0.00029
2026-07-30 13:50:25,ETHUSDT,BINANCE,TRADE,1905.79,0.3451
2026-07-30 13:50:25,ETHUSDT,BINANCE,TRADE,1905.8,0.0027
2026-07-30 13:50:25,ETHUSDT,BINANCE,TRADE,1905.8,0.0028
2026-07-30 13:50:25,ETHUSDT,BINANCE,TRADE,1905.8,0.0027
2026-07-30 13:50:25,ETHUSDT,BINANCE,TRADE,1905.8,0.0027
2026-07-30 13:50:25,ETHUSDT,BINANCE,TRADE,1905.8,0.0027
2026-07-30 13:50:25,ETHUSDT,BINANCE,TRADE,1905.8,0.0027
2026-07-30 13:50:25,ETHUSDT,BINANCE,TRADE,1905.8,0.0028
2026-07-30 13:50:25,ETHUSDT,BINANCE,TRADE,1905.8,0.0027
2026-07-30 13:50:25,ETHUSDT,BINANCE,TRADE,1905.8,0.0027
2026-07-30 13:50:25,ETHUSDT,BINANCE,TRADE,1905.8,0.0027
2026-07-30 13:50:25,ETHUSDT,BINANCE,TRADE,1905.8,0.0027
2026-07-30 13:50:25,ETHUSDT,BINANCE,TRADE,1905.8,0.0027
2026-07-30 13:50:25,ETHUSDT,BINANCE,TRADE,1905.8,0.0214
2026-07-30 13:50:25,ETHUSDT,BINANCE,TRADE,1905.8,0.0027
2026-07-30 13:50:25,ETHUSDT,BINANCE,TRADE,1905.8,0.0053
2026-07-30 13:50:25,ETHUSDT,BINANCE,TRADE,1905.8,0.0027
2026-07-30 13:50:25,ETHUSDT,BINANCE,TRADE,1905.8,0.0027
2026-07-30 13:50:25,ETHUSDT,BINANCE,TRADE,1905.8,0.0027
2026-07-30 13:50:25,ETHUSDT,BINANCE,TRADE,1905.81,0.0027
2026-07-30 13:50:25,ETHUSDT,BINANCE,TRADE,1905.81,0.0028
2026-07-30 13:50:25,ETHUSDT,BINANCE,TRADE,1905.81,0.0027
2026-07-30 13:50:25,ETHUSDT,BINANCE,TRADE,1905.81,0.0027
2026-07-30 13:50:25,ETHUSDT,BINANCE,TRADE,1905.81,0.0053
2026-07-30 13:50:25,ETHUSDT,BINANCE,TRADE,1905.81,0.0027
2026-07-30 13:50:25,ETHUSDT,BINANCE,TRADE,1905.81,0.192
2026-07-30 13:50:25,ETHUSDT,BINANCE,TRADE,1905.81,0.0027
2026-07-30 13:50:25,ETHUSDT,BINANCE,TRADE,1905.81,0.0027
2026-07-30 13:50:25,ETHUSDT,BINANCE,TRADE,1905.81,0.0027
2026-07-30 13:50:25,ETHUSDT,BINANCE,TRADE,1905.81,0.0027
2026-07-30 13:50:25,ETHUSDT,BINANCE,TRADE,1905.81,0.0027
2026-07-30 13:50:25,ETHUSDT,BINANCE,TRADE,1905.81,0.0027
2026-07-30 13:50:25,ETHUSDT,BINANCE,TRADE,1905.82,0.0027
2026-07-30 13:50:25,ETHUSDT,BINANCE,TRADE,1905.82,0.0028
2026-07-30 13:50:25,ETHUSDT,BINANCE,TRADE,1905.82,0.0053
2026-07-30 13:50:25,ETHUSDT,BINANCE,TRADE,1905.82,0.0027
2026-07-30 13:50:25,ETHUSDT,BINANCE,TRADE,1905.82,0.0027
2026-07-30 13:50:25,ETHUSDT,BINANCE,TRADE,1905.83,0.0027
2026-07-30 13:50:25,ETHUSDT,BINANCE,TRADE,1905.83,0.0028
2026-07-30 13:50:25,ETHUSDT,BINANCE,TRADE,1905.83,0.0027
2026-07-30 13:50:25,ETHUSDT,BINANCE,TRADE,1905.83,0.0027
2026-07-30 13:50:25,ETHUSDT,BINANCE,TRADE,1905.83,0.0027
2026-07-30 13:50:25,ETHUSDT,BINANCE,TRADE,1905.83,0.0027
2026-07-30 13:50:25,ETHUSDT,BINANCE,TRADE,1905.84,0.003
2026-07-30 13:50:25,ETHUSDT,BINANCE,TRADE,1905.84,0.0027
2026-07-30 13:50:25,ETHUSDT,BINANCE,TRADE,1905.84,0.0027
2026-07-30 13:50:25,ETHUSDT,BINANCE,TRADE,1905.84,0.0028
2026-07-30 13:50:25,ETHUSDT,BINANCE,TRADE,1905.84,0.0027
2026-07-30 13:50:25,ETHUSDT,BINANCE,TRADE,1905.84,0.0027
2026-07-30 13:50:25,ETHUSDT,BINANCE,TRADE,1905.84,0.0027
2026-07-30 13:50:25,ETHUSDT,BINANCE,TRADE,1905.84,0.0027
2026-07-30 13:50:25,ETHUSDT,BINANCE,TRADE,1905.85,0.05
2026-07-30 13:50:25,ETHUSDT,BINANCE,TRADE,1905.85,0.0027
2026-07-30 13:50:25,ETHUSDT,BINANCE,TRADE,1905.85,0.0028
2026-07-30 13:50:25,ETHUSDT,BINANCE,TRADE,1905.85,0.0027
2026-07-30 13:50:25,ETHUSDT,BINANCE,TRADE,1905.86,0.0027
2026-07-30 13:50:25,ETHUSDT,BINANCE,TRADE,1905.86,0.0028
2026-07-30 13:50:25,ETHUSDT,BINANCE,TRADE,1905.86,0.0027
2026-07-30 13:50:25,ETHUSDT,BINANCE,TRADE,1905.86,0.0027
2026-07-30 13:50:25,ETHUSDT,BINANCE,TRADE,1905.86,0.0027
2026-07-30 13:50:25,ETHUSDT,BINANCE,TRADE,1905.86,0.0027
2026-07-30 13:50:25,ETHUSDT,BINANCE,TRADE,1905.87,0.0027
2026-07-30 13:50:25,ETHUSDT,BINANCE,TRADE,1905.87,0.0028
2026-07-30 13:50:25,ETHUSDT,BINANCE,TRADE,1905.87,0.0027
2026-07-30 13:50:25,ETHUSDT,BINANCE,TRADE,1905.87,0.0027
2026-07-30 13:50:25,ETHUSDT,BINANCE,TRADE,1905.87,0.0027
2026-07-30 13:50:25,ETHUSDT,BINANCE,TRADE,1905.87,0.0027
2026-07-30 13:50:25,ETHUSDT,BINANCE,TRADE,1905.87,0.0027
2026-07-30 13:50:25,ETHUSDT,BINANCE,TRADE,1905.88,0.0027
2026-07-30 13:50:25,ETHUSDT,BINANCE,TRADE,1905.88,0.0028
2026-07-30 13:50:25,ETHUSDT,BINANCE,TRADE,1905.88,0.0027
2026-07-30 13:50:25,ETHUSDT,BINANCE,TRADE,1905.88,0.0027
2026-07-30 13:50:25,ETHUSDT,BINANCE,TRADE,1905.88,0.0027
2026-07-30 13:50:25,ETHUSDT,BINANCE,TRADE,1905.88,0.0027
2026-07-30 13:50:25,ETHUSDT,BINANCE,TRADE,1905.89,0.0546
2026-07-30 13:50:25,ETHUSDT,BINANCE,TRADE,1905.89,0.0027
2026-07-30 13:50:25,ETHUSDT,BINANCE,TRADE,1905.89,0.0028
2026-07-30 13:50:25,ETHUSDT,BINANCE,TRADE,1905.89,0.0027
2026-07-30 13:50:25,ETHUSDT,BINANCE,TRADE,1905.9,0.0027
2026-07-30 13:50:25,ETHUSDT,BINANCE,TRADE,1905.9,0.0027
2026-07-30 13:50:25,ETHUSDT,BINANCE,TRADE,1905.9,0.1634
2026-07-30 13:50:25,BTCUSDT,BINANCE,TRADE,64045.2,0.00537
2026-07-30 13:50:25,ETHUSDT,BINANCE,TRADE,1905.9,0.407
2026-07-30 13:50:25,ETHUSDT,BINANCE,TRADE,1905.9,0.0027
2026-07-30 13:50:25,ETHUSDT,BINANCE,TRADE,1905.9,0.0027
2026-07-30 13:50:25,ETHUSDT,BINANCE,TRADE,1905.9,0.0027
2026-07-30 13:50:25,ETHUSDT,BINANCE,TRADE,1905.9,0.0027
2026-07-30 13:50:25,ETHUSDT,BINANCE,TRADE,1905.9,0.0027
2026-07-30 13:50:25,ETHUSDT,BINANCE,TRADE,1905.91,0.0027
2026-07-30 13:50:25,ETHUSDT,BINANCE,TRADE,1905.91,0.0027
2026-07-30 13:50:25,ETHUSDT,BINANCE,TRADE,1905.91,0.0027
2026-07-30 13:50:25,ETHUSDT,BINANCE,TRADE,1905.91,0.0027
2026-07-30 13:50:25,ETHUSDT,BINANCE,TRADE,1905.91,0.0027
2026-07-30 13:50:25,ETHUSDT,BINANCE,TRADE,1905.92,0.0027
2026-07-30 13:50:25,ETHUSDT,BINANCE,TRADE,1905.92,0.0027
2026-07-30 13:50:25,ETHUSDT,BINANCE,TRADE,1905.92,0.0027
2026-07-30 13:50:25,ETHUSDT,BINANCE,TRADE,1905.92,0.0027
2026-07-30 13:50:25,ETHUSDT,BINANCE,TRADE,1905.92,0.0027
2026-07-30 13:50:25,ETHUSDT,BINANCE,TRADE,1905.92,0.0027
2026-07-30 13:50:25,ETHUSDT,BINANCE,TRADE,1905.93,0.0027
2026-07-30 13:50:25,ETHUSDT,BINANCE,TRADE,1905.93,0.0028
2026-07-30 13:50:25,ETHUSDT,BINANCE,TRADE,1905.93,0.0028
2026-07-30 13:50:25,ETHUSDT,BINANCE,TRADE,1905.93,0.0028
2026-07-30 13:50:25,ETHUSDT,BINANCE,TRADE,1905.94,0.5687
2026-07-30 13:50:25,ETHUSDT,BINANCE,TRADE,1905.94,0.623
2026-07-30 13:50:25,ETHUSDT,BINANCE,TRADE,1905.94,0.3465
2026-07-30 13:50:25,ETHUSDT,BINANCE,TRADE,1905.94,0.1185
2026-07-30 13:50:25,ETHUSDT,BINANCE,TRADE,1905.94,0.728
2026-07-30 13:50:25,ETHUSDT,BINANCE,TRADE,1905.94,0.083
2026-07-30 13:50:25,ETHUSDT,BINANCE,TRADE,1905.94,0.349
2026-07-30 13:50:25,SOLUSDT,BINANCE,TRADE,73.46,0.277
2026-07-30 13:50:25,SOLUSDT,BINANCE,TRADE,73.46,0.072
2026-07-30 13:50:25,SOLUSDT,BINANCE,TRADE,73.46,0.069
2026-07-30 13:50:25,SOLUSDT,BINANCE,TRADE,73.46,0.075
2026-07-30 13:50:25,SOLUSDT,BINANCE,TRADE,73.46,0.75
2026-07-30 13:50:25,SOLUSDT,BINANCE,TRADE,73.46,0.072
2026-07-30 13:50:25,SOLUSDT,BINANCE,TRADE,73.46,0.137
2026-07-30 13:50:25,SOLUSDT,BINANCE,TRADE,73.46,0.072
2026-07-30 13:50:25,SOLUSDT,BINANCE,TRADE,73.46,0.072
2026-07-30 13:50:25,SOLUSDT,BINANCE,TRADE,73.46,0.07
2026-07-30 13:50:25,SOLUSDT,BINANCE,TRADE,73.46,0.072
2026-07-30 13:50:25,BTCUSDT,BINANCE,TRADE,64045.2,0.00104
2026-07-30 13:50:25,ETHUSDT,BINANCE,TRADE,1905.94,0.0027
2026-07-30 13:50:25,ETHUSDT,BINANCE,TRADE,1905.94,0.0027
2026-07-30 13:50:25,ETHUSDT,BINANCE,TRADE,1905.94,0.0028
2026-07-30 13:50:25,ETHUSDT,BINANCE,TRADE,1905.94,0.0027
2026-07-30 13:50:25,ETHUSDT,BINANCE,TRADE,1905.94,0.0027
2026-07-30 13:50:25,ETHUSDT,BINANCE,TRADE,1905.94,0.0027
2026-07-30 13:50:25,ETHUSDT,BINANCE,TRADE,1905.94,0.0027
2026-07-30 13:50:25,ETHUSDT,BINANCE,TRADE,1905.94,0.0027
2026-07-30 13:50:25,ETHUSDT,BINANCE,TRADE,1905.94,0.0028
2026-07-30 13:50:25,ETHUSDT,BINANCE,TRADE,1905.94,0.0027
2026-07-30 13:50:25,ETHUSDT,BINANCE,TRADE,1905.94,0.0027
2026-07-30 13:50:25,ETHUSDT,BINANCE,TRADE,1905.94,0.0027
2026-07-30 13:50:25,ETHUSDT,BINANCE,TRADE,1905.95,0.0027
2026-07-30 13:50:25,ETHUSDT,BINANCE,TRADE,1905.95,0.0027
2026-07-30 13:50:25,ETHUSDT,BINANCE,TRADE,1905.95,0.0027
2026-07-30 13:50:25,ETHUSDT,BINANCE,TRADE,1905.96,0.0027
2026-07-30 13:50:25,ETHUSDT,BINANCE,TRADE,1905.96,0.0028
2026-07-30 13:50:25,ETHUSDT,BINANCE,TRADE,1905.96,0.0027
2026-07-30 13:50:25,BTCUSDT,BINANCE,TRADE,64045.2,0.00123
2026-07-30 13:50:25,BTCUSDT,BINANCE,TRADE,64045.2,0.01063
2026-07-30 13:50:25,BTCUSDT,BINANCE,TRADE,64045.2,8e-05
2026-07-30 13:50:25,BTCUSDT,BINANCE,TRADE,64045.2,8e-05
2026-07-30 13:50:25,BTCUSDT,BINANCE,TRADE,64045.2,8e-05
2026-07-30 13:50:25,BTCUSDT,BINANCE,TRADE,64045.2,8e-05
2026-07-30 13:50:25,BTCUSDT,BINANCE,TRADE,64045.2,3e-05
2026-07-30 13:50:25,BTCUSDT,BINANCE,TRADE,64045.2,5e-05
2026-07-30 13:50:25,BTCUSDT,BINANCE,TRADE,64045.2,8e-05
2026-07-30 13:50:25,BTCUSDT,BINANCE,TRADE,64045.2,8e-05
2026-07-30 13:50:25,BTCUSDT,BINANCE,TRADE,64045.2,9e-05
2026-07-30 13:50:25,BTCUSDT,BINANCE,TRADE,64045.2,9e-05
2026-07-30 13:50:25,BTCUSDT,BINANCE,TRADE,64045.2,9e-05
2026-07-30 13:50:25,BTCUSDT,BINANCE,TRADE,64045.2,0.00056
2026-07-30 13:50:25,ETHUSDT,BINANCE,TRADE,1905.97,0.0522
2026-07-30 13:50:25,BTCUSDT,BINANCE,TRADE,64045.2,0.00047
2026-07-30 13:50:25,BTCUSDT,BINANCE,TRADE,64045.2,0.00515
2026-07-30 13:50:25,ETHUSDT,BINANCE,TRADE,1905.96,0.0176
2026-07-30 13:50:25,BTCUSDT,BINANCE,TRADE,64045.2,0.00063
2026-07-30 13:50:25,ETHUSDT,BINANCE,TRADE,1905.97,0.0429
2026-07-30 13:50:25,ETHUSDT,BINANCE,TRADE,1905.97,0.0136
2026-07-30 13:50:25,BTCUSDT,BINANCE,TRADE,64045.2,0.00104
2026-07-30 13:50:25,BTCUSDT,BINANCE,TRADE,64045.2,0.00137
2026-07-30 13:50:25,BTCUSDT,BINANCE,TRADE,64045.2,0.00521
2026-07-30 13:50:25,BTCUSDT,BINANCE,TRADE,64045.2,9e-05
2026-07-30 13:50:25,BTCUSDT,BINANCE,TRADE,64045.2,8e-05
2026-07-30 13:50:25,BTCUSDT,BINANCE,TRADE,64045.2,8e-05
2026-07-30 13:50:25,BTCUSDT,BINANCE,TRADE,64045.2,8e-05
2026-07-30 13:50:25,BTCUSDT,BINANCE,TRADE,64045.2,8e-05
2026-07-30 13:50:25,BTCUSDT,BINANCE,TRADE,64045.2,8e-05
2026-07-30 13:50:25,BTCUSDT,BINANCE,TRADE,64045.2,0.00062
2026-07-30 13:50:25,BTCUSDT,BINANCE,TRADE,64045.2,7e-05
2026-07-30 13:50:25,BTCUSDT,BINANCE,TRADE,64045.2,1e-05
2026-07-30 13:50:25,BTCUSDT,BINANCE,TRADE,64045.2,0.00062
2026-07-30 13:50:25,BTCUSDT,BINANCE,TRADE,64045.2,0.00015
2026-07-30 13:50:25,BTCUSDT,BINANCE,TRADE,64045.2,8e-05
2026-07-30 13:50:25,BTCUSDT,BINANCE,TRADE,64045.2,8e-05
2026-07-30 13:50:25,BTCUSDT,BINANCE,TRADE,64045.2,0.00036
2026-07-30 13:50:25,ETHUSDT,BINANCE,TRADE,1905.96,0.0082
2026-07-30 13:50:26,BTCUSDT,BINANCE,TRADE,64045.2,0.00102
2026-07-30 13:50:26,BTCUSDT,BINANCE,TRADE,64045.2,0.01563
2026-07-30 13:50:26,BTCUSDT,BINANCE,TRADE,64045.2,0.00037
2026-07-30 13:50:26,BTCUSDT,BINANCE,TRADE,64045.2,0.00021
2026-07-30 13:50:26,ETHUSDT,BINANCE,TRADE,1905.97,0.0027
2026-07-30 13:50:26,ETHUSDT,BINANCE,TRADE,1905.97,0.0027
2026-07-30 13:50:26,ETHUSDT,BINANCE,TRADE,1905.97,0.0027
2026-07-30 13:50:26,ETHUSDT,BINANCE,TRADE,1905.97,0.0027
2026-07-30 13:50:26,ETHUSDT,BINANCE,TRADE,1905.97,0.0028
2026-07-30 13:50:26,ETHUSDT,BINANCE,TRADE,1905.97,0.0027
2026-07-30 13:50:26,ETHUSDT,BINANCE,TRADE,1905.97,0.0028
2026-07-30 13:50:26,ETHUSDT,BINANCE,TRADE,1905.97,0.0027
2026-07-30 13:50:26,ETHUSDT,BINANCE,TRADE,1905.97,0.0027
2026-07-30 13:50:26,ETHUSDT,BINANCE,TRADE,1905.97,0.0027
2026-07-30 13:50:26,ETHUSDT,BINANCE,TRADE,1905.97,0.0027
2026-07-30 13:50:26,ETHUSDT,BINANCE,TRADE,1905.97,0.0027
2026-07-30 13:50:26,ETHUSDT,BINANCE,TRADE,1905.97,0.0027
2026-07-30 13:50:26,ETHUSDT,BINANCE,TRADE,1905.97,0.0027
2026-07-30 13:50:26,ETHUSDT,BINANCE,TRADE,1905.98,0.0028
2026-07-30 13:50:26,ETHUSDT,BINANCE,TRADE,1905.99,0.0027
2026-07-30 13:50:26,ETHUSDT,BINANCE,TRADE,1905.99,0.0027
2026-07-30 13:50:26,ETHUSDT,BINANCE,TRADE,1905.99,0.0028
2026-07-30 13:50:26,ETHUSDT,BINANCE,TRADE,1905.99,0.0027
2026-07-30 13:50:26,ETHUSDT,BINANCE,TRADE,1906,0.004
2026-07-30 13:50:26,ETHUSDT,BINANCE,TRADE,1906,0.0027
2026-07-30 13:50:26,ETHUSDT,BINANCE,TRADE,1906,0.0028
2026-07-30 13:50:26,ETHUSDT,BINANCE,TRADE,1906,0.0027
2026-07-30 13:50:26,ETHUSDT,BINANCE,TRADE,1906.02,0.0027
2026-07-30 13:50:26,ETHUSDT,BINANCE,TRADE,1906.02,0.0027
2026-07-30 13:50:26,ETHUSDT,BINANCE,TRADE,1906.02,0.0027
2026-07-30 13:50:26,ETHUSDT,BINANCE,TRADE,1906.02,0.0027
2026-07-30 13:50:26,ETHUSDT,BINANCE,TRADE,1906.02,0.0028
2026-07-30 13:50:26,ETHUSDT,BINANCE,TRADE,1906.02,0.0027
2026-07-30 13:50:26,ETHUSDT,BINANCE,TRADE,1906.02,0.0027
2026-07-30 13:50:26,ETHUSDT,BINANCE,TRADE,1906.02,0.0027
2026-07-30 13:50:26,ETHUSDT,BINANCE,TRADE,1906.03,0.0027
2026-07-30 13:50:26,ETHUSDT,BINANCE,TRADE,1906.03,0.0028
2026-07-30 13:50:26,ETHUSDT,BINANCE,TRADE,1906.03,0.0027
2026-07-30 13:50:26,ETHUSDT,BINANCE,TRADE,1906.04,0.0028
2026-07-30 13:50:26,ETHUSDT,BINANCE,TRADE,1906.05,0.0028
2026-07-30 13:50:26,ETHUSDT,BINANCE,TRADE,1906.05,0.0028
2026-07-30 13:50:26,ETHUSDT,BINANCE,TRADE,1906.05,0.0028
2026-07-30 13:50:26,ETHUSDT,BINANCE,TRADE,1906.05,0.0028
2026-07-30 13:50:26,ETHUSDT,BINANCE,TRADE,1906.06,0.0517
2026-07-30 13:50:26,BTCUSDT,BINANCE,TRADE,64045.2,0.0003
2026-07-30 13:50:26,ETHUSDT,BINANCE,TRADE,1906.05,0.0177
2026-07-30 13:50:26,BTCUSDT,BINANCE,TRADE,64045.2,0.00499
2026-07-30 13:50:26,BTCUSDT,BINANCE,TRADE,64045.2,0.00102
2026-07-30 13:50:26,BTCUSDT,BINANCE,TRADE,64045.2,0.00015
2026-07-30 13:50:26,BTCUSDT,BINANCE,TRADE,64045.2,0.00029
2026-07-30 13:50:26,BTCUSDT,BINANCE,TRADE,64045.2,0.0013
2026-07-30 13:50:26,BTCUSDT,BINANCE,TRADE,64045.2,0.00043
2026-07-30 13:50:26,BTCUSDT,BINANCE,TRADE,64045.2,0.00015
2026-07-30 13:50:26,BTCUSDT,BINANCE,TRADE,64045.2,0.00122
2026-07-30 13:50:26,ETHUSDT,BINANCE,TRADE,1906.05,0.0472
2026-07-30 13:50:26,BTCUSDT,BINANCE,TRADE,64045.2,0.00647
2026-07-30 13:50:26,BTCUSDT,BINANCE,TRADE,64045.2,0.00468
2026-07-30 13:50:26,BTCUSDT,BINANCE,TRADE,64045.2,0.00012
2026-07-30 13:50:26,BTCUSDT,BINANCE,TRADE,64045.2,0.00029
2026-07-30 13:50:26,BTCUSDT,BINANCE,TRADE,64045.2,0.00037
2026-07-30 13:50:26,ETHUSDT,BINANCE,TRADE,1906.06,0.0109
2026-07-30 13:50:26,BTCUSDT,BINANCE,TRADE,64045.2,0.00033
2026-07-30 13:50:26,ETHUSDT,BINANCE,TRADE,1906.06,0.003
2026-07-30 13:50:26,ETHUSDT,BINANCE,TRADE,1906.06,0.4
2026-07-30 13:50:26,ETHUSDT,BINANCE,TRADE,1906.06,0.38
2026-07-30 13:50:26,ETHUSDT,BINANCE,TRADE,1906.06,0.0027
2026-07-30 13:50:26,ETHUSDT,BINANCE,TRADE,1906.06,0.0027
2026-07-30 13:50:26,ETHUSDT,BINANCE,TRADE,1906.06,0.0028
2026-07-30 13:50:26,ETHUSDT,BINANCE,TRADE,1906.06,0.4118
2026-07-30 13:50:26,ETHUSDT,BINANCE,TRADE,1906.06,0.3052
2026-07-30 13:50:26,ETHUSDT,BINANCE,TRADE,1906.06,0.0027
2026-07-30 13:50:26,ETHUSDT,BINANCE,TRADE,1906.06,0.0027
2026-07-30 13:50:26,ETHUSDT,BINANCE,TRADE,1906.06,0.0027
2026-07-30 13:50:26,ETHUSDT,BINANCE,TRADE,1906.06,0.0028
2026-07-30 13:50:26,ETHUSDT,BINANCE,TRADE,1906.06,2.925
2026-07-30 13:50:26,ETHUSDT,BINANCE,TRADE,1906.06,0.0027
2026-07-30 13:50:26,ETHUSDT,BINANCE,TRADE,1906.06,0.0027
2026-07-30 13:50:26,ETHUSDT,BINANCE,TRADE,1906.06,0.0027
2026-07-30 13:50:26,ETHUSDT,BINANCE,TRADE,1906.06,0.0027
2026-07-30 13:50:26,ETHUSDT,BINANCE,TRADE,1906.06,0.0027
2026-07-30 13:50:26,ETHUSDT,BINANCE,TRADE,1906.06,0.0027
2026-07-30 13:50:26,ETHUSDT,BINANCE,TRADE,1906.07,0.0028
2026-07-30 13:50:26,ETHUSDT,BINANCE,TRADE,1906.08,0.0027
2026-07-30 13:50:26,ETHUSDT,BINANCE,TRADE,1906.08,0.003
2026-07-30 13:50:26,ETHUSDT,BINANCE,TRADE,1906.08,0.0027
2026-07-30 13:50:26,ETHUSDT,BINANCE,TRADE,1906.08,0.0028
2026-07-30 13:50:26,ETHUSDT,BINANCE,TRADE,1906.08,0.0028
2026-07-30 13:50:26,ETHUSDT,BINANCE,TRADE,1906.08,0.0028
2026-07-30 13:50:26,ETHUSDT,BINANCE,TRADE,1906.08,0.0027
2026-07-30 13:50:26,ETHUSDT,BINANCE,TRADE,1906.08,0.0028
2026-07-30 13:50:26,ETHUSDT,BINANCE,TRADE,1906.09,0.0027
2026-07-30 13:50:26,ETHUSDT,BINANCE,TRADE,1906.09,0.0028
2026-07-30 13:50:26,ETHUSDT,BINANCE,TRADE,1906.09,0.0028
2026-07-30 13:50:26,ETHUSDT,BINANCE,TRADE,1906.09,0.0028
2026-07-30 13:50:26,ETHUSDT,BINANCE,TRADE,1906.09,0.0027
2026-07-30 13:50:26,ETHUSDT,BINANCE,TRADE,1906.09,0.0028
2026-07-30 13:50:26,ETHUSDT,BINANCE,TRADE,1906.09,0.0027
2026-07-30 13:50:26,ETHUSDT,BINANCE,TRADE,1906.09,0.0027
2026-07-30 13:50:26,ETHUSDT,BINANCE,TRADE,1906.09,0.0027
2026-07-30 13:50:26,ETHUSDT,BINANCE,TRADE,1906.1,0.2
2026-07-30 13:50:26,ETHUSDT,BINANCE,TRADE,1906.1,0.0027
2026-07-30 13:50:26,ETHUSDT,BINANCE,TRADE,1906.1,0.0028
2026-07-30 13:50:26,ETHUSDT,BINANCE,TRADE,1906.1,0.0027
2026-07-30 13:50:26,ETHUSDT,BINANCE,TRADE,1906.1,0.0027
2026-07-30 13:50:26,ETHUSDT,BINANCE,TRADE,1906.1,0.0027
2026-07-30 13:50:26,ETHUSDT,BINANCE,TRADE,1906.1,0.0027
2026-07-30 13:50:26,ETHUSDT,BINANCE,TRADE,1906.11,0.0027
2026-07-30 13:50:26,ETHUSDT,BINANCE,TRADE,1906.11,0.0027
2026-07-30 13:50:26,ETHUSDT,BINANCE,TRADE,1906.11,0.0028
2026-07-30 13:50:26,ETHUSDT,BINANCE,TRADE,1906.11,0.0027
2026-07-30 13:50:26,ETHUSDT,BINANCE,TRADE,1906.11,0.0027
2026-07-30 13:50:26,ETHUSDT,BINANCE,TRADE,1906.11,0.0027
2026-07-30 13:50:26,ETHUSDT,BINANCE,TRADE,1906.11,0.0027
2026-07-30 13:50:26,ETHUSDT,BINANCE,TRADE,1906.12,0.0027
2026-07-30 13:50:26,ETHUSDT,BINANCE,TRADE,1906.12,0.0028
2026-07-30 13:50:26,ETHUSDT,BINANCE,TRADE,1906.12,0.0027
2026-07-30 13:50:26,ETHUSDT,BINANCE,TRADE,1906.12,0.0027
2026-07-30 13:50:26,ETHUSDT,BINANCE,TRADE,1906.12,0.0027
2026-07-30 13:50:26,ETHUSDT,BINANCE,TRADE,1906.12,0.0027
2026-07-30 13:50:26,ETHUSDT,BINANCE,TRADE,1906.13,0.0027
2026-07-30 13:50:26,ETHUSDT,BINANCE,TRADE,1906.13,0.0028
2026-07-30 13:50:26,ETHUSDT,BINANCE,TRADE,1906.13,0.0027
2026-07-30 13:50:26,ETHUSDT,BINANCE,TRADE,1906.14,0.0027
2026-07-30 13:50:26,ETHUSDT,BINANCE,TRADE,1906.14,0.0027
2026-07-30 13:50:26,ETHUSDT,BINANCE,TRADE,1906.14,0.0028
2026-07-30 13:50:26,ETHUSDT,BINANCE,TRADE,1906.14,0.0027
2026-07-30 13:50:26,ETHUSDT,BINANCE,TRADE,1906.14,0.0027
2026-07-30 13:50:26,SOLUSDT,BINANCE,TRADE,73.47,0.069
2026-07-30 13:50:26,SOLUSDT,BINANCE,TRADE,73.47,0.075
2026-07-30 13:50:26,SOLUSDT,BINANCE,TRADE,73.47,0.75
2026-07-30 13:50:26,SOLUSDT,BINANCE,TRADE,73.47,0.15
2026-07-30 13:50:26,SOLUSDT,BINANCE,TRADE,73.47,0.072
2026-07-30 13:50:26,SOLUSDT,BINANCE,TRADE,73.47,0.072
2026-07-30 13:50:26,SOLUSDT,BINANCE,TRADE,73.47,0.137
2026-07-30 13:50:26,SOLUSDT,BINANCE,TRADE,73.47,0.072
2026-07-30 13:50:26,SOLUSDT,BINANCE,TRADE,73.47,0.072
2026-07-30 13:50:26,SOLUSDT,BINANCE,TRADE,73.47,0.07
2026-07-30 13:50:26,SOLUSDT,BINANCE,TRADE,73.47,0.072
2026-07-30 13:50:26,ETHUSDT,BINANCE,TRADE,1906.15,0.0028
2026-07-30 13:50:26,ETHUSDT,BINANCE,TRADE,1906.16,0.0027
2026-07-30 13:50:26,ETHUSDT,BINANCE,TRADE,1906.16,0.0027
2026-07-30 13:50:26,ETHUSDT,BINANCE,TRADE,1906.16,0.0027
2026-07-30 13:50:26,ETHUSDT,BINANCE,TRADE,1906.16,0.0027
2026-07-30 13:50:26,ETHUSDT,BINANCE,TRADE,1906.16,0.0027
2026-07-30 13:50:26,ETHUSDT,BINANCE,TRADE,1906.17,0.0027
2026-07-30 13:50:26,ETHUSDT,BINANCE,TRADE,1906.17,0.0027
2026-07-30 13:50:26,ETHUSDT,BINANCE,TRADE,1906.18,0.0027
2026-07-30 13:50:26,ETHUSDT,BINANCE,TRADE,1906.18,0.0027
2026-07-30 13:50:26,ETHUSDT,BINANCE,TRADE,1906.18,0.0028
2026-07-30 13:50:26,ETHUSDT,BINANCE,TRADE,1906.18,0.0028
2026-07-30 13:50:26,ETHUSDT,BINANCE,TRADE,1906.18,0.0027
2026-07-30 13:50:26,ETHUSDT,BINANCE,TRADE,1906.18,0.0028
2026-07-30 13:50:26,ETHUSDT,BINANCE,TRADE,1906.19,0.004
2026-07-30 13:50:26,ETHUSDT,BINANCE,TRADE,1906.2,0.003
2026-07-30 13:50:26,ETHUSDT,BINANCE,TRADE,1906.2,0.0027
2026-07-30 13:50:26,ETHUSDT,BINANCE,TRADE,1906.2,0.0029
2026-07-30 13:50:26,ETHUSDT,BINANCE,TRADE,1906.2,0.0027
2026-07-30 13:50:26,ETHUSDT,BINANCE,TRADE,1906.2,0.04
2026-07-30 13:50:26,ETHUSDT,BINANCE,TRADE,1906.2,0.0028
2026-07-30 13:50:26,ETHUSDT,BINANCE,TRADE,1906.2,0.0028
2026-07-30 13:50:26,ETHUSDT,BINANCE,TRADE,1906.2,0.0009
2026-07-30 13:50:26,ETHUSDT,BINANCE,TRADE,1906.2,0.0018
2026-07-30 13:50:26,ETHUSDT,BINANCE,TRADE,1906.2,0.0028
2026-07-30 13:50:26,ETHUSDT,BINANCE,TRADE,1906.2,0.0027
2026-07-30 13:50:26,ETHUSDT,BINANCE,TRADE,1906.2,0.0027
2026-07-30 13:50:26,ETHUSDT,BINANCE,TRADE,1906.2,0.0027
2026-07-30 13:50:26,ETHUSDT,BINANCE,TRADE,1906.21,0.1873
2026-07-30 13:50:26,BTCUSDT,BINANCE,TRADE,64045.2,0.024
2026-07-30 13:50:26,BTCUSDT,BINANCE,TRADE,64045.2,8e-05
2026-07-30 13:50:26,BTCUSDT,BINANCE,TRADE,64045.2,8e-05
2026-07-30 13:50:26,BTCUSDT,BINANCE,TRADE,64045.2,0.0001
2026-07-30 13:50:26,BTCUSDT,BINANCE,TRADE,64045.2,8e-05
2026-07-30 13:50:26,BTCUSDT,BINANCE,TRADE,64045.2,8e-05
2026-07-30 13:50:26,BTCUSDT,BINANCE,TRADE,64045.2,8e-05
2026-07-30 13:50:26,BTCUSDT,BINANCE,TRADE,64045.2,8e-05
2026-07-30 13:50:26,BTCUSDT,BINANCE,TRADE,64045.2,8e-05
2026-07-30 13:50:26,BTCUSDT,BINANCE,TRADE,64045.2,9e-05
2026-07-30 13:50:26,BTCUSDT,BINANCE,TRADE,64045.2,9e-05
2026-07-30 13:50:26,BTCUSDT,BINANCE,TRADE,64045.2,9e-05
2026-07-30 13:50:26,BTCUSDT,BINANCE,TRADE,64045.2,0.00017
2026-07-30 13:50:26,BTCUSDT,BINANCE,TRADE,64045.2,0.00016
2026-07-30 13:50:26,BTCUSDT,BINANCE,TRADE,64045.2,8e-05
2026-07-30 13:50:26,BTCUSDT,BINANCE,TRADE,64045.2,8e-05
2026-07-30 13:50:26,BTCUSDT,BINANCE,TRADE,64045.2,8e-05
2026-07-30 13:50:26,BTCUSDT,BINANCE,TRADE,64045.2,8e-05
2026-07-30 13:50:26,BTCUSDT,BINANCE,TRADE,64045.2,0.00468
2026-07-30 13:50:26,BTCUSDT,BINANCE,TRADE,64045.2,8e-05
2026-07-30 13:50:26,BTCUSDT,BINANCE,TRADE,64045.2,8e-05
2026-07-30 13:50:26,BTCUSDT,BINANCE,TRADE,64045.2,8e-05
2026-07-30 13:50:26,BTCUSDT,BINANCE,TRADE,64045.2,8e-05
2026-07-30 13:50:26,BTCUSDT,BINANCE,TRADE,64045.2,8e-05
2026-07-30 13:50:26,BTCUSDT,BINANCE,TRADE,64045.2,8e-05
2026-07-30 13:50:26,BTCUSDT,BINANCE,TRADE,64045.2,8e-05
2026-07-30 13:50:26,BTCUSDT,BINANCE,TRADE,64045.2,8e-05
2026-07-30 13:50:26,BTCUSDT,BINANCE,TRADE,64045.2,8e-05
2026-07-30 13:50:26,BTCUSDT,BINANCE,TRADE,64045.2,8e-05
2026-07-30 13:50:26,BTCUSDT,BINANCE,TRADE,64045.2,8e-05
2026-07-30 13:50:26,BTCUSDT,BINANCE,TRADE,64045.2,8e-05
2026-07-30 13:50:26,BTCUSDT,BINANCE,TRADE,64045.2,9e-05
2026-07-30 13:50:26,BTCUSDT,BINANCE,TRADE,64045.2,9e-05
2026-07-30 13:50:26,BTCUSDT,BINANCE,TRADE,64045.2,8e-05
2026-07-30 13:50:26,BTCUSDT,BINANCE,TRADE,64045.2,8e-05
2026-07-30 13:50:26,BTCUSDT,BINANCE,TRADE,64045.2,8e-05
2026-07-30 13:50:26,BTCUSDT,BINANCE,TRADE,64045.2,8e-05
2026-07-30 13:50:26,BTCUSDT,BINANCE,TRADE,64045.2,8e-05
2026-07-30 13:50:26,BTCUSDT,BINANCE,TRADE,64045.2,0.00016
2026-07-30 13:50:26,BTCUSDT,BINANCE,TRADE,64045.2,8e-05
2026-07-30 13:50:26,BTCUSDT,BINANCE,TRADE,64045.2,0.00016
2026-07-30 13:50:26,BTCUSDT,BINANCE,TRADE,64045.8,8e-05
2026-07-30 13:50:26,BTCUSDT,BINANCE,TRADE,64045.9,9e-05
2026-07-30 13:50:26,BTCUSDT,BINANCE,TRADE,64046,9e-05
2026-07-30 13:50:26,BTCUSDT,BINANCE,TRADE,64046,9e-05
2026-07-30 13:50:26,BTCUSDT,BINANCE,TRADE,64046,9e-05
2026-07-30 13:50:26,BTCUSDT,BINANCE,TRADE,64046,0.005
2026-07-30 13:50:26,BTCUSDT,BINANCE,TRADE,64046,0.005
2026-07-30 13:50:26,BTCUSDT,BINANCE,TRADE,64046,0.008
2026-07-30 13:50:26,BTCUSDT,BINANCE,TRADE,64046,0.006
2026-07-30 13:50:26,BTCUSDT,BINANCE,TRADE,64046,9e-05
2026-07-30 13:50:26,BTCUSDT,BINANCE,TRADE,64046,9e-05
2026-07-30 13:50:26,ETHUSDT,BINANCE,TRADE,1906.21,0.0927
2026-07-30 13:50:26,ETHUSDT,BINANCE,TRADE,1906.21,0.28
2026-07-30 13:50:26,ETHUSDT,BINANCE,TRADE,1906.21,0.0027
2026-07-30 13:50:26,ETHUSDT,BINANCE,TRADE,1906.21,0.0027
2026-07-30 13:50:26,ETHUSDT,BINANCE,TRADE,1906.21,0.0027
2026-07-30 13:50:26,ETHUSDT,BINANCE,TRADE,1906.21,0.0027
2026-07-30 13:50:26,ETHUSDT,BINANCE,TRADE,1906.21,0.0027
2026-07-30 13:50:26,ETHUSDT,BINANCE,TRADE,1906.21,0.0027
2026-07-30 13:50:26,ETHUSDT,BINANCE,TRADE,1906.21,0.0027
2026-07-30 13:50:26,ETHUSDT,BINANCE,TRADE,1906.21,0.0027
2026-07-30 13:50:26,ETHUSDT,BINANCE,TRADE,1906.21,0.0027
2026-07-30 13:50:26,ETHUSDT,BINANCE,TRADE,1906.21,0.0027
2026-07-30 13:50:26,BTCUSDT,BINANCE,TRADE,64046.3,8e-05
2026-07-30 13:50:26,ETHUSDT,BINANCE,TRADE,1906.22,0.0027
2026-07-30 13:50:26,ETHUSDT,BINANCE,TRADE,1906.22,0.1
2026-07-30 13:50:26,ETHUSDT,BINANCE,TRADE,1906.23,0.0027
2026-07-30 13:50:26,ETHUSDT,BINANCE,TRADE,1906.23,0.0027
2026-07-30 13:50:26,ETHUSDT,BINANCE,TRADE,1906.24,0.0027
2026-07-30 13:50:26,ETHUSDT,BINANCE,TRADE,1906.24,0.0027
2026-07-30 13:50:26,ETHUSDT,BINANCE,TRADE,1906.24,0.0027
2026-07-30 13:50:26,ETHUSDT,BINANCE,TRADE,1906.24,0.0027
2026-07-30 13:50:26,ETHUSDT,BINANCE,TRADE,1906.24,0.0027
2026-07-30 13:50:26,ETHUSDT,BINANCE,TRADE,1906.25,0.0027
2026-07-30 13:50:26,ETHUSDT,BINANCE,TRADE,1906.25,0.0027
2026-07-30 13:50:26,ETHUSDT,BINANCE,TRADE,1906.25,0.0027
2026-07-30 13:50:26,ETHUSDT,BINANCE,TRADE,1906.25,0.0028
2026-07-30 13:50:26,ETHUSDT,BINANCE,TRADE,1906.25,0.0027
2026-07-30 13:50:26,ETHUSDT,BINANCE,TRADE,1906.25,0.0027
2026-07-30 13:50:26,ETHUSDT,BINANCE,TRADE,1906.25,0.0027
2026-07-30 13:50:26,ETHUSDT,BINANCE,TRADE,1906.25,0.0027
2026-07-30 13:50:26,ETHUSDT,BINANCE,TRADE,1906.26,0.0027
2026-07-30 13:50:26,ETHUSDT,BINANCE,TRADE,1906.26,0.0027
2026-07-30 13:50:26,ETHUSDT,BINANCE,TRADE,1906.26,0.0027
2026-07-30 13:50:26,ETHUSDT,BINANCE,TRADE,1906.26,0.0027
2026-07-30 13:50:26,ETHUSDT,BINANCE,TRADE,1906.27,0.0027
2026-07-30 13:50:26,ETHUSDT,BINANCE,TRADE,1906.27,0.0028
2026-07-30 13:50:26,ETHUSDT,BINANCE,TRADE,1906.27,0.0028
2026-07-30 13:50:26,ETHUSDT,BINANCE,TRADE,1906.27,0.0027
2026-07-30 13:50:26,ETHUSDT,BINANCE,TRADE,1906.27,0.0028
2026-07-30 13:50:26,ETHUSDT,BINANCE,TRADE,1906.27,0.0027
2026-07-30 13:50:26,ETHUSDT,BINANCE,TRADE,1906.27,0.0027
2026-07-30 13:50:26,ETHUSDT,BINANCE,TRADE,1906.27,0.0027
2026-07-30 13:50:26,ETHUSDT,BINANCE,TRADE,1906.28,0.28
2026-07-30 13:50:26,ETHUSDT,BINANCE,TRADE,1906.28,0.0027
2026-07-30 13:50:26,ETHUSDT,BINANCE,TRADE,1906.28,0.4
2026-07-30 13:50:26,ETHUSDT,BINANCE,TRADE,1906.28,0.1
2026-07-30 13:50:26,ETHUSDT,BINANCE,TRADE,1906.28,0.0027
2026-07-30 13:50:26,ETHUSDT,BINANCE,TRADE,1906.29,2.925
2026-07-30 13:50:26,ETHUSDT,BINANCE,TRADE,1906.29,0.0027
2026-07-30 13:50:26,ETHUSDT,BINANCE,TRADE,1906.29,0.0027
2026-07-30 13:50:26,ETHUSDT,BINANCE,TRADE,1906.29,0.0096
2026-07-30 13:50:26,ETHUSDT,BINANCE,TRADE,1906.29,0.0027
2026-07-30 13:50:26,ETHUSDT,BINANCE,TRADE,1906.29,0.0027
2026-07-30 13:50:26,ETHUSDT,BINANCE,TRADE,1906.29,0.0027
2026-07-30 13:50:26,ETHUSDT,BINANCE,TRADE,1906.29,0.0027
2026-07-30 13:50:26,ETHUSDT,BINANCE,TRADE,1906.3,0.28
2026-07-30 13:50:26,ETHUSDT,BINANCE,TRADE,1906.3,0.28
2026-07-30 13:50:26,ETHUSDT,BINANCE,TRADE,1906.3,0.0027
2026-07-30 13:50:26,ETHUSDT,BINANCE,TRADE,1906.3,0.0027
2026-07-30 13:50:26,ETHUSDT,BINANCE,TRADE,1906.31,0.0027
2026-07-30 13:50:26,ETHUSDT,BINANCE,TRADE,1906.31,0.0027
2026-07-30 13:50:26,ETHUSDT,BINANCE,TRADE,1906.32,0.0027
2026-07-30 13:50:26,ETHUSDT,BINANCE,TRADE,1906.32,0.003
2026-07-30 13:50:26,ETHUSDT,BINANCE,TRADE,1906.32,0.0027
2026-07-30 13:50:26,ETHUSDT,BINANCE,TRADE,1906.32,0.0027
2026-07-30 13:50:26,ETHUSDT,BINANCE,TRADE,1906.32,0.0027
2026-07-30 13:50:26,ETHUSDT,BINANCE,TRADE,1906.32,0.0027
2026-07-30 13:50:26,ETHUSDT,BINANCE,TRADE,1906.33,0.0027
2026-07-30 13:50:26,ETHUSDT,BINANCE,TRADE,1906.33,0.0027
2026-07-30 13:50:26,ETHUSDT,BINANCE,TRADE,1906.33,0.0027
2026-07-30 13:50:26,ETHUSDT,BINANCE,TRADE,1906.33,0.0027
2026-07-30 13:50:26,ETHUSDT,BINANCE,TRADE,1906.33,0.0027
2026-07-30 13:50:26,ETHUSDT,BINANCE,TRADE,1906.34,0.0027
2026-07-30 13:50:26,ETHUSDT,BINANCE,TRADE,1906.34,0.0027
2026-07-30 13:50:26,ETHUSDT,BINANCE,TRADE,1906.34,0.0027
2026-07-30 13:50:26,ETHUSDT,BINANCE,TRADE,1906.34,1.3072
2026-07-30 13:50:26,ETHUSDT,BINANCE,TRADE,1906.34,0.0027
2026-07-30 13:50:26,ETHUSDT,BINANCE,TRADE,1906.34,0.0027
2026-07-30 13:50:26,ETHUSDT,BINANCE,TRADE,1906.34,0.0027
2026-07-30 13:50:26,ETHUSDT,BINANCE,TRADE,1906.34,0.0027
2026-07-30 13:50:26,ETHUSDT,BINANCE,TRADE,1906.35,0.024
2026-07-30 13:50:26,BTCUSDT,BINANCE,TRADE,64046.6,0.0001
2026-07-30 13:50:26,BTCUSDT,BINANCE,TRADE,64046.6,8e-05
2026-07-30 13:50:26,BTCUSDT,BINANCE,TRADE,64048,9e-05
2026-07-30 13:50:26,BTCUSDT,BINANCE,TRADE,64048,9e-05
2026-07-30 13:50:26,BTCUSDT,BINANCE,TRADE,64048,9e-05
2026-07-30 13:50:26,BTCUSDT,BINANCE,TRADE,64048,0.00255
2026-07-30 13:50:26,BTCUSDT,BINANCE,TRADE,64048,0.003
2026-07-30 13:50:26,BTCUSDT,BINANCE,TRADE,64048,0.00245
2026-07-30 13:50:26,BTCUSDT,BINANCE,TRADE,64048,0.00055
2026-07-30 13:50:26,BTCUSDT,BINANCE,TRADE,64048,0.003
2026-07-30 13:50:26,BTCUSDT,BINANCE,TRADE,64048,0.00145
2026-07-30 13:50:26,BTCUSDT,BINANCE,TRADE,64048,0.0045
2026-07-30 13:50:26,BTCUSDT,BINANCE,TRADE,64048,0.0015
2026-07-30 13:50:26,BTCUSDT,BINANCE,TRADE,64048,0.0015
2026-07-30 13:50:26,BTCUSDT,BINANCE,TRADE,64048,0.003
2026-07-30 13:50:26,BTCUSDT,BINANCE,TRADE,64048,0.0005
2026-07-30 13:50:26,BTCUSDT,BINANCE,TRADE,64048,9e-05
2026-07-30 13:50:26,BTCUSDT,BINANCE,TRADE,64048,9e-05
2026-07-30 13:50:26,BTCUSDT,BINANCE,TRADE,64048.5,0.00157
2026-07-30 13:50:26,BTCUSDT,BINANCE,TRADE,64048.7,8e-05
2026-07-30 13:50:26,BTCUSDT,BINANCE,TRADE,64048.8,9e-05
2026-07-30 13:50:26,BTCUSDT,BINANCE,TRADE,64049,8e-05
2026-07-30 13:50:26,BTCUSDT,BINANCE,TRADE,64049.1,9e-05
2026-07-30 13:50:26,BTCUSDT,BINANCE,TRADE,64049.4,0.00024
2026-07-30 13:50:26,BTCUSDT,BINANCE,TRADE,64049.4,0.00012
2026-07-30 13:50:26,BTCUSDT,BINANCE,TRADE,64049.5,5e-05
2026-07-30 13:50:26,BTCUSDT,BINANCE,TRADE,64049.5,7e-05
2026-07-30 13:50:26,BTCUSDT,BINANCE,TRADE,64050,9e-05
2026-07-30 13:50:26,BTCUSDT,BINANCE,TRADE,64050,9e-05
2026-07-30 13:50:26,BTCUSDT,BINANCE,TRADE,64050,9e-05
2026-07-30 13:50:26,BTCUSDT,BINANCE,TRADE,64050,0.00266
2026-07-30 13:50:26,BTCUSDT,BINANCE,TRADE,64050,0.003
2026-07-30 13:50:26,BTCUSDT,BINANCE,TRADE,64050,0.00234
2026-07-30 13:50:26,BTCUSDT,BINANCE,TRADE,64050,0.00066
2026-07-30 13:50:26,BTCUSDT,BINANCE,TRADE,64050,0.003
2026-07-30 13:50:26,ETHUSDT,BINANCE,TRADE,1906.36,0.0027
2026-07-30 13:50:26,ETHUSDT,BINANCE,TRADE,1906.36,0.0027
2026-07-30 13:50:26,ETHUSDT,BINANCE,TRADE,1906.37,0.0027
2026-07-30 13:50:26,ETHUSDT,BINANCE,TRADE,1906.37,0.0027
2026-07-30 13:50:26,ETHUSDT,BINANCE,TRADE,1906.37,0.0027
2026-07-30 13:50:26,ETHUSDT,BINANCE,TRADE,1906.37,0.0027
2026-07-30 13:50:26,ETHUSDT,BINANCE,TRADE,1906.37,0.0027
2026-07-30 13:50:26,ETHUSDT,BINANCE,TRADE,1906.37,0.0027
2026-07-30 13:50:26,ETHUSDT,BINANCE,TRADE,1906.38,0.004
2026-07-30 13:50:26,ETHUSDT,BINANCE,TRADE,1906.38,0.0027
2026-07-30 13:50:26,ETHUSDT,BINANCE,TRADE,1906.38,0.0027
2026-07-30 13:50:26,ETHUSDT,BINANCE,TRADE,1906.38,0.0027
2026-07-30 13:50:26,ETHUSDT,BINANCE,TRADE,1906.38,0.0027
2026-07-30 13:50:26,ETHUSDT,BINANCE,TRADE,1906.38,0.0027
2026-07-30 13:50:26,ETHUSDT,BINANCE,TRADE,1906.38,0.0027
2026-07-30 13:50:26,ETHUSDT,BINANCE,TRADE,1906.39,0.0027
2026-07-30 13:50:26,ETHUSDT,BINANCE,TRADE,1906.39,0.0027
2026-07-30 13:50:26,ETHUSDT,BINANCE,TRADE,1906.39,0.0028
2026-07-30 13:50:26,ETHUSDT,BINANCE,TRADE,1906.39,0.0027
2026-07-30 13:50:26,ETHUSDT,BINANCE,TRADE,1906.4,0.0027
2026-07-30 13:50:26,ETHUSDT,BINANCE,TRADE,1906.4,0.0027
2026-07-30 13:50:26,ETHUSDT,BINANCE,TRADE,1906.4,0.0027
2026-07-30 13:50:26,ETHUSDT,BINANCE,TRADE,1906.4,0.0027
2026-07-30 13:50:26,ETHUSDT,BINANCE,TRADE,1906.4,0.0027
2026-07-30 13:50:26,ETHUSDT,BINANCE,TRADE,1906.4,0.0027
2026-07-30 13:50:26,ETHUSDT,BINANCE,TRADE,1906.4,0.0027
2026-07-30 13:50:26,ETHUSDT,BINANCE,TRADE,1906.41,0.0027
2026-07-30 13:50:26,ETHUSDT,BINANCE,TRADE,1906.41,0.0027
2026-07-30 13:50:26,ETHUSDT,BINANCE,TRADE,1906.42,0.0108
2026-07-30 13:50:26,ETHUSDT,BINANCE,TRADE,1906.42,0.0027
2026-07-30 13:50:26,ETHUSDT,BINANCE,TRADE,1906.42,0.0027
2026-07-30 13:50:26,ETHUSDT,BINANCE,TRADE,1906.42,0.0027
2026-07-30 13:50:26,ETHUSDT,BINANCE,TRADE,1906.43,0.0027
2026-07-30 13:50:26,ETHUSDT,BINANCE,TRADE,1906.44,0.0014
2026-07-30 13:50:26,BTCUSDT,BINANCE,TRADE,64050,0.00134
2026-07-30 13:50:26,BTCUSDT,BINANCE,TRADE,64050,0.00166
2026-07-30 13:50:26,ETHUSDT,BINANCE,TRADE,1906.44,0.0016
2026-07-30 13:50:26,ETHUSDT,BINANCE,TRADE,1906.44,0.0013
2026-07-30 13:50:26,BTCUSDT,BINANCE,TRADE,64050,0.002
2026-07-30 13:50:26,BTCUSDT,BINANCE,TRADE,64050,0.00234
2026-07-30 13:50:26,BTCUSDT,BINANCE,TRADE,64050,0.00066
2026-07-30 13:50:26,BTCUSDT,BINANCE,TRADE,64050,0.003
2026-07-30 13:50:26,BTCUSDT,BINANCE,TRADE,64050,0.00134
2026-07-30 13:50:26,BTCUSDT,BINANCE,TRADE,64050,0.00166
2026-07-30 13:50:26,BTCUSDT,BINANCE,TRADE,64050,0.003
2026-07-30 13:50:26,BTCUSDT,BINANCE,TRADE,64050,9e-05
2026-07-30 13:50:26,BTCUSDT,BINANCE,TRADE,64050,0.003
2026-07-30 13:50:26,BTCUSDT,BINANCE,TRADE,64050,0.00225
2026-07-30 13:50:26,BTCUSDT,BINANCE,TRADE,64050,9e-05
2026-07-30 13:50:26,BTCUSDT,BINANCE,TRADE,64050,9e-05
2026-07-30 13:50:26,BTCUSDT,BINANCE,TRADE,64050,8e-05
2026-07-30 13:50:26,BTCUSDT,BINANCE,TRADE,64050,8e-05
2026-07-30 13:50:26,BTCUSDT,BINANCE,TRADE,64050,8e-05
2026-07-30 13:50:26,BTCUSDT,BINANCE,TRADE,64050,8e-05
2026-07-30 13:50:26,BTCUSDT,BINANCE,TRADE,64050,8e-05
2026-07-30 13:50:26,BTCUSDT,BINANCE,TRADE,64050,8e-05
2026-07-30 13:50:26,BTCUSDT,BINANCE,TRADE,64050,8e-05
2026-07-30 13:50:26,BTCUSDT,BINANCE,TRADE,64050,1e-05
2026-07-30 13:50:26,SOLUSDT,BINANCE,TRADE,73.48,0.069
2026-07-30 13:50:26,SOLUSDT,BINANCE,TRADE,73.48,0.277
2026-07-30 13:50:26,SOLUSDT,BINANCE,TRADE,73.48,0.082
2026-07-30 13:50:26,SOLUSDT,BINANCE,TRADE,73.48,0.069
2026-07-30 13:50:26,SOLUSDT,BINANCE,TRADE,73.48,0.075
2026-07-30 13:50:26,SOLUSDT,BINANCE,TRADE,73.48,0.093
2026-07-30 13:50:26,SOLUSDT,BINANCE,TRADE,73.48,0.75
2026-07-30 13:50:26,SOLUSDT,BINANCE,TRADE,73.48,0.3
2026-07-30 13:50:26,SOLUSDT,BINANCE,TRADE,73.48,8.505
2026-07-30 13:50:26,SOLUSDT,BINANCE,TRADE,73.48,27.23
2026-07-30 13:50:26,SOLUSDT,BINANCE,TRADE,73.48,10.22
2026-07-30 13:50:26,BTCUSDT,BINANCE,TRADE,64050,0.00021
2026-07-30 13:50:26,BTCUSDT,BINANCE,TRADE,64050,7e-05
2026-07-30 13:50:26,BTCUSDT,BINANCE,TRADE,64050,8e-05
2026-07-30 13:50:26,BTCUSDT,BINANCE,TRADE,64050,8e-05
2026-07-30 13:50:26,BTCUSDT,BINANCE,TRADE,64050,8e-05
2026-07-30 13:50:26,BTCUSDT,BINANCE,TRADE,64050,8e-05
2026-07-30 13:50:26,BTCUSDT,BINANCE,TRADE,64050,0.00059
2026-07-30 13:50:26,BTCUSDT,BINANCE,TRADE,64050,8e-05
2026-07-30 13:50:26,BTCUSDT,BINANCE,TRADE,64050,8e-05
2026-07-30 13:50:26,BTCUSDT,BINANCE,TRADE,64050,8e-05
2026-07-30 13:50:26,BTCUSDT,BINANCE,TRADE,64050,8e-05
2026-07-30 13:50:26,BTCUSDT,BINANCE,TRADE,64050,8e-05
2026-07-30 13:50:26,BTCUSDT,BINANCE,TRADE,64050,8e-05
2026-07-30 13:50:26,BTCUSDT,BINANCE,TRADE,64050,8e-05
2026-07-30 13:50:26,BTCUSDT,BINANCE,TRADE,64050,8e-05
2026-07-30 13:50:26,BTCUSDT,BINANCE,TRADE,64050,0.00016
2026-07-30 13:50:26,BTCUSDT,BINANCE,TRADE,64050,9e-05
2026-07-30 13:50:26,BTCUSDT,BINANCE,TRADE,64050,8e-05
2026-07-30 13:50:26,BTCUSDT,BINANCE,TRADE,64050,8e-05
2026-07-30 13:50:26,BTCUSDT,BINANCE,TRADE,64050,8e-05
2026-07-30 13:50:26,BTCUSDT,BINANCE,TRADE,64050,8e-05
2026-07-30 13:50:26,BTCUSDT,BINANCE,TRADE,64050,8e-05
2026-07-30 13:50:26,BTCUSDT,BINANCE,TRADE,64050,8e-05
2026-07-30 13:50:26,BTCUSDT,BINANCE,TRADE,64050,9e-05
2026-07-30 13:50:26,BTCUSDT,BINANCE,TRADE,64050,0.00016
2026-07-30 13:50:26,BTCUSDT,BINANCE,TRADE,64050.4,0.0004
2026-07-30 13:50:26,BTCUSDT,BINANCE,TRADE,64050.4,0.00069
2026-07-30 13:50:26,BTCUSDT,BINANCE,TRADE,64050.4,8e-05
2026-07-30 13:50:26,BTCUSDT,BINANCE,TRADE,64050.4,8e-05
2026-07-30 13:50:26,BTCUSDT,BINANCE,TRADE,64050.4,8e-05
2026-07-30 13:50:26,BTCUSDT,BINANCE,TRADE,64050.4,8e-05
2026-07-30 13:50:26,BTCUSDT,BINANCE,TRADE,64050.4,8e-05
2026-07-30 13:50:26,BTCUSDT,BINANCE,TRADE,64050.4,9e-05
2026-07-30 13:50:26,BTCUSDT,BINANCE,TRADE,64050.4,8e-05
2026-07-30 13:50:26,BTCUSDT,BINANCE,TRADE,64050.4,8e-05
2026-07-30 13:50:26,BTCUSDT,BINANCE,TRADE,64050.4,8e-05
2026-07-30 13:50:26,BTCUSDT,BINANCE,TRADE,64050.4,8e-05
2026-07-30 13:50:26,BTCUSDT,BINANCE,TRADE,64050.4,8e-05
2026-07-30 13:50:26,BTCUSDT,BINANCE,TRADE,64050.4,9e-05
2026-07-30 13:50:26,BTCUSDT,BINANCE,TRADE,64050.4,8e-05
2026-07-30 13:50:26,BTCUSDT,BINANCE,TRADE,64050.4,8e-05
2026-07-30 13:50:26,BTCUSDT,BINANCE,TRADE,64050.4,8e-05
2026-07-30 13:50:26,BTCUSDT,BINANCE,TRADE,64050.4,8e-05
2026-07-30 13:50:26,BTCUSDT,BINANCE,TRADE,64050.4,8e-05
2026-07-30 13:50:26,BTCUSDT,BINANCE,TRADE,64050.4,8e-05
2026-07-30 13:50:26,BTCUSDT,BINANCE,TRADE,64050.4,8e-05
2026-07-30 13:50:26,BTCUSDT,BINANCE,TRADE,64050.4,0.00029
2026-07-30 13:50:26,BTCUSDT,BINANCE,TRADE,64050.4,9e-05
2026-07-30 13:50:26,BTCUSDT,BINANCE,TRADE,64050.4,8e-05
2026-07-30 13:50:26,BTCUSDT,BINANCE,TRADE,64050.4,8e-05
2026-07-30 13:50:26,BTCUSDT,BINANCE,TRADE,64050.4,8e-05
2026-07-30 13:50:26,BTCUSDT,BINANCE,TRADE,64050.4,8e-05
2026-07-30 13:50:26,BTCUSDT,BINANCE,TRADE,64050.4,8e-05
2026-07-30 13:50:26,BTCUSDT,BINANCE,TRADE,64050.4,8e-05
2026-07-30 13:50:26,BTCUSDT,BINANCE,TRADE,64050.4,9e-05
2026-07-30 13:50:26,BTCUSDT,BINANCE,TRADE,64050.4,8e-05
2026-07-30 13:50:26,BTCUSDT,BINANCE,TRADE,64050.4,8e-05
2026-07-30 13:50:26,BTCUSDT,BINANCE,TRADE,64050.4,9e-05
2026-07-30 13:50:26,BTCUSDT,BINANCE,TRADE,64050.4,8e-05
2026-07-30 13:50:26,BTCUSDT,BINANCE,TRADE,64050.4,8e-05
2026-07-30 13:50:26,BTCUSDT,BINANCE,TRADE,64050.4,8e-05
2026-07-30 13:50:26,BTCUSDT,BINANCE,TRADE,64050.4,8e-05
2026-07-30 13:50:26,BTCUSDT,BINANCE,TRADE,64050.4,9e-05
2026-07-30 13:50:26,BTCUSDT,BINANCE,TRADE,64050.4,9e-05
2026-07-30 13:50:26,BTCUSDT,BINANCE,TRADE,64050.4,0.02363
2026-07-30 13:50:26,ETHUSDT,BINANCE,TRADE,1906.44,0.4
2026-07-30 13:50:26,ETHUSDT,BINANCE,TRADE,1906.44,0.8
2026-07-30 13:50:26,BTCUSDT,BINANCE,TRADE,64050.4,8e-05
2026-07-30 13:50:26,BTCUSDT,BINANCE,TRADE,64050.4,2e-05
2026-07-30 13:50:26,BTCUSDT,BINANCE,TRADE,64050.4,0.00027
2026-07-30 13:50:26,BTCUSDT,BINANCE,TRADE,64050.4,6e-05
2026-07-30 13:50:26,BTCUSDT,BINANCE,TRADE,64050.4,8e-05
2026-07-30 13:50:26,BTCUSDT,BINANCE,TRADE,64050.4,9e-05
2026-07-30 13:50:26,BTCUSDT,BINANCE,TRADE,64050.4,9e-05
2026-07-30 13:50:26,BTCUSDT,BINANCE,TRADE,64050.4,8e-05
2026-07-30 13:50:26,BTCUSDT,BINANCE,TRADE,64050.4,8e-05
2026-07-30 13:50:26,BTCUSDT,BINANCE,TRADE,64050.4,8e-05
2026-07-30 13:50:26,BTCUSDT,BINANCE,TRADE,64050.4,8e-05
2026-07-30 13:50:26,BTCUSDT,BINANCE,TRADE,64050.4,8e-05
2026-07-30 13:50:26,BTCUSDT,BINANCE,TRADE,64050.4,8e-05
2026-07-30 13:50:26,BTCUSDT,BINANCE,TRADE,64050.4,8e-05
2026-07-30 13:50:26,BTCUSDT,BINANCE,TRADE,64050.4,8e-05
2026-07-30 13:50:26,BTCUSDT,BINANCE,TRADE,64050.4,8e-05
2026-07-30 13:50:26,BTCUSDT,BINANCE,TRADE,64050.4,8e-05
2026-07-30 13:50:26,BTCUSDT,BINANCE,TRADE,64050.4,8e-05
2026-07-30 13:50:26,BTCUSDT,BINANCE,TRADE,64050.4,8e-05
2026-07-30 13:50:26,BTCUSDT,BINANCE,TRADE,64050.4,8e-05
2026-07-30 13:50:26,BTCUSDT,BINANCE,TRADE,64050.4,9e-05
2026-07-30 13:50:26,BTCUSDT,BINANCE,TRADE,64050.4,8e-05
2026-07-30 13:50:26,BTCUSDT,BINANCE,TRADE,64050.4,8e-05
2026-07-30 13:50:26,BTCUSDT,BINANCE,TRADE,64050.4,9e-05
2026-07-30 13:50:26,BTCUSDT,BINANCE,TRADE,64050.4,9e-05
2026-07-30 13:50:26,BTCUSDT,BINANCE,TRADE,64050.4,8e-05
2026-07-30 13:50:26,BTCUSDT,BINANCE,TRADE,64050.4,8e-05
2026-07-30 13:50:26,BTCUSDT,BINANCE,TRADE,64050.4,8e-05
2026-07-30 13:50:26,BTCUSDT,BINANCE,TRADE,64050.4,8e-05
2026-07-30 13:50:26,BTCUSDT,BINANCE,TRADE,64050.4,8e-05
2026-07-30 13:50:26,BTCUSDT,BINANCE,TRADE,64050.4,8e-05
2026-07-30 13:50:26,BTCUSDT,BINANCE,TRADE,64050.4,8e-05
2026-07-30 13:50:26,BTCUSDT,BINANCE,TRADE,64050.7,8e-05
2026-07-30 13:50:26,BTCUSDT,BINANCE,TRADE,64050.7,8e-05
2026-07-30 13:50:26,BTCUSDT,BINANCE,TRADE,64050.9,8e-05
2026-07-30 13:50:26,BTCUSDT,BINANCE,TRADE,64050.9,8e-05
2026-07-30 13:50:26,BTCUSDT,BINANCE,TRADE,64051.1,9e-05
2026-07-30 13:50:26,BTCUSDT,BINANCE,TRADE,64051.1,9e-05
2026-07-30 13:50:26,BTCUSDT,BINANCE,TRADE,64051.1,9e-05
2026-07-30 13:50:26,ETHUSDT,BINANCE,TRADE,1906.43,0.4973
2026-07-30 13:50:26,BTCUSDT,BINANCE,TRADE,64051.1,0.00038
2026-07-30 13:50:26,BTCUSDT,BINANCE,TRADE,64051.1,9e-05
2026-07-30 13:50:26,BTCUSDT,BINANCE,TRADE,64051.1,9e-05
2026-07-30 13:50:26,BTCUSDT,BINANCE,TRADE,64051.1,8e-05
2026-07-30 13:50:26,BTCUSDT,BINANCE,TRADE,64051.1,8e-05
2026-07-30 13:50:26,BTCUSDT,BINANCE,TRADE,64051.1,8e-05
2026-07-30 13:50:26,BTCUSDT,BINANCE,TRADE,64051.1,8e-05
2026-07-30 13:50:26,BTCUSDT,BINANCE,TRADE,64051.1,5e-05
2026-07-30 13:50:26,BTCUSDT,BINANCE,TRADE,64051.1,3e-05
2026-07-30 13:50:26,BTCUSDT,BINANCE,TRADE,64051.1,0.00015
2026-07-30 13:50:26,BTCUSDT,BINANCE,TRADE,64051.1,7e-05
2026-07-30 13:50:26,ETHUSDT,BINANCE,TRADE,1906.43,0.0216
2026-07-30 13:50:26,BTCUSDT,BINANCE,TRADE,64051.1,0.00014
2026-07-30 13:50:26,BTCUSDT,BINANCE,TRADE,64051.1,8e-05
2026-07-30 13:50:26,BTCUSDT,BINANCE,TRADE,64051.1,1e-05
2026-07-30 13:50:26,BTCUSDT,BINANCE,TRADE,64051.1,8e-05
2026-07-30 13:50:26,BTCUSDT,BINANCE,TRADE,64051.1,8e-05
2026-07-30 13:50:26,BTCUSDT,BINANCE,TRADE,64051.1,9e-05
2026-07-30 13:50:26,BTCUSDT,BINANCE,TRADE,64051.1,8e-05
2026-07-30 13:50:26,BTCUSDT,BINANCE,TRADE,64051.1,8e-05
2026-07-30 13:50:26,BTCUSDT,BINANCE,TRADE,64051.1,0.00088
2026-07-30 13:50:26,ETHUSDT,BINANCE,TRADE,1906.44,0.0128
2026-07-30 13:50:26,BTCUSDT,BINANCE,TRADE,64051.1,0.0002
2026-07-30 13:50:26,ETHUSDT,BINANCE,TRADE,1906.43,0.2839
2026-07-30 13:50:26,ETHUSDT,BINANCE,TRADE,1906.43,0.1969
2026-07-30 13:50:26,BTCUSDT,BINANCE,TRADE,64051.1,0.00509
2026-07-30 13:50:26,BTCUSDT,BINANCE,TRADE,64051.1,8e-05
2026-07-30 13:50:26,BTCUSDT,BINANCE,TRADE,64051.1,0.00028
2026-07-30 13:50:26,ETHUSDT,BINANCE,TRADE,1906.44,0.0146
2026-07-30 13:50:26,BTCUSDT,BINANCE,TRADE,64051.1,0.00312
2026-07-30 13:50:26,BTCUSDT,BINANCE,TRADE,64051.1,0.0013
2026-07-30 13:50:26,BTCUSDT,BINANCE,TRADE,64051.1,0.00016
2026-07-30 13:50:26,BTCUSDT,BINANCE,TRADE,64051.1,0.00021
2026-07-30 13:50:26,BTCUSDT,BINANCE,TRADE,64051.1,0.0003
2026-07-30 13:50:27,BTCUSDT,BINANCE,TRADE,64051.1,0.003
2026-07-30 13:50:27,BTCUSDT,BINANCE,TRADE,64051.1,0.0023
2026-07-30 13:50:27,BTCUSDT,BINANCE,TRADE,64051.1,0.00029
2026-07-30 13:50:27,BTCUSDT,BINANCE,TRADE,64051.1,0.01563
2026-07-30 13:50:27,BTCUSDT,BINANCE,TRADE,64051.1,0.00063
2026-07-30 13:50:27,BTCUSDT,BINANCE,TRADE,64051.1,8e-05
2026-07-30 13:50:27,BTCUSDT,BINANCE,TRADE,64051.1,8e-05
2026-07-30 13:50:27,BTCUSDT,BINANCE,TRADE,64051.1,8e-05
2026-07-30 13:50:27,BTCUSDT,BINANCE,TRADE,64051.1,8e-05
2026-07-30 13:50:27,BTCUSDT,BINANCE,TRADE,64051.1,8e-05
2026-07-30 13:50:27,BTCUSDT,BINANCE,TRADE,64051.1,9e-05
2026-07-30 13:50:27,BTCUSDT,BINANCE,TRADE,64051.1,9e-05
2026-07-30 13:50:27,BTCUSDT,BINANCE,TRADE,64051.1,8e-05
2026-07-30 13:50:27,BTCUSDT,BINANCE,TRADE,64051.1,8e-05
2026-07-30 13:50:27,BTCUSDT,BINANCE,TRADE,64051.1,9e-05
2026-07-30 13:50:27,BTCUSDT,BINANCE,TRADE,64051.1,8e-05
2026-07-30 13:50:27,BTCUSDT,BINANCE,TRADE,64051.1,8e-05
2026-07-30 13:50:27,BTCUSDT,BINANCE,TRADE,64051.1,8e-05
2026-07-30 13:50:27,BTCUSDT,BINANCE,TRADE,64051.1,8e-05
2026-07-30 13:50:27,BTCUSDT,BINANCE,TRADE,64051.1,0.00062
2026-07-30 13:50:27,BTCUSDT,BINANCE,TRADE,64051.1,8e-05
2026-07-30 13:50:27,BTCUSDT,BINANCE,TRADE,64051.1,0.00312
2026-07-30 13:50:27,BTCUSDT,BINANCE,TRADE,64051.1,8e-05
2026-07-30 13:50:27,BTCUSDT,BINANCE,TRADE,64051.1,8e-05
2026-07-30 13:50:27,BTCUSDT,BINANCE,TRADE,64051.1,9e-05
2026-07-30 13:50:27,BTCUSDT,BINANCE,TRADE,64051.1,8e-05
2026-07-30 13:50:27,BTCUSDT,BINANCE,TRADE,64051.1,9e-05
2026-07-30 13:50:27,BTCUSDT,BINANCE,TRADE,64051.1,8e-05
2026-07-30 13:50:27,BTCUSDT,BINANCE,TRADE,64051.1,8e-05
2026-07-30 13:50:27,BTCUSDT,BINANCE,TRADE,64051.1,8e-05
2026-07-30 13:50:27,BTCUSDT,BINANCE,TRADE,64051.1,8e-05
2026-07-30 13:50:27,BTCUSDT,BINANCE,TRADE,64051.1,8e-05
2026-07-30 13:50:27,BTCUSDT,BINANCE,TRADE,64051.2,9e-05
2026-07-30 13:50:27,BTCUSDT,BINANCE,TRADE,64051.4,8e-05
2026-07-30 13:50:27,BTCUSDT,BINANCE,TRADE,64052,9e-05
2026-07-30 13:50:27,BTCUSDT,BINANCE,TRADE,64052,9e-05
2026-07-30 13:50:27,BTCUSDT,BINANCE,TRADE,64052,9e-05
2026-07-30 13:50:27,BTCUSDT,BINANCE,TRADE,64052,0.00499
2026-07-30 13:50:27,BTCUSDT,BINANCE,TRADE,64052,0.00047
2026-07-30 13:50:27,ETHUSDT,BINANCE,TRADE,1906.43,0.1534
2026-07-30 13:50:27,BTCUSDT,BINANCE,TRADE,64052,0.00096
2026-07-30 13:50:27,BTCUSDT,BINANCE,TRADE,64052,0.00205
2026-07-30 13:50:27,BTCUSDT,BINANCE,TRADE,64052,0.00441
2026-07-30 13:50:27,BTCUSDT,BINANCE,TRADE,64052,0.002
2026-07-30 13:50:27,BTCUSDT,BINANCE,TRADE,64052,0.002
2026-07-30 13:50:27,BTCUSDT,BINANCE,TRADE,64052,0.00059
2026-07-30 13:50:27,BTCUSDT,BINANCE,TRADE,64052,0.00071
2026-07-30 13:50:27,BTCUSDT,BINANCE,TRADE,64052,0.00015
2026-07-30 13:50:27,BTCUSDT,BINANCE,TRADE,64052,0.00164
2026-07-30 13:50:27,BTCUSDT,BINANCE,TRADE,64052,0.00096
2026-07-30 13:50:27,BTCUSDT,BINANCE,TRADE,64052,0.00037
2026-07-30 13:50:27,BTCUSDT,BINANCE,TRADE,64052,0.0002
2026-07-30 13:50:27,BTCUSDT,BINANCE,TRADE,64052,0.00017
2026-07-30 13:50:27,BTCUSDT,BINANCE,TRADE,64052,0.00167
2026-07-30 13:50:27,BTCUSDT,BINANCE,TRADE,64052,0.00025
2026-07-30 13:50:27,BTCUSDT,BINANCE,TRADE,64052,0.00029
2026-07-30 13:50:27,BTCUSDT,BINANCE,TRADE,64052,0.00103
2026-07-30 13:50:27,BTCUSDT,BINANCE,TRADE,64052,0.00028
2026-07-30 13:50:27,BTCUSDT,BINANCE,TRADE,64052,0.0013
2026-07-30 13:50:27,ETHUSDT,BINANCE,TRADE,1906.43,0.0052
2026-07-30 13:50:27,BTCUSDT,BINANCE,TRADE,64052,0.00103
2026-07-30 13:50:27,BTCUSDT,BINANCE,TRADE,64052,0.00051
2026-07-30 13:50:27,BTCUSDT,BINANCE,TRADE,64052,0.00127
2026-07-30 13:50:27,ETHUSDT,BINANCE,TRADE,1906.43,0.0429
2026-07-30 13:50:27,BTCUSDT,BINANCE,TRADE,64052,0.00373
2026-07-30 13:50:27,BTCUSDT,BINANCE,TRADE,64052,0.00166
2026-07-30 13:50:27,BTCUSDT,BINANCE,TRADE,64052,9e-05
2026-07-30 13:50:27,BTCUSDT,BINANCE,TRADE,64052,9e-05
2026-07-30 13:50:27,BTCUSDT,BINANCE,TRADE,64052,8e-05
2026-07-30 13:50:27,BTCUSDT,BINANCE,TRADE,64052,8e-05
2026-07-30 13:50:27,BTCUSDT,BINANCE,TRADE,64052,8e-05
2026-07-30 13:50:27,BTCUSDT,BINANCE,TRADE,64052,8e-05
2026-07-30 13:50:27,BTCUSDT,BINANCE,TRADE,64052,8e-05
2026-07-30 13:50:27,BTCUSDT,BINANCE,TRADE,64052,8e-05
2026-07-30 13:50:27,BTCUSDT,BINANCE,TRADE,64052,8e-05
2026-07-30 13:50:27,BTCUSDT,BINANCE,TRADE,64052,8e-05
2026-07-30 13:50:27,BTCUSDT,BINANCE,TRADE,64052,8e-05
2026-07-30 13:50:27,BTCUSDT,BINANCE,TRADE,64052,8e-05
2026-07-30 13:50:27,BTCUSDT,BINANCE,TRADE,64052,0.00016
2026-07-30 13:50:27,BTCUSDT,BINANCE,TRADE,64052,9e-05
2026-07-30 13:50:27,BTCUSDT,BINANCE,TRADE,64052,8e-05
2026-07-30 13:50:27,BTCUSDT,BINANCE,TRADE,64052,0.00127
2026-07-30 13:50:27,BTCUSDT,BINANCE,TRADE,64052,0.00065
2026-07-30 13:50:27,BTCUSDT,BINANCE,TRADE,64052,0.00029
2026-07-30 13:50:27,BTCUSDT,BINANCE,TRADE,64052,0.00017
2026-07-30 13:50:27,ETHUSDT,BINANCE,TRADE,1906.43,0.0109
2026-07-30 13:50:27,BTCUSDT,BINANCE,TRADE,64052,0.0003
2026-07-30 13:50:27,BTCUSDT,BINANCE,TRADE,64052,0.00096
2026-07-30 13:50:27,BTCUSDT,BINANCE,TRADE,64052,0.00521
2026-07-30 13:50:27,BTCUSDT,BINANCE,TRADE,64052,0.00313
2026-07-30 13:50:27,SOLUSDT,BINANCE,TRADE,73.48,4
2026-07-30 13:50:27,SOLUSDT,BINANCE,TRADE,73.48,8
2026-07-30 13:50:27,SOLUSDT,BINANCE,TRADE,73.48,16
2026-07-30 13:50:27,SOLUSDT,BINANCE,TRADE,73.48,0.137
2026-07-30 13:50:27,SOLUSDT,BINANCE,TRADE,73.48,0.072
2026-07-30 13:50:27,SOLUSDT,BINANCE,TRADE,73.48,0.072
2026-07-30 13:50:27,SOLUSDT,BINANCE,TRADE,73.48,29.809
2026-07-30 13:50:27,SOLUSDT,BINANCE,TRADE,73.48,38.466
2026-07-30 13:50:27,SOLUSDT,BINANCE,TRADE,73.48,5.941
2026-07-30 13:50:27,SOLUSDT,BINANCE,TRADE,73.48,0.277
2026-07-30 13:50:27,SOLUSDT,BINANCE,TRADE,73.48,0.07
2026-07-30 13:50:27,SOLUSDT,BINANCE,TRADE,73.48,0.072
2026-07-30 13:50:27,SOLUSDT,BINANCE,TRADE,73.48,0.07
2026-07-30 13:50:27,SOLUSDT,BINANCE,TRADE,73.49,0.081
2026-07-30 13:50:27,SOLUSDT,BINANCE,TRADE,73.49,0.277
2026-07-30 13:50:27,SOLUSDT,BINANCE,TRADE,73.49,0.069
2026-07-30 13:50:27,SOLUSDT,BINANCE,TRADE,73.49,0.069
2026-07-30 13:50:27,SOLUSDT,BINANCE,TRADE,73.49,0.075
2026-07-30 13:50:27,SOLUSDT,BINANCE,TRADE,73.49,0.75
2026-07-30 13:50:27,SOLUSDT,BINANCE,TRADE,73.49,25.639
2026-07-30 13:50:27,BTCUSDT,BINANCE,TRADE,64052,0.00459
2026-07-30 13:50:27,SOLUSDT,BINANCE,TRADE,73.49,9.878
2026-07-30 13:50:27,SOLUSDT,BINANCE,TRADE,73.49,0.069
2026-07-30 13:50:27,SOLUSDT,BINANCE,TRADE,73.49,0.069
2026-07-30 13:50:27,SOLUSDT,BINANCE,TRADE,73.49,6
2026-07-30 13:50:27,SOLUSDT,BINANCE,TRADE,73.49,0.31
2026-07-30 13:50:27,SOLUSDT,BINANCE,TRADE,73.49,0.069
2026-07-30 13:50:27,SOLUSDT,BINANCE,TRADE,73.49,0.072
2026-07-30 13:50:27,SOLUSDT,BINANCE,TRADE,73.49,0.072
2026-07-30 13:50:27,SOLUSDT,BINANCE,TRADE,73.49,0.85
2026-07-30 13:50:27,SOLUSDT,BINANCE,TRADE,73.49,0.269
2026-07-30 13:50:27,SOLUSDT,BINANCE,TRADE,73.49,0.103
2026-07-30 13:50:27,SOLUSDT,BINANCE,TRADE,73.49,0.137
2026-07-30 13:50:27,SOLUSDT,BINANCE,TRADE,73.49,0.072
2026-07-30 13:50:27,SOLUSDT,BINANCE,TRADE,73.5,0.277
2026-07-30 13:50:27,SOLUSDT,BINANCE,TRADE,73.5,0.082
2026-07-30 13:50:27,SOLUSDT,BINANCE,TRADE,73.5,0.069
2026-07-30 13:50:27,SOLUSDT,BINANCE,TRADE,73.5,0.069
2026-07-30 13:50:27,SOLUSDT,BINANCE,TRADE,73.5,0.103
2026-07-30 13:50:27,SOLUSDT,BINANCE,TRADE,73.5,0.069
2026-07-30 13:50:27,SOLUSDT,BINANCE,TRADE,73.5,0.07
2026-07-30 13:50:27,SOLUSDT,BINANCE,TRADE,73.5,0.07
2026-07-30 13:50:27,SOLUSDT,BINANCE,TRADE,73.5,0.075
2026-07-30 13:50:27,SOLUSDT,BINANCE,TRADE,73.5,0.831
2026-07-30 13:50:27,SOLUSDT,BINANCE,TRADE,73.5,0.75
2026-07-30 13:50:27,SOLUSDT,BINANCE,TRADE,73.5,0.103
2026-07-30 13:50:27,SOLUSDT,BINANCE,TRADE,73.5,3.7
2026-07-30 13:50:27,SOLUSDT,BINANCE,TRADE,73.5,11.51
2026-07-30 13:50:27,SOLUSDT,BINANCE,TRADE,73.5,0.15
2026-07-30 13:50:27,SOLUSDT,BINANCE,TRADE,73.5,0.112
2026-07-30 13:50:27,SOLUSDT,BINANCE,TRADE,73.5,0.111
2026-07-30 13:50:27,SOLUSDT,BINANCE,TRADE,73.5,31.722
2026-07-30 13:50:27,SOLUSDT,BINANCE,TRADE,73.5,5.108
2026-07-30 13:50:27,SOLUSDT,BINANCE,TRADE,73.5,0.069
2026-07-30 13:50:27,SOLUSDT,BINANCE,TRADE,73.5,6
2026-07-30 13:50:27,SOLUSDT,BINANCE,TRADE,73.5,10
2026-07-30 13:50:27,SOLUSDT,BINANCE,TRADE,73.5,0.5
2026-07-30 13:50:27,SOLUSDT,BINANCE,TRADE,73.5,0.15
2026-07-30 13:50:27,SOLUSDT,BINANCE,TRADE,73.5,0.136
2026-07-30 13:50:27,SOLUSDT,BINANCE,TRADE,73.5,0.069
2026-07-30 13:50:27,SOLUSDT,BINANCE,TRADE,73.5,2
2026-07-30 13:50:27,SOLUSDT,BINANCE,TRADE,73.5,2
2026-07-30 13:50:27,SOLUSDT,BINANCE,TRADE,73.5,0.137
2026-07-30 13:50:27,SOLUSDT,BINANCE,TRADE,73.51,0.069
2026-07-30 13:50:27,SOLUSDT,BINANCE,TRADE,73.51,0.082
2026-07-30 13:50:27,SOLUSDT,BINANCE,TRADE,73.51,0.069
2026-07-30 13:50:27,SOLUSDT,BINANCE,TRADE,73.51,0.103
2026-07-30 13:50:27,SOLUSDT,BINANCE,TRADE,73.51,0.075
2026-07-30 13:50:27,SOLUSDT,BINANCE,TRADE,73.51,0.75
2026-07-30 13:50:27,SOLUSDT,BINANCE,TRADE,73.51,0.15
2026-07-30 13:50:27,SOLUSDT,BINANCE,TRADE,73.51,36.022
2026-07-30 13:50:27,SOLUSDT,BINANCE,TRADE,73.51,4.354
2026-07-30 13:50:27,SOLUSDT,BINANCE,TRADE,73.51,0.344
2026-07-30 13:50:27,SOLUSDT,BINANCE,TRADE,73.51,41.65
2026-07-30 13:50:27,SOLUSDT,BINANCE,TRADE,73.51,1
2026-07-30 13:50:27,BTCUSDT,BINANCE,TRADE,64052,8e-05
2026-07-30 13:50:27,SOLUSDT,BINANCE,TRADE,73.5,1.081
2026-07-30 13:50:27,SOLUSDT,BINANCE,TRADE,73.5,0.072
2026-07-30 13:50:27,SOLUSDT,BINANCE,TRADE,73.5,0.072
2026-07-30 13:50:27,SOLUSDT,BINANCE,TRADE,73.5,34.87
2026-07-30 13:50:27,SOLUSDT,BINANCE,TRADE,73.5,0.072
2026-07-30 13:50:27,SOLUSDT,BINANCE,TRADE,73.5,0.072
2026-07-30 13:50:27,SOLUSDT,BINANCE,TRADE,73.5,0.072
2026-07-30 13:50:27,SOLUSDT,BINANCE,TRADE,73.5,0.072
2026-07-30 13:50:27,SOLUSDT,BINANCE,TRADE,73.5,0.072
2026-07-30 13:50:27,SOLUSDT,BINANCE,TRADE,73.5,0.072
2026-07-30 13:50:27,SOLUSDT,BINANCE,TRADE,73.5,0.069
2026-07-30 13:50:27,SOLUSDT,BINANCE,TRADE,73.5,0.137
2026-07-30 13:50:27,SOLUSDT,BINANCE,TRADE,73.5,0.072
2026-07-30 13:50:27,SOLUSDT,BINANCE,TRADE,73.5,0.072
2026-07-30 13:50:27,SOLUSDT,BINANCE,TRADE,73.5,0.072
2026-07-30 13:50:27,SOLUSDT,BINANCE,TRADE,73.5,0.069
2026-07-30 13:50:27,SOLUSDT,BINANCE,TRADE,73.5,0.072
2026-07-30 13:50:27,SOLUSDT,BINANCE,TRADE,73.5,0.072
2026-07-30 13:50:27,SOLUSDT,BINANCE,TRADE,73.5,0.072
2026-07-30 13:50:27,SOLUSDT,BINANCE,TRADE,73.5,0.137
2026-07-30 13:50:27,SOLUSDT,BINANCE,TRADE,73.5,0.072
2026-07-30 13:50:27,SOLUSDT,BINANCE,TRADE,73.5,0.072
2026-07-30 13:50:27,SOLUSDT,BINANCE,TRADE,73.5,0.072
2026-07-30 13:50:27,SOLUSDT,BINANCE,TRADE,73.5,0.072
2026-07-30 13:50:27,SOLUSDT,BINANCE,TRADE,73.5,6.635
2026-07-30 13:50:27,BTCUSDT,BINANCE,TRADE,64052,0.00515
2026-07-30 13:50:27,BTCUSDT,BINANCE,TRADE,64052,0.00029
2026-07-30 13:50:27,BTCUSDT,BINANCE,TRADE,64052,0.00157
2026-07-30 13:50:27,BTCUSDT,BINANCE,TRADE,64052,0.00033
2026-07-30 13:50:27,BTCUSDT,BINANCE,TRADE,64052,0.00096
2026-07-30 13:50:27,BTCUSDT,BINANCE,TRADE,64052,0.00021
2026-07-30 13:50:27,SOLUSDT,BINANCE,TRADE,73.51,8.187
2026-07-30 13:50:27,SOLUSDT,BINANCE,TRADE,73.51,0.277
2026-07-30 13:50:27,SOLUSDT,BINANCE,TRADE,73.51,0.069
2026-07-30 13:50:27,SOLUSDT,BINANCE,TRADE,73.51,4.992
2026-07-30 13:50:27,BTCUSDT,BINANCE,TRADE,64052,0.00027
2026-07-30 13:50:27,SOLUSDT,BINANCE,TRADE,73.51,1.008
2026-07-30 13:50:27,SOLUSDT,BINANCE,TRADE,73.51,0.345
2026-07-30 13:50:27,BTCUSDT,BINANCE,TRADE,64052,0.00014
2026-07-30 13:50:27,BTCUSDT,BINANCE,TRADE,64052,0.00029
2026-07-30 13:50:27,SOLUSDT,BINANCE,TRADE,73.5,0.072
2026-07-30 13:50:27,SOLUSDT,BINANCE,TRADE,73.5,0.072
2026-07-30 13:50:27,SOLUSDT,BINANCE,TRADE,73.5,0.072
2026-07-30 13:50:27,SOLUSDT,BINANCE,TRADE,73.5,0.072
2026-07-30 13:50:27,SOLUSDT,BINANCE,TRADE,73.5,0.072
2026-07-30 13:50:27,SOLUSDT,BINANCE,TRADE,73.5,0.137
2026-07-30 13:50:27,SOLUSDT,BINANCE,TRADE,73.5,0.072
2026-07-30 13:50:27,SOLUSDT,BINANCE,TRADE,73.5,0.072
2026-07-30 13:50:27,SOLUSDT,BINANCE,TRADE,73.5,0.072
2026-07-30 13:50:27,SOLUSDT,BINANCE,TRADE,73.5,0.072
2026-07-30 13:50:27,SOLUSDT,BINANCE,TRADE,73.5,0.069
2026-07-30 13:50:27,SOLUSDT,BINANCE,TRADE,73.5,0.072
2026-07-30 13:50:27,SOLUSDT,BINANCE,TRADE,73.5,0.072
2026-07-30 13:50:27,SOLUSDT,BINANCE,TRADE,73.49,8.017
2026-07-30 13:50:27,ETHUSDT,BINANCE,TRADE,1906.44,0.0216
2026-07-30 13:50:28,BTCUSDT,BINANCE,TRADE,64052,0.00103
2026-07-30 13:50:28,BTCUSDT,BINANCE,TRADE,64052,0.00027
2026-07-30 13:50:28,ETHUSDT,BINANCE,TRADE,1906.44,0.0048
2026-07-30 13:50:28,BTCUSDT,BINANCE,TRADE,64052,0.0013
2026-07-30 13:50:28,BTCUSDT,BINANCE,TRADE,64052,0.00103
2026-07-30 13:50:28,BTCUSDT,BINANCE,TRADE,64052,0.00174
2026-07-30 13:50:28,BTCUSDT,BINANCE,TRADE,64052,0.00103
2026-07-30 13:50:28,BTCUSDT,BINANCE,TRADE,64052,0.00499
2026-07-30 13:50:28,BTCUSDT,BINANCE,TRADE,64052,0.01063
2026-07-30 13:50:28,BTCUSDT,BINANCE,TRADE,64052,0.01563
2026-07-30 13:50:28,BTCUSDT,BINANCE,TRADE,64052,0.00126
2026-07-30 13:50:28,ETHUSDT,BINANCE,TRADE,1906.44,0.0503
2026-07-30 13:50:28,BTCUSDT,BINANCE,TRADE,64052,0.0013
2026-07-30 13:50:28,BTCUSDT,BINANCE,TRADE,64052,0.00021
2026-07-30 13:50:28,BTCUSDT,BINANCE,TRADE,64052,0.00043
2026-07-30 13:50:28,BTCUSDT,BINANCE,TRADE,64052,0.00646
2026-07-30 13:50:28,BTCUSDT,BINANCE,TRADE,64052,0.00029
2026-07-30 13:50:28,BTCUSDT,BINANCE,TRADE,64052,0.00037
2026-07-30 13:50:28,BTCUSDT,BINANCE,TRADE,64052,0.00167
2026-07-30 13:50:28,ETHUSDT,BINANCE,TRADE,1906.43,0.0522
2026-07-30 13:50:28,BTCUSDT,BINANCE,TRADE,64052,0.00157
2026-07-30 13:50:28,ETHUSDT,BINANCE,TRADE,1906.43,0.0136
2026-07-30 13:50:28,BTCUSDT,BINANCE,TRADE,64052,0.00029
2026-07-30 13:50:28,BTCUSDT,BINANCE,TRADE,64052,0.00047
2026-07-30 13:50:28,ETHUSDT,BINANCE,TRADE,1906.44,0.0082
2026-07-30 13:50:28,BTCUSDT,BINANCE,TRADE,64052,0.0013
2026-07-30 13:50:28,ETHUSDT,BINANCE,TRADE,1906.44,0.0176
2026-07-30 13:50:28,BTCUSDT,BINANCE,TRADE,64052,0.00055
2026-07-30 13:50:28,BTCUSDT,BINANCE,TRADE,64052,0.00509
2026-07-30 13:50:28,BTCUSDT,BINANCE,TRADE,64052,0.00027
2026-07-30 13:50:28,BTCUSDT,BINANCE,TRADE,64052,0.03866
2026-07-30 13:50:28,BTCUSDT,BINANCE,TRADE,64052,0.00118
2026-07-30 13:50:28,BTCUSDT,BINANCE,TRADE,64052,8e-05
2026-07-30 13:50:28,BTCUSDT,BINANCE,TRADE,64052,8e-05
2026-07-30 13:50:28,BTCUSDT,BINANCE,TRADE,64052,8e-05
2026-07-30 13:50:28,BTCUSDT,BINANCE,TRADE,64052,1e-05
2026-07-30 13:50:28,BTCUSDT,BINANCE,TRADE,64052,0.00017
2026-07-30 13:50:28,BTCUSDT,BINANCE,TRADE,64052,7e-05
2026-07-30 13:50:28,BTCUSDT,BINANCE,TRADE,64052,8e-05
2026-07-30 13:50:28,BTCUSDT,BINANCE,TRADE,64052,0.0013
2026-07-30 13:50:28,BTCUSDT,BINANCE,TRADE,64052,8e-05
2026-07-30 13:50:28,BTCUSDT,BINANCE,TRADE,64052,9e-05
2026-07-30 13:50:28,BTCUSDT,BINANCE,TRADE,64052,8e-05
2026-07-30 13:50:28,BTCUSDT,BINANCE,TRADE,64052,8e-05
2026-07-30 13:50:28,BTCUSDT,BINANCE,TRADE,64052,0.00016
2026-07-30 13:50:28,BTCUSDT,BINANCE,TRADE,64052,8e-05
2026-07-30 13:50:28,BTCUSDT,BINANCE,TRADE,64052,8e-05
2026-07-30 13:50:28,BTCUSDT,BINANCE,TRADE,64052,8e-05
2026-07-30 13:50:28,BTCUSDT,BINANCE,TRADE,64052,8e-05
2026-07-30 13:50:28,BTCUSDT,BINANCE,TRADE,64052,8e-05
2026-07-30 13:50:28,BTCUSDT,BINANCE,TRADE,64052,8e-05
2026-07-30 13:50:28,BTCUSDT,BINANCE,TRADE,64052,8e-05
2026-07-30 13:50:28,BTCUSDT,BINANCE,TRADE,64052,0.00363
2026-07-30 13:50:29,ETHUSDT,BINANCE,TRADE,1906.43,0.0216
2026-07-30 13:50:29,BTCUSDT,BINANCE,TRADE,64052,0.00037
2026-07-30 13:50:29,BTCUSDT,BINANCE,TRADE,64052,0.00055
2026-07-30 13:50:29,BTCUSDT,BINANCE,TRADE,64052,0.00028
2026-07-30 13:50:29,BTCUSDT,BINANCE,TRADE,64052,0.00499
2026-07-30 13:50:29,SOLUSDT,BINANCE,TRADE,73.5,0.273
2026-07-30 13:50:29,BTCUSDT,BINANCE,TRADE,64052,0.00015
2026-07-30 13:50:29,BTCUSDT,BINANCE,TRADE,64052,0.00021
2026-07-30 13:50:29,BTCUSDT,BINANCE,TRADE,64052,0.00096
2026-07-30 13:50:29,BTCUSDT,BINANCE,TRADE,64052,0.0003
2026-07-30 13:50:29,BTCUSDT,BINANCE,TRADE,64052,0.01563
2026-07-30 13:50:29,BTCUSDT,BINANCE,TRADE,64052,0.00021
2026-07-30 13:50:29,ETHUSDT,BINANCE,TRADE,1906.44,0.0027
2026-07-30 13:50:29,ETHUSDT,BINANCE,TRADE,1906.44,0.0027
2026-07-30 13:50:29,ETHUSDT,BINANCE,TRADE,1906.44,0.0027
2026-07-30 13:50:29,ETHUSDT,BINANCE,TRADE,1906.44,0.0028
2026-07-30 13:50:29,ETHUSDT,BINANCE,TRADE,1906.44,0.0363
2026-07-30 13:50:29,BTCUSDT,BINANCE,TRADE,64052,0.00299
2026-07-30 13:50:29,BTCUSDT,BINANCE,TRADE,64052,0.00076
2026-07-30 13:50:29,ETHUSDT,BINANCE,TRADE,1906.44,0.0345
2026-07-30 13:50:29,BTCUSDT,BINANCE,TRADE,64052,0.00096
2026-07-30 13:50:29,ETHUSDT,BINANCE,TRADE,1906.44,0.0429
2026-07-30 13:50:29,BTCUSDT,BINANCE,TRADE,64052,0.00033
2026-07-30 13:50:29,BTCUSDT,BINANCE,TRADE,64052,0.0002
2026-07-30 13:50:29,BTCUSDT,BINANCE,TRADE,64052,0.00521
2026-07-30 13:50:29,BTCUSDT,BINANCE,TRADE,64052,0.0013
2026-07-30 13:50:29,BTCUSDT,BINANCE,TRADE,64052,0.00356
2026-07-30 13:50:29,BTCUSDT,BINANCE,TRADE,64052,0.0001
2026-07-30 13:50:29,BTCUSDT,BINANCE,TRADE,64052,0.00062
2026-07-30 13:50:29,BTCUSDT,BINANCE,TRADE,64052,0.00017
2026-07-30 13:50:29,BTCUSDT,BINANCE,TRADE,64052,9e-05
2026-07-30 13:50:29,BTCUSDT,BINANCE,TRADE,64052,9e-05
2026-07-30 13:50:29,BTCUSDT,BINANCE,TRADE,64052,8e-05
2026-07-30 13:50:29,BTCUSDT,BINANCE,TRADE,64052,8e-05
2026-07-30 13:50:29,BTCUSDT,BINANCE,TRADE,64052,8e-05
2026-07-30 13:50:29,BTCUSDT,BINANCE,TRADE,64052,8e-05
2026-07-30 13:50:29,BTCUSDT,BINANCE,TRADE,64052,8e-05
2026-07-30 13:50:29,BTCUSDT,BINANCE,TRADE,64052,9e-05
2026-07-30 13:50:29,BTCUSDT,BINANCE,TRADE,64052,8e-05
2026-07-30 13:50:29,BTCUSDT,BINANCE,TRADE,64052,0.00016
2026-07-30 13:50:29,BTCUSDT,BINANCE,TRADE,64052,8e-05
2026-07-30 13:50:29,BTCUSDT,BINANCE,TRADE,64052,8e-05
2026-07-30 13:50:29,BTCUSDT,BINANCE,TRADE,64052,8e-05
2026-07-30 13:50:29,BTCUSDT,BINANCE,TRADE,64052,8e-05
2026-07-30 13:50:29,BTCUSDT,BINANCE,TRADE,64052,8e-05
2026-07-30 13:50:29,BTCUSDT,BINANCE,TRADE,64052,0.00468
2026-07-30 13:50:29,BTCUSDT,BINANCE,TRADE,64052,0.00062
2026-07-30 13:50:29,BTCUSDT,BINANCE,TRADE,64052,8e-05
2026-07-30 13:50:29,BTCUSDT,BINANCE,TRADE,64052,8e-05
2026-07-30 13:50:29,BTCUSDT,BINANCE,TRADE,64052,8e-05
2026-07-30 13:50:29,BTCUSDT,BINANCE,TRADE,64052,8e-05
2026-07-30 13:50:29,BTCUSDT,BINANCE,TRADE,64052,8e-05
2026-07-30 13:50:29,BTCUSDT,BINANCE,TRADE,64052,8e-05
2026-07-30 13:50:29,BTCUSDT,BINANCE,TRADE,64052,8e-05
2026-07-30 13:50:29,BTCUSDT,BINANCE,TRADE,64052,9e-05
2026-07-30 13:50:29,BTCUSDT,BINANCE,TRADE,64052,8e-05
2026-07-30 13:50:29,BTCUSDT,BINANCE,TRADE,64052,8e-05
2026-07-30 13:50:29,BTCUSDT,BINANCE,TRADE,64052,8e-05
2026-07-30 13:50:29,BTCUSDT,BINANCE,TRADE,64052,9e-05
2026-07-30 13:50:29,BTCUSDT,BINANCE,TRADE,64052,0.00016
2026-07-30 13:50:29,BTCUSDT,BINANCE,TRADE,64052,8e-05
2026-07-30 13:50:29,BTCUSDT,BINANCE,TRADE,64052,8e-05
2026-07-30 13:50:29,BTCUSDT,BINANCE,TRADE,64052,8e-05
2026-07-30 13:50:29,BTCUSDT,BINANCE,TRADE,64052,0.00016
2026-07-30 13:50:29,BTCUSDT,BINANCE,TRADE,64052.1,8e-05
2026-07-30 13:50:29,BTCUSDT,BINANCE,TRADE,64052.2,8e-05
2026-07-30 13:50:29,BTCUSDT,BINANCE,TRADE,64054,9e-05
2026-07-30 13:50:29,BTCUSDT,BINANCE,TRADE,64054,9e-05
2026-07-30 13:50:29,BTCUSDT,BINANCE,TRADE,64054,9e-05
2026-07-30 13:50:29,BTCUSDT,BINANCE,TRADE,64054,0.00029
2026-07-30 13:50:29,SOLUSDT,BINANCE,TRADE,73.49,0.55
2026-07-30 13:50:29,SOLUSDT,BINANCE,TRADE,73.49,0.28
2026-07-30 13:50:29,SOLUSDT,BINANCE,TRADE,73.49,0.17
2026-07-30 13:50:29,SOLUSDT,BINANCE,TRADE,73.49,0.55
2026-07-30 13:50:29,SOLUSDT,BINANCE,TRADE,73.49,6.81
2026-07-30 13:50:29,SOLUSDT,BINANCE,TRADE,73.49,3.4
2026-07-30 13:50:29,SOLUSDT,BINANCE,TRADE,73.49,0.55
2026-07-30 13:50:29,SOLUSDT,BINANCE,TRADE,73.49,3.02
2026-07-30 13:50:29,BTCUSDT,BINANCE,TRADE,64054,0.00101
2026-07-30 13:50:29,ETHUSDT,BINANCE,TRADE,1906.44,0.0338
2026-07-30 13:50:29,BTCUSDT,BINANCE,TRADE,64054,0.00364
2026-07-30 13:50:29,BTCUSDT,BINANCE,TRADE,64054,0.00014
2026-07-30 13:50:29,BTCUSDT,BINANCE,TRADE,64054,0.00101
2026-07-30 13:50:29,BTCUSDT,BINANCE,TRADE,64054,0.0013
2026-07-30 13:50:29,BTCUSDT,BINANCE,TRADE,64054,0.00025
2026-07-30 13:50:29,BTCUSDT,BINANCE,TRADE,64054,0.00037
2026-07-30 13:50:29,BTCUSDT,BINANCE,TRADE,64054,6e-05
2026-07-30 13:50:29,BTCUSDT,BINANCE,TRADE,64054,0.00091
2026-07-30 13:50:29,BTCUSDT,BINANCE,TRADE,64054,0.0023
2026-07-30 13:50:29,BTCUSDT,BINANCE,TRADE,64054,0.00076
2026-07-30 13:50:29,ETHUSDT,BINANCE,TRADE,1906.44,0.0109
2026-07-30 13:50:29,BTCUSDT,BINANCE,TRADE,64054,0.00097
2026-07-30 13:50:29,BTCUSDT,BINANCE,TRADE,64054,0.00028
2026-07-30 13:50:29,BTCUSDT,BINANCE,TRADE,64054,0.00058
2026-07-30 13:50:30,BTCUSDT,BINANCE,TRADE,64054,0.00101
2026-07-30 13:50:30,BTCUSDT,BINANCE,TRADE,64054,0.00065
2026-07-30 13:50:30,BTCUSDT,BINANCE,TRADE,64054,0.00244
2026-07-30 13:50:30,BTCUSDT,BINANCE,TRADE,64054,0.00068
2026-07-30 13:50:30,ETHUSDT,BINANCE,TRADE,1906.43,0.2401
2026-07-30 13:50:30,BTCUSDT,BINANCE,TRADE,64054,0.00029
2026-07-30 13:50:30,BTCUSDT,BINANCE,TRADE,64054,0.0018
2026-07-30 13:50:30,BTCUSDT,BINANCE,TRADE,64054,0.00157
2026-07-30 13:50:30,BTCUSDT,BINANCE,TRADE,64054,0.0003
2026-07-30 13:50:30,BTCUSDT,BINANCE,TRADE,64054,0.00499
2026-07-30 13:50:30,BTCUSDT,BINANCE,TRADE,64054,0.0013
2026-07-30 13:50:30,BTCUSDT,BINANCE,TRADE,64054,0.00101
2026-07-30 13:50:30,BTCUSDT,BINANCE,TRADE,64054,0.00614
2026-07-30 13:50:30,BTCUSDT,BINANCE,TRADE,64054,0.00029
2026-07-30 13:50:30,SOLUSDT,BINANCE,TRADE,73.49,14.587
2026-07-30 13:50:30,SOLUSDT,BINANCE,TRADE,73.49,0.072
2026-07-30 13:50:30,SOLUSDT,BINANCE,TRADE,73.49,0.072
2026-07-30 13:50:30,SOLUSDT,BINANCE,TRADE,73.49,2
2026-07-30 13:50:30,SOLUSDT,BINANCE,TRADE,73.49,4
2026-07-30 13:50:30,SOLUSDT,BINANCE,TRADE,73.49,0.277
2026-07-30 13:50:30,SOLUSDT,BINANCE,TRADE,73.49,6.202
2026-07-30 13:50:30,BTCUSDT,BINANCE,TRADE,64054,0.00509
2026-07-30 13:50:30,BTCUSDT,BINANCE,TRADE,64054,0.00047
2026-07-30 13:50:30,BTCUSDT,BINANCE,TRADE,64054,0.00344
2026-07-30 13:50:30,BTCUSDT,BINANCE,TRADE,64054,0.005
2026-07-30 13:50:30,BTCUSDT,BINANCE,TRADE,64054,9e-05
2026-07-30 13:50:30,BTCUSDT,BINANCE,TRADE,64054,9e-05
2026-07-30 13:50:30,BTCUSDT,BINANCE,TRADE,64054,0.00858
2026-07-30 13:50:30,ETHUSDT,BINANCE,TRADE,1906.43,0.0048
2026-07-30 13:50:30,ETHUSDT,BINANCE,TRADE,1906.44,0.0052
2026-07-30 13:50:30,BTCUSDT,BINANCE,TRADE,64054,0.00029
2026-07-30 13:50:30,BTCUSDT,BINANCE,TRADE,64054,8e-05
2026-07-30 13:50:30,BTCUSDT,BINANCE,TRADE,64054,8e-05
2026-07-30 13:50:30,BTCUSDT,BINANCE,TRADE,64054,0.0013
2026-07-30 13:50:30,BTCUSDT,BINANCE,TRADE,64054,0.00027
2026-07-30 13:50:30,BTCUSDT,BINANCE,TRADE,64054,0.00299
2026-07-30 13:50:30,BTCUSDT,BINANCE,TRADE,64054,0.0001
2026-07-30 13:50:30,ETHUSDT,BINANCE,TRADE,1906.43,0.5424
2026-07-30 13:50:30,ETHUSDT,BINANCE,TRADE,1906.44,0.0848
2026-07-30 13:50:30,ETHUSDT,BINANCE,TRADE,1906.44,0.0216
2026-07-30 13:50:30,BTCUSDT,BINANCE,TRADE,64054,0.01563
2026-07-30 13:50:30,SOLUSDT,BINANCE,TRADE,73.49,1.798
2026-07-30 13:50:30,SOLUSDT,BINANCE,TRADE,73.49,0.069
2026-07-30 13:50:30,SOLUSDT,BINANCE,TRADE,73.49,0.137
2026-07-30 13:50:30,SOLUSDT,BINANCE,TRADE,73.49,5.223
2026-07-30 13:50:30,SOLUSDT,BINANCE,TRADE,73.49,10.21
2026-07-30 13:50:30,SOLUSDT,BINANCE,TRADE,73.49,10.21
2026-07-30 13:50:30,SOLUSDT,BINANCE,TRADE,73.49,10.21
2026-07-30 13:50:30,SOLUSDT,BINANCE,TRADE,73.49,10.21
2026-07-30 13:50:30,SOLUSDT,BINANCE,TRADE,73.49,10.21
2026-07-30 13:50:30,SOLUSDT,BINANCE,TRADE,73.49,2.816
2026-07-30 13:50:30,SOLUSDT,BINANCE,TRADE,73.49,7.394
2026-07-30 13:50:30,SOLUSDT,BINANCE,TRADE,73.49,10.21
2026-07-30 13:50:30,SOLUSDT,BINANCE,TRADE,73.49,10.21
2026-07-30 13:50:30,SOLUSDT,BINANCE,TRADE,73.49,0.082
2026-07-30 13:50:30,SOLUSDT,BINANCE,TRADE,73.49,0.069
2026-07-30 13:50:30,SOLUSDT,BINANCE,TRADE,73.49,0.072
2026-07-30 13:50:30,SOLUSDT,BINANCE,TRADE,73.49,0.072
2026-07-30 13:50:30,SOLUSDT,BINANCE,TRADE,73.49,0.072
2026-07-30 13:50:30,SOLUSDT,BINANCE,TRADE,73.49,0.072
2026-07-30 13:50:30,SOLUSDT,BINANCE,TRADE,73.49,0.072
2026-07-30 13:50:30,SOLUSDT,BINANCE,TRADE,73.49,0.072
2026-07-30 13:50:30,SOLUSDT,BINANCE,TRADE,73.49,0.13
2026-07-30 13:50:30,SOLUSDT,BINANCE,TRADE,73.49,0.13
2026-07-30 13:50:30,SOLUSDT,BINANCE,TRADE,73.49,0.13
2026-07-30 13:50:30,SOLUSDT,BINANCE,TRADE,73.49,0.243
2026-07-30 13:50:30,SOLUSDT,BINANCE,TRADE,73.49,7.352
2026-07-30 13:50:30,SOLUSDT,BINANCE,TRADE,73.49,0.13
2026-07-30 13:50:30,SOLUSDT,BINANCE,TRADE,73.49,0.13
2026-07-30 13:50:30,SOLUSDT,BINANCE,TRADE,73.49,0.13
2026-07-30 13:50:30,SOLUSDT,BINANCE,TRADE,73.49,0.14
2026-07-30 13:50:30,SOLUSDT,BINANCE,TRADE,73.49,0.13
2026-07-30 13:50:30,SOLUSDT,BINANCE,TRADE,73.49,0.13
2026-07-30 13:50:30,SOLUSDT,BINANCE,TRADE,73.49,0.13
2026-07-30 13:50:30,SOLUSDT,BINANCE,TRADE,73.49,11.9
2026-07-30 13:50:30,SOLUSDT,BINANCE,TRADE,73.49,23.484
2026-07-30 13:50:30,SOLUSDT,BINANCE,TRADE,73.49,0.072
2026-07-30 13:50:30,SOLUSDT,BINANCE,TRADE,73.49,0.072
2026-07-30 13:50:30,SOLUSDT,BINANCE,TRADE,73.49,0.072
2026-07-30 13:50:30,SOLUSDT,BINANCE,TRADE,73.49,4
2026-07-30 13:50:30,SOLUSDT,BINANCE,TRADE,73.49,2
2026-07-30 13:50:30,SOLUSDT,BINANCE,TRADE,73.49,0.277
2026-07-30 13:50:30,SOLUSDT,BINANCE,TRADE,73.49,0.072
2026-07-30 13:50:30,SOLUSDT,BINANCE,TRADE,73.49,0.072
2026-07-30 13:50:30,SOLUSDT,BINANCE,TRADE,73.49,0.072
2026-07-30 13:50:30,SOLUSDT,BINANCE,TRADE,73.49,0.072
2026-07-30 13:50:30,BTCUSDT,BINANCE,TRADE,64054,0.002
2026-07-30 13:50:30,BTCUSDT,BINANCE,TRADE,64054,0.00196
2026-07-30 13:50:30,BTCUSDT,BINANCE,TRADE,64054,0.00078
2026-07-30 13:50:30,ETHUSDT,BINANCE,TRADE,1906.43,0.0144
2026-07-30 13:50:30,SOLUSDT,BINANCE,TRADE,73.48,0.072
2026-07-30 13:50:30,SOLUSDT,BINANCE,TRADE,73.48,0.072
2026-07-30 13:50:30,SOLUSDT,BINANCE,TRADE,73.48,0.069
2026-07-30 13:50:30,SOLUSDT,BINANCE,TRADE,73.48,0.277
2026-07-30 13:50:30,SOLUSDT,BINANCE,TRADE,73.48,0.137
2026-07-30 13:50:30,SOLUSDT,BINANCE,TRADE,73.48,0.103
2026-07-30 13:50:30,SOLUSDT,BINANCE,TRADE,73.48,0.082
2026-07-30 13:50:30,SOLUSDT,BINANCE,TRADE,73.48,0.069
2026-07-30 13:50:30,SOLUSDT,BINANCE,TRADE,73.48,0.069
2026-07-30 13:50:30,SOLUSDT,BINANCE,TRADE,73.48,0.072
2026-07-30 13:50:30,SOLUSDT,BINANCE,TRADE,73.48,0.23
2026-07-30 13:50:30,ETHUSDT,BINANCE,TRADE,1906.44,0.0548
2026-07-30 13:50:30,BTCUSDT,BINANCE,TRADE,64054,0.00034
2026-07-30 13:50:30,BTCUSDT,BINANCE,TRADE,64054,0.00521
2026-07-30 13:50:30,BTCUSDT,BINANCE,TRADE,64054,0.00033
2026-07-30 13:50:30,BTCUSDT,BINANCE,TRADE,64054,0.00149
2026-07-30 13:50:30,ETHUSDT,BINANCE,TRADE,1906.44,0.0109
2026-07-30 13:50:30,BTCUSDT,BINANCE,TRADE,64054,0.00021
2026-07-30 13:50:30,BTCUSDT,BINANCE,TRADE,64054,0.00029
2026-07-30 13:50:30,BTCUSDT,BINANCE,TRADE,64054,0.00038
2026-07-30 13:50:30,BTCUSDT,BINANCE,TRADE,64054,0.00021
2026-07-30 13:50:30,BTCUSDT,BINANCE,TRADE,64054,0.00515
2026-07-30 13:50:30,BTCUSDT,BINANCE,TRADE,64054,0.00043
2026-07-30 13:50:30,BTCUSDT,BINANCE,TRADE,64054,0.0013
2026-07-30 13:50:30,ETHUSDT,BINANCE,TRADE,1906.43,0.0288
2026-07-30 13:50:30,BTCUSDT,BINANCE,TRADE,64054,0.00037
2026-07-30 13:50:30,BTCUSDT,BINANCE,TRADE,64054,0.0014
2026-07-30 13:50:30,SOLUSDT,BINANCE,TRADE,73.48,27.23
2026-07-30 13:50:30,SOLUSDT,BINANCE,TRADE,73.49,1.077
2026-07-30 13:50:30,ETHUSDT,BINANCE,TRADE,1906.44,0.0522
2026-07-30 13:50:30,BTCUSDT,BINANCE,TRADE,64054,0.00028
2026-07-30 13:50:30,BTCUSDT,BINANCE,TRADE,64054,0.00029
2026-07-30 13:50:31,BTCUSDT,BINANCE,TRADE,64054,0.00026
2026-07-30 13:50:31,ETHUSDT,BINANCE,TRADE,1906.43,0.0027
2026-07-30 13:50:31,ETHUSDT,BINANCE,TRADE,1906.43,0.0003
2026-07-30 13:50:31,BTCUSDT,BINANCE,TRADE,64054,0.0013
2026-07-30 13:50:31,BTCUSDT,BINANCE,TRADE,64054,0.0002
2026-07-30 13:50:31,ETHUSDT,BINANCE,TRADE,1906.43,0.0025
2026-07-30 13:50:31,ETHUSDT,BINANCE,TRADE,1906.43,0.0027
2026-07-30 13:50:31,ETHUSDT,BINANCE,TRADE,1906.43,0.0053
2026-07-30 13:50:31,ETHUSDT,BINANCE,TRADE,1906.43,0.0027
2026-07-30 13:50:31,ETHUSDT,BINANCE,TRADE,1906.43,0.0027
2026-07-30 13:50:31,ETHUSDT,BINANCE,TRADE,1906.43,0.0027
2026-07-30 13:50:31,ETHUSDT,BINANCE,TRADE,1906.43,0.0028
2026-07-30 13:50:31,ETHUSDT,BINANCE,TRADE,1906.43,0.1086
2026-07-30 13:50:31,ETHUSDT,BINANCE,TRADE,1906.43,2.2652
2026-07-30 13:50:31,ETHUSDT,BINANCE,TRADE,1906.43,0.0053
2026-07-30 13:50:31,ETHUSDT,BINANCE,TRADE,1906.43,0.0031
2026-07-30 13:50:31,ETHUSDT,BINANCE,TRADE,1906.43,0.0027
2026-07-30 13:50:31,ETHUSDT,BINANCE,TRADE,1906.43,0.0027
2026-07-30 13:50:31,ETHUSDT,BINANCE,TRADE,1906.43,0.0027
2026-07-30 13:50:31,ETHUSDT,BINANCE,TRADE,1906.43,0.0031
2026-07-30 13:50:31,ETHUSDT,BINANCE,TRADE,1906.43,0.0027
2026-07-30 13:50:31,ETHUSDT,BINANCE,TRADE,1906.43,0.0031
2026-07-30 13:50:31,ETHUSDT,BINANCE,TRADE,1906.43,0.0027
2026-07-30 13:50:31,ETHUSDT,BINANCE,TRADE,1906.42,0.0053
2026-07-30 13:50:31,ETHUSDT,BINANCE,TRADE,1906.42,0.0028
2026-07-30 13:50:31,ETHUSDT,BINANCE,TRADE,1906.42,0.0027
2026-07-30 13:50:31,ETHUSDT,BINANCE,TRADE,1906.42,0.0027
2026-07-30 13:50:31,ETHUSDT,BINANCE,TRADE,1906.42,0.0027
2026-07-30 13:50:31,ETHUSDT,BINANCE,TRADE,1906.41,0.0053
2026-07-30 13:50:31,ETHUSDT,BINANCE,TRADE,1906.41,0.0028
2026-07-30 13:50:31,ETHUSDT,BINANCE,TRADE,1906.4,0.0028
2026-07-30 13:50:31,ETHUSDT,BINANCE,TRADE,1906.39,0.0027
2026-07-30 13:50:31,ETHUSDT,BINANCE,TRADE,1906.39,0.0028
2026-07-30 13:50:31,ETHUSDT,BINANCE,TRADE,1906.38,0.0027
2026-07-30 13:50:31,ETHUSDT,BINANCE,TRADE,1906.38,0.0028
2026-07-30 13:50:31,ETHUSDT,BINANCE,TRADE,1906.37,0.0028
2026-07-30 13:50:31,ETHUSDT,BINANCE,TRADE,1906.37,0.0028
2026-07-30 13:50:31,ETHUSDT,BINANCE,TRADE,1906.37,0.0028
2026-07-30 13:50:31,ETHUSDT,BINANCE,TRADE,1906.37,0.0028
2026-07-30 13:50:31,ETHUSDT,BINANCE,TRADE,1906.36,0.2622
2026-07-30 13:50:31,ETHUSDT,BINANCE,TRADE,1906.36,0.0028
2026-07-30 13:50:31,ETHUSDT,BINANCE,TRADE,1906.36,0.0031
2026-07-30 13:50:31,ETHUSDT,BINANCE,TRADE,1906.36,0.0031
2026-07-30 13:50:31,ETHUSDT,BINANCE,TRADE,1906.35,0.0028
2026-07-30 13:50:31,ETHUSDT,BINANCE,TRADE,1906.34,0.0028
2026-07-30 13:50:31,ETHUSDT,BINANCE,TRADE,1906.34,0.0027
2026-07-30 13:50:31,ETHUSDT,BINANCE,TRADE,1906.32,0.0028
2026-07-30 13:50:31,ETHUSDT,BINANCE,TRADE,1906.32,0.0028
2026-07-30 13:50:31,ETHUSDT,BINANCE,TRADE,1906.32,0.0028
2026-07-30 13:50:31,BTCUSDT,BINANCE,TRADE,64054,0.002
2026-07-30 13:50:31,ETHUSDT,BINANCE,TRADE,1906.31,0.0482
2026-07-30 13:50:31,ETHUSDT,BINANCE,TRADE,1906.31,0.0028
2026-07-30 13:50:31,ETHUSDT,BINANCE,TRADE,1906.31,0.2489
2026-07-30 13:50:31,ETHUSDT,BINANCE,TRADE,1906.31,0.0027
2026-07-30 13:50:31,ETHUSDT,BINANCE,TRADE,1906.31,0.0027
2026-07-30 13:50:31,ETHUSDT,BINANCE,TRADE,1906.31,0.0027
2026-07-30 13:50:31,ETHUSDT,BINANCE,TRADE,1906.31,0.0027
2026-07-30 13:50:31,ETHUSDT,BINANCE,TRADE,1906.31,0.0027
2026-07-30 13:50:31,ETHUSDT,BINANCE,TRADE,1906.31,0.0027
2026-07-30 13:50:31,ETHUSDT,BINANCE,TRADE,1906.31,0.0027
2026-07-30 13:50:31,ETHUSDT,BINANCE,TRADE,1906.31,0.0027
2026-07-30 13:50:31,ETHUSDT,BINANCE,TRADE,1906.31,0.0028
2026-07-30 13:50:31,ETHUSDT,BINANCE,TRADE,1906.31,0.0031
2026-07-30 13:50:31,ETHUSDT,BINANCE,TRADE,1906.31,0.0031
2026-07-30 13:50:31,ETHUSDT,BINANCE,TRADE,1906.31,0.0031
2026-07-30 13:50:31,ETHUSDT,BINANCE,TRADE,1906.3,0.0028
2026-07-30 13:50:31,ETHUSDT,BINANCE,TRADE,1906.3,0.0027
2026-07-30 13:50:31,ETHUSDT,BINANCE,TRADE,1906.3,0.0027
2026-07-30 13:50:31,ETHUSDT,BINANCE,TRADE,1906.3,0.0027
2026-07-30 13:50:31,ETHUSDT,BINANCE,TRADE,1906.29,0.0027
2026-07-30 13:50:31,ETHUSDT,BINANCE,TRADE,1906.29,0.0028
2026-07-30 13:50:31,ETHUSDT,BINANCE,TRADE,1906.26,0.0027
2026-07-30 13:50:31,ETHUSDT,BINANCE,TRADE,1906.26,0.0028
2026-07-30 13:50:31,ETHUSDT,BINANCE,TRADE,1906.25,0.0028
2026-07-30 13:50:31,ETHUSDT,BINANCE,TRADE,1906.24,0.0028
2026-07-30 13:50:31,ETHUSDT,BINANCE,TRADE,1906.23,0.0028
2026-07-30 13:50:31,ETHUSDT,BINANCE,TRADE,1906.22,0.0078
2026-07-30 13:50:31,ETHUSDT,BINANCE,TRADE,1906.22,0.0028
2026-07-30 13:50:31,ETHUSDT,BINANCE,TRADE,1906.21,0.0027
2026-07-30 13:50:31,ETHUSDT,BINANCE,TRADE,1906.21,0.0108
2026-07-30 13:50:31,ETHUSDT,BINANCE,TRADE,1906.21,0.0028
2026-07-30 13:50:31,ETHUSDT,BINANCE,TRADE,1906.2,0.0027
2026-07-30 13:50:31,ETHUSDT,BINANCE,TRADE,1906.2,0.0027
2026-07-30 13:50:31,ETHUSDT,BINANCE,TRADE,1906.2,0.0032
2026-07-30 13:50:31,ETHUSDT,BINANCE,TRADE,1906.2,0.0028
2026-07-30 13:50:31,ETHUSDT,BINANCE,TRADE,1906.19,0.0027
2026-07-30 13:50:31,ETHUSDT,BINANCE,TRADE,1906.19,0.0028
2026-07-30 13:50:31,ETHUSDT,BINANCE,TRADE,1906.19,0.0028
2026-07-30 13:50:31,ETHUSDT,BINANCE,TRADE,1906.19,0.0028
2026-07-30 13:50:31,BTCUSDT,BINANCE,TRADE,64054,0.0005
2026-07-30 13:50:31,BTCUSDT,BINANCE,TRADE,64054,0.00026
2026-07-30 13:50:31,SOLUSDT,BINANCE,TRADE,73.48,0.072
2026-07-30 13:50:31,SOLUSDT,BINANCE,TRADE,73.48,0.072
2026-07-30 13:50:31,SOLUSDT,BINANCE,TRADE,73.48,0.072
2026-07-30 13:50:31,SOLUSDT,BINANCE,TRADE,73.48,0.072
2026-07-30 13:50:31,SOLUSDT,BINANCE,TRADE,73.48,0.072
2026-07-30 13:50:31,SOLUSDT,BINANCE,TRADE,73.48,0.072
2026-07-30 13:50:31,SOLUSDT,BINANCE,TRADE,73.48,0.072
2026-07-30 13:50:31,SOLUSDT,BINANCE,TRADE,73.48,0.072
2026-07-30 13:50:31,SOLUSDT,BINANCE,TRADE,73.48,0.072
2026-07-30 13:50:31,SOLUSDT,BINANCE,TRADE,73.48,0.072
2026-07-30 13:50:31,SOLUSDT,BINANCE,TRADE,73.48,0.277
2026-07-30 13:50:31,SOLUSDT,BINANCE,TRADE,73.48,0.069
2026-07-30 13:50:31,SOLUSDT,BINANCE,TRADE,73.48,0.07
2026-07-30 13:50:31,SOLUSDT,BINANCE,TRADE,73.48,0.072
2026-07-30 13:50:31,SOLUSDT,BINANCE,TRADE,73.48,0.072
2026-07-30 13:50:31,SOLUSDT,BINANCE,TRADE,73.48,0.072
2026-07-30 13:50:31,BTCUSDT,BINANCE,TRADE,64054,0.00499
2026-07-30 13:50:31,BTCUSDT,BINANCE,TRADE,64054,0.00098
2026-07-30 13:50:31,BTCUSDT,BINANCE,TRADE,64054,0.00025
2026-07-30 13:50:31,BTCUSDT,BINANCE,TRADE,64054,0.0002
2026-07-30 13:50:31,BTCUSDT,BINANCE,TRADE,64054,0.03866
2026-07-30 13:50:31,ETHUSDT,BINANCE,TRADE,1906.18,0.0082
2026-07-30 13:50:31,BTCUSDT,BINANCE,TRADE,64054,0.00137
2026-07-30 13:50:31,BTCUSDT,BINANCE,TRADE,64054,0.00299
2026-07-30 13:50:31,BTCUSDT,BINANCE,TRADE,64054,0.00055
2026-07-30 13:50:31,ETHUSDT,BINANCE,TRADE,1906.18,0.0388
2026-07-30 13:50:31,BTCUSDT,BINANCE,TRADE,64054,0.00014
2026-07-30 13:50:31,BTCUSDT,BINANCE,TRADE,64054,0.00098
2026-07-30 13:50:31,BTCUSDT,BINANCE,TRADE,64054,0.00468
2026-07-30 13:50:31,BTCUSDT,BINANCE,TRADE,64054,0.00028
2026-07-30 13:50:31,BTCUSDT,BINANCE,TRADE,64054,0.00014
2026-07-30 13:50:31,ETHUSDT,BINANCE,TRADE,1906.18,0.0695
2026-07-30 13:50:31,BTCUSDT,BINANCE,TRADE,64054,0.00017
2026-07-30 13:50:31,BTCUSDT,BINANCE,TRADE,64054,0.00103
2026-07-30 13:50:31,BTCUSDT,BINANCE,TRADE,64054,0.00015
2026-07-30 13:50:31,BTCUSDT,BINANCE,TRADE,64054,0.0013
2026-07-30 13:50:31,BTCUSDT,BINANCE,TRADE,64054,0.00118
2026-07-30 13:50:31,BTCUSDT,BINANCE,TRADE,64054,0.00021
2026-07-30 13:50:31,ETHUSDT,BINANCE,TRADE,1906.18,0.0216
2026-07-30 13:50:31,ETHUSDT,BINANCE,TRADE,1906.18,0.003
2026-07-30 13:50:31,BTCUSDT,BINANCE,TRADE,64054,9e-05
2026-07-30 13:50:31,SOLUSDT,BINANCE,TRADE,73.47,27.22
2026-07-30 13:50:31,BTCUSDT,BINANCE,TRADE,64054,0.0003
2026-07-30 13:50:31,BTCUSDT,BINANCE,TRADE,64054,0.00103
2026-07-30 13:50:31,BTCUSDT,BINANCE,TRADE,64054,0.00032
2026-07-30 13:50:31,ETHUSDT,BINANCE,TRADE,1906.18,0.0042
2026-07-30 13:50:31,BTCUSDT,BINANCE,TRADE,64054,0.00261
2026-07-30 13:50:31,ETHUSDT,BINANCE,TRADE,1906.18,0.0176
2026-07-30 13:50:31,BTCUSDT,BINANCE,TRADE,64054,0.00017
2026-07-30 13:50:31,ETHUSDT,BINANCE,TRADE,1906.19,4.2362
2026-07-30 13:50:31,BTCUSDT,BINANCE,TRADE,64054,0.01628
2026-07-30 13:50:31,BTCUSDT,BINANCE,TRADE,64054,0.10978
2026-07-30 13:50:31,ETHUSDT,BINANCE,TRADE,1906.19,0.0443
2026-07-30 13:50:31,BTCUSDT,BINANCE,TRADE,64054,0.00047
2026-07-30 13:50:31,BTCUSDT,BINANCE,TRADE,64054,0.0013
2026-07-30 13:50:31,BTCUSDT,BINANCE,TRADE,64054,0.00102
2026-07-30 13:50:31,BTCUSDT,BINANCE,TRADE,64054,0.00029
2026-07-30 13:50:31,BTCUSDT,BINANCE,TRADE,64054,0.00157
2026-07-30 13:50:31,BTCUSDT,BINANCE,TRADE,64054,0.00102
2026-07-30 13:50:31,ETHUSDT,BINANCE,TRADE,1906.18,0.0083
2026-07-30 13:50:31,ETHUSDT,BINANCE,TRADE,1906.18,0.0027
2026-07-30 13:50:31,ETHUSDT,BINANCE,TRADE,1906.18,0.0028
2026-07-30 13:50:31,ETHUSDT,BINANCE,TRADE,1906.18,0.0027
2026-07-30 13:50:31,ETHUSDT,BINANCE,TRADE,1906.18,0.0028
2026-07-30 13:50:31,ETHUSDT,BINANCE,TRADE,1906.18,0.0027
2026-07-30 13:50:31,ETHUSDT,BINANCE,TRADE,1906.18,0.0027
2026-07-30 13:50:31,ETHUSDT,BINANCE,TRADE,1906.18,0.0027
2026-07-30 13:50:31,ETHUSDT,BINANCE,TRADE,1906.18,0.0155
2026-07-30 13:50:31,BTCUSDT,BINANCE,TRADE,64054,0.00036
2026-07-30 13:50:31,BTCUSDT,BINANCE,TRADE,64054,0.00033
2026-07-30 13:50:31,BTCUSDT,BINANCE,TRADE,64054,0.00076
2026-07-30 13:50:31,ETHUSDT,BINANCE,TRADE,1906.18,0.0345
2026-07-30 13:50:32,BTCUSDT,BINANCE,TRADE,64054,0.00037
2026-07-30 13:50:32,BTCUSDT,BINANCE,TRADE,64054,0.00101
2026-07-30 13:50:32,BTCUSDT,BINANCE,TRADE,64054,0.00025
2026-07-30 13:50:32,ETHUSDT,BINANCE,TRADE,1906.18,0.0128
2026-07-30 13:50:32,BTCUSDT,BINANCE,TRADE,64054,0.00101
2026-07-30 13:50:32,BTCUSDT,BINANCE,TRADE,64054,0.0023
2026-07-30 13:50:32,BTCUSDT,BINANCE,TRADE,64054,0.00021
2026-07-30 13:50:32,BTCUSDT,BINANCE,TRADE,64054,0.0013
2026-07-30 13:50:32,BTCUSDT,BINANCE,TRADE,64054,0.00028
2026-07-30 13:50:32,BTCUSDT,BINANCE,TRADE,64054,0.00299
2026-07-30 13:50:32,BTCUSDT,BINANCE,TRADE,64054,0.00499
2026-07-30 13:50:32,BTCUSDT,BINANCE,TRADE,64054,0.00011
2026-07-30 13:50:32,BTCUSDT,BINANCE,TRADE,64054,0.00016
2026-07-30 13:50:32,BTCUSDT,BINANCE,TRADE,64054,0.00157
2026-07-30 13:50:32,BTCUSDT,BINANCE,TRADE,64054,0.00313
2026-07-30 13:50:32,BTCUSDT,BINANCE,TRADE,64054,0.00038
2026-07-30 13:50:32,BTCUSDT,BINANCE,TRADE,64054,0.0013
2026-07-30 13:50:32,BTCUSDT,BINANCE,TRADE,64054,0.0003
2026-07-30 13:50:32,ETHUSDT,BINANCE,TRADE,1906.18,0.0145
2026-07-30 13:50:32,BTCUSDT,BINANCE,TRADE,64054,0.00029
2026-07-30 13:50:32,ETHUSDT,BINANCE,TRADE,1906.18,0.0338
2026-07-30 13:50:32,BTCUSDT,BINANCE,TRADE,64054,0.00029
2026-07-30 13:50:32,BTCUSDT,BINANCE,TRADE,64054,0.00014
2026-07-30 13:50:32,ETHUSDT,BINANCE,TRADE,1906.19,0.0216
2026-07-30 13:50:32,BTCUSDT,BINANCE,TRADE,64054,0.00028
2026-07-30 13:50:32,BTCUSDT,BINANCE,TRADE,64054,0.00026
2026-07-30 13:50:32,BTCUSDT,BINANCE,TRADE,64054,0.00515
2026-07-30 13:50:32,BTCUSDT,BINANCE,TRADE,64054,0.00912
2026-07-30 13:50:32,BTCUSDT,BINANCE,TRADE,64054,0.00808
2026-07-30 13:50:32,BTCUSDT,BINANCE,TRADE,64054,0.0013
2026-07-30 13:50:32,BTCUSDT,BINANCE,TRADE,64054,0.00015
2026-07-30 13:50:32,BTCUSDT,BINANCE,TRADE,64054,0.00038
2026-07-30 13:50:32,BTCUSDT,BINANCE,TRADE,64054,0.00196
2026-07-30 13:50:32,BTCUSDT,BINANCE,TRADE,64054,0.0005
2026-07-30 13:50:33,BTCUSDT,BINANCE,TRADE,64054,0.00043
2026-07-30 13:50:33,BTCUSDT,BINANCE,TRADE,64054,0.00016
2026-07-30 13:50:33,BTCUSDT,BINANCE,TRADE,64054,0.00021
2026-07-30 13:50:33,BTCUSDT,BINANCE,TRADE,64054,0.00024
2026-07-30 13:50:33,BTCUSDT,BINANCE,TRADE,64054,0.00509
2026-07-30 13:50:33,BTCUSDT,BINANCE,TRADE,64054,0.00537
2026-07-30 13:50:33,BTCUSDT,BINANCE,TRADE,64054,0.00299
2026-07-30 13:50:33,BTCUSDT,BINANCE,TRADE,64054,0.01873
2026-07-30 13:50:33,BTCUSDT,BINANCE,TRADE,64054,0.00037
2026-07-30 13:50:33,ETHUSDT,BINANCE,TRADE,1906.18,0.0109
2026-07-30 13:50:33,BTCUSDT,BINANCE,TRADE,64054,0.0013
2026-07-30 13:50:33,BTCUSDT,BINANCE,TRADE,64054,0.00027
2026-07-30 13:50:33,BTCUSDT,BINANCE,TRADE,64054,0.00047
2026-07-30 13:50:33,BTCUSDT,BINANCE,TRADE,64054,0.01422
2026-07-30 13:50:33,ETHUSDT,BINANCE,TRADE,1906.18,0.3002
2026-07-30 13:50:33,BTCUSDT,BINANCE,TRADE,64054,0.0002
2026-07-30 13:50:33,BTCUSDT,BINANCE,TRADE,64054,0.00499
2026-07-30 13:50:33,BTCUSDT,BINANCE,TRADE,64054,0.00101
2026-07-30 13:50:33,BTCUSDT,BINANCE,TRADE,64054,0.00157
2026-07-30 13:50:33,ETHUSDT,BINANCE,TRADE,1906.19,0.0268
2026-07-30 13:50:33,BTCUSDT,BINANCE,TRADE,64054,0.01063
2026-07-30 13:50:33,BTCUSDT,BINANCE,TRADE,64054,0.00029
2026-07-30 13:50:33,BTCUSDT,BINANCE,TRADE,64054,0.00065
2026-07-30 13:50:33,BTCUSDT,BINANCE,TRADE,64054,0.00101
2026-07-30 13:50:33,BTCUSDT,BINANCE,TRADE,64054,0.00521
2026-07-30 13:50:33,BTCUSDT,BINANCE,TRADE,64054,0.00164
2026-07-30 13:50:33,BTCUSDT,BINANCE,TRADE,64054,0.00096
2026-07-30 13:50:33,BTCUSDT,BINANCE,TRADE,64054,8e-05
2026-07-30 13:50:33,BTCUSDT,BINANCE,TRADE,64054,0.00026
2026-07-30 13:50:33,BTCUSDT,BINANCE,TRADE,64054,0.00028
2026-07-30 13:50:33,BTCUSDT,BINANCE,TRADE,64054,0.00137
2026-07-30 13:50:33,BTCUSDT,BINANCE,TRADE,64054,0.00118
2026-07-30 13:50:33,SOLUSDT,BINANCE,TRADE,73.47,10.601
2026-07-30 13:50:33,SOLUSDT,BINANCE,TRADE,73.47,3.342
2026-07-30 13:50:33,BTCUSDT,BINANCE,TRADE,64054,0.00025
2026-07-30 13:50:33,BTCUSDT,BINANCE,TRADE,64054,0.0013
2026-07-30 13:50:33,BTCUSDT,BINANCE,TRADE,64054,0.00096
2026-07-30 13:50:33,BTCUSDT,BINANCE,TRADE,64054,0.00021
2026-07-30 13:50:33,BTCUSDT,BINANCE,TRADE,64054,0.00028
2026-07-30 13:50:33,BTCUSDT,BINANCE,TRADE,64054,0.00103
2026-07-30 13:50:33,BTCUSDT,BINANCE,TRADE,64054,0.00167
2026-07-30 13:50:33,BTCUSDT,BINANCE,TRADE,64054,0.0013
2026-07-30 13:50:33,BTCUSDT,BINANCE,TRADE,64054,0.00021
2026-07-30 13:50:33,ETHUSDT,BINANCE,TRADE,1906.18,0.0216
2026-07-30 13:50:33,BTCUSDT,BINANCE,TRADE,64054,0.00103
2026-07-30 13:50:33,BTCUSDT,BINANCE,TRADE,64054,0.00103
2026-07-30 13:50:33,BTCUSDT,BINANCE,TRADE,64054,0.00299
2026-07-30 13:50:33,BTCUSDT,BINANCE,TRADE,64054,0.0003
2026-07-30 13:50:33,BTCUSDT,BINANCE,TRADE,64054,0.0001
2026-07-30 13:50:33,BTCUSDT,BINANCE,TRADE,64054,0.00127
2026-07-30 13:50:34,BTCUSDT,BINANCE,TRADE,64054,0.00101
2026-07-30 13:50:34,ETHUSDT,BINANCE,TRADE,1906.19,0.0081
2026-07-30 13:50:34,ETHUSDT,BINANCE,TRADE,1906.19,0.0143
2026-07-30 13:50:34,BTCUSDT,BINANCE,TRADE,64054,0.00014
2026-07-30 13:50:34,BTCUSDT,BINANCE,TRADE,64054,0.004
2026-07-30 13:50:34,BTCUSDT,BINANCE,TRADE,64054,0.00029
2026-07-30 13:50:34,BTCUSDT,BINANCE,TRADE,64054,0.00101
2026-07-30 13:50:34,ETHUSDT,BINANCE,TRADE,1906.18,0.0847
2026-07-30 13:50:34,BTCUSDT,BINANCE,TRADE,64054,0.00071
2026-07-30 13:50:34,ETHUSDT,BINANCE,TRADE,1906.19,0.0837
2026-07-30 13:50:34,BTCUSDT,BINANCE,TRADE,64054,0.00149
2026-07-30 13:50:34,BTCUSDT,BINANCE,TRADE,64054,0.00038
2026-07-30 13:50:34,BTCUSDT,BINANCE,TRADE,64054,0.00079
2026-07-30 13:50:34,BTCUSDT,BINANCE,TRADE,64054,0.0013
2026-07-30 13:50:34,BTCUSDT,BINANCE,TRADE,64054,0.00112
2026-07-30 13:50:34,BTCUSDT,BINANCE,TRADE,64054,0.00767
2026-07-30 13:50:34,BTCUSDT,BINANCE,TRADE,64054,0.00025
2026-07-30 13:50:34,BTCUSDT,BINANCE,TRADE,64054,0.00071
2026-07-30 13:50:34,BTCUSDT,BINANCE,TRADE,64054,0.00017
2026-07-30 13:50:34,BTCUSDT,BINANCE,TRADE,64054,0.0013
2026-07-30 13:50:34,BTCUSDT,BINANCE,TRADE,64054,0.00028
2026-07-30 13:50:34,ETHUSDT,BINANCE,TRADE,1906.19,0.0429
2026-07-30 13:50:34,BTCUSDT,BINANCE,TRADE,64054,0.00047
2026-07-30 13:50:34,BTCUSDT,BINANCE,TRADE,64054,0.00017
2026-07-30 13:50:34,BTCUSDT,BINANCE,TRADE,64054,0.00029
2026-07-30 13:50:34,ETHUSDT,BINANCE,TRADE,1906.19,0.0048
2026-07-30 13:50:34,ETHUSDT,BINANCE,TRADE,1906.19,0.0338
2026-07-30 13:50:34,ETHUSDT,BINANCE,TRADE,1906.18,0.0109
2026-07-30 13:50:34,ETHUSDT,BINANCE,TRADE,1906.18,0.0398
2026-07-30 13:50:34,BTCUSDT,BINANCE,TRADE,64054,0.0003
2026-07-30 13:50:34,BTCUSDT,BINANCE,TRADE,64054,0.00299
2026-07-30 13:50:34,BTCUSDT,BINANCE,TRADE,64054,0.00029
2026-07-30 13:50:34,BTCUSDT,BINANCE,TRADE,64054,0.00167
2026-07-30 13:50:34,BTCUSDT,BINANCE,TRADE,64054,0.00036
2026-07-30 13:50:34,BTCUSDT,BINANCE,TRADE,64054,0.00029
2026-07-30 13:50:34,BTCUSDT,BINANCE,TRADE,64054,0.0013
2026-07-30 13:50:34,ETHUSDT,BINANCE,TRADE,1906.18,0.0522
2026-07-30 13:50:34,ETHUSDT,BINANCE,TRADE,1906.19,0.0216
2026-07-30 13:50:35,BTCUSDT,BINANCE,TRADE,64054,0.002
2026-07-30 13:50:35,BTCUSDT,BINANCE,TRADE,64054,0.00024
2026-07-30 13:50:35,BTCUSDT,BINANCE,TRADE,64054,0.00026
2026-07-30 13:50:35,BTCUSDT,BINANCE,TRADE,64054,0.00016
2026-07-30 13:50:35,BTCUSDT,BINANCE,TRADE,64054,0.00028
2026-07-30 13:50:35,BTCUSDT,BINANCE,TRADE,64054,0.00043
2026-07-30 13:50:35,BTCUSDT,BINANCE,TRADE,64054,0.00565
2026-07-30 13:50:35,BTCUSDT,BINANCE,TRADE,64054,8e-05
2026-07-30 13:50:35,BTCUSDT,BINANCE,TRADE,64054,8e-05
2026-07-30 13:50:35,BTCUSDT,BINANCE,TRADE,64054,8e-05
2026-07-30 13:50:35,BTCUSDT,BINANCE,TRADE,64054,8e-05
2026-07-30 13:50:35,BTCUSDT,BINANCE,TRADE,64054,9e-05
2026-07-30 13:50:35,BTCUSDT,BINANCE,TRADE,64054,8e-05
2026-07-30 13:50:35,BTCUSDT,BINANCE,TRADE,64054,8e-05
2026-07-30 13:50:35,BTCUSDT,BINANCE,TRADE,64054,0.03122
2026-07-30 13:50:35,BTCUSDT,BINANCE,TRADE,64054,0.00122
2026-07-30 13:50:35,BTCUSDT,BINANCE,TRADE,64054,0.00364
2026-07-30 13:50:35,BTCUSDT,BINANCE,TRADE,64054,0.00515
2026-07-30 13:50:35,BTCUSDT,BINANCE,TRADE,64054,0.0002
2026-07-30 13:50:35,BTCUSDT,BINANCE,TRADE,64054,8e-05
2026-07-30 13:50:35,ETHUSDT,BINANCE,TRADE,1906.19,0.003
2026-07-30 13:50:35,BTCUSDT,BINANCE,TRADE,64054,0.00032
2026-07-30 13:50:35,BTCUSDT,BINANCE,TRADE,64054,0.00158
2026-07-30 13:50:35,BTCUSDT,BINANCE,TRADE,64054,0.00022
2026-07-30 13:50:35,BTCUSDT,BINANCE,TRADE,64054,0.00537
2026-07-30 13:50:35,BTCUSDT,BINANCE,TRADE,64054,0.0013
2026-07-30 13:50:35,BTCUSDT,BINANCE,TRADE,64054,0.00015
2026-07-30 13:50:35,BTCUSDT,BINANCE,TRADE,64054,0.01873
2026-07-30 13:50:35,ETHUSDT,BINANCE,TRADE,1906.19,0.0027
2026-07-30 13:50:35,ETHUSDT,BINANCE,TRADE,1906.19,0.0027
2026-07-30 13:50:35,ETHUSDT,BINANCE,TRADE,1906.19,0.0122
2026-07-30 13:50:35,BTCUSDT,BINANCE,TRADE,64054,0.00095
2026-07-30 13:50:35,SOLUSDT,BINANCE,TRADE,73.48,0.15
2026-07-30 13:50:35,BTCUSDT,BINANCE,TRADE,64054,0.00014
2026-07-30 13:50:35,BTCUSDT,BINANCE,TRADE,64054,0.00021
2026-07-30 13:50:35,BTCUSDT,BINANCE,TRADE,64054,0.00202
2026-07-30 13:50:35,BTCUSDT,BINANCE,TRADE,64054,0.00013
2026-07-30 13:50:35,BTCUSDT,BINANCE,TRADE,64054,0.00021
2026-07-30 13:50:35,BTCUSDT,BINANCE,TRADE,64054,0.00468
2026-07-30 13:50:35,BTCUSDT,BINANCE,TRADE,64054,0.00095
2026-07-30 13:50:35,ETHUSDT,BINANCE,TRADE,1906.19,0.0028
2026-07-30 13:50:35,ETHUSDT,BINANCE,TRADE,1906.19,0.0027
2026-07-30 13:50:35,ETHUSDT,BINANCE,TRADE,1906.19,0.0053
2026-07-30 13:50:35,ETHUSDT,BINANCE,TRADE,1906.19,0.0027
2026-07-30 13:50:35,ETHUSDT,BINANCE,TRADE,1906.19,0.0027
2026-07-30 13:50:35,ETHUSDT,BINANCE,TRADE,1906.19,0.0027
2026-07-30 13:50:35,ETHUSDT,BINANCE,TRADE,1906.19,0.0027
2026-07-30 13:50:35,ETHUSDT,BINANCE,TRADE,1906.19,0.0028
2026-07-30 13:50:35,ETHUSDT,BINANCE,TRADE,1906.19,0.069
2026-07-30 13:50:35,ETHUSDT,BINANCE,TRADE,1906.19,0.035
2026-07-30 13:50:35,ETHUSDT,BINANCE,TRADE,1906.19,0.0305
2026-07-30 13:50:35,ETHUSDT,BINANCE,TRADE,1906.19,0.0027
2026-07-30 13:50:35,ETHUSDT,BINANCE,TRADE,1906.19,0.0381
2026-07-30 13:50:35,ETHUSDT,BINANCE,TRADE,1906.19,0.0028
2026-07-30 13:50:35,ETHUSDT,BINANCE,TRADE,1906.19,0.0028
2026-07-30 13:50:35,ETHUSDT,BINANCE,TRADE,1906.19,0.0027
2026-07-30 13:50:35,ETHUSDT,BINANCE,TRADE,1906.19,0.0211
2026-07-30 13:50:35,ETHUSDT,BINANCE,TRADE,1906.19,0.36
2026-07-30 13:50:35,ETHUSDT,BINANCE,TRADE,1906.19,0.0027
2026-07-30 13:50:35,ETHUSDT,BINANCE,TRADE,1906.19,0.0027
2026-07-30 13:50:35,ETHUSDT,BINANCE,TRADE,1906.19,0.0027
2026-07-30 13:50:35,ETHUSDT,BINANCE,TRADE,1906.19,0.0027
2026-07-30 13:50:35,ETHUSDT,BINANCE,TRADE,1906.19,0.0027
2026-07-30 13:50:35,ETHUSDT,BINANCE,TRADE,1906.19,0.0027
2026-07-30 13:50:35,ETHUSDT,BINANCE,TRADE,1906.19,0.0027
2026-07-30 13:50:35,ETHUSDT,BINANCE,TRADE,1906.19,0.0027
2026-07-30 13:50:35,ETHUSDT,BINANCE,TRADE,1906.19,0.0027
2026-07-30 13:50:35,ETHUSDT,BINANCE,TRADE,1906.19,0.0028
2026-07-30 13:50:35,ETHUSDT,BINANCE,TRADE,1906.19,0.0027
2026-07-30 13:50:35,ETHUSDT,BINANCE,TRADE,1906.19,0.0027
2026-07-30 13:50:35,ETHUSDT,BINANCE,TRADE,1906.19,0.0027
2026-07-30 13:50:35,ETHUSDT,BINANCE,TRADE,1906.19,0.0027
2026-07-30 13:50:35,ETHUSDT,BINANCE,TRADE,1906.19,0.0027
2026-07-30 13:50:35,ETHUSDT,BINANCE,TRADE,1906.19,0.0027
2026-07-30 13:50:35,ETHUSDT,BINANCE,TRADE,1906.19,0.0027
2026-07-30 13:50:35,ETHUSDT,BINANCE,TRADE,1906.19,0.0027
2026-07-30 13:50:35,ETHUSDT,BINANCE,TRADE,1906.19,0.0027
2026-07-30 13:50:35,ETHUSDT,BINANCE,TRADE,1906.2,0.0053
2026-07-30 13:50:35,ETHUSDT,BINANCE,TRADE,1906.2,0.0028
2026-07-30 13:50:35,ETHUSDT,BINANCE,TRADE,1906.2,0.1919
2026-07-30 13:50:35,ETHUSDT,BINANCE,TRADE,1906.2,0.1
2026-07-30 13:50:35,ETHUSDT,BINANCE,TRADE,1906.2,0.4635
2026-07-30 13:50:35,ETHUSDT,BINANCE,TRADE,1906.2,0.0027
2026-07-30 13:50:35,ETHUSDT,BINANCE,TRADE,1906.2,0.0027
2026-07-30 13:50:35,ETHUSDT,BINANCE,TRADE,1906.2,0.0027
2026-07-30 13:50:35,ETHUSDT,BINANCE,TRADE,1906.2,0.0027
2026-07-30 13:50:35,ETHUSDT,BINANCE,TRADE,1906.2,0.0027
2026-07-30 13:50:35,ETHUSDT,BINANCE,TRADE,1906.2,0.0027
2026-07-30 13:50:35,ETHUSDT,BINANCE,TRADE,1906.2,0.0027
2026-07-30 13:50:35,ETHUSDT,BINANCE,TRADE,1906.2,0.0027
2026-07-30 13:50:35,ETHUSDT,BINANCE,TRADE,1906.2,0.0027
2026-07-30 13:50:35,ETHUSDT,BINANCE,TRADE,1906.2,0.0027
2026-07-30 13:50:35,ETHUSDT,BINANCE,TRADE,1906.2,0.0028
2026-07-30 13:50:35,ETHUSDT,BINANCE,TRADE,1906.2,0.0028
2026-07-30 13:50:35,ETHUSDT,BINANCE,TRADE,1906.2,0.0027
2026-07-30 13:50:35,ETHUSDT,BINANCE,TRADE,1906.21,0.0053
2026-07-30 13:50:35,ETHUSDT,BINANCE,TRADE,1906.21,0.0028
2026-07-30 13:50:35,ETHUSDT,BINANCE,TRADE,1906.21,0.0027
2026-07-30 13:50:35,ETHUSDT,BINANCE,TRADE,1906.21,0.0027
2026-07-30 13:50:35,ETHUSDT,BINANCE,TRADE,1906.21,0.0027
2026-07-30 13:50:35,ETHUSDT,BINANCE,TRADE,1906.21,0.0027
2026-07-30 13:50:35,ETHUSDT,BINANCE,TRADE,1906.21,0.0027
2026-07-30 13:50:35,ETHUSDT,BINANCE,TRADE,1906.21,0.0027
2026-07-30 13:50:35,ETHUSDT,BINANCE,TRADE,1906.24,0.0027
2026-07-30 13:50:35,ETHUSDT,BINANCE,TRADE,1906.24,0.0027
2026-07-30 13:50:35,ETHUSDT,BINANCE,TRADE,1906.24,0.0028
2026-07-30 13:50:35,ETHUSDT,BINANCE,TRADE,1906.24,0.0027
2026-07-30 13:50:35,ETHUSDT,BINANCE,TRADE,1906.24,0.0027
2026-07-30 13:50:35,ETHUSDT,BINANCE,TRADE,1906.24,0.0027
2026-07-30 13:50:35,ETHUSDT,BINANCE,TRADE,1906.24,0.0027
2026-07-30 13:50:35,ETHUSDT,BINANCE,TRADE,1906.24,0.0027
2026-07-30 13:50:35,ETHUSDT,BINANCE,TRADE,1906.24,0.0027
2026-07-30 13:50:35,ETHUSDT,BINANCE,TRADE,1906.24,0.0027
2026-07-30 13:50:35,ETHUSDT,BINANCE,TRADE,1906.24,0.0027
2026-07-30 13:50:35,ETHUSDT,BINANCE,TRADE,1906.25,0.0027
2026-07-30 13:50:35,ETHUSDT,BINANCE,TRADE,1906.25,0.0028
2026-07-30 13:50:35,BTCUSDT,BINANCE,TRADE,64054,0.00499
2026-07-30 13:50:35,BTCUSDT,BINANCE,TRADE,64054,0.002
2026-07-30 13:50:35,BTCUSDT,BINANCE,TRADE,64054,0.00038
2026-07-30 13:50:35,ETHUSDT,BINANCE,TRADE,1906.27,0.0028
2026-07-30 13:50:35,ETHUSDT,BINANCE,TRADE,1906.27,0.0027
2026-07-30 13:50:35,ETHUSDT,BINANCE,TRADE,1906.27,0.0027
2026-07-30 13:50:35,ETHUSDT,BINANCE,TRADE,1906.27,0.0027
2026-07-30 13:50:35,ETHUSDT,BINANCE,TRADE,1906.27,0.0027
2026-07-30 13:50:35,ETHUSDT,BINANCE,TRADE,1906.27,0.0027
2026-07-30 13:50:35,ETHUSDT,BINANCE,TRADE,1906.27,0.0027
2026-07-30 13:50:35,ETHUSDT,BINANCE,TRADE,1906.27,0.0027
2026-07-30 13:50:35,ETHUSDT,BINANCE,TRADE,1906.27,0.0027
2026-07-30 13:50:35,ETHUSDT,BINANCE,TRADE,1906.27,0.0027
2026-07-30 13:50:35,ETHUSDT,BINANCE,TRADE,1906.27,0.0028
2026-07-30 13:50:35,ETHUSDT,BINANCE,TRADE,1906.27,0.0027
2026-07-30 13:50:35,ETHUSDT,BINANCE,TRADE,1906.27,0.0027
2026-07-30 13:50:35,ETHUSDT,BINANCE,TRADE,1906.28,0.0028
2026-07-30 13:50:35,ETHUSDT,BINANCE,TRADE,1906.28,0.0027
2026-07-30 13:50:35,ETHUSDT,BINANCE,TRADE,1906.28,0.0027
2026-07-30 13:50:35,ETHUSDT,BINANCE,TRADE,1906.28,0.0027
2026-07-30 13:50:35,ETHUSDT,BINANCE,TRADE,1906.29,0.0027
2026-07-30 13:50:35,ETHUSDT,BINANCE,TRADE,1906.29,0.0028
2026-07-30 13:50:35,ETHUSDT,BINANCE,TRADE,1906.3,0.0027
2026-07-30 13:50:35,ETHUSDT,BINANCE,TRADE,1906.3,0.0028
2026-07-30 13:50:35,ETHUSDT,BINANCE,TRADE,1906.3,0.0027
2026-07-30 13:50:35,ETHUSDT,BINANCE,TRADE,1906.31,0.0028
2026-07-30 13:50:35,BTCUSDT,BINANCE,TRADE,64054,8e-05
2026-07-30 13:50:35,BTCUSDT,BINANCE,TRADE,64054,8e-05
2026-07-30 13:50:35,BTCUSDT,BINANCE,TRADE,64054,4e-05
2026-07-30 13:50:35,ETHUSDT,BINANCE,TRADE,1906.32,0.0027
2026-07-30 13:50:35,ETHUSDT,BINANCE,TRADE,1906.32,0.0027
2026-07-30 13:50:35,ETHUSDT,BINANCE,TRADE,1906.32,0.0027
2026-07-30 13:50:35,ETHUSDT,BINANCE,TRADE,1906.32,0.0027
2026-07-30 13:50:35,ETHUSDT,BINANCE,TRADE,1906.32,0.0028
2026-07-30 13:50:35,ETHUSDT,BINANCE,TRADE,1906.32,0.0028
2026-07-30 13:50:35,ETHUSDT,BINANCE,TRADE,1906.32,0.0028
2026-07-30 13:50:35,ETHUSDT,BINANCE,TRADE,1906.32,0.0027
2026-07-30 13:50:35,ETHUSDT,BINANCE,TRADE,1906.32,0.0027
2026-07-30 13:50:35,ETHUSDT,BINANCE,TRADE,1906.32,0.0027
2026-07-30 13:50:35,ETHUSDT,BINANCE,TRADE,1906.32,0.0027
2026-07-30 13:50:35,ETHUSDT,BINANCE,TRADE,1906.32,0.0027
2026-07-30 13:50:35,ETHUSDT,BINANCE,TRADE,1906.32,0.0027
2026-07-30 13:50:35,ETHUSDT,BINANCE,TRADE,1906.32,0.0027
2026-07-30 13:50:35,ETHUSDT,BINANCE,TRADE,1906.32,0.0027
2026-07-30 13:50:35,ETHUSDT,BINANCE,TRADE,1906.32,0.0027
2026-07-30 13:50:35,ETHUSDT,BINANCE,TRADE,1906.32,0.0028
2026-07-30 13:50:35,ETHUSDT,BINANCE,TRADE,1906.32,0.0027
2026-07-30 13:50:35,ETHUSDT,BINANCE,TRADE,1906.32,0.0027
2026-07-30 13:50:35,ETHUSDT,BINANCE,TRADE,1906.32,0.0027
2026-07-30 13:50:35,ETHUSDT,BINANCE,TRADE,1906.32,0.0027
2026-07-30 13:50:35,ETHUSDT,BINANCE,TRADE,1906.32,0.0028
2026-07-30 13:50:35,ETHUSDT,BINANCE,TRADE,1906.32,0.0027
2026-07-30 13:50:35,ETHUSDT,BINANCE,TRADE,1906.32,0.0027
2026-07-30 13:50:35,ETHUSDT,BINANCE,TRADE,1906.32,0.0027
2026-07-30 13:50:35,ETHUSDT,BINANCE,TRADE,1906.32,0.0027
2026-07-30 13:50:35,ETHUSDT,BINANCE,TRADE,1906.32,0.0027
2026-07-30 13:50:35,ETHUSDT,BINANCE,TRADE,1906.32,0.0027
2026-07-30 13:50:35,ETHUSDT,BINANCE,TRADE,1906.33,0.0028
2026-07-30 13:50:35,ETHUSDT,BINANCE,TRADE,1906.33,0.0027
2026-07-30 13:50:35,ETHUSDT,BINANCE,TRADE,1906.33,0.0027
2026-07-30 13:50:35,ETHUSDT,BINANCE,TRADE,1906.33,0.0027
2026-07-30 13:50:35,ETHUSDT,BINANCE,TRADE,1906.33,0.0027
2026-07-30 13:50:35,ETHUSDT,BINANCE,TRADE,1906.33,0.0027
2026-07-30 13:50:35,ETHUSDT,BINANCE,TRADE,1906.33,0.0027
2026-07-30 13:50:35,ETHUSDT,BINANCE,TRADE,1906.33,0.0027
2026-07-30 13:50:35,ETHUSDT,BINANCE,TRADE,1906.33,0.0027
2026-07-30 13:50:35,ETHUSDT,BINANCE,TRADE,1906.33,0.0027
2026-07-30 13:50:35,ETHUSDT,BINANCE,TRADE,1906.33,0.0027
2026-07-30 13:50:35,ETHUSDT,BINANCE,TRADE,1906.33,0.0027
2026-07-30 13:50:35,ETHUSDT,BINANCE,TRADE,1906.33,0.0027
2026-07-30 13:50:35,ETHUSDT,BINANCE,TRADE,1906.33,0.0027
2026-07-30 13:50:35,ETHUSDT,BINANCE,TRADE,1906.34,0.0028
2026-07-30 13:50:35,ETHUSDT,BINANCE,TRADE,1906.34,0.0027
2026-07-30 13:50:35,ETHUSDT,BINANCE,TRADE,1906.34,0.0027
2026-07-30 13:50:35,ETHUSDT,BINANCE,TRADE,1906.35,0.0027
2026-07-30 13:50:35,ETHUSDT,BINANCE,TRADE,1906.35,0.0028
2026-07-30 13:50:35,ETHUSDT,BINANCE,TRADE,1906.35,0.0027
2026-07-30 13:50:35,ETHUSDT,BINANCE,TRADE,1906.36,0.0028
2026-07-30 13:50:35,ETHUSDT,BINANCE,TRADE,1906.36,0.0028
2026-07-30 13:50:35,ETHUSDT,BINANCE,TRADE,1906.36,0.0028
2026-07-30 13:50:35,ETHUSDT,BINANCE,TRADE,1906.36,0.0028
2026-07-30 13:50:35,ETHUSDT,BINANCE,TRADE,1906.37,0.0027
2026-07-30 13:50:35,ETHUSDT,BINANCE,TRADE,1906.37,0.0027
2026-07-30 13:50:35,ETHUSDT,BINANCE,TRADE,1906.37,0.2622
2026-07-30 13:50:35,ETHUSDT,BINANCE,TRADE,1906.37,0.0028
2026-07-30 13:50:35,ETHUSDT,BINANCE,TRADE,1906.37,0.0027
2026-07-30 13:50:35,ETHUSDT,BINANCE,TRADE,1906.37,0.0027
2026-07-30 13:50:35,ETHUSDT,BINANCE,TRADE,1906.37,0.0027
2026-07-30 13:50:35,ETHUSDT,BINANCE,TRADE,1906.37,0.0027
2026-07-30 13:50:35,ETHUSDT,BINANCE,TRADE,1906.37,0.0027
2026-07-30 13:50:35,ETHUSDT,BINANCE,TRADE,1906.37,0.0027
2026-07-30 13:50:35,ETHUSDT,BINANCE,TRADE,1906.37,0.0027
2026-07-30 13:50:35,ETHUSDT,BINANCE,TRADE,1906.37,0.0027
2026-07-30 13:50:35,ETHUSDT,BINANCE,TRADE,1906.37,0.0027
2026-07-30 13:50:35,ETHUSDT,BINANCE,TRADE,1906.37,0.0027
2026-07-30 13:50:35,ETHUSDT,BINANCE,TRADE,1906.37,0.0027
2026-07-30 13:50:35,ETHUSDT,BINANCE,TRADE,1906.37,0.0027
2026-07-30 13:50:35,ETHUSDT,BINANCE,TRADE,1906.37,0.0027
2026-07-30 13:50:35,ETHUSDT,BINANCE,TRADE,1906.37,0.0027
2026-07-30 13:50:35,ETHUSDT,BINANCE,TRADE,1906.37,0.0027
2026-07-30 13:50:35,ETHUSDT,BINANCE,TRADE,1906.37,0.0027
2026-07-30 13:50:35,ETHUSDT,BINANCE,TRADE,1906.38,0.0027
2026-07-30 13:50:35,ETHUSDT,BINANCE,TRADE,1906.38,0.0027
2026-07-30 13:50:35,ETHUSDT,BINANCE,TRADE,1906.38,0.004
2026-07-30 13:50:35,ETHUSDT,BINANCE,TRADE,1906.38,0.0028
2026-07-30 13:50:35,ETHUSDT,BINANCE,TRADE,1906.38,0.0028
2026-07-30 13:50:35,ETHUSDT,BINANCE,TRADE,1906.38,0.0028
2026-07-30 13:50:35,ETHUSDT,BINANCE,TRADE,1906.38,0.0027
2026-07-30 13:50:35,ETHUSDT,BINANCE,TRADE,1906.38,0.0027
2026-07-30 13:50:35,ETHUSDT,BINANCE,TRADE,1906.38,0.0027
2026-07-30 13:50:35,ETHUSDT,BINANCE,TRADE,1906.38,0.0027
2026-07-30 13:50:35,ETHUSDT,BINANCE,TRADE,1906.38,0.0028
2026-07-30 13:50:35,ETHUSDT,BINANCE,TRADE,1906.38,0.0027
2026-07-30 13:50:35,ETHUSDT,BINANCE,TRADE,1906.38,0.0027
2026-07-30 13:50:35,ETHUSDT,BINANCE,TRADE,1906.38,0.0027
2026-07-30 13:50:35,BTCUSDT,BINANCE,TRADE,64054,4e-05
2026-07-30 13:50:35,BTCUSDT,BINANCE,TRADE,64054,8e-05
2026-07-30 13:50:35,BTCUSDT,BINANCE,TRADE,64054,8e-05
2026-07-30 13:50:35,BTCUSDT,BINANCE,TRADE,64054,8e-05
2026-07-30 13:50:35,BTCUSDT,BINANCE,TRADE,64054,8e-05
2026-07-30 13:50:35,BTCUSDT,BINANCE,TRADE,64054,0.00066
2026-07-30 13:50:35,ETHUSDT,BINANCE,TRADE,1906.38,0.2574
2026-07-30 13:50:35,BTCUSDT,BINANCE,TRADE,64054,0.00114
2026-07-30 13:50:35,BTCUSDT,BINANCE,TRADE,64054,8e-05
2026-07-30 13:50:35,BTCUSDT,BINANCE,TRADE,64054,0.00062
2026-07-30 13:50:35,BTCUSDT,BINANCE,TRADE,64054,0.00016
2026-07-30 13:50:35,BTCUSDT,BINANCE,TRADE,64054,0.0002
2026-07-30 13:50:35,ETHUSDT,BINANCE,TRADE,1906.38,0.0472
2026-07-30 13:50:35,BTCUSDT,BINANCE,TRADE,64054,0.00042
2026-07-30 13:50:35,BTCUSDT,BINANCE,TRADE,64054,0.0001
2026-07-30 13:50:35,BTCUSDT,BINANCE,TRADE,64054,0.00062
2026-07-30 13:50:35,BTCUSDT,BINANCE,TRADE,64054,0.00043
2026-07-30 13:50:35,BTCUSDT,BINANCE,TRADE,64054,0.00058
2026-07-30 13:50:35,BTCUSDT,BINANCE,TRADE,64054,0.01422
2026-07-30 13:50:35,BTCUSDT,BINANCE,TRADE,64054,0.00102
2026-07-30 13:50:35,BTCUSDT,BINANCE,TRADE,64054,0.00029
2026-07-30 13:50:35,BTCUSDT,BINANCE,TRADE,64054,0.00019
2026-07-30 13:50:35,BTCUSDT,BINANCE,TRADE,64054,0.00139
2026-07-30 13:50:35,ETHUSDT,BINANCE,TRADE,1906.38,0.2098
2026-07-30 13:50:35,BTCUSDT,BINANCE,TRADE,64054,0.0013
2026-07-30 13:50:35,BTCUSDT,BINANCE,TRADE,64054,0.00299
2026-07-30 13:50:35,BTCUSDT,BINANCE,TRADE,64054,0.00157
2026-07-30 13:50:35,BTCUSDT,BINANCE,TRADE,64054,0.00103
2026-07-30 13:50:35,BTCUSDT,BINANCE,TRADE,64054,0.00509
2026-07-30 13:50:35,BTCUSDT,BINANCE,TRADE,64054,0.00098
2026-07-30 13:50:35,BTCUSDT,BINANCE,TRADE,64054,0.00137
2026-07-30 13:50:35,BTCUSDT,BINANCE,TRADE,64054,0.0172
2026-07-30 13:50:35,BTCUSDT,BINANCE,TRADE,64054,0.00264
2026-07-30 13:50:35,BTCUSDT,BINANCE,TRADE,64054,8e-05
2026-07-30 13:50:35,BTCUSDT,BINANCE,TRADE,64054,8e-05
2026-07-30 13:50:35,BTCUSDT,BINANCE,TRADE,64054,8e-05
2026-07-30 13:50:35,BTCUSDT,BINANCE,TRADE,64054,8e-05
2026-07-30 13:50:35,BTCUSDT,BINANCE,TRADE,64054,8e-05
2026-07-30 13:50:35,BTCUSDT,BINANCE,TRADE,64054,8e-05
2026-07-30 13:50:35,BTCUSDT,BINANCE,TRADE,64054,8e-05
2026-07-30 13:50:35,BTCUSDT,BINANCE,TRADE,64054,9e-05
2026-07-30 13:50:35,BTCUSDT,BINANCE,TRADE,64054,8e-05
2026-07-30 13:50:35,BTCUSDT,BINANCE,TRADE,64054,8e-05
2026-07-30 13:50:35,BTCUSDT,BINANCE,TRADE,64054,8e-05
2026-07-30 13:50:35,BTCUSDT,BINANCE,TRADE,64054,0.0121
2026-07-30 13:50:35,BTCUSDT,BINANCE,TRADE,64054,0.00082
2026-07-30 13:50:35,BTCUSDT,BINANCE,TRADE,64054,0.00026
2026-07-30 13:50:35,BTCUSDT,BINANCE,TRADE,64054,0.00065
2026-07-30 13:50:35,ETHUSDT,BINANCE,TRADE,1906.38,0.2026
2026-07-30 13:50:35,BTCUSDT,BINANCE,TRADE,64054,0.00028
2026-07-30 13:50:35,BTCUSDT,BINANCE,TRADE,64054,0.00098
2026-07-30 13:50:35,BTCUSDT,BINANCE,TRADE,64054,0.002
2026-07-30 13:50:35,BTCUSDT,BINANCE,TRADE,64054,0.0013
2026-07-30 13:50:35,BTCUSDT,BINANCE,TRADE,64054,0.002
2026-07-30 13:50:35,BTCUSDT,BINANCE,TRADE,64054,0.00038
2026-07-30 13:50:35,BTCUSDT,BINANCE,TRADE,64054,0.00025
2026-07-30 13:50:35,BTCUSDT,BINANCE,TRADE,64054,0.00015
2026-07-30 13:50:36,BTCUSDT,BINANCE,TRADE,64054,0.00096
2026-07-30 13:50:36,BTCUSDT,BINANCE,TRADE,64054,0.01063
2026-07-30 13:50:36,ETHUSDT,BINANCE,TRADE,1906.38,0.0216
2026-07-30 13:50:36,BTCUSDT,BINANCE,TRADE,64054,0.00028
2026-07-30 13:50:36,ETHUSDT,BINANCE,TRADE,1906.38,0.0268
2026-07-30 13:50:36,BTCUSDT,BINANCE,TRADE,64054,0.00016
2026-07-30 13:50:36,BTCUSDT,BINANCE,TRADE,64054,0.00096
2026-07-30 13:50:36,BTCUSDT,BINANCE,TRADE,64054,0.00021
2026-07-30 13:50:36,BTCUSDT,BINANCE,TRADE,64054,0.00047
2026-07-30 13:50:36,BTCUSDT,BINANCE,TRADE,64054,9e-05
2026-07-30 13:50:36,BTCUSDT,BINANCE,TRADE,64054,9e-05
2026-07-30 13:50:36,BTCUSDT,BINANCE,TRADE,64054,8e-05
2026-07-30 13:50:36,BTCUSDT,BINANCE,TRADE,64054,8e-05
2026-07-30 13:50:36,BTCUSDT,BINANCE,TRADE,64054,8e-05
2026-07-30 13:50:36,BTCUSDT,BINANCE,TRADE,64054,8e-05
2026-07-30 13:50:36,BTCUSDT,BINANCE,TRADE,64054,0.00016
2026-07-30 13:50:36,BTCUSDT,BINANCE,TRADE,64054,0.00052
2026-07-30 13:50:36,BTCUSDT,BINANCE,TRADE,64054,0.00521
2026-07-30 13:50:36,ETHUSDT,BINANCE,TRADE,1906.38,0.0429
2026-07-30 13:50:36,BTCUSDT,BINANCE,TRADE,64054,0.0003
2026-07-30 13:50:36,BTCUSDT,BINANCE,TRADE,64054,0.0013
2026-07-30 13:50:36,BTCUSDT,BINANCE,TRADE,64054,0.00055
2026-07-30 13:50:36,BTCUSDT,BINANCE,TRADE,64054,0.00261
2026-07-30 13:50:36,BTCUSDT,BINANCE,TRADE,64054,0.00029
2026-07-30 13:50:36,ETHUSDT,BINANCE,TRADE,1906.39,0.0027
2026-07-30 13:50:36,ETHUSDT,BINANCE,TRADE,1906.39,0.01
2026-07-30 13:50:36,BTCUSDT,BINANCE,TRADE,64054,0.00112
2026-07-30 13:50:36,BTCUSDT,BINANCE,TRADE,64054,0.00193
2026-07-30 13:50:36,BTCUSDT,BINANCE,TRADE,64054,0.00106
2026-07-30 13:50:36,BTCUSDT,BINANCE,TRADE,64054,0.00029
2026-07-30 13:50:36,BTCUSDT,BINANCE,TRADE,64054,0.0013
2026-07-30 13:50:36,BTCUSDT,BINANCE,TRADE,64054,0.00024
2026-07-30 13:50:36,BTCUSDT,BINANCE,TRADE,64054,0.00499
2026-07-30 13:50:36,BTCUSDT,BINANCE,TRADE,64054,0.00014
2026-07-30 13:50:36,BTCUSDT,BINANCE,TRADE,64054,0.00012
2026-07-30 13:50:36,ETHUSDT,BINANCE,TRADE,1906.38,0.0081
2026-07-30 13:50:36,BTCUSDT,BINANCE,TRADE,64054,0.00021
2026-07-30 13:50:36,BTCUSDT,BINANCE,TRADE,64054,0.00017
2026-07-30 13:50:36,BTCUSDT,BINANCE,TRADE,64054,0.00025
2026-07-30 13:50:36,BTCUSDT,BINANCE,TRADE,64054,0.00017
2026-07-30 13:50:36,SOLUSDT,BINANCE,TRADE,73.48,0.827
2026-07-30 13:50:36,BTCUSDT,BINANCE,TRADE,64054,0.00033
2026-07-30 13:50:36,BTCUSDT,BINANCE,TRADE,64054,0.00028
2026-07-30 13:50:36,BTCUSDT,BINANCE,TRADE,64054,0.0002
2026-07-30 13:50:36,BTCUSDT,BINANCE,TRADE,64054,0.00196
2026-07-30 13:50:37,ETHUSDT,BINANCE,TRADE,1906.39,0.0216
2026-07-30 13:50:37,BTCUSDT,BINANCE,TRADE,64054,0.0014
2026-07-30 13:50:37,BTCUSDT,BINANCE,TRADE,64054,0.0013
2026-07-30 13:50:37,BTCUSDT,BINANCE,TRADE,64054,0.01563
2026-07-30 13:50:37,BTCUSDT,BINANCE,TRADE,64054,0.0003
2026-07-30 13:50:37,BTCUSDT,BINANCE,TRADE,64054,0.00134
2026-07-30 13:50:37,BTCUSDT,BINANCE,TRADE,64054,0.0005
2026-07-30 13:50:37,BTCUSDT,BINANCE,TRADE,64054,0.00029
2026-07-30 13:50:37,BTCUSDT,BINANCE,TRADE,64054,0.00043
2026-07-30 13:50:37,BTCUSDT,BINANCE,TRADE,64054,0.00102
2026-07-30 13:50:37,BTCUSDT,BINANCE,TRADE,64054,0.03866
2026-07-30 13:50:37,BTCUSDT,BINANCE,TRADE,64054,0.00029
2026-07-30 13:50:37,BTCUSDT,BINANCE,TRADE,64054,0.0013
2026-07-30 13:50:37,BTCUSDT,BINANCE,TRADE,64054,0.00026
2026-07-30 13:50:37,ETHUSDT,BINANCE,TRADE,1906.38,0.0048
2026-07-30 13:50:37,BTCUSDT,BINANCE,TRADE,64054,0.00028
2026-07-30 13:50:37,BTCUSDT,BINANCE,TRADE,64054,0.00102
2026-07-30 13:50:37,BTCUSDT,BINANCE,TRADE,64054,8e-05
2026-07-30 13:50:37,BTCUSDT,BINANCE,TRADE,64054,0.00036
2026-07-30 13:50:37,BTCUSDT,BINANCE,TRADE,64054,0.00047
2026-07-30 13:50:37,BTCUSDT,BINANCE,TRADE,64054,0.00096
2026-07-30 13:50:37,BTCUSDT,BINANCE,TRADE,64054,0.00515
2026-07-30 13:50:37,BTCUSDT,BINANCE,TRADE,64054,0.0022
2026-07-30 13:50:37,BTCUSDT,BINANCE,TRADE,64054,0.00499
2026-07-30 13:50:37,BTCUSDT,BINANCE,TRADE,64054,0.00078
2026-07-30 13:50:37,BTCUSDT,BINANCE,TRADE,64054,0.00096
2026-07-30 13:50:37,BTCUSDT,BINANCE,TRADE,64054,0.00021
2026-07-30 13:50:37,BTCUSDT,BINANCE,TRADE,64054,0.00202
2026-07-30 13:50:37,BTCUSDT,BINANCE,TRADE,64054,0.00299
2026-07-30 13:50:37,BTCUSDT,BINANCE,TRADE,64054,0.0013
2026-07-30 13:50:37,BTCUSDT,BINANCE,TRADE,64054,0.0023
2026-07-30 13:50:37,ETHUSDT,BINANCE,TRADE,1906.38,0.0175
2026-07-30 13:50:37,BTCUSDT,BINANCE,TRADE,64054,0.00179
2026-07-30 13:50:37,BTCUSDT,BINANCE,TRADE,64054,0.00126
2026-07-30 13:50:37,BTCUSDT,BINANCE,TRADE,64054,0.01873
2026-07-30 13:50:37,BTCUSDT,BINANCE,TRADE,64054,0.00116
2026-07-30 13:50:37,BTCUSDT,BINANCE,TRADE,64054,0.00028
2026-07-30 13:50:37,BTCUSDT,BINANCE,TRADE,64054,0.00065
2026-07-30 13:50:37,BTCUSDT,BINANCE,TRADE,64054,0.00029
2026-07-30 13:50:37,BTCUSDT,BINANCE,TRADE,64054,0.0013
2026-07-30 13:50:38,ETHUSDT,BINANCE,TRADE,1906.38,0.0216
2026-07-30 13:50:38,BTCUSDT,BINANCE,TRADE,64054,0.01422
2026-07-30 13:50:38,BTCUSDT,BINANCE,TRADE,64054,0.00164
2026-07-30 13:50:38,ETHUSDT,BINANCE,TRADE,1906.39,0.0109
2026-07-30 13:50:38,BTCUSDT,BINANCE,TRADE,64054,0.00509
2026-07-30 13:50:38,BTCUSDT,BINANCE,TRADE,64054,0.00468
2026-07-30 13:50:38,BTCUSDT,BINANCE,TRADE,64054,0.00032
2026-07-30 13:50:38,ETHUSDT,BINANCE,TRADE,1906.38,0.0338
2026-07-30 13:50:38,BTCUSDT,BINANCE,TRADE,64054,0.00026
2026-07-30 13:50:38,BTCUSDT,BINANCE,TRADE,64054,0.00033
2026-07-30 13:50:38,BTCUSDT,BINANCE,TRADE,64054,0.00021
2026-07-30 13:50:38,SOLUSDT,BINANCE,TRADE,73.47,27.24
2026-07-30 13:50:38,BTCUSDT,BINANCE,TRADE,64054,0.00076
2026-07-30 13:50:38,BTCUSDT,BINANCE,TRADE,64054,0.01563
2026-07-30 13:50:38,ETHUSDT,BINANCE,TRADE,1906.38,0.0031
2026-07-30 13:50:38,BTCUSDT,BINANCE,TRADE,64054,0.00028
2026-07-30 13:50:38,BTCUSDT,BINANCE,TRADE,64054,0.00038
2026-07-30 13:50:38,BTCUSDT,BINANCE,TRADE,64054,0.00025
2026-07-30 13:50:38,BTCUSDT,BINANCE,TRADE,64054,0.00127
2026-07-30 13:50:38,BTCUSDT,BINANCE,TRADE,64054,0.01063
2026-07-30 13:50:38,BTCUSDT,BINANCE,TRADE,64054,0.00118
2026-07-30 13:50:38,BTCUSDT,BINANCE,TRADE,64054,0.00024
2026-07-30 13:50:38,BTCUSDT,BINANCE,TRADE,64054,0.00016
2026-07-30 13:50:38,BTCUSDT,BINANCE,TRADE,64054,0.00028
2026-07-30 13:50:38,BTCUSDT,BINANCE,TRADE,64054,0.00021
2026-07-30 13:50:38,BTCUSDT,BINANCE,TRADE,64054,0.0013
2026-07-30 13:50:38,BTCUSDT,BINANCE,TRADE,64054,0.00029
2026-07-30 13:50:38,BTCUSDT,BINANCE,TRADE,64054,0.00037
2026-07-30 13:50:38,BTCUSDT,BINANCE,TRADE,64054,0.00014
2026-07-30 13:50:38,BTCUSDT,BINANCE,TRADE,64054,0.00082
2026-07-30 13:50:38,BTCUSDT,BINANCE,TRADE,64054,0.00167
2026-07-30 13:50:38,BTCUSDT,BINANCE,TRADE,64054,0.00017
2026-07-30 13:50:38,BTCUSDT,BINANCE,TRADE,64054,0.0003
2026-07-30 13:50:38,BTCUSDT,BINANCE,TRADE,64054,0.002
2026-07-30 13:50:38,ETHUSDT,BINANCE,TRADE,1906.38,0.261
2026-07-30 13:50:38,BTCUSDT,BINANCE,TRADE,64054,0.00299
2026-07-30 13:50:38,BTCUSDT,BINANCE,TRADE,64054,0.0013
2026-07-30 13:50:38,BTCUSDT,BINANCE,TRADE,64054,0.004
2026-07-30 13:50:38,BTCUSDT,BINANCE,TRADE,64054,0.00499
2026-07-30 13:50:38,BTCUSDT,BINANCE,TRADE,64054,0.00047
2026-07-30 13:50:38,BTCUSDT,BINANCE,TRADE,64054,0.00537
2026-07-30 13:50:38,BTCUSDT,BINANCE,TRADE,64054,0.0005
2026-07-30 13:50:38,BTCUSDT,BINANCE,TRADE,64054,0.00017
2026-07-30 13:50:38,BTCUSDT,BINANCE,TRADE,64054,0.00029
2026-07-30 13:50:38,BTCUSDT,BINANCE,TRADE,64054,0.0004
2026-07-30 13:50:38,BTCUSDT,BINANCE,TRADE,64054,0.0002
2026-07-30 13:50:38,BTCUSDT,BINANCE,TRADE,64054,0.0022
2026-07-30 13:50:38,BTCUSDT,BINANCE,TRADE,64054,0.00012
2026-07-30 13:50:38,BTCUSDT,BINANCE,TRADE,64054,0.00027
2026-07-30 13:50:39,BTCUSDT,BINANCE,TRADE,64054,0.00025
2026-07-30 13:50:39,ETHUSDT,BINANCE,TRADE,1906.39,0.0216
2026-07-30 13:50:39,ETHUSDT,BINANCE,TRADE,1906.38,0.0143
2026-07-30 13:50:39,BTCUSDT,BINANCE,TRADE,64054,0.0013
2026-07-30 13:50:39,ETHUSDT,BINANCE,TRADE,1906.38,0.0517
2026-07-30 13:50:39,BTCUSDT,BINANCE,TRADE,64054,0.00043
2026-07-30 13:50:39,BTCUSDT,BINANCE,TRADE,64054,0.00521
2026-07-30 13:50:39,BTCUSDT,BINANCE,TRADE,64054,0.00038
2026-07-30 13:50:39,BTCUSDT,BINANCE,TRADE,64054,0.01563
2026-07-30 13:50:39,BTCUSDT,BINANCE,TRADE,64054,0.00028
2026-07-30 13:50:39,BTCUSDT,BINANCE,TRADE,64054,0.0023
2026-07-30 13:50:39,ETHUSDT,BINANCE,TRADE,1906.39,0.0081
2026-07-30 13:50:39,BTCUSDT,BINANCE,TRADE,64054,0.00015
2026-07-30 13:50:39,BTCUSDT,BINANCE,TRADE,64054,0.00515
2026-07-30 13:50:39,BTCUSDT,BINANCE,TRADE,64054,0.0013
2026-07-30 13:50:39,BTCUSDT,BINANCE,TRADE,64054,8e-05
2026-07-30 13:50:39,BTCUSDT,BINANCE,TRADE,64054,0.0003
2026-07-30 13:50:39,ETHUSDT,BINANCE,TRADE,1906.39,0.03
2026-07-30 13:50:39,BTCUSDT,BINANCE,TRADE,64054,0.00029
2026-07-30 13:50:39,BTCUSDT,BINANCE,TRADE,64054,0.00033
2026-07-30 13:50:39,BTCUSDT,BINANCE,TRADE,64054,0.00021
2026-07-30 13:50:39,BTCUSDT,BINANCE,TRADE,64054,0.00196
2026-07-30 13:50:39,BTCUSDT,BINANCE,TRADE,64054,0.01873
2026-07-30 13:50:39,ETHUSDT,BINANCE,TRADE,1906.38,0.0548
2026-07-30 13:50:39,BTCUSDT,BINANCE,TRADE,64054,0.00029
2026-07-30 13:50:39,ETHUSDT,BINANCE,TRADE,1906.38,0.0109
2026-07-30 13:50:39,BTCUSDT,BINANCE,TRADE,64054,0.00299
2026-07-30 13:50:39,ETHUSDT,BINANCE,TRADE,1906.39,0.0429
2026-07-30 13:50:39,BTCUSDT,BINANCE,TRADE,64054,0.00026
2026-07-30 13:50:39,BTCUSDT,BINANCE,TRADE,64054,0.00499
2026-07-30 13:50:39,BTCUSDT,BINANCE,TRADE,64054,0.00157
2026-07-30 13:50:39,BTCUSDT,BINANCE,TRADE,64054,0.00037
2026-07-30 13:50:39,BTCUSDT,BINANCE,TRADE,64054,0.00028
2026-07-30 13:50:39,BTCUSDT,BINANCE,TRADE,64054,0.002
2026-07-30 13:50:39,BTCUSDT,BINANCE,TRADE,64054,0.0001
2026-07-30 13:50:39,BTCUSDT,BINANCE,TRADE,64054,0.06346
2026-07-30 13:50:39,BTCUSDT,BINANCE,TRADE,64054,0.0013
2026-07-30 13:50:39,BTCUSDT,BINANCE,TRADE,64054,0.00021
2026-07-30 13:50:39,BTCUSDT,BINANCE,TRADE,64054,0.00014
2026-07-30 13:50:39,ETHUSDT,BINANCE,TRADE,1906.39,0.0048
2026-07-30 13:50:39,BTCUSDT,BINANCE,TRADE,64054,0.00118
2026-07-30 13:50:40,ETHUSDT,BINANCE,TRADE,1906.38,0.0216
2026-07-30 13:50:40,ETHUSDT,BINANCE,TRADE,1906.39,0.2544
2026-07-30 13:50:40,BTCUSDT,BINANCE,TRADE,64054,0.0013
2026-07-30 13:50:40,BTCUSDT,BINANCE,TRADE,64054,0.00076
2026-07-30 13:50:40,BTCUSDT,BINANCE,TRADE,64054,0.00024
2026-07-30 13:50:40,BTCUSDT,BINANCE,TRADE,64054,0.00509
2026-07-30 13:50:40,SOLUSDT,BINANCE,TRADE,73.48,0.081
2026-07-30 13:50:40,BTCUSDT,BINANCE,TRADE,64054,0.00082
2026-07-30 13:50:40,BTCUSDT,BINANCE,TRADE,64054,0.00126
2026-07-30 13:50:40,BTCUSDT,BINANCE,TRADE,64054,0.0022
2026-07-30 13:50:40,BTCUSDT,BINANCE,TRADE,64054,0.00029
2026-07-30 13:50:40,BTCUSDT,BINANCE,TRADE,64054,0.0002
2026-07-30 13:50:40,BTCUSDT,BINANCE,TRADE,64054,0.00065
2026-07-30 13:50:40,BTCUSDT,BINANCE,TRADE,64054,0.00038
2026-07-30 13:50:40,SOLUSDT,BINANCE,TRADE,73.48,0.277
2026-07-30 13:50:40,BTCUSDT,BINANCE,TRADE,64054,0.01563
2026-07-30 13:50:40,ETHUSDT,BINANCE,TRADE,1906.39,0.1567
2026-07-30 13:50:40,BTCUSDT,BINANCE,TRADE,64054,0.00026
2026-07-30 13:50:40,BTCUSDT,BINANCE,TRADE,64054,0.0018
2026-07-30 13:50:40,ETHUSDT,BINANCE,TRADE,1906.39,0.0175
2026-07-30 13:50:40,BTCUSDT,BINANCE,TRADE,64054,0.00029
2026-07-30 13:50:40,BTCUSDT,BINANCE,TRADE,64054,0.00025
2026-07-30 13:50:40,BTCUSDT,BINANCE,TRADE,64054,0.00028
2026-07-30 13:50:40,ETHUSDT,BINANCE,TRADE,1906.39,0.0846
2026-07-30 13:50:40,BTCUSDT,BINANCE,TRADE,64054,0.0013
2026-07-30 13:50:40,BTCUSDT,BINANCE,TRADE,64054,0.00299
2026-07-30 13:50:40,ETHUSDT,BINANCE,TRADE,1906.38,0.0837
2026-07-30 13:50:40,BTCUSDT,BINANCE,TRADE,64054,0.00167
2026-07-30 13:50:40,BTCUSDT,BINANCE,TRADE,64054,0.00139
2026-07-30 13:50:40,ETHUSDT,BINANCE,TRADE,1906.39,0.0522
2026-07-30 13:50:40,BTCUSDT,BINANCE,TRADE,64054,0.00261
2026-07-30 13:50:40,ETHUSDT,BINANCE,TRADE,1906.38,0.0089
2026-07-30 13:50:40,BTCUSDT,BINANCE,TRADE,64054,0.00033
2026-07-30 13:50:40,BTCUSDT,BINANCE,TRADE,64054,0.0002
2026-07-30 13:50:40,BTCUSDT,BINANCE,TRADE,64054,0.00021
2026-07-30 13:50:40,BTCUSDT,BINANCE,TRADE,64054,0.00134
2026-07-30 13:50:40,BTCUSDT,BINANCE,TRADE,64054,0.00028
2026-07-30 13:50:40,BTCUSDT,BINANCE,TRADE,64054,0.0013
2026-07-30 13:50:40,BTCUSDT,BINANCE,TRADE,64054,0.00499
2026-07-30 13:50:40,BTCUSDT,BINANCE,TRADE,64054,0.0005
2026-07-30 13:50:40,BTCUSDT,BINANCE,TRADE,64054,8e-05
2026-07-30 13:50:40,BTCUSDT,BINANCE,TRADE,64054,0.00743
2026-07-30 13:50:40,BTCUSDT,BINANCE,TRADE,64054,0.00058
2026-07-30 13:50:40,BTCUSDT,BINANCE,TRADE,64054,0.0003
2026-07-30 13:50:40,BTCUSDT,BINANCE,TRADE,64054,0.002
2026-07-30 13:50:40,BTCUSDT,BINANCE,TRADE,64054,0.0023
2026-07-30 13:50:40,BTCUSDT,BINANCE,TRADE,64054,0.00186
2026-07-30 13:50:40,BTCUSDT,BINANCE,TRADE,64054,0.00943
2026-07-30 13:50:40,BTCUSDT,BINANCE,TRADE,64054,0.003
2026-07-30 13:50:40,BTCUSDT,BINANCE,TRADE,64054,0.00014
2026-07-30 13:50:40,BTCUSDT,BINANCE,TRADE,64054,0.003
2026-07-30 13:50:40,BTCUSDT,BINANCE,TRADE,64054,0.003
2026-07-30 13:50:40,BTCUSDT,BINANCE,TRADE,64054,0.003
2026-07-30 13:50:40,BTCUSDT,BINANCE,TRADE,64054,0.003
2026-07-30 13:50:40,BTCUSDT,BINANCE,TRADE,64054,0.003
2026-07-30 13:50:40,BTCUSDT,BINANCE,TRADE,64054,0.003
2026-07-30 13:50:40,BTCUSDT,BINANCE,TRADE,64054,0.003
2026-07-30 13:50:40,BTCUSDT,BINANCE,TRADE,64054,0.003
2026-07-30 13:50:40,BTCUSDT,BINANCE,TRADE,64054,0.00091
2026-07-30 13:50:40,BTCUSDT,BINANCE,TRADE,64054,8e-05
2026-07-30 13:50:40,BTCUSDT,BINANCE,TRADE,64054,0.00146
2026-07-30 13:50:40,BTCUSDT,BINANCE,TRADE,64054,0.00055
2026-07-30 13:50:40,BTCUSDT,BINANCE,TRADE,64054,0.00066
2026-07-30 13:50:40,BTCUSDT,BINANCE,TRADE,64054,0.00038
2026-07-30 13:50:40,BTCUSDT,BINANCE,TRADE,64054,0.00019
2026-07-30 13:50:40,BTCUSDT,BINANCE,TRADE,64054,9e-05
2026-07-30 13:50:40,BTCUSDT,BINANCE,TRADE,64054,8e-05
2026-07-30 13:50:40,BTCUSDT,BINANCE,TRADE,64054,8e-05
2026-07-30 13:50:40,BTCUSDT,BINANCE,TRADE,64054,8e-05
2026-07-30 13:50:40,BTCUSDT,BINANCE,TRADE,64054,8e-05
2026-07-30 13:50:40,BTCUSDT,BINANCE,TRADE,64054,8e-05
2026-07-30 13:50:40,BTCUSDT,BINANCE,TRADE,64054,8e-05
2026-07-30 13:50:40,BTCUSDT,BINANCE,TRADE,64054,8e-05
2026-07-30 13:50:40,BTCUSDT,BINANCE,TRADE,64054,8e-05
2026-07-30 13:50:40,BTCUSDT,BINANCE,TRADE,64054,8e-05
2026-07-30 13:50:40,BTCUSDT,BINANCE,TRADE,64054,8e-05
2026-07-30 13:50:40,BTCUSDT,BINANCE,TRADE,64054,0.00088
2026-07-30 13:50:40,BTCUSDT,BINANCE,TRADE,64054,0.003
2026-07-30 13:50:40,BTCUSDT,BINANCE,TRADE,64054,0.003
2026-07-30 13:50:40,BTCUSDT,BINANCE,TRADE,64054,0.003
2026-07-30 13:50:40,BTCUSDT,BINANCE,TRADE,64054,0.003
2026-07-30 13:50:40,BTCUSDT,BINANCE,TRADE,64054,0.003
2026-07-30 13:50:40,BTCUSDT,BINANCE,TRADE,64054,0.003
2026-07-30 13:50:40,BTCUSDT,BINANCE,TRADE,64054,0.00192
2026-07-30 13:50:40,BTCUSDT,BINANCE,TRADE,64054,0.00108
2026-07-30 13:50:40,BTCUSDT,BINANCE,TRADE,64054,0.003
2026-07-30 13:50:40,BTCUSDT,BINANCE,TRADE,64054,0.003
2026-07-30 13:50:40,BTCUSDT,BINANCE,TRADE,64054,0.0001
2026-07-30 13:50:41,SOLUSDT,BINANCE,TRADE,73.48,0.277
2026-07-30 13:50:41,SOLUSDT,BINANCE,TRADE,73.48,0.072
2026-07-30 13:50:41,SOLUSDT,BINANCE,TRADE,73.48,0.34
2026-07-30 13:50:41,SOLUSDT,BINANCE,TRADE,73.48,0.252
2026-07-30 13:50:41,SOLUSDT,BINANCE,TRADE,73.48,0.072
2026-07-30 13:50:41,SOLUSDT,BINANCE,TRADE,73.48,0.07
2026-07-30 13:50:41,SOLUSDT,BINANCE,TRADE,73.48,7.33
2026-07-30 13:50:41,SOLUSDT,BINANCE,TRADE,73.48,0.427
2026-07-30 13:50:41,SOLUSDT,BINANCE,TRADE,73.48,6.534
2026-07-30 13:50:41,SOLUSDT,BINANCE,TRADE,73.48,0.342
2026-07-30 13:50:41,SOLUSDT,BINANCE,TRADE,73.48,0.5
2026-07-30 13:50:41,SOLUSDT,BINANCE,TRADE,73.48,32.539
2026-07-30 13:50:41,SOLUSDT,BINANCE,TRADE,73.48,0.072
2026-07-30 13:50:41,SOLUSDT,BINANCE,TRADE,73.48,0.072
2026-07-30 13:50:41,SOLUSDT,BINANCE,TRADE,73.48,0.07
2026-07-30 13:50:41,SOLUSDT,BINANCE,TRADE,73.48,4.547
2026-07-30 13:50:41,SOLUSDT,BINANCE,TRADE,73.48,0.072
2026-07-30 13:50:41,BTCUSDT,BINANCE,TRADE,64054,0.003
2026-07-30 13:50:41,BTCUSDT,BINANCE,TRADE,64054,0.02104
2026-07-30 13:50:41,BTCUSDT,BINANCE,TRADE,64054,8e-05
2026-07-30 13:50:41,BTCUSDT,BINANCE,TRADE,64054,9e-05
2026-07-30 13:50:41,BTCUSDT,BINANCE,TRADE,64054,8e-05
2026-07-30 13:50:41,BTCUSDT,BINANCE,TRADE,64054,9e-05
2026-07-30 13:50:41,BTCUSDT,BINANCE,TRADE,64054,0.0001
2026-07-30 13:50:41,BTCUSDT,BINANCE,TRADE,64054,0.00017
2026-07-30 13:50:41,BTCUSDT,BINANCE,TRADE,64054,8e-05
2026-07-30 13:50:41,BTCUSDT,BINANCE,TRADE,64054,8e-05
2026-07-30 13:50:41,BTCUSDT,BINANCE,TRADE,64054,9e-05
2026-07-30 13:50:41,BTCUSDT,BINANCE,TRADE,64054,8e-05
2026-07-30 13:50:41,BTCUSDT,BINANCE,TRADE,64054,8e-05
2026-07-30 13:50:41,BTCUSDT,BINANCE,TRADE,64054,8e-05
2026-07-30 13:50:41,BTCUSDT,BINANCE,TRADE,64054,8e-05
2026-07-30 13:50:41,BTCUSDT,BINANCE,TRADE,64054,8e-05
2026-07-30 13:50:41,BTCUSDT,BINANCE,TRADE,64054,8e-05
2026-07-30 13:50:41,BTCUSDT,BINANCE,TRADE,64054,8e-05
2026-07-30 13:50:41,BTCUSDT,BINANCE,TRADE,64054,8e-05
2026-07-30 13:50:41,BTCUSDT,BINANCE,TRADE,64054,8e-05
2026-07-30 13:50:41,BTCUSDT,BINANCE,TRADE,64054,8e-05
2026-07-30 13:50:41,BTCUSDT,BINANCE,TRADE,64054,8e-05
2026-07-30 13:50:41,BTCUSDT,BINANCE,TRADE,64054,8e-05
2026-07-30 13:50:41,BTCUSDT,BINANCE,TRADE,64054,8e-05
2026-07-30 13:50:41,BTCUSDT,BINANCE,TRADE,64054,8e-05
2026-07-30 13:50:41,BTCUSDT,BINANCE,TRADE,64054,9e-05
2026-07-30 13:50:41,BTCUSDT,BINANCE,TRADE,64054,9e-05
2026-07-30 13:50:41,BTCUSDT,BINANCE,TRADE,64054,8e-05
2026-07-30 13:50:41,BTCUSDT,BINANCE,TRADE,64054,8e-05
2026-07-30 13:50:41,BTCUSDT,BINANCE,TRADE,64054,8e-05
2026-07-30 13:50:41,BTCUSDT,BINANCE,TRADE,64054,8e-05
2026-07-30 13:50:41,BTCUSDT,BINANCE,TRADE,64054,8e-05
2026-07-30 13:50:41,BTCUSDT,BINANCE,TRADE,64054,8e-05
2026-07-30 13:50:41,BTCUSDT,BINANCE,TRADE,64055,9e-05
2026-07-30 13:50:41,BTCUSDT,BINANCE,TRADE,64055,9e-05
2026-07-30 13:50:41,BTCUSDT,BINANCE,TRADE,64055,8e-05
2026-07-30 13:50:41,BTCUSDT,BINANCE,TRADE,64055,8e-05
2026-07-30 13:50:41,BTCUSDT,BINANCE,TRADE,64055,8e-05
2026-07-30 13:50:41,BTCUSDT,BINANCE,TRADE,64055,8e-05
2026-07-30 13:50:41,BTCUSDT,BINANCE,TRADE,64055,8e-05
2026-07-30 13:50:41,BTCUSDT,BINANCE,TRADE,64055,9e-05
2026-07-30 13:50:41,BTCUSDT,BINANCE,TRADE,64055,8e-05
2026-07-30 13:50:41,BTCUSDT,BINANCE,TRADE,64055,0.0019
2026-07-30 13:50:41,BTCUSDT,BINANCE,TRADE,64055,0.00047
2026-07-30 13:50:41,BTCUSDT,BINANCE,TRADE,64055,0.0003
2026-07-30 13:50:41,ETHUSDT,BINANCE,TRADE,1906.39,0.0216
2026-07-30 13:50:41,BTCUSDT,BINANCE,TRADE,64055,0.01201
2026-07-30 13:50:41,BTCUSDT,BINANCE,TRADE,64055,0.00028
2026-07-30 13:50:41,BTCUSDT,BINANCE,TRADE,64055,0.00312
2026-07-30 13:50:41,BTCUSDT,BINANCE,TRADE,64055,9e-05
2026-07-30 13:50:41,BTCUSDT,BINANCE,TRADE,64055,9e-05
2026-07-30 13:50:41,BTCUSDT,BINANCE,TRADE,64055,8e-05
2026-07-30 13:50:41,BTCUSDT,BINANCE,TRADE,64055,8e-05
2026-07-30 13:50:41,BTCUSDT,BINANCE,TRADE,64055,8e-05
2026-07-30 13:50:41,BTCUSDT,BINANCE,TRADE,64055,8e-05
2026-07-30 13:50:41,BTCUSDT,BINANCE,TRADE,64055,8e-05
2026-07-30 13:50:41,BTCUSDT,BINANCE,TRADE,64055,8e-05
2026-07-30 13:50:41,BTCUSDT,BINANCE,TRADE,64055,8e-05
2026-07-30 13:50:41,BTCUSDT,BINANCE,TRADE,64055,8e-05
2026-07-30 13:50:41,BTCUSDT,BINANCE,TRADE,64055,8e-05
2026-07-30 13:50:41,BTCUSDT,BINANCE,TRADE,64055,8e-05
2026-07-30 13:50:41,BTCUSDT,BINANCE,TRADE,64055,8e-05
2026-07-30 13:50:41,BTCUSDT,BINANCE,TRADE,64055,8e-05
2026-07-30 13:50:41,BTCUSDT,BINANCE,TRADE,64055,8e-05
2026-07-30 13:50:41,BTCUSDT,BINANCE,TRADE,64055,8e-05
2026-07-30 13:50:41,BTCUSDT,BINANCE,TRADE,64055,8e-05
2026-07-30 13:50:41,BTCUSDT,BINANCE,TRADE,64055,8e-05
2026-07-30 13:50:41,BTCUSDT,BINANCE,TRADE,64055,8e-05
2026-07-30 13:50:41,BTCUSDT,BINANCE,TRADE,64055,8e-05
2026-07-30 13:50:41,BTCUSDT,BINANCE,TRADE,64055,9e-05
2026-07-30 13:50:41,BTCUSDT,BINANCE,TRADE,64055,8e-05
2026-07-30 13:50:41,BTCUSDT,BINANCE,TRADE,64055,8e-05
2026-07-30 13:50:41,BTCUSDT,BINANCE,TRADE,64055,8e-05
2026-07-30 13:50:41,BTCUSDT,BINANCE,TRADE,64055,8e-05
2026-07-30 13:50:41,BTCUSDT,BINANCE,TRADE,64055,8e-05
2026-07-30 13:50:41,BTCUSDT,BINANCE,TRADE,64055,8e-05
2026-07-30 13:50:41,BTCUSDT,BINANCE,TRADE,64055,8e-05
2026-07-30 13:50:41,BTCUSDT,BINANCE,TRADE,64055,8e-05
2026-07-30 13:50:41,BTCUSDT,BINANCE,TRADE,64055,9e-05
2026-07-30 13:50:41,BTCUSDT,BINANCE,TRADE,64055,9e-05
2026-07-30 13:50:41,BTCUSDT,BINANCE,TRADE,64055.3,8e-05
2026-07-30 13:50:41,BTCUSDT,BINANCE,TRADE,64055.5,8e-05
2026-07-30 13:50:41,BTCUSDT,BINANCE,TRADE,64055.6,9e-05
2026-07-30 13:50:41,BTCUSDT,BINANCE,TRADE,64056,0.00024
2026-07-30 13:50:41,BTCUSDT,BINANCE,TRADE,64056,9e-05
2026-07-30 13:50:41,BTCUSDT,BINANCE,TRADE,64056,9e-05
2026-07-30 13:50:41,BTCUSDT,BINANCE,TRADE,64056,9e-05
2026-07-30 13:50:41,BTCUSDT,BINANCE,TRADE,64056,0.005
2026-07-30 13:50:41,BTCUSDT,BINANCE,TRADE,64056,0.008
2026-07-30 13:50:41,BTCUSDT,BINANCE,TRADE,64056,0.006
2026-07-30 13:50:41,BTCUSDT,BINANCE,TRADE,64056,0.005
2026-07-30 13:50:41,BTCUSDT,BINANCE,TRADE,64056,9e-05
2026-07-30 13:50:41,BTCUSDT,BINANCE,TRADE,64056,9e-05
2026-07-30 13:50:41,BTCUSDT,BINANCE,TRADE,64056.5,8e-05
2026-07-30 13:50:41,BTCUSDT,BINANCE,TRADE,64056.5,8e-05
2026-07-30 13:50:41,BTCUSDT,BINANCE,TRADE,64056.9,8e-05
2026-07-30 13:50:41,BTCUSDT,BINANCE,TRADE,64057.2,0.00936
2026-07-30 13:50:41,BTCUSDT,BINANCE,TRADE,64057.2,0.00082
2026-07-30 13:50:41,BTCUSDT,BINANCE,TRADE,64057.2,9e-05
2026-07-30 13:50:41,BTCUSDT,BINANCE,TRADE,64057.2,9e-05
2026-07-30 13:50:41,BTCUSDT,BINANCE,TRADE,64057.6,9e-05
2026-07-30 13:50:41,BTCUSDT,BINANCE,TRADE,64058,9e-05
2026-07-30 13:50:41,BTCUSDT,BINANCE,TRADE,64058,9e-05
2026-07-30 13:50:41,BTCUSDT,BINANCE,TRADE,64058,9e-05
2026-07-30 13:50:41,BTCUSDT,BINANCE,TRADE,64058,0.005
2026-07-30 13:50:41,BTCUSDT,BINANCE,TRADE,64058,0.005
2026-07-30 13:50:41,BTCUSDT,BINANCE,TRADE,64058,0.008
2026-07-30 13:50:41,BTCUSDT,BINANCE,TRADE,64058,0.006
2026-07-30 13:50:41,BTCUSDT,BINANCE,TRADE,64058,9e-05
2026-07-30 13:50:41,BTCUSDT,BINANCE,TRADE,64058,9e-05
2026-07-30 13:50:41,BTCUSDT,BINANCE,TRADE,64058.1,0.01066
2026-07-30 13:50:41,BTCUSDT,BINANCE,TRADE,64058.1,9e-05
2026-07-30 13:50:41,BTCUSDT,BINANCE,TRADE,64058.1,9e-05
2026-07-30 13:50:41,BTCUSDT,BINANCE,TRADE,64058.6,8e-05
2026-07-30 13:50:41,BTCUSDT,BINANCE,TRADE,64058.6,8e-05
2026-07-30 13:50:41,BTCUSDT,BINANCE,TRADE,64058.7,8e-05
2026-07-30 13:50:41,BTCUSDT,BINANCE,TRADE,64058.8,9e-05
2026-07-30 13:50:41,BTCUSDT,BINANCE,TRADE,64059,0.00046
2026-07-30 13:50:41,BTCUSDT,BINANCE,TRADE,64059.1,0.00781
2026-07-30 13:50:41,BTCUSDT,BINANCE,TRADE,64059.1,9e-05
2026-07-30 13:50:41,BTCUSDT,BINANCE,TRADE,64059.1,9e-05
2026-07-30 13:50:41,BTCUSDT,BINANCE,TRADE,64059.3,8e-05
2026-07-30 13:50:41,BTCUSDT,BINANCE,TRADE,64059.5,9e-05
2026-07-30 13:50:41,BTCUSDT,BINANCE,TRADE,64059.5,9e-05
2026-07-30 13:50:41,BTCUSDT,BINANCE,TRADE,64059.5,9e-05
2026-07-30 13:50:41,BTCUSDT,BINANCE,TRADE,64059.5,0.04212
2026-07-30 13:50:41,ETHUSDT,BINANCE,TRADE,1906.39,0.003
2026-07-30 13:50:41,BTCUSDT,BINANCE,TRADE,64059.5,0.003
2026-07-30 13:50:41,BTCUSDT,BINANCE,TRADE,64059.5,0.00012
2026-07-30 13:50:41,BTCUSDT,BINANCE,TRADE,64059.5,0.00204
2026-07-30 13:50:41,BTCUSDT,BINANCE,TRADE,64059.5,0.00033
2026-07-30 13:50:41,BTCUSDT,BINANCE,TRADE,64059.5,0.00029
2026-07-30 13:50:41,BTCUSDT,BINANCE,TRADE,64059.5,0.00625
2026-07-30 13:50:41,BTCUSDT,BINANCE,TRADE,64059.5,0.0013
2026-07-30 13:50:41,BTCUSDT,BINANCE,TRADE,64059.5,0.00025
2026-07-30 13:50:41,BTCUSDT,BINANCE,TRADE,64059.5,0.00157
2026-07-30 13:50:41,BTCUSDT,BINANCE,TRADE,64059.5,0.00217
2026-07-30 13:50:41,SOLUSDT,BINANCE,TRADE,73.49,4.862
2026-07-30 13:50:41,BTCUSDT,BINANCE,TRADE,64059.5,0.01063
2026-07-30 13:50:41,BTCUSDT,BINANCE,TRADE,64059.5,0.00014
2026-07-30 13:50:41,BTCUSDT,BINANCE,TRADE,64059.5,0.01563
2026-07-30 13:50:41,SOLUSDT,BINANCE,TRADE,73.49,33.091
2026-07-30 13:50:41,SOLUSDT,BINANCE,TRADE,73.49,125.087
2026-07-30 13:50:41,BTCUSDT,BINANCE,TRADE,64059.5,0.00055
2026-07-30 13:50:41,BTCUSDT,BINANCE,TRADE,64059.5,0.0013
2026-07-30 13:50:41,BTCUSDT,BINANCE,TRADE,64059.5,0.0172
2026-07-30 13:50:41,BTCUSDT,BINANCE,TRADE,64059.5,0.00299
2026-07-30 13:50:41,BTCUSDT,BINANCE,TRADE,64059.5,0.00043
2026-07-30 13:50:41,BTCUSDT,BINANCE,TRADE,64059.5,0.00202
2026-07-30 13:50:41,ETHUSDT,BINANCE,TRADE,1906.38,0.0126
2026-07-30 13:50:41,BTCUSDT,BINANCE,TRADE,64059.5,0.00028
2026-07-30 13:50:41,BTCUSDT,BINANCE,TRADE,64059.5,0.01938
2026-07-30 13:50:41,BTCUSDT,BINANCE,TRADE,64059.5,9e-05
2026-07-30 13:50:41,BTCUSDT,BINANCE,TRADE,64059.5,9e-05
2026-07-30 13:50:41,BTCUSDT,BINANCE,TRADE,64059.5,8e-05
2026-07-30 13:50:41,BTCUSDT,BINANCE,TRADE,64059.5,8e-05
2026-07-30 13:50:41,BTCUSDT,BINANCE,TRADE,64059.5,8e-05
2026-07-30 13:50:41,BTCUSDT,BINANCE,TRADE,64059.5,8e-05
2026-07-30 13:50:41,BTCUSDT,BINANCE,TRADE,64059.5,8e-05
2026-07-30 13:50:41,BTCUSDT,BINANCE,TRADE,64059.5,8e-05
2026-07-30 13:50:41,BTCUSDT,BINANCE,TRADE,64059.5,8e-05
2026-07-30 13:50:41,BTCUSDT,BINANCE,TRADE,64059.5,8e-05
2026-07-30 13:50:41,BTCUSDT,BINANCE,TRADE,64059.5,8e-05
2026-07-30 13:50:41,BTCUSDT,BINANCE,TRADE,64059.5,8e-05
2026-07-30 13:50:41,BTCUSDT,BINANCE,TRADE,64059.5,8e-05
2026-07-30 13:50:41,BTCUSDT,BINANCE,TRADE,64059.5,8e-05
2026-07-30 13:50:41,BTCUSDT,BINANCE,TRADE,64059.5,9e-05
2026-07-30 13:50:41,BTCUSDT,BINANCE,TRADE,64059.5,0.03765
2026-07-30 13:50:41,ETHUSDT,BINANCE,TRADE,1906.38,0.1592
2026-07-30 13:50:41,BTCUSDT,BINANCE,TRADE,64059.5,0.00016
2026-07-30 13:50:41,BTCUSDT,BINANCE,TRADE,64059.5,0.00468
2026-07-30 13:50:41,BTCUSDT,BINANCE,TRADE,64059.5,0.0003
2026-07-30 13:50:41,BTCUSDT,BINANCE,TRADE,64059.5,0.04954
2026-07-30 13:50:41,BTCUSDT,BINANCE,TRADE,64059.5,0.00029
2026-07-30 13:50:41,BTCUSDT,BINANCE,TRADE,64059.5,0.00515
2026-07-30 13:50:41,ETHUSDT,BINANCE,TRADE,1906.39,0.0655
2026-07-30 13:50:41,BTCUSDT,BINANCE,TRADE,64059.5,0.01873
2026-07-30 13:50:41,BTCUSDT,BINANCE,TRADE,64059.5,0.00021
2026-07-30 13:50:41,BTCUSDT,BINANCE,TRADE,64059.5,0.00017
2026-07-30 13:50:41,BTCUSDT,BINANCE,TRADE,64059.5,0.00024
2026-07-30 13:50:41,BTCUSDT,BINANCE,TRADE,64059.5,0.00029
2026-07-30 13:50:41,BTCUSDT,BINANCE,TRADE,64059.5,0.00026
2026-07-30 13:50:41,BTCUSDT,BINANCE,TRADE,64059.5,0.0013
2026-07-30 13:50:41,ETHUSDT,BINANCE,TRADE,1906.38,0.0081
2026-07-30 13:50:41,BTCUSDT,BINANCE,TRADE,64059.5,0.00082
2026-07-30 13:50:41,BTCUSDT,BINANCE,TRADE,64059.5,0.00537
2026-07-30 13:50:41,ETHUSDT,BINANCE,TRADE,1906.38,0.0216
2026-07-30 13:50:41,ETHUSDT,BINANCE,TRADE,1906.39,0.0109
2026-07-30 13:50:41,ETHUSDT,BINANCE,TRADE,1906.39,0.0136
2026-07-30 13:50:42,ETHUSDT,BINANCE,TRADE,1906.39,0.3032
2026-07-30 13:50:42,ETHUSDT,BINANCE,TRADE,1906.39,0.0028
2026-07-30 13:50:42,ETHUSDT,BINANCE,TRADE,1906.39,0.0027
2026-07-30 13:50:42,ETHUSDT,BINANCE,TRADE,1906.39,0.0027
2026-07-30 13:50:42,ETHUSDT,BINANCE,TRADE,1906.39,0.0028
2026-07-30 13:50:42,ETHUSDT,BINANCE,TRADE,1906.39,0.021
2026-07-30 13:50:42,ETHUSDT,BINANCE,TRADE,1906.39,0.0028
2026-07-30 13:50:42,ETHUSDT,BINANCE,TRADE,1906.39,0.0027
2026-07-30 13:50:42,ETHUSDT,BINANCE,TRADE,1906.39,0.0028
2026-07-30 13:50:42,ETHUSDT,BINANCE,TRADE,1906.39,0.0027
2026-07-30 13:50:42,ETHUSDT,BINANCE,TRADE,1906.39,0.0027
2026-07-30 13:50:42,ETHUSDT,BINANCE,TRADE,1906.39,0.0027
2026-07-30 13:50:42,ETHUSDT,BINANCE,TRADE,1906.39,0.0053
2026-07-30 13:50:42,ETHUSDT,BINANCE,TRADE,1906.39,0.0027
2026-07-30 13:50:42,ETHUSDT,BINANCE,TRADE,1906.39,0.021
2026-07-30 13:50:42,ETHUSDT,BINANCE,TRADE,1906.39,0.021
2026-07-30 13:50:42,ETHUSDT,BINANCE,TRADE,1906.39,0.0027
2026-07-30 13:50:42,ETHUSDT,BINANCE,TRADE,1906.39,0.021
2026-07-30 13:50:42,ETHUSDT,BINANCE,TRADE,1906.39,0.0027
2026-07-30 13:50:42,ETHUSDT,BINANCE,TRADE,1906.39,0.025
2026-07-30 13:50:42,ETHUSDT,BINANCE,TRADE,1906.39,0.0027
2026-07-30 13:50:42,ETHUSDT,BINANCE,TRADE,1906.39,0.0028
2026-07-30 13:50:42,ETHUSDT,BINANCE,TRADE,1906.39,0.0027
2026-07-30 13:50:42,ETHUSDT,BINANCE,TRADE,1906.39,0.0027
2026-07-30 13:50:42,ETHUSDT,BINANCE,TRADE,1906.39,0.0027
2026-07-30 13:50:42,ETHUSDT,BINANCE,TRADE,1906.4,0.0027
2026-07-30 13:50:42,ETHUSDT,BINANCE,TRADE,1906.4,0.0028
2026-07-30 13:50:42,ETHUSDT,BINANCE,TRADE,1906.4,0.0027
2026-07-30 13:50:42,ETHUSDT,BINANCE,TRADE,1906.4,0.7554
2026-07-30 13:50:42,ETHUSDT,BINANCE,TRADE,1906.4,0.0027
2026-07-30 13:50:42,ETHUSDT,BINANCE,TRADE,1906.4,0.0053
2026-07-30 13:50:42,ETHUSDT,BINANCE,TRADE,1906.4,0.0027
2026-07-30 13:50:42,ETHUSDT,BINANCE,TRADE,1906.4,0.0027
2026-07-30 13:50:42,ETHUSDT,BINANCE,TRADE,1906.4,0.0002
2026-07-30 13:50:42,ETHUSDT,BINANCE,TRADE,1906.4,0.0025
2026-07-30 13:50:42,ETHUSDT,BINANCE,TRADE,1906.4,0.0027
2026-07-30 13:50:42,ETHUSDT,BINANCE,TRADE,1906.4,0.0027
2026-07-30 13:50:42,ETHUSDT,BINANCE,TRADE,1906.4,0.0027
2026-07-30 13:50:42,ETHUSDT,BINANCE,TRADE,1906.4,0.0027
2026-07-30 13:50:42,ETHUSDT,BINANCE,TRADE,1906.4,0.0027
2026-07-30 13:50:42,ETHUSDT,BINANCE,TRADE,1906.41,0.0028
2026-07-30 13:50:42,ETHUSDT,BINANCE,TRADE,1906.41,0.0053
2026-07-30 13:50:42,ETHUSDT,BINANCE,TRADE,1906.42,0.0028
2026-07-30 13:50:42,ETHUSDT,BINANCE,TRADE,1906.42,0.0027
2026-07-30 13:50:42,ETHUSDT,BINANCE,TRADE,1906.43,0.0027
2026-07-30 13:50:42,ETHUSDT,BINANCE,TRADE,1906.43,0.0028
2026-07-30 13:50:42,ETHUSDT,BINANCE,TRADE,1906.43,0.0027
2026-07-30 13:50:42,ETHUSDT,BINANCE,TRADE,1906.43,0.0027
2026-07-30 13:50:42,ETHUSDT,BINANCE,TRADE,1906.43,0.0027
2026-07-30 13:50:42,ETHUSDT,BINANCE,TRADE,1906.43,0.0027
2026-07-30 13:50:42,ETHUSDT,BINANCE,TRADE,1906.44,0.0027
2026-07-30 13:50:42,ETHUSDT,BINANCE,TRADE,1906.44,0.0027
2026-07-30 13:50:42,ETHUSDT,BINANCE,TRADE,1906.44,0.003
2026-07-30 13:50:42,ETHUSDT,BINANCE,TRADE,1906.44,0.0289
2026-07-30 13:50:42,ETHUSDT,BINANCE,TRADE,1906.44,0.0028
2026-07-30 13:50:42,ETHUSDT,BINANCE,TRADE,1906.44,0.0027
2026-07-30 13:50:42,ETHUSDT,BINANCE,TRADE,1906.44,0.0027
2026-07-30 13:50:42,ETHUSDT,BINANCE,TRADE,1906.44,0.0027
2026-07-30 13:50:42,ETHUSDT,BINANCE,TRADE,1906.44,0.0027
2026-07-30 13:50:42,ETHUSDT,BINANCE,TRADE,1906.45,0.0028
2026-07-30 13:50:42,ETHUSDT,BINANCE,TRADE,1906.46,0.0027
2026-07-30 13:50:42,ETHUSDT,BINANCE,TRADE,1906.46,0.0027
2026-07-30 13:50:42,ETHUSDT,BINANCE,TRADE,1906.46,0.0027
2026-07-30 13:50:42,ETHUSDT,BINANCE,TRADE,1906.46,0.0028
2026-07-30 13:50:42,ETHUSDT,BINANCE,TRADE,1906.46,0.0027
2026-07-30 13:50:42,ETHUSDT,BINANCE,TRADE,1906.46,0.0027
2026-07-30 13:50:42,ETHUSDT,BINANCE,TRADE,1906.46,0.0027
2026-07-30 13:50:42,ETHUSDT,BINANCE,TRADE,1906.47,0.0027
2026-07-30 13:50:42,ETHUSDT,BINANCE,TRADE,1906.47,0.0028
2026-07-30 13:50:42,ETHUSDT,BINANCE,TRADE,1906.48,0.0027
2026-07-30 13:50:42,ETHUSDT,BINANCE,TRADE,1906.48,0.0028
2026-07-30 13:50:42,ETHUSDT,BINANCE,TRADE,1906.48,0.0027
2026-07-30 13:50:42,ETHUSDT,BINANCE,TRADE,1906.48,0.0027
2026-07-30 13:50:42,ETHUSDT,BINANCE,TRADE,1906.48,0.0027
2026-07-30 13:50:42,ETHUSDT,BINANCE,TRADE,1906.48,0.0027
2026-07-30 13:50:42,ETHUSDT,BINANCE,TRADE,1906.48,0.0027
2026-07-30 13:50:42,ETHUSDT,BINANCE,TRADE,1906.49,0.0027
2026-07-30 13:50:42,ETHUSDT,BINANCE,TRADE,1906.49,0.0027
2026-07-30 13:50:42,ETHUSDT,BINANCE,TRADE,1906.49,0.0027
2026-07-30 13:50:42,ETHUSDT,BINANCE,TRADE,1906.49,0.0027
2026-07-30 13:50:42,ETHUSDT,BINANCE,TRADE,1906.49,0.0027
2026-07-30 13:50:42,ETHUSDT,BINANCE,TRADE,1906.49,0.0027
2026-07-30 13:50:42,ETHUSDT,BINANCE,TRADE,1906.49,0.0027
2026-07-30 13:50:42,ETHUSDT,BINANCE,TRADE,1906.49,0.0027
2026-07-30 13:50:42,ETHUSDT,BINANCE,TRADE,1906.49,0.0027
2026-07-30 13:50:42,ETHUSDT,BINANCE,TRADE,1906.49,0.0027
2026-07-30 13:50:42,ETHUSDT,BINANCE,TRADE,1906.5,0.0027
2026-07-30 13:50:42,ETHUSDT,BINANCE,TRADE,1906.5,0.0027
2026-07-30 13:50:42,ETHUSDT,BINANCE,TRADE,1906.5,0.0027
2026-07-30 13:50:42,ETHUSDT,BINANCE,TRADE,1906.5,0.0027
2026-07-30 13:50:42,ETHUSDT,BINANCE,TRADE,1906.5,0.0027
2026-07-30 13:50:42,ETHUSDT,BINANCE,TRADE,1906.51,0.0027
2026-07-30 13:50:42,ETHUSDT,BINANCE,TRADE,1906.51,0.0027
2026-07-30 13:50:42,ETHUSDT,BINANCE,TRADE,1906.51,0.0027
2026-07-30 13:50:42,ETHUSDT,BINANCE,TRADE,1906.51,0.0027
2026-07-30 13:50:42,ETHUSDT,BINANCE,TRADE,1906.51,0.0027
2026-07-30 13:50:42,ETHUSDT,BINANCE,TRADE,1906.52,0.0027
2026-07-30 13:50:42,ETHUSDT,BINANCE,TRADE,1906.54,0.0028
2026-07-30 13:50:42,ETHUSDT,BINANCE,TRADE,1906.54,0.0028
2026-07-30 13:50:42,ETHUSDT,BINANCE,TRADE,1906.54,0.0028
2026-07-30 13:50:42,ETHUSDT,BINANCE,TRADE,1906.55,0.0078
2026-07-30 13:50:42,ETHUSDT,BINANCE,TRADE,1906.55,0.1
2026-07-30 13:50:42,ETHUSDT,BINANCE,TRADE,1906.55,0.4
2026-07-30 13:50:42,BTCUSDT,BINANCE,TRADE,64059.5,8e-05
2026-07-30 13:50:42,BTCUSDT,BINANCE,TRADE,64059.5,8e-05
2026-07-30 13:50:42,BTCUSDT,BINANCE,TRADE,64059.5,8e-05
2026-07-30 13:50:42,BTCUSDT,BINANCE,TRADE,64059.5,0.00153
2026-07-30 13:50:42,BTCUSDT,BINANCE,TRADE,64059.5,0.00023
2026-07-30 13:50:42,BTCUSDT,BINANCE,TRADE,64059.5,0.00509
2026-07-30 13:50:42,BTCUSDT,BINANCE,TRADE,64059.5,0.00016
2026-07-30 13:50:42,SOLUSDT,BINANCE,TRADE,73.48,1.826
2026-07-30 13:50:42,ETHUSDT,BINANCE,TRADE,1906.54,0.0048
2026-07-30 13:50:42,BTCUSDT,BINANCE,TRADE,64059.5,0.00028
2026-07-30 13:50:42,BTCUSDT,BINANCE,TRADE,64059.5,0.00118
2026-07-30 13:50:42,BTCUSDT,BINANCE,TRADE,64059.5,0.0013
2026-07-30 13:50:42,BTCUSDT,BINANCE,TRADE,64059.5,0.00021
2026-07-30 13:50:42,BTCUSDT,BINANCE,TRADE,64059.5,0.00047
2026-07-30 13:50:42,BTCUSDT,BINANCE,TRADE,64059.5,0.00096
2026-07-30 13:50:42,BTCUSDT,BINANCE,TRADE,64059.5,0.00016
2026-07-30 13:50:42,BTCUSDT,BINANCE,TRADE,64059.5,0.00156
2026-07-30 13:50:42,BTCUSDT,BINANCE,TRADE,64059.5,0.00365
2026-07-30 13:50:42,BTCUSDT,BINANCE,TRADE,64059.5,0.00038
2026-07-30 13:50:42,BTCUSDT,BINANCE,TRADE,64059.5,0.00095
2026-07-30 13:50:42,BTCUSDT,BINANCE,TRADE,64059.5,0.00071
2026-07-30 13:50:42,BTCUSDT,BINANCE,TRADE,64059.5,5e-05
2026-07-30 13:50:42,BTCUSDT,BINANCE,TRADE,64059.5,0.00149
2026-07-30 13:50:42,BTCUSDT,BINANCE,TRADE,64059.5,0.00299
2026-07-30 13:50:42,BTCUSDT,BINANCE,TRADE,64059.5,0.00095
2026-07-30 13:50:42,BTCUSDT,BINANCE,TRADE,64059.5,8e-05
2026-07-30 13:50:42,BTCUSDT,BINANCE,TRADE,64059.5,0.00025
2026-07-30 13:50:42,BTCUSDT,BINANCE,TRADE,64059.5,0.00037
2026-07-30 13:50:42,BTCUSDT,BINANCE,TRADE,64059.5,0.00499
2026-07-30 13:50:42,BTCUSDT,BINANCE,TRADE,64059.5,0.01563
2026-07-30 13:50:42,BTCUSDT,BINANCE,TRADE,64059.5,0.0023
2026-07-30 13:50:42,BTCUSDT,BINANCE,TRADE,64059.5,0.00029
2026-07-30 13:50:42,BTCUSDT,BINANCE,TRADE,64059.5,8e-05
2026-07-30 13:50:42,BTCUSDT,BINANCE,TRADE,64059.5,8e-05
2026-07-30 13:50:42,BTCUSDT,BINANCE,TRADE,64059.5,8e-05
2026-07-30 13:50:42,BTCUSDT,BINANCE,TRADE,64059.5,8e-05
2026-07-30 13:50:42,BTCUSDT,BINANCE,TRADE,64059.5,9e-05
2026-07-30 13:50:42,BTCUSDT,BINANCE,TRADE,64059.5,8e-05
2026-07-30 13:50:42,BTCUSDT,BINANCE,TRADE,64059.5,8e-05
2026-07-30 13:50:42,BTCUSDT,BINANCE,TRADE,64059.5,8e-05
2026-07-30 13:50:42,BTCUSDT,BINANCE,TRADE,64059.5,8e-05
2026-07-30 13:50:42,BTCUSDT,BINANCE,TRADE,64059.5,9e-05
2026-07-30 13:50:42,BTCUSDT,BINANCE,TRADE,64059.5,9e-05
2026-07-30 13:50:42,BTCUSDT,BINANCE,TRADE,64059.5,5e-05
2026-07-30 13:50:42,BTCUSDT,BINANCE,TRADE,64059.5,3e-05
2026-07-30 13:50:42,BTCUSDT,BINANCE,TRADE,64059.5,8e-05
2026-07-30 13:50:42,BTCUSDT,BINANCE,TRADE,64059.5,8e-05
2026-07-30 13:50:42,BTCUSDT,BINANCE,TRADE,64059.5,8e-05
2026-07-30 13:50:42,BTCUSDT,BINANCE,TRADE,64059.5,0.00016
2026-07-30 13:50:42,BTCUSDT,BINANCE,TRADE,64059.5,0.00087
2026-07-30 13:50:42,BTCUSDT,BINANCE,TRADE,64059.5,0.00032
2026-07-30 13:50:42,BTCUSDT,BINANCE,TRADE,64059.5,0.00014
2026-07-30 13:50:42,BTCUSDT,BINANCE,TRADE,64059.5,0.002
2026-07-30 13:50:42,BTCUSDT,BINANCE,TRADE,64059.5,0.01422
2026-07-30 13:50:42,BTCUSDT,BINANCE,TRADE,64059.5,0.00017
2026-07-30 13:50:42,BTCUSDT,BINANCE,TRADE,64059.5,0.00026
2026-07-30 13:50:42,BTCUSDT,BINANCE,TRADE,64059.5,0.00096
2026-07-30 13:50:42,BTCUSDT,BINANCE,TRADE,64059.5,0.0002
2026-07-30 13:50:42,BTCUSDT,BINANCE,TRADE,64059.5,0.00015
2026-07-30 13:50:42,BTCUSDT,BINANCE,TRADE,64059.5,8e-05
2026-07-30 13:50:42,BTCUSDT,BINANCE,TRADE,64059.5,0.00025
2026-07-30 13:50:42,BTCUSDT,BINANCE,TRADE,64059.5,0.0013
2026-07-30 13:50:42,BTCUSDT,BINANCE,TRADE,64059.5,0.00098
2026-07-30 13:50:42,BTCUSDT,BINANCE,TRADE,64059.5,0.00028
2026-07-30 13:50:43,BTCUSDT,BINANCE,TRADE,64059.5,0.00021
2026-07-30 13:50:43,BTCUSDT,BINANCE,TRADE,64059.5,0.00098
2026-07-30 13:50:43,BTCUSDT,BINANCE,TRADE,64059.5,0.00164
2026-07-30 13:50:43,BTCUSDT,BINANCE,TRADE,64059.5,0.00028
2026-07-30 13:50:43,ETHUSDT,BINANCE,TRADE,1906.54,0.2544
2026-07-30 13:50:43,BTCUSDT,BINANCE,TRADE,64059.5,0.00103
2026-07-30 13:50:43,BTCUSDT,BINANCE,TRADE,64059.5,0.002
2026-07-30 13:50:43,ETHUSDT,BINANCE,TRADE,1906.54,0.0175
2026-07-30 13:50:43,ETHUSDT,BINANCE,TRADE,1906.54,0.0522
2026-07-30 13:50:43,BTCUSDT,BINANCE,TRADE,64059.5,0.0004
2026-07-30 13:50:43,BTCUSDT,BINANCE,TRADE,64059.5,0.00103
2026-07-30 13:50:43,BTCUSDT,BINANCE,TRADE,64059.5,0.00064
2026-07-30 13:50:43,BTCUSDT,BINANCE,TRADE,64059.5,0.0003
2026-07-30 13:50:43,BTCUSDT,BINANCE,TRADE,64059.5,0.00021
2026-07-30 13:50:43,BTCUSDT,BINANCE,TRADE,64059.5,0.00167
2026-07-30 13:50:43,BTCUSDT,BINANCE,TRADE,64059.5,0.00299
2026-07-30 13:50:43,BTCUSDT,BINANCE,TRADE,64059.5,0.0013
2026-07-30 13:50:43,BTCUSDT,BINANCE,TRADE,64059.5,0.00471
2026-07-30 13:50:43,BTCUSDT,BINANCE,TRADE,64059.5,0.00508
2026-07-30 13:50:43,BTCUSDT,BINANCE,TRADE,64059.5,0.00058
2026-07-30 13:50:43,BTCUSDT,BINANCE,TRADE,64059.5,0.00029
2026-07-30 13:50:43,BTCUSDT,BINANCE,TRADE,64059.5,0.00112
2026-07-30 13:50:43,BTCUSDT,BINANCE,TRADE,64059.5,0.00515
2026-07-30 13:50:43,BTCUSDT,BINANCE,TRADE,64059.5,0.00038
2026-07-30 13:50:43,BTCUSDT,BINANCE,TRADE,64059.5,0.01873
2026-07-30 13:50:43,BTCUSDT,BINANCE,TRADE,64059.5,0.00024
2026-07-30 13:50:43,BTCUSDT,BINANCE,TRADE,64059.5,0.01563
2026-07-30 13:50:43,BTCUSDT,BINANCE,TRADE,64059.5,0.0013
2026-07-30 13:50:43,BTCUSDT,BINANCE,TRADE,64059.5,0.00025
2026-07-30 13:50:43,BTCUSDT,BINANCE,TRADE,64059.5,0.00082
2026-07-30 13:50:43,BTCUSDT,BINANCE,TRADE,64059.5,0.00043
2026-07-30 13:50:43,BTCUSDT,BINANCE,TRADE,64059.5,0.002
2026-07-30 13:50:43,ETHUSDT,BINANCE,TRADE,1906.55,0.0027
2026-07-30 13:50:43,ETHUSDT,BINANCE,TRADE,1906.55,0.0003
2026-07-30 13:50:43,BTCUSDT,BINANCE,TRADE,64059.5,0.00036
2026-07-30 13:50:43,BTCUSDT,BINANCE,TRADE,64059.5,0.00202
2026-07-30 13:50:43,BTCUSDT,BINANCE,TRADE,64059.5,0.00028
2026-07-30 13:50:43,BTCUSDT,BINANCE,TRADE,64059.5,0.00204
2026-07-30 13:50:43,ETHUSDT,BINANCE,TRADE,1906.54,0.0109
2026-07-30 13:50:44,BTCUSDT,BINANCE,TRADE,64059.5,0.00196
2026-07-30 13:50:44,ETHUSDT,BINANCE,TRADE,1906.55,0.0024
2026-07-30 13:50:44,ETHUSDT,BINANCE,TRADE,1906.55,0.0028
2026-07-30 13:50:44,ETHUSDT,BINANCE,TRADE,1906.55,0.0028
2026-07-30 13:50:44,ETHUSDT,BINANCE,TRADE,1906.55,0.0027
2026-07-30 13:50:44,ETHUSDT,BINANCE,TRADE,1906.55,0.2486
2026-07-30 13:50:44,BTCUSDT,BINANCE,TRADE,64059.5,0.00061
2026-07-30 13:50:44,BTCUSDT,BINANCE,TRADE,64059.5,8e-05
2026-07-30 13:50:44,BTCUSDT,BINANCE,TRADE,64059.5,0.0001
2026-07-30 13:50:44,BTCUSDT,BINANCE,TRADE,64059.5,0.00051
2026-07-30 13:50:44,BTCUSDT,BINANCE,TRADE,64059.5,0.00038
2026-07-30 13:50:44,BTCUSDT,BINANCE,TRADE,64059.5,0.00047
2026-07-30 13:50:44,ETHUSDT,BINANCE,TRADE,1906.54,0.0845
2026-07-30 13:50:44,BTCUSDT,BINANCE,TRADE,64059.5,0.00029
2026-07-30 13:50:44,BTCUSDT,BINANCE,TRADE,64059.5,0.00015
2026-07-30 13:50:44,BTCUSDT,BINANCE,TRADE,64059.5,0.00029
2026-07-30 13:50:44,BTCUSDT,BINANCE,TRADE,64059.5,0.00033
2026-07-30 13:50:44,BTCUSDT,BINANCE,TRADE,64059.5,0.0023
2026-07-30 13:50:44,BTCUSDT,BINANCE,TRADE,64059.5,0.00016
2026-07-30 13:50:44,ETHUSDT,BINANCE,TRADE,1906.54,0.0144
2026-07-30 13:50:44,BTCUSDT,BINANCE,TRADE,64059.5,0.02497
2026-07-30 13:50:44,BTCUSDT,BINANCE,TRADE,64059.5,0.00026
2026-07-30 13:50:44,BTCUSDT,BINANCE,TRADE,64059.5,0.00029
2026-07-30 13:50:44,BTCUSDT,BINANCE,TRADE,64059.5,0.00299
2026-07-30 13:50:44,BTCUSDT,BINANCE,TRADE,64059.5,0.0013
2026-07-30 13:50:44,BTCUSDT,BINANCE,TRADE,64059.5,0.00076
2026-07-30 13:50:44,BTCUSDT,BINANCE,TRADE,64059.5,0.00099
2026-07-30 13:50:44,ETHUSDT,BINANCE,TRADE,1906.55,0.0089
2026-07-30 13:50:44,BTCUSDT,BINANCE,TRADE,64059.5,0.00126
2026-07-30 13:50:44,BTCUSDT,BINANCE,TRADE,64059.5,0.00537
2026-07-30 13:50:44,ETHUSDT,BINANCE,TRADE,1906.55,0.0027
2026-07-30 13:50:44,ETHUSDT,BINANCE,TRADE,1906.55,0.021
2026-07-30 13:50:44,ETHUSDT,BINANCE,TRADE,1906.55,0.0027
2026-07-30 13:50:44,ETHUSDT,BINANCE,TRADE,1906.55,0.0027
2026-07-30 13:50:44,ETHUSDT,BINANCE,TRADE,1906.55,0.0027
2026-07-30 13:50:44,ETHUSDT,BINANCE,TRADE,1906.55,0.0027
2026-07-30 13:50:44,ETHUSDT,BINANCE,TRADE,1906.55,0.0027
2026-07-30 13:50:44,ETHUSDT,BINANCE,TRADE,1906.55,0.021
2026-07-30 13:50:44,ETHUSDT,BINANCE,TRADE,1906.55,0.0027
2026-07-30 13:50:44,ETHUSDT,BINANCE,TRADE,1906.55,0.033
2026-07-30 13:50:44,ETHUSDT,BINANCE,TRADE,1906.55,0.0053
2026-07-30 13:50:44,ETHUSDT,BINANCE,TRADE,1906.55,0.0027
2026-07-30 13:50:44,ETHUSDT,BINANCE,TRADE,1906.55,0.0027
2026-07-30 13:50:44,ETHUSDT,BINANCE,TRADE,1906.55,0.0028
2026-07-30 13:50:44,ETHUSDT,BINANCE,TRADE,1906.55,0.0028
2026-07-30 13:50:44,ETHUSDT,BINANCE,TRADE,1906.55,0.021
2026-07-30 13:50:44,ETHUSDT,BINANCE,TRADE,1906.55,0.0027
2026-07-30 13:50:44,ETHUSDT,BINANCE,TRADE,1906.55,0.0027
2026-07-30 13:50:44,ETHUSDT,BINANCE,TRADE,1906.55,0.0027
2026-07-30 13:50:44,ETHUSDT,BINANCE,TRADE,1906.56,0.0027
2026-07-30 13:50:44,ETHUSDT,BINANCE,TRADE,1906.56,0.0027
2026-07-30 13:50:44,ETHUSDT,BINANCE,TRADE,1906.56,0.0028
2026-07-30 13:50:44,ETHUSDT,BINANCE,TRADE,1906.56,0.0053
2026-07-30 13:50:44,ETHUSDT,BINANCE,TRADE,1906.56,0.0027
2026-07-30 13:50:44,ETHUSDT,BINANCE,TRADE,1906.56,0.0027
2026-07-30 13:50:44,ETHUSDT,BINANCE,TRADE,1906.56,0.0027
2026-07-30 13:50:44,ETHUSDT,BINANCE,TRADE,1906.56,0.0027
2026-07-30 13:50:44,ETHUSDT,BINANCE,TRADE,1906.57,0.0257
2026-07-30 13:50:44,ETHUSDT,BINANCE,TRADE,1906.57,0.0027
2026-07-30 13:50:44,ETHUSDT,BINANCE,TRADE,1906.57,0.0027
2026-07-30 13:50:44,ETHUSDT,BINANCE,TRADE,1906.57,0.0028
2026-07-30 13:50:44,ETHUSDT,BINANCE,TRADE,1906.57,0.0027
2026-07-30 13:50:44,ETHUSDT,BINANCE,TRADE,1906.57,0.0053
2026-07-30 13:50:44,ETHUSDT,BINANCE,TRADE,1906.57,0.0027
2026-07-30 13:50:44,ETHUSDT,BINANCE,TRADE,1906.57,0.0027
2026-07-30 13:50:44,ETHUSDT,BINANCE,TRADE,1906.57,0.0027
2026-07-30 13:50:44,ETHUSDT,BINANCE,TRADE,1906.57,0.0027
2026-07-30 13:50:44,ETHUSDT,BINANCE,TRADE,1906.57,0.0027
2026-07-30 13:50:44,ETHUSDT,BINANCE,TRADE,1906.58,0.0027
2026-07-30 13:50:44,ETHUSDT,BINANCE,TRADE,1906.58,0.0027
2026-07-30 13:50:44,ETHUSDT,BINANCE,TRADE,1906.58,0.0027
2026-07-30 13:50:44,ETHUSDT,BINANCE,TRADE,1906.58,0.0027
2026-07-30 13:50:44,ETHUSDT,BINANCE,TRADE,1906.58,0.0027
2026-07-30 13:50:44,ETHUSDT,BINANCE,TRADE,1906.58,0.0027
2026-07-30 13:50:44,ETHUSDT,BINANCE,TRADE,1906.58,0.0027
2026-07-30 13:50:44,ETHUSDT,BINANCE,TRADE,1906.58,0.0027
2026-07-30 13:50:44,ETHUSDT,BINANCE,TRADE,1906.58,0.0028
2026-07-30 13:50:44,ETHUSDT,BINANCE,TRADE,1906.58,0.0027
2026-07-30 13:50:44,ETHUSDT,BINANCE,TRADE,1906.58,0.0027
2026-07-30 13:50:44,ETHUSDT,BINANCE,TRADE,1906.59,0.0027
2026-07-30 13:50:44,ETHUSDT,BINANCE,TRADE,1906.59,0.0027
2026-07-30 13:50:44,ETHUSDT,BINANCE,TRADE,1906.59,0.0027
2026-07-30 13:50:44,ETHUSDT,BINANCE,TRADE,1906.59,0.0028
2026-07-30 13:50:44,ETHUSDT,BINANCE,TRADE,1906.6,0.0027
2026-07-30 13:50:44,ETHUSDT,BINANCE,TRADE,1906.6,0.0028
2026-07-30 13:50:44,ETHUSDT,BINANCE,TRADE,1906.6,0.0027
2026-07-30 13:50:44,ETHUSDT,BINANCE,TRADE,1906.61,0.0027
2026-07-30 13:50:44,ETHUSDT,BINANCE,TRADE,1906.61,0.0027
2026-07-30 13:50:44,ETHUSDT,BINANCE,TRADE,1906.61,0.0028
2026-07-30 13:50:44,ETHUSDT,BINANCE,TRADE,1906.61,0.0027
2026-07-30 13:50:44,ETHUSDT,BINANCE,TRADE,1906.61,0.0027
2026-07-30 13:50:44,ETHUSDT,BINANCE,TRADE,1906.61,0.0027
2026-07-30 13:50:44,ETHUSDT,BINANCE,TRADE,1906.61,0.0027
2026-07-30 13:50:44,ETHUSDT,BINANCE,TRADE,1906.62,0.0027
2026-07-30 13:50:44,ETHUSDT,BINANCE,TRADE,1906.62,0.0028
2026-07-30 13:50:44,ETHUSDT,BINANCE,TRADE,1906.62,0.0027
2026-07-30 13:50:44,ETHUSDT,BINANCE,TRADE,1906.62,0.0027
2026-07-30 13:50:44,ETHUSDT,BINANCE,TRADE,1906.62,0.0027
2026-07-30 13:50:44,ETHUSDT,BINANCE,TRADE,1906.62,0.0027
2026-07-30 13:50:44,ETHUSDT,BINANCE,TRADE,1906.62,0.0027
2026-07-30 13:50:44,ETHUSDT,BINANCE,TRADE,1906.62,0.0027
2026-07-30 13:50:44,ETHUSDT,BINANCE,TRADE,1906.62,0.0027
2026-07-30 13:50:44,ETHUSDT,BINANCE,TRADE,1906.62,0.0027
2026-07-30 13:50:44,ETHUSDT,BINANCE,TRADE,1906.62,0.0027
2026-07-30 13:50:44,ETHUSDT,BINANCE,TRADE,1906.63,0.0027
2026-07-30 13:50:44,ETHUSDT,BINANCE,TRADE,1906.63,0.0028
2026-07-30 13:50:44,ETHUSDT,BINANCE,TRADE,1906.63,0.0027
2026-07-30 13:50:44,ETHUSDT,BINANCE,TRADE,1906.63,0.0027
2026-07-30 13:50:44,ETHUSDT,BINANCE,TRADE,1906.63,0.0027
2026-07-30 13:50:44,ETHUSDT,BINANCE,TRADE,1906.63,0.0027
2026-07-30 13:50:44,ETHUSDT,BINANCE,TRADE,1906.63,0.0027
2026-07-30 13:50:44,ETHUSDT,BINANCE,TRADE,1906.64,0.0027
2026-07-30 13:50:44,ETHUSDT,BINANCE,TRADE,1906.64,0.0027
2026-07-30 13:50:44,ETHUSDT,BINANCE,TRADE,1906.64,0.0028
2026-07-30 13:50:44,ETHUSDT,BINANCE,TRADE,1906.64,0.0027
2026-07-30 13:50:44,ETHUSDT,BINANCE,TRADE,1906.64,0.0027
2026-07-30 13:50:44,ETHUSDT,BINANCE,TRADE,1906.65,0.0027
2026-07-30 13:50:44,ETHUSDT,BINANCE,TRADE,1906.65,0.0027
2026-07-30 13:50:44,ETHUSDT,BINANCE,TRADE,1906.65,0.0028
2026-07-30 13:50:44,ETHUSDT,BINANCE,TRADE,1906.65,0.0027
2026-07-30 13:50:44,ETHUSDT,BINANCE,TRADE,1906.66,0.0028
2026-07-30 13:50:44,ETHUSDT,BINANCE,TRADE,1906.67,0.0027
2026-07-30 13:50:44,ETHUSDT,BINANCE,TRADE,1906.67,0.0027
2026-07-30 13:50:44,ETHUSDT,BINANCE,TRADE,1906.67,0.0028
2026-07-30 13:50:44,ETHUSDT,BINANCE,TRADE,1906.67,0.0028
2026-07-30 13:50:44,ETHUSDT,BINANCE,TRADE,1906.67,0.0028
2026-07-30 13:50:44,ETHUSDT,BINANCE,TRADE,1906.67,0.0027
2026-07-30 13:50:44,ETHUSDT,BINANCE,TRADE,1906.67,0.0028
2026-07-30 13:50:44,ETHUSDT,BINANCE,TRADE,1906.67,0.0027
2026-07-30 13:50:44,ETHUSDT,BINANCE,TRADE,1906.67,0.0027
2026-07-30 13:50:44,ETHUSDT,BINANCE,TRADE,1906.67,0.0027
2026-07-30 13:50:44,BTCUSDT,BINANCE,TRADE,64059.5,0.00028
2026-07-30 13:50:44,BTCUSDT,BINANCE,TRADE,64059.5,0.00099
2026-07-30 13:50:44,BTCUSDT,BINANCE,TRADE,64059.5,0.00021
2026-07-30 13:50:44,BTCUSDT,BINANCE,TRADE,64059.5,0.00046
2026-07-30 13:50:44,BTCUSDT,BINANCE,TRADE,64059.5,0.00071
2026-07-30 13:50:44,BTCUSDT,BINANCE,TRADE,64059.5,8e-05
2026-07-30 13:50:44,BTCUSDT,BINANCE,TRADE,64059.5,9e-05
2026-07-30 13:50:44,BTCUSDT,BINANCE,TRADE,64059.5,0.00509
2026-07-30 13:50:44,BTCUSDT,BINANCE,TRADE,64059.5,8e-05
2026-07-30 13:50:44,BTCUSDT,BINANCE,TRADE,64059.5,8e-05
2026-07-30 13:50:44,BTCUSDT,BINANCE,TRADE,64059.5,8e-05
2026-07-30 13:50:44,BTCUSDT,BINANCE,TRADE,64059.5,8e-05
2026-07-30 13:50:44,BTCUSDT,BINANCE,TRADE,64059.5,8e-05
2026-07-30 13:50:44,BTCUSDT,BINANCE,TRADE,64059.5,8e-05
2026-07-30 13:50:44,BTCUSDT,BINANCE,TRADE,64059.5,8e-05
2026-07-30 13:50:44,BTCUSDT,BINANCE,TRADE,64059.5,8e-05
2026-07-30 13:50:44,BTCUSDT,BINANCE,TRADE,64059.5,8e-05
2026-07-30 13:50:44,BTCUSDT,BINANCE,TRADE,64059.5,0.00016
2026-07-30 13:50:44,BTCUSDT,BINANCE,TRADE,64059.5,8e-05
2026-07-30 13:50:44,BTCUSDT,BINANCE,TRADE,64059.5,8e-05
2026-07-30 13:50:44,BTCUSDT,BINANCE,TRADE,64059.5,0.00062
2026-07-30 13:50:44,BTCUSDT,BINANCE,TRADE,64059.5,8e-05
2026-07-30 13:50:44,BTCUSDT,BINANCE,TRADE,64059.5,8e-05
2026-07-30 13:50:44,BTCUSDT,BINANCE,TRADE,64059.5,8e-05
2026-07-30 13:50:44,BTCUSDT,BINANCE,TRADE,64059.5,8e-05
2026-07-30 13:50:44,BTCUSDT,BINANCE,TRADE,64059.5,8e-05
2026-07-30 13:50:44,BTCUSDT,BINANCE,TRADE,64059.5,0.01387
2026-07-30 13:50:44,BTCUSDT,BINANCE,TRADE,64059.5,0.00062
2026-07-30 13:50:44,BTCUSDT,BINANCE,TRADE,64059.5,9e-05
2026-07-30 13:50:44,BTCUSDT,BINANCE,TRADE,64059.5,9e-05
2026-07-30 13:50:44,BTCUSDT,BINANCE,TRADE,64059.5,8e-05
2026-07-30 13:50:44,BTCUSDT,BINANCE,TRADE,64059.5,9e-05
2026-07-30 13:50:44,BTCUSDT,BINANCE,TRADE,64059.5,8e-05
2026-07-30 13:50:44,BTCUSDT,BINANCE,TRADE,64059.5,0.00022
2026-07-30 13:50:44,BTCUSDT,BINANCE,TRADE,64059.5,0.00014
2026-07-30 13:50:44,BTCUSDT,BINANCE,TRADE,64059.5,0.00098
2026-07-30 13:50:44,ETHUSDT,BINANCE,TRADE,1906.68,0.003
2026-07-30 13:50:44,ETHUSDT,BINANCE,TRADE,1906.68,0.0051
2026-07-30 13:50:44,ETHUSDT,BINANCE,TRADE,1906.67,0.0434
2026-07-30 13:50:44,SOLUSDT,BINANCE,TRADE,73.48,1.527
2026-07-30 13:50:44,BTCUSDT,BINANCE,TRADE,64059.5,0.00098
2026-07-30 13:50:44,BTCUSDT,BINANCE,TRADE,64059.5,0.01563
2026-07-30 13:50:44,BTCUSDT,BINANCE,TRADE,64059.5,0.0013
2026-07-30 13:50:44,BTCUSDT,BINANCE,TRADE,64059.5,0.00149
2026-07-30 13:50:44,BTCUSDT,BINANCE,TRADE,64059.5,0.00073
2026-07-30 13:50:44,BTCUSDT,BINANCE,TRADE,64059.5,0.00012
2026-07-30 13:50:44,ETHUSDT,BINANCE,TRADE,1906.67,0.0763
2026-07-30 13:50:44,BTCUSDT,BINANCE,TRADE,64059.5,0.00521
2026-07-30 13:50:44,BTCUSDT,BINANCE,TRADE,64059.5,0.00323
2026-07-30 13:50:44,BTCUSDT,BINANCE,TRADE,64059.5,0.00157
2026-07-30 13:50:44,BTCUSDT,BINANCE,TRADE,64059.5,0.00101
2026-07-30 13:50:44,BTCUSDT,BINANCE,TRADE,64059.5,0.00125
2026-07-30 13:50:44,BTCUSDT,BINANCE,TRADE,64059.5,0.00046
2026-07-30 13:50:44,BTCUSDT,BINANCE,TRADE,64059.5,8e-05
2026-07-30 13:50:44,BTCUSDT,BINANCE,TRADE,64059.5,8e-05
2026-07-30 13:50:44,BTCUSDT,BINANCE,TRADE,64059.5,8e-05
2026-07-30 13:50:44,BTCUSDT,BINANCE,TRADE,64059.5,8e-05
2026-07-30 13:50:44,BTCUSDT,BINANCE,TRADE,64059.5,8e-05
2026-07-30 13:50:44,BTCUSDT,BINANCE,TRADE,64059.5,8e-05
2026-07-30 13:50:44,BTCUSDT,BINANCE,TRADE,64059.5,9e-05
2026-07-30 13:50:44,BTCUSDT,BINANCE,TRADE,64059.5,9e-05
2026-07-30 13:50:44,BTCUSDT,BINANCE,TRADE,64059.5,0.00016
2026-07-30 13:50:44,BTCUSDT,BINANCE,TRADE,64059.5,9e-05
2026-07-30 13:50:44,BTCUSDT,BINANCE,TRADE,64059.5,8e-05
2026-07-30 13:50:44,BTCUSDT,BINANCE,TRADE,64059.5,8e-05
2026-07-30 13:50:44,BTCUSDT,BINANCE,TRADE,64059.5,8e-05
2026-07-30 13:50:44,BTCUSDT,BINANCE,TRADE,64059.5,8e-05
2026-07-30 13:50:44,BTCUSDT,BINANCE,TRADE,64059.5,8e-05
2026-07-30 13:50:44,BTCUSDT,BINANCE,TRADE,64059.5,8e-05
2026-07-30 13:50:44,BTCUSDT,BINANCE,TRADE,64059.5,8e-05
2026-07-30 13:50:44,BTCUSDT,BINANCE,TRADE,64059.5,0.00017
2026-07-30 13:50:44,BTCUSDT,BINANCE,TRADE,64059.5,8e-05
2026-07-30 13:50:44,BTCUSDT,BINANCE,TRADE,64059.5,8e-05
2026-07-30 13:50:44,BTCUSDT,BINANCE,TRADE,64059.5,8e-05
2026-07-30 13:50:44,BTCUSDT,BINANCE,TRADE,64059.5,8e-05
2026-07-30 13:50:44,BTCUSDT,BINANCE,TRADE,64059.5,8e-05
2026-07-30 13:50:44,BTCUSDT,BINANCE,TRADE,64059.5,8e-05
2026-07-30 13:50:44,BTCUSDT,BINANCE,TRADE,64059.5,8e-05
2026-07-30 13:50:44,BTCUSDT,BINANCE,TRADE,64059.5,8e-05
2026-07-30 13:50:44,BTCUSDT,BINANCE,TRADE,64059.5,8e-05
2026-07-30 13:50:44,BTCUSDT,BINANCE,TRADE,64059.5,9e-05
2026-07-30 13:50:44,BTCUSDT,BINANCE,TRADE,64059.5,9e-05
2026-07-30 13:50:44,BTCUSDT,BINANCE,TRADE,64059.5,8e-05
2026-07-30 13:50:44,BTCUSDT,BINANCE,TRADE,64059.5,8e-05
2026-07-30 13:50:44,BTCUSDT,BINANCE,TRADE,64059.5,8e-05
2026-07-30 13:50:44,BTCUSDT,BINANCE,TRADE,64059.5,8e-05
2026-07-30 13:50:44,BTCUSDT,BINANCE,TRADE,64059.5,0.00016
2026-07-30 13:50:44,BTCUSDT,BINANCE,TRADE,64059.5,0.00016
2026-07-30 13:50:44,BTCUSDT,BINANCE,TRADE,64059.9,9e-05
2026-07-30 13:50:44,BTCUSDT,BINANCE,TRADE,64059.9,9e-05
2026-07-30 13:50:44,BTCUSDT,BINANCE,TRADE,64059.9,9e-05
2026-07-30 13:50:44,BTCUSDT,BINANCE,TRADE,64059.9,0.00234
2026-07-30 13:50:44,BTCUSDT,BINANCE,TRADE,64059.9,0.02107
2026-07-30 13:50:44,BTCUSDT,BINANCE,TRADE,64059.9,9e-05
2026-07-30 13:50:44,BTCUSDT,BINANCE,TRADE,64059.9,9e-05
2026-07-30 13:50:44,BTCUSDT,BINANCE,TRADE,64060,9e-05
2026-07-30 13:50:44,BTCUSDT,BINANCE,TRADE,64060,9e-05
2026-07-30 13:50:44,BTCUSDT,BINANCE,TRADE,64060,9e-05
2026-07-30 13:50:44,BTCUSDT,BINANCE,TRADE,64060,0.005
2026-07-30 13:50:44,BTCUSDT,BINANCE,TRADE,64060,0.005
2026-07-30 13:50:44,BTCUSDT,BINANCE,TRADE,64060,0.008
2026-07-30 13:50:44,BTCUSDT,BINANCE,TRADE,64060,0.00533
2026-07-30 13:50:44,BTCUSDT,BINANCE,TRADE,64060,0.00067
2026-07-30 13:50:44,BTCUSDT,BINANCE,TRADE,64060,0.00133
2026-07-30 13:50:44,BTCUSDT,BINANCE,TRADE,64060,0.00047
2026-07-30 13:50:44,ETHUSDT,BINANCE,TRADE,1906.67,0.0654
2026-07-30 13:50:44,BTCUSDT,BINANCE,TRADE,64060,0.00029
2026-07-30 13:50:44,BTCUSDT,BINANCE,TRADE,64060,0.00101
2026-07-30 13:50:44,BTCUSDT,BINANCE,TRADE,64060,0.0013
2026-07-30 13:50:45,BTCUSDT,BINANCE,TRADE,64060,0.00184
2026-07-30 13:50:45,BTCUSDT,BINANCE,TRADE,64060,0.00166
2026-07-30 13:50:45,BTCUSDT,BINANCE,TRADE,64060,0.00026
2026-07-30 13:50:45,ETHUSDT,BINANCE,TRADE,1906.68,0.003
2026-07-30 13:50:45,BTCUSDT,BINANCE,TRADE,64060,0.00102
2026-07-30 13:50:45,BTCUSDT,BINANCE,TRADE,64060,0.002
2026-07-30 13:50:45,BTCUSDT,BINANCE,TRADE,64060,0.00102
2026-07-30 13:50:45,BTCUSDT,BINANCE,TRADE,64060,0.00082
2026-07-30 13:50:45,BTCUSDT,BINANCE,TRADE,64060,0.00025
2026-07-30 13:50:45,BTCUSDT,BINANCE,TRADE,64060,0.0014
2026-07-30 13:50:45,SOLUSDT,BINANCE,TRADE,73.49,0.408
2026-07-30 13:50:45,BTCUSDT,BINANCE,TRADE,64060,0.00148
2026-07-30 13:50:45,BTCUSDT,BINANCE,TRADE,64060,0.0025
2026-07-30 13:50:45,BTCUSDT,BINANCE,TRADE,64060,9e-05
2026-07-30 13:50:45,BTCUSDT,BINANCE,TRADE,64060,9e-05
2026-07-30 13:50:45,BTCUSDT,BINANCE,TRADE,64060,8e-05
2026-07-30 13:50:45,BTCUSDT,BINANCE,TRADE,64060,8e-05
2026-07-30 13:50:45,BTCUSDT,BINANCE,TRADE,64060,8e-05
2026-07-30 13:50:45,BTCUSDT,BINANCE,TRADE,64060,8e-05
2026-07-30 13:50:45,BTCUSDT,BINANCE,TRADE,64060,8e-05
2026-07-30 13:50:45,BTCUSDT,BINANCE,TRADE,64060,8e-05
2026-07-30 13:50:45,BTCUSDT,BINANCE,TRADE,64060,8e-05
2026-07-30 13:50:45,BTCUSDT,BINANCE,TRADE,64060,8e-05
2026-07-30 13:50:45,BTCUSDT,BINANCE,TRADE,64060,8e-05
2026-07-30 13:50:45,BTCUSDT,BINANCE,TRADE,64060,0.00934
2026-07-30 13:50:45,BTCUSDT,BINANCE,TRADE,64060,0.00102
2026-07-30 13:50:45,BTCUSDT,BINANCE,TRADE,64060,0.00028
2026-07-30 13:50:45,BTCUSDT,BINANCE,TRADE,64060,0.00027
2026-07-30 13:50:45,BTCUSDT,BINANCE,TRADE,64060,0.00015
2026-07-30 13:50:45,BTCUSDT,BINANCE,TRADE,64060,0.0002
2026-07-30 13:50:45,BTCUSDT,BINANCE,TRADE,64060,0.00021
2026-07-30 13:50:45,BTCUSDT,BINANCE,TRADE,64060,0.00024
2026-07-30 13:50:45,BTCUSDT,BINANCE,TRADE,64060,0.00017
2026-07-30 13:50:45,BTCUSDT,BINANCE,TRADE,64060,0.00625
2026-07-30 13:50:45,BTCUSDT,BINANCE,TRADE,64060,0.0013
2026-07-30 13:50:45,BTCUSDT,BINANCE,TRADE,64060,0.0002
2026-07-30 13:50:45,BTCUSDT,BINANCE,TRADE,64060,0.00033
2026-07-30 13:50:45,BTCUSDT,BINANCE,TRADE,64060,0.00028
2026-07-30 13:50:45,BTCUSDT,BINANCE,TRADE,64060,0.00672
2026-07-30 13:50:45,BTCUSDT,BINANCE,TRADE,64060,0.00017
2026-07-30 13:50:45,BTCUSDT,BINANCE,TRADE,64060,0.00047
2026-07-30 13:50:45,BTCUSDT,BINANCE,TRADE,64060,0.01873
2026-07-30 13:50:45,BTCUSDT,BINANCE,TRADE,64060,0.00029
2026-07-30 13:50:45,BTCUSDT,BINANCE,TRADE,64060,0.00979
2026-07-30 13:50:45,BTCUSDT,BINANCE,TRADE,64060,0.00515
2026-07-30 13:50:45,BTCUSDT,BINANCE,TRADE,64060,0.0013
2026-07-30 13:50:45,BTCUSDT,BINANCE,TRADE,64060,0.00313
2026-07-30 13:50:45,BTCUSDT,BINANCE,TRADE,64060,0.0023
2026-07-30 13:50:45,BTCUSDT,BINANCE,TRADE,64060,0.00028
2026-07-30 13:50:45,BTCUSDT,BINANCE,TRADE,64060,0.00043
2026-07-30 13:50:45,BTCUSDT,BINANCE,TRADE,64060,0.00055
2026-07-30 13:50:45,BTCUSDT,BINANCE,TRADE,64060,0.00299
2026-07-30 13:50:45,BTCUSDT,BINANCE,TRADE,64060,0.00025
2026-07-30 13:50:45,BTCUSDT,BINANCE,TRADE,64060,0.00118
2026-07-30 13:50:45,ETHUSDT,BINANCE,TRADE,1906.67,0.0429
2026-07-30 13:50:45,BTCUSDT,BINANCE,TRADE,64060,0.00014
2026-07-30 13:50:46,BTCUSDT,BINANCE,TRADE,64060,0.0013
2026-07-30 13:50:46,BTCUSDT,BINANCE,TRADE,64060,0.00521
2026-07-30 13:50:46,ETHUSDT,BINANCE,TRADE,1906.68,0.2544
2026-07-30 13:50:46,BTCUSDT,BINANCE,TRADE,64060,0.00021
2026-07-30 13:50:46,BTCUSDT,BINANCE,TRADE,64060,0.00157
2026-07-30 13:50:46,BTCUSDT,BINANCE,TRADE,64060,0.00112
2026-07-30 13:50:46,BTCUSDT,BINANCE,TRADE,64060,0.00055
2026-07-30 13:50:46,BTCUSDT,BINANCE,TRADE,64060,0.01563
2026-07-30 13:50:46,BTCUSDT,BINANCE,TRADE,64060,0.00095
2026-07-30 13:50:46,BTCUSDT,BINANCE,TRADE,64060,0.01063
2026-07-30 13:50:46,BTCUSDT,BINANCE,TRADE,64060,0.0013
2026-07-30 13:50:46,ETHUSDT,BINANCE,TRADE,1906.67,0.2057
2026-07-30 13:50:46,BTCUSDT,BINANCE,TRADE,64060,0.00029
2026-07-30 13:50:46,ETHUSDT,BINANCE,TRADE,1906.68,0.0085
2026-07-30 13:50:46,BTCUSDT,BINANCE,TRADE,64060,0.00029
2026-07-30 13:50:46,BTCUSDT,BINANCE,TRADE,64060,0.00323
2026-07-30 13:50:46,BTCUSDT,BINANCE,TRADE,64060,0.00095
2026-07-30 13:50:46,ETHUSDT,BINANCE,TRADE,1906.68,0.0174
2026-07-30 13:50:46,BTCUSDT,BINANCE,TRADE,64060,0.00015
2026-07-30 13:50:46,BTCUSDT,BINANCE,TRADE,64060,0.00026
2026-07-30 13:50:46,BTCUSDT,BINANCE,TRADE,64060,0.00028
2026-07-30 13:50:46,BTCUSDT,BINANCE,TRADE,64060,0.00105
2026-07-30 13:50:46,BTCUSDT,BINANCE,TRADE,64060,0.00028
2026-07-30 13:50:46,BTCUSDT,BINANCE,TRADE,64060,0.001
2026-07-30 13:50:46,BTCUSDT,BINANCE,TRADE,64060,0.00021
2026-07-30 13:50:46,BTCUSDT,BINANCE,TRADE,64060,0.00195
2026-07-30 13:50:46,BTCUSDT,BINANCE,TRADE,64060,0.00033
2026-07-30 13:50:46,BTCUSDT,BINANCE,TRADE,64060,0.001
2026-07-30 13:50:46,ETHUSDT,BINANCE,TRADE,1906.68,0.0267
2026-07-30 13:50:46,BTCUSDT,BINANCE,TRADE,64060,0.00028
2026-07-30 13:50:46,BTCUSDT,BINANCE,TRADE,64060,0.0002
2026-07-30 13:50:46,BTCUSDT,BINANCE,TRADE,64060,0.00299
2026-07-30 13:50:46,BTCUSDT,BINANCE,TRADE,64060,0.00104
2026-07-30 13:50:46,BTCUSDT,BINANCE,TRADE,64060,0.00012
2026-07-30 13:50:46,BTCUSDT,BINANCE,TRADE,64060,0.00104
2026-07-30 13:50:47,BTCUSDT,BINANCE,TRADE,64060,0.00216
2026-07-30 13:50:47,BTCUSDT,BINANCE,TRADE,64060,0.0023
2026-07-30 13:50:47,BTCUSDT,BINANCE,TRADE,64060,0.00064
2026-07-30 13:50:47,BTCUSDT,BINANCE,TRADE,64060,0.00149
2026-07-30 13:50:47,BTCUSDT,BINANCE,TRADE,64060,0.00015
2026-07-30 13:50:47,ETHUSDT,BINANCE,TRADE,1906.68,0.0126
2026-07-30 13:50:47,BTCUSDT,BINANCE,TRADE,64060,0.00098
2026-07-30 13:50:47,BTCUSDT,BINANCE,TRADE,64060,0.00024
2026-07-30 13:50:47,BTCUSDT,BINANCE,TRADE,64060,0.00098
2026-07-30 13:50:47,BTCUSDT,BINANCE,TRADE,64060,0.00029
2026-07-30 13:50:47,BTCUSDT,BINANCE,TRADE,64060,0.0002
2026-07-30 13:50:47,BTCUSDT,BINANCE,TRADE,64060,0.00014
2026-07-30 13:50:47,ETHUSDT,BINANCE,TRADE,1906.67,0.0081
2026-07-30 13:50:47,BTCUSDT,BINANCE,TRADE,64060,0.01873
2026-07-30 13:50:47,BTCUSDT,BINANCE,TRADE,64060,0.0001
2026-07-30 13:50:47,BTCUSDT,BINANCE,TRADE,64060,0.00016
2026-07-30 13:50:47,BTCUSDT,BINANCE,TRADE,64060,0.003
2026-07-30 13:50:47,BTCUSDT,BINANCE,TRADE,64060,0.003
2026-07-30 13:50:47,BTCUSDT,BINANCE,TRADE,64060,0.003
2026-07-30 13:50:47,BTCUSDT,BINANCE,TRADE,64060,0.003
2026-07-30 13:50:47,BTCUSDT,BINANCE,TRADE,64060,0.003
2026-07-30 13:50:47,BTCUSDT,BINANCE,TRADE,64060,0.003
2026-07-30 13:50:47,BTCUSDT,BINANCE,TRADE,64060,0.003
2026-07-30 13:50:47,BTCUSDT,BINANCE,TRADE,64060,8e-05
2026-07-30 13:50:47,BTCUSDT,BINANCE,TRADE,64060,8e-05
2026-07-30 13:50:47,BTCUSDT,BINANCE,TRADE,64060,8e-05
2026-07-30 13:50:47,BTCUSDT,BINANCE,TRADE,64060,9e-05
2026-07-30 13:50:47,BTCUSDT,BINANCE,TRADE,64060,8e-05
2026-07-30 13:50:47,BTCUSDT,BINANCE,TRADE,64060,8e-05
2026-07-30 13:50:47,BTCUSDT,BINANCE,TRADE,64060,8e-05
2026-07-30 13:50:47,BTCUSDT,BINANCE,TRADE,64060,8e-05
2026-07-30 13:50:47,BTCUSDT,BINANCE,TRADE,64060,0.00064
2026-07-30 13:50:47,BTCUSDT,BINANCE,TRADE,64060,0.00158
2026-07-30 13:50:47,BTCUSDT,BINANCE,TRADE,64060,0.0001
2026-07-30 13:50:47,BTCUSDT,BINANCE,TRADE,64060,3e-05
2026-07-30 13:50:47,BTCUSDT,BINANCE,TRADE,64060,5e-05
2026-07-30 13:50:47,BTCUSDT,BINANCE,TRADE,64060,8e-05
2026-07-30 13:50:47,BTCUSDT,BINANCE,TRADE,64060,9e-05
2026-07-30 13:50:47,BTCUSDT,BINANCE,TRADE,64060,8e-05
2026-07-30 13:50:47,BTCUSDT,BINANCE,TRADE,64060,8e-05
2026-07-30 13:50:47,BTCUSDT,BINANCE,TRADE,64060,9e-05
2026-07-30 13:50:47,BTCUSDT,BINANCE,TRADE,64060,8e-05
2026-07-30 13:50:47,BTCUSDT,BINANCE,TRADE,64060,8e-05
2026-07-30 13:50:47,BTCUSDT,BINANCE,TRADE,64060,8e-05
2026-07-30 13:50:47,BTCUSDT,BINANCE,TRADE,64060,8e-05
2026-07-30 13:50:47,BTCUSDT,BINANCE,TRADE,64060,0.00062
2026-07-30 13:50:47,BTCUSDT,BINANCE,TRADE,64060,0.00062
2026-07-30 13:50:47,BTCUSDT,BINANCE,TRADE,64060,8e-05
2026-07-30 13:50:47,BTCUSDT,BINANCE,TRADE,64060,0.00016
2026-07-30 13:50:47,BTCUSDT,BINANCE,TRADE,64060,8e-05
2026-07-30 13:50:47,BTCUSDT,BINANCE,TRADE,64060,8e-05
2026-07-30 13:50:47,BTCUSDT,BINANCE,TRADE,64060,9e-05
2026-07-30 13:50:47,BTCUSDT,BINANCE,TRADE,64060,8e-05
2026-07-30 13:50:47,BTCUSDT,BINANCE,TRADE,64060,8e-05
2026-07-30 13:50:47,BTCUSDT,BINANCE,TRADE,64060,8e-05
2026-07-30 13:50:47,BTCUSDT,BINANCE,TRADE,64060,8e-05
2026-07-30 13:50:47,BTCUSDT,BINANCE,TRADE,64060,8e-05
2026-07-30 13:50:47,BTCUSDT,BINANCE,TRADE,64060,8e-05
2026-07-30 13:50:47,BTCUSDT,BINANCE,TRADE,64060,8e-05
2026-07-30 13:50:47,BTCUSDT,BINANCE,TRADE,64060,8e-05
2026-07-30 13:50:47,BTCUSDT,BINANCE,TRADE,64060,9e-05
2026-07-30 13:50:47,BTCUSDT,BINANCE,TRADE,64060,8e-05
2026-07-30 13:50:47,BTCUSDT,BINANCE,TRADE,64060,8e-05
2026-07-30 13:50:47,BTCUSDT,BINANCE,TRADE,64060,9e-05
2026-07-30 13:50:47,BTCUSDT,BINANCE,TRADE,64060,8e-05
2026-07-30 13:50:47,BTCUSDT,BINANCE,TRADE,64060,8e-05
2026-07-30 13:50:47,BTCUSDT,BINANCE,TRADE,64060,8e-05
2026-07-30 13:50:47,BTCUSDT,BINANCE,TRADE,64060,8e-05
2026-07-30 13:50:47,BTCUSDT,BINANCE,TRADE,64060,0.00016
2026-07-30 13:50:47,BTCUSDT,BINANCE,TRADE,64060,8e-05
2026-07-30 13:50:47,BTCUSDT,BINANCE,TRADE,64060,0.00016
2026-07-30 13:50:47,BTCUSDT,BINANCE,TRADE,64061.4,8e-05
2026-07-30 13:50:47,BTCUSDT,BINANCE,TRADE,64061.9,8e-05
2026-07-30 13:50:47,BTCUSDT,BINANCE,TRADE,64062,9e-05
2026-07-30 13:50:47,BTCUSDT,BINANCE,TRADE,64062,9e-05
2026-07-30 13:50:47,BTCUSDT,BINANCE,TRADE,64062,9e-05
2026-07-30 13:50:47,BTCUSDT,BINANCE,TRADE,64062,9e-05
2026-07-30 13:50:47,BTCUSDT,BINANCE,TRADE,64062,0.00126
2026-07-30 13:50:47,BTCUSDT,BINANCE,TRADE,64062,0.002
2026-07-30 13:50:47,BTCUSDT,BINANCE,TRADE,64062,0.00026
2026-07-30 13:50:47,BTCUSDT,BINANCE,TRADE,64062,0.00025
2026-07-30 13:50:47,BTCUSDT,BINANCE,TRADE,64062,0.00017
2026-07-30 13:50:47,BTCUSDT,BINANCE,TRADE,64062,0.00132
2026-07-30 13:50:47,BTCUSDT,BINANCE,TRADE,64062,0.00377
2026-07-30 13:50:47,BTCUSDT,BINANCE,TRADE,64062,0.00021
2026-07-30 13:50:47,BTCUSDT,BINANCE,TRADE,64062,8e-05
2026-07-30 13:50:47,BTCUSDT,BINANCE,TRADE,64062,0.00094
2026-07-30 13:50:47,BTCUSDT,BINANCE,TRADE,64062,0.00036
2026-07-30 13:50:47,ETHUSDT,BINANCE,TRADE,1906.68,0.0027
2026-07-30 13:50:47,ETHUSDT,BINANCE,TRADE,1906.68,0.0027
2026-07-30 13:50:47,ETHUSDT,BINANCE,TRADE,1906.68,0.0028
2026-07-30 13:50:47,ETHUSDT,BINANCE,TRADE,1906.68,0.0027
2026-07-30 13:50:47,ETHUSDT,BINANCE,TRADE,1906.68,0.0027
2026-07-30 13:50:47,ETHUSDT,BINANCE,TRADE,1906.68,0.0027
2026-07-30 13:50:47,ETHUSDT,BINANCE,TRADE,1906.68,0.0027
2026-07-30 13:50:47,ETHUSDT,BINANCE,TRADE,1906.68,0.0027
2026-07-30 13:50:47,ETHUSDT,BINANCE,TRADE,1906.68,0.0028
2026-07-30 13:50:47,ETHUSDT,BINANCE,TRADE,1906.68,0.0027
2026-07-30 13:50:47,ETHUSDT,BINANCE,TRADE,1906.68,0.0405
2026-07-30 13:50:47,ETHUSDT,BINANCE,TRADE,1906.68,0.0027
2026-07-30 13:50:47,ETHUSDT,BINANCE,TRADE,1906.68,0.0053
2026-07-30 13:50:47,ETHUSDT,BINANCE,TRADE,1906.68,0.0027
2026-07-30 13:50:47,ETHUSDT,BINANCE,TRADE,1906.68,0.021
2026-07-30 13:50:47,ETHUSDT,BINANCE,TRADE,1906.68,0.0027
2026-07-30 13:50:47,ETHUSDT,BINANCE,TRADE,1906.68,0.0027
2026-07-30 13:50:47,ETHUSDT,BINANCE,TRADE,1906.68,0.0027
2026-07-30 13:50:47,ETHUSDT,BINANCE,TRADE,1906.68,0.0027
2026-07-30 13:50:47,ETHUSDT,BINANCE,TRADE,1906.68,0.0027
2026-07-30 13:50:47,ETHUSDT,BINANCE,TRADE,1906.69,0.0027
2026-07-30 13:50:47,ETHUSDT,BINANCE,TRADE,1906.69,0.0028
2026-07-30 13:50:47,ETHUSDT,BINANCE,TRADE,1906.69,0.0027
2026-07-30 13:50:47,ETHUSDT,BINANCE,TRADE,1906.69,0.0027
2026-07-30 13:50:47,ETHUSDT,BINANCE,TRADE,1906.69,0.0053
2026-07-30 13:50:47,ETHUSDT,BINANCE,TRADE,1906.69,0.0027
2026-07-30 13:50:47,ETHUSDT,BINANCE,TRADE,1906.69,0.0027
2026-07-30 13:50:47,ETHUSDT,BINANCE,TRADE,1906.7,0.0027
2026-07-30 13:50:47,ETHUSDT,BINANCE,TRADE,1906.7,0.0027
2026-07-30 13:50:47,ETHUSDT,BINANCE,TRADE,1906.7,0.0028
2026-07-30 13:50:47,ETHUSDT,BINANCE,TRADE,1906.7,0.0053
2026-07-30 13:50:47,ETHUSDT,BINANCE,TRADE,1906.7,0.0027
2026-07-30 13:50:47,ETHUSDT,BINANCE,TRADE,1906.7,0.0027
2026-07-30 13:50:47,ETHUSDT,BINANCE,TRADE,1906.7,0.0027
2026-07-30 13:50:47,ETHUSDT,BINANCE,TRADE,1906.7,0.0027
2026-07-30 13:50:47,ETHUSDT,BINANCE,TRADE,1906.71,0.0027
2026-07-30 13:50:47,ETHUSDT,BINANCE,TRADE,1906.71,0.0108
2026-07-30 13:50:47,ETHUSDT,BINANCE,TRADE,1906.71,0.0028
2026-07-30 13:50:47,ETHUSDT,BINANCE,TRADE,1906.71,0.0027
2026-07-30 13:50:47,ETHUSDT,BINANCE,TRADE,1906.71,0.0027
2026-07-30 13:50:47,ETHUSDT,BINANCE,TRADE,1906.72,0.0027
2026-07-30 13:50:47,ETHUSDT,BINANCE,TRADE,1906.72,0.0028
2026-07-30 13:50:47,ETHUSDT,BINANCE,TRADE,1906.72,0.0028
2026-07-30 13:50:47,ETHUSDT,BINANCE,TRADE,1906.72,0.0028
2026-07-30 13:50:47,ETHUSDT,BINANCE,TRADE,1906.72,0.0027
2026-07-30 13:50:47,ETHUSDT,BINANCE,TRADE,1906.72,0.0028
2026-07-30 13:50:47,BTCUSDT,BINANCE,TRADE,64062,0.0002
2026-07-30 13:50:47,BTCUSDT,BINANCE,TRADE,64062,0.00028