timestamp,symbol,exchange,event_type,price,quantity
2026-07-30 13:47:56,BTCUSDT,BINANCE,TRADE,64052,0.0005
2026-07-30 13:47:56,BTCUSDT,BINANCE,TRADE,64052,0.0005
2026-07-30 13:47:56,BTCUSDT,BINANCE,TRADE,64052,0.00166
2026-07-30 13:47:56,BTCUSDT,BINANCE,TRADE,64052,0.0005
2026-07-30 13:47:56,BTCUSDT,BINANCE,TRADE,64052,0.0005
2026-07-30 13:47:56,BTCUSDT,BINANCE,TRADE,64052,0.00018
2026-07-30 13:47:56,BTCUSDT,BINANCE,TRADE,64052,0.0005
2026-07-30 13:47:56,BTCUSDT,BINANCE,TRADE,64052,0.00224
2026-07-30 13:47:56,BTCUSDT,BINANCE,TRADE,64052,0.0005
2026-07-30 13:47:56,BTCUSDT,BINANCE,TRADE,64052,0.0005
2026-07-30 13:47:56,BTCUSDT,BINANCE,TRADE,64052,0.0005
2026-07-30 13:47:56,BTCUSDT,BINANCE,TRADE,64052,0.0013
2026-07-30 13:47:56,BTCUSDT,BINANCE,TRADE,64052,0.00017
2026-07-30 13:47:56,BTCUSDT,BINANCE,TRADE,64052,0.0005
2026-07-30 13:47:56,BTCUSDT,BINANCE,TRADE,64052,0.0005
2026-07-30 13:47:56,BTCUSDT,BINANCE,TRADE,64052,0.0005
2026-07-30 13:47:56,BTCUSDT,BINANCE,TRADE,64052,0.0005
2026-07-30 13:47:56,BTCUSDT,BINANCE,TRADE,64052,0.00023
2026-07-30 13:47:56,BTCUSDT,BINANCE,TRADE,64052,0.0005
2026-07-30 13:47:56,BTCUSDT,BINANCE,TRADE,64052,0.0005
2026-07-30 13:47:56,BTCUSDT,BINANCE,TRADE,64052,0.0005
2026-07-30 13:47:56,BTCUSDT,BINANCE,TRADE,64052,0.0005
2026-07-30 13:47:56,BTCUSDT,BINANCE,TRADE,64052,0.0005
2026-07-30 13:47:56,BTCUSDT,BINANCE,TRADE,64052,0.0005
2026-07-30 13:47:56,ETHUSDT,BINANCE,TRADE,1906.05,0.2298
2026-07-30 13:47:56,BTCUSDT,BINANCE,TRADE,64052,0.0005
2026-07-30 13:47:56,BTCUSDT,BINANCE,TRADE,64052,0.0005
2026-07-30 13:47:56,SOLUSDT,BINANCE,TRADE,73.46,3.489
2026-07-30 13:47:56,SOLUSDT,BINANCE,TRADE,73.46,10.22
2026-07-30 13:47:56,SOLUSDT,BINANCE,TRADE,73.46,10.22
2026-07-30 13:47:56,SOLUSDT,BINANCE,TRADE,73.46,3.301
2026-07-30 13:47:56,BTCUSDT,BINANCE,TRADE,64052,0.0005
2026-07-30 13:47:56,BTCUSDT,BINANCE,TRADE,64052,0.00019
2026-07-30 13:47:56,BTCUSDT,BINANCE,TRADE,64052,0.0005
2026-07-30 13:47:56,BTCUSDT,BINANCE,TRADE,64052,0.0005
2026-07-30 13:47:56,BTCUSDT,BINANCE,TRADE,64052,0.0005
2026-07-30 13:47:56,BTCUSDT,BINANCE,TRADE,64052,0.0005
2026-07-30 13:47:56,BTCUSDT,BINANCE,TRADE,64052,0.0005
2026-07-30 13:47:56,BTCUSDT,BINANCE,TRADE,64052,0.0005
2026-07-30 13:47:56,BTCUSDT,BINANCE,TRADE,64052,0.0005
2026-07-30 13:47:56,BTCUSDT,BINANCE,TRADE,64052,0.0005
2026-07-30 13:47:56,ETHUSDT,BINANCE,TRADE,1906.05,0.0143
2026-07-30 13:47:56,BTCUSDT,BINANCE,TRADE,64052,0.0005
2026-07-30 13:47:56,BTCUSDT,BINANCE,TRADE,64052,0.0005
2026-07-30 13:47:56,BTCUSDT,BINANCE,TRADE,64052,0.0013
2026-07-30 13:47:56,BTCUSDT,BINANCE,TRADE,64052,0.0005
2026-07-30 13:47:56,BTCUSDT,BINANCE,TRADE,64052,0.0005
2026-07-30 13:47:56,BTCUSDT,BINANCE,TRADE,64052,0.0005
2026-07-30 13:47:56,BTCUSDT,BINANCE,TRADE,64052,0.00033
2026-07-30 13:47:56,BTCUSDT,BINANCE,TRADE,64052,0.0005
2026-07-30 13:47:56,BTCUSDT,BINANCE,TRADE,64052,0.00521
2026-07-30 13:47:56,BTCUSDT,BINANCE,TRADE,64052,0.0005
2026-07-30 13:47:56,BTCUSDT,BINANCE,TRADE,64052,0.0005
2026-07-30 13:47:56,BTCUSDT,BINANCE,TRADE,64052,0.0005
2026-07-30 13:47:56,BTCUSDT,BINANCE,TRADE,64052,0.0005
2026-07-30 13:47:56,BTCUSDT,BINANCE,TRADE,64052,0.0003
2026-07-30 13:47:56,BTCUSDT,BINANCE,TRADE,64052,0.0005
2026-07-30 13:47:56,BTCUSDT,BINANCE,TRADE,64052,0.0005
2026-07-30 13:47:56,BTCUSDT,BINANCE,TRADE,64052,0.0005
2026-07-30 13:47:56,BTCUSDT,BINANCE,TRADE,64052,0.0005
2026-07-30 13:47:56,BTCUSDT,BINANCE,TRADE,64052,0.0005
2026-07-30 13:47:56,BTCUSDT,BINANCE,TRADE,64052,0.0005
2026-07-30 13:47:56,BTCUSDT,BINANCE,TRADE,64052,0.00038
2026-07-30 13:47:56,BTCUSDT,BINANCE,TRADE,64052,0.0005
2026-07-30 13:47:56,BTCUSDT,BINANCE,TRADE,64052,0.0005
2026-07-30 13:47:56,BTCUSDT,BINANCE,TRADE,64052,0.0005
2026-07-30 13:47:56,BTCUSDT,BINANCE,TRADE,64052,0.0005
2026-07-30 13:47:56,BTCUSDT,BINANCE,TRADE,64052,0.0005
2026-07-30 13:47:56,BTCUSDT,BINANCE,TRADE,64052,0.00138
2026-07-30 13:47:56,BTCUSDT,BINANCE,TRADE,64052,0.0005
2026-07-30 13:47:56,BTCUSDT,BINANCE,TRADE,64052,0.0005
2026-07-30 13:47:56,BTCUSDT,BINANCE,TRADE,64052,0.0005
2026-07-30 13:47:56,BTCUSDT,BINANCE,TRADE,64052,0.0005
2026-07-30 13:47:56,BTCUSDT,BINANCE,TRADE,64052,0.0005
2026-07-30 13:47:56,BTCUSDT,BINANCE,TRADE,64052,0.0027
2026-07-30 13:47:56,BTCUSDT,BINANCE,TRADE,64052,0.0005
2026-07-30 13:47:56,BTCUSDT,BINANCE,TRADE,64052,0.00057
2026-07-30 13:47:56,BTCUSDT,BINANCE,TRADE,64052,0.0005
2026-07-30 13:47:56,BTCUSDT,BINANCE,TRADE,64052,0.0005
2026-07-30 13:47:56,BTCUSDT,BINANCE,TRADE,64052,0.0005
2026-07-30 13:47:56,BTCUSDT,BINANCE,TRADE,64052,0.0005
2026-07-30 13:47:56,BTCUSDT,BINANCE,TRADE,64052,0.00012
2026-07-30 13:47:56,BTCUSDT,BINANCE,TRADE,64052,0.0005
2026-07-30 13:47:56,ETHUSDT,BINANCE,TRADE,1906.05,0.0104
2026-07-30 13:47:56,BTCUSDT,BINANCE,TRADE,64052,0.0005
2026-07-30 13:47:56,BTCUSDT,BINANCE,TRADE,64052,0.01563
2026-07-30 13:47:56,BTCUSDT,BINANCE,TRADE,64052,0.00029
2026-07-30 13:47:56,BTCUSDT,BINANCE,TRADE,64052,0.0005
2026-07-30 13:47:56,BTCUSDT,BINANCE,TRADE,64052,0.0005
2026-07-30 13:47:56,BTCUSDT,BINANCE,TRADE,64052,0.0005
2026-07-30 13:47:56,BTCUSDT,BINANCE,TRADE,64052,0.0005
2026-07-30 13:47:57,BTCUSDT,BINANCE,TRADE,64052,0.0005
2026-07-30 13:47:57,BTCUSDT,BINANCE,TRADE,64052,0.0005
2026-07-30 13:47:57,BTCUSDT,BINANCE,TRADE,64052,0.01327
2026-07-30 13:47:57,BTCUSDT,BINANCE,TRADE,64052,0.0005
2026-07-30 13:47:57,BTCUSDT,BINANCE,TRADE,64052,0.0005
2026-07-30 13:47:57,BTCUSDT,BINANCE,TRADE,64052,0.0005
2026-07-30 13:47:57,BTCUSDT,BINANCE,TRADE,64052,0.0005
2026-07-30 13:47:57,BTCUSDT,BINANCE,TRADE,64052,0.00509
2026-07-30 13:47:57,BTCUSDT,BINANCE,TRADE,64052,0.0005
2026-07-30 13:47:57,BTCUSDT,BINANCE,TRADE,64052,0.00012
2026-07-30 13:47:57,BTCUSDT,BINANCE,TRADE,64052,0.0013
2026-07-30 13:47:57,ETHUSDT,BINANCE,TRADE,1906.06,0.0864
2026-07-30 13:47:57,BTCUSDT,BINANCE,TRADE,64052,0.0005
2026-07-30 13:47:57,BTCUSDT,BINANCE,TRADE,64052,0.0005
2026-07-30 13:47:57,BTCUSDT,BINANCE,TRADE,64052,0.00019
2026-07-30 13:47:57,BTCUSDT,BINANCE,TRADE,64052,0.0005
2026-07-30 13:47:57,BTCUSDT,BINANCE,TRADE,64052,0.0005
2026-07-30 13:47:57,BTCUSDT,BINANCE,TRADE,64052,0.0005
2026-07-30 13:47:57,BTCUSDT,BINANCE,TRADE,64052,0.0014
2026-07-30 13:47:57,BTCUSDT,BINANCE,TRADE,64052,0.0005
2026-07-30 13:47:57,BTCUSDT,BINANCE,TRADE,64052,0.0005
2026-07-30 13:47:57,BTCUSDT,BINANCE,TRADE,64052,0.0005
2026-07-30 13:47:57,BTCUSDT,BINANCE,TRADE,64052,0.0005
2026-07-30 13:47:57,BTCUSDT,BINANCE,TRADE,64052,0.0005
2026-07-30 13:47:57,BTCUSDT,BINANCE,TRADE,64052,0.0005
2026-07-30 13:47:57,BTCUSDT,BINANCE,TRADE,64052,0.0005
2026-07-30 13:47:57,BTCUSDT,BINANCE,TRADE,64052,0.0005
2026-07-30 13:47:57,BTCUSDT,BINANCE,TRADE,64052,0.0005
2026-07-30 13:47:57,BTCUSDT,BINANCE,TRADE,64052,0.0005
2026-07-30 13:47:57,BTCUSDT,BINANCE,TRADE,64052,0.0005
2026-07-30 13:47:57,BTCUSDT,BINANCE,TRADE,64052,0.0005
2026-07-30 13:47:57,BTCUSDT,BINANCE,TRADE,64052,0.00065
2026-07-30 13:47:57,BTCUSDT,BINANCE,TRADE,64052,0.0005
2026-07-30 13:47:57,BTCUSDT,BINANCE,TRADE,64052,0.0005
2026-07-30 13:47:57,BTCUSDT,BINANCE,TRADE,64052,0.0005
2026-07-30 13:47:57,BTCUSDT,BINANCE,TRADE,64052,0.0005
2026-07-30 13:47:57,BTCUSDT,BINANCE,TRADE,64052,0.00319
2026-07-30 13:47:57,BTCUSDT,BINANCE,TRADE,64052,0.0005
2026-07-30 13:47:57,BTCUSDT,BINANCE,TRADE,64052,0.0005
2026-07-30 13:47:57,BTCUSDT,BINANCE,TRADE,64052,0.00145
2026-07-30 13:47:57,BTCUSDT,BINANCE,TRADE,64052,0.0013
2026-07-30 13:47:57,BTCUSDT,BINANCE,TRADE,64052,0.0005
2026-07-30 13:47:57,BTCUSDT,BINANCE,TRADE,64052,0.0005
2026-07-30 13:47:57,SOLUSDT,BINANCE,TRADE,73.46,6.919
2026-07-30 13:47:57,SOLUSDT,BINANCE,TRADE,73.46,0.137
2026-07-30 13:47:57,SOLUSDT,BINANCE,TRADE,73.46,10.22
2026-07-30 13:47:57,SOLUSDT,BINANCE,TRADE,73.46,0.069
2026-07-30 13:47:57,SOLUSDT,BINANCE,TRADE,73.46,0.082
2026-07-30 13:47:57,SOLUSDT,BINANCE,TRADE,73.46,8
2026-07-30 13:47:57,SOLUSDT,BINANCE,TRADE,73.46,1.813
2026-07-30 13:47:57,BTCUSDT,BINANCE,TRADE,64052,0.0005
2026-07-30 13:47:57,ETHUSDT,BINANCE,TRADE,1906.06,0.1725
2026-07-30 13:47:57,BTCUSDT,BINANCE,TRADE,64052,0.0005
2026-07-30 13:47:57,BTCUSDT,BINANCE,TRADE,64052,0.00019
2026-07-30 13:47:57,BTCUSDT,BINANCE,TRADE,64052,0.00029
2026-07-30 13:47:57,BTCUSDT,BINANCE,TRADE,64052,0.00055
2026-07-30 13:47:57,BTCUSDT,BINANCE,TRADE,64052,0.0005
2026-07-30 13:47:57,BTCUSDT,BINANCE,TRADE,64052,0.0005
2026-07-30 13:47:57,BTCUSDT,BINANCE,TRADE,64052,0.0005
2026-07-30 13:47:57,BTCUSDT,BINANCE,TRADE,64052,0.0005
2026-07-30 13:47:57,BTCUSDT,BINANCE,TRADE,64052,0.0005
2026-07-30 13:47:57,BTCUSDT,BINANCE,TRADE,64052,0.00029
2026-07-30 13:47:57,BTCUSDT,BINANCE,TRADE,64052,0.0005
2026-07-30 13:47:57,BTCUSDT,BINANCE,TRADE,64052,0.0005
2026-07-30 13:47:57,BTCUSDT,BINANCE,TRADE,64052,0.0005
2026-07-30 13:47:57,BTCUSDT,BINANCE,TRADE,64052,0.0005
2026-07-30 13:47:57,BTCUSDT,BINANCE,TRADE,64052,0.0005
2026-07-30 13:47:57,ETHUSDT,BINANCE,TRADE,1906.05,0.1709
2026-07-30 13:47:57,BTCUSDT,BINANCE,TRADE,64052,0.0005
2026-07-30 13:47:57,BTCUSDT,BINANCE,TRADE,64052,0.0005
2026-07-30 13:47:57,BTCUSDT,BINANCE,TRADE,64052,0.0005
2026-07-30 13:47:57,BTCUSDT,BINANCE,TRADE,64052,0.0005
2026-07-30 13:47:57,BTCUSDT,BINANCE,TRADE,64052,0.00027
2026-07-30 13:47:57,BTCUSDT,BINANCE,TRADE,64052,0.00176
2026-07-30 13:47:57,BTCUSDT,BINANCE,TRADE,64052,0.0005
2026-07-30 13:47:57,BTCUSDT,BINANCE,TRADE,64052,0.0005
2026-07-30 13:47:57,BTCUSDT,BINANCE,TRADE,64052,0.0005
2026-07-30 13:47:57,BTCUSDT,BINANCE,TRADE,64052,0.0003
2026-07-30 13:47:57,BTCUSDT,BINANCE,TRADE,64052,0.00085
2026-07-30 13:47:57,BTCUSDT,BINANCE,TRADE,64052,0.0005
2026-07-30 13:47:57,BTCUSDT,BINANCE,TRADE,64052,0.0005
2026-07-30 13:47:57,ETHUSDT,BINANCE,TRADE,1906.05,0.0522
2026-07-30 13:47:57,BTCUSDT,BINANCE,TRADE,64052,0.0005
2026-07-30 13:47:57,BTCUSDT,BINANCE,TRADE,64052,0.0005
2026-07-30 13:47:57,BTCUSDT,BINANCE,TRADE,64052,0.0005
2026-07-30 13:47:57,ETHUSDT,BINANCE,TRADE,1906.06,0.0216
2026-07-30 13:47:57,BTCUSDT,BINANCE,TRADE,64052,0.0005
2026-07-30 13:47:57,BTCUSDT,BINANCE,TRADE,64052,0.0005
2026-07-30 13:47:57,BTCUSDT,BINANCE,TRADE,64052,0.0005
2026-07-30 13:47:57,BTCUSDT,BINANCE,TRADE,64052,0.0005
2026-07-30 13:47:57,BTCUSDT,BINANCE,TRADE,64052,0.0005
2026-07-30 13:47:57,BTCUSDT,BINANCE,TRADE,64052,0.00164
2026-07-30 13:47:57,BTCUSDT,BINANCE,TRADE,64052,0.00202
2026-07-30 13:47:57,BTCUSDT,BINANCE,TRADE,64052,0.0005
2026-07-30 13:47:57,BTCUSDT,BINANCE,TRADE,64052,0.0005
2026-07-30 13:47:57,BTCUSDT,BINANCE,TRADE,64052,0.00167
2026-07-30 13:47:57,BTCUSDT,BINANCE,TRADE,64052,0.0005
2026-07-30 13:47:57,BTCUSDT,BINANCE,TRADE,64052,0.0005
2026-07-30 13:47:57,BTCUSDT,BINANCE,TRADE,64052,0.0005
2026-07-30 13:47:57,BTCUSDT,BINANCE,TRADE,64052,0.0005
2026-07-30 13:47:57,BTCUSDT,BINANCE,TRADE,64052,0.00029
2026-07-30 13:47:57,BTCUSDT,BINANCE,TRADE,64052,0.0005
2026-07-30 13:47:57,BTCUSDT,BINANCE,TRADE,64052,0.0005
2026-07-30 13:47:57,BTCUSDT,BINANCE,TRADE,64052,0.0005
2026-07-30 13:47:57,BTCUSDT,BINANCE,TRADE,64052,0.0005
2026-07-30 13:47:57,BTCUSDT,BINANCE,TRADE,64052,0.0005
2026-07-30 13:47:57,BTCUSDT,BINANCE,TRADE,64052,0.0005
2026-07-30 13:47:57,BTCUSDT,BINANCE,TRADE,64052,0.00026
2026-07-30 13:47:57,BTCUSDT,BINANCE,TRADE,64052,0.0005
2026-07-30 13:47:57,BTCUSDT,BINANCE,TRADE,64052,0.0013
2026-07-30 13:47:57,BTCUSDT,BINANCE,TRADE,64052,0.0005
2026-07-30 13:47:57,BTCUSDT,BINANCE,TRADE,64052,0.0005
2026-07-30 13:47:57,BTCUSDT,BINANCE,TRADE,64052,0.0005
2026-07-30 13:47:57,BTCUSDT,BINANCE,TRADE,64052,0.0005
2026-07-30 13:47:57,BTCUSDT,BINANCE,TRADE,64052,0.0005
2026-07-30 13:47:57,BTCUSDT,BINANCE,TRADE,64052,0.0005
2026-07-30 13:47:57,BTCUSDT,BINANCE,TRADE,64052,0.0005
2026-07-30 13:47:57,BTCUSDT,BINANCE,TRADE,64052,0.00015
2026-07-30 13:47:57,BTCUSDT,BINANCE,TRADE,64052,0.0005
2026-07-30 13:47:57,BTCUSDT,BINANCE,TRADE,64052,0.0017
2026-07-30 13:47:57,BTCUSDT,BINANCE,TRADE,64052,0.0005
2026-07-30 13:47:57,BTCUSDT,BINANCE,TRADE,64052,0.00018
2026-07-30 13:47:57,ETHUSDT,BINANCE,TRADE,1906.05,0.0522
2026-07-30 13:47:57,BTCUSDT,BINANCE,TRADE,64052,0.0005
2026-07-30 13:47:57,BTCUSDT,BINANCE,TRADE,64052,0.00033
2026-07-30 13:47:57,BTCUSDT,BINANCE,TRADE,64052,0.0005
2026-07-30 13:47:57,BTCUSDT,BINANCE,TRADE,64052,0.00129
2026-07-30 13:47:57,BTCUSDT,BINANCE,TRADE,64052,0.0005
2026-07-30 13:47:57,BTCUSDT,BINANCE,TRADE,64052,0.00017
2026-07-30 13:47:57,BTCUSDT,BINANCE,TRADE,64052,0.0005
2026-07-30 13:47:57,BTCUSDT,BINANCE,TRADE,64052,0.00281
2026-07-30 13:47:57,BTCUSDT,BINANCE,TRADE,64052,0.01873
2026-07-30 13:47:57,BTCUSDT,BINANCE,TRADE,64052,0.0005
2026-07-30 13:47:57,BTCUSDT,BINANCE,TRADE,64052,0.0005
2026-07-30 13:47:57,BTCUSDT,BINANCE,TRADE,64052,0.00016
2026-07-30 13:47:57,BTCUSDT,BINANCE,TRADE,64052,0.00023
2026-07-30 13:47:57,BTCUSDT,BINANCE,TRADE,64052,0.0005
2026-07-30 13:47:57,BTCUSDT,BINANCE,TRADE,64052,0.0005
2026-07-30 13:47:57,BTCUSDT,BINANCE,TRADE,64052,0.0005
2026-07-30 13:47:57,BTCUSDT,BINANCE,TRADE,64052,0.0005
2026-07-30 13:47:57,BTCUSDT,BINANCE,TRADE,64052,0.0005
2026-07-30 13:47:57,BTCUSDT,BINANCE,TRADE,64052,0.0005
2026-07-30 13:47:57,BTCUSDT,BINANCE,TRADE,64052,0.0005
2026-07-30 13:47:57,BTCUSDT,BINANCE,TRADE,64052,0.00126
2026-07-30 13:47:57,BTCUSDT,BINANCE,TRADE,64052,0.0005
2026-07-30 13:47:57,BTCUSDT,BINANCE,TRADE,64052,0.01563
2026-07-30 13:47:58,BTCUSDT,BINANCE,TRADE,64052,0.0013
2026-07-30 13:47:58,BTCUSDT,BINANCE,TRADE,64052,0.0005
2026-07-30 13:47:58,BTCUSDT,BINANCE,TRADE,64052,0.0005
2026-07-30 13:47:58,BTCUSDT,BINANCE,TRADE,64052,0.0005
2026-07-30 13:47:58,BTCUSDT,BINANCE,TRADE,64052,0.0005
2026-07-30 13:47:58,BTCUSDT,BINANCE,TRADE,64052,0.0005
2026-07-30 13:47:58,BTCUSDT,BINANCE,TRADE,64052,0.00063
2026-07-30 13:47:58,BTCUSDT,BINANCE,TRADE,64052,0.0005
2026-07-30 13:47:58,BTCUSDT,BINANCE,TRADE,64052,0.00139
2026-07-30 13:47:58,BTCUSDT,BINANCE,TRADE,64052,0.0005
2026-07-30 13:47:58,BTCUSDT,BINANCE,TRADE,64052,0.0005
2026-07-30 13:47:58,BTCUSDT,BINANCE,TRADE,64052,0.0005
2026-07-30 13:47:58,BTCUSDT,BINANCE,TRADE,64052,0.00228
2026-07-30 13:47:58,BTCUSDT,BINANCE,TRADE,64052,0.0005
2026-07-30 13:47:58,BTCUSDT,BINANCE,TRADE,64052,0.0005
2026-07-30 13:47:58,BTCUSDT,BINANCE,TRADE,64052,0.0005
2026-07-30 13:47:58,BTCUSDT,BINANCE,TRADE,64052,0.00351
2026-07-30 13:47:58,BTCUSDT,BINANCE,TRADE,64052,0.0005
2026-07-30 13:47:58,BTCUSDT,BINANCE,TRADE,64052,0.0005
2026-07-30 13:47:58,BTCUSDT,BINANCE,TRADE,64052,0.0005
2026-07-30 13:47:58,BTCUSDT,BINANCE,TRADE,64052,0.0005
2026-07-30 13:47:58,BTCUSDT,BINANCE,TRADE,64052,0.00029
2026-07-30 13:47:58,BTCUSDT,BINANCE,TRADE,64052,0.0005
2026-07-30 13:47:58,BTCUSDT,BINANCE,TRADE,64052,0.0005
2026-07-30 13:47:58,BTCUSDT,BINANCE,TRADE,64052,0.0005
2026-07-30 13:47:58,BTCUSDT,BINANCE,TRADE,64052,0.00057
2026-07-30 13:47:58,ETHUSDT,BINANCE,TRADE,1906.06,0.0614
2026-07-30 13:47:58,BTCUSDT,BINANCE,TRADE,64052,0.0005
2026-07-30 13:47:58,BTCUSDT,BINANCE,TRADE,64052,0.00014
2026-07-30 13:47:58,BTCUSDT,BINANCE,TRADE,64052,0.0005
2026-07-30 13:47:58,SOLUSDT,BINANCE,TRADE,73.46,0.187
2026-07-30 13:47:58,SOLUSDT,BINANCE,TRADE,73.46,4
2026-07-30 13:47:58,SOLUSDT,BINANCE,TRADE,73.46,0.072
2026-07-30 13:47:58,SOLUSDT,BINANCE,TRADE,73.46,10.22
2026-07-30 13:47:58,SOLUSDT,BINANCE,TRADE,73.46,0.072
2026-07-30 13:47:58,SOLUSDT,BINANCE,TRADE,73.46,0.072
2026-07-30 13:47:58,SOLUSDT,BINANCE,TRADE,73.46,0.072
2026-07-30 13:47:58,SOLUSDT,BINANCE,TRADE,73.46,0.072
2026-07-30 13:47:58,SOLUSDT,BINANCE,TRADE,73.46,0.072
2026-07-30 13:47:58,SOLUSDT,BINANCE,TRADE,73.46,0.13
2026-07-30 13:47:58,SOLUSDT,BINANCE,TRADE,73.46,0.13
2026-07-30 13:47:58,SOLUSDT,BINANCE,TRADE,73.46,0.13
2026-07-30 13:47:58,SOLUSDT,BINANCE,TRADE,73.46,0.13
2026-07-30 13:47:58,SOLUSDT,BINANCE,TRADE,73.46,0.13
2026-07-30 13:47:58,SOLUSDT,BINANCE,TRADE,73.46,0.14
2026-07-30 13:47:58,SOLUSDT,BINANCE,TRADE,73.46,0.246
2026-07-30 13:47:58,SOLUSDT,BINANCE,TRADE,73.46,7.796
2026-07-30 13:47:58,SOLUSDT,BINANCE,TRADE,73.46,0.13
2026-07-30 13:47:58,SOLUSDT,BINANCE,TRADE,73.46,0.13
2026-07-30 13:47:58,SOLUSDT,BINANCE,TRADE,73.46,0.13
2026-07-30 13:47:58,SOLUSDT,BINANCE,TRADE,73.46,0.13
2026-07-30 13:47:58,SOLUSDT,BINANCE,TRADE,73.46,0.318
2026-07-30 13:47:58,SOLUSDT,BINANCE,TRADE,73.46,1.661
2026-07-30 13:47:58,SOLUSDT,BINANCE,TRADE,73.46,0.072
2026-07-30 13:47:58,SOLUSDT,BINANCE,TRADE,73.46,0.072
2026-07-30 13:47:58,SOLUSDT,BINANCE,TRADE,73.46,0.072
2026-07-30 13:47:58,SOLUSDT,BINANCE,TRADE,73.46,0.072
2026-07-30 13:47:58,SOLUSDT,BINANCE,TRADE,73.46,0.07
2026-07-30 13:47:58,SOLUSDT,BINANCE,TRADE,73.46,0.277
2026-07-30 13:47:58,SOLUSDT,BINANCE,TRADE,73.46,0.069
2026-07-30 13:47:58,SOLUSDT,BINANCE,TRADE,73.46,0.356
2026-07-30 13:47:58,BTCUSDT,BINANCE,TRADE,64052,0.0005
2026-07-30 13:47:58,BTCUSDT,BINANCE,TRADE,64052,0.0005
2026-07-30 13:47:58,BTCUSDT,BINANCE,TRADE,64052,0.0005
2026-07-30 13:47:58,BTCUSDT,BINANCE,TRADE,64052,0.0005
2026-07-30 13:47:58,BTCUSDT,BINANCE,TRADE,64052,0.0005
2026-07-30 13:47:58,BTCUSDT,BINANCE,TRADE,64052,0.0005
2026-07-30 13:47:58,BTCUSDT,BINANCE,TRADE,64052,0.0005
2026-07-30 13:47:58,BTCUSDT,BINANCE,TRADE,64052,0.0005
2026-07-30 13:47:58,BTCUSDT,BINANCE,TRADE,64052,0.0005
2026-07-30 13:47:58,BTCUSDT,BINANCE,TRADE,64052,0.0005
2026-07-30 13:47:58,BTCUSDT,BINANCE,TRADE,64052,0.00156
2026-07-30 13:47:58,BTCUSDT,BINANCE,TRADE,64052,0.0005
2026-07-30 13:47:58,BTCUSDT,BINANCE,TRADE,64052,0.0005
2026-07-30 13:47:58,BTCUSDT,BINANCE,TRADE,64052,0.0005
2026-07-30 13:47:58,BTCUSDT,BINANCE,TRADE,64052,0.0005
2026-07-30 13:47:58,BTCUSDT,BINANCE,TRADE,64052,0.0005
2026-07-30 13:47:58,BTCUSDT,BINANCE,TRADE,64052,0.0005
2026-07-30 13:47:58,BTCUSDT,BINANCE,TRADE,64052,0.0005
2026-07-30 13:47:58,BTCUSDT,BINANCE,TRADE,64052,0.0005
2026-07-30 13:47:58,ETHUSDT,BINANCE,TRADE,1906.06,0.0143
2026-07-30 13:47:58,BTCUSDT,BINANCE,TRADE,64052,0.0005
2026-07-30 13:47:58,BTCUSDT,BINANCE,TRADE,64052,0.0005
2026-07-30 13:47:58,BTCUSDT,BINANCE,TRADE,64052,0.0005
2026-07-30 13:47:58,BTCUSDT,BINANCE,TRADE,64052,0.00012
2026-07-30 13:47:58,BTCUSDT,BINANCE,TRADE,64052,0.0005
2026-07-30 13:47:58,BTCUSDT,BINANCE,TRADE,64052,0.004
2026-07-30 13:47:58,BTCUSDT,BINANCE,TRADE,64052,0.0005
2026-07-30 13:47:58,BTCUSDT,BINANCE,TRADE,64052,0.0005
2026-07-30 13:47:58,BTCUSDT,BINANCE,TRADE,64052,0.00073
2026-07-30 13:47:58,BTCUSDT,BINANCE,TRADE,64052,0.0013
2026-07-30 13:47:58,BTCUSDT,BINANCE,TRADE,64052,0.0005
2026-07-30 13:47:58,BTCUSDT,BINANCE,TRADE,64052,0.0005
2026-07-30 13:47:58,BTCUSDT,BINANCE,TRADE,64052,0.0005
2026-07-30 13:47:58,BTCUSDT,BINANCE,TRADE,64052,0.0005
2026-07-30 13:47:58,BTCUSDT,BINANCE,TRADE,64052,0.0005
2026-07-30 13:47:58,BTCUSDT,BINANCE,TRADE,64052,0.00515
2026-07-30 13:47:58,BTCUSDT,BINANCE,TRADE,64052,0.0005
2026-07-30 13:47:58,BTCUSDT,BINANCE,TRADE,64052,0.0005
2026-07-30 13:47:58,BTCUSDT,BINANCE,TRADE,64052,0.0005
2026-07-30 13:47:58,BTCUSDT,BINANCE,TRADE,64052,0.0005
2026-07-30 13:47:58,BTCUSDT,BINANCE,TRADE,64052,0.0005
2026-07-30 13:47:58,BTCUSDT,BINANCE,TRADE,64052,0.0005
2026-07-30 13:47:58,BTCUSDT,BINANCE,TRADE,64052,0.0005
2026-07-30 13:47:58,BTCUSDT,BINANCE,TRADE,64052,0.00019
2026-07-30 13:47:58,BTCUSDT,BINANCE,TRADE,64052,0.0005
2026-07-30 13:47:58,BTCUSDT,BINANCE,TRADE,64052,0.00509
2026-07-30 13:47:58,BTCUSDT,BINANCE,TRADE,64052,0.0005
2026-07-30 13:47:58,BTCUSDT,BINANCE,TRADE,64052,0.0005
2026-07-30 13:47:58,BTCUSDT,BINANCE,TRADE,64052,0.00033
2026-07-30 13:47:58,BTCUSDT,BINANCE,TRADE,64052,0.00103
2026-07-30 13:47:58,BTCUSDT,BINANCE,TRADE,64052,0.0005
2026-07-30 13:47:58,BTCUSDT,BINANCE,TRADE,64052,0.0005
2026-07-30 13:47:58,BTCUSDT,BINANCE,TRADE,64052,0.0005
2026-07-30 13:47:58,BTCUSDT,BINANCE,TRADE,64052,0.0005
2026-07-30 13:47:58,BTCUSDT,BINANCE,TRADE,64052,0.00018
2026-07-30 13:47:58,BTCUSDT,BINANCE,TRADE,64052,0.0005
2026-07-30 13:47:58,BTCUSDT,BINANCE,TRADE,64052,0.0005
2026-07-30 13:47:58,BTCUSDT,BINANCE,TRADE,64052,0.00312
2026-07-30 13:47:58,BTCUSDT,BINANCE,TRADE,64052,0.0005
2026-07-30 13:47:58,BTCUSDT,BINANCE,TRADE,64052,0.0013
2026-07-30 13:47:58,BTCUSDT,BINANCE,TRADE,64052,0.0005
2026-07-30 13:47:58,BTCUSDT,BINANCE,TRADE,64052,0.00017
2026-07-30 13:47:58,BTCUSDT,BINANCE,TRADE,64052,0.0005
2026-07-30 13:47:58,BTCUSDT,BINANCE,TRADE,64052,0.0005
2026-07-30 13:47:58,BTCUSDT,BINANCE,TRADE,64052,0.00023
2026-07-30 13:47:58,BTCUSDT,BINANCE,TRADE,64052,0.0005
2026-07-30 13:47:58,BTCUSDT,BINANCE,TRADE,64052,0.0005
2026-07-30 13:47:58,BTCUSDT,BINANCE,TRADE,64052,0.00023
2026-07-30 13:47:58,BTCUSDT,BINANCE,TRADE,64052,0.0005
2026-07-30 13:47:58,BTCUSDT,BINANCE,TRADE,64052,0.0005
2026-07-30 13:47:58,BTCUSDT,BINANCE,TRADE,64052,0.0005
2026-07-30 13:47:58,BTCUSDT,BINANCE,TRADE,64052,0.0005
2026-07-30 13:47:58,BTCUSDT,BINANCE,TRADE,64052,0.0005
2026-07-30 13:47:58,BTCUSDT,BINANCE,TRADE,64052,0.0005
2026-07-30 13:47:58,BTCUSDT,BINANCE,TRADE,64052,0.0005
2026-07-30 13:47:58,BTCUSDT,BINANCE,TRADE,64052,0.0005
2026-07-30 13:47:58,BTCUSDT,BINANCE,TRADE,64052,0.0005
2026-07-30 13:47:58,BTCUSDT,BINANCE,TRADE,64052,0.00296
2026-07-30 13:47:58,BTCUSDT,BINANCE,TRADE,64052,0.0005
2026-07-30 13:47:58,BTCUSDT,BINANCE,TRADE,64052,0.0005
2026-07-30 13:47:58,BTCUSDT,BINANCE,TRADE,64052,0.0005
2026-07-30 13:47:58,BTCUSDT,BINANCE,TRADE,64052,0.00019
2026-07-30 13:47:58,BTCUSDT,BINANCE,TRADE,64052,0.00013
2026-07-30 13:47:58,BTCUSDT,BINANCE,TRADE,64052,0.0005
2026-07-30 13:47:58,BTCUSDT,BINANCE,TRADE,64052,0.0005
2026-07-30 13:47:58,BTCUSDT,BINANCE,TRADE,64052,0.0005
2026-07-30 13:47:58,BTCUSDT,BINANCE,TRADE,64052,0.0005
2026-07-30 13:47:58,BTCUSDT,BINANCE,TRADE,64052,0.0005
2026-07-30 13:47:58,BTCUSDT,BINANCE,TRADE,64052,0.0005
2026-07-30 13:47:58,BTCUSDT,BINANCE,TRADE,64052,0.0005
2026-07-30 13:47:58,BTCUSDT,BINANCE,TRADE,64052,0.0005
2026-07-30 13:47:58,BTCUSDT,BINANCE,TRADE,64052,0.0005
2026-07-30 13:47:58,BTCUSDT,BINANCE,TRADE,64052,0.0005
2026-07-30 13:47:58,BTCUSDT,BINANCE,TRADE,64052,0.00029
2026-07-30 13:47:58,BTCUSDT,BINANCE,TRADE,64052,0.0005
2026-07-30 13:47:58,BTCUSDT,BINANCE,TRADE,64052,0.0005
2026-07-30 13:47:58,SOLUSDT,BINANCE,TRADE,73.46,9.864
2026-07-30 13:47:58,SOLUSDT,BINANCE,TRADE,73.46,10.22
2026-07-30 13:47:58,SOLUSDT,BINANCE,TRADE,73.46,7.156
2026-07-30 13:47:58,BTCUSDT,BINANCE,TRADE,64052,0.0005
2026-07-30 13:47:59,BTCUSDT,BINANCE,TRADE,64052,0.0005
2026-07-30 13:47:59,BTCUSDT,BINANCE,TRADE,64052,0.0005
2026-07-30 13:47:59,BTCUSDT,BINANCE,TRADE,64052,0.00149
2026-07-30 13:47:59,BTCUSDT,BINANCE,TRADE,64052,0.0003
2026-07-30 13:47:59,BTCUSDT,BINANCE,TRADE,64052,0.0005
2026-07-30 13:47:59,BTCUSDT,BINANCE,TRADE,64052,0.0005
2026-07-30 13:47:59,BTCUSDT,BINANCE,TRADE,64052,0.01563
2026-07-30 13:47:59,BTCUSDT,BINANCE,TRADE,64052,0.0005
2026-07-30 13:47:59,BTCUSDT,BINANCE,TRADE,64052,0.0005
2026-07-30 13:47:59,BTCUSDT,BINANCE,TRADE,64052,0.0005
2026-07-30 13:47:59,BTCUSDT,BINANCE,TRADE,64052,0.0005
2026-07-30 13:47:59,BTCUSDT,BINANCE,TRADE,64052,0.0005
2026-07-30 13:47:59,BTCUSDT,BINANCE,TRADE,64052,0.0005
2026-07-30 13:47:59,BTCUSDT,BINANCE,TRADE,64052,0.0005
2026-07-30 13:47:59,ETHUSDT,BINANCE,TRADE,1906.05,0.0027
2026-07-30 13:47:59,ETHUSDT,BINANCE,TRADE,1906.05,0.0027
2026-07-30 13:47:59,ETHUSDT,BINANCE,TRADE,1906.05,0.0027
2026-07-30 13:47:59,ETHUSDT,BINANCE,TRADE,1906.05,0.0027
2026-07-30 13:47:59,ETHUSDT,BINANCE,TRADE,1906.05,0.0027
2026-07-30 13:47:59,ETHUSDT,BINANCE,TRADE,1906.05,0.0027
2026-07-30 13:47:59,ETHUSDT,BINANCE,TRADE,1906.05,0.0027
2026-07-30 13:47:59,ETHUSDT,BINANCE,TRADE,1906.05,0.0031
2026-07-30 13:47:59,ETHUSDT,BINANCE,TRADE,1906.05,0.0031
2026-07-30 13:47:59,ETHUSDT,BINANCE,TRADE,1906.05,0.0031
2026-07-30 13:47:59,ETHUSDT,BINANCE,TRADE,1906.05,0.0027
2026-07-30 13:47:59,ETHUSDT,BINANCE,TRADE,1906.05,0.0028
2026-07-30 13:47:59,ETHUSDT,BINANCE,TRADE,1906.05,0.0028
2026-07-30 13:47:59,ETHUSDT,BINANCE,TRADE,1906.05,0.0053
2026-07-30 13:47:59,ETHUSDT,BINANCE,TRADE,1906.05,0.0027
2026-07-30 13:47:59,ETHUSDT,BINANCE,TRADE,1906.05,0.0027
2026-07-30 13:47:59,ETHUSDT,BINANCE,TRADE,1906.04,0.0027
2026-07-30 13:47:59,ETHUSDT,BINANCE,TRADE,1906.04,0.0028
2026-07-30 13:47:59,ETHUSDT,BINANCE,TRADE,1906.04,0.0027
2026-07-30 13:47:59,ETHUSDT,BINANCE,TRADE,1906.04,0.0027
2026-07-30 13:47:59,ETHUSDT,BINANCE,TRADE,1906.04,0.0027
2026-07-30 13:47:59,ETHUSDT,BINANCE,TRADE,1906.04,0.0053
2026-07-30 13:47:59,ETHUSDT,BINANCE,TRADE,1906.04,0.0027
2026-07-30 13:47:59,ETHUSDT,BINANCE,TRADE,1906.04,0.0027
2026-07-30 13:47:59,ETHUSDT,BINANCE,TRADE,1906.04,0.0027
2026-07-30 13:47:59,ETHUSDT,BINANCE,TRADE,1906.04,0.0027
2026-07-30 13:47:59,ETHUSDT,BINANCE,TRADE,1906.03,0.0027
2026-07-30 13:47:59,ETHUSDT,BINANCE,TRADE,1906.03,0.0028
2026-07-30 13:47:59,ETHUSDT,BINANCE,TRADE,1906.03,0.0027
2026-07-30 13:47:59,ETHUSDT,BINANCE,TRADE,1906.03,0.0053
2026-07-30 13:47:59,ETHUSDT,BINANCE,TRADE,1906.03,0.0027
2026-07-30 13:47:59,ETHUSDT,BINANCE,TRADE,1906.03,0.0027
2026-07-30 13:47:59,ETHUSDT,BINANCE,TRADE,1906.03,0.0027
2026-07-30 13:47:59,ETHUSDT,BINANCE,TRADE,1906.03,0.0027
2026-07-30 13:47:59,ETHUSDT,BINANCE,TRADE,1906.02,0.0027
2026-07-30 13:47:59,ETHUSDT,BINANCE,TRADE,1906.02,0.0028
2026-07-30 13:47:59,ETHUSDT,BINANCE,TRADE,1906.01,0.0027
2026-07-30 13:47:59,ETHUSDT,BINANCE,TRADE,1906.01,0.0028
2026-07-30 13:47:59,ETHUSDT,BINANCE,TRADE,1906.01,0.0027
2026-07-30 13:47:59,ETHUSDT,BINANCE,TRADE,1906,0.0027
2026-07-30 13:47:59,ETHUSDT,BINANCE,TRADE,1906,0.0027
2026-07-30 13:47:59,ETHUSDT,BINANCE,TRADE,1906,0.0028
2026-07-30 13:47:59,ETHUSDT,BINANCE,TRADE,1906,0.0027
2026-07-30 13:47:59,ETHUSDT,BINANCE,TRADE,1906,0.0027
2026-07-30 13:47:59,ETHUSDT,BINANCE,TRADE,1906,0.0027
2026-07-30 13:47:59,ETHUSDT,BINANCE,TRADE,1905.99,0.0028
2026-07-30 13:47:59,ETHUSDT,BINANCE,TRADE,1905.99,0.0028
2026-07-30 13:47:59,ETHUSDT,BINANCE,TRADE,1905.99,0.0028
2026-07-30 13:47:59,ETHUSDT,BINANCE,TRADE,1905.99,0.0027
2026-07-30 13:47:59,ETHUSDT,BINANCE,TRADE,1905.99,0.0028
2026-07-30 13:47:59,BTCUSDT,BINANCE,TRADE,64052,0.0005
2026-07-30 13:47:59,SOLUSDT,BINANCE,TRADE,73.46,3.064
2026-07-30 13:47:59,SOLUSDT,BINANCE,TRADE,73.46,10.22
2026-07-30 13:47:59,SOLUSDT,BINANCE,TRADE,73.46,10.22
2026-07-30 13:47:59,SOLUSDT,BINANCE,TRADE,73.46,2.638
2026-07-30 13:47:59,SOLUSDT,BINANCE,TRADE,73.46,0.137
2026-07-30 13:47:59,SOLUSDT,BINANCE,TRADE,73.46,8
2026-07-30 13:47:59,SOLUSDT,BINANCE,TRADE,73.46,10.22
2026-07-30 13:47:59,SOLUSDT,BINANCE,TRADE,73.46,10.22
2026-07-30 13:47:59,SOLUSDT,BINANCE,TRADE,73.46,0.072
2026-07-30 13:47:59,SOLUSDT,BINANCE,TRADE,73.46,0.072
2026-07-30 13:47:59,SOLUSDT,BINANCE,TRADE,73.46,0.072
2026-07-30 13:47:59,SOLUSDT,BINANCE,TRADE,73.46,0.07
2026-07-30 13:47:59,SOLUSDT,BINANCE,TRADE,73.46,0.069
2026-07-30 13:47:59,SOLUSDT,BINANCE,TRADE,73.46,0.072
2026-07-30 13:47:59,SOLUSDT,BINANCE,TRADE,73.46,0.072
2026-07-30 13:47:59,SOLUSDT,BINANCE,TRADE,73.46,0.072
2026-07-30 13:47:59,SOLUSDT,BINANCE,TRADE,73.46,0.072
2026-07-30 13:47:59,SOLUSDT,BINANCE,TRADE,73.46,0.072
2026-07-30 13:47:59,SOLUSDT,BINANCE,TRADE,73.46,0.072
2026-07-30 13:47:59,SOLUSDT,BINANCE,TRADE,73.46,0.072
2026-07-30 13:47:59,SOLUSDT,BINANCE,TRADE,73.46,4
2026-07-30 13:47:59,SOLUSDT,BINANCE,TRADE,73.46,2
2026-07-30 13:47:59,SOLUSDT,BINANCE,TRADE,73.46,10.22
2026-07-30 13:47:59,SOLUSDT,BINANCE,TRADE,73.46,0.271
2026-07-30 13:47:59,SOLUSDT,BINANCE,TRADE,73.46,6.485
2026-07-30 13:47:59,SOLUSDT,BINANCE,TRADE,73.46,10.22
2026-07-30 13:47:59,SOLUSDT,BINANCE,TRADE,73.46,10.22
2026-07-30 13:47:59,SOLUSDT,BINANCE,TRADE,73.46,0.072
2026-07-30 13:47:59,SOLUSDT,BINANCE,TRADE,73.46,0.596
2026-07-30 13:47:59,BTCUSDT,BINANCE,TRADE,64052,0.002
2026-07-30 13:47:59,BTCUSDT,BINANCE,TRADE,64052,0.0005
2026-07-30 13:47:59,ETHUSDT,BINANCE,TRADE,1905.98,0.0027
2026-07-30 13:47:59,ETHUSDT,BINANCE,TRADE,1905.98,0.0028
2026-07-30 13:47:59,ETHUSDT,BINANCE,TRADE,1905.98,0.0028
2026-07-30 13:47:59,ETHUSDT,BINANCE,TRADE,1905.98,0.0028
2026-07-30 13:47:59,ETHUSDT,BINANCE,TRADE,1905.98,0.0105
2026-07-30 13:47:59,BTCUSDT,BINANCE,TRADE,64052,0.0005
2026-07-30 13:47:59,BTCUSDT,BINANCE,TRADE,64052,0.0005
2026-07-30 13:47:59,BTCUSDT,BINANCE,TRADE,64052,0.0013
2026-07-30 13:47:59,BTCUSDT,BINANCE,TRADE,64052,0.0005
2026-07-30 13:47:59,BTCUSDT,BINANCE,TRADE,64052,0.0005
2026-07-30 13:47:59,BTCUSDT,BINANCE,TRADE,64052,0.0005
2026-07-30 13:47:59,BTCUSDT,BINANCE,TRADE,64052,0.0005
2026-07-30 13:47:59,BTCUSDT,BINANCE,TRADE,64052,0.0005
2026-07-30 13:47:59,BTCUSDT,BINANCE,TRADE,64052,0.00079
2026-07-30 13:47:59,BTCUSDT,BINANCE,TRADE,64052,0.0005
2026-07-30 13:47:59,BTCUSDT,BINANCE,TRADE,64052,0.0005
2026-07-30 13:47:59,BTCUSDT,BINANCE,TRADE,64052,0.00033
2026-07-30 13:47:59,BTCUSDT,BINANCE,TRADE,64052,0.0005
2026-07-30 13:47:59,BTCUSDT,BINANCE,TRADE,64052,0.0005
2026-07-30 13:47:59,BTCUSDT,BINANCE,TRADE,64052,0.00012
2026-07-30 13:47:59,BTCUSDT,BINANCE,TRADE,64052,0.0005
2026-07-30 13:47:59,BTCUSDT,BINANCE,TRADE,64052,0.0005
2026-07-30 13:47:59,BTCUSDT,BINANCE,TRADE,64052,0.00016
2026-07-30 13:47:59,BTCUSDT,BINANCE,TRADE,64052,0.0005
2026-07-30 13:47:59,BTCUSDT,BINANCE,TRADE,64052,0.0005
2026-07-30 13:47:59,BTCUSDT,BINANCE,TRADE,64052,0.0005
2026-07-30 13:47:59,BTCUSDT,BINANCE,TRADE,64052,0.0005
2026-07-30 13:47:59,BTCUSDT,BINANCE,TRADE,64052,0.0005
2026-07-30 13:47:59,BTCUSDT,BINANCE,TRADE,64052,0.0005
2026-07-30 13:47:59,ETHUSDT,BINANCE,TRADE,1905.99,0.2383
2026-07-30 13:47:59,BTCUSDT,BINANCE,TRADE,64052,0.0005
2026-07-30 13:47:59,BTCUSDT,BINANCE,TRADE,64052,0.0005
2026-07-30 13:47:59,BTCUSDT,BINANCE,TRADE,64052,0.0005
2026-07-30 13:47:59,ETHUSDT,BINANCE,TRADE,1905.99,0.0027
2026-07-30 13:47:59,BTCUSDT,BINANCE,TRADE,64052,0.0005
2026-07-30 13:47:59,BTCUSDT,BINANCE,TRADE,64052,0.0005
2026-07-30 13:47:59,BTCUSDT,BINANCE,TRADE,64052,0.0005
2026-07-30 13:47:59,BTCUSDT,BINANCE,TRADE,64052,0.0013
2026-07-30 13:47:59,BTCUSDT,BINANCE,TRADE,64052,0.0005
2026-07-30 13:47:59,BTCUSDT,BINANCE,TRADE,64052,0.00019
2026-07-30 13:47:59,BTCUSDT,BINANCE,TRADE,64052,0.00319
2026-07-30 13:47:59,ETHUSDT,BINANCE,TRADE,1905.99,0.0084
2026-07-30 13:47:59,BTCUSDT,BINANCE,TRADE,64052,0.0005
2026-07-30 13:47:59,BTCUSDT,BINANCE,TRADE,64052,0.0005
2026-07-30 13:47:59,BTCUSDT,BINANCE,TRADE,64052,0.00521
2026-07-30 13:47:59,BTCUSDT,BINANCE,TRADE,64052,0.0005
2026-07-30 13:47:59,BTCUSDT,BINANCE,TRADE,64052,0.0005
2026-07-30 13:47:59,BTCUSDT,BINANCE,TRADE,64052,9e-05
2026-07-30 13:47:59,BTCUSDT,BINANCE,TRADE,64052,0.0005
2026-07-30 13:47:59,BTCUSDT,BINANCE,TRADE,64052,0.0005
2026-07-30 13:47:59,BTCUSDT,BINANCE,TRADE,64052,0.0005
2026-07-30 13:47:59,BTCUSDT,BINANCE,TRADE,64052,0.0005
2026-07-30 13:47:59,BTCUSDT,BINANCE,TRADE,64052,0.0005
2026-07-30 13:47:59,BTCUSDT,BINANCE,TRADE,64052,0.00038
2026-07-30 13:47:59,BTCUSDT,BINANCE,TRADE,64052,0.0005
2026-07-30 13:47:59,BTCUSDT,BINANCE,TRADE,64052,0.0005
2026-07-30 13:47:59,BTCUSDT,BINANCE,TRADE,64052,0.0005
2026-07-30 13:47:59,BTCUSDT,BINANCE,TRADE,64052,0.0005
2026-07-30 13:47:59,BTCUSDT,BINANCE,TRADE,64052,0.0005
2026-07-30 13:47:59,BTCUSDT,BINANCE,TRADE,64052,0.0005
2026-07-30 13:47:59,BTCUSDT,BINANCE,TRADE,64052,0.0005
2026-07-30 13:47:59,BTCUSDT,BINANCE,TRADE,64052,0.0005
2026-07-30 13:47:59,BTCUSDT,BINANCE,TRADE,64052,0.0005
2026-07-30 13:47:59,BTCUSDT,BINANCE,TRADE,64052,0.0005
2026-07-30 13:47:59,BTCUSDT,BINANCE,TRADE,64052,0.0005
2026-07-30 13:47:59,ETHUSDT,BINANCE,TRADE,1905.98,0.0027
2026-07-30 13:47:59,ETHUSDT,BINANCE,TRADE,1905.98,0.0031
2026-07-30 13:47:59,ETHUSDT,BINANCE,TRADE,1905.98,0.028
2026-07-30 13:47:59,BTCUSDT,BINANCE,TRADE,64052,0.0005
2026-07-30 13:47:59,BTCUSDT,BINANCE,TRADE,64052,0.0005
2026-07-30 13:47:59,BTCUSDT,BINANCE,TRADE,64052,0.0005
2026-07-30 13:47:59,BTCUSDT,BINANCE,TRADE,64052,0.0005
2026-07-30 13:47:59,BTCUSDT,BINANCE,TRADE,64052,0.0005
2026-07-30 13:47:59,BTCUSDT,BINANCE,TRADE,64052,0.00029
2026-07-30 13:47:59,BTCUSDT,BINANCE,TRADE,64052,0.0005
2026-07-30 13:47:59,BTCUSDT,BINANCE,TRADE,64052,0.0005
2026-07-30 13:47:59,BTCUSDT,BINANCE,TRADE,64052,0.0005
2026-07-30 13:47:59,SOLUSDT,BINANCE,TRADE,73.45,0.069
2026-07-30 13:47:59,SOLUSDT,BINANCE,TRADE,73.45,0.072
2026-07-30 13:47:59,SOLUSDT,BINANCE,TRADE,73.45,27.089
2026-07-30 13:47:59,BTCUSDT,BINANCE,TRADE,64052,0.00019
2026-07-30 13:47:59,BTCUSDT,BINANCE,TRADE,64052,0.0005
2026-07-30 13:47:59,BTCUSDT,BINANCE,TRADE,64052,0.0005
2026-07-30 13:47:59,BTCUSDT,BINANCE,TRADE,64052,0.0005
2026-07-30 13:47:59,BTCUSDT,BINANCE,TRADE,64052,0.0005
2026-07-30 13:47:59,BTCUSDT,BINANCE,TRADE,64052,0.0005
2026-07-30 13:47:59,BTCUSDT,BINANCE,TRADE,64052,0.0005
2026-07-30 13:47:59,ETHUSDT,BINANCE,TRADE,1905.99,0.2298
2026-07-30 13:47:59,BTCUSDT,BINANCE,TRADE,64052,0.0005
2026-07-30 13:47:59,BTCUSDT,BINANCE,TRADE,64052,0.0027
2026-07-30 13:47:59,BTCUSDT,BINANCE,TRADE,64052,0.0005
2026-07-30 13:47:59,BTCUSDT,BINANCE,TRADE,64052,0.0005
2026-07-30 13:47:59,BTCUSDT,BINANCE,TRADE,64052,0.0005
2026-07-30 13:47:59,BTCUSDT,BINANCE,TRADE,64052,0.01327
2026-07-30 13:47:59,BTCUSDT,BINANCE,TRADE,64052,0.0005
2026-07-30 13:47:59,BTCUSDT,BINANCE,TRADE,64052,0.0005
2026-07-30 13:47:59,BTCUSDT,BINANCE,TRADE,64052,0.00156
2026-07-30 13:47:59,BTCUSDT,BINANCE,TRADE,64052,0.00456
2026-07-30 13:47:59,BTCUSDT,BINANCE,TRADE,64052,0.0005
2026-07-30 13:47:59,BTCUSDT,BINANCE,TRADE,64052,0.0005
2026-07-30 13:47:59,BTCUSDT,BINANCE,TRADE,64052,0.00057
2026-07-30 13:47:59,BTCUSDT,BINANCE,TRADE,64052,0.0005
2026-07-30 13:47:59,BTCUSDT,BINANCE,TRADE,64052,0.0003
2026-07-30 13:47:59,BTCUSDT,BINANCE,TRADE,64052,0.0005
2026-07-30 13:47:59,BTCUSDT,BINANCE,TRADE,64052,0.0013
2026-07-30 13:47:59,BTCUSDT,BINANCE,TRADE,64052,0.0005
2026-07-30 13:47:59,BTCUSDT,BINANCE,TRADE,64052,0.0005
2026-07-30 13:47:59,BTCUSDT,BINANCE,TRADE,64052,0.0005
2026-07-30 13:47:59,BTCUSDT,BINANCE,TRADE,64052,0.00065
2026-07-30 13:47:59,BTCUSDT,BINANCE,TRADE,64052,0.0005
2026-07-30 13:47:59,BTCUSDT,BINANCE,TRADE,64052,0.0005
2026-07-30 13:47:59,BTCUSDT,BINANCE,TRADE,64052,0.01873
2026-07-30 13:47:59,BTCUSDT,BINANCE,TRADE,64052,0.0005
2026-07-30 13:47:59,BTCUSDT,BINANCE,TRADE,64052,0.0005
2026-07-30 13:47:59,BTCUSDT,BINANCE,TRADE,64052,0.00014
2026-07-30 13:47:59,BTCUSDT,BINANCE,TRADE,64052,0.0005
2026-07-30 13:47:59,ETHUSDT,BINANCE,TRADE,1905.98,0.0143
2026-07-30 13:47:59,BTCUSDT,BINANCE,TRADE,64052,0.0005
2026-07-30 13:47:59,BTCUSDT,BINANCE,TRADE,64052,0.0005
2026-07-30 13:47:59,BTCUSDT,BINANCE,TRADE,64052,0.0005
2026-07-30 13:47:59,BTCUSDT,BINANCE,TRADE,64052,0.0005
2026-07-30 13:47:59,BTCUSDT,BINANCE,TRADE,64052,0.00055
2026-07-30 13:47:59,BTCUSDT,BINANCE,TRADE,64052,0.0005
2026-07-30 13:47:59,BTCUSDT,BINANCE,TRADE,64052,0.0005
2026-07-30 13:48:00,BTCUSDT,BINANCE,TRADE,64052,0.0005
2026-07-30 13:48:00,BTCUSDT,BINANCE,TRADE,64052,0.00038
2026-07-30 13:48:00,BTCUSDT,BINANCE,TRADE,64052,0.0005
2026-07-30 13:48:00,BTCUSDT,BINANCE,TRADE,64052,0.0005
2026-07-30 13:48:00,BTCUSDT,BINANCE,TRADE,64052,0.0005
2026-07-30 13:48:00,BTCUSDT,BINANCE,TRADE,64052,0.0005
2026-07-30 13:48:00,BTCUSDT,BINANCE,TRADE,64052,0.0005
2026-07-30 13:48:00,BTCUSDT,BINANCE,TRADE,64052,0.0005
2026-07-30 13:48:00,BTCUSDT,BINANCE,TRADE,64052,0.0013
2026-07-30 13:48:00,BTCUSDT,BINANCE,TRADE,64052,0.0005
2026-07-30 13:48:00,BTCUSDT,BINANCE,TRADE,64052,0.0005
2026-07-30 13:48:00,BTCUSDT,BINANCE,TRADE,64052,0.0005
2026-07-30 13:48:00,BTCUSDT,BINANCE,TRADE,64052,0.0005
2026-07-30 13:48:00,BTCUSDT,BINANCE,TRADE,64052,0.00509
2026-07-30 13:48:00,BTCUSDT,BINANCE,TRADE,64052,0.0005
2026-07-30 13:48:00,BTCUSDT,BINANCE,TRADE,64052,0.0005
2026-07-30 13:48:00,BTCUSDT,BINANCE,TRADE,64052,0.0005
2026-07-30 13:48:00,BTCUSDT,BINANCE,TRADE,64052,0.01563
2026-07-30 13:48:00,BTCUSDT,BINANCE,TRADE,64052,0.0005
2026-07-30 13:48:00,BTCUSDT,BINANCE,TRADE,64052,0.00015
2026-07-30 13:48:00,BTCUSDT,BINANCE,TRADE,64052,0.00059
2026-07-30 13:48:00,BTCUSDT,BINANCE,TRADE,64052,0.0005
2026-07-30 13:48:00,BTCUSDT,BINANCE,TRADE,64052,0.00018
2026-07-30 13:48:00,BTCUSDT,BINANCE,TRADE,64052,0.0005
2026-07-30 13:48:00,BTCUSDT,BINANCE,TRADE,64052,0.0005
2026-07-30 13:48:00,BTCUSDT,BINANCE,TRADE,64052,0.0005
2026-07-30 13:48:00,BTCUSDT,BINANCE,TRADE,64052,0.00017
2026-07-30 13:48:00,BTCUSDT,BINANCE,TRADE,64052,0.0005
2026-07-30 13:48:00,BTCUSDT,BINANCE,TRADE,64052,0.0005
2026-07-30 13:48:00,BTCUSDT,BINANCE,TRADE,64052,0.00202
2026-07-30 13:48:00,BTCUSDT,BINANCE,TRADE,64052,0.00023
2026-07-30 13:48:00,BTCUSDT,BINANCE,TRADE,64052,0.0005
2026-07-30 13:48:00,BTCUSDT,BINANCE,TRADE,64052,0.0005
2026-07-30 13:48:00,BTCUSDT,BINANCE,TRADE,64052,0.0005
2026-07-30 13:48:00,BTCUSDT,BINANCE,TRADE,64052,0.0005
2026-07-30 13:48:00,BTCUSDT,BINANCE,TRADE,64052,0.0005
2026-07-30 13:48:00,BTCUSDT,BINANCE,TRADE,64052,0.0005
2026-07-30 13:48:00,BTCUSDT,BINANCE,TRADE,64052,0.00515
2026-07-30 13:48:00,BTCUSDT,BINANCE,TRADE,64052,0.0005
2026-07-30 13:48:00,BTCUSDT,BINANCE,TRADE,64052,0.0005
2026-07-30 13:48:00,BTCUSDT,BINANCE,TRADE,64052,0.0005
2026-07-30 13:48:00,BTCUSDT,BINANCE,TRADE,64052,0.0005
2026-07-30 13:48:00,ETHUSDT,BINANCE,TRADE,1905.99,0.1593
2026-07-30 13:48:00,ETHUSDT,BINANCE,TRADE,1905.98,0.0222
2026-07-30 13:48:00,BTCUSDT,BINANCE,TRADE,64052,0.0005
2026-07-30 13:48:00,BTCUSDT,BINANCE,TRADE,64052,0.00129
2026-07-30 13:48:00,BTCUSDT,BINANCE,TRADE,64052,0.0005
2026-07-30 13:48:00,BTCUSDT,BINANCE,TRADE,64052,0.0005
2026-07-30 13:48:00,BTCUSDT,BINANCE,TRADE,64052,0.0005
2026-07-30 13:48:00,BTCUSDT,BINANCE,TRADE,64052,0.00139
2026-07-30 13:48:00,BTCUSDT,BINANCE,TRADE,64052,0.0005
2026-07-30 13:48:00,BTCUSDT,BINANCE,TRADE,64052,0.0005
2026-07-30 13:48:00,BTCUSDT,BINANCE,TRADE,64052,0.0005
2026-07-30 13:48:00,BTCUSDT,BINANCE,TRADE,64052,0.0005
2026-07-30 13:48:00,BTCUSDT,BINANCE,TRADE,64052,0.0005
2026-07-30 13:48:00,ETHUSDT,BINANCE,TRADE,1905.98,0.0027
2026-07-30 13:48:00,ETHUSDT,BINANCE,TRADE,1905.98,0.0053
2026-07-30 13:48:00,ETHUSDT,BINANCE,TRADE,1905.98,0.0027
2026-07-30 13:48:00,ETHUSDT,BINANCE,TRADE,1905.98,0.0027
2026-07-30 13:48:00,ETHUSDT,BINANCE,TRADE,1905.98,0.0028
2026-07-30 13:48:00,ETHUSDT,BINANCE,TRADE,1905.98,0.0028
2026-07-30 13:48:00,ETHUSDT,BINANCE,TRADE,1905.98,0.0028
2026-07-30 13:48:00,ETHUSDT,BINANCE,TRADE,1905.98,0.0028
2026-07-30 13:48:00,ETHUSDT,BINANCE,TRADE,1905.98,0.0027
2026-07-30 13:48:00,ETHUSDT,BINANCE,TRADE,1905.98,0.0031
2026-07-30 13:48:00,ETHUSDT,BINANCE,TRADE,1905.98,0.0027
2026-07-30 13:48:00,ETHUSDT,BINANCE,TRADE,1905.98,0.0027
2026-07-30 13:48:00,ETHUSDT,BINANCE,TRADE,1905.98,0.0031
2026-07-30 13:48:00,ETHUSDT,BINANCE,TRADE,1905.98,0.0031
2026-07-30 13:48:00,ETHUSDT,BINANCE,TRADE,1905.98,0.0027
2026-07-30 13:48:00,ETHUSDT,BINANCE,TRADE,1905.98,0.0027
2026-07-30 13:48:00,ETHUSDT,BINANCE,TRADE,1905.98,0.0028
2026-07-30 13:48:00,SOLUSDT,BINANCE,TRADE,73.45,8.515
2026-07-30 13:48:00,SOLUSDT,BINANCE,TRADE,73.45,0.277
2026-07-30 13:48:00,SOLUSDT,BINANCE,TRADE,73.45,0.072
2026-07-30 13:48:00,SOLUSDT,BINANCE,TRADE,73.45,0.137
2026-07-30 13:48:00,SOLUSDT,BINANCE,TRADE,73.45,13.395
2026-07-30 13:48:00,SOLUSDT,BINANCE,TRADE,73.45,0.103
2026-07-30 13:48:00,SOLUSDT,BINANCE,TRADE,73.45,0.082
2026-07-30 13:48:00,SOLUSDT,BINANCE,TRADE,73.45,0.069
2026-07-30 13:48:00,SOLUSDT,BINANCE,TRADE,73.45,0.075
2026-07-30 13:48:00,SOLUSDT,BINANCE,TRADE,73.45,0.072
2026-07-30 13:48:00,SOLUSDT,BINANCE,TRADE,73.45,0.072
2026-07-30 13:48:00,SOLUSDT,BINANCE,TRADE,73.45,0.15
2026-07-30 13:48:00,SOLUSDT,BINANCE,TRADE,73.45,3.474
2026-07-30 13:48:00,SOLUSDT,BINANCE,TRADE,73.45,0.757
2026-07-30 13:48:00,ETHUSDT,BINANCE,TRADE,1905.97,0.0027
2026-07-30 13:48:00,ETHUSDT,BINANCE,TRADE,1905.97,0.0028
2026-07-30 13:48:00,ETHUSDT,BINANCE,TRADE,1905.97,0.0027
2026-07-30 13:48:00,ETHUSDT,BINANCE,TRADE,1905.97,0.0053
2026-07-30 13:48:00,ETHUSDT,BINANCE,TRADE,1905.97,0.0027
2026-07-30 13:48:00,ETHUSDT,BINANCE,TRADE,1905.97,0.0027
2026-07-30 13:48:00,ETHUSDT,BINANCE,TRADE,1905.97,0.0027
2026-07-30 13:48:00,ETHUSDT,BINANCE,TRADE,1905.97,0.0027
2026-07-30 13:48:00,ETHUSDT,BINANCE,TRADE,1905.97,0.0031
2026-07-30 13:48:00,ETHUSDT,BINANCE,TRADE,1905.97,0.0031
2026-07-30 13:48:00,ETHUSDT,BINANCE,TRADE,1905.97,0.0027
2026-07-30 13:48:00,ETHUSDT,BINANCE,TRADE,1905.97,0.0031
2026-07-30 13:48:00,ETHUSDT,BINANCE,TRADE,1905.97,0.0027
2026-07-30 13:48:00,ETHUSDT,BINANCE,TRADE,1905.97,0.0027
2026-07-30 13:48:00,ETHUSDT,BINANCE,TRADE,1905.97,0.0027
2026-07-30 13:48:00,ETHUSDT,BINANCE,TRADE,1905.97,0.0027
2026-07-30 13:48:00,ETHUSDT,BINANCE,TRADE,1905.97,0.0027
2026-07-30 13:48:00,ETHUSDT,BINANCE,TRADE,1905.96,0.0027
2026-07-30 13:48:00,ETHUSDT,BINANCE,TRADE,1905.96,0.0053
2026-07-30 13:48:00,ETHUSDT,BINANCE,TRADE,1905.96,0.0028
2026-07-30 13:48:00,ETHUSDT,BINANCE,TRADE,1905.96,0.0027
2026-07-30 13:48:00,ETHUSDT,BINANCE,TRADE,1905.96,0.0027
2026-07-30 13:48:00,ETHUSDT,BINANCE,TRADE,1905.96,0.0027
2026-07-30 13:48:00,ETHUSDT,BINANCE,TRADE,1905.96,0.0027
2026-07-30 13:48:00,ETHUSDT,BINANCE,TRADE,1905.95,0.0027
2026-07-30 13:48:00,ETHUSDT,BINANCE,TRADE,1905.95,0.0027
2026-07-30 13:48:00,ETHUSDT,BINANCE,TRADE,1905.95,0.0028
2026-07-30 13:48:00,ETHUSDT,BINANCE,TRADE,1905.95,0.0027
2026-07-30 13:48:00,ETHUSDT,BINANCE,TRADE,1905.95,0.0027
2026-07-30 13:48:00,ETHUSDT,BINANCE,TRADE,1905.93,0.0027
2026-07-30 13:48:00,ETHUSDT,BINANCE,TRADE,1905.93,0.0028
2026-07-30 13:48:00,ETHUSDT,BINANCE,TRADE,1905.92,0.0027
2026-07-30 13:48:00,ETHUSDT,BINANCE,TRADE,1905.92,0.0028
2026-07-30 13:48:00,ETHUSDT,BINANCE,TRADE,1905.92,0.0027
2026-07-30 13:48:00,ETHUSDT,BINANCE,TRADE,1905.91,0.0027
2026-07-30 13:48:00,ETHUSDT,BINANCE,TRADE,1905.91,0.0027
2026-07-30 13:48:00,ETHUSDT,BINANCE,TRADE,1905.91,0.0028
2026-07-30 13:48:00,ETHUSDT,BINANCE,TRADE,1905.91,0.0027
2026-07-30 13:48:00,ETHUSDT,BINANCE,TRADE,1905.9,0.0032
2026-07-30 13:48:00,ETHUSDT,BINANCE,TRADE,1905.9,0.0027
2026-07-30 13:48:00,ETHUSDT,BINANCE,TRADE,1905.9,0.0028
2026-07-30 13:48:00,ETHUSDT,BINANCE,TRADE,1905.9,0.0027
2026-07-30 13:48:00,ETHUSDT,BINANCE,TRADE,1905.89,0.0027
2026-07-30 13:48:00,ETHUSDT,BINANCE,TRADE,1905.89,0.0028
2026-07-30 13:48:00,ETHUSDT,BINANCE,TRADE,1905.89,0.0027
2026-07-30 13:48:00,ETHUSDT,BINANCE,TRADE,1905.88,0.0028
2026-07-30 13:48:00,ETHUSDT,BINANCE,TRADE,1905.88,0.0028
2026-07-30 13:48:00,ETHUSDT,BINANCE,TRADE,1905.88,0.0028
2026-07-30 13:48:00,ETHUSDT,BINANCE,TRADE,1905.88,0.0028
2026-07-30 13:48:00,BTCUSDT,BINANCE,TRADE,64052,0.0005
2026-07-30 13:48:00,SOLUSDT,BINANCE,TRADE,73.46,8.316
2026-07-30 13:48:00,BTCUSDT,BINANCE,TRADE,64052,0.00166
2026-07-30 13:48:00,BTCUSDT,BINANCE,TRADE,64052,0.0005
2026-07-30 13:48:00,BTCUSDT,BINANCE,TRADE,64052,0.0005
2026-07-30 13:48:00,BTCUSDT,BINANCE,TRADE,64052,0.00309
2026-07-30 13:48:00,BTCUSDT,BINANCE,TRADE,64052,0.0005
2026-07-30 13:48:00,BTCUSDT,BINANCE,TRADE,64052,0.00166
2026-07-30 13:48:00,ETHUSDT,BINANCE,TRADE,1905.88,0.0089
2026-07-30 13:48:00,BTCUSDT,BINANCE,TRADE,64052,0.0005
2026-07-30 13:48:00,BTCUSDT,BINANCE,TRADE,64052,8e-05
2026-07-30 13:48:00,BTCUSDT,BINANCE,TRADE,64052,0.00024
2026-07-30 13:48:00,BTCUSDT,BINANCE,TRADE,64052,0.00976
2026-07-30 13:48:00,BTCUSDT,BINANCE,TRADE,64052,8e-05
2026-07-30 13:48:00,BTCUSDT,BINANCE,TRADE,64052,8e-05
2026-07-30 13:48:00,BTCUSDT,BINANCE,TRADE,64052,0.0001
2026-07-30 13:48:00,BTCUSDT,BINANCE,TRADE,64052,0.003
2026-07-30 13:48:00,BTCUSDT,BINANCE,TRADE,64052,0.003
2026-07-30 13:48:00,BTCUSDT,BINANCE,TRADE,64052,0.003
2026-07-30 13:48:00,BTCUSDT,BINANCE,TRADE,64052,0.003
2026-07-30 13:48:00,BTCUSDT,BINANCE,TRADE,64052,0.003
2026-07-30 13:48:00,BTCUSDT,BINANCE,TRADE,64052,0.003
2026-07-30 13:48:00,BTCUSDT,BINANCE,TRADE,64052,0.003
2026-07-30 13:48:00,BTCUSDT,BINANCE,TRADE,64052,0.003
2026-07-30 13:48:00,BTCUSDT,BINANCE,TRADE,64052,0.003
2026-07-30 13:48:00,BTCUSDT,BINANCE,TRADE,64052,0.003
2026-07-30 13:48:00,BTCUSDT,BINANCE,TRADE,64052,0.005
2026-07-30 13:48:00,BTCUSDT,BINANCE,TRADE,64052,0.005
2026-07-30 13:48:00,BTCUSDT,BINANCE,TRADE,64052,0.005
2026-07-30 13:48:00,BTCUSDT,BINANCE,TRADE,64052,0.00312
2026-07-30 13:48:00,BTCUSDT,BINANCE,TRADE,64052,0.03122
2026-07-30 13:48:00,BTCUSDT,BINANCE,TRADE,64052,0.00016
2026-07-30 13:48:00,BTCUSDT,BINANCE,TRADE,64052,0.003
2026-07-30 13:48:00,BTCUSDT,BINANCE,TRADE,64052,8e-05
2026-07-30 13:48:00,BTCUSDT,BINANCE,TRADE,64052,8e-05
2026-07-30 13:48:00,BTCUSDT,BINANCE,TRADE,64052,8e-05
2026-07-30 13:48:00,BTCUSDT,BINANCE,TRADE,64052,9e-05
2026-07-30 13:48:00,BTCUSDT,BINANCE,TRADE,64052,8e-05
2026-07-30 13:48:00,BTCUSDT,BINANCE,TRADE,64052,8e-05
2026-07-30 13:48:00,BTCUSDT,BINANCE,TRADE,64052,0.00042
2026-07-30 13:48:00,BTCUSDT,BINANCE,TRADE,64052,8e-05
2026-07-30 13:48:00,BTCUSDT,BINANCE,TRADE,64052,0.005
2026-07-30 13:48:00,BTCUSDT,BINANCE,TRADE,64052,8e-05
2026-07-30 13:48:00,BTCUSDT,BINANCE,TRADE,64052,8e-05
2026-07-30 13:48:00,BTCUSDT,BINANCE,TRADE,64052,8e-05
2026-07-30 13:48:00,BTCUSDT,BINANCE,TRADE,64052,8e-05
2026-07-30 13:48:00,BTCUSDT,BINANCE,TRADE,64052,8e-05
2026-07-30 13:48:00,BTCUSDT,BINANCE,TRADE,64052,0.005
2026-07-30 13:48:00,BTCUSDT,BINANCE,TRADE,64052,0.005
2026-07-30 13:48:00,BTCUSDT,BINANCE,TRADE,64052,8e-05
2026-07-30 13:48:00,BTCUSDT,BINANCE,TRADE,64052,8e-05
2026-07-30 13:48:00,BTCUSDT,BINANCE,TRADE,64052,8e-05
2026-07-30 13:48:00,BTCUSDT,BINANCE,TRADE,64052,0.00468
2026-07-30 13:48:00,BTCUSDT,BINANCE,TRADE,64052,0.003
2026-07-30 13:48:00,BTCUSDT,BINANCE,TRADE,64052,8e-05
2026-07-30 13:48:00,BTCUSDT,BINANCE,TRADE,64052,8e-05
2026-07-30 13:48:00,BTCUSDT,BINANCE,TRADE,64052,0.05
2026-07-30 13:48:00,BTCUSDT,BINANCE,TRADE,64052,0.00126
2026-07-30 13:48:00,BTCUSDT,BINANCE,TRADE,64052,0.00126
2026-07-30 13:48:00,BTCUSDT,BINANCE,TRADE,64052,0.05
2026-07-30 13:48:00,BTCUSDT,BINANCE,TRADE,64052,0.001
2026-07-30 13:48:00,BTCUSDT,BINANCE,TRADE,64052,0.001
2026-07-30 13:48:00,BTCUSDT,BINANCE,TRADE,64052,9e-05
2026-07-30 13:48:00,BTCUSDT,BINANCE,TRADE,64052,0.003
2026-07-30 13:48:00,BTCUSDT,BINANCE,TRADE,64052,9e-05
2026-07-30 13:48:00,BTCUSDT,BINANCE,TRADE,64052,9e-05
2026-07-30 13:48:00,BTCUSDT,BINANCE,TRADE,64052,8e-05
2026-07-30 13:48:00,BTCUSDT,BINANCE,TRADE,64052,8e-05
2026-07-30 13:48:00,BTCUSDT,BINANCE,TRADE,64052,8e-05
2026-07-30 13:48:00,BTCUSDT,BINANCE,TRADE,64052,8e-05
2026-07-30 13:48:00,BTCUSDT,BINANCE,TRADE,64052,8e-05
2026-07-30 13:48:00,BTCUSDT,BINANCE,TRADE,64052,8e-05
2026-07-30 13:48:00,BTCUSDT,BINANCE,TRADE,64052,8e-05
2026-07-30 13:48:00,BTCUSDT,BINANCE,TRADE,64052,9e-05
2026-07-30 13:48:00,BTCUSDT,BINANCE,TRADE,64052,8e-05
2026-07-30 13:48:00,BTCUSDT,BINANCE,TRADE,64052,9e-05
2026-07-30 13:48:00,BTCUSDT,BINANCE,TRADE,64052,8e-05
2026-07-30 13:48:00,BTCUSDT,BINANCE,TRADE,64052,8e-05
2026-07-30 13:48:00,BTCUSDT,BINANCE,TRADE,64052,0.00016
2026-07-30 13:48:00,BTCUSDT,BINANCE,TRADE,64052,8e-05
2026-07-30 13:48:00,BTCUSDT,BINANCE,TRADE,64052,8e-05
2026-07-30 13:48:00,BTCUSDT,BINANCE,TRADE,64052,9e-05
2026-07-30 13:48:00,BTCUSDT,BINANCE,TRADE,64052,9e-05
2026-07-30 13:48:00,BTCUSDT,BINANCE,TRADE,64052,8e-05
2026-07-30 13:48:00,BTCUSDT,BINANCE,TRADE,64052,8e-05
2026-07-30 13:48:00,BTCUSDT,BINANCE,TRADE,64052,8e-05
2026-07-30 13:48:00,BTCUSDT,BINANCE,TRADE,64052,8e-05
2026-07-30 13:48:00,BTCUSDT,BINANCE,TRADE,64052,8e-05
2026-07-30 13:48:00,BTCUSDT,BINANCE,TRADE,64052,0.00016
2026-07-30 13:48:00,BTCUSDT,BINANCE,TRADE,64052,8e-05
2026-07-30 13:48:00,BTCUSDT,BINANCE,TRADE,64052,8e-05
2026-07-30 13:48:00,BTCUSDT,BINANCE,TRADE,64052,8e-05
2026-07-30 13:48:00,BTCUSDT,BINANCE,TRADE,64052,8e-05
2026-07-30 13:48:00,BTCUSDT,BINANCE,TRADE,64052,4e-05
2026-07-30 13:48:00,BTCUSDT,BINANCE,TRADE,64052,0.00012
2026-07-30 13:48:00,BTCUSDT,BINANCE,TRADE,64051.3,9e-05
2026-07-30 13:48:00,BTCUSDT,BINANCE,TRADE,64051.3,9e-05
2026-07-30 13:48:00,BTCUSDT,BINANCE,TRADE,64051.3,9e-05
2026-07-30 13:48:00,BTCUSDT,BINANCE,TRADE,64051.3,0.00234
2026-07-30 13:48:00,BTCUSDT,BINANCE,TRADE,64051.3,0.02107
2026-07-30 13:48:00,BTCUSDT,BINANCE,TRADE,64051.3,9e-05
2026-07-30 13:48:00,BTCUSDT,BINANCE,TRADE,64051.3,9e-05
2026-07-30 13:48:00,BTCUSDT,BINANCE,TRADE,64050.8,8e-05
2026-07-30 13:48:00,BTCUSDT,BINANCE,TRADE,64050.8,8e-05
2026-07-30 13:48:00,BTCUSDT,BINANCE,TRADE,64050,8e-05
2026-07-30 13:48:00,BTCUSDT,BINANCE,TRADE,64050,8e-05
2026-07-30 13:48:00,BTCUSDT,BINANCE,TRADE,64050,9e-05
2026-07-30 13:48:00,BTCUSDT,BINANCE,TRADE,64050,9e-05
2026-07-30 13:48:00,BTCUSDT,BINANCE,TRADE,64050,9e-05
2026-07-30 13:48:00,BTCUSDT,BINANCE,TRADE,64050,0.008
2026-07-30 13:48:00,BTCUSDT,BINANCE,TRADE,64050,0.006
2026-07-30 13:48:00,BTCUSDT,BINANCE,TRADE,64050,0.005
2026-07-30 13:48:00,BTCUSDT,BINANCE,TRADE,64050,0.005
2026-07-30 13:48:00,BTCUSDT,BINANCE,TRADE,64050,0.00031
2026-07-30 13:48:00,BTCUSDT,BINANCE,TRADE,64050,9e-05
2026-07-30 13:48:00,BTCUSDT,BINANCE,TRADE,64050,9e-05
2026-07-30 13:48:00,BTCUSDT,BINANCE,TRADE,64049.8,0.05
2026-07-30 13:48:00,BTCUSDT,BINANCE,TRADE,64049.8,0.002
2026-07-30 13:48:00,BTCUSDT,BINANCE,TRADE,64049.8,0.0001
2026-07-30 13:48:00,BTCUSDT,BINANCE,TRADE,64049.8,0.05
2026-07-30 13:48:00,BTCUSDT,BINANCE,TRADE,64049.8,0.0005
2026-07-30 13:48:00,BTCUSDT,BINANCE,TRADE,64049.8,0.005
2026-07-30 13:48:00,BTCUSDT,BINANCE,TRADE,64049.8,0.01
2026-07-30 13:48:00,BTCUSDT,BINANCE,TRADE,64049.8,0.005
2026-07-30 13:48:00,BTCUSDT,BINANCE,TRADE,64049.8,0.00029
2026-07-30 13:48:00,BTCUSDT,BINANCE,TRADE,64049.8,0.0005
2026-07-30 13:48:00,BTCUSDT,BINANCE,TRADE,64049.8,8e-05
2026-07-30 13:48:00,BTCUSDT,BINANCE,TRADE,64049.8,9e-05
2026-07-30 13:48:00,BTCUSDT,BINANCE,TRADE,64049.8,9e-05
2026-07-30 13:48:00,BTCUSDT,BINANCE,TRADE,64049.8,8e-05
2026-07-30 13:48:00,BTCUSDT,BINANCE,TRADE,64049.8,0.00021
2026-07-30 13:48:00,BTCUSDT,BINANCE,TRADE,64049.8,8e-05
2026-07-30 13:48:00,BTCUSDT,BINANCE,TRADE,64049.8,8e-05
2026-07-30 13:48:00,BTCUSDT,BINANCE,TRADE,64049.8,8e-05
2026-07-30 13:48:00,BTCUSDT,BINANCE,TRADE,64049.8,8e-05
2026-07-30 13:48:00,BTCUSDT,BINANCE,TRADE,64049.8,8e-05
2026-07-30 13:48:00,BTCUSDT,BINANCE,TRADE,64049.8,0.003
2026-07-30 13:48:00,BTCUSDT,BINANCE,TRADE,64049.8,0.003
2026-07-30 13:48:00,BTCUSDT,BINANCE,TRADE,64049.8,8e-05
2026-07-30 13:48:00,BTCUSDT,BINANCE,TRADE,64049.8,8e-05
2026-07-30 13:48:00,BTCUSDT,BINANCE,TRADE,64049.8,8e-05
2026-07-30 13:48:00,BTCUSDT,BINANCE,TRADE,64049.8,8e-05
2026-07-30 13:48:00,BTCUSDT,BINANCE,TRADE,64049.8,8e-05
2026-07-30 13:48:00,BTCUSDT,BINANCE,TRADE,64049.8,9e-05
2026-07-30 13:48:00,BTCUSDT,BINANCE,TRADE,64049.8,8e-05
2026-07-30 13:48:00,BTCUSDT,BINANCE,TRADE,64049.8,8e-05
2026-07-30 13:48:00,BTCUSDT,BINANCE,TRADE,64049.8,0.003
2026-07-30 13:48:00,BTCUSDT,BINANCE,TRADE,64049.8,8e-05
2026-07-30 13:48:00,BTCUSDT,BINANCE,TRADE,64049.8,9e-05
2026-07-30 13:48:00,BTCUSDT,BINANCE,TRADE,64049.8,9e-05
2026-07-30 13:48:00,BTCUSDT,BINANCE,TRADE,64049.8,8e-05
2026-07-30 13:48:00,BTCUSDT,BINANCE,TRADE,64049.8,8e-05
2026-07-30 13:48:00,BTCUSDT,BINANCE,TRADE,64049.8,8e-05
2026-07-30 13:48:00,BTCUSDT,BINANCE,TRADE,64049.8,8e-05
2026-07-30 13:48:00,BTCUSDT,BINANCE,TRADE,64049.8,8e-05
2026-07-30 13:48:00,BTCUSDT,BINANCE,TRADE,64049.8,8e-05
2026-07-30 13:48:00,BTCUSDT,BINANCE,TRADE,64049.8,8e-05
2026-07-30 13:48:00,BTCUSDT,BINANCE,TRADE,64049.4,0.00024
2026-07-30 13:48:00,BTCUSDT,BINANCE,TRADE,64049.2,8e-05
2026-07-30 13:48:00,BTCUSDT,BINANCE,TRADE,64049,8e-05
2026-07-30 13:48:00,BTCUSDT,BINANCE,TRADE,64048.7,8e-05
2026-07-30 13:48:00,BTCUSDT,BINANCE,TRADE,64048.2,0.00048
2026-07-30 13:48:00,BTCUSDT,BINANCE,TRADE,64048.2,8e-05
2026-07-30 13:48:00,BTCUSDT,BINANCE,TRADE,64048.2,8e-05
2026-07-30 13:48:00,BTCUSDT,BINANCE,TRADE,64048.2,8e-05
2026-07-30 13:48:00,BTCUSDT,BINANCE,TRADE,64048.2,8e-05
2026-07-30 13:48:00,BTCUSDT,BINANCE,TRADE,64048,9e-05
2026-07-30 13:48:00,BTCUSDT,BINANCE,TRADE,64048,9e-05
2026-07-30 13:48:00,BTCUSDT,BINANCE,TRADE,64048,9e-05
2026-07-30 13:48:00,BTCUSDT,BINANCE,TRADE,64048,0.008
2026-07-30 13:48:00,BTCUSDT,BINANCE,TRADE,64048,0.006
2026-07-30 13:48:00,BTCUSDT,BINANCE,TRADE,64048,0.005
2026-07-30 13:48:00,BTCUSDT,BINANCE,TRADE,64048,0.005
2026-07-30 13:48:00,BTCUSDT,BINANCE,TRADE,64048,9e-05
2026-07-30 13:48:00,BTCUSDT,BINANCE,TRADE,64048,9e-05
2026-07-30 13:48:00,BTCUSDT,BINANCE,TRADE,64046.9,9e-05
2026-07-30 13:48:00,BTCUSDT,BINANCE,TRADE,64046.9,9e-05
2026-07-30 13:48:00,BTCUSDT,BINANCE,TRADE,64046.9,9e-05
2026-07-30 13:48:00,BTCUSDT,BINANCE,TRADE,64046.9,0.0005
2026-07-30 13:48:00,BTCUSDT,BINANCE,TRADE,64046.9,0.01
2026-07-30 13:48:00,BTCUSDT,BINANCE,TRADE,64046.9,8e-05
2026-07-30 13:48:00,BTCUSDT,BINANCE,TRADE,64046.9,9e-05
2026-07-30 13:48:00,BTCUSDT,BINANCE,TRADE,64046.9,9e-05
2026-07-30 13:48:00,BTCUSDT,BINANCE,TRADE,64046.9,0.00074
2026-07-30 13:48:00,BTCUSDT,BINANCE,TRADE,64046.9,0.005
2026-07-30 13:48:00,BTCUSDT,BINANCE,TRADE,64046.9,0.001
2026-07-30 13:48:00,SOLUSDT,BINANCE,TRADE,73.45,0.072
2026-07-30 13:48:00,SOLUSDT,BINANCE,TRADE,73.45,0.072
2026-07-30 13:48:00,SOLUSDT,BINANCE,TRADE,73.45,0.072
2026-07-30 13:48:00,SOLUSDT,BINANCE,TRADE,73.45,0.072
2026-07-30 13:48:00,SOLUSDT,BINANCE,TRADE,73.45,0.072
2026-07-30 13:48:00,SOLUSDT,BINANCE,TRADE,73.45,0.072
2026-07-30 13:48:00,SOLUSDT,BINANCE,TRADE,73.45,0.272
2026-07-30 13:48:00,SOLUSDT,BINANCE,TRADE,73.45,0.349
2026-07-30 13:48:00,SOLUSDT,BINANCE,TRADE,73.45,0.072
2026-07-30 13:48:00,SOLUSDT,BINANCE,TRADE,73.45,0.069
2026-07-30 13:48:00,SOLUSDT,BINANCE,TRADE,73.45,0.072
2026-07-30 13:48:00,SOLUSDT,BINANCE,TRADE,73.45,0.072
2026-07-30 13:48:00,SOLUSDT,BINANCE,TRADE,73.45,0.137
2026-07-30 13:48:00,SOLUSDT,BINANCE,TRADE,73.45,0.072
2026-07-30 13:48:00,SOLUSDT,BINANCE,TRADE,73.45,0.07
2026-07-30 13:48:00,SOLUSDT,BINANCE,TRADE,73.45,0.072
2026-07-30 13:48:00,SOLUSDT,BINANCE,TRADE,73.45,0.072
2026-07-30 13:48:00,SOLUSDT,BINANCE,TRADE,73.45,0.072
2026-07-30 13:48:00,ETHUSDT,BINANCE,TRADE,1905.87,0.0027
2026-07-30 13:48:00,ETHUSDT,BINANCE,TRADE,1905.87,0.0003
2026-07-30 13:48:00,BTCUSDT,BINANCE,TRADE,64046.9,0.0005
2026-07-30 13:48:00,BTCUSDT,BINANCE,TRADE,64046.9,0.0005
2026-07-30 13:48:00,BTCUSDT,BINANCE,TRADE,64046.9,0.01
2026-07-30 13:48:00,BTCUSDT,BINANCE,TRADE,64046.9,0.005
2026-07-30 13:48:00,BTCUSDT,BINANCE,TRADE,64046.9,0.0005
2026-07-30 13:48:00,BTCUSDT,BINANCE,TRADE,64046.9,0.0005
2026-07-30 13:48:00,ETHUSDT,BINANCE,TRADE,1905.87,0.1725
2026-07-30 13:48:00,BTCUSDT,BINANCE,TRADE,64046.9,0.0013
2026-07-30 13:48:00,BTCUSDT,BINANCE,TRADE,64046.9,0.0017
2026-07-30 13:48:00,BTCUSDT,BINANCE,TRADE,64046.9,0.0005
2026-07-30 13:48:00,BTCUSDT,BINANCE,TRADE,64046.9,0.0005
2026-07-30 13:48:00,BTCUSDT,BINANCE,TRADE,64046.9,0.00126
2026-07-30 13:48:00,BTCUSDT,BINANCE,TRADE,64046.9,0.0005
2026-07-30 13:48:00,BTCUSDT,BINANCE,TRADE,64046.9,0.0005
2026-07-30 13:48:00,BTCUSDT,BINANCE,TRADE,64046.9,8e-05
2026-07-30 13:48:00,BTCUSDT,BINANCE,TRADE,64046.9,8e-05
2026-07-30 13:48:00,BTCUSDT,BINANCE,TRADE,64046.9,8e-05
2026-07-30 13:48:00,BTCUSDT,BINANCE,TRADE,64046.9,8e-05
2026-07-30 13:48:00,BTCUSDT,BINANCE,TRADE,64046.9,0.00011
2026-07-30 13:48:00,BTCUSDT,BINANCE,TRADE,64046.9,7e-05
2026-07-30 13:48:00,BTCUSDT,BINANCE,TRADE,64046.9,1e-05
2026-07-30 13:48:00,BTCUSDT,BINANCE,TRADE,64046.9,8e-05
2026-07-30 13:48:00,BTCUSDT,BINANCE,TRADE,64046.9,1e-05
2026-07-30 13:48:00,BTCUSDT,BINANCE,TRADE,64046.9,7e-05
2026-07-30 13:48:00,BTCUSDT,BINANCE,TRADE,64046.9,8e-05
2026-07-30 13:48:00,BTCUSDT,BINANCE,TRADE,64046.9,9e-05
2026-07-30 13:48:00,BTCUSDT,BINANCE,TRADE,64046.9,0.005
2026-07-30 13:48:00,BTCUSDT,BINANCE,TRADE,64046.9,8e-05
2026-07-30 13:48:00,BTCUSDT,BINANCE,TRADE,64046.9,9e-05
2026-07-30 13:48:00,BTCUSDT,BINANCE,TRADE,64046.9,0.00641
2026-07-30 13:48:00,BTCUSDT,BINANCE,TRADE,64046.9,8e-05
2026-07-30 13:48:00,BTCUSDT,BINANCE,TRADE,64046.9,9e-05
2026-07-30 13:48:00,BTCUSDT,BINANCE,TRADE,64046.9,0.03122
2026-07-30 13:48:00,BTCUSDT,BINANCE,TRADE,64046.9,0.01
2026-07-30 13:48:00,BTCUSDT,BINANCE,TRADE,64046.9,0.005
2026-07-30 13:48:00,BTCUSDT,BINANCE,TRADE,64046.9,8e-05
2026-07-30 13:48:00,BTCUSDT,BINANCE,TRADE,64046.9,8e-05
2026-07-30 13:48:00,BTCUSDT,BINANCE,TRADE,64046.9,8e-05
2026-07-30 13:48:00,BTCUSDT,BINANCE,TRADE,64046.9,8e-05
2026-07-30 13:48:00,BTCUSDT,BINANCE,TRADE,64046.9,8e-05
2026-07-30 13:48:00,BTCUSDT,BINANCE,TRADE,64046.9,9e-05
2026-07-30 13:48:00,BTCUSDT,BINANCE,TRADE,64046.9,9e-05
2026-07-30 13:48:00,BTCUSDT,BINANCE,TRADE,64046.9,8e-05
2026-07-30 13:48:00,BTCUSDT,BINANCE,TRADE,64046.9,8e-05
2026-07-30 13:48:00,BTCUSDT,BINANCE,TRADE,64046.9,8e-05
2026-07-30 13:48:00,BTCUSDT,BINANCE,TRADE,64046.9,8e-05
2026-07-30 13:48:00,BTCUSDT,BINANCE,TRADE,64046.9,8e-05
2026-07-30 13:48:00,BTCUSDT,BINANCE,TRADE,64046.5,8e-05
2026-07-30 13:48:00,BTCUSDT,BINANCE,TRADE,64046.5,8e-05
2026-07-30 13:48:00,BTCUSDT,BINANCE,TRADE,64046,9e-05
2026-07-30 13:48:00,BTCUSDT,BINANCE,TRADE,64046,9e-05
2026-07-30 13:48:00,BTCUSDT,BINANCE,TRADE,64046,9e-05
2026-07-30 13:48:00,BTCUSDT,BINANCE,TRADE,64046,0.008
2026-07-30 13:48:00,BTCUSDT,BINANCE,TRADE,64046,0.006
2026-07-30 13:48:00,BTCUSDT,BINANCE,TRADE,64046,0.005
2026-07-30 13:48:00,BTCUSDT,BINANCE,TRADE,64046,0.005
2026-07-30 13:48:00,BTCUSDT,BINANCE,TRADE,64046,9e-05
2026-07-30 13:48:00,BTCUSDT,BINANCE,TRADE,64046,9e-05
2026-07-30 13:48:00,BTCUSDT,BINANCE,TRADE,64045.8,9e-05
2026-07-30 13:48:00,BTCUSDT,BINANCE,TRADE,64045.8,9e-05
2026-07-30 13:48:00,BTCUSDT,BINANCE,TRADE,64045.8,9e-05
2026-07-30 13:48:00,BTCUSDT,BINANCE,TRADE,64045.8,0.00234
2026-07-30 13:48:00,BTCUSDT,BINANCE,TRADE,64045.8,0.02107
2026-07-30 13:48:00,BTCUSDT,BINANCE,TRADE,64045.8,9e-05
2026-07-30 13:48:00,BTCUSDT,BINANCE,TRADE,64045.8,9e-05
2026-07-30 13:48:00,BTCUSDT,BINANCE,TRADE,64045.8,8e-05
2026-07-30 13:48:00,BTCUSDT,BINANCE,TRADE,64045.7,8e-05
2026-07-30 13:48:00,BTCUSDT,BINANCE,TRADE,64045.7,8e-05
2026-07-30 13:48:00,BTCUSDT,BINANCE,TRADE,64045.7,8e-05
2026-07-30 13:48:00,BTCUSDT,BINANCE,TRADE,64045.7,8e-05
2026-07-30 13:48:00,BTCUSDT,BINANCE,TRADE,64045.7,8e-05
2026-07-30 13:48:00,BTCUSDT,BINANCE,TRADE,64044.2,0.00126
2026-07-30 13:48:00,BTCUSDT,BINANCE,TRADE,64044.2,0.00126
2026-07-30 13:48:00,BTCUSDT,BINANCE,TRADE,64044.1,9e-05
2026-07-30 13:48:00,BTCUSDT,BINANCE,TRADE,64044.1,9e-05
2026-07-30 13:48:00,BTCUSDT,BINANCE,TRADE,64044.1,9e-05
2026-07-30 13:48:00,BTCUSDT,BINANCE,TRADE,64044.1,0.0001
2026-07-30 13:48:00,BTCUSDT,BINANCE,TRADE,64044.1,9e-05
2026-07-30 13:48:00,BTCUSDT,BINANCE,TRADE,64044.1,9e-05
2026-07-30 13:48:00,BTCUSDT,BINANCE,TRADE,64044.1,0.00019
2026-07-30 13:48:00,BTCUSDT,BINANCE,TRADE,64044.1,0.0005
2026-07-30 13:48:00,BTCUSDT,BINANCE,TRADE,64044.1,0.0001
2026-07-30 13:48:00,BTCUSDT,BINANCE,TRADE,64044.1,0.005
2026-07-30 13:48:00,BTCUSDT,BINANCE,TRADE,64044.1,0.01
2026-07-30 13:48:00,BTCUSDT,BINANCE,TRADE,64044.1,0.0005
2026-07-30 13:48:00,BTCUSDT,BINANCE,TRADE,64044.1,0.005
2026-07-30 13:48:00,BTCUSDT,BINANCE,TRADE,64044.1,0.0005
2026-07-30 13:48:00,ETHUSDT,BINANCE,TRADE,1905.87,1.4153
2026-07-30 13:48:00,ETHUSDT,BINANCE,TRADE,1905.87,0.0027
2026-07-30 13:48:00,ETHUSDT,BINANCE,TRADE,1905.87,0.0027
2026-07-30 13:48:00,ETHUSDT,BINANCE,TRADE,1905.87,0.0027
2026-07-30 13:48:00,ETHUSDT,BINANCE,TRADE,1905.87,0.0027
2026-07-30 13:48:00,ETHUSDT,BINANCE,TRADE,1905.87,0.0027
2026-07-30 13:48:00,ETHUSDT,BINANCE,TRADE,1905.87,0.0028
2026-07-30 13:48:00,ETHUSDT,BINANCE,TRADE,1905.87,0.0027
2026-07-30 13:48:00,ETHUSDT,BINANCE,TRADE,1905.87,0.0027
2026-07-30 13:48:00,ETHUSDT,BINANCE,TRADE,1905.87,0.0027
2026-07-30 13:48:00,ETHUSDT,BINANCE,TRADE,1905.87,0.0028
2026-07-30 13:48:00,ETHUSDT,BINANCE,TRADE,1905.87,0.0027
2026-07-30 13:48:00,ETHUSDT,BINANCE,TRADE,1905.87,0.0027
2026-07-30 13:48:00,ETHUSDT,BINANCE,TRADE,1905.87,0.0031
2026-07-30 13:48:00,ETHUSDT,BINANCE,TRADE,1905.87,0.0031
2026-07-30 13:48:00,ETHUSDT,BINANCE,TRADE,1905.87,0.0031
2026-07-30 13:48:00,ETHUSDT,BINANCE,TRADE,1905.87,0.0027
2026-07-30 13:48:00,ETHUSDT,BINANCE,TRADE,1905.87,0.0027
2026-07-30 13:48:00,ETHUSDT,BINANCE,TRADE,1905.87,0.0027
2026-07-30 13:48:00,ETHUSDT,BINANCE,TRADE,1905.86,0.0027
2026-07-30 13:48:00,ETHUSDT,BINANCE,TRADE,1905.86,0.0027
2026-07-30 13:48:00,ETHUSDT,BINANCE,TRADE,1905.86,0.0027
2026-07-30 13:48:00,ETHUSDT,BINANCE,TRADE,1905.86,0.0027
2026-07-30 13:48:00,ETHUSDT,BINANCE,TRADE,1905.86,0.0028
2026-07-30 13:48:00,ETHUSDT,BINANCE,TRADE,1905.86,0.0027
2026-07-30 13:48:00,ETHUSDT,BINANCE,TRADE,1905.86,0.0027
2026-07-30 13:48:00,ETHUSDT,BINANCE,TRADE,1905.86,0.0027
2026-07-30 13:48:00,ETHUSDT,BINANCE,TRADE,1905.86,0.0027
2026-07-30 13:48:00,BTCUSDT,BINANCE,TRADE,64044.1,0.0005
2026-07-30 13:48:00,ETHUSDT,BINANCE,TRADE,1905.85,0.0027
2026-07-30 13:48:00,ETHUSDT,BINANCE,TRADE,1905.85,0.0028
2026-07-30 13:48:00,ETHUSDT,BINANCE,TRADE,1905.85,0.0027
2026-07-30 13:48:00,ETHUSDT,BINANCE,TRADE,1905.85,0.0027
2026-07-30 13:48:00,ETHUSDT,BINANCE,TRADE,1905.85,0.0031
2026-07-30 13:48:00,ETHUSDT,BINANCE,TRADE,1905.85,0.0031
2026-07-30 13:48:00,ETHUSDT,BINANCE,TRADE,1905.85,0.0031
2026-07-30 13:48:00,ETHUSDT,BINANCE,TRADE,1905.85,0.0027
2026-07-30 13:48:00,ETHUSDT,BINANCE,TRADE,1905.85,0.0027
2026-07-30 13:48:00,ETHUSDT,BINANCE,TRADE,1905.85,0.0027
2026-07-30 13:48:00,ETHUSDT,BINANCE,TRADE,1905.85,0.0027
2026-07-30 13:48:00,ETHUSDT,BINANCE,TRADE,1905.85,0.0027
2026-07-30 13:48:00,ETHUSDT,BINANCE,TRADE,1905.85,0.0027
2026-07-30 13:48:00,ETHUSDT,BINANCE,TRADE,1905.85,0.0027
2026-07-30 13:48:00,ETHUSDT,BINANCE,TRADE,1905.85,0.0027
2026-07-30 13:48:00,ETHUSDT,BINANCE,TRADE,1905.85,0.0027
2026-07-30 13:48:00,ETHUSDT,BINANCE,TRADE,1905.85,0.0027
2026-07-30 13:48:00,ETHUSDT,BINANCE,TRADE,1905.84,0.0027
2026-07-30 13:48:00,ETHUSDT,BINANCE,TRADE,1905.84,0.0027
2026-07-30 13:48:00,ETHUSDT,BINANCE,TRADE,1905.84,0.0028
2026-07-30 13:48:00,ETHUSDT,BINANCE,TRADE,1905.84,0.0027
2026-07-30 13:48:00,ETHUSDT,BINANCE,TRADE,1905.84,0.0027
2026-07-30 13:48:00,ETHUSDT,BINANCE,TRADE,1905.84,0.0027
2026-07-30 13:48:00,ETHUSDT,BINANCE,TRADE,1905.84,0.0027
2026-07-30 13:48:00,ETHUSDT,BINANCE,TRADE,1905.83,0.0027
2026-07-30 13:48:00,ETHUSDT,BINANCE,TRADE,1905.83,0.0027
2026-07-30 13:48:00,ETHUSDT,BINANCE,TRADE,1905.83,0.0028
2026-07-30 13:48:00,ETHUSDT,BINANCE,TRADE,1905.83,0.0027
2026-07-30 13:48:00,ETHUSDT,BINANCE,TRADE,1905.83,0.0027
2026-07-30 13:48:00,ETHUSDT,BINANCE,TRADE,1905.83,0.0027
2026-07-30 13:48:00,ETHUSDT,BINANCE,TRADE,1905.83,0.0027
2026-07-30 13:48:00,ETHUSDT,BINANCE,TRADE,1905.82,0.0027
2026-07-30 13:48:00,ETHUSDT,BINANCE,TRADE,1905.82,0.0027
2026-07-30 13:48:00,ETHUSDT,BINANCE,TRADE,1905.82,0.0028
2026-07-30 13:48:00,ETHUSDT,BINANCE,TRADE,1905.82,0.0027
2026-07-30 13:48:00,ETHUSDT,BINANCE,TRADE,1905.82,0.0027
2026-07-30 13:48:00,ETHUSDT,BINANCE,TRADE,1905.82,0.0027
2026-07-30 13:48:00,ETHUSDT,BINANCE,TRADE,1905.82,0.0027
2026-07-30 13:48:00,ETHUSDT,BINANCE,TRADE,1905.8,0.0027
2026-07-30 13:48:00,ETHUSDT,BINANCE,TRADE,1905.8,0.0028
2026-07-30 13:48:00,ETHUSDT,BINANCE,TRADE,1905.8,0.0027
2026-07-30 13:48:00,ETHUSDT,BINANCE,TRADE,1905.8,0.0027
2026-07-30 13:48:00,ETHUSDT,BINANCE,TRADE,1905.8,0.0027
2026-07-30 13:48:00,ETHUSDT,BINANCE,TRADE,1905.8,0.0027
2026-07-30 13:48:00,ETHUSDT,BINANCE,TRADE,1905.79,0.0028
2026-07-30 13:48:00,ETHUSDT,BINANCE,TRADE,1905.77,0.0027
2026-07-30 13:48:00,ETHUSDT,BINANCE,TRADE,1905.77,0.0028
2026-07-30 13:48:00,ETHUSDT,BINANCE,TRADE,1905.77,0.0027
2026-07-30 13:48:00,ETHUSDT,BINANCE,TRADE,1905.77,0.0027
2026-07-30 13:48:00,ETHUSDT,BINANCE,TRADE,1905.77,0.0027
2026-07-30 13:48:00,ETHUSDT,BINANCE,TRADE,1905.77,0.0027
2026-07-30 13:48:00,ETHUSDT,BINANCE,TRADE,1905.77,0.0027
2026-07-30 13:48:00,ETHUSDT,BINANCE,TRADE,1905.77,0.0027
2026-07-30 13:48:00,ETHUSDT,BINANCE,TRADE,1905.76,0.0027
2026-07-30 13:48:00,ETHUSDT,BINANCE,TRADE,1905.76,0.0028
2026-07-30 13:48:00,ETHUSDT,BINANCE,TRADE,1905.76,0.0027
2026-07-30 13:48:00,ETHUSDT,BINANCE,TRADE,1905.75,0.0027
2026-07-30 13:48:00,ETHUSDT,BINANCE,TRADE,1905.75,0.0027
2026-07-30 13:48:00,ETHUSDT,BINANCE,TRADE,1905.75,0.0028
2026-07-30 13:48:00,ETHUSDT,BINANCE,TRADE,1905.75,0.0028
2026-07-30 13:48:00,ETHUSDT,BINANCE,TRADE,1905.75,0.0028
2026-07-30 13:48:00,ETHUSDT,BINANCE,TRADE,1905.75,0.0027
2026-07-30 13:48:00,ETHUSDT,BINANCE,TRADE,1905.75,0.0028
2026-07-30 13:48:00,BTCUSDT,BINANCE,TRADE,64044.1,0.0005
2026-07-30 13:48:00,BTCUSDT,BINANCE,TRADE,64044.1,8e-05
2026-07-30 13:48:00,BTCUSDT,BINANCE,TRADE,64044.1,0.00042
2026-07-30 13:48:00,BTCUSDT,BINANCE,TRADE,64044.1,0.0005
2026-07-30 13:48:00,ETHUSDT,BINANCE,TRADE,1905.75,0.0216
2026-07-30 13:48:00,BTCUSDT,BINANCE,TRADE,64044.1,0.00033
2026-07-30 13:48:00,BTCUSDT,BINANCE,TRADE,64044.1,8e-05
2026-07-30 13:48:00,BTCUSDT,BINANCE,TRADE,64044.1,8e-05
2026-07-30 13:48:00,BTCUSDT,BINANCE,TRADE,64044.1,8e-05
2026-07-30 13:48:00,BTCUSDT,BINANCE,TRADE,64044.1,8e-05
2026-07-30 13:48:00,BTCUSDT,BINANCE,TRADE,64044.1,8e-05
2026-07-30 13:48:00,BTCUSDT,BINANCE,TRADE,64044.1,8e-05
2026-07-30 13:48:00,BTCUSDT,BINANCE,TRADE,64044.1,2e-05
2026-07-30 13:48:00,BTCUSDT,BINANCE,TRADE,64044.1,0.00033
2026-07-30 13:48:00,BTCUSDT,BINANCE,TRADE,64044.1,0.0005
2026-07-30 13:48:00,BTCUSDT,BINANCE,TRADE,64044.1,9e-05
2026-07-30 13:48:00,BTCUSDT,BINANCE,TRADE,64044.1,6e-05
2026-07-30 13:48:00,BTCUSDT,BINANCE,TRADE,64044.1,8e-05
2026-07-30 13:48:00,BTCUSDT,BINANCE,TRADE,64044.1,8e-05
2026-07-30 13:48:00,BTCUSDT,BINANCE,TRADE,64044.1,8e-05
2026-07-30 13:48:00,BTCUSDT,BINANCE,TRADE,64044.1,8e-05
2026-07-30 13:48:00,BTCUSDT,BINANCE,TRADE,64044.1,9e-05
2026-07-30 13:48:00,BTCUSDT,BINANCE,TRADE,64044.1,3e-05
2026-07-30 13:48:00,ETHUSDT,BINANCE,TRADE,1905.74,0.5188
2026-07-30 13:48:00,BTCUSDT,BINANCE,TRADE,64044.1,0.0005
2026-07-30 13:48:00,BTCUSDT,BINANCE,TRADE,64044.1,5e-05
2026-07-30 13:48:00,BTCUSDT,BINANCE,TRADE,64044.1,8e-05
2026-07-30 13:48:00,BTCUSDT,BINANCE,TRADE,64044.1,1e-05
2026-07-30 13:48:00,BTCUSDT,BINANCE,TRADE,64044.1,7e-05
2026-07-30 13:48:00,BTCUSDT,BINANCE,TRADE,64044.1,0.00043
2026-07-30 13:48:00,BTCUSDT,BINANCE,TRADE,64044.1,0.0005
2026-07-30 13:48:00,BTCUSDT,BINANCE,TRADE,64044.1,0.00281
2026-07-30 13:48:00,ETHUSDT,BINANCE,TRADE,1905.74,0.0027
2026-07-30 13:48:00,ETHUSDT,BINANCE,TRADE,1905.74,0.0027
2026-07-30 13:48:00,ETHUSDT,BINANCE,TRADE,1905.74,0.0028
2026-07-30 13:48:00,ETHUSDT,BINANCE,TRADE,1905.74,0.0027
2026-07-30 13:48:00,ETHUSDT,BINANCE,TRADE,1905.74,0.0027
2026-07-30 13:48:00,ETHUSDT,BINANCE,TRADE,1905.74,0.0027
2026-07-30 13:48:00,ETHUSDT,BINANCE,TRADE,1905.74,0.0028
2026-07-30 13:48:00,ETHUSDT,BINANCE,TRADE,1905.74,0.0027
2026-07-30 13:48:00,ETHUSDT,BINANCE,TRADE,1905.74,0.0031
2026-07-30 13:48:00,ETHUSDT,BINANCE,TRADE,1905.74,0.0031
2026-07-30 13:48:00,ETHUSDT,BINANCE,TRADE,1905.74,0.0031
2026-07-30 13:48:00,ETHUSDT,BINANCE,TRADE,1905.74,0.0027
2026-07-30 13:48:00,ETHUSDT,BINANCE,TRADE,1905.74,0.0027
2026-07-30 13:48:00,ETHUSDT,BINANCE,TRADE,1905.74,0.0027
2026-07-30 13:48:00,ETHUSDT,BINANCE,TRADE,1905.74,0.0027
2026-07-30 13:48:00,ETHUSDT,BINANCE,TRADE,1905.73,0.0027
2026-07-30 13:48:00,ETHUSDT,BINANCE,TRADE,1905.73,0.0028
2026-07-30 13:48:00,ETHUSDT,BINANCE,TRADE,1905.73,0.0027
2026-07-30 13:48:00,ETHUSDT,BINANCE,TRADE,1905.73,0.0027
2026-07-30 13:48:00,ETHUSDT,BINANCE,TRADE,1905.73,0.0027
2026-07-30 13:48:00,ETHUSDT,BINANCE,TRADE,1905.73,0.0027
2026-07-30 13:48:00,ETHUSDT,BINANCE,TRADE,1905.72,0.003
2026-07-30 13:48:00,ETHUSDT,BINANCE,TRADE,1905.72,0.0027
2026-07-30 13:48:00,ETHUSDT,BINANCE,TRADE,1905.72,0.0027
2026-07-30 13:48:00,ETHUSDT,BINANCE,TRADE,1905.72,0.0028
2026-07-30 13:48:00,ETHUSDT,BINANCE,TRADE,1905.72,0.0027
2026-07-30 13:48:00,ETHUSDT,BINANCE,TRADE,1905.72,0.0027
2026-07-30 13:48:00,ETHUSDT,BINANCE,TRADE,1905.7,0.0028
2026-07-30 13:48:00,BTCUSDT,BINANCE,TRADE,64044.1,0.0005
2026-07-30 13:48:00,BTCUSDT,BINANCE,TRADE,64044.1,0.00012
2026-07-30 13:48:00,BTCUSDT,BINANCE,TRADE,64044.1,0.0005
2026-07-30 13:48:00,BTCUSDT,BINANCE,TRADE,64044.1,0.0005
2026-07-30 13:48:00,BTCUSDT,BINANCE,TRADE,64044.1,0.00014
2026-07-30 13:48:00,BTCUSDT,BINANCE,TRADE,64044.1,0.0005
2026-07-30 13:48:00,BTCUSDT,BINANCE,TRADE,64044.1,0.0013
2026-07-30 13:48:00,BTCUSDT,BINANCE,TRADE,64044.1,0.0005
2026-07-30 13:48:00,BTCUSDT,BINANCE,TRADE,64044.1,0.0005
2026-07-30 13:48:00,BTCUSDT,BINANCE,TRADE,64044.1,0.0005
2026-07-30 13:48:00,BTCUSDT,BINANCE,TRADE,64044.1,0.00045
2026-07-30 13:48:00,BTCUSDT,BINANCE,TRADE,64044.1,8e-05
2026-07-30 13:48:00,BTCUSDT,BINANCE,TRADE,64044.1,0.00019
2026-07-30 13:48:00,BTCUSDT,BINANCE,TRADE,64044.1,0.0005
2026-07-30 13:48:00,BTCUSDT,BINANCE,TRADE,64044.1,0.0005
2026-07-30 13:48:00,BTCUSDT,BINANCE,TRADE,64044.1,0.0005
2026-07-30 13:48:00,BTCUSDT,BINANCE,TRADE,64044.1,0.0005
2026-07-30 13:48:00,BTCUSDT,BINANCE,TRADE,64044.1,0.0005
2026-07-30 13:48:00,BTCUSDT,BINANCE,TRADE,64044.1,0.002
2026-07-30 13:48:00,BTCUSDT,BINANCE,TRADE,64044.1,0.0005
2026-07-30 13:48:00,BTCUSDT,BINANCE,TRADE,64044.1,0.0005
2026-07-30 13:48:00,BTCUSDT,BINANCE,TRADE,64044.1,0.00292
2026-07-30 13:48:00,BTCUSDT,BINANCE,TRADE,64044.1,0.00019
2026-07-30 13:48:00,BTCUSDT,BINANCE,TRADE,64044.1,0.0005
2026-07-30 13:48:00,BTCUSDT,BINANCE,TRADE,64044.1,0.00164
2026-07-30 13:48:00,BTCUSDT,BINANCE,TRADE,64044.1,0.0005
2026-07-30 13:48:00,BTCUSDT,BINANCE,TRADE,64044.1,0.0005
2026-07-30 13:48:00,BTCUSDT,BINANCE,TRADE,64044.1,0.0005
2026-07-30 13:48:00,BTCUSDT,BINANCE,TRADE,64044.1,0.0005
2026-07-30 13:48:00,BTCUSDT,BINANCE,TRADE,64044.1,0.0005
2026-07-30 13:48:00,BTCUSDT,BINANCE,TRADE,64044.1,0.0005
2026-07-30 13:48:00,BTCUSDT,BINANCE,TRADE,64044.1,0.0005
2026-07-30 13:48:00,BTCUSDT,BINANCE,TRADE,64044.1,0.0005
2026-07-30 13:48:00,BTCUSDT,BINANCE,TRADE,64044.1,0.00167
2026-07-30 13:48:00,BTCUSDT,BINANCE,TRADE,64044.1,0.00018
2026-07-30 13:48:00,BTCUSDT,BINANCE,TRADE,64044.1,0.0005
2026-07-30 13:48:00,BTCUSDT,BINANCE,TRADE,64044.1,0.00063
2026-07-30 13:48:00,BTCUSDT,BINANCE,TRADE,64044.1,0.00437
2026-07-30 13:48:00,BTCUSDT,BINANCE,TRADE,64044.1,0.005
2026-07-30 13:48:00,BTCUSDT,BINANCE,TRADE,64044.1,0.00063
2026-07-30 13:48:00,BTCUSDT,BINANCE,TRADE,64044.1,0.00437
2026-07-30 13:48:00,BTCUSDT,BINANCE,TRADE,64044.1,0.00017
2026-07-30 13:48:00,BTCUSDT,BINANCE,TRADE,64044.1,0.00046
2026-07-30 13:48:00,BTCUSDT,BINANCE,TRADE,64044.1,4e-05
2026-07-30 13:48:01,BTCUSDT,BINANCE,TRADE,64044.1,0.01
2026-07-30 13:48:01,BTCUSDT,BINANCE,TRADE,64044.1,0.005
2026-07-30 13:48:01,BTCUSDT,BINANCE,TRADE,64044.1,0.0005
2026-07-30 13:48:01,BTCUSDT,BINANCE,TRADE,64044.1,0.005
2026-07-30 13:48:01,BTCUSDT,BINANCE,TRADE,64044.1,0.0005
2026-07-30 13:48:01,BTCUSDT,BINANCE,TRADE,64044.1,0.0005
2026-07-30 13:48:01,BTCUSDT,BINANCE,TRADE,64044.1,0.00023
2026-07-30 13:48:01,BTCUSDT,BINANCE,TRADE,64044.1,0.0005
2026-07-30 13:48:01,BTCUSDT,BINANCE,TRADE,64044.1,0.0005
2026-07-30 13:48:01,BTCUSDT,BINANCE,TRADE,64044.1,0.00016
2026-07-30 13:48:01,BTCUSDT,BINANCE,TRADE,64044.1,0.0005
2026-07-30 13:48:01,BTCUSDT,BINANCE,TRADE,64044.1,0.0005
2026-07-30 13:48:01,BTCUSDT,BINANCE,TRADE,64044.1,0.0005
2026-07-30 13:48:01,BTCUSDT,BINANCE,TRADE,64044.1,0.0005
2026-07-30 13:48:01,BTCUSDT,BINANCE,TRADE,64044.1,0.0005
2026-07-30 13:48:01,BTCUSDT,BINANCE,TRADE,64044.1,0.0005
2026-07-30 13:48:01,BTCUSDT,BINANCE,TRADE,64044.1,0.0005
2026-07-30 13:48:01,BTCUSDT,BINANCE,TRADE,64044.1,0.00795
2026-07-30 13:48:01,BTCUSDT,BINANCE,TRADE,64044.1,8e-05
2026-07-30 13:48:01,BTCUSDT,BINANCE,TRADE,64044.1,8e-05
2026-07-30 13:48:01,BTCUSDT,BINANCE,TRADE,64044.1,8e-05
2026-07-30 13:48:01,BTCUSDT,BINANCE,TRADE,64044.1,8e-05
2026-07-30 13:48:01,BTCUSDT,BINANCE,TRADE,64044.1,0.00736
2026-07-30 13:48:01,BTCUSDT,BINANCE,TRADE,64044.1,0.00033
2026-07-30 13:48:01,BTCUSDT,BINANCE,TRADE,64044.1,0.0005
2026-07-30 13:48:01,BTCUSDT,BINANCE,TRADE,64044.1,0.0005
2026-07-30 13:48:01,BTCUSDT,BINANCE,TRADE,64044.1,0.0005
2026-07-30 13:48:01,BTCUSDT,BINANCE,TRADE,64044.1,0.0005
2026-07-30 13:48:01,BTCUSDT,BINANCE,TRADE,64044.1,0.0005
2026-07-30 13:48:01,ETHUSDT,BINANCE,TRADE,1905.69,0.0027
2026-07-30 13:48:01,ETHUSDT,BINANCE,TRADE,1905.69,0.0028
2026-07-30 13:48:01,ETHUSDT,BINANCE,TRADE,1905.69,0.0031
2026-07-30 13:48:01,ETHUSDT,BINANCE,TRADE,1905.69,0.0027
2026-07-30 13:48:01,ETHUSDT,BINANCE,TRADE,1905.69,0.0027
2026-07-30 13:48:01,ETHUSDT,BINANCE,TRADE,1905.69,0.0028
2026-07-30 13:48:01,ETHUSDT,BINANCE,TRADE,1905.69,0.0027
2026-07-30 13:48:01,ETHUSDT,BINANCE,TRADE,1905.69,0.115
2026-07-30 13:48:01,ETHUSDT,BINANCE,TRADE,1905.69,0.0031
2026-07-30 13:48:01,ETHUSDT,BINANCE,TRADE,1905.69,0.0027
2026-07-30 13:48:01,ETHUSDT,BINANCE,TRADE,1905.68,0.0027
2026-07-30 13:48:01,ETHUSDT,BINANCE,TRADE,1905.68,0.0028
2026-07-30 13:48:01,ETHUSDT,BINANCE,TRADE,1905.68,0.0027
2026-07-30 13:48:01,ETHUSDT,BINANCE,TRADE,1905.68,0.0027
2026-07-30 13:48:01,ETHUSDT,BINANCE,TRADE,1905.67,0.0027
2026-07-30 13:48:01,ETHUSDT,BINANCE,TRADE,1905.67,0.0027
2026-07-30 13:48:01,ETHUSDT,BINANCE,TRADE,1905.67,0.0028
2026-07-30 13:48:01,ETHUSDT,BINANCE,TRADE,1905.67,0.0027
2026-07-30 13:48:01,ETHUSDT,BINANCE,TRADE,1905.67,0.0027
2026-07-30 13:48:01,ETHUSDT,BINANCE,TRADE,1905.67,0.0027
2026-07-30 13:48:01,ETHUSDT,BINANCE,TRADE,1905.67,0.0027
2026-07-30 13:48:01,ETHUSDT,BINANCE,TRADE,1905.67,0.0027
2026-07-30 13:48:01,ETHUSDT,BINANCE,TRADE,1905.67,0.0027
2026-07-30 13:48:01,ETHUSDT,BINANCE,TRADE,1905.67,0.0027
2026-07-30 13:48:01,ETHUSDT,BINANCE,TRADE,1905.67,0.0027
2026-07-30 13:48:01,ETHUSDT,BINANCE,TRADE,1905.66,0.0027
2026-07-30 13:48:01,ETHUSDT,BINANCE,TRADE,1905.66,0.0028
2026-07-30 13:48:01,ETHUSDT,BINANCE,TRADE,1905.65,0.0028
2026-07-30 13:48:01,ETHUSDT,BINANCE,TRADE,1905.64,0.0027
2026-07-30 13:48:01,ETHUSDT,BINANCE,TRADE,1905.64,0.0028
2026-07-30 13:48:01,ETHUSDT,BINANCE,TRADE,1905.64,0.0027
2026-07-30 13:48:01,ETHUSDT,BINANCE,TRADE,1905.63,0.0027
2026-07-30 13:48:01,ETHUSDT,BINANCE,TRADE,1905.63,0.0028
2026-07-30 13:48:01,ETHUSDT,BINANCE,TRADE,1905.63,0.0027
2026-07-30 13:48:01,ETHUSDT,BINANCE,TRADE,1905.61,0.0027
2026-07-30 13:48:01,ETHUSDT,BINANCE,TRADE,1905.61,0.0028
2026-07-30 13:48:01,ETHUSDT,BINANCE,TRADE,1905.61,0.0027
2026-07-30 13:48:01,ETHUSDT,BINANCE,TRADE,1905.61,0.0027
2026-07-30 13:48:01,ETHUSDT,BINANCE,TRADE,1905.61,0.0027
2026-07-30 13:48:01,ETHUSDT,BINANCE,TRADE,1905.61,0.0027
2026-07-30 13:48:01,ETHUSDT,BINANCE,TRADE,1905.6,0.0032
2026-07-30 13:48:01,ETHUSDT,BINANCE,TRADE,1905.6,0.003
2026-07-30 13:48:01,ETHUSDT,BINANCE,TRADE,1905.6,0.0027
2026-07-30 13:48:01,ETHUSDT,BINANCE,TRADE,1905.6,0.0028
2026-07-30 13:48:01,ETHUSDT,BINANCE,TRADE,1905.6,0.0027
2026-07-30 13:48:01,ETHUSDT,BINANCE,TRADE,1905.6,0.0027
2026-07-30 13:48:01,ETHUSDT,BINANCE,TRADE,1905.6,0.0027
2026-07-30 13:48:01,ETHUSDT,BINANCE,TRADE,1905.6,0.0027
2026-07-30 13:48:01,ETHUSDT,BINANCE,TRADE,1905.6,0.0027
2026-07-30 13:48:01,ETHUSDT,BINANCE,TRADE,1905.6,0.0027
2026-07-30 13:48:01,ETHUSDT,BINANCE,TRADE,1905.58,0.0027
2026-07-30 13:48:01,ETHUSDT,BINANCE,TRADE,1905.58,0.0027
2026-07-30 13:48:01,ETHUSDT,BINANCE,TRADE,1905.58,0.0027
2026-07-30 13:48:01,ETHUSDT,BINANCE,TRADE,1905.58,0.0027
2026-07-30 13:48:01,ETHUSDT,BINANCE,TRADE,1905.57,0.0027
2026-07-30 13:48:01,ETHUSDT,BINANCE,TRADE,1905.57,0.0027
2026-07-30 13:48:01,ETHUSDT,BINANCE,TRADE,1905.57,0.0028
2026-07-30 13:48:01,ETHUSDT,BINANCE,TRADE,1905.57,0.0028
2026-07-30 13:48:01,ETHUSDT,BINANCE,TRADE,1905.57,0.0027
2026-07-30 13:48:01,ETHUSDT,BINANCE,TRADE,1905.57,0.0028
2026-07-30 13:48:01,ETHUSDT,BINANCE,TRADE,1905.57,0.0027
2026-07-30 13:48:01,ETHUSDT,BINANCE,TRADE,1905.57,0.0027
2026-07-30 13:48:01,ETHUSDT,BINANCE,TRADE,1905.57,0.0027
2026-07-30 13:48:01,BTCUSDT,BINANCE,TRADE,64044.1,0.0005
2026-07-30 13:48:01,SOLUSDT,BINANCE,TRADE,73.44,10.154
2026-07-30 13:48:01,SOLUSDT,BINANCE,TRADE,73.44,0.069
2026-07-30 13:48:01,SOLUSDT,BINANCE,TRADE,73.44,0.277
2026-07-30 13:48:01,SOLUSDT,BINANCE,TRADE,73.44,0.072
2026-07-30 13:48:01,SOLUSDT,BINANCE,TRADE,73.44,0.072
2026-07-30 13:48:01,SOLUSDT,BINANCE,TRADE,73.44,16.586
2026-07-30 13:48:01,BTCUSDT,BINANCE,TRADE,64044.1,0.00019
2026-07-30 13:48:01,BTCUSDT,BINANCE,TRADE,64044.1,0.0005
2026-07-30 13:48:01,BTCUSDT,BINANCE,TRADE,64044.1,0.0005
2026-07-30 13:48:01,BTCUSDT,BINANCE,TRADE,64044.1,0.0005
2026-07-30 13:48:01,BTCUSDT,BINANCE,TRADE,64044.1,0.0013
2026-07-30 13:48:01,BTCUSDT,BINANCE,TRADE,64044.1,0.0005
2026-07-30 13:48:01,BTCUSDT,BINANCE,TRADE,64044.1,0.0005
2026-07-30 13:48:01,BTCUSDT,BINANCE,TRADE,64044.1,0.0005
2026-07-30 13:48:01,BTCUSDT,BINANCE,TRADE,64044.1,0.005
2026-07-30 13:48:01,ETHUSDT,BINANCE,TRADE,1905.57,1.0492
2026-07-30 13:48:01,BTCUSDT,BINANCE,TRADE,64044.1,0.0005
2026-07-30 13:48:01,BTCUSDT,BINANCE,TRADE,64044.1,0.0005
2026-07-30 13:48:01,BTCUSDT,BINANCE,TRADE,64044.1,0.0005
2026-07-30 13:48:01,BTCUSDT,BINANCE,TRADE,64044.1,0.0005
2026-07-30 13:48:01,BTCUSDT,BINANCE,TRADE,64044.1,0.0005
2026-07-30 13:48:01,BTCUSDT,BINANCE,TRADE,64044.1,0.0003
2026-07-30 13:48:01,BTCUSDT,BINANCE,TRADE,64044.1,0.0005
2026-07-30 13:48:01,BTCUSDT,BINANCE,TRADE,64044.1,0.0005
2026-07-30 13:48:01,BTCUSDT,BINANCE,TRADE,64044.1,0.0005
2026-07-30 13:48:01,BTCUSDT,BINANCE,TRADE,64044.1,0.0005
2026-07-30 13:48:01,BTCUSDT,BINANCE,TRADE,64044.1,0.0005
2026-07-30 13:48:01,BTCUSDT,BINANCE,TRADE,64044.1,0.0005
2026-07-30 13:48:01,BTCUSDT,BINANCE,TRADE,64044.1,0.0005
2026-07-30 13:48:01,BTCUSDT,BINANCE,TRADE,64044.1,0.0005
2026-07-30 13:48:01,BTCUSDT,BINANCE,TRADE,64044.1,0.0005
2026-07-30 13:48:01,BTCUSDT,BINANCE,TRADE,64044.1,0.0005
2026-07-30 13:48:01,BTCUSDT,BINANCE,TRADE,64044.1,0.0005
2026-07-30 13:48:01,BTCUSDT,BINANCE,TRADE,64044.1,0.00312
2026-07-30 13:48:01,BTCUSDT,BINANCE,TRADE,64044.1,0.0013
2026-07-30 13:48:01,BTCUSDT,BINANCE,TRADE,64044.1,0.0005
2026-07-30 13:48:01,ETHUSDT,BINANCE,TRADE,1905.57,0.0524
2026-07-30 13:48:01,BTCUSDT,BINANCE,TRADE,64044.1,0.0005
2026-07-30 13:48:01,BTCUSDT,BINANCE,TRADE,64044.1,0.0005
2026-07-30 13:48:01,BTCUSDT,BINANCE,TRADE,64044.1,0.0005
2026-07-30 13:48:01,BTCUSDT,BINANCE,TRADE,64044.1,0.0005
2026-07-30 13:48:01,BTCUSDT,BINANCE,TRADE,64044.1,0.0005
2026-07-30 13:48:01,BTCUSDT,BINANCE,TRADE,64044.1,0.0005
2026-07-30 13:48:01,BTCUSDT,BINANCE,TRADE,64044.1,0.0005
2026-07-30 13:48:01,BTCUSDT,BINANCE,TRADE,64044.1,0.0005
2026-07-30 13:48:01,BTCUSDT,BINANCE,TRADE,64044.1,0.00057
2026-07-30 13:48:01,BTCUSDT,BINANCE,TRADE,64044.1,0.0005
2026-07-30 13:48:01,BTCUSDT,BINANCE,TRADE,64044.1,0.00468
2026-07-30 13:48:01,BTCUSDT,BINANCE,TRADE,64044.1,0.0005
2026-07-30 13:48:01,BTCUSDT,BINANCE,TRADE,64044.1,0.0005
2026-07-30 13:48:01,BTCUSDT,BINANCE,TRADE,64044.1,0.0005
2026-07-30 13:48:01,BTCUSDT,BINANCE,TRADE,64044.1,0.00012
2026-07-30 13:48:01,BTCUSDT,BINANCE,TRADE,64044.1,0.0005
2026-07-30 13:48:01,BTCUSDT,BINANCE,TRADE,64044.1,0.0005
2026-07-30 13:48:01,BTCUSDT,BINANCE,TRADE,64044.1,0.0005
2026-07-30 13:48:01,BTCUSDT,BINANCE,TRADE,64044.1,0.0005
2026-07-30 13:48:01,BTCUSDT,BINANCE,TRADE,64044.1,0.0005
2026-07-30 13:48:01,BTCUSDT,BINANCE,TRADE,64044.1,0.0005
2026-07-30 13:48:01,BTCUSDT,BINANCE,TRADE,64044.1,0.00351
2026-07-30 13:48:01,BTCUSDT,BINANCE,TRADE,64044.1,0.0005
2026-07-30 13:48:01,BTCUSDT,BINANCE,TRADE,64044.1,0.00224
2026-07-30 13:48:01,BTCUSDT,BINANCE,TRADE,64044.1,0.01873
2026-07-30 13:48:01,BTCUSDT,BINANCE,TRADE,64044.1,0.0005
2026-07-30 13:48:01,BTCUSDT,BINANCE,TRADE,64044.1,0.0005
2026-07-30 13:48:01,BTCUSDT,BINANCE,TRADE,64044.1,0.0005
2026-07-30 13:48:01,BTCUSDT,BINANCE,TRADE,64044.1,0.00038
2026-07-30 13:48:01,BTCUSDT,BINANCE,TRADE,64044.1,0.00019
2026-07-30 13:48:01,BTCUSDT,BINANCE,TRADE,64044.1,0.0005
2026-07-30 13:48:01,BTCUSDT,BINANCE,TRADE,64044.1,0.0005
2026-07-30 13:48:01,BTCUSDT,BINANCE,TRADE,64044.1,9e-05
2026-07-30 13:48:01,BTCUSDT,BINANCE,TRADE,64044.1,0.0005
2026-07-30 13:48:01,BTCUSDT,BINANCE,TRADE,64044.1,0.0005
2026-07-30 13:48:01,BTCUSDT,BINANCE,TRADE,64044.1,0.0005
2026-07-30 13:48:01,BTCUSDT,BINANCE,TRADE,64044.1,0.0005
2026-07-30 13:48:01,BTCUSDT,BINANCE,TRADE,64044.1,0.0005
2026-07-30 13:48:01,BTCUSDT,BINANCE,TRADE,64044.1,0.0005
2026-07-30 13:48:01,BTCUSDT,BINANCE,TRADE,64044.1,0.0005
2026-07-30 13:48:01,ETHUSDT,BINANCE,TRADE,1905.56,0.0027
2026-07-30 13:48:01,ETHUSDT,BINANCE,TRADE,1905.56,0.0072
2026-07-30 13:48:01,ETHUSDT,BINANCE,TRADE,1905.56,2.4729
2026-07-30 13:48:01,SOLUSDT,BINANCE,TRADE,73.44,0.86
2026-07-30 13:48:01,BTCUSDT,BINANCE,TRADE,64044.1,0.0005
2026-07-30 13:48:01,BTCUSDT,BINANCE,TRADE,64044.1,0.0005
2026-07-30 13:48:01,BTCUSDT,BINANCE,TRADE,64044.1,0.00456
2026-07-30 13:48:01,BTCUSDT,BINANCE,TRADE,64044.1,0.0005
2026-07-30 13:48:01,BTCUSDT,BINANCE,TRADE,64044.1,0.0005
2026-07-30 13:48:01,BTCUSDT,BINANCE,TRADE,64044.1,0.0005
2026-07-30 13:48:01,BTCUSDT,BINANCE,TRADE,64044.1,0.0005
2026-07-30 13:48:01,BTCUSDT,BINANCE,TRADE,64044.1,0.0005
2026-07-30 13:48:01,BTCUSDT,BINANCE,TRADE,64044.1,0.0005
2026-07-30 13:48:01,BTCUSDT,BINANCE,TRADE,64044.1,0.0005
2026-07-30 13:48:01,BTCUSDT,BINANCE,TRADE,64044.1,0.0005
2026-07-30 13:48:01,BTCUSDT,BINANCE,TRADE,64044.1,0.0005
2026-07-30 13:48:01,BTCUSDT,BINANCE,TRADE,64044.1,0.0005
2026-07-30 13:48:01,BTCUSDT,BINANCE,TRADE,64044.1,0.0005
2026-07-30 13:48:01,BTCUSDT,BINANCE,TRADE,64044.1,0.0013
2026-07-30 13:48:01,BTCUSDT,BINANCE,TRADE,64044.1,0.0005
2026-07-30 13:48:01,BTCUSDT,BINANCE,TRADE,64044.1,0.0005
2026-07-30 13:48:01,BTCUSDT,BINANCE,TRADE,64044.1,0.0005
2026-07-30 13:48:01,BTCUSDT,BINANCE,TRADE,64044.1,0.0005
2026-07-30 13:48:01,BTCUSDT,BINANCE,TRADE,64044.1,0.00029
2026-07-30 13:48:01,BTCUSDT,BINANCE,TRADE,64044.1,0.0005
2026-07-30 13:48:01,BTCUSDT,BINANCE,TRADE,64044.1,0.0005
2026-07-30 13:48:02,BTCUSDT,BINANCE,TRADE,64044.1,0.0005
2026-07-30 13:48:02,BTCUSDT,BINANCE,TRADE,64044.1,0.0005
2026-07-30 13:48:02,BTCUSDT,BINANCE,TRADE,64044.1,0.0005
2026-07-30 13:48:02,BTCUSDT,BINANCE,TRADE,64044.1,0.00772
2026-07-30 13:48:02,BTCUSDT,BINANCE,TRADE,64044.1,0.00019
2026-07-30 13:48:02,BTCUSDT,BINANCE,TRADE,64044.1,0.0005
2026-07-30 13:48:02,ETHUSDT,BINANCE,TRADE,1905.56,0.0216
2026-07-30 13:48:02,BTCUSDT,BINANCE,TRADE,64044.1,0.0013
2026-07-30 13:48:02,BTCUSDT,BINANCE,TRADE,64044.1,0.0005
2026-07-30 13:48:02,BTCUSDT,BINANCE,TRADE,64044.1,0.0005
2026-07-30 13:48:02,BTCUSDT,BINANCE,TRADE,64044.1,0.00079
2026-07-30 13:48:02,BTCUSDT,BINANCE,TRADE,64044.1,0.0005
2026-07-30 13:48:02,BTCUSDT,BINANCE,TRADE,64044.1,0.0005
2026-07-30 13:48:02,BTCUSDT,BINANCE,TRADE,64044.1,0.0005
2026-07-30 13:48:02,BTCUSDT,BINANCE,TRADE,64044.1,0.00014
2026-07-30 13:48:02,BTCUSDT,BINANCE,TRADE,64044.1,0.0005
2026-07-30 13:48:02,BTCUSDT,BINANCE,TRADE,64044.1,0.0005
2026-07-30 13:48:02,BTCUSDT,BINANCE,TRADE,64044.1,0.0005
2026-07-30 13:48:02,BTCUSDT,BINANCE,TRADE,64044.1,0.0005
2026-07-30 13:48:02,BTCUSDT,BINANCE,TRADE,64044.1,0.0005
2026-07-30 13:48:02,BTCUSDT,BINANCE,TRADE,64044.1,0.0005
2026-07-30 13:48:02,BTCUSDT,BINANCE,TRADE,64044.1,0.0003
2026-07-30 13:48:02,BTCUSDT,BINANCE,TRADE,64044.1,0.0005
2026-07-30 13:48:02,BTCUSDT,BINANCE,TRADE,64044.1,0.0013
2026-07-30 13:48:02,BTCUSDT,BINANCE,TRADE,64044.1,0.0005
2026-07-30 13:48:02,BTCUSDT,BINANCE,TRADE,64044.1,0.0005
2026-07-30 13:48:02,ETHUSDT,BINANCE,TRADE,1905.57,0.0143
2026-07-30 13:48:02,BTCUSDT,BINANCE,TRADE,64044.1,0.01327
2026-07-30 13:48:02,BTCUSDT,BINANCE,TRADE,64044.1,0.01563
2026-07-30 13:48:02,BTCUSDT,BINANCE,TRADE,64044.1,0.0005
2026-07-30 13:48:02,BTCUSDT,BINANCE,TRADE,64044.1,0.0005
2026-07-30 13:48:02,BTCUSDT,BINANCE,TRADE,64044.1,0.0005
2026-07-30 13:48:02,BTCUSDT,BINANCE,TRADE,64044.1,0.0005
2026-07-30 13:48:02,BTCUSDT,BINANCE,TRADE,64044.1,0.00033
2026-07-30 13:48:02,BTCUSDT,BINANCE,TRADE,64044.1,0.0005
2026-07-30 13:48:02,BTCUSDT,BINANCE,TRADE,64044.1,0.0005
2026-07-30 13:48:02,BTCUSDT,BINANCE,TRADE,64044.1,0.0005
2026-07-30 13:48:02,BTCUSDT,BINANCE,TRADE,64044.1,0.00029
2026-07-30 13:48:02,BTCUSDT,BINANCE,TRADE,64044.1,0.0005
2026-07-30 13:48:02,BTCUSDT,BINANCE,TRADE,64044.1,0.0005
2026-07-30 13:48:02,BTCUSDT,BINANCE,TRADE,64044.1,0.00308
2026-07-30 13:48:02,BTCUSDT,BINANCE,TRADE,64044.1,0.0005
2026-07-30 13:48:02,BTCUSDT,BINANCE,TRADE,64044.1,0.0005
2026-07-30 13:48:02,BTCUSDT,BINANCE,TRADE,64044.1,0.0005
2026-07-30 13:48:02,BTCUSDT,BINANCE,TRADE,64044.1,0.0005
2026-07-30 13:48:02,BTCUSDT,BINANCE,TRADE,64044.1,0.00033
2026-07-30 13:48:02,BTCUSDT,BINANCE,TRADE,64044.1,0.0005
2026-07-30 13:48:02,BTCUSDT,BINANCE,TRADE,64044.1,0.00038
2026-07-30 13:48:02,BTCUSDT,BINANCE,TRADE,64044.1,0.0005
2026-07-30 13:48:02,BTCUSDT,BINANCE,TRADE,64044.1,0.0005
2026-07-30 13:48:02,BTCUSDT,BINANCE,TRADE,64044.1,0.00521
2026-07-30 13:48:02,BTCUSDT,BINANCE,TRADE,64044.1,0.0005
2026-07-30 13:48:02,BTCUSDT,BINANCE,TRADE,64044.1,0.00156
2026-07-30 13:48:02,BTCUSDT,BINANCE,TRADE,64044.1,0.0005
2026-07-30 13:48:02,BTCUSDT,BINANCE,TRADE,64044.1,0.0005
2026-07-30 13:48:02,BTCUSDT,BINANCE,TRADE,64044.1,0.0005
2026-07-30 13:48:02,BTCUSDT,BINANCE,TRADE,64044.1,0.0005
2026-07-30 13:48:02,BTCUSDT,BINANCE,TRADE,64044.1,0.0005
2026-07-30 13:48:02,BTCUSDT,BINANCE,TRADE,64044.1,0.0005
2026-07-30 13:48:02,ETHUSDT,BINANCE,TRADE,1905.56,0.2383
2026-07-30 13:48:02,BTCUSDT,BINANCE,TRADE,64044.1,0.0005
2026-07-30 13:48:02,BTCUSDT,BINANCE,TRADE,64044.1,0.0005
2026-07-30 13:48:02,BTCUSDT,BINANCE,TRADE,64044.1,0.0005
2026-07-30 13:48:02,BTCUSDT,BINANCE,TRADE,64044.1,0.0005
2026-07-30 13:48:02,BTCUSDT,BINANCE,TRADE,64044.1,0.0005
2026-07-30 13:48:02,BTCUSDT,BINANCE,TRADE,64044.1,0.00166
2026-07-30 13:48:02,BTCUSDT,BINANCE,TRADE,64044.1,0.0005
2026-07-30 13:48:02,BTCUSDT,BINANCE,TRADE,64044.1,0.0005
2026-07-30 13:48:02,BTCUSDT,BINANCE,TRADE,64044.1,0.0005
2026-07-30 13:48:02,BTCUSDT,BINANCE,TRADE,64044.1,0.00017
2026-07-30 13:48:02,BTCUSDT,BINANCE,TRADE,64044.1,0.0005
2026-07-30 13:48:02,BTCUSDT,BINANCE,TRADE,64044.1,0.00018
2026-07-30 13:48:02,BTCUSDT,BINANCE,TRADE,64044.1,0.0005
2026-07-30 13:48:02,BTCUSDT,BINANCE,TRADE,64044.1,0.0005
2026-07-30 13:48:02,BTCUSDT,BINANCE,TRADE,64044.1,0.00023
2026-07-30 13:48:02,BTCUSDT,BINANCE,TRADE,64044.1,0.0005
2026-07-30 13:48:02,BTCUSDT,BINANCE,TRADE,64044.1,0.00515
2026-07-30 13:48:02,BTCUSDT,BINANCE,TRADE,64044.1,0.0005
2026-07-30 13:48:02,BTCUSDT,BINANCE,TRADE,64044.1,0.00065
2026-07-30 13:48:02,BTCUSDT,BINANCE,TRADE,64044.1,0.0005
2026-07-30 13:48:02,BTCUSDT,BINANCE,TRADE,64044.1,0.0005
2026-07-30 13:48:02,BTCUSDT,BINANCE,TRADE,64044.1,0.0005
2026-07-30 13:48:02,BTCUSDT,BINANCE,TRADE,64044.1,0.0005
2026-07-30 13:48:02,ETHUSDT,BINANCE,TRADE,1905.57,0.1091
2026-07-30 13:48:02,BTCUSDT,BINANCE,TRADE,64044.1,0.0005
2026-07-30 13:48:02,BTCUSDT,BINANCE,TRADE,64044.1,0.0005
2026-07-30 13:48:02,BTCUSDT,BINANCE,TRADE,64044.1,0.0005
2026-07-30 13:48:02,BTCUSDT,BINANCE,TRADE,64044.1,0.0013
2026-07-30 13:48:02,BTCUSDT,BINANCE,TRADE,64044.1,0.0005
2026-07-30 13:48:02,BTCUSDT,BINANCE,TRADE,64044.1,0.00129
2026-07-30 13:48:02,BTCUSDT,BINANCE,TRADE,64044.1,0.0005
2026-07-30 13:48:02,BTCUSDT,BINANCE,TRADE,64044.1,0.0005
2026-07-30 13:48:02,BTCUSDT,BINANCE,TRADE,64044.1,0.0005
2026-07-30 13:48:02,BTCUSDT,BINANCE,TRADE,64044.1,0.0005
2026-07-30 13:48:02,BTCUSDT,BINANCE,TRADE,64044.1,0.0005
2026-07-30 13:48:02,BTCUSDT,BINANCE,TRADE,64044.1,0.0005
2026-07-30 13:48:02,BTCUSDT,BINANCE,TRADE,64044.1,0.0005
2026-07-30 13:48:02,ETHUSDT,BINANCE,TRADE,1905.56,0.0079
2026-07-30 13:48:02,BTCUSDT,BINANCE,TRADE,64044.1,0.0005
2026-07-30 13:48:02,BTCUSDT,BINANCE,TRADE,64044.1,0.0005
2026-07-30 13:48:02,BTCUSDT,BINANCE,TRADE,64044.1,0.0005
2026-07-30 13:48:02,BTCUSDT,BINANCE,TRADE,64044.1,0.0005
2026-07-30 13:48:02,BTCUSDT,BINANCE,TRADE,64044.1,0.0005
2026-07-30 13:48:02,BTCUSDT,BINANCE,TRADE,64044.1,0.0005
2026-07-30 13:48:02,BTCUSDT,BINANCE,TRADE,64044.1,0.00024
2026-07-30 13:48:02,BTCUSDT,BINANCE,TRADE,64044.1,0.0005
2026-07-30 13:48:02,BTCUSDT,BINANCE,TRADE,64044.1,0.00084
2026-07-30 13:48:02,BTCUSDT,BINANCE,TRADE,64044.1,0.0005
2026-07-30 13:48:02,BTCUSDT,BINANCE,TRADE,64044.1,0.00029
2026-07-30 13:48:02,BTCUSDT,BINANCE,TRADE,64044.1,0.0005
2026-07-30 13:48:02,BTCUSDT,BINANCE,TRADE,64044.1,0.00149
2026-07-30 13:48:02,BTCUSDT,BINANCE,TRADE,64044.1,0.0005
2026-07-30 13:48:02,BTCUSDT,BINANCE,TRADE,64044.1,0.0005
2026-07-30 13:48:02,BTCUSDT,BINANCE,TRADE,64044.1,0.04999
2026-07-30 13:48:02,BTCUSDT,BINANCE,TRADE,64044.1,0.0005
2026-07-30 13:48:02,BTCUSDT,BINANCE,TRADE,64044.1,0.00509
2026-07-30 13:48:02,BTCUSDT,BINANCE,TRADE,64044.1,0.00139
2026-07-30 13:48:02,BTCUSDT,BINANCE,TRADE,64044.1,0.0005
2026-07-30 13:48:02,BTCUSDT,BINANCE,TRADE,64044.1,0.0013
2026-07-30 13:48:02,BTCUSDT,BINANCE,TRADE,64044.1,0.0005
2026-07-30 13:48:02,BTCUSDT,BINANCE,TRADE,64044.1,0.0005
2026-07-30 13:48:02,BTCUSDT,BINANCE,TRADE,64044.1,0.0005
2026-07-30 13:48:02,BTCUSDT,BINANCE,TRADE,64044.1,0.0005
2026-07-30 13:48:02,BTCUSDT,BINANCE,TRADE,64044.1,0.00038
2026-07-30 13:48:02,BTCUSDT,BINANCE,TRADE,64044.1,0.002
2026-07-30 13:48:02,BTCUSDT,BINANCE,TRADE,64044.1,0.0005
2026-07-30 13:48:02,BTCUSDT,BINANCE,TRADE,64044.1,0.0005
2026-07-30 13:48:02,BTCUSDT,BINANCE,TRADE,64044.1,0.0005
2026-07-30 13:48:02,BTCUSDT,BINANCE,TRADE,64044.1,0.0005
2026-07-30 13:48:02,BTCUSDT,BINANCE,TRADE,64044.1,0.00016
2026-07-30 13:48:02,BTCUSDT,BINANCE,TRADE,64044.1,0.0005
2026-07-30 13:48:02,ETHUSDT,BINANCE,TRADE,1905.56,0.1843
2026-07-30 13:48:02,ETHUSDT,BINANCE,TRADE,1905.56,0.0455
2026-07-30 13:48:02,BTCUSDT,BINANCE,TRADE,64044.1,0.0005
2026-07-30 13:48:02,ETHUSDT,BINANCE,TRADE,1905.57,0.0338
2026-07-30 13:48:02,BTCUSDT,BINANCE,TRADE,64044.1,0.0005
2026-07-30 13:48:02,BTCUSDT,BINANCE,TRADE,64044.1,0.0005
2026-07-30 13:48:02,BTCUSDT,BINANCE,TRADE,64044.1,0.0005
2026-07-30 13:48:02,BTCUSDT,BINANCE,TRADE,64044.1,0.0005
2026-07-30 13:48:03,BTCUSDT,BINANCE,TRADE,64044.1,0.0005
2026-07-30 13:48:03,BTCUSDT,BINANCE,TRADE,64044.1,0.0005
2026-07-30 13:48:03,BTCUSDT,BINANCE,TRADE,64044.1,0.0005
2026-07-30 13:48:03,BTCUSDT,BINANCE,TRADE,64044.1,0.0005
2026-07-30 13:48:03,BTCUSDT,BINANCE,TRADE,64044.1,0.0005
2026-07-30 13:48:03,BTCUSDT,BINANCE,TRADE,64044.1,0.0005
2026-07-30 13:48:03,BTCUSDT,BINANCE,TRADE,64044.1,0.0005
2026-07-30 13:48:03,BTCUSDT,BINANCE,TRADE,64044.1,0.0005
2026-07-30 13:48:03,BTCUSDT,BINANCE,TRADE,64044.1,0.0005
2026-07-30 13:48:03,BTCUSDT,BINANCE,TRADE,64044.1,0.00012
2026-07-30 13:48:03,BTCUSDT,BINANCE,TRADE,64044.1,0.0005
2026-07-30 13:48:03,ETHUSDT,BINANCE,TRADE,1905.57,0.0288
2026-07-30 13:48:03,BTCUSDT,BINANCE,TRADE,64044.1,0.0005
2026-07-30 13:48:03,BTCUSDT,BINANCE,TRADE,64044.1,0.00224
2026-07-30 13:48:03,BTCUSDT,BINANCE,TRADE,64044.1,0.0005
2026-07-30 13:48:03,BTCUSDT,BINANCE,TRADE,64044.1,0.0005
2026-07-30 13:48:03,BTCUSDT,BINANCE,TRADE,64044.1,0.0005
2026-07-30 13:48:03,BTCUSDT,BINANCE,TRADE,64044.1,0.0005
2026-07-30 13:48:03,BTCUSDT,BINANCE,TRADE,64044.1,0.0005
2026-07-30 13:48:03,BTCUSDT,BINANCE,TRADE,64044.1,0.0005
2026-07-30 13:48:03,BTCUSDT,BINANCE,TRADE,64044.1,0.00029
2026-07-30 13:48:03,BTCUSDT,BINANCE,TRADE,64044.1,0.0005
2026-07-30 13:48:03,BTCUSDT,BINANCE,TRADE,64044.1,0.0005
2026-07-30 13:48:03,BTCUSDT,BINANCE,TRADE,64044.1,0.0005
2026-07-30 13:48:03,BTCUSDT,BINANCE,TRADE,64044.1,0.00019
2026-07-30 13:48:03,BTCUSDT,BINANCE,TRADE,64044.1,0.0005
2026-07-30 13:48:03,BTCUSDT,BINANCE,TRADE,64044.1,0.0005
2026-07-30 13:48:03,BTCUSDT,BINANCE,TRADE,64044.1,0.0005
2026-07-30 13:48:03,BTCUSDT,BINANCE,TRADE,64044.1,0.0005
2026-07-30 13:48:03,BTCUSDT,BINANCE,TRADE,64044.1,0.004
2026-07-30 13:48:03,BTCUSDT,BINANCE,TRADE,64044.1,0.0005
2026-07-30 13:48:03,BTCUSDT,BINANCE,TRADE,64044.1,0.0005
2026-07-30 13:48:03,BTCUSDT,BINANCE,TRADE,64044.1,0.0005
2026-07-30 13:48:03,BTCUSDT,BINANCE,TRADE,64044.1,0.0005
2026-07-30 13:48:03,BTCUSDT,BINANCE,TRADE,64044.1,0.0005
2026-07-30 13:48:03,BTCUSDT,BINANCE,TRADE,64044.1,0.00013
2026-07-30 13:48:03,BTCUSDT,BINANCE,TRADE,64044.1,0.0005
2026-07-30 13:48:03,BTCUSDT,BINANCE,TRADE,64044.1,0.00057
2026-07-30 13:48:03,BTCUSDT,BINANCE,TRADE,64044.1,0.0005
2026-07-30 13:48:03,BTCUSDT,BINANCE,TRADE,64044.1,0.0013
2026-07-30 13:48:03,BTCUSDT,BINANCE,TRADE,64044.1,0.0005
2026-07-30 13:48:03,BTCUSDT,BINANCE,TRADE,64044.1,0.00017
2026-07-30 13:48:03,BTCUSDT,BINANCE,TRADE,64044.1,0.00652
2026-07-30 13:48:03,BTCUSDT,BINANCE,TRADE,64044.1,0.0005
2026-07-30 13:48:03,BTCUSDT,BINANCE,TRADE,64044.1,8e-05
2026-07-30 13:48:03,BTCUSDT,BINANCE,TRADE,64044.1,9e-05
2026-07-30 13:48:03,BTCUSDT,BINANCE,TRADE,64044.1,6e-05
2026-07-30 13:48:03,BTCUSDT,BINANCE,TRADE,64044.1,2e-05
2026-07-30 13:48:03,BTCUSDT,BINANCE,TRADE,64044.1,8e-05
2026-07-30 13:48:03,BTCUSDT,BINANCE,TRADE,64044.1,8e-05
2026-07-30 13:48:03,BTCUSDT,BINANCE,TRADE,64044.1,0.0005
2026-07-30 13:48:03,BTCUSDT,BINANCE,TRADE,64044.1,8e-05
2026-07-30 13:48:03,BTCUSDT,BINANCE,TRADE,64044.1,8e-05
2026-07-30 13:48:03,BTCUSDT,BINANCE,TRADE,64044.1,0.00034
2026-07-30 13:48:03,BTCUSDT,BINANCE,TRADE,64044.1,0.0005
2026-07-30 13:48:03,BTCUSDT,BINANCE,TRADE,64044.1,0.0005
2026-07-30 13:48:03,BTCUSDT,BINANCE,TRADE,64044.1,0.00281
2026-07-30 13:48:03,BTCUSDT,BINANCE,TRADE,64044.1,0.0005
2026-07-30 13:48:03,BTCUSDT,BINANCE,TRADE,64044.1,0.0005
2026-07-30 13:48:03,BTCUSDT,BINANCE,TRADE,64044.1,0.0005
2026-07-30 13:48:03,BTCUSDT,BINANCE,TRADE,64044.1,0.0005
2026-07-30 13:48:03,BTCUSDT,BINANCE,TRADE,64044.1,0.00014
2026-07-30 13:48:03,BTCUSDT,BINANCE,TRADE,64044.1,0.0005
2026-07-30 13:48:03,ETHUSDT,BINANCE,TRADE,1905.57,0.0216
2026-07-30 13:48:03,BTCUSDT,BINANCE,TRADE,64044.1,0.0005
2026-07-30 13:48:03,BTCUSDT,BINANCE,TRADE,64044.1,0.0005
2026-07-30 13:48:03,BTCUSDT,BINANCE,TRADE,64044.1,0.0005
2026-07-30 13:48:03,BTCUSDT,BINANCE,TRADE,64044.1,0.0005
2026-07-30 13:48:03,BTCUSDT,BINANCE,TRADE,64044.1,0.0005
2026-07-30 13:48:03,BTCUSDT,BINANCE,TRADE,64044.1,0.00033
2026-07-30 13:48:03,BTCUSDT,BINANCE,TRADE,64044.1,0.0005
2026-07-30 13:48:03,BTCUSDT,BINANCE,TRADE,64044.1,0.0005
2026-07-30 13:48:03,BTCUSDT,BINANCE,TRADE,64044.1,0.0005
2026-07-30 13:48:03,BTCUSDT,BINANCE,TRADE,64044.1,0.0005
2026-07-30 13:48:03,BTCUSDT,BINANCE,TRADE,64044.1,9e-05
2026-07-30 13:48:03,BTCUSDT,BINANCE,TRADE,64044.1,0.0005
2026-07-30 13:48:03,BTCUSDT,BINANCE,TRADE,64044.1,0.0005
2026-07-30 13:48:03,BTCUSDT,BINANCE,TRADE,64044.1,0.00019
2026-07-30 13:48:03,BTCUSDT,BINANCE,TRADE,64044.1,0.0013
2026-07-30 13:48:03,BTCUSDT,BINANCE,TRADE,64044.1,0.0005
2026-07-30 13:48:03,BTCUSDT,BINANCE,TRADE,64044.1,0.0005
2026-07-30 13:48:03,BTCUSDT,BINANCE,TRADE,64044.1,0.0005
2026-07-30 13:48:03,BTCUSDT,BINANCE,TRADE,64044.1,0.002
2026-07-30 13:48:03,BTCUSDT,BINANCE,TRADE,64044.1,0.0005
2026-07-30 13:48:03,BTCUSDT,BINANCE,TRADE,64044.1,0.0005
2026-07-30 13:48:03,BTCUSDT,BINANCE,TRADE,64044.1,0.0005
2026-07-30 13:48:03,BTCUSDT,BINANCE,TRADE,64044.1,0.0005
2026-07-30 13:48:03,BTCUSDT,BINANCE,TRADE,64044.1,0.0005
2026-07-30 13:48:03,BTCUSDT,BINANCE,TRADE,64044.1,0.0005
2026-07-30 13:48:03,ETHUSDT,BINANCE,TRADE,1905.56,0.0028
2026-07-30 13:48:03,ETHUSDT,BINANCE,TRADE,1905.56,0.0027
2026-07-30 13:48:03,ETHUSDT,BINANCE,TRADE,1905.56,0.0027
2026-07-30 13:48:03,ETHUSDT,BINANCE,TRADE,1905.56,0.0053
2026-07-30 13:48:03,ETHUSDT,BINANCE,TRADE,1905.56,0.0027
2026-07-30 13:48:03,ETHUSDT,BINANCE,TRADE,1905.56,0.0028
2026-07-30 13:48:03,ETHUSDT,BINANCE,TRADE,1905.56,0.0027
2026-07-30 13:48:03,ETHUSDT,BINANCE,TRADE,1905.56,0.0134
2026-07-30 13:48:03,BTCUSDT,BINANCE,TRADE,64044.1,0.0005
2026-07-30 13:48:03,BTCUSDT,BINANCE,TRADE,64044.1,0.0003
2026-07-30 13:48:03,BTCUSDT,BINANCE,TRADE,64044.1,0.0005
2026-07-30 13:48:03,BTCUSDT,BINANCE,TRADE,64044.1,0.0005
2026-07-30 13:48:03,BTCUSDT,BINANCE,TRADE,64044.1,0.0005
2026-07-30 13:48:03,BTCUSDT,BINANCE,TRADE,64044.1,0.01873
2026-07-30 13:48:03,BTCUSDT,BINANCE,TRADE,64044.1,0.0005
2026-07-30 13:48:03,BTCUSDT,BINANCE,TRADE,64044.1,0.0005
2026-07-30 13:48:03,BTCUSDT,BINANCE,TRADE,64044.1,0.00351
2026-07-30 13:48:03,BTCUSDT,BINANCE,TRADE,64044.1,0.0005
2026-07-30 13:48:03,BTCUSDT,BINANCE,TRADE,64044.1,0.0005
2026-07-30 13:48:03,BTCUSDT,BINANCE,TRADE,64044.1,0.0005
2026-07-30 13:48:03,BTCUSDT,BINANCE,TRADE,64044.1,0.0005
2026-07-30 13:48:03,BTCUSDT,BINANCE,TRADE,64044.1,0.0005
2026-07-30 13:48:03,BTCUSDT,BINANCE,TRADE,64044.1,0.0005
2026-07-30 13:48:03,BTCUSDT,BINANCE,TRADE,64044.1,0.0005
2026-07-30 13:48:03,BTCUSDT,BINANCE,TRADE,64044.1,0.00308
2026-07-30 13:48:03,BTCUSDT,BINANCE,TRADE,64044.1,0.0005
2026-07-30 13:48:03,BTCUSDT,BINANCE,TRADE,64044.1,0.0005
2026-07-30 13:48:03,BTCUSDT,BINANCE,TRADE,64044.1,0.0005
2026-07-30 13:48:03,BTCUSDT,BINANCE,TRADE,64044.1,0.0005
2026-07-30 13:48:03,BTCUSDT,BINANCE,TRADE,64044.1,0.01563
2026-07-30 13:48:03,BTCUSDT,BINANCE,TRADE,64044.1,0.0005
2026-07-30 13:48:03,BTCUSDT,BINANCE,TRADE,64044.1,0.0005
2026-07-30 13:48:03,BTCUSDT,BINANCE,TRADE,64044.1,0.0005
2026-07-30 13:48:03,BTCUSDT,BINANCE,TRADE,64044.1,0.0005
2026-07-30 13:48:03,BTCUSDT,BINANCE,TRADE,64044.1,0.0005
2026-07-30 13:48:03,BTCUSDT,BINANCE,TRADE,64044.1,0.0005
2026-07-30 13:48:03,BTCUSDT,BINANCE,TRADE,64044.1,0.0005
2026-07-30 13:48:03,ETHUSDT,BINANCE,TRADE,1905.56,0.0181
2026-07-30 13:48:03,BTCUSDT,BINANCE,TRADE,64044.1,0.0005
2026-07-30 13:48:03,BTCUSDT,BINANCE,TRADE,64044.1,0.00012
2026-07-30 13:48:03,BTCUSDT,BINANCE,TRADE,64044.1,0.0005
2026-07-30 13:48:03,BTCUSDT,BINANCE,TRADE,64044.1,0.0005
2026-07-30 13:48:03,BTCUSDT,BINANCE,TRADE,64044.1,0.00515
2026-07-30 13:48:03,BTCUSDT,BINANCE,TRADE,64044.1,0.0005
2026-07-30 13:48:03,BTCUSDT,BINANCE,TRADE,64044.1,0.0005
2026-07-30 13:48:03,BTCUSDT,BINANCE,TRADE,64044.1,0.0005
2026-07-30 13:48:03,BTCUSDT,BINANCE,TRADE,64044.1,0.0005
2026-07-30 13:48:03,BTCUSDT,BINANCE,TRADE,64044.1,0.0005
2026-07-30 13:48:03,BTCUSDT,BINANCE,TRADE,64044.1,0.0005
2026-07-30 13:48:04,BTCUSDT,BINANCE,TRADE,64044.1,0.0005
2026-07-30 13:48:04,BTCUSDT,BINANCE,TRADE,64044.1,0.0005
2026-07-30 13:48:04,BTCUSDT,BINANCE,TRADE,64044.1,0.00019
2026-07-30 13:48:04,BTCUSDT,BINANCE,TRADE,64044.1,0.0005
2026-07-30 13:48:04,BTCUSDT,BINANCE,TRADE,64044.1,0.0013
2026-07-30 13:48:04,BTCUSDT,BINANCE,TRADE,64044.1,0.0005
2026-07-30 13:48:04,BTCUSDT,BINANCE,TRADE,64044.1,0.0005
2026-07-30 13:48:04,BTCUSDT,BINANCE,TRADE,64044.1,0.0005
2026-07-30 13:48:04,BTCUSDT,BINANCE,TRADE,64044.1,0.0005
2026-07-30 13:48:04,BTCUSDT,BINANCE,TRADE,64044.1,0.0005
2026-07-30 13:48:04,BTCUSDT,BINANCE,TRADE,64044.1,0.00145
2026-07-30 13:48:04,BTCUSDT,BINANCE,TRADE,64044.1,0.0012
2026-07-30 13:48:04,BTCUSDT,BINANCE,TRADE,64044.1,0.0005
2026-07-30 13:48:04,BTCUSDT,BINANCE,TRADE,64044.1,8e-05
2026-07-30 13:48:04,BTCUSDT,BINANCE,TRADE,64044.1,8e-05
2026-07-30 13:48:04,BTCUSDT,BINANCE,TRADE,64044.1,8e-05
2026-07-30 13:48:04,BTCUSDT,BINANCE,TRADE,64044.1,0.00056
2026-07-30 13:48:04,BTCUSDT,BINANCE,TRADE,64044.1,0.0007
2026-07-30 13:48:04,BTCUSDT,BINANCE,TRADE,64044.1,0.00014
2026-07-30 13:48:04,BTCUSDT,BINANCE,TRADE,64044.1,0.0005
2026-07-30 13:48:04,BTCUSDT,BINANCE,TRADE,64044.1,0.00038
2026-07-30 13:48:04,BTCUSDT,BINANCE,TRADE,64044.1,0.0005
2026-07-30 13:48:04,BTCUSDT,BINANCE,TRADE,64044.1,0.0005
2026-07-30 13:48:04,BTCUSDT,BINANCE,TRADE,64044.1,0.00012
2026-07-30 13:48:04,BTCUSDT,BINANCE,TRADE,64044.1,0.003
2026-07-30 13:48:04,BTCUSDT,BINANCE,TRADE,64044.1,0.003
2026-07-30 13:48:04,BTCUSDT,BINANCE,TRADE,64044.1,0.003
2026-07-30 13:48:04,BTCUSDT,BINANCE,TRADE,64044.1,0.003
2026-07-30 13:48:04,BTCUSDT,BINANCE,TRADE,64044.1,0.00115
2026-07-30 13:48:04,BTCUSDT,BINANCE,TRADE,64044.1,0.0005
2026-07-30 13:48:04,BTCUSDT,BINANCE,TRADE,64044.1,0.0005
2026-07-30 13:48:04,BTCUSDT,BINANCE,TRADE,64044.1,0.0005
2026-07-30 13:48:04,BTCUSDT,BINANCE,TRADE,64044.1,0.00135
2026-07-30 13:48:04,BTCUSDT,BINANCE,TRADE,64044.1,0.00065
2026-07-30 13:48:04,BTCUSDT,BINANCE,TRADE,64044.1,0.0005
2026-07-30 13:48:04,ETHUSDT,BINANCE,TRADE,1905.56,0.0027
2026-07-30 13:48:04,ETHUSDT,BINANCE,TRADE,1905.56,0.0027
2026-07-30 13:48:04,ETHUSDT,BINANCE,TRADE,1905.56,0.0027
2026-07-30 13:48:04,ETHUSDT,BINANCE,TRADE,1905.56,0.0027
2026-07-30 13:48:04,ETHUSDT,BINANCE,TRADE,1905.56,0.0027
2026-07-30 13:48:04,ETHUSDT,BINANCE,TRADE,1905.56,0.0027
2026-07-30 13:48:04,ETHUSDT,BINANCE,TRADE,1905.56,0.0028
2026-07-30 13:48:04,ETHUSDT,BINANCE,TRADE,1905.56,0.0053
2026-07-30 13:48:04,ETHUSDT,BINANCE,TRADE,1905.56,0.0028
2026-07-30 13:48:04,ETHUSDT,BINANCE,TRADE,1905.56,0.0031
2026-07-30 13:48:04,ETHUSDT,BINANCE,TRADE,1905.56,0.0027
2026-07-30 13:48:04,ETHUSDT,BINANCE,TRADE,1905.56,0.0027
2026-07-30 13:48:04,ETHUSDT,BINANCE,TRADE,1905.56,0.0031
2026-07-30 13:48:04,ETHUSDT,BINANCE,TRADE,1905.56,0.0027
2026-07-30 13:48:04,ETHUSDT,BINANCE,TRADE,1905.56,0.0027
2026-07-30 13:48:04,ETHUSDT,BINANCE,TRADE,1905.56,0.0027
2026-07-30 13:48:04,ETHUSDT,BINANCE,TRADE,1905.55,0.0028
2026-07-30 13:48:04,ETHUSDT,BINANCE,TRADE,1905.55,0.0053
2026-07-30 13:48:04,ETHUSDT,BINANCE,TRADE,1905.55,0.0027
2026-07-30 13:48:04,ETHUSDT,BINANCE,TRADE,1905.55,0.0027
2026-07-30 13:48:04,ETHUSDT,BINANCE,TRADE,1905.55,0.0027
2026-07-30 13:48:04,ETHUSDT,BINANCE,TRADE,1905.54,0.0027
2026-07-30 13:48:04,ETHUSDT,BINANCE,TRADE,1905.54,0.0028
2026-07-30 13:48:04,ETHUSDT,BINANCE,TRADE,1905.54,0.0053
2026-07-30 13:48:04,ETHUSDT,BINANCE,TRADE,1905.54,0.0027
2026-07-30 13:48:04,ETHUSDT,BINANCE,TRADE,1905.53,0.0027
2026-07-30 13:48:04,ETHUSDT,BINANCE,TRADE,1905.53,0.0028
2026-07-30 13:48:04,ETHUSDT,BINANCE,TRADE,1905.53,0.0027
2026-07-30 13:48:04,ETHUSDT,BINANCE,TRADE,1905.53,0.0027
2026-07-30 13:48:04,ETHUSDT,BINANCE,TRADE,1905.53,0.0027
2026-07-30 13:48:04,ETHUSDT,BINANCE,TRADE,1905.53,0.0027
2026-07-30 13:48:04,ETHUSDT,BINANCE,TRADE,1905.52,0.0108
2026-07-30 13:48:04,ETHUSDT,BINANCE,TRADE,1905.52,0.0027
2026-07-30 13:48:04,ETHUSDT,BINANCE,TRADE,1905.52,0.0028
2026-07-30 13:48:04,ETHUSDT,BINANCE,TRADE,1905.52,0.0027
2026-07-30 13:48:04,ETHUSDT,BINANCE,TRADE,1905.51,0.0027
2026-07-30 13:48:04,ETHUSDT,BINANCE,TRADE,1905.51,0.0028
2026-07-30 13:48:04,ETHUSDT,BINANCE,TRADE,1905.51,0.0027
2026-07-30 13:48:04,ETHUSDT,BINANCE,TRADE,1905.5,0.0032
2026-07-30 13:48:04,ETHUSDT,BINANCE,TRADE,1905.5,0.0194
2026-07-30 13:48:04,ETHUSDT,BINANCE,TRADE,1905.5,0.0027
2026-07-30 13:48:04,ETHUSDT,BINANCE,TRADE,1905.5,0.0028
2026-07-30 13:48:04,ETHUSDT,BINANCE,TRADE,1905.5,0.0027
2026-07-30 13:48:04,ETHUSDT,BINANCE,TRADE,1905.5,0.0027
2026-07-30 13:48:04,ETHUSDT,BINANCE,TRADE,1905.5,0.0027
2026-07-30 13:48:04,ETHUSDT,BINANCE,TRADE,1905.5,0.0027
2026-07-30 13:48:04,ETHUSDT,BINANCE,TRADE,1905.5,0.0027
2026-07-30 13:48:04,ETHUSDT,BINANCE,TRADE,1905.49,0.0027
2026-07-30 13:48:04,ETHUSDT,BINANCE,TRADE,1905.49,0.0028
2026-07-30 13:48:04,ETHUSDT,BINANCE,TRADE,1905.49,0.0028
2026-07-30 13:48:04,ETHUSDT,BINANCE,TRADE,1905.49,0.0028
2026-07-30 13:48:04,ETHUSDT,BINANCE,TRADE,1905.49,0.0027
2026-07-30 13:48:04,ETHUSDT,BINANCE,TRADE,1905.49,0.0028
2026-07-30 13:48:04,ETHUSDT,BINANCE,TRADE,1905.49,0.0027
2026-07-30 13:48:04,ETHUSDT,BINANCE,TRADE,1905.49,0.0027
2026-07-30 13:48:04,ETHUSDT,BINANCE,TRADE,1905.49,0.0027
2026-07-30 13:48:04,BTCUSDT,BINANCE,TRADE,64044.1,0.0005
2026-07-30 13:48:04,BTCUSDT,BINANCE,TRADE,64044.1,0.00014
2026-07-30 13:48:04,BTCUSDT,BINANCE,TRADE,64044.1,0.0005
2026-07-30 13:48:04,SOLUSDT,BINANCE,TRADE,73.44,0.103
2026-07-30 13:48:04,SOLUSDT,BINANCE,TRADE,73.44,0.069
2026-07-30 13:48:04,SOLUSDT,BINANCE,TRADE,73.44,0.075
2026-07-30 13:48:04,SOLUSDT,BINANCE,TRADE,73.44,0.137
2026-07-30 13:48:04,SOLUSDT,BINANCE,TRADE,73.44,0.072
2026-07-30 13:48:04,SOLUSDT,BINANCE,TRADE,73.44,0.072
2026-07-30 13:48:04,SOLUSDT,BINANCE,TRADE,73.44,0.072
2026-07-30 13:48:04,SOLUSDT,BINANCE,TRADE,73.44,0.072
2026-07-30 13:48:04,SOLUSDT,BINANCE,TRADE,73.44,0.072
2026-07-30 13:48:04,SOLUSDT,BINANCE,TRADE,73.44,0.072
2026-07-30 13:48:04,SOLUSDT,BINANCE,TRADE,73.44,0.072
2026-07-30 13:48:04,SOLUSDT,BINANCE,TRADE,73.44,0.072
2026-07-30 13:48:04,SOLUSDT,BINANCE,TRADE,73.44,0.262
2026-07-30 13:48:04,SOLUSDT,BINANCE,TRADE,73.44,0.072
2026-07-30 13:48:04,SOLUSDT,BINANCE,TRADE,73.44,0.072
2026-07-30 13:48:04,SOLUSDT,BINANCE,TRADE,73.44,0.277
2026-07-30 13:48:04,SOLUSDT,BINANCE,TRADE,73.44,0.07
2026-07-30 13:48:04,SOLUSDT,BINANCE,TRADE,73.44,0.069
2026-07-30 13:48:04,SOLUSDT,BINANCE,TRADE,73.44,0.072
2026-07-30 13:48:04,SOLUSDT,BINANCE,TRADE,73.44,0.072
2026-07-30 13:48:04,SOLUSDT,BINANCE,TRADE,73.44,0.072
2026-07-30 13:48:04,BTCUSDT,BINANCE,TRADE,64044.1,0.0005
2026-07-30 13:48:04,BTCUSDT,BINANCE,TRADE,64044.1,0.00121
2026-07-30 13:48:04,BTCUSDT,BINANCE,TRADE,64044.1,0.005
2026-07-30 13:48:04,BTCUSDT,BINANCE,TRADE,64044.1,0.005
2026-07-30 13:48:04,BTCUSDT,BINANCE,TRADE,64044.1,0.01
2026-07-30 13:48:04,BTCUSDT,BINANCE,TRADE,64044.1,0.005
2026-07-30 13:48:04,BTCUSDT,BINANCE,TRADE,64044.1,0.005
2026-07-30 13:48:04,BTCUSDT,BINANCE,TRADE,64044.1,0.0001
2026-07-30 13:48:04,BTCUSDT,BINANCE,TRADE,64044.1,8e-05
2026-07-30 13:48:04,BTCUSDT,BINANCE,TRADE,64044.1,8e-05
2026-07-30 13:48:04,BTCUSDT,BINANCE,TRADE,64044.1,8e-05
2026-07-30 13:48:04,BTCUSDT,BINANCE,TRADE,64044.1,8e-05
2026-07-30 13:48:04,BTCUSDT,BINANCE,TRADE,64044.1,0.02166
2026-07-30 13:48:04,BTCUSDT,BINANCE,TRADE,64044.1,0.00956
2026-07-30 13:48:04,BTCUSDT,BINANCE,TRADE,64044.1,9e-05
2026-07-30 13:48:04,BTCUSDT,BINANCE,TRADE,64044.1,9e-05
2026-07-30 13:48:04,BTCUSDT,BINANCE,TRADE,64044.1,0.00016
2026-07-30 13:48:04,BTCUSDT,BINANCE,TRADE,64044.1,8e-05
2026-07-30 13:48:04,BTCUSDT,BINANCE,TRADE,64044.1,0.00312
2026-07-30 13:48:04,BTCUSDT,BINANCE,TRADE,64044.1,0.00468
2026-07-30 13:48:04,BTCUSDT,BINANCE,TRADE,64044.1,0.005
2026-07-30 13:48:04,BTCUSDT,BINANCE,TRADE,64044.1,0.01102
2026-07-30 13:48:04,BTCUSDT,BINANCE,TRADE,64044.1,0.03898
2026-07-30 13:48:04,BTCUSDT,BINANCE,TRADE,64044.1,0.01286
2026-07-30 13:48:04,BTCUSDT,BINANCE,TRADE,64044.1,0.03714
2026-07-30 13:48:04,BTCUSDT,BINANCE,TRADE,64044.1,8e-05
2026-07-30 13:48:04,BTCUSDT,BINANCE,TRADE,64044.1,9e-05
2026-07-30 13:48:04,BTCUSDT,BINANCE,TRADE,64044.1,8e-05
2026-07-30 13:48:04,BTCUSDT,BINANCE,TRADE,64044.1,8e-05
2026-07-30 13:48:04,BTCUSDT,BINANCE,TRADE,64044.1,8e-05
2026-07-30 13:48:04,BTCUSDT,BINANCE,TRADE,64044.1,8e-05
2026-07-30 13:48:04,BTCUSDT,BINANCE,TRADE,64044.1,8e-05
2026-07-30 13:48:04,BTCUSDT,BINANCE,TRADE,64044.1,8e-05
2026-07-30 13:48:04,BTCUSDT,BINANCE,TRADE,64044.1,9e-05
2026-07-30 13:48:04,BTCUSDT,BINANCE,TRADE,64044.1,8e-05
2026-07-30 13:48:04,BTCUSDT,BINANCE,TRADE,64044.1,0.003
2026-07-30 13:48:04,BTCUSDT,BINANCE,TRADE,64044.1,0.003
2026-07-30 13:48:04,BTCUSDT,BINANCE,TRADE,64044.1,0.003
2026-07-30 13:48:04,BTCUSDT,BINANCE,TRADE,64044.1,0.003
2026-07-30 13:48:04,BTCUSDT,BINANCE,TRADE,64044.1,8e-05
2026-07-30 13:48:04,BTCUSDT,BINANCE,TRADE,64044.1,8e-05
2026-07-30 13:48:04,BTCUSDT,BINANCE,TRADE,64044.1,8e-05
2026-07-30 13:48:04,BTCUSDT,BINANCE,TRADE,64044.1,8e-05
2026-07-30 13:48:04,BTCUSDT,BINANCE,TRADE,64044.1,8e-05
2026-07-30 13:48:04,BTCUSDT,BINANCE,TRADE,64044.1,8e-05
2026-07-30 13:48:04,BTCUSDT,BINANCE,TRADE,64044.1,8e-05
2026-07-30 13:48:04,BTCUSDT,BINANCE,TRADE,64044.1,8e-05
2026-07-30 13:48:04,BTCUSDT,BINANCE,TRADE,64044.1,8e-05
2026-07-30 13:48:04,BTCUSDT,BINANCE,TRADE,64044.1,8e-05
2026-07-30 13:48:04,BTCUSDT,BINANCE,TRADE,64044.1,9e-05
2026-07-30 13:48:04,BTCUSDT,BINANCE,TRADE,64044.1,9e-05
2026-07-30 13:48:04,BTCUSDT,BINANCE,TRADE,64044.1,8e-05
2026-07-30 13:48:04,BTCUSDT,BINANCE,TRADE,64044.1,8e-05
2026-07-30 13:48:04,BTCUSDT,BINANCE,TRADE,64044.1,8e-05
2026-07-30 13:48:04,BTCUSDT,BINANCE,TRADE,64044.1,8e-05
2026-07-30 13:48:04,BTCUSDT,BINANCE,TRADE,64044.1,8e-05
2026-07-30 13:48:04,BTCUSDT,BINANCE,TRADE,64044.1,0.00016
2026-07-30 13:48:04,BTCUSDT,BINANCE,TRADE,64044.1,8e-05
2026-07-30 13:48:04,BTCUSDT,BINANCE,TRADE,64044.1,8e-05
2026-07-30 13:48:04,BTCUSDT,BINANCE,TRADE,64044.1,8e-05
2026-07-30 13:48:04,BTCUSDT,BINANCE,TRADE,64044.1,8e-05
2026-07-30 13:48:04,BTCUSDT,BINANCE,TRADE,64044.1,0.00016
2026-07-30 13:48:04,BTCUSDT,BINANCE,TRADE,64044,8e-05
2026-07-30 13:48:04,BTCUSDT,BINANCE,TRADE,64044,9e-05
2026-07-30 13:48:04,BTCUSDT,BINANCE,TRADE,64044,9e-05
2026-07-30 13:48:04,BTCUSDT,BINANCE,TRADE,64044,8e-05
2026-07-30 13:48:04,BTCUSDT,BINANCE,TRADE,64044,9e-05
2026-07-30 13:48:04,BTCUSDT,BINANCE,TRADE,64044,8e-05
2026-07-30 13:48:04,BTCUSDT,BINANCE,TRADE,64044,8e-05
2026-07-30 13:48:04,BTCUSDT,BINANCE,TRADE,64044,8e-05
2026-07-30 13:48:04,BTCUSDT,BINANCE,TRADE,64044,0.005
2026-07-30 13:48:04,BTCUSDT,BINANCE,TRADE,64044,0.005
2026-07-30 13:48:04,BTCUSDT,BINANCE,TRADE,64044,0.008
2026-07-30 13:48:04,BTCUSDT,BINANCE,TRADE,64044,0.006
2026-07-30 13:48:04,BTCUSDT,BINANCE,TRADE,64044,9e-05
2026-07-30 13:48:04,BTCUSDT,BINANCE,TRADE,64044,9e-05
2026-07-30 13:48:04,BTCUSDT,BINANCE,TRADE,64043.9,8e-05
2026-07-30 13:48:04,BTCUSDT,BINANCE,TRADE,64043.9,8e-05
2026-07-30 13:48:04,ETHUSDT,BINANCE,TRADE,1905.49,0.2321
2026-07-30 13:48:04,BTCUSDT,BINANCE,TRADE,64043.4,8e-05
2026-07-30 13:48:04,BTCUSDT,BINANCE,TRADE,64043.4,8e-05
2026-07-30 13:48:04,BTCUSDT,BINANCE,TRADE,64043.4,8e-05
2026-07-30 13:48:04,BTCUSDT,BINANCE,TRADE,64043.4,8e-05
2026-07-30 13:48:04,BTCUSDT,BINANCE,TRADE,64043.4,8e-05
2026-07-30 13:48:04,BTCUSDT,BINANCE,TRADE,64043.4,8e-05
2026-07-30 13:48:04,BTCUSDT,BINANCE,TRADE,64043.4,8e-05
2026-07-30 13:48:04,BTCUSDT,BINANCE,TRADE,64043.4,8e-05
2026-07-30 13:48:04,BTCUSDT,BINANCE,TRADE,64043.4,8e-05
2026-07-30 13:48:04,BTCUSDT,BINANCE,TRADE,64043.4,8e-05
2026-07-30 13:48:04,BTCUSDT,BINANCE,TRADE,64043.4,8e-05
2026-07-30 13:48:04,BTCUSDT,BINANCE,TRADE,64043.4,8e-05
2026-07-30 13:48:04,BTCUSDT,BINANCE,TRADE,64043.4,8e-05
2026-07-30 13:48:04,BTCUSDT,BINANCE,TRADE,64043.4,8e-05
2026-07-30 13:48:04,BTCUSDT,BINANCE,TRADE,64043.4,8e-05
2026-07-30 13:48:04,BTCUSDT,BINANCE,TRADE,64043.4,9e-05
2026-07-30 13:48:04,BTCUSDT,BINANCE,TRADE,64043.4,9e-05
2026-07-30 13:48:04,BTCUSDT,BINANCE,TRADE,64043.4,8e-05
2026-07-30 13:48:04,BTCUSDT,BINANCE,TRADE,64043.4,8e-05
2026-07-30 13:48:04,BTCUSDT,BINANCE,TRADE,64043.4,8e-05
2026-07-30 13:48:04,BTCUSDT,BINANCE,TRADE,64043.4,8e-05
2026-07-30 13:48:04,BTCUSDT,BINANCE,TRADE,64042.8,0.00024
2026-07-30 13:48:04,BTCUSDT,BINANCE,TRADE,64042.7,9e-05
2026-07-30 13:48:04,BTCUSDT,BINANCE,TRADE,64042.6,8e-05
2026-07-30 13:48:04,BTCUSDT,BINANCE,TRADE,64042.4,8e-05
2026-07-30 13:48:04,BTCUSDT,BINANCE,TRADE,64042.4,0.00126
2026-07-30 13:48:04,BTCUSDT,BINANCE,TRADE,64042.2,8e-05
2026-07-30 13:48:04,BTCUSDT,BINANCE,TRADE,64042.2,8e-05
2026-07-30 13:48:04,BTCUSDT,BINANCE,TRADE,64042,9e-05
2026-07-30 13:48:04,BTCUSDT,BINANCE,TRADE,64042,9e-05
2026-07-30 13:48:04,BTCUSDT,BINANCE,TRADE,64042,9e-05
2026-07-30 13:48:04,BTCUSDT,BINANCE,TRADE,64042,0.005
2026-07-30 13:48:04,BTCUSDT,BINANCE,TRADE,64042,0.005
2026-07-30 13:48:04,BTCUSDT,BINANCE,TRADE,64042,0.008
2026-07-30 13:48:04,BTCUSDT,BINANCE,TRADE,64042,0.006
2026-07-30 13:48:04,BTCUSDT,BINANCE,TRADE,64042,9e-05
2026-07-30 13:48:04,BTCUSDT,BINANCE,TRADE,64042,9e-05
2026-07-30 13:48:04,BTCUSDT,BINANCE,TRADE,64041.4,8e-05
2026-07-30 13:48:04,BTCUSDT,BINANCE,TRADE,64041.4,8e-05
2026-07-30 13:48:04,BTCUSDT,BINANCE,TRADE,64041.4,8e-05
2026-07-30 13:48:04,BTCUSDT,BINANCE,TRADE,64041.4,8e-05
2026-07-30 13:48:04,BTCUSDT,BINANCE,TRADE,64041.2,8e-05
2026-07-30 13:48:04,BTCUSDT,BINANCE,TRADE,64041.2,8e-05
2026-07-30 13:48:04,BTCUSDT,BINANCE,TRADE,64041.2,8e-05
2026-07-30 13:48:04,BTCUSDT,BINANCE,TRADE,64041.2,8e-05
2026-07-30 13:48:04,BTCUSDT,BINANCE,TRADE,64041.1,0.00234
2026-07-30 13:48:04,BTCUSDT,BINANCE,TRADE,64041.1,9e-05
2026-07-30 13:48:04,BTCUSDT,BINANCE,TRADE,64041.1,9e-05
2026-07-30 13:48:04,BTCUSDT,BINANCE,TRADE,64041.1,9e-05
2026-07-30 13:48:04,BTCUSDT,BINANCE,TRADE,64041.1,0.02108
2026-07-30 13:48:04,BTCUSDT,BINANCE,TRADE,64041.1,9e-05
2026-07-30 13:48:04,BTCUSDT,BINANCE,TRADE,64041.1,9e-05
2026-07-30 13:48:04,BTCUSDT,BINANCE,TRADE,64041.1,9e-05
2026-07-30 13:48:04,BTCUSDT,BINANCE,TRADE,64041.1,9e-05
2026-07-30 13:48:04,BTCUSDT,BINANCE,TRADE,64041.1,9e-05
2026-07-30 13:48:04,BTCUSDT,BINANCE,TRADE,64041.1,9e-05
2026-07-30 13:48:04,BTCUSDT,BINANCE,TRADE,64041.1,9e-05
2026-07-30 13:48:04,BTCUSDT,BINANCE,TRADE,64041.1,0.00086
2026-07-30 13:48:04,BTCUSDT,BINANCE,TRADE,64041.1,0.0001
2026-07-30 13:48:04,BTCUSDT,BINANCE,TRADE,64041.1,0.005
2026-07-30 13:48:04,BTCUSDT,BINANCE,TRADE,64041.1,0.05
2026-07-30 13:48:04,BTCUSDT,BINANCE,TRADE,64041.1,0.005
2026-07-30 13:48:04,BTCUSDT,BINANCE,TRADE,64041.1,0.01
2026-07-30 13:48:04,BTCUSDT,BINANCE,TRADE,64041.1,0.002
2026-07-30 13:48:04,BTCUSDT,BINANCE,TRADE,64041.1,8e-05
2026-07-30 13:48:04,BTCUSDT,BINANCE,TRADE,64041.1,8e-05
2026-07-30 13:48:04,BTCUSDT,BINANCE,TRADE,64041.1,9e-05
2026-07-30 13:48:04,BTCUSDT,BINANCE,TRADE,64041.1,9e-05
2026-07-30 13:48:04,BTCUSDT,BINANCE,TRADE,64041.1,8e-05
2026-07-30 13:48:04,BTCUSDT,BINANCE,TRADE,64041.1,8e-05
2026-07-30 13:48:04,BTCUSDT,BINANCE,TRADE,64041.1,8e-05
2026-07-30 13:48:04,BTCUSDT,BINANCE,TRADE,64041.1,8e-05
2026-07-30 13:48:04,BTCUSDT,BINANCE,TRADE,64041.1,8e-05
2026-07-30 13:48:04,BTCUSDT,BINANCE,TRADE,64041.1,8e-05
2026-07-30 13:48:04,BTCUSDT,BINANCE,TRADE,64041.1,8e-05
2026-07-30 13:48:04,BTCUSDT,BINANCE,TRADE,64041.1,8e-05
2026-07-30 13:48:04,BTCUSDT,BINANCE,TRADE,64041.1,8e-05
2026-07-30 13:48:04,BTCUSDT,BINANCE,TRADE,64041.1,8e-05
2026-07-30 13:48:04,BTCUSDT,BINANCE,TRADE,64041.1,8e-05
2026-07-30 13:48:04,BTCUSDT,BINANCE,TRADE,64041.1,8e-05
2026-07-30 13:48:04,BTCUSDT,BINANCE,TRADE,64041.1,8e-05
2026-07-30 13:48:04,BTCUSDT,BINANCE,TRADE,64041.1,8e-05
2026-07-30 13:48:04,BTCUSDT,BINANCE,TRADE,64041.1,8e-05
2026-07-30 13:48:04,BTCUSDT,BINANCE,TRADE,64041.1,8e-05
2026-07-30 13:48:04,BTCUSDT,BINANCE,TRADE,64041.1,8e-05
2026-07-30 13:48:04,BTCUSDT,BINANCE,TRADE,64041.1,8e-05
2026-07-30 13:48:04,BTCUSDT,BINANCE,TRADE,64041.1,8e-05
2026-07-30 13:48:04,BTCUSDT,BINANCE,TRADE,64041.1,8e-05
2026-07-30 13:48:04,BTCUSDT,BINANCE,TRADE,64041.1,8e-05
2026-07-30 13:48:04,ETHUSDT,BINANCE,TRADE,1905.48,0.003
2026-07-30 13:48:04,ETHUSDT,BINANCE,TRADE,1905.48,0.0027
2026-07-30 13:48:04,ETHUSDT,BINANCE,TRADE,1905.48,0.0028
2026-07-30 13:48:04,ETHUSDT,BINANCE,TRADE,1905.48,0.0027
2026-07-30 13:48:04,ETHUSDT,BINANCE,TRADE,1905.48,0.0027
2026-07-30 13:48:04,ETHUSDT,BINANCE,TRADE,1905.48,0.0027
2026-07-30 13:48:04,ETHUSDT,BINANCE,TRADE,1905.48,0.0027
2026-07-30 13:48:04,ETHUSDT,BINANCE,TRADE,1905.48,0.0028
2026-07-30 13:48:04,ETHUSDT,BINANCE,TRADE,1905.48,0.0027
2026-07-30 13:48:04,ETHUSDT,BINANCE,TRADE,1905.48,0.0027
2026-07-30 13:48:04,ETHUSDT,BINANCE,TRADE,1905.48,0.0027
2026-07-30 13:48:04,ETHUSDT,BINANCE,TRADE,1905.48,0.0027
2026-07-30 13:48:04,ETHUSDT,BINANCE,TRADE,1905.48,0.0027
2026-07-30 13:48:04,ETHUSDT,BINANCE,TRADE,1905.48,0.0027
2026-07-30 13:48:04,ETHUSDT,BINANCE,TRADE,1905.48,0.0027
2026-07-30 13:48:04,ETHUSDT,BINANCE,TRADE,1905.47,0.0027
2026-07-30 13:48:04,ETHUSDT,BINANCE,TRADE,1905.47,0.0028
2026-07-30 13:48:04,ETHUSDT,BINANCE,TRADE,1905.47,0.0027
2026-07-30 13:48:04,ETHUSDT,BINANCE,TRADE,1905.47,0.0027
2026-07-30 13:48:04,ETHUSDT,BINANCE,TRADE,1905.47,0.0027
2026-07-30 13:48:04,ETHUSDT,BINANCE,TRADE,1905.47,0.0027
2026-07-30 13:48:04,ETHUSDT,BINANCE,TRADE,1905.45,0.0027
2026-07-30 13:48:04,ETHUSDT,BINANCE,TRADE,1905.45,0.0028
2026-07-30 13:48:04,ETHUSDT,BINANCE,TRADE,1905.45,0.0027
2026-07-30 13:48:04,ETHUSDT,BINANCE,TRADE,1905.44,0.0027
2026-07-30 13:48:04,ETHUSDT,BINANCE,TRADE,1905.44,0.0028
2026-07-30 13:48:04,ETHUSDT,BINANCE,TRADE,1905.44,0.0027
2026-07-30 13:48:04,ETHUSDT,BINANCE,TRADE,1905.43,0.0195
2026-07-30 13:48:04,ETHUSDT,BINANCE,TRADE,1905.43,0.0027
2026-07-30 13:48:04,ETHUSDT,BINANCE,TRADE,1905.43,0.0028
2026-07-30 13:48:04,ETHUSDT,BINANCE,TRADE,1905.43,0.0027
2026-07-30 13:48:04,ETHUSDT,BINANCE,TRADE,1905.42,0.0027
2026-07-30 13:48:04,ETHUSDT,BINANCE,TRADE,1905.42,0.0028
2026-07-30 13:48:04,ETHUSDT,BINANCE,TRADE,1905.42,0.0027
2026-07-30 13:48:04,ETHUSDT,BINANCE,TRADE,1905.41,0.0547
2026-07-30 13:48:04,ETHUSDT,BINANCE,TRADE,1905.41,0.0027
2026-07-30 13:48:04,ETHUSDT,BINANCE,TRADE,1905.41,0.0028
2026-07-30 13:48:04,ETHUSDT,BINANCE,TRADE,1905.41,0.0027
2026-07-30 13:48:04,ETHUSDT,BINANCE,TRADE,1905.4,0.0032
2026-07-30 13:48:04,ETHUSDT,BINANCE,TRADE,1905.4,0.05
2026-07-30 13:48:04,ETHUSDT,BINANCE,TRADE,1905.4,0.0027
2026-07-30 13:48:04,ETHUSDT,BINANCE,TRADE,1905.4,0.0028
2026-07-30 13:48:04,ETHUSDT,BINANCE,TRADE,1905.4,0.0027
2026-07-30 13:48:04,ETHUSDT,BINANCE,TRADE,1905.4,0.0027
2026-07-30 13:48:04,ETHUSDT,BINANCE,TRADE,1905.4,0.0027
2026-07-30 13:48:04,ETHUSDT,BINANCE,TRADE,1905.4,0.0027
2026-07-30 13:48:04,BTCUSDT,BINANCE,TRADE,64041.1,0.0005
2026-07-30 13:48:04,BTCUSDT,BINANCE,TRADE,64041.1,0.005
2026-07-30 13:48:04,BTCUSDT,BINANCE,TRADE,64041.1,0.005
2026-07-30 13:48:04,BTCUSDT,BINANCE,TRADE,64041.1,0.01
2026-07-30 13:48:04,BTCUSDT,BINANCE,TRADE,64041.1,8e-05
2026-07-30 13:48:04,BTCUSDT,BINANCE,TRADE,64041.1,8e-05
2026-07-30 13:48:04,BTCUSDT,BINANCE,TRADE,64041.1,8e-05
2026-07-30 13:48:04,BTCUSDT,BINANCE,TRADE,64041.1,8e-05
2026-07-30 13:48:04,BTCUSDT,BINANCE,TRADE,64041.1,8e-05
2026-07-30 13:48:04,BTCUSDT,BINANCE,TRADE,64041.1,8e-05
2026-07-30 13:48:04,BTCUSDT,BINANCE,TRADE,64041.1,2e-05
2026-07-30 13:48:04,BTCUSDT,BINANCE,TRADE,64041.1,6e-05
2026-07-30 13:48:04,BTCUSDT,BINANCE,TRADE,64041.1,8e-05
2026-07-30 13:48:04,BTCUSDT,BINANCE,TRADE,64041.1,8e-05
2026-07-30 13:48:04,BTCUSDT,BINANCE,TRADE,64041.1,8e-05
2026-07-30 13:48:04,BTCUSDT,BINANCE,TRADE,64041.1,8e-05
2026-07-30 13:48:04,BTCUSDT,BINANCE,TRADE,64041.1,8e-05
2026-07-30 13:48:04,BTCUSDT,BINANCE,TRADE,64041.1,8e-05
2026-07-30 13:48:04,BTCUSDT,BINANCE,TRADE,64041.1,8e-05
2026-07-30 13:48:04,BTCUSDT,BINANCE,TRADE,64041.1,8e-05
2026-07-30 13:48:04,BTCUSDT,BINANCE,TRADE,64041.1,9e-05
2026-07-30 13:48:04,BTCUSDT,BINANCE,TRADE,64041.1,8e-05
2026-07-30 13:48:04,BTCUSDT,BINANCE,TRADE,64041.1,8e-05
2026-07-30 13:48:04,BTCUSDT,BINANCE,TRADE,64041.1,8e-05
2026-07-30 13:48:04,BTCUSDT,BINANCE,TRADE,64041.1,0.00397
2026-07-30 13:48:04,BTCUSDT,BINANCE,TRADE,64041.1,0.02725
2026-07-30 13:48:04,BTCUSDT,BINANCE,TRADE,64041.1,8e-05
2026-07-30 13:48:04,BTCUSDT,BINANCE,TRADE,64041.1,9e-05
2026-07-30 13:48:04,BTCUSDT,BINANCE,TRADE,64041.1,9e-05
2026-07-30 13:48:04,BTCUSDT,BINANCE,TRADE,64041.1,8e-05
2026-07-30 13:48:04,BTCUSDT,BINANCE,TRADE,64041.1,8e-05
2026-07-30 13:48:04,BTCUSDT,BINANCE,TRADE,64041.1,8e-05
2026-07-30 13:48:04,BTCUSDT,BINANCE,TRADE,64041.1,8e-05
2026-07-30 13:48:04,BTCUSDT,BINANCE,TRADE,64041.1,8e-05
2026-07-30 13:48:04,BTCUSDT,BINANCE,TRADE,64040.5,8e-05
2026-07-30 13:48:04,BTCUSDT,BINANCE,TRADE,64040,9e-05
2026-07-30 13:48:04,BTCUSDT,BINANCE,TRADE,64040,9e-05
2026-07-30 13:48:04,BTCUSDT,BINANCE,TRADE,64040,9e-05
2026-07-30 13:48:04,BTCUSDT,BINANCE,TRADE,64040,0.005
2026-07-30 13:48:04,BTCUSDT,BINANCE,TRADE,64040,0.005
2026-07-30 13:48:04,BTCUSDT,BINANCE,TRADE,64040,0.008
2026-07-30 13:48:04,BTCUSDT,BINANCE,TRADE,64040,0.006
2026-07-30 13:48:04,BTCUSDT,BINANCE,TRADE,64040,0.01
2026-07-30 13:48:04,BTCUSDT,BINANCE,TRADE,64040,9e-05
2026-07-30 13:48:04,BTCUSDT,BINANCE,TRADE,64040,9e-05
2026-07-30 13:48:04,BTCUSDT,BINANCE,TRADE,64039.6,8e-05
2026-07-30 13:48:04,BTCUSDT,BINANCE,TRADE,64039.6,8e-05
2026-07-30 13:48:04,BTCUSDT,BINANCE,TRADE,64039.4,8e-05
2026-07-30 13:48:04,BTCUSDT,BINANCE,TRADE,64038.6,9e-05
2026-07-30 13:48:04,BTCUSDT,BINANCE,TRADE,64038.6,9e-05
2026-07-30 13:48:04,BTCUSDT,BINANCE,TRADE,64038.6,9e-05
2026-07-30 13:48:04,BTCUSDT,BINANCE,TRADE,64038.6,0.005
2026-07-30 13:48:04,BTCUSDT,BINANCE,TRADE,64038.6,0.01
2026-07-30 13:48:04,BTCUSDT,BINANCE,TRADE,64038.6,0.0005
2026-07-30 13:48:04,BTCUSDT,BINANCE,TRADE,64038.6,0.0013
2026-07-30 13:48:04,BTCUSDT,BINANCE,TRADE,64038.6,0.0005
2026-07-30 13:48:04,ETHUSDT,BINANCE,TRADE,1905.39,0.0027
2026-07-30 13:48:04,ETHUSDT,BINANCE,TRADE,1905.39,0.0027
2026-07-30 13:48:04,ETHUSDT,BINANCE,TRADE,1905.39,0.0028
2026-07-30 13:48:04,ETHUSDT,BINANCE,TRADE,1905.39,0.0027
2026-07-30 13:48:04,ETHUSDT,BINANCE,TRADE,1905.39,0.0027
2026-07-30 13:48:04,ETHUSDT,BINANCE,TRADE,1905.39,0.0027
2026-07-30 13:48:04,ETHUSDT,BINANCE,TRADE,1905.39,0.0031
2026-07-30 13:48:04,ETHUSDT,BINANCE,TRADE,1905.39,0.0031
2026-07-30 13:48:04,ETHUSDT,BINANCE,TRADE,1905.39,0.0031
2026-07-30 13:48:04,ETHUSDT,BINANCE,TRADE,1905.39,0.0028
2026-07-30 13:48:04,ETHUSDT,BINANCE,TRADE,1905.39,0.0027
2026-07-30 13:48:04,ETHUSDT,BINANCE,TRADE,1905.39,0.0027
2026-07-30 13:48:04,ETHUSDT,BINANCE,TRADE,1905.39,0.0027
2026-07-30 13:48:04,ETHUSDT,BINANCE,TRADE,1905.39,0.0027
2026-07-30 13:48:04,ETHUSDT,BINANCE,TRADE,1905.39,0.0027
2026-07-30 13:48:04,ETHUSDT,BINANCE,TRADE,1905.39,0.0027
2026-07-30 13:48:04,ETHUSDT,BINANCE,TRADE,1905.39,0.0027
2026-07-30 13:48:04,ETHUSDT,BINANCE,TRADE,1905.38,0.0027
2026-07-30 13:48:04,ETHUSDT,BINANCE,TRADE,1905.38,0.0028
2026-07-30 13:48:04,ETHUSDT,BINANCE,TRADE,1905.38,0.0027
2026-07-30 13:48:04,ETHUSDT,BINANCE,TRADE,1905.38,2.835
2026-07-30 13:48:04,ETHUSDT,BINANCE,TRADE,1905.37,0.0027
2026-07-30 13:48:04,ETHUSDT,BINANCE,TRADE,1905.37,0.0027
2026-07-30 13:48:04,ETHUSDT,BINANCE,TRADE,1905.37,0.0028
2026-07-30 13:48:04,ETHUSDT,BINANCE,TRADE,1905.37,0.0027
2026-07-30 13:48:04,ETHUSDT,BINANCE,TRADE,1905.36,0.003
2026-07-30 13:48:04,ETHUSDT,BINANCE,TRADE,1905.36,0.0027
2026-07-30 13:48:04,ETHUSDT,BINANCE,TRADE,1905.36,0.0027
2026-07-30 13:48:04,ETHUSDT,BINANCE,TRADE,1905.36,0.0027
2026-07-30 13:48:04,ETHUSDT,BINANCE,TRADE,1905.36,0.0028
2026-07-30 13:48:04,ETHUSDT,BINANCE,TRADE,1905.36,0.0027
2026-07-30 13:48:04,ETHUSDT,BINANCE,TRADE,1905.36,0.0027
2026-07-30 13:48:04,ETHUSDT,BINANCE,TRADE,1905.36,0.0027
2026-07-30 13:48:04,ETHUSDT,BINANCE,TRADE,1905.35,0.0027
2026-07-30 13:48:04,ETHUSDT,BINANCE,TRADE,1905.35,0.0028
2026-07-30 13:48:04,ETHUSDT,BINANCE,TRADE,1905.35,0.0027
2026-07-30 13:48:04,ETHUSDT,BINANCE,TRADE,1905.34,0.0028
2026-07-30 13:48:04,ETHUSDT,BINANCE,TRADE,1905.33,0.0078
2026-07-30 13:48:04,ETHUSDT,BINANCE,TRADE,1905.33,0.0027
2026-07-30 13:48:04,ETHUSDT,BINANCE,TRADE,1905.33,0.0027
2026-07-30 13:48:04,ETHUSDT,BINANCE,TRADE,1905.33,0.0028
2026-07-30 13:48:04,ETHUSDT,BINANCE,TRADE,1905.33,0.0027
2026-07-30 13:48:04,ETHUSDT,BINANCE,TRADE,1905.33,0.0027
2026-07-30 13:48:04,ETHUSDT,BINANCE,TRADE,1905.32,0.0028
2026-07-30 13:48:04,ETHUSDT,BINANCE,TRADE,1905.3,0.0032
2026-07-30 13:48:04,ETHUSDT,BINANCE,TRADE,1905.3,0.0027
2026-07-30 13:48:04,ETHUSDT,BINANCE,TRADE,1905.3,0.0028
2026-07-30 13:48:04,ETHUSDT,BINANCE,TRADE,1905.28,0.0027
2026-07-30 13:48:04,ETHUSDT,BINANCE,TRADE,1905.28,0.0027
2026-07-30 13:48:04,ETHUSDT,BINANCE,TRADE,1905.28,0.0028
2026-07-30 13:48:04,ETHUSDT,BINANCE,TRADE,1905.28,0.0027
2026-07-30 13:48:04,ETHUSDT,BINANCE,TRADE,1905.28,0.0028
2026-07-30 13:48:04,BTCUSDT,BINANCE,TRADE,64038.6,0.0005
2026-07-30 13:48:04,BTCUSDT,BINANCE,TRADE,64038.6,0.00016
2026-07-30 13:48:04,BTCUSDT,BINANCE,TRADE,64038.6,0.0005
2026-07-30 13:48:04,BTCUSDT,BINANCE,TRADE,64038.6,9e-05
2026-07-30 13:48:04,BTCUSDT,BINANCE,TRADE,64038.6,9e-05
2026-07-30 13:48:04,BTCUSDT,BINANCE,TRADE,64038.6,8e-05
2026-07-30 13:48:04,BTCUSDT,BINANCE,TRADE,64038.6,8e-05
2026-07-30 13:48:04,BTCUSDT,BINANCE,TRADE,64038.6,8e-05
2026-07-30 13:48:04,BTCUSDT,BINANCE,TRADE,64038.6,8e-05
2026-07-30 13:48:04,BTCUSDT,BINANCE,TRADE,64038.6,8e-05
2026-07-30 13:48:04,BTCUSDT,BINANCE,TRADE,64038.6,8e-05
2026-07-30 13:48:04,BTCUSDT,BINANCE,TRADE,64038.6,0.003
2026-07-30 13:48:04,BTCUSDT,BINANCE,TRADE,64038.6,8e-05
2026-07-30 13:48:04,BTCUSDT,BINANCE,TRADE,64038.6,8e-05
2026-07-30 13:48:04,BTCUSDT,BINANCE,TRADE,64038.6,8e-05
2026-07-30 13:48:04,BTCUSDT,BINANCE,TRADE,64038.6,8e-05
2026-07-30 13:48:04,BTCUSDT,BINANCE,TRADE,64038.6,8e-05
2026-07-30 13:48:04,BTCUSDT,BINANCE,TRADE,64038.6,8e-05
2026-07-30 13:48:04,BTCUSDT,BINANCE,TRADE,64038.6,9e-05
2026-07-30 13:48:04,BTCUSDT,BINANCE,TRADE,64038.6,8e-05
2026-07-30 13:48:04,BTCUSDT,BINANCE,TRADE,64038.6,8e-05
2026-07-30 13:48:04,BTCUSDT,BINANCE,TRADE,64038.6,8e-05
2026-07-30 13:48:04,BTCUSDT,BINANCE,TRADE,64038.6,0.005
2026-07-30 13:48:04,BTCUSDT,BINANCE,TRADE,64038.6,0.005
2026-07-30 13:48:04,BTCUSDT,BINANCE,TRADE,64038.6,0.01
2026-07-30 13:48:04,BTCUSDT,BINANCE,TRADE,64038.6,8e-05
2026-07-30 13:48:04,BTCUSDT,BINANCE,TRADE,64038.6,8e-05
2026-07-30 13:48:04,BTCUSDT,BINANCE,TRADE,64038.6,8e-05
2026-07-30 13:48:04,BTCUSDT,BINANCE,TRADE,64038.6,8e-05
2026-07-30 13:48:04,BTCUSDT,BINANCE,TRADE,64038.6,8e-05
2026-07-30 13:48:04,BTCUSDT,BINANCE,TRADE,64038.6,8e-05
2026-07-30 13:48:04,BTCUSDT,BINANCE,TRADE,64038.6,9e-05
2026-07-30 13:48:04,BTCUSDT,BINANCE,TRADE,64038.6,9e-05
2026-07-30 13:48:04,BTCUSDT,BINANCE,TRADE,64038.6,8e-05
2026-07-30 13:48:04,BTCUSDT,BINANCE,TRADE,64038.6,8e-05
2026-07-30 13:48:04,BTCUSDT,BINANCE,TRADE,64038.6,8e-05
2026-07-30 13:48:04,BTCUSDT,BINANCE,TRADE,64038.6,8e-05
2026-07-30 13:48:04,BTCUSDT,BINANCE,TRADE,64038.4,9e-05
2026-07-30 13:48:04,BTCUSDT,BINANCE,TRADE,64038.4,0.00029
2026-07-30 13:48:04,BTCUSDT,BINANCE,TRADE,64038.4,0.0005
2026-07-30 13:48:04,BTCUSDT,BINANCE,TRADE,64038.4,8e-05
2026-07-30 13:48:04,BTCUSDT,BINANCE,TRADE,64038.4,8e-05
2026-07-30 13:48:04,BTCUSDT,BINANCE,TRADE,64038.4,8e-05
2026-07-30 13:48:04,BTCUSDT,BINANCE,TRADE,64038.4,8e-05
2026-07-30 13:48:04,BTCUSDT,BINANCE,TRADE,64038.4,8e-05
2026-07-30 13:48:04,BTCUSDT,BINANCE,TRADE,64038.4,8e-05
2026-07-30 13:48:04,BTCUSDT,BINANCE,TRADE,64038.4,8e-05
2026-07-30 13:48:04,BTCUSDT,BINANCE,TRADE,64038.4,8e-05
2026-07-30 13:48:04,BTCUSDT,BINANCE,TRADE,64038.4,8e-05
2026-07-30 13:48:04,BTCUSDT,BINANCE,TRADE,64038.4,8e-05
2026-07-30 13:48:04,BTCUSDT,BINANCE,TRADE,64038.4,8e-05
2026-07-30 13:48:04,BTCUSDT,BINANCE,TRADE,64038.4,8e-05
2026-07-30 13:48:04,BTCUSDT,BINANCE,TRADE,64038.4,9e-05
2026-07-30 13:48:04,BTCUSDT,BINANCE,TRADE,64038.4,8e-05
2026-07-30 13:48:04,BTCUSDT,BINANCE,TRADE,64038.4,8e-05
2026-07-30 13:48:04,BTCUSDT,BINANCE,TRADE,64038.4,9e-05
2026-07-30 13:48:04,BTCUSDT,BINANCE,TRADE,64038.4,8e-05
2026-07-30 13:48:04,BTCUSDT,BINANCE,TRADE,64038.4,9e-05
2026-07-30 13:48:04,BTCUSDT,BINANCE,TRADE,64038.4,8e-05
2026-07-30 13:48:04,BTCUSDT,BINANCE,TRADE,64038.4,8e-05
2026-07-30 13:48:04,BTCUSDT,BINANCE,TRADE,64038,8e-05
2026-07-30 13:48:04,BTCUSDT,BINANCE,TRADE,64038,8e-05
2026-07-30 13:48:04,BTCUSDT,BINANCE,TRADE,64038,8e-05
2026-07-30 13:48:04,BTCUSDT,BINANCE,TRADE,64038,8e-05
2026-07-30 13:48:04,BTCUSDT,BINANCE,TRADE,64038,8e-05
2026-07-30 13:48:04,BTCUSDT,BINANCE,TRADE,64038,9e-05
2026-07-30 13:48:04,BTCUSDT,BINANCE,TRADE,64038,9e-05
2026-07-30 13:48:04,BTCUSDT,BINANCE,TRADE,64038,9e-05
2026-07-30 13:48:04,BTCUSDT,BINANCE,TRADE,64038,0.0027
2026-07-30 13:48:04,BTCUSDT,BINANCE,TRADE,64038,0.0023
2026-07-30 13:48:04,BTCUSDT,BINANCE,TRADE,64038,0.005
2026-07-30 13:48:04,BTCUSDT,BINANCE,TRADE,64038,0.0027
2026-07-30 13:48:04,BTCUSDT,BINANCE,TRADE,64038,0.005
2026-07-30 13:48:04,BTCUSDT,BINANCE,TRADE,64038,0.0003
2026-07-30 13:48:04,BTCUSDT,BINANCE,TRADE,64038,0.0002
2026-07-30 13:48:04,ETHUSDT,BINANCE,TRADE,1905.28,0.033
2026-07-30 13:48:04,BTCUSDT,BINANCE,TRADE,64038,0.00029
2026-07-30 13:48:04,BTCUSDT,BINANCE,TRADE,64038,0.0005
2026-07-30 13:48:04,BTCUSDT,BINANCE,TRADE,64038,0.00551
2026-07-30 13:48:04,BTCUSDT,BINANCE,TRADE,64038,9e-05
2026-07-30 13:48:04,BTCUSDT,BINANCE,TRADE,64038,9e-05
2026-07-30 13:48:04,BTCUSDT,BINANCE,TRADE,64038,8e-05
2026-07-30 13:48:04,BTCUSDT,BINANCE,TRADE,64038,8e-05
2026-07-30 13:48:04,BTCUSDT,BINANCE,TRADE,64038,8e-05
2026-07-30 13:48:04,BTCUSDT,BINANCE,TRADE,64038,8e-05
2026-07-30 13:48:04,BTCUSDT,BINANCE,TRADE,64038,8e-05
2026-07-30 13:48:04,BTCUSDT,BINANCE,TRADE,64038,8e-05
2026-07-30 13:48:04,BTCUSDT,BINANCE,TRADE,64038,8e-05
2026-07-30 13:48:04,BTCUSDT,BINANCE,TRADE,64038,8e-05
2026-07-30 13:48:04,BTCUSDT,BINANCE,TRADE,64038,8e-05
2026-07-30 13:48:04,BTCUSDT,BINANCE,TRADE,64038,8e-05
2026-07-30 13:48:04,BTCUSDT,BINANCE,TRADE,64038,8e-05
2026-07-30 13:48:04,BTCUSDT,BINANCE,TRADE,64038,9e-05
2026-07-30 13:48:04,BTCUSDT,BINANCE,TRADE,64038,8e-05
2026-07-30 13:48:04,BTCUSDT,BINANCE,TRADE,64038,8e-05
2026-07-30 13:48:04,BTCUSDT,BINANCE,TRADE,64038,8e-05
2026-07-30 13:48:04,BTCUSDT,BINANCE,TRADE,64038,8e-05
2026-07-30 13:48:04,BTCUSDT,BINANCE,TRADE,64038,8e-05
2026-07-30 13:48:04,BTCUSDT,BINANCE,TRADE,64038,9e-05
2026-07-30 13:48:04,BTCUSDT,BINANCE,TRADE,64038,9e-05
2026-07-30 13:48:04,BTCUSDT,BINANCE,TRADE,64038,8e-05
2026-07-30 13:48:04,BTCUSDT,BINANCE,TRADE,64038,8e-05
2026-07-30 13:48:04,BTCUSDT,BINANCE,TRADE,64038,8e-05
2026-07-30 13:48:04,BTCUSDT,BINANCE,TRADE,64038,8e-05
2026-07-30 13:48:04,BTCUSDT,BINANCE,TRADE,64037.9,9e-05
2026-07-30 13:48:04,BTCUSDT,BINANCE,TRADE,64037.9,9e-05
2026-07-30 13:48:04,BTCUSDT,BINANCE,TRADE,64037.9,9e-05
2026-07-30 13:48:04,BTCUSDT,BINANCE,TRADE,64037.9,9e-05
2026-07-30 13:48:04,BTCUSDT,BINANCE,TRADE,64037.9,9e-05
2026-07-30 13:48:04,BTCUSDT,BINANCE,TRADE,64036.7,0.00012
2026-07-30 13:48:04,BTCUSDT,BINANCE,TRADE,64036.6,8e-05
2026-07-30 13:48:04,BTCUSDT,BINANCE,TRADE,64036.2,0.00024
2026-07-30 13:48:04,BTCUSDT,BINANCE,TRADE,64036.1,8e-05
2026-07-30 13:48:04,BTCUSDT,BINANCE,TRADE,64036,8e-05
2026-07-30 13:48:04,BTCUSDT,BINANCE,TRADE,64036,8e-05
2026-07-30 13:48:04,BTCUSDT,BINANCE,TRADE,64036,9e-05
2026-07-30 13:48:04,BTCUSDT,BINANCE,TRADE,64036,9e-05
2026-07-30 13:48:04,BTCUSDT,BINANCE,TRADE,64036,9e-05
2026-07-30 13:48:04,BTCUSDT,BINANCE,TRADE,64036,0.006
2026-07-30 13:48:04,BTCUSDT,BINANCE,TRADE,64036,0.005
2026-07-30 13:48:04,BTCUSDT,BINANCE,TRADE,64036,0.005
2026-07-30 13:48:04,BTCUSDT,BINANCE,TRADE,64036,0.008
2026-07-30 13:48:04,BTCUSDT,BINANCE,TRADE,64036,9e-05
2026-07-30 13:48:04,BTCUSDT,BINANCE,TRADE,64036,9e-05
2026-07-30 13:48:04,BTCUSDT,BINANCE,TRADE,64035.1,9e-05
2026-07-30 13:48:04,BTCUSDT,BINANCE,TRADE,64035.1,9e-05
2026-07-30 13:48:04,BTCUSDT,BINANCE,TRADE,64035.1,9e-05
2026-07-30 13:48:04,BTCUSDT,BINANCE,TRADE,64035.1,0.01
2026-07-30 13:48:04,BTCUSDT,BINANCE,TRADE,64035.1,8e-05
2026-07-30 13:48:04,BTCUSDT,BINANCE,TRADE,64035.1,9e-05
2026-07-30 13:48:04,BTCUSDT,BINANCE,TRADE,64035.1,9e-05
2026-07-30 13:48:04,BTCUSDT,BINANCE,TRADE,64035.1,8e-05
2026-07-30 13:48:04,BTCUSDT,BINANCE,TRADE,64035.1,8e-05
2026-07-30 13:48:04,BTCUSDT,BINANCE,TRADE,64035.1,8e-05
2026-07-30 13:48:04,BTCUSDT,BINANCE,TRADE,64035.1,0.00016
2026-07-30 13:48:04,BTCUSDT,BINANCE,TRADE,64035.1,0.005
2026-07-30 13:48:04,BTCUSDT,BINANCE,TRADE,64035.1,0.01
2026-07-30 13:48:04,BTCUSDT,BINANCE,TRADE,64035.1,0.0005
2026-07-30 13:48:04,BTCUSDT,BINANCE,TRADE,64035.1,0.0005
2026-07-30 13:48:04,BTCUSDT,BINANCE,TRADE,64035.1,0.00033
2026-07-30 13:48:04,BTCUSDT,BINANCE,TRADE,64035.1,0.005
2026-07-30 13:48:04,BTCUSDT,BINANCE,TRADE,64035.1,0.005
2026-07-30 13:48:04,BTCUSDT,BINANCE,TRADE,64035.1,0.0005
2026-07-30 13:48:04,BTCUSDT,BINANCE,TRADE,64035.1,0.005
2026-07-30 13:48:04,BTCUSDT,BINANCE,TRADE,64035.1,0.0005
2026-07-30 13:48:04,BTCUSDT,BINANCE,TRADE,64035.1,0.0005
2026-07-30 13:48:04,BTCUSDT,BINANCE,TRADE,64035.1,0.00019
2026-07-30 13:48:04,BTCUSDT,BINANCE,TRADE,64035.1,0.00652
2026-07-30 13:48:04,BTCUSDT,BINANCE,TRADE,64035.1,0.0005
2026-07-30 13:48:04,BTCUSDT,BINANCE,TRADE,64035.1,0.0005
2026-07-30 13:48:04,BTCUSDT,BINANCE,TRADE,64035.1,0.0005
2026-07-30 13:48:04,ETHUSDT,BINANCE,TRADE,1905.27,0.0027
2026-07-30 13:48:04,ETHUSDT,BINANCE,TRADE,1905.27,0.026
2026-07-30 13:48:04,BTCUSDT,BINANCE,TRADE,64035.1,0.0005
2026-07-30 13:48:04,BTCUSDT,BINANCE,TRADE,64035.1,0.0005
2026-07-30 13:48:04,BTCUSDT,BINANCE,TRADE,64035.1,0.0005
2026-07-30 13:48:04,BTCUSDT,BINANCE,TRADE,64035.1,0.0005
2026-07-30 13:48:04,BTCUSDT,BINANCE,TRADE,64035.1,0.0003
2026-07-30 13:48:04,BTCUSDT,BINANCE,TRADE,64035.1,0.0005
2026-07-30 13:48:04,BTCUSDT,BINANCE,TRADE,64035.1,0.0005
2026-07-30 13:48:04,BTCUSDT,BINANCE,TRADE,64035.1,0.0005
2026-07-30 13:48:04,BTCUSDT,BINANCE,TRADE,64035.1,0.0005
2026-07-30 13:48:04,BTCUSDT,BINANCE,TRADE,64035.1,0.0005
2026-07-30 13:48:04,BTCUSDT,BINANCE,TRADE,64035.1,0.0005
2026-07-30 13:48:04,BTCUSDT,BINANCE,TRADE,64035.1,0.0005
2026-07-30 13:48:04,BTCUSDT,BINANCE,TRADE,64035.1,0.0005
2026-07-30 13:48:04,ETHUSDT,BINANCE,TRADE,1905.28,0.0073
2026-07-30 13:48:04,ETHUSDT,BINANCE,TRADE,1905.28,0.0399
2026-07-30 13:48:04,BTCUSDT,BINANCE,TRADE,64035.1,0.0005
2026-07-30 13:48:04,BTCUSDT,BINANCE,TRADE,64035.1,0.0005
2026-07-30 13:48:04,ETHUSDT,BINANCE,TRADE,1905.27,0.0027
2026-07-30 13:48:04,BTCUSDT,BINANCE,TRADE,64035.1,0.00296
2026-07-30 13:48:04,BTCUSDT,BINANCE,TRADE,64035.1,0.0005
2026-07-30 13:48:04,BTCUSDT,BINANCE,TRADE,64035.1,0.0005
2026-07-30 13:48:04,BTCUSDT,BINANCE,TRADE,64035.1,0.00224
2026-07-30 13:48:04,BTCUSDT,BINANCE,TRADE,64035.1,0.0005
2026-07-30 13:48:04,BTCUSDT,BINANCE,TRADE,64035.1,0.00202
2026-07-30 13:48:04,BTCUSDT,BINANCE,TRADE,64035.1,0.0005
2026-07-30 13:48:04,BTCUSDT,BINANCE,TRADE,64035.1,0.0005
2026-07-30 13:48:04,BTCUSDT,BINANCE,TRADE,64035.1,0.00022
2026-07-30 13:48:04,BTCUSDT,BINANCE,TRADE,64035.1,0.0005
2026-07-30 13:48:04,BTCUSDT,BINANCE,TRADE,64035.1,0.0005
2026-07-30 13:48:04,BTCUSDT,BINANCE,TRADE,64035.1,0.0005
2026-07-30 13:48:04,BTCUSDT,BINANCE,TRADE,64035.1,0.00065
2026-07-30 13:48:04,BTCUSDT,BINANCE,TRADE,64035.1,0.0005
2026-07-30 13:48:04,BTCUSDT,BINANCE,TRADE,64035.1,0.0005
2026-07-30 13:48:04,BTCUSDT,BINANCE,TRADE,64035.1,0.0005
2026-07-30 13:48:04,BTCUSDT,BINANCE,TRADE,64035.1,0.0005
2026-07-30 13:48:04,BTCUSDT,BINANCE,TRADE,64035.1,0.0005
2026-07-30 13:48:04,BTCUSDT,BINANCE,TRADE,64035.1,0.0013
2026-07-30 13:48:04,BTCUSDT,BINANCE,TRADE,64035.1,0.0005
2026-07-30 13:48:04,BTCUSDT,BINANCE,TRADE,64035.1,0.0005
2026-07-30 13:48:04,ETHUSDT,BINANCE,TRADE,1905.27,0.0216
2026-07-30 13:48:04,BTCUSDT,BINANCE,TRADE,64035.1,0.00032
2026-07-30 13:48:04,BTCUSDT,BINANCE,TRADE,64035.1,0.0005
2026-07-30 13:48:04,BTCUSDT,BINANCE,TRADE,64035.1,0.00521
2026-07-30 13:48:04,BTCUSDT,BINANCE,TRADE,64035.1,0.0005
2026-07-30 13:48:04,BTCUSDT,BINANCE,TRADE,64035.1,0.0005
2026-07-30 13:48:04,BTCUSDT,BINANCE,TRADE,64035.1,0.0005
2026-07-30 13:48:04,SOLUSDT,BINANCE,TRADE,73.43,0.277
2026-07-30 13:48:04,SOLUSDT,BINANCE,TRADE,73.43,0.069
2026-07-30 13:48:04,SOLUSDT,BINANCE,TRADE,73.43,0.072
2026-07-30 13:48:04,SOLUSDT,BINANCE,TRADE,73.43,0.072
2026-07-30 13:48:04,SOLUSDT,BINANCE,TRADE,73.43,0.082
2026-07-30 13:48:04,SOLUSDT,BINANCE,TRADE,73.43,0.069
2026-07-30 13:48:04,SOLUSDT,BINANCE,TRADE,73.43,0.075
2026-07-30 13:48:04,SOLUSDT,BINANCE,TRADE,73.43,0.118
2026-07-30 13:48:04,SOLUSDT,BINANCE,TRADE,73.43,0.1
2026-07-30 13:48:04,SOLUSDT,BINANCE,TRADE,73.43,0.75
2026-07-30 13:48:04,SOLUSDT,BINANCE,TRADE,73.43,0.15
2026-07-30 13:48:04,SOLUSDT,BINANCE,TRADE,73.43,0.136
2026-07-30 13:48:04,BTCUSDT,BINANCE,TRADE,64035.1,0.05061
2026-07-30 13:48:04,BTCUSDT,BINANCE,TRADE,64035.1,0.0005
2026-07-30 13:48:04,BTCUSDT,BINANCE,TRADE,64035.1,0.0005
2026-07-30 13:48:04,BTCUSDT,BINANCE,TRADE,64035.1,0.0005
2026-07-30 13:48:04,ETHUSDT,BINANCE,TRADE,1905.28,0.2299
2026-07-30 13:48:04,BTCUSDT,BINANCE,TRADE,64035.1,0.0005
2026-07-30 13:48:04,BTCUSDT,BINANCE,TRADE,64035.1,0.00204
2026-07-30 13:48:04,BTCUSDT,BINANCE,TRADE,64035.1,0.005
2026-07-30 13:48:04,BTCUSDT,BINANCE,TRADE,64035.1,0.0005
2026-07-30 13:48:04,BTCUSDT,BINANCE,TRADE,64035.1,0.0005
2026-07-30 13:48:04,BTCUSDT,BINANCE,TRADE,64035.1,0.00017
2026-07-30 13:48:04,ETHUSDT,BINANCE,TRADE,1905.28,0.7184
2026-07-30 13:48:04,BTCUSDT,BINANCE,TRADE,64035.1,0.0005
2026-07-30 13:48:04,BTCUSDT,BINANCE,TRADE,64035.1,0.00018
2026-07-30 13:48:04,BTCUSDT,BINANCE,TRADE,64035.1,0.0005
2026-07-30 13:48:04,ETHUSDT,BINANCE,TRADE,1905.28,0.0482
2026-07-30 13:48:04,BTCUSDT,BINANCE,TRADE,64035.1,0.0005
2026-07-30 13:48:04,BTCUSDT,BINANCE,TRADE,64035.1,0.0005
2026-07-30 13:48:04,BTCUSDT,BINANCE,TRADE,64035.1,0.0005
2026-07-30 13:48:04,BTCUSDT,BINANCE,TRADE,64035.1,0.0005
2026-07-30 13:48:04,BTCUSDT,BINANCE,TRADE,64035.1,0.0005
2026-07-30 13:48:04,BTCUSDT,BINANCE,TRADE,64035.1,0.00129
2026-07-30 13:48:04,BTCUSDT,BINANCE,TRADE,64035.1,0.01563
2026-07-30 13:48:04,BTCUSDT,BINANCE,TRADE,64035.1,0.0005
2026-07-30 13:48:04,SOLUSDT,BINANCE,TRADE,73.43,0.072
2026-07-30 13:48:04,SOLUSDT,BINANCE,TRADE,73.43,0.072
2026-07-30 13:48:04,SOLUSDT,BINANCE,TRADE,73.43,3.266
2026-07-30 13:48:04,SOLUSDT,BINANCE,TRADE,73.43,0.734
2026-07-30 13:48:04,SOLUSDT,BINANCE,TRADE,73.43,2
2026-07-30 13:48:04,SOLUSDT,BINANCE,TRADE,73.43,8
2026-07-30 13:48:04,SOLUSDT,BINANCE,TRADE,73.43,10.22
2026-07-30 13:48:04,SOLUSDT,BINANCE,TRADE,73.43,0.916
2026-07-30 13:48:04,BTCUSDT,BINANCE,TRADE,64035.1,0.0005
2026-07-30 13:48:04,BTCUSDT,BINANCE,TRADE,64035.1,0.00023
2026-07-30 13:48:04,BTCUSDT,BINANCE,TRADE,64035.1,0.0005
2026-07-30 13:48:04,BTCUSDT,BINANCE,TRADE,64035.1,0.0013
2026-07-30 13:48:04,BTCUSDT,BINANCE,TRADE,64035.1,0.0005
2026-07-30 13:48:04,BTCUSDT,BINANCE,TRADE,64035.1,0.0005
2026-07-30 13:48:04,BTCUSDT,BINANCE,TRADE,64035.1,0.0005
2026-07-30 13:48:04,BTCUSDT,BINANCE,TRADE,64035.1,0.0005
2026-07-30 13:48:04,BTCUSDT,BINANCE,TRADE,64035.1,0.0005
2026-07-30 13:48:05,BTCUSDT,BINANCE,TRADE,64035.1,0.0005
2026-07-30 13:48:05,BTCUSDT,BINANCE,TRADE,64035.1,0.0005
2026-07-30 13:48:05,BTCUSDT,BINANCE,TRADE,64035.1,0.0005
2026-07-30 13:48:05,BTCUSDT,BINANCE,TRADE,64035.1,0.0005
2026-07-30 13:48:05,BTCUSDT,BINANCE,TRADE,64035.1,0.00109
2026-07-30 13:48:05,BTCUSDT,BINANCE,TRADE,64035.1,0.0005
2026-07-30 13:48:05,BTCUSDT,BINANCE,TRADE,64035.1,0.0005
2026-07-30 13:48:05,BTCUSDT,BINANCE,TRADE,64035.1,0.0005
2026-07-30 13:48:05,BTCUSDT,BINANCE,TRADE,64035.1,0.0005
2026-07-30 13:48:05,BTCUSDT,BINANCE,TRADE,64035.1,0.0005
2026-07-30 13:48:05,BTCUSDT,BINANCE,TRADE,64035.1,0.00017
2026-07-30 13:48:05,BTCUSDT,BINANCE,TRADE,64035.1,0.0005
2026-07-30 13:48:05,BTCUSDT,BINANCE,TRADE,64035.1,0.0005
2026-07-30 13:48:05,BTCUSDT,BINANCE,TRADE,64035.1,0.00029
2026-07-30 13:48:05,BTCUSDT,BINANCE,TRADE,64035.1,0.0005
2026-07-30 13:48:05,BTCUSDT,BINANCE,TRADE,64035.1,0.0005
2026-07-30 13:48:05,BTCUSDT,BINANCE,TRADE,64035.1,0.0005
2026-07-30 13:48:05,BTCUSDT,BINANCE,TRADE,64035.1,0.0005
2026-07-30 13:48:05,BTCUSDT,BINANCE,TRADE,64035.1,0.0005
2026-07-30 13:48:05,BTCUSDT,BINANCE,TRADE,64035.1,0.00126
2026-07-30 13:48:05,BTCUSDT,BINANCE,TRADE,64035.1,0.0005
2026-07-30 13:48:05,BTCUSDT,BINANCE,TRADE,64035.1,0.0005
2026-07-30 13:48:05,BTCUSDT,BINANCE,TRADE,64035.1,0.0005
2026-07-30 13:48:05,BTCUSDT,BINANCE,TRADE,64035.1,0.0005
2026-07-30 13:48:05,BTCUSDT,BINANCE,TRADE,64035.1,0.0005
2026-07-30 13:48:05,BTCUSDT,BINANCE,TRADE,64035.1,0.0005
2026-07-30 13:48:05,BTCUSDT,BINANCE,TRADE,64035.1,0.0005
2026-07-30 13:48:05,BTCUSDT,BINANCE,TRADE,64035.1,0.0005
2026-07-30 13:48:05,BTCUSDT,BINANCE,TRADE,64035.1,0.0005
2026-07-30 13:48:05,BTCUSDT,BINANCE,TRADE,64035.1,0.0005
2026-07-30 13:48:05,BTCUSDT,BINANCE,TRADE,64035.1,0.0005
2026-07-30 13:48:05,BTCUSDT,BINANCE,TRADE,64035.1,0.0005
2026-07-30 13:48:05,BTCUSDT,BINANCE,TRADE,64035.1,0.00059
2026-07-30 13:48:05,BTCUSDT,BINANCE,TRADE,64035.1,0.0005
2026-07-30 13:48:05,BTCUSDT,BINANCE,TRADE,64035.1,0.0005
2026-07-30 13:48:05,BTCUSDT,BINANCE,TRADE,64035.1,0.002
2026-07-30 13:48:05,BTCUSDT,BINANCE,TRADE,64035.1,0.00156
2026-07-30 13:48:05,BTCUSDT,BINANCE,TRADE,64035.1,0.0005
2026-07-30 13:48:05,BTCUSDT,BINANCE,TRADE,64035.1,0.0005
2026-07-30 13:48:05,BTCUSDT,BINANCE,TRADE,64035.1,0.0005
2026-07-30 13:48:05,BTCUSDT,BINANCE,TRADE,64035.1,0.0005
2026-07-30 13:48:05,BTCUSDT,BINANCE,TRADE,64035.1,0.0005
2026-07-30 13:48:05,BTCUSDT,BINANCE,TRADE,64035.1,0.00456
2026-07-30 13:48:05,BTCUSDT,BINANCE,TRADE,64035.1,0.0005
2026-07-30 13:48:05,ETHUSDT,BINANCE,TRADE,1905.27,0.0027
2026-07-30 13:48:05,ETHUSDT,BINANCE,TRADE,1905.27,0.0028
2026-07-30 13:48:05,ETHUSDT,BINANCE,TRADE,1905.27,0.0027
2026-07-30 13:48:05,ETHUSDT,BINANCE,TRADE,1905.27,0.2239
2026-07-30 13:48:05,BTCUSDT,BINANCE,TRADE,64035.1,0.0005
2026-07-30 13:48:05,BTCUSDT,BINANCE,TRADE,64035.1,0.0005
2026-07-30 13:48:05,BTCUSDT,BINANCE,TRADE,64035.1,0.0005
2026-07-30 13:48:05,BTCUSDT,BINANCE,TRADE,64035.1,0.0013
2026-07-30 13:48:05,ETHUSDT,BINANCE,TRADE,1905.27,0.0028
2026-07-30 13:48:05,ETHUSDT,BINANCE,TRADE,1905.27,0.0031
2026-07-30 13:48:05,ETHUSDT,BINANCE,TRADE,1905.27,0.0027
2026-07-30 13:48:05,ETHUSDT,BINANCE,TRADE,1905.27,0.022
2026-07-30 13:48:05,ETHUSDT,BINANCE,TRADE,1905.27,0.0027
2026-07-30 13:48:05,ETHUSDT,BINANCE,TRADE,1905.27,0.0027
2026-07-30 13:48:05,ETHUSDT,BINANCE,TRADE,1905.27,0.0026
2026-07-30 13:48:05,BTCUSDT,BINANCE,TRADE,64035.1,0.0005
2026-07-30 13:48:05,BTCUSDT,BINANCE,TRADE,64035.1,0.0005
2026-07-30 13:48:05,BTCUSDT,BINANCE,TRADE,64035.1,0.00012
2026-07-30 13:48:05,BTCUSDT,BINANCE,TRADE,64035.1,0.0005
2026-07-30 13:48:05,BTCUSDT,BINANCE,TRADE,64035.1,0.00045
2026-07-30 13:48:05,BTCUSDT,BINANCE,TRADE,64035.1,0.00038
2026-07-30 13:48:05,BTCUSDT,BINANCE,TRADE,64035.1,0.0005
2026-07-30 13:48:05,BTCUSDT,BINANCE,TRADE,64035.1,0.0005
2026-07-30 13:48:05,BTCUSDT,BINANCE,TRADE,64035.1,0.0005
2026-07-30 13:48:05,BTCUSDT,BINANCE,TRADE,64035.1,0.0005
2026-07-30 13:48:05,ETHUSDT,BINANCE,TRADE,1905.28,0.0443
2026-07-30 13:48:05,BTCUSDT,BINANCE,TRADE,64035.1,0.0005
2026-07-30 13:48:05,BTCUSDT,BINANCE,TRADE,64035.1,0.01873
2026-07-30 13:48:05,BTCUSDT,BINANCE,TRADE,64035.1,0.0005
2026-07-30 13:48:05,BTCUSDT,BINANCE,TRADE,64035.1,0.00139
2026-07-30 13:48:05,BTCUSDT,BINANCE,TRADE,64035.1,0.0005
2026-07-30 13:48:05,BTCUSDT,BINANCE,TRADE,64035.1,0.00019
2026-07-30 13:48:05,BTCUSDT,BINANCE,TRADE,64035.1,0.0005
2026-07-30 13:48:05,BTCUSDT,BINANCE,TRADE,64035.1,9e-05
2026-07-30 13:48:05,BTCUSDT,BINANCE,TRADE,64035.1,0.0005
2026-07-30 13:48:05,ETHUSDT,BINANCE,TRADE,1905.28,0.2383
2026-07-30 13:48:05,BTCUSDT,BINANCE,TRADE,64035.1,0.0005
2026-07-30 13:48:05,BTCUSDT,BINANCE,TRADE,64035.1,0.00057
2026-07-30 13:48:05,BTCUSDT,BINANCE,TRADE,64035.1,0.00652
2026-07-30 13:48:05,BTCUSDT,BINANCE,TRADE,64035.1,0.0005
2026-07-30 13:48:05,BTCUSDT,BINANCE,TRADE,64035.1,0.0005
2026-07-30 13:48:05,BTCUSDT,BINANCE,TRADE,64035.1,0.0005
2026-07-30 13:48:05,BTCUSDT,BINANCE,TRADE,64035.1,0.00084
2026-07-30 13:48:05,BTCUSDT,BINANCE,TRADE,64035.1,0.00515
2026-07-30 13:48:05,BTCUSDT,BINANCE,TRADE,64035.1,0.0005
2026-07-30 13:48:05,BTCUSDT,BINANCE,TRADE,64035.1,0.0005
2026-07-30 13:48:05,BTCUSDT,BINANCE,TRADE,64035.1,0.0005
2026-07-30 13:48:05,BTCUSDT,BINANCE,TRADE,64035.1,0.0005
2026-07-30 13:48:05,BTCUSDT,BINANCE,TRADE,64035.1,0.0013
2026-07-30 13:48:05,BTCUSDT,BINANCE,TRADE,64035.1,0.0005
2026-07-30 13:48:05,BTCUSDT,BINANCE,TRADE,64035.1,0.0005
2026-07-30 13:48:05,ETHUSDT,BINANCE,TRADE,1905.28,0.0222
2026-07-30 13:48:05,ETHUSDT,BINANCE,TRADE,1905.27,0.0005
2026-07-30 13:48:05,ETHUSDT,BINANCE,TRADE,1905.27,0.0027
2026-07-30 13:48:05,ETHUSDT,BINANCE,TRADE,1905.27,0.0027
2026-07-30 13:48:05,ETHUSDT,BINANCE,TRADE,1905.27,0.0027
2026-07-30 13:48:05,ETHUSDT,BINANCE,TRADE,1905.27,0.0057
2026-07-30 13:48:05,BTCUSDT,BINANCE,TRADE,64035.1,0.0005
2026-07-30 13:48:05,ETHUSDT,BINANCE,TRADE,1905.27,2.9193
2026-07-30 13:48:05,ETHUSDT,BINANCE,TRADE,1905.27,0.0027
2026-07-30 13:48:05,ETHUSDT,BINANCE,TRADE,1905.27,0.0027
2026-07-30 13:48:05,ETHUSDT,BINANCE,TRADE,1905.27,0.0028
2026-07-30 13:48:05,ETHUSDT,BINANCE,TRADE,1905.27,0.0549
2026-07-30 13:48:05,BTCUSDT,BINANCE,TRADE,64035.1,0.0005
2026-07-30 13:48:05,BTCUSDT,BINANCE,TRADE,64035.1,0.0005
2026-07-30 13:48:05,BTCUSDT,BINANCE,TRADE,64035.1,0.00017
2026-07-30 13:48:05,BTCUSDT,BINANCE,TRADE,64035.1,0.0005
2026-07-30 13:48:05,BTCUSDT,BINANCE,TRADE,64035.1,0.00018
2026-07-30 13:48:05,BTCUSDT,BINANCE,TRADE,64035.1,0.0005
2026-07-30 13:48:05,BTCUSDT,BINANCE,TRADE,64035.1,0.0005
2026-07-30 13:48:05,BTCUSDT,BINANCE,TRADE,64035.1,0.0005
2026-07-30 13:48:05,BTCUSDT,BINANCE,TRADE,64035.1,0.0005
2026-07-30 13:48:05,BTCUSDT,BINANCE,TRADE,64035.1,0.00351
2026-07-30 13:48:05,BTCUSDT,BINANCE,TRADE,64035.1,0.0005
2026-07-30 13:48:05,BTCUSDT,BINANCE,TRADE,64035.1,0.0005
2026-07-30 13:48:05,ETHUSDT,BINANCE,TRADE,1905.27,0.0027
2026-07-30 13:48:05,ETHUSDT,BINANCE,TRADE,1905.27,0.0003
2026-07-30 13:48:05,BTCUSDT,BINANCE,TRADE,64035.1,0.00023
2026-07-30 13:48:05,ETHUSDT,BINANCE,TRADE,1905.27,0.0025
2026-07-30 13:48:05,ETHUSDT,BINANCE,TRADE,1905.27,0.0027
2026-07-30 13:48:05,ETHUSDT,BINANCE,TRADE,1905.27,0.0031
2026-07-30 13:48:05,ETHUSDT,BINANCE,TRADE,1905.27,0.0053
2026-07-30 13:48:05,ETHUSDT,BINANCE,TRADE,1905.27,0.0027
2026-07-30 13:48:05,ETHUSDT,BINANCE,TRADE,1905.27,0.0027
2026-07-30 13:48:05,ETHUSDT,BINANCE,TRADE,1905.27,0.0031
2026-07-30 13:48:05,ETHUSDT,BINANCE,TRADE,1905.27,0.0027
2026-07-30 13:48:05,ETHUSDT,BINANCE,TRADE,1905.27,0.0027
2026-07-30 13:48:05,ETHUSDT,BINANCE,TRADE,1905.27,0.0028
2026-07-30 13:48:05,ETHUSDT,BINANCE,TRADE,1905.27,0.0027
2026-07-30 13:48:05,ETHUSDT,BINANCE,TRADE,1905.27,0.0027
2026-07-30 13:48:05,ETHUSDT,BINANCE,TRADE,1905.27,0.0031
2026-07-30 13:48:05,ETHUSDT,BINANCE,TRADE,1905.27,0.0027
2026-07-30 13:48:05,ETHUSDT,BINANCE,TRADE,1905.27,0.0027
2026-07-30 13:48:05,ETHUSDT,BINANCE,TRADE,1905.27,0.0027
2026-07-30 13:48:05,ETHUSDT,BINANCE,TRADE,1905.27,0.0027
2026-07-30 13:48:05,ETHUSDT,BINANCE,TRADE,1905.27,0.0027
2026-07-30 13:48:05,ETHUSDT,BINANCE,TRADE,1905.26,0.0027
2026-07-30 13:48:05,ETHUSDT,BINANCE,TRADE,1905.26,0.0027
2026-07-30 13:48:05,ETHUSDT,BINANCE,TRADE,1905.26,0.0028
2026-07-30 13:48:05,ETHUSDT,BINANCE,TRADE,1905.26,0.0027
2026-07-30 13:48:05,ETHUSDT,BINANCE,TRADE,1905.26,0.0027
2026-07-30 13:48:05,ETHUSDT,BINANCE,TRADE,1905.26,0.0027
2026-07-30 13:48:05,ETHUSDT,BINANCE,TRADE,1905.26,0.0053
2026-07-30 13:48:05,ETHUSDT,BINANCE,TRADE,1905.26,0.0027
2026-07-30 13:48:05,ETHUSDT,BINANCE,TRADE,1905.26,0.0027
2026-07-30 13:48:05,ETHUSDT,BINANCE,TRADE,1905.25,0.0027
2026-07-30 13:48:05,ETHUSDT,BINANCE,TRADE,1905.25,0.0028
2026-07-30 13:48:05,ETHUSDT,BINANCE,TRADE,1905.25,0.0053
2026-07-30 13:48:05,ETHUSDT,BINANCE,TRADE,1905.25,0.0027
2026-07-30 13:48:05,ETHUSDT,BINANCE,TRADE,1905.25,0.0027
2026-07-30 13:48:05,ETHUSDT,BINANCE,TRADE,1905.25,0.0027
2026-07-30 13:48:05,ETHUSDT,BINANCE,TRADE,1905.25,0.0027
2026-07-30 13:48:05,ETHUSDT,BINANCE,TRADE,1905.24,0.0028
2026-07-30 13:48:05,ETHUSDT,BINANCE,TRADE,1905.23,0.004
2026-07-30 13:48:05,ETHUSDT,BINANCE,TRADE,1905.23,0.0027
2026-07-30 13:48:05,ETHUSDT,BINANCE,TRADE,1905.23,0.0028
2026-07-30 13:48:05,ETHUSDT,BINANCE,TRADE,1905.23,0.0027
2026-07-30 13:48:05,ETHUSDT,BINANCE,TRADE,1905.22,0.0027
2026-07-30 13:48:05,ETHUSDT,BINANCE,TRADE,1905.22,0.0028
2026-07-30 13:48:05,ETHUSDT,BINANCE,TRADE,1905.22,0.0028
2026-07-30 13:48:05,ETHUSDT,BINANCE,TRADE,1905.22,0.0028
2026-07-30 13:48:05,ETHUSDT,BINANCE,TRADE,1905.22,0.0027
2026-07-30 13:48:05,ETHUSDT,BINANCE,TRADE,1905.22,0.0028
2026-07-30 13:48:05,ETHUSDT,BINANCE,TRADE,1905.21,0.0078
2026-07-30 13:48:05,ETHUSDT,BINANCE,TRADE,1905.21,0.0108
2026-07-30 13:48:05,ETHUSDT,BINANCE,TRADE,1905.21,0.0027
2026-07-30 13:48:05,ETHUSDT,BINANCE,TRADE,1905.21,0.0027
2026-07-30 13:48:05,ETHUSDT,BINANCE,TRADE,1905.21,0.0028
2026-07-30 13:48:05,ETHUSDT,BINANCE,TRADE,1905.21,0.0028
2026-07-30 13:48:05,ETHUSDT,BINANCE,TRADE,1905.21,0.0028
2026-07-30 13:48:05,ETHUSDT,BINANCE,TRADE,1905.21,0.0027
2026-07-30 13:48:05,ETHUSDT,BINANCE,TRADE,1905.21,0.0028
2026-07-30 13:48:05,ETHUSDT,BINANCE,TRADE,1905.21,0.0027
2026-07-30 13:48:05,ETHUSDT,BINANCE,TRADE,1905.21,0.0027
2026-07-30 13:48:05,ETHUSDT,BINANCE,TRADE,1905.21,0.0027
2026-07-30 13:48:05,BTCUSDT,BINANCE,TRADE,64035.1,0.0005
2026-07-30 13:48:05,BTCUSDT,BINANCE,TRADE,64035.1,0.0005
2026-07-30 13:48:05,BTCUSDT,BINANCE,TRADE,64035.1,0.0005
2026-07-30 13:48:05,BTCUSDT,BINANCE,TRADE,64035.1,0.0005
2026-07-30 13:48:05,BTCUSDT,BINANCE,TRADE,64035.1,0.00164
2026-07-30 13:48:05,BTCUSDT,BINANCE,TRADE,64035.1,0.0005
2026-07-30 13:48:05,BTCUSDT,BINANCE,TRADE,64035.1,0.0001
2026-07-30 13:48:05,BTCUSDT,BINANCE,TRADE,64035.1,0.002
2026-07-30 13:48:05,BTCUSDT,BINANCE,TRADE,64035.1,0.0005
2026-07-30 13:48:05,BTCUSDT,BINANCE,TRADE,64035.1,0.005
2026-07-30 13:48:05,BTCUSDT,BINANCE,TRADE,64035.1,0.005
2026-07-30 13:48:05,BTCUSDT,BINANCE,TRADE,64035.1,0.0005
2026-07-30 13:48:05,BTCUSDT,BINANCE,TRADE,64035.1,0.01327
2026-07-30 13:48:05,BTCUSDT,BINANCE,TRADE,64035.1,0.0005
2026-07-30 13:48:05,BTCUSDT,BINANCE,TRADE,64035.1,0.0005
2026-07-30 13:48:05,BTCUSDT,BINANCE,TRADE,64035.1,0.01685
2026-07-30 13:48:05,BTCUSDT,BINANCE,TRADE,64035.1,0.0005
2026-07-30 13:48:05,BTCUSDT,BINANCE,TRADE,64035.1,0.0005
2026-07-30 13:48:05,BTCUSDT,BINANCE,TRADE,64035.1,0.0005
2026-07-30 13:48:05,BTCUSDT,BINANCE,TRADE,64035.1,0.0005
2026-07-30 13:48:05,BTCUSDT,BINANCE,TRADE,64035.1,0.0005
2026-07-30 13:48:05,BTCUSDT,BINANCE,TRADE,64035.1,0.00012
2026-07-30 13:48:05,BTCUSDT,BINANCE,TRADE,64035.1,0.0005
2026-07-30 13:48:05,BTCUSDT,BINANCE,TRADE,64035.1,0.00019
2026-07-30 13:48:05,BTCUSDT,BINANCE,TRADE,64035.1,0.0005
2026-07-30 13:48:05,BTCUSDT,BINANCE,TRADE,64035.1,0.0014
2026-07-30 13:48:05,BTCUSDT,BINANCE,TRADE,64035.1,0.0005
2026-07-30 13:48:05,BTCUSDT,BINANCE,TRADE,64035.1,0.0005
2026-07-30 13:48:05,BTCUSDT,BINANCE,TRADE,64035.1,0.0005
2026-07-30 13:48:05,BTCUSDT,BINANCE,TRADE,64035.1,0.00014
2026-07-30 13:48:05,BTCUSDT,BINANCE,TRADE,64035.1,0.0005
2026-07-30 13:48:05,BTCUSDT,BINANCE,TRADE,64035.1,0.0005
2026-07-30 13:48:05,BTCUSDT,BINANCE,TRADE,64035.1,0.0005
2026-07-30 13:48:05,BTCUSDT,BINANCE,TRADE,64035.1,9e-05
2026-07-30 13:48:05,BTCUSDT,BINANCE,TRADE,64035.1,0.0005
2026-07-30 13:48:06,BTCUSDT,BINANCE,TRADE,64035.1,0.0005
2026-07-30 13:48:06,BTCUSDT,BINANCE,TRADE,64035.1,0.0005
2026-07-30 13:48:06,BTCUSDT,BINANCE,TRADE,64035.1,0.0005
2026-07-30 13:48:06,BTCUSDT,BINANCE,TRADE,64035.1,0.0005
2026-07-30 13:48:06,BTCUSDT,BINANCE,TRADE,64035.1,0.00016
2026-07-30 13:48:06,BTCUSDT,BINANCE,TRADE,64035.1,0.0005
2026-07-30 13:48:06,BTCUSDT,BINANCE,TRADE,64035.1,0.0005
2026-07-30 13:48:06,BTCUSDT,BINANCE,TRADE,64035.1,0.00509
2026-07-30 13:48:06,BTCUSDT,BINANCE,TRADE,64035.1,0.0005
2026-07-30 13:48:06,BTCUSDT,BINANCE,TRADE,64035.1,0.0005
2026-07-30 13:48:06,BTCUSDT,BINANCE,TRADE,64035.1,0.00167
2026-07-30 13:48:06,BTCUSDT,BINANCE,TRADE,64035.1,0.00159
2026-07-30 13:48:06,BTCUSDT,BINANCE,TRADE,64035.1,0.00224
2026-07-30 13:48:06,BTCUSDT,BINANCE,TRADE,64035.1,0.0005
2026-07-30 13:48:06,BTCUSDT,BINANCE,TRADE,64035.1,0.0013
2026-07-30 13:48:06,BTCUSDT,BINANCE,TRADE,64035.1,0.0005
2026-07-30 13:48:06,BTCUSDT,BINANCE,TRADE,64035.1,0.00308
2026-07-30 13:48:06,BTCUSDT,BINANCE,TRADE,64035.1,0.0005
2026-07-30 13:48:06,BTCUSDT,BINANCE,TRADE,64035.1,0.0005
2026-07-30 13:48:06,BTCUSDT,BINANCE,TRADE,64035.1,0.00312
2026-07-30 13:48:06,BTCUSDT,BINANCE,TRADE,64035.1,0.0005
2026-07-30 13:48:06,BTCUSDT,BINANCE,TRADE,64035.1,0.0005
2026-07-30 13:48:06,BTCUSDT,BINANCE,TRADE,64035.1,0.00238
2026-07-30 13:48:06,BTCUSDT,BINANCE,TRADE,64035.1,8e-05
2026-07-30 13:48:06,BTCUSDT,BINANCE,TRADE,64035.1,8e-05
2026-07-30 13:48:06,BTCUSDT,BINANCE,TRADE,64035.1,8e-05
2026-07-30 13:48:06,BTCUSDT,BINANCE,TRADE,64035.1,8e-05
2026-07-30 13:48:06,BTCUSDT,BINANCE,TRADE,64035.1,8e-05
2026-07-30 13:48:06,BTCUSDT,BINANCE,TRADE,64035.1,3e-05
2026-07-30 13:48:06,BTCUSDT,BINANCE,TRADE,64035.1,0.0005
2026-07-30 13:48:06,ETHUSDT,BINANCE,TRADE,1905.2,0.0032
2026-07-30 13:48:06,ETHUSDT,BINANCE,TRADE,1905.2,0.0027
2026-07-30 13:48:06,ETHUSDT,BINANCE,TRADE,1905.2,0.0028
2026-07-30 13:48:06,ETHUSDT,BINANCE,TRADE,1905.2,0.0002
2026-07-30 13:48:06,BTCUSDT,BINANCE,TRADE,64035.1,5e-05
2026-07-30 13:48:06,BTCUSDT,BINANCE,TRADE,64035.1,8e-05
2026-07-30 13:48:06,BTCUSDT,BINANCE,TRADE,64035.1,8e-05
2026-07-30 13:48:06,BTCUSDT,BINANCE,TRADE,64035.1,9e-05
2026-07-30 13:48:06,BTCUSDT,BINANCE,TRADE,64035.1,9e-05
2026-07-30 13:48:06,BTCUSDT,BINANCE,TRADE,64035.1,9e-05
2026-07-30 13:48:06,BTCUSDT,BINANCE,TRADE,64035.1,2e-05
2026-07-30 13:48:06,BTCUSDT,BINANCE,TRADE,64035.1,0.00014
2026-07-30 13:48:06,BTCUSDT,BINANCE,TRADE,64035.1,0.0005
2026-07-30 13:48:06,BTCUSDT,BINANCE,TRADE,64035.1,6e-05
2026-07-30 13:48:06,BTCUSDT,BINANCE,TRADE,64035.1,8e-05
2026-07-30 13:48:06,BTCUSDT,BINANCE,TRADE,64035.1,8e-05
2026-07-30 13:48:06,BTCUSDT,BINANCE,TRADE,64035.1,0.00144
2026-07-30 13:48:06,BTCUSDT,BINANCE,TRADE,64035.1,0.0005
2026-07-30 13:48:06,BTCUSDT,BINANCE,TRADE,64035.1,0.0003
2026-07-30 13:48:06,BTCUSDT,BINANCE,TRADE,64035.1,0.00038
2026-07-30 13:48:06,BTCUSDT,BINANCE,TRADE,64035.1,0.0005
2026-07-30 13:48:06,ETHUSDT,BINANCE,TRADE,1905.21,0.0216
2026-07-30 13:48:06,BTCUSDT,BINANCE,TRADE,64035.1,0.0005
2026-07-30 13:48:06,ETHUSDT,BINANCE,TRADE,1905.21,0.2299
2026-07-30 13:48:06,BTCUSDT,BINANCE,TRADE,64035.1,0.0005
2026-07-30 13:48:06,ETHUSDT,BINANCE,TRADE,1905.2,0.0056
2026-07-30 13:48:06,BTCUSDT,BINANCE,TRADE,64035.1,0.0005
2026-07-30 13:48:06,BTCUSDT,BINANCE,TRADE,64035.1,0.0005
2026-07-30 13:48:06,BTCUSDT,BINANCE,TRADE,64035.1,0.00468
2026-07-30 13:48:06,BTCUSDT,BINANCE,TRADE,64035.1,0.0005
2026-07-30 13:48:06,BTCUSDT,BINANCE,TRADE,64035.1,0.0005
2026-07-30 13:48:06,BTCUSDT,BINANCE,TRADE,64035.1,0.0005
2026-07-30 13:48:06,BTCUSDT,BINANCE,TRADE,64035.1,0.00012
2026-07-30 13:48:06,BTCUSDT,BINANCE,TRADE,64035.1,0.0005
2026-07-30 13:48:06,BTCUSDT,BINANCE,TRADE,64035.1,0.0005
2026-07-30 13:48:06,BTCUSDT,BINANCE,TRADE,64035.1,0.00149
2026-07-30 13:48:06,BTCUSDT,BINANCE,TRADE,64035.1,0.0005
2026-07-30 13:48:06,BTCUSDT,BINANCE,TRADE,64035.1,0.0005
2026-07-30 13:48:06,BTCUSDT,BINANCE,TRADE,64035.1,0.0005
2026-07-30 13:48:06,BTCUSDT,BINANCE,TRADE,64035.1,0.00026
2026-07-30 13:48:06,BTCUSDT,BINANCE,TRADE,64035.1,0.00119
2026-07-30 13:48:06,BTCUSDT,BINANCE,TRADE,64035.1,0.0013
2026-07-30 13:48:06,BTCUSDT,BINANCE,TRADE,64035.1,0.0005
2026-07-30 13:48:06,BTCUSDT,BINANCE,TRADE,64035.1,0.00201
2026-07-30 13:48:06,BTCUSDT,BINANCE,TRADE,64035.1,0.005
2026-07-30 13:48:06,BTCUSDT,BINANCE,TRADE,64035.1,0.00126
2026-07-30 13:48:06,BTCUSDT,BINANCE,TRADE,64035.1,0.00173
2026-07-30 13:48:06,BTCUSDT,BINANCE,TRADE,64035.1,0.00019
2026-07-30 13:48:06,BTCUSDT,BINANCE,TRADE,64035.1,0.0005
2026-07-30 13:48:06,BTCUSDT,BINANCE,TRADE,64035.1,0.005
2026-07-30 13:48:06,BTCUSDT,BINANCE,TRADE,64035.1,0.0005
2026-07-30 13:48:06,BTCUSDT,BINANCE,TRADE,64035.1,0.005
2026-07-30 13:48:06,BTCUSDT,BINANCE,TRADE,64035.1,0.0005
2026-07-30 13:48:06,BTCUSDT,BINANCE,TRADE,64035.1,0.0005
2026-07-30 13:48:06,BTCUSDT,BINANCE,TRADE,64035.1,0.0005
2026-07-30 13:48:06,BTCUSDT,BINANCE,TRADE,64035.1,0.01563
2026-07-30 13:48:06,BTCUSDT,BINANCE,TRADE,64035.1,0.0005
2026-07-30 13:48:06,BTCUSDT,BINANCE,TRADE,64035.1,0.0005
2026-07-30 13:48:06,BTCUSDT,BINANCE,TRADE,64035.1,0.0005
2026-07-30 13:48:06,BTCUSDT,BINANCE,TRADE,64035.1,0.0005
2026-07-30 13:48:06,BTCUSDT,BINANCE,TRADE,64035.1,0.0005
2026-07-30 13:48:06,BTCUSDT,BINANCE,TRADE,64035.1,0.0005
2026-07-30 13:48:06,BTCUSDT,BINANCE,TRADE,64035.1,0.0005
2026-07-30 13:48:06,BTCUSDT,BINANCE,TRADE,64035.1,0.0005
2026-07-30 13:48:06,BTCUSDT,BINANCE,TRADE,64035.1,0.0005
2026-07-30 13:48:06,BTCUSDT,BINANCE,TRADE,64035.1,0.0005
2026-07-30 13:48:06,BTCUSDT,BINANCE,TRADE,64035.1,0.00018
2026-07-30 13:48:06,BTCUSDT,BINANCE,TRADE,64035.1,0.00032
2026-07-30 13:48:06,BTCUSDT,BINANCE,TRADE,64035.1,0.0005
2026-07-30 13:48:06,BTCUSDT,BINANCE,TRADE,64035.1,0.0005
2026-07-30 13:48:06,BTCUSDT,BINANCE,TRADE,64035.1,0.0005
2026-07-30 13:48:06,BTCUSDT,BINANCE,TRADE,64035.1,0.0005
2026-07-30 13:48:06,BTCUSDT,BINANCE,TRADE,64035.1,0.0005
2026-07-30 13:48:06,BTCUSDT,BINANCE,TRADE,64035.1,0.00026
2026-07-30 13:48:06,BTCUSDT,BINANCE,TRADE,64035.1,0.00024
2026-07-30 13:48:06,BTCUSDT,BINANCE,TRADE,64035.1,0.0005
2026-07-30 13:48:06,BTCUSDT,BINANCE,TRADE,64035.1,0.0005
2026-07-30 13:48:06,ETHUSDT,BINANCE,TRADE,1905.21,0.003
2026-07-30 13:48:06,BTCUSDT,BINANCE,TRADE,64035.1,0.00226
2026-07-30 13:48:06,BTCUSDT,BINANCE,TRADE,64035.1,0.003
2026-07-30 13:48:06,BTCUSDT,BINANCE,TRADE,64035.1,0.00126
2026-07-30 13:48:06,BTCUSDT,BINANCE,TRADE,64035.1,0.0005
2026-07-30 13:48:06,BTCUSDT,BINANCE,TRADE,64035.1,0.0005
2026-07-30 13:48:06,BTCUSDT,BINANCE,TRADE,64035.1,0.0005
2026-07-30 13:48:06,ETHUSDT,BINANCE,TRADE,1905.2,0.0524
2026-07-30 13:48:06,BTCUSDT,BINANCE,TRADE,64035.1,0.00029
2026-07-30 13:48:06,BTCUSDT,BINANCE,TRADE,64035.1,0.0005
2026-07-30 13:48:06,BTCUSDT,BINANCE,TRADE,64035.1,0.0005
2026-07-30 13:48:06,BTCUSDT,BINANCE,TRADE,64035.1,0.0005
2026-07-30 13:48:06,BTCUSDT,BINANCE,TRADE,64035.1,0.0005
2026-07-30 13:48:06,BTCUSDT,BINANCE,TRADE,64035.1,0.00024
2026-07-30 13:48:06,BTCUSDT,BINANCE,TRADE,64035.1,0.00026
2026-07-30 13:48:06,BTCUSDT,BINANCE,TRADE,64035.1,0.0005
2026-07-30 13:48:06,BTCUSDT,BINANCE,TRADE,64035.1,0.0005
2026-07-30 13:48:06,BTCUSDT,BINANCE,TRADE,64035.1,0.0005
2026-07-30 13:48:06,BTCUSDT,BINANCE,TRADE,64035.1,0.0005
2026-07-30 13:48:06,BTCUSDT,BINANCE,TRADE,64035.1,0.01434
2026-07-30 13:48:06,BTCUSDT,BINANCE,TRADE,64035.1,0.0005
2026-07-30 13:48:06,BTCUSDT,BINANCE,TRADE,64035.1,0.0005
2026-07-30 13:48:06,BTCUSDT,BINANCE,TRADE,64035.1,0.0005
2026-07-30 13:48:06,BTCUSDT,BINANCE,TRADE,64035.1,0.00019
2026-07-30 13:48:06,BTCUSDT,BINANCE,TRADE,64035.1,0.0005
2026-07-30 13:48:06,BTCUSDT,BINANCE,TRADE,64035.1,0.0005
2026-07-30 13:48:06,BTCUSDT,BINANCE,TRADE,64035.1,0.0005
2026-07-30 13:48:06,BTCUSDT,BINANCE,TRADE,64035.1,0.0013
2026-07-30 13:48:06,BTCUSDT,BINANCE,TRADE,64035.1,0.0005
2026-07-30 13:48:06,BTCUSDT,BINANCE,TRADE,64035.1,5e-05
2026-07-30 13:48:06,BTCUSDT,BINANCE,TRADE,64035.1,0.00045
2026-07-30 13:48:06,BTCUSDT,BINANCE,TRADE,64035.1,0.0005
2026-07-30 13:48:06,BTCUSDT,BINANCE,TRADE,64035.1,0.00084
2026-07-30 13:48:06,BTCUSDT,BINANCE,TRADE,64035.1,0.0005
2026-07-30 13:48:06,BTCUSDT,BINANCE,TRADE,64035.1,0.0005
2026-07-30 13:48:06,BTCUSDT,BINANCE,TRADE,64035.1,0.0005
2026-07-30 13:48:06,BTCUSDT,BINANCE,TRADE,64035.1,0.63095
2026-07-30 13:48:06,BTCUSDT,BINANCE,TRADE,64035.1,0.0005
2026-07-30 13:48:06,ETHUSDT,BINANCE,TRADE,1905.21,0.1709
2026-07-30 13:48:06,BTCUSDT,BINANCE,TRADE,64035.1,0.0005
2026-07-30 13:48:06,BTCUSDT,BINANCE,TRADE,64035.1,0.0005
2026-07-30 13:48:06,BTCUSDT,BINANCE,TRADE,64035.1,0.00021
2026-07-30 13:48:06,BTCUSDT,BINANCE,TRADE,64035.1,0.0001
2026-07-30 13:48:06,BTCUSDT,BINANCE,TRADE,64035.1,0.00019
2026-07-30 13:48:06,BTCUSDT,BINANCE,TRADE,64035.1,0.0001
2026-07-30 13:48:06,BTCUSDT,BINANCE,TRADE,64035.1,0.0005
2026-07-30 13:48:06,BTCUSDT,BINANCE,TRADE,64035.1,0.0005
2026-07-30 13:48:06,BTCUSDT,BINANCE,TRADE,64035.1,0.00202
2026-07-30 13:48:06,BTCUSDT,BINANCE,TRADE,64035.1,0.0005
2026-07-30 13:48:06,BTCUSDT,BINANCE,TRADE,64035.1,0.00019
2026-07-30 13:48:06,BTCUSDT,BINANCE,TRADE,64035.1,0.00031
2026-07-30 13:48:06,BTCUSDT,BINANCE,TRADE,64035.1,0.0005
2026-07-30 13:48:06,BTCUSDT,BINANCE,TRADE,64035.1,0.0005
2026-07-30 13:48:06,BTCUSDT,BINANCE,TRADE,64035.1,0.00219
2026-07-30 13:48:06,BTCUSDT,BINANCE,TRADE,64035.1,8e-05
2026-07-30 13:48:06,BTCUSDT,BINANCE,TRADE,64035.1,0.00288
2026-07-30 13:48:06,BTCUSDT,BINANCE,TRADE,64035.1,0.0005
2026-07-30 13:48:06,BTCUSDT,BINANCE,TRADE,64035.1,0.00658
2026-07-30 13:48:06,BTCUSDT,BINANCE,TRADE,64035.1,0.00012
2026-07-30 13:48:06,BTCUSDT,BINANCE,TRADE,64035.1,0.00038
2026-07-30 13:48:06,BTCUSDT,BINANCE,TRADE,64035.1,0.0005
2026-07-30 13:48:06,BTCUSDT,BINANCE,TRADE,64035.1,0.0005
2026-07-30 13:48:06,BTCUSDT,BINANCE,TRADE,64035.1,0.0005
2026-07-30 13:48:06,BTCUSDT,BINANCE,TRADE,64035.1,0.0003
2026-07-30 13:48:06,BTCUSDT,BINANCE,TRADE,64035.1,0.0005
2026-07-30 13:48:06,BTCUSDT,BINANCE,TRADE,64035.1,0.0013
2026-07-30 13:48:07,BTCUSDT,BINANCE,TRADE,64035.1,0.0005
2026-07-30 13:48:07,BTCUSDT,BINANCE,TRADE,64035.1,2e-05
2026-07-30 13:48:07,BTCUSDT,BINANCE,TRADE,64035.1,8e-05
2026-07-30 13:48:07,BTCUSDT,BINANCE,TRADE,64035.1,0.00093
2026-07-30 13:48:07,BTCUSDT,BINANCE,TRADE,64035.1,0.0005
2026-07-30 13:48:07,BTCUSDT,BINANCE,TRADE,64035.1,0.0005
2026-07-30 13:48:07,BTCUSDT,BINANCE,TRADE,64035.1,0.0005
2026-07-30 13:48:07,BTCUSDT,BINANCE,TRADE,64035.1,0.0005
2026-07-30 13:48:07,BTCUSDT,BINANCE,TRADE,64035.1,0.0005
2026-07-30 13:48:07,BTCUSDT,BINANCE,TRADE,64035.1,9e-05
2026-07-30 13:48:07,BTCUSDT,BINANCE,TRADE,64035.1,0.0005
2026-07-30 13:48:07,BTCUSDT,BINANCE,TRADE,64035.1,0.0005
2026-07-30 13:48:07,BTCUSDT,BINANCE,TRADE,64035.1,0.0005
2026-07-30 13:48:07,BTCUSDT,BINANCE,TRADE,64035.1,0.0005
2026-07-30 13:48:07,BTCUSDT,BINANCE,TRADE,64035.1,0.00065
2026-07-30 13:48:07,BTCUSDT,BINANCE,TRADE,64035.1,0.00239
2026-07-30 13:48:07,BTCUSDT,BINANCE,TRADE,64035.1,0.00129
2026-07-30 13:48:07,BTCUSDT,BINANCE,TRADE,64035.1,0.0005
2026-07-30 13:48:07,BTCUSDT,BINANCE,TRADE,64035.1,0.0005
2026-07-30 13:48:07,BTCUSDT,BINANCE,TRADE,64035.1,0.0005
2026-07-30 13:48:07,ETHUSDT,BINANCE,TRADE,1905.21,0.0142
2026-07-30 13:48:07,ETHUSDT,BINANCE,TRADE,1905.21,0.0079
2026-07-30 13:48:07,BTCUSDT,BINANCE,TRADE,64035.1,0.00033
2026-07-30 13:48:07,BTCUSDT,BINANCE,TRADE,64035.1,0.00017
2026-07-30 13:48:07,BTCUSDT,BINANCE,TRADE,64035.1,0.01327
2026-07-30 13:48:07,BTCUSDT,BINANCE,TRADE,64035.1,0.0005
2026-07-30 13:48:07,BTCUSDT,BINANCE,TRADE,64035.1,0.00017
2026-07-30 13:48:07,BTCUSDT,BINANCE,TRADE,64035.1,0.0005
2026-07-30 13:48:07,BTCUSDT,BINANCE,TRADE,64035.1,0.0005
2026-07-30 13:48:07,BTCUSDT,BINANCE,TRADE,64035.1,0.00018
2026-07-30 13:48:07,BTCUSDT,BINANCE,TRADE,64035.1,0.0005
2026-07-30 13:48:07,BTCUSDT,BINANCE,TRADE,64035.1,0.0005
2026-07-30 13:48:07,BTCUSDT,BINANCE,TRADE,64035.1,0.0005
2026-07-30 13:48:07,BTCUSDT,BINANCE,TRADE,64035.1,0.0005
2026-07-30 13:48:07,BTCUSDT,BINANCE,TRADE,64035.1,0.00017
2026-07-30 13:48:07,BTCUSDT,BINANCE,TRADE,64035.1,0.00456
2026-07-30 13:48:07,ETHUSDT,BINANCE,TRADE,1905.2,0.0216
2026-07-30 13:48:07,BTCUSDT,BINANCE,TRADE,64035.1,0.00029
2026-07-30 13:48:07,BTCUSDT,BINANCE,TRADE,64035.1,0.00023
2026-07-30 13:48:07,BTCUSDT,BINANCE,TRADE,64035.1,0.0013
2026-07-30 13:48:07,BTCUSDT,BINANCE,TRADE,64035.1,0.00137
2026-07-30 13:48:07,BTCUSDT,BINANCE,TRADE,64035.1,0.01873
2026-07-30 13:48:07,BTCUSDT,BINANCE,TRADE,64035.1,0.00224
2026-07-30 13:48:07,BTCUSDT,BINANCE,TRADE,64035.1,0.00033
2026-07-30 13:48:07,ETHUSDT,BINANCE,TRADE,1905.2,0.0338
2026-07-30 13:48:07,BTCUSDT,BINANCE,TRADE,64035.1,0.01563
2026-07-30 13:48:07,BTCUSDT,BINANCE,TRADE,64035.1,0.00521
2026-07-30 13:48:07,BTCUSDT,BINANCE,TRADE,64035.1,0.00016
2026-07-30 13:48:07,BTCUSDT,BINANCE,TRADE,64035.1,0.0013
2026-07-30 13:48:07,BTCUSDT,BINANCE,TRADE,64035.1,0.00038
2026-07-30 13:48:07,BTCUSDT,BINANCE,TRADE,64035.1,0.00159
2026-07-30 13:48:07,BTCUSDT,BINANCE,TRADE,64035.1,0.00126
2026-07-30 13:48:07,ETHUSDT,BINANCE,TRADE,1905.21,0.0027
2026-07-30 13:48:07,BTCUSDT,BINANCE,TRADE,64035.1,0.005
2026-07-30 13:48:07,BTCUSDT,BINANCE,TRADE,64035.1,0.00019
2026-07-30 13:48:07,BTCUSDT,BINANCE,TRADE,64035.1,0.00017
2026-07-30 13:48:07,BTCUSDT,BINANCE,TRADE,64035.1,0.00018
2026-07-30 13:48:07,SOLUSDT,BINANCE,TRADE,73.43,9.304
2026-07-30 13:48:07,SOLUSDT,BINANCE,TRADE,73.43,1.786
2026-07-30 13:48:08,BTCUSDT,BINANCE,TRADE,64035.1,0.00033
2026-07-30 13:48:08,BTCUSDT,BINANCE,TRADE,64035.1,0.00013
2026-07-30 13:48:08,BTCUSDT,BINANCE,TRADE,64035.1,0.00024
2026-07-30 13:48:08,BTCUSDT,BINANCE,TRADE,64035.1,0.0013
2026-07-30 13:48:08,BTCUSDT,BINANCE,TRADE,64035.1,0.00084
2026-07-30 13:48:08,BTCUSDT,BINANCE,TRADE,64035.1,0.00307
2026-07-30 13:48:08,BTCUSDT,BINANCE,TRADE,64035.1,0.00023
2026-07-30 13:48:08,BTCUSDT,BINANCE,TRADE,64035.1,0.00019
2026-07-30 13:48:08,BTCUSDT,BINANCE,TRADE,64035.1,9e-05
2026-07-30 13:48:08,BTCUSDT,BINANCE,TRADE,64035.1,0.00016
2026-07-30 13:48:08,BTCUSDT,BINANCE,TRADE,64035.1,0.00053
2026-07-30 13:48:08,BTCUSDT,BINANCE,TRADE,64035.1,0.00296
2026-07-30 13:48:08,BTCUSDT,BINANCE,TRADE,64035.1,0.00131
2026-07-30 13:48:08,BTCUSDT,BINANCE,TRADE,64035.1,0.00014
2026-07-30 13:48:08,SOLUSDT,BINANCE,TRADE,73.43,8.434
2026-07-30 13:48:08,SOLUSDT,BINANCE,TRADE,73.43,9.712
2026-07-30 13:48:08,SOLUSDT,BINANCE,TRADE,73.43,0.508
2026-07-30 13:48:08,SOLUSDT,BINANCE,TRADE,73.43,10.22
2026-07-30 13:48:08,SOLUSDT,BINANCE,TRADE,73.43,0.072
2026-07-30 13:48:08,SOLUSDT,BINANCE,TRADE,73.43,0.072
2026-07-30 13:48:08,SOLUSDT,BINANCE,TRADE,73.43,0.072
2026-07-30 13:48:08,SOLUSDT,BINANCE,TRADE,73.43,10.22
2026-07-30 13:48:08,SOLUSDT,BINANCE,TRADE,73.43,10.22
2026-07-30 13:48:08,SOLUSDT,BINANCE,TRADE,73.43,0.072
2026-07-30 13:48:08,SOLUSDT,BINANCE,TRADE,73.43,0.072
2026-07-30 13:48:08,SOLUSDT,BINANCE,TRADE,73.43,0.072
2026-07-30 13:48:08,SOLUSDT,BINANCE,TRADE,73.43,10.22
2026-07-30 13:48:08,SOLUSDT,BINANCE,TRADE,73.43,0.217
2026-07-30 13:48:08,SOLUSDT,BINANCE,TRADE,73.43,0.07
2026-07-30 13:48:08,SOLUSDT,BINANCE,TRADE,73.43,0.072
2026-07-30 13:48:08,SOLUSDT,BINANCE,TRADE,73.43,0.072
2026-07-30 13:48:08,SOLUSDT,BINANCE,TRADE,73.43,0.137
2026-07-30 13:48:08,SOLUSDT,BINANCE,TRADE,73.43,0.277
2026-07-30 13:48:08,SOLUSDT,BINANCE,TRADE,73.43,0.072
2026-07-30 13:48:08,SOLUSDT,BINANCE,TRADE,73.43,0.072
2026-07-30 13:48:08,SOLUSDT,BINANCE,TRADE,73.43,0.069
2026-07-30 13:48:08,SOLUSDT,BINANCE,TRADE,73.43,4
2026-07-30 13:48:08,SOLUSDT,BINANCE,TRADE,73.43,2
2026-07-30 13:48:08,SOLUSDT,BINANCE,TRADE,73.43,8
2026-07-30 13:48:08,SOLUSDT,BINANCE,TRADE,73.43,10.22
2026-07-30 13:48:08,SOLUSDT,BINANCE,TRADE,73.43,5.177
2026-07-30 13:48:08,SOLUSDT,BINANCE,TRADE,73.43,10.22
2026-07-30 13:48:08,SOLUSDT,BINANCE,TRADE,73.43,0.072
2026-07-30 13:48:08,SOLUSDT,BINANCE,TRADE,73.43,0.072
2026-07-30 13:48:08,SOLUSDT,BINANCE,TRADE,73.43,0.072
2026-07-30 13:48:08,ETHUSDT,BINANCE,TRADE,1905.2,0.0027
2026-07-30 13:48:08,ETHUSDT,BINANCE,TRADE,1905.2,0.0003
2026-07-30 13:48:08,ETHUSDT,BINANCE,TRADE,1905.2,0.0024
2026-07-30 13:48:08,ETHUSDT,BINANCE,TRADE,1905.2,0.0027
2026-07-30 13:48:08,ETHUSDT,BINANCE,TRADE,1905.2,0.0027
2026-07-30 13:48:08,ETHUSDT,BINANCE,TRADE,1905.2,0.0028
2026-07-30 13:48:08,ETHUSDT,BINANCE,TRADE,1905.2,0.0031
2026-07-30 13:48:08,ETHUSDT,BINANCE,TRADE,1905.2,0.0027
2026-07-30 13:48:08,ETHUSDT,BINANCE,TRADE,1905.2,0.0028
2026-07-30 13:48:08,ETHUSDT,BINANCE,TRADE,1905.2,0.0662
2026-07-30 13:48:08,ETHUSDT,BINANCE,TRADE,1905.2,0.0027
2026-07-30 13:48:08,ETHUSDT,BINANCE,TRADE,1905.2,0.0053
2026-07-30 13:48:08,ETHUSDT,BINANCE,TRADE,1905.2,0.0027
2026-07-30 13:48:08,ETHUSDT,BINANCE,TRADE,1905.2,0.0027
2026-07-30 13:48:08,ETHUSDT,BINANCE,TRADE,1905.2,0.0031
2026-07-30 13:48:08,ETHUSDT,BINANCE,TRADE,1905.2,0.0031
2026-07-30 13:48:08,ETHUSDT,BINANCE,TRADE,1905.2,0.0027
2026-07-30 13:48:08,ETHUSDT,BINANCE,TRADE,1905.2,0.0027
2026-07-30 13:48:08,ETHUSDT,BINANCE,TRADE,1905.2,0.0027
2026-07-30 13:48:08,ETHUSDT,BINANCE,TRADE,1905.19,0.0027
2026-07-30 13:48:08,ETHUSDT,BINANCE,TRADE,1905.19,0.0028
2026-07-30 13:48:08,ETHUSDT,BINANCE,TRADE,1905.19,0.0027
2026-07-30 13:48:08,ETHUSDT,BINANCE,TRADE,1905.19,0.0027
2026-07-30 13:48:08,ETHUSDT,BINANCE,TRADE,1905.19,0.0053
2026-07-30 13:48:08,ETHUSDT,BINANCE,TRADE,1905.19,0.0027
2026-07-30 13:48:08,ETHUSDT,BINANCE,TRADE,1905.19,0.0027
2026-07-30 13:48:08,ETHUSDT,BINANCE,TRADE,1905.19,0.0027
2026-07-30 13:48:08,ETHUSDT,BINANCE,TRADE,1905.19,0.0027
2026-07-30 13:48:08,ETHUSDT,BINANCE,TRADE,1905.19,0.0027
2026-07-30 13:48:08,ETHUSDT,BINANCE,TRADE,1905.19,0.0027
2026-07-30 13:48:08,ETHUSDT,BINANCE,TRADE,1905.18,0.0027
2026-07-30 13:48:08,ETHUSDT,BINANCE,TRADE,1905.18,0.0028
2026-07-30 13:48:08,ETHUSDT,BINANCE,TRADE,1905.18,0.0053
2026-07-30 13:48:08,ETHUSDT,BINANCE,TRADE,1905.18,0.0027
2026-07-30 13:48:08,ETHUSDT,BINANCE,TRADE,1905.17,0.0257
2026-07-30 13:48:08,ETHUSDT,BINANCE,TRADE,1905.17,0.0027
2026-07-30 13:48:08,ETHUSDT,BINANCE,TRADE,1905.17,0.0027
2026-07-30 13:48:08,ETHUSDT,BINANCE,TRADE,1905.17,0.0028
2026-07-30 13:48:08,ETHUSDT,BINANCE,TRADE,1905.17,0.0027
2026-07-30 13:48:08,ETHUSDT,BINANCE,TRADE,1905.17,0.0027
2026-07-30 13:48:08,ETHUSDT,BINANCE,TRADE,1905.15,0.0027
2026-07-30 13:48:08,ETHUSDT,BINANCE,TRADE,1905.15,0.0028
2026-07-30 13:48:08,ETHUSDT,BINANCE,TRADE,1905.15,0.0027
2026-07-30 13:48:08,ETHUSDT,BINANCE,TRADE,1905.14,0.0028
2026-07-30 13:48:08,ETHUSDT,BINANCE,TRADE,1905.13,0.0027
2026-07-30 13:48:08,ETHUSDT,BINANCE,TRADE,1905.13,0.0028
2026-07-30 13:48:08,ETHUSDT,BINANCE,TRADE,1905.13,0.0027
2026-07-30 13:48:08,ETHUSDT,BINANCE,TRADE,1905.13,0.0027
2026-07-30 13:48:08,ETHUSDT,BINANCE,TRADE,1905.13,0.0027
2026-07-30 13:48:08,ETHUSDT,BINANCE,TRADE,1905.13,0.0027
2026-07-30 13:48:08,ETHUSDT,BINANCE,TRADE,1905.12,0.003
2026-07-30 13:48:08,ETHUSDT,BINANCE,TRADE,1905.12,0.0027
2026-07-30 13:48:08,ETHUSDT,BINANCE,TRADE,1905.12,0.0027
2026-07-30 13:48:08,ETHUSDT,BINANCE,TRADE,1905.12,0.0027
2026-07-30 13:48:08,ETHUSDT,BINANCE,TRADE,1905.12,0.0028
2026-07-30 13:48:08,ETHUSDT,BINANCE,TRADE,1905.12,0.0027
2026-07-30 13:48:08,ETHUSDT,BINANCE,TRADE,1905.12,0.0027
2026-07-30 13:48:08,ETHUSDT,BINANCE,TRADE,1905.11,0.0028
2026-07-30 13:48:08,ETHUSDT,BINANCE,TRADE,1905.1,0.0027
2026-07-30 13:48:08,ETHUSDT,BINANCE,TRADE,1905.1,0.0028
2026-07-30 13:48:08,ETHUSDT,BINANCE,TRADE,1905.1,0.0028
2026-07-30 13:48:08,ETHUSDT,BINANCE,TRADE,1905.1,0.0027
2026-07-30 13:48:08,ETHUSDT,BINANCE,TRADE,1905.1,0.0028
2026-07-30 13:48:08,ETHUSDT,BINANCE,TRADE,1905.1,0.0027
2026-07-30 13:48:08,ETHUSDT,BINANCE,TRADE,1905.1,0.0027
2026-07-30 13:48:08,ETHUSDT,BINANCE,TRADE,1905.1,0.0027
2026-07-30 13:48:08,BTCUSDT,BINANCE,TRADE,64035.1,0.0017
2026-07-30 13:48:08,BTCUSDT,BINANCE,TRADE,64035.1,6e-05
2026-07-30 13:48:08,BTCUSDT,BINANCE,TRADE,64035.1,0.00124
2026-07-30 13:48:08,BTCUSDT,BINANCE,TRADE,64035.1,0.005
2026-07-30 13:48:08,BTCUSDT,BINANCE,TRADE,64035.1,0.00139
2026-07-30 13:48:08,BTCUSDT,BINANCE,TRADE,64035.1,0.00029
2026-07-30 13:48:08,BTCUSDT,BINANCE,TRADE,64035.1,8e-05
2026-07-30 13:48:08,BTCUSDT,BINANCE,TRADE,64035.1,8e-05
2026-07-30 13:48:08,BTCUSDT,BINANCE,TRADE,64035.1,8e-05
2026-07-30 13:48:08,BTCUSDT,BINANCE,TRADE,64035.1,8e-05
2026-07-30 13:48:08,BTCUSDT,BINANCE,TRADE,64035.1,9e-05
2026-07-30 13:48:08,BTCUSDT,BINANCE,TRADE,64035.1,9e-05
2026-07-30 13:48:08,BTCUSDT,BINANCE,TRADE,64035.1,9e-05
2026-07-30 13:48:08,BTCUSDT,BINANCE,TRADE,64035.1,8e-05
2026-07-30 13:48:08,BTCUSDT,BINANCE,TRADE,64035.1,8e-05
2026-07-30 13:48:08,BTCUSDT,BINANCE,TRADE,64035.1,8e-05
2026-07-30 13:48:08,BTCUSDT,BINANCE,TRADE,64035.1,0.00041
2026-07-30 13:48:08,BTCUSDT,BINANCE,TRADE,64035.1,0.00029
2026-07-30 13:48:08,ETHUSDT,BINANCE,TRADE,1905.09,0.0032
2026-07-30 13:48:08,ETHUSDT,BINANCE,TRADE,1905.09,0.0027
2026-07-30 13:48:08,ETHUSDT,BINANCE,TRADE,1905.09,0.0027
2026-07-30 13:48:08,ETHUSDT,BINANCE,TRADE,1905.09,0.0027
2026-07-30 13:48:08,ETHUSDT,BINANCE,TRADE,1905.09,0.0027
2026-07-30 13:48:08,ETHUSDT,BINANCE,TRADE,1905.09,0.2697
2026-07-30 13:48:08,BTCUSDT,BINANCE,TRADE,64035.1,0.0001
2026-07-30 13:48:08,BTCUSDT,BINANCE,TRADE,64035.1,0.00014
2026-07-30 13:48:08,ETHUSDT,BINANCE,TRADE,1905.09,0.0031
2026-07-30 13:48:08,ETHUSDT,BINANCE,TRADE,1905.09,0.0028
2026-07-30 13:48:08,ETHUSDT,BINANCE,TRADE,1905.09,0.0027
2026-07-30 13:48:08,ETHUSDT,BINANCE,TRADE,1905.09,0.0027
2026-07-30 13:48:08,ETHUSDT,BINANCE,TRADE,1905.09,0.0028
2026-07-30 13:48:08,ETHUSDT,BINANCE,TRADE,1905.09,0.0031
2026-07-30 13:48:08,ETHUSDT,BINANCE,TRADE,1905.09,0.0027
2026-07-30 13:48:08,ETHUSDT,BINANCE,TRADE,1905.09,0.0027
2026-07-30 13:48:08,ETHUSDT,BINANCE,TRADE,1905.09,0.0027
2026-07-30 13:48:08,ETHUSDT,BINANCE,TRADE,1905.09,0.0027
2026-07-30 13:48:08,ETHUSDT,BINANCE,TRADE,1905.09,0.0027
2026-07-30 13:48:08,ETHUSDT,BINANCE,TRADE,1905.09,0.0027
2026-07-30 13:48:08,ETHUSDT,BINANCE,TRADE,1905.09,0.0027
2026-07-30 13:48:08,ETHUSDT,BINANCE,TRADE,1905.09,0.0031
2026-07-30 13:48:08,ETHUSDT,BINANCE,TRADE,1905.08,0.0027
2026-07-30 13:48:08,ETHUSDT,BINANCE,TRADE,1905.08,0.0028
2026-07-30 13:48:08,ETHUSDT,BINANCE,TRADE,1905.08,0.0028
2026-07-30 13:48:08,ETHUSDT,BINANCE,TRADE,1905.08,0.0027
2026-07-30 13:48:08,ETHUSDT,BINANCE,TRADE,1905.08,0.0028
2026-07-30 13:48:08,ETHUSDT,BINANCE,TRADE,1905.08,0.0027
2026-07-30 13:48:08,ETHUSDT,BINANCE,TRADE,1905.08,0.0027
2026-07-30 13:48:08,ETHUSDT,BINANCE,TRADE,1905.08,0.0027
2026-07-30 13:48:08,ETHUSDT,BINANCE,TRADE,1905.08,0.0027
2026-07-30 13:48:08,ETHUSDT,BINANCE,TRADE,1905.08,0.0028
2026-07-30 13:48:08,BTCUSDT,BINANCE,TRADE,64035.1,0.00949
2026-07-30 13:48:08,BTCUSDT,BINANCE,TRADE,64035.1,0.005
2026-07-30 13:48:08,BTCUSDT,BINANCE,TRADE,64035.1,0.005
2026-07-30 13:48:08,BTCUSDT,BINANCE,TRADE,64035.1,0.03123
2026-07-30 13:48:08,BTCUSDT,BINANCE,TRADE,64035.1,0.00312
2026-07-30 13:48:08,BTCUSDT,BINANCE,TRADE,64035.1,0.00468
2026-07-30 13:48:08,BTCUSDT,BINANCE,TRADE,64035.1,8e-05
2026-07-30 13:48:08,BTCUSDT,BINANCE,TRADE,64035.1,8e-05
2026-07-30 13:48:08,BTCUSDT,BINANCE,TRADE,64035.1,0.00157
2026-07-30 13:48:08,BTCUSDT,BINANCE,TRADE,64035.1,0.00155
2026-07-30 13:48:08,BTCUSDT,BINANCE,TRADE,64035.1,0.00157
2026-07-30 13:48:08,BTCUSDT,BINANCE,TRADE,64035.1,0.0001
2026-07-30 13:48:08,BTCUSDT,BINANCE,TRADE,64035.1,8e-05
2026-07-30 13:48:08,BTCUSDT,BINANCE,TRADE,64035.1,0.005
2026-07-30 13:48:08,BTCUSDT,BINANCE,TRADE,64035.1,0.00016
2026-07-30 13:48:08,BTCUSDT,BINANCE,TRADE,64035.1,8e-05
2026-07-30 13:48:08,BTCUSDT,BINANCE,TRADE,64035.1,8e-05
2026-07-30 13:48:08,BTCUSDT,BINANCE,TRADE,64035.1,9e-05
2026-07-30 13:48:08,BTCUSDT,BINANCE,TRADE,64035.1,8e-05
2026-07-30 13:48:08,BTCUSDT,BINANCE,TRADE,64035.1,9e-05
2026-07-30 13:48:08,BTCUSDT,BINANCE,TRADE,64035.1,8e-05
2026-07-30 13:48:08,BTCUSDT,BINANCE,TRADE,64035.1,9e-05
2026-07-30 13:48:08,BTCUSDT,BINANCE,TRADE,64035.1,8e-05
2026-07-30 13:48:08,BTCUSDT,BINANCE,TRADE,64035.1,8e-05
2026-07-30 13:48:08,BTCUSDT,BINANCE,TRADE,64035.1,0.005
2026-07-30 13:48:08,BTCUSDT,BINANCE,TRADE,64035.1,9e-05
2026-07-30 13:48:08,BTCUSDT,BINANCE,TRADE,64035.1,8e-05
2026-07-30 13:48:08,BTCUSDT,BINANCE,TRADE,64035.1,8e-05
2026-07-30 13:48:08,BTCUSDT,BINANCE,TRADE,64035.1,8e-05
2026-07-30 13:48:08,BTCUSDT,BINANCE,TRADE,64035.1,8e-05
2026-07-30 13:48:08,BTCUSDT,BINANCE,TRADE,64035.1,8e-05
2026-07-30 13:48:08,BTCUSDT,BINANCE,TRADE,64035.1,8e-05
2026-07-30 13:48:08,BTCUSDT,BINANCE,TRADE,64035.1,9e-05
2026-07-30 13:48:08,BTCUSDT,BINANCE,TRADE,64035.1,8e-05
2026-07-30 13:48:08,BTCUSDT,BINANCE,TRADE,64035.1,9e-05
2026-07-30 13:48:08,BTCUSDT,BINANCE,TRADE,64035.1,8e-05
2026-07-30 13:48:08,BTCUSDT,BINANCE,TRADE,64035.1,8e-05
2026-07-30 13:48:08,BTCUSDT,BINANCE,TRADE,64035.1,0.00016
2026-07-30 13:48:08,BTCUSDT,BINANCE,TRADE,64035.1,0.00016
2026-07-30 13:48:08,BTCUSDT,BINANCE,TRADE,64035,9e-05
2026-07-30 13:48:08,BTCUSDT,BINANCE,TRADE,64035,9e-05
2026-07-30 13:48:08,BTCUSDT,BINANCE,TRADE,64035,9e-05
2026-07-30 13:48:08,BTCUSDT,BINANCE,TRADE,64035,0.01249
2026-07-30 13:48:08,BTCUSDT,BINANCE,TRADE,64035,9e-05
2026-07-30 13:48:08,BTCUSDT,BINANCE,TRADE,64035,9e-05
2026-07-30 13:48:08,BTCUSDT,BINANCE,TRADE,64035,0.00227
2026-07-30 13:48:08,BTCUSDT,BINANCE,TRADE,64034.7,8e-05
2026-07-30 13:48:08,BTCUSDT,BINANCE,TRADE,64034,9e-05
2026-07-30 13:48:08,BTCUSDT,BINANCE,TRADE,64034,9e-05
2026-07-30 13:48:08,BTCUSDT,BINANCE,TRADE,64034,9e-05
2026-07-30 13:48:08,BTCUSDT,BINANCE,TRADE,64034,0.005
2026-07-30 13:48:08,BTCUSDT,BINANCE,TRADE,64034,0.006
2026-07-30 13:48:08,BTCUSDT,BINANCE,TRADE,64034,0.005
2026-07-30 13:48:08,BTCUSDT,BINANCE,TRADE,64034,0.008
2026-07-30 13:48:08,BTCUSDT,BINANCE,TRADE,64034,9e-05
2026-07-30 13:48:08,BTCUSDT,BINANCE,TRADE,64034,9e-05
2026-07-30 13:48:08,BTCUSDT,BINANCE,TRADE,64033.9,8e-05
2026-07-30 13:48:08,BTCUSDT,BINANCE,TRADE,64033.5,8e-05
2026-07-30 13:48:08,BTCUSDT,BINANCE,TRADE,64033.5,8e-05
2026-07-30 13:48:08,BTCUSDT,BINANCE,TRADE,64033.4,8e-05
2026-07-30 13:48:08,BTCUSDT,BINANCE,TRADE,64033.2,8e-05
2026-07-30 13:48:08,BTCUSDT,BINANCE,TRADE,64033.2,8e-05
2026-07-30 13:48:08,BTCUSDT,BINANCE,TRADE,64033.1,9e-05
2026-07-30 13:48:08,BTCUSDT,BINANCE,TRADE,64032.9,8e-05
2026-07-30 13:48:08,BTCUSDT,BINANCE,TRADE,64032,9e-05
2026-07-30 13:48:08,BTCUSDT,BINANCE,TRADE,64032,9e-05
2026-07-30 13:48:08,BTCUSDT,BINANCE,TRADE,64032,9e-05
2026-07-30 13:48:08,BTCUSDT,BINANCE,TRADE,64032,0.01816
2026-07-30 13:48:08,BTCUSDT,BINANCE,TRADE,64032,0.008
2026-07-30 13:48:08,BTCUSDT,BINANCE,TRADE,64032,0.00388
2026-07-30 13:48:08,BTCUSDT,BINANCE,TRADE,64032,0.00012
2026-07-30 13:48:08,ETHUSDT,BINANCE,TRADE,1905.07,0.2383
2026-07-30 13:48:08,BTCUSDT,BINANCE,TRADE,64032,0.0001
2026-07-30 13:48:08,BTCUSDT,BINANCE,TRADE,64032,0.0009
2026-07-30 13:48:08,BTCUSDT,BINANCE,TRADE,64032,0.006
2026-07-30 13:48:08,BTCUSDT,BINANCE,TRADE,64032,0.0031
2026-07-30 13:48:08,BTCUSDT,BINANCE,TRADE,64032,0.0019
2026-07-30 13:48:08,BTCUSDT,BINANCE,TRADE,64032,0.0031
2026-07-30 13:48:08,BTCUSDT,BINANCE,TRADE,64032,0.005
2026-07-30 13:48:08,BTCUSDT,BINANCE,TRADE,64032,0.00019
2026-07-30 13:48:08,BTCUSDT,BINANCE,TRADE,64032,0.00166
2026-07-30 13:48:08,BTCUSDT,BINANCE,TRADE,64032,0.01327
2026-07-30 13:48:08,BTCUSDT,BINANCE,TRADE,64032,0.00253
2026-07-30 13:48:08,BTCUSDT,BINANCE,TRADE,64032,0.0131
2026-07-30 13:48:08,BTCUSDT,BINANCE,TRADE,64032,0.00227
2026-07-30 13:48:08,BTCUSDT,BINANCE,TRADE,64032,9e-05
2026-07-30 13:48:08,BTCUSDT,BINANCE,TRADE,64032,0.00167
2026-07-30 13:48:08,BTCUSDT,BINANCE,TRADE,64032,8e-05
2026-07-30 13:48:08,BTCUSDT,BINANCE,TRADE,64032,8e-05
2026-07-30 13:48:08,BTCUSDT,BINANCE,TRADE,64032,8e-05
2026-07-30 13:48:08,BTCUSDT,BINANCE,TRADE,64032,8e-05
2026-07-30 13:48:08,BTCUSDT,BINANCE,TRADE,64032,8e-05
2026-07-30 13:48:08,BTCUSDT,BINANCE,TRADE,64032,8e-05
2026-07-30 13:48:08,BTCUSDT,BINANCE,TRADE,64032,8e-05
2026-07-30 13:48:08,BTCUSDT,BINANCE,TRADE,64032,8e-05
2026-07-30 13:48:08,BTCUSDT,BINANCE,TRADE,64032,8e-05
2026-07-30 13:48:08,BTCUSDT,BINANCE,TRADE,64032,8e-05
2026-07-30 13:48:08,BTCUSDT,BINANCE,TRADE,64032,0.00951
2026-07-30 13:48:08,ETHUSDT,BINANCE,TRADE,1905.08,0.0216
2026-07-30 13:48:08,BTCUSDT,BINANCE,TRADE,64032,0.00312
2026-07-30 13:48:08,BTCUSDT,BINANCE,TRADE,64032,0.0003
2026-07-30 13:48:08,BTCUSDT,BINANCE,TRADE,64032,0.00238
2026-07-30 13:48:08,BTCUSDT,BINANCE,TRADE,64032,0.0013
2026-07-30 13:48:08,BTCUSDT,BINANCE,TRADE,64032,0.00468
2026-07-30 13:48:08,ETHUSDT,BINANCE,TRADE,1905.08,0.0548
2026-07-30 13:48:08,BTCUSDT,BINANCE,TRADE,64032,0.00029
2026-07-30 13:48:08,ETHUSDT,BINANCE,TRADE,1905.08,0.0089
2026-07-30 13:48:08,ETHUSDT,BINANCE,TRADE,1905.08,0.035
2026-07-30 13:48:08,BTCUSDT,BINANCE,TRADE,64032,0.00029
2026-07-30 13:48:09,BTCUSDT,BINANCE,TRADE,64032,0.00224
2026-07-30 13:48:09,BTCUSDT,BINANCE,TRADE,64032,0.00156
2026-07-30 13:48:09,BTCUSDT,BINANCE,TRADE,64032,0.00019
2026-07-30 13:48:09,BTCUSDT,BINANCE,TRADE,64032,0.0013
2026-07-30 13:48:09,BTCUSDT,BINANCE,TRADE,64032,0.00057
2026-07-30 13:48:09,ETHUSDT,BINANCE,TRADE,1905.08,0.0338
2026-07-30 13:48:09,BTCUSDT,BINANCE,TRADE,64032,0.00509
2026-07-30 13:48:09,BTCUSDT,BINANCE,TRADE,64032,0.0005
2026-07-30 13:48:09,BTCUSDT,BINANCE,TRADE,64032,0.01873
2026-07-30 13:48:09,BTCUSDT,BINANCE,TRADE,64032,0.00281
2026-07-30 13:48:09,ETHUSDT,BINANCE,TRADE,1905.07,0.0142
2026-07-30 13:48:09,SOLUSDT,BINANCE,TRADE,73.42,0.069
2026-07-30 13:48:09,SOLUSDT,BINANCE,TRADE,73.42,0.277
2026-07-30 13:48:09,SOLUSDT,BINANCE,TRADE,73.42,0.069
2026-07-30 13:48:09,SOLUSDT,BINANCE,TRADE,73.42,0.082
2026-07-30 13:48:09,SOLUSDT,BINANCE,TRADE,73.42,0.103
2026-07-30 13:48:09,SOLUSDT,BINANCE,TRADE,73.42,0.075
2026-07-30 13:48:09,SOLUSDT,BINANCE,TRADE,73.42,0.75
2026-07-30 13:48:09,SOLUSDT,BINANCE,TRADE,73.42,0.072
2026-07-30 13:48:09,SOLUSDT,BINANCE,TRADE,73.42,0.072
2026-07-30 13:48:09,SOLUSDT,BINANCE,TRADE,73.42,0.137
2026-07-30 13:48:09,SOLUSDT,BINANCE,TRADE,73.42,0.072
2026-07-30 13:48:09,SOLUSDT,BINANCE,TRADE,73.42,0.072
2026-07-30 13:48:09,SOLUSDT,BINANCE,TRADE,73.42,0.072
2026-07-30 13:48:09,SOLUSDT,BINANCE,TRADE,73.42,0.072
2026-07-30 13:48:09,SOLUSDT,BINANCE,TRADE,73.42,0.072
2026-07-30 13:48:09,SOLUSDT,BINANCE,TRADE,73.42,7.884
2026-07-30 13:48:09,SOLUSDT,BINANCE,TRADE,73.42,2.336
2026-07-30 13:48:09,SOLUSDT,BINANCE,TRADE,73.42,3.864
2026-07-30 13:48:09,BTCUSDT,BINANCE,TRADE,64032,0.00351
2026-07-30 13:48:09,BTCUSDT,BINANCE,TRADE,64032,9e-05
2026-07-30 13:48:09,BTCUSDT,BINANCE,TRADE,64032,0.00084
2026-07-30 13:48:09,BTCUSDT,BINANCE,TRADE,64032,0.00029
2026-07-30 13:48:09,ETHUSDT,BINANCE,TRADE,1905.07,0.2299
2026-07-30 13:48:09,BTCUSDT,BINANCE,TRADE,64032,0.00456
2026-07-30 13:48:09,BTCUSDT,BINANCE,TRADE,64032,0.00515
2026-07-30 13:48:09,BTCUSDT,BINANCE,TRADE,64032,0.00016
2026-07-30 13:48:09,BTCUSDT,BINANCE,TRADE,64032,0.00017
2026-07-30 13:48:09,BTCUSDT,BINANCE,TRADE,64032,0.00018
2026-07-30 13:48:09,BTCUSDT,BINANCE,TRADE,64032,0.005
2026-07-30 13:48:09,BTCUSDT,BINANCE,TRADE,64032,0.0017
2026-07-30 13:48:09,ETHUSDT,BINANCE,TRADE,1905.07,0.0222
2026-07-30 13:48:09,BTCUSDT,BINANCE,TRADE,64032,0.0013
2026-07-30 13:48:09,BTCUSDT,BINANCE,TRADE,64032,0.00122
2026-07-30 13:48:09,BTCUSDT,BINANCE,TRADE,64032,0.01685
2026-07-30 13:48:09,BTCUSDT,BINANCE,TRADE,64032,0.00029
2026-07-30 13:48:09,BTCUSDT,BINANCE,TRADE,64032,0.00032
2026-07-30 13:48:09,BTCUSDT,BINANCE,TRADE,64032,0.0013
2026-07-30 13:48:09,BTCUSDT,BINANCE,TRADE,64032,0.00023
2026-07-30 13:48:09,BTCUSDT,BINANCE,TRADE,64032,0.00307
2026-07-30 13:48:09,ETHUSDT,BINANCE,TRADE,1905.07,0.0577
2026-07-30 13:48:09,ETHUSDT,BINANCE,TRADE,1905.07,0.0027
2026-07-30 13:48:09,ETHUSDT,BINANCE,TRADE,1905.07,0.0028
2026-07-30 13:48:09,ETHUSDT,BINANCE,TRADE,1905.07,0.1077
2026-07-30 13:48:09,BTCUSDT,BINANCE,TRADE,64032,0.00065
2026-07-30 13:48:09,BTCUSDT,BINANCE,TRADE,64032,0.00145
2026-07-30 13:48:10,BTCUSDT,BINANCE,TRADE,64032,0.00038
2026-07-30 13:48:10,BTCUSDT,BINANCE,TRADE,64032,0.00021
2026-07-30 13:48:10,BTCUSDT,BINANCE,TRADE,64032,0.01563
2026-07-30 13:48:10,BTCUSDT,BINANCE,TRADE,64032,0.00019
2026-07-30 13:48:10,ETHUSDT,BINANCE,TRADE,1905.08,0.009
2026-07-30 13:48:10,ETHUSDT,BINANCE,TRADE,1905.07,0.0216
2026-07-30 13:48:10,BTCUSDT,BINANCE,TRADE,64032,0.00202
2026-07-30 13:48:10,BTCUSDT,BINANCE,TRADE,64032,0.0013
2026-07-30 13:48:10,BTCUSDT,BINANCE,TRADE,64032,0.00017
2026-07-30 13:48:10,BTCUSDT,BINANCE,TRADE,64032,0.00018
2026-07-30 13:48:10,BTCUSDT,BINANCE,TRADE,64032,0.05644
2026-07-30 13:48:10,BTCUSDT,BINANCE,TRADE,64032,9e-05
2026-07-30 13:48:10,BTCUSDT,BINANCE,TRADE,64032,0.03123
2026-07-30 13:48:10,BTCUSDT,BINANCE,TRADE,64032,0.005
2026-07-30 13:48:10,BTCUSDT,BINANCE,TRADE,64032,0.01
2026-07-30 13:48:10,BTCUSDT,BINANCE,TRADE,64032,0.005
2026-07-30 13:48:10,BTCUSDT,BINANCE,TRADE,64032,0.52319
2026-07-30 13:48:10,BTCUSDT,BINANCE,TRADE,64032,8e-05
2026-07-30 13:48:10,BTCUSDT,BINANCE,TRADE,64032,0.0001
2026-07-30 13:48:10,BTCUSDT,BINANCE,TRADE,64032,8e-05
2026-07-30 13:48:10,BTCUSDT,BINANCE,TRADE,64032,8e-05
2026-07-30 13:48:10,BTCUSDT,BINANCE,TRADE,64032,8e-05
2026-07-30 13:48:10,BTCUSDT,BINANCE,TRADE,64032,8e-05
2026-07-30 13:48:10,BTCUSDT,BINANCE,TRADE,64032,8e-05
2026-07-30 13:48:10,BTCUSDT,BINANCE,TRADE,64032,8e-05
2026-07-30 13:48:10,BTCUSDT,BINANCE,TRADE,64032,0.003
2026-07-30 13:48:10,BTCUSDT,BINANCE,TRADE,64032,0.003
2026-07-30 13:48:10,BTCUSDT,BINANCE,TRADE,64032,0.003
2026-07-30 13:48:10,BTCUSDT,BINANCE,TRADE,64032,0.003
2026-07-30 13:48:10,BTCUSDT,BINANCE,TRADE,64032,0.003
2026-07-30 13:48:10,BTCUSDT,BINANCE,TRADE,64032,0.003
2026-07-30 13:48:10,BTCUSDT,BINANCE,TRADE,64032,0.00312
2026-07-30 13:48:10,BTCUSDT,BINANCE,TRADE,64032,0.00468
2026-07-30 13:48:10,BTCUSDT,BINANCE,TRADE,64032,8e-05
2026-07-30 13:48:10,BTCUSDT,BINANCE,TRADE,64032,9e-05
2026-07-30 13:48:10,BTCUSDT,BINANCE,TRADE,64032,0.00016
2026-07-30 13:48:10,BTCUSDT,BINANCE,TRADE,64032,9e-05
2026-07-30 13:48:10,BTCUSDT,BINANCE,TRADE,64032,9e-05
2026-07-30 13:48:10,BTCUSDT,BINANCE,TRADE,64032,9e-05
2026-07-30 13:48:10,BTCUSDT,BINANCE,TRADE,64032,9e-05
2026-07-30 13:48:10,BTCUSDT,BINANCE,TRADE,64032,9e-05
2026-07-30 13:48:10,BTCUSDT,BINANCE,TRADE,64032,8e-05
2026-07-30 13:48:10,BTCUSDT,BINANCE,TRADE,64032,8e-05
2026-07-30 13:48:10,BTCUSDT,BINANCE,TRADE,64032,8e-05
2026-07-30 13:48:10,BTCUSDT,BINANCE,TRADE,64032,0.00016
2026-07-30 13:48:10,BTCUSDT,BINANCE,TRADE,64032,0.00016
2026-07-30 13:48:10,BTCUSDT,BINANCE,TRADE,64031.8,8e-05
2026-07-30 13:48:10,BTCUSDT,BINANCE,TRADE,64031.8,8e-05
2026-07-30 13:48:10,BTCUSDT,BINANCE,TRADE,64031.8,8e-05
2026-07-30 13:48:10,BTCUSDT,BINANCE,TRADE,64031.8,8e-05
2026-07-30 13:48:10,BTCUSDT,BINANCE,TRADE,64031.8,8e-05
2026-07-30 13:48:10,BTCUSDT,BINANCE,TRADE,64031.6,8e-05
2026-07-30 13:48:10,BTCUSDT,BINANCE,TRADE,64031.6,8e-05
2026-07-30 13:48:10,BTCUSDT,BINANCE,TRADE,64030.1,0.00016
2026-07-30 13:48:10,BTCUSDT,BINANCE,TRADE,64030,9e-05
2026-07-30 13:48:10,BTCUSDT,BINANCE,TRADE,64030,9e-05
2026-07-30 13:48:10,BTCUSDT,BINANCE,TRADE,64030,9e-05
2026-07-30 13:48:10,BTCUSDT,BINANCE,TRADE,64030,0.002
2026-07-30 13:48:10,BTCUSDT,BINANCE,TRADE,64030,0.0001
2026-07-30 13:48:10,BTCUSDT,BINANCE,TRADE,64030,0.0029
2026-07-30 13:48:10,BTCUSDT,BINANCE,TRADE,64030,0.0021
2026-07-30 13:48:10,BTCUSDT,BINANCE,TRADE,64030,0.005
2026-07-30 13:48:10,BTCUSDT,BINANCE,TRADE,64030,0.0009
2026-07-30 13:48:10,BTCUSDT,BINANCE,TRADE,64030,0.005
2026-07-30 13:48:10,BTCUSDT,BINANCE,TRADE,64030,0.0041
2026-07-30 13:48:10,BTCUSDT,BINANCE,TRADE,64030,0.00059
2026-07-30 13:48:10,ETHUSDT,BINANCE,TRADE,1905.07,0.0027
2026-07-30 13:48:10,ETHUSDT,BINANCE,TRADE,1905.07,0.0003
2026-07-30 13:48:10,ETHUSDT,BINANCE,TRADE,1905.07,0.0024
2026-07-30 13:48:10,ETHUSDT,BINANCE,TRADE,1905.07,0.0027
2026-07-30 13:48:10,ETHUSDT,BINANCE,TRADE,1905.07,0.0027
2026-07-30 13:48:10,ETHUSDT,BINANCE,TRADE,1905.07,0.0028
2026-07-30 13:48:10,ETHUSDT,BINANCE,TRADE,1905.07,0.0027
2026-07-30 13:48:10,ETHUSDT,BINANCE,TRADE,1905.07,0.0027
2026-07-30 13:48:10,ETHUSDT,BINANCE,TRADE,1905.07,0.0027
2026-07-30 13:48:10,ETHUSDT,BINANCE,TRADE,1905.07,0.0027
2026-07-30 13:48:10,ETHUSDT,BINANCE,TRADE,1905.07,0.0027
2026-07-30 13:48:10,ETHUSDT,BINANCE,TRADE,1905.07,0.0027
2026-07-30 13:48:10,ETHUSDT,BINANCE,TRADE,1905.07,0.0053
2026-07-30 13:48:10,ETHUSDT,BINANCE,TRADE,1905.07,0.0027
2026-07-30 13:48:10,ETHUSDT,BINANCE,TRADE,1905.07,0.0028
2026-07-30 13:48:10,ETHUSDT,BINANCE,TRADE,1905.07,0.0031
2026-07-30 13:48:10,ETHUSDT,BINANCE,TRADE,1905.07,0.0027
2026-07-30 13:48:10,ETHUSDT,BINANCE,TRADE,1905.07,0.0031
2026-07-30 13:48:10,ETHUSDT,BINANCE,TRADE,1905.07,0.0031
2026-07-30 13:48:10,ETHUSDT,BINANCE,TRADE,1905.06,0.0027
2026-07-30 13:48:10,ETHUSDT,BINANCE,TRADE,1905.06,0.0027
2026-07-30 13:48:10,ETHUSDT,BINANCE,TRADE,1905.06,0.0028
2026-07-30 13:48:10,ETHUSDT,BINANCE,TRADE,1905.06,0.0027
2026-07-30 13:48:10,ETHUSDT,BINANCE,TRADE,1905.06,0.0027
2026-07-30 13:48:10,ETHUSDT,BINANCE,TRADE,1905.06,0.0019
2026-07-30 13:48:10,ETHUSDT,BINANCE,TRADE,1905.06,0.0008
2026-07-30 13:48:10,ETHUSDT,BINANCE,TRADE,1905.06,0.0027
2026-07-30 13:48:10,ETHUSDT,BINANCE,TRADE,1905.06,0.0053
2026-07-30 13:48:10,ETHUSDT,BINANCE,TRADE,1905.06,0.0027
2026-07-30 13:48:10,ETHUSDT,BINANCE,TRADE,1905.06,0.0027
2026-07-30 13:48:10,ETHUSDT,BINANCE,TRADE,1905.05,0.0028
2026-07-30 13:48:10,ETHUSDT,BINANCE,TRADE,1905.05,0.0053
2026-07-30 13:48:10,ETHUSDT,BINANCE,TRADE,1905.04,0.004
2026-07-30 13:48:10,ETHUSDT,BINANCE,TRADE,1905.04,0.0027
2026-07-30 13:48:10,ETHUSDT,BINANCE,TRADE,1905.04,0.0027
2026-07-30 13:48:10,ETHUSDT,BINANCE,TRADE,1905.04,0.0028
2026-07-30 13:48:10,ETHUSDT,BINANCE,TRADE,1905.04,0.0027
2026-07-30 13:48:10,ETHUSDT,BINANCE,TRADE,1905.04,0.0027
2026-07-30 13:48:10,ETHUSDT,BINANCE,TRADE,1905.03,0.0027
2026-07-30 13:48:10,ETHUSDT,BINANCE,TRADE,1905.03,0.0028
2026-07-30 13:48:10,ETHUSDT,BINANCE,TRADE,1905.02,0.0027
2026-07-30 13:48:10,ETHUSDT,BINANCE,TRADE,1905.02,0.0028
2026-07-30 13:48:10,ETHUSDT,BINANCE,TRADE,1905.02,0.009
2026-07-30 13:48:10,BTCUSDT,BINANCE,TRADE,64030,0.00131
2026-07-30 13:48:10,BTCUSDT,BINANCE,TRADE,64030,0.01
2026-07-30 13:48:10,BTCUSDT,BINANCE,TRADE,64030,9e-05
2026-07-30 13:48:10,BTCUSDT,BINANCE,TRADE,64030,9e-05
2026-07-30 13:48:10,BTCUSDT,BINANCE,TRADE,64030,0.0013
2026-07-30 13:48:10,ETHUSDT,BINANCE,TRADE,1905.02,0.0027
2026-07-30 13:48:10,ETHUSDT,BINANCE,TRADE,1905.02,0.0027
2026-07-30 13:48:10,ETHUSDT,BINANCE,TRADE,1905.02,0.0027
2026-07-30 13:48:10,ETHUSDT,BINANCE,TRADE,1905.02,0.0027
2026-07-30 13:48:10,ETHUSDT,BINANCE,TRADE,1905.02,0.0028
2026-07-30 13:48:10,ETHUSDT,BINANCE,TRADE,1905.02,0.0031
2026-07-30 13:48:10,ETHUSDT,BINANCE,TRADE,1905.02,0.0031
2026-07-30 13:48:10,ETHUSDT,BINANCE,TRADE,1905.02,0.0031
2026-07-30 13:48:10,ETHUSDT,BINANCE,TRADE,1905.02,0.0028
2026-07-30 13:48:10,ETHUSDT,BINANCE,TRADE,1905.02,0.0027
2026-07-30 13:48:10,ETHUSDT,BINANCE,TRADE,1905.02,0.0027
2026-07-30 13:48:10,ETHUSDT,BINANCE,TRADE,1905.02,0.0027
2026-07-30 13:48:10,ETHUSDT,BINANCE,TRADE,1905.02,0.0027
2026-07-30 13:48:10,ETHUSDT,BINANCE,TRADE,1905.02,0.0027
2026-07-30 13:48:10,ETHUSDT,BINANCE,TRADE,1905.02,0.0027
2026-07-30 13:48:10,ETHUSDT,BINANCE,TRADE,1905.02,0.0027
2026-07-30 13:48:10,ETHUSDT,BINANCE,TRADE,1905.02,0.0027
2026-07-30 13:48:10,ETHUSDT,BINANCE,TRADE,1905.01,0.0027
2026-07-30 13:48:10,ETHUSDT,BINANCE,TRADE,1905.01,0.0028
2026-07-30 13:48:10,ETHUSDT,BINANCE,TRADE,1905.01,0.0028
2026-07-30 13:48:10,ETHUSDT,BINANCE,TRADE,1905.01,0.0028
2026-07-30 13:48:10,ETHUSDT,BINANCE,TRADE,1905.01,0.0027
2026-07-30 13:48:10,ETHUSDT,BINANCE,TRADE,1905.01,0.0027
2026-07-30 13:48:10,ETHUSDT,BINANCE,TRADE,1905.01,0.0027
2026-07-30 13:48:10,ETHUSDT,BINANCE,TRADE,1905.01,0.0027
2026-07-30 13:48:10,ETHUSDT,BINANCE,TRADE,1905.01,0.0028
2026-07-30 13:48:10,ETHUSDT,BINANCE,TRADE,1905.01,0.0027
2026-07-30 13:48:10,ETHUSDT,BINANCE,TRADE,1905.01,0.0027
2026-07-30 13:48:10,ETHUSDT,BINANCE,TRADE,1905.01,0.0027
2026-07-30 13:48:10,BTCUSDT,BINANCE,TRADE,64030,0.0013
2026-07-30 13:48:10,BTCUSDT,BINANCE,TRADE,64030,0.00027
2026-07-30 13:48:10,BTCUSDT,BINANCE,TRADE,64030,0.00014
2026-07-30 13:48:10,BTCUSDT,BINANCE,TRADE,64030,8e-05
2026-07-30 13:48:10,BTCUSDT,BINANCE,TRADE,64030,8e-05
2026-07-30 13:48:10,BTCUSDT,BINANCE,TRADE,64030,8e-05
2026-07-30 13:48:10,BTCUSDT,BINANCE,TRADE,64030,8e-05
2026-07-30 13:48:10,BTCUSDT,BINANCE,TRADE,64030,8e-05
2026-07-30 13:48:10,BTCUSDT,BINANCE,TRADE,64030,8e-05
2026-07-30 13:48:10,BTCUSDT,BINANCE,TRADE,64030,8e-05
2026-07-30 13:48:10,BTCUSDT,BINANCE,TRADE,64030,8e-05
2026-07-30 13:48:10,BTCUSDT,BINANCE,TRADE,64030,8e-05
2026-07-30 13:48:10,BTCUSDT,BINANCE,TRADE,64030,0.00067
2026-07-30 13:48:10,BTCUSDT,BINANCE,TRADE,64030,8e-05
2026-07-30 13:48:10,BTCUSDT,BINANCE,TRADE,64030,2e-05
2026-07-30 13:48:10,ETHUSDT,BINANCE,TRADE,1905.01,0.0524
2026-07-30 13:48:10,BTCUSDT,BINANCE,TRADE,64030,0.00103
2026-07-30 13:48:10,BTCUSDT,BINANCE,TRADE,64030,9e-05
2026-07-30 13:48:10,BTCUSDT,BINANCE,TRADE,64030,0.00019
2026-07-30 13:48:10,BTCUSDT,BINANCE,TRADE,64030,6e-05
2026-07-30 13:48:10,BTCUSDT,BINANCE,TRADE,64030,8e-05
2026-07-30 13:48:10,BTCUSDT,BINANCE,TRADE,64030,8e-05
2026-07-30 13:48:10,BTCUSDT,BINANCE,TRADE,64030,9e-05
2026-07-30 13:48:10,BTCUSDT,BINANCE,TRADE,64030,8e-05
2026-07-30 13:48:10,BTCUSDT,BINANCE,TRADE,64030,8e-05
2026-07-30 13:48:10,BTCUSDT,BINANCE,TRADE,64030,0.00453
2026-07-30 13:48:10,BTCUSDT,BINANCE,TRADE,64030,0.00047
2026-07-30 13:48:10,BTCUSDT,BINANCE,TRADE,64030,0.00453
2026-07-30 13:48:10,BTCUSDT,BINANCE,TRADE,64030,0.00023
2026-07-30 13:48:10,BTCUSDT,BINANCE,TRADE,64030,0.00024
2026-07-30 13:48:10,BTCUSDT,BINANCE,TRADE,64030,0.00476
2026-07-30 13:48:10,BTCUSDT,BINANCE,TRADE,64030,0.005
2026-07-30 13:48:10,BTCUSDT,BINANCE,TRADE,64030,0.00521
2026-07-30 13:48:10,BTCUSDT,BINANCE,TRADE,64030,0.00084
2026-07-30 13:48:10,ETHUSDT,BINANCE,TRADE,1905.01,0.0523
2026-07-30 13:48:10,BTCUSDT,BINANCE,TRADE,64030,0.00045
2026-07-30 13:48:10,ETHUSDT,BINANCE,TRADE,1905,0.003
2026-07-30 13:48:10,ETHUSDT,BINANCE,TRADE,1905,0.0308
2026-07-30 13:48:10,BTCUSDT,BINANCE,TRADE,64030,0.0013
2026-07-30 13:48:10,BTCUSDT,BINANCE,TRADE,64030,0.00019
2026-07-30 13:48:10,BTCUSDT,BINANCE,TRADE,64030,0.00029
2026-07-30 13:48:10,BTCUSDT,BINANCE,TRADE,64030,5e-05
2026-07-30 13:48:10,BTCUSDT,BINANCE,TRADE,64030,8e-05
2026-07-30 13:48:10,BTCUSDT,BINANCE,TRADE,64030,1e-05
2026-07-30 13:48:11,BTCUSDT,BINANCE,TRADE,64030,7e-05
2026-07-30 13:48:11,BTCUSDT,BINANCE,TRADE,64030,0.00993
2026-07-30 13:48:11,BTCUSDT,BINANCE,TRADE,64030,0.0001
2026-07-30 13:48:11,BTCUSDT,BINANCE,TRADE,64030,0.00046
2026-07-30 13:48:11,BTCUSDT,BINANCE,TRADE,64030,0.00037
2026-07-30 13:48:11,BTCUSDT,BINANCE,TRADE,64030,0.00029
2026-07-30 13:48:11,BTCUSDT,BINANCE,TRADE,64030,0.00045
2026-07-30 13:48:11,BTCUSDT,BINANCE,TRADE,64030,0.0013
2026-07-30 13:48:11,BTCUSDT,BINANCE,TRADE,64030,0.00158
2026-07-30 13:48:11,BTCUSDT,BINANCE,TRADE,64030,0.01563
2026-07-30 13:48:11,BTCUSDT,BINANCE,TRADE,64030,0.00016
2026-07-30 13:48:11,BTCUSDT,BINANCE,TRADE,64030,0.01327
2026-07-30 13:48:11,BTCUSDT,BINANCE,TRADE,64030,0.00029
2026-07-30 13:48:11,BTCUSDT,BINANCE,TRADE,64030,0.00038
2026-07-30 13:48:11,BTCUSDT,BINANCE,TRADE,64030,0.01874
2026-07-30 13:48:11,ETHUSDT,BINANCE,TRADE,1905,0.0224
2026-07-30 13:48:11,BTCUSDT,BINANCE,TRADE,64030,0.00013
2026-07-30 13:48:11,BTCUSDT,BINANCE,TRADE,64030,0.00033
2026-07-30 13:48:11,BTCUSDT,BINANCE,TRADE,64030,0.00038
2026-07-30 13:48:11,BTCUSDT,BINANCE,TRADE,64030,0.0014
2026-07-30 13:48:11,BTCUSDT,BINANCE,TRADE,64030,0.00019
2026-07-30 13:48:11,BTCUSDT,BINANCE,TRADE,64030,0.00312
2026-07-30 13:48:11,ETHUSDT,BINANCE,TRADE,1905.01,0.1709
2026-07-30 13:48:11,BTCUSDT,BINANCE,TRADE,64030,0.00468
2026-07-30 13:48:11,BTCUSDT,BINANCE,TRADE,64030,0.00017
2026-07-30 13:48:11,BTCUSDT,BINANCE,TRADE,64030,0.0013
2026-07-30 13:48:11,ETHUSDT,BINANCE,TRADE,1905.01,0.2383
2026-07-30 13:48:11,BTCUSDT,BINANCE,TRADE,64030,9e-05
2026-07-30 13:48:11,ETHUSDT,BINANCE,TRADE,1905.01,0.0216
2026-07-30 13:48:11,BTCUSDT,BINANCE,TRADE,64030,0.00015
2026-07-30 13:48:11,BTCUSDT,BINANCE,TRADE,64030,0.05672
2026-07-30 13:48:11,ETHUSDT,BINANCE,TRADE,1905.01,0.0222
2026-07-30 13:48:11,BTCUSDT,BINANCE,TRADE,64030,0.00017
2026-07-30 13:48:11,BTCUSDT,BINANCE,TRADE,64030,0.00029
2026-07-30 13:48:11,BTCUSDT,BINANCE,TRADE,64030,0.00018
2026-07-30 13:48:11,BTCUSDT,BINANCE,TRADE,64030,0.00351
2026-07-30 13:48:11,BTCUSDT,BINANCE,TRADE,64030,0.0013
2026-07-30 13:48:11,BTCUSDT,BINANCE,TRADE,64030,0.00281
2026-07-30 13:48:11,BTCUSDT,BINANCE,TRADE,64030,0.00156
2026-07-30 13:48:11,ETHUSDT,BINANCE,TRADE,1905,0.0279
2026-07-30 13:48:11,BTCUSDT,BINANCE,TRADE,64030,0.00084
2026-07-30 13:48:12,BTCUSDT,BINANCE,TRADE,64030,0.00029
2026-07-30 13:48:12,ETHUSDT,BINANCE,TRADE,1905,0.0084
2026-07-30 13:48:12,BTCUSDT,BINANCE,TRADE,64030,9e-05
2026-07-30 13:48:12,BTCUSDT,BINANCE,TRADE,64030,0.00023
2026-07-30 13:48:12,BTCUSDT,BINANCE,TRADE,64030,0.002
2026-07-30 13:48:12,BTCUSDT,BINANCE,TRADE,64030,0.00509
2026-07-30 13:48:12,ETHUSDT,BINANCE,TRADE,1905,0.0027
2026-07-30 13:48:12,ETHUSDT,BINANCE,TRADE,1905,0.198
2026-07-30 13:48:12,BTCUSDT,BINANCE,TRADE,64030,0.00033
2026-07-30 13:48:12,BTCUSDT,BINANCE,TRADE,64030,0.002
2026-07-30 13:48:12,BTCUSDT,BINANCE,TRADE,64030,0.002
2026-07-30 13:48:12,ETHUSDT,BINANCE,TRADE,1905.01,0.0027
2026-07-30 13:48:12,ETHUSDT,BINANCE,TRADE,1905.01,0.0028
2026-07-30 13:48:12,ETHUSDT,BINANCE,TRADE,1905.01,0.0027
2026-07-30 13:48:12,ETHUSDT,BINANCE,TRADE,1905.01,0.0031
2026-07-30 13:48:12,ETHUSDT,BINANCE,TRADE,1905.01,0.0031
2026-07-30 13:48:12,ETHUSDT,BINANCE,TRADE,1905.01,0.0053
2026-07-30 13:48:12,ETHUSDT,BINANCE,TRADE,1905.01,0.0027
2026-07-30 13:48:12,ETHUSDT,BINANCE,TRADE,1905.01,0.0027
2026-07-30 13:48:12,ETHUSDT,BINANCE,TRADE,1905.01,0.02
2026-07-30 13:48:12,ETHUSDT,BINANCE,TRADE,1905.01,0.0028
2026-07-30 13:48:12,ETHUSDT,BINANCE,TRADE,1905.01,0.0095
2026-07-30 13:48:12,ETHUSDT,BINANCE,TRADE,1905.01,0.146
2026-07-30 13:48:12,ETHUSDT,BINANCE,TRADE,1905.01,0.1142
2026-07-30 13:48:12,ETHUSDT,BINANCE,TRADE,1905.01,0.168
2026-07-30 13:48:12,ETHUSDT,BINANCE,TRADE,1905.01,0.1367
2026-07-30 13:48:12,ETHUSDT,BINANCE,TRADE,1905.01,0.0027
2026-07-30 13:48:12,ETHUSDT,BINANCE,TRADE,1905.01,0.0027
2026-07-30 13:48:12,ETHUSDT,BINANCE,TRADE,1905.01,0.0027
2026-07-30 13:48:12,ETHUSDT,BINANCE,TRADE,1905.01,0.0027
2026-07-30 13:48:12,ETHUSDT,BINANCE,TRADE,1905.01,0.0027
2026-07-30 13:48:12,ETHUSDT,BINANCE,TRADE,1905.01,1.9559
2026-07-30 13:48:12,ETHUSDT,BINANCE,TRADE,1905.01,0.0027
2026-07-30 13:48:12,ETHUSDT,BINANCE,TRADE,1905.01,0.0027
2026-07-30 13:48:12,ETHUSDT,BINANCE,TRADE,1905.01,0.0027
2026-07-30 13:48:12,ETHUSDT,BINANCE,TRADE,1905.01,0.0027
2026-07-30 13:48:12,ETHUSDT,BINANCE,TRADE,1905.01,0.0027
2026-07-30 13:48:12,ETHUSDT,BINANCE,TRADE,1905.01,0.0027
2026-07-30 13:48:12,ETHUSDT,BINANCE,TRADE,1905.01,0.0027
2026-07-30 13:48:12,ETHUSDT,BINANCE,TRADE,1905.01,0.0027
2026-07-30 13:48:12,ETHUSDT,BINANCE,TRADE,1905.02,0.0053
2026-07-30 13:48:12,ETHUSDT,BINANCE,TRADE,1905.02,0.0028
2026-07-30 13:48:12,ETHUSDT,BINANCE,TRADE,1905.02,0.0027
2026-07-30 13:48:12,ETHUSDT,BINANCE,TRADE,1905.02,0.0027
2026-07-30 13:48:12,ETHUSDT,BINANCE,TRADE,1905.02,0.0027
2026-07-30 13:48:12,ETHUSDT,BINANCE,TRADE,1905.03,0.0053
2026-07-30 13:48:12,ETHUSDT,BINANCE,TRADE,1905.03,0.0027
2026-07-30 13:48:12,ETHUSDT,BINANCE,TRADE,1905.03,0.0027
2026-07-30 13:48:12,ETHUSDT,BINANCE,TRADE,1905.03,0.0028
2026-07-30 13:48:12,ETHUSDT,BINANCE,TRADE,1905.03,0.0027
2026-07-30 13:48:12,ETHUSDT,BINANCE,TRADE,1905.03,0.0027
2026-07-30 13:48:12,ETHUSDT,BINANCE,TRADE,1905.03,0.0027
2026-07-30 13:48:12,ETHUSDT,BINANCE,TRADE,1905.03,0.0027
2026-07-30 13:48:12,ETHUSDT,BINANCE,TRADE,1905.03,0.0027
2026-07-30 13:48:12,ETHUSDT,BINANCE,TRADE,1905.04,0.0028
2026-07-30 13:48:12,ETHUSDT,BINANCE,TRADE,1905.04,0.0027
2026-07-30 13:48:12,ETHUSDT,BINANCE,TRADE,1905.04,0.0027
2026-07-30 13:48:12,ETHUSDT,BINANCE,TRADE,1905.05,0.0028
2026-07-30 13:48:12,ETHUSDT,BINANCE,TRADE,1905.05,0.0027
2026-07-30 13:48:12,ETHUSDT,BINANCE,TRADE,1905.05,0.0028
2026-07-30 13:48:12,ETHUSDT,BINANCE,TRADE,1905.05,0.0028
2026-07-30 13:48:12,ETHUSDT,BINANCE,TRADE,1905.05,0.0027
2026-07-30 13:48:12,ETHUSDT,BINANCE,TRADE,1905.05,0.0028
2026-07-30 13:48:12,ETHUSDT,BINANCE,TRADE,1905.05,0.8574
2026-07-30 13:48:12,ETHUSDT,BINANCE,TRADE,1905.05,0.7832
2026-07-30 13:48:12,ETHUSDT,BINANCE,TRADE,1905.06,0.0028
2026-07-30 13:48:12,ETHUSDT,BINANCE,TRADE,1905.06,0.0028
2026-07-30 13:48:12,ETHUSDT,BINANCE,TRADE,1905.06,0.0027
2026-07-30 13:48:12,ETHUSDT,BINANCE,TRADE,1905.06,0.0028
2026-07-30 13:48:12,ETHUSDT,BINANCE,TRADE,1905.06,0.0227
2026-07-30 13:48:12,ETHUSDT,BINANCE,TRADE,1905.06,0.0027
2026-07-30 13:48:12,ETHUSDT,BINANCE,TRADE,1905.06,0.0027
2026-07-30 13:48:12,ETHUSDT,BINANCE,TRADE,1905.06,0.0027
2026-07-30 13:48:12,ETHUSDT,BINANCE,TRADE,1905.06,0.0027
2026-07-30 13:48:12,ETHUSDT,BINANCE,TRADE,1905.06,0.0027
2026-07-30 13:48:12,ETHUSDT,BINANCE,TRADE,1905.06,0.0027
2026-07-30 13:48:12,ETHUSDT,BINANCE,TRADE,1905.06,0.0027
2026-07-30 13:48:12,ETHUSDT,BINANCE,TRADE,1905.06,0.0027
2026-07-30 13:48:12,ETHUSDT,BINANCE,TRADE,1905.06,0.0027
2026-07-30 13:48:12,ETHUSDT,BINANCE,TRADE,1905.06,0.0027
2026-07-30 13:48:12,ETHUSDT,BINANCE,TRADE,1905.06,0.0031
2026-07-30 13:48:12,ETHUSDT,BINANCE,TRADE,1905.06,0.0027
2026-07-30 13:48:12,ETHUSDT,BINANCE,TRADE,1905.06,0.0031
2026-07-30 13:48:12,ETHUSDT,BINANCE,TRADE,1905.06,0.0027
2026-07-30 13:48:12,ETHUSDT,BINANCE,TRADE,1905.06,0.0028
2026-07-30 13:48:12,ETHUSDT,BINANCE,TRADE,1905.06,0.0027
2026-07-30 13:48:12,ETHUSDT,BINANCE,TRADE,1905.06,0.0028
2026-07-30 13:48:12,ETHUSDT,BINANCE,TRADE,1905.06,0.0028
2026-07-30 13:48:12,ETHUSDT,BINANCE,TRADE,1905.06,0.0028
2026-07-30 13:48:12,ETHUSDT,BINANCE,TRADE,1905.06,1.6625
2026-07-30 13:48:12,ETHUSDT,BINANCE,TRADE,1905.06,0.003
2026-07-30 13:48:12,BTCUSDT,BINANCE,TRADE,64030,0.0013
2026-07-30 13:48:12,BTCUSDT,BINANCE,TRADE,64030,0.00057
2026-07-30 13:48:12,ETHUSDT,BINANCE,TRADE,1905.06,0.0749
2026-07-30 13:48:12,ETHUSDT,BINANCE,TRADE,1905.06,0.0028
2026-07-30 13:48:12,ETHUSDT,BINANCE,TRADE,1905.06,0.0028
2026-07-30 13:48:12,ETHUSDT,BINANCE,TRADE,1905.06,0.0027
2026-07-30 13:48:12,ETHUSDT,BINANCE,TRADE,1905.06,0.0028
2026-07-30 13:48:12,ETHUSDT,BINANCE,TRADE,1905.06,0.0027
2026-07-30 13:48:12,ETHUSDT,BINANCE,TRADE,1905.06,0.0028
2026-07-30 13:48:12,ETHUSDT,BINANCE,TRADE,1905.06,0.0027
2026-07-30 13:48:12,ETHUSDT,BINANCE,TRADE,1905.06,0.0027
2026-07-30 13:48:12,ETHUSDT,BINANCE,TRADE,1905.06,0.0027
2026-07-30 13:48:12,ETHUSDT,BINANCE,TRADE,1905.06,0.0027
2026-07-30 13:48:12,ETHUSDT,BINANCE,TRADE,1905.06,0.0031
2026-07-30 13:48:12,ETHUSDT,BINANCE,TRADE,1905.06,0.0031
2026-07-30 13:48:12,ETHUSDT,BINANCE,TRADE,1905.06,0.0027
2026-07-30 13:48:12,ETHUSDT,BINANCE,TRADE,1905.06,0.0027
2026-07-30 13:48:12,ETHUSDT,BINANCE,TRADE,1905.06,0.0027
2026-07-30 13:48:12,ETHUSDT,BINANCE,TRADE,1905.06,1.5984
2026-07-30 13:48:12,BTCUSDT,BINANCE,TRADE,64030,0.00026
2026-07-30 13:48:12,BTCUSDT,BINANCE,TRADE,64030,0.00515
2026-07-30 13:48:12,BTCUSDT,BINANCE,TRADE,64030,9e-05
2026-07-30 13:48:12,BTCUSDT,BINANCE,TRADE,64030,0.00019
2026-07-30 13:48:12,BTCUSDT,BINANCE,TRADE,64030,0.00038
2026-07-30 13:48:12,BTCUSDT,BINANCE,TRADE,64030,0.00014
2026-07-30 13:48:12,BTCUSDT,BINANCE,TRADE,64030,0.00024
2026-07-30 13:48:12,BTCUSDT,BINANCE,TRADE,64030,0.00037
2026-07-30 13:48:12,ETHUSDT,BINANCE,TRADE,1905.06,0.0028
2026-07-30 13:48:12,ETHUSDT,BINANCE,TRADE,1905.06,0.0028
2026-07-30 13:48:12,ETHUSDT,BINANCE,TRADE,1905.06,0.0028
2026-07-30 13:48:12,ETHUSDT,BINANCE,TRADE,1905.06,0.0027
2026-07-30 13:48:12,ETHUSDT,BINANCE,TRADE,1905.06,0.0027
2026-07-30 13:48:12,ETHUSDT,BINANCE,TRADE,1905.06,0.0027
2026-07-30 13:48:12,ETHUSDT,BINANCE,TRADE,1905.06,0.0028
2026-07-30 13:48:12,ETHUSDT,BINANCE,TRADE,1905.06,0.0031
2026-07-30 13:48:12,ETHUSDT,BINANCE,TRADE,1905.06,0.0027
2026-07-30 13:48:12,ETHUSDT,BINANCE,TRADE,1905.06,0.0027
2026-07-30 13:48:12,ETHUSDT,BINANCE,TRADE,1905.06,0.0027
2026-07-30 13:48:12,ETHUSDT,BINANCE,TRADE,1905.06,0.0027
2026-07-30 13:48:12,ETHUSDT,BINANCE,TRADE,1905.06,0.0027
2026-07-30 13:48:12,ETHUSDT,BINANCE,TRADE,1905.06,0.0031
2026-07-30 13:48:12,ETHUSDT,BINANCE,TRADE,1905.06,0.0027
2026-07-30 13:48:12,ETHUSDT,BINANCE,TRADE,1905.06,0.0028
2026-07-30 13:48:12,ETHUSDT,BINANCE,TRADE,1905.06,0.0027
2026-07-30 13:48:12,BTCUSDT,BINANCE,TRADE,64030,0.0013
2026-07-30 13:48:12,BTCUSDT,BINANCE,TRADE,64030,0.00017
2026-07-30 13:48:12,ETHUSDT,BINANCE,TRADE,1905.07,0.7559
2026-07-30 13:48:12,ETHUSDT,BINANCE,TRADE,1905.07,0.0028
2026-07-30 13:48:12,ETHUSDT,BINANCE,TRADE,1905.07,0.0027
2026-07-30 13:48:12,ETHUSDT,BINANCE,TRADE,1905.07,0.0027
2026-07-30 13:48:12,ETHUSDT,BINANCE,TRADE,1905.07,0.0027
2026-07-30 13:48:12,ETHUSDT,BINANCE,TRADE,1905.07,0.0027
2026-07-30 13:48:12,ETHUSDT,BINANCE,TRADE,1905.07,0.0027
2026-07-30 13:48:12,ETHUSDT,BINANCE,TRADE,1905.07,0.0027
2026-07-30 13:48:12,ETHUSDT,BINANCE,TRADE,1905.07,0.0027
2026-07-30 13:48:12,ETHUSDT,BINANCE,TRADE,1905.07,0.0027
2026-07-30 13:48:12,ETHUSDT,BINANCE,TRADE,1905.07,0.0027
2026-07-30 13:48:12,ETHUSDT,BINANCE,TRADE,1905.07,0.0027
2026-07-30 13:48:12,ETHUSDT,BINANCE,TRADE,1905.07,0.0028
2026-07-30 13:48:12,ETHUSDT,BINANCE,TRADE,1905.07,0.0027
2026-07-30 13:48:12,ETHUSDT,BINANCE,TRADE,1905.08,0.0027
2026-07-30 13:48:12,ETHUSDT,BINANCE,TRADE,1905.08,0.0028
2026-07-30 13:48:12,ETHUSDT,BINANCE,TRADE,1905.08,0.0027
2026-07-30 13:48:12,ETHUSDT,BINANCE,TRADE,1905.08,0.0135
2026-07-30 13:48:12,ETHUSDT,BINANCE,TRADE,1905.08,0.0027
2026-07-30 13:48:12,ETHUSDT,BINANCE,TRADE,1905.08,0.0027
2026-07-30 13:48:12,ETHUSDT,BINANCE,TRADE,1905.08,0.0027
2026-07-30 13:48:12,ETHUSDT,BINANCE,TRADE,1905.08,0.0027
2026-07-30 13:48:12,ETHUSDT,BINANCE,TRADE,1905.08,0.0027
2026-07-30 13:48:12,ETHUSDT,BINANCE,TRADE,1905.08,0.0027
2026-07-30 13:48:12,ETHUSDT,BINANCE,TRADE,1905.08,0.0027
2026-07-30 13:48:12,ETHUSDT,BINANCE,TRADE,1905.08,0.0027
2026-07-30 13:48:12,ETHUSDT,BINANCE,TRADE,1905.08,0.0027
2026-07-30 13:48:12,ETHUSDT,BINANCE,TRADE,1905.08,0.0027
2026-07-30 13:48:12,ETHUSDT,BINANCE,TRADE,1905.08,0.0027
2026-07-30 13:48:12,ETHUSDT,BINANCE,TRADE,1905.09,0.0028
2026-07-30 13:48:12,ETHUSDT,BINANCE,TRADE,1905.1,0.0027
2026-07-30 13:48:12,ETHUSDT,BINANCE,TRADE,1905.1,0.0027
2026-07-30 13:48:12,ETHUSDT,BINANCE,TRADE,1905.1,0.0027
2026-07-30 13:48:12,ETHUSDT,BINANCE,TRADE,1905.1,0.0028
2026-07-30 13:48:12,ETHUSDT,BINANCE,TRADE,1905.1,0.0028
2026-07-30 13:48:12,ETHUSDT,BINANCE,TRADE,1905.1,0.0028
2026-07-30 13:48:12,ETHUSDT,BINANCE,TRADE,1905.1,0.0027
2026-07-30 13:48:12,ETHUSDT,BINANCE,TRADE,1905.1,0.0027
2026-07-30 13:48:12,ETHUSDT,BINANCE,TRADE,1905.1,0.0027
2026-07-30 13:48:12,ETHUSDT,BINANCE,TRADE,1905.1,0.0028
2026-07-30 13:48:12,ETHUSDT,BINANCE,TRADE,1905.1,0.0027
2026-07-30 13:48:12,ETHUSDT,BINANCE,TRADE,1905.1,0.0027
2026-07-30 13:48:12,ETHUSDT,BINANCE,TRADE,1905.1,0.0027
2026-07-30 13:48:12,ETHUSDT,BINANCE,TRADE,1905.1,0.0027
2026-07-30 13:48:12,ETHUSDT,BINANCE,TRADE,1905.1,0.0027
2026-07-30 13:48:12,ETHUSDT,BINANCE,TRADE,1905.1,0.0027
2026-07-30 13:48:12,ETHUSDT,BINANCE,TRADE,1905.1,0.0027
2026-07-30 13:48:12,ETHUSDT,BINANCE,TRADE,1905.1,0.0027
2026-07-30 13:48:12,ETHUSDT,BINANCE,TRADE,1905.1,0.0027
2026-07-30 13:48:12,BTCUSDT,BINANCE,TRADE,64030,0.00018
2026-07-30 13:48:12,SOLUSDT,BINANCE,TRADE,73.43,1.946
2026-07-30 13:48:12,ETHUSDT,BINANCE,TRADE,1905.11,0.2299
2026-07-30 13:48:12,ETHUSDT,BINANCE,TRADE,1905.1,0.009
2026-07-30 13:48:12,BTCUSDT,BINANCE,TRADE,64030,0.002
2026-07-30 13:48:12,ETHUSDT,BINANCE,TRADE,1905.11,0.0027
2026-07-30 13:48:12,ETHUSDT,BINANCE,TRADE,1905.11,0.0027
2026-07-30 13:48:12,ETHUSDT,BINANCE,TRADE,1905.11,0.0028
2026-07-30 13:48:12,ETHUSDT,BINANCE,TRADE,1905.11,0.0027
2026-07-30 13:48:12,ETHUSDT,BINANCE,TRADE,1905.11,0.0027
2026-07-30 13:48:12,ETHUSDT,BINANCE,TRADE,1905.11,0.0027
2026-07-30 13:48:12,ETHUSDT,BINANCE,TRADE,1905.11,0.0031
2026-07-30 13:48:12,ETHUSDT,BINANCE,TRADE,1905.11,0.0027
2026-07-30 13:48:12,ETHUSDT,BINANCE,TRADE,1905.11,0.0027
2026-07-30 13:48:12,ETHUSDT,BINANCE,TRADE,1905.11,0.0027
2026-07-30 13:48:12,ETHUSDT,BINANCE,TRADE,1905.11,0.0027
2026-07-30 13:48:12,ETHUSDT,BINANCE,TRADE,1905.11,0.0027
2026-07-30 13:48:12,ETHUSDT,BINANCE,TRADE,1905.11,0.0027
2026-07-30 13:48:12,ETHUSDT,BINANCE,TRADE,1905.11,0.0027
2026-07-30 13:48:12,ETHUSDT,BINANCE,TRADE,1905.11,0.0028
2026-07-30 13:48:12,ETHUSDT,BINANCE,TRADE,1905.11,0.0027
2026-07-30 13:48:12,ETHUSDT,BINANCE,TRADE,1905.11,0.0027
2026-07-30 13:48:12,ETHUSDT,BINANCE,TRADE,1905.11,0.0027
2026-07-30 13:48:12,ETHUSDT,BINANCE,TRADE,1905.11,0.0027
2026-07-30 13:48:12,ETHUSDT,BINANCE,TRADE,1905.11,0.0027
2026-07-30 13:48:12,ETHUSDT,BINANCE,TRADE,1905.12,0.0027
2026-07-30 13:48:12,ETHUSDT,BINANCE,TRADE,1905.12,0.0028
2026-07-30 13:48:12,ETHUSDT,BINANCE,TRADE,1905.12,0.0027
2026-07-30 13:48:12,ETHUSDT,BINANCE,TRADE,1905.12,0.0027
2026-07-30 13:48:12,ETHUSDT,BINANCE,TRADE,1905.12,0.0027
2026-07-30 13:48:12,ETHUSDT,BINANCE,TRADE,1905.14,0.0028
2026-07-30 13:48:12,ETHUSDT,BINANCE,TRADE,1905.14,0.0027
2026-07-30 13:48:12,ETHUSDT,BINANCE,TRADE,1905.15,0.0027
2026-07-30 13:48:12,ETHUSDT,BINANCE,TRADE,1905.15,0.0028
2026-07-30 13:48:12,ETHUSDT,BINANCE,TRADE,1905.15,0.0027
2026-07-30 13:48:12,ETHUSDT,BINANCE,TRADE,1905.18,0.0027
2026-07-30 13:48:12,ETHUSDT,BINANCE,TRADE,1905.18,0.0028
2026-07-30 13:48:12,ETHUSDT,BINANCE,TRADE,1905.19,0.0028
2026-07-30 13:48:12,ETHUSDT,BINANCE,TRADE,1905.19,0.0028
2026-07-30 13:48:12,ETHUSDT,BINANCE,TRADE,1905.19,0.0028
2026-07-30 13:48:12,ETHUSDT,BINANCE,TRADE,1905.19,0.0028
2026-07-30 13:48:12,ETHUSDT,BINANCE,TRADE,1905.2,0.5
2026-07-30 13:48:12,ETHUSDT,BINANCE,TRADE,1905.2,0.0028
2026-07-30 13:48:12,ETHUSDT,BINANCE,TRADE,1905.2,0.0028
2026-07-30 13:48:12,ETHUSDT,BINANCE,TRADE,1905.2,0.0028
2026-07-30 13:48:12,ETHUSDT,BINANCE,TRADE,1905.2,0.0027
2026-07-30 13:48:12,ETHUSDT,BINANCE,TRADE,1905.2,0.0028
2026-07-30 13:48:12,ETHUSDT,BINANCE,TRADE,1905.2,0.0027
2026-07-30 13:48:12,ETHUSDT,BINANCE,TRADE,1905.21,0.0027
2026-07-30 13:48:12,ETHUSDT,BINANCE,TRADE,1905.21,0.0027
2026-07-30 13:48:12,ETHUSDT,BINANCE,TRADE,1905.21,0.0027
2026-07-30 13:48:12,ETHUSDT,BINANCE,TRADE,1905.21,0.0027
2026-07-30 13:48:12,ETHUSDT,BINANCE,TRADE,1905.21,0.0027
2026-07-30 13:48:12,ETHUSDT,BINANCE,TRADE,1905.21,0.0027
2026-07-30 13:48:12,ETHUSDT,BINANCE,TRADE,1905.21,0.1321
2026-07-30 13:48:12,ETHUSDT,BINANCE,TRADE,1905.21,0.0028
2026-07-30 13:48:12,ETHUSDT,BINANCE,TRADE,1905.21,0.0027
2026-07-30 13:48:12,ETHUSDT,BINANCE,TRADE,1905.21,0.0027
2026-07-30 13:48:12,ETHUSDT,BINANCE,TRADE,1905.21,0.0027
2026-07-30 13:48:12,ETHUSDT,BINANCE,TRADE,1905.21,0.0027
2026-07-30 13:48:12,ETHUSDT,BINANCE,TRADE,1905.21,0.0027
2026-07-30 13:48:12,ETHUSDT,BINANCE,TRADE,1905.21,0.0027
2026-07-30 13:48:12,ETHUSDT,BINANCE,TRADE,1905.21,0.0027
2026-07-30 13:48:12,ETHUSDT,BINANCE,TRADE,1905.21,0.0027
2026-07-30 13:48:12,ETHUSDT,BINANCE,TRADE,1905.21,0.0027
2026-07-30 13:48:12,ETHUSDT,BINANCE,TRADE,1905.22,0.0027
2026-07-30 13:48:12,ETHUSDT,BINANCE,TRADE,1905.22,0.0028
2026-07-30 13:48:12,ETHUSDT,BINANCE,TRADE,1905.22,0.0027
2026-07-30 13:48:12,ETHUSDT,BINANCE,TRADE,1905.22,0.0027
2026-07-30 13:48:12,ETHUSDT,BINANCE,TRADE,1905.22,0.0027
2026-07-30 13:48:12,ETHUSDT,BINANCE,TRADE,1905.22,0.0027
2026-07-30 13:48:12,ETHUSDT,BINANCE,TRADE,1905.23,0.0028
2026-07-30 13:48:12,ETHUSDT,BINANCE,TRADE,1905.25,0.0027
2026-07-30 13:48:12,ETHUSDT,BINANCE,TRADE,1905.25,0.0027
2026-07-30 13:48:12,ETHUSDT,BINANCE,TRADE,1905.25,0.0027
2026-07-30 13:48:12,ETHUSDT,BINANCE,TRADE,1905.27,0.0078
2026-07-30 13:48:12,ETHUSDT,BINANCE,TRADE,1905.27,0.0027
2026-07-30 13:48:12,BTCUSDT,BINANCE,TRADE,64030,0.00145
2026-07-30 13:48:12,BTCUSDT,BINANCE,TRADE,64030,0.0001
2026-07-30 13:48:12,BTCUSDT,BINANCE,TRADE,64030,0.00016
2026-07-30 13:48:12,BTCUSDT,BINANCE,TRADE,64030,0.00521
2026-07-30 13:48:12,BTCUSDT,BINANCE,TRADE,64030,0.00023
2026-07-30 13:48:12,BTCUSDT,BINANCE,TRADE,64030,8e-05
2026-07-30 13:48:12,BTCUSDT,BINANCE,TRADE,64030,0.00011
2026-07-30 13:48:12,ETHUSDT,BINANCE,TRADE,1905.28,0.0417
2026-07-30 13:48:12,BTCUSDT,BINANCE,TRADE,64030,0.00016
2026-07-30 13:48:12,BTCUSDT,BINANCE,TRADE,64030,0.01563
2026-07-30 13:48:12,BTCUSDT,BINANCE,TRADE,64030,0.00065
2026-07-30 13:48:13,BTCUSDT,BINANCE,TRADE,64030,0.00166
2026-07-30 13:48:13,ETHUSDT,BINANCE,TRADE,1905.27,0.0216
2026-07-30 13:48:13,BTCUSDT,BINANCE,TRADE,64030,0.0013
2026-07-30 13:48:13,BTCUSDT,BINANCE,TRADE,64030,0.01874
2026-07-30 13:48:13,BTCUSDT,BINANCE,TRADE,64030,0.01327
2026-07-30 13:48:13,ETHUSDT,BINANCE,TRADE,1905.28,0.8
2026-07-30 13:48:13,ETHUSDT,BINANCE,TRADE,1905.28,0.4
2026-07-30 13:48:13,ETHUSDT,BINANCE,TRADE,1905.27,0.1709
2026-07-30 13:48:13,ETHUSDT,BINANCE,TRADE,1905.28,0.0027
2026-07-30 13:48:13,ETHUSDT,BINANCE,TRADE,1905.28,0.0027
2026-07-30 13:48:13,ETHUSDT,BINANCE,TRADE,1905.28,0.0027
2026-07-30 13:48:13,ETHUSDT,BINANCE,TRADE,1905.28,0.0027
2026-07-30 13:48:13,ETHUSDT,BINANCE,TRADE,1905.28,0.0027
2026-07-30 13:48:13,ETHUSDT,BINANCE,TRADE,1905.28,0.0028
2026-07-30 13:48:13,ETHUSDT,BINANCE,TRADE,1905.28,0.0027
2026-07-30 13:48:13,ETHUSDT,BINANCE,TRADE,1905.28,0.0027
2026-07-30 13:48:13,ETHUSDT,BINANCE,TRADE,1905.28,0.0028
2026-07-30 13:48:13,ETHUSDT,BINANCE,TRADE,1905.28,0.0027
2026-07-30 13:48:13,ETHUSDT,BINANCE,TRADE,1905.28,0.0027
2026-07-30 13:48:13,ETHUSDT,BINANCE,TRADE,1905.28,0.0031
2026-07-30 13:48:13,ETHUSDT,BINANCE,TRADE,1905.28,0.0031
2026-07-30 13:48:13,ETHUSDT,BINANCE,TRADE,1905.28,0.0027
2026-07-30 13:48:13,ETHUSDT,BINANCE,TRADE,1905.28,0.0027
2026-07-30 13:48:13,ETHUSDT,BINANCE,TRADE,1905.28,0.0027
2026-07-30 13:48:13,ETHUSDT,BINANCE,TRADE,1905.28,0.0027
2026-07-30 13:48:13,ETHUSDT,BINANCE,TRADE,1905.28,0.0027
2026-07-30 13:48:13,ETHUSDT,BINANCE,TRADE,1905.28,0.0027
2026-07-30 13:48:13,ETHUSDT,BINANCE,TRADE,1905.28,0.0027
2026-07-30 13:48:13,ETHUSDT,BINANCE,TRADE,1905.28,0.0027
2026-07-30 13:48:13,ETHUSDT,BINANCE,TRADE,1905.28,0.0027
2026-07-30 13:48:13,ETHUSDT,BINANCE,TRADE,1905.28,0.0027
2026-07-30 13:48:13,ETHUSDT,BINANCE,TRADE,1905.28,0.0027
2026-07-30 13:48:13,ETHUSDT,BINANCE,TRADE,1905.28,0.0027
2026-07-30 13:48:13,ETHUSDT,BINANCE,TRADE,1905.28,0.0027
2026-07-30 13:48:13,ETHUSDT,BINANCE,TRADE,1905.28,0.0027
2026-07-30 13:48:13,ETHUSDT,BINANCE,TRADE,1905.28,0.0027
2026-07-30 13:48:13,ETHUSDT,BINANCE,TRADE,1905.28,0.0027
2026-07-30 13:48:13,ETHUSDT,BINANCE,TRADE,1905.28,0.0027
2026-07-30 13:48:13,ETHUSDT,BINANCE,TRADE,1905.29,0.0027
2026-07-30 13:48:13,ETHUSDT,BINANCE,TRADE,1905.29,0.0028
2026-07-30 13:48:13,ETHUSDT,BINANCE,TRADE,1905.29,0.0027
2026-07-30 13:48:13,ETHUSDT,BINANCE,TRADE,1905.29,0.0027
2026-07-30 13:48:13,ETHUSDT,BINANCE,TRADE,1905.29,0.0027
2026-07-30 13:48:13,ETHUSDT,BINANCE,TRADE,1905.3,0.0027
2026-07-30 13:48:13,ETHUSDT,BINANCE,TRADE,1905.3,0.0027
2026-07-30 13:48:13,ETHUSDT,BINANCE,TRADE,1905.3,0.0028
2026-07-30 13:48:13,ETHUSDT,BINANCE,TRADE,1905.3,0.0027
2026-07-30 13:48:13,ETHUSDT,BINANCE,TRADE,1905.31,0.0028
2026-07-30 13:48:13,ETHUSDT,BINANCE,TRADE,1905.32,0.0027
2026-07-30 13:48:13,ETHUSDT,BINANCE,TRADE,1905.32,0.0028
2026-07-30 13:48:13,ETHUSDT,BINANCE,TRADE,1905.32,0.0027
2026-07-30 13:48:13,ETHUSDT,BINANCE,TRADE,1905.33,0.0028
2026-07-30 13:48:13,ETHUSDT,BINANCE,TRADE,1905.36,0.003
2026-07-30 13:48:13,ETHUSDT,BINANCE,TRADE,1905.36,0.0028
2026-07-30 13:48:13,ETHUSDT,BINANCE,TRADE,1905.36,0.0028
2026-07-30 13:48:13,ETHUSDT,BINANCE,TRADE,1905.36,0.0027
2026-07-30 13:48:13,ETHUSDT,BINANCE,TRADE,1905.36,0.0028
2026-07-30 13:48:13,ETHUSDT,BINANCE,TRADE,1905.36,0.0028
2026-07-30 13:48:13,ETHUSDT,BINANCE,TRADE,1905.36,0.0027
2026-07-30 13:48:13,BTCUSDT,BINANCE,TRADE,64030,0.00432
2026-07-30 13:48:13,BTCUSDT,BINANCE,TRADE,64030,0.00084
2026-07-30 13:48:13,ETHUSDT,BINANCE,TRADE,1905.36,0.0523
2026-07-30 13:48:13,BTCUSDT,BINANCE,TRADE,64030,0.00019
2026-07-30 13:48:13,BTCUSDT,BINANCE,TRADE,64030,0.0013
2026-07-30 13:48:13,BTCUSDT,BINANCE,TRADE,64030,0.00029
2026-07-30 13:48:13,BTCUSDT,BINANCE,TRADE,64030,8e-05
2026-07-30 13:48:13,BTCUSDT,BINANCE,TRADE,64030,9e-05
2026-07-30 13:48:13,BTCUSDT,BINANCE,TRADE,64030,0.002
2026-07-30 13:48:13,SOLUSDT,BINANCE,TRADE,73.43,0.533
2026-07-30 13:48:13,BTCUSDT,BINANCE,TRADE,64030,9e-05
2026-07-30 13:48:13,ETHUSDT,BINANCE,TRADE,1905.37,0.0027
2026-07-30 13:48:13,ETHUSDT,BINANCE,TRADE,1905.37,0.0003
2026-07-30 13:48:13,BTCUSDT,BINANCE,TRADE,64030,0.00029
2026-07-30 13:48:13,BTCUSDT,BINANCE,TRADE,64030,0.00033
2026-07-30 13:48:13,BTCUSDT,BINANCE,TRADE,64030,0.00029
2026-07-30 13:48:13,BTCUSDT,BINANCE,TRADE,64030,0.00014
2026-07-30 13:48:13,ETHUSDT,BINANCE,TRADE,1905.37,0.0428
2026-07-30 13:48:13,BTCUSDT,BINANCE,TRADE,64030,0.00015
2026-07-30 13:48:13,BTCUSDT,BINANCE,TRADE,64030,0.00026
2026-07-30 13:48:13,ETHUSDT,BINANCE,TRADE,1905.37,0.005
2026-07-30 13:48:13,BTCUSDT,BINANCE,TRADE,64030,0.0013
2026-07-30 13:48:13,BTCUSDT,BINANCE,TRADE,64030,0.00019
2026-07-30 13:48:13,ETHUSDT,BINANCE,TRADE,1905.37,0.0271
2026-07-30 13:48:13,ETHUSDT,BINANCE,TRADE,1905.36,0.0338
2026-07-30 13:48:13,BTCUSDT,BINANCE,TRADE,64030,0.00037
2026-07-30 13:48:13,BTCUSDT,BINANCE,TRADE,64030,0.002
2026-07-30 13:48:13,BTCUSDT,BINANCE,TRADE,64030,0.00149
2026-07-30 13:48:13,BTCUSDT,BINANCE,TRADE,64030,0.00159
2026-07-30 13:48:13,BTCUSDT,BINANCE,TRADE,64030,0.0013
2026-07-30 13:48:13,BTCUSDT,BINANCE,TRADE,64030,0.002
2026-07-30 13:48:13,BTCUSDT,BINANCE,TRADE,64030,0.00351
2026-07-30 13:48:13,BTCUSDT,BINANCE,TRADE,64030,0.00018
2026-07-30 13:48:14,SOLUSDT,BINANCE,TRADE,73.43,8.318
2026-07-30 13:48:14,BTCUSDT,BINANCE,TRADE,64030,0.00029
2026-07-30 13:48:14,BTCUSDT,BINANCE,TRADE,64030,0.00017
2026-07-30 13:48:14,ETHUSDT,BINANCE,TRADE,1905.36,0.2563
2026-07-30 13:48:14,ETHUSDT,BINANCE,TRADE,1905.36,0.0417
2026-07-30 13:48:14,BTCUSDT,BINANCE,TRADE,64030,0.00018
2026-07-30 13:48:14,SOLUSDT,BINANCE,TRADE,73.43,0.227
2026-07-30 13:48:14,ETHUSDT,BINANCE,TRADE,1905.37,0.0216
2026-07-30 13:48:14,BTCUSDT,BINANCE,TRADE,64030,0.00029
2026-07-30 13:48:14,BTCUSDT,BINANCE,TRADE,64030,0.00038
2026-07-30 13:48:14,BTCUSDT,BINANCE,TRADE,64030,0.00029
2026-07-30 13:48:14,ETHUSDT,BINANCE,TRADE,1905.36,0.0349
2026-07-30 13:48:14,BTCUSDT,BINANCE,TRADE,64030,0.00023
2026-07-30 13:48:14,BTCUSDT,BINANCE,TRADE,64030,0.00122
2026-07-30 13:48:14,BTCUSDT,BINANCE,TRADE,64030,0.0017
2026-07-30 13:48:14,BTCUSDT,BINANCE,TRADE,64030,0.0013
2026-07-30 13:48:14,BTCUSDT,BINANCE,TRADE,64030,0.01338
2026-07-30 13:48:14,BTCUSDT,BINANCE,TRADE,64030,0.00016
2026-07-30 13:48:14,BTCUSDT,BINANCE,TRADE,64030,0.01563
2026-07-30 13:48:14,BTCUSDT,BINANCE,TRADE,64030,0.00615
2026-07-30 13:48:14,BTCUSDT,BINANCE,TRADE,64030,9e-05
2026-07-30 13:48:14,BTCUSDT,BINANCE,TRADE,64030,0.00815
2026-07-30 13:48:14,BTCUSDT,BINANCE,TRADE,64030,8e-05
2026-07-30 13:48:14,BTCUSDT,BINANCE,TRADE,64030,9e-05
2026-07-30 13:48:14,BTCUSDT,BINANCE,TRADE,64030,8e-05
2026-07-30 13:48:14,BTCUSDT,BINANCE,TRADE,64030,0.00487
2026-07-30 13:48:14,BTCUSDT,BINANCE,TRADE,64030,0.00013
2026-07-30 13:48:14,BTCUSDT,BINANCE,TRADE,64030,0.00117
2026-07-30 13:48:14,BTCUSDT,BINANCE,TRADE,64030,0.00383
2026-07-30 13:48:14,BTCUSDT,BINANCE,TRADE,64030,0.00117
2026-07-30 13:48:14,BTCUSDT,BINANCE,TRADE,64030,0.00084
2026-07-30 13:48:14,BTCUSDT,BINANCE,TRADE,64030,9e-05
2026-07-30 13:48:14,BTCUSDT,BINANCE,TRADE,64030,0.00019
2026-07-30 13:48:14,BTCUSDT,BINANCE,TRADE,64030,0.00515
2026-07-30 13:48:14,ETHUSDT,BINANCE,TRADE,1905.36,0.2383
2026-07-30 13:48:14,ETHUSDT,BINANCE,TRADE,1905.36,0.0089
2026-07-30 13:48:14,BTCUSDT,BINANCE,TRADE,64030,0.00038
2026-07-30 13:48:14,BTCUSDT,BINANCE,TRADE,64030,0.00062
2026-07-30 13:48:14,BTCUSDT,BINANCE,TRADE,64030,0.00017
2026-07-30 13:48:14,BTCUSDT,BINANCE,TRADE,64030,0.00235
2026-07-30 13:48:14,BTCUSDT,BINANCE,TRADE,64030,0.00274
2026-07-30 13:48:14,BTCUSDT,BINANCE,TRADE,64030,0.00018
2026-07-30 13:48:14,BTCUSDT,BINANCE,TRADE,64030,0.00017
2026-07-30 13:48:14,BTCUSDT,BINANCE,TRADE,64030,0.00129
2026-07-30 13:48:15,BTCUSDT,BINANCE,TRADE,64030,0.01685
2026-07-30 13:48:15,BTCUSDT,BINANCE,TRADE,64030,0.00032
2026-07-30 13:48:15,SOLUSDT,BINANCE,TRADE,73.43,0.392
2026-07-30 13:48:15,BTCUSDT,BINANCE,TRADE,64030,0.0013
2026-07-30 13:48:15,ETHUSDT,BINANCE,TRADE,1905.37,0.012
2026-07-30 13:48:15,BTCUSDT,BINANCE,TRADE,64030,0.00024
2026-07-30 13:48:15,BTCUSDT,BINANCE,TRADE,64030,0.00166
2026-07-30 13:48:15,ETHUSDT,BINANCE,TRADE,1905.37,0.0084
2026-07-30 13:48:15,BTCUSDT,BINANCE,TRADE,64030,0.00224
2026-07-30 13:48:15,ETHUSDT,BINANCE,TRADE,1905.37,0.2039
2026-07-30 13:48:15,BTCUSDT,BINANCE,TRADE,64030,0.00033
2026-07-30 13:48:15,BTCUSDT,BINANCE,TRADE,64030,0.00023
2026-07-30 13:48:15,BTCUSDT,BINANCE,TRADE,64030,0.00065
2026-07-30 13:48:15,BTCUSDT,BINANCE,TRADE,64030,9e-05
2026-07-30 13:48:15,BTCUSDT,BINANCE,TRADE,64030,0.00019
2026-07-30 13:48:15,ETHUSDT,BINANCE,TRADE,1905.36,0.0222
2026-07-30 13:48:15,BTCUSDT,BINANCE,TRADE,64030,0.00135
2026-07-30 13:48:15,BTCUSDT,BINANCE,TRADE,64030,0.0001
2026-07-30 13:48:15,BTCUSDT,BINANCE,TRADE,64030,0.00355
2026-07-30 13:48:15,BTCUSDT,BINANCE,TRADE,64030,0.0001
2026-07-30 13:48:15,BTCUSDT,BINANCE,TRADE,64030,0.005
2026-07-30 13:48:15,BTCUSDT,BINANCE,TRADE,64030,0.00139
2026-07-30 13:48:15,BTCUSDT,BINANCE,TRADE,64030,0.0013
2026-07-30 13:48:15,ETHUSDT,BINANCE,TRADE,1905.36,0.0216
2026-07-30 13:48:15,ETHUSDT,BINANCE,TRADE,1905.36,0.0184
2026-07-30 13:48:15,BTCUSDT,BINANCE,TRADE,64030,5e-05
2026-07-30 13:48:15,BTCUSDT,BINANCE,TRADE,64030,0.00023
2026-07-30 13:48:15,BTCUSDT,BINANCE,TRADE,64030,0.01
2026-07-30 13:48:15,BTCUSDT,BINANCE,TRADE,64030,0.00013
2026-07-30 13:48:15,BTCUSDT,BINANCE,TRADE,64030,0.005
2026-07-30 13:48:15,BTCUSDT,BINANCE,TRADE,64030,0.01563
2026-07-30 13:48:15,BTCUSDT,BINANCE,TRADE,64030,0.00145
2026-07-30 13:48:15,ETHUSDT,BINANCE,TRADE,1905.37,0.0523
2026-07-30 13:48:15,BTCUSDT,BINANCE,TRADE,64030,0.00029
2026-07-30 13:48:15,BTCUSDT,BINANCE,TRADE,64030,0.00019
2026-07-30 13:48:15,BTCUSDT,BINANCE,TRADE,64030,0.00026
2026-07-30 13:48:15,BTCUSDT,BINANCE,TRADE,64030,0.00037
2026-07-30 13:48:15,ETHUSDT,BINANCE,TRADE,1905.36,0.0613
2026-07-30 13:48:15,BTCUSDT,BINANCE,TRADE,64030,0.00059
2026-07-30 13:48:15,BTCUSDT,BINANCE,TRADE,64030,0.00156
2026-07-30 13:48:15,BTCUSDT,BINANCE,TRADE,64030,0.00057
2026-07-30 13:48:15,BTCUSDT,BINANCE,TRADE,64030,0.00521
2026-07-30 13:48:15,BTCUSDT,BINANCE,TRADE,64030,0.01874
2026-07-30 13:48:15,BTCUSDT,BINANCE,TRADE,64030,0.0013
2026-07-30 13:48:15,ETHUSDT,BINANCE,TRADE,1905.36,0.2299
2026-07-30 13:48:15,BTCUSDT,BINANCE,TRADE,64030,0.00029
2026-07-30 13:48:15,BTCUSDT,BINANCE,TRADE,64030,0.00014
2026-07-30 13:48:16,BTCUSDT,BINANCE,TRADE,64030,0.00038
2026-07-30 13:48:16,BTCUSDT,BINANCE,TRADE,64030,0.0013
2026-07-30 13:48:16,BTCUSDT,BINANCE,TRADE,64030,0.00016
2026-07-30 13:48:16,ETHUSDT,BINANCE,TRADE,1905.36,0.0115
2026-07-30 13:48:16,BTCUSDT,BINANCE,TRADE,64030,0.00202
2026-07-30 13:48:16,ETHUSDT,BINANCE,TRADE,1905.37,0.0264
2026-07-30 13:48:16,BTCUSDT,BINANCE,TRADE,64030,0.00019
2026-07-30 13:48:16,BTCUSDT,BINANCE,TRADE,64030,0.01327
2026-07-30 13:48:16,BTCUSDT,BINANCE,TRADE,64030,0.00158
2026-07-30 13:48:16,BTCUSDT,BINANCE,TRADE,64030,0.00183
2026-07-30 13:48:16,BTCUSDT,BINANCE,TRADE,64030,0.00084
2026-07-30 13:48:16,BTCUSDT,BINANCE,TRADE,64030,9e-05
2026-07-30 13:48:16,BTCUSDT,BINANCE,TRADE,64030,0.00029
2026-07-30 13:48:16,BTCUSDT,BINANCE,TRADE,64030,0.00017
2026-07-30 13:48:16,BTCUSDT,BINANCE,TRADE,64030,0.00017
2026-07-30 13:48:16,BTCUSDT,BINANCE,TRADE,64030,0.00103
2026-07-30 13:48:16,SOLUSDT,BINANCE,TRADE,73.43,0.277
2026-07-30 13:48:16,SOLUSDT,BINANCE,TRADE,73.43,0.072
2026-07-30 13:48:16,SOLUSDT,BINANCE,TRADE,73.43,0.072
2026-07-30 13:48:16,SOLUSDT,BINANCE,TRADE,73.43,0.072
2026-07-30 13:48:16,SOLUSDT,BINANCE,TRADE,73.43,0.072
2026-07-30 13:48:16,SOLUSDT,BINANCE,TRADE,73.43,0.137
2026-07-30 13:48:16,SOLUSDT,BINANCE,TRADE,73.43,0.249
2026-07-30 13:48:16,SOLUSDT,BINANCE,TRADE,73.43,4.575
2026-07-30 13:48:16,SOLUSDT,BINANCE,TRADE,73.43,0.072
2026-07-30 13:48:16,SOLUSDT,BINANCE,TRADE,73.43,0.072
2026-07-30 13:48:16,SOLUSDT,BINANCE,TRADE,73.43,34.827
2026-07-30 13:48:16,SOLUSDT,BINANCE,TRADE,73.43,0.07
2026-07-30 13:48:16,SOLUSDT,BINANCE,TRADE,73.43,0.072
2026-07-30 13:48:16,SOLUSDT,BINANCE,TRADE,73.43,0.072
2026-07-30 13:48:16,BTCUSDT,BINANCE,TRADE,64030,0.00033
2026-07-30 13:48:16,SOLUSDT,BINANCE,TRADE,73.44,1.541
2026-07-30 13:48:16,BTCUSDT,BINANCE,TRADE,64030,0.00432
2026-07-30 13:48:16,BTCUSDT,BINANCE,TRADE,64030,0.0013
2026-07-30 13:48:16,BTCUSDT,BINANCE,TRADE,64030,0.00157
2026-07-30 13:48:16,BTCUSDT,BINANCE,TRADE,64030,0.00043
2026-07-30 13:48:16,BTCUSDT,BINANCE,TRADE,64030,0.00159
2026-07-30 13:48:16,BTCUSDT,BINANCE,TRADE,64030,0.002
2026-07-30 13:48:16,BTCUSDT,BINANCE,TRADE,64030,0.004
2026-07-30 13:48:16,BTCUSDT,BINANCE,TRADE,64030,0.00029
2026-07-30 13:48:16,ETHUSDT,BINANCE,TRADE,1905.37,0.0216
2026-07-30 13:48:16,BTCUSDT,BINANCE,TRADE,64030,0.00114
2026-07-30 13:48:16,BTCUSDT,BINANCE,TRADE,64030,8e-05
2026-07-30 13:48:16,BTCUSDT,BINANCE,TRADE,64030,0.00016
2026-07-30 13:48:16,BTCUSDT,BINANCE,TRADE,64030,8e-05
2026-07-30 13:48:16,BTCUSDT,BINANCE,TRADE,64030,0.0005
2026-07-30 13:48:16,BTCUSDT,BINANCE,TRADE,64030,0.00023
2026-07-30 13:48:16,BTCUSDT,BINANCE,TRADE,64030,0.00017
2026-07-30 13:48:16,BTCUSDT,BINANCE,TRADE,64030,0.00038
2026-07-30 13:48:16,BTCUSDT,BINANCE,TRADE,64030,0.0013
2026-07-30 13:48:16,BTCUSDT,BINANCE,TRADE,64030,0.00029
2026-07-30 13:48:16,BTCUSDT,BINANCE,TRADE,64030,8e-05
2026-07-30 13:48:16,BTCUSDT,BINANCE,TRADE,64030,0.00112
2026-07-30 13:48:16,BTCUSDT,BINANCE,TRADE,64030,0.00026
2026-07-30 13:48:16,BTCUSDT,BINANCE,TRADE,64030,0.00668
2026-07-30 13:48:16,BTCUSDT,BINANCE,TRADE,64030,0.00157
2026-07-30 13:48:16,BTCUSDT,BINANCE,TRADE,64030,0.00155
2026-07-30 13:48:16,BTCUSDT,BINANCE,TRADE,64030,0.00155
2026-07-30 13:48:16,BTCUSDT,BINANCE,TRADE,64030,8e-05
2026-07-30 13:48:16,BTCUSDT,BINANCE,TRADE,64030,0.00125
2026-07-30 13:48:16,ETHUSDT,BINANCE,TRADE,1905.37,0.0338
2026-07-30 13:48:17,BTCUSDT,BINANCE,TRADE,64030,0.00129
2026-07-30 13:48:17,BTCUSDT,BINANCE,TRADE,64030,0.002
2026-07-30 13:48:17,BTCUSDT,BINANCE,TRADE,64030,0.00019
2026-07-30 13:48:17,ETHUSDT,BINANCE,TRADE,1905.36,0.1091
2026-07-30 13:48:17,BTCUSDT,BINANCE,TRADE,64030,0.00515
2026-07-30 13:48:17,BTCUSDT,BINANCE,TRADE,64030,0.00022
2026-07-30 13:48:17,BTCUSDT,BINANCE,TRADE,64030,0.01563
2026-07-30 13:48:17,BTCUSDT,BINANCE,TRADE,64030,0.0013
2026-07-30 13:48:17,BTCUSDT,BINANCE,TRADE,64030,0.00017
2026-07-30 13:48:17,BTCUSDT,BINANCE,TRADE,64030,0.002
2026-07-30 13:48:17,ETHUSDT,BINANCE,TRADE,1905.36,0.003
2026-07-30 13:48:17,BTCUSDT,BINANCE,TRADE,64030,0.00017
2026-07-30 13:48:17,ETHUSDT,BINANCE,TRADE,1905.36,0.0027
2026-07-30 13:48:17,ETHUSDT,BINANCE,TRADE,1905.36,0.0027
2026-07-30 13:48:17,ETHUSDT,BINANCE,TRADE,1905.36,0.0027
2026-07-30 13:48:17,ETHUSDT,BINANCE,TRADE,1905.36,0.0028
2026-07-30 13:48:17,ETHUSDT,BINANCE,TRADE,1905.36,0.0053
2026-07-30 13:48:17,ETHUSDT,BINANCE,TRADE,1905.36,0.0027
2026-07-30 13:48:17,ETHUSDT,BINANCE,TRADE,1905.36,0.0028
2026-07-30 13:48:17,ETHUSDT,BINANCE,TRADE,1905.36,0.0028
2026-07-30 13:48:17,ETHUSDT,BINANCE,TRADE,1905.36,0.0028
2026-07-30 13:48:17,ETHUSDT,BINANCE,TRADE,1905.36,0.0027
2026-07-30 13:48:17,ETHUSDT,BINANCE,TRADE,1905.36,0.0027
2026-07-30 13:48:17,ETHUSDT,BINANCE,TRADE,1905.36,0.0031
2026-07-30 13:48:17,ETHUSDT,BINANCE,TRADE,1905.36,0.0027
2026-07-30 13:48:17,ETHUSDT,BINANCE,TRADE,1905.36,0.0027
2026-07-30 13:48:17,ETHUSDT,BINANCE,TRADE,1905.36,0.0027
2026-07-30 13:48:17,ETHUSDT,BINANCE,TRADE,1905.36,0.0027
2026-07-30 13:48:17,ETHUSDT,BINANCE,TRADE,1905.36,0.0031
2026-07-30 13:48:17,ETHUSDT,BINANCE,TRADE,1905.36,0.0031
2026-07-30 13:48:17,ETHUSDT,BINANCE,TRADE,1905.36,0.0027
2026-07-30 13:48:17,ETHUSDT,BINANCE,TRADE,1905.36,0.0027
2026-07-30 13:48:17,ETHUSDT,BINANCE,TRADE,1905.36,0.0027
2026-07-30 13:48:17,ETHUSDT,BINANCE,TRADE,1905.36,0.0028
2026-07-30 13:48:17,ETHUSDT,BINANCE,TRADE,1905.36,0.0027
2026-07-30 13:48:17,ETHUSDT,BINANCE,TRADE,1905.36,0.0027
2026-07-30 13:48:17,ETHUSDT,BINANCE,TRADE,1905.36,0.0027
2026-07-30 13:48:17,ETHUSDT,BINANCE,TRADE,1905.36,0.0027
2026-07-30 13:48:17,ETHUSDT,BINANCE,TRADE,1905.36,0.0027
2026-07-30 13:48:17,ETHUSDT,BINANCE,TRADE,1905.36,0.0027
2026-07-30 13:48:17,ETHUSDT,BINANCE,TRADE,1905.36,0.0027
2026-07-30 13:48:17,ETHUSDT,BINANCE,TRADE,1905.35,0.0053
2026-07-30 13:48:17,ETHUSDT,BINANCE,TRADE,1905.35,0.0027
2026-07-30 13:48:17,ETHUSDT,BINANCE,TRADE,1905.35,0.0028
2026-07-30 13:48:17,ETHUSDT,BINANCE,TRADE,1905.35,0.7558
2026-07-30 13:48:17,ETHUSDT,BINANCE,TRADE,1905.35,0.0027
2026-07-30 13:48:17,ETHUSDT,BINANCE,TRADE,1905.35,0.0027
2026-07-30 13:48:17,ETHUSDT,BINANCE,TRADE,1905.35,0.0027
2026-07-30 13:48:17,ETHUSDT,BINANCE,TRADE,1905.35,0.0027
2026-07-30 13:48:17,ETHUSDT,BINANCE,TRADE,1905.35,0.0027
2026-07-30 13:48:17,ETHUSDT,BINANCE,TRADE,1905.35,0.0027
2026-07-30 13:48:17,ETHUSDT,BINANCE,TRADE,1905.35,0.0027
2026-07-30 13:48:17,ETHUSDT,BINANCE,TRADE,1905.35,0.0027
2026-07-30 13:48:17,ETHUSDT,BINANCE,TRADE,1905.35,0.0027
2026-07-30 13:48:17,ETHUSDT,BINANCE,TRADE,1905.35,0.0027
2026-07-30 13:48:17,ETHUSDT,BINANCE,TRADE,1905.35,0.0027
2026-07-30 13:48:17,ETHUSDT,BINANCE,TRADE,1905.35,0.0027
2026-07-30 13:48:17,ETHUSDT,BINANCE,TRADE,1905.34,0.0053
2026-07-30 13:48:17,ETHUSDT,BINANCE,TRADE,1905.34,0.0027
2026-07-30 13:48:17,ETHUSDT,BINANCE,TRADE,1905.34,0.0027
2026-07-30 13:48:17,ETHUSDT,BINANCE,TRADE,1905.34,0.0028
2026-07-30 13:48:17,ETHUSDT,BINANCE,TRADE,1905.34,0.0027
2026-07-30 13:48:17,ETHUSDT,BINANCE,TRADE,1905.32,0.0028
2026-07-30 13:48:17,ETHUSDT,BINANCE,TRADE,1905.31,0.0028
2026-07-30 13:48:17,ETHUSDT,BINANCE,TRADE,1905.3,0.0027
2026-07-30 13:48:17,ETHUSDT,BINANCE,TRADE,1905.3,0.0028
2026-07-30 13:48:17,ETHUSDT,BINANCE,TRADE,1905.3,0.0027
2026-07-30 13:48:17,ETHUSDT,BINANCE,TRADE,1905.3,0.0027
2026-07-30 13:48:17,ETHUSDT,BINANCE,TRADE,1905.29,0.0028
2026-07-30 13:48:17,ETHUSDT,BINANCE,TRADE,1905.28,0.0028
2026-07-30 13:48:17,ETHUSDT,BINANCE,TRADE,1905.28,0.0272
2026-07-30 13:48:17,ETHUSDT,BINANCE,TRADE,1905.27,0.0027
2026-07-30 13:48:17,ETHUSDT,BINANCE,TRADE,1905.27,0.0027
2026-07-30 13:48:17,ETHUSDT,BINANCE,TRADE,1905.27,0.0028
2026-07-30 13:48:17,ETHUSDT,BINANCE,TRADE,1905.27,0.0027
2026-07-30 13:48:17,ETHUSDT,BINANCE,TRADE,1905.27,0.0027
2026-07-30 13:48:17,ETHUSDT,BINANCE,TRADE,1905.27,0.0027
2026-07-30 13:48:17,ETHUSDT,BINANCE,TRADE,1905.27,0.0027
2026-07-30 13:48:17,ETHUSDT,BINANCE,TRADE,1905.27,0.0027
2026-07-30 13:48:17,ETHUSDT,BINANCE,TRADE,1905.27,0.0027
2026-07-30 13:48:17,ETHUSDT,BINANCE,TRADE,1905.27,0.0027
2026-07-30 13:48:17,ETHUSDT,BINANCE,TRADE,1905.27,0.0027
2026-07-30 13:48:17,ETHUSDT,BINANCE,TRADE,1905.24,0.0028
2026-07-30 13:48:17,ETHUSDT,BINANCE,TRADE,1905.22,0.0028
2026-07-30 13:48:17,ETHUSDT,BINANCE,TRADE,1905.22,0.0028
2026-07-30 13:48:17,ETHUSDT,BINANCE,TRADE,1905.22,0.0028
2026-07-30 13:48:17,BTCUSDT,BINANCE,TRADE,64030,0.002
2026-07-30 13:48:17,BTCUSDT,BINANCE,TRADE,64030,0.00509
2026-07-30 13:48:17,BTCUSDT,BINANCE,TRADE,64030,0.00296
2026-07-30 13:48:17,BTCUSDT,BINANCE,TRADE,64030,0.00521
2026-07-30 13:48:17,BTCUSDT,BINANCE,TRADE,64030,0.00039
2026-07-30 13:48:17,BTCUSDT,BINANCE,TRADE,64030,0.00045
2026-07-30 13:48:17,BTCUSDT,BINANCE,TRADE,64030,0.00033
2026-07-30 13:48:17,BTCUSDT,BINANCE,TRADE,64030,0.0013
2026-07-30 13:48:17,BTCUSDT,BINANCE,TRADE,64030,0.00804
2026-07-30 13:48:17,BTCUSDT,BINANCE,TRADE,64030,0.00023
2026-07-30 13:48:17,ETHUSDT,BINANCE,TRADE,1905.21,0.0027
2026-07-30 13:48:17,ETHUSDT,BINANCE,TRADE,1905.21,0.0027
2026-07-30 13:48:17,ETHUSDT,BINANCE,TRADE,1905.21,0.0027
2026-07-30 13:48:17,ETHUSDT,BINANCE,TRADE,1905.21,0.0028
2026-07-30 13:48:17,ETHUSDT,BINANCE,TRADE,1905.21,0.0027
2026-07-30 13:48:17,ETHUSDT,BINANCE,TRADE,1905.21,0.0028
2026-07-30 13:48:17,ETHUSDT,BINANCE,TRADE,1905.21,0.0031
2026-07-30 13:48:17,ETHUSDT,BINANCE,TRADE,1905.21,0.0031
2026-07-30 13:48:17,ETHUSDT,BINANCE,TRADE,1905.21,0.0027
2026-07-30 13:48:17,ETHUSDT,BINANCE,TRADE,1905.21,0.0027
2026-07-30 13:48:17,ETHUSDT,BINANCE,TRADE,1905.21,0.0027
2026-07-30 13:48:17,ETHUSDT,BINANCE,TRADE,1905.21,0.0031
2026-07-30 13:48:17,ETHUSDT,BINANCE,TRADE,1905.21,0.0027
2026-07-30 13:48:17,ETHUSDT,BINANCE,TRADE,1905.21,0.0027
2026-07-30 13:48:17,ETHUSDT,BINANCE,TRADE,1905.21,0.0027
2026-07-30 13:48:17,ETHUSDT,BINANCE,TRADE,1905.21,0.0027
2026-07-30 13:48:17,ETHUSDT,BINANCE,TRADE,1905.2,0.0027
2026-07-30 13:48:17,ETHUSDT,BINANCE,TRADE,1905.2,0.0027
2026-07-30 13:48:17,ETHUSDT,BINANCE,TRADE,1905.2,0.0027
2026-07-30 13:48:17,ETHUSDT,BINANCE,TRADE,1905.2,0.0027
2026-07-30 13:48:17,ETHUSDT,BINANCE,TRADE,1905.2,0.0028
2026-07-30 13:48:17,ETHUSDT,BINANCE,TRADE,1905.2,0.0027
2026-07-30 13:48:17,ETHUSDT,BINANCE,TRADE,1905.2,0.0027
2026-07-30 13:48:17,ETHUSDT,BINANCE,TRADE,1905.2,0.0027
2026-07-30 13:48:17,ETHUSDT,BINANCE,TRADE,1905.2,0.0027
2026-07-30 13:48:17,ETHUSDT,BINANCE,TRADE,1905.2,0.0027
2026-07-30 13:48:17,ETHUSDT,BINANCE,TRADE,1905.2,0.0027
2026-07-30 13:48:17,ETHUSDT,BINANCE,TRADE,1905.2,0.0027
2026-07-30 13:48:17,ETHUSDT,BINANCE,TRADE,1905.19,0.0027
2026-07-30 13:48:17,ETHUSDT,BINANCE,TRADE,1905.19,0.0028
2026-07-30 13:48:17,ETHUSDT,BINANCE,TRADE,1905.18,0.0027
2026-07-30 13:48:17,ETHUSDT,BINANCE,TRADE,1905.18,0.0028
2026-07-30 13:48:17,ETHUSDT,BINANCE,TRADE,1905.18,0.0027
2026-07-30 13:48:17,ETHUSDT,BINANCE,TRADE,1905.17,0.0028
2026-07-30 13:48:17,ETHUSDT,BINANCE,TRADE,1905.17,0.0028
2026-07-30 13:48:17,ETHUSDT,BINANCE,TRADE,1905.17,0.0028
2026-07-30 13:48:17,ETHUSDT,BINANCE,TRADE,1905.17,0.0028
2026-07-30 13:48:17,BTCUSDT,BINANCE,TRADE,64030,0.00065
2026-07-30 13:48:17,BTCUSDT,BINANCE,TRADE,64030,0.00164
2026-07-30 13:48:17,BTCUSDT,BINANCE,TRADE,64030,0.00027
2026-07-30 13:48:17,BTCUSDT,BINANCE,TRADE,64030,0.01327
2026-07-30 13:48:17,BTCUSDT,BINANCE,TRADE,64030,0.00351
2026-07-30 13:48:17,BTCUSDT,BINANCE,TRADE,64030,0.00084
2026-07-30 13:48:17,ETHUSDT,BINANCE,TRADE,1905.16,0.005
2026-07-30 13:48:17,ETHUSDT,BINANCE,TRADE,1905.17,0.0222
2026-07-30 13:48:17,BTCUSDT,BINANCE,TRADE,64030,0.00019
2026-07-30 13:48:17,BTCUSDT,BINANCE,TRADE,64030,0.00016
2026-07-30 13:48:17,BTCUSDT,BINANCE,TRADE,64030,0.00224
2026-07-30 13:48:17,ETHUSDT,BINANCE,TRADE,1905.16,0.027
2026-07-30 13:48:17,BTCUSDT,BINANCE,TRADE,64030,0.00026
2026-07-30 13:48:17,BTCUSDT,BINANCE,TRADE,64030,0.00139
2026-07-30 13:48:17,ETHUSDT,BINANCE,TRADE,1905.17,0.0278
2026-07-30 13:48:17,BTCUSDT,BINANCE,TRADE,64030,0.00167
2026-07-30 13:48:17,BTCUSDT,BINANCE,TRADE,64030,0.00029
2026-07-30 13:48:17,ETHUSDT,BINANCE,TRADE,1905.16,0.0216
2026-07-30 13:48:17,BTCUSDT,BINANCE,TRADE,64030,0.0013
2026-07-30 13:48:17,ETHUSDT,BINANCE,TRADE,1905.17,0.2384
2026-07-30 13:48:17,BTCUSDT,BINANCE,TRADE,64030,0.00019
2026-07-30 13:48:17,BTCUSDT,BINANCE,TRADE,64030,0.00033
2026-07-30 13:48:17,ETHUSDT,BINANCE,TRADE,1905.16,0.0523
2026-07-30 13:48:17,BTCUSDT,BINANCE,TRADE,64030,0.01874
2026-07-30 13:48:18,BTCUSDT,BINANCE,TRADE,64030,0.00014
2026-07-30 13:48:18,BTCUSDT,BINANCE,TRADE,64030,0.00171
2026-07-30 13:48:18,BTCUSDT,BINANCE,TRADE,64030,0.00045
2026-07-30 13:48:18,BTCUSDT,BINANCE,TRADE,64030,0.00145
2026-07-30 13:48:18,BTCUSDT,BINANCE,TRADE,64030,0.0013
2026-07-30 13:48:18,BTCUSDT,BINANCE,TRADE,64030,0.00037
2026-07-30 13:48:18,BTCUSDT,BINANCE,TRADE,64030,0.00029
2026-07-30 13:48:18,BTCUSDT,BINANCE,TRADE,64030,0.01563
2026-07-30 13:48:18,BTCUSDT,BINANCE,TRADE,64030,0.01669
2026-07-30 13:48:18,BTCUSDT,BINANCE,TRADE,64030,0.00032
2026-07-30 13:48:18,BTCUSDT,BINANCE,TRADE,64030,0.00024
2026-07-30 13:48:18,BTCUSDT,BINANCE,TRADE,64030,0.02645
2026-07-30 13:48:18,ETHUSDT,BINANCE,TRADE,1905.16,0.0443
2026-07-30 13:48:18,ETHUSDT,BINANCE,TRADE,1905.16,0.0338
2026-07-30 13:48:18,BTCUSDT,BINANCE,TRADE,64030,9e-05
2026-07-30 13:48:18,ETHUSDT,BINANCE,TRADE,1905.17,0.0027
2026-07-30 13:48:18,BTCUSDT,BINANCE,TRADE,64030,0.00019
2026-07-30 13:48:18,BTCUSDT,BINANCE,TRADE,64030,0.00015
2026-07-30 13:48:18,ETHUSDT,BINANCE,TRADE,1905.17,0.0178
2026-07-30 13:48:18,BTCUSDT,BINANCE,TRADE,64030,0.00456
2026-07-30 13:48:18,BTCUSDT,BINANCE,TRADE,64030,0.00156
2026-07-30 13:48:18,BTCUSDT,BINANCE,TRADE,64030,0.0013
2026-07-30 13:48:18,BTCUSDT,BINANCE,TRADE,64030,0.01685
2026-07-30 13:48:18,BTCUSDT,BINANCE,TRADE,64030,0.00029
2026-07-30 13:48:18,BTCUSDT,BINANCE,TRADE,64030,0.00166
2026-07-30 13:48:18,BTCUSDT,BINANCE,TRADE,64030,0.00012
2026-07-30 13:48:18,BTCUSDT,BINANCE,TRADE,64030,9e-05
2026-07-30 13:48:18,BTCUSDT,BINANCE,TRADE,64030,8e-05
2026-07-30 13:48:18,BTCUSDT,BINANCE,TRADE,64030,0.00017
2026-07-30 13:48:18,BTCUSDT,BINANCE,TRADE,64030,0.00016
2026-07-30 13:48:18,BTCUSDT,BINANCE,TRADE,64030,0.0013
2026-07-30 13:48:18,BTCUSDT,BINANCE,TRADE,64030,0.00017
2026-07-30 13:48:18,ETHUSDT,BINANCE,TRADE,1905.16,0.0551
2026-07-30 13:48:18,SOLUSDT,BINANCE,TRADE,73.44,0.125
2026-07-30 13:48:18,BTCUSDT,BINANCE,TRADE,64030,0.00023
2026-07-30 13:48:18,BTCUSDT,BINANCE,TRADE,64030,0.00029
2026-07-30 13:48:19,BTCUSDT,BINANCE,TRADE,64030,0.00029
2026-07-30 13:48:19,BTCUSDT,BINANCE,TRADE,64030,0.00026
2026-07-30 13:48:19,BTCUSDT,BINANCE,TRADE,64030,0.00031
2026-07-30 13:48:19,ETHUSDT,BINANCE,TRADE,1905.17,0.2299
2026-07-30 13:48:19,ETHUSDT,BINANCE,TRADE,1905.17,0.0216
2026-07-30 13:48:19,BTCUSDT,BINANCE,TRADE,64030,9e-05
2026-07-30 13:48:19,ETHUSDT,BINANCE,TRADE,1905.17,0.0089
2026-07-30 13:48:19,BTCUSDT,BINANCE,TRADE,64030,0.002
2026-07-30 13:48:19,BTCUSDT,BINANCE,TRADE,64030,0.00029
2026-07-30 13:48:19,BTCUSDT,BINANCE,TRADE,64030,0.00196
2026-07-30 13:48:19,BTCUSDT,BINANCE,TRADE,64030,0.00017
2026-07-30 13:48:19,BTCUSDT,BINANCE,TRADE,64030,0.0013
2026-07-30 13:48:19,BTCUSDT,BINANCE,TRADE,64030,8e-05
2026-07-30 13:48:19,BTCUSDT,BINANCE,TRADE,64030,2e-05
2026-07-30 13:48:19,BTCUSDT,BINANCE,TRADE,64030,0.00014
2026-07-30 13:48:19,BTCUSDT,BINANCE,TRADE,64030,0.00186
2026-07-30 13:48:19,SOLUSDT,BINANCE,TRADE,73.44,3.383
2026-07-30 13:48:19,BTCUSDT,BINANCE,TRADE,64030,0.00126
2026-07-30 13:48:19,BTCUSDT,BINANCE,TRADE,64030,0.00023
2026-07-30 13:48:19,BTCUSDT,BINANCE,TRADE,64030,0.00445
2026-07-30 13:48:19,BTCUSDT,BINANCE,TRADE,64030,8e-05
2026-07-30 13:48:19,BTCUSDT,BINANCE,TRADE,64030,8e-05
2026-07-30 13:48:19,BTCUSDT,BINANCE,TRADE,64030,8e-05
2026-07-30 13:48:19,BTCUSDT,BINANCE,TRADE,64030,8e-05
2026-07-30 13:48:19,BTCUSDT,BINANCE,TRADE,64030,8e-05
2026-07-30 13:48:19,BTCUSDT,BINANCE,TRADE,64030,8e-05
2026-07-30 13:48:19,BTCUSDT,BINANCE,TRADE,64030,8e-05
2026-07-30 13:48:19,BTCUSDT,BINANCE,TRADE,64030,8e-05
2026-07-30 13:48:19,BTCUSDT,BINANCE,TRADE,64030,0.00126
2026-07-30 13:48:19,BTCUSDT,BINANCE,TRADE,64030,0.00126
2026-07-30 13:48:19,BTCUSDT,BINANCE,TRADE,64030,0.005
2026-07-30 13:48:19,BTCUSDT,BINANCE,TRADE,64030,8e-05
2026-07-30 13:48:19,BTCUSDT,BINANCE,TRADE,64030,8e-05
2026-07-30 13:48:19,BTCUSDT,BINANCE,TRADE,64030,9e-05
2026-07-30 13:48:19,BTCUSDT,BINANCE,TRADE,64030,0.00277
2026-07-30 13:48:19,BTCUSDT,BINANCE,TRADE,64030,0.00019
2026-07-30 13:48:19,BTCUSDT,BINANCE,TRADE,64030,0.00033
2026-07-30 13:48:19,BTCUSDT,BINANCE,TRADE,64030,0.00037
2026-07-30 13:48:19,BTCUSDT,BINANCE,TRADE,64030,0.00017
2026-07-30 13:48:19,BTCUSDT,BINANCE,TRADE,64030,0.0013
2026-07-30 13:48:19,BTCUSDT,BINANCE,TRADE,64030,0.005
2026-07-30 13:48:19,BTCUSDT,BINANCE,TRADE,64030,0.00017
2026-07-30 13:48:19,ETHUSDT,BINANCE,TRADE,1905.17,0.0475
2026-07-30 13:48:19,ETHUSDT,BINANCE,TRADE,1905.17,1
2026-07-30 13:48:19,BTCUSDT,BINANCE,TRADE,64030,0.00202
2026-07-30 13:48:19,BTCUSDT,BINANCE,TRADE,64030,0.00509
2026-07-30 13:48:19,BTCUSDT,BINANCE,TRADE,64030,0.00014
2026-07-30 13:48:19,BTCUSDT,BINANCE,TRADE,64030,0.00159
2026-07-30 13:48:19,BTCUSDT,BINANCE,TRADE,64030,0.00157
2026-07-30 13:48:19,BTCUSDT,BINANCE,TRADE,64030,0.00079
2026-07-30 13:48:19,BTCUSDT,BINANCE,TRADE,64030,0.00091
2026-07-30 13:48:19,BTCUSDT,BINANCE,TRADE,64030,0.00521
2026-07-30 13:48:19,BTCUSDT,BINANCE,TRADE,64030,0.00023
2026-07-30 13:48:19,BTCUSDT,BINANCE,TRADE,64030,0.00055
2026-07-30 13:48:19,BTCUSDT,BINANCE,TRADE,64030,0.0013
2026-07-30 13:48:19,BTCUSDT,BINANCE,TRADE,64030,0.00019
2026-07-30 13:48:19,ETHUSDT,BINANCE,TRADE,1905.17,0.0338
2026-07-30 13:48:19,BTCUSDT,BINANCE,TRADE,64030,0.00016
2026-07-30 13:48:20,BTCUSDT,BINANCE,TRADE,64030,0.00479
2026-07-30 13:48:20,BTCUSDT,BINANCE,TRADE,64030,0.00036
2026-07-30 13:48:20,ETHUSDT,BINANCE,TRADE,1905.16,0.0178
2026-07-30 13:48:20,BTCUSDT,BINANCE,TRADE,64030,0.00026
2026-07-30 13:48:20,ETHUSDT,BINANCE,TRADE,1905.17,0.0349
2026-07-30 13:48:20,SOLUSDT,BINANCE,TRADE,73.43,0.072
2026-07-30 13:48:20,SOLUSDT,BINANCE,TRADE,73.43,0.277
2026-07-30 13:48:20,SOLUSDT,BINANCE,TRADE,73.43,0.072
2026-07-30 13:48:20,SOLUSDT,BINANCE,TRADE,73.43,0.072
2026-07-30 13:48:20,SOLUSDT,BINANCE,TRADE,73.43,0.072
2026-07-30 13:48:20,SOLUSDT,BINANCE,TRADE,73.43,0.072
2026-07-30 13:48:20,SOLUSDT,BINANCE,TRADE,73.43,0.072
2026-07-30 13:48:20,SOLUSDT,BINANCE,TRADE,73.43,2
2026-07-30 13:48:20,SOLUSDT,BINANCE,TRADE,73.43,1.328
2026-07-30 13:48:20,SOLUSDT,BINANCE,TRADE,73.44,0.545
2026-07-30 13:48:20,BTCUSDT,BINANCE,TRADE,64030,0.00013
2026-07-30 13:48:20,BTCUSDT,BINANCE,TRADE,64030,0.00057
2026-07-30 13:48:20,ETHUSDT,BINANCE,TRADE,1905.17,0.0523
2026-07-30 13:48:20,ETHUSDT,BINANCE,TRADE,1905.16,0.0216
2026-07-30 13:48:20,BTCUSDT,BINANCE,TRADE,64030,0.00139
2026-07-30 13:48:20,BTCUSDT,BINANCE,TRADE,64030,0.00065
2026-07-30 13:48:20,BTCUSDT,BINANCE,TRADE,64030,0.00029
2026-07-30 13:48:20,BTCUSDT,BINANCE,TRADE,64030,0.00019
2026-07-30 13:48:20,BTCUSDT,BINANCE,TRADE,64030,0.01874
2026-07-30 13:48:20,BTCUSDT,BINANCE,TRADE,64030,0.0013
2026-07-30 13:48:20,BTCUSDT,BINANCE,TRADE,64030,0.00129
2026-07-30 13:48:20,BTCUSDT,BINANCE,TRADE,64030,0.00084
2026-07-30 13:48:20,BTCUSDT,BINANCE,TRADE,64030,0.00033
2026-07-30 13:48:20,BTCUSDT,BINANCE,TRADE,64030,0.00296
2026-07-30 13:48:20,BTCUSDT,BINANCE,TRADE,64030,0.00032
2026-07-30 13:48:20,BTCUSDT,BINANCE,TRADE,64030,0.01563
2026-07-30 13:48:20,BTCUSDT,BINANCE,TRADE,64030,0.00029
2026-07-30 13:48:20,ETHUSDT,BINANCE,TRADE,1905.16,0.003
2026-07-30 13:48:20,BTCUSDT,BINANCE,TRADE,64030,0.00027
2026-07-30 13:48:20,BTCUSDT,BINANCE,TRADE,64030,0.00031
2026-07-30 13:48:20,BTCUSDT,BINANCE,TRADE,64030,0.00224
2026-07-30 13:48:20,ETHUSDT,BINANCE,TRADE,1905.16,0.2039
2026-07-30 13:48:20,BTCUSDT,BINANCE,TRADE,64030,0.00014
2026-07-30 13:48:20,BTCUSDT,BINANCE,TRADE,64030,0.00037
2026-07-30 13:48:20,BTCUSDT,BINANCE,TRADE,64030,0.0013
2026-07-30 13:48:20,BTCUSDT,BINANCE,TRADE,64030,0.00033
2026-07-30 13:48:20,BTCUSDT,BINANCE,TRADE,64030,0.00407
2026-07-30 13:48:20,BTCUSDT,BINANCE,TRADE,64030,8e-05
2026-07-30 13:48:20,BTCUSDT,BINANCE,TRADE,64030,0.00041
2026-07-30 13:48:20,BTCUSDT,BINANCE,TRADE,64030,0.00019
2026-07-30 13:48:20,ETHUSDT,BINANCE,TRADE,1905.16,0.0084
2026-07-30 13:48:20,BTCUSDT,BINANCE,TRADE,64030,0.00086
2026-07-30 13:48:20,BTCUSDT,BINANCE,TRADE,64030,0.0013
2026-07-30 13:48:20,BTCUSDT,BINANCE,TRADE,64030,0.00017
2026-07-30 13:48:20,ETHUSDT,BINANCE,TRADE,1905.16,0.2384
2026-07-30 13:48:20,BTCUSDT,BINANCE,TRADE,64030,0.00024
2026-07-30 13:48:20,BTCUSDT,BINANCE,TRADE,64030,0.00521
2026-07-30 13:48:21,BTCUSDT,BINANCE,TRADE,64030,0.00017
2026-07-30 13:48:21,BTCUSDT,BINANCE,TRADE,64030,0.00038
2026-07-30 13:48:21,ETHUSDT,BINANCE,TRADE,1905.17,0.005
2026-07-30 13:48:21,BTCUSDT,BINANCE,TRADE,64030,0.00029
2026-07-30 13:48:21,BTCUSDT,BINANCE,TRADE,64030,0.00015
2026-07-30 13:48:21,BTCUSDT,BINANCE,TRADE,64030,0.00017
2026-07-30 13:48:21,BTCUSDT,BINANCE,TRADE,64030,0.00026
2026-07-30 13:48:21,ETHUSDT,BINANCE,TRADE,1905.16,0.0222
2026-07-30 13:48:21,BTCUSDT,BINANCE,TRADE,64030,0.00029
2026-07-30 13:48:21,BTCUSDT,BINANCE,TRADE,64030,0.004
2026-07-30 13:48:21,BTCUSDT,BINANCE,TRADE,64030,0.00029
2026-07-30 13:48:21,BTCUSDT,BINANCE,TRADE,64030,0.01279
2026-07-30 13:48:21,BTCUSDT,BINANCE,TRADE,64030,0.00021
2026-07-30 13:48:21,BTCUSDT,BINANCE,TRADE,64030,0.00023
2026-07-30 13:48:21,ETHUSDT,BINANCE,TRADE,1905.16,0.3792
2026-07-30 13:48:21,ETHUSDT,BINANCE,TRADE,1905.16,0.0028
2026-07-30 13:48:21,ETHUSDT,BINANCE,TRADE,1905.16,0.0027
2026-07-30 13:48:21,ETHUSDT,BINANCE,TRADE,1905.16,0.0027
2026-07-30 13:48:21,ETHUSDT,BINANCE,TRADE,1905.16,0.0027
2026-07-30 13:48:21,ETHUSDT,BINANCE,TRADE,1905.16,0.0027
2026-07-30 13:48:21,ETHUSDT,BINANCE,TRADE,1905.16,0.0028
2026-07-30 13:48:21,ETHUSDT,BINANCE,TRADE,1905.16,0.0028
2026-07-30 13:48:21,ETHUSDT,BINANCE,TRADE,1905.16,0.0028
2026-07-30 13:48:21,ETHUSDT,BINANCE,TRADE,1905.16,0.0027
2026-07-30 13:48:21,ETHUSDT,BINANCE,TRADE,1905.16,0.0031
2026-07-30 13:48:21,ETHUSDT,BINANCE,TRADE,1905.16,0.0027
2026-07-30 13:48:21,ETHUSDT,BINANCE,TRADE,1905.16,0.0027
2026-07-30 13:48:21,ETHUSDT,BINANCE,TRADE,1905.16,0.0053
2026-07-30 13:48:21,ETHUSDT,BINANCE,TRADE,1905.16,0.0027
2026-07-30 13:48:21,ETHUSDT,BINANCE,TRADE,1905.16,0.0027
2026-07-30 13:48:21,ETHUSDT,BINANCE,TRADE,1905.16,0.0031
2026-07-30 13:48:21,ETHUSDT,BINANCE,TRADE,1905.16,0.0031
2026-07-30 13:48:21,ETHUSDT,BINANCE,TRADE,1905.16,0.0027
2026-07-30 13:48:21,ETHUSDT,BINANCE,TRADE,1905.16,0.0027
2026-07-30 13:48:21,ETHUSDT,BINANCE,TRADE,1905.16,0.0028
2026-07-30 13:48:21,ETHUSDT,BINANCE,TRADE,1905.15,0.0027
2026-07-30 13:48:21,ETHUSDT,BINANCE,TRADE,1905.15,0.0027
2026-07-30 13:48:21,ETHUSDT,BINANCE,TRADE,1905.15,0.0027
2026-07-30 13:48:21,ETHUSDT,BINANCE,TRADE,1905.15,0.0027
2026-07-30 13:48:21,ETHUSDT,BINANCE,TRADE,1905.15,0.7558
2026-07-30 13:48:21,ETHUSDT,BINANCE,TRADE,1905.15,0.0027
2026-07-30 13:48:21,ETHUSDT,BINANCE,TRADE,1905.15,0.0053
2026-07-30 13:48:21,ETHUSDT,BINANCE,TRADE,1905.15,0.0028
2026-07-30 13:48:21,ETHUSDT,BINANCE,TRADE,1905.15,0.0027
2026-07-30 13:48:21,ETHUSDT,BINANCE,TRADE,1905.15,0.0027
2026-07-30 13:48:21,ETHUSDT,BINANCE,TRADE,1905.15,0.0027
2026-07-30 13:48:21,ETHUSDT,BINANCE,TRADE,1905.15,0.0027
2026-07-30 13:48:21,ETHUSDT,BINANCE,TRADE,1905.15,0.0031
2026-07-30 13:48:21,ETHUSDT,BINANCE,TRADE,1905.15,0.0031
2026-07-30 13:48:21,ETHUSDT,BINANCE,TRADE,1905.15,0.0031
2026-07-30 13:48:21,ETHUSDT,BINANCE,TRADE,1905.15,0.0027
2026-07-30 13:48:21,ETHUSDT,BINANCE,TRADE,1905.15,0.0027
2026-07-30 13:48:21,ETHUSDT,BINANCE,TRADE,1905.15,0.0027
2026-07-30 13:48:21,ETHUSDT,BINANCE,TRADE,1905.15,0.0027
2026-07-30 13:48:21,ETHUSDT,BINANCE,TRADE,1905.15,0.0028
2026-07-30 13:48:21,ETHUSDT,BINANCE,TRADE,1905.15,0.0027
2026-07-30 13:48:21,ETHUSDT,BINANCE,TRADE,1905.15,0.0027
2026-07-30 13:48:21,ETHUSDT,BINANCE,TRADE,1905.15,0.0027
2026-07-30 13:48:21,ETHUSDT,BINANCE,TRADE,1905.15,0.0027
2026-07-30 13:48:21,ETHUSDT,BINANCE,TRADE,1905.14,0.0053
2026-07-30 13:48:21,ETHUSDT,BINANCE,TRADE,1905.14,0.0027
2026-07-30 13:48:21,ETHUSDT,BINANCE,TRADE,1905.14,0.0028
2026-07-30 13:48:21,ETHUSDT,BINANCE,TRADE,1905.14,0.0027
2026-07-30 13:48:21,ETHUSDT,BINANCE,TRADE,1905.14,0.0027
2026-07-30 13:48:21,ETHUSDT,BINANCE,TRADE,1905.13,0.0027
2026-07-30 13:48:21,ETHUSDT,BINANCE,TRADE,1905.13,0.0028
2026-07-30 13:48:21,ETHUSDT,BINANCE,TRADE,1905.13,0.0053
2026-07-30 13:48:21,ETHUSDT,BINANCE,TRADE,1905.13,0.0027
2026-07-30 13:48:21,ETHUSDT,BINANCE,TRADE,1905.12,0.0027
2026-07-30 13:48:21,ETHUSDT,BINANCE,TRADE,1905.12,0.003
2026-07-30 13:48:21,ETHUSDT,BINANCE,TRADE,1905.12,0.0028
2026-07-30 13:48:21,ETHUSDT,BINANCE,TRADE,1905.11,0.0028
2026-07-30 13:48:21,ETHUSDT,BINANCE,TRADE,1905.1,0.0027
2026-07-30 13:48:21,ETHUSDT,BINANCE,TRADE,1905.1,0.0027
2026-07-30 13:48:21,ETHUSDT,BINANCE,TRADE,1905.1,0.0028
2026-07-30 13:48:21,ETHUSDT,BINANCE,TRADE,1905.1,0.0027
2026-07-30 13:48:21,ETHUSDT,BINANCE,TRADE,1905.07,0.0028
2026-07-30 13:48:21,ETHUSDT,BINANCE,TRADE,1905.06,0.0027
2026-07-30 13:48:21,ETHUSDT,BINANCE,TRADE,1905.06,0.0028
2026-07-30 13:48:21,ETHUSDT,BINANCE,TRADE,1905.06,0.0028
2026-07-30 13:48:21,ETHUSDT,BINANCE,TRADE,1905.06,0.0028
2026-07-30 13:48:21,ETHUSDT,BINANCE,TRADE,1905.06,0.0027
2026-07-30 13:48:21,ETHUSDT,BINANCE,TRADE,1905.06,0.0028
2026-07-30 13:48:21,ETHUSDT,BINANCE,TRADE,1905.06,0.0027
2026-07-30 13:48:21,ETHUSDT,BINANCE,TRADE,1905.06,0.0027
2026-07-30 13:48:21,ETHUSDT,BINANCE,TRADE,1905.06,0.0027
2026-07-30 13:48:21,BTCUSDT,BINANCE,TRADE,64030,0.00031
2026-07-30 13:48:21,BTCUSDT,BINANCE,TRADE,64030,0.0013
2026-07-30 13:48:21,ETHUSDT,BINANCE,TRADE,1905.05,0.0027
2026-07-30 13:48:21,ETHUSDT,BINANCE,TRADE,1905.05,0.0027
2026-07-30 13:48:21,ETHUSDT,BINANCE,TRADE,1905.05,0.0028
2026-07-30 13:48:21,ETHUSDT,BINANCE,TRADE,1905.05,0.0031
2026-07-30 13:48:21,ETHUSDT,BINANCE,TRADE,1905.05,0.0031
2026-07-30 13:48:21,ETHUSDT,BINANCE,TRADE,1905.05,0.0031
2026-07-30 13:48:21,ETHUSDT,BINANCE,TRADE,1905.05,0.0027
2026-07-30 13:48:21,ETHUSDT,BINANCE,TRADE,1905.05,0.0027
2026-07-30 13:48:21,ETHUSDT,BINANCE,TRADE,1905.05,0.0027
2026-07-30 13:48:21,ETHUSDT,BINANCE,TRADE,1905.05,0.0027
2026-07-30 13:48:21,ETHUSDT,BINANCE,TRADE,1905.05,0.0027
2026-07-30 13:48:21,ETHUSDT,BINANCE,TRADE,1905.05,0.0027
2026-07-30 13:48:21,ETHUSDT,BINANCE,TRADE,1905.05,0.0027
2026-07-30 13:48:21,ETHUSDT,BINANCE,TRADE,1905.05,0.0027
2026-07-30 13:48:21,ETHUSDT,BINANCE,TRADE,1905.05,0.0027
2026-07-30 13:48:21,ETHUSDT,BINANCE,TRADE,1905.05,0.0028
2026-07-30 13:48:21,ETHUSDT,BINANCE,TRADE,1905.05,1.5416
2026-07-30 13:48:21,ETHUSDT,BINANCE,TRADE,1905.05,0.0027
2026-07-30 13:48:21,ETHUSDT,BINANCE,TRADE,1905.05,0.0027
2026-07-30 13:48:21,ETHUSDT,BINANCE,TRADE,1905.05,0.0027
2026-07-30 13:48:21,ETHUSDT,BINANCE,TRADE,1905.05,0.0027
2026-07-30 13:48:21,ETHUSDT,BINANCE,TRADE,1905.05,0.0027
2026-07-30 13:48:21,ETHUSDT,BINANCE,TRADE,1905.05,0.0027
2026-07-30 13:48:21,ETHUSDT,BINANCE,TRADE,1905.05,0.0027
2026-07-30 13:48:21,ETHUSDT,BINANCE,TRADE,1905.05,0.0027
2026-07-30 13:48:21,ETHUSDT,BINANCE,TRADE,1905.04,0.0027
2026-07-30 13:48:21,ETHUSDT,BINANCE,TRADE,1905.04,0.0027
2026-07-30 13:48:21,ETHUSDT,BINANCE,TRADE,1905.04,0.0028
2026-07-30 13:48:21,ETHUSDT,BINANCE,TRADE,1905.04,0.0027
2026-07-30 13:48:21,ETHUSDT,BINANCE,TRADE,1905.04,0.0027
2026-07-30 13:48:21,ETHUSDT,BINANCE,TRADE,1905.04,0.0027
2026-07-30 13:48:21,ETHUSDT,BINANCE,TRADE,1905.04,0.0027
2026-07-30 13:48:21,ETHUSDT,BINANCE,TRADE,1905.04,0.0027
2026-07-30 13:48:21,ETHUSDT,BINANCE,TRADE,1905.04,0.0027
2026-07-30 13:48:21,ETHUSDT,BINANCE,TRADE,1905.04,0.0027
2026-07-30 13:48:21,ETHUSDT,BINANCE,TRADE,1905.04,0.0027
2026-07-30 13:48:21,ETHUSDT,BINANCE,TRADE,1905.03,0.0027
2026-07-30 13:48:21,ETHUSDT,BINANCE,TRADE,1905.03,0.0027
2026-07-30 13:48:21,ETHUSDT,BINANCE,TRADE,1905.03,0.0028
2026-07-30 13:48:21,ETHUSDT,BINANCE,TRADE,1905.03,0.0028
2026-07-30 13:48:21,ETHUSDT,BINANCE,TRADE,1905.03,0.0028
2026-07-30 13:48:21,ETHUSDT,BINANCE,TRADE,1905.03,0.0027
2026-07-30 13:48:21,ETHUSDT,BINANCE,TRADE,1905.03,0.0028
2026-07-30 13:48:21,ETHUSDT,BINANCE,TRADE,1905.02,0.0028
2026-07-30 13:48:21,ETHUSDT,BINANCE,TRADE,1905.02,0.0027
2026-07-30 13:48:21,ETHUSDT,BINANCE,TRADE,1905.02,0.0027
2026-07-30 13:48:21,ETHUSDT,BINANCE,TRADE,1905.02,0.0031
2026-07-30 13:48:21,ETHUSDT,BINANCE,TRADE,1905.02,0.0031
2026-07-30 13:48:21,ETHUSDT,BINANCE,TRADE,1905.02,0.0031
2026-07-30 13:48:21,ETHUSDT,BINANCE,TRADE,1905.02,0.0027
2026-07-30 13:48:21,ETHUSDT,BINANCE,TRADE,1905.02,0.0027
2026-07-30 13:48:21,ETHUSDT,BINANCE,TRADE,1905.02,0.0027
2026-07-30 13:48:21,ETHUSDT,BINANCE,TRADE,1905.02,0.0027
2026-07-30 13:48:21,ETHUSDT,BINANCE,TRADE,1905.02,0.0027
2026-07-30 13:48:21,ETHUSDT,BINANCE,TRADE,1905.02,0.0027
2026-07-30 13:48:21,ETHUSDT,BINANCE,TRADE,1905.02,0.0028
2026-07-30 13:48:21,ETHUSDT,BINANCE,TRADE,1905.02,0.0546
2026-07-30 13:48:21,ETHUSDT,BINANCE,TRADE,1905.02,0.0027
2026-07-30 13:48:21,ETHUSDT,BINANCE,TRADE,1905.02,0.0027
2026-07-30 13:48:21,ETHUSDT,BINANCE,TRADE,1905.02,0.0027
2026-07-30 13:48:21,ETHUSDT,BINANCE,TRADE,1905.02,0.0027
2026-07-30 13:48:21,ETHUSDT,BINANCE,TRADE,1905.01,0.0028
2026-07-30 13:48:21,ETHUSDT,BINANCE,TRADE,1905.01,0.0028
2026-07-30 13:48:21,ETHUSDT,BINANCE,TRADE,1905.01,0.0028
2026-07-30 13:48:21,ETHUSDT,BINANCE,TRADE,1905.01,0.0027
2026-07-30 13:48:21,ETHUSDT,BINANCE,TRADE,1905.01,0.0027
2026-07-30 13:48:21,ETHUSDT,BINANCE,TRADE,1905.01,0.0027
2026-07-30 13:48:21,ETHUSDT,BINANCE,TRADE,1905.01,0.0027
2026-07-30 13:48:21,ETHUSDT,BINANCE,TRADE,1905.01,0.0028
2026-07-30 13:48:21,ETHUSDT,BINANCE,TRADE,1905.01,0.0027
2026-07-30 13:48:21,BTCUSDT,BINANCE,TRADE,64030,0.0001
2026-07-30 13:48:21,SOLUSDT,BINANCE,TRADE,73.43,0.072
2026-07-30 13:48:21,SOLUSDT,BINANCE,TRADE,73.43,0.072
2026-07-30 13:48:21,SOLUSDT,BINANCE,TRADE,73.43,0.137
2026-07-30 13:48:21,SOLUSDT,BINANCE,TRADE,73.43,0.13
2026-07-30 13:48:21,SOLUSDT,BINANCE,TRADE,73.43,0.13
2026-07-30 13:48:21,SOLUSDT,BINANCE,TRADE,73.43,0.13
2026-07-30 13:48:21,SOLUSDT,BINANCE,TRADE,73.43,0.246
2026-07-30 13:48:21,SOLUSDT,BINANCE,TRADE,73.43,6.3
2026-07-30 13:48:21,SOLUSDT,BINANCE,TRADE,73.43,14.666
2026-07-30 13:48:21,SOLUSDT,BINANCE,TRADE,73.43,0.072
2026-07-30 13:48:21,SOLUSDT,BINANCE,TRADE,73.43,0.072
2026-07-30 13:48:21,SOLUSDT,BINANCE,TRADE,73.43,0.069
2026-07-30 13:48:21,SOLUSDT,BINANCE,TRADE,73.43,0.07
2026-07-30 13:48:21,SOLUSDT,BINANCE,TRADE,73.43,0.072
2026-07-30 13:48:21,SOLUSDT,BINANCE,TRADE,73.43,0.072
2026-07-30 13:48:21,SOLUSDT,BINANCE,TRADE,73.43,0.072
2026-07-30 13:48:21,SOLUSDT,BINANCE,TRADE,73.43,0.072
2026-07-30 13:48:21,SOLUSDT,BINANCE,TRADE,73.43,0.072
2026-07-30 13:48:21,SOLUSDT,BINANCE,TRADE,73.43,0.072
2026-07-30 13:48:21,SOLUSDT,BINANCE,TRADE,73.43,0.277
2026-07-30 13:48:21,SOLUSDT,BINANCE,TRADE,73.43,0.072
2026-07-30 13:48:21,SOLUSDT,BINANCE,TRADE,73.43,0.072
2026-07-30 13:48:21,BTCUSDT,BINANCE,TRADE,64030,0.002
2026-07-30 13:48:21,ETHUSDT,BINANCE,TRADE,1905,0.0338
2026-07-30 13:48:21,BTCUSDT,BINANCE,TRADE,64030,0.00059
2026-07-30 13:48:21,BTCUSDT,BINANCE,TRADE,64030,0.0014
2026-07-30 13:48:21,BTCUSDT,BINANCE,TRADE,64030,0.00057
2026-07-30 13:48:21,ETHUSDT,BINANCE,TRADE,1905.01,0.0052
2026-07-30 13:48:21,BTCUSDT,BINANCE,TRADE,64030,0.0013
2026-07-30 13:48:21,BTCUSDT,BINANCE,TRADE,64030,0.00053
2026-07-30 13:48:21,BTCUSDT,BINANCE,TRADE,64030,0.00019
2026-07-30 13:48:21,BTCUSDT,BINANCE,TRADE,64030,0.00037
2026-07-30 13:48:21,BTCUSDT,BINANCE,TRADE,64030,0.00021
2026-07-30 13:48:21,BTCUSDT,BINANCE,TRADE,64030,0.00063
2026-07-30 13:48:21,BTCUSDT,BINANCE,TRADE,64030,0.00101
2026-07-30 13:48:21,BTCUSDT,BINANCE,TRADE,64030,0.00336
2026-07-30 13:48:21,BTCUSDT,BINANCE,TRADE,64030,0.0001
2026-07-30 13:48:21,BTCUSDT,BINANCE,TRADE,64030,0.00154
2026-07-30 13:48:21,BTCUSDT,BINANCE,TRADE,64030,0.00038
2026-07-30 13:48:21,BTCUSDT,BINANCE,TRADE,64030,0.02825
2026-07-30 13:48:21,BTCUSDT,BINANCE,TRADE,64030,0.0001
2026-07-30 13:48:21,BTCUSDT,BINANCE,TRADE,64030,0.00298
2026-07-30 13:48:21,BTCUSDT,BINANCE,TRADE,64030,0.00202
2026-07-30 13:48:21,BTCUSDT,BINANCE,TRADE,64030,0.00164
2026-07-30 13:48:21,BTCUSDT,BINANCE,TRADE,64030,0.005
2026-07-30 13:48:21,BTCUSDT,BINANCE,TRADE,64030,0.00014
2026-07-30 13:48:21,BTCUSDT,BINANCE,TRADE,64030,0.00017
2026-07-30 13:48:21,BTCUSDT,BINANCE,TRADE,64030,9e-05
2026-07-30 13:48:21,BTCUSDT,BINANCE,TRADE,64030,0.01434
2026-07-30 13:48:21,BTCUSDT,BINANCE,TRADE,64030,0.00033
2026-07-30 13:48:21,BTCUSDT,BINANCE,TRADE,64030,0.00017
2026-07-30 13:48:21,BTCUSDT,BINANCE,TRADE,64030,0.00015
2026-07-30 13:48:21,BTCUSDT,BINANCE,TRADE,64030,0.00067
2026-07-30 13:48:21,BTCUSDT,BINANCE,TRADE,64030,0.00061
2026-07-30 13:48:22,BTCUSDT,BINANCE,TRADE,64030,0.00439
2026-07-30 13:48:22,BTCUSDT,BINANCE,TRADE,64030,8e-05
2026-07-30 13:48:22,BTCUSDT,BINANCE,TRADE,64030,0.00157
2026-07-30 13:48:22,BTCUSDT,BINANCE,TRADE,64030,0.00396
2026-07-30 13:48:22,BTCUSDT,BINANCE,TRADE,64030,0.00016
2026-07-30 13:48:22,BTCUSDT,BINANCE,TRADE,64030,0.00149
2026-07-30 13:48:22,BTCUSDT,BINANCE,TRADE,64030,0.00104
2026-07-30 13:48:22,BTCUSDT,BINANCE,TRADE,64030,0.00044
2026-07-30 13:48:22,BTCUSDT,BINANCE,TRADE,64030,0.00234
2026-07-30 13:48:22,BTCUSDT,BINANCE,TRADE,64030,0.00051
2026-07-30 13:48:22,BTCUSDT,BINANCE,TRADE,64030,0.00067
2026-07-30 13:48:22,BTCUSDT,BINANCE,TRADE,64030,0.00023
2026-07-30 13:48:22,BTCUSDT,BINANCE,TRADE,64030,0.00065
2026-07-30 13:48:22,BTCUSDT,BINANCE,TRADE,64030,0.00102
2026-07-30 13:48:22,BTCUSDT,BINANCE,TRADE,64030,0.0013
2026-07-30 13:48:22,BTCUSDT,BINANCE,TRADE,64030,0.00313
2026-07-30 13:48:22,BTCUSDT,BINANCE,TRADE,64030,0.00055
2026-07-30 13:48:22,BTCUSDT,BINANCE,TRADE,64030,8e-05
2026-07-30 13:48:22,BTCUSDT,BINANCE,TRADE,64030,8e-05
2026-07-30 13:48:22,BTCUSDT,BINANCE,TRADE,64030,8e-05
2026-07-30 13:48:22,BTCUSDT,BINANCE,TRADE,64030,0.00145
2026-07-30 13:48:22,BTCUSDT,BINANCE,TRADE,64030,0.00015
2026-07-30 13:48:22,BTCUSDT,BINANCE,TRADE,64030,0.01548
2026-07-30 13:48:22,BTCUSDT,BINANCE,TRADE,64030,0.00026
2026-07-30 13:48:22,ETHUSDT,BINANCE,TRADE,1905.01,0.0613
2026-07-30 13:48:22,BTCUSDT,BINANCE,TRADE,64030,0.0004
2026-07-30 13:48:22,BTCUSDT,BINANCE,TRADE,64030,0.005
2026-07-30 13:48:22,ETHUSDT,BINANCE,TRADE,1905,0.0523
2026-07-30 13:48:22,BTCUSDT,BINANCE,TRADE,64030,0.00183
2026-07-30 13:48:22,BTCUSDT,BINANCE,TRADE,64030,0.00892
2026-07-30 13:48:22,BTCUSDT,BINANCE,TRADE,64030,8e-05
2026-07-30 13:48:22,BTCUSDT,BINANCE,TRADE,64030,8e-05
2026-07-30 13:48:22,BTCUSDT,BINANCE,TRADE,64030,0.00016
2026-07-30 13:48:22,BTCUSDT,BINANCE,TRADE,64030,8e-05
2026-07-30 13:48:22,BTCUSDT,BINANCE,TRADE,64030,8e-05
2026-07-30 13:48:22,BTCUSDT,BINANCE,TRADE,64030,8e-05
2026-07-30 13:48:22,BTCUSDT,BINANCE,TRADE,64030,9e-05
2026-07-30 13:48:22,BTCUSDT,BINANCE,TRADE,64030,8e-05
2026-07-30 13:48:22,BTCUSDT,BINANCE,TRADE,64030,8e-05
2026-07-30 13:48:22,BTCUSDT,BINANCE,TRADE,64030,8e-05
2026-07-30 13:48:22,BTCUSDT,BINANCE,TRADE,64030,0.005
2026-07-30 13:48:22,BTCUSDT,BINANCE,TRADE,64030,0.003
2026-07-30 13:48:22,BTCUSDT,BINANCE,TRADE,64030,0.00093
2026-07-30 13:48:22,ETHUSDT,BINANCE,TRADE,1905.01,0.009
2026-07-30 13:48:22,ETHUSDT,BINANCE,TRADE,1905.01,0.0443
2026-07-30 13:48:22,ETHUSDT,BINANCE,TRADE,1905,0.2299
2026-07-30 13:48:22,BTCUSDT,BINANCE,TRADE,64030,0.00207
2026-07-30 13:48:22,BTCUSDT,BINANCE,TRADE,64030,0.00293
2026-07-30 13:48:22,BTCUSDT,BINANCE,TRADE,64030,7e-05
2026-07-30 13:48:22,BTCUSDT,BINANCE,TRADE,64030,0.00015
2026-07-30 13:48:22,BTCUSDT,BINANCE,TRADE,64030,0.00019
2026-07-30 13:48:22,BTCUSDT,BINANCE,TRADE,64030,0.0013
2026-07-30 13:48:22,BTCUSDT,BINANCE,TRADE,64030,0.00351
2026-07-30 13:48:22,BTCUSDT,BINANCE,TRADE,64030,0.00166
2026-07-30 13:48:22,BTCUSDT,BINANCE,TRADE,64030,0.00155
2026-07-30 13:48:22,BTCUSDT,BINANCE,TRADE,64030,1e-05
2026-07-30 13:48:22,BTCUSDT,BINANCE,TRADE,64030,0.00045
2026-07-30 13:48:22,BTCUSDT,BINANCE,TRADE,64030,0.0001
2026-07-30 13:48:22,BTCUSDT,BINANCE,TRADE,64030,0.00017
2026-07-30 13:48:22,BTCUSDT,BINANCE,TRADE,64030,0.00521
2026-07-30 13:48:22,BTCUSDT,BINANCE,TRADE,64030,0.02645
2026-07-30 13:48:22,BTCUSDT,BINANCE,TRADE,64030,0.00159
2026-07-30 13:48:22,BTCUSDT,BINANCE,TRADE,64030,0.00019
2026-07-30 13:48:22,BTCUSDT,BINANCE,TRADE,64030,0.00017
2026-07-30 13:48:22,BTCUSDT,BINANCE,TRADE,64030,0.00029
2026-07-30 13:48:22,ETHUSDT,BINANCE,TRADE,1905.01,0.0312
2026-07-30 13:48:22,BTCUSDT,BINANCE,TRADE,64030,9e-05
2026-07-30 13:48:22,BTCUSDT,BINANCE,TRADE,64030,1e-05
2026-07-30 13:48:22,BTCUSDT,BINANCE,TRADE,64030,8e-05
2026-07-30 13:48:22,BTCUSDT,BINANCE,TRADE,64030,9e-05
2026-07-30 13:48:22,BTCUSDT,BINANCE,TRADE,64030,0.00061
2026-07-30 13:48:22,BTCUSDT,BINANCE,TRADE,64030,0.00266
2026-07-30 13:48:22,BTCUSDT,BINANCE,TRADE,64030,0.00157
2026-07-30 13:48:22,BTCUSDT,BINANCE,TRADE,64030,0.00086
2026-07-30 13:48:22,BTCUSDT,BINANCE,TRADE,64030,0.00037
2026-07-30 13:48:22,BTCUSDT,BINANCE,TRADE,64030,0.002
2026-07-30 13:48:22,BTCUSDT,BINANCE,TRADE,64030,0.00029
2026-07-30 13:48:22,BTCUSDT,BINANCE,TRADE,64030,0.0001
2026-07-30 13:48:22,BTCUSDT,BINANCE,TRADE,64030,0.00039
2026-07-30 13:48:22,BTCUSDT,BINANCE,TRADE,64030,0.0013
2026-07-30 13:48:22,BTCUSDT,BINANCE,TRADE,64030,0.00055
2026-07-30 13:48:22,BTCUSDT,BINANCE,TRADE,64030,8e-05
2026-07-30 13:48:22,BTCUSDT,BINANCE,TRADE,64030,8e-05
2026-07-30 13:48:22,BTCUSDT,BINANCE,TRADE,64030,8e-05
2026-07-30 13:48:22,BTCUSDT,BINANCE,TRADE,64030,0.00377
2026-07-30 13:48:22,BTCUSDT,BINANCE,TRADE,64030,0.00031
2026-07-30 13:48:22,BTCUSDT,BINANCE,TRADE,64030,0.00156
2026-07-30 13:48:22,ETHUSDT,BINANCE,TRADE,1905.01,0.0338
2026-07-30 13:48:22,BTCUSDT,BINANCE,TRADE,64030,8e-05
2026-07-30 13:48:22,BTCUSDT,BINANCE,TRADE,64030,0.00507
2026-07-30 13:48:22,ETHUSDT,BINANCE,TRADE,1905,0.0027
2026-07-30 13:48:23,BTCUSDT,BINANCE,TRADE,64030,0.00139
2026-07-30 13:48:23,BTCUSDT,BINANCE,TRADE,64030,9e-05
2026-07-30 13:48:23,BTCUSDT,BINANCE,TRADE,64030,0.0013
2026-07-30 13:48:23,BTCUSDT,BINANCE,TRADE,64030,0.00014
2026-07-30 13:48:23,BTCUSDT,BINANCE,TRADE,64030,0.00057
2026-07-30 13:48:23,BTCUSDT,BINANCE,TRADE,64030,0.00084
2026-07-30 13:48:23,BTCUSDT,BINANCE,TRADE,64030,0.00019
2026-07-30 13:48:23,BTCUSDT,BINANCE,TRADE,64030,0.00169
2026-07-30 13:48:23,BTCUSDT,BINANCE,TRADE,64030,0.00031
2026-07-30 13:48:23,ETHUSDT,BINANCE,TRADE,1905.01,0.0222
2026-07-30 13:48:23,BTCUSDT,BINANCE,TRADE,64030,0.00398
2026-07-30 13:48:23,BTCUSDT,BINANCE,TRADE,64030,0.00017
2026-07-30 13:48:23,BTCUSDT,BINANCE,TRADE,64030,0.01563
2026-07-30 13:48:23,BTCUSDT,BINANCE,TRADE,64030,0.00029
2026-07-30 13:48:23,BTCUSDT,BINANCE,TRADE,64030,0.00026
2026-07-30 13:48:23,BTCUSDT,BINANCE,TRADE,64030,0.00017
2026-07-30 13:48:23,BTCUSDT,BINANCE,TRADE,64030,0.00157
2026-07-30 13:48:23,BTCUSDT,BINANCE,TRADE,64030,0.00154
2026-07-30 13:48:23,ETHUSDT,BINANCE,TRADE,1905.01,0.0524
2026-07-30 13:48:23,BTCUSDT,BINANCE,TRADE,64030,0.0013
2026-07-30 13:48:23,BTCUSDT,BINANCE,TRADE,64030,0.00029
2026-07-30 13:48:23,BTCUSDT,BINANCE,TRADE,64030,0.00224
2026-07-30 13:48:23,BTCUSDT,BINANCE,TRADE,64030,0.00023
2026-07-30 13:48:23,BTCUSDT,BINANCE,TRADE,64030,0.00029
2026-07-30 13:48:23,BTCUSDT,BINANCE,TRADE,64030,0.00014
2026-07-30 13:48:23,ETHUSDT,BINANCE,TRADE,1905.01,0.0084
2026-07-30 13:48:23,BTCUSDT,BINANCE,TRADE,64030,0.00031
2026-07-30 13:48:23,BTCUSDT,BINANCE,TRADE,64030,0.0013
2026-07-30 13:48:23,BTCUSDT,BINANCE,TRADE,64030,0.00281
2026-07-30 13:48:23,BTCUSDT,BINANCE,TRADE,64030,0.01434
2026-07-30 13:48:23,ETHUSDT,BINANCE,TRADE,1905,0.0089
2026-07-30 13:48:23,BTCUSDT,BINANCE,TRADE,64030,0.00019
2026-07-30 13:48:24,ETHUSDT,BINANCE,TRADE,1905.01,0.0103
2026-07-30 13:48:24,BTCUSDT,BINANCE,TRADE,64030,0.00509
2026-07-30 13:48:24,ETHUSDT,BINANCE,TRADE,1905.01,0.2384
2026-07-30 13:48:24,BTCUSDT,BINANCE,TRADE,64030,0.00024
2026-07-30 13:48:24,BTCUSDT,BINANCE,TRADE,64030,0.00017
2026-07-30 13:48:24,BTCUSDT,BINANCE,TRADE,64030,0.00062
2026-07-30 13:48:24,BTCUSDT,BINANCE,TRADE,64030,0.01685
2026-07-30 13:48:24,BTCUSDT,BINANCE,TRADE,64030,0.00015
2026-07-30 13:48:24,BTCUSDT,BINANCE,TRADE,64030,0.0013
2026-07-30 13:48:24,BTCUSDT,BINANCE,TRADE,64030,0.00017
2026-07-30 13:48:24,BTCUSDT,BINANCE,TRADE,64030,0.00351
2026-07-30 13:48:24,BTCUSDT,BINANCE,TRADE,64030,0.00033
2026-07-30 13:48:24,BTCUSDT,BINANCE,TRADE,64030,0.03276
2026-07-30 13:48:24,BTCUSDT,BINANCE,TRADE,64030,0.00023
2026-07-30 13:48:24,ETHUSDT,BINANCE,TRADE,1905,0.0338
2026-07-30 13:48:24,BTCUSDT,BINANCE,TRADE,64030,0.0013
2026-07-30 13:48:24,BTCUSDT,BINANCE,TRADE,64030,0.00016
2026-07-30 13:48:24,BTCUSDT,BINANCE,TRADE,64030,0.00057
2026-07-30 13:48:24,SOLUSDT,BINANCE,TRADE,73.43,5.139
2026-07-30 13:48:24,BTCUSDT,BINANCE,TRADE,64030,0.00026
2026-07-30 13:48:24,BTCUSDT,BINANCE,TRADE,64030,0.00037
2026-07-30 13:48:24,BTCUSDT,BINANCE,TRADE,64030,0.01874
2026-07-30 13:48:24,BTCUSDT,BINANCE,TRADE,64030,0.00013
2026-07-30 13:48:24,BTCUSDT,BINANCE,TRADE,64030,0.00031
2026-07-30 13:48:24,BTCUSDT,BINANCE,TRADE,64030,0.00019
2026-07-30 13:48:24,BTCUSDT,BINANCE,TRADE,64030,0.02645
2026-07-30 13:48:24,BTCUSDT,BINANCE,TRADE,64030,0.00149
2026-07-30 13:48:24,BTCUSDT,BINANCE,TRADE,64030,0.00129
2026-07-30 13:48:24,BTCUSDT,BINANCE,TRADE,64030,0.004
2026-07-30 13:48:24,BTCUSDT,BINANCE,TRADE,64030,0.00027
2026-07-30 13:48:24,BTCUSDT,BINANCE,TRADE,64030,0.00019
2026-07-30 13:48:24,BTCUSDT,BINANCE,TRADE,64030,0.0013
2026-07-30 13:48:24,BTCUSDT,BINANCE,TRADE,64030,0.00086
2026-07-30 13:48:24,BTCUSDT,BINANCE,TRADE,64030,9e-05
2026-07-30 13:48:24,BTCUSDT,BINANCE,TRADE,64030,0.00224
2026-07-30 13:48:24,BTCUSDT,BINANCE,TRADE,64030,0.00614
2026-07-30 13:48:24,BTCUSDT,BINANCE,TRADE,64030,0.01563
2026-07-30 13:48:24,BTCUSDT,BINANCE,TRADE,64030,0.00029
2026-07-30 13:48:25,BTCUSDT,BINANCE,TRADE,64030,0.00029
2026-07-30 13:48:25,SOLUSDT,BINANCE,TRADE,73.43,15.562
2026-07-30 13:48:25,BTCUSDT,BINANCE,TRADE,64030,0.00038
2026-07-30 13:48:25,BTCUSDT,BINANCE,TRADE,64030,0.0013
2026-07-30 13:48:25,BTCUSDT,BINANCE,TRADE,64030,0.01279
2026-07-30 13:48:25,BTCUSDT,BINANCE,TRADE,64030,0.00031
2026-07-30 13:48:25,ETHUSDT,BINANCE,TRADE,1905,0.0349
2026-07-30 13:48:25,ETHUSDT,BINANCE,TRADE,1905,3.2
2026-07-30 13:48:25,BTCUSDT,BINANCE,TRADE,64030,0.00084
2026-07-30 13:48:25,BTCUSDT,BINANCE,TRADE,64030,0.00515
2026-07-30 13:48:25,BTCUSDT,BINANCE,TRADE,64030,0.00521
2026-07-30 13:48:25,BTCUSDT,BINANCE,TRADE,64030,0.00201
2026-07-30 13:48:25,BTCUSDT,BINANCE,TRADE,64030,0.00139
2026-07-30 13:48:25,BTCUSDT,BINANCE,TRADE,64030,0.00019
2026-07-30 13:48:25,ETHUSDT,BINANCE,TRADE,1905.01,0.2299
2026-07-30 13:48:25,BTCUSDT,BINANCE,TRADE,64030,0.00032
2026-07-30 13:48:25,BTCUSDT,BINANCE,TRADE,64030,0.00029
2026-07-30 13:48:25,BTCUSDT,BINANCE,TRADE,64030,0.0013
2026-07-30 13:48:25,BTCUSDT,BINANCE,TRADE,64030,0.00014
2026-07-30 13:48:25,BTCUSDT,BINANCE,TRADE,64030,0.00038
2026-07-30 13:48:25,BTCUSDT,BINANCE,TRADE,64030,0.00029
2026-07-30 13:48:25,BTCUSDT,BINANCE,TRADE,64030,0.00017
2026-07-30 13:48:25,BTCUSDT,BINANCE,TRADE,64030,0.00014
2026-07-30 13:48:25,BTCUSDT,BINANCE,TRADE,64030,8e-05
2026-07-30 13:48:25,BTCUSDT,BINANCE,TRADE,64030,0.00192
2026-07-30 13:48:25,BTCUSDT,BINANCE,TRADE,64030,0.00017
2026-07-30 13:48:25,ETHUSDT,BINANCE,TRADE,1905,1.1135
2026-07-30 13:48:25,ETHUSDT,BINANCE,TRADE,1905,0.0104
2026-07-30 13:48:25,ETHUSDT,BINANCE,TRADE,1905,0.0027
2026-07-30 13:48:25,ETHUSDT,BINANCE,TRADE,1905,0.003
2026-07-30 13:48:25,ETHUSDT,BINANCE,TRADE,1905,0.0028
2026-07-30 13:48:25,ETHUSDT,BINANCE,TRADE,1905,0.0027
2026-07-30 13:48:25,ETHUSDT,BINANCE,TRADE,1905,0.0027
2026-07-30 13:48:25,ETHUSDT,BINANCE,TRADE,1905,0.0028
2026-07-30 13:48:25,ETHUSDT,BINANCE,TRADE,1905,0.0027
2026-07-30 13:48:25,ETHUSDT,BINANCE,TRADE,1905,0.0027
2026-07-30 13:48:25,ETHUSDT,BINANCE,TRADE,1905,0.0031
2026-07-30 13:48:25,ETHUSDT,BINANCE,TRADE,1905,0.0031
2026-07-30 13:48:25,ETHUSDT,BINANCE,TRADE,1905,0.104
2026-07-30 13:48:25,ETHUSDT,BINANCE,TRADE,1905,0.0053
2026-07-30 13:48:25,ETHUSDT,BINANCE,TRADE,1905,0.0027
2026-07-30 13:48:25,ETHUSDT,BINANCE,TRADE,1905,0.0031
2026-07-30 13:48:25,ETHUSDT,BINANCE,TRADE,1905,0.0027
2026-07-30 13:48:25,ETHUSDT,BINANCE,TRADE,1905,0.0027
2026-07-30 13:48:25,ETHUSDT,BINANCE,TRADE,1905,0.0027
2026-07-30 13:48:25,ETHUSDT,BINANCE,TRADE,1905,0.0027
2026-07-30 13:48:25,ETHUSDT,BINANCE,TRADE,1905,0.0027
2026-07-30 13:48:25,ETHUSDT,BINANCE,TRADE,1904.99,0.0027
2026-07-30 13:48:25,ETHUSDT,BINANCE,TRADE,1904.99,0.0028
2026-07-30 13:48:25,ETHUSDT,BINANCE,TRADE,1904.99,0.0027
2026-07-30 13:48:25,ETHUSDT,BINANCE,TRADE,1904.99,0.0027
2026-07-30 13:48:25,ETHUSDT,BINANCE,TRADE,1904.99,0.0053
2026-07-30 13:48:25,ETHUSDT,BINANCE,TRADE,1904.99,0.0027
2026-07-30 13:48:25,ETHUSDT,BINANCE,TRADE,1904.99,0.0027
2026-07-30 13:48:25,ETHUSDT,BINANCE,TRADE,1904.99,0.0027
2026-07-30 13:48:25,ETHUSDT,BINANCE,TRADE,1904.99,0.0027
2026-07-30 13:48:25,ETHUSDT,BINANCE,TRADE,1904.99,0.0027
2026-07-30 13:48:25,ETHUSDT,BINANCE,TRADE,1904.98,0.0027
2026-07-30 13:48:25,ETHUSDT,BINANCE,TRADE,1904.98,0.0028
2026-07-30 13:48:25,ETHUSDT,BINANCE,TRADE,1904.98,0.0053
2026-07-30 13:48:25,ETHUSDT,BINANCE,TRADE,1904.98,0.0027
2026-07-30 13:48:25,ETHUSDT,BINANCE,TRADE,1904.98,0.0027
2026-07-30 13:48:25,ETHUSDT,BINANCE,TRADE,1904.98,0.0027
2026-07-30 13:48:25,ETHUSDT,BINANCE,TRADE,1904.98,0.0027
2026-07-30 13:48:25,ETHUSDT,BINANCE,TRADE,1904.97,0.0027
2026-07-30 13:48:25,ETHUSDT,BINANCE,TRADE,1904.97,0.0028
2026-07-30 13:48:25,ETHUSDT,BINANCE,TRADE,1904.97,0.0027
2026-07-30 13:48:25,BTCUSDT,BINANCE,TRADE,64030,0.002
2026-07-30 13:48:25,ETHUSDT,BINANCE,TRADE,1904.96,0.0027
2026-07-30 13:48:25,ETHUSDT,BINANCE,TRADE,1904.96,0.0027
2026-07-30 13:48:25,ETHUSDT,BINANCE,TRADE,1904.96,0.0028
2026-07-30 13:48:25,ETHUSDT,BINANCE,TRADE,1904.96,0.0027
2026-07-30 13:48:25,ETHUSDT,BINANCE,TRADE,1904.96,0.0031
2026-07-30 13:48:25,ETHUSDT,BINANCE,TRADE,1904.96,0.0031
2026-07-30 13:48:25,ETHUSDT,BINANCE,TRADE,1904.96,0.0031
2026-07-30 13:48:25,ETHUSDT,BINANCE,TRADE,1904.96,0.0027
2026-07-30 13:48:25,ETHUSDT,BINANCE,TRADE,1904.96,0.0027
2026-07-30 13:48:25,ETHUSDT,BINANCE,TRADE,1904.96,0.0028
2026-07-30 13:48:25,ETHUSDT,BINANCE,TRADE,1904.96,0.0027
2026-07-30 13:48:25,ETHUSDT,BINANCE,TRADE,1904.96,0.0027
2026-07-30 13:48:25,ETHUSDT,BINANCE,TRADE,1904.96,0.0027
2026-07-30 13:48:25,BTCUSDT,BINANCE,TRADE,64030,0.00101
2026-07-30 13:48:25,ETHUSDT,BINANCE,TRADE,1904.95,0.05
2026-07-30 13:48:25,ETHUSDT,BINANCE,TRADE,1904.95,0.0028
2026-07-30 13:48:25,ETHUSDT,BINANCE,TRADE,1904.95,0.0027
2026-07-30 13:48:25,ETHUSDT,BINANCE,TRADE,1904.95,0.0027
2026-07-30 13:48:25,ETHUSDT,BINANCE,TRADE,1904.95,0.0027
2026-07-30 13:48:25,ETHUSDT,BINANCE,TRADE,1904.95,0.0027
2026-07-30 13:48:25,ETHUSDT,BINANCE,TRADE,1904.95,0.0031
2026-07-30 13:48:25,ETHUSDT,BINANCE,TRADE,1904.95,0.0027
2026-07-30 13:48:25,ETHUSDT,BINANCE,TRADE,1904.95,0.0031
2026-07-30 13:48:25,ETHUSDT,BINANCE,TRADE,1904.95,0.0031
2026-07-30 13:48:25,ETHUSDT,BINANCE,TRADE,1904.95,0.0027
2026-07-30 13:48:25,ETHUSDT,BINANCE,TRADE,1904.95,0.0027
2026-07-30 13:48:25,ETHUSDT,BINANCE,TRADE,1904.95,0.0027
2026-07-30 13:48:25,ETHUSDT,BINANCE,TRADE,1904.95,0.0027
2026-07-30 13:48:25,BTCUSDT,BINANCE,TRADE,64030,0.00029
2026-07-30 13:48:25,ETHUSDT,BINANCE,TRADE,1904.94,0.0027
2026-07-30 13:48:25,ETHUSDT,BINANCE,TRADE,1904.94,0.0028
2026-07-30 13:48:25,ETHUSDT,BINANCE,TRADE,1904.94,0.0027
2026-07-30 13:48:25,ETHUSDT,BINANCE,TRADE,1904.94,0.0027
2026-07-30 13:48:25,ETHUSDT,BINANCE,TRADE,1904.94,0.0027
2026-07-30 13:48:25,ETHUSDT,BINANCE,TRADE,1904.94,0.0027
2026-07-30 13:48:25,ETHUSDT,BINANCE,TRADE,1904.94,0.0027
2026-07-30 13:48:25,ETHUSDT,BINANCE,TRADE,1904.94,0.0031
2026-07-30 13:48:25,ETHUSDT,BINANCE,TRADE,1904.94,0.0031
2026-07-30 13:48:25,ETHUSDT,BINANCE,TRADE,1904.94,0.0031
2026-07-30 13:48:25,ETHUSDT,BINANCE,TRADE,1904.94,0.0027
2026-07-30 13:48:25,ETHUSDT,BINANCE,TRADE,1904.94,0.0027
2026-07-30 13:48:25,ETHUSDT,BINANCE,TRADE,1904.94,0.0027
2026-07-30 13:48:25,ETHUSDT,BINANCE,TRADE,1904.93,0.0027
2026-07-30 13:48:25,ETHUSDT,BINANCE,TRADE,1904.93,0.0028
2026-07-30 13:48:25,ETHUSDT,BINANCE,TRADE,1904.93,0.0027
2026-07-30 13:48:25,ETHUSDT,BINANCE,TRADE,1904.93,0.0027
2026-07-30 13:48:25,ETHUSDT,BINANCE,TRADE,1904.93,0.0027
2026-07-30 13:48:25,ETHUSDT,BINANCE,TRADE,1904.93,0.0027
2026-07-30 13:48:25,ETHUSDT,BINANCE,TRADE,1904.92,0.0027
2026-07-30 13:48:25,ETHUSDT,BINANCE,TRADE,1904.92,0.0028
2026-07-30 13:48:25,ETHUSDT,BINANCE,TRADE,1904.92,0.0027
2026-07-30 13:48:25,ETHUSDT,BINANCE,TRADE,1904.91,0.0027
2026-07-30 13:48:25,ETHUSDT,BINANCE,TRADE,1904.91,0.0028
2026-07-30 13:48:25,ETHUSDT,BINANCE,TRADE,1904.91,0.0027
2026-07-30 13:48:25,ETHUSDT,BINANCE,TRADE,1904.9,0.0032
2026-07-30 13:48:25,ETHUSDT,BINANCE,TRADE,1904.9,0.0027
2026-07-30 13:48:25,ETHUSDT,BINANCE,TRADE,1904.9,0.0028
2026-07-30 13:48:25,ETHUSDT,BINANCE,TRADE,1904.9,0.0027
2026-07-30 13:48:25,ETHUSDT,BINANCE,TRADE,1904.9,0.0031
2026-07-30 13:48:25,ETHUSDT,BINANCE,TRADE,1904.9,0.0027
2026-07-30 13:48:25,ETHUSDT,BINANCE,TRADE,1904.9,0.0027
2026-07-30 13:48:25,ETHUSDT,BINANCE,TRADE,1904.9,0.0031
2026-07-30 13:48:25,ETHUSDT,BINANCE,TRADE,1904.9,0.0031
2026-07-30 13:48:25,ETHUSDT,BINANCE,TRADE,1904.9,0.0027
2026-07-30 13:48:25,ETHUSDT,BINANCE,TRADE,1904.9,0.0027
2026-07-30 13:48:25,ETHUSDT,BINANCE,TRADE,1904.9,0.0027
2026-07-30 13:48:25,ETHUSDT,BINANCE,TRADE,1904.9,0.0027
2026-07-30 13:48:25,ETHUSDT,BINANCE,TRADE,1904.9,0.0027
2026-07-30 13:48:25,BTCUSDT,BINANCE,TRADE,64030,0.00033
2026-07-30 13:48:25,ETHUSDT,BINANCE,TRADE,1904.89,0.0028
2026-07-30 13:48:25,ETHUSDT,BINANCE,TRADE,1904.89,0.0027
2026-07-30 13:48:25,ETHUSDT,BINANCE,TRADE,1904.89,0.0027
2026-07-30 13:48:25,ETHUSDT,BINANCE,TRADE,1904.89,0.0027
2026-07-30 13:48:25,ETHUSDT,BINANCE,TRADE,1904.89,0.0027
2026-07-30 13:48:25,ETHUSDT,BINANCE,TRADE,1904.89,0.0031
2026-07-30 13:48:25,ETHUSDT,BINANCE,TRADE,1904.89,0.0031
2026-07-30 13:48:25,ETHUSDT,BINANCE,TRADE,1904.89,0.0031
2026-07-30 13:48:25,ETHUSDT,BINANCE,TRADE,1904.89,0.0027
2026-07-30 13:48:25,ETHUSDT,BINANCE,TRADE,1904.89,0.0027
2026-07-30 13:48:25,ETHUSDT,BINANCE,TRADE,1904.89,0.0027
2026-07-30 13:48:25,ETHUSDT,BINANCE,TRADE,1904.89,0.0027
2026-07-30 13:48:25,ETHUSDT,BINANCE,TRADE,1904.89,0.0027
2026-07-30 13:48:25,ETHUSDT,BINANCE,TRADE,1904.89,0.0027
2026-07-30 13:48:25,ETHUSDT,BINANCE,TRADE,1904.89,0.0027
2026-07-30 13:48:25,ETHUSDT,BINANCE,TRADE,1904.89,0.0027
2026-07-30 13:48:25,ETHUSDT,BINANCE,TRADE,1904.89,0.0027
2026-07-30 13:48:25,ETHUSDT,BINANCE,TRADE,1904.88,0.0027
2026-07-30 13:48:25,ETHUSDT,BINANCE,TRADE,1904.88,0.0028
2026-07-30 13:48:25,ETHUSDT,BINANCE,TRADE,1904.88,0.0027
2026-07-30 13:48:25,ETHUSDT,BINANCE,TRADE,1904.88,0.0027
2026-07-30 13:48:25,ETHUSDT,BINANCE,TRADE,1904.88,0.0027
2026-07-30 13:48:25,ETHUSDT,BINANCE,TRADE,1904.88,0.0027
2026-07-30 13:48:25,ETHUSDT,BINANCE,TRADE,1904.86,0.0027
2026-07-30 13:48:25,ETHUSDT,BINANCE,TRADE,1904.86,0.0027
2026-07-30 13:48:25,ETHUSDT,BINANCE,TRADE,1904.86,0.0028
2026-07-30 13:48:25,ETHUSDT,BINANCE,TRADE,1904.86,0.0027
2026-07-30 13:48:25,BTCUSDT,BINANCE,TRADE,64030,0.00046
2026-07-30 13:48:25,BTCUSDT,BINANCE,TRADE,64030,0.00084
2026-07-30 13:48:25,BTCUSDT,BINANCE,TRADE,64030,0.00416
2026-07-30 13:48:25,BTCUSDT,BINANCE,TRADE,64030,0.00084
2026-07-30 13:48:25,BTCUSDT,BINANCE,TRADE,64030,0.00023
2026-07-30 13:48:25,BTCUSDT,BINANCE,TRADE,64030,0.00159
2026-07-30 13:48:25,ETHUSDT,BINANCE,TRADE,1904.86,0.0338
2026-07-30 13:48:25,BTCUSDT,BINANCE,TRADE,64030,0.00257
2026-07-30 13:48:25,BTCUSDT,BINANCE,TRADE,64030,8e-05
2026-07-30 13:48:25,BTCUSDT,BINANCE,TRADE,64030,0.00157
2026-07-30 13:48:25,BTCUSDT,BINANCE,TRADE,64030,0.00078
2026-07-30 13:48:25,BTCUSDT,BINANCE,TRADE,64030,0.005
2026-07-30 13:48:25,BTCUSDT,BINANCE,TRADE,64030,0.00029
2026-07-30 13:48:25,BTCUSDT,BINANCE,TRADE,64030,0.00393
2026-07-30 13:48:25,BTCUSDT,BINANCE,TRADE,64030,0.0001
2026-07-30 13:48:25,BTCUSDT,BINANCE,TRADE,64030,0.00105
2026-07-30 13:48:25,BTCUSDT,BINANCE,TRADE,64030,0.005
2026-07-30 13:48:25,BTCUSDT,BINANCE,TRADE,64030,8e-05
2026-07-30 13:48:25,BTCUSDT,BINANCE,TRADE,64030,8e-05
2026-07-30 13:48:25,BTCUSDT,BINANCE,TRADE,64030,8e-05
2026-07-30 13:48:25,BTCUSDT,BINANCE,TRADE,64030,0.00113
2026-07-30 13:48:25,BTCUSDT,BINANCE,TRADE,64030,8e-05
2026-07-30 13:48:25,BTCUSDT,BINANCE,TRADE,64030,8e-05
2026-07-30 13:48:25,BTCUSDT,BINANCE,TRADE,64030,8e-05
2026-07-30 13:48:25,BTCUSDT,BINANCE,TRADE,64030,0.00016
2026-07-30 13:48:25,BTCUSDT,BINANCE,TRADE,64030,9e-05
2026-07-30 13:48:25,BTCUSDT,BINANCE,TRADE,64030,8e-05
2026-07-30 13:48:25,BTCUSDT,BINANCE,TRADE,64030,0.005
2026-07-30 13:48:25,BTCUSDT,BINANCE,TRADE,64030,8e-05
2026-07-30 13:48:25,BTCUSDT,BINANCE,TRADE,64030,8e-05
2026-07-30 13:48:25,BTCUSDT,BINANCE,TRADE,64030,8e-05
2026-07-30 13:48:25,BTCUSDT,BINANCE,TRADE,64030,8e-05
2026-07-30 13:48:25,BTCUSDT,BINANCE,TRADE,64030,0.005
2026-07-30 13:48:25,BTCUSDT,BINANCE,TRADE,64030,9e-05
2026-07-30 13:48:25,BTCUSDT,BINANCE,TRADE,64030,8e-05
2026-07-30 13:48:25,BTCUSDT,BINANCE,TRADE,64030,9e-05
2026-07-30 13:48:25,BTCUSDT,BINANCE,TRADE,64030,9e-05
2026-07-30 13:48:25,BTCUSDT,BINANCE,TRADE,64030,8e-05
2026-07-30 13:48:25,BTCUSDT,BINANCE,TRADE,64030,0.005
2026-07-30 13:48:25,BTCUSDT,BINANCE,TRADE,64030,8e-05
2026-07-30 13:48:25,BTCUSDT,BINANCE,TRADE,64030,0.00157
2026-07-30 13:48:25,BTCUSDT,BINANCE,TRADE,64030,8e-05
2026-07-30 13:48:25,BTCUSDT,BINANCE,TRADE,64030,8e-05
2026-07-30 13:48:25,BTCUSDT,BINANCE,TRADE,64030,8e-05
2026-07-30 13:48:25,BTCUSDT,BINANCE,TRADE,64030,8e-05
2026-07-30 13:48:25,BTCUSDT,BINANCE,TRADE,64030,8e-05
2026-07-30 13:48:25,BTCUSDT,BINANCE,TRADE,64030,8e-05
2026-07-30 13:48:25,BTCUSDT,BINANCE,TRADE,64030,8e-05
2026-07-30 13:48:25,BTCUSDT,BINANCE,TRADE,64030,8e-05
2026-07-30 13:48:25,BTCUSDT,BINANCE,TRADE,64030,8e-05
2026-07-30 13:48:25,BTCUSDT,BINANCE,TRADE,64030,8e-05
2026-07-30 13:48:25,BTCUSDT,BINANCE,TRADE,64030,9e-05
2026-07-30 13:48:25,BTCUSDT,BINANCE,TRADE,64030,9e-05
2026-07-30 13:48:25,BTCUSDT,BINANCE,TRADE,64030,0.00016
2026-07-30 13:48:25,BTCUSDT,BINANCE,TRADE,64030,8e-05
2026-07-30 13:48:25,BTCUSDT,BINANCE,TRADE,64030,8e-05
2026-07-30 13:48:25,BTCUSDT,BINANCE,TRADE,64030,8e-05
2026-07-30 13:48:25,BTCUSDT,BINANCE,TRADE,64030,8e-05
2026-07-30 13:48:25,BTCUSDT,BINANCE,TRADE,64030,8e-05
2026-07-30 13:48:25,BTCUSDT,BINANCE,TRADE,64030,8e-05
2026-07-30 13:48:25,BTCUSDT,BINANCE,TRADE,64030,0.00016
2026-07-30 13:48:25,BTCUSDT,BINANCE,TRADE,64030,0.00042
2026-07-30 13:48:25,BTCUSDT,BINANCE,TRADE,64029.9,0.00048
2026-07-30 13:48:25,BTCUSDT,BINANCE,TRADE,64029.9,9e-05
2026-07-30 13:48:25,BTCUSDT,BINANCE,TRADE,64029.8,8e-05
2026-07-30 13:48:25,BTCUSDT,BINANCE,TRADE,64029.8,8e-05
2026-07-30 13:48:25,BTCUSDT,BINANCE,TRADE,64029.8,8e-05
2026-07-30 13:48:25,BTCUSDT,BINANCE,TRADE,64029.8,8e-05
2026-07-30 13:48:25,BTCUSDT,BINANCE,TRADE,64029.8,8e-05
2026-07-30 13:48:25,BTCUSDT,BINANCE,TRADE,64029.7,8e-05
2026-07-30 13:48:25,BTCUSDT,BINANCE,TRADE,64029.7,0.00024
2026-07-30 13:48:25,BTCUSDT,BINANCE,TRADE,64029.7,8e-05
2026-07-30 13:48:25,BTCUSDT,BINANCE,TRADE,64029.7,8e-05
2026-07-30 13:48:25,BTCUSDT,BINANCE,TRADE,64029.6,8e-05
2026-07-30 13:48:25,BTCUSDT,BINANCE,TRADE,64029.6,8e-05
2026-07-30 13:48:25,BTCUSDT,BINANCE,TRADE,64029.6,8e-05
2026-07-30 13:48:25,BTCUSDT,BINANCE,TRADE,64029.6,8e-05
2026-07-30 13:48:25,BTCUSDT,BINANCE,TRADE,64029.6,8e-05
2026-07-30 13:48:25,BTCUSDT,BINANCE,TRADE,64029.6,8e-05
2026-07-30 13:48:25,BTCUSDT,BINANCE,TRADE,64029.6,8e-05
2026-07-30 13:48:25,BTCUSDT,BINANCE,TRADE,64029.6,8e-05
2026-07-30 13:48:25,BTCUSDT,BINANCE,TRADE,64028.9,8e-05
2026-07-30 13:48:25,BTCUSDT,BINANCE,TRADE,64028.6,8e-05
2026-07-30 13:48:25,BTCUSDT,BINANCE,TRADE,64028.6,8e-05
2026-07-30 13:48:25,BTCUSDT,BINANCE,TRADE,64028.5,9e-05
2026-07-30 13:48:25,BTCUSDT,BINANCE,TRADE,64028.5,9e-05
2026-07-30 13:48:25,BTCUSDT,BINANCE,TRADE,64028.5,9e-05
2026-07-30 13:48:25,BTCUSDT,BINANCE,TRADE,64028.4,0.00234
2026-07-30 13:48:25,BTCUSDT,BINANCE,TRADE,64028.4,0.02108
2026-07-30 13:48:25,BTCUSDT,BINANCE,TRADE,64028.4,9e-05
2026-07-30 13:48:25,BTCUSDT,BINANCE,TRADE,64028.4,9e-05
2026-07-30 13:48:25,BTCUSDT,BINANCE,TRADE,64028.3,8e-05
2026-07-30 13:48:25,BTCUSDT,BINANCE,TRADE,64028,9e-05
2026-07-30 13:48:25,BTCUSDT,BINANCE,TRADE,64028,9e-05
2026-07-30 13:48:25,BTCUSDT,BINANCE,TRADE,64028,9e-05
2026-07-30 13:48:25,BTCUSDT,BINANCE,TRADE,64028,0.006
2026-07-30 13:48:25,BTCUSDT,BINANCE,TRADE,64028,0.005
2026-07-30 13:48:25,BTCUSDT,BINANCE,TRADE,64028,0.008
2026-07-30 13:48:25,BTCUSDT,BINANCE,TRADE,64028,0.005
2026-07-30 13:48:25,BTCUSDT,BINANCE,TRADE,64028,9e-05
2026-07-30 13:48:25,BTCUSDT,BINANCE,TRADE,64028,9e-05
2026-07-30 13:48:25,BTCUSDT,BINANCE,TRADE,64027.7,0.00044
2026-07-30 13:48:25,BTCUSDT,BINANCE,TRADE,64027.6,8e-05
2026-07-30 13:48:25,BTCUSDT,BINANCE,TRADE,64026.7,9e-05
2026-07-30 13:48:25,BTCUSDT,BINANCE,TRADE,64026.6,9e-05
2026-07-30 13:48:25,BTCUSDT,BINANCE,TRADE,64026.6,9e-05
2026-07-30 13:48:25,BTCUSDT,BINANCE,TRADE,64026.6,9e-05
2026-07-30 13:48:25,BTCUSDT,BINANCE,TRADE,64026.6,0.0001
2026-07-30 13:48:25,BTCUSDT,BINANCE,TRADE,64026.6,0.01
2026-07-30 13:48:25,BTCUSDT,BINANCE,TRADE,64026.6,0.00128
2026-07-30 13:48:25,BTCUSDT,BINANCE,TRADE,64026.6,0.005
2026-07-30 13:48:25,BTCUSDT,BINANCE,TRADE,64026.6,0.00026
2026-07-30 13:48:25,BTCUSDT,BINANCE,TRADE,64026.6,0.002
2026-07-30 13:48:25,BTCUSDT,BINANCE,TRADE,64026.6,0.00201
2026-07-30 13:48:25,BTCUSDT,BINANCE,TRADE,64026.6,0.005
2026-07-30 13:48:25,BTCUSDT,BINANCE,TRADE,64026.6,0.005
2026-07-30 13:48:26,BTCUSDT,BINANCE,TRADE,64026.6,9e-05
2026-07-30 13:48:26,BTCUSDT,BINANCE,TRADE,64026.6,9e-05
2026-07-30 13:48:26,BTCUSDT,BINANCE,TRADE,64026.6,8e-05
2026-07-30 13:48:26,BTCUSDT,BINANCE,TRADE,64026.6,5e-05
2026-07-30 13:48:26,ETHUSDT,BINANCE,TRADE,1904.85,0.0027
2026-07-30 13:48:26,ETHUSDT,BINANCE,TRADE,1904.85,0.0003
2026-07-30 13:48:26,BTCUSDT,BINANCE,TRADE,64026.6,3e-05
2026-07-30 13:48:26,BTCUSDT,BINANCE,TRADE,64026.6,8e-05
2026-07-30 13:48:26,BTCUSDT,BINANCE,TRADE,64026.6,8e-05
2026-07-30 13:48:26,BTCUSDT,BINANCE,TRADE,64026.6,8e-05
2026-07-30 13:48:26,BTCUSDT,BINANCE,TRADE,64026.6,8e-05
2026-07-30 13:48:26,BTCUSDT,BINANCE,TRADE,64026.6,8e-05
2026-07-30 13:48:26,BTCUSDT,BINANCE,TRADE,64026.6,8e-05
2026-07-30 13:48:26,BTCUSDT,BINANCE,TRADE,64026.6,8e-05
2026-07-30 13:48:26,BTCUSDT,BINANCE,TRADE,64026.6,0.003
2026-07-30 13:48:26,BTCUSDT,BINANCE,TRADE,64026.6,8e-05
2026-07-30 13:48:26,BTCUSDT,BINANCE,TRADE,64026.6,0.003
2026-07-30 13:48:26,BTCUSDT,BINANCE,TRADE,64026.6,0.003
2026-07-30 13:48:26,BTCUSDT,BINANCE,TRADE,64026.6,0.003
2026-07-30 13:48:26,BTCUSDT,BINANCE,TRADE,64026.6,0.003
2026-07-30 13:48:26,BTCUSDT,BINANCE,TRADE,64026.6,0.003
2026-07-30 13:48:26,BTCUSDT,BINANCE,TRADE,64026.6,8e-05
2026-07-30 13:48:26,BTCUSDT,BINANCE,TRADE,64026.6,8e-05
2026-07-30 13:48:26,BTCUSDT,BINANCE,TRADE,64026.6,8e-05
2026-07-30 13:48:26,BTCUSDT,BINANCE,TRADE,64026.6,9e-05
2026-07-30 13:48:26,BTCUSDT,BINANCE,TRADE,64026.6,0.005
2026-07-30 13:48:26,BTCUSDT,BINANCE,TRADE,64026.6,8e-05
2026-07-30 13:48:26,BTCUSDT,BINANCE,TRADE,64026.6,0.00868
2026-07-30 13:48:26,BTCUSDT,BINANCE,TRADE,64026.6,0.00132
2026-07-30 13:48:26,BTCUSDT,BINANCE,TRADE,64026.6,8e-05
2026-07-30 13:48:26,BTCUSDT,BINANCE,TRADE,64026.6,0.0036
2026-07-30 13:48:26,BTCUSDT,BINANCE,TRADE,64026.6,0.0014
2026-07-30 13:48:26,BTCUSDT,BINANCE,TRADE,64026.6,0.005
2026-07-30 13:48:26,BTCUSDT,BINANCE,TRADE,64026.6,8e-05
2026-07-30 13:48:26,BTCUSDT,BINANCE,TRADE,64026.6,9e-05
2026-07-30 13:48:26,BTCUSDT,BINANCE,TRADE,64026.6,9e-05
2026-07-30 13:48:26,BTCUSDT,BINANCE,TRADE,64026.6,0.00334
2026-07-30 13:48:26,BTCUSDT,BINANCE,TRADE,64026.6,0.00166
2026-07-30 13:48:26,BTCUSDT,BINANCE,TRADE,64026.6,8e-05
2026-07-30 13:48:26,BTCUSDT,BINANCE,TRADE,64026.6,8e-05
2026-07-30 13:48:26,BTCUSDT,BINANCE,TRADE,64026.6,0.00318
2026-07-30 13:48:26,BTCUSDT,BINANCE,TRADE,64026.6,8e-05
2026-07-30 13:48:26,BTCUSDT,BINANCE,TRADE,64026.6,8e-05
2026-07-30 13:48:26,BTCUSDT,BINANCE,TRADE,64026.6,8e-05
2026-07-30 13:48:26,BTCUSDT,BINANCE,TRADE,64026.6,9e-05
2026-07-30 13:48:26,BTCUSDT,BINANCE,TRADE,64026.6,8e-05
2026-07-30 13:48:26,BTCUSDT,BINANCE,TRADE,64026.6,8e-05
2026-07-30 13:48:26,BTCUSDT,BINANCE,TRADE,64026.6,8e-05
2026-07-30 13:48:26,BTCUSDT,BINANCE,TRADE,64026.6,8e-05
2026-07-30 13:48:26,BTCUSDT,BINANCE,TRADE,64026.6,8e-05
2026-07-30 13:48:26,BTCUSDT,BINANCE,TRADE,64026.6,8e-05
2026-07-30 13:48:26,BTCUSDT,BINANCE,TRADE,64026.6,0.0001
2026-07-30 13:48:26,BTCUSDT,BINANCE,TRADE,64026.6,8e-05
2026-07-30 13:48:26,BTCUSDT,BINANCE,TRADE,64026.6,8e-05
2026-07-30 13:48:26,BTCUSDT,BINANCE,TRADE,64026.6,9e-05
2026-07-30 13:48:26,BTCUSDT,BINANCE,TRADE,64026.6,9e-05
2026-07-30 13:48:26,BTCUSDT,BINANCE,TRADE,64026.6,0.00375
2026-07-30 13:48:26,BTCUSDT,BINANCE,TRADE,64026.6,0.00125
2026-07-30 13:48:26,BTCUSDT,BINANCE,TRADE,64026.6,8e-05
2026-07-30 13:48:26,BTCUSDT,BINANCE,TRADE,64026.6,8e-05
2026-07-30 13:48:26,BTCUSDT,BINANCE,TRADE,64026.6,8e-05
2026-07-30 13:48:26,BTCUSDT,BINANCE,TRADE,64026.6,0.00351
2026-07-30 13:48:26,BTCUSDT,BINANCE,TRADE,64026.6,0.00017
2026-07-30 13:48:26,BTCUSDT,BINANCE,TRADE,64026.6,0.0001
2026-07-30 13:48:26,BTCUSDT,BINANCE,TRADE,64026.6,0.0001
2026-07-30 13:48:26,ETHUSDT,BINANCE,TRADE,1904.85,0.0024
2026-07-30 13:48:26,ETHUSDT,BINANCE,TRADE,1904.85,0.0027
2026-07-30 13:48:26,ETHUSDT,BINANCE,TRADE,1904.85,0.0028
2026-07-30 13:48:26,ETHUSDT,BINANCE,TRADE,1904.85,0.0005
2026-07-30 13:48:26,BTCUSDT,BINANCE,TRADE,64026.6,0.005
2026-07-30 13:48:26,BTCUSDT,BINANCE,TRADE,64026.6,0.00112
2026-07-30 13:48:26,BTCUSDT,BINANCE,TRADE,64026.6,0.00206
2026-07-30 13:48:26,BTCUSDT,BINANCE,TRADE,64026.6,0.00294
2026-07-30 13:48:26,BTCUSDT,BINANCE,TRADE,64026.6,8e-05
2026-07-30 13:48:26,BTCUSDT,BINANCE,TRADE,64026.6,9e-05
2026-07-30 13:48:26,BTCUSDT,BINANCE,TRADE,64026.6,8e-05
2026-07-30 13:48:26,BTCUSDT,BINANCE,TRADE,64026.6,9e-05
2026-07-30 13:48:26,BTCUSDT,BINANCE,TRADE,64026.6,8e-05
2026-07-30 13:48:26,BTCUSDT,BINANCE,TRADE,64026.6,9e-05
2026-07-30 13:48:26,BTCUSDT,BINANCE,TRADE,64026.6,8e-05
2026-07-30 13:48:26,BTCUSDT,BINANCE,TRADE,64026.6,8e-05
2026-07-30 13:48:26,BTCUSDT,BINANCE,TRADE,64026.6,8e-05
2026-07-30 13:48:26,BTCUSDT,BINANCE,TRADE,64026.6,8e-05
2026-07-30 13:48:26,BTCUSDT,BINANCE,TRADE,64026.6,8e-05
2026-07-30 13:48:26,BTCUSDT,BINANCE,TRADE,64026.6,8e-05
2026-07-30 13:48:26,BTCUSDT,BINANCE,TRADE,64026.6,8e-05
2026-07-30 13:48:26,BTCUSDT,BINANCE,TRADE,64026.6,8e-05
2026-07-30 13:48:26,BTCUSDT,BINANCE,TRADE,64026.6,8e-05
2026-07-30 13:48:26,BTCUSDT,BINANCE,TRADE,64026.6,0.00583
2026-07-30 13:48:26,BTCUSDT,BINANCE,TRADE,64026.6,0.005
2026-07-30 13:48:26,BTCUSDT,BINANCE,TRADE,64026.6,0.0013
2026-07-30 13:48:26,BTCUSDT,BINANCE,TRADE,64026.6,0.002
2026-07-30 13:48:26,ETHUSDT,BINANCE,TRADE,1904.85,0.0022
2026-07-30 13:48:26,ETHUSDT,BINANCE,TRADE,1904.85,0.0027
2026-07-30 13:48:26,ETHUSDT,BINANCE,TRADE,1904.85,0.0001
2026-07-30 13:48:26,BTCUSDT,BINANCE,TRADE,64026.6,0.002
2026-07-30 13:48:26,BTCUSDT,BINANCE,TRADE,64026.6,0.00019
2026-07-30 13:48:26,BTCUSDT,BINANCE,TRADE,64026.6,0.01874
2026-07-30 13:48:26,BTCUSDT,BINANCE,TRADE,64026.6,0.00045
2026-07-30 13:48:26,ETHUSDT,BINANCE,TRADE,1904.85,0.0026
2026-07-30 13:48:26,ETHUSDT,BINANCE,TRADE,1904.85,0.0027
2026-07-30 13:48:26,ETHUSDT,BINANCE,TRADE,1904.85,0.0027
2026-07-30 13:48:26,ETHUSDT,BINANCE,TRADE,1904.85,0.0023
2026-07-30 13:48:26,BTCUSDT,BINANCE,TRADE,64026.6,0.00224
2026-07-30 13:48:26,BTCUSDT,BINANCE,TRADE,64026.6,0.00017
2026-07-30 13:48:26,BTCUSDT,BINANCE,TRADE,64026.6,0.00281
2026-07-30 13:48:26,ETHUSDT,BINANCE,TRADE,1904.85,0.0005
2026-07-30 13:48:26,ETHUSDT,BINANCE,TRADE,1904.85,0.0028
2026-07-30 13:48:26,ETHUSDT,BINANCE,TRADE,1904.85,0.0189
2026-07-30 13:48:26,BTCUSDT,BINANCE,TRADE,64026.6,0.01563
2026-07-30 13:48:26,BTCUSDT,BINANCE,TRADE,64026.6,0.0013
2026-07-30 13:48:26,BTCUSDT,BINANCE,TRADE,64026.6,0.00017
2026-07-30 13:48:26,BTCUSDT,BINANCE,TRADE,64026.6,0.00456
2026-07-30 13:48:26,BTCUSDT,BINANCE,TRADE,64026.6,0.00032
2026-07-30 13:48:26,BTCUSDT,BINANCE,TRADE,64026.6,0.00023
2026-07-30 13:48:26,BTCUSDT,BINANCE,TRADE,64026.6,0.00157
2026-07-30 13:48:26,BTCUSDT,BINANCE,TRADE,64026.6,0.00016
2026-07-30 13:48:26,BTCUSDT,BINANCE,TRADE,64026.6,0.00038
2026-07-30 13:48:26,ETHUSDT,BINANCE,TRADE,1904.86,0.0027
2026-07-30 13:48:26,BTCUSDT,BINANCE,TRADE,64026.6,0.005
2026-07-30 13:48:26,BTCUSDT,BINANCE,TRADE,64026.6,0.00159
2026-07-30 13:48:26,BTCUSDT,BINANCE,TRADE,64026.6,0.0013
2026-07-30 13:48:26,BTCUSDT,BINANCE,TRADE,64026.6,0.01434
2026-07-30 13:48:26,BTCUSDT,BINANCE,TRADE,64026.6,0.00019
2026-07-30 13:48:27,BTCUSDT,BINANCE,TRADE,64026.6,0.00398
2026-07-30 13:48:27,BTCUSDT,BINANCE,TRADE,64026.6,0.00078
2026-07-30 13:48:27,BTCUSDT,BINANCE,TRADE,64026.6,0.00019
2026-07-30 13:48:27,BTCUSDT,BINANCE,TRADE,64026.6,0.002
2026-07-30 13:48:27,ETHUSDT,BINANCE,TRADE,1904.85,0.003
2026-07-30 13:48:27,BTCUSDT,BINANCE,TRADE,64026.6,0.00509
2026-07-30 13:48:27,ETHUSDT,BINANCE,TRADE,1904.85,0.0028
2026-07-30 13:48:27,ETHUSDT,BINANCE,TRADE,1904.85,0.0027
2026-07-30 13:48:27,ETHUSDT,BINANCE,TRADE,1904.85,0.0027
2026-07-30 13:48:27,ETHUSDT,BINANCE,TRADE,1904.85,0.0031
2026-07-30 13:48:27,ETHUSDT,BINANCE,TRADE,1904.85,0.0032
2026-07-30 13:48:27,ETHUSDT,BINANCE,TRADE,1904.85,0.0032
2026-07-30 13:48:27,ETHUSDT,BINANCE,TRADE,1904.85,0.0027
2026-07-30 13:48:27,ETHUSDT,BINANCE,TRADE,1904.85,0.0027
2026-07-30 13:48:27,ETHUSDT,BINANCE,TRADE,1904.85,0.0027
2026-07-30 13:48:27,ETHUSDT,BINANCE,TRADE,1904.85,0.0027
2026-07-30 13:48:27,ETHUSDT,BINANCE,TRADE,1904.85,0.0027
2026-07-30 13:48:27,ETHUSDT,BINANCE,TRADE,1904.85,0.0027
2026-07-30 13:48:27,ETHUSDT,BINANCE,TRADE,1904.85,0.0028
2026-07-30 13:48:27,ETHUSDT,BINANCE,TRADE,1904.85,0.0027
2026-07-30 13:48:27,ETHUSDT,BINANCE,TRADE,1904.85,0.0027
2026-07-30 13:48:27,ETHUSDT,BINANCE,TRADE,1904.85,0.0027
2026-07-30 13:48:27,ETHUSDT,BINANCE,TRADE,1904.85,0.0027
2026-07-30 13:48:27,ETHUSDT,BINANCE,TRADE,1904.85,0.0027
2026-07-30 13:48:27,ETHUSDT,BINANCE,TRADE,1904.85,0.0027
2026-07-30 13:48:27,ETHUSDT,BINANCE,TRADE,1904.84,0.0027
2026-07-30 13:48:27,ETHUSDT,BINANCE,TRADE,1904.84,0.0027
2026-07-30 13:48:27,ETHUSDT,BINANCE,TRADE,1904.84,0.0027
2026-07-30 13:48:27,ETHUSDT,BINANCE,TRADE,1904.84,0.0028
2026-07-30 13:48:27,ETHUSDT,BINANCE,TRADE,1904.83,0.0027
2026-07-30 13:48:27,ETHUSDT,BINANCE,TRADE,1904.83,0.0027
2026-07-30 13:48:27,ETHUSDT,BINANCE,TRADE,1904.83,0.0028
2026-07-30 13:48:27,ETHUSDT,BINANCE,TRADE,1904.83,0.0027
2026-07-30 13:48:27,ETHUSDT,BINANCE,TRADE,1904.83,0.0027
2026-07-30 13:48:27,ETHUSDT,BINANCE,TRADE,1904.82,0.0027
2026-07-30 13:48:27,ETHUSDT,BINANCE,TRADE,1904.82,0.0027
2026-07-30 13:48:27,ETHUSDT,BINANCE,TRADE,1904.82,0.0028
2026-07-30 13:48:27,ETHUSDT,BINANCE,TRADE,1904.82,0.0027
2026-07-30 13:48:27,ETHUSDT,BINANCE,TRADE,1904.82,0.0027
2026-07-30 13:48:27,ETHUSDT,BINANCE,TRADE,1904.82,0.0027
2026-07-30 13:48:27,ETHUSDT,BINANCE,TRADE,1904.82,0.0027
2026-07-30 13:48:27,ETHUSDT,BINANCE,TRADE,1904.82,0.0027
2026-07-30 13:48:27,ETHUSDT,BINANCE,TRADE,1904.81,0.0028
2026-07-30 13:48:27,ETHUSDT,BINANCE,TRADE,1904.8,0.0032
2026-07-30 13:48:27,ETHUSDT,BINANCE,TRADE,1904.8,0.0027
2026-07-30 13:48:27,ETHUSDT,BINANCE,TRADE,1904.8,0.0028
2026-07-30 13:48:27,ETHUSDT,BINANCE,TRADE,1904.8,0.0027
2026-07-30 13:48:27,ETHUSDT,BINANCE,TRADE,1904.79,0.0027
2026-07-30 13:48:27,ETHUSDT,BINANCE,TRADE,1904.79,0.0028
2026-07-30 13:48:27,ETHUSDT,BINANCE,TRADE,1904.79,0.0027
2026-07-30 13:48:27,ETHUSDT,BINANCE,TRADE,1904.79,0.0027
2026-07-30 13:48:27,ETHUSDT,BINANCE,TRADE,1904.79,0.0027
2026-07-30 13:48:27,ETHUSDT,BINANCE,TRADE,1904.79,0.0027
2026-07-30 13:48:27,ETHUSDT,BINANCE,TRADE,1904.78,0.0027
2026-07-30 13:48:27,ETHUSDT,BINANCE,TRADE,1904.78,0.0027
2026-07-30 13:48:27,ETHUSDT,BINANCE,TRADE,1904.78,0.0028
2026-07-30 13:48:27,ETHUSDT,BINANCE,TRADE,1904.78,0.0027
2026-07-30 13:48:27,ETHUSDT,BINANCE,TRADE,1904.78,0.0027
2026-07-30 13:48:27,ETHUSDT,BINANCE,TRADE,1904.78,0.0027
2026-07-30 13:48:27,ETHUSDT,BINANCE,TRADE,1904.78,0.0027
2026-07-30 13:48:27,ETHUSDT,BINANCE,TRADE,1904.78,0.0027
2026-07-30 13:48:27,ETHUSDT,BINANCE,TRADE,1904.77,0.0027
2026-07-30 13:48:27,ETHUSDT,BINANCE,TRADE,1904.77,0.0028
2026-07-30 13:48:27,ETHUSDT,BINANCE,TRADE,1904.77,0.0027
2026-07-30 13:48:27,ETHUSDT,BINANCE,TRADE,1904.76,0.003
2026-07-30 13:48:27,ETHUSDT,BINANCE,TRADE,1904.76,0.0027
2026-07-30 13:48:27,ETHUSDT,BINANCE,TRADE,1904.76,0.0027
2026-07-30 13:48:27,ETHUSDT,BINANCE,TRADE,1904.76,0.0028
2026-07-30 13:48:27,ETHUSDT,BINANCE,TRADE,1904.76,0.0027
2026-07-30 13:48:27,ETHUSDT,BINANCE,TRADE,1904.76,0.0027
2026-07-30 13:48:27,ETHUSDT,BINANCE,TRADE,1904.76,0.0027
2026-07-30 13:48:27,ETHUSDT,BINANCE,TRADE,1904.76,0.0027
2026-07-30 13:48:27,ETHUSDT,BINANCE,TRADE,1904.74,0.0027
2026-07-30 13:48:27,ETHUSDT,BINANCE,TRADE,1904.74,0.0028
2026-07-30 13:48:27,ETHUSDT,BINANCE,TRADE,1904.74,0.0028
2026-07-30 13:48:27,ETHUSDT,BINANCE,TRADE,1904.74,0.0028
2026-07-30 13:48:27,ETHUSDT,BINANCE,TRADE,1904.73,0.0027
2026-07-30 13:48:27,ETHUSDT,BINANCE,TRADE,1904.73,0.0028
2026-07-30 13:48:27,ETHUSDT,BINANCE,TRADE,1904.73,0.0028
2026-07-30 13:48:27,ETHUSDT,BINANCE,TRADE,1904.73,0.0375
2026-07-30 13:48:27,BTCUSDT,BINANCE,TRADE,64026.6,0.00021
2026-07-30 13:48:27,BTCUSDT,BINANCE,TRADE,64026.6,0.0013
2026-07-30 13:48:27,SOLUSDT,BINANCE,TRADE,73.43,11.439
2026-07-30 13:48:27,BTCUSDT,BINANCE,TRADE,64026.6,0.00022
2026-07-30 13:48:27,BTCUSDT,BINANCE,TRADE,64026.6,0.00033
2026-07-30 13:48:27,BTCUSDT,BINANCE,TRADE,64026.6,0.00084
2026-07-30 13:48:27,BTCUSDT,BINANCE,TRADE,64026.6,9e-05
2026-07-30 13:48:27,BTCUSDT,BINANCE,TRADE,64026.6,0.00029
2026-07-30 13:48:27,BTCUSDT,BINANCE,TRADE,64026.6,0.00164
2026-07-30 13:48:27,BTCUSDT,BINANCE,TRADE,64026.6,8e-05
2026-07-30 13:48:27,BTCUSDT,BINANCE,TRADE,64026.6,0.0003
2026-07-30 13:48:27,ETHUSDT,BINANCE,TRADE,1904.73,0.0027
2026-07-30 13:48:27,ETHUSDT,BINANCE,TRADE,1904.73,0.0027
2026-07-30 13:48:27,ETHUSDT,BINANCE,TRADE,1904.73,0.0284
2026-07-30 13:48:27,ETHUSDT,BINANCE,TRADE,1904.74,0.0287
2026-07-30 13:48:27,BTCUSDT,BINANCE,TRADE,64026.6,0.0047
2026-07-30 13:48:27,BTCUSDT,BINANCE,TRADE,64026.6,8e-05
2026-07-30 13:48:27,BTCUSDT,BINANCE,TRADE,64026.6,8e-05
2026-07-30 13:48:27,BTCUSDT,BINANCE,TRADE,64026.6,9e-05
2026-07-30 13:48:27,BTCUSDT,BINANCE,TRADE,64026.6,9e-05
2026-07-30 13:48:27,BTCUSDT,BINANCE,TRADE,64026.6,9e-05
2026-07-30 13:48:27,BTCUSDT,BINANCE,TRADE,64026.6,8e-05
2026-07-30 13:48:27,BTCUSDT,BINANCE,TRADE,64026.6,8e-05
2026-07-30 13:48:27,BTCUSDT,BINANCE,TRADE,64026.6,8e-05
2026-07-30 13:48:27,BTCUSDT,BINANCE,TRADE,64026.6,8e-05
2026-07-30 13:48:27,BTCUSDT,BINANCE,TRADE,64026.6,8e-05
2026-07-30 13:48:27,BTCUSDT,BINANCE,TRADE,64026.6,0.005
2026-07-30 13:48:27,BTCUSDT,BINANCE,TRADE,64026.6,0.005
2026-07-30 13:48:27,BTCUSDT,BINANCE,TRADE,64026.6,0.00132
2026-07-30 13:48:27,BTCUSDT,BINANCE,TRADE,64026.6,0.005
2026-07-30 13:48:27,ETHUSDT,BINANCE,TRADE,1904.74,0.0523
2026-07-30 13:48:27,BTCUSDT,BINANCE,TRADE,64026.6,0.00029
2026-07-30 13:48:27,BTCUSDT,BINANCE,TRADE,64026.6,0.00029
2026-07-30 13:48:27,BTCUSDT,BINANCE,TRADE,64026.6,0.00057
2026-07-30 13:48:27,BTCUSDT,BINANCE,TRADE,64026.6,0.00086
2026-07-30 13:48:27,BTCUSDT,BINANCE,TRADE,64026.6,0.00521
2026-07-30 13:48:27,BTCUSDT,BINANCE,TRADE,64026.6,0.00149
2026-07-30 13:48:27,BTCUSDT,BINANCE,TRADE,64026.6,0.00031
2026-07-30 13:48:27,BTCUSDT,BINANCE,TRADE,64026.6,0.00282
2026-07-30 13:48:27,BTCUSDT,BINANCE,TRADE,64026.6,0.00218
2026-07-30 13:48:27,BTCUSDT,BINANCE,TRADE,64026.6,0.00282
2026-07-30 13:48:27,BTCUSDT,BINANCE,TRADE,64026.6,8e-05
2026-07-30 13:48:27,BTCUSDT,BINANCE,TRADE,64026.6,8e-05
2026-07-30 13:48:27,BTCUSDT,BINANCE,TRADE,64026.6,8e-05
2026-07-30 13:48:27,BTCUSDT,BINANCE,TRADE,64026.6,8e-05
2026-07-30 13:48:27,BTCUSDT,BINANCE,TRADE,64026.6,9e-05
2026-07-30 13:48:27,BTCUSDT,BINANCE,TRADE,64026.6,0.0001
2026-07-30 13:48:27,BTCUSDT,BINANCE,TRADE,64026.6,8e-05
2026-07-30 13:48:27,BTCUSDT,BINANCE,TRADE,64026.6,0.00016
2026-07-30 13:48:27,BTCUSDT,BINANCE,TRADE,64026.6,8e-05
2026-07-30 13:48:27,BTCUSDT,BINANCE,TRADE,64026.6,8e-05
2026-07-30 13:48:27,BTCUSDT,BINANCE,TRADE,64026.6,0.00127
2026-07-30 13:48:27,BTCUSDT,BINANCE,TRADE,64026.6,0.01
2026-07-30 13:48:27,BTCUSDT,BINANCE,TRADE,64026.6,0.0001
2026-07-30 13:48:27,BTCUSDT,BINANCE,TRADE,64026.6,0.005
2026-07-30 13:48:27,BTCUSDT,BINANCE,TRADE,64026.6,0.00015
2026-07-30 13:48:27,BTCUSDT,BINANCE,TRADE,64026.6,0.00015
2026-07-30 13:48:27,SOLUSDT,BINANCE,TRADE,73.43,8.318
2026-07-30 13:48:27,BTCUSDT,BINANCE,TRADE,64026.6,0.01563
2026-07-30 13:48:27,BTCUSDT,BINANCE,TRADE,64026.6,0.00139
2026-07-30 13:48:27,BTCUSDT,BINANCE,TRADE,64026.6,0.00026
2026-07-30 13:48:27,BTCUSDT,BINANCE,TRADE,64026.6,0.00167
2026-07-30 13:48:27,BTCUSDT,BINANCE,TRADE,64026.6,0.0013
2026-07-30 13:48:27,BTCUSDT,BINANCE,TRADE,64026.6,0.00014
2026-07-30 13:48:27,BTCUSDT,BINANCE,TRADE,64026.6,0.00351
2026-07-30 13:48:27,BTCUSDT,BINANCE,TRADE,64026.6,0.00013
2026-07-30 13:48:27,BTCUSDT,BINANCE,TRADE,64026.6,0.00319
2026-07-30 13:48:27,BTCUSDT,BINANCE,TRADE,64026.6,0.00019
2026-07-30 13:48:27,BTCUSDT,BINANCE,TRADE,64026.6,0.00515
2026-07-30 13:48:27,BTCUSDT,BINANCE,TRADE,64026.6,0.00014
2026-07-30 13:48:27,BTCUSDT,BINANCE,TRADE,64026.6,0.0013
2026-07-30 13:48:27,ETHUSDT,BINANCE,TRADE,1904.74,0.0089
2026-07-30 13:48:27,BTCUSDT,BINANCE,TRADE,64026.6,0.00017
2026-07-30 13:48:28,BTCUSDT,BINANCE,TRADE,64026.6,0.00224
2026-07-30 13:48:28,BTCUSDT,BINANCE,TRADE,64026.6,0.00017
2026-07-30 13:48:28,BTCUSDT,BINANCE,TRADE,64026.6,0.00029
2026-07-30 13:48:28,BTCUSDT,BINANCE,TRADE,64026.6,0.01279
2026-07-30 13:48:28,BTCUSDT,BINANCE,TRADE,64026.6,0.00129
2026-07-30 13:48:28,BTCUSDT,BINANCE,TRADE,64026.6,0.00023
2026-07-30 13:48:28,BTCUSDT,BINANCE,TRADE,64026.6,0.00029
2026-07-30 13:48:28,BTCUSDT,BINANCE,TRADE,64026.6,0.00166
2026-07-30 13:48:28,BTCUSDT,BINANCE,TRADE,64026.6,0.00031
2026-07-30 13:48:28,BTCUSDT,BINANCE,TRADE,64026.6,0.01874
2026-07-30 13:48:28,BTCUSDT,BINANCE,TRADE,64026.6,0.0013
2026-07-30 13:48:28,BTCUSDT,BINANCE,TRADE,64026.6,0.002
2026-07-30 13:48:28,ETHUSDT,BINANCE,TRADE,1904.74,0.0027
2026-07-30 13:48:28,ETHUSDT,BINANCE,TRADE,1904.74,0.0027
2026-07-30 13:48:28,ETHUSDT,BINANCE,TRADE,1904.74,0.0028
2026-07-30 13:48:28,ETHUSDT,BINANCE,TRADE,1904.74,0.0027
2026-07-30 13:48:28,ETHUSDT,BINANCE,TRADE,1904.74,0.0053
2026-07-30 13:48:28,ETHUSDT,BINANCE,TRADE,1904.74,0.0027
2026-07-30 13:48:28,ETHUSDT,BINANCE,TRADE,1904.74,0.0031
2026-07-30 13:48:28,ETHUSDT,BINANCE,TRADE,1904.74,0.0031
2026-07-30 13:48:28,ETHUSDT,BINANCE,TRADE,1904.74,0.0028
2026-07-30 13:48:28,ETHUSDT,BINANCE,TRADE,1904.74,0.0027
2026-07-30 13:48:28,ETHUSDT,BINANCE,TRADE,1904.74,0.054
2026-07-30 13:48:28,ETHUSDT,BINANCE,TRADE,1904.74,0.084
2026-07-30 13:48:28,ETHUSDT,BINANCE,TRADE,1904.74,0.085
2026-07-30 13:48:28,ETHUSDT,BINANCE,TRADE,1904.74,0.0157
2026-07-30 13:48:28,ETHUSDT,BINANCE,TRADE,1904.74,0.0027
2026-07-30 13:48:28,ETHUSDT,BINANCE,TRADE,1904.74,0.0027
2026-07-30 13:48:28,ETHUSDT,BINANCE,TRADE,1904.74,0.0027
2026-07-30 13:48:28,ETHUSDT,BINANCE,TRADE,1904.74,0.0027
2026-07-30 13:48:28,ETHUSDT,BINANCE,TRADE,1904.74,0.0027
2026-07-30 13:48:28,ETHUSDT,BINANCE,TRADE,1904.74,0.0027
2026-07-30 13:48:28,ETHUSDT,BINANCE,TRADE,1904.74,0.0027
2026-07-30 13:48:28,ETHUSDT,BINANCE,TRADE,1904.74,0.0027
2026-07-30 13:48:28,ETHUSDT,BINANCE,TRADE,1904.74,0.0027
2026-07-30 13:48:28,ETHUSDT,BINANCE,TRADE,1904.74,0.0027
2026-07-30 13:48:28,ETHUSDT,BINANCE,TRADE,1904.74,0.0027
2026-07-30 13:48:28,ETHUSDT,BINANCE,TRADE,1904.74,0.0027
2026-07-30 13:48:28,ETHUSDT,BINANCE,TRADE,1904.74,0.0027
2026-07-30 13:48:28,ETHUSDT,BINANCE,TRADE,1904.74,0.0027
2026-07-30 13:48:28,ETHUSDT,BINANCE,TRADE,1904.74,0.0027
2026-07-30 13:48:28,ETHUSDT,BINANCE,TRADE,1904.74,0.0027
2026-07-30 13:48:28,ETHUSDT,BINANCE,TRADE,1904.74,0.0027
2026-07-30 13:48:28,ETHUSDT,BINANCE,TRADE,1904.75,0.0053
2026-07-30 13:48:28,ETHUSDT,BINANCE,TRADE,1904.75,0.0028
2026-07-30 13:48:28,ETHUSDT,BINANCE,TRADE,1904.76,0.0027
2026-07-30 13:48:28,ETHUSDT,BINANCE,TRADE,1904.76,0.0053
2026-07-30 13:48:28,ETHUSDT,BINANCE,TRADE,1904.76,0.0027
2026-07-30 13:48:28,ETHUSDT,BINANCE,TRADE,1904.76,0.0028
2026-07-30 13:48:28,ETHUSDT,BINANCE,TRADE,1904.78,0.0028
2026-07-30 13:48:28,ETHUSDT,BINANCE,TRADE,1904.78,0.0027
2026-07-30 13:48:28,ETHUSDT,BINANCE,TRADE,1904.79,0.0028
2026-07-30 13:48:28,ETHUSDT,BINANCE,TRADE,1904.8,0.0028
2026-07-30 13:48:28,ETHUSDT,BINANCE,TRADE,1904.81,0.0028
2026-07-30 13:48:28,ETHUSDT,BINANCE,TRADE,1904.82,0.0028
2026-07-30 13:48:28,ETHUSDT,BINANCE,TRADE,1904.82,0.0028
2026-07-30 13:48:28,ETHUSDT,BINANCE,TRADE,1904.82,0.0028
2026-07-30 13:48:28,ETHUSDT,BINANCE,TRADE,1904.82,0.0028
2026-07-30 13:48:28,BTCUSDT,BINANCE,TRADE,64026.6,0.00017
2026-07-30 13:48:28,ETHUSDT,BINANCE,TRADE,1904.83,0.0028
2026-07-30 13:48:28,ETHUSDT,BINANCE,TRADE,1904.83,0.0002
2026-07-30 13:48:28,BTCUSDT,BINANCE,TRADE,64026.6,0.00038
2026-07-30 13:48:28,BTCUSDT,BINANCE,TRADE,64026.6,0.0013
2026-07-30 13:48:28,BTCUSDT,BINANCE,TRADE,64026.6,0.00033
2026-07-30 13:48:28,BTCUSDT,BINANCE,TRADE,64026.6,0.00019
2026-07-30 13:48:28,BTCUSDT,BINANCE,TRADE,64026.6,0.00456
2026-07-30 13:48:28,ETHUSDT,BINANCE,TRADE,1904.82,0.2299
2026-07-30 13:48:28,BTCUSDT,BINANCE,TRADE,64026.6,0.01563
2026-07-30 13:48:28,ETHUSDT,BINANCE,TRADE,1904.82,0.0287
2026-07-30 13:48:28,BTCUSDT,BINANCE,TRADE,64026.6,0.63101
2026-07-30 13:48:28,BTCUSDT,BINANCE,TRADE,64026.6,0.00017
2026-07-30 13:48:28,BTCUSDT,BINANCE,TRADE,64026.6,0.00016
2026-07-30 13:48:28,BTCUSDT,BINANCE,TRADE,64026.6,0.002
2026-07-30 13:48:28,ETHUSDT,BINANCE,TRADE,1904.83,0.005
2026-07-30 13:48:28,ETHUSDT,BINANCE,TRADE,1904.83,0.0338
2026-07-30 13:48:28,BTCUSDT,BINANCE,TRADE,64026.6,0.00084
2026-07-30 13:48:28,BTCUSDT,BINANCE,TRADE,64026.6,0.00057
2026-07-30 13:48:28,BTCUSDT,BINANCE,TRADE,64026.6,0.00017
2026-07-30 13:48:28,ETHUSDT,BINANCE,TRADE,1904.83,0.0084
2026-07-30 13:48:28,BTCUSDT,BINANCE,TRADE,64026.6,0.00023
2026-07-30 13:48:29,BTCUSDT,BINANCE,TRADE,64026.6,0.0014
2026-07-30 13:48:29,BTCUSDT,BINANCE,TRADE,64026.6,0.0013
2026-07-30 13:48:29,BTCUSDT,BINANCE,TRADE,64026.6,0.00521
2026-07-30 13:48:29,BTCUSDT,BINANCE,TRADE,64026.6,0.00086
2026-07-30 13:48:29,BTCUSDT,BINANCE,TRADE,64026.6,0.00281
2026-07-30 13:48:29,BTCUSDT,BINANCE,TRADE,64026.6,0.0013
2026-07-30 13:48:29,BTCUSDT,BINANCE,TRADE,64026.6,0.00019
2026-07-30 13:48:29,BTCUSDT,BINANCE,TRADE,64026.6,0.00029
2026-07-30 13:48:29,BTCUSDT,BINANCE,TRADE,64026.6,0.00224
2026-07-30 13:48:29,BTCUSDT,BINANCE,TRADE,64026.6,0.00059
2026-07-30 13:48:29,BTCUSDT,BINANCE,TRADE,64026.6,0.00019
2026-07-30 13:48:29,BTCUSDT,BINANCE,TRADE,64026.6,0.00032
2026-07-30 13:48:29,BTCUSDT,BINANCE,TRADE,64026.6,0.00014
2026-07-30 13:48:29,BTCUSDT,BINANCE,TRADE,64026.6,0.00029
2026-07-30 13:48:29,BTCUSDT,BINANCE,TRADE,64026.6,0.00159
2026-07-30 13:48:29,BTCUSDT,BINANCE,TRADE,64026.6,0.00038
2026-07-30 13:48:29,BTCUSDT,BINANCE,TRADE,64026.6,0.00026
2026-07-30 13:48:29,BTCUSDT,BINANCE,TRADE,64026.6,0.00028
2026-07-30 13:48:29,ETHUSDT,BINANCE,TRADE,1904.83,0.0222
2026-07-30 13:48:29,BTCUSDT,BINANCE,TRADE,64026.6,0.01563
2026-07-30 13:48:29,BTCUSDT,BINANCE,TRADE,64026.6,0.0013
2026-07-30 13:48:29,BTCUSDT,BINANCE,TRADE,64026.6,0.00509
2026-07-30 13:48:29,BTCUSDT,BINANCE,TRADE,64026.6,0.00031
2026-07-30 13:48:29,BTCUSDT,BINANCE,TRADE,64026.6,0.00017
2026-07-30 13:48:29,BTCUSDT,BINANCE,TRADE,64026.6,0.00139
2026-07-30 13:48:29,BTCUSDT,BINANCE,TRADE,64026.6,0.00201
2026-07-30 13:48:29,SOLUSDT,BINANCE,TRADE,73.43,0.482
2026-07-30 13:48:29,BTCUSDT,BINANCE,TRADE,64026.6,0.00037
2026-07-30 13:48:30,ETHUSDT,BINANCE,TRADE,1904.82,0.0523
2026-07-30 13:48:30,BTCUSDT,BINANCE,TRADE,64026.6,0.01874
2026-07-30 13:48:30,BTCUSDT,BINANCE,TRADE,64026.6,0.00014
2026-07-30 13:48:30,BTCUSDT,BINANCE,TRADE,64026.6,0.00019
2026-07-30 13:48:30,ETHUSDT,BINANCE,TRADE,1904.82,0.0338
2026-07-30 13:48:30,BTCUSDT,BINANCE,TRADE,64026.6,0.0013
2026-07-30 13:48:30,BTCUSDT,BINANCE,TRADE,64026.6,0.00017
2026-07-30 13:48:30,ETHUSDT,BINANCE,TRADE,1904.83,0.2384
2026-07-30 13:48:30,BTCUSDT,BINANCE,TRADE,64026.6,0.00129
2026-07-30 13:48:30,BTCUSDT,BINANCE,TRADE,64026.6,0.00398
2026-07-30 13:48:30,BTCUSDT,BINANCE,TRADE,64026.6,0.00057
2026-07-30 13:48:30,BTCUSDT,BINANCE,TRADE,64026.6,0.00017
2026-07-30 13:48:30,BTCUSDT,BINANCE,TRADE,64026.6,0.00029
2026-07-30 13:48:30,BTCUSDT,BINANCE,TRADE,64026.6,0.00023
2026-07-30 13:48:30,BTCUSDT,BINANCE,TRADE,64026.6,0.0013
2026-07-30 13:48:30,ETHUSDT,BINANCE,TRADE,1904.83,0.0349
2026-07-30 13:48:30,BTCUSDT,BINANCE,TRADE,64026.6,0.00028
2026-07-30 13:48:30,BTCUSDT,BINANCE,TRADE,64026.6,0.00045
2026-07-30 13:48:30,BTCUSDT,BINANCE,TRADE,64026.6,0.00015
2026-07-30 13:48:30,BTCUSDT,BINANCE,TRADE,64026.6,0.00031
2026-07-30 13:48:30,BTCUSDT,BINANCE,TRADE,64026.6,0.00515
2026-07-30 13:48:30,BTCUSDT,BINANCE,TRADE,64026.6,0.0013
2026-07-30 13:48:30,ETHUSDT,BINANCE,TRADE,1904.82,0.005
2026-07-30 13:48:30,ETHUSDT,BINANCE,TRADE,1904.82,0.0027
2026-07-30 13:48:30,BTCUSDT,BINANCE,TRADE,64026.6,0.00224
2026-07-30 13:48:30,BTCUSDT,BINANCE,TRADE,64026.6,0.00033
2026-07-30 13:48:30,ETHUSDT,BINANCE,TRADE,1904.82,0.0523
2026-07-30 13:48:30,BTCUSDT,BINANCE,TRADE,64026.6,0.00016
2026-07-30 13:48:30,ETHUSDT,BINANCE,TRADE,1904.83,0.0178
2026-07-30 13:48:30,BTCUSDT,BINANCE,TRADE,64026.6,0.01563
2026-07-30 13:48:30,BTCUSDT,BINANCE,TRADE,64026.6,0.00164
2026-07-30 13:48:30,BTCUSDT,BINANCE,TRADE,64026.6,0.00019
2026-07-30 13:48:30,BTCUSDT,BINANCE,TRADE,64026.6,0.00166
2026-07-30 13:48:30,BTCUSDT,BINANCE,TRADE,64026.6,0.00456
2026-07-30 13:48:30,BTCUSDT,BINANCE,TRADE,64026.6,0.00039
2026-07-30 13:48:31,BTCUSDT,BINANCE,TRADE,64026.6,0.00037
2026-07-30 13:48:31,BTCUSDT,BINANCE,TRADE,64026.6,0.00017
2026-07-30 13:48:31,BTCUSDT,BINANCE,TRADE,64026.6,0.63101
2026-07-30 13:48:31,BTCUSDT,BINANCE,TRADE,64026.6,8e-05
2026-07-30 13:48:31,BTCUSDT,BINANCE,TRADE,64026.6,8e-05
2026-07-30 13:48:31,BTCUSDT,BINANCE,TRADE,64026.6,9e-05
2026-07-30 13:48:31,BTCUSDT,BINANCE,TRADE,64026.6,9e-05
2026-07-30 13:48:31,BTCUSDT,BINANCE,TRADE,64026.6,8e-05
2026-07-30 13:48:31,BTCUSDT,BINANCE,TRADE,64026.6,8e-05
2026-07-30 13:48:31,BTCUSDT,BINANCE,TRADE,64026.6,9e-05
2026-07-30 13:48:31,BTCUSDT,BINANCE,TRADE,64026.6,8e-05
2026-07-30 13:48:31,BTCUSDT,BINANCE,TRADE,64026.6,8e-05
2026-07-30 13:48:31,BTCUSDT,BINANCE,TRADE,64026.6,8e-05
2026-07-30 13:48:31,BTCUSDT,BINANCE,TRADE,64026.6,0.00117
2026-07-30 13:48:31,BTCUSDT,BINANCE,TRADE,64026.6,0.00045
2026-07-30 13:48:31,BTCUSDT,BINANCE,TRADE,64026.6,0.00029
2026-07-30 13:48:31,BTCUSDT,BINANCE,TRADE,64026.6,0.0013
2026-07-30 13:48:31,BTCUSDT,BINANCE,TRADE,64026.6,0.00017
2026-07-30 13:48:31,BTCUSDT,BINANCE,TRADE,64026.6,0.00023
2026-07-30 13:48:31,BTCUSDT,BINANCE,TRADE,64026.6,0.00167
2026-07-30 13:48:31,ETHUSDT,BINANCE,TRADE,1904.82,0.0084
2026-07-30 13:48:31,BTCUSDT,BINANCE,TRADE,64026.6,0.00014
2026-07-30 13:48:31,BTCUSDT,BINANCE,TRADE,64026.6,0.00088
2026-07-30 13:48:31,BTCUSDT,BINANCE,TRADE,64026.6,8e-05
2026-07-30 13:48:31,BTCUSDT,BINANCE,TRADE,64026.6,8e-05
2026-07-30 13:48:31,BTCUSDT,BINANCE,TRADE,64026.6,8e-05
2026-07-30 13:48:31,BTCUSDT,BINANCE,TRADE,64026.6,8e-05
2026-07-30 13:48:31,BTCUSDT,BINANCE,TRADE,64026.6,8e-05
2026-07-30 13:48:31,BTCUSDT,BINANCE,TRADE,64026.6,2e-05
2026-07-30 13:48:31,BTCUSDT,BINANCE,TRADE,64026.6,0.00014
2026-07-30 13:48:31,BTCUSDT,BINANCE,TRADE,64026.6,0.00486
2026-07-30 13:48:31,BTCUSDT,BINANCE,TRADE,64026.6,0.00015
2026-07-30 13:48:31,BTCUSDT,BINANCE,TRADE,64026.6,0.00822
2026-07-30 13:48:31,BTCUSDT,BINANCE,TRADE,64026.6,0.00281
2026-07-30 13:48:31,BTCUSDT,BINANCE,TRADE,64026.6,0.00521
2026-07-30 13:48:31,BTCUSDT,BINANCE,TRADE,64026.6,0.00084
2026-07-30 13:48:31,ETHUSDT,BINANCE,TRADE,1904.82,0.0089
2026-07-30 13:48:31,BTCUSDT,BINANCE,TRADE,64026.6,0.004
2026-07-30 13:48:31,ETHUSDT,BINANCE,TRADE,1904.83,0.0338
2026-07-30 13:48:31,BTCUSDT,BINANCE,TRADE,64026.6,0.00019
2026-07-30 13:48:31,ETHUSDT,BINANCE,TRADE,1904.82,0.4408
2026-07-30 13:48:31,ETHUSDT,BINANCE,TRADE,1904.83,0.0136
2026-07-30 13:48:31,BTCUSDT,BINANCE,TRADE,64026.6,0.00019
2026-07-30 13:48:31,BTCUSDT,BINANCE,TRADE,64026.6,0.002
2026-07-30 13:48:31,BTCUSDT,BINANCE,TRADE,64026.6,0.00022
2026-07-30 13:48:31,BTCUSDT,BINANCE,TRADE,64026.6,0.00057
2026-07-30 13:48:31,BTCUSDT,BINANCE,TRADE,64026.6,0.00038
2026-07-30 13:48:31,BTCUSDT,BINANCE,TRADE,64026.6,0.0013
2026-07-30 13:48:31,BTCUSDT,BINANCE,TRADE,64026.6,0.00029
2026-07-30 13:48:31,BTCUSDT,BINANCE,TRADE,64026.6,0.00192
2026-07-30 13:48:31,BTCUSDT,BINANCE,TRADE,64026.6,0.005
2026-07-30 13:48:31,BTCUSDT,BINANCE,TRADE,64026.6,0.005
2026-07-30 13:48:31,BTCUSDT,BINANCE,TRADE,64026.6,0.00371
2026-07-30 13:48:31,BTCUSDT,BINANCE,TRADE,64026.6,0.00101
2026-07-30 13:48:31,BTCUSDT,BINANCE,TRADE,64026.6,0.00028
2026-07-30 13:48:31,BTCUSDT,BINANCE,TRADE,64026.6,0.00472
2026-07-30 13:48:31,BTCUSDT,BINANCE,TRADE,64026.6,0.00028
2026-07-30 13:48:31,BTCUSDT,BINANCE,TRADE,64026.6,0.0001
2026-07-30 13:48:31,BTCUSDT,BINANCE,TRADE,64026.6,0.005
2026-07-30 13:48:31,BTCUSDT,BINANCE,TRADE,64026.6,8e-05
2026-07-30 13:48:31,BTCUSDT,BINANCE,TRADE,64026.6,8e-05
2026-07-30 13:48:31,BTCUSDT,BINANCE,TRADE,64026.6,8e-05
2026-07-30 13:48:31,BTCUSDT,BINANCE,TRADE,64026.6,8e-05
2026-07-30 13:48:31,BTCUSDT,BINANCE,TRADE,64026.6,0.00016
2026-07-30 13:48:31,BTCUSDT,BINANCE,TRADE,64026.6,9e-05
2026-07-30 13:48:31,BTCUSDT,BINANCE,TRADE,64026.6,9e-05
2026-07-30 13:48:31,BTCUSDT,BINANCE,TRADE,64026.6,9e-05
2026-07-30 13:48:31,BTCUSDT,BINANCE,TRADE,64026.6,8e-05
2026-07-30 13:48:31,BTCUSDT,BINANCE,TRADE,64026.6,0.0035
2026-07-30 13:48:31,BTCUSDT,BINANCE,TRADE,64026.6,0.00029
2026-07-30 13:48:31,BTCUSDT,BINANCE,TRADE,64026.6,0.0001
2026-07-30 13:48:31,BTCUSDT,BINANCE,TRADE,64026.6,0.005
2026-07-30 13:48:31,BTCUSDT,BINANCE,TRADE,64026.6,0.005
2026-07-30 13:48:31,BTCUSDT,BINANCE,TRADE,64026.6,0.005
2026-07-30 13:48:31,ETHUSDT,BINANCE,TRADE,1904.83,0.2299
2026-07-30 13:48:31,ETHUSDT,BINANCE,TRADE,1904.83,0.2694
2026-07-30 13:48:32,ETHUSDT,BINANCE,TRADE,1904.83,0.7195
2026-07-30 13:48:32,ETHUSDT,BINANCE,TRADE,1904.83,0.0027
2026-07-30 13:48:32,ETHUSDT,BINANCE,TRADE,1904.83,0.0027
2026-07-30 13:48:32,ETHUSDT,BINANCE,TRADE,1904.83,0.0027
2026-07-30 13:48:32,ETHUSDT,BINANCE,TRADE,1904.83,0.0027
2026-07-30 13:48:32,ETHUSDT,BINANCE,TRADE,1904.83,0.0053
2026-07-30 13:48:32,ETHUSDT,BINANCE,TRADE,1904.83,0.0027
2026-07-30 13:48:32,ETHUSDT,BINANCE,TRADE,1904.83,0.0028
2026-07-30 13:48:32,ETHUSDT,BINANCE,TRADE,1904.83,0.0028
2026-07-30 13:48:32,ETHUSDT,BINANCE,TRADE,1904.83,0.0031
2026-07-30 13:48:32,ETHUSDT,BINANCE,TRADE,1904.83,0.021
2026-07-30 13:48:32,ETHUSDT,BINANCE,TRADE,1904.83,0.0027
2026-07-30 13:48:32,ETHUSDT,BINANCE,TRADE,1904.83,0.0027
2026-07-30 13:48:32,ETHUSDT,BINANCE,TRADE,1904.83,0.0027
2026-07-30 13:48:32,ETHUSDT,BINANCE,TRADE,1904.84,0.0028
2026-07-30 13:48:32,ETHUSDT,BINANCE,TRADE,1904.84,0.0053
2026-07-30 13:48:32,ETHUSDT,BINANCE,TRADE,1904.84,0.0027
2026-07-30 13:48:32,ETHUSDT,BINANCE,TRADE,1904.84,0.0027
2026-07-30 13:48:32,ETHUSDT,BINANCE,TRADE,1904.84,0.0027
2026-07-30 13:48:32,ETHUSDT,BINANCE,TRADE,1904.84,0.0027
2026-07-30 13:48:32,ETHUSDT,BINANCE,TRADE,1904.85,0.0027
2026-07-30 13:48:32,ETHUSDT,BINANCE,TRADE,1904.85,0.0028
2026-07-30 13:48:32,ETHUSDT,BINANCE,TRADE,1904.85,0.0053
2026-07-30 13:48:32,ETHUSDT,BINANCE,TRADE,1904.85,0.0027
2026-07-30 13:48:32,ETHUSDT,BINANCE,TRADE,1904.86,0.0027
2026-07-30 13:48:32,ETHUSDT,BINANCE,TRADE,1904.86,0.0027
2026-07-30 13:48:32,ETHUSDT,BINANCE,TRADE,1904.86,0.0028
2026-07-30 13:48:32,ETHUSDT,BINANCE,TRADE,1904.86,0.0027
2026-07-30 13:48:32,ETHUSDT,BINANCE,TRADE,1904.86,0.0027
2026-07-30 13:48:32,ETHUSDT,BINANCE,TRADE,1904.86,0.0027
2026-07-30 13:48:32,ETHUSDT,BINANCE,TRADE,1904.86,0.0027
2026-07-30 13:48:32,ETHUSDT,BINANCE,TRADE,1904.86,0.0027
2026-07-30 13:48:32,ETHUSDT,BINANCE,TRADE,1904.86,0.0027
2026-07-30 13:48:32,ETHUSDT,BINANCE,TRADE,1904.86,0.0027
2026-07-30 13:48:32,ETHUSDT,BINANCE,TRADE,1904.86,0.0027
2026-07-30 13:48:32,ETHUSDT,BINANCE,TRADE,1904.87,0.0027
2026-07-30 13:48:32,ETHUSDT,BINANCE,TRADE,1904.87,0.0028
2026-07-30 13:48:32,ETHUSDT,BINANCE,TRADE,1904.88,0.0027
2026-07-30 13:48:32,ETHUSDT,BINANCE,TRADE,1904.88,0.0028
2026-07-30 13:48:32,ETHUSDT,BINANCE,TRADE,1904.88,0.0027
2026-07-30 13:48:32,ETHUSDT,BINANCE,TRADE,1904.89,0.0028
2026-07-30 13:48:32,ETHUSDT,BINANCE,TRADE,1904.9,0.0027
2026-07-30 13:48:32,ETHUSDT,BINANCE,TRADE,1904.9,0.0027
2026-07-30 13:48:32,ETHUSDT,BINANCE,TRADE,1904.9,0.0028
2026-07-30 13:48:32,ETHUSDT,BINANCE,TRADE,1904.9,0.0027
2026-07-30 13:48:32,ETHUSDT,BINANCE,TRADE,1904.9,0.0027
2026-07-30 13:48:32,ETHUSDT,BINANCE,TRADE,1904.9,0.0027
2026-07-30 13:48:32,ETHUSDT,BINANCE,TRADE,1904.9,0.0027
2026-07-30 13:48:32,ETHUSDT,BINANCE,TRADE,1904.9,0.0027
2026-07-30 13:48:32,ETHUSDT,BINANCE,TRADE,1904.9,0.0027
2026-07-30 13:48:32,ETHUSDT,BINANCE,TRADE,1904.9,0.0027
2026-07-30 13:48:32,ETHUSDT,BINANCE,TRADE,1904.9,0.0027
2026-07-30 13:48:32,ETHUSDT,BINANCE,TRADE,1904.91,0.0027
2026-07-30 13:48:32,ETHUSDT,BINANCE,TRADE,1904.91,0.0027
2026-07-30 13:48:32,ETHUSDT,BINANCE,TRADE,1904.91,0.0028
2026-07-30 13:48:32,ETHUSDT,BINANCE,TRADE,1904.91,0.0027
2026-07-30 13:48:32,ETHUSDT,BINANCE,TRADE,1904.91,0.0027
2026-07-30 13:48:32,ETHUSDT,BINANCE,TRADE,1904.91,0.0027
2026-07-30 13:48:32,ETHUSDT,BINANCE,TRADE,1904.91,0.0027
2026-07-30 13:48:32,ETHUSDT,BINANCE,TRADE,1904.91,0.0027
2026-07-30 13:48:32,ETHUSDT,BINANCE,TRADE,1904.92,0.0028
2026-07-30 13:48:32,ETHUSDT,BINANCE,TRADE,1904.94,0.0027
2026-07-30 13:48:32,ETHUSDT,BINANCE,TRADE,1904.94,0.0028
2026-07-30 13:48:32,ETHUSDT,BINANCE,TRADE,1904.94,0.0028
2026-07-30 13:48:32,ETHUSDT,BINANCE,TRADE,1904.94,0.0028
2026-07-30 13:48:32,BTCUSDT,BINANCE,TRADE,64026.6,0.00037
2026-07-30 13:48:32,BTCUSDT,BINANCE,TRADE,64026.6,0.00028
2026-07-30 13:48:32,BTCUSDT,BINANCE,TRADE,64026.6,0.0016
2026-07-30 13:48:32,BTCUSDT,BINANCE,TRADE,64026.6,0.01874
2026-07-30 13:48:32,BTCUSDT,BINANCE,TRADE,64026.6,0.00156
2026-07-30 13:48:32,BTCUSDT,BINANCE,TRADE,64026.6,0.00013
2026-07-30 13:48:32,BTCUSDT,BINANCE,TRADE,64026.6,0.00031
2026-07-30 13:48:32,BTCUSDT,BINANCE,TRADE,64026.6,0.00159
2026-07-30 13:48:32,BTCUSDT,BINANCE,TRADE,64026.6,0.00138
2026-07-30 13:48:32,BTCUSDT,BINANCE,TRADE,64026.6,0.00029
2026-07-30 13:48:32,BTCUSDT,BINANCE,TRADE,64026.6,9e-05
2026-07-30 13:48:32,SOLUSDT,BINANCE,TRADE,73.42,6.356
2026-07-30 13:48:32,SOLUSDT,BINANCE,TRADE,73.42,7.264
2026-07-30 13:48:32,BTCUSDT,BINANCE,TRADE,64026.6,0.0013
2026-07-30 13:48:32,BTCUSDT,BINANCE,TRADE,64026.6,0.00509
2026-07-30 13:48:32,ETHUSDT,BINANCE,TRADE,1904.95,0.0027
2026-07-30 13:48:32,ETHUSDT,BINANCE,TRADE,1904.95,0.0496
2026-07-30 13:48:32,BTCUSDT,BINANCE,TRADE,64026.6,0.00038
2026-07-30 13:48:32,BTCUSDT,BINANCE,TRADE,64026.6,0.00129
2026-07-30 13:48:32,BTCUSDT,BINANCE,TRADE,64026.6,0.00201
2026-07-30 13:48:32,BTCUSDT,BINANCE,TRADE,64026.6,0.00087
2026-07-30 13:48:32,BTCUSDT,BINANCE,TRADE,64026.6,0.00019
2026-07-30 13:48:32,BTCUSDT,BINANCE,TRADE,64026.6,0.00175
2026-07-30 13:48:32,BTCUSDT,BINANCE,TRADE,64026.6,0.0058
2026-07-30 13:48:32,BTCUSDT,BINANCE,TRADE,64026.6,0.00854
2026-07-30 13:48:32,BTCUSDT,BINANCE,TRADE,64026.6,0.00017
2026-07-30 13:48:32,BTCUSDT,BINANCE,TRADE,64026.6,0.0013
2026-07-30 13:48:32,BTCUSDT,BINANCE,TRADE,64026.6,0.00521
2026-07-30 13:48:32,BTCUSDT,BINANCE,TRADE,64026.6,0.00055
2026-07-30 13:48:32,BTCUSDT,BINANCE,TRADE,64026.6,0.00016
2026-07-30 13:48:32,ETHUSDT,BINANCE,TRADE,1904.94,0.0611
2026-07-30 13:48:32,BTCUSDT,BINANCE,TRADE,64026.6,0.00017
2026-07-30 13:48:32,BTCUSDT,BINANCE,TRADE,64026.6,0.00021
2026-07-30 13:48:32,BTCUSDT,BINANCE,TRADE,64026.6,0.00023
2026-07-30 13:48:32,BTCUSDT,BINANCE,TRADE,64026.6,0.005
2026-07-30 13:48:32,BTCUSDT,BINANCE,TRADE,64026.6,0.00029
2026-07-30 13:48:32,BTCUSDT,BINANCE,TRADE,64026.6,0.0013
2026-07-30 13:48:32,BTCUSDT,BINANCE,TRADE,64026.6,0.01685
2026-07-30 13:48:32,BTCUSDT,BINANCE,TRADE,64026.6,0.00028
2026-07-30 13:48:32,BTCUSDT,BINANCE,TRADE,64026.6,0.00027
2026-07-30 13:48:32,BTCUSDT,BINANCE,TRADE,64026.6,0.00017
2026-07-30 13:48:32,BTCUSDT,BINANCE,TRADE,64026.6,0.00083
2026-07-30 13:48:32,BTCUSDT,BINANCE,TRADE,64026.6,0.00031
2026-07-30 13:48:32,BTCUSDT,BINANCE,TRADE,64026.6,0.00029
2026-07-30 13:48:32,BTCUSDT,BINANCE,TRADE,64026.6,0.00351
2026-07-30 13:48:33,ETHUSDT,BINANCE,TRADE,1904.94,0.0177
2026-07-30 13:48:33,BTCUSDT,BINANCE,TRADE,64026.6,0.01563
2026-07-30 13:48:33,BTCUSDT,BINANCE,TRADE,64026.6,0.00037
2026-07-30 13:48:33,SOLUSDT,BINANCE,TRADE,73.42,1.004
2026-07-30 13:48:33,BTCUSDT,BINANCE,TRADE,64026.6,0.00296
2026-07-30 13:48:33,BTCUSDT,BINANCE,TRADE,64026.6,0.00021
2026-07-30 13:48:33,ETHUSDT,BINANCE,TRADE,1904.95,0.003
2026-07-30 13:48:33,BTCUSDT,BINANCE,TRADE,64026.6,0.002
2026-07-30 13:48:33,ETHUSDT,BINANCE,TRADE,1904.94,0.0338
2026-07-30 13:48:33,BTCUSDT,BINANCE,TRADE,64026.6,0.00456
2026-07-30 13:48:33,BTCUSDT,BINANCE,TRADE,64026.6,0.00015
2026-07-30 13:48:33,BTCUSDT,BINANCE,TRADE,64026.6,0.00016
2026-07-30 13:48:33,BTCUSDT,BINANCE,TRADE,64026.6,0.00019
2026-07-30 13:48:33,ETHUSDT,BINANCE,TRADE,1904.95,1.981
2026-07-30 13:48:33,ETHUSDT,BINANCE,TRADE,1904.95,0.0027
2026-07-30 13:48:33,ETHUSDT,BINANCE,TRADE,1904.95,0.0027
2026-07-30 13:48:33,ETHUSDT,BINANCE,TRADE,1904.95,0.0027
2026-07-30 13:48:33,ETHUSDT,BINANCE,TRADE,1904.95,0.0027
2026-07-30 13:48:33,ETHUSDT,BINANCE,TRADE,1904.95,0.0027
2026-07-30 13:48:33,ETHUSDT,BINANCE,TRADE,1904.95,0.0027
2026-07-30 13:48:33,ETHUSDT,BINANCE,TRADE,1904.95,0.0027
2026-07-30 13:48:33,ETHUSDT,BINANCE,TRADE,1904.95,0.0027
2026-07-30 13:48:33,ETHUSDT,BINANCE,TRADE,1904.95,0.0027
2026-07-30 13:48:33,ETHUSDT,BINANCE,TRADE,1904.95,0.0027
2026-07-30 13:48:33,ETHUSDT,BINANCE,TRADE,1904.95,0.0028
2026-07-30 13:48:33,ETHUSDT,BINANCE,TRADE,1904.95,0.0027
2026-07-30 13:48:33,ETHUSDT,BINANCE,TRADE,1904.95,0.0027
2026-07-30 13:48:33,ETHUSDT,BINANCE,TRADE,1904.95,0.0028
2026-07-30 13:48:33,ETHUSDT,BINANCE,TRADE,1904.95,0.0027
2026-07-30 13:48:33,ETHUSDT,BINANCE,TRADE,1904.95,0.0027
2026-07-30 13:48:33,ETHUSDT,BINANCE,TRADE,1904.95,0.0027
2026-07-30 13:48:33,ETHUSDT,BINANCE,TRADE,1904.95,0.0027
2026-07-30 13:48:33,ETHUSDT,BINANCE,TRADE,1904.96,0.0027
2026-07-30 13:48:33,ETHUSDT,BINANCE,TRADE,1904.96,0.0027
2026-07-30 13:48:33,ETHUSDT,BINANCE,TRADE,1904.96,0.0028
2026-07-30 13:48:33,ETHUSDT,BINANCE,TRADE,1904.96,0.0004
2026-07-30 13:48:33,ETHUSDT,BINANCE,TRADE,1904.96,0.0023
2026-07-30 13:48:33,ETHUSDT,BINANCE,TRADE,1904.96,0.0027
2026-07-30 13:48:33,ETHUSDT,BINANCE,TRADE,1904.96,0.0027
2026-07-30 13:48:33,ETHUSDT,BINANCE,TRADE,1904.96,0.0028
2026-07-30 13:48:33,ETHUSDT,BINANCE,TRADE,1904.96,0.0027
2026-07-30 13:48:33,ETHUSDT,BINANCE,TRADE,1904.96,0.0027
2026-07-30 13:48:33,ETHUSDT,BINANCE,TRADE,1904.96,0.0027
2026-07-30 13:48:33,ETHUSDT,BINANCE,TRADE,1904.96,0.0027
2026-07-30 13:48:33,ETHUSDT,BINANCE,TRADE,1904.96,0.0027
2026-07-30 13:48:33,ETHUSDT,BINANCE,TRADE,1904.97,0.0027
2026-07-30 13:48:33,ETHUSDT,BINANCE,TRADE,1904.97,0.0028
2026-07-30 13:48:33,ETHUSDT,BINANCE,TRADE,1904.97,0.0027
2026-07-30 13:48:33,ETHUSDT,BINANCE,TRADE,1904.97,0.0027
2026-07-30 13:48:33,ETHUSDT,BINANCE,TRADE,1904.97,0.0027
2026-07-30 13:48:33,ETHUSDT,BINANCE,TRADE,1904.97,0.0027
2026-07-30 13:48:33,ETHUSDT,BINANCE,TRADE,1904.98,0.0027
2026-07-30 13:48:33,ETHUSDT,BINANCE,TRADE,1904.98,0.0028
2026-07-30 13:48:33,ETHUSDT,BINANCE,TRADE,1904.98,0.0027
2026-07-30 13:48:33,ETHUSDT,BINANCE,TRADE,1905,0.0027
2026-07-30 13:48:33,ETHUSDT,BINANCE,TRADE,1905,0.0027
2026-07-30 13:48:33,ETHUSDT,BINANCE,TRADE,1905,0.0613
2026-07-30 13:48:33,ETHUSDT,BINANCE,TRADE,1905,0.003
2026-07-30 13:48:33,ETHUSDT,BINANCE,TRADE,1905,0.0028
2026-07-30 13:48:33,ETHUSDT,BINANCE,TRADE,1905,0.0028
2026-07-30 13:48:33,ETHUSDT,BINANCE,TRADE,1905,0.0028
2026-07-30 13:48:33,ETHUSDT,BINANCE,TRADE,1905,0.0027
2026-07-30 13:48:33,ETHUSDT,BINANCE,TRADE,1905,0.0028
2026-07-30 13:48:33,ETHUSDT,BINANCE,TRADE,1905,0.0027
2026-07-30 13:48:33,ETHUSDT,BINANCE,TRADE,1905,0.0027
2026-07-30 13:48:33,ETHUSDT,BINANCE,TRADE,1905,0.0027
2026-07-30 13:48:33,ETHUSDT,BINANCE,TRADE,1905.01,0.0027
2026-07-30 13:48:33,ETHUSDT,BINANCE,TRADE,1905.01,0.0028
2026-07-30 13:48:33,ETHUSDT,BINANCE,TRADE,1905.01,0.3945
2026-07-30 13:48:33,ETHUSDT,BINANCE,TRADE,1905.01,0.1328
2026-07-30 13:48:33,ETHUSDT,BINANCE,TRADE,1905.01,0.0027
2026-07-30 13:48:33,ETHUSDT,BINANCE,TRADE,1905.01,0.0027
2026-07-30 13:48:33,ETHUSDT,BINANCE,TRADE,1905.01,0.0027
2026-07-30 13:48:33,ETHUSDT,BINANCE,TRADE,1905.01,0.0028
2026-07-30 13:48:33,ETHUSDT,BINANCE,TRADE,1905.01,0.0027
2026-07-30 13:48:33,ETHUSDT,BINANCE,TRADE,1905.01,0.0027
2026-07-30 13:48:33,ETHUSDT,BINANCE,TRADE,1905.01,0.0027
2026-07-30 13:48:33,ETHUSDT,BINANCE,TRADE,1905.01,0.0027
2026-07-30 13:48:33,ETHUSDT,BINANCE,TRADE,1905.01,0.0031
2026-07-30 13:48:33,ETHUSDT,BINANCE,TRADE,1905.01,0.0027
2026-07-30 13:48:33,ETHUSDT,BINANCE,TRADE,1905.01,0.0027
2026-07-30 13:48:33,ETHUSDT,BINANCE,TRADE,1905.01,0.0027
2026-07-30 13:48:33,ETHUSDT,BINANCE,TRADE,1905.02,0.0028
2026-07-30 13:48:33,ETHUSDT,BINANCE,TRADE,1905.02,0.0027
2026-07-30 13:48:33,ETHUSDT,BINANCE,TRADE,1905.02,0.0027
2026-07-30 13:48:33,ETHUSDT,BINANCE,TRADE,1905.02,0.0027
2026-07-30 13:48:33,ETHUSDT,BINANCE,TRADE,1905.03,0.0027
2026-07-30 13:48:33,ETHUSDT,BINANCE,TRADE,1905.03,0.0027
2026-07-30 13:48:33,ETHUSDT,BINANCE,TRADE,1905.03,0.0027
2026-07-30 13:48:33,ETHUSDT,BINANCE,TRADE,1905.03,0.0028
2026-07-30 13:48:33,ETHUSDT,BINANCE,TRADE,1905.03,0.0027
2026-07-30 13:48:33,ETHUSDT,BINANCE,TRADE,1905.03,0.0027
2026-07-30 13:48:33,ETHUSDT,BINANCE,TRADE,1905.03,0.0027
2026-07-30 13:48:33,ETHUSDT,BINANCE,TRADE,1905.03,0.0027
2026-07-30 13:48:33,ETHUSDT,BINANCE,TRADE,1905.03,0.0027
2026-07-30 13:48:33,ETHUSDT,BINANCE,TRADE,1905.03,0.0027
2026-07-30 13:48:33,ETHUSDT,BINANCE,TRADE,1905.03,0.0027
2026-07-30 13:48:33,ETHUSDT,BINANCE,TRADE,1905.03,0.0027
2026-07-30 13:48:33,ETHUSDT,BINANCE,TRADE,1905.04,0.0028
2026-07-30 13:48:33,ETHUSDT,BINANCE,TRADE,1905.05,0.004
2026-07-30 13:48:33,ETHUSDT,BINANCE,TRADE,1905.05,0.0028
2026-07-30 13:48:33,ETHUSDT,BINANCE,TRADE,1905.05,0.0028
2026-07-30 13:48:33,ETHUSDT,BINANCE,TRADE,1905.05,0.0028
2026-07-30 13:48:33,ETHUSDT,BINANCE,TRADE,1905.05,0.0028
2026-07-30 13:48:33,ETHUSDT,BINANCE,TRADE,1905.06,0.0027
2026-07-30 13:48:33,ETHUSDT,BINANCE,TRADE,1905.06,0.0027
2026-07-30 13:48:33,ETHUSDT,BINANCE,TRADE,1905.06,0.0027
2026-07-30 13:48:33,ETHUSDT,BINANCE,TRADE,1905.06,0.0027
2026-07-30 13:48:33,ETHUSDT,BINANCE,TRADE,1905.06,0.0027
2026-07-30 13:48:33,ETHUSDT,BINANCE,TRADE,1905.06,0.7865
2026-07-30 13:48:33,BTCUSDT,BINANCE,TRADE,64026.6,0.00822
2026-07-30 13:48:33,BTCUSDT,BINANCE,TRADE,64026.6,0.0013
2026-07-30 13:48:33,ETHUSDT,BINANCE,TRADE,1905.06,0.2285
2026-07-30 13:48:33,ETHUSDT,BINANCE,TRADE,1905.05,0.2384
2026-07-30 13:48:33,BTCUSDT,BINANCE,TRADE,64026.6,0.00017
2026-07-30 13:48:33,BTCUSDT,BINANCE,TRADE,64026.6,0.00224
2026-07-30 13:48:33,BTCUSDT,BINANCE,TRADE,64026.6,9e-05
2026-07-30 13:48:33,BTCUSDT,BINANCE,TRADE,64026.6,0.00014
2026-07-30 13:48:33,BTCUSDT,BINANCE,TRADE,64026.6,0.00017
2026-07-30 13:48:33,BTCUSDT,BINANCE,TRADE,64026.6,0.00023
2026-07-30 13:48:33,BTCUSDT,BINANCE,TRADE,64026.6,0.0013
2026-07-30 13:48:33,BTCUSDT,BINANCE,TRADE,64026.6,0.00515
2026-07-30 13:48:33,BTCUSDT,BINANCE,TRADE,64026.6,0.23283
2026-07-30 13:48:33,BTCUSDT,BINANCE,TRADE,64026.6,0.13935
2026-07-30 13:48:33,BTCUSDT,BINANCE,TRADE,64026.6,0.144
2026-07-30 13:48:33,BTCUSDT,BINANCE,TRADE,64026.6,0.11483
2026-07-30 13:48:33,BTCUSDT,BINANCE,TRADE,64026.6,0.0001
2026-07-30 13:48:33,ETHUSDT,BINANCE,TRADE,1905.06,0.1
2026-07-30 13:48:33,ETHUSDT,BINANCE,TRADE,1905.06,0.4
2026-07-30 13:48:33,ETHUSDT,BINANCE,TRADE,1905.06,0.2
2026-07-30 13:48:33,ETHUSDT,BINANCE,TRADE,1905.06,0.3186
2026-07-30 13:48:33,ETHUSDT,BINANCE,TRADE,1905.06,0.0028
2026-07-30 13:48:33,ETHUSDT,BINANCE,TRADE,1905.06,0.0027
2026-07-30 13:48:33,ETHUSDT,BINANCE,TRADE,1905.06,0.0027
2026-07-30 13:48:33,ETHUSDT,BINANCE,TRADE,1905.06,0.0027
2026-07-30 13:48:33,ETHUSDT,BINANCE,TRADE,1905.06,0.0027
2026-07-30 13:48:33,ETHUSDT,BINANCE,TRADE,1905.06,0.0027
2026-07-30 13:48:33,ETHUSDT,BINANCE,TRADE,1905.06,0.0027
2026-07-30 13:48:33,ETHUSDT,BINANCE,TRADE,1905.06,0.0028
2026-07-30 13:48:33,ETHUSDT,BINANCE,TRADE,1905.06,0.0027
2026-07-30 13:48:33,ETHUSDT,BINANCE,TRADE,1905.06,0.0031
2026-07-30 13:48:33,ETHUSDT,BINANCE,TRADE,1905.06,0.0027
2026-07-30 13:48:33,ETHUSDT,BINANCE,TRADE,1905.06,0.0027
2026-07-30 13:48:33,ETHUSDT,BINANCE,TRADE,1905.06,0.0027
2026-07-30 13:48:33,ETHUSDT,BINANCE,TRADE,1905.06,0.0027
2026-07-30 13:48:33,ETHUSDT,BINANCE,TRADE,1905.06,0.0027
2026-07-30 13:48:33,ETHUSDT,BINANCE,TRADE,1905.06,0.0027
2026-07-30 13:48:33,ETHUSDT,BINANCE,TRADE,1905.06,0.0027
2026-07-30 13:48:33,ETHUSDT,BINANCE,TRADE,1905.06,0.0027
2026-07-30 13:48:33,ETHUSDT,BINANCE,TRADE,1905.06,0.0027
2026-07-30 13:48:33,ETHUSDT,BINANCE,TRADE,1905.06,0.0027
2026-07-30 13:48:33,ETHUSDT,BINANCE,TRADE,1905.06,0.0027
2026-07-30 13:48:33,ETHUSDT,BINANCE,TRADE,1905.06,0.0027
2026-07-30 13:48:33,ETHUSDT,BINANCE,TRADE,1905.06,0.0027
2026-07-30 13:48:33,ETHUSDT,BINANCE,TRADE,1905.07,0.0027
2026-07-30 13:48:33,ETHUSDT,BINANCE,TRADE,1905.07,0.0028
2026-07-30 13:48:33,ETHUSDT,BINANCE,TRADE,1905.07,0.0027
2026-07-30 13:48:33,ETHUSDT,BINANCE,TRADE,1905.07,0.0027
2026-07-30 13:48:33,ETHUSDT,BINANCE,TRADE,1905.07,0.0027
2026-07-30 13:48:33,ETHUSDT,BINANCE,TRADE,1905.09,0.0027
2026-07-30 13:48:33,ETHUSDT,BINANCE,TRADE,1905.09,0.0028
2026-07-30 13:48:33,ETHUSDT,BINANCE,TRADE,1905.1,0.0027
2026-07-30 13:48:33,ETHUSDT,BINANCE,TRADE,1905.1,0.0028
2026-07-30 13:48:33,ETHUSDT,BINANCE,TRADE,1905.1,0.0027
2026-07-30 13:48:33,ETHUSDT,BINANCE,TRADE,1905.11,0.0028
2026-07-30 13:48:33,ETHUSDT,BINANCE,TRADE,1905.12,0.0027
2026-07-30 13:48:33,ETHUSDT,BINANCE,TRADE,1905.12,0.003
2026-07-30 13:48:33,ETHUSDT,BINANCE,TRADE,1905.12,0.0027
2026-07-30 13:48:33,ETHUSDT,BINANCE,TRADE,1905.12,0.0028
2026-07-30 13:48:33,ETHUSDT,BINANCE,TRADE,1905.12,0.0027
2026-07-30 13:48:33,ETHUSDT,BINANCE,TRADE,1905.14,0.0028
2026-07-30 13:48:33,ETHUSDT,BINANCE,TRADE,1905.15,0.0108
2026-07-30 13:48:33,ETHUSDT,BINANCE,TRADE,1905.15,0.0028
2026-07-30 13:48:33,ETHUSDT,BINANCE,TRADE,1905.16,0.0027
2026-07-30 13:48:33,ETHUSDT,BINANCE,TRADE,1905.16,0.0027
2026-07-30 13:48:33,ETHUSDT,BINANCE,TRADE,1905.16,0.009
2026-07-30 13:48:33,ETHUSDT,BINANCE,TRADE,1905.16,0.0082
2026-07-30 13:48:33,ETHUSDT,BINANCE,TRADE,1905.16,0.0028
2026-07-30 13:48:33,ETHUSDT,BINANCE,TRADE,1905.16,0.0027
2026-07-30 13:48:33,ETHUSDT,BINANCE,TRADE,1905.16,0.0027
2026-07-30 13:48:33,ETHUSDT,BINANCE,TRADE,1905.16,0.0027
2026-07-30 13:48:33,ETHUSDT,BINANCE,TRADE,1905.16,0.0027
2026-07-30 13:48:33,ETHUSDT,BINANCE,TRADE,1905.17,0.0027
2026-07-30 13:48:33,ETHUSDT,BINANCE,TRADE,1905.17,0.0027
2026-07-30 13:48:33,ETHUSDT,BINANCE,TRADE,1905.17,0.0028
2026-07-30 13:48:33,ETHUSDT,BINANCE,TRADE,1905.17,0.0028
2026-07-30 13:48:33,ETHUSDT,BINANCE,TRADE,1905.17,0.0028
2026-07-30 13:48:33,ETHUSDT,BINANCE,TRADE,1905.17,0.0027
2026-07-30 13:48:33,ETHUSDT,BINANCE,TRADE,1905.17,0.0027
2026-07-30 13:48:33,ETHUSDT,BINANCE,TRADE,1905.17,0.0028
2026-07-30 13:48:33,ETHUSDT,BINANCE,TRADE,1905.17,0.0027
2026-07-30 13:48:33,ETHUSDT,BINANCE,TRADE,1905.17,0.0027
2026-07-30 13:48:33,ETHUSDT,BINANCE,TRADE,1905.17,0.0027
2026-07-30 13:48:33,ETHUSDT,BINANCE,TRADE,1905.17,0.0027
2026-07-30 13:48:33,ETHUSDT,BINANCE,TRADE,1905.17,0.0027
2026-07-30 13:48:33,ETHUSDT,BINANCE,TRADE,1905.17,0.0027
2026-07-30 13:48:33,BTCUSDT,BINANCE,TRADE,64026.6,0.00166
2026-07-30 13:48:33,BTCUSDT,BINANCE,TRADE,64026.6,8e-05
2026-07-30 13:48:33,BTCUSDT,BINANCE,TRADE,64026.6,8e-05
2026-07-30 13:48:33,BTCUSDT,BINANCE,TRADE,64026.6,0.00184
2026-07-30 13:48:33,ETHUSDT,BINANCE,TRADE,1905.18,0.0027
2026-07-30 13:48:33,ETHUSDT,BINANCE,TRADE,1905.18,0.0023
2026-07-30 13:48:33,ETHUSDT,BINANCE,TRADE,1905.17,0.0136
2026-07-30 13:48:33,BTCUSDT,BINANCE,TRADE,64026.6,0.00057
2026-07-30 13:48:33,BTCUSDT,BINANCE,TRADE,64026.6,0.00014
2026-07-30 13:48:33,BTCUSDT,BINANCE,TRADE,64026.6,0.00024
2026-07-30 13:48:33,BTCUSDT,BINANCE,TRADE,64026.6,0.004
2026-07-30 13:48:33,BTCUSDT,BINANCE,TRADE,64026.6,0.0013
2026-07-30 13:48:33,BTCUSDT,BINANCE,TRADE,64026.6,0.00128
2026-07-30 13:48:34,BTCUSDT,BINANCE,TRADE,64026.6,0.00019
2026-07-30 13:48:34,BTCUSDT,BINANCE,TRADE,64026.6,0.00157
2026-07-30 13:48:34,BTCUSDT,BINANCE,TRADE,64026.6,0.00019
2026-07-30 13:48:34,BTCUSDT,BINANCE,TRADE,64026.6,0.01874
2026-07-30 13:48:34,BTCUSDT,BINANCE,TRADE,64026.6,0.00038
2026-07-30 13:48:34,BTCUSDT,BINANCE,TRADE,64026.6,0.00037
2026-07-30 13:48:34,ETHUSDT,BINANCE,TRADE,1905.18,0.0083
2026-07-30 13:48:34,BTCUSDT,BINANCE,TRADE,64026.6,0.00029
2026-07-30 13:48:34,BTCUSDT,BINANCE,TRADE,64026.6,0.01268
2026-07-30 13:48:34,BTCUSDT,BINANCE,TRADE,64026.6,0.0013
2026-07-30 13:48:34,BTCUSDT,BINANCE,TRADE,64026.6,0.00164
2026-07-30 13:48:34,BTCUSDT,BINANCE,TRADE,64026.6,0.00046
2026-07-30 13:48:34,BTCUSDT,BINANCE,TRADE,64026.6,0.00033
2026-07-30 13:48:34,ETHUSDT,BINANCE,TRADE,1905.17,0.0109
2026-07-30 13:48:34,BTCUSDT,BINANCE,TRADE,64026.6,0.01563
2026-07-30 13:48:34,BTCUSDT,BINANCE,TRADE,64026.6,0.00028
2026-07-30 13:48:34,ETHUSDT,BINANCE,TRADE,1905.17,0.0438
2026-07-30 13:48:34,ETHUSDT,BINANCE,TRADE,1905.17,0.0222
2026-07-30 13:48:34,BTCUSDT,BINANCE,TRADE,64026.6,0.00158
2026-07-30 13:48:34,BTCUSDT,BINANCE,TRADE,64026.6,0.00031
2026-07-30 13:48:34,BTCUSDT,BINANCE,TRADE,64026.6,0.00521
2026-07-30 13:48:34,BTCUSDT,BINANCE,TRADE,64026.6,0.00167
2026-07-30 13:48:34,BTCUSDT,BINANCE,TRADE,64026.6,0.00201
2026-07-30 13:48:34,BTCUSDT,BINANCE,TRADE,64026.6,0.00039
2026-07-30 13:48:34,BTCUSDT,BINANCE,TRADE,64026.6,0.00126
2026-07-30 13:48:34,BTCUSDT,BINANCE,TRADE,64026.6,0.00157
2026-07-30 13:48:34,BTCUSDT,BINANCE,TRADE,64026.6,8e-05
2026-07-30 13:48:34,BTCUSDT,BINANCE,TRADE,64026.6,0.00035
2026-07-30 13:48:34,BTCUSDT,BINANCE,TRADE,64026.6,0.00832
2026-07-30 13:48:34,BTCUSDT,BINANCE,TRADE,64026.6,0.00016
2026-07-30 13:48:34,BTCUSDT,BINANCE,TRADE,64026.6,9e-05
2026-07-30 13:48:34,BTCUSDT,BINANCE,TRADE,64026.6,0.00157
2026-07-30 13:48:34,BTCUSDT,BINANCE,TRADE,64026.6,8e-05
2026-07-30 13:48:34,BTCUSDT,BINANCE,TRADE,64026.6,8e-05
2026-07-30 13:48:34,BTCUSDT,BINANCE,TRADE,64026.6,0.00157
2026-07-30 13:48:34,BTCUSDT,BINANCE,TRADE,64026.6,0.00157
2026-07-30 13:48:34,BTCUSDT,BINANCE,TRADE,64026.6,8e-05
2026-07-30 13:48:34,BTCUSDT,BINANCE,TRADE,64026.6,8e-05
2026-07-30 13:48:34,BTCUSDT,BINANCE,TRADE,64026.6,0.00074
2026-07-30 13:48:34,BTCUSDT,BINANCE,TRADE,64026.6,0.00081
2026-07-30 13:48:34,BTCUSDT,BINANCE,TRADE,64026.6,0.00049
2026-07-30 13:48:34,BTCUSDT,BINANCE,TRADE,64026.6,0.00032
2026-07-30 13:48:34,BTCUSDT,BINANCE,TRADE,64026.6,0.00021
2026-07-30 13:48:34,BTCUSDT,BINANCE,TRADE,64026.6,0.00074
2026-07-30 13:48:34,BTCUSDT,BINANCE,TRADE,64026.6,9e-05
2026-07-30 13:48:34,BTCUSDT,BINANCE,TRADE,64026.6,0.01561
2026-07-30 13:48:34,BTCUSDT,BINANCE,TRADE,64026.6,0.00224
2026-07-30 13:48:34,BTCUSDT,BINANCE,TRADE,64026.6,0.02645
2026-07-30 13:48:34,BTCUSDT,BINANCE,TRADE,64026.6,0.00016
2026-07-30 13:48:34,BTCUSDT,BINANCE,TRADE,64026.6,0.0016
2026-07-30 13:48:34,ETHUSDT,BINANCE,TRADE,1905.17,0.0523
2026-07-30 13:48:34,BTCUSDT,BINANCE,TRADE,64026.6,0.00017
2026-07-30 13:48:34,BTCUSDT,BINANCE,TRADE,64026.6,0.00019
2026-07-30 13:48:34,BTCUSDT,BINANCE,TRADE,64026.6,0.00026
2026-07-30 13:48:34,BTCUSDT,BINANCE,TRADE,64026.6,0.0013
2026-07-30 13:48:34,SOLUSDT,BINANCE,TRADE,73.42,1.952
2026-07-30 13:48:34,SOLUSDT,BINANCE,TRADE,73.42,10.22
2026-07-30 13:48:34,SOLUSDT,BINANCE,TRADE,73.42,1.458
2026-07-30 13:48:34,BTCUSDT,BINANCE,TRADE,64026.6,0.00029
2026-07-30 13:48:34,BTCUSDT,BINANCE,TRADE,64026.6,0.00509
2026-07-30 13:48:34,BTCUSDT,BINANCE,TRADE,64026.6,0.00737
2026-07-30 13:48:34,BTCUSDT,BINANCE,TRADE,64026.6,8e-05
2026-07-30 13:48:34,BTCUSDT,BINANCE,TRADE,64026.6,0.00069
2026-07-30 13:48:34,BTCUSDT,BINANCE,TRADE,64026.6,0.00047
2026-07-30 13:48:34,BTCUSDT,BINANCE,TRADE,64026.6,0.01
2026-07-30 13:48:34,BTCUSDT,BINANCE,TRADE,64026.6,0.011
2026-07-30 13:48:34,BTCUSDT,BINANCE,TRADE,64026.6,0.00835
2026-07-30 13:48:34,BTCUSDT,BINANCE,TRADE,64026.6,0.00034
2026-07-30 13:48:34,BTCUSDT,BINANCE,TRADE,64026.6,8e-05
2026-07-30 13:48:34,BTCUSDT,BINANCE,TRADE,64026.6,8e-05
2026-07-30 13:48:34,BTCUSDT,BINANCE,TRADE,64026.6,0.0001
2026-07-30 13:48:34,BTCUSDT,BINANCE,TRADE,64026.6,8e-05
2026-07-30 13:48:34,BTCUSDT,BINANCE,TRADE,64026.6,8e-05
2026-07-30 13:48:34,BTCUSDT,BINANCE,TRADE,64026.6,8e-05
2026-07-30 13:48:34,BTCUSDT,BINANCE,TRADE,64026.6,8e-05
2026-07-30 13:48:34,BTCUSDT,BINANCE,TRADE,64026.6,8e-05
2026-07-30 13:48:34,BTCUSDT,BINANCE,TRADE,64026.6,8e-05
2026-07-30 13:48:34,BTCUSDT,BINANCE,TRADE,64026.6,8e-05
2026-07-30 13:48:34,BTCUSDT,BINANCE,TRADE,64026.6,8e-05
2026-07-30 13:48:34,BTCUSDT,BINANCE,TRADE,64026.6,0.001
2026-07-30 13:48:34,BTCUSDT,BINANCE,TRADE,64026.6,9e-05
2026-07-30 13:48:34,BTCUSDT,BINANCE,TRADE,64026.6,9e-05
2026-07-30 13:48:34,BTCUSDT,BINANCE,TRADE,64026.6,8e-05
2026-07-30 13:48:34,BTCUSDT,BINANCE,TRADE,64026.6,0.00016
2026-07-30 13:48:34,BTCUSDT,BINANCE,TRADE,64026.6,8e-05
2026-07-30 13:48:34,BTCUSDT,BINANCE,TRADE,64026.6,0.00157
2026-07-30 13:48:34,BTCUSDT,BINANCE,TRADE,64026.6,8e-05
2026-07-30 13:48:34,BTCUSDT,BINANCE,TRADE,64026.6,8e-05
2026-07-30 13:48:34,BTCUSDT,BINANCE,TRADE,64026.6,0.00016
2026-07-30 13:48:34,BTCUSDT,BINANCE,TRADE,64026.6,9e-05
2026-07-30 13:48:34,BTCUSDT,BINANCE,TRADE,64026.6,0.00157
2026-07-30 13:48:34,BTCUSDT,BINANCE,TRADE,64026.6,0.00157
2026-07-30 13:48:34,BTCUSDT,BINANCE,TRADE,64026.6,0.00157
2026-07-30 13:48:34,BTCUSDT,BINANCE,TRADE,64026.6,0.00155
2026-07-30 13:48:34,BTCUSDT,BINANCE,TRADE,64026.6,0.00155
2026-07-30 13:48:34,BTCUSDT,BINANCE,TRADE,64026.6,0.03123
2026-07-30 13:48:34,BTCUSDT,BINANCE,TRADE,64026.6,0.00017
2026-07-30 13:48:34,BTCUSDT,BINANCE,TRADE,64026.6,8e-05
2026-07-30 13:48:34,BTCUSDT,BINANCE,TRADE,64026.6,8e-05
2026-07-30 13:48:34,BTCUSDT,BINANCE,TRADE,64026.6,8e-05
2026-07-30 13:48:34,BTCUSDT,BINANCE,TRADE,64026.6,8e-05
2026-07-30 13:48:34,BTCUSDT,BINANCE,TRADE,64026.6,8e-05
2026-07-30 13:48:34,BTCUSDT,BINANCE,TRADE,64026.6,8e-05
2026-07-30 13:48:34,BTCUSDT,BINANCE,TRADE,64026.6,8e-05
2026-07-30 13:48:34,BTCUSDT,BINANCE,TRADE,64026.6,8e-05
2026-07-30 13:48:34,BTCUSDT,BINANCE,TRADE,64026.6,8e-05
2026-07-30 13:48:34,BTCUSDT,BINANCE,TRADE,64026.6,8e-05
2026-07-30 13:48:34,BTCUSDT,BINANCE,TRADE,64026.6,8e-05
2026-07-30 13:48:34,BTCUSDT,BINANCE,TRADE,64026.6,8e-05
2026-07-30 13:48:34,BTCUSDT,BINANCE,TRADE,64026.6,8e-05
2026-07-30 13:48:34,BTCUSDT,BINANCE,TRADE,64026.6,8e-05
2026-07-30 13:48:34,BTCUSDT,BINANCE,TRADE,64026.6,0.00016
2026-07-30 13:48:34,BTCUSDT,BINANCE,TRADE,64026.6,9e-05
2026-07-30 13:48:34,BTCUSDT,BINANCE,TRADE,64026.6,9e-05
2026-07-30 13:48:34,BTCUSDT,BINANCE,TRADE,64026.6,8e-05
2026-07-30 13:48:34,BTCUSDT,BINANCE,TRADE,64026.6,8e-05
2026-07-30 13:48:34,BTCUSDT,BINANCE,TRADE,64026.6,8e-05
2026-07-30 13:48:34,BTCUSDT,BINANCE,TRADE,64026.6,8e-05
2026-07-30 13:48:34,BTCUSDT,BINANCE,TRADE,64026.6,8e-05
2026-07-30 13:48:34,BTCUSDT,BINANCE,TRADE,64026.6,9e-05
2026-07-30 13:48:34,BTCUSDT,BINANCE,TRADE,64026.6,9e-05
2026-07-30 13:48:34,BTCUSDT,BINANCE,TRADE,64026.6,8e-05
2026-07-30 13:48:34,BTCUSDT,BINANCE,TRADE,64026.6,8e-05
2026-07-30 13:48:34,BTCUSDT,BINANCE,TRADE,64026.6,8e-05
2026-07-30 13:48:34,BTCUSDT,BINANCE,TRADE,64026.6,8e-05
2026-07-30 13:48:34,BTCUSDT,BINANCE,TRADE,64026.6,9e-05
2026-07-30 13:48:34,BTCUSDT,BINANCE,TRADE,64026.6,0.00016
2026-07-30 13:48:34,BTCUSDT,BINANCE,TRADE,64026.6,7e-05
2026-07-30 13:48:34,BTCUSDT,BINANCE,TRADE,64026.6,0.00029
2026-07-30 13:48:34,BTCUSDT,BINANCE,TRADE,64026.6,0.00017
2026-07-30 13:48:35,BTCUSDT,BINANCE,TRADE,64026.6,0.002
2026-07-30 13:48:35,BTCUSDT,BINANCE,TRADE,64026.6,0.00055
2026-07-30 13:48:35,BTCUSDT,BINANCE,TRADE,64026.6,0.00013
2026-07-30 13:48:35,BTCUSDT,BINANCE,TRADE,64026.6,0.0001
2026-07-30 13:48:35,BTCUSDT,BINANCE,TRADE,64026.6,0.00037
2026-07-30 13:48:35,ETHUSDT,BINANCE,TRADE,1905.18,0.0189
2026-07-30 13:48:35,BTCUSDT,BINANCE,TRADE,64026.6,0.00027
2026-07-30 13:48:35,ETHUSDT,BINANCE,TRADE,1905.17,0.2299
2026-07-30 13:48:35,BTCUSDT,BINANCE,TRADE,64026.6,0.00059
2026-07-30 13:48:35,ETHUSDT,BINANCE,TRADE,1905.18,0.003
2026-07-30 13:48:35,ETHUSDT,BINANCE,TRADE,1905.18,0.2207
2026-07-30 13:48:35,ETHUSDT,BINANCE,TRADE,1905.18,0.4
2026-07-30 13:48:35,ETHUSDT,BINANCE,TRADE,1905.18,1.7872
2026-07-30 13:48:35,ETHUSDT,BINANCE,TRADE,1905.18,0.0027
2026-07-30 13:48:35,ETHUSDT,BINANCE,TRADE,1905.18,0.0027
2026-07-30 13:48:35,ETHUSDT,BINANCE,TRADE,1905.18,0.0027
2026-07-30 13:48:35,ETHUSDT,BINANCE,TRADE,1905.18,0.0028
2026-07-30 13:48:35,ETHUSDT,BINANCE,TRADE,1905.18,0.0028
2026-07-30 13:48:35,ETHUSDT,BINANCE,TRADE,1905.18,0.021
2026-07-30 13:48:35,ETHUSDT,BINANCE,TRADE,1905.18,0.0027
2026-07-30 13:48:35,ETHUSDT,BINANCE,TRADE,1905.18,0.021
2026-07-30 13:48:35,ETHUSDT,BINANCE,TRADE,1905.18,0.0053
2026-07-30 13:48:35,ETHUSDT,BINANCE,TRADE,1905.18,0.0027
2026-07-30 13:48:35,ETHUSDT,BINANCE,TRADE,1905.18,0.0027
2026-07-30 13:48:35,ETHUSDT,BINANCE,TRADE,1905.18,0.0027
2026-07-30 13:48:35,ETHUSDT,BINANCE,TRADE,1905.18,0.0027
2026-07-30 13:48:35,ETHUSDT,BINANCE,TRADE,1905.19,0.0028
2026-07-30 13:48:35,ETHUSDT,BINANCE,TRADE,1905.19,0.0053
2026-07-30 13:48:35,ETHUSDT,BINANCE,TRADE,1905.19,0.0027
2026-07-30 13:48:35,ETHUSDT,BINANCE,TRADE,1905.2,0.0027
2026-07-30 13:48:35,ETHUSDT,BINANCE,TRADE,1905.2,0.0028
2026-07-30 13:48:35,ETHUSDT,BINANCE,TRADE,1905.2,0.0027
2026-07-30 13:48:35,ETHUSDT,BINANCE,TRADE,1905.2,0.0053
2026-07-30 13:48:35,ETHUSDT,BINANCE,TRADE,1905.2,0.0027
2026-07-30 13:48:35,ETHUSDT,BINANCE,TRADE,1905.2,0.0027
2026-07-30 13:48:35,ETHUSDT,BINANCE,TRADE,1905.2,0.0027
2026-07-30 13:48:35,ETHUSDT,BINANCE,TRADE,1905.21,0.0027
2026-07-30 13:48:35,ETHUSDT,BINANCE,TRADE,1905.21,0.0028
2026-07-30 13:48:35,ETHUSDT,BINANCE,TRADE,1905.22,0.0027
2026-07-30 13:48:35,ETHUSDT,BINANCE,TRADE,1905.22,0.0027
2026-07-30 13:48:35,ETHUSDT,BINANCE,TRADE,1905.22,0.0027
2026-07-30 13:48:35,ETHUSDT,BINANCE,TRADE,1905.22,0.0028
2026-07-30 13:48:35,ETHUSDT,BINANCE,TRADE,1905.22,0.0027
2026-07-30 13:48:35,ETHUSDT,BINANCE,TRADE,1905.22,0.0027
2026-07-30 13:48:35,ETHUSDT,BINANCE,TRADE,1905.22,0.0027
2026-07-30 13:48:35,ETHUSDT,BINANCE,TRADE,1905.22,0.0027
2026-07-30 13:48:35,ETHUSDT,BINANCE,TRADE,1905.22,0.0027
2026-07-30 13:48:35,ETHUSDT,BINANCE,TRADE,1905.22,0.0027
2026-07-30 13:48:35,ETHUSDT,BINANCE,TRADE,1905.22,0.0027
2026-07-30 13:48:35,ETHUSDT,BINANCE,TRADE,1905.22,0.0027
2026-07-30 13:48:35,ETHUSDT,BINANCE,TRADE,1905.22,0.0027
2026-07-30 13:48:35,ETHUSDT,BINANCE,TRADE,1905.22,0.0027
2026-07-30 13:48:35,ETHUSDT,BINANCE,TRADE,1905.22,0.0027
2026-07-30 13:48:35,ETHUSDT,BINANCE,TRADE,1905.22,0.0027
2026-07-30 13:48:35,ETHUSDT,BINANCE,TRADE,1905.23,0.0027
2026-07-30 13:48:35,ETHUSDT,BINANCE,TRADE,1905.23,0.0028
2026-07-30 13:48:35,ETHUSDT,BINANCE,TRADE,1905.23,0.0027
2026-07-30 13:48:35,ETHUSDT,BINANCE,TRADE,1905.23,0.0027
2026-07-30 13:48:35,ETHUSDT,BINANCE,TRADE,1905.23,0.0027
2026-07-30 13:48:35,ETHUSDT,BINANCE,TRADE,1905.23,0.0027
2026-07-30 13:48:35,BTCUSDT,BINANCE,TRADE,64026.6,0.003
2026-07-30 13:48:35,BTCUSDT,BINANCE,TRADE,64026.6,0.003
2026-07-30 13:48:35,BTCUSDT,BINANCE,TRADE,64026.6,0.003
2026-07-30 13:48:35,BTCUSDT,BINANCE,TRADE,64026.6,0.003
2026-07-30 13:48:35,BTCUSDT,BINANCE,TRADE,64026.6,0.003
2026-07-30 13:48:35,BTCUSDT,BINANCE,TRADE,64026.6,0.003
2026-07-30 13:48:35,BTCUSDT,BINANCE,TRADE,64026.6,0.003
2026-07-30 13:48:35,BTCUSDT,BINANCE,TRADE,64026.6,0.003
2026-07-30 13:48:35,BTCUSDT,BINANCE,TRADE,64026.6,0.003
2026-07-30 13:48:35,BTCUSDT,BINANCE,TRADE,64026.6,0.003
2026-07-30 13:48:35,BTCUSDT,BINANCE,TRADE,64026.6,0.003
2026-07-30 13:48:35,BTCUSDT,BINANCE,TRADE,64026.6,0.00031
2026-07-30 13:48:35,BTCUSDT,BINANCE,TRADE,64026.6,0.03332
2026-07-30 13:48:35,BTCUSDT,BINANCE,TRADE,64026.6,9e-05
2026-07-30 13:48:35,BTCUSDT,BINANCE,TRADE,64026.6,9e-05
2026-07-30 13:48:35,BTCUSDT,BINANCE,TRADE,64026.6,8e-05
2026-07-30 13:48:35,BTCUSDT,BINANCE,TRADE,64026.6,8e-05
2026-07-30 13:48:35,BTCUSDT,BINANCE,TRADE,64026.6,8e-05
2026-07-30 13:48:35,BTCUSDT,BINANCE,TRADE,64026.6,8e-05
2026-07-30 13:48:35,BTCUSDT,BINANCE,TRADE,64026.6,8e-05
2026-07-30 13:48:35,BTCUSDT,BINANCE,TRADE,64026.6,8e-05
2026-07-30 13:48:35,BTCUSDT,BINANCE,TRADE,64026.6,8e-05
2026-07-30 13:48:35,BTCUSDT,BINANCE,TRADE,64026.6,8e-05
2026-07-30 13:48:35,BTCUSDT,BINANCE,TRADE,64026.6,0.00789
2026-07-30 13:48:35,BTCUSDT,BINANCE,TRADE,64026.6,8e-05
2026-07-30 13:48:35,BTCUSDT,BINANCE,TRADE,64026.6,8e-05
2026-07-30 13:48:35,BTCUSDT,BINANCE,TRADE,64026.6,9e-05
2026-07-30 13:48:35,BTCUSDT,BINANCE,TRADE,64026.6,8e-05
2026-07-30 13:48:35,BTCUSDT,BINANCE,TRADE,64026.6,0.03123
2026-07-30 13:48:35,BTCUSDT,BINANCE,TRADE,64026.6,0.00719
2026-07-30 13:48:35,BTCUSDT,BINANCE,TRADE,64026.6,0.0116
2026-07-30 13:48:35,BTCUSDT,BINANCE,TRADE,64026.6,0.001
2026-07-30 13:48:35,BTCUSDT,BINANCE,TRADE,64026.6,0.00667
2026-07-30 13:48:35,BTCUSDT,BINANCE,TRADE,64026.6,8e-05
2026-07-30 13:48:35,BTCUSDT,BINANCE,TRADE,64026.6,8e-05
2026-07-30 13:48:35,BTCUSDT,BINANCE,TRADE,64026.6,8e-05
2026-07-30 13:48:35,BTCUSDT,BINANCE,TRADE,64026.6,8e-05
2026-07-30 13:48:35,BTCUSDT,BINANCE,TRADE,64026.6,9e-05
2026-07-30 13:48:35,BTCUSDT,BINANCE,TRADE,64026.6,8e-05
2026-07-30 13:48:35,BTCUSDT,BINANCE,TRADE,64026.6,8e-05
2026-07-30 13:48:35,BTCUSDT,BINANCE,TRADE,64026.6,8e-05
2026-07-30 13:48:35,BTCUSDT,BINANCE,TRADE,64026.6,9e-05
2026-07-30 13:48:35,BTCUSDT,BINANCE,TRADE,64026.6,8e-05
2026-07-30 13:48:35,BTCUSDT,BINANCE,TRADE,64026.6,8e-05
2026-07-30 13:48:35,BTCUSDT,BINANCE,TRADE,64028.6,8e-05
2026-07-30 13:48:35,BTCUSDT,BINANCE,TRADE,64028.6,8e-05
2026-07-30 13:48:35,BTCUSDT,BINANCE,TRADE,64028.6,8e-05
2026-07-30 13:48:35,BTCUSDT,BINANCE,TRADE,64028.6,8e-05
2026-07-30 13:48:35,BTCUSDT,BINANCE,TRADE,64028.6,8e-05
2026-07-30 13:48:35,BTCUSDT,BINANCE,TRADE,64028.6,8e-05
2026-07-30 13:48:35,BTCUSDT,BINANCE,TRADE,64028.6,8e-05
2026-07-30 13:48:35,BTCUSDT,BINANCE,TRADE,64028.6,8e-05
2026-07-30 13:48:35,BTCUSDT,BINANCE,TRADE,64028.6,8e-05
2026-07-30 13:48:35,BTCUSDT,BINANCE,TRADE,64028.6,8e-05
2026-07-30 13:48:35,BTCUSDT,BINANCE,TRADE,64028.6,8e-05
2026-07-30 13:48:35,BTCUSDT,BINANCE,TRADE,64028.6,8e-05
2026-07-30 13:48:35,BTCUSDT,BINANCE,TRADE,64028.6,8e-05
2026-07-30 13:48:35,BTCUSDT,BINANCE,TRADE,64028.6,8e-05
2026-07-30 13:48:35,BTCUSDT,BINANCE,TRADE,64028.6,8e-05
2026-07-30 13:48:35,BTCUSDT,BINANCE,TRADE,64028.6,8e-05
2026-07-30 13:48:35,BTCUSDT,BINANCE,TRADE,64028.6,8e-05
2026-07-30 13:48:35,BTCUSDT,BINANCE,TRADE,64028.6,8e-05
2026-07-30 13:48:35,BTCUSDT,BINANCE,TRADE,64028.6,8e-05
2026-07-30 13:48:35,BTCUSDT,BINANCE,TRADE,64028.6,8e-05
2026-07-30 13:48:35,BTCUSDT,BINANCE,TRADE,64028.6,9e-05
2026-07-30 13:48:35,BTCUSDT,BINANCE,TRADE,64028.6,9e-05
2026-07-30 13:48:35,BTCUSDT,BINANCE,TRADE,64028.6,8e-05
2026-07-30 13:48:35,BTCUSDT,BINANCE,TRADE,64028.6,8e-05
2026-07-30 13:48:35,BTCUSDT,BINANCE,TRADE,64028.6,8e-05
2026-07-30 13:48:35,BTCUSDT,BINANCE,TRADE,64028.6,8e-05
2026-07-30 13:48:35,BTCUSDT,BINANCE,TRADE,64028.6,8e-05
2026-07-30 13:48:35,BTCUSDT,BINANCE,TRADE,64028.6,8e-05
2026-07-30 13:48:35,BTCUSDT,BINANCE,TRADE,64029.2,9e-05
2026-07-30 13:48:35,BTCUSDT,BINANCE,TRADE,64029.2,9e-05
2026-07-30 13:48:35,BTCUSDT,BINANCE,TRADE,64029.2,9e-05
2026-07-30 13:48:35,SOLUSDT,BINANCE,TRADE,73.43,0.277
2026-07-30 13:48:35,SOLUSDT,BINANCE,TRADE,73.43,0.072
2026-07-30 13:48:35,SOLUSDT,BINANCE,TRADE,73.43,0.072
2026-07-30 13:48:35,SOLUSDT,BINANCE,TRADE,73.43,0.072
2026-07-30 13:48:35,SOLUSDT,BINANCE,TRADE,73.43,0.072
2026-07-30 13:48:35,SOLUSDT,BINANCE,TRADE,73.43,0.137
2026-07-30 13:48:35,SOLUSDT,BINANCE,TRADE,73.43,0.264
2026-07-30 13:48:35,SOLUSDT,BINANCE,TRADE,73.43,2.651
2026-07-30 13:48:35,SOLUSDT,BINANCE,TRADE,73.43,0.072
2026-07-30 13:48:35,SOLUSDT,BINANCE,TRADE,73.43,0.072
2026-07-30 13:48:35,SOLUSDT,BINANCE,TRADE,73.43,0.07
2026-07-30 13:48:35,SOLUSDT,BINANCE,TRADE,73.43,2.056
2026-07-30 13:48:35,BTCUSDT,BINANCE,TRADE,64029.2,0.002
2026-07-30 13:48:35,BTCUSDT,BINANCE,TRADE,64029.2,0.00398
2026-07-30 13:48:35,SOLUSDT,BINANCE,TRADE,73.43,1.992
2026-07-30 13:48:35,SOLUSDT,BINANCE,TRADE,73.43,0.507
2026-07-30 13:48:35,SOLUSDT,BINANCE,TRADE,73.43,0.846
2026-07-30 13:48:35,SOLUSDT,BINANCE,TRADE,73.43,0.072
2026-07-30 13:48:35,SOLUSDT,BINANCE,TRADE,73.43,0.072
2026-07-30 13:48:35,SOLUSDT,BINANCE,TRADE,73.43,0.072
2026-07-30 13:48:35,SOLUSDT,BINANCE,TRADE,73.43,0.072
2026-07-30 13:48:35,SOLUSDT,BINANCE,TRADE,73.43,0.072
2026-07-30 13:48:35,SOLUSDT,BINANCE,TRADE,73.43,0.137
2026-07-30 13:48:35,SOLUSDT,BINANCE,TRADE,73.43,0.072
2026-07-30 13:48:35,SOLUSDT,BINANCE,TRADE,73.43,0.07
2026-07-30 13:48:35,SOLUSDT,BINANCE,TRADE,73.43,0.072
2026-07-30 13:48:35,BTCUSDT,BINANCE,TRADE,64029.2,0.01945
2026-07-30 13:48:35,BTCUSDT,BINANCE,TRADE,64029.2,0.00351
2026-07-30 13:48:35,ETHUSDT,BINANCE,TRADE,1905.24,0.003
2026-07-30 13:48:35,ETHUSDT,BINANCE,TRADE,1905.24,0.0027
2026-07-30 13:48:35,ETHUSDT,BINANCE,TRADE,1905.24,0.0028
2026-07-30 13:48:35,ETHUSDT,BINANCE,TRADE,1905.24,0.0027
2026-07-30 13:48:35,ETHUSDT,BINANCE,TRADE,1905.24,0.0027
2026-07-30 13:48:35,ETHUSDT,BINANCE,TRADE,1905.24,0.0027
2026-07-30 13:48:35,ETHUSDT,BINANCE,TRADE,1905.24,0.0031
2026-07-30 13:48:35,ETHUSDT,BINANCE,TRADE,1905.24,0.0031
2026-07-30 13:48:35,ETHUSDT,BINANCE,TRADE,1905.24,0.0028
2026-07-30 13:48:35,ETHUSDT,BINANCE,TRADE,1905.24,0.0027
2026-07-30 13:48:35,ETHUSDT,BINANCE,TRADE,1905.24,0.0027
2026-07-30 13:48:35,ETHUSDT,BINANCE,TRADE,1905.24,0.0027
2026-07-30 13:48:35,ETHUSDT,BINANCE,TRADE,1905.24,0.0028
2026-07-30 13:48:35,ETHUSDT,BINANCE,TRADE,1905.24,0.0027
2026-07-30 13:48:35,ETHUSDT,BINANCE,TRADE,1905.24,0.0027
2026-07-30 13:48:35,ETHUSDT,BINANCE,TRADE,1905.24,0.0027
2026-07-30 13:48:35,ETHUSDT,BINANCE,TRADE,1905.25,0.0028
2026-07-30 13:48:35,ETHUSDT,BINANCE,TRADE,1905.25,0.0027
2026-07-30 13:48:35,ETHUSDT,BINANCE,TRADE,1905.25,0.0027
2026-07-30 13:48:35,ETHUSDT,BINANCE,TRADE,1905.25,0.0027
2026-07-30 13:48:35,ETHUSDT,BINANCE,TRADE,1905.25,0.0031
2026-07-30 13:48:35,ETHUSDT,BINANCE,TRADE,1905.25,0.0031
2026-07-30 13:48:35,ETHUSDT,BINANCE,TRADE,1905.25,0.0027
2026-07-30 13:48:35,ETHUSDT,BINANCE,TRADE,1905.25,0.0027
2026-07-30 13:48:35,ETHUSDT,BINANCE,TRADE,1905.25,0.0027
2026-07-30 13:48:35,ETHUSDT,BINANCE,TRADE,1905.25,0.0027
2026-07-30 13:48:35,ETHUSDT,BINANCE,TRADE,1905.26,0.0028
2026-07-30 13:48:35,ETHUSDT,BINANCE,TRADE,1905.26,0.0027
2026-07-30 13:48:35,ETHUSDT,BINANCE,TRADE,1905.26,0.0027
2026-07-30 13:48:35,ETHUSDT,BINANCE,TRADE,1905.26,0.0027
2026-07-30 13:48:35,ETHUSDT,BINANCE,TRADE,1905.27,0.0027
2026-07-30 13:48:35,ETHUSDT,BINANCE,TRADE,1905.27,0.0028
2026-07-30 13:48:35,ETHUSDT,BINANCE,TRADE,1905.28,0.0027
2026-07-30 13:48:35,ETHUSDT,BINANCE,TRADE,1905.28,0.0028
2026-07-30 13:48:35,ETHUSDT,BINANCE,TRADE,1905.28,0.0027
2026-07-30 13:48:35,ETHUSDT,BINANCE,TRADE,1905.29,0.0475
2026-07-30 13:48:35,ETHUSDT,BINANCE,TRADE,1905.29,0.0027
2026-07-30 13:48:35,ETHUSDT,BINANCE,TRADE,1905.29,0.0028
2026-07-30 13:48:35,ETHUSDT,BINANCE,TRADE,1905.29,0.0027
2026-07-30 13:48:35,ETHUSDT,BINANCE,TRADE,1905.3,0.0027
2026-07-30 13:48:35,ETHUSDT,BINANCE,TRADE,1905.3,0.0027
2026-07-30 13:48:35,ETHUSDT,BINANCE,TRADE,1905.3,0.0028
2026-07-30 13:48:35,ETHUSDT,BINANCE,TRADE,1905.3,0.0027
2026-07-30 13:48:35,ETHUSDT,BINANCE,TRADE,1905.3,0.0027
2026-07-30 13:48:35,ETHUSDT,BINANCE,TRADE,1905.3,0.0027
2026-07-30 13:48:35,ETHUSDT,BINANCE,TRADE,1905.3,0.0027
2026-07-30 13:48:35,ETHUSDT,BINANCE,TRADE,1905.31,0.0027
2026-07-30 13:48:35,ETHUSDT,BINANCE,TRADE,1905.31,0.0028
2026-07-30 13:48:35,ETHUSDT,BINANCE,TRADE,1905.31,0.0027
2026-07-30 13:48:35,ETHUSDT,BINANCE,TRADE,1905.31,0.0027
2026-07-30 13:48:35,ETHUSDT,BINANCE,TRADE,1905.31,0.0027
2026-07-30 13:48:35,ETHUSDT,BINANCE,TRADE,1905.31,0.0027
2026-07-30 13:48:35,ETHUSDT,BINANCE,TRADE,1905.32,0.0027
2026-07-30 13:48:35,ETHUSDT,BINANCE,TRADE,1905.32,0.0028
2026-07-30 13:48:35,ETHUSDT,BINANCE,TRADE,1905.32,0.0027
2026-07-30 13:48:35,ETHUSDT,BINANCE,TRADE,1905.32,0.0027
2026-07-30 13:48:35,ETHUSDT,BINANCE,TRADE,1905.32,0.0027
2026-07-30 13:48:35,ETHUSDT,BINANCE,TRADE,1905.32,0.0027
2026-07-30 13:48:35,ETHUSDT,BINANCE,TRADE,1905.33,0.0027
2026-07-30 13:48:35,ETHUSDT,BINANCE,TRADE,1905.33,0.0027
2026-07-30 13:48:35,ETHUSDT,BINANCE,TRADE,1905.33,0.0028
2026-07-30 13:48:35,ETHUSDT,BINANCE,TRADE,1905.33,0.0027
2026-07-30 13:48:35,ETHUSDT,BINANCE,TRADE,1905.33,0.0027
2026-07-30 13:48:35,ETHUSDT,BINANCE,TRADE,1905.34,0.0028
2026-07-30 13:48:35,ETHUSDT,BINANCE,TRADE,1905.35,0.0027
2026-07-30 13:48:35,ETHUSDT,BINANCE,TRADE,1905.35,0.0028
2026-07-30 13:48:35,ETHUSDT,BINANCE,TRADE,1905.35,0.0028
2026-07-30 13:48:35,ETHUSDT,BINANCE,TRADE,1905.35,0.0027
2026-07-30 13:48:35,ETHUSDT,BINANCE,TRADE,1905.35,0.0028
2026-07-30 13:48:35,ETHUSDT,BINANCE,TRADE,1905.36,0.0027
2026-07-30 13:48:35,ETHUSDT,BINANCE,TRADE,1905.36,0.0548
2026-07-30 13:48:35,ETHUSDT,BINANCE,TRADE,1905.36,0.003
2026-07-30 13:48:35,ETHUSDT,BINANCE,TRADE,1905.36,0.0525
2026-07-30 13:48:35,ETHUSDT,BINANCE,TRADE,1905.36,0.0027
2026-07-30 13:48:35,ETHUSDT,BINANCE,TRADE,1905.36,0.0027
2026-07-30 13:48:35,ETHUSDT,BINANCE,TRADE,1905.37,0.0027
2026-07-30 13:48:35,ETHUSDT,BINANCE,TRADE,1905.37,0.0027
2026-07-30 13:48:35,ETHUSDT,BINANCE,TRADE,1905.37,0.0027
2026-07-30 13:48:35,ETHUSDT,BINANCE,TRADE,1905.37,0.0027
2026-07-30 13:48:35,ETHUSDT,BINANCE,TRADE,1905.37,0.0027
2026-07-30 13:48:35,ETHUSDT,BINANCE,TRADE,1905.37,0.0027
2026-07-30 13:48:35,ETHUSDT,BINANCE,TRADE,1905.37,0.0027
2026-07-30 13:48:35,ETHUSDT,BINANCE,TRADE,1905.37,0.0027
2026-07-30 13:48:35,ETHUSDT,BINANCE,TRADE,1905.37,0.0027
2026-07-30 13:48:35,ETHUSDT,BINANCE,TRADE,1905.37,0.0027
2026-07-30 13:48:35,ETHUSDT,BINANCE,TRADE,1905.37,0.0027
2026-07-30 13:48:35,ETHUSDT,BINANCE,TRADE,1905.39,0.0027
2026-07-30 13:48:35,ETHUSDT,BINANCE,TRADE,1905.41,0.0027
2026-07-30 13:48:35,ETHUSDT,BINANCE,TRADE,1905.41,0.0027
2026-07-30 13:48:35,ETHUSDT,BINANCE,TRADE,1905.41,0.0027
2026-07-30 13:48:35,ETHUSDT,BINANCE,TRADE,1905.42,0.0027
2026-07-30 13:48:35,ETHUSDT,BINANCE,TRADE,1905.42,0.0027
2026-07-30 13:48:35,ETHUSDT,BINANCE,TRADE,1905.43,0.0028
2026-07-30 13:48:35,ETHUSDT,BINANCE,TRADE,1905.44,0.0027
2026-07-30 13:48:35,ETHUSDT,BINANCE,TRADE,1905.44,0.0027
2026-07-30 13:48:35,ETHUSDT,BINANCE,TRADE,1905.44,0.0027
2026-07-30 13:48:35,ETHUSDT,BINANCE,TRADE,1905.44,0.0027
2026-07-30 13:48:35,ETHUSDT,BINANCE,TRADE,1905.45,0.0027
2026-07-30 13:48:35,ETHUSDT,BINANCE,TRADE,1905.46,0.0108
2026-07-30 13:48:35,ETHUSDT,BINANCE,TRADE,1905.46,0.0027
2026-07-30 13:48:35,ETHUSDT,BINANCE,TRADE,1905.46,0.0027
2026-07-30 13:48:35,ETHUSDT,BINANCE,TRADE,1905.46,0.0027
2026-07-30 13:48:35,ETHUSDT,BINANCE,TRADE,1905.46,0.0027
2026-07-30 13:48:35,ETHUSDT,BINANCE,TRADE,1905.46,0.0027
2026-07-30 13:48:35,ETHUSDT,BINANCE,TRADE,1905.46,0.0027
2026-07-30 13:48:35,ETHUSDT,BINANCE,TRADE,1905.48,0.0027
2026-07-30 13:48:35,ETHUSDT,BINANCE,TRADE,1905.48,0.003
2026-07-30 13:48:35,ETHUSDT,BINANCE,TRADE,1905.49,0.0027
2026-07-30 13:48:35,ETHUSDT,BINANCE,TRADE,1905.5,0.0027
2026-07-30 13:48:35,ETHUSDT,BINANCE,TRADE,1905.5,0.0027
2026-07-30 13:48:35,ETHUSDT,BINANCE,TRADE,1905.51,0.0027
2026-07-30 13:48:35,ETHUSDT,BINANCE,TRADE,1905.53,0.0027
2026-07-30 13:48:35,ETHUSDT,BINANCE,TRADE,1905.54,0.0027
2026-07-30 13:48:35,ETHUSDT,BINANCE,TRADE,1905.55,0.0027
2026-07-30 13:48:35,ETHUSDT,BINANCE,TRADE,1905.55,0.0027
2026-07-30 13:48:35,ETHUSDT,BINANCE,TRADE,1905.55,0.0027
2026-07-30 13:48:35,ETHUSDT,BINANCE,TRADE,1905.55,0.0027
2026-07-30 13:48:35,ETHUSDT,BINANCE,TRADE,1905.55,0.0027
2026-07-30 13:48:35,ETHUSDT,BINANCE,TRADE,1905.56,0.0078
2026-07-30 13:48:35,ETHUSDT,BINANCE,TRADE,1905.56,0.0028
2026-07-30 13:48:35,ETHUSDT,BINANCE,TRADE,1905.56,0.0027
2026-07-30 13:48:35,ETHUSDT,BINANCE,TRADE,1905.56,0.0027
2026-07-30 13:48:35,ETHUSDT,BINANCE,TRADE,1905.56,0.0027
2026-07-30 13:48:35,ETHUSDT,BINANCE,TRADE,1905.56,0.0027
2026-07-30 13:48:35,ETHUSDT,BINANCE,TRADE,1905.56,0.0027
2026-07-30 13:48:35,ETHUSDT,BINANCE,TRADE,1905.56,0.0027
2026-07-30 13:48:35,ETHUSDT,BINANCE,TRADE,1905.56,0.0027
2026-07-30 13:48:35,ETHUSDT,BINANCE,TRADE,1905.57,0.0027
2026-07-30 13:48:35,ETHUSDT,BINANCE,TRADE,1905.57,0.0027
2026-07-30 13:48:35,ETHUSDT,BINANCE,TRADE,1905.57,0.0027
2026-07-30 13:48:35,ETHUSDT,BINANCE,TRADE,1905.58,0.0027
2026-07-30 13:48:35,ETHUSDT,BINANCE,TRADE,1905.58,0.0028
2026-07-30 13:48:35,ETHUSDT,BINANCE,TRADE,1905.58,0.0028
2026-07-30 13:48:35,ETHUSDT,BINANCE,TRADE,1905.58,0.0027
2026-07-30 13:48:35,ETHUSDT,BINANCE,TRADE,1905.58,0.0028
2026-07-30 13:48:35,ETHUSDT,BINANCE,TRADE,1905.58,0.0027
2026-07-30 13:48:35,ETHUSDT,BINANCE,TRADE,1905.58,0.0027
2026-07-30 13:48:35,ETHUSDT,BINANCE,TRADE,1905.58,0.0027
2026-07-30 13:48:35,BTCUSDT,BINANCE,TRADE,64029.2,0.0385
2026-07-30 13:48:35,BTCUSDT,BINANCE,TRADE,64029.2,0.01839
2026-07-30 13:48:35,BTCUSDT,BINANCE,TRADE,64029.2,8e-05
2026-07-30 13:48:35,BTCUSDT,BINANCE,TRADE,64029.2,9e-05
2026-07-30 13:48:35,BTCUSDT,BINANCE,TRADE,64029.2,9e-05
2026-07-30 13:48:35,BTCUSDT,BINANCE,TRADE,64029.2,8e-05
2026-07-30 13:48:35,BTCUSDT,BINANCE,TRADE,64029.2,8e-05
2026-07-30 13:48:35,BTCUSDT,BINANCE,TRADE,64029.2,8e-05
2026-07-30 13:48:35,BTCUSDT,BINANCE,TRADE,64029.2,8e-05
2026-07-30 13:48:35,BTCUSDT,BINANCE,TRADE,64029.2,8e-05
2026-07-30 13:48:35,BTCUSDT,BINANCE,TRADE,64029.2,8e-05
2026-07-30 13:48:35,BTCUSDT,BINANCE,TRADE,64029.2,8e-05
2026-07-30 13:48:35,BTCUSDT,BINANCE,TRADE,64029.2,8e-05
2026-07-30 13:48:35,BTCUSDT,BINANCE,TRADE,64029.2,8e-05
2026-07-30 13:48:35,BTCUSDT,BINANCE,TRADE,64029.2,8e-05
2026-07-30 13:48:35,BTCUSDT,BINANCE,TRADE,64029.2,8e-05
2026-07-30 13:48:35,BTCUSDT,BINANCE,TRADE,64029.2,8e-05
2026-07-30 13:48:35,BTCUSDT,BINANCE,TRADE,64029.2,9e-05
2026-07-30 13:48:35,BTCUSDT,BINANCE,TRADE,64029.2,8e-05
2026-07-30 13:48:35,BTCUSDT,BINANCE,TRADE,64029.2,8e-05
2026-07-30 13:48:35,BTCUSDT,BINANCE,TRADE,64029.2,8e-05
2026-07-30 13:48:35,BTCUSDT,BINANCE,TRADE,64029.2,8e-05
2026-07-30 13:48:35,BTCUSDT,BINANCE,TRADE,64029.2,8e-05
2026-07-30 13:48:35,BTCUSDT,BINANCE,TRADE,64029.2,8e-05
2026-07-30 13:48:35,BTCUSDT,BINANCE,TRADE,64029.2,8e-05
2026-07-30 13:48:35,BTCUSDT,BINANCE,TRADE,64029.2,8e-05
2026-07-30 13:48:35,BTCUSDT,BINANCE,TRADE,64029.2,9e-05
2026-07-30 13:48:35,BTCUSDT,BINANCE,TRADE,64029.2,8e-05
2026-07-30 13:48:35,BTCUSDT,BINANCE,TRADE,64029.2,8e-05
2026-07-30 13:48:35,BTCUSDT,BINANCE,TRADE,64029.2,8e-05
2026-07-30 13:48:35,BTCUSDT,BINANCE,TRADE,64029.4,8e-05
2026-07-30 13:48:35,BTCUSDT,BINANCE,TRADE,64029.4,8e-05
2026-07-30 13:48:35,BTCUSDT,BINANCE,TRADE,64029.7,8e-05
2026-07-30 13:48:35,BTCUSDT,BINANCE,TRADE,64030,9e-05
2026-07-30 13:48:35,BTCUSDT,BINANCE,TRADE,64030,9e-05
2026-07-30 13:48:35,BTCUSDT,BINANCE,TRADE,64030,9e-05
2026-07-30 13:48:35,BTCUSDT,BINANCE,TRADE,64030,0.008
2026-07-30 13:48:35,BTCUSDT,BINANCE,TRADE,64030,0.006
2026-07-30 13:48:35,BTCUSDT,BINANCE,TRADE,64030,0.005
2026-07-30 13:48:35,BTCUSDT,BINANCE,TRADE,64030,0.005
2026-07-30 13:48:35,BTCUSDT,BINANCE,TRADE,64030,9e-05
2026-07-30 13:48:35,BTCUSDT,BINANCE,TRADE,64030,9e-05
2026-07-30 13:48:35,BTCUSDT,BINANCE,TRADE,64030,9e-05
2026-07-30 13:48:35,BTCUSDT,BINANCE,TRADE,64030,9e-05
2026-07-30 13:48:35,BTCUSDT,BINANCE,TRADE,64030,8e-05
2026-07-30 13:48:35,BTCUSDT,BINANCE,TRADE,64030,8e-05
2026-07-30 13:48:35,BTCUSDT,BINANCE,TRADE,64030,8e-05
2026-07-30 13:48:35,BTCUSDT,BINANCE,TRADE,64030,8e-05
2026-07-30 13:48:35,BTCUSDT,BINANCE,TRADE,64030,8e-05
2026-07-30 13:48:35,BTCUSDT,BINANCE,TRADE,64030,8e-05
2026-07-30 13:48:35,BTCUSDT,BINANCE,TRADE,64030,8e-05
2026-07-30 13:48:35,BTCUSDT,BINANCE,TRADE,64030,8e-05
2026-07-30 13:48:35,BTCUSDT,BINANCE,TRADE,64030,8e-05
2026-07-30 13:48:35,BTCUSDT,BINANCE,TRADE,64030,8e-05
2026-07-30 13:48:35,BTCUSDT,BINANCE,TRADE,64030,8e-05
2026-07-30 13:48:35,BTCUSDT,BINANCE,TRADE,64030,8e-05
2026-07-30 13:48:35,BTCUSDT,BINANCE,TRADE,64030,8e-05
2026-07-30 13:48:35,BTCUSDT,BINANCE,TRADE,64030,9e-05
2026-07-30 13:48:35,BTCUSDT,BINANCE,TRADE,64030,8e-05
2026-07-30 13:48:35,BTCUSDT,BINANCE,TRADE,64030,8e-05
2026-07-30 13:48:35,BTCUSDT,BINANCE,TRADE,64030,8e-05
2026-07-30 13:48:35,BTCUSDT,BINANCE,TRADE,64030,0.00513
2026-07-30 13:48:35,BTCUSDT,BINANCE,TRADE,64030,0.00312
2026-07-30 13:48:35,BTCUSDT,BINANCE,TRADE,64030,0.00468
2026-07-30 13:48:35,BTCUSDT,BINANCE,TRADE,64030,0.00743
2026-07-30 13:48:35,BTCUSDT,BINANCE,TRADE,64030,8e-05
2026-07-30 13:48:35,BTCUSDT,BINANCE,TRADE,64030,0.00049
2026-07-30 13:48:35,BTCUSDT,BINANCE,TRADE,64030,9e-05
2026-07-30 13:48:35,BTCUSDT,BINANCE,TRADE,64030,9e-05
2026-07-30 13:48:35,BTCUSDT,BINANCE,TRADE,64030,8e-05
2026-07-30 13:48:35,BTCUSDT,BINANCE,TRADE,64030,8e-05
2026-07-30 13:48:35,BTCUSDT,BINANCE,TRADE,64030,8e-05
2026-07-30 13:48:35,BTCUSDT,BINANCE,TRADE,64030,8e-05
2026-07-30 13:48:35,BTCUSDT,BINANCE,TRADE,64030,8e-05
2026-07-30 13:48:35,BTCUSDT,BINANCE,TRADE,64030,8e-05
2026-07-30 13:48:35,BTCUSDT,BINANCE,TRADE,64030,8e-05
2026-07-30 13:48:35,BTCUSDT,BINANCE,TRADE,64030,8e-05
2026-07-30 13:48:35,BTCUSDT,BINANCE,TRADE,64030,8e-05
2026-07-30 13:48:35,BTCUSDT,BINANCE,TRADE,64030,8e-05
2026-07-30 13:48:35,BTCUSDT,BINANCE,TRADE,64030,8e-05
2026-07-30 13:48:35,BTCUSDT,BINANCE,TRADE,64030,8e-05
2026-07-30 13:48:35,BTCUSDT,BINANCE,TRADE,64030,8e-05
2026-07-30 13:48:35,BTCUSDT,BINANCE,TRADE,64030,8e-05
2026-07-30 13:48:35,BTCUSDT,BINANCE,TRADE,64030,8e-05
2026-07-30 13:48:35,BTCUSDT,BINANCE,TRADE,64030,8e-05
2026-07-30 13:48:35,BTCUSDT,BINANCE,TRADE,64030,8e-05
2026-07-30 13:48:35,BTCUSDT,BINANCE,TRADE,64030,8e-05
2026-07-30 13:48:35,BTCUSDT,BINANCE,TRADE,64030,8e-05
2026-07-30 13:48:35,BTCUSDT,BINANCE,TRADE,64030,8e-05
2026-07-30 13:48:35,BTCUSDT,BINANCE,TRADE,64030,8e-05
2026-07-30 13:48:35,BTCUSDT,BINANCE,TRADE,64030,8e-05
2026-07-30 13:48:35,BTCUSDT,BINANCE,TRADE,64030,8e-05
2026-07-30 13:48:35,BTCUSDT,BINANCE,TRADE,64030,8e-05
2026-07-30 13:48:35,BTCUSDT,BINANCE,TRADE,64030,8e-05
2026-07-30 13:48:35,BTCUSDT,BINANCE,TRADE,64030,8e-05
2026-07-30 13:48:35,BTCUSDT,BINANCE,TRADE,64030,8e-05
2026-07-30 13:48:35,BTCUSDT,BINANCE,TRADE,64030,8e-05
2026-07-30 13:48:35,BTCUSDT,BINANCE,TRADE,64030,9e-05
2026-07-30 13:48:35,BTCUSDT,BINANCE,TRADE,64030,8e-05
2026-07-30 13:48:35,BTCUSDT,BINANCE,TRADE,64030,9e-05
2026-07-30 13:48:35,BTCUSDT,BINANCE,TRADE,64030,8e-05
2026-07-30 13:48:35,BTCUSDT,BINANCE,TRADE,64030,8e-05
2026-07-30 13:48:35,BTCUSDT,BINANCE,TRADE,64030,8e-05
2026-07-30 13:48:35,BTCUSDT,BINANCE,TRADE,64030,8e-05
2026-07-30 13:48:35,BTCUSDT,BINANCE,TRADE,64030,8e-05
2026-07-30 13:48:35,BTCUSDT,BINANCE,TRADE,64030,8e-05
2026-07-30 13:48:35,BTCUSDT,BINANCE,TRADE,64030.2,8e-05
2026-07-30 13:48:35,BTCUSDT,BINANCE,TRADE,64030.2,8e-05
2026-07-30 13:48:35,BTCUSDT,BINANCE,TRADE,64030.2,8e-05
2026-07-30 13:48:35,BTCUSDT,BINANCE,TRADE,64030.2,8e-05
2026-07-30 13:48:35,BTCUSDT,BINANCE,TRADE,64030.7,8e-05
2026-07-30 13:48:35,BTCUSDT,BINANCE,TRADE,64030.7,8e-05
2026-07-30 13:48:35,BTCUSDT,BINANCE,TRADE,64031.6,8e-05
2026-07-30 13:48:35,BTCUSDT,BINANCE,TRADE,64031.6,8e-05
2026-07-30 13:48:35,BTCUSDT,BINANCE,TRADE,64031.7,9e-05
2026-07-30 13:48:35,BTCUSDT,BINANCE,TRADE,64031.7,9e-05
2026-07-30 13:48:35,BTCUSDT,BINANCE,TRADE,64031.7,9e-05
2026-07-30 13:48:35,ETHUSDT,BINANCE,TRADE,1905.58,0.0348
2026-07-30 13:48:35,BTCUSDT,BINANCE,TRADE,64031.7,0.00135
2026-07-30 13:48:35,BTCUSDT,BINANCE,TRADE,64031.7,0.02933
2026-07-30 13:48:35,BTCUSDT,BINANCE,TRADE,64031.7,0.0013
2026-07-30 13:48:35,BTCUSDT,BINANCE,TRADE,64031.7,0.00456
2026-07-30 13:48:35,ETHUSDT,BINANCE,TRADE,1905.59,0.0027
2026-07-30 13:48:35,BTCUSDT,BINANCE,TRADE,64031.7,0.00014
2026-07-30 13:48:35,BTCUSDT,BINANCE,TRADE,64031.7,0.00159
2026-07-30 13:48:35,BTCUSDT,BINANCE,TRADE,64031.7,0.003
2026-07-30 13:48:35,BTCUSDT,BINANCE,TRADE,64031.7,0.0001
2026-07-30 13:48:35,BTCUSDT,BINANCE,TRADE,64031.7,0.00019
2026-07-30 13:48:35,BTCUSDT,BINANCE,TRADE,64031.7,0.0013
2026-07-30 13:48:35,BTCUSDT,BINANCE,TRADE,64031.7,0.002
2026-07-30 13:48:35,BTCUSDT,BINANCE,TRADE,64031.7,0.00038
2026-07-30 13:48:35,ETHUSDT,BINANCE,TRADE,1905.58,0.018
2026-07-30 13:48:35,BTCUSDT,BINANCE,TRADE,64031.7,0.00033
2026-07-30 13:48:35,BTCUSDT,BINANCE,TRADE,64031.7,0.00017
2026-07-30 13:48:35,ETHUSDT,BINANCE,TRADE,1905.59,0.003
2026-07-30 13:48:35,BTCUSDT,BINANCE,TRADE,64031.7,0.00072
2026-07-30 13:48:35,ETHUSDT,BINANCE,TRADE,1905.58,0.1986
2026-07-30 13:48:35,BTCUSDT,BINANCE,TRADE,64031.7,0.00128
2026-07-30 13:48:35,ETHUSDT,BINANCE,TRADE,1905.59,0.0103
2026-07-30 13:48:35,BTCUSDT,BINANCE,TRADE,64031.7,0.00023
2026-07-30 13:48:35,BTCUSDT,BINANCE,TRADE,64031.7,0.00166
2026-07-30 13:48:35,BTCUSDT,BINANCE,TRADE,64031.7,0.00017
2026-07-30 13:48:35,BTCUSDT,BINANCE,TRADE,64031.7,0.63101
2026-07-30 13:48:35,BTCUSDT,BINANCE,TRADE,64031.7,0.00131
2026-07-30 13:48:35,BTCUSDT,BINANCE,TRADE,64031.7,9e-05
2026-07-30 13:48:36,BTCUSDT,BINANCE,TRADE,64031.7,0.00515
2026-07-30 13:48:36,BTCUSDT,BINANCE,TRADE,64031.7,0.00314
2026-07-30 13:48:36,BTCUSDT,BINANCE,TRADE,64031.7,0.0013
2026-07-30 13:48:36,ETHUSDT,BINANCE,TRADE,1905.59,0.0216
2026-07-30 13:48:36,BTCUSDT,BINANCE,TRADE,64031.7,0.002
2026-07-30 13:48:36,BTCUSDT,BINANCE,TRADE,64031.7,0.00137
2026-07-30 13:48:36,BTCUSDT,BINANCE,TRADE,64031.7,0.01685
2026-07-30 13:48:36,BTCUSDT,BINANCE,TRADE,64031.7,0.01874
2026-07-30 13:48:36,ETHUSDT,BINANCE,TRADE,1905.58,0.0027
2026-07-30 13:48:36,ETHUSDT,BINANCE,TRADE,1905.58,0.0003
2026-07-30 13:48:36,ETHUSDT,BINANCE,TRADE,1905.58,0.0024
2026-07-30 13:48:36,ETHUSDT,BINANCE,TRADE,1905.58,0.0028
2026-07-30 13:48:36,ETHUSDT,BINANCE,TRADE,1905.58,0.0053
2026-07-30 13:48:36,ETHUSDT,BINANCE,TRADE,1905.58,0.0027
2026-07-30 13:48:36,ETHUSDT,BINANCE,TRADE,1905.58,0.0027
2026-07-30 13:48:36,ETHUSDT,BINANCE,TRADE,1905.58,0.0027
2026-07-30 13:48:36,ETHUSDT,BINANCE,TRADE,1905.58,0.0028
2026-07-30 13:48:36,ETHUSDT,BINANCE,TRADE,1905.58,0.0027
2026-07-30 13:48:36,ETHUSDT,BINANCE,TRADE,1905.58,0.0027
2026-07-30 13:48:36,ETHUSDT,BINANCE,TRADE,1905.58,0.0027
2026-07-30 13:48:36,ETHUSDT,BINANCE,TRADE,1905.58,0.0031
2026-07-30 13:48:36,ETHUSDT,BINANCE,TRADE,1905.58,0.0031
2026-07-30 13:48:36,ETHUSDT,BINANCE,TRADE,1905.58,0.0031
2026-07-30 13:48:36,ETHUSDT,BINANCE,TRADE,1905.58,0.0027
2026-07-30 13:48:36,ETHUSDT,BINANCE,TRADE,1905.58,0.0027
2026-07-30 13:48:36,ETHUSDT,BINANCE,TRADE,1905.58,0.0027
2026-07-30 13:48:36,ETHUSDT,BINANCE,TRADE,1905.58,0.0027
2026-07-30 13:48:36,ETHUSDT,BINANCE,TRADE,1905.58,0.0027
2026-07-30 13:48:36,ETHUSDT,BINANCE,TRADE,1905.58,0.0027
2026-07-30 13:48:36,ETHUSDT,BINANCE,TRADE,1905.58,0.0027
2026-07-30 13:48:36,ETHUSDT,BINANCE,TRADE,1905.58,0.0027
2026-07-30 13:48:36,ETHUSDT,BINANCE,TRADE,1905.58,0.0027
2026-07-30 13:48:36,ETHUSDT,BINANCE,TRADE,1905.58,0.0027
2026-07-30 13:48:36,ETHUSDT,BINANCE,TRADE,1905.58,0.0027
2026-07-30 13:48:36,ETHUSDT,BINANCE,TRADE,1905.58,0.0027
2026-07-30 13:48:36,ETHUSDT,BINANCE,TRADE,1905.57,0.0027
2026-07-30 13:48:36,ETHUSDT,BINANCE,TRADE,1905.57,0.0053
2026-07-30 13:48:36,ETHUSDT,BINANCE,TRADE,1905.57,0.0028
2026-07-30 13:48:36,ETHUSDT,BINANCE,TRADE,1905.57,0.0027
2026-07-30 13:48:36,ETHUSDT,BINANCE,TRADE,1905.57,0.0027
2026-07-30 13:48:36,ETHUSDT,BINANCE,TRADE,1905.57,0.0027
2026-07-30 13:48:36,ETHUSDT,BINANCE,TRADE,1905.57,0.0027
2026-07-30 13:48:36,ETHUSDT,BINANCE,TRADE,1905.56,0.0053
2026-07-30 13:48:36,ETHUSDT,BINANCE,TRADE,1905.56,0.0028
2026-07-30 13:48:36,ETHUSDT,BINANCE,TRADE,1905.55,0.0028
2026-07-30 13:48:36,ETHUSDT,BINANCE,TRADE,1905.52,0.0028
2026-07-30 13:48:36,ETHUSDT,BINANCE,TRADE,1905.52,0.0027
2026-07-30 13:48:36,ETHUSDT,BINANCE,TRADE,1905.52,0.0031
2026-07-30 13:48:36,ETHUSDT,BINANCE,TRADE,1905.52,0.0031
2026-07-30 13:48:36,ETHUSDT,BINANCE,TRADE,1905.52,0.0031
2026-07-30 13:48:36,ETHUSDT,BINANCE,TRADE,1905.52,0.0027
2026-07-30 13:48:36,ETHUSDT,BINANCE,TRADE,1905.52,0.0027
2026-07-30 13:48:36,ETHUSDT,BINANCE,TRADE,1905.52,0.0028
2026-07-30 13:48:36,ETHUSDT,BINANCE,TRADE,1905.52,0.0027
2026-07-30 13:48:36,ETHUSDT,BINANCE,TRADE,1905.52,0.0027
2026-07-30 13:48:36,ETHUSDT,BINANCE,TRADE,1905.51,0.0028
2026-07-30 13:48:36,ETHUSDT,BINANCE,TRADE,1905.5,0.0027
2026-07-30 13:48:36,ETHUSDT,BINANCE,TRADE,1905.5,0.0028
2026-07-30 13:48:36,ETHUSDT,BINANCE,TRADE,1905.5,0.0027
2026-07-30 13:48:36,ETHUSDT,BINANCE,TRADE,1905.5,0.0027
2026-07-30 13:48:36,ETHUSDT,BINANCE,TRADE,1905.5,0.0027
2026-07-30 13:48:36,ETHUSDT,BINANCE,TRADE,1905.5,0.0027
2026-07-30 13:48:36,ETHUSDT,BINANCE,TRADE,1905.5,0.0027
2026-07-30 13:48:36,ETHUSDT,BINANCE,TRADE,1905.49,0.0028
2026-07-30 13:48:36,ETHUSDT,BINANCE,TRADE,1905.48,0.0027
2026-07-30 13:48:36,ETHUSDT,BINANCE,TRADE,1905.48,0.0027
2026-07-30 13:48:36,ETHUSDT,BINANCE,TRADE,1905.48,0.0027
2026-07-30 13:48:36,ETHUSDT,BINANCE,TRADE,1905.48,0.0028
2026-07-30 13:48:36,ETHUSDT,BINANCE,TRADE,1905.48,0.0027
2026-07-30 13:48:36,ETHUSDT,BINANCE,TRADE,1905.48,0.0027
2026-07-30 13:48:36,ETHUSDT,BINANCE,TRADE,1905.48,0.0027
2026-07-30 13:48:36,ETHUSDT,BINANCE,TRADE,1905.48,0.0027
2026-07-30 13:48:36,ETHUSDT,BINANCE,TRADE,1905.47,0.0028
2026-07-30 13:48:36,ETHUSDT,BINANCE,TRADE,1905.47,0.0028
2026-07-30 13:48:36,ETHUSDT,BINANCE,TRADE,1905.47,0.0028
2026-07-30 13:48:36,ETHUSDT,BINANCE,TRADE,1905.47,0.0028
2026-07-30 13:48:36,ETHUSDT,BINANCE,TRADE,1905.46,0.478
2026-07-30 13:48:36,ETHUSDT,BINANCE,TRADE,1905.46,0.0028
2026-07-30 13:48:36,ETHUSDT,BINANCE,TRADE,1905.45,0.0027
2026-07-30 13:48:36,ETHUSDT,BINANCE,TRADE,1905.45,0.0028
2026-07-30 13:48:36,ETHUSDT,BINANCE,TRADE,1905.45,0.0027
2026-07-30 13:48:36,ETHUSDT,BINANCE,TRADE,1905.45,0.0027
2026-07-30 13:48:36,ETHUSDT,BINANCE,TRADE,1905.45,0.0027
2026-07-30 13:48:36,ETHUSDT,BINANCE,TRADE,1905.45,0.0027
2026-07-30 13:48:36,ETHUSDT,BINANCE,TRADE,1905.44,0.0027
2026-07-30 13:48:36,ETHUSDT,BINANCE,TRADE,1905.44,0.0027
2026-07-30 13:48:36,ETHUSDT,BINANCE,TRADE,1905.44,0.0028
2026-07-30 13:48:36,ETHUSDT,BINANCE,TRADE,1905.44,0.0027
2026-07-30 13:48:36,ETHUSDT,BINANCE,TRADE,1905.44,0.0027
2026-07-30 13:48:36,BTCUSDT,BINANCE,TRADE,64031.7,0.00014
2026-07-30 13:48:36,BTCUSDT,BINANCE,TRADE,64031.7,0.00046
2026-07-30 13:48:36,BTCUSDT,BINANCE,TRADE,64031.7,0.00159
2026-07-30 13:48:36,BTCUSDT,BINANCE,TRADE,64031.7,0.0013
2026-07-30 13:48:36,BTCUSDT,BINANCE,TRADE,64031.7,0.00015
2026-07-30 13:48:36,BTCUSDT,BINANCE,TRADE,64031.7,0.00521
2026-07-30 13:48:36,BTCUSDT,BINANCE,TRADE,64031.7,0.00019
2026-07-30 13:48:36,BTCUSDT,BINANCE,TRADE,64031.7,0.00016
2026-07-30 13:48:36,BTCUSDT,BINANCE,TRADE,64031.7,0.00019
2026-07-30 13:48:36,BTCUSDT,BINANCE,TRADE,64031.7,0.00045
2026-07-30 13:48:36,BTCUSDT,BINANCE,TRADE,64031.7,0.00149
2026-07-30 13:48:36,BTCUSDT,BINANCE,TRADE,64031.7,0.00157
2026-07-30 13:48:36,ETHUSDT,BINANCE,TRADE,1905.41,0.2383
2026-07-30 13:48:36,BTCUSDT,BINANCE,TRADE,64031.7,0.00029
2026-07-30 13:48:36,BTCUSDT,BINANCE,TRADE,64031.7,0.00024
2026-07-30 13:48:36,BTCUSDT,BINANCE,TRADE,64031.7,0.00029
2026-07-30 13:48:36,BTCUSDT,BINANCE,TRADE,64031.7,0.00083
2026-07-30 13:48:36,BTCUSDT,BINANCE,TRADE,64031.7,0.00022
2026-07-30 13:48:36,BTCUSDT,BINANCE,TRADE,64031.7,0.00027
2026-07-30 13:48:36,BTCUSDT,BINANCE,TRADE,64031.7,0.00122
2026-07-30 13:48:36,BTCUSDT,BINANCE,TRADE,64031.7,9e-05
2026-07-30 13:48:36,BTCUSDT,BINANCE,TRADE,64031.7,0.0013
2026-07-30 13:48:36,BTCUSDT,BINANCE,TRADE,64031.7,0.00031
2026-07-30 13:48:36,BTCUSDT,BINANCE,TRADE,64031.7,0.00037
2026-07-30 13:48:36,BTCUSDT,BINANCE,TRADE,64031.7,0.00312
2026-07-30 13:48:36,BTCUSDT,BINANCE,TRADE,64031.7,0.00296
2026-07-30 13:48:36,ETHUSDT,BINANCE,TRADE,1905.4,0.0032
2026-07-30 13:48:36,ETHUSDT,BINANCE,TRADE,1905.4,0.0027
2026-07-30 13:48:36,ETHUSDT,BINANCE,TRADE,1905.4,0.0024
2026-07-30 13:48:36,BTCUSDT,BINANCE,TRADE,64031.7,0.00017
2026-07-30 13:48:36,BTCUSDT,BINANCE,TRADE,64031.7,0.00126
2026-07-30 13:48:36,BTCUSDT,BINANCE,TRADE,64031.7,0.00078
2026-07-30 13:48:36,BTCUSDT,BINANCE,TRADE,64031.7,0.00468
2026-07-30 13:48:36,BTCUSDT,BINANCE,TRADE,64031.7,0.01268
2026-07-30 13:48:36,ETHUSDT,BINANCE,TRADE,1905.4,0.0003
2026-07-30 13:48:36,ETHUSDT,BINANCE,TRADE,1905.4,0.086
2026-07-30 13:48:36,BTCUSDT,BINANCE,TRADE,64031.7,0.0013
2026-07-30 13:48:36,BTCUSDT,BINANCE,TRADE,64031.7,0.00033
2026-07-30 13:48:37,ETHUSDT,BINANCE,TRADE,1905.4,0.0443
2026-07-30 13:48:37,BTCUSDT,BINANCE,TRADE,64031.7,0.00156
2026-07-30 13:48:37,BTCUSDT,BINANCE,TRADE,64031.7,0.00017
2026-07-30 13:48:37,BTCUSDT,BINANCE,TRADE,64031.7,0.00314
2026-07-30 13:48:37,BTCUSDT,BINANCE,TRADE,64031.7,0.00019
2026-07-30 13:48:37,BTCUSDT,BINANCE,TRADE,64031.7,0.00055
2026-07-30 13:48:37,BTCUSDT,BINANCE,TRADE,64031.7,0.002
2026-07-30 13:48:37,BTCUSDT,BINANCE,TRADE,64031.7,0.00023
2026-07-30 13:48:37,BTCUSDT,BINANCE,TRADE,64031.7,0.00029
2026-07-30 13:48:37,BTCUSDT,BINANCE,TRADE,64031.7,0.00016
2026-07-30 13:48:37,ETHUSDT,BINANCE,TRADE,1905.4,0.0311
2026-07-30 13:48:37,ETHUSDT,BINANCE,TRADE,1905.4,0.0216
2026-07-30 13:48:37,BTCUSDT,BINANCE,TRADE,64031.7,0.0013
2026-07-30 13:48:37,BTCUSDT,BINANCE,TRADE,64031.7,0.00027
2026-07-30 13:48:37,ETHUSDT,BINANCE,TRADE,1905.4,0.2694
2026-07-30 13:48:37,ETHUSDT,BINANCE,TRADE,1905.41,0.0089
2026-07-30 13:48:37,BTCUSDT,BINANCE,TRADE,64031.7,0.00031
2026-07-30 13:48:37,BTCUSDT,BINANCE,TRADE,64031.7,0.00509
2026-07-30 13:48:37,BTCUSDT,BINANCE,TRADE,64031.7,0.00082
2026-07-30 13:48:37,BTCUSDT,BINANCE,TRADE,64031.7,0.00029
2026-07-30 13:48:37,BTCUSDT,BINANCE,TRADE,64031.7,0.00014
2026-07-30 13:48:37,BTCUSDT,BINANCE,TRADE,64031.7,0.0013
2026-07-30 13:48:37,BTCUSDT,BINANCE,TRADE,64031.7,0.00037
2026-07-30 13:48:37,BTCUSDT,BINANCE,TRADE,64031.7,0.00159
2026-07-30 13:48:37,BTCUSDT,BINANCE,TRADE,64031.7,0.00019
2026-07-30 13:48:37,BTCUSDT,BINANCE,TRADE,64031.7,0.00015
2026-07-30 13:48:37,BTCUSDT,BINANCE,TRADE,64031.7,0.01874
2026-07-30 13:48:37,ETHUSDT,BINANCE,TRADE,1905.41,0.0027
2026-07-30 13:48:37,ETHUSDT,BINANCE,TRADE,1905.41,0.0003
2026-07-30 13:48:37,BTCUSDT,BINANCE,TRADE,64031.7,0.002
2026-07-30 13:48:37,BTCUSDT,BINANCE,TRADE,64031.7,0.00038
2026-07-30 13:48:37,BTCUSDT,BINANCE,TRADE,64031.7,0.0005
2026-07-30 13:48:37,BTCUSDT,BINANCE,TRADE,64031.7,4e-05
2026-07-30 13:48:37,BTCUSDT,BINANCE,TRADE,64031.7,8e-05
2026-07-30 13:48:37,BTCUSDT,BINANCE,TRADE,64031.7,1e-05
2026-07-30 13:48:37,BTCUSDT,BINANCE,TRADE,64031.7,0.00017
2026-07-30 13:48:37,BTCUSDT,BINANCE,TRADE,64031.7,8e-05
2026-07-30 13:48:37,BTCUSDT,BINANCE,TRADE,64031.7,9e-05
2026-07-30 13:48:37,BTCUSDT,BINANCE,TRADE,64031.7,8e-05
2026-07-30 13:48:37,BTCUSDT,BINANCE,TRADE,64031.7,8e-05
2026-07-30 13:48:37,BTCUSDT,BINANCE,TRADE,64031.7,6e-05
2026-07-30 13:48:37,BTCUSDT,BINANCE,TRADE,64031.7,2e-05
2026-07-30 13:48:37,BTCUSDT,BINANCE,TRADE,64031.7,8e-05
2026-07-30 13:48:37,BTCUSDT,BINANCE,TRADE,64031.7,8e-05
2026-07-30 13:48:37,BTCUSDT,BINANCE,TRADE,64031.7,8e-05
2026-07-30 13:48:37,BTCUSDT,BINANCE,TRADE,64031.7,8e-05
2026-07-30 13:48:37,BTCUSDT,BINANCE,TRADE,64031.7,8e-05
2026-07-30 13:48:37,BTCUSDT,BINANCE,TRADE,64031.7,8e-05
2026-07-30 13:48:37,BTCUSDT,BINANCE,TRADE,64031.7,9e-05
2026-07-30 13:48:37,BTCUSDT,BINANCE,TRADE,64031.7,0.00255
2026-07-30 13:48:37,BTCUSDT,BINANCE,TRADE,64031.7,9e-05
2026-07-30 13:48:37,BTCUSDT,BINANCE,TRADE,64031.7,0.0005
2026-07-30 13:48:37,BTCUSDT,BINANCE,TRADE,64031.7,0.0005
2026-07-30 13:48:38,BTCUSDT,BINANCE,TRADE,64031.7,0.0005
2026-07-30 13:48:38,BTCUSDT,BINANCE,TRADE,64031.7,0.0005
2026-07-30 13:48:38,BTCUSDT,BINANCE,TRADE,64031.7,0.0005
2026-07-30 13:48:38,BTCUSDT,BINANCE,TRADE,64031.7,0.00023
2026-07-30 13:48:38,BTCUSDT,BINANCE,TRADE,64031.7,0.0005
2026-07-30 13:48:38,BTCUSDT,BINANCE,TRADE,64031.7,0.0005
2026-07-30 13:48:38,BTCUSDT,BINANCE,TRADE,64031.7,0.0005
2026-07-30 13:48:38,BTCUSDT,BINANCE,TRADE,64031.7,0.0005
2026-07-30 13:48:38,BTCUSDT,BINANCE,TRADE,64031.7,0.0005
2026-07-30 13:48:38,BTCUSDT,BINANCE,TRADE,64031.7,0.0005
2026-07-30 13:48:38,BTCUSDT,BINANCE,TRADE,64031.7,0.0005
2026-07-30 13:48:38,BTCUSDT,BINANCE,TRADE,64031.7,0.00016
2026-07-30 13:48:38,BTCUSDT,BINANCE,TRADE,64031.7,0.0005
2026-07-30 13:48:38,BTCUSDT,BINANCE,TRADE,64031.7,0.0005
2026-07-30 13:48:38,BTCUSDT,BINANCE,TRADE,64031.7,0.00016
2026-07-30 13:48:38,SOLUSDT,BINANCE,TRADE,73.44,0.206
2026-07-30 13:48:38,BTCUSDT,BINANCE,TRADE,64031.7,0.0005
2026-07-30 13:48:38,BTCUSDT,BINANCE,TRADE,64031.7,0.0013
2026-07-30 13:48:38,BTCUSDT,BINANCE,TRADE,64031.7,0.00029
2026-07-30 13:48:38,SOLUSDT,BINANCE,TRADE,73.43,0.09
2026-07-30 13:48:38,BTCUSDT,BINANCE,TRADE,64031.7,0.0005
2026-07-30 13:48:38,BTCUSDT,BINANCE,TRADE,64031.7,0.00521
2026-07-30 13:48:38,BTCUSDT,BINANCE,TRADE,64031.7,0.0005
2026-07-30 13:48:38,BTCUSDT,BINANCE,TRADE,64031.7,0.0005
2026-07-30 13:48:38,BTCUSDT,BINANCE,TRADE,64031.7,0.0005
2026-07-30 13:48:38,BTCUSDT,BINANCE,TRADE,64031.7,0.0005
2026-07-30 13:48:38,BTCUSDT,BINANCE,TRADE,64031.7,0.01514
2026-07-30 13:48:38,BTCUSDT,BINANCE,TRADE,64031.7,0.00634
2026-07-30 13:48:38,BTCUSDT,BINANCE,TRADE,64031.7,0.60953
2026-07-30 13:48:38,BTCUSDT,BINANCE,TRADE,64031.7,0.00021
2026-07-30 13:48:38,BTCUSDT,BINANCE,TRADE,64031.7,0.0005
2026-07-30 13:48:38,BTCUSDT,BINANCE,TRADE,64031.7,0.0005
2026-07-30 13:48:38,BTCUSDT,BINANCE,TRADE,64031.7,0.0005
2026-07-30 13:48:38,BTCUSDT,BINANCE,TRADE,64031.7,0.0005
2026-07-30 13:48:38,ETHUSDT,BINANCE,TRADE,1905.41,0.0338
2026-07-30 13:48:38,BTCUSDT,BINANCE,TRADE,64031.7,0.00515
2026-07-30 13:48:38,BTCUSDT,BINANCE,TRADE,64031.7,0.0005
2026-07-30 13:48:38,BTCUSDT,BINANCE,TRADE,64031.7,0.0005
2026-07-30 13:48:38,BTCUSDT,BINANCE,TRADE,64031.7,0.0005
2026-07-30 13:48:38,BTCUSDT,BINANCE,TRADE,64031.7,0.0005
2026-07-30 13:48:38,BTCUSDT,BINANCE,TRADE,64031.7,0.0005
2026-07-30 13:48:38,ETHUSDT,BINANCE,TRADE,1905.4,0.005
2026-07-30 13:48:38,BTCUSDT,BINANCE,TRADE,64031.7,0.0005
2026-07-30 13:48:38,BTCUSDT,BINANCE,TRADE,64031.7,0.0005
2026-07-30 13:48:38,BTCUSDT,BINANCE,TRADE,64031.7,0.0005
2026-07-30 13:48:38,BTCUSDT,BINANCE,TRADE,64031.7,0.0005
2026-07-30 13:48:38,BTCUSDT,BINANCE,TRADE,64031.7,0.0005
2026-07-30 13:48:38,BTCUSDT,BINANCE,TRADE,64031.7,0.0013
2026-07-30 13:48:38,BTCUSDT,BINANCE,TRADE,64031.7,0.0005
2026-07-30 13:48:38,BTCUSDT,BINANCE,TRADE,64031.7,0.0005
2026-07-30 13:48:38,ETHUSDT,BINANCE,TRADE,1905.41,0.2298
2026-07-30 13:48:38,BTCUSDT,BINANCE,TRADE,64031.7,0.0005
2026-07-30 13:48:38,ETHUSDT,BINANCE,TRADE,1905.4,0.0103
2026-07-30 13:48:38,BTCUSDT,BINANCE,TRADE,64031.7,0.0005
2026-07-30 13:48:38,BTCUSDT,BINANCE,TRADE,64031.7,0.0014
2026-07-30 13:48:38,BTCUSDT,BINANCE,TRADE,64031.7,0.01434
2026-07-30 13:48:38,BTCUSDT,BINANCE,TRADE,64031.7,0.0005
2026-07-30 13:48:38,BTCUSDT,BINANCE,TRADE,64031.7,0.00546
2026-07-30 13:48:38,BTCUSDT,BINANCE,TRADE,64031.7,0.0005
2026-07-30 13:48:38,BTCUSDT,BINANCE,TRADE,64031.7,0.00033
2026-07-30 13:48:38,BTCUSDT,BINANCE,TRADE,64031.7,0.0005
2026-07-30 13:48:38,BTCUSDT,BINANCE,TRADE,64031.7,0.0005
2026-07-30 13:48:38,BTCUSDT,BINANCE,TRADE,64031.7,0.0005
2026-07-30 13:48:38,BTCUSDT,BINANCE,TRADE,64031.7,0.0005
2026-07-30 13:48:38,BTCUSDT,BINANCE,TRADE,64031.7,0.0005
2026-07-30 13:48:38,BTCUSDT,BINANCE,TRADE,64031.7,0.0005
2026-07-30 13:48:38,BTCUSDT,BINANCE,TRADE,64031.7,0.0005
2026-07-30 13:48:38,ETHUSDT,BINANCE,TRADE,1905.41,0.0523
2026-07-30 13:48:38,BTCUSDT,BINANCE,TRADE,64031.7,0.0005
2026-07-30 13:48:38,BTCUSDT,BINANCE,TRADE,64031.7,0.0005
2026-07-30 13:48:38,BTCUSDT,BINANCE,TRADE,64031.7,0.0005
2026-07-30 13:48:38,BTCUSDT,BINANCE,TRADE,64031.7,0.0005
2026-07-30 13:48:38,BTCUSDT,BINANCE,TRADE,64031.7,0.00032
2026-07-30 13:48:38,BTCUSDT,BINANCE,TRADE,64031.7,0.00014
2026-07-30 13:48:38,BTCUSDT,BINANCE,TRADE,64031.7,0.0005
2026-07-30 13:48:38,BTCUSDT,BINANCE,TRADE,64031.7,0.0005
2026-07-30 13:48:38,BTCUSDT,BINANCE,TRADE,64031.7,0.0005
2026-07-30 13:48:38,BTCUSDT,BINANCE,TRADE,64031.7,0.0005
2026-07-30 13:48:38,BTCUSDT,BINANCE,TRADE,64031.7,0.0005
2026-07-30 13:48:38,BTCUSDT,BINANCE,TRADE,64031.7,0.00164
2026-07-30 13:48:38,BTCUSDT,BINANCE,TRADE,64031.7,0.0005
2026-07-30 13:48:38,BTCUSDT,BINANCE,TRADE,64031.7,0.00024
2026-07-30 13:48:38,BTCUSDT,BINANCE,TRADE,64031.7,0.0005
2026-07-30 13:48:38,BTCUSDT,BINANCE,TRADE,64031.7,0.00026
2026-07-30 13:48:38,BTCUSDT,BINANCE,TRADE,64031.7,0.0005
2026-07-30 13:48:38,BTCUSDT,BINANCE,TRADE,64031.7,0.00019
2026-07-30 13:48:38,BTCUSDT,BINANCE,TRADE,64031.7,0.0005
2026-07-30 13:48:38,BTCUSDT,BINANCE,TRADE,64031.7,0.00128
2026-07-30 13:48:38,BTCUSDT,BINANCE,TRADE,64031.7,0.0005
2026-07-30 13:48:38,BTCUSDT,BINANCE,TRADE,64031.7,0.0005
2026-07-30 13:48:38,BTCUSDT,BINANCE,TRADE,64031.7,0.002
2026-07-30 13:48:38,BTCUSDT,BINANCE,TRADE,64031.7,0.0005
2026-07-30 13:48:38,BTCUSDT,BINANCE,TRADE,64031.7,8e-05
2026-07-30 13:48:38,BTCUSDT,BINANCE,TRADE,64031.7,8e-05
2026-07-30 13:48:38,BTCUSDT,BINANCE,TRADE,64031.7,8e-05
2026-07-30 13:48:38,BTCUSDT,BINANCE,TRADE,64031.7,0.00026
2026-07-30 13:48:38,BTCUSDT,BINANCE,TRADE,64031.7,0.00822
2026-07-30 13:48:38,BTCUSDT,BINANCE,TRADE,64031.7,0.0005
2026-07-30 13:48:38,BTCUSDT,BINANCE,TRADE,64031.7,0.00019
2026-07-30 13:48:38,BTCUSDT,BINANCE,TRADE,64031.7,0.0005
2026-07-30 13:48:38,BTCUSDT,BINANCE,TRADE,64031.7,0.0005
2026-07-30 13:48:38,BTCUSDT,BINANCE,TRADE,64031.7,0.0005
2026-07-30 13:48:38,BTCUSDT,BINANCE,TRADE,64031.7,0.00398
2026-07-30 13:48:38,BTCUSDT,BINANCE,TRADE,64031.7,0.0005
2026-07-30 13:48:38,BTCUSDT,BINANCE,TRADE,64031.7,0.0005
2026-07-30 13:48:38,BTCUSDT,BINANCE,TRADE,64031.7,0.00046
2026-07-30 13:48:38,BTCUSDT,BINANCE,TRADE,64031.7,0.0005
2026-07-30 13:48:38,BTCUSDT,BINANCE,TRADE,64031.7,0.0005
2026-07-30 13:48:38,BTCUSDT,BINANCE,TRADE,64031.7,0.00029
2026-07-30 13:48:38,BTCUSDT,BINANCE,TRADE,64031.7,0.0005
2026-07-30 13:48:38,BTCUSDT,BINANCE,TRADE,64031.7,0.00351
2026-07-30 13:48:38,BTCUSDT,BINANCE,TRADE,64031.7,0.0005
2026-07-30 13:48:38,BTCUSDT,BINANCE,TRADE,64031.7,0.0005
2026-07-30 13:48:38,BTCUSDT,BINANCE,TRADE,64031.7,0.0005
2026-07-30 13:48:38,BTCUSDT,BINANCE,TRADE,64031.7,0.0005
2026-07-30 13:48:38,BTCUSDT,BINANCE,TRADE,64031.7,8e-05
2026-07-30 13:48:38,BTCUSDT,BINANCE,TRADE,64031.7,8e-05
2026-07-30 13:48:38,BTCUSDT,BINANCE,TRADE,64031.7,8e-05
2026-07-30 13:48:38,BTCUSDT,BINANCE,TRADE,64031.7,0.00026
2026-07-30 13:48:38,BTCUSDT,BINANCE,TRADE,64031.7,0.0013
2026-07-30 13:48:38,BTCUSDT,BINANCE,TRADE,64031.7,0.00314
2026-07-30 13:48:38,BTCUSDT,BINANCE,TRADE,64031.7,0.0005
2026-07-30 13:48:38,BTCUSDT,BINANCE,TRADE,64031.7,0.0005
2026-07-30 13:48:38,BTCUSDT,BINANCE,TRADE,64031.7,0.0005
2026-07-30 13:48:38,BTCUSDT,BINANCE,TRADE,64031.7,0.0005
2026-07-30 13:48:38,BTCUSDT,BINANCE,TRADE,64031.7,0.0005
2026-07-30 13:48:38,BTCUSDT,BINANCE,TRADE,64031.7,0.00038
2026-07-30 13:48:38,BTCUSDT,BINANCE,TRADE,64031.7,0.0005
2026-07-30 13:48:38,BTCUSDT,BINANCE,TRADE,64031.7,0.00037
2026-07-30 13:48:38,BTCUSDT,BINANCE,TRADE,64031.7,0.0005
2026-07-30 13:48:38,BTCUSDT,BINANCE,TRADE,64031.7,0.0005
2026-07-30 13:48:38,BTCUSDT,BINANCE,TRADE,64031.7,0.0005
2026-07-30 13:48:38,BTCUSDT,BINANCE,TRADE,64031.7,0.00027
2026-07-30 13:48:38,BTCUSDT,BINANCE,TRADE,64031.7,0.0005
2026-07-30 13:48:38,BTCUSDT,BINANCE,TRADE,64031.7,0.0005
2026-07-30 13:48:38,BTCUSDT,BINANCE,TRADE,64031.7,0.0005
2026-07-30 13:48:38,BTCUSDT,BINANCE,TRADE,64031.7,0.0005
2026-07-30 13:48:38,BTCUSDT,BINANCE,TRADE,64031.7,0.0005
2026-07-30 13:48:38,BTCUSDT,BINANCE,TRADE,64031.7,0.0005
2026-07-30 13:48:39,BTCUSDT,BINANCE,TRADE,64031.7,0.0005
2026-07-30 13:48:39,BTCUSDT,BINANCE,TRADE,64031.7,0.0005
2026-07-30 13:48:39,BTCUSDT,BINANCE,TRADE,64031.7,0.00149
2026-07-30 13:48:39,BTCUSDT,BINANCE,TRADE,64031.7,0.0005
2026-07-30 13:48:39,BTCUSDT,BINANCE,TRADE,64031.7,0.0005
2026-07-30 13:48:39,BTCUSDT,BINANCE,TRADE,64031.7,0.00031
2026-07-30 13:48:39,BTCUSDT,BINANCE,TRADE,64031.7,0.0005
2026-07-30 13:48:39,ETHUSDT,BINANCE,TRADE,1905.41,0.0216
2026-07-30 13:48:39,BTCUSDT,BINANCE,TRADE,64031.7,0.0005
2026-07-30 13:48:39,BTCUSDT,BINANCE,TRADE,64031.7,0.0005
2026-07-30 13:48:39,BTCUSDT,BINANCE,TRADE,64031.7,0.00027
2026-07-30 13:48:39,BTCUSDT,BINANCE,TRADE,64031.7,0.0013
2026-07-30 13:48:39,BTCUSDT,BINANCE,TRADE,64031.7,0.0005
2026-07-30 13:48:39,BTCUSDT,BINANCE,TRADE,64031.7,0.0005
2026-07-30 13:48:39,BTCUSDT,BINANCE,TRADE,64031.7,0.0005
2026-07-30 13:48:39,BTCUSDT,BINANCE,TRADE,64031.7,0.0016
2026-07-30 13:48:39,BTCUSDT,BINANCE,TRADE,64031.7,0.0005
2026-07-30 13:48:39,BTCUSDT,BINANCE,TRADE,64031.7,0.0005
2026-07-30 13:48:39,BTCUSDT,BINANCE,TRADE,64031.7,0.0005
2026-07-30 13:48:39,BTCUSDT,BINANCE,TRADE,64031.7,0.00432
2026-07-30 13:48:39,BTCUSDT,BINANCE,TRADE,64031.7,0.0005
2026-07-30 13:48:39,BTCUSDT,BINANCE,TRADE,64031.7,0.0005
2026-07-30 13:48:39,BTCUSDT,BINANCE,TRADE,64031.7,0.00204
2026-07-30 13:48:39,BTCUSDT,BINANCE,TRADE,64031.7,0.0005
2026-07-30 13:48:39,BTCUSDT,BINANCE,TRADE,64031.7,0.0005
2026-07-30 13:48:39,BTCUSDT,BINANCE,TRADE,64031.7,0.0005
2026-07-30 13:48:39,BTCUSDT,BINANCE,TRADE,64031.7,0.0005
2026-07-30 13:48:39,BTCUSDT,BINANCE,TRADE,64031.7,9e-05
2026-07-30 13:48:39,BTCUSDT,BINANCE,TRADE,64031.7,0.0005
2026-07-30 13:48:39,BTCUSDT,BINANCE,TRADE,64031.7,0.0005
2026-07-30 13:48:39,BTCUSDT,BINANCE,TRADE,64031.7,0.0005
2026-07-30 13:48:39,ETHUSDT,BINANCE,TRADE,1905.41,0.2039
2026-07-30 13:48:39,BTCUSDT,BINANCE,TRADE,64031.7,0.00158
2026-07-30 13:48:39,BTCUSDT,BINANCE,TRADE,64031.7,0.0005
2026-07-30 13:48:39,BTCUSDT,BINANCE,TRADE,64031.7,0.0005
2026-07-30 13:48:39,BTCUSDT,BINANCE,TRADE,64031.7,0.0005
2026-07-30 13:48:39,BTCUSDT,BINANCE,TRADE,64031.7,0.0005
2026-07-30 13:48:39,BTCUSDT,BINANCE,TRADE,64031.7,0.0005
2026-07-30 13:48:39,BTCUSDT,BINANCE,TRADE,64031.7,0.0005
2026-07-30 13:48:39,BTCUSDT,BINANCE,TRADE,64031.7,0.0005
2026-07-30 13:48:39,BTCUSDT,BINANCE,TRADE,64031.7,0.0005
2026-07-30 13:48:39,BTCUSDT,BINANCE,TRADE,64031.7,0.0005
2026-07-30 13:48:39,BTCUSDT,BINANCE,TRADE,64031.7,0.00103
2026-07-30 13:48:39,BTCUSDT,BINANCE,TRADE,64031.7,0.0005
2026-07-30 13:48:39,BTCUSDT,BINANCE,TRADE,64031.7,0.0005
2026-07-30 13:48:39,BTCUSDT,BINANCE,TRADE,64031.7,0.0005
2026-07-30 13:48:39,BTCUSDT,BINANCE,TRADE,64031.7,0.0001
2026-07-30 13:48:39,BTCUSDT,BINANCE,TRADE,64031.7,0.0004
2026-07-30 13:48:39,BTCUSDT,BINANCE,TRADE,64031.7,0.0005
2026-07-30 13:48:39,ETHUSDT,BINANCE,TRADE,1905.41,0.0083
2026-07-30 13:48:39,BTCUSDT,BINANCE,TRADE,64031.7,8e-05
2026-07-30 13:48:39,BTCUSDT,BINANCE,TRADE,64031.7,0.00042
2026-07-30 13:48:39,BTCUSDT,BINANCE,TRADE,64031.7,0.0005
2026-07-30 13:48:39,BTCUSDT,BINANCE,TRADE,64031.7,0.0005
2026-07-30 13:48:39,ETHUSDT,BINANCE,TRADE,1905.4,0.2029
2026-07-30 13:48:39,BTCUSDT,BINANCE,TRADE,64031.7,0.0005
2026-07-30 13:48:39,BTCUSDT,BINANCE,TRADE,64031.7,0.00017
2026-07-30 13:48:39,BTCUSDT,BINANCE,TRADE,64031.7,0.0005
2026-07-30 13:48:39,BTCUSDT,BINANCE,TRADE,64031.7,0.0005
2026-07-30 13:48:39,BTCUSDT,BINANCE,TRADE,64031.7,0.0005
2026-07-30 13:48:39,BTCUSDT,BINANCE,TRADE,64031.7,0.00021
2026-07-30 13:48:39,BTCUSDT,BINANCE,TRADE,64031.7,0.0005
2026-07-30 13:48:39,BTCUSDT,BINANCE,TRADE,64031.7,0.00014
2026-07-30 13:48:39,BTCUSDT,BINANCE,TRADE,64031.7,0.0005
2026-07-30 13:48:39,BTCUSDT,BINANCE,TRADE,64031.7,0.0005
2026-07-30 13:48:39,BTCUSDT,BINANCE,TRADE,64031.7,0.00032
2026-07-30 13:48:39,BTCUSDT,BINANCE,TRADE,64031.7,0.00016
2026-07-30 13:48:39,BTCUSDT,BINANCE,TRADE,64031.7,2e-05
2026-07-30 13:48:39,BTCUSDT,BINANCE,TRADE,64031.7,0.0005
2026-07-30 13:48:39,BTCUSDT,BINANCE,TRADE,64031.7,0.00157
2026-07-30 13:48:39,BTCUSDT,BINANCE,TRADE,64031.7,0.0005
2026-07-30 13:48:39,BTCUSDT,BINANCE,TRADE,64031.7,0.00023
2026-07-30 13:48:39,BTCUSDT,BINANCE,TRADE,64031.7,0.0005
2026-07-30 13:48:39,ETHUSDT,BINANCE,TRADE,1905.4,0.2383
2026-07-30 13:48:39,BTCUSDT,BINANCE,TRADE,64031.7,0.00019
2026-07-30 13:48:39,BTCUSDT,BINANCE,TRADE,64031.7,0.0005
2026-07-30 13:48:39,BTCUSDT,BINANCE,TRADE,64031.7,0.0013
2026-07-30 13:48:39,BTCUSDT,BINANCE,TRADE,64031.7,0.0005
2026-07-30 13:48:39,BTCUSDT,BINANCE,TRADE,64031.7,0.0005
2026-07-30 13:48:39,BTCUSDT,BINANCE,TRADE,64031.7,0.0005
2026-07-30 13:48:39,BTCUSDT,BINANCE,TRADE,64031.7,0.0005
2026-07-30 13:48:39,BTCUSDT,BINANCE,TRADE,64031.7,0.00029
2026-07-30 13:48:39,BTCUSDT,BINANCE,TRADE,64031.7,0.0005
2026-07-30 13:48:39,BTCUSDT,BINANCE,TRADE,64031.7,0.0005
2026-07-30 13:48:39,BTCUSDT,BINANCE,TRADE,64031.7,0.0005
2026-07-30 13:48:39,BTCUSDT,BINANCE,TRADE,64031.7,0.0005
2026-07-30 13:48:39,BTCUSDT,BINANCE,TRADE,64031.7,0.00126
2026-07-30 13:48:39,BTCUSDT,BINANCE,TRADE,64031.7,0.00015
2026-07-30 13:48:39,BTCUSDT,BINANCE,TRADE,64031.7,0.0005
2026-07-30 13:48:39,BTCUSDT,BINANCE,TRADE,64031.7,0.00013
2026-07-30 13:48:39,BTCUSDT,BINANCE,TRADE,64031.7,0.00037
2026-07-30 13:48:39,BTCUSDT,BINANCE,TRADE,64031.7,0.0005
2026-07-30 13:48:39,BTCUSDT,BINANCE,TRADE,64031.7,0.00025
2026-07-30 13:48:39,BTCUSDT,BINANCE,TRADE,64031.7,0.00025
2026-07-30 13:48:39,ETHUSDT,BINANCE,TRADE,1905.41,0.009
2026-07-30 13:48:39,BTCUSDT,BINANCE,TRADE,64031.7,0.0005
2026-07-30 13:48:39,BTCUSDT,BINANCE,TRADE,64031.7,0.00037
2026-07-30 13:48:39,BTCUSDT,BINANCE,TRADE,64031.7,8e-05
2026-07-30 13:48:39,BTCUSDT,BINANCE,TRADE,64031.7,5e-05
2026-07-30 13:48:39,ETHUSDT,BINANCE,TRADE,1905.4,0.0066
2026-07-30 13:48:39,BTCUSDT,BINANCE,TRADE,64031.7,0.0005
2026-07-30 13:48:39,BTCUSDT,BINANCE,TRADE,64031.7,3e-05
2026-07-30 13:48:39,BTCUSDT,BINANCE,TRADE,64031.7,8e-05
2026-07-30 13:48:39,BTCUSDT,BINANCE,TRADE,64031.7,9e-05
2026-07-30 13:48:39,BTCUSDT,BINANCE,TRADE,64031.7,9e-05
2026-07-30 13:48:39,BTCUSDT,BINANCE,TRADE,64031.7,8e-05
2026-07-30 13:48:39,BTCUSDT,BINANCE,TRADE,64031.7,8e-05
2026-07-30 13:48:39,BTCUSDT,BINANCE,TRADE,64031.7,5e-05
2026-07-30 13:48:39,BTCUSDT,BINANCE,TRADE,64031.7,0.0005
2026-07-30 13:48:39,BTCUSDT,BINANCE,TRADE,64031.7,3e-05
2026-07-30 13:48:39,BTCUSDT,BINANCE,TRADE,64031.7,8e-05
2026-07-30 13:48:39,BTCUSDT,BINANCE,TRADE,64031.7,8e-05
2026-07-30 13:48:39,BTCUSDT,BINANCE,TRADE,64031.7,8e-05
2026-07-30 13:48:39,BTCUSDT,BINANCE,TRADE,64031.7,9e-05
2026-07-30 13:48:39,BTCUSDT,BINANCE,TRADE,64031.7,0.00014
2026-07-30 13:48:39,BTCUSDT,BINANCE,TRADE,64031.7,0.0005
2026-07-30 13:48:39,BTCUSDT,BINANCE,TRADE,64031.7,0.0005
2026-07-30 13:48:39,BTCUSDT,BINANCE,TRADE,64031.7,0.0005
2026-07-30 13:48:39,BTCUSDT,BINANCE,TRADE,64031.7,0.00027
2026-07-30 13:48:39,BTCUSDT,BINANCE,TRADE,64031.7,0.0005
2026-07-30 13:48:39,BTCUSDT,BINANCE,TRADE,64031.7,0.0005
2026-07-30 13:48:39,BTCUSDT,BINANCE,TRADE,64031.7,0.05094
2026-07-30 13:48:39,BTCUSDT,BINANCE,TRADE,64031.7,0.0013
2026-07-30 13:48:39,BTCUSDT,BINANCE,TRADE,64031.7,0.0005
2026-07-30 13:48:39,BTCUSDT,BINANCE,TRADE,64031.7,0.0005
2026-07-30 13:48:39,BTCUSDT,BINANCE,TRADE,64031.7,0.00046
2026-07-30 13:48:39,BTCUSDT,BINANCE,TRADE,64031.7,0.0005
2026-07-30 13:48:39,BTCUSDT,BINANCE,TRADE,64031.7,0.00017
2026-07-30 13:48:39,BTCUSDT,BINANCE,TRADE,64031.7,0.0005
2026-07-30 13:48:39,BTCUSDT,BINANCE,TRADE,64031.7,0.0005
2026-07-30 13:48:39,BTCUSDT,BINANCE,TRADE,64031.7,0.00033
2026-07-30 13:48:39,BTCUSDT,BINANCE,TRADE,64031.7,0.00037
2026-07-30 13:48:39,BTCUSDT,BINANCE,TRADE,64031.7,0.0005
2026-07-30 13:48:39,BTCUSDT,BINANCE,TRADE,64031.7,0.0005
2026-07-30 13:48:39,BTCUSDT,BINANCE,TRADE,64031.7,0.0005
2026-07-30 13:48:39,BTCUSDT,BINANCE,TRADE,64031.7,0.0005
2026-07-30 13:48:39,BTCUSDT,BINANCE,TRADE,64031.7,0.00031
2026-07-30 13:48:39,BTCUSDT,BINANCE,TRADE,64031.7,0.0005
2026-07-30 13:48:39,BTCUSDT,BINANCE,TRADE,64031.7,0.0005
2026-07-30 13:48:39,BTCUSDT,BINANCE,TRADE,64031.7,0.00029
2026-07-30 13:48:39,BTCUSDT,BINANCE,TRADE,64031.7,0.00064
2026-07-30 13:48:39,BTCUSDT,BINANCE,TRADE,64031.7,0.0005
2026-07-30 13:48:39,BTCUSDT,BINANCE,TRADE,64031.7,0.00016
2026-07-30 13:48:39,BTCUSDT,BINANCE,TRADE,64031.7,0.0005
2026-07-30 13:48:39,BTCUSDT,BINANCE,TRADE,64031.7,0.0005
2026-07-30 13:48:39,BTCUSDT,BINANCE,TRADE,64031.7,0.00127
2026-07-30 13:48:39,BTCUSDT,BINANCE,TRADE,64031.7,0.0005
2026-07-30 13:48:39,BTCUSDT,BINANCE,TRADE,64031.7,0.0005
2026-07-30 13:48:39,BTCUSDT,BINANCE,TRADE,64031.7,0.0005
2026-07-30 13:48:39,ETHUSDT,BINANCE,TRADE,1905.4,0.0027
2026-07-30 13:48:39,BTCUSDT,BINANCE,TRADE,64031.7,0.0005
2026-07-30 13:48:39,BTCUSDT,BINANCE,TRADE,64031.7,0.0005
2026-07-30 13:48:39,BTCUSDT,BINANCE,TRADE,64031.7,0.0005
2026-07-30 13:48:39,BTCUSDT,BINANCE,TRADE,64031.7,0.0005
2026-07-30 13:48:40,BTCUSDT,BINANCE,TRADE,64031.7,0.0005
2026-07-30 13:48:40,BTCUSDT,BINANCE,TRADE,64031.7,0.00038
2026-07-30 13:48:40,BTCUSDT,BINANCE,TRADE,64031.7,0.0005
2026-07-30 13:48:40,BTCUSDT,BINANCE,TRADE,64031.7,0.0005
2026-07-30 13:48:40,BTCUSDT,BINANCE,TRADE,64031.7,0.0005
2026-07-30 13:48:40,BTCUSDT,BINANCE,TRADE,64031.7,0.0005
2026-07-30 13:48:40,BTCUSDT,BINANCE,TRADE,64031.7,0.0005
2026-07-30 13:48:40,BTCUSDT,BINANCE,TRADE,64031.7,0.01268
2026-07-30 13:48:40,BTCUSDT,BINANCE,TRADE,64031.7,0.00026
2026-07-30 13:48:40,BTCUSDT,BINANCE,TRADE,64031.7,0.0005
2026-07-30 13:48:40,BTCUSDT,BINANCE,TRADE,64031.7,0.00515
2026-07-30 13:48:40,BTCUSDT,BINANCE,TRADE,64031.7,0.0005
2026-07-30 13:48:40,BTCUSDT,BINANCE,TRADE,64031.7,0.0005
2026-07-30 13:48:40,BTCUSDT,BINANCE,TRADE,64031.7,0.00016
2026-07-30 13:48:40,BTCUSDT,BINANCE,TRADE,64031.7,0.0005
2026-07-30 13:48:40,BTCUSDT,BINANCE,TRADE,64031.7,0.00166
2026-07-30 13:48:40,BTCUSDT,BINANCE,TRADE,64031.7,0.0005
2026-07-30 13:48:40,BTCUSDT,BINANCE,TRADE,64031.7,0.0005
2026-07-30 13:48:40,BTCUSDT,BINANCE,TRADE,64031.7,0.0005
2026-07-30 13:48:40,BTCUSDT,BINANCE,TRADE,64031.7,0.0005
2026-07-30 13:48:40,BTCUSDT,BINANCE,TRADE,64031.7,0.00019
2026-07-30 13:48:40,BTCUSDT,BINANCE,TRADE,64031.7,0.01874
2026-07-30 13:48:40,BTCUSDT,BINANCE,TRADE,64031.7,0.0005
2026-07-30 13:48:40,BTCUSDT,BINANCE,TRADE,64031.7,0.0005
2026-07-30 13:48:40,BTCUSDT,BINANCE,TRADE,64031.7,0.0005
2026-07-30 13:48:40,ETHUSDT,BINANCE,TRADE,1905.4,0.0216
2026-07-30 13:48:40,BTCUSDT,BINANCE,TRADE,64031.7,0.0005
2026-07-30 13:48:40,BTCUSDT,BINANCE,TRADE,64031.7,0.0005
2026-07-30 13:48:40,BTCUSDT,BINANCE,TRADE,64031.7,0.0005
2026-07-30 13:48:40,BTCUSDT,BINANCE,TRADE,64031.7,0.0005
2026-07-30 13:48:40,BTCUSDT,BINANCE,TRADE,64031.7,0.0005
2026-07-30 13:48:40,BTCUSDT,BINANCE,TRADE,64031.7,0.0013
2026-07-30 13:48:40,BTCUSDT,BINANCE,TRADE,64031.7,0.0005
2026-07-30 13:48:40,BTCUSDT,BINANCE,TRADE,64031.7,0.0005
2026-07-30 13:48:40,BTCUSDT,BINANCE,TRADE,64031.7,0.0005
2026-07-30 13:48:40,BTCUSDT,BINANCE,TRADE,64031.7,0.00017
2026-07-30 13:48:40,BTCUSDT,BINANCE,TRADE,64031.7,0.0005
2026-07-30 13:48:40,BTCUSDT,BINANCE,TRADE,64031.7,0.0005
2026-07-30 13:48:40,BTCUSDT,BINANCE,TRADE,64031.7,0.0005
2026-07-30 13:48:40,BTCUSDT,BINANCE,TRADE,64031.7,0.0005
2026-07-30 13:48:40,BTCUSDT,BINANCE,TRADE,64031.7,0.0005
2026-07-30 13:48:40,BTCUSDT,BINANCE,TRADE,64031.7,0.0005
2026-07-30 13:48:40,BTCUSDT,BINANCE,TRADE,64031.7,0.0005
2026-07-30 13:48:40,BTCUSDT,BINANCE,TRADE,64031.7,0.0005
2026-07-30 13:48:40,BTCUSDT,BINANCE,TRADE,64031.7,0.00023
2026-07-30 13:48:40,BTCUSDT,BINANCE,TRADE,64031.7,0.0005
2026-07-30 13:48:40,BTCUSDT,BINANCE,TRADE,64031.7,0.0005
2026-07-30 13:48:40,BTCUSDT,BINANCE,TRADE,64031.7,0.0005
2026-07-30 13:48:40,BTCUSDT,BINANCE,TRADE,64031.7,0.0005
2026-07-30 13:48:40,BTCUSDT,BINANCE,TRADE,64031.7,0.0005
2026-07-30 13:48:40,BTCUSDT,BINANCE,TRADE,64031.7,0.0005
2026-07-30 13:48:40,BTCUSDT,BINANCE,TRADE,64031.7,0.0005
2026-07-30 13:48:40,BTCUSDT,BINANCE,TRADE,64031.7,0.29013
2026-07-30 13:48:40,BTCUSDT,BINANCE,TRADE,64031.7,0.13867
2026-07-30 13:48:40,BTCUSDT,BINANCE,TRADE,64031.7,0.13602
2026-07-30 13:48:40,BTCUSDT,BINANCE,TRADE,64031.7,0.06619
2026-07-30 13:48:40,BTCUSDT,BINANCE,TRADE,64031.7,0.0005
2026-07-30 13:48:40,BTCUSDT,BINANCE,TRADE,64031.7,0.00509
2026-07-30 13:48:40,SOLUSDT,BINANCE,TRADE,73.44,5.412
2026-07-30 13:48:40,BTCUSDT,BINANCE,TRADE,64031.7,0.0005
2026-07-30 13:48:40,BTCUSDT,BINANCE,TRADE,64031.7,0.00137
2026-07-30 13:48:40,BTCUSDT,BINANCE,TRADE,64031.7,0.0005
2026-07-30 13:48:40,BTCUSDT,BINANCE,TRADE,64031.7,0.0005
2026-07-30 13:48:40,BTCUSDT,BINANCE,TRADE,64031.7,0.0005
2026-07-30 13:48:40,BTCUSDT,BINANCE,TRADE,64031.7,0.0013
2026-07-30 13:48:40,BTCUSDT,BINANCE,TRADE,64031.7,0.0005
2026-07-30 13:48:40,BTCUSDT,BINANCE,TRADE,64031.7,0.0005
2026-07-30 13:48:40,ETHUSDT,BINANCE,TRADE,1905.41,0.0103
2026-07-30 13:48:40,BTCUSDT,BINANCE,TRADE,64031.7,0.0005
2026-07-30 13:48:40,BTCUSDT,BINANCE,TRADE,64031.7,0.0005
2026-07-30 13:48:40,ETHUSDT,BINANCE,TRADE,1905.41,0.0347
2026-07-30 13:48:40,BTCUSDT,BINANCE,TRADE,64031.7,0.0005
2026-07-30 13:48:40,BTCUSDT,BINANCE,TRADE,64031.7,0.00038
2026-07-30 13:48:40,BTCUSDT,BINANCE,TRADE,64031.7,0.0005
2026-07-30 13:48:40,BTCUSDT,BINANCE,TRADE,64031.7,0.0005
2026-07-30 13:48:40,BTCUSDT,BINANCE,TRADE,64031.7,0.0005
2026-07-30 13:48:40,BTCUSDT,BINANCE,TRADE,64031.7,0.00537
2026-07-30 13:48:40,BTCUSDT,BINANCE,TRADE,64031.7,0.0005
2026-07-30 13:48:40,BTCUSDT,BINANCE,TRADE,64031.7,0.0005
2026-07-30 13:48:40,BTCUSDT,BINANCE,TRADE,64031.7,0.0005
2026-07-30 13:48:40,BTCUSDT,BINANCE,TRADE,64031.7,0.0005
2026-07-30 13:48:40,BTCUSDT,BINANCE,TRADE,64031.7,0.0005
2026-07-30 13:48:40,BTCUSDT,BINANCE,TRADE,64031.7,0.0005
2026-07-30 13:48:40,BTCUSDT,BINANCE,TRADE,64031.7,0.0005
2026-07-30 13:48:40,BTCUSDT,BINANCE,TRADE,64031.7,0.0005
2026-07-30 13:48:40,BTCUSDT,BINANCE,TRADE,64031.7,0.0005
2026-07-30 13:48:40,BTCUSDT,BINANCE,TRADE,64031.7,0.0005
2026-07-30 13:48:40,BTCUSDT,BINANCE,TRADE,64031.7,0.0005
2026-07-30 13:48:40,BTCUSDT,BINANCE,TRADE,64031.7,0.0005
2026-07-30 13:48:40,BTCUSDT,BINANCE,TRADE,64031.7,0.0005
2026-07-30 13:48:40,BTCUSDT,BINANCE,TRADE,64031.7,0.0005
2026-07-30 13:48:40,BTCUSDT,BINANCE,TRADE,64031.7,0.0005
2026-07-30 13:48:40,BTCUSDT,BINANCE,TRADE,64031.7,0.0005
2026-07-30 13:48:40,BTCUSDT,BINANCE,TRADE,64031.7,0.0005
2026-07-30 13:48:40,BTCUSDT,BINANCE,TRADE,64031.7,0.0005
2026-07-30 13:48:40,BTCUSDT,BINANCE,TRADE,64031.7,0.0005
2026-07-30 13:48:40,SOLUSDT,BINANCE,TRADE,73.43,2.156
2026-07-30 13:48:40,BTCUSDT,BINANCE,TRADE,64031.7,0.0005
2026-07-30 13:48:40,BTCUSDT,BINANCE,TRADE,64031.7,0.00281
2026-07-30 13:48:40,BTCUSDT,BINANCE,TRADE,64031.7,0.0005
2026-07-30 13:48:40,BTCUSDT,BINANCE,TRADE,64031.7,0.0005
2026-07-30 13:48:40,BTCUSDT,BINANCE,TRADE,64031.7,0.0005
2026-07-30 13:48:40,BTCUSDT,BINANCE,TRADE,64031.7,0.0005
2026-07-30 13:48:40,BTCUSDT,BINANCE,TRADE,64031.7,0.0005
2026-07-30 13:48:40,BTCUSDT,BINANCE,TRADE,64031.7,0.0005
2026-07-30 13:48:40,ETHUSDT,BINANCE,TRADE,1905.4,0.0272
2026-07-30 13:48:40,BTCUSDT,BINANCE,TRADE,64031.7,0.0005
2026-07-30 13:48:40,BTCUSDT,BINANCE,TRADE,64031.7,0.00055
2026-07-30 13:48:40,BTCUSDT,BINANCE,TRADE,64031.7,0.0005
2026-07-30 13:48:40,BTCUSDT,BINANCE,TRADE,64031.7,0.0005
2026-07-30 13:48:40,BTCUSDT,BINANCE,TRADE,64031.7,0.0005
2026-07-30 13:48:40,BTCUSDT,BINANCE,TRADE,64031.7,0.0005
2026-07-30 13:48:40,BTCUSDT,BINANCE,TRADE,64031.7,0.002
2026-07-30 13:48:40,BTCUSDT,BINANCE,TRADE,64031.7,0.00037
2026-07-30 13:48:40,BTCUSDT,BINANCE,TRADE,64031.7,0.0005
2026-07-30 13:48:40,BTCUSDT,BINANCE,TRADE,64031.7,0.0005
2026-07-30 13:48:40,BTCUSDT,BINANCE,TRADE,64031.7,0.0005
2026-07-30 13:48:40,BTCUSDT,BINANCE,TRADE,64031.7,0.0005
2026-07-30 13:48:40,BTCUSDT,BINANCE,TRADE,64031.7,0.0005
2026-07-30 13:48:40,BTCUSDT,BINANCE,TRADE,64031.7,0.0005
2026-07-30 13:48:40,BTCUSDT,BINANCE,TRADE,64031.7,0.0013
2026-07-30 13:48:40,BTCUSDT,BINANCE,TRADE,64031.7,0.0005
2026-07-30 13:48:40,BTCUSDT,BINANCE,TRADE,64031.7,0.00224
2026-07-30 13:48:40,BTCUSDT,BINANCE,TRADE,64031.7,0.0005
2026-07-30 13:48:40,BTCUSDT,BINANCE,TRADE,64031.7,0.0005
2026-07-30 13:48:40,BTCUSDT,BINANCE,TRADE,64031.7,0.00019
2026-07-30 13:48:40,BTCUSDT,BINANCE,TRADE,64031.7,0.0005
2026-07-30 13:48:40,BTCUSDT,BINANCE,TRADE,64031.7,0.00014
2026-07-30 13:48:40,BTCUSDT,BINANCE,TRADE,64031.7,0.0005
2026-07-30 13:48:40,BTCUSDT,BINANCE,TRADE,64031.7,0.00521
2026-07-30 13:48:40,ETHUSDT,BINANCE,TRADE,1905.41,0.2694
2026-07-30 13:48:41,BTCUSDT,BINANCE,TRADE,64031.7,0.0005
2026-07-30 13:48:41,BTCUSDT,BINANCE,TRADE,64031.7,0.0005
2026-07-30 13:48:41,BTCUSDT,BINANCE,TRADE,64031.7,0.0005
2026-07-30 13:48:41,BTCUSDT,BINANCE,TRADE,64031.7,0.0005
2026-07-30 13:48:41,BTCUSDT,BINANCE,TRADE,64031.7,0.00019
2026-07-30 13:48:41,BTCUSDT,BINANCE,TRADE,64031.7,0.0005
2026-07-30 13:48:41,BTCUSDT,BINANCE,TRADE,64031.7,0.00026
2026-07-30 13:48:41,BTCUSDT,BINANCE,TRADE,64031.7,0.0005
2026-07-30 13:48:41,BTCUSDT,BINANCE,TRADE,64031.7,0.0005
2026-07-30 13:48:41,BTCUSDT,BINANCE,TRADE,64031.7,0.0005
2026-07-30 13:48:41,BTCUSDT,BINANCE,TRADE,64031.7,0.00029
2026-07-30 13:48:41,BTCUSDT,BINANCE,TRADE,64031.7,0.0005
2026-07-30 13:48:41,SOLUSDT,BINANCE,TRADE,73.44,8.318
2026-07-30 13:48:41,BTCUSDT,BINANCE,TRADE,64031.7,0.0005
2026-07-30 13:48:41,BTCUSDT,BINANCE,TRADE,64031.7,0.0005
2026-07-30 13:48:41,ETHUSDT,BINANCE,TRADE,1905.4,0.0523
2026-07-30 13:48:41,BTCUSDT,BINANCE,TRADE,64031.7,0.0005
2026-07-30 13:48:41,BTCUSDT,BINANCE,TRADE,64031.7,0.0005
2026-07-30 13:48:41,BTCUSDT,BINANCE,TRADE,64031.7,9e-05
2026-07-30 13:48:41,BTCUSDT,BINANCE,TRADE,64031.7,0.0005
2026-07-30 13:48:41,BTCUSDT,BINANCE,TRADE,64031.7,0.0005
2026-07-30 13:48:41,BTCUSDT,BINANCE,TRADE,64031.7,0.0005
2026-07-30 13:48:41,BTCUSDT,BINANCE,TRADE,64031.7,0.0013
2026-07-30 13:48:41,BTCUSDT,BINANCE,TRADE,64031.7,0.0005
2026-07-30 13:48:41,BTCUSDT,BINANCE,TRADE,64031.7,0.0005
2026-07-30 13:48:41,BTCUSDT,BINANCE,TRADE,64031.7,0.0005
2026-07-30 13:48:41,BTCUSDT,BINANCE,TRADE,64031.7,0.0005
2026-07-30 13:48:41,BTCUSDT,BINANCE,TRADE,64031.7,0.0005
2026-07-30 13:48:41,BTCUSDT,BINANCE,TRADE,64031.7,0.0005
2026-07-30 13:48:41,BTCUSDT,BINANCE,TRADE,64031.7,0.0005
2026-07-30 13:48:41,BTCUSDT,BINANCE,TRADE,64031.7,0.00083
2026-07-30 13:48:41,BTCUSDT,BINANCE,TRADE,64031.7,0.0005
2026-07-30 13:48:41,BTCUSDT,BINANCE,TRADE,64031.7,0.0005
2026-07-30 13:48:41,BTCUSDT,BINANCE,TRADE,64031.7,0.00027
2026-07-30 13:48:41,BTCUSDT,BINANCE,TRADE,64031.7,0.00123
2026-07-30 13:48:41,BTCUSDT,BINANCE,TRADE,64031.7,0.0005
2026-07-30 13:48:41,BTCUSDT,BINANCE,TRADE,64031.7,0.0005
2026-07-30 13:48:41,BTCUSDT,BINANCE,TRADE,64031.7,0.0005
2026-07-30 13:48:41,ETHUSDT,BINANCE,TRADE,1905.4,0.0089
2026-07-30 13:48:41,BTCUSDT,BINANCE,TRADE,64031.7,0.0005
2026-07-30 13:48:41,BTCUSDT,BINANCE,TRADE,64031.7,0.00026
2026-07-30 13:48:41,BTCUSDT,BINANCE,TRADE,64031.7,0.0005
2026-07-30 13:48:41,BTCUSDT,BINANCE,TRADE,64031.7,0.0005
2026-07-30 13:48:41,BTCUSDT,BINANCE,TRADE,64031.7,0.00432
2026-07-30 13:48:41,BTCUSDT,BINANCE,TRADE,64031.7,0.0005
2026-07-30 13:48:41,BTCUSDT,BINANCE,TRADE,64031.7,0.0005
2026-07-30 13:48:41,BTCUSDT,BINANCE,TRADE,64031.7,0.0005
2026-07-30 13:48:41,BTCUSDT,BINANCE,TRADE,64031.7,0.0005
2026-07-30 13:48:41,BTCUSDT,BINANCE,TRADE,64031.7,0.0005
2026-07-30 13:48:41,BTCUSDT,BINANCE,TRADE,64031.7,0.00031
2026-07-30 13:48:41,BTCUSDT,BINANCE,TRADE,64031.7,0.0005
2026-07-30 13:48:41,BTCUSDT,BINANCE,TRADE,64031.7,0.00117
2026-07-30 13:48:41,BTCUSDT,BINANCE,TRADE,64031.7,0.0005
2026-07-30 13:48:41,BTCUSDT,BINANCE,TRADE,64031.7,0.0005
2026-07-30 13:48:41,BTCUSDT,BINANCE,TRADE,64031.7,0.0005
2026-07-30 13:48:41,BTCUSDT,BINANCE,TRADE,64031.7,0.00312
2026-07-30 13:48:41,BTCUSDT,BINANCE,TRADE,64031.7,0.0005
2026-07-30 13:48:41,BTCUSDT,BINANCE,TRADE,64031.7,0.0005
2026-07-30 13:48:41,BTCUSDT,BINANCE,TRADE,64031.7,0.0005
2026-07-30 13:48:41,ETHUSDT,BINANCE,TRADE,1905.41,0.005
2026-07-30 13:48:41,BTCUSDT,BINANCE,TRADE,64031.7,0.00822
2026-07-30 13:48:41,BTCUSDT,BINANCE,TRADE,64031.7,0.0005
2026-07-30 13:48:41,BTCUSDT,BINANCE,TRADE,64031.7,0.0005
2026-07-30 13:48:41,BTCUSDT,BINANCE,TRADE,64031.7,0.0005
2026-07-30 13:48:41,BTCUSDT,BINANCE,TRADE,64031.7,0.0005
2026-07-30 13:48:41,BTCUSDT,BINANCE,TRADE,64031.7,0.0005
2026-07-30 13:48:41,BTCUSDT,BINANCE,TRADE,64031.7,0.00468
2026-07-30 13:48:41,BTCUSDT,BINANCE,TRADE,64031.7,0.0005
2026-07-30 13:48:41,BTCUSDT,BINANCE,TRADE,64031.7,0.0005
2026-07-30 13:48:41,BTCUSDT,BINANCE,TRADE,64031.7,0.0005
2026-07-30 13:48:41,BTCUSDT,BINANCE,TRADE,64031.7,0.002
2026-07-30 13:48:41,BTCUSDT,BINANCE,TRADE,64031.7,0.0005
2026-07-30 13:48:41,BTCUSDT,BINANCE,TRADE,64031.7,0.0005
2026-07-30 13:48:41,BTCUSDT,BINANCE,TRADE,64031.7,0.0005
2026-07-30 13:48:41,BTCUSDT,BINANCE,TRADE,64031.7,0.00014
2026-07-30 13:48:41,BTCUSDT,BINANCE,TRADE,64031.7,0.0005
2026-07-30 13:48:41,ETHUSDT,BINANCE,TRADE,1905.4,0.2298
2026-07-30 13:48:41,BTCUSDT,BINANCE,TRADE,64031.7,0.0005
2026-07-30 13:48:41,BTCUSDT,BINANCE,TRADE,64031.7,0.0005
2026-07-30 13:48:41,BTCUSDT,BINANCE,TRADE,64031.7,0.00045
2026-07-30 13:48:41,BTCUSDT,BINANCE,TRADE,64031.7,0.0005
2026-07-30 13:48:41,BTCUSDT,BINANCE,TRADE,64031.7,0.0005
2026-07-30 13:48:41,BTCUSDT,BINANCE,TRADE,64031.7,0.0005
2026-07-30 13:48:41,BTCUSDT,BINANCE,TRADE,64031.7,0.004
2026-07-30 13:48:41,BTCUSDT,BINANCE,TRADE,64031.7,0.0013
2026-07-30 13:48:41,BTCUSDT,BINANCE,TRADE,64031.7,0.0005
2026-07-30 13:48:41,BTCUSDT,BINANCE,TRADE,64031.7,0.00021
2026-07-30 13:48:41,BTCUSDT,BINANCE,TRADE,64031.7,0.0005
2026-07-30 13:48:41,ETHUSDT,BINANCE,TRADE,1905.4,0.0038
2026-07-30 13:48:41,BTCUSDT,BINANCE,TRADE,64031.7,0.0005
2026-07-30 13:48:41,BTCUSDT,BINANCE,TRADE,64031.7,0.00016
2026-07-30 13:48:41,ETHUSDT,BINANCE,TRADE,1905.41,0.0216
2026-07-30 13:48:41,BTCUSDT,BINANCE,TRADE,64031.7,0.0005
2026-07-30 13:48:41,BTCUSDT,BINANCE,TRADE,64031.7,0.00208
2026-07-30 13:48:41,BTCUSDT,BINANCE,TRADE,64031.7,0.00106
2026-07-30 13:48:41,BTCUSDT,BINANCE,TRADE,64031.7,0.0005
2026-07-30 13:48:41,BTCUSDT,BINANCE,TRADE,64031.7,0.0005
2026-07-30 13:48:41,BTCUSDT,BINANCE,TRADE,64031.7,8e-05
2026-07-30 13:48:41,BTCUSDT,BINANCE,TRADE,64031.7,8e-05
2026-07-30 13:48:41,BTCUSDT,BINANCE,TRADE,64031.7,0.00043
2026-07-30 13:48:41,BTCUSDT,BINANCE,TRADE,64031.7,0.0005
2026-07-30 13:48:41,BTCUSDT,BINANCE,TRADE,64031.7,0.0005
2026-07-30 13:48:41,BTCUSDT,BINANCE,TRADE,64031.7,0.0005
2026-07-30 13:48:41,BTCUSDT,BINANCE,TRADE,64031.7,0.0005
2026-07-30 13:48:41,BTCUSDT,BINANCE,TRADE,64031.7,0.00029
2026-07-30 13:48:41,BTCUSDT,BINANCE,TRADE,64031.7,0.0005
2026-07-30 13:48:41,BTCUSDT,BINANCE,TRADE,64031.7,0.00017
2026-07-30 13:48:41,BTCUSDT,BINANCE,TRADE,64031.7,0.0005
2026-07-30 13:48:41,BTCUSDT,BINANCE,TRADE,64031.7,0.00038
2026-07-30 13:48:41,BTCUSDT,BINANCE,TRADE,64031.7,0.0005
2026-07-30 13:48:41,BTCUSDT,BINANCE,TRADE,64031.7,0.0005
2026-07-30 13:48:41,BTCUSDT,BINANCE,TRADE,64031.7,0.04118
2026-07-30 13:48:41,BTCUSDT,BINANCE,TRADE,64031.7,0.00037
2026-07-30 13:48:41,BTCUSDT,BINANCE,TRADE,64031.7,0.0005
2026-07-30 13:48:41,BTCUSDT,BINANCE,TRADE,64031.7,0.00021
2026-07-30 13:48:41,BTCUSDT,BINANCE,TRADE,64031.7,0.0005
2026-07-30 13:48:41,BTCUSDT,BINANCE,TRADE,64031.7,0.0005
2026-07-30 13:48:41,BTCUSDT,BINANCE,TRADE,64031.7,0.00015
2026-07-30 13:48:41,ETHUSDT,BINANCE,TRADE,1905.4,0.0083
2026-07-30 13:48:41,BTCUSDT,BINANCE,TRADE,64031.7,0.0005
2026-07-30 13:48:41,BTCUSDT,BINANCE,TRADE,64031.7,0.0005
2026-07-30 13:48:41,BTCUSDT,BINANCE,TRADE,64031.7,0.00023
2026-07-30 13:48:41,BTCUSDT,BINANCE,TRADE,64031.7,0.0005
2026-07-30 13:48:41,BTCUSDT,BINANCE,TRADE,64031.7,0.0005
2026-07-30 13:48:41,BTCUSDT,BINANCE,TRADE,64031.7,0.0005
2026-07-30 13:48:41,BTCUSDT,BINANCE,TRADE,64031.7,0.00019
2026-07-30 13:48:41,BTCUSDT,BINANCE,TRADE,64031.7,0.0013
2026-07-30 13:48:41,BTCUSDT,BINANCE,TRADE,64031.7,0.0005
2026-07-30 13:48:41,BTCUSDT,BINANCE,TRADE,64031.7,0.0005
2026-07-30 13:48:41,ETHUSDT,BINANCE,TRADE,1905.41,0.0222
2026-07-30 13:48:41,BTCUSDT,BINANCE,TRADE,64031.7,0.0005
2026-07-30 13:48:41,BTCUSDT,BINANCE,TRADE,64031.7,0.00029
2026-07-30 13:48:41,BTCUSDT,BINANCE,TRADE,64031.7,0.0005
2026-07-30 13:48:41,BTCUSDT,BINANCE,TRADE,64031.7,0.0005
2026-07-30 13:48:41,BTCUSDT,BINANCE,TRADE,64031.7,0.0005
2026-07-30 13:48:41,BTCUSDT,BINANCE,TRADE,64031.7,0.0005
2026-07-30 13:48:41,BTCUSDT,BINANCE,TRADE,64031.7,0.00149
2026-07-30 13:48:41,BTCUSDT,BINANCE,TRADE,64031.7,0.0005
2026-07-30 13:48:41,BTCUSDT,BINANCE,TRADE,64031.7,0.0005
2026-07-30 13:48:41,BTCUSDT,BINANCE,TRADE,64031.7,0.0005
2026-07-30 13:48:41,BTCUSDT,BINANCE,TRADE,64031.7,0.0005
2026-07-30 13:48:41,BTCUSDT,BINANCE,TRADE,64031.7,0.0005
2026-07-30 13:48:41,BTCUSDT,BINANCE,TRADE,64031.7,0.0005
2026-07-30 13:48:41,BTCUSDT,BINANCE,TRADE,64031.7,0.0005
2026-07-30 13:48:42,BTCUSDT,BINANCE,TRADE,64031.7,0.0005
2026-07-30 13:48:42,BTCUSDT,BINANCE,TRADE,64031.7,0.00057
2026-07-30 13:48:42,BTCUSDT,BINANCE,TRADE,64031.7,0.0005
2026-07-30 13:48:42,BTCUSDT,BINANCE,TRADE,64031.7,0.0005
2026-07-30 13:48:42,BTCUSDT,BINANCE,TRADE,64031.7,0.0005
2026-07-30 13:48:42,BTCUSDT,BINANCE,TRADE,64031.7,0.0005
2026-07-30 13:48:42,BTCUSDT,BINANCE,TRADE,64031.7,0.00027
2026-07-30 13:48:42,BTCUSDT,BINANCE,TRADE,64031.7,0.0005
2026-07-30 13:48:42,BTCUSDT,BINANCE,TRADE,64031.7,0.0005
2026-07-30 13:48:42,BTCUSDT,BINANCE,TRADE,64031.7,0.00515
2026-07-30 13:48:42,BTCUSDT,BINANCE,TRADE,64031.7,0.0005
2026-07-30 13:48:42,BTCUSDT,BINANCE,TRADE,64031.7,0.0005
2026-07-30 13:48:42,BTCUSDT,BINANCE,TRADE,64031.7,0.0005
2026-07-30 13:48:42,BTCUSDT,BINANCE,TRADE,64031.7,0.0005
2026-07-30 13:48:42,BTCUSDT,BINANCE,TRADE,64031.7,0.00033
2026-07-30 13:48:42,BTCUSDT,BINANCE,TRADE,64031.7,0.0005
2026-07-30 13:48:42,BTCUSDT,BINANCE,TRADE,64031.7,0.0005
2026-07-30 13:48:42,BTCUSDT,BINANCE,TRADE,64031.7,0.00537
2026-07-30 13:48:42,BTCUSDT,BINANCE,TRADE,64031.7,0.0005
2026-07-30 13:48:42,ETHUSDT,BINANCE,TRADE,1905.4,0.0278
2026-07-30 13:48:42,BTCUSDT,BINANCE,TRADE,64031.7,0.0005
2026-07-30 13:48:42,BTCUSDT,BINANCE,TRADE,64031.7,0.0005
2026-07-30 13:48:42,BTCUSDT,BINANCE,TRADE,64031.7,0.00031
2026-07-30 13:48:42,BTCUSDT,BINANCE,TRADE,64031.7,0.0005
2026-07-30 13:48:42,BTCUSDT,BINANCE,TRADE,64031.7,0.0005
2026-07-30 13:48:42,BTCUSDT,BINANCE,TRADE,64031.7,0.0005
2026-07-30 13:48:42,BTCUSDT,BINANCE,TRADE,64031.7,0.00027
2026-07-30 13:48:42,BTCUSDT,BINANCE,TRADE,64031.7,0.0005
2026-07-30 13:48:42,BTCUSDT,BINANCE,TRADE,64031.7,0.0005
2026-07-30 13:48:42,BTCUSDT,BINANCE,TRADE,64031.7,0.0005
2026-07-30 13:48:42,BTCUSDT,BINANCE,TRADE,64031.7,0.0005
2026-07-30 13:48:42,BTCUSDT,BINANCE,TRADE,64031.7,0.0016
2026-07-30 13:48:42,BTCUSDT,BINANCE,TRADE,64031.7,0.0005
2026-07-30 13:48:42,BTCUSDT,BINANCE,TRADE,64031.7,0.0005
2026-07-30 13:48:42,BTCUSDT,BINANCE,TRADE,64031.7,0.0005
2026-07-30 13:48:42,BTCUSDT,BINANCE,TRADE,64031.7,0.0005
2026-07-30 13:48:42,BTCUSDT,BINANCE,TRADE,64031.7,0.0005
2026-07-30 13:48:42,BTCUSDT,BINANCE,TRADE,64031.7,0.00509
2026-07-30 13:48:42,BTCUSDT,BINANCE,TRADE,64031.7,0.0005
2026-07-30 13:48:42,BTCUSDT,BINANCE,TRADE,64031.7,0.0005
2026-07-30 13:48:42,BTCUSDT,BINANCE,TRADE,64031.7,0.0013
2026-07-30 13:48:42,BTCUSDT,BINANCE,TRADE,64031.7,0.0005
2026-07-30 13:48:42,BTCUSDT,BINANCE,TRADE,64031.7,0.00224
2026-07-30 13:48:42,BTCUSDT,BINANCE,TRADE,64031.7,0.0005
2026-07-30 13:48:42,BTCUSDT,BINANCE,TRADE,64031.7,0.00015
2026-07-30 13:48:42,BTCUSDT,BINANCE,TRADE,64031.7,0.0005
2026-07-30 13:48:42,BTCUSDT,BINANCE,TRADE,64031.7,0.01874
2026-07-30 13:48:42,BTCUSDT,BINANCE,TRADE,64031.7,0.0005
2026-07-30 13:48:42,BTCUSDT,BINANCE,TRADE,64031.7,0.0005
2026-07-30 13:48:42,ETHUSDT,BINANCE,TRADE,1905.41,0.018
2026-07-30 13:48:42,BTCUSDT,BINANCE,TRADE,64031.7,0.0005
2026-07-30 13:48:42,BTCUSDT,BINANCE,TRADE,64031.7,0.0005
2026-07-30 13:48:42,BTCUSDT,BINANCE,TRADE,64031.7,0.0005
2026-07-30 13:48:42,BTCUSDT,BINANCE,TRADE,64031.7,0.0005
2026-07-30 13:48:42,BTCUSDT,BINANCE,TRADE,64031.7,0.0005
2026-07-30 13:48:42,BTCUSDT,BINANCE,TRADE,64031.7,0.00026
2026-07-30 13:48:42,BTCUSDT,BINANCE,TRADE,64031.7,0.0005
2026-07-30 13:48:42,BTCUSDT,BINANCE,TRADE,64031.7,0.0005
2026-07-30 13:48:42,BTCUSDT,BINANCE,TRADE,64031.7,0.0005
2026-07-30 13:48:42,BTCUSDT,BINANCE,TRADE,64031.7,0.0005
2026-07-30 13:48:42,ETHUSDT,BINANCE,TRADE,1905.4,0.0516
2026-07-30 13:48:42,BTCUSDT,BINANCE,TRADE,64031.7,0.0005
2026-07-30 13:48:42,BTCUSDT,BINANCE,TRADE,64031.7,0.00019
2026-07-30 13:48:42,BTCUSDT,BINANCE,TRADE,64031.7,0.0005
2026-07-30 13:48:42,BTCUSDT,BINANCE,TRADE,64031.7,0.00159
2026-07-30 13:48:42,BTCUSDT,BINANCE,TRADE,64031.7,0.0005
2026-07-30 13:48:42,BTCUSDT,BINANCE,TRADE,64031.7,0.0005
2026-07-30 13:48:42,BTCUSDT,BINANCE,TRADE,64031.7,0.0005
2026-07-30 13:48:42,BTCUSDT,BINANCE,TRADE,64031.7,0.0005
2026-07-30 13:48:42,BTCUSDT,BINANCE,TRADE,64031.7,0.00101
2026-07-30 13:48:42,BTCUSDT,BINANCE,TRADE,64031.7,0.0005
2026-07-30 13:48:42,BTCUSDT,BINANCE,TRADE,64031.7,0.0005
2026-07-30 13:48:42,BTCUSDT,BINANCE,TRADE,64031.7,0.0013
2026-07-30 13:48:42,BTCUSDT,BINANCE,TRADE,64031.7,0.00017
2026-07-30 13:48:42,BTCUSDT,BINANCE,TRADE,64031.7,0.0005
2026-07-30 13:48:42,BTCUSDT,BINANCE,TRADE,64031.7,0.0005
2026-07-30 13:48:42,BTCUSDT,BINANCE,TRADE,64031.7,0.00013
2026-07-30 13:48:42,BTCUSDT,BINANCE,TRADE,64031.7,0.0005
2026-07-30 13:48:42,BTCUSDT,BINANCE,TRADE,64031.7,0.00314
2026-07-30 13:48:42,BTCUSDT,BINANCE,TRADE,64031.7,0.01685
2026-07-30 13:48:42,BTCUSDT,BINANCE,TRADE,64031.7,0.0005
2026-07-30 13:48:42,BTCUSDT,BINANCE,TRADE,64031.7,0.0005
2026-07-30 13:48:42,BTCUSDT,BINANCE,TRADE,64031.7,0.0005
2026-07-30 13:48:42,BTCUSDT,BINANCE,TRADE,64031.7,0.00023
2026-07-30 13:48:42,BTCUSDT,BINANCE,TRADE,64031.7,0.0005
2026-07-30 13:48:42,ETHUSDT,BINANCE,TRADE,1905.41,0.2383
2026-07-30 13:48:42,BTCUSDT,BINANCE,TRADE,64031.7,0.0005
2026-07-30 13:48:42,BTCUSDT,BINANCE,TRADE,64031.7,0.0005
2026-07-30 13:48:42,BTCUSDT,BINANCE,TRADE,64031.7,0.0005
2026-07-30 13:48:42,BTCUSDT,BINANCE,TRADE,64031.7,0.0005
2026-07-30 13:48:42,BTCUSDT,BINANCE,TRADE,64031.7,0.00037
2026-07-30 13:48:42,BTCUSDT,BINANCE,TRADE,64031.7,0.0005
2026-07-30 13:48:42,BTCUSDT,BINANCE,TRADE,64031.7,0.0005
2026-07-30 13:48:42,BTCUSDT,BINANCE,TRADE,64031.7,0.0005
2026-07-30 13:48:42,BTCUSDT,BINANCE,TRADE,64031.7,0.0005
2026-07-30 13:48:42,ETHUSDT,BINANCE,TRADE,1905.4,0.0216
2026-07-30 13:48:42,BTCUSDT,BINANCE,TRADE,64031.7,0.0005
2026-07-30 13:48:42,BTCUSDT,BINANCE,TRADE,64031.7,0.00166
2026-07-30 13:48:42,BTCUSDT,BINANCE,TRADE,64031.7,0.0005
2026-07-30 13:48:42,BTCUSDT,BINANCE,TRADE,64031.7,0.0005
2026-07-30 13:48:42,BTCUSDT,BINANCE,TRADE,64031.7,0.0005
2026-07-30 13:48:42,ETHUSDT,BINANCE,TRADE,1905.41,0.0862
2026-07-30 13:48:42,BTCUSDT,BINANCE,TRADE,64031.7,0.0005
2026-07-30 13:48:42,BTCUSDT,BINANCE,TRADE,64031.7,0.00032
2026-07-30 13:48:42,BTCUSDT,BINANCE,TRADE,64031.7,0.0005
2026-07-30 13:48:42,BTCUSDT,BINANCE,TRADE,64031.7,0.0005
2026-07-30 13:48:42,BTCUSDT,BINANCE,TRADE,64031.7,0.0005
2026-07-30 13:48:42,BTCUSDT,BINANCE,TRADE,64031.7,0.0005
2026-07-30 13:48:42,BTCUSDT,BINANCE,TRADE,64031.7,0.0005
2026-07-30 13:48:42,BTCUSDT,BINANCE,TRADE,64031.7,0.0005
2026-07-30 13:48:42,BTCUSDT,BINANCE,TRADE,64031.7,0.0005
2026-07-30 13:48:42,BTCUSDT,BINANCE,TRADE,64031.7,0.0005
2026-07-30 13:48:42,BTCUSDT,BINANCE,TRADE,64031.7,0.0005
2026-07-30 13:48:42,BTCUSDT,BINANCE,TRADE,64031.7,0.0005
2026-07-30 13:48:42,BTCUSDT,BINANCE,TRADE,64031.7,0.00029
2026-07-30 13:48:42,BTCUSDT,BINANCE,TRADE,64031.7,0.0005
2026-07-30 13:48:42,BTCUSDT,BINANCE,TRADE,64031.7,0.00039
2026-07-30 13:48:42,BTCUSDT,BINANCE,TRADE,64031.7,0.00038
2026-07-30 13:48:42,BTCUSDT,BINANCE,TRADE,64031.7,0.0005
2026-07-30 13:48:42,BTCUSDT,BINANCE,TRADE,64031.7,0.0005
2026-07-30 13:48:42,BTCUSDT,BINANCE,TRADE,64031.7,0.0014
2026-07-30 13:48:42,BTCUSDT,BINANCE,TRADE,64031.7,0.0005
2026-07-30 13:48:42,BTCUSDT,BINANCE,TRADE,64031.7,0.0005
2026-07-30 13:48:42,BTCUSDT,BINANCE,TRADE,64031.7,0.00055
2026-07-30 13:48:42,BTCUSDT,BINANCE,TRADE,64031.7,0.0005
2026-07-30 13:48:42,BTCUSDT,BINANCE,TRADE,64031.7,0.00083
2026-07-30 13:48:42,BTCUSDT,BINANCE,TRADE,64031.7,0.0005
2026-07-30 13:48:42,BTCUSDT,BINANCE,TRADE,64031.7,0.0005
2026-07-30 13:48:42,BTCUSDT,BINANCE,TRADE,64031.7,0.0005
2026-07-30 13:48:42,BTCUSDT,BINANCE,TRADE,64031.7,0.0005
2026-07-30 13:48:42,BTCUSDT,BINANCE,TRADE,64031.7,0.0005
2026-07-30 13:48:42,BTCUSDT,BINANCE,TRADE,64031.7,0.0005
2026-07-30 13:48:42,BTCUSDT,BINANCE,TRADE,64031.7,0.0005
2026-07-30 13:48:43,BTCUSDT,BINANCE,TRADE,64031.7,0.0005
2026-07-30 13:48:43,BTCUSDT,BINANCE,TRADE,64031.7,0.0005
2026-07-30 13:48:43,BTCUSDT,BINANCE,TRADE,64031.7,0.0013
2026-07-30 13:48:43,ETHUSDT,BINANCE,TRADE,1905.41,0.0531
2026-07-30 13:48:43,BTCUSDT,BINANCE,TRADE,64031.7,0.0005
2026-07-30 13:48:43,BTCUSDT,BINANCE,TRADE,64031.7,0.0005
2026-07-30 13:48:43,BTCUSDT,BINANCE,TRADE,64031.7,0.0005
2026-07-30 13:48:43,BTCUSDT,BINANCE,TRADE,64031.7,0.0005
2026-07-30 13:48:43,BTCUSDT,BINANCE,TRADE,64031.7,0.0005
2026-07-30 13:48:43,BTCUSDT,BINANCE,TRADE,64031.7,0.0005
2026-07-30 13:48:43,BTCUSDT,BINANCE,TRADE,64031.7,0.0005
2026-07-30 13:48:43,BTCUSDT,BINANCE,TRADE,64031.7,0.0005
2026-07-30 13:48:43,BTCUSDT,BINANCE,TRADE,64031.7,0.002
2026-07-30 13:48:43,BTCUSDT,BINANCE,TRADE,64031.7,0.0005
2026-07-30 13:48:43,BTCUSDT,BINANCE,TRADE,64031.7,0.00021
2026-07-30 13:48:43,BTCUSDT,BINANCE,TRADE,64031.7,0.0005
2026-07-30 13:48:43,BTCUSDT,BINANCE,TRADE,64031.7,0.0005
2026-07-30 13:48:43,BTCUSDT,BINANCE,TRADE,64031.7,0.0005
2026-07-30 13:48:43,BTCUSDT,BINANCE,TRADE,64031.7,0.00026
2026-07-30 13:48:43,BTCUSDT,BINANCE,TRADE,64031.7,0.0005
2026-07-30 13:48:43,BTCUSDT,BINANCE,TRADE,64031.7,0.0005
2026-07-30 13:48:43,BTCUSDT,BINANCE,TRADE,64031.7,0.0005
2026-07-30 13:48:43,BTCUSDT,BINANCE,TRADE,64031.7,0.0005
2026-07-30 13:48:43,BTCUSDT,BINANCE,TRADE,64031.7,0.00521
2026-07-30 13:48:43,BTCUSDT,BINANCE,TRADE,64031.7,0.0005
2026-07-30 13:48:43,BTCUSDT,BINANCE,TRADE,64031.7,0.00014
2026-07-30 13:48:43,BTCUSDT,BINANCE,TRADE,64031.7,0.0005
2026-07-30 13:48:43,BTCUSDT,BINANCE,TRADE,64031.7,0.0005
2026-07-30 13:48:43,BTCUSDT,BINANCE,TRADE,64031.7,0.0005
2026-07-30 13:48:43,BTCUSDT,BINANCE,TRADE,64031.7,0.00057
2026-07-30 13:48:43,BTCUSDT,BINANCE,TRADE,64031.7,0.0005
2026-07-30 13:48:43,BTCUSDT,BINANCE,TRADE,64031.7,0.63101
2026-07-30 13:48:43,BTCUSDT,BINANCE,TRADE,64031.7,0.0005
2026-07-30 13:48:43,BTCUSDT,BINANCE,TRADE,64031.7,0.0005
2026-07-30 13:48:43,BTCUSDT,BINANCE,TRADE,64031.7,0.0013
2026-07-30 13:48:43,BTCUSDT,BINANCE,TRADE,64031.7,0.0005
2026-07-30 13:48:43,BTCUSDT,BINANCE,TRADE,64031.7,0.0005
2026-07-30 13:48:43,BTCUSDT,BINANCE,TRADE,64031.7,0.0005
2026-07-30 13:48:43,BTCUSDT,BINANCE,TRADE,64031.7,0.00019
2026-07-30 13:48:43,BTCUSDT,BINANCE,TRADE,64031.7,0.0005
2026-07-30 13:48:43,BTCUSDT,BINANCE,TRADE,64031.7,0.0005
2026-07-30 13:48:43,BTCUSDT,BINANCE,TRADE,64031.7,0.00122
2026-07-30 13:48:43,BTCUSDT,BINANCE,TRADE,64031.7,0.0005
2026-07-30 13:48:43,BTCUSDT,BINANCE,TRADE,64031.7,0.01434
2026-07-30 13:48:43,BTCUSDT,BINANCE,TRADE,64031.7,0.0005
2026-07-30 13:48:43,BTCUSDT,BINANCE,TRADE,64031.7,0.0005
2026-07-30 13:48:43,BTCUSDT,BINANCE,TRADE,64031.7,0.0005
2026-07-30 13:48:43,BTCUSDT,BINANCE,TRADE,64031.7,0.0005
2026-07-30 13:48:43,BTCUSDT,BINANCE,TRADE,64031.7,0.0005
2026-07-30 13:48:43,BTCUSDT,BINANCE,TRADE,64031.7,0.00019
2026-07-30 13:48:43,BTCUSDT,BINANCE,TRADE,64031.7,0.00029
2026-07-30 13:48:43,BTCUSDT,BINANCE,TRADE,64031.7,0.0005
2026-07-30 13:48:43,BTCUSDT,BINANCE,TRADE,64031.7,0.0005
2026-07-30 13:48:43,BTCUSDT,BINANCE,TRADE,64031.7,0.0005
2026-07-30 13:48:43,BTCUSDT,BINANCE,TRADE,64031.7,0.0005
2026-07-30 13:48:43,BTCUSDT,BINANCE,TRADE,64031.7,0.0005
2026-07-30 13:48:43,BTCUSDT,BINANCE,TRADE,64031.7,0.0005
2026-07-30 13:48:43,BTCUSDT,BINANCE,TRADE,64031.7,0.00159
2026-07-30 13:48:43,BTCUSDT,BINANCE,TRADE,64031.7,0.0005
2026-07-30 13:48:43,SOLUSDT,BINANCE,TRADE,73.43,0.556
2026-07-30 13:48:43,BTCUSDT,BINANCE,TRADE,64031.7,0.0005
2026-07-30 13:48:43,BTCUSDT,BINANCE,TRADE,64031.7,0.0005
2026-07-30 13:48:43,BTCUSDT,BINANCE,TRADE,64031.7,0.00314
2026-07-30 13:48:43,BTCUSDT,BINANCE,TRADE,64031.7,0.0005
2026-07-30 13:48:43,BTCUSDT,BINANCE,TRADE,64031.7,0.0005
2026-07-30 13:48:43,BTCUSDT,BINANCE,TRADE,64031.7,0.0005
2026-07-30 13:48:43,BTCUSDT,BINANCE,TRADE,64031.7,0.0005
2026-07-30 13:48:43,BTCUSDT,BINANCE,TRADE,64031.7,0.0005
2026-07-30 13:48:43,BTCUSDT,BINANCE,TRADE,64031.7,0.0005
2026-07-30 13:48:43,BTCUSDT,BINANCE,TRADE,64031.7,0.00014
2026-07-30 13:48:43,BTCUSDT,BINANCE,TRADE,64031.7,0.0005
2026-07-30 13:48:43,BTCUSDT,BINANCE,TRADE,64031.7,0.0005
2026-07-30 13:48:43,BTCUSDT,BINANCE,TRADE,64031.7,0.00029
2026-07-30 13:48:43,BTCUSDT,BINANCE,TRADE,64031.7,0.0005
2026-07-30 13:48:43,BTCUSDT,BINANCE,TRADE,64031.7,0.00027
2026-07-30 13:48:43,BTCUSDT,BINANCE,TRADE,64031.7,0.0005
2026-07-30 13:48:43,BTCUSDT,BINANCE,TRADE,64031.7,0.0005
2026-07-30 13:48:43,BTCUSDT,BINANCE,TRADE,64031.7,0.0156
2026-07-30 13:48:43,BTCUSDT,BINANCE,TRADE,64031.7,0.0005
2026-07-30 13:48:43,BTCUSDT,BINANCE,TRADE,64031.7,0.0005
2026-07-30 13:48:43,BTCUSDT,BINANCE,TRADE,64031.7,0.0005
2026-07-30 13:48:43,BTCUSDT,BINANCE,TRADE,64031.7,0.0005
2026-07-30 13:48:43,BTCUSDT,BINANCE,TRADE,64031.7,0.0005
2026-07-30 13:48:43,BTCUSDT,BINANCE,TRADE,64031.7,0.0005
2026-07-30 13:48:43,BTCUSDT,BINANCE,TRADE,64031.7,0.0005
2026-07-30 13:48:43,BTCUSDT,BINANCE,TRADE,64031.7,0.0005
2026-07-30 13:48:43,BTCUSDT,BINANCE,TRADE,64031.7,0.0005
2026-07-30 13:48:43,BTCUSDT,BINANCE,TRADE,64031.7,0.00031
2026-07-30 13:48:43,BTCUSDT,BINANCE,TRADE,64031.7,0.0005
2026-07-30 13:48:43,BTCUSDT,BINANCE,TRADE,64031.7,0.0005
2026-07-30 13:48:43,BTCUSDT,BINANCE,TRADE,64031.7,0.0005
2026-07-30 13:48:43,ETHUSDT,BINANCE,TRADE,1905.41,0.013
2026-07-30 13:48:43,BTCUSDT,BINANCE,TRADE,64031.7,0.0005
2026-07-30 13:48:43,BTCUSDT,BINANCE,TRADE,64031.7,0.0005
2026-07-30 13:48:43,BTCUSDT,BINANCE,TRADE,64031.7,0.0005
2026-07-30 13:48:43,BTCUSDT,BINANCE,TRADE,64031.7,0.00509
2026-07-30 13:48:43,BTCUSDT,BINANCE,TRADE,64031.7,0.0013
2026-07-30 13:48:43,BTCUSDT,BINANCE,TRADE,64031.7,0.0005
2026-07-30 13:48:43,BTCUSDT,BINANCE,TRADE,64031.7,9e-05
2026-07-30 13:48:43,BTCUSDT,BINANCE,TRADE,64031.7,0.0005
2026-07-30 13:48:43,BTCUSDT,BINANCE,TRADE,64031.7,0.0005
2026-07-30 13:48:43,BTCUSDT,BINANCE,TRADE,64031.7,0.00224
2026-07-30 13:48:43,BTCUSDT,BINANCE,TRADE,64031.7,0.0005
2026-07-30 13:48:43,ETHUSDT,BINANCE,TRADE,1905.4,0.0103
2026-07-30 13:48:43,BTCUSDT,BINANCE,TRADE,64031.7,0.0005
2026-07-30 13:48:43,ETHUSDT,BINANCE,TRADE,1905.4,0.0338
2026-07-30 13:48:43,BTCUSDT,BINANCE,TRADE,64031.7,0.00016
2026-07-30 13:48:43,BTCUSDT,BINANCE,TRADE,64031.7,0.00017
2026-07-30 13:48:43,BTCUSDT,BINANCE,TRADE,64031.7,0.0005
2026-07-30 13:48:43,BTCUSDT,BINANCE,TRADE,64031.7,0.0005
2026-07-30 13:48:43,ETHUSDT,BINANCE,TRADE,1905.41,0.2275
2026-07-30 13:48:43,BTCUSDT,BINANCE,TRADE,64031.7,0.00537
2026-07-30 13:48:43,BTCUSDT,BINANCE,TRADE,64031.7,0.0005
2026-07-30 13:48:43,BTCUSDT,BINANCE,TRADE,64031.7,0.0005
2026-07-30 13:48:43,BTCUSDT,BINANCE,TRADE,64031.7,0.0005
2026-07-30 13:48:43,BTCUSDT,BINANCE,TRADE,64031.7,0.0005
2026-07-30 13:48:43,BTCUSDT,BINANCE,TRADE,64031.7,0.0005
2026-07-30 13:48:43,BTCUSDT,BINANCE,TRADE,64031.7,0.0005
2026-07-30 13:48:43,BTCUSDT,BINANCE,TRADE,64031.7,0.0005
2026-07-30 13:48:43,BTCUSDT,BINANCE,TRADE,64031.7,0.0005
2026-07-30 13:48:43,BTCUSDT,BINANCE,TRADE,64031.7,0.0005
2026-07-30 13:48:43,BTCUSDT,BINANCE,TRADE,64031.7,0.0005
2026-07-30 13:48:43,BTCUSDT,BINANCE,TRADE,64031.7,0.00046
2026-07-30 13:48:43,ETHUSDT,BINANCE,TRADE,1905.4,0.2039
2026-07-30 13:48:43,BTCUSDT,BINANCE,TRADE,64031.7,0.0005
2026-07-30 13:48:43,BTCUSDT,BINANCE,TRADE,64031.7,0.0005
2026-07-30 13:48:43,BTCUSDT,BINANCE,TRADE,64031.7,0.0005
2026-07-30 13:48:43,BTCUSDT,BINANCE,TRADE,64031.7,0.0005
2026-07-30 13:48:43,BTCUSDT,BINANCE,TRADE,64031.7,0.0005
2026-07-30 13:48:43,BTCUSDT,BINANCE,TRADE,64031.7,0.0005
2026-07-30 13:48:43,BTCUSDT,BINANCE,TRADE,64031.7,0.00026
2026-07-30 13:48:43,BTCUSDT,BINANCE,TRADE,64031.7,0.0013
2026-07-30 13:48:43,BTCUSDT,BINANCE,TRADE,64031.7,0.0005
2026-07-30 13:48:43,BTCUSDT,BINANCE,TRADE,64031.7,0.00296
2026-07-30 13:48:43,BTCUSDT,BINANCE,TRADE,64031.7,0.0005
2026-07-30 13:48:43,BTCUSDT,BINANCE,TRADE,64031.7,0.0005
2026-07-30 13:48:44,BTCUSDT,BINANCE,TRADE,64031.7,0.00137
2026-07-30 13:48:44,BTCUSDT,BINANCE,TRADE,64031.7,0.00022
2026-07-30 13:48:44,BTCUSDT,BINANCE,TRADE,64031.7,0.0005
2026-07-30 13:48:44,BTCUSDT,BINANCE,TRADE,64031.7,0.0005
2026-07-30 13:48:44,BTCUSDT,BINANCE,TRADE,64031.7,0.0005
2026-07-30 13:48:44,BTCUSDT,BINANCE,TRADE,64031.7,0.0005
2026-07-30 13:48:44,BTCUSDT,BINANCE,TRADE,64031.7,0.0005
2026-07-30 13:48:44,BTCUSDT,BINANCE,TRADE,64031.7,0.00017
2026-07-30 13:48:44,BTCUSDT,BINANCE,TRADE,64031.7,0.0005
2026-07-30 13:48:44,BTCUSDT,BINANCE,TRADE,64031.7,0.0005
2026-07-30 13:48:44,BTCUSDT,BINANCE,TRADE,64031.7,0.00117
2026-07-30 13:48:44,BTCUSDT,BINANCE,TRADE,64031.7,0.0005
2026-07-30 13:48:44,BTCUSDT,BINANCE,TRADE,64031.7,0.0005
2026-07-30 13:48:44,BTCUSDT,BINANCE,TRADE,64031.7,0.00038
2026-07-30 13:48:44,BTCUSDT,BINANCE,TRADE,64031.7,0.0005
2026-07-30 13:48:44,BTCUSDT,BINANCE,TRADE,64031.7,0.0005
2026-07-30 13:48:44,ETHUSDT,BINANCE,TRADE,1905.41,0.0523
2026-07-30 13:48:44,BTCUSDT,BINANCE,TRADE,64031.7,0.0005
2026-07-30 13:48:44,BTCUSDT,BINANCE,TRADE,64031.7,0.0005
2026-07-30 13:48:44,BTCUSDT,BINANCE,TRADE,64031.7,0.0005
2026-07-30 13:48:44,BTCUSDT,BINANCE,TRADE,64031.7,0.0005
2026-07-30 13:48:44,BTCUSDT,BINANCE,TRADE,64031.7,0.0005
2026-07-30 13:48:44,BTCUSDT,BINANCE,TRADE,64031.7,0.0005
2026-07-30 13:48:44,BTCUSDT,BINANCE,TRADE,64031.7,0.00029
2026-07-30 13:48:44,BTCUSDT,BINANCE,TRADE,64031.7,0.00398
2026-07-30 13:48:44,BTCUSDT,BINANCE,TRADE,64031.7,0.0005
2026-07-30 13:48:44,BTCUSDT,BINANCE,TRADE,64031.7,0.0005
2026-07-30 13:48:44,BTCUSDT,BINANCE,TRADE,64031.7,0.00019
2026-07-30 13:48:44,BTCUSDT,BINANCE,TRADE,64031.7,0.00023
2026-07-30 13:48:44,BTCUSDT,BINANCE,TRADE,64031.7,0.0005
2026-07-30 13:48:44,BTCUSDT,BINANCE,TRADE,64031.7,0.0005
2026-07-30 13:48:44,ETHUSDT,BINANCE,TRADE,1905.41,0.0216
2026-07-30 13:48:44,BTCUSDT,BINANCE,TRADE,64031.7,0.0005
2026-07-30 13:48:44,BTCUSDT,BINANCE,TRADE,64031.7,0.00314
2026-07-30 13:48:44,BTCUSDT,BINANCE,TRADE,64031.7,0.0005
2026-07-30 13:48:44,BTCUSDT,BINANCE,TRADE,64031.7,0.0005
2026-07-30 13:48:44,BTCUSDT,BINANCE,TRADE,64031.7,0.0005
2026-07-30 13:48:44,BTCUSDT,BINANCE,TRADE,64031.7,0.0005
2026-07-30 13:48:44,BTCUSDT,BINANCE,TRADE,64031.7,0.0005
2026-07-30 13:48:44,BTCUSDT,BINANCE,TRADE,64031.7,0.0005
2026-07-30 13:48:44,BTCUSDT,BINANCE,TRADE,64031.7,0.0005
2026-07-30 13:48:44,BTCUSDT,BINANCE,TRADE,64031.7,0.0005
2026-07-30 13:48:44,BTCUSDT,BINANCE,TRADE,64031.7,0.0005
2026-07-30 13:48:44,BTCUSDT,BINANCE,TRADE,64031.7,0.0005
2026-07-30 13:48:44,BTCUSDT,BINANCE,TRADE,64031.7,0.0005
2026-07-30 13:48:44,BTCUSDT,BINANCE,TRADE,64031.7,0.0005
2026-07-30 13:48:44,BTCUSDT,BINANCE,TRADE,64031.7,0.00027
2026-07-30 13:48:44,BTCUSDT,BINANCE,TRADE,64031.7,0.0005
2026-07-30 13:48:44,BTCUSDT,BINANCE,TRADE,64031.7,0.00037
2026-07-30 13:48:44,BTCUSDT,BINANCE,TRADE,64031.7,0.0005
2026-07-30 13:48:44,BTCUSDT,BINANCE,TRADE,64031.7,0.0005
2026-07-30 13:48:44,BTCUSDT,BINANCE,TRADE,64031.7,0.0005
2026-07-30 13:48:44,BTCUSDT,BINANCE,TRADE,64031.7,0.0005
2026-07-30 13:48:44,BTCUSDT,BINANCE,TRADE,64031.7,0.0005
2026-07-30 13:48:44,BTCUSDT,BINANCE,TRADE,64031.7,0.0005
2026-07-30 13:48:44,BTCUSDT,BINANCE,TRADE,64031.7,0.0013
2026-07-30 13:48:44,BTCUSDT,BINANCE,TRADE,64031.7,0.0005
2026-07-30 13:48:44,BTCUSDT,BINANCE,TRADE,64031.7,0.0005
2026-07-30 13:48:44,BTCUSDT,BINANCE,TRADE,64031.7,9e-05
2026-07-30 13:48:44,BTCUSDT,BINANCE,TRADE,64031.7,0.0005
2026-07-30 13:48:44,BTCUSDT,BINANCE,TRADE,64031.7,0.0005
2026-07-30 13:48:44,BTCUSDT,BINANCE,TRADE,64031.7,0.00031
2026-07-30 13:48:44,BTCUSDT,BINANCE,TRADE,64031.7,0.0005
2026-07-30 13:48:44,BTCUSDT,BINANCE,TRADE,64031.7,0.0005
2026-07-30 13:48:44,BTCUSDT,BINANCE,TRADE,64031.7,0.0005
2026-07-30 13:48:44,BTCUSDT,BINANCE,TRADE,64031.7,0.0005
2026-07-30 13:48:44,BTCUSDT,BINANCE,TRADE,64031.7,0.0005
2026-07-30 13:48:44,BTCUSDT,BINANCE,TRADE,64031.7,0.0005
2026-07-30 13:48:44,BTCUSDT,BINANCE,TRADE,64031.7,0.0005
2026-07-30 13:48:44,BTCUSDT,BINANCE,TRADE,64031.7,0.0005
2026-07-30 13:48:44,BTCUSDT,BINANCE,TRADE,64031.7,0.0005
2026-07-30 13:48:44,BTCUSDT,BINANCE,TRADE,64031.7,0.0005
2026-07-30 13:48:44,BTCUSDT,BINANCE,TRADE,64031.7,0.0005
2026-07-30 13:48:44,BTCUSDT,BINANCE,TRADE,64031.7,0.0005
2026-07-30 13:48:44,BTCUSDT,BINANCE,TRADE,64031.7,0.0005
2026-07-30 13:48:44,BTCUSDT,BINANCE,TRADE,64031.7,0.0005
2026-07-30 13:48:44,BTCUSDT,BINANCE,TRADE,64031.7,0.0005
2026-07-30 13:48:44,ETHUSDT,BINANCE,TRADE,1905.4,0.0033
2026-07-30 13:48:44,BTCUSDT,BINANCE,TRADE,64031.7,0.00021
2026-07-30 13:48:44,BTCUSDT,BINANCE,TRADE,64031.7,0.0005
2026-07-30 13:48:44,ETHUSDT,BINANCE,TRADE,1905.41,0.0071
2026-07-30 13:48:44,BTCUSDT,BINANCE,TRADE,64031.7,0.0005
2026-07-30 13:48:44,BTCUSDT,BINANCE,TRADE,64031.7,0.0005
2026-07-30 13:48:44,BTCUSDT,BINANCE,TRADE,64031.7,0.0013
2026-07-30 13:48:44,BTCUSDT,BINANCE,TRADE,64031.7,0.0005
2026-07-30 13:48:44,BTCUSDT,BINANCE,TRADE,64031.7,0.00038
2026-07-30 13:48:44,BTCUSDT,BINANCE,TRADE,64031.7,0.0005
2026-07-30 13:48:44,BTCUSDT,BINANCE,TRADE,64031.7,0.00281
2026-07-30 13:48:44,BTCUSDT,BINANCE,TRADE,64031.7,0.0005
2026-07-30 13:48:44,BTCUSDT,BINANCE,TRADE,64031.7,0.00021
2026-07-30 13:48:44,BTCUSDT,BINANCE,TRADE,64031.7,0.0005
2026-07-30 13:48:44,BTCUSDT,BINANCE,TRADE,64031.7,0.0005
2026-07-30 13:48:44,BTCUSDT,BINANCE,TRADE,64031.7,0.0005
2026-07-30 13:48:44,BTCUSDT,BINANCE,TRADE,64031.7,0.0005
2026-07-30 13:48:44,BTCUSDT,BINANCE,TRADE,64031.7,0.0005
2026-07-30 13:48:44,BTCUSDT,BINANCE,TRADE,64031.7,0.0005
2026-07-30 13:48:44,BTCUSDT,BINANCE,TRADE,64031.7,0.0005
2026-07-30 13:48:44,BTCUSDT,BINANCE,TRADE,64031.7,0.0005
2026-07-30 13:48:44,BTCUSDT,BINANCE,TRADE,64031.7,0.00019
2026-07-30 13:48:44,ETHUSDT,BINANCE,TRADE,1905.41,0.0027
2026-07-30 13:48:44,BTCUSDT,BINANCE,TRADE,64031.7,0.0005
2026-07-30 13:48:44,BTCUSDT,BINANCE,TRADE,64031.7,0.0005
2026-07-30 13:48:44,BTCUSDT,BINANCE,TRADE,64031.7,0.0005
2026-07-30 13:48:44,BTCUSDT,BINANCE,TRADE,64031.7,0.00064
2026-07-30 13:48:44,BTCUSDT,BINANCE,TRADE,64031.7,0.0005
2026-07-30 13:48:44,BTCUSDT,BINANCE,TRADE,64031.7,0.0005
2026-07-30 13:48:44,BTCUSDT,BINANCE,TRADE,64031.7,0.00167
2026-07-30 13:48:44,BTCUSDT,BINANCE,TRADE,64031.7,0.0005
2026-07-30 13:48:44,BTCUSDT,BINANCE,TRADE,64031.7,0.0005
2026-07-30 13:48:44,BTCUSDT,BINANCE,TRADE,64031.7,0.01874
2026-07-30 13:48:44,BTCUSDT,BINANCE,TRADE,64031.7,0.00017
2026-07-30 13:48:44,BTCUSDT,BINANCE,TRADE,64031.7,0.0005
2026-07-30 13:48:44,BTCUSDT,BINANCE,TRADE,64031.7,0.0005
2026-07-30 13:48:44,BTCUSDT,BINANCE,TRADE,64031.7,0.0005
2026-07-30 13:48:44,BTCUSDT,BINANCE,TRADE,64031.7,0.0005
2026-07-30 13:48:44,BTCUSDT,BINANCE,TRADE,64031.7,0.0005
2026-07-30 13:48:44,ETHUSDT,BINANCE,TRADE,1905.41,0.0524
2026-07-30 13:48:44,BTCUSDT,BINANCE,TRADE,64031.7,0.0005
2026-07-30 13:48:44,BTCUSDT,BINANCE,TRADE,64031.7,0.0005
2026-07-30 13:48:44,BTCUSDT,BINANCE,TRADE,64031.7,0.0005
2026-07-30 13:48:44,BTCUSDT,BINANCE,TRADE,64031.7,0.0005
2026-07-30 13:48:44,BTCUSDT,BINANCE,TRADE,64031.7,0.0005
2026-07-30 13:48:44,BTCUSDT,BINANCE,TRADE,64031.7,0.0005
2026-07-30 13:48:44,BTCUSDT,BINANCE,TRADE,64031.7,0.0005
2026-07-30 13:48:44,BTCUSDT,BINANCE,TRADE,64031.7,0.0005
2026-07-30 13:48:44,BTCUSDT,BINANCE,TRADE,64031.7,0.0005
2026-07-30 13:48:44,BTCUSDT,BINANCE,TRADE,64031.7,0.00023
2026-07-30 13:48:45,BTCUSDT,BINANCE,TRADE,64031.7,0.0005
2026-07-30 13:48:45,BTCUSDT,BINANCE,TRADE,64031.7,0.0005
2026-07-30 13:48:45,BTCUSDT,BINANCE,TRADE,64031.7,0.00031
2026-07-30 13:48:45,BTCUSDT,BINANCE,TRADE,64031.7,0.0005
2026-07-30 13:48:45,BTCUSDT,BINANCE,TRADE,64031.7,0.0005
2026-07-30 13:48:45,BTCUSDT,BINANCE,TRADE,64031.7,0.01116
2026-07-30 13:48:45,BTCUSDT,BINANCE,TRADE,64031.7,0.0005
2026-07-30 13:48:45,BTCUSDT,BINANCE,TRADE,64031.7,0.00026
2026-07-30 13:48:45,BTCUSDT,BINANCE,TRADE,64031.7,0.0005
2026-07-30 13:48:45,BTCUSDT,BINANCE,TRADE,64031.7,0.0005
2026-07-30 13:48:45,BTCUSDT,BINANCE,TRADE,64031.7,0.0005
2026-07-30 13:48:45,BTCUSDT,BINANCE,TRADE,64031.7,0.00314
2026-07-30 13:48:45,BTCUSDT,BINANCE,TRADE,64031.7,0.0005
2026-07-30 13:48:45,BTCUSDT,BINANCE,TRADE,64031.7,0.0005
2026-07-30 13:48:45,BTCUSDT,BINANCE,TRADE,64031.7,0.00224
2026-07-30 13:48:45,BTCUSDT,BINANCE,TRADE,64031.7,0.0005
2026-07-30 13:48:45,BTCUSDT,BINANCE,TRADE,64031.7,0.002
2026-07-30 13:48:45,BTCUSDT,BINANCE,TRADE,64031.7,0.0005
2026-07-30 13:48:45,BTCUSDT,BINANCE,TRADE,64031.7,0.0005
2026-07-30 13:48:45,BTCUSDT,BINANCE,TRADE,64031.7,0.0013
2026-07-30 13:48:45,BTCUSDT,BINANCE,TRADE,64031.7,0.0005
2026-07-30 13:48:45,BTCUSDT,BINANCE,TRADE,64031.7,0.0005
2026-07-30 13:48:45,BTCUSDT,BINANCE,TRADE,64031.7,0.0005
2026-07-30 13:48:45,BTCUSDT,BINANCE,TRADE,64031.7,0.0005
2026-07-30 13:48:45,BTCUSDT,BINANCE,TRADE,64031.7,0.0005
2026-07-30 13:48:45,BTCUSDT,BINANCE,TRADE,64031.7,0.0005
2026-07-30 13:48:45,BTCUSDT,BINANCE,TRADE,64031.7,0.0005
2026-07-30 13:48:45,BTCUSDT,BINANCE,TRADE,64031.7,0.0005
2026-07-30 13:48:45,BTCUSDT,BINANCE,TRADE,64031.7,9e-05
2026-07-30 13:48:45,BTCUSDT,BINANCE,TRADE,64031.7,0.0005
2026-07-30 13:48:45,BTCUSDT,BINANCE,TRADE,64031.7,0.00515
2026-07-30 13:48:45,BTCUSDT,BINANCE,TRADE,64031.7,0.0005
2026-07-30 13:48:45,BTCUSDT,BINANCE,TRADE,64031.7,0.002
2026-07-30 13:48:45,BTCUSDT,BINANCE,TRADE,64031.7,0.00057
2026-07-30 13:48:45,BTCUSDT,BINANCE,TRADE,64031.7,0.0005
2026-07-30 13:48:45,BTCUSDT,BINANCE,TRADE,64031.7,0.0005
2026-07-30 13:48:45,BTCUSDT,BINANCE,TRADE,64031.7,0.0005
2026-07-30 13:48:45,BTCUSDT,BINANCE,TRADE,64031.7,0.0005
2026-07-30 13:48:45,ETHUSDT,BINANCE,TRADE,1905.41,0.0338
2026-07-30 13:48:45,BTCUSDT,BINANCE,TRADE,64031.7,0.01434
2026-07-30 13:48:45,BTCUSDT,BINANCE,TRADE,64031.7,0.0005
2026-07-30 13:48:45,BTCUSDT,BINANCE,TRADE,64031.7,0.00013
2026-07-30 13:48:45,BTCUSDT,BINANCE,TRADE,64031.7,0.0005
2026-07-30 13:48:45,BTCUSDT,BINANCE,TRADE,64031.7,0.00537
2026-07-30 13:48:45,BTCUSDT,BINANCE,TRADE,64031.7,0.00509
2026-07-30 13:48:45,BTCUSDT,BINANCE,TRADE,64031.7,0.0005
2026-07-30 13:48:45,BTCUSDT,BINANCE,TRADE,64031.7,0.0005
2026-07-30 13:48:45,BTCUSDT,BINANCE,TRADE,64031.7,0.0005
2026-07-30 13:48:45,BTCUSDT,BINANCE,TRADE,64031.7,0.0005
2026-07-30 13:48:45,BTCUSDT,BINANCE,TRADE,64031.7,0.00652
2026-07-30 13:48:45,BTCUSDT,BINANCE,TRADE,64031.7,0.0005
2026-07-30 13:48:45,BTCUSDT,BINANCE,TRADE,64031.7,0.0005
2026-07-30 13:48:45,BTCUSDT,BINANCE,TRADE,64031.7,0.00029
2026-07-30 13:48:45,BTCUSDT,BINANCE,TRADE,64031.7,0.0013
2026-07-30 13:48:45,BTCUSDT,BINANCE,TRADE,64031.7,0.0005
2026-07-30 13:48:45,BTCUSDT,BINANCE,TRADE,64031.7,0.0005
2026-07-30 13:48:45,BTCUSDT,BINANCE,TRADE,64031.7,0.003
2026-07-30 13:48:45,BTCUSDT,BINANCE,TRADE,64031.7,0.0005
2026-07-30 13:48:45,BTCUSDT,BINANCE,TRADE,64031.7,0.0005
2026-07-30 13:48:45,BTCUSDT,BINANCE,TRADE,64031.7,0.0005
2026-07-30 13:48:45,BTCUSDT,BINANCE,TRADE,64031.7,0.00456
2026-07-30 13:48:45,ETHUSDT,BINANCE,TRADE,1905.4,0.0216
2026-07-30 13:48:45,BTCUSDT,BINANCE,TRADE,64031.7,0.0005
2026-07-30 13:48:45,BTCUSDT,BINANCE,TRADE,64031.7,8e-05
2026-07-30 13:48:45,BTCUSDT,BINANCE,TRADE,64031.7,0.00042
2026-07-30 13:48:45,BTCUSDT,BINANCE,TRADE,64031.7,0.0005
2026-07-30 13:48:45,BTCUSDT,BINANCE,TRADE,64031.7,0.00082
2026-07-30 13:48:45,BTCUSDT,BINANCE,TRADE,64031.7,0.0005
2026-07-30 13:48:45,BTCUSDT,BINANCE,TRADE,64031.7,0.0005
2026-07-30 13:48:45,BTCUSDT,BINANCE,TRADE,64031.7,0.0005
2026-07-30 13:48:45,BTCUSDT,BINANCE,TRADE,64031.7,0.0005
2026-07-30 13:48:45,BTCUSDT,BINANCE,TRADE,64031.7,0.0005
2026-07-30 13:48:45,BTCUSDT,BINANCE,TRADE,64031.7,0.0005
2026-07-30 13:48:45,ETHUSDT,BINANCE,TRADE,1905.41,0.1446
2026-07-30 13:48:45,BTCUSDT,BINANCE,TRADE,64031.7,0.00027
2026-07-30 13:48:45,BTCUSDT,BINANCE,TRADE,64031.7,0.00016
2026-07-30 13:48:45,BTCUSDT,BINANCE,TRADE,64031.7,7e-05
2026-07-30 13:48:45,BTCUSDT,BINANCE,TRADE,64031.7,0.0005
2026-07-30 13:48:45,BTCUSDT,BINANCE,TRADE,64031.7,1e-05
2026-07-30 13:48:45,BTCUSDT,BINANCE,TRADE,64031.7,8e-05
2026-07-30 13:48:45,BTCUSDT,BINANCE,TRADE,64031.7,8e-05
2026-07-30 13:48:45,BTCUSDT,BINANCE,TRADE,64031.7,8e-05
2026-07-30 13:48:45,BTCUSDT,BINANCE,TRADE,64031.7,0.00012
2026-07-30 13:48:45,BTCUSDT,BINANCE,TRADE,64031.7,0.00013
2026-07-30 13:48:45,BTCUSDT,BINANCE,TRADE,64031.7,0.00037
2026-07-30 13:48:45,BTCUSDT,BINANCE,TRADE,64031.7,8e-05
2026-07-30 13:48:45,BTCUSDT,BINANCE,TRADE,64031.7,7e-05
2026-07-30 13:48:45,BTCUSDT,BINANCE,TRADE,64031.7,0.0005
2026-07-30 13:48:45,BTCUSDT,BINANCE,TRADE,64031.7,0.00033
2026-07-30 13:48:45,BTCUSDT,BINANCE,TRADE,64031.7,2e-05
2026-07-30 13:48:45,BTCUSDT,BINANCE,TRADE,64031.7,8e-05
2026-07-30 13:48:45,BTCUSDT,BINANCE,TRADE,64031.7,8e-05
2026-07-30 13:48:45,BTCUSDT,BINANCE,TRADE,64031.7,8e-05
2026-07-30 13:48:45,BTCUSDT,BINANCE,TRADE,64031.7,8e-05
2026-07-30 13:48:45,BTCUSDT,BINANCE,TRADE,64031.7,0.0001
2026-07-30 13:48:45,BTCUSDT,BINANCE,TRADE,64031.7,6e-05
2026-07-30 13:48:45,BTCUSDT,BINANCE,TRADE,64031.7,0.0005
2026-07-30 13:48:45,BTCUSDT,BINANCE,TRADE,64031.7,0.0005
2026-07-30 13:48:45,BTCUSDT,BINANCE,TRADE,64031.7,0.00019
2026-07-30 13:48:45,BTCUSDT,BINANCE,TRADE,64031.7,0.0005
2026-07-30 13:48:45,ETHUSDT,BINANCE,TRADE,1905.41,0.0083
2026-07-30 13:48:45,BTCUSDT,BINANCE,TRADE,64031.7,0.0005
2026-07-30 13:48:45,BTCUSDT,BINANCE,TRADE,64031.7,0.0005
2026-07-30 13:48:45,BTCUSDT,BINANCE,TRADE,64031.7,0.00521
2026-07-30 13:48:45,BTCUSDT,BINANCE,TRADE,64031.7,0.0005
2026-07-30 13:48:45,BTCUSDT,BINANCE,TRADE,64031.7,0.0005
2026-07-30 13:48:45,BTCUSDT,BINANCE,TRADE,64031.7,0.0005
2026-07-30 13:48:45,BTCUSDT,BINANCE,TRADE,64031.7,0.0005
2026-07-30 13:48:45,BTCUSDT,BINANCE,TRADE,64031.7,0.0005
2026-07-30 13:48:45,BTCUSDT,BINANCE,TRADE,64031.7,0.00029
2026-07-30 13:48:45,BTCUSDT,BINANCE,TRADE,64031.7,0.0005
2026-07-30 13:48:45,BTCUSDT,BINANCE,TRADE,64031.7,0.00027
2026-07-30 13:48:45,BTCUSDT,BINANCE,TRADE,64031.7,0.00023
2026-07-30 13:48:45,ETHUSDT,BINANCE,TRADE,1905.4,0.0347
2026-07-30 13:48:45,BTCUSDT,BINANCE,TRADE,64031.7,0.0005
2026-07-30 13:48:45,BTCUSDT,BINANCE,TRADE,64031.7,0.00016
2026-07-30 13:48:45,BTCUSDT,BINANCE,TRADE,64031.7,0.0005
2026-07-30 13:48:45,BTCUSDT,BINANCE,TRADE,64031.7,0.00019
2026-07-30 13:48:45,ETHUSDT,BINANCE,TRADE,1905.4,0.2383
2026-07-30 13:48:45,BTCUSDT,BINANCE,TRADE,64031.7,0.0005
2026-07-30 13:48:45,BTCUSDT,BINANCE,TRADE,64031.7,0.0005
2026-07-30 13:48:45,ETHUSDT,BINANCE,TRADE,1905.4,0.0222
2026-07-30 13:48:45,BTCUSDT,BINANCE,TRADE,64031.7,0.0005
2026-07-30 13:48:45,ETHUSDT,BINANCE,TRADE,1905.4,0.018
2026-07-30 13:48:45,BTCUSDT,BINANCE,TRADE,64031.7,0.00166
2026-07-30 13:48:45,BTCUSDT,BINANCE,TRADE,64031.7,0.0005
2026-07-30 13:48:45,BTCUSDT,BINANCE,TRADE,64031.7,0.0005
2026-07-30 13:48:45,BTCUSDT,BINANCE,TRADE,64031.7,0.0005
2026-07-30 13:48:45,BTCUSDT,BINANCE,TRADE,64031.7,0.0005
2026-07-30 13:48:45,BTCUSDT,BINANCE,TRADE,64031.7,0.0005
2026-07-30 13:48:45,BTCUSDT,BINANCE,TRADE,64031.7,0.00038
2026-07-30 13:48:45,BTCUSDT,BINANCE,TRADE,64031.7,0.0005
2026-07-30 13:48:45,BTCUSDT,BINANCE,TRADE,64031.7,0.0005
2026-07-30 13:48:45,BTCUSDT,BINANCE,TRADE,64031.7,0.0005
2026-07-30 13:48:45,BTCUSDT,BINANCE,TRADE,64031.7,0.00014
2026-07-30 13:48:45,BTCUSDT,BINANCE,TRADE,64031.7,0.0005
2026-07-30 13:48:45,BTCUSDT,BINANCE,TRADE,64031.7,0.0013
2026-07-30 13:48:45,BTCUSDT,BINANCE,TRADE,64031.7,0.0005
2026-07-30 13:48:45,BTCUSDT,BINANCE,TRADE,64031.7,0.0005
2026-07-30 13:48:45,BTCUSDT,BINANCE,TRADE,64031.7,0.0005
2026-07-30 13:48:45,BTCUSDT,BINANCE,TRADE,64031.7,0.00027
2026-07-30 13:48:45,BTCUSDT,BINANCE,TRADE,64031.7,0.0005
2026-07-30 13:48:45,BTCUSDT,BINANCE,TRADE,64031.7,0.0005
2026-07-30 13:48:45,BTCUSDT,BINANCE,TRADE,64031.7,0.01555
2026-07-30 13:48:45,BTCUSDT,BINANCE,TRADE,64031.7,0.0013
2026-07-30 13:48:45,BTCUSDT,BINANCE,TRADE,64031.7,0.0005
2026-07-30 13:48:45,BTCUSDT,BINANCE,TRADE,64031.7,0.0005
2026-07-30 13:48:45,BTCUSDT,BINANCE,TRADE,64031.7,0.002
2026-07-30 13:48:45,BTCUSDT,BINANCE,TRADE,64031.7,0.0005
2026-07-30 13:48:45,BTCUSDT,BINANCE,TRADE,64031.7,0.0005
2026-07-30 13:48:45,BTCUSDT,BINANCE,TRADE,64031.7,0.00101
2026-07-30 13:48:45,BTCUSDT,BINANCE,TRADE,64031.7,0.0005
2026-07-30 13:48:45,BTCUSDT,BINANCE,TRADE,64031.7,0.0005
2026-07-30 13:48:45,BTCUSDT,BINANCE,TRADE,64031.7,0.00063
2026-07-30 13:48:45,BTCUSDT,BINANCE,TRADE,64031.7,0.0005
2026-07-30 13:48:45,BTCUSDT,BINANCE,TRADE,64031.7,0.0005
2026-07-30 13:48:45,BTCUSDT,BINANCE,TRADE,64031.7,0.00122
2026-07-30 13:48:45,BTCUSDT,BINANCE,TRADE,64031.7,0.0005
2026-07-30 13:48:45,BTCUSDT,BINANCE,TRADE,64031.7,0.00031
2026-07-30 13:48:45,BTCUSDT,BINANCE,TRADE,64031.7,0.0005
2026-07-30 13:48:45,BTCUSDT,BINANCE,TRADE,64031.7,0.0005
2026-07-30 13:48:45,BTCUSDT,BINANCE,TRADE,64031.7,0.0005
2026-07-30 13:48:46,BTCUSDT,BINANCE,TRADE,64031.7,0.0005
2026-07-30 13:48:46,BTCUSDT,BINANCE,TRADE,64031.7,0.0005
2026-07-30 13:48:46,BTCUSDT,BINANCE,TRADE,64031.7,0.0005
2026-07-30 13:48:46,BTCUSDT,BINANCE,TRADE,64031.7,0.0005
2026-07-30 13:48:46,ETHUSDT,BINANCE,TRADE,1905.4,0.0013
2026-07-30 13:48:46,ETHUSDT,BINANCE,TRADE,1905.4,0.0028
2026-07-30 13:48:46,ETHUSDT,BINANCE,TRADE,1905.4,0.0027
2026-07-30 13:48:46,ETHUSDT,BINANCE,TRADE,1905.4,0.0028
2026-07-30 13:48:46,ETHUSDT,BINANCE,TRADE,1905.4,0.0027
2026-07-30 13:48:46,ETHUSDT,BINANCE,TRADE,1905.4,0.0027
2026-07-30 13:48:46,ETHUSDT,BINANCE,TRADE,1905.4,0.0053
2026-07-30 13:48:46,ETHUSDT,BINANCE,TRADE,1905.4,0.0027
2026-07-30 13:48:46,ETHUSDT,BINANCE,TRADE,1905.4,0.0027
2026-07-30 13:48:46,ETHUSDT,BINANCE,TRADE,1905.4,0.0027
2026-07-30 13:48:46,ETHUSDT,BINANCE,TRADE,1905.4,0.0027
2026-07-30 13:48:46,ETHUSDT,BINANCE,TRADE,1905.4,0.0095
2026-07-30 13:48:46,ETHUSDT,BINANCE,TRADE,1905.4,0.0455
2026-07-30 13:48:46,BTCUSDT,BINANCE,TRADE,64031.7,0.0005
2026-07-30 13:48:46,BTCUSDT,BINANCE,TRADE,64031.7,0.0005
2026-07-30 13:48:46,BTCUSDT,BINANCE,TRADE,64031.7,0.0005
2026-07-30 13:48:46,BTCUSDT,BINANCE,TRADE,64031.7,0.0013
2026-07-30 13:48:46,BTCUSDT,BINANCE,TRADE,64031.7,0.0005
2026-07-30 13:48:46,BTCUSDT,BINANCE,TRADE,64031.7,0.00026
2026-07-30 13:48:46,BTCUSDT,BINANCE,TRADE,64031.7,0.0005
2026-07-30 13:48:46,BTCUSDT,BINANCE,TRADE,64031.7,0.0005
2026-07-30 13:48:46,BTCUSDT,BINANCE,TRADE,64031.7,0.0005
2026-07-30 13:48:46,BTCUSDT,BINANCE,TRADE,64031.7,0.0005
2026-07-30 13:48:46,BTCUSDT,BINANCE,TRADE,64031.7,0.0005
2026-07-30 13:48:46,BTCUSDT,BINANCE,TRADE,64031.7,0.00822
2026-07-30 13:48:46,BTCUSDT,BINANCE,TRADE,64031.7,0.0005
2026-07-30 13:48:46,BTCUSDT,BINANCE,TRADE,64031.7,0.0005
2026-07-30 13:48:46,BTCUSDT,BINANCE,TRADE,64031.7,0.00021
2026-07-30 13:48:46,BTCUSDT,BINANCE,TRADE,64031.7,0.0005
2026-07-30 13:48:46,BTCUSDT,BINANCE,TRADE,64031.7,0.0005
2026-07-30 13:48:46,BTCUSDT,BINANCE,TRADE,64031.7,0.0005
2026-07-30 13:48:46,BTCUSDT,BINANCE,TRADE,64031.7,0.0005
2026-07-30 13:48:46,BTCUSDT,BINANCE,TRADE,64031.7,0.0005
2026-07-30 13:48:46,BTCUSDT,BINANCE,TRADE,64031.7,0.0005
2026-07-30 13:48:46,BTCUSDT,BINANCE,TRADE,64031.7,0.0005
2026-07-30 13:48:46,BTCUSDT,BINANCE,TRADE,64031.7,0.0005
2026-07-30 13:48:46,BTCUSDT,BINANCE,TRADE,64031.7,0.0005
2026-07-30 13:48:46,BTCUSDT,BINANCE,TRADE,64031.7,0.0005
2026-07-30 13:48:46,BTCUSDT,BINANCE,TRADE,64031.7,0.0005
2026-07-30 13:48:46,BTCUSDT,BINANCE,TRADE,64031.7,0.0005
2026-07-30 13:48:46,BTCUSDT,BINANCE,TRADE,64031.7,0.0005
2026-07-30 13:48:46,BTCUSDT,BINANCE,TRADE,64031.7,9e-05
2026-07-30 13:48:46,BTCUSDT,BINANCE,TRADE,64031.7,0.0005
2026-07-30 13:48:46,BTCUSDT,BINANCE,TRADE,64031.7,0.0005
2026-07-30 13:48:46,BTCUSDT,BINANCE,TRADE,64031.7,0.0005
2026-07-30 13:48:46,BTCUSDT,BINANCE,TRADE,64031.7,0.0005
2026-07-30 13:48:46,BTCUSDT,BINANCE,TRADE,64031.7,0.0005
2026-07-30 13:48:46,BTCUSDT,BINANCE,TRADE,64031.7,0.00017
2026-07-30 13:48:46,BTCUSDT,BINANCE,TRADE,64031.7,0.0005
2026-07-30 13:48:46,BTCUSDT,BINANCE,TRADE,64031.7,0.0005
2026-07-30 13:48:46,BTCUSDT,BINANCE,TRADE,64031.7,0.0005
2026-07-30 13:48:46,BTCUSDT,BINANCE,TRADE,64031.7,0.0005
2026-07-30 13:48:46,BTCUSDT,BINANCE,TRADE,64031.7,0.0005
2026-07-30 13:48:46,BTCUSDT,BINANCE,TRADE,64031.7,0.00017
2026-07-30 13:48:46,BTCUSDT,BINANCE,TRADE,64031.7,0.0005
2026-07-30 13:48:46,BTCUSDT,BINANCE,TRADE,64031.7,0.0005
2026-07-30 13:48:46,BTCUSDT,BINANCE,TRADE,64031.7,0.0005
2026-07-30 13:48:46,BTCUSDT,BINANCE,TRADE,64031.7,0.0005
2026-07-30 13:48:46,BTCUSDT,BINANCE,TRADE,64031.7,0.0005
2026-07-30 13:48:46,BTCUSDT,BINANCE,TRADE,64031.7,0.00037
2026-07-30 13:48:46,ETHUSDT,BINANCE,TRADE,1905.4,0.0523
2026-07-30 13:48:46,BTCUSDT,BINANCE,TRADE,64031.7,0.00157
2026-07-30 13:48:46,BTCUSDT,BINANCE,TRADE,64031.7,0.0005
2026-07-30 13:48:46,BTCUSDT,BINANCE,TRADE,64031.7,0.004
2026-07-30 13:48:46,BTCUSDT,BINANCE,TRADE,64031.7,0.0005
2026-07-30 13:48:46,BTCUSDT,BINANCE,TRADE,64031.7,0.00029
2026-07-30 13:48:46,BTCUSDT,BINANCE,TRADE,64031.7,0.00023
2026-07-30 13:48:46,BTCUSDT,BINANCE,TRADE,64031.7,0.0005
2026-07-30 13:48:46,BTCUSDT,BINANCE,TRADE,64031.7,0.0005
2026-07-30 13:48:46,BTCUSDT,BINANCE,TRADE,64031.7,0.0005
2026-07-30 13:48:46,BTCUSDT,BINANCE,TRADE,64031.7,0.0005
2026-07-30 13:48:46,BTCUSDT,BINANCE,TRADE,64031.7,0.0005
2026-07-30 13:48:46,BTCUSDT,BINANCE,TRADE,64031.7,0.0005
2026-07-30 13:48:46,BTCUSDT,BINANCE,TRADE,64031.7,0.00019
2026-07-30 13:48:46,BTCUSDT,BINANCE,TRADE,64031.7,0.0005
2026-07-30 13:48:46,BTCUSDT,BINANCE,TRADE,64031.7,0.0013
2026-07-30 13:48:46,BTCUSDT,BINANCE,TRADE,64031.7,0.0005
2026-07-30 13:48:46,BTCUSDT,BINANCE,TRADE,64031.7,0.0005
2026-07-30 13:48:46,ETHUSDT,BINANCE,TRADE,1905.41,0.0421
2026-07-30 13:48:46,BTCUSDT,BINANCE,TRADE,64031.7,0.0005
2026-07-30 13:48:46,BTCUSDT,BINANCE,TRADE,64031.7,0.0005
2026-07-30 13:48:46,BTCUSDT,BINANCE,TRADE,64031.7,0.0005
2026-07-30 13:48:46,BTCUSDT,BINANCE,TRADE,64031.7,0.0005
2026-07-30 13:48:46,BTCUSDT,BINANCE,TRADE,64031.7,0.0005
2026-07-30 13:48:46,BTCUSDT,BINANCE,TRADE,64031.7,0.0005
2026-07-30 13:48:46,BTCUSDT,BINANCE,TRADE,64031.7,0.0005
2026-07-30 13:48:46,BTCUSDT,BINANCE,TRADE,64031.7,0.0005
2026-07-30 13:48:46,BTCUSDT,BINANCE,TRADE,64031.7,0.0005
2026-07-30 13:48:46,BTCUSDT,BINANCE,TRADE,64031.7,0.0005
2026-07-30 13:48:46,BTCUSDT,BINANCE,TRADE,64031.7,0.00027
2026-07-30 13:48:46,BTCUSDT,BINANCE,TRADE,64031.7,0.0005
2026-07-30 13:48:46,BTCUSDT,BINANCE,TRADE,64031.7,0.00059
2026-07-30 13:48:46,BTCUSDT,BINANCE,TRADE,64031.7,0.0005
2026-07-30 13:48:46,BTCUSDT,BINANCE,TRADE,64031.7,0.0005
2026-07-30 13:48:46,BTCUSDT,BINANCE,TRADE,64031.7,0.01268
2026-07-30 13:48:46,ETHUSDT,BINANCE,TRADE,1905.41,0.0216
2026-07-30 13:48:46,BTCUSDT,BINANCE,TRADE,64031.7,0.0005
2026-07-30 13:48:46,BTCUSDT,BINANCE,TRADE,64031.7,0.0005
2026-07-30 13:48:46,BTCUSDT,BINANCE,TRADE,64031.7,0.0005
2026-07-30 13:48:46,BTCUSDT,BINANCE,TRADE,64031.7,0.0005
2026-07-30 13:48:46,BTCUSDT,BINANCE,TRADE,64031.7,0.00055
2026-07-30 13:48:46,BTCUSDT,BINANCE,TRADE,64031.7,0.0005
2026-07-30 13:48:46,BTCUSDT,BINANCE,TRADE,64031.7,0.0005
2026-07-30 13:48:46,BTCUSDT,BINANCE,TRADE,64031.7,0.0005
2026-07-30 13:48:46,BTCUSDT,BINANCE,TRADE,64031.7,0.00117
2026-07-30 13:48:46,BTCUSDT,BINANCE,TRADE,64031.7,0.0005
2026-07-30 13:48:46,BTCUSDT,BINANCE,TRADE,64031.7,0.0013
2026-07-30 13:48:46,ETHUSDT,BINANCE,TRADE,1905.4,0.0338
2026-07-30 13:48:46,BTCUSDT,BINANCE,TRADE,64031.7,0.0005
2026-07-30 13:48:46,BTCUSDT,BINANCE,TRADE,64031.7,0.00031
2026-07-30 13:48:46,BTCUSDT,BINANCE,TRADE,64031.7,0.0005
2026-07-30 13:48:46,BTCUSDT,BINANCE,TRADE,64031.7,0.0005
2026-07-30 13:48:46,BTCUSDT,BINANCE,TRADE,64031.7,0.00082
2026-07-30 13:48:46,BTCUSDT,BINANCE,TRADE,64031.7,0.0005
2026-07-30 13:48:46,BTCUSDT,BINANCE,TRADE,64031.7,0.00122
2026-07-30 13:48:46,BTCUSDT,BINANCE,TRADE,64031.7,0.0005
2026-07-30 13:48:46,BTCUSDT,BINANCE,TRADE,64031.7,0.0005
2026-07-30 13:48:46,BTCUSDT,BINANCE,TRADE,64031.7,9e-05
2026-07-30 13:48:46,BTCUSDT,BINANCE,TRADE,64031.7,0.00038
2026-07-30 13:48:46,BTCUSDT,BINANCE,TRADE,64031.7,0.0005
2026-07-30 13:48:46,BTCUSDT,BINANCE,TRADE,64031.7,0.00039
2026-07-30 13:48:46,BTCUSDT,BINANCE,TRADE,64031.7,0.0005
2026-07-30 13:48:46,BTCUSDT,BINANCE,TRADE,64031.7,0.0005
2026-07-30 13:48:46,BTCUSDT,BINANCE,TRADE,64031.7,0.0005
2026-07-30 13:48:46,BTCUSDT,BINANCE,TRADE,64031.7,0.0005
2026-07-30 13:48:46,BTCUSDT,BINANCE,TRADE,64031.7,0.0005
2026-07-30 13:48:46,BTCUSDT,BINANCE,TRADE,64031.7,0.0005
2026-07-30 13:48:46,BTCUSDT,BINANCE,TRADE,64031.7,0.0005
2026-07-30 13:48:46,BTCUSDT,BINANCE,TRADE,64031.7,0.0005
2026-07-30 13:48:46,BTCUSDT,BINANCE,TRADE,64031.7,0.0005
2026-07-30 13:48:46,BTCUSDT,BINANCE,TRADE,64031.7,0.0005
2026-07-30 13:48:46,BTCUSDT,BINANCE,TRADE,64031.7,0.00537
2026-07-30 13:48:46,BTCUSDT,BINANCE,TRADE,64031.7,0.0005
2026-07-30 13:48:46,BTCUSDT,BINANCE,TRADE,64031.7,0.0005
2026-07-30 13:48:46,BTCUSDT,BINANCE,TRADE,64031.7,0.0029
2026-07-30 13:48:46,BTCUSDT,BINANCE,TRADE,64031.7,0.0005
2026-07-30 13:48:46,BTCUSDT,BINANCE,TRADE,64031.7,0.0005
2026-07-30 13:48:46,BTCUSDT,BINANCE,TRADE,64031.7,0.0005
2026-07-30 13:48:47,BTCUSDT,BINANCE,TRADE,64031.7,0.0005
2026-07-30 13:48:47,BTCUSDT,BINANCE,TRADE,64031.7,0.0005
2026-07-30 13:48:47,BTCUSDT,BINANCE,TRADE,64031.7,0.00015
2026-07-30 13:48:47,BTCUSDT,BINANCE,TRADE,64031.7,0.0005
2026-07-30 13:48:47,BTCUSDT,BINANCE,TRADE,64031.7,0.0005
2026-07-30 13:48:47,BTCUSDT,BINANCE,TRADE,64031.7,0.0005
2026-07-30 13:48:47,BTCUSDT,BINANCE,TRADE,64031.7,0.0005
2026-07-30 13:48:47,BTCUSDT,BINANCE,TRADE,64031.7,0.0005
2026-07-30 13:48:47,BTCUSDT,BINANCE,TRADE,64031.7,0.0002
2026-07-30 13:48:47,BTCUSDT,BINANCE,TRADE,64031.7,0.00019
2026-07-30 13:48:47,BTCUSDT,BINANCE,TRADE,64031.7,0.0005
2026-07-30 13:48:47,BTCUSDT,BINANCE,TRADE,64031.7,0.0005
2026-07-30 13:48:47,BTCUSDT,BINANCE,TRADE,64031.7,0.0005
2026-07-30 13:48:47,BTCUSDT,BINANCE,TRADE,64031.7,0.00014
2026-07-30 13:48:47,BTCUSDT,BINANCE,TRADE,64031.7,0.0005
2026-07-30 13:48:47,BTCUSDT,BINANCE,TRADE,64031.7,0.0005
2026-07-30 13:48:47,BTCUSDT,BINANCE,TRADE,64031.7,0.00026
2026-07-30 13:48:47,BTCUSDT,BINANCE,TRADE,64031.7,0.002
2026-07-30 13:48:47,BTCUSDT,BINANCE,TRADE,64031.7,0.0005
2026-07-30 13:48:47,BTCUSDT,BINANCE,TRADE,64031.7,0.01874
2026-07-30 13:48:47,BTCUSDT,BINANCE,TRADE,64031.7,0.0005
2026-07-30 13:48:47,BTCUSDT,BINANCE,TRADE,64031.7,0.00017
2026-07-30 13:48:47,BTCUSDT,BINANCE,TRADE,64031.7,0.0005
2026-07-30 13:48:47,BTCUSDT,BINANCE,TRADE,64031.7,0.0005
2026-07-30 13:48:47,BTCUSDT,BINANCE,TRADE,64031.7,0.0005
2026-07-30 13:48:47,BTCUSDT,BINANCE,TRADE,64031.7,0.00652
2026-07-30 13:48:47,BTCUSDT,BINANCE,TRADE,64031.7,0.0005
2026-07-30 13:48:47,BTCUSDT,BINANCE,TRADE,64031.7,0.0005
2026-07-30 13:48:47,BTCUSDT,BINANCE,TRADE,64031.7,0.0005
2026-07-30 13:48:47,BTCUSDT,BINANCE,TRADE,64031.7,0.0001
2026-07-30 13:48:47,BTCUSDT,BINANCE,TRADE,64031.7,0.0005
2026-07-30 13:48:47,BTCUSDT,BINANCE,TRADE,64031.7,0.03853
2026-07-30 13:48:47,BTCUSDT,BINANCE,TRADE,64031.7,0.0005
2026-07-30 13:48:47,BTCUSDT,BINANCE,TRADE,64031.7,0.0005
2026-07-30 13:48:47,BTCUSDT,BINANCE,TRADE,64031.7,0.0013
2026-07-30 13:48:47,BTCUSDT,BINANCE,TRADE,64031.7,0.0005
2026-07-30 13:48:47,BTCUSDT,BINANCE,TRADE,64031.7,0.0005
2026-07-30 13:48:47,BTCUSDT,BINANCE,TRADE,64031.7,0.0005
2026-07-30 13:48:47,BTCUSDT,BINANCE,TRADE,64031.7,0.00023
2026-07-30 13:48:47,ETHUSDT,BINANCE,TRADE,1905.41,0.003
2026-07-30 13:48:47,BTCUSDT,BINANCE,TRADE,64031.7,0.0005
2026-07-30 13:48:47,BTCUSDT,BINANCE,TRADE,64031.7,0.00515
2026-07-30 13:48:47,BTCUSDT,BINANCE,TRADE,64031.7,0.00029
2026-07-30 13:48:47,BTCUSDT,BINANCE,TRADE,64031.7,0.0005
2026-07-30 13:48:47,BTCUSDT,BINANCE,TRADE,64031.7,0.0005
2026-07-30 13:48:47,BTCUSDT,BINANCE,TRADE,64031.7,0.0005
2026-07-30 13:48:47,BTCUSDT,BINANCE,TRADE,64031.7,0.00509
2026-07-30 13:48:47,BTCUSDT,BINANCE,TRADE,64031.7,0.0005
2026-07-30 13:48:47,BTCUSDT,BINANCE,TRADE,64031.7,0.0005
2026-07-30 13:48:47,BTCUSDT,BINANCE,TRADE,64031.7,9e-05
2026-07-30 13:48:47,BTCUSDT,BINANCE,TRADE,64031.7,0.0005
2026-07-30 13:48:47,BTCUSDT,BINANCE,TRADE,64031.7,0.0005
2026-07-30 13:48:47,BTCUSDT,BINANCE,TRADE,64031.7,0.00281
2026-07-30 13:48:47,BTCUSDT,BINANCE,TRADE,64031.7,0.0005
2026-07-30 13:48:47,BTCUSDT,BINANCE,TRADE,64031.7,0.0005
2026-07-30 13:48:47,BTCUSDT,BINANCE,TRADE,64031.7,0.0005
2026-07-30 13:48:47,BTCUSDT,BINANCE,TRADE,64031.7,0.00398
2026-07-30 13:48:47,BTCUSDT,BINANCE,TRADE,64031.7,0.0005
2026-07-30 13:48:47,BTCUSDT,BINANCE,TRADE,64031.7,0.00016
2026-07-30 13:48:47,BTCUSDT,BINANCE,TRADE,64031.7,0.0005
2026-07-30 13:48:47,BTCUSDT,BINANCE,TRADE,64031.7,0.0005
2026-07-30 13:48:47,BTCUSDT,BINANCE,TRADE,64031.7,0.0005
2026-07-30 13:48:47,BTCUSDT,BINANCE,TRADE,64031.7,0.0005
2026-07-30 13:48:47,BTCUSDT,BINANCE,TRADE,64031.7,0.0005
2026-07-30 13:48:47,BTCUSDT,BINANCE,TRADE,64031.7,0.0005
2026-07-30 13:48:47,BTCUSDT,BINANCE,TRADE,64031.7,0.0005
2026-07-30 13:48:47,BTCUSDT,BINANCE,TRADE,64031.7,0.0005
2026-07-30 13:48:47,BTCUSDT,BINANCE,TRADE,64031.7,0.0013
2026-07-30 13:48:47,BTCUSDT,BINANCE,TRADE,64031.7,9e-05
2026-07-30 13:48:47,BTCUSDT,BINANCE,TRADE,64031.7,0.0005
2026-07-30 13:48:47,BTCUSDT,BINANCE,TRADE,64031.7,0.00037
2026-07-30 13:48:47,BTCUSDT,BINANCE,TRADE,64031.7,0.0005
2026-07-30 13:48:47,BTCUSDT,BINANCE,TRADE,64031.7,0.0005
2026-07-30 13:48:47,BTCUSDT,BINANCE,TRADE,64031.7,0.0005
2026-07-30 13:48:47,BTCUSDT,BINANCE,TRADE,64031.7,0.0005
2026-07-30 13:48:47,BTCUSDT,BINANCE,TRADE,64031.7,0.00046
2026-07-30 13:48:47,BTCUSDT,BINANCE,TRADE,64031.7,0.0005
2026-07-30 13:48:47,BTCUSDT,BINANCE,TRADE,64031.7,0.00456
2026-07-30 13:48:47,BTCUSDT,BINANCE,TRADE,64031.7,0.0005
2026-07-30 13:48:47,BTCUSDT,BINANCE,TRADE,64031.7,0.0005
2026-07-30 13:48:47,BTCUSDT,BINANCE,TRADE,64031.7,0.0005
2026-07-30 13:48:47,BTCUSDT,BINANCE,TRADE,64031.7,0.0005
2026-07-30 13:48:47,BTCUSDT,BINANCE,TRADE,64031.7,0.0005
2026-07-30 13:48:47,BTCUSDT,BINANCE,TRADE,64031.7,0.0005
2026-07-30 13:48:47,BTCUSDT,BINANCE,TRADE,64031.7,0.00181
2026-07-30 13:48:47,BTCUSDT,BINANCE,TRADE,64031.7,0.00021
2026-07-30 13:48:47,BTCUSDT,BINANCE,TRADE,64031.7,0.0005
2026-07-30 13:48:47,BTCUSDT,BINANCE,TRADE,64031.7,0.0005
2026-07-30 13:48:47,BTCUSDT,BINANCE,TRADE,64031.7,0.0005
2026-07-30 13:48:47,BTCUSDT,BINANCE,TRADE,64031.7,0.0005
2026-07-30 13:48:47,BTCUSDT,BINANCE,TRADE,64031.7,0.0005
2026-07-30 13:48:47,BTCUSDT,BINANCE,TRADE,64031.7,0.0005
2026-07-30 13:48:47,BTCUSDT,BINANCE,TRADE,64031.7,0.00014
2026-07-30 13:48:47,BTCUSDT,BINANCE,TRADE,64031.7,0.0005
2026-07-30 13:48:47,BTCUSDT,BINANCE,TRADE,64031.7,0.0005
2026-07-30 13:48:47,BTCUSDT,BINANCE,TRADE,64031.7,0.0005
2026-07-30 13:48:47,BTCUSDT,BINANCE,TRADE,64031.7,0.0005
2026-07-30 13:48:47,BTCUSDT,BINANCE,TRADE,64031.7,0.0005
2026-07-30 13:48:47,BTCUSDT,BINANCE,TRADE,64031.7,0.0005
2026-07-30 13:48:47,BTCUSDT,BINANCE,TRADE,64031.7,0.0005
2026-07-30 13:48:47,ETHUSDT,BINANCE,TRADE,1905.4,0.0216
2026-07-30 13:48:47,BTCUSDT,BINANCE,TRADE,64031.7,0.0005
2026-07-30 13:48:47,BTCUSDT,BINANCE,TRADE,64031.7,0.0005
2026-07-30 13:48:47,BTCUSDT,BINANCE,TRADE,64031.7,0.0005
2026-07-30 13:48:47,ETHUSDT,BINANCE,TRADE,1905.41,0.0103
2026-07-30 13:48:47,BTCUSDT,BINANCE,TRADE,64031.7,0.0005
2026-07-30 13:48:47,BTCUSDT,BINANCE,TRADE,64031.7,0.0005
2026-07-30 13:48:47,BTCUSDT,BINANCE,TRADE,64031.7,0.0005
2026-07-30 13:48:47,BTCUSDT,BINANCE,TRADE,64031.7,0.0005
2026-07-30 13:48:47,BTCUSDT,BINANCE,TRADE,64031.7,0.0005
2026-07-30 13:48:47,BTCUSDT,BINANCE,TRADE,64031.7,0.0005
2026-07-30 13:48:47,ETHUSDT,BINANCE,TRADE,1905.4,0.2694
2026-07-30 13:48:47,BTCUSDT,BINANCE,TRADE,64031.7,0.0005
2026-07-30 13:48:47,BTCUSDT,BINANCE,TRADE,64031.7,0.0005
2026-07-30 13:48:47,BTCUSDT,BINANCE,TRADE,64031.7,0.0005
2026-07-30 13:48:47,BTCUSDT,BINANCE,TRADE,64031.7,0.0005
2026-07-30 13:48:47,BTCUSDT,BINANCE,TRADE,64031.7,0.0005
2026-07-30 13:48:47,BTCUSDT,BINANCE,TRADE,64031.7,0.0005
2026-07-30 13:48:47,BTCUSDT,BINANCE,TRADE,64031.7,0.0005
2026-07-30 13:48:47,BTCUSDT,BINANCE,TRADE,64031.7,0.00024
2026-07-30 13:48:47,BTCUSDT,BINANCE,TRADE,64031.7,0.0005
2026-07-30 13:48:47,BTCUSDT,BINANCE,TRADE,64031.7,0.00021
2026-07-30 13:48:47,BTCUSDT,BINANCE,TRADE,64031.7,0.0005
2026-07-30 13:48:47,BTCUSDT,BINANCE,TRADE,64031.7,0.0005
2026-07-30 13:48:47,BTCUSDT,BINANCE,TRADE,64031.7,0.0005
2026-07-30 13:48:47,BTCUSDT,BINANCE,TRADE,64031.7,0.0013
2026-07-30 13:48:47,BTCUSDT,BINANCE,TRADE,64031.7,0.0005
2026-07-30 13:48:47,BTCUSDT,BINANCE,TRADE,64031.7,0.00029
2026-07-30 13:48:47,BTCUSDT,BINANCE,TRADE,64031.7,0.0005
2026-07-30 13:48:47,BTCUSDT,BINANCE,TRADE,64031.7,0.0005
2026-07-30 13:48:47,BTCUSDT,BINANCE,TRADE,64031.7,0.00064
2026-07-30 13:48:47,BTCUSDT,BINANCE,TRADE,64031.7,0.0005
2026-07-30 13:48:47,BTCUSDT,BINANCE,TRADE,64031.7,0.0005
2026-07-30 13:48:47,BTCUSDT,BINANCE,TRADE,64031.7,0.00019
2026-07-30 13:48:48,BTCUSDT,BINANCE,TRADE,64031.7,0.0005
2026-07-30 13:48:48,BTCUSDT,BINANCE,TRADE,64031.7,0.0005
2026-07-30 13:48:48,BTCUSDT,BINANCE,TRADE,64031.7,0.0005
2026-07-30 13:48:48,BTCUSDT,BINANCE,TRADE,64031.7,0.0005
2026-07-30 13:48:48,BTCUSDT,BINANCE,TRADE,64031.7,0.00019
2026-07-30 13:48:48,BTCUSDT,BINANCE,TRADE,64031.7,0.00521
2026-07-30 13:48:48,BTCUSDT,BINANCE,TRADE,64031.7,0.0005
2026-07-30 13:48:48,BTCUSDT,BINANCE,TRADE,64031.7,0.0005
2026-07-30 13:48:48,ETHUSDT,BINANCE,TRADE,1905.4,0.0083
2026-07-30 13:48:48,BTCUSDT,BINANCE,TRADE,64031.7,0.0005
2026-07-30 13:48:48,BTCUSDT,BINANCE,TRADE,64031.7,0.0005
2026-07-30 13:48:48,BTCUSDT,BINANCE,TRADE,64031.7,0.0005
2026-07-30 13:48:48,BTCUSDT,BINANCE,TRADE,64031.7,0.00029
2026-07-30 13:48:48,BTCUSDT,BINANCE,TRADE,64031.7,0.0005
2026-07-30 13:48:48,BTCUSDT,BINANCE,TRADE,64031.7,0.00312
2026-07-30 13:48:48,BTCUSDT,BINANCE,TRADE,64031.7,0.0005
2026-07-30 13:48:48,BTCUSDT,BINANCE,TRADE,64031.7,0.0005
2026-07-30 13:48:48,BTCUSDT,BINANCE,TRADE,64031.7,0.0005
2026-07-30 13:48:48,BTCUSDT,BINANCE,TRADE,64031.7,0.00159
2026-07-30 13:48:48,BTCUSDT,BINANCE,TRADE,64031.7,0.0005
2026-07-30 13:48:48,BTCUSDT,BINANCE,TRADE,64031.7,0.0005
2026-07-30 13:48:48,BTCUSDT,BINANCE,TRADE,64031.7,0.0005
2026-07-30 13:48:48,BTCUSDT,BINANCE,TRADE,64031.7,0.00166
2026-07-30 13:48:48,BTCUSDT,BINANCE,TRADE,64031.7,0.0005
2026-07-30 13:48:48,BTCUSDT,BINANCE,TRADE,64031.7,0.00027
2026-07-30 13:48:48,BTCUSDT,BINANCE,TRADE,64031.7,0.0005
2026-07-30 13:48:48,BTCUSDT,BINANCE,TRADE,64031.7,0.0013
2026-07-30 13:48:48,BTCUSDT,BINANCE,TRADE,64031.7,0.0005
2026-07-30 13:48:48,BTCUSDT,BINANCE,TRADE,64031.7,0.0005
2026-07-30 13:48:48,BTCUSDT,BINANCE,TRADE,64031.7,0.0005
2026-07-30 13:48:48,BTCUSDT,BINANCE,TRADE,64031.7,0.0005
2026-07-30 13:48:48,BTCUSDT,BINANCE,TRADE,64031.7,0.0005
2026-07-30 13:48:48,BTCUSDT,BINANCE,TRADE,64031.7,0.00046
2026-07-30 13:48:48,ETHUSDT,BINANCE,TRADE,1905.41,2.9946
2026-07-30 13:48:48,BTCUSDT,BINANCE,TRADE,64031.7,0.0005
2026-07-30 13:48:48,BTCUSDT,BINANCE,TRADE,64031.7,0.00026
2026-07-30 13:48:48,BTCUSDT,BINANCE,TRADE,64031.7,0.0005
2026-07-30 13:48:48,BTCUSDT,BINANCE,TRADE,64031.7,0.00296
2026-07-30 13:48:48,BTCUSDT,BINANCE,TRADE,64031.7,0.0005
2026-07-30 13:48:48,BTCUSDT,BINANCE,TRADE,64031.7,0.0005
2026-07-30 13:48:48,ETHUSDT,BINANCE,TRADE,1905.41,0.0338
2026-07-30 13:48:48,BTCUSDT,BINANCE,TRADE,64031.7,0.0005
2026-07-30 13:48:48,BTCUSDT,BINANCE,TRADE,64031.7,0.00031
2026-07-30 13:48:48,BTCUSDT,BINANCE,TRADE,64031.7,0.0005
2026-07-30 13:48:48,BTCUSDT,BINANCE,TRADE,64031.7,0.0005
2026-07-30 13:48:48,BTCUSDT,BINANCE,TRADE,64031.7,0.0005
2026-07-30 13:48:48,BTCUSDT,BINANCE,TRADE,64031.7,0.0005
2026-07-30 13:48:48,BTCUSDT,BINANCE,TRADE,64031.7,0.0005
2026-07-30 13:48:48,BTCUSDT,BINANCE,TRADE,64031.7,0.0005
2026-07-30 13:48:48,BTCUSDT,BINANCE,TRADE,64031.7,0.00033
2026-07-30 13:48:48,BTCUSDT,BINANCE,TRADE,64031.7,0.002
2026-07-30 13:48:48,BTCUSDT,BINANCE,TRADE,64031.7,0.00013
2026-07-30 13:48:48,BTCUSDT,BINANCE,TRADE,64031.7,0.0005
2026-07-30 13:48:48,BTCUSDT,BINANCE,TRADE,64031.7,0.0005
2026-07-30 13:48:48,BTCUSDT,BINANCE,TRADE,64031.7,0.0005
2026-07-30 13:48:48,BTCUSDT,BINANCE,TRADE,64031.7,0.0005
2026-07-30 13:48:48,BTCUSDT,BINANCE,TRADE,64031.7,0.0005
2026-07-30 13:48:48,BTCUSDT,BINANCE,TRADE,64031.7,0.0005
2026-07-30 13:48:48,BTCUSDT,BINANCE,TRADE,64031.7,0.0005
2026-07-30 13:48:48,BTCUSDT,BINANCE,TRADE,64031.7,0.0005
2026-07-30 13:48:48,BTCUSDT,BINANCE,TRADE,64031.7,0.0005
2026-07-30 13:48:48,BTCUSDT,BINANCE,TRADE,64031.7,0.0005
2026-07-30 13:48:48,ETHUSDT,BINANCE,TRADE,1905.4,1.4995
2026-07-30 13:48:48,SOLUSDT,BINANCE,TRADE,73.43,0.252
2026-07-30 13:48:48,BTCUSDT,BINANCE,TRADE,64031.7,0.0005
2026-07-30 13:48:48,BTCUSDT,BINANCE,TRADE,64031.7,0.0005
2026-07-30 13:48:48,BTCUSDT,BINANCE,TRADE,64031.7,0.0005
2026-07-30 13:48:48,BTCUSDT,BINANCE,TRADE,64031.7,0.00037
2026-07-30 13:48:48,ETHUSDT,BINANCE,TRADE,1905.4,0.013
2026-07-30 13:48:48,BTCUSDT,BINANCE,TRADE,64031.7,0.0005
2026-07-30 13:48:48,BTCUSDT,BINANCE,TRADE,64031.7,0.0005
2026-07-30 13:48:48,BTCUSDT,BINANCE,TRADE,64031.7,0.0005
2026-07-30 13:48:48,BTCUSDT,BINANCE,TRADE,64031.7,0.0005
2026-07-30 13:48:48,BTCUSDT,BINANCE,TRADE,64031.7,0.0005
2026-07-30 13:48:48,ETHUSDT,BINANCE,TRADE,1905.41,0.027
2026-07-30 13:48:48,BTCUSDT,BINANCE,TRADE,64031.7,0.00063
2026-07-30 13:48:48,BTCUSDT,BINANCE,TRADE,64031.7,0.0005
2026-07-30 13:48:48,BTCUSDT,BINANCE,TRADE,64031.7,0.0005
2026-07-30 13:48:48,BTCUSDT,BINANCE,TRADE,64031.7,0.0005
2026-07-30 13:48:48,BTCUSDT,BINANCE,TRADE,64031.7,0.0005
2026-07-30 13:48:48,BTCUSDT,BINANCE,TRADE,64031.7,0.0005
2026-07-30 13:48:48,BTCUSDT,BINANCE,TRADE,64031.7,9e-05
2026-07-30 13:48:48,BTCUSDT,BINANCE,TRADE,64031.7,0.0005
2026-07-30 13:48:48,BTCUSDT,BINANCE,TRADE,64031.7,0.00082
2026-07-30 13:48:48,BTCUSDT,BINANCE,TRADE,64031.7,0.0005
2026-07-30 13:48:48,BTCUSDT,BINANCE,TRADE,64031.7,0.00122
2026-07-30 13:48:48,BTCUSDT,BINANCE,TRADE,64031.7,0.0005
2026-07-30 13:48:48,BTCUSDT,BINANCE,TRADE,64031.7,0.0005
2026-07-30 13:48:48,BTCUSDT,BINANCE,TRADE,64031.7,0.0005
2026-07-30 13:48:48,BTCUSDT,BINANCE,TRADE,64031.7,0.00017
2026-07-30 13:48:48,SOLUSDT,BINANCE,TRADE,73.44,0.27
2026-07-30 13:48:48,BTCUSDT,BINANCE,TRADE,64031.7,0.0005
2026-07-30 13:48:48,BTCUSDT,BINANCE,TRADE,64031.7,0.0005
2026-07-30 13:48:48,BTCUSDT,BINANCE,TRADE,64031.7,0.0013
2026-07-30 13:48:48,ETHUSDT,BINANCE,TRADE,1905.4,0.0027
2026-07-30 13:48:48,BTCUSDT,BINANCE,TRADE,64031.7,0.0005
2026-07-30 13:48:48,BTCUSDT,BINANCE,TRADE,64031.7,0.0005
2026-07-30 13:48:48,BTCUSDT,BINANCE,TRADE,64031.7,0.0005
2026-07-30 13:48:48,BTCUSDT,BINANCE,TRADE,64031.7,0.0005
2026-07-30 13:48:48,BTCUSDT,BINANCE,TRADE,64031.7,0.0005
2026-07-30 13:48:48,BTCUSDT,BINANCE,TRADE,64031.7,0.0005
2026-07-30 13:48:48,BTCUSDT,BINANCE,TRADE,64031.7,0.00016
2026-07-30 13:48:48,BTCUSDT,BINANCE,TRADE,64031.7,0.0005
2026-07-30 13:48:48,BTCUSDT,BINANCE,TRADE,64031.7,0.0005
2026-07-30 13:48:48,BTCUSDT,BINANCE,TRADE,64031.7,0.00023
2026-07-30 13:48:48,BTCUSDT,BINANCE,TRADE,64031.7,0.0005
2026-07-30 13:48:48,BTCUSDT,BINANCE,TRADE,64031.7,0.00029
2026-07-30 13:48:48,BTCUSDT,BINANCE,TRADE,64031.7,0.00023
2026-07-30 13:48:48,BTCUSDT,BINANCE,TRADE,64031.7,8e-05
2026-07-30 13:48:48,BTCUSDT,BINANCE,TRADE,64031.7,0.00019
2026-07-30 13:48:48,BTCUSDT,BINANCE,TRADE,64031.7,0.00149
2026-07-30 13:48:48,BTCUSDT,BINANCE,TRADE,64031.7,0.0005
2026-07-30 13:48:48,BTCUSDT,BINANCE,TRADE,64031.7,0.00034
2026-07-30 13:48:48,BTCUSDT,BINANCE,TRADE,64031.7,0.00016
2026-07-30 13:48:48,BTCUSDT,BINANCE,TRADE,64031.7,0.00314
2026-07-30 13:48:48,BTCUSDT,BINANCE,TRADE,64031.7,0.0005
2026-07-30 13:48:48,BTCUSDT,BINANCE,TRADE,64031.7,0.00127
2026-07-30 13:48:48,BTCUSDT,BINANCE,TRADE,64031.7,0.0005
2026-07-30 13:48:48,BTCUSDT,BINANCE,TRADE,64031.7,0.0005
2026-07-30 13:48:48,BTCUSDT,BINANCE,TRADE,64031.7,0.00022
2026-07-30 13:48:48,ETHUSDT,BINANCE,TRADE,1905.41,0.2383
2026-07-30 13:48:48,BTCUSDT,BINANCE,TRADE,64031.7,0.0005
2026-07-30 13:48:48,ETHUSDT,BINANCE,TRADE,1905.41,0.0523
2026-07-30 13:48:48,BTCUSDT,BINANCE,TRADE,64031.7,0.0005
2026-07-30 13:48:48,BTCUSDT,BINANCE,TRADE,64031.7,0.00027
2026-07-30 13:48:48,BTCUSDT,BINANCE,TRADE,64031.7,0.0005
2026-07-30 13:48:48,BTCUSDT,BINANCE,TRADE,64031.7,0.00038
2026-07-30 13:48:48,BTCUSDT,BINANCE,TRADE,64031.7,0.0005
2026-07-30 13:48:48,BTCUSDT,BINANCE,TRADE,64031.7,0.0005
2026-07-30 13:48:48,BTCUSDT,BINANCE,TRADE,64031.7,0.00537
2026-07-30 13:48:48,BTCUSDT,BINANCE,TRADE,64031.7,0.00019
2026-07-30 13:48:48,BTCUSDT,BINANCE,TRADE,64031.7,0.0005
2026-07-30 13:48:48,BTCUSDT,BINANCE,TRADE,64031.7,0.0013
2026-07-30 13:48:48,BTCUSDT,BINANCE,TRADE,64031.7,0.00057
2026-07-30 13:48:48,BTCUSDT,BINANCE,TRADE,64031.7,0.0005
2026-07-30 13:48:48,ETHUSDT,BINANCE,TRADE,1905.41,0.0216
2026-07-30 13:48:48,BTCUSDT,BINANCE,TRADE,64031.7,0.0005
2026-07-30 13:48:48,BTCUSDT,BINANCE,TRADE,64031.7,0.0005
2026-07-30 13:48:48,BTCUSDT,BINANCE,TRADE,64031.7,0.0005
2026-07-30 13:48:48,BTCUSDT,BINANCE,TRADE,64031.7,0.0005
2026-07-30 13:48:48,BTCUSDT,BINANCE,TRADE,64031.7,0.0005
2026-07-30 13:48:48,BTCUSDT,BINANCE,TRADE,64031.7,0.00042
2026-07-30 13:48:48,BTCUSDT,BINANCE,TRADE,64031.7,8e-05
2026-07-30 13:48:48,BTCUSDT,BINANCE,TRADE,64031.7,0.0005
2026-07-30 13:48:48,BTCUSDT,BINANCE,TRADE,64031.7,8e-05
2026-07-30 13:48:48,BTCUSDT,BINANCE,TRADE,64031.7,9e-05
2026-07-30 13:48:48,BTCUSDT,BINANCE,TRADE,64031.7,9e-05
2026-07-30 13:48:48,BTCUSDT,BINANCE,TRADE,64031.7,0.00024
2026-07-30 13:48:48,BTCUSDT,BINANCE,TRADE,64031.7,0.00027
2026-07-30 13:48:48,BTCUSDT,BINANCE,TRADE,64031.7,0.0005
2026-07-30 13:48:48,BTCUSDT,BINANCE,TRADE,64031.7,0.0005
2026-07-30 13:48:49,BTCUSDT,BINANCE,TRADE,64031.7,0.0005
2026-07-30 13:48:49,BTCUSDT,BINANCE,TRADE,64031.7,0.0005
2026-07-30 13:48:49,BTCUSDT,BINANCE,TRADE,64031.7,0.0005
2026-07-30 13:48:49,BTCUSDT,BINANCE,TRADE,64031.7,0.0005
2026-07-30 13:48:49,BTCUSDT,BINANCE,TRADE,64031.7,0.0005
2026-07-30 13:48:49,BTCUSDT,BINANCE,TRADE,64031.7,0.0005
2026-07-30 13:48:49,BTCUSDT,BINANCE,TRADE,64031.7,0.0005
2026-07-30 13:48:49,BTCUSDT,BINANCE,TRADE,64031.7,0.0029
2026-07-30 13:48:49,BTCUSDT,BINANCE,TRADE,64031.7,0.0005
2026-07-30 13:48:49,BTCUSDT,BINANCE,TRADE,64031.7,0.00031
2026-07-30 13:48:49,BTCUSDT,BINANCE,TRADE,64031.7,0.0005
2026-07-30 13:48:49,BTCUSDT,BINANCE,TRADE,64031.7,0.0005
2026-07-30 13:48:49,BTCUSDT,BINANCE,TRADE,64031.7,0.0005
2026-07-30 13:48:49,BTCUSDT,BINANCE,TRADE,64031.7,0.00139
2026-07-30 13:48:49,BTCUSDT,BINANCE,TRADE,64031.7,0.0005
2026-07-30 13:48:49,BTCUSDT,BINANCE,TRADE,64031.7,0.01874
2026-07-30 13:48:49,BTCUSDT,BINANCE,TRADE,64031.7,0.0005
2026-07-30 13:48:49,BTCUSDT,BINANCE,TRADE,64031.7,0.0005
2026-07-30 13:48:49,BTCUSDT,BINANCE,TRADE,64031.7,0.004
2026-07-30 13:48:49,BTCUSDT,BINANCE,TRADE,64031.7,0.00425
2026-07-30 13:48:49,BTCUSDT,BINANCE,TRADE,64031.7,0.00016
2026-07-30 13:48:49,BTCUSDT,BINANCE,TRADE,64031.7,8e-05
2026-07-30 13:48:49,BTCUSDT,BINANCE,TRADE,64031.7,8e-05
2026-07-30 13:48:49,BTCUSDT,BINANCE,TRADE,64031.7,8e-05
2026-07-30 13:48:49,BTCUSDT,BINANCE,TRADE,64031.7,8e-05
2026-07-30 13:48:49,BTCUSDT,BINANCE,TRADE,64031.7,8e-05
2026-07-30 13:48:49,BTCUSDT,BINANCE,TRADE,64031.7,0.00027
2026-07-30 13:48:49,BTCUSDT,BINANCE,TRADE,64031.7,9e-05
2026-07-30 13:48:49,BTCUSDT,BINANCE,TRADE,64031.7,8e-05
2026-07-30 13:48:49,BTCUSDT,BINANCE,TRADE,64031.7,8e-05
2026-07-30 13:48:49,BTCUSDT,BINANCE,TRADE,64031.7,8e-05
2026-07-30 13:48:49,BTCUSDT,BINANCE,TRADE,64031.7,0.00013
2026-07-30 13:48:49,BTCUSDT,BINANCE,TRADE,64031.7,0.00193
2026-07-30 13:48:49,BTCUSDT,BINANCE,TRADE,64031.7,0.00754
2026-07-30 13:48:49,BTCUSDT,BINANCE,TRADE,64031.7,0.00021
2026-07-30 13:48:49,BTCUSDT,BINANCE,TRADE,64031.7,0.00029
2026-07-30 13:48:49,BTCUSDT,BINANCE,TRADE,64031.7,0.0005
2026-07-30 13:48:49,BTCUSDT,BINANCE,TRADE,64031.7,0.0005
2026-07-30 13:48:49,BTCUSDT,BINANCE,TRADE,64031.7,0.00116
2026-07-30 13:48:49,BTCUSDT,BINANCE,TRADE,64031.7,0.0005
2026-07-30 13:48:49,BTCUSDT,BINANCE,TRADE,64031.7,0.0005
2026-07-30 13:48:49,BTCUSDT,BINANCE,TRADE,64031.7,0.0005
2026-07-30 13:48:49,BTCUSDT,BINANCE,TRADE,64031.7,9e-05
2026-07-30 13:48:49,BTCUSDT,BINANCE,TRADE,64031.7,0.0005
2026-07-30 13:48:49,BTCUSDT,BINANCE,TRADE,64031.7,0.0005
2026-07-30 13:48:49,BTCUSDT,BINANCE,TRADE,64031.7,0.0005
2026-07-30 13:48:49,BTCUSDT,BINANCE,TRADE,64031.7,0.00515
2026-07-30 13:48:49,BTCUSDT,BINANCE,TRADE,64031.7,0.0005
2026-07-30 13:48:49,BTCUSDT,BINANCE,TRADE,64031.7,0.01268
2026-07-30 13:48:49,BTCUSDT,BINANCE,TRADE,64031.7,0.0005
2026-07-30 13:48:49,BTCUSDT,BINANCE,TRADE,64031.7,0.0005
2026-07-30 13:48:49,BTCUSDT,BINANCE,TRADE,64031.7,0.0005
2026-07-30 13:48:49,BTCUSDT,BINANCE,TRADE,64031.7,0.0005
2026-07-30 13:48:49,BTCUSDT,BINANCE,TRADE,64031.7,0.0005
2026-07-30 13:48:49,BTCUSDT,BINANCE,TRADE,64031.7,0.0005
2026-07-30 13:48:49,BTCUSDT,BINANCE,TRADE,64031.7,0.0005
2026-07-30 13:48:49,ETHUSDT,BINANCE,TRADE,1905.41,0.003
2026-07-30 13:48:49,BTCUSDT,BINANCE,TRADE,64031.7,0.0005
2026-07-30 13:48:49,BTCUSDT,BINANCE,TRADE,64031.7,0.0005
2026-07-30 13:48:49,BTCUSDT,BINANCE,TRADE,64031.7,0.002
2026-07-30 13:48:49,BTCUSDT,BINANCE,TRADE,64031.7,0.0013
2026-07-30 13:48:49,BTCUSDT,BINANCE,TRADE,64031.7,0.00026
2026-07-30 13:48:49,BTCUSDT,BINANCE,TRADE,64031.7,0.0005
2026-07-30 13:48:49,BTCUSDT,BINANCE,TRADE,64031.7,0.0005
2026-07-30 13:48:49,BTCUSDT,BINANCE,TRADE,64031.7,0.0005
2026-07-30 13:48:49,BTCUSDT,BINANCE,TRADE,64031.7,0.0005
2026-07-30 13:48:49,BTCUSDT,BINANCE,TRADE,64031.7,0.0005
2026-07-30 13:48:49,BTCUSDT,BINANCE,TRADE,64031.7,0.0005
2026-07-30 13:48:49,BTCUSDT,BINANCE,TRADE,64031.7,0.00016
2026-07-30 13:48:49,BTCUSDT,BINANCE,TRADE,64031.7,0.0005
2026-07-30 13:48:49,BTCUSDT,BINANCE,TRADE,64031.7,0.00046
2026-07-30 13:48:49,BTCUSDT,BINANCE,TRADE,64031.7,0.0005
2026-07-30 13:48:49,BTCUSDT,BINANCE,TRADE,64031.7,0.0005
2026-07-30 13:48:49,BTCUSDT,BINANCE,TRADE,64031.7,0.0005
2026-07-30 13:48:49,BTCUSDT,BINANCE,TRADE,64031.7,0.00017
2026-07-30 13:48:49,BTCUSDT,BINANCE,TRADE,64031.7,0.0005
2026-07-30 13:48:49,BTCUSDT,BINANCE,TRADE,64031.7,0.0005
2026-07-30 13:48:49,BTCUSDT,BINANCE,TRADE,64031.7,0.00037
2026-07-30 13:48:49,BTCUSDT,BINANCE,TRADE,64031.7,0.0005
2026-07-30 13:48:49,BTCUSDT,BINANCE,TRADE,64031.7,0.0005
2026-07-30 13:48:49,BTCUSDT,BINANCE,TRADE,64031.7,0.0005
2026-07-30 13:48:49,BTCUSDT,BINANCE,TRADE,64031.7,0.00019
2026-07-30 13:48:49,BTCUSDT,BINANCE,TRADE,64031.7,0.0005
2026-07-30 13:48:49,BTCUSDT,BINANCE,TRADE,64031.7,0.0005
2026-07-30 13:48:49,BTCUSDT,BINANCE,TRADE,64031.7,0.0005
2026-07-30 13:48:49,BTCUSDT,BINANCE,TRADE,64031.7,0.0005
2026-07-30 13:48:49,BTCUSDT,BINANCE,TRADE,64031.7,0.0005
2026-07-30 13:48:49,BTCUSDT,BINANCE,TRADE,64031.7,0.0005
2026-07-30 13:48:49,BTCUSDT,BINANCE,TRADE,64031.7,0.00023
2026-07-30 13:48:49,BTCUSDT,BINANCE,TRADE,64031.7,0.0005
2026-07-30 13:48:49,ETHUSDT,BINANCE,TRADE,1905.41,0.0027
2026-07-30 13:48:49,ETHUSDT,BINANCE,TRADE,1905.41,0.0028
2026-07-30 13:48:49,ETHUSDT,BINANCE,TRADE,1905.41,0.0053
2026-07-30 13:48:49,ETHUSDT,BINANCE,TRADE,1905.41,0.0027
2026-07-30 13:48:49,ETHUSDT,BINANCE,TRADE,1905.41,0.0027
2026-07-30 13:48:49,ETHUSDT,BINANCE,TRADE,1905.41,0.0027
2026-07-30 13:48:49,ETHUSDT,BINANCE,TRADE,1905.41,0.0027
2026-07-30 13:48:49,ETHUSDT,BINANCE,TRADE,1905.41,0.0028
2026-07-30 13:48:49,ETHUSDT,BINANCE,TRADE,1905.41,0.049
2026-07-30 13:48:49,ETHUSDT,BINANCE,TRADE,1905.41,0.0027
2026-07-30 13:48:49,ETHUSDT,BINANCE,TRADE,1905.41,0.021
2026-07-30 13:48:49,ETHUSDT,BINANCE,TRADE,1905.41,0.2518
2026-07-30 13:48:49,ETHUSDT,BINANCE,TRADE,1905.41,0.021
2026-07-30 13:48:49,ETHUSDT,BINANCE,TRADE,1905.41,0.009
2026-07-30 13:48:49,ETHUSDT,BINANCE,TRADE,1905.41,0.0455
2026-07-30 13:48:49,ETHUSDT,BINANCE,TRADE,1905.41,0.0027
2026-07-30 13:48:49,ETHUSDT,BINANCE,TRADE,1905.41,0.067
2026-07-30 13:48:49,ETHUSDT,BINANCE,TRADE,1905.41,0.0031
2026-07-30 13:48:49,ETHUSDT,BINANCE,TRADE,1905.41,0.0031
2026-07-30 13:48:49,ETHUSDT,BINANCE,TRADE,1905.41,0.0027
2026-07-30 13:48:49,ETHUSDT,BINANCE,TRADE,1905.41,0.0027
2026-07-30 13:48:49,ETHUSDT,BINANCE,TRADE,1905.41,0.0027
2026-07-30 13:48:49,ETHUSDT,BINANCE,TRADE,1905.41,0.0027
2026-07-30 13:48:49,ETHUSDT,BINANCE,TRADE,1905.41,0.0027
2026-07-30 13:48:49,ETHUSDT,BINANCE,TRADE,1905.41,0.0027
2026-07-30 13:48:49,ETHUSDT,BINANCE,TRADE,1905.41,0.0027
2026-07-30 13:48:49,ETHUSDT,BINANCE,TRADE,1905.41,0.0027
2026-07-30 13:48:49,ETHUSDT,BINANCE,TRADE,1905.41,0.0027
2026-07-30 13:48:49,ETHUSDT,BINANCE,TRADE,1905.41,0.0027
2026-07-30 13:48:49,ETHUSDT,BINANCE,TRADE,1905.41,0.0027
2026-07-30 13:48:49,ETHUSDT,BINANCE,TRADE,1905.41,0.0027
2026-07-30 13:48:49,ETHUSDT,BINANCE,TRADE,1905.42,0.0053
2026-07-30 13:48:49,ETHUSDT,BINANCE,TRADE,1905.42,0.0028
2026-07-30 13:48:49,ETHUSDT,BINANCE,TRADE,1905.42,0.0027
2026-07-30 13:48:49,ETHUSDT,BINANCE,TRADE,1905.42,0.0027
2026-07-30 13:48:49,ETHUSDT,BINANCE,TRADE,1905.42,0.0027
2026-07-30 13:48:49,ETHUSDT,BINANCE,TRADE,1905.43,0.0053
2026-07-30 13:48:49,ETHUSDT,BINANCE,TRADE,1905.43,0.0028
2026-07-30 13:48:49,ETHUSDT,BINANCE,TRADE,1905.43,0.0027
2026-07-30 13:48:49,ETHUSDT,BINANCE,TRADE,1905.44,0.0028
2026-07-30 13:48:49,ETHUSDT,BINANCE,TRADE,1905.44,0.0027
2026-07-30 13:48:49,ETHUSDT,BINANCE,TRADE,1905.44,0.0027
2026-07-30 13:48:49,ETHUSDT,BINANCE,TRADE,1905.44,0.0027
2026-07-30 13:48:49,ETHUSDT,BINANCE,TRADE,1905.44,0.0027
2026-07-30 13:48:49,ETHUSDT,BINANCE,TRADE,1905.44,0.0027
2026-07-30 13:48:49,ETHUSDT,BINANCE,TRADE,1905.45,0.0027
2026-07-30 13:48:49,ETHUSDT,BINANCE,TRADE,1905.45,0.0028
2026-07-30 13:48:49,ETHUSDT,BINANCE,TRADE,1905.46,0.0028
2026-07-30 13:48:49,ETHUSDT,BINANCE,TRADE,1905.47,0.0028
2026-07-30 13:48:49,ETHUSDT,BINANCE,TRADE,1905.48,0.0027
2026-07-30 13:48:49,ETHUSDT,BINANCE,TRADE,1905.48,0.0028
2026-07-30 13:48:49,ETHUSDT,BINANCE,TRADE,1905.49,0.0028
2026-07-30 13:48:49,ETHUSDT,BINANCE,TRADE,1905.49,0.0027
2026-07-30 13:48:49,ETHUSDT,BINANCE,TRADE,1905.5,0.0028
2026-07-30 13:48:49,ETHUSDT,BINANCE,TRADE,1905.53,0.0027
2026-07-30 13:48:49,ETHUSDT,BINANCE,TRADE,1905.53,0.0027
2026-07-30 13:48:49,ETHUSDT,BINANCE,TRADE,1905.53,0.0027
2026-07-30 13:48:49,ETHUSDT,BINANCE,TRADE,1905.53,0.0027
2026-07-30 13:48:49,ETHUSDT,BINANCE,TRADE,1905.53,0.0027
2026-07-30 13:48:49,ETHUSDT,BINANCE,TRADE,1905.53,0.0027
2026-07-30 13:48:49,ETHUSDT,BINANCE,TRADE,1905.53,0.0027
2026-07-30 13:48:49,ETHUSDT,BINANCE,TRADE,1905.53,0.0027
2026-07-30 13:48:49,ETHUSDT,BINANCE,TRADE,1905.53,0.0027
2026-07-30 13:48:49,ETHUSDT,BINANCE,TRADE,1905.53,0.0027
2026-07-30 13:48:49,ETHUSDT,BINANCE,TRADE,1905.53,0.0027
2026-07-30 13:48:49,ETHUSDT,BINANCE,TRADE,1905.53,0.0027
2026-07-30 13:48:49,ETHUSDT,BINANCE,TRADE,1905.54,0.0027
2026-07-30 13:48:49,ETHUSDT,BINANCE,TRADE,1905.55,0.0027
2026-07-30 13:48:49,ETHUSDT,BINANCE,TRADE,1905.55,0.0027
2026-07-30 13:48:49,ETHUSDT,BINANCE,TRADE,1905.56,0.0027
2026-07-30 13:48:49,ETHUSDT,BINANCE,TRADE,1905.56,0.0027
2026-07-30 13:48:49,ETHUSDT,BINANCE,TRADE,1905.56,0.0027
2026-07-30 13:48:49,ETHUSDT,BINANCE,TRADE,1905.56,0.0027
2026-07-30 13:48:49,ETHUSDT,BINANCE,TRADE,1905.56,0.0027
2026-07-30 13:48:49,ETHUSDT,BINANCE,TRADE,1905.57,0.0027
2026-07-30 13:48:49,ETHUSDT,BINANCE,TRADE,1905.57,0.0027
2026-07-30 13:48:49,ETHUSDT,BINANCE,TRADE,1905.57,0.0027
2026-07-30 13:48:49,ETHUSDT,BINANCE,TRADE,1905.58,0.0027
2026-07-30 13:48:49,ETHUSDT,BINANCE,TRADE,1905.58,0.0028
2026-07-30 13:48:49,ETHUSDT,BINANCE,TRADE,1905.58,0.0028
2026-07-30 13:48:49,ETHUSDT,BINANCE,TRADE,1905.58,0.0027
2026-07-30 13:48:49,ETHUSDT,BINANCE,TRADE,1905.58,0.0028
2026-07-30 13:48:49,ETHUSDT,BINANCE,TRADE,1905.58,0.0027
2026-07-30 13:48:49,ETHUSDT,BINANCE,TRADE,1905.58,0.0027
2026-07-30 13:48:49,ETHUSDT,BINANCE,TRADE,1905.58,0.0027
2026-07-30 13:48:49,BTCUSDT,BINANCE,TRADE,64031.7,0.0005
2026-07-30 13:48:49,BTCUSDT,BINANCE,TRADE,64031.7,0.0005
2026-07-30 13:48:49,BTCUSDT,BINANCE,TRADE,64031.7,0.0005
2026-07-30 13:48:49,BTCUSDT,BINANCE,TRADE,64031.7,0.0005
2026-07-30 13:48:49,BTCUSDT,BINANCE,TRADE,64031.7,0.0005
2026-07-30 13:48:49,BTCUSDT,BINANCE,TRADE,64031.7,0.0005
2026-07-30 13:48:49,BTCUSDT,BINANCE,TRADE,64031.7,0.0005
2026-07-30 13:48:49,BTCUSDT,BINANCE,TRADE,64031.7,0.00122
2026-07-30 13:48:49,BTCUSDT,BINANCE,TRADE,64031.7,0.0005
2026-07-30 13:48:49,BTCUSDT,BINANCE,TRADE,64031.7,0.0005
2026-07-30 13:48:49,BTCUSDT,BINANCE,TRADE,64031.7,0.0005
2026-07-30 13:48:49,BTCUSDT,BINANCE,TRADE,64031.7,0.0005
2026-07-30 13:48:49,BTCUSDT,BINANCE,TRADE,64031.7,0.0005
2026-07-30 13:48:49,BTCUSDT,BINANCE,TRADE,64031.7,9e-05
2026-07-30 13:48:49,BTCUSDT,BINANCE,TRADE,64031.7,0.0005
2026-07-30 13:48:49,BTCUSDT,BINANCE,TRADE,64031.7,0.0005
2026-07-30 13:48:49,BTCUSDT,BINANCE,TRADE,64031.7,0.0005
2026-07-30 13:48:49,BTCUSDT,BINANCE,TRADE,64031.7,0.0005
2026-07-30 13:48:49,BTCUSDT,BINANCE,TRADE,64031.7,0.0005
2026-07-30 13:48:49,BTCUSDT,BINANCE,TRADE,64031.7,0.0005
2026-07-30 13:48:49,BTCUSDT,BINANCE,TRADE,64031.7,0.0005
2026-07-30 13:48:49,BTCUSDT,BINANCE,TRADE,64031.7,0.00509
2026-07-30 13:48:49,BTCUSDT,BINANCE,TRADE,64031.7,0.0005
2026-07-30 13:48:49,BTCUSDT,BINANCE,TRADE,64031.7,0.0005
2026-07-30 13:48:49,BTCUSDT,BINANCE,TRADE,64031.7,0.0005
2026-07-30 13:48:49,BTCUSDT,BINANCE,TRADE,64031.7,0.00137
2026-07-30 13:48:49,BTCUSDT,BINANCE,TRADE,64031.7,0.0005
2026-07-30 13:48:49,BTCUSDT,BINANCE,TRADE,64031.7,0.0013
2026-07-30 13:48:49,BTCUSDT,BINANCE,TRADE,64031.7,0.0005
2026-07-30 13:48:49,BTCUSDT,BINANCE,TRADE,64031.7,0.0005
2026-07-30 13:48:49,BTCUSDT,BINANCE,TRADE,64031.7,0.0005
2026-07-30 13:48:49,BTCUSDT,BINANCE,TRADE,64031.7,0.0005
2026-07-30 13:48:49,BTCUSDT,BINANCE,TRADE,64031.7,0.0005
2026-07-30 13:48:49,BTCUSDT,BINANCE,TRADE,64031.7,0.0078
2026-07-30 13:48:49,ETHUSDT,BINANCE,TRADE,1905.58,0.0216
2026-07-30 13:48:49,BTCUSDT,BINANCE,TRADE,64031.7,0.0005
2026-07-30 13:48:49,BTCUSDT,BINANCE,TRADE,64031.7,0.00082
2026-07-30 13:48:49,BTCUSDT,BINANCE,TRADE,64031.7,0.00038
2026-07-30 13:48:49,BTCUSDT,BINANCE,TRADE,64031.7,0.0005
2026-07-30 13:48:49,BTCUSDT,BINANCE,TRADE,64031.7,0.0005
2026-07-30 13:48:49,BTCUSDT,BINANCE,TRADE,64031.7,0.0005
2026-07-30 13:48:49,BTCUSDT,BINANCE,TRADE,64031.7,0.0005
2026-07-30 13:48:49,BTCUSDT,BINANCE,TRADE,64031.7,0.00157
2026-07-30 13:48:49,BTCUSDT,BINANCE,TRADE,64031.7,0.00013
2026-07-30 13:48:49,BTCUSDT,BINANCE,TRADE,64031.7,0.0005
2026-07-30 13:48:49,BTCUSDT,BINANCE,TRADE,64031.7,0.0005
2026-07-30 13:48:49,BTCUSDT,BINANCE,TRADE,64031.7,0.07374
2026-07-30 13:48:49,BTCUSDT,BINANCE,TRADE,64031.7,0.0005
2026-07-30 13:48:49,BTCUSDT,BINANCE,TRADE,64031.7,0.0005
2026-07-30 13:48:49,BTCUSDT,BINANCE,TRADE,64031.7,0.0005
2026-07-30 13:48:49,BTCUSDT,BINANCE,TRADE,64031.7,0.0005
2026-07-30 13:48:49,BTCUSDT,BINANCE,TRADE,64031.7,0.0005
2026-07-30 13:48:49,BTCUSDT,BINANCE,TRADE,64031.7,0.0005
2026-07-30 13:48:49,BTCUSDT,BINANCE,TRADE,64031.7,0.0005
2026-07-30 13:48:50,BTCUSDT,BINANCE,TRADE,64031.7,0.0005
2026-07-30 13:48:50,BTCUSDT,BINANCE,TRADE,64031.7,0.0005
2026-07-30 13:48:50,BTCUSDT,BINANCE,TRADE,64031.7,0.0005
2026-07-30 13:48:50,BTCUSDT,BINANCE,TRADE,64031.7,0.0005
2026-07-30 13:48:50,BTCUSDT,BINANCE,TRADE,64031.7,0.0005
2026-07-30 13:48:50,BTCUSDT,BINANCE,TRADE,64031.7,0.0005
2026-07-30 13:48:50,BTCUSDT,BINANCE,TRADE,64031.7,0.0005
2026-07-30 13:48:50,BTCUSDT,BINANCE,TRADE,64031.7,0.0005
2026-07-30 13:48:50,BTCUSDT,BINANCE,TRADE,64031.7,0.0005
2026-07-30 13:48:50,BTCUSDT,BINANCE,TRADE,64031.7,0.0005
2026-07-30 13:48:50,BTCUSDT,BINANCE,TRADE,64031.7,0.0005
2026-07-30 13:48:50,BTCUSDT,BINANCE,TRADE,64031.7,0.0005
2026-07-30 13:48:50,BTCUSDT,BINANCE,TRADE,64031.7,0.0005
2026-07-30 13:48:50,BTCUSDT,BINANCE,TRADE,64031.7,0.0005
2026-07-30 13:48:50,BTCUSDT,BINANCE,TRADE,64031.7,0.00065
2026-07-30 13:48:50,BTCUSDT,BINANCE,TRADE,64031.7,0.0005
2026-07-30 13:48:50,ETHUSDT,BINANCE,TRADE,1905.58,0.0027
2026-07-30 13:48:50,BTCUSDT,BINANCE,TRADE,64031.7,0.0005
2026-07-30 13:48:50,BTCUSDT,BINANCE,TRADE,64031.7,0.00021
2026-07-30 13:48:50,BTCUSDT,BINANCE,TRADE,64031.7,0.0005
2026-07-30 13:48:50,BTCUSDT,BINANCE,TRADE,64031.7,0.0005
2026-07-30 13:48:50,BTCUSDT,BINANCE,TRADE,64031.7,0.0005
2026-07-30 13:48:50,BTCUSDT,BINANCE,TRADE,64031.7,0.0005
2026-07-30 13:48:50,BTCUSDT,BINANCE,TRADE,64031.7,0.0005
2026-07-30 13:48:50,BTCUSDT,BINANCE,TRADE,64031.7,0.00281
2026-07-30 13:48:50,ETHUSDT,BINANCE,TRADE,1905.59,0.0222
2026-07-30 13:48:50,BTCUSDT,BINANCE,TRADE,64031.7,0.0005
2026-07-30 13:48:50,BTCUSDT,BINANCE,TRADE,64031.7,0.0005
2026-07-30 13:48:50,BTCUSDT,BINANCE,TRADE,64031.7,0.00029
2026-07-30 13:48:50,BTCUSDT,BINANCE,TRADE,64031.7,0.0005
2026-07-30 13:48:50,BTCUSDT,BINANCE,TRADE,64031.7,0.0005
2026-07-30 13:48:50,BTCUSDT,BINANCE,TRADE,64031.7,0.0005
2026-07-30 13:48:50,BTCUSDT,BINANCE,TRADE,64031.7,0.00032
2026-07-30 13:48:50,BTCUSDT,BINANCE,TRADE,64031.7,0.0005
2026-07-30 13:48:50,BTCUSDT,BINANCE,TRADE,64031.7,0.0005
2026-07-30 13:48:50,ETHUSDT,BINANCE,TRADE,1905.59,0.0089
2026-07-30 13:48:50,BTCUSDT,BINANCE,TRADE,64031.7,0.0005
2026-07-30 13:48:50,BTCUSDT,BINANCE,TRADE,64031.7,0.00019
2026-07-30 13:48:50,BTCUSDT,BINANCE,TRADE,64031.7,0.0005
2026-07-30 13:48:50,BTCUSDT,BINANCE,TRADE,64031.7,0.0005
2026-07-30 13:48:50,BTCUSDT,BINANCE,TRADE,64031.7,0.0005
2026-07-30 13:48:50,BTCUSDT,BINANCE,TRADE,64031.7,0.00039
2026-07-30 13:48:50,BTCUSDT,BINANCE,TRADE,64031.7,0.0005
2026-07-30 13:48:50,BTCUSDT,BINANCE,TRADE,64031.7,0.0005
2026-07-30 13:48:50,BTCUSDT,BINANCE,TRADE,64031.7,0.002
2026-07-30 13:48:50,BTCUSDT,BINANCE,TRADE,64031.7,0.0005
2026-07-30 13:48:50,BTCUSDT,BINANCE,TRADE,64031.7,0.0005
2026-07-30 13:48:50,BTCUSDT,BINANCE,TRADE,64031.7,0.0005
2026-07-30 13:48:50,BTCUSDT,BINANCE,TRADE,64031.7,0.0005
2026-07-30 13:48:50,BTCUSDT,BINANCE,TRADE,64031.7,0.0005
2026-07-30 13:48:50,BTCUSDT,BINANCE,TRADE,64031.7,0.002
2026-07-30 13:48:50,BTCUSDT,BINANCE,TRADE,64031.7,0.0005
2026-07-30 13:48:50,BTCUSDT,BINANCE,TRADE,64031.7,0.0005
2026-07-30 13:48:50,BTCUSDT,BINANCE,TRADE,64031.7,0.00037
2026-07-30 13:48:50,BTCUSDT,BINANCE,TRADE,64031.7,0.00026
2026-07-30 13:48:50,BTCUSDT,BINANCE,TRADE,64031.7,0.0005
2026-07-30 13:48:50,BTCUSDT,BINANCE,TRADE,64031.7,0.0005
2026-07-30 13:48:50,BTCUSDT,BINANCE,TRADE,64031.7,0.00021
2026-07-30 13:48:50,BTCUSDT,BINANCE,TRADE,64031.7,0.0005
2026-07-30 13:48:50,ETHUSDT,BINANCE,TRADE,1905.58,0.0027
2026-07-30 13:48:50,ETHUSDT,BINANCE,TRADE,1905.58,0.0003
2026-07-30 13:48:50,BTCUSDT,BINANCE,TRADE,64031.7,0.0005
2026-07-30 13:48:50,ETHUSDT,BINANCE,TRADE,1905.59,0.2693
2026-07-30 13:48:50,BTCUSDT,BINANCE,TRADE,64031.7,0.00027
2026-07-30 13:48:50,BTCUSDT,BINANCE,TRADE,64031.7,0.0005
2026-07-30 13:48:50,BTCUSDT,BINANCE,TRADE,64031.7,0.0005
2026-07-30 13:48:50,BTCUSDT,BINANCE,TRADE,64031.7,0.0005
2026-07-30 13:48:50,BTCUSDT,BINANCE,TRADE,64031.7,0.0005
2026-07-30 13:48:50,BTCUSDT,BINANCE,TRADE,64031.7,0.0005
2026-07-30 13:48:50,BTCUSDT,BINANCE,TRADE,64031.7,0.0005
2026-07-30 13:48:50,BTCUSDT,BINANCE,TRADE,64031.7,0.0005
2026-07-30 13:48:50,BTCUSDT,BINANCE,TRADE,64031.7,0.00521
2026-07-30 13:48:50,BTCUSDT,BINANCE,TRADE,64031.7,0.0005
2026-07-30 13:48:50,BTCUSDT,BINANCE,TRADE,64031.7,0.0005
2026-07-30 13:48:50,BTCUSDT,BINANCE,TRADE,64031.7,0.0005
2026-07-30 13:48:50,BTCUSDT,BINANCE,TRADE,64031.7,0.00537
2026-07-30 13:48:50,BTCUSDT,BINANCE,TRADE,64031.7,0.0005
2026-07-30 13:48:50,BTCUSDT,BINANCE,TRADE,64031.7,0.00031
2026-07-30 13:48:50,BTCUSDT,BINANCE,TRADE,64031.7,0.00032
2026-07-30 13:48:50,BTCUSDT,BINANCE,TRADE,64031.7,0.0005
2026-07-30 13:48:50,BTCUSDT,BINANCE,TRADE,64031.7,0.0005
2026-07-30 13:48:50,BTCUSDT,BINANCE,TRADE,64031.7,0.0005
2026-07-30 13:48:50,BTCUSDT,BINANCE,TRADE,64031.7,0.00021
2026-07-30 13:48:50,BTCUSDT,BINANCE,TRADE,64031.7,0.00019
2026-07-30 13:48:50,BTCUSDT,BINANCE,TRADE,64031.7,0.0005
2026-07-30 13:48:50,ETHUSDT,BINANCE,TRADE,1905.59,0.0125
2026-07-30 13:48:50,BTCUSDT,BINANCE,TRADE,64031.7,0.0005
2026-07-30 13:48:50,BTCUSDT,BINANCE,TRADE,64031.7,0.00063
2026-07-30 13:48:50,BTCUSDT,BINANCE,TRADE,64031.7,0.0005
2026-07-30 13:48:50,SOLUSDT,BINANCE,TRADE,73.44,0.548
2026-07-30 13:48:50,BTCUSDT,BINANCE,TRADE,64031.7,0.0005
2026-07-30 13:48:50,BTCUSDT,BINANCE,TRADE,64031.7,0.0005
2026-07-30 13:48:50,BTCUSDT,BINANCE,TRADE,64031.7,0.0005
2026-07-30 13:48:50,BTCUSDT,BINANCE,TRADE,64031.7,0.00515
2026-07-30 13:48:50,BTCUSDT,BINANCE,TRADE,64031.7,0.0005
2026-07-30 13:48:50,BTCUSDT,BINANCE,TRADE,64031.7,0.0005
2026-07-30 13:48:50,BTCUSDT,BINANCE,TRADE,64031.7,0.0005
2026-07-30 13:48:50,BTCUSDT,BINANCE,TRADE,64031.7,0.0005
2026-07-30 13:48:50,BTCUSDT,BINANCE,TRADE,64031.7,0.0005
2026-07-30 13:48:50,BTCUSDT,BINANCE,TRADE,64031.7,9e-05
2026-07-30 13:48:50,BTCUSDT,BINANCE,TRADE,64031.7,0.0005
2026-07-30 13:48:50,BTCUSDT,BINANCE,TRADE,64031.7,0.00468
2026-07-30 13:48:50,BTCUSDT,BINANCE,TRADE,64031.7,0.0005
2026-07-30 13:48:50,BTCUSDT,BINANCE,TRADE,64031.7,0.0005
2026-07-30 13:48:50,BTCUSDT,BINANCE,TRADE,64031.7,0.0005
2026-07-30 13:48:50,BTCUSDT,BINANCE,TRADE,64031.7,0.00016
2026-07-30 13:48:50,BTCUSDT,BINANCE,TRADE,64031.7,0.0005
2026-07-30 13:48:50,BTCUSDT,BINANCE,TRADE,64031.7,0.0005
2026-07-30 13:48:50,BTCUSDT,BINANCE,TRADE,64031.7,0.0001
2026-07-30 13:48:50,BTCUSDT,BINANCE,TRADE,64031.7,0.0005
2026-07-30 13:48:50,BTCUSDT,BINANCE,TRADE,64031.7,0.0005
2026-07-30 13:48:50,BTCUSDT,BINANCE,TRADE,64031.7,0.00029
2026-07-30 13:48:50,BTCUSDT,BINANCE,TRADE,64031.7,0.0005
2026-07-30 13:48:50,BTCUSDT,BINANCE,TRADE,64031.7,0.0005
2026-07-30 13:48:50,BTCUSDT,BINANCE,TRADE,64031.7,0.00296
2026-07-30 13:48:50,BTCUSDT,BINANCE,TRADE,64031.7,0.0005
2026-07-30 13:48:50,BTCUSDT,BINANCE,TRADE,64031.7,0.0005
2026-07-30 13:48:50,BTCUSDT,BINANCE,TRADE,64031.7,0.0005
2026-07-30 13:48:50,BTCUSDT,BINANCE,TRADE,64031.7,0.0005
2026-07-30 13:48:50,BTCUSDT,BINANCE,TRADE,64031.7,0.00015
2026-07-30 13:48:50,BTCUSDT,BINANCE,TRADE,64031.7,0.0005
2026-07-30 13:48:50,BTCUSDT,BINANCE,TRADE,64031.7,0.01874
2026-07-30 13:48:50,BTCUSDT,BINANCE,TRADE,64031.7,0.0005
2026-07-30 13:48:50,BTCUSDT,BINANCE,TRADE,64031.7,0.0005
2026-07-30 13:48:50,BTCUSDT,BINANCE,TRADE,64031.7,0.0005
2026-07-30 13:48:50,BTCUSDT,BINANCE,TRADE,64031.7,0.0005
2026-07-30 13:48:50,BTCUSDT,BINANCE,TRADE,64031.7,0.0005
2026-07-30 13:48:50,BTCUSDT,BINANCE,TRADE,64031.7,0.00016
2026-07-30 13:48:50,BTCUSDT,BINANCE,TRADE,64031.7,0.0005
2026-07-30 13:48:50,BTCUSDT,BINANCE,TRADE,64031.7,0.0005
2026-07-30 13:48:50,BTCUSDT,BINANCE,TRADE,64031.7,0.0005
2026-07-30 13:48:50,BTCUSDT,BINANCE,TRADE,64031.7,0.0005
2026-07-30 13:48:50,BTCUSDT,BINANCE,TRADE,64031.7,0.0005
2026-07-30 13:48:51,BTCUSDT,BINANCE,TRADE,64031.7,0.0005
2026-07-30 13:48:51,BTCUSDT,BINANCE,TRADE,64031.7,0.0005
2026-07-30 13:48:51,ETHUSDT,BINANCE,TRADE,1905.58,0.0025
2026-07-30 13:48:51,ETHUSDT,BINANCE,TRADE,1905.58,0.0027
2026-07-30 13:48:51,ETHUSDT,BINANCE,TRADE,1905.58,0.0027
2026-07-30 13:48:51,ETHUSDT,BINANCE,TRADE,1905.58,0.0053
2026-07-30 13:48:51,ETHUSDT,BINANCE,TRADE,1905.58,0.0027
2026-07-30 13:48:51,ETHUSDT,BINANCE,TRADE,1905.58,0.0027
2026-07-30 13:48:51,ETHUSDT,BINANCE,TRADE,1905.58,0.0027
2026-07-30 13:48:51,ETHUSDT,BINANCE,TRADE,1905.58,0.0031
2026-07-30 13:48:51,ETHUSDT,BINANCE,TRADE,1905.58,0.0028
2026-07-30 13:48:51,ETHUSDT,BINANCE,TRADE,1905.58,0.0066
2026-07-30 13:48:51,BTCUSDT,BINANCE,TRADE,64031.7,0.0005
2026-07-30 13:48:51,BTCUSDT,BINANCE,TRADE,64031.7,0.00023
2026-07-30 13:48:51,BTCUSDT,BINANCE,TRADE,64031.7,0.0005
2026-07-30 13:48:51,BTCUSDT,BINANCE,TRADE,64031.7,0.0005
2026-07-30 13:48:51,BTCUSDT,BINANCE,TRADE,64031.7,0.00029
2026-07-30 13:48:51,BTCUSDT,BINANCE,TRADE,64031.7,0.0005
2026-07-30 13:48:51,ETHUSDT,BINANCE,TRADE,1905.59,0.0216
2026-07-30 13:48:51,BTCUSDT,BINANCE,TRADE,64031.7,0.00038
2026-07-30 13:48:51,BTCUSDT,BINANCE,TRADE,64031.7,0.0005
2026-07-30 13:48:51,BTCUSDT,BINANCE,TRADE,64031.7,0.0005
2026-07-30 13:48:51,BTCUSDT,BINANCE,TRADE,64031.7,0.00031
2026-07-30 13:48:51,BTCUSDT,BINANCE,TRADE,64031.7,0.0005
2026-07-30 13:48:51,ETHUSDT,BINANCE,TRADE,1905.58,0.0523
2026-07-30 13:48:51,BTCUSDT,BINANCE,TRADE,64031.7,0.0005
2026-07-30 13:48:51,BTCUSDT,BINANCE,TRADE,64031.7,0.0005
2026-07-30 13:48:51,BTCUSDT,BINANCE,TRADE,64031.7,0.0005
2026-07-30 13:48:51,BTCUSDT,BINANCE,TRADE,64031.7,0.0005
2026-07-30 13:48:51,BTCUSDT,BINANCE,TRADE,64031.7,0.0005
2026-07-30 13:48:51,BTCUSDT,BINANCE,TRADE,64031.7,0.0005
2026-07-30 13:48:51,BTCUSDT,BINANCE,TRADE,64031.7,0.0005
2026-07-30 13:48:51,BTCUSDT,BINANCE,TRADE,64031.7,0.0005
2026-07-30 13:48:51,BTCUSDT,BINANCE,TRADE,64031.7,0.0005
2026-07-30 13:48:51,ETHUSDT,BINANCE,TRADE,1905.58,0.027
2026-07-30 13:48:51,ETHUSDT,BINANCE,TRADE,1905.59,0.018
2026-07-30 13:48:51,BTCUSDT,BINANCE,TRADE,64031.7,0.0005
2026-07-30 13:48:51,BTCUSDT,BINANCE,TRADE,64031.7,0.0005
2026-07-30 13:48:51,BTCUSDT,BINANCE,TRADE,64031.7,0.0005
2026-07-30 13:48:51,BTCUSDT,BINANCE,TRADE,64031.7,0.0005
2026-07-30 13:48:51,BTCUSDT,BINANCE,TRADE,64031.7,0.0005
2026-07-30 13:48:51,BTCUSDT,BINANCE,TRADE,64031.7,0.0005
2026-07-30 13:48:51,BTCUSDT,BINANCE,TRADE,64031.7,0.0005
2026-07-30 13:48:51,BTCUSDT,BINANCE,TRADE,64031.7,0.0005
2026-07-30 13:48:51,BTCUSDT,BINANCE,TRADE,64031.7,0.0005
2026-07-30 13:48:51,BTCUSDT,BINANCE,TRADE,64031.7,0.0005
2026-07-30 13:48:51,BTCUSDT,BINANCE,TRADE,64031.7,0.00027
2026-07-30 13:48:51,BTCUSDT,BINANCE,TRADE,64031.7,0.0005
2026-07-30 13:48:51,BTCUSDT,BINANCE,TRADE,64031.7,0.00013
2026-07-30 13:48:51,BTCUSDT,BINANCE,TRADE,64031.7,0.0005
2026-07-30 13:48:51,BTCUSDT,BINANCE,TRADE,64031.7,0.0005
2026-07-30 13:48:51,BTCUSDT,BINANCE,TRADE,64031.7,0.0005
2026-07-30 13:48:51,BTCUSDT,BINANCE,TRADE,64031.7,0.0005
2026-07-30 13:48:51,BTCUSDT,BINANCE,TRADE,64031.7,0.0005
2026-07-30 13:48:51,BTCUSDT,BINANCE,TRADE,64031.7,0.0005
2026-07-30 13:48:51,BTCUSDT,BINANCE,TRADE,64031.7,0.0005
2026-07-30 13:48:51,BTCUSDT,BINANCE,TRADE,64031.7,0.0005
2026-07-30 13:48:51,BTCUSDT,BINANCE,TRADE,64031.7,0.0005
2026-07-30 13:48:51,BTCUSDT,BINANCE,TRADE,64031.7,0.0005
2026-07-30 13:48:51,BTCUSDT,BINANCE,TRADE,64031.7,0.00031
2026-07-30 13:48:51,BTCUSDT,BINANCE,TRADE,64031.7,0.0005
2026-07-30 13:48:51,BTCUSDT,BINANCE,TRADE,64031.7,0.0005
2026-07-30 13:48:51,BTCUSDT,BINANCE,TRADE,64031.7,0.00149
2026-07-30 13:48:51,BTCUSDT,BINANCE,TRADE,64031.7,0.0005
2026-07-30 13:48:51,BTCUSDT,BINANCE,TRADE,64031.7,0.0013
2026-07-30 13:48:51,BTCUSDT,BINANCE,TRADE,64031.7,0.0005
2026-07-30 13:48:51,BTCUSDT,BINANCE,TRADE,64031.7,0.00019
2026-07-30 13:48:51,BTCUSDT,BINANCE,TRADE,64031.7,0.0005
2026-07-30 13:48:51,BTCUSDT,BINANCE,TRADE,64031.7,0.00059
2026-07-30 13:48:51,BTCUSDT,BINANCE,TRADE,64031.7,0.0005
2026-07-30 13:48:51,BTCUSDT,BINANCE,TRADE,64031.7,0.0005
2026-07-30 13:48:51,BTCUSDT,BINANCE,TRADE,64031.7,0.00122
2026-07-30 13:48:51,BTCUSDT,BINANCE,TRADE,64031.7,0.00045
2026-07-30 13:48:51,BTCUSDT,BINANCE,TRADE,64031.7,0.00199
2026-07-30 13:48:51,BTCUSDT,BINANCE,TRADE,64031.7,0.0005
2026-07-30 13:48:51,BTCUSDT,BINANCE,TRADE,64031.7,0.0005
2026-07-30 13:48:51,BTCUSDT,BINANCE,TRADE,64031.7,0.01685
2026-07-30 13:48:51,BTCUSDT,BINANCE,TRADE,64031.7,0.0005
2026-07-30 13:48:51,BTCUSDT,BINANCE,TRADE,64031.7,0.0005
2026-07-30 13:48:51,BTCUSDT,BINANCE,TRADE,64031.7,0.0005
2026-07-30 13:48:51,BTCUSDT,BINANCE,TRADE,64031.7,0.0005
2026-07-30 13:48:51,BTCUSDT,BINANCE,TRADE,64031.7,0.0005
2026-07-30 13:48:51,BTCUSDT,BINANCE,TRADE,64031.7,0.0005
2026-07-30 13:48:51,BTCUSDT,BINANCE,TRADE,64031.7,0.00038
2026-07-30 13:48:51,BTCUSDT,BINANCE,TRADE,64031.7,0.0005
2026-07-30 13:48:51,BTCUSDT,BINANCE,TRADE,64031.7,0.004
2026-07-30 13:48:51,BTCUSDT,BINANCE,TRADE,64031.7,0.0005
2026-07-30 13:48:51,BTCUSDT,BINANCE,TRADE,64031.7,0.0005
2026-07-30 13:48:51,BTCUSDT,BINANCE,TRADE,64031.7,0.0005
2026-07-30 13:48:51,BTCUSDT,BINANCE,TRADE,64031.7,0.0005
2026-07-30 13:48:51,BTCUSDT,BINANCE,TRADE,64031.7,0.0005
2026-07-30 13:48:51,BTCUSDT,BINANCE,TRADE,64031.7,0.0005
2026-07-30 13:48:51,BTCUSDT,BINANCE,TRADE,64031.7,0.001
2026-07-30 13:48:51,BTCUSDT,BINANCE,TRADE,64031.7,0.0005
2026-07-30 13:48:51,BTCUSDT,BINANCE,TRADE,64031.7,0.0005
2026-07-30 13:48:51,BTCUSDT,BINANCE,TRADE,64031.7,0.0005
2026-07-30 13:48:51,BTCUSDT,BINANCE,TRADE,64031.7,0.0014
2026-07-30 13:48:51,BTCUSDT,BINANCE,TRADE,64031.7,0.0005
2026-07-30 13:48:51,BTCUSDT,BINANCE,TRADE,64031.7,0.0013
2026-07-30 13:48:51,BTCUSDT,BINANCE,TRADE,64031.7,0.0005
2026-07-30 13:48:51,BTCUSDT,BINANCE,TRADE,64031.7,0.0005
2026-07-30 13:48:51,BTCUSDT,BINANCE,TRADE,64031.7,0.00015
2026-07-30 13:48:51,ETHUSDT,BINANCE,TRADE,1905.58,0.0421
2026-07-30 13:48:51,BTCUSDT,BINANCE,TRADE,64031.7,0.0005
2026-07-30 13:48:51,BTCUSDT,BINANCE,TRADE,64031.7,0.0005
2026-07-30 13:48:51,BTCUSDT,BINANCE,TRADE,64031.7,0.0005
2026-07-30 13:48:51,BTCUSDT,BINANCE,TRADE,64031.7,9e-05
2026-07-30 13:48:51,BTCUSDT,BINANCE,TRADE,64031.7,0.0005
2026-07-30 13:48:51,BTCUSDT,BINANCE,TRADE,64031.7,0.0005
2026-07-30 13:48:51,BTCUSDT,BINANCE,TRADE,64031.7,0.00509
2026-07-30 13:48:51,BTCUSDT,BINANCE,TRADE,64031.7,0.0005
2026-07-30 13:48:51,BTCUSDT,BINANCE,TRADE,64031.7,0.0005
2026-07-30 13:48:51,BTCUSDT,BINANCE,TRADE,64031.7,0.01501
2026-07-30 13:48:51,BTCUSDT,BINANCE,TRADE,64031.7,0.00013
2026-07-30 13:48:51,BTCUSDT,BINANCE,TRADE,64031.7,0.0005
2026-07-30 13:48:51,BTCUSDT,BINANCE,TRADE,64031.7,0.0005
2026-07-30 13:48:51,BTCUSDT,BINANCE,TRADE,64031.7,0.0005
2026-07-30 13:48:51,BTCUSDT,BINANCE,TRADE,64031.7,0.00019
2026-07-30 13:48:51,BTCUSDT,BINANCE,TRADE,64031.7,0.0005
2026-07-30 13:48:51,BTCUSDT,BINANCE,TRADE,64031.7,0.0005
2026-07-30 13:48:51,BTCUSDT,BINANCE,TRADE,64031.7,0.0005
2026-07-30 13:48:51,BTCUSDT,BINANCE,TRADE,64031.7,0.00023
2026-07-30 13:48:51,BTCUSDT,BINANCE,TRADE,64031.7,0.00082
2026-07-30 13:48:51,BTCUSDT,BINANCE,TRADE,64031.7,0.0005
2026-07-30 13:48:51,BTCUSDT,BINANCE,TRADE,64031.7,0.0005
2026-07-30 13:48:51,BTCUSDT,BINANCE,TRADE,64031.7,0.0005
2026-07-30 13:48:51,BTCUSDT,BINANCE,TRADE,64031.7,0.0005
2026-07-30 13:48:51,BTCUSDT,BINANCE,TRADE,64031.7,0.0005
2026-07-30 13:48:51,BTCUSDT,BINANCE,TRADE,64031.7,0.00021
2026-07-30 13:48:51,BTCUSDT,BINANCE,TRADE,64031.7,0.0005
2026-07-30 13:48:51,BTCUSDT,BINANCE,TRADE,64031.7,0.0005
2026-07-30 13:48:51,ETHUSDT,BINANCE,TRADE,1905.58,0.2383
2026-07-30 13:48:51,BTCUSDT,BINANCE,TRADE,64031.7,0.0005
2026-07-30 13:48:51,BTCUSDT,BINANCE,TRADE,64031.7,0.0005
2026-07-30 13:48:51,BTCUSDT,BINANCE,TRADE,64031.7,0.0005
2026-07-30 13:48:51,BTCUSDT,BINANCE,TRADE,64031.7,0.0005
2026-07-30 13:48:51,BTCUSDT,BINANCE,TRADE,64031.7,0.0005
2026-07-30 13:48:51,BTCUSDT,BINANCE,TRADE,64031.7,0.0005
2026-07-30 13:48:51,BTCUSDT,BINANCE,TRADE,64031.7,0.0005
2026-07-30 13:48:51,BTCUSDT,BINANCE,TRADE,64031.7,0.00099
2026-07-30 13:48:51,BTCUSDT,BINANCE,TRADE,64031.7,0.00521
2026-07-30 13:48:51,BTCUSDT,BINANCE,TRADE,64031.7,0.0005
2026-07-30 13:48:51,BTCUSDT,BINANCE,TRADE,64031.7,0.00046
2026-07-30 13:48:51,BTCUSDT,BINANCE,TRADE,64031.7,0.00026
2026-07-30 13:48:51,BTCUSDT,BINANCE,TRADE,64031.7,0.0005
2026-07-30 13:48:52,BTCUSDT,BINANCE,TRADE,64031.7,0.0005
2026-07-30 13:48:52,BTCUSDT,BINANCE,TRADE,64031.7,0.0005
2026-07-30 13:48:52,BTCUSDT,BINANCE,TRADE,64031.7,0.0005
2026-07-30 13:48:52,BTCUSDT,BINANCE,TRADE,64031.7,0.0005
2026-07-30 13:48:52,BTCUSDT,BINANCE,TRADE,64031.7,0.0005
2026-07-30 13:48:52,BTCUSDT,BINANCE,TRADE,64031.7,0.0005
2026-07-30 13:48:52,BTCUSDT,BINANCE,TRADE,64031.7,0.0005
2026-07-30 13:48:52,BTCUSDT,BINANCE,TRADE,64031.7,0.0005
2026-07-30 13:48:52,BTCUSDT,BINANCE,TRADE,64031.7,0.0005
2026-07-30 13:48:52,BTCUSDT,BINANCE,TRADE,64031.7,0.0005
2026-07-30 13:48:52,BTCUSDT,BINANCE,TRADE,64031.7,0.0005
2026-07-30 13:48:52,BTCUSDT,BINANCE,TRADE,64031.7,0.0005
2026-07-30 13:48:52,BTCUSDT,BINANCE,TRADE,64031.7,0.0005
2026-07-30 13:48:52,BTCUSDT,BINANCE,TRADE,64031.7,0.0013
2026-07-30 13:48:52,BTCUSDT,BINANCE,TRADE,64031.7,0.00017
2026-07-30 13:48:52,BTCUSDT,BINANCE,TRADE,64031.7,0.0005
2026-07-30 13:48:52,BTCUSDT,BINANCE,TRADE,64031.7,0.0005
2026-07-30 13:48:52,BTCUSDT,BINANCE,TRADE,64031.7,0.0005
2026-07-30 13:48:52,BTCUSDT,BINANCE,TRADE,64031.7,0.0005
2026-07-30 13:48:52,BTCUSDT,BINANCE,TRADE,64031.7,0.01268
2026-07-30 13:48:52,BTCUSDT,BINANCE,TRADE,64031.7,0.0005
2026-07-30 13:48:52,BTCUSDT,BINANCE,TRADE,64031.7,0.00037
2026-07-30 13:48:52,BTCUSDT,BINANCE,TRADE,64031.7,0.0005
2026-07-30 13:48:52,BTCUSDT,BINANCE,TRADE,64031.7,0.00016
2026-07-30 13:48:52,ETHUSDT,BINANCE,TRADE,1905.58,0.0216
2026-07-30 13:48:52,BTCUSDT,BINANCE,TRADE,64031.7,0.0005
2026-07-30 13:48:52,BTCUSDT,BINANCE,TRADE,64031.7,0.0005
2026-07-30 13:48:52,BTCUSDT,BINANCE,TRADE,64031.7,0.0005
2026-07-30 13:48:52,BTCUSDT,BINANCE,TRADE,64031.7,0.0005
2026-07-30 13:48:52,BTCUSDT,BINANCE,TRADE,64031.7,0.0005
2026-07-30 13:48:52,BTCUSDT,BINANCE,TRADE,64031.7,0.06404
2026-07-30 13:48:52,BTCUSDT,BINANCE,TRADE,64031.7,0.0005
2026-07-30 13:48:52,BTCUSDT,BINANCE,TRADE,64031.7,0.00537
2026-07-30 13:48:52,BTCUSDT,BINANCE,TRADE,64031.7,0.0005
2026-07-30 13:48:52,ETHUSDT,BINANCE,TRADE,1905.58,0.107
2026-07-30 13:48:52,BTCUSDT,BINANCE,TRADE,64031.7,0.0005
2026-07-30 13:48:52,BTCUSDT,BINANCE,TRADE,64031.7,0.0005
2026-07-30 13:48:52,BTCUSDT,BINANCE,TRADE,64031.7,0.0005
2026-07-30 13:48:52,BTCUSDT,BINANCE,TRADE,64031.7,0.0005
2026-07-30 13:48:52,BTCUSDT,BINANCE,TRADE,64031.7,0.0005
2026-07-30 13:48:52,BTCUSDT,BINANCE,TRADE,64031.7,0.0005
2026-07-30 13:48:52,BTCUSDT,BINANCE,TRADE,64031.7,0.0005
2026-07-30 13:48:52,BTCUSDT,BINANCE,TRADE,64031.7,0.0005
2026-07-30 13:48:52,BTCUSDT,BINANCE,TRADE,64031.7,0.0005
2026-07-30 13:48:52,BTCUSDT,BINANCE,TRADE,64031.7,0.0013
2026-07-30 13:48:52,BTCUSDT,BINANCE,TRADE,64031.7,0.0005
2026-07-30 13:48:52,BTCUSDT,BINANCE,TRADE,64031.7,0.0005
2026-07-30 13:48:52,BTCUSDT,BINANCE,TRADE,64031.7,0.0005
2026-07-30 13:48:52,BTCUSDT,BINANCE,TRADE,64031.7,0.00029
2026-07-30 13:48:52,BTCUSDT,BINANCE,TRADE,64031.7,0.0005
2026-07-30 13:48:52,BTCUSDT,BINANCE,TRADE,64031.7,0.00137
2026-07-30 13:48:52,BTCUSDT,BINANCE,TRADE,64031.7,0.0005
2026-07-30 13:48:52,BTCUSDT,BINANCE,TRADE,64031.7,0.00166
2026-07-30 13:48:52,BTCUSDT,BINANCE,TRADE,64031.7,0.0005
2026-07-30 13:48:52,BTCUSDT,BINANCE,TRADE,64031.7,0.0005
2026-07-30 13:48:52,BTCUSDT,BINANCE,TRADE,64031.7,0.0005
2026-07-30 13:48:52,BTCUSDT,BINANCE,TRADE,64031.7,9e-05
2026-07-30 13:48:52,BTCUSDT,BINANCE,TRADE,64031.7,0.0005
2026-07-30 13:48:52,BTCUSDT,BINANCE,TRADE,64031.7,0.0005
2026-07-30 13:48:52,ETHUSDT,BINANCE,TRADE,1905.58,0.0027
2026-07-30 13:48:52,ETHUSDT,BINANCE,TRADE,1905.58,0.0031
2026-07-30 13:48:52,ETHUSDT,BINANCE,TRADE,1905.58,0.0031
2026-07-30 13:48:52,ETHUSDT,BINANCE,TRADE,1905.58,0.0027
2026-07-30 13:48:52,ETHUSDT,BINANCE,TRADE,1905.58,0.0027
2026-07-30 13:48:52,ETHUSDT,BINANCE,TRADE,1905.58,0.0027
2026-07-30 13:48:52,ETHUSDT,BINANCE,TRADE,1905.58,0.0028
2026-07-30 13:48:52,ETHUSDT,BINANCE,TRADE,1905.58,0.0031
2026-07-30 13:48:52,ETHUSDT,BINANCE,TRADE,1905.58,0.0028
2026-07-30 13:48:52,ETHUSDT,BINANCE,TRADE,1905.58,0.0053
2026-07-30 13:48:52,ETHUSDT,BINANCE,TRADE,1905.58,0.0027
2026-07-30 13:48:52,ETHUSDT,BINANCE,TRADE,1905.58,0.0027
2026-07-30 13:48:52,ETHUSDT,BINANCE,TRADE,1905.58,0.0082
2026-07-30 13:48:52,ETHUSDT,BINANCE,TRADE,1905.58,0.0027
2026-07-30 13:48:52,ETHUSDT,BINANCE,TRADE,1905.58,0.0027
2026-07-30 13:48:52,ETHUSDT,BINANCE,TRADE,1905.58,0.0027
2026-07-30 13:48:52,ETHUSDT,BINANCE,TRADE,1905.58,0.0027
2026-07-30 13:48:52,ETHUSDT,BINANCE,TRADE,1905.58,0.0027
2026-07-30 13:48:52,ETHUSDT,BINANCE,TRADE,1905.58,0.0027
2026-07-30 13:48:52,ETHUSDT,BINANCE,TRADE,1905.58,0.0027
2026-07-30 13:48:52,ETHUSDT,BINANCE,TRADE,1905.58,0.0027
2026-07-30 13:48:52,ETHUSDT,BINANCE,TRADE,1905.58,0.0027
2026-07-30 13:48:52,ETHUSDT,BINANCE,TRADE,1905.58,0.0027
2026-07-30 13:48:52,ETHUSDT,BINANCE,TRADE,1905.58,0.0027
2026-07-30 13:48:52,ETHUSDT,BINANCE,TRADE,1905.58,0.0027
2026-07-30 13:48:52,ETHUSDT,BINANCE,TRADE,1905.58,0.0027
2026-07-30 13:48:52,ETHUSDT,BINANCE,TRADE,1905.57,0.0027
2026-07-30 13:48:52,ETHUSDT,BINANCE,TRADE,1905.57,0.0053
2026-07-30 13:48:52,ETHUSDT,BINANCE,TRADE,1905.57,0.0028
2026-07-30 13:48:52,ETHUSDT,BINANCE,TRADE,1905.57,0.0027
2026-07-30 13:48:52,ETHUSDT,BINANCE,TRADE,1905.57,0.0027
2026-07-30 13:48:52,ETHUSDT,BINANCE,TRADE,1905.57,0.0027
2026-07-30 13:48:52,ETHUSDT,BINANCE,TRADE,1905.57,0.0027
2026-07-30 13:48:52,ETHUSDT,BINANCE,TRADE,1905.57,0.0027
2026-07-30 13:48:52,ETHUSDT,BINANCE,TRADE,1905.57,0.0027
2026-07-30 13:48:52,ETHUSDT,BINANCE,TRADE,1905.57,0.0027
2026-07-30 13:48:52,ETHUSDT,BINANCE,TRADE,1905.56,0.0053
2026-07-30 13:48:52,ETHUSDT,BINANCE,TRADE,1905.56,0.0028
2026-07-30 13:48:52,ETHUSDT,BINANCE,TRADE,1905.55,0.0027
2026-07-30 13:48:52,ETHUSDT,BINANCE,TRADE,1905.55,0.0028
2026-07-30 13:48:52,ETHUSDT,BINANCE,TRADE,1905.54,0.0028
2026-07-30 13:48:52,ETHUSDT,BINANCE,TRADE,1905.53,0.0028
2026-07-30 13:48:52,ETHUSDT,BINANCE,TRADE,1905.5,0.0032
2026-07-30 13:48:52,ETHUSDT,BINANCE,TRADE,1905.5,0.0028
2026-07-30 13:48:52,ETHUSDT,BINANCE,TRADE,1905.5,0.0028
2026-07-30 13:48:52,ETHUSDT,BINANCE,TRADE,1905.5,0.0028
2026-07-30 13:48:52,ETHUSDT,BINANCE,TRADE,1905.5,0.0027
2026-07-30 13:48:52,ETHUSDT,BINANCE,TRADE,1905.5,0.0028
2026-07-30 13:48:52,BTCUSDT,BINANCE,TRADE,64031.7,0.0005
2026-07-30 13:48:52,BTCUSDT,BINANCE,TRADE,64031.7,0.0005
2026-07-30 13:48:52,BTCUSDT,BINANCE,TRADE,64031.7,0.0005
2026-07-30 13:48:52,BTCUSDT,BINANCE,TRADE,64031.7,0.0005
2026-07-30 13:48:52,BTCUSDT,BINANCE,TRADE,64031.7,0.002
2026-07-30 13:48:52,BTCUSDT,BINANCE,TRADE,64031.7,0.00029
2026-07-30 13:48:52,BTCUSDT,BINANCE,TRADE,64031.7,0.0005
2026-07-30 13:48:52,ETHUSDT,BINANCE,TRADE,1905.5,0.0338
2026-07-30 13:48:52,BTCUSDT,BINANCE,TRADE,64031.7,0.0005
2026-07-30 13:48:52,BTCUSDT,BINANCE,TRADE,64031.7,0.0005
2026-07-30 13:48:52,BTCUSDT,BINANCE,TRADE,64031.7,0.00063
2026-07-30 13:48:52,BTCUSDT,BINANCE,TRADE,64031.7,0.0005
2026-07-30 13:48:52,BTCUSDT,BINANCE,TRADE,64031.7,0.00199
2026-07-30 13:48:52,BTCUSDT,BINANCE,TRADE,64031.7,1e-05
2026-07-30 13:48:52,BTCUSDT,BINANCE,TRADE,64031.7,0.0005
2026-07-30 13:48:52,BTCUSDT,BINANCE,TRADE,64031.7,0.0005
2026-07-30 13:48:52,BTCUSDT,BINANCE,TRADE,64031.7,0.0005
2026-07-30 13:48:52,BTCUSDT,BINANCE,TRADE,64031.7,0.02645
2026-07-30 13:48:52,BTCUSDT,BINANCE,TRADE,64031.7,0.00031
2026-07-30 13:48:52,BTCUSDT,BINANCE,TRADE,64031.7,0.00019
2026-07-30 13:48:52,BTCUSDT,BINANCE,TRADE,64031.7,0.0005
2026-07-30 13:48:52,ETHUSDT,BINANCE,TRADE,1905.49,0.0027
2026-07-30 13:48:52,ETHUSDT,BINANCE,TRADE,1905.49,0.0023
2026-07-30 13:48:52,BTCUSDT,BINANCE,TRADE,64031.7,0.0005
2026-07-30 13:48:52,BTCUSDT,BINANCE,TRADE,64031.7,0.0005
2026-07-30 13:48:52,BTCUSDT,BINANCE,TRADE,64031.7,0.0005
2026-07-30 13:48:52,BTCUSDT,BINANCE,TRADE,64031.7,0.0005
2026-07-30 13:48:52,BTCUSDT,BINANCE,TRADE,64031.7,0.0005
2026-07-30 13:48:52,BTCUSDT,BINANCE,TRADE,64031.7,0.0005
2026-07-30 13:48:52,BTCUSDT,BINANCE,TRADE,64031.7,0.0078
2026-07-30 13:48:52,BTCUSDT,BINANCE,TRADE,64031.7,0.0005
2026-07-30 13:48:52,BTCUSDT,BINANCE,TRADE,64031.7,0.0005
2026-07-30 13:48:52,BTCUSDT,BINANCE,TRADE,64031.7,0.0005
2026-07-30 13:48:52,BTCUSDT,BINANCE,TRADE,64031.7,0.0005
2026-07-30 13:48:52,BTCUSDT,BINANCE,TRADE,64031.7,0.0005
2026-07-30 13:48:52,BTCUSDT,BINANCE,TRADE,64031.7,0.0005
2026-07-30 13:48:52,BTCUSDT,BINANCE,TRADE,64031.7,0.0005
2026-07-30 13:48:52,BTCUSDT,BINANCE,TRADE,64031.7,0.0005
2026-07-30 13:48:52,BTCUSDT,BINANCE,TRADE,64031.7,0.0005
2026-07-30 13:48:52,BTCUSDT,BINANCE,TRADE,64031.7,0.0005
2026-07-30 13:48:52,BTCUSDT,BINANCE,TRADE,64031.7,0.00027
2026-07-30 13:48:52,BTCUSDT,BINANCE,TRADE,64031.7,0.0005
2026-07-30 13:48:52,BTCUSDT,BINANCE,TRADE,64031.7,0.0005
2026-07-30 13:48:52,BTCUSDT,BINANCE,TRADE,64031.7,0.0005
2026-07-30 13:48:52,BTCUSDT,BINANCE,TRADE,64031.7,0.0005
2026-07-30 13:48:52,BTCUSDT,BINANCE,TRADE,64031.7,0.0013
2026-07-30 13:48:52,BTCUSDT,BINANCE,TRADE,64031.7,0.0005
2026-07-30 13:48:52,BTCUSDT,BINANCE,TRADE,64031.7,0.0005
2026-07-30 13:48:52,BTCUSDT,BINANCE,TRADE,64031.7,0.0005
2026-07-30 13:48:52,BTCUSDT,BINANCE,TRADE,64031.7,0.0005
2026-07-30 13:48:52,BTCUSDT,BINANCE,TRADE,64031.7,0.0005
2026-07-30 13:48:52,BTCUSDT,BINANCE,TRADE,64031.7,0.0005
2026-07-30 13:48:52,BTCUSDT,BINANCE,TRADE,64031.7,0.01874
2026-07-30 13:48:52,BTCUSDT,BINANCE,TRADE,64031.7,0.0005
2026-07-30 13:48:52,ETHUSDT,BINANCE,TRADE,1905.49,0.0005
2026-07-30 13:48:52,ETHUSDT,BINANCE,TRADE,1905.49,0.0025
2026-07-30 13:48:52,BTCUSDT,BINANCE,TRADE,64031.7,0.00031
2026-07-30 13:48:52,BTCUSDT,BINANCE,TRADE,64031.7,0.0005
2026-07-30 13:48:52,BTCUSDT,BINANCE,TRADE,64031.7,0.00364
2026-07-30 13:48:52,BTCUSDT,BINANCE,TRADE,64031.7,0.0005
2026-07-30 13:48:52,BTCUSDT,BINANCE,TRADE,64031.7,0.0005
2026-07-30 13:48:52,BTCUSDT,BINANCE,TRADE,64031.7,0.0005
2026-07-30 13:48:52,BTCUSDT,BINANCE,TRADE,64031.7,0.0005
2026-07-30 13:48:52,BTCUSDT,BINANCE,TRADE,64031.7,0.00065
2026-07-30 13:48:52,BTCUSDT,BINANCE,TRADE,64031.7,0.0005
2026-07-30 13:48:52,BTCUSDT,BINANCE,TRADE,64031.7,0.0005
2026-07-30 13:48:52,BTCUSDT,BINANCE,TRADE,64031.7,0.00019
2026-07-30 13:48:52,BTCUSDT,BINANCE,TRADE,64031.7,0.0005
2026-07-30 13:48:52,BTCUSDT,BINANCE,TRADE,64031.7,0.0005
2026-07-30 13:48:52,BTCUSDT,BINANCE,TRADE,64031.7,0.0005
2026-07-30 13:48:52,BTCUSDT,BINANCE,TRADE,64031.7,0.002
2026-07-30 13:48:52,BTCUSDT,BINANCE,TRADE,64031.7,0.0005
2026-07-30 13:48:53,BTCUSDT,BINANCE,TRADE,64031.7,0.0005
2026-07-30 13:48:53,BTCUSDT,BINANCE,TRADE,64031.7,0.0005
2026-07-30 13:48:53,ETHUSDT,BINANCE,TRADE,1905.49,0.0002
2026-07-30 13:48:53,ETHUSDT,BINANCE,TRADE,1905.49,0.0027
2026-07-30 13:48:53,ETHUSDT,BINANCE,TRADE,1905.49,0.0027
2026-07-30 13:48:53,ETHUSDT,BINANCE,TRADE,1905.49,0.0027
2026-07-30 13:48:53,ETHUSDT,BINANCE,TRADE,1905.49,0.0027
2026-07-30 13:48:53,ETHUSDT,BINANCE,TRADE,1905.49,0.0027
2026-07-30 13:48:53,ETHUSDT,BINANCE,TRADE,1905.49,0.0027
2026-07-30 13:48:53,ETHUSDT,BINANCE,TRADE,1905.49,0.0027
2026-07-30 13:48:53,ETHUSDT,BINANCE,TRADE,1905.49,0.0028
2026-07-30 13:48:53,ETHUSDT,BINANCE,TRADE,1905.49,0.0027
2026-07-30 13:48:53,ETHUSDT,BINANCE,TRADE,1905.49,0.0031
2026-07-30 13:48:53,ETHUSDT,BINANCE,TRADE,1905.49,0.0027
2026-07-30 13:48:53,ETHUSDT,BINANCE,TRADE,1905.49,0.0027
2026-07-30 13:48:53,ETHUSDT,BINANCE,TRADE,1905.49,0.0027
2026-07-30 13:48:53,ETHUSDT,BINANCE,TRADE,1905.49,0.0028
2026-07-30 13:48:53,ETHUSDT,BINANCE,TRADE,1905.49,0.0031
2026-07-30 13:48:53,ETHUSDT,BINANCE,TRADE,1905.49,0.0031
2026-07-30 13:48:53,ETHUSDT,BINANCE,TRADE,1905.49,0.0027
2026-07-30 13:48:53,ETHUSDT,BINANCE,TRADE,1905.49,0.0027
2026-07-30 13:48:53,ETHUSDT,BINANCE,TRADE,1905.48,0.0028
2026-07-30 13:48:53,ETHUSDT,BINANCE,TRADE,1905.48,0.0027
2026-07-30 13:48:53,ETHUSDT,BINANCE,TRADE,1905.48,0.0027
2026-07-30 13:48:53,ETHUSDT,BINANCE,TRADE,1905.48,0.0027
2026-07-30 13:48:53,ETHUSDT,BINANCE,TRADE,1905.48,0.0027
2026-07-30 13:48:53,ETHUSDT,BINANCE,TRADE,1905.48,0.0027
2026-07-30 13:48:53,ETHUSDT,BINANCE,TRADE,1905.48,0.0031
2026-07-30 13:48:53,ETHUSDT,BINANCE,TRADE,1905.48,0.0031
2026-07-30 13:48:53,ETHUSDT,BINANCE,TRADE,1905.48,0.0031
2026-07-30 13:48:53,ETHUSDT,BINANCE,TRADE,1905.48,0.0027
2026-07-30 13:48:53,ETHUSDT,BINANCE,TRADE,1905.47,0.0028
2026-07-30 13:48:53,ETHUSDT,BINANCE,TRADE,1905.47,0.0027
2026-07-30 13:48:53,ETHUSDT,BINANCE,TRADE,1905.47,0.0027
2026-07-30 13:48:53,ETHUSDT,BINANCE,TRADE,1905.47,0.0027
2026-07-30 13:48:53,ETHUSDT,BINANCE,TRADE,1905.47,0.0027
2026-07-30 13:48:53,ETHUSDT,BINANCE,TRADE,1905.47,0.0027
2026-07-30 13:48:53,ETHUSDT,BINANCE,TRADE,1905.47,0.0031
2026-07-30 13:48:53,ETHUSDT,BINANCE,TRADE,1905.47,0.0031
2026-07-30 13:48:53,ETHUSDT,BINANCE,TRADE,1905.47,0.0031
2026-07-30 13:48:53,ETHUSDT,BINANCE,TRADE,1905.47,0.0027
2026-07-30 13:48:53,ETHUSDT,BINANCE,TRADE,1905.46,0.0028
2026-07-30 13:48:53,BTCUSDT,BINANCE,TRADE,64031.7,0.0005
2026-07-30 13:48:53,BTCUSDT,BINANCE,TRADE,64031.7,0.0001
2026-07-30 13:48:53,BTCUSDT,BINANCE,TRADE,64031.7,0.0005
2026-07-30 13:48:53,BTCUSDT,BINANCE,TRADE,64031.7,8e-05
2026-07-30 13:48:53,BTCUSDT,BINANCE,TRADE,64031.7,9e-05
2026-07-30 13:48:53,BTCUSDT,BINANCE,TRADE,64031.7,8e-05
2026-07-30 13:48:53,BTCUSDT,BINANCE,TRADE,64031.7,8e-05
2026-07-30 13:48:53,BTCUSDT,BINANCE,TRADE,64031.7,0.00016
2026-07-30 13:48:53,BTCUSDT,BINANCE,TRADE,64031.7,1e-05
2026-07-30 13:48:53,BTCUSDT,BINANCE,TRADE,64031.7,7e-05
2026-07-30 13:48:53,BTCUSDT,BINANCE,TRADE,64031.7,0.00123
2026-07-30 13:48:53,BTCUSDT,BINANCE,TRADE,64031.7,0.0005
2026-07-30 13:48:53,BTCUSDT,BINANCE,TRADE,64031.7,0.00034
2026-07-30 13:48:53,BTCUSDT,BINANCE,TRADE,64031.7,0.00016
2026-07-30 13:48:53,BTCUSDT,BINANCE,TRADE,64031.7,0.0005
2026-07-30 13:48:53,BTCUSDT,BINANCE,TRADE,64031.7,0.00141
2026-07-30 13:48:53,BTCUSDT,BINANCE,TRADE,64031.7,8e-05
2026-07-30 13:48:53,BTCUSDT,BINANCE,TRADE,64031.7,0.00032
2026-07-30 13:48:53,BTCUSDT,BINANCE,TRADE,64031.7,0.0005
2026-07-30 13:48:53,BTCUSDT,BINANCE,TRADE,64031.7,0.0005
2026-07-30 13:48:53,BTCUSDT,BINANCE,TRADE,64031.7,0.00509
2026-07-30 13:48:53,BTCUSDT,BINANCE,TRADE,64031.7,0.00037
2026-07-30 13:48:53,BTCUSDT,BINANCE,TRADE,64031.7,0.0005
2026-07-30 13:48:53,BTCUSDT,BINANCE,TRADE,64031.7,0.0005
2026-07-30 13:48:53,BTCUSDT,BINANCE,TRADE,64031.7,0.0005
2026-07-30 13:48:53,BTCUSDT,BINANCE,TRADE,64031.7,0.0005
2026-07-30 13:48:53,BTCUSDT,BINANCE,TRADE,64031.7,0.0005
2026-07-30 13:48:53,BTCUSDT,BINANCE,TRADE,64031.7,0.0005
2026-07-30 13:48:53,BTCUSDT,BINANCE,TRADE,64031.7,0.00194
2026-07-30 13:48:53,BTCUSDT,BINANCE,TRADE,64031.7,0.0005
2026-07-30 13:48:53,BTCUSDT,BINANCE,TRADE,64031.7,0.0005
2026-07-30 13:48:53,BTCUSDT,BINANCE,TRADE,64031.7,0.01093
2026-07-30 13:48:53,BTCUSDT,BINANCE,TRADE,64031.7,0.0005
2026-07-30 13:48:53,BTCUSDT,BINANCE,TRADE,64031.7,0.00038
2026-07-30 13:48:53,BTCUSDT,BINANCE,TRADE,64031.7,0.0005
2026-07-30 13:48:53,BTCUSDT,BINANCE,TRADE,64031.7,0.00021
2026-07-30 13:48:53,BTCUSDT,BINANCE,TRADE,64031.7,0.0005
2026-07-30 13:48:53,BTCUSDT,BINANCE,TRADE,64031.7,0.0005
2026-07-30 13:48:53,BTCUSDT,BINANCE,TRADE,64031.7,0.0005
2026-07-30 13:48:53,BTCUSDT,BINANCE,TRADE,64031.7,0.00096
2026-07-30 13:48:53,BTCUSDT,BINANCE,TRADE,64031.7,0.00046
2026-07-30 13:48:53,BTCUSDT,BINANCE,TRADE,64031.7,0.0005
2026-07-30 13:48:53,BTCUSDT,BINANCE,TRADE,64031.7,0.00011
2026-07-30 13:48:53,BTCUSDT,BINANCE,TRADE,64031.7,0.00157
2026-07-30 13:48:53,BTCUSDT,BINANCE,TRADE,64031.7,8e-05
2026-07-30 13:48:53,BTCUSDT,BINANCE,TRADE,64031.7,8e-05
2026-07-30 13:48:53,BTCUSDT,BINANCE,TRADE,64031.7,0.00155
2026-07-30 13:48:53,BTCUSDT,BINANCE,TRADE,64031.7,0.00117
2026-07-30 13:48:53,BTCUSDT,BINANCE,TRADE,64031.7,0.00038
2026-07-30 13:48:53,BTCUSDT,BINANCE,TRADE,64031.7,0.00012
2026-07-30 13:48:53,ETHUSDT,BINANCE,TRADE,1905.45,0.0027
2026-07-30 13:48:53,ETHUSDT,BINANCE,TRADE,1905.45,0.0027
2026-07-30 13:48:53,ETHUSDT,BINANCE,TRADE,1905.45,0.0028
2026-07-30 13:48:53,ETHUSDT,BINANCE,TRADE,1905.45,0.0007
2026-07-30 13:48:53,BTCUSDT,BINANCE,TRADE,64031.7,0.0005
2026-07-30 13:48:53,BTCUSDT,BINANCE,TRADE,64031.7,0.0005
2026-07-30 13:48:53,BTCUSDT,BINANCE,TRADE,64031.7,0.0005
2026-07-30 13:48:53,BTCUSDT,BINANCE,TRADE,64031.7,0.00023
2026-07-30 13:48:53,BTCUSDT,BINANCE,TRADE,64031.7,0.0005
2026-07-30 13:48:53,BTCUSDT,BINANCE,TRADE,64031.7,0.00017
2026-07-30 13:48:53,BTCUSDT,BINANCE,TRADE,64031.7,0.0005
2026-07-30 13:48:53,BTCUSDT,BINANCE,TRADE,64031.7,0.0005
2026-07-30 13:48:53,BTCUSDT,BINANCE,TRADE,64031.7,0.00029
2026-07-30 13:48:53,ETHUSDT,BINANCE,TRADE,1905.45,0.002
2026-07-30 13:48:53,ETHUSDT,BINANCE,TRADE,1905.45,0.0031
2026-07-30 13:48:53,ETHUSDT,BINANCE,TRADE,1905.45,0.0031
2026-07-30 13:48:53,ETHUSDT,BINANCE,TRADE,1905.45,0.0031
2026-07-30 13:48:53,ETHUSDT,BINANCE,TRADE,1905.45,0.0027
2026-07-30 13:48:53,ETHUSDT,BINANCE,TRADE,1905.45,0.0027
2026-07-30 13:48:53,ETHUSDT,BINANCE,TRADE,1905.45,0.0027
2026-07-30 13:48:53,ETHUSDT,BINANCE,TRADE,1905.45,0.0027
2026-07-30 13:48:53,ETHUSDT,BINANCE,TRADE,1905.45,0.0027
2026-07-30 13:48:53,ETHUSDT,BINANCE,TRADE,1905.45,0.0028
2026-07-30 13:48:53,ETHUSDT,BINANCE,TRADE,1905.45,0.0027
2026-07-30 13:48:53,ETHUSDT,BINANCE,TRADE,1905.45,0.0027
2026-07-30 13:48:53,ETHUSDT,BINANCE,TRADE,1905.45,0.0028
2026-07-30 13:48:53,ETHUSDT,BINANCE,TRADE,1905.44,0.0028
2026-07-30 13:48:53,ETHUSDT,BINANCE,TRADE,1905.44,0.0027
2026-07-30 13:48:53,ETHUSDT,BINANCE,TRADE,1905.44,0.0027
2026-07-30 13:48:53,ETHUSDT,BINANCE,TRADE,1905.44,0.0027
2026-07-30 13:48:53,ETHUSDT,BINANCE,TRADE,1905.44,0.0027
2026-07-30 13:48:53,ETHUSDT,BINANCE,TRADE,1905.44,0.0027
2026-07-30 13:48:53,ETHUSDT,BINANCE,TRADE,1905.44,0.0027
2026-07-30 13:48:53,ETHUSDT,BINANCE,TRADE,1905.43,0.0028
2026-07-30 13:48:53,ETHUSDT,BINANCE,TRADE,1905.42,0.0028
2026-07-30 13:48:53,ETHUSDT,BINANCE,TRADE,1905.42,0.0028
2026-07-30 13:48:53,ETHUSDT,BINANCE,TRADE,1905.42,0.0028
2026-07-30 13:48:53,ETHUSDT,BINANCE,TRADE,1905.42,0.0028
2026-07-30 13:48:53,ETHUSDT,BINANCE,TRADE,1905.41,0.0177
2026-07-30 13:48:53,ETHUSDT,BINANCE,TRADE,1905.41,0.1321
2026-07-30 13:48:53,ETHUSDT,BINANCE,TRADE,1905.41,0.0028
2026-07-30 13:48:53,ETHUSDT,BINANCE,TRADE,1905.41,0.0027
2026-07-30 13:48:53,ETHUSDT,BINANCE,TRADE,1905.41,0.0028
2026-07-30 13:48:53,ETHUSDT,BINANCE,TRADE,1905.41,0.0028
2026-07-30 13:48:53,ETHUSDT,BINANCE,TRADE,1905.41,0.009
2026-07-30 13:48:53,ETHUSDT,BINANCE,TRADE,1905.41,0.0027
2026-07-30 13:48:53,ETHUSDT,BINANCE,TRADE,1905.41,0.0028
2026-07-30 13:48:53,BTCUSDT,BINANCE,TRADE,64031.7,0.0005
2026-07-30 13:48:53,BTCUSDT,BINANCE,TRADE,64031.7,0.00039
2026-07-30 13:48:53,BTCUSDT,BINANCE,TRADE,64031.7,0.0005
2026-07-30 13:48:53,ETHUSDT,BINANCE,TRADE,1905.41,0.013
2026-07-30 13:48:53,BTCUSDT,BINANCE,TRADE,64031.7,0.0005
2026-07-30 13:48:53,BTCUSDT,BINANCE,TRADE,64031.7,0.0005
2026-07-30 13:48:53,BTCUSDT,BINANCE,TRADE,64031.7,0.0005
2026-07-30 13:48:53,BTCUSDT,BINANCE,TRADE,64031.7,0.0005
2026-07-30 13:48:53,ETHUSDT,BINANCE,TRADE,1905.41,0.0523
2026-07-30 13:48:53,BTCUSDT,BINANCE,TRADE,64031.7,0.0005
2026-07-30 13:48:53,BTCUSDT,BINANCE,TRADE,64031.7,0.00031
2026-07-30 13:48:53,BTCUSDT,BINANCE,TRADE,64031.7,0.0005
2026-07-30 13:48:53,BTCUSDT,BINANCE,TRADE,64031.7,0.0005
2026-07-30 13:48:53,BTCUSDT,BINANCE,TRADE,64031.7,0.0005
2026-07-30 13:48:53,BTCUSDT,BINANCE,TRADE,64031.7,0.00398
2026-07-30 13:48:53,BTCUSDT,BINANCE,TRADE,64031.7,0.0005
2026-07-30 13:48:53,BTCUSDT,BINANCE,TRADE,64031.7,0.0005
2026-07-30 13:48:53,BTCUSDT,BINANCE,TRADE,64031.7,0.00122
2026-07-30 13:48:53,BTCUSDT,BINANCE,TRADE,64031.7,0.00064
2026-07-30 13:48:53,BTCUSDT,BINANCE,TRADE,64031.7,0.0005
2026-07-30 13:48:53,BTCUSDT,BINANCE,TRADE,64031.7,0.00127
2026-07-30 13:48:53,BTCUSDT,BINANCE,TRADE,64031.7,0.0005
2026-07-30 13:48:53,BTCUSDT,BINANCE,TRADE,64031.7,0.0005
2026-07-30 13:48:53,BTCUSDT,BINANCE,TRADE,64031.7,0.0005
2026-07-30 13:48:53,BTCUSDT,BINANCE,TRADE,64031.7,9e-05
2026-07-30 13:48:53,ETHUSDT,BINANCE,TRADE,1905.41,0.0216
2026-07-30 13:48:53,BTCUSDT,BINANCE,TRADE,64031.7,0.0005
2026-07-30 13:48:53,BTCUSDT,BINANCE,TRADE,64031.7,0.0005
2026-07-30 13:48:53,BTCUSDT,BINANCE,TRADE,64031.7,0.0013
2026-07-30 13:48:53,BTCUSDT,BINANCE,TRADE,64031.7,0.0005
2026-07-30 13:48:53,BTCUSDT,BINANCE,TRADE,64031.7,0.0005
2026-07-30 13:48:53,BTCUSDT,BINANCE,TRADE,64031.7,0.0005
2026-07-30 13:48:53,BTCUSDT,BINANCE,TRADE,64031.7,0.0005
2026-07-30 13:48:53,BTCUSDT,BINANCE,TRADE,64031.7,0.0005
2026-07-30 13:48:53,SOLUSDT,BINANCE,TRADE,73.43,0.669
2026-07-30 13:48:53,BTCUSDT,BINANCE,TRADE,64031.7,0.0005
2026-07-30 13:48:53,BTCUSDT,BINANCE,TRADE,64031.7,0.0005
2026-07-30 13:48:53,BTCUSDT,BINANCE,TRADE,64031.7,0.00027
2026-07-30 13:48:53,BTCUSDT,BINANCE,TRADE,64031.7,0.0005
2026-07-30 13:48:53,BTCUSDT,BINANCE,TRADE,64031.7,0.0005
2026-07-30 13:48:53,BTCUSDT,BINANCE,TRADE,64031.7,0.0005
2026-07-30 13:48:53,BTCUSDT,BINANCE,TRADE,64031.7,0.0005
2026-07-30 13:48:53,BTCUSDT,BINANCE,TRADE,64031.7,0.0005
2026-07-30 13:48:53,BTCUSDT,BINANCE,TRADE,64031.7,0.0005
2026-07-30 13:48:53,BTCUSDT,BINANCE,TRADE,64031.7,0.0005
2026-07-30 13:48:53,BTCUSDT,BINANCE,TRADE,64031.7,0.0005
2026-07-30 13:48:53,BTCUSDT,BINANCE,TRADE,64031.7,0.00016
2026-07-30 13:48:53,BTCUSDT,BINANCE,TRADE,64031.7,0.0005
2026-07-30 13:48:53,ETHUSDT,BINANCE,TRADE,1905.41,0.005
2026-07-30 13:48:53,BTCUSDT,BINANCE,TRADE,64031.7,0.0005
2026-07-30 13:48:53,BTCUSDT,BINANCE,TRADE,64031.7,0.0005
2026-07-30 13:48:53,BTCUSDT,BINANCE,TRADE,64031.7,0.00031
2026-07-30 13:48:53,BTCUSDT,BINANCE,TRADE,64031.7,0.0005
2026-07-30 13:48:53,BTCUSDT,BINANCE,TRADE,64031.7,9e-05
2026-07-30 13:48:53,BTCUSDT,BINANCE,TRADE,64031.7,0.00057
2026-07-30 13:48:53,BTCUSDT,BINANCE,TRADE,64031.7,0.0005
2026-07-30 13:48:53,BTCUSDT,BINANCE,TRADE,64031.7,0.0005
2026-07-30 13:48:53,BTCUSDT,BINANCE,TRADE,64031.7,0.0005
2026-07-30 13:48:53,BTCUSDT,BINANCE,TRADE,64031.7,0.0013
2026-07-30 13:48:53,BTCUSDT,BINANCE,TRADE,64031.7,0.0005
2026-07-30 13:48:53,BTCUSDT,BINANCE,TRADE,64031.7,0.0005
2026-07-30 13:48:53,BTCUSDT,BINANCE,TRADE,64031.7,0.00013
2026-07-30 13:48:53,BTCUSDT,BINANCE,TRADE,64031.7,0.0005
2026-07-30 13:48:53,BTCUSDT,BINANCE,TRADE,64031.7,0.00515
2026-07-30 13:48:53,BTCUSDT,BINANCE,TRADE,64031.7,0.0005
2026-07-30 13:48:53,BTCUSDT,BINANCE,TRADE,64031.7,0.00019
2026-07-30 13:48:53,BTCUSDT,BINANCE,TRADE,64031.7,0.0005
2026-07-30 13:48:53,BTCUSDT,BINANCE,TRADE,64031.7,0.0005
2026-07-30 13:48:53,BTCUSDT,BINANCE,TRADE,64031.7,0.0005
2026-07-30 13:48:53,BTCUSDT,BINANCE,TRADE,64031.7,0.00024
2026-07-30 13:48:53,BTCUSDT,BINANCE,TRADE,64031.7,0.0005
2026-07-30 13:48:53,BTCUSDT,BINANCE,TRADE,64031.7,0.0005
2026-07-30 13:48:53,BTCUSDT,BINANCE,TRADE,64031.7,0.0005
2026-07-30 13:48:53,BTCUSDT,BINANCE,TRADE,64031.7,0.0005
2026-07-30 13:48:53,BTCUSDT,BINANCE,TRADE,64031.7,0.00024
2026-07-30 13:48:53,BTCUSDT,BINANCE,TRADE,64031.7,0.0005
2026-07-30 13:48:53,ETHUSDT,BINANCE,TRADE,1905.4,0.0338
2026-07-30 13:48:53,BTCUSDT,BINANCE,TRADE,64031.7,0.0005
2026-07-30 13:48:53,BTCUSDT,BINANCE,TRADE,64031.7,0.0005
2026-07-30 13:48:53,BTCUSDT,BINANCE,TRADE,64031.7,0.0005
2026-07-30 13:48:53,BTCUSDT,BINANCE,TRADE,64031.7,0.0005
2026-07-30 13:48:53,BTCUSDT,BINANCE,TRADE,64031.7,0.0005
2026-07-30 13:48:53,BTCUSDT,BINANCE,TRADE,64031.7,0.0002
2026-07-30 13:48:53,BTCUSDT,BINANCE,TRADE,64031.7,2e-05
2026-07-30 13:48:53,BTCUSDT,BINANCE,TRADE,64031.7,0.00045
2026-07-30 13:48:53,BTCUSDT,BINANCE,TRADE,64031.7,5e-05
2026-07-30 13:48:53,BTCUSDT,BINANCE,TRADE,64031.7,0.0005
2026-07-30 13:48:53,BTCUSDT,BINANCE,TRADE,64031.7,0.0005
2026-07-30 13:48:53,BTCUSDT,BINANCE,TRADE,64031.7,0.00314
2026-07-30 13:48:53,BTCUSDT,BINANCE,TRADE,64031.7,0.0005
2026-07-30 13:48:53,BTCUSDT,BINANCE,TRADE,64031.7,0.00029
2026-07-30 13:48:53,BTCUSDT,BINANCE,TRADE,64031.7,0.0005
2026-07-30 13:48:53,BTCUSDT,BINANCE,TRADE,64031.7,0.0005
2026-07-30 13:48:53,BTCUSDT,BINANCE,TRADE,64031.7,0.0005
2026-07-30 13:48:53,BTCUSDT,BINANCE,TRADE,64031.7,0.0005
2026-07-30 13:48:54,BTCUSDT,BINANCE,TRADE,64031.7,0.0005
2026-07-30 13:48:54,BTCUSDT,BINANCE,TRADE,64031.7,0.00795
2026-07-30 13:48:54,BTCUSDT,BINANCE,TRADE,64031.7,0.005
2026-07-30 13:48:54,BTCUSDT,BINANCE,TRADE,64031.7,0.005
2026-07-30 13:48:54,BTCUSDT,BINANCE,TRADE,64031.7,0.005
2026-07-30 13:48:54,BTCUSDT,BINANCE,TRADE,64031.7,0.005
2026-07-30 13:48:54,BTCUSDT,BINANCE,TRADE,64031.7,0.005
2026-07-30 13:48:54,BTCUSDT,BINANCE,TRADE,64031.7,0.0001
2026-07-30 13:48:54,BTCUSDT,BINANCE,TRADE,64031.7,0.005
2026-07-30 13:48:54,BTCUSDT,BINANCE,TRADE,64031.7,0.0078
2026-07-30 13:48:54,BTCUSDT,BINANCE,TRADE,64031.7,0.00078
2026-07-30 13:48:54,BTCUSDT,BINANCE,TRADE,64031.7,0.01741
2026-07-30 13:48:54,BTCUSDT,BINANCE,TRADE,64031.7,0.0005
2026-07-30 13:48:54,BTCUSDT,BINANCE,TRADE,64031.7,0.0001
2026-07-30 13:48:54,BTCUSDT,BINANCE,TRADE,64031.7,0.005
2026-07-30 13:48:54,BTCUSDT,BINANCE,TRADE,64031.7,0.0005
2026-07-30 13:48:54,BTCUSDT,BINANCE,TRADE,64031.7,0.005
2026-07-30 13:48:54,BTCUSDT,BINANCE,TRADE,64031.7,0.005
2026-07-30 13:48:54,BTCUSDT,BINANCE,TRADE,64031.7,0.01
2026-07-30 13:48:54,BTCUSDT,BINANCE,TRADE,64031.7,0.0005
2026-07-30 13:48:54,BTCUSDT,BINANCE,TRADE,64031.7,0.00537
2026-07-30 13:48:54,BTCUSDT,BINANCE,TRADE,64031.7,0.00149
2026-07-30 13:48:54,BTCUSDT,BINANCE,TRADE,64031.7,0.0005
2026-07-30 13:48:54,BTCUSDT,BINANCE,TRADE,64031.7,0.0005
2026-07-30 13:48:54,BTCUSDT,BINANCE,TRADE,64031.7,0.0005
2026-07-30 13:48:54,BTCUSDT,BINANCE,TRADE,64031.7,0.005
2026-07-30 13:48:54,BTCUSDT,BINANCE,TRADE,64031.7,0.0005
2026-07-30 13:48:54,BTCUSDT,BINANCE,TRADE,64031.7,0.00037
2026-07-30 13:48:54,BTCUSDT,BINANCE,TRADE,64031.7,0.00019
2026-07-30 13:48:54,BTCUSDT,BINANCE,TRADE,64031.7,0.0005
2026-07-30 13:48:54,BTCUSDT,BINANCE,TRADE,64031.7,0.00296
2026-07-30 13:48:54,ETHUSDT,BINANCE,TRADE,1905.4,0.2217
2026-07-30 13:48:54,BTCUSDT,BINANCE,TRADE,64031.7,0.003
2026-07-30 13:48:54,BTCUSDT,BINANCE,TRADE,64031.7,8e-05
2026-07-30 13:48:54,BTCUSDT,BINANCE,TRADE,64031.7,8e-05
2026-07-30 13:48:54,BTCUSDT,BINANCE,TRADE,64031.7,0.00184
2026-07-30 13:48:54,BTCUSDT,BINANCE,TRADE,64031.7,0.00023
2026-07-30 13:48:54,BTCUSDT,BINANCE,TRADE,64031.7,0.0005
2026-07-30 13:48:54,ETHUSDT,BINANCE,TRADE,1905.4,0.4638
2026-07-30 13:48:54,BTCUSDT,BINANCE,TRADE,64031.7,0.002
2026-07-30 13:48:54,ETHUSDT,BINANCE,TRADE,1905.4,0.1532
2026-07-30 13:48:54,ETHUSDT,BINANCE,TRADE,1905.4,0.1332
2026-07-30 13:48:54,BTCUSDT,BINANCE,TRADE,64031.7,0.0005
2026-07-30 13:48:54,ETHUSDT,BINANCE,TRADE,1905.4,0.0136
2026-07-30 13:48:54,ETHUSDT,BINANCE,TRADE,1905.4,0.0027
2026-07-30 13:48:54,ETHUSDT,BINANCE,TRADE,1905.4,0.0028
2026-07-30 13:48:54,ETHUSDT,BINANCE,TRADE,1905.4,0.0027
2026-07-30 13:48:54,ETHUSDT,BINANCE,TRADE,1905.4,0.0031
2026-07-30 13:48:54,ETHUSDT,BINANCE,TRADE,1905.4,0.0027
2026-07-30 13:48:54,ETHUSDT,BINANCE,TRADE,1905.4,0.0031
2026-07-30 13:48:54,ETHUSDT,BINANCE,TRADE,1905.4,0.0027
2026-07-30 13:48:54,ETHUSDT,BINANCE,TRADE,1905.4,0.0027
2026-07-30 13:48:54,ETHUSDT,BINANCE,TRADE,1905.4,0.0027
2026-07-30 13:48:54,ETHUSDT,BINANCE,TRADE,1905.4,0.0027
2026-07-30 13:48:54,ETHUSDT,BINANCE,TRADE,1905.4,0.0028
2026-07-30 13:48:54,ETHUSDT,BINANCE,TRADE,1905.4,0.0031
2026-07-30 13:48:54,ETHUSDT,BINANCE,TRADE,1905.4,0.0027
2026-07-30 13:48:54,ETHUSDT,BINANCE,TRADE,1905.4,0.0027
2026-07-30 13:48:54,ETHUSDT,BINANCE,TRADE,1905.4,0.0027
2026-07-30 13:48:54,ETHUSDT,BINANCE,TRADE,1905.4,0.0027
2026-07-30 13:48:54,BTCUSDT,BINANCE,TRADE,64031.7,0.0001
2026-07-30 13:48:54,ETHUSDT,BINANCE,TRADE,1905.39,0.003
2026-07-30 13:48:54,BTCUSDT,BINANCE,TRADE,64031.7,0.0005
2026-07-30 13:48:54,BTCUSDT,BINANCE,TRADE,64031.7,0.0005
2026-07-30 13:48:54,BTCUSDT,BINANCE,TRADE,64031.7,0.0005
2026-07-30 13:48:54,BTCUSDT,BINANCE,TRADE,64031.7,0.0005
2026-07-30 13:48:54,BTCUSDT,BINANCE,TRADE,64031.7,0.0005
2026-07-30 13:48:54,BTCUSDT,BINANCE,TRADE,64031.7,0.0005
2026-07-30 13:48:54,BTCUSDT,BINANCE,TRADE,64031.7,0.0005
2026-07-30 13:48:54,BTCUSDT,BINANCE,TRADE,64031.7,0.0005
2026-07-30 13:48:54,BTCUSDT,BINANCE,TRADE,64031.7,0.0013
2026-07-30 13:48:54,BTCUSDT,BINANCE,TRADE,64031.7,0.0005
2026-07-30 13:48:54,ETHUSDT,BINANCE,TRADE,1905.39,0.0027
2026-07-30 13:48:54,ETHUSDT,BINANCE,TRADE,1905.39,0.0027
2026-07-30 13:48:54,ETHUSDT,BINANCE,TRADE,1905.39,0.0028
2026-07-30 13:48:54,ETHUSDT,BINANCE,TRADE,1905.39,0.0027
2026-07-30 13:48:54,ETHUSDT,BINANCE,TRADE,1905.39,0.0027
2026-07-30 13:48:54,ETHUSDT,BINANCE,TRADE,1905.39,0.0031
2026-07-30 13:48:54,ETHUSDT,BINANCE,TRADE,1905.39,0.0031
2026-07-30 13:48:54,ETHUSDT,BINANCE,TRADE,1905.39,0.0024
2026-07-30 13:48:54,BTCUSDT,BINANCE,TRADE,64031.7,0.00033
2026-07-30 13:48:54,BTCUSDT,BINANCE,TRADE,64031.7,8e-05
2026-07-30 13:48:54,BTCUSDT,BINANCE,TRADE,64031.7,8e-05
2026-07-30 13:48:54,BTCUSDT,BINANCE,TRADE,64031.7,1e-05
2026-07-30 13:48:54,BTCUSDT,BINANCE,TRADE,64031.7,0.0005
2026-07-30 13:48:54,BTCUSDT,BINANCE,TRADE,64031.7,0.0005
2026-07-30 13:48:54,BTCUSDT,BINANCE,TRADE,64031.7,0.0005
2026-07-30 13:48:54,BTCUSDT,BINANCE,TRADE,64031.7,0.0005
2026-07-30 13:48:54,BTCUSDT,BINANCE,TRADE,64031.7,0.0005
2026-07-30 13:48:54,BTCUSDT,BINANCE,TRADE,64031.7,0.00099
2026-07-30 13:48:54,BTCUSDT,BINANCE,TRADE,64031.7,0.00033
2026-07-30 13:48:54,BTCUSDT,BINANCE,TRADE,64031.7,0.0005
2026-07-30 13:48:54,BTCUSDT,BINANCE,TRADE,64031.7,0.0005
2026-07-30 13:48:54,BTCUSDT,BINANCE,TRADE,64031.7,0.002
2026-07-30 13:48:54,BTCUSDT,BINANCE,TRADE,64031.7,1e-05
2026-07-30 13:48:54,BTCUSDT,BINANCE,TRADE,64031.7,8e-05
2026-07-30 13:48:54,BTCUSDT,BINANCE,TRADE,64031.7,8e-05
2026-07-30 13:48:54,BTCUSDT,BINANCE,TRADE,64031.7,9e-05
2026-07-30 13:48:54,BTCUSDT,BINANCE,TRADE,64031.7,0.00016
2026-07-30 13:48:54,BTCUSDT,BINANCE,TRADE,64031.7,8e-05
2026-07-30 13:48:54,BTCUSDT,BINANCE,TRADE,64031.7,8e-05
2026-07-30 13:48:54,BTCUSDT,BINANCE,TRADE,64031.7,0.00157
2026-07-30 13:48:54,BTCUSDT,BINANCE,TRADE,64031.7,8e-05
2026-07-30 13:48:54,BTCUSDT,BINANCE,TRADE,64031.7,0.00157
2026-07-30 13:48:54,BTCUSDT,BINANCE,TRADE,64031.7,8e-05
2026-07-30 13:48:54,BTCUSDT,BINANCE,TRADE,64031.7,0.00155
2026-07-30 13:48:54,BTCUSDT,BINANCE,TRADE,64031.7,7e-05
2026-07-30 13:48:54,BTCUSDT,BINANCE,TRADE,64031.7,0.0005
2026-07-30 13:48:54,BTCUSDT,BINANCE,TRADE,64031.7,0.0005
2026-07-30 13:48:54,BTCUSDT,BINANCE,TRADE,64031.7,0.0005
2026-07-30 13:48:54,BTCUSDT,BINANCE,TRADE,64031.7,0.0005
2026-07-30 13:48:54,BTCUSDT,BINANCE,TRADE,64031.7,0.0005
2026-07-30 13:48:54,BTCUSDT,BINANCE,TRADE,64031.7,0.0005
2026-07-30 13:48:54,BTCUSDT,BINANCE,TRADE,64031.7,0.0005
2026-07-30 13:48:54,BTCUSDT,BINANCE,TRADE,64031.7,0.01685
2026-07-30 13:48:54,BTCUSDT,BINANCE,TRADE,64031.7,0.0005
2026-07-30 13:48:54,BTCUSDT,BINANCE,TRADE,64031.7,0.0005
2026-07-30 13:48:54,BTCUSDT,BINANCE,TRADE,64031.7,0.0005
2026-07-30 13:48:54,BTCUSDT,BINANCE,TRADE,64031.7,0.00021
2026-07-30 13:48:54,BTCUSDT,BINANCE,TRADE,64031.7,0.0005
2026-07-30 13:48:54,BTCUSDT,BINANCE,TRADE,64031.7,0.00063
2026-07-30 13:48:54,BTCUSDT,BINANCE,TRADE,64031.7,0.0005
2026-07-30 13:48:54,BTCUSDT,BINANCE,TRADE,64031.7,0.0013
2026-07-30 13:48:54,BTCUSDT,BINANCE,TRADE,64031.7,0.0005
2026-07-30 13:48:54,BTCUSDT,BINANCE,TRADE,64031.7,0.0005
2026-07-30 13:48:54,BTCUSDT,BINANCE,TRADE,64031.7,0.0029
2026-07-30 13:48:54,BTCUSDT,BINANCE,TRADE,64031.7,0.0005
2026-07-30 13:48:54,ETHUSDT,BINANCE,TRADE,1905.39,0.0003
2026-07-30 13:48:54,ETHUSDT,BINANCE,TRADE,1905.39,0.0027
2026-07-30 13:48:54,ETHUSDT,BINANCE,TRADE,1905.39,0.0027
2026-07-30 13:48:54,ETHUSDT,BINANCE,TRADE,1905.39,0.0053
2026-07-30 13:48:54,ETHUSDT,BINANCE,TRADE,1905.39,0.0027
2026-07-30 13:48:54,ETHUSDT,BINANCE,TRADE,1905.39,0.0027
2026-07-30 13:48:54,ETHUSDT,BINANCE,TRADE,1905.39,0.0031
2026-07-30 13:48:54,ETHUSDT,BINANCE,TRADE,1905.39,0.0028
2026-07-30 13:48:54,ETHUSDT,BINANCE,TRADE,1905.39,0.0027
2026-07-30 13:48:54,ETHUSDT,BINANCE,TRADE,1905.39,0.0027
2026-07-30 13:48:54,ETHUSDT,BINANCE,TRADE,1905.39,0.0028
2026-07-30 13:48:54,ETHUSDT,BINANCE,TRADE,1905.39,0.0031
2026-07-30 13:48:54,ETHUSDT,BINANCE,TRADE,1905.39,0.0031
2026-07-30 13:48:54,ETHUSDT,BINANCE,TRADE,1905.39,0.0051
2026-07-30 13:48:54,ETHUSDT,BINANCE,TRADE,1905.38,0.0027
2026-07-30 13:48:54,ETHUSDT,BINANCE,TRADE,1905.38,0.0028
2026-07-30 13:48:54,ETHUSDT,BINANCE,TRADE,1905.38,0.0027
2026-07-30 13:48:54,ETHUSDT,BINANCE,TRADE,1905.38,0.0027
2026-07-30 13:48:54,ETHUSDT,BINANCE,TRADE,1905.38,0.0053
2026-07-30 13:48:54,ETHUSDT,BINANCE,TRADE,1905.38,0.0027
2026-07-30 13:48:54,ETHUSDT,BINANCE,TRADE,1905.38,0.0027
2026-07-30 13:48:54,ETHUSDT,BINANCE,TRADE,1905.38,0.0027
2026-07-30 13:48:54,ETHUSDT,BINANCE,TRADE,1905.38,0.0027
2026-07-30 13:48:54,ETHUSDT,BINANCE,TRADE,1905.38,0.0027
2026-07-30 13:48:54,ETHUSDT,BINANCE,TRADE,1905.38,0.0027
2026-07-30 13:48:54,ETHUSDT,BINANCE,TRADE,1905.37,0.0028
2026-07-30 13:48:54,ETHUSDT,BINANCE,TRADE,1905.37,0.0053
2026-07-30 13:48:54,ETHUSDT,BINANCE,TRADE,1905.36,0.0027
2026-07-30 13:48:54,ETHUSDT,BINANCE,TRADE,1905.36,0.0027
2026-07-30 13:48:54,ETHUSDT,BINANCE,TRADE,1905.36,0.0028
2026-07-30 13:48:54,ETHUSDT,BINANCE,TRADE,1905.36,0.0027
2026-07-30 13:48:54,ETHUSDT,BINANCE,TRADE,1905.36,0.0027
2026-07-30 13:48:54,ETHUSDT,BINANCE,TRADE,1905.36,0.0027
2026-07-30 13:48:54,ETHUSDT,BINANCE,TRADE,1905.35,0.0027
2026-07-30 13:48:54,ETHUSDT,BINANCE,TRADE,1905.35,0.0028
2026-07-30 13:48:54,ETHUSDT,BINANCE,TRADE,1905.35,0.0027
2026-07-30 13:48:54,ETHUSDT,BINANCE,TRADE,1905.33,0.0027
2026-07-30 13:48:54,ETHUSDT,BINANCE,TRADE,1905.33,0.0028
2026-07-30 13:48:54,ETHUSDT,BINANCE,TRADE,1905.33,0.0027
2026-07-30 13:48:54,ETHUSDT,BINANCE,TRADE,1905.31,0.0027
2026-07-30 13:48:54,ETHUSDT,BINANCE,TRADE,1905.31,0.0028
2026-07-30 13:48:54,ETHUSDT,BINANCE,TRADE,1905.31,0.0027
2026-07-30 13:48:54,ETHUSDT,BINANCE,TRADE,1905.31,0.0027
2026-07-30 13:48:54,ETHUSDT,BINANCE,TRADE,1905.3,0.0027
2026-07-30 13:48:54,ETHUSDT,BINANCE,TRADE,1905.3,0.0028
2026-07-30 13:48:54,ETHUSDT,BINANCE,TRADE,1905.28,0.0027
2026-07-30 13:48:54,ETHUSDT,BINANCE,TRADE,1905.28,0.0027
2026-07-30 13:48:54,ETHUSDT,BINANCE,TRADE,1905.28,0.0028
2026-07-30 13:48:54,ETHUSDT,BINANCE,TRADE,1905.28,0.0028
2026-07-30 13:48:54,ETHUSDT,BINANCE,TRADE,1905.28,0.0028
2026-07-30 13:48:54,ETHUSDT,BINANCE,TRADE,1905.28,0.0027
2026-07-30 13:48:54,ETHUSDT,BINANCE,TRADE,1905.28,0.0028
2026-07-30 13:48:54,BTCUSDT,BINANCE,TRADE,64031.7,0.0005
2026-07-30 13:48:54,BTCUSDT,BINANCE,TRADE,64031.7,0.0005
2026-07-30 13:48:54,BTCUSDT,BINANCE,TRADE,64031.7,0.0005
2026-07-30 13:48:54,BTCUSDT,BINANCE,TRADE,64031.7,0.0005
2026-07-30 13:48:54,BTCUSDT,BINANCE,TRADE,64031.7,0.00029
2026-07-30 13:48:54,BTCUSDT,BINANCE,TRADE,64031.7,0.0005
2026-07-30 13:48:54,BTCUSDT,BINANCE,TRADE,64031.7,0.00071
2026-07-30 13:48:54,BTCUSDT,BINANCE,TRADE,64031.7,0.0005
2026-07-30 13:48:54,BTCUSDT,BINANCE,TRADE,64031.7,0.00166
2026-07-30 13:48:54,BTCUSDT,BINANCE,TRADE,64031.7,0.0005
2026-07-30 13:48:54,BTCUSDT,BINANCE,TRADE,64031.7,0.0005
2026-07-30 13:48:54,BTCUSDT,BINANCE,TRADE,64031.7,0.0005
2026-07-30 13:48:54,BTCUSDT,BINANCE,TRADE,64031.7,0.0005
2026-07-30 13:48:54,BTCUSDT,BINANCE,TRADE,64031.7,0.00032
2026-07-30 13:48:54,BTCUSDT,BINANCE,TRADE,64031.7,0.0005
2026-07-30 13:48:54,BTCUSDT,BINANCE,TRADE,64031.7,0.0005
2026-07-30 13:48:54,BTCUSDT,BINANCE,TRADE,64031.7,0.0005
2026-07-30 13:48:54,ETHUSDT,BINANCE,TRADE,1905.27,0.0216
2026-07-30 13:48:54,BTCUSDT,BINANCE,TRADE,64031.7,0.0005
2026-07-30 13:48:54,BTCUSDT,BINANCE,TRADE,64031.7,0.0005
2026-07-30 13:48:54,BTCUSDT,BINANCE,TRADE,64031.7,0.0005
2026-07-30 13:48:54,BTCUSDT,BINANCE,TRADE,64031.7,0.00137
2026-07-30 13:48:54,BTCUSDT,BINANCE,TRADE,64031.7,0.0004
2026-07-30 13:48:54,BTCUSDT,BINANCE,TRADE,64031.7,0.0005
2026-07-30 13:48:54,BTCUSDT,BINANCE,TRADE,64031.7,0.00045
2026-07-30 13:48:54,BTCUSDT,BINANCE,TRADE,64031.7,0.0005
2026-07-30 13:48:54,BTCUSDT,BINANCE,TRADE,64031.7,0.0005
2026-07-30 13:48:54,BTCUSDT,BINANCE,TRADE,64031.7,0.0005
2026-07-30 13:48:54,BTCUSDT,BINANCE,TRADE,64031.7,0.0005
2026-07-30 13:48:54,BTCUSDT,BINANCE,TRADE,64031.7,0.0005
2026-07-30 13:48:54,BTCUSDT,BINANCE,TRADE,64031.7,0.0005
2026-07-30 13:48:54,BTCUSDT,BINANCE,TRADE,64031.7,0.0005
2026-07-30 13:48:54,BTCUSDT,BINANCE,TRADE,64031.7,0.0005
2026-07-30 13:48:54,BTCUSDT,BINANCE,TRADE,64031.7,0.0005
2026-07-30 13:48:54,BTCUSDT,BINANCE,TRADE,64031.7,0.00157
2026-07-30 13:48:54,BTCUSDT,BINANCE,TRADE,64031.7,0.00021
2026-07-30 13:48:54,BTCUSDT,BINANCE,TRADE,64031.7,0.0005
2026-07-30 13:48:54,BTCUSDT,BINANCE,TRADE,64031.7,0.0005
2026-07-30 13:48:54,BTCUSDT,BINANCE,TRADE,64031.7,0.0005
2026-07-30 13:48:54,BTCUSDT,BINANCE,TRADE,64031.7,0.0005
2026-07-30 13:48:54,BTCUSDT,BINANCE,TRADE,64031.7,0.0005
2026-07-30 13:48:54,BTCUSDT,BINANCE,TRADE,64031.7,0.00509
2026-07-30 13:48:54,BTCUSDT,BINANCE,TRADE,64031.7,0.0005
2026-07-30 13:48:54,BTCUSDT,BINANCE,TRADE,64031.7,0.0005
2026-07-30 13:48:54,BTCUSDT,BINANCE,TRADE,64031.7,0.0005
2026-07-30 13:48:54,BTCUSDT,BINANCE,TRADE,64031.7,0.00029
2026-07-30 13:48:54,BTCUSDT,BINANCE,TRADE,64031.7,0.0005
2026-07-30 13:48:54,BTCUSDT,BINANCE,TRADE,64031.7,0.0005
2026-07-30 13:48:54,BTCUSDT,BINANCE,TRADE,64031.7,0.00013
2026-07-30 13:48:54,BTCUSDT,BINANCE,TRADE,64031.7,0.00037
2026-07-30 13:48:54,BTCUSDT,BINANCE,TRADE,64031.7,0.00463
2026-07-30 13:48:54,BTCUSDT,BINANCE,TRADE,64031.7,0.005
2026-07-30 13:48:54,BTCUSDT,BINANCE,TRADE,64031.7,8e-05
2026-07-30 13:48:54,BTCUSDT,BINANCE,TRADE,64031.7,0.00029
2026-07-30 13:48:54,BTCUSDT,BINANCE,TRADE,64031.7,9e-05
2026-07-30 13:48:54,BTCUSDT,BINANCE,TRADE,64031.7,0.0005
2026-07-30 13:48:54,ETHUSDT,BINANCE,TRADE,1905.27,0.0027
2026-07-30 13:48:54,ETHUSDT,BINANCE,TRADE,1905.27,0.0027
2026-07-30 13:48:54,ETHUSDT,BINANCE,TRADE,1905.27,0.0027
2026-07-30 13:48:54,ETHUSDT,BINANCE,TRADE,1905.27,0.0099
2026-07-30 13:48:54,BTCUSDT,BINANCE,TRADE,64031.7,0.0005
2026-07-30 13:48:54,BTCUSDT,BINANCE,TRADE,64031.7,0.0005
2026-07-30 13:48:54,BTCUSDT,BINANCE,TRADE,64031.7,0.00421
2026-07-30 13:48:54,BTCUSDT,BINANCE,TRADE,64031.7,8e-05
2026-07-30 13:48:54,BTCUSDT,BINANCE,TRADE,64031.7,0.005
2026-07-30 13:48:54,BTCUSDT,BINANCE,TRADE,64031.7,8e-05
2026-07-30 13:48:54,BTCUSDT,BINANCE,TRADE,64031.7,0.00937
2026-07-30 13:48:54,BTCUSDT,BINANCE,TRADE,64031.7,0.0005
2026-07-30 13:48:54,BTCUSDT,BINANCE,TRADE,64031.7,0.005
2026-07-30 13:48:54,BTCUSDT,BINANCE,TRADE,64031.7,0.0005
2026-07-30 13:48:54,BTCUSDT,BINANCE,TRADE,64031.7,0.00019
2026-07-30 13:48:54,BTCUSDT,BINANCE,TRADE,64031.7,0.005
2026-07-30 13:48:54,BTCUSDT,BINANCE,TRADE,64031.7,0.0013
2026-07-30 13:48:54,BTCUSDT,BINANCE,TRADE,64031.7,0.0005
2026-07-30 13:48:54,BTCUSDT,BINANCE,TRADE,64031.7,0.00015
2026-07-30 13:48:54,BTCUSDT,BINANCE,TRADE,64031.7,0.0005
2026-07-30 13:48:54,BTCUSDT,BINANCE,TRADE,64031.7,0.00031
2026-07-30 13:48:54,ETHUSDT,BINANCE,TRADE,1905.27,0.5511
2026-07-30 13:48:54,ETHUSDT,BINANCE,TRADE,1905.27,0.0027
2026-07-30 13:48:54,ETHUSDT,BINANCE,TRADE,1905.27,0.0027
2026-07-30 13:48:54,ETHUSDT,BINANCE,TRADE,1905.27,0.0027
2026-07-30 13:48:54,ETHUSDT,BINANCE,TRADE,1905.27,0.0031
2026-07-30 13:48:54,ETHUSDT,BINANCE,TRADE,1905.27,0.0028
2026-07-30 13:48:54,ETHUSDT,BINANCE,TRADE,1905.27,0.0027
2026-07-30 13:48:54,ETHUSDT,BINANCE,TRADE,1905.27,0.0027
2026-07-30 13:48:54,ETHUSDT,BINANCE,TRADE,1905.27,0.0028
2026-07-30 13:48:54,ETHUSDT,BINANCE,TRADE,1905.27,0.0027
2026-07-30 13:48:54,ETHUSDT,BINANCE,TRADE,1905.27,0.0031
2026-07-30 13:48:54,ETHUSDT,BINANCE,TRADE,1905.27,0.0031
2026-07-30 13:48:54,ETHUSDT,BINANCE,TRADE,1905.27,0.0027
2026-07-30 13:48:54,ETHUSDT,BINANCE,TRADE,1905.27,0.0027
2026-07-30 13:48:54,ETHUSDT,BINANCE,TRADE,1905.27,0.0027
2026-07-30 13:48:54,ETHUSDT,BINANCE,TRADE,1905.27,0.0027
2026-07-30 13:48:54,ETHUSDT,BINANCE,TRADE,1905.27,0.0027
2026-07-30 13:48:54,ETHUSDT,BINANCE,TRADE,1905.27,0.0027
2026-07-30 13:48:54,ETHUSDT,BINANCE,TRADE,1905.26,0.0028
2026-07-30 13:48:54,ETHUSDT,BINANCE,TRADE,1905.26,0.0027
2026-07-30 13:48:54,ETHUSDT,BINANCE,TRADE,1905.26,0.0027
2026-07-30 13:48:54,ETHUSDT,BINANCE,TRADE,1905.26,0.0027
2026-07-30 13:48:54,ETHUSDT,BINANCE,TRADE,1905.26,0.0027
2026-07-30 13:48:54,ETHUSDT,BINANCE,TRADE,1905.25,0.0028
2026-07-30 13:48:54,ETHUSDT,BINANCE,TRADE,1905.25,0.0028
2026-07-30 13:48:54,ETHUSDT,BINANCE,TRADE,1905.25,0.0028
2026-07-30 13:48:54,ETHUSDT,BINANCE,TRADE,1905.25,0.0027
2026-07-30 13:48:54,ETHUSDT,BINANCE,TRADE,1905.25,0.0028
2026-07-30 13:48:54,BTCUSDT,BINANCE,TRADE,64031.7,0.0001
2026-07-30 13:48:54,BTCUSDT,BINANCE,TRADE,64031.7,8e-05
2026-07-30 13:48:54,BTCUSDT,BINANCE,TRADE,64031.7,8e-05
2026-07-30 13:48:54,BTCUSDT,BINANCE,TRADE,64031.7,8e-05
2026-07-30 13:48:54,BTCUSDT,BINANCE,TRADE,64031.7,9e-05
2026-07-30 13:48:54,BTCUSDT,BINANCE,TRADE,64031.7,7e-05
2026-07-30 13:48:54,BTCUSDT,BINANCE,TRADE,64031.7,1e-05
2026-07-30 13:48:54,BTCUSDT,BINANCE,TRADE,64031.7,8e-05
2026-07-30 13:48:54,BTCUSDT,BINANCE,TRADE,64031.7,8e-05
2026-07-30 13:48:54,BTCUSDT,BINANCE,TRADE,64031.7,0.00016
2026-07-30 13:48:54,BTCUSDT,BINANCE,TRADE,64031.7,8e-05
2026-07-30 13:48:54,BTCUSDT,BINANCE,TRADE,64031.7,8e-05
2026-07-30 13:48:54,BTCUSDT,BINANCE,TRADE,64031.7,8e-05
2026-07-30 13:48:54,BTCUSDT,BINANCE,TRADE,64031.7,0.00043
2026-07-30 13:48:54,BTCUSDT,BINANCE,TRADE,64031.7,0.0001
2026-07-30 13:48:54,ETHUSDT,BINANCE,TRADE,1905.24,0.0027
2026-07-30 13:48:54,ETHUSDT,BINANCE,TRADE,1905.24,0.0028
2026-07-30 13:48:54,ETHUSDT,BINANCE,TRADE,1905.24,0.0028
2026-07-30 13:48:54,ETHUSDT,BINANCE,TRADE,1905.24,0.0028
2026-07-30 13:48:54,ETHUSDT,BINANCE,TRADE,1905.24,0.0027
2026-07-30 13:48:54,ETHUSDT,BINANCE,TRADE,1905.24,0.0027
2026-07-30 13:48:54,ETHUSDT,BINANCE,TRADE,1905.24,0.0031
2026-07-30 13:48:54,ETHUSDT,BINANCE,TRADE,1905.24,0.0031
2026-07-30 13:48:54,ETHUSDT,BINANCE,TRADE,1905.24,0.0031
2026-07-30 13:48:54,ETHUSDT,BINANCE,TRADE,1905.24,0.0027
2026-07-30 13:48:54,ETHUSDT,BINANCE,TRADE,1905.24,0.0027
2026-07-30 13:48:54,ETHUSDT,BINANCE,TRADE,1905.24,0.0027
2026-07-30 13:48:54,ETHUSDT,BINANCE,TRADE,1905.24,0.0027
2026-07-30 13:48:54,ETHUSDT,BINANCE,TRADE,1905.24,0.0027
2026-07-30 13:48:54,ETHUSDT,BINANCE,TRADE,1905.24,0.0027
2026-07-30 13:48:54,ETHUSDT,BINANCE,TRADE,1905.24,0.0027
2026-07-30 13:48:54,ETHUSDT,BINANCE,TRADE,1905.24,0.0027
2026-07-30 13:48:54,ETHUSDT,BINANCE,TRADE,1905.24,0.0028
2026-07-30 13:48:54,ETHUSDT,BINANCE,TRADE,1905.24,0.0027
2026-07-30 13:48:54,ETHUSDT,BINANCE,TRADE,1905.24,0.0027
2026-07-30 13:48:54,ETHUSDT,BINANCE,TRADE,1905.24,0.0027
2026-07-30 13:48:54,BTCUSDT,BINANCE,TRADE,64031.7,0.0005
2026-07-30 13:48:54,BTCUSDT,BINANCE,TRADE,64031.7,0.0005
2026-07-30 13:48:54,BTCUSDT,BINANCE,TRADE,64031.7,0.00048
2026-07-30 13:48:54,BTCUSDT,BINANCE,TRADE,64031.7,0.00157
2026-07-30 13:48:54,BTCUSDT,BINANCE,TRADE,64031.7,0.00109
2026-07-30 13:48:54,BTCUSDT,BINANCE,TRADE,64031.7,0.0005
2026-07-30 13:48:54,BTCUSDT,BINANCE,TRADE,64031.7,0.0005
2026-07-30 13:48:54,BTCUSDT,BINANCE,TRADE,64031.7,0.0005
2026-07-30 13:48:54,BTCUSDT,BINANCE,TRADE,64031.7,0.0005
2026-07-30 13:48:54,BTCUSDT,BINANCE,TRADE,64031.7,0.0005
2026-07-30 13:48:55,BTCUSDT,BINANCE,TRADE,64031.7,0.0005
2026-07-30 13:48:55,ETHUSDT,BINANCE,TRADE,1905.24,0.2384
2026-07-30 13:48:55,BTCUSDT,BINANCE,TRADE,64031.7,0.0005
2026-07-30 13:48:55,BTCUSDT,BINANCE,TRADE,64031.7,0.00521
2026-07-30 13:48:55,BTCUSDT,BINANCE,TRADE,64031.7,0.0005
2026-07-30 13:48:55,BTCUSDT,BINANCE,TRADE,64031.7,0.0005
2026-07-30 13:48:55,BTCUSDT,BINANCE,TRADE,64031.7,0.0005
2026-07-30 13:48:55,BTCUSDT,BINANCE,TRADE,64031.7,0.0005
2026-07-30 13:48:55,BTCUSDT,BINANCE,TRADE,64031.7,0.00016
2026-07-30 13:48:55,BTCUSDT,BINANCE,TRADE,64031.7,0.0005
2026-07-30 13:48:55,BTCUSDT,BINANCE,TRADE,64031.7,0.0005
2026-07-30 13:48:55,BTCUSDT,BINANCE,TRADE,64031.7,0.00027
2026-07-30 13:48:55,BTCUSDT,BINANCE,TRADE,64031.7,0.0005
2026-07-30 13:48:55,BTCUSDT,BINANCE,TRADE,64031.7,0.0005
2026-07-30 13:48:55,BTCUSDT,BINANCE,TRADE,64031.7,0.0005
2026-07-30 13:48:55,BTCUSDT,BINANCE,TRADE,64031.7,0.0005
2026-07-30 13:48:55,BTCUSDT,BINANCE,TRADE,64031.7,0.0013
2026-07-30 13:48:55,BTCUSDT,BINANCE,TRADE,64031.7,0.0005
2026-07-30 13:48:55,BTCUSDT,BINANCE,TRADE,64031.7,0.00122
2026-07-30 13:48:55,BTCUSDT,BINANCE,TRADE,64031.7,0.00057
2026-07-30 13:48:55,BTCUSDT,BINANCE,TRADE,64031.7,0.0005
2026-07-30 13:48:55,BTCUSDT,BINANCE,TRADE,64031.7,0.00126
2026-07-30 13:48:55,BTCUSDT,BINANCE,TRADE,64031.7,0.0005
2026-07-30 13:48:55,BTCUSDT,BINANCE,TRADE,64031.7,0.00038
2026-07-30 13:48:55,BTCUSDT,BINANCE,TRADE,64031.7,0.0005
2026-07-30 13:48:55,BTCUSDT,BINANCE,TRADE,64031.7,0.0005
2026-07-30 13:48:55,BTCUSDT,BINANCE,TRADE,64031.7,0.0005
2026-07-30 13:48:55,BTCUSDT,BINANCE,TRADE,64031.7,0.0005
2026-07-30 13:48:55,BTCUSDT,BINANCE,TRADE,64031.7,0.00031
2026-07-30 13:48:55,BTCUSDT,BINANCE,TRADE,64031.7,0.0005
2026-07-30 13:48:55,BTCUSDT,BINANCE,TRADE,64031.7,0.00065
2026-07-30 13:48:55,BTCUSDT,BINANCE,TRADE,64031.7,0.0005
2026-07-30 13:48:55,BTCUSDT,BINANCE,TRADE,64031.7,0.00013
2026-07-30 13:48:55,BTCUSDT,BINANCE,TRADE,64031.7,0.0005
2026-07-30 13:48:55,BTCUSDT,BINANCE,TRADE,64031.7,0.0005
2026-07-30 13:48:55,ETHUSDT,BINANCE,TRADE,1905.24,0.0338
2026-07-30 13:48:55,BTCUSDT,BINANCE,TRADE,64031.7,0.0005
2026-07-30 13:48:55,BTCUSDT,BINANCE,TRADE,64031.7,0.0005
2026-07-30 13:48:55,BTCUSDT,BINANCE,TRADE,64031.7,0.0005
2026-07-30 13:48:55,BTCUSDT,BINANCE,TRADE,64031.7,0.00082
2026-07-30 13:48:55,BTCUSDT,BINANCE,TRADE,64031.7,0.0005
2026-07-30 13:48:55,BTCUSDT,BINANCE,TRADE,64031.7,0.0005
2026-07-30 13:48:55,BTCUSDT,BINANCE,TRADE,64031.7,0.00019
2026-07-30 13:48:55,BTCUSDT,BINANCE,TRADE,64031.7,0.0005
2026-07-30 13:48:55,BTCUSDT,BINANCE,TRADE,64031.7,0.0005
2026-07-30 13:48:55,BTCUSDT,BINANCE,TRADE,64031.7,0.0005
2026-07-30 13:48:55,BTCUSDT,BINANCE,TRADE,64031.7,0.0005
2026-07-30 13:48:55,BTCUSDT,BINANCE,TRADE,64031.7,0.0005
2026-07-30 13:48:55,BTCUSDT,BINANCE,TRADE,64031.7,0.0005
2026-07-30 13:48:55,BTCUSDT,BINANCE,TRADE,64031.7,0.0005
2026-07-30 13:48:55,BTCUSDT,BINANCE,TRADE,64031.7,0.0005
2026-07-30 13:48:55,BTCUSDT,BINANCE,TRADE,64031.7,0.0005
2026-07-30 13:48:55,BTCUSDT,BINANCE,TRADE,64031.7,0.0005
2026-07-30 13:48:55,BTCUSDT,BINANCE,TRADE,64031.7,0.0005
2026-07-30 13:48:55,BTCUSDT,BINANCE,TRADE,64031.7,0.0005
2026-07-30 13:48:55,BTCUSDT,BINANCE,TRADE,64031.7,0.004
2026-07-30 13:48:55,BTCUSDT,BINANCE,TRADE,64031.7,0.0005
2026-07-30 13:48:55,BTCUSDT,BINANCE,TRADE,64031.7,0.0005
2026-07-30 13:48:55,BTCUSDT,BINANCE,TRADE,64031.7,0.0005
2026-07-30 13:48:55,BTCUSDT,BINANCE,TRADE,64031.7,0.0005
2026-07-30 13:48:55,BTCUSDT,BINANCE,TRADE,64031.7,0.0005
2026-07-30 13:48:55,BTCUSDT,BINANCE,TRADE,64031.7,0.0005
2026-07-30 13:48:55,BTCUSDT,BINANCE,TRADE,64031.7,0.0005
2026-07-30 13:48:55,BTCUSDT,BINANCE,TRADE,64031.7,0.0005
2026-07-30 13:48:55,BTCUSDT,BINANCE,TRADE,64031.7,0.00029
2026-07-30 13:48:55,BTCUSDT,BINANCE,TRADE,64031.7,0.0005
2026-07-30 13:48:55,BTCUSDT,BINANCE,TRADE,64031.7,0.0005
2026-07-30 13:48:55,BTCUSDT,BINANCE,TRADE,64031.7,0.0005
2026-07-30 13:48:55,BTCUSDT,BINANCE,TRADE,64031.7,0.00013
2026-07-30 13:48:55,BTCUSDT,BINANCE,TRADE,64031.7,0.0005
2026-07-30 13:48:55,BTCUSDT,BINANCE,TRADE,64031.7,0.0005
2026-07-30 13:48:55,BTCUSDT,BINANCE,TRADE,64031.7,0.00023
2026-07-30 13:48:55,BTCUSDT,BINANCE,TRADE,64031.7,0.0005
2026-07-30 13:48:55,BTCUSDT,BINANCE,TRADE,64031.7,0.0005
2026-07-30 13:48:55,BTCUSDT,BINANCE,TRADE,64031.7,0.00076
2026-07-30 13:48:55,BTCUSDT,BINANCE,TRADE,64031.7,8e-05
2026-07-30 13:48:55,BTCUSDT,BINANCE,TRADE,64031.7,0.00453
2026-07-30 13:48:55,BTCUSDT,BINANCE,TRADE,64031.7,0.0005
2026-07-30 13:48:55,BTCUSDT,BINANCE,TRADE,64031.7,0.00047
2026-07-30 13:48:55,BTCUSDT,BINANCE,TRADE,64031.7,0.005
2026-07-30 13:48:55,BTCUSDT,BINANCE,TRADE,64031.7,8e-05
2026-07-30 13:48:55,BTCUSDT,BINANCE,TRADE,64031.7,9e-05
2026-07-30 13:48:55,BTCUSDT,BINANCE,TRADE,64031.7,8e-05
2026-07-30 13:48:55,BTCUSDT,BINANCE,TRADE,64031.7,0.00016
2026-07-30 13:48:55,BTCUSDT,BINANCE,TRADE,64031.7,8e-05
2026-07-30 13:48:55,BTCUSDT,BINANCE,TRADE,64031.7,8e-05
2026-07-30 13:48:55,BTCUSDT,BINANCE,TRADE,64031.7,8e-05
2026-07-30 13:48:55,BTCUSDT,BINANCE,TRADE,64031.7,8e-05
2026-07-30 13:48:55,BTCUSDT,BINANCE,TRADE,64031.7,0.0038
2026-07-30 13:48:55,BTCUSDT,BINANCE,TRADE,64031.7,0.0013
2026-07-30 13:48:55,BTCUSDT,BINANCE,TRADE,64031.7,0.00037
2026-07-30 13:48:55,BTCUSDT,BINANCE,TRADE,64031.7,0.0005
2026-07-30 13:48:55,BTCUSDT,BINANCE,TRADE,64031.7,0.00029
2026-07-30 13:48:55,BTCUSDT,BINANCE,TRADE,64031.7,0.005
2026-07-30 13:48:55,BTCUSDT,BINANCE,TRADE,64031.7,0.005
2026-07-30 13:48:55,BTCUSDT,BINANCE,TRADE,64031.7,0.0005
2026-07-30 13:48:55,BTCUSDT,BINANCE,TRADE,64031.7,0.0005
2026-07-30 13:48:55,BTCUSDT,BINANCE,TRADE,64031.7,0.0005
2026-07-30 13:48:55,BTCUSDT,BINANCE,TRADE,64031.7,0.0005
2026-07-30 13:48:55,BTCUSDT,BINANCE,TRADE,64031.7,0.0005
2026-07-30 13:48:55,BTCUSDT,BINANCE,TRADE,64031.7,0.0005
2026-07-30 13:48:55,BTCUSDT,BINANCE,TRADE,64031.7,0.0005
2026-07-30 13:48:55,BTCUSDT,BINANCE,TRADE,64031.7,0.0005
2026-07-30 13:48:55,BTCUSDT,BINANCE,TRADE,64031.7,0.0005
2026-07-30 13:48:55,BTCUSDT,BINANCE,TRADE,64031.7,0.0005
2026-07-30 13:48:55,BTCUSDT,BINANCE,TRADE,64031.7,0.0005
2026-07-30 13:48:55,BTCUSDT,BINANCE,TRADE,64031.7,0.00031
2026-07-30 13:48:55,BTCUSDT,BINANCE,TRADE,64031.7,0.0005
2026-07-30 13:48:55,BTCUSDT,BINANCE,TRADE,64031.7,0.0005
2026-07-30 13:48:55,BTCUSDT,BINANCE,TRADE,64031.7,0.0005
2026-07-30 13:48:55,BTCUSDT,BINANCE,TRADE,64031.7,0.0005
2026-07-30 13:48:55,BTCUSDT,BINANCE,TRADE,64031.7,0.0005
2026-07-30 13:48:55,BTCUSDT,BINANCE,TRADE,64031.7,0.0005
2026-07-30 13:48:55,BTCUSDT,BINANCE,TRADE,64031.7,0.00017
2026-07-30 13:48:55,BTCUSDT,BINANCE,TRADE,64031.7,0.0005
2026-07-30 13:48:55,BTCUSDT,BINANCE,TRADE,64031.7,0.0005
2026-07-30 13:48:55,ETHUSDT,BINANCE,TRADE,1905.24,0.0216
2026-07-30 13:48:55,BTCUSDT,BINANCE,TRADE,64031.7,0.0005
2026-07-30 13:48:55,BTCUSDT,BINANCE,TRADE,64031.7,0.0005
2026-07-30 13:48:55,BTCUSDT,BINANCE,TRADE,64031.7,0.0013
2026-07-30 13:48:55,BTCUSDT,BINANCE,TRADE,64031.7,0.0005
2026-07-30 13:48:55,BTCUSDT,BINANCE,TRADE,64031.7,0.0005
2026-07-30 13:48:55,BTCUSDT,BINANCE,TRADE,64031.7,0.0005
2026-07-30 13:48:55,BTCUSDT,BINANCE,TRADE,64031.7,0.0005
2026-07-30 13:48:55,BTCUSDT,BINANCE,TRADE,64031.7,0.0005
2026-07-30 13:48:55,BTCUSDT,BINANCE,TRADE,64031.7,8e-05
2026-07-30 13:48:55,BTCUSDT,BINANCE,TRADE,64031.7,0.0001
2026-07-30 13:48:55,BTCUSDT,BINANCE,TRADE,64031.7,9e-05
2026-07-30 13:48:55,BTCUSDT,BINANCE,TRADE,64031.7,0.00314
2026-07-30 13:48:55,BTCUSDT,BINANCE,TRADE,64031.7,0.002
2026-07-30 13:48:55,BTCUSDT,BINANCE,TRADE,64031.7,0.0005
2026-07-30 13:48:55,BTCUSDT,BINANCE,TRADE,64031.7,0.0001
2026-07-30 13:48:55,BTCUSDT,BINANCE,TRADE,64031.7,0.0005
2026-07-30 13:48:55,BTCUSDT,BINANCE,TRADE,64031.7,0.0005
2026-07-30 13:48:55,BTCUSDT,BINANCE,TRADE,64031.7,0.02854
2026-07-30 13:48:55,BTCUSDT,BINANCE,TRADE,64031.7,9e-05
2026-07-30 13:48:55,BTCUSDT,BINANCE,TRADE,64031.7,9e-05
2026-07-30 13:48:55,BTCUSDT,BINANCE,TRADE,64031.7,9e-05
2026-07-30 13:48:55,BTCUSDT,BINANCE,TRADE,64031.7,8e-05
2026-07-30 13:48:55,BTCUSDT,BINANCE,TRADE,64031.7,0.005
2026-07-30 13:48:55,BTCUSDT,BINANCE,TRADE,64031.7,8e-05
2026-07-30 13:48:55,BTCUSDT,BINANCE,TRADE,64031.7,8e-05
2026-07-30 13:48:55,BTCUSDT,BINANCE,TRADE,64031.7,9e-05
2026-07-30 13:48:55,BTCUSDT,BINANCE,TRADE,64031.7,0.00016
2026-07-30 13:48:55,BTCUSDT,BINANCE,TRADE,64031.7,8e-05
2026-07-30 13:48:55,BTCUSDT,BINANCE,TRADE,64031.7,8e-05
2026-07-30 13:48:55,BTCUSDT,BINANCE,TRADE,64031.7,8e-05
2026-07-30 13:48:55,BTCUSDT,BINANCE,TRADE,64031.7,0.01
2026-07-30 13:48:55,BTCUSDT,BINANCE,TRADE,64031.7,0.005
2026-07-30 13:48:55,BTCUSDT,BINANCE,TRADE,64031.7,0.005
2026-07-30 13:48:55,BTCUSDT,BINANCE,TRADE,64031.7,8e-05
2026-07-30 13:48:55,BTCUSDT,BINANCE,TRADE,64031.7,0.00375
2026-07-30 13:48:55,BTCUSDT,BINANCE,TRADE,64031.7,9e-05
2026-07-30 13:48:55,BTCUSDT,BINANCE,TRADE,64031.7,9e-05
2026-07-30 13:48:55,BTCUSDT,BINANCE,TRADE,64031.7,0.00016
2026-07-30 13:48:55,BTCUSDT,BINANCE,TRADE,64031.7,8e-05
2026-07-30 13:48:55,BTCUSDT,BINANCE,TRADE,64031.7,8e-05
2026-07-30 13:48:55,BTCUSDT,BINANCE,TRADE,64031.7,8e-05
2026-07-30 13:48:55,BTCUSDT,BINANCE,TRADE,64031.7,8e-05
2026-07-30 13:48:55,BTCUSDT,BINANCE,TRADE,64031.7,0.00016
2026-07-30 13:48:55,BTCUSDT,BINANCE,TRADE,64030.2,8e-05
2026-07-30 13:48:55,BTCUSDT,BINANCE,TRADE,64030,8e-05
2026-07-30 13:48:55,BTCUSDT,BINANCE,TRADE,64030,8e-05
2026-07-30 13:48:55,BTCUSDT,BINANCE,TRADE,64029.7,0.00093
2026-07-30 13:48:55,BTCUSDT,BINANCE,TRADE,64029.7,8e-05
2026-07-30 13:48:55,BTCUSDT,BINANCE,TRADE,64029.2,9e-05
2026-07-30 13:48:55,BTCUSDT,BINANCE,TRADE,64029.2,9e-05
2026-07-30 13:48:55,BTCUSDT,BINANCE,TRADE,64029.2,8e-05
2026-07-30 13:48:55,BTCUSDT,BINANCE,TRADE,64029.2,9e-05
2026-07-30 13:48:55,BTCUSDT,BINANCE,TRADE,64029.2,9e-05
2026-07-30 13:48:55,BTCUSDT,BINANCE,TRADE,64029.2,8e-05
2026-07-30 13:48:55,BTCUSDT,BINANCE,TRADE,64029.2,8e-05
2026-07-30 13:48:55,BTCUSDT,BINANCE,TRADE,64029.2,8e-05
2026-07-30 13:48:55,BTCUSDT,BINANCE,TRADE,64029.2,8e-05
2026-07-30 13:48:55,BTCUSDT,BINANCE,TRADE,64029.2,8e-05
2026-07-30 13:48:55,BTCUSDT,BINANCE,TRADE,64029.2,8e-05
2026-07-30 13:48:55,BTCUSDT,BINANCE,TRADE,64028.6,8e-05
2026-07-30 13:48:55,BTCUSDT,BINANCE,TRADE,64028.6,8e-05
2026-07-30 13:48:55,BTCUSDT,BINANCE,TRADE,64028.6,8e-05
2026-07-30 13:48:55,BTCUSDT,BINANCE,TRADE,64028.6,8e-05
2026-07-30 13:48:55,BTCUSDT,BINANCE,TRADE,64028.6,8e-05
2026-07-30 13:48:55,BTCUSDT,BINANCE,TRADE,64028,9e-05
2026-07-30 13:48:55,BTCUSDT,BINANCE,TRADE,64028,9e-05
2026-07-30 13:48:55,BTCUSDT,BINANCE,TRADE,64028,9e-05
2026-07-30 13:48:55,BTCUSDT,BINANCE,TRADE,64028,0.005
2026-07-30 13:48:55,BTCUSDT,BINANCE,TRADE,64028,0.005
2026-07-30 13:48:55,BTCUSDT,BINANCE,TRADE,64028,0.008
2026-07-30 13:48:55,BTCUSDT,BINANCE,TRADE,64028,0.006
2026-07-30 13:48:55,BTCUSDT,BINANCE,TRADE,64028,9e-05
2026-07-30 13:48:55,BTCUSDT,BINANCE,TRADE,64028,9e-05
2026-07-30 13:48:55,BTCUSDT,BINANCE,TRADE,64027.6,8e-05
2026-07-30 13:48:55,BTCUSDT,BINANCE,TRADE,64027.2,0.00023
2026-07-30 13:48:55,BTCUSDT,BINANCE,TRADE,64027.2,8e-05
2026-07-30 13:48:55,BTCUSDT,BINANCE,TRADE,64027.2,8e-05
2026-07-30 13:48:55,BTCUSDT,BINANCE,TRADE,64027.2,8e-05
2026-07-30 13:48:55,BTCUSDT,BINANCE,TRADE,64027.2,8e-05
2026-07-30 13:48:55,BTCUSDT,BINANCE,TRADE,64026.6,9e-05
2026-07-30 13:48:55,BTCUSDT,BINANCE,TRADE,64026.6,9e-05
2026-07-30 13:48:55,BTCUSDT,BINANCE,TRADE,64026.6,9e-05
2026-07-30 13:48:55,ETHUSDT,BINANCE,TRADE,1905.23,0.0027
2026-07-30 13:48:55,ETHUSDT,BINANCE,TRADE,1905.23,0.0027
2026-07-30 13:48:55,ETHUSDT,BINANCE,TRADE,1905.23,0.0027
2026-07-30 13:48:55,ETHUSDT,BINANCE,TRADE,1905.23,0.2612
2026-07-30 13:48:55,BTCUSDT,BINANCE,TRADE,64026.6,0.00023
2026-07-30 13:48:55,BTCUSDT,BINANCE,TRADE,64026.6,0.00027
2026-07-30 13:48:55,BTCUSDT,BINANCE,TRADE,64026.6,0.01
2026-07-30 13:48:55,BTCUSDT,BINANCE,TRADE,64026.6,0.005
2026-07-30 13:48:55,BTCUSDT,BINANCE,TRADE,64026.6,0.0005
2026-07-30 13:48:55,BTCUSDT,BINANCE,TRADE,64026.6,0.005
2026-07-30 13:48:55,BTCUSDT,BINANCE,TRADE,64026.6,0.0005
2026-07-30 13:48:55,BTCUSDT,BINANCE,TRADE,64026.6,0.00039
2026-07-30 13:48:55,BTCUSDT,BINANCE,TRADE,64026.6,0.0005
2026-07-30 13:48:55,BTCUSDT,BINANCE,TRADE,64026.6,0.0005
2026-07-30 13:48:55,BTCUSDT,BINANCE,TRADE,64026.6,0.0005
2026-07-30 13:48:55,ETHUSDT,BINANCE,TRADE,1905.23,0.003
2026-07-30 13:48:55,BTCUSDT,BINANCE,TRADE,64026.6,0.0005
2026-07-30 13:48:55,SOLUSDT,BINANCE,TRADE,73.43,0.072
2026-07-30 13:48:55,SOLUSDT,BINANCE,TRADE,73.43,0.072
2026-07-30 13:48:55,SOLUSDT,BINANCE,TRADE,73.43,0.072
2026-07-30 13:48:55,SOLUSDT,BINANCE,TRADE,73.43,0.072
2026-07-30 13:48:55,SOLUSDT,BINANCE,TRADE,73.43,0.072
2026-07-30 13:48:55,SOLUSDT,BINANCE,TRADE,73.43,0.072
2026-07-30 13:48:55,SOLUSDT,BINANCE,TRADE,73.43,0.072
2026-07-30 13:48:55,SOLUSDT,BINANCE,TRADE,73.43,0.072
2026-07-30 13:48:55,SOLUSDT,BINANCE,TRADE,73.43,0.072
2026-07-30 13:48:55,SOLUSDT,BINANCE,TRADE,73.43,0.072
2026-07-30 13:48:55,SOLUSDT,BINANCE,TRADE,73.43,0.069
2026-07-30 13:48:55,SOLUSDT,BINANCE,TRADE,73.43,0.137
2026-07-30 13:48:55,SOLUSDT,BINANCE,TRADE,73.43,0.229
2026-07-30 13:48:55,SOLUSDT,BINANCE,TRADE,73.43,0.277
2026-07-30 13:48:55,SOLUSDT,BINANCE,TRADE,73.43,0.13
2026-07-30 13:48:55,SOLUSDT,BINANCE,TRADE,73.43,0.13
2026-07-30 13:48:55,SOLUSDT,BINANCE,TRADE,73.43,0.13
2026-07-30 13:48:55,SOLUSDT,BINANCE,TRADE,73.43,0.07
2026-07-30 13:48:55,SOLUSDT,BINANCE,TRADE,73.43,0.072
2026-07-30 13:48:55,SOLUSDT,BINANCE,TRADE,73.43,0.072
2026-07-30 13:48:55,SOLUSDT,BINANCE,TRADE,73.43,0.072
2026-07-30 13:48:55,ETHUSDT,BINANCE,TRADE,1905.23,0.2816
2026-07-30 13:48:55,ETHUSDT,BINANCE,TRADE,1905.23,0.0027
2026-07-30 13:48:55,ETHUSDT,BINANCE,TRADE,1905.23,0.0027
2026-07-30 13:48:55,ETHUSDT,BINANCE,TRADE,1905.23,0.0027
2026-07-30 13:48:55,ETHUSDT,BINANCE,TRADE,1905.23,0.0027
2026-07-30 13:48:55,ETHUSDT,BINANCE,TRADE,1905.23,0.0027
2026-07-30 13:48:55,ETHUSDT,BINANCE,TRADE,1905.23,0.0031
2026-07-30 13:48:55,ETHUSDT,BINANCE,TRADE,1905.23,0.0027
2026-07-30 13:48:55,ETHUSDT,BINANCE,TRADE,1905.23,0.0027
2026-07-30 13:48:55,ETHUSDT,BINANCE,TRADE,1905.23,0.0028
2026-07-30 13:48:55,ETHUSDT,BINANCE,TRADE,1905.23,0.0027
2026-07-30 13:48:55,ETHUSDT,BINANCE,TRADE,1905.23,0.0028
2026-07-30 13:48:55,ETHUSDT,BINANCE,TRADE,1905.23,0.0027
2026-07-30 13:48:55,ETHUSDT,BINANCE,TRADE,1905.23,0.0031
2026-07-30 13:48:55,ETHUSDT,BINANCE,TRADE,1905.23,0.0031
2026-07-30 13:48:55,ETHUSDT,BINANCE,TRADE,1905.23,0.0027
2026-07-30 13:48:55,ETHUSDT,BINANCE,TRADE,1905.23,0.0027
2026-07-30 13:48:55,ETHUSDT,BINANCE,TRADE,1905.23,0.0027
2026-07-30 13:48:55,ETHUSDT,BINANCE,TRADE,1905.23,0.0027
2026-07-30 13:48:55,ETHUSDT,BINANCE,TRADE,1905.23,0.0027
2026-07-30 13:48:55,ETHUSDT,BINANCE,TRADE,1905.23,0.0027
2026-07-30 13:48:55,ETHUSDT,BINANCE,TRADE,1905.23,0.0027
2026-07-30 13:48:55,ETHUSDT,BINANCE,TRADE,1905.23,0.0027
2026-07-30 13:48:55,ETHUSDT,BINANCE,TRADE,1905.23,0.0027
2026-07-30 13:48:55,ETHUSDT,BINANCE,TRADE,1905.23,0.0027
2026-07-30 13:48:55,ETHUSDT,BINANCE,TRADE,1905.23,0.0027
2026-07-30 13:48:55,ETHUSDT,BINANCE,TRADE,1905.23,0.0027
2026-07-30 13:48:55,ETHUSDT,BINANCE,TRADE,1905.23,0.0027
2026-07-30 13:48:55,ETHUSDT,BINANCE,TRADE,1905.23,0.0027
2026-07-30 13:48:55,ETHUSDT,BINANCE,TRADE,1905.22,0.0027
2026-07-30 13:48:55,ETHUSDT,BINANCE,TRADE,1905.22,0.0027
2026-07-30 13:48:55,ETHUSDT,BINANCE,TRADE,1905.22,0.0027
2026-07-30 13:48:55,ETHUSDT,BINANCE,TRADE,1905.21,0.0027
2026-07-30 13:48:55,ETHUSDT,BINANCE,TRADE,1905.21,0.0028
2026-07-30 13:48:55,ETHUSDT,BINANCE,TRADE,1905.21,0.0027
2026-07-30 13:48:55,ETHUSDT,BINANCE,TRADE,1905.2,0.0027
2026-07-30 13:48:55,ETHUSDT,BINANCE,TRADE,1905.2,0.0028
2026-07-30 13:48:55,ETHUSDT,BINANCE,TRADE,1905.2,0.0027
2026-07-30 13:48:55,ETHUSDT,BINANCE,TRADE,1905.19,0.0027
2026-07-30 13:48:55,ETHUSDT,BINANCE,TRADE,1905.19,0.0028
2026-07-30 13:48:55,ETHUSDT,BINANCE,TRADE,1905.18,0.0027
2026-07-30 13:48:55,ETHUSDT,BINANCE,TRADE,1905.18,0.0028
2026-07-30 13:48:55,ETHUSDT,BINANCE,TRADE,1905.18,0.0027
2026-07-30 13:48:55,ETHUSDT,BINANCE,TRADE,1905.18,0.0027
2026-07-30 13:48:55,ETHUSDT,BINANCE,TRADE,1905.18,0.0027
2026-07-30 13:48:55,ETHUSDT,BINANCE,TRADE,1905.18,0.0027
2026-07-30 13:48:55,ETHUSDT,BINANCE,TRADE,1905.17,0.0027
2026-07-30 13:48:55,ETHUSDT,BINANCE,TRADE,1905.17,0.0027
2026-07-30 13:48:55,ETHUSDT,BINANCE,TRADE,1905.17,0.0027
2026-07-30 13:48:55,ETHUSDT,BINANCE,TRADE,1905.17,0.0028
2026-07-30 13:48:55,ETHUSDT,BINANCE,TRADE,1905.17,0.0028
2026-07-30 13:48:55,ETHUSDT,BINANCE,TRADE,1905.17,0.0028
2026-07-30 13:48:55,ETHUSDT,BINANCE,TRADE,1905.17,0.0027
2026-07-30 13:48:55,ETHUSDT,BINANCE,TRADE,1905.17,0.0027
2026-07-30 13:48:55,ETHUSDT,BINANCE,TRADE,1905.17,0.0027
2026-07-30 13:48:55,ETHUSDT,BINANCE,TRADE,1905.17,0.0028
2026-07-30 13:48:55,ETHUSDT,BINANCE,TRADE,1905.17,0.0027
2026-07-30 13:48:55,ETHUSDT,BINANCE,TRADE,1905.17,0.0027
2026-07-30 13:48:55,ETHUSDT,BINANCE,TRADE,1905.17,0.0027
2026-07-30 13:48:55,ETHUSDT,BINANCE,TRADE,1905.17,0.0027
2026-07-30 13:48:55,ETHUSDT,BINANCE,TRADE,1905.17,0.0027
2026-07-30 13:48:55,ETHUSDT,BINANCE,TRADE,1905.17,0.0027
2026-07-30 13:48:55,ETHUSDT,BINANCE,TRADE,1905.16,0.0027
2026-07-30 13:48:55,ETHUSDT,BINANCE,TRADE,1905.16,0.1205
2026-07-30 13:48:55,ETHUSDT,BINANCE,TRADE,1905.16,0.0028
2026-07-30 13:48:55,ETHUSDT,BINANCE,TRADE,1905.16,0.0027
2026-07-30 13:48:55,ETHUSDT,BINANCE,TRADE,1905.15,0.0028
2026-07-30 13:48:55,ETHUSDT,BINANCE,TRADE,1905.14,0.0027
2026-07-30 13:48:55,ETHUSDT,BINANCE,TRADE,1905.14,0.0027
2026-07-30 13:48:55,ETHUSDT,BINANCE,TRADE,1905.14,0.0028
2026-07-30 13:48:55,ETHUSDT,BINANCE,TRADE,1905.14,0.0027
2026-07-30 13:48:55,ETHUSDT,BINANCE,TRADE,1905.14,0.0027
2026-07-30 13:48:55,ETHUSDT,BINANCE,TRADE,1905.14,0.0027
2026-07-30 13:48:55,ETHUSDT,BINANCE,TRADE,1905.14,0.0027
2026-07-30 13:48:55,ETHUSDT,BINANCE,TRADE,1905.14,0.0027
2026-07-30 13:48:55,ETHUSDT,BINANCE,TRADE,1905.14,0.0027
2026-07-30 13:48:55,ETHUSDT,BINANCE,TRADE,1905.14,0.0027
2026-07-30 13:48:55,ETHUSDT,BINANCE,TRADE,1905.14,0.0027
2026-07-30 13:48:55,ETHUSDT,BINANCE,TRADE,1905.13,0.0028
2026-07-30 13:48:55,ETHUSDT,BINANCE,TRADE,1905.13,0.0028
2026-07-30 13:48:55,ETHUSDT,BINANCE,TRADE,1905.13,0.0028
2026-07-30 13:48:55,BTCUSDT,BINANCE,TRADE,64026.6,0.0005
2026-07-30 13:48:56,BTCUSDT,BINANCE,TRADE,64026.6,0.0005
2026-07-30 13:48:56,BTCUSDT,BINANCE,TRADE,64026.6,0.00031
2026-07-30 13:48:56,BTCUSDT,BINANCE,TRADE,64026.6,0.0005
2026-07-30 13:48:56,BTCUSDT,BINANCE,TRADE,64026.6,0.0005
2026-07-30 13:48:56,BTCUSDT,BINANCE,TRADE,64026.6,0.0005
2026-07-30 13:48:56,BTCUSDT,BINANCE,TRADE,64026.6,8e-05
2026-07-30 13:48:56,BTCUSDT,BINANCE,TRADE,64026.6,8e-05
2026-07-30 13:48:56,BTCUSDT,BINANCE,TRADE,64026.6,8e-05
2026-07-30 13:48:56,BTCUSDT,BINANCE,TRADE,64026.6,0.00026
2026-07-30 13:48:56,BTCUSDT,BINANCE,TRADE,64026.6,0.00066
2026-07-30 13:48:56,BTCUSDT,BINANCE,TRADE,64026.6,0.0005
2026-07-30 13:48:56,BTCUSDT,BINANCE,TRADE,64026.6,0.0005
2026-07-30 13:48:56,BTCUSDT,BINANCE,TRADE,64026.6,0.06405
2026-07-30 13:48:56,BTCUSDT,BINANCE,TRADE,64026.6,0.0005
2026-07-30 13:48:56,BTCUSDT,BINANCE,TRADE,64026.6,0.0005
2026-07-30 13:48:56,BTCUSDT,BINANCE,TRADE,64026.6,9e-05
2026-07-30 13:48:56,BTCUSDT,BINANCE,TRADE,64026.6,0.0005
2026-07-30 13:48:56,BTCUSDT,BINANCE,TRADE,64026.6,0.00515
2026-07-30 13:48:56,BTCUSDT,BINANCE,TRADE,64026.6,0.0005
2026-07-30 13:48:56,BTCUSDT,BINANCE,TRADE,64026.6,0.0005
2026-07-30 13:48:56,BTCUSDT,BINANCE,TRADE,64026.6,0.0005
2026-07-30 13:48:56,BTCUSDT,BINANCE,TRADE,64026.6,0.00019
2026-07-30 13:48:56,BTCUSDT,BINANCE,TRADE,64026.6,0.0005
2026-07-30 13:48:56,BTCUSDT,BINANCE,TRADE,64026.6,0.0005
2026-07-30 13:48:56,BTCUSDT,BINANCE,TRADE,64026.6,0.0005
2026-07-30 13:48:56,BTCUSDT,BINANCE,TRADE,64026.6,0.0005
2026-07-30 13:48:56,BTCUSDT,BINANCE,TRADE,64026.6,0.0005
2026-07-30 13:48:56,BTCUSDT,BINANCE,TRADE,64026.6,0.0005
2026-07-30 13:48:56,BTCUSDT,BINANCE,TRADE,64026.6,0.00398
2026-07-30 13:48:56,BTCUSDT,BINANCE,TRADE,64026.6,0.0029
2026-07-30 13:48:56,BTCUSDT,BINANCE,TRADE,64026.6,0.0005
2026-07-30 13:48:56,BTCUSDT,BINANCE,TRADE,64026.6,0.00024
2026-07-30 13:48:56,BTCUSDT,BINANCE,TRADE,64026.6,0.0005
2026-07-30 13:48:56,BTCUSDT,BINANCE,TRADE,64026.6,0.00038
2026-07-30 13:48:56,BTCUSDT,BINANCE,TRADE,64026.6,0.01434
2026-07-30 13:48:56,BTCUSDT,BINANCE,TRADE,64026.6,0.0005
2026-07-30 13:48:56,BTCUSDT,BINANCE,TRADE,64026.6,0.0005
2026-07-30 13:48:56,BTCUSDT,BINANCE,TRADE,64026.6,0.00063
2026-07-30 13:48:56,BTCUSDT,BINANCE,TRADE,64026.6,0.0005
2026-07-30 13:48:56,BTCUSDT,BINANCE,TRADE,64026.6,0.0005
2026-07-30 13:48:56,BTCUSDT,BINANCE,TRADE,64026.6,0.0005
2026-07-30 13:48:56,BTCUSDT,BINANCE,TRADE,64026.6,0.0005
2026-07-30 13:48:56,BTCUSDT,BINANCE,TRADE,64026.6,0.0005
2026-07-30 13:48:56,BTCUSDT,BINANCE,TRADE,64026.6,0.0013
2026-07-30 13:48:56,BTCUSDT,BINANCE,TRADE,64026.6,0.0005
2026-07-30 13:48:56,BTCUSDT,BINANCE,TRADE,64026.6,0.0005
2026-07-30 13:48:56,BTCUSDT,BINANCE,TRADE,64026.6,0.0005
2026-07-30 13:48:56,BTCUSDT,BINANCE,TRADE,64026.6,0.0005
2026-07-30 13:48:56,BTCUSDT,BINANCE,TRADE,64026.6,0.0005
2026-07-30 13:48:56,BTCUSDT,BINANCE,TRADE,64026.6,0.00021
2026-07-30 13:48:56,BTCUSDT,BINANCE,TRADE,64026.6,0.005
2026-07-30 13:48:56,BTCUSDT,BINANCE,TRADE,64026.6,0.005
2026-07-30 13:48:56,BTCUSDT,BINANCE,TRADE,64026.6,0.0005
2026-07-30 13:48:56,BTCUSDT,BINANCE,TRADE,64026.6,0.0005
2026-07-30 13:48:56,BTCUSDT,BINANCE,TRADE,64026.6,0.00057
2026-07-30 13:48:56,BTCUSDT,BINANCE,TRADE,64026.6,0.0005
2026-07-30 13:48:56,BTCUSDT,BINANCE,TRADE,64026.6,0.00022
2026-07-30 13:48:56,BTCUSDT,BINANCE,TRADE,64026.6,0.0005
2026-07-30 13:48:56,BTCUSDT,BINANCE,TRADE,64026.6,0.00017
2026-07-30 13:48:56,BTCUSDT,BINANCE,TRADE,64026.6,0.0005
2026-07-30 13:48:56,BTCUSDT,BINANCE,TRADE,64026.6,0.0005
2026-07-30 13:48:56,BTCUSDT,BINANCE,TRADE,64026.6,0.0005
2026-07-30 13:48:56,BTCUSDT,BINANCE,TRADE,64026.6,0.0005
2026-07-30 13:48:56,BTCUSDT,BINANCE,TRADE,64026.6,0.0005
2026-07-30 13:48:56,BTCUSDT,BINANCE,TRADE,64026.6,0.0005
2026-07-30 13:48:56,BTCUSDT,BINANCE,TRADE,64026.6,0.0005
2026-07-30 13:48:56,BTCUSDT,BINANCE,TRADE,64026.6,0.0005
2026-07-30 13:48:56,BTCUSDT,BINANCE,TRADE,64026.6,0.0005
2026-07-30 13:48:56,ETHUSDT,BINANCE,TRADE,1905.12,0.0027
2026-07-30 13:48:56,ETHUSDT,BINANCE,TRADE,1905.12,0.0027
2026-07-30 13:48:56,ETHUSDT,BINANCE,TRADE,1905.12,0.0027
2026-07-30 13:48:56,ETHUSDT,BINANCE,TRADE,1905.12,0.0031
2026-07-30 13:48:56,ETHUSDT,BINANCE,TRADE,1905.12,0.0053
2026-07-30 13:48:56,ETHUSDT,BINANCE,TRADE,1905.12,0.0027
2026-07-30 13:48:56,ETHUSDT,BINANCE,TRADE,1905.12,0.0027
2026-07-30 13:48:56,ETHUSDT,BINANCE,TRADE,1905.12,0.0028
2026-07-30 13:48:56,ETHUSDT,BINANCE,TRADE,1905.12,0.0027
2026-07-30 13:48:56,ETHUSDT,BINANCE,TRADE,1905.12,0.0031
2026-07-30 13:48:56,ETHUSDT,BINANCE,TRADE,1905.12,0.0028
2026-07-30 13:48:56,ETHUSDT,BINANCE,TRADE,1905.12,0.0027
2026-07-30 13:48:56,ETHUSDT,BINANCE,TRADE,1905.12,0.0031
2026-07-30 13:48:56,ETHUSDT,BINANCE,TRADE,1905.12,0.0027
2026-07-30 13:48:56,ETHUSDT,BINANCE,TRADE,1905.12,0.0027
2026-07-30 13:48:56,ETHUSDT,BINANCE,TRADE,1905.11,0.0027
2026-07-30 13:48:56,ETHUSDT,BINANCE,TRADE,1905.11,0.0053
2026-07-30 13:48:56,ETHUSDT,BINANCE,TRADE,1905.11,0.0027
2026-07-30 13:48:56,ETHUSDT,BINANCE,TRADE,1905.1,0.0027
2026-07-30 13:48:56,ETHUSDT,BINANCE,TRADE,1905.1,0.0027
2026-07-30 13:48:56,ETHUSDT,BINANCE,TRADE,1905.1,0.01
2026-07-30 13:48:56,ETHUSDT,BINANCE,TRADE,1905.1,0.0027
2026-07-30 13:48:56,ETHUSDT,BINANCE,TRADE,1905.1,0.0053
2026-07-30 13:48:56,ETHUSDT,BINANCE,TRADE,1905.1,0.0028
2026-07-30 13:48:56,ETHUSDT,BINANCE,TRADE,1905.1,0.0027
2026-07-30 13:48:56,ETHUSDT,BINANCE,TRADE,1905.1,0.0027
2026-07-30 13:48:56,ETHUSDT,BINANCE,TRADE,1905.09,0.0028
2026-07-30 13:48:56,ETHUSDT,BINANCE,TRADE,1905.08,0.0028
2026-07-30 13:48:56,ETHUSDT,BINANCE,TRADE,1905.07,0.0028
2026-07-30 13:48:56,ETHUSDT,BINANCE,TRADE,1905.05,0.0027
2026-07-30 13:48:56,ETHUSDT,BINANCE,TRADE,1905.05,0.0028
2026-07-30 13:48:56,ETHUSDT,BINANCE,TRADE,1905.05,0.0028
2026-07-30 13:48:56,ETHUSDT,BINANCE,TRADE,1905.05,0.0028
2026-07-30 13:48:56,ETHUSDT,BINANCE,TRADE,1905.05,0.0027
2026-07-30 13:48:56,ETHUSDT,BINANCE,TRADE,1905.05,0.0028
2026-07-30 13:48:56,ETHUSDT,BINANCE,TRADE,1905.05,0.0027
2026-07-30 13:48:56,ETHUSDT,BINANCE,TRADE,1905.05,0.0027
2026-07-30 13:48:56,ETHUSDT,BINANCE,TRADE,1905.05,0.0027
2026-07-30 13:48:56,BTCUSDT,BINANCE,TRADE,64026.6,0.0005
2026-07-30 13:48:56,BTCUSDT,BINANCE,TRADE,64026.6,0.0005
2026-07-30 13:48:56,BTCUSDT,BINANCE,TRADE,64026.6,0.00016
2026-07-30 13:48:56,ETHUSDT,BINANCE,TRADE,1905.05,0.2036
2026-07-30 13:48:56,BTCUSDT,BINANCE,TRADE,64026.6,0.0005
2026-07-30 13:48:56,BTCUSDT,BINANCE,TRADE,64026.6,0.00884
2026-07-30 13:48:56,BTCUSDT,BINANCE,TRADE,64026.6,0.0013
2026-07-30 13:48:56,BTCUSDT,BINANCE,TRADE,64026.6,0.0005
2026-07-30 13:48:56,BTCUSDT,BINANCE,TRADE,64026.6,0.002
2026-07-30 13:48:56,BTCUSDT,BINANCE,TRADE,64026.6,0.0005
2026-07-30 13:48:56,BTCUSDT,BINANCE,TRADE,64026.6,0.0005
2026-07-30 13:48:56,BTCUSDT,BINANCE,TRADE,64026.6,0.0001
2026-07-30 13:48:56,BTCUSDT,BINANCE,TRADE,64026.6,0.0005
2026-07-30 13:48:56,BTCUSDT,BINANCE,TRADE,64026.6,0.0005
2026-07-30 13:48:56,BTCUSDT,BINANCE,TRADE,64026.6,0.0005
2026-07-30 13:48:56,BTCUSDT,BINANCE,TRADE,64026.6,0.0005
2026-07-30 13:48:56,BTCUSDT,BINANCE,TRADE,64026.6,0.0005
2026-07-30 13:48:56,BTCUSDT,BINANCE,TRADE,64026.6,0.0005
2026-07-30 13:48:56,BTCUSDT,BINANCE,TRADE,64026.6,0.0005
2026-07-30 13:48:56,BTCUSDT,BINANCE,TRADE,64026.6,0.00021
2026-07-30 13:48:56,BTCUSDT,BINANCE,TRADE,64026.6,0.0005
2026-07-30 13:48:56,ETHUSDT,BINANCE,TRADE,1905.04,0.0027
2026-07-30 13:48:56,ETHUSDT,BINANCE,TRADE,1905.04,0.0027
2026-07-30 13:48:56,ETHUSDT,BINANCE,TRADE,1905.04,0.0028
2026-07-30 13:48:56,ETHUSDT,BINANCE,TRADE,1905.04,0.0256
2026-07-30 13:48:56,BTCUSDT,BINANCE,TRADE,64026.6,0.0005
2026-07-30 13:48:56,BTCUSDT,BINANCE,TRADE,64026.6,0.0005
2026-07-30 13:48:56,BTCUSDT,BINANCE,TRADE,64026.6,0.0005
2026-07-30 13:48:56,BTCUSDT,BINANCE,TRADE,64026.6,0.0005
2026-07-30 13:48:56,BTCUSDT,BINANCE,TRADE,64026.6,0.0005
2026-07-30 13:48:56,BTCUSDT,BINANCE,TRADE,64026.6,0.0005
2026-07-30 13:48:56,BTCUSDT,BINANCE,TRADE,64026.6,0.0005
2026-07-30 13:48:56,BTCUSDT,BINANCE,TRADE,64026.6,0.0005
2026-07-30 13:48:56,BTCUSDT,BINANCE,TRADE,64026.6,0.0005
2026-07-30 13:48:56,BTCUSDT,BINANCE,TRADE,64026.6,0.005
2026-07-30 13:48:56,BTCUSDT,BINANCE,TRADE,64026.6,0.0005
2026-07-30 13:48:56,BTCUSDT,BINANCE,TRADE,64026.6,0.0014
2026-07-30 13:48:56,BTCUSDT,BINANCE,TRADE,64026.6,0.0005
2026-07-30 13:48:56,BTCUSDT,BINANCE,TRADE,64026.6,0.0005
2026-07-30 13:48:56,BTCUSDT,BINANCE,TRADE,64026.6,0.0005
2026-07-30 13:48:56,ETHUSDT,BINANCE,TRADE,1905.05,0.0027
2026-07-30 13:48:56,BTCUSDT,BINANCE,TRADE,64026.6,0.0005
2026-07-30 13:48:56,BTCUSDT,BINANCE,TRADE,64026.6,0.00521
2026-07-30 13:48:56,BTCUSDT,BINANCE,TRADE,64026.6,0.00017
2026-07-30 13:48:56,BTCUSDT,BINANCE,TRADE,64026.6,0.0005
2026-07-30 13:48:56,BTCUSDT,BINANCE,TRADE,64026.6,0.00314
2026-07-30 13:48:56,BTCUSDT,BINANCE,TRADE,64026.6,0.0005
2026-07-30 13:48:56,BTCUSDT,BINANCE,TRADE,64026.6,0.0005
2026-07-30 13:48:56,BTCUSDT,BINANCE,TRADE,64026.6,0.0005
2026-07-30 13:48:56,BTCUSDT,BINANCE,TRADE,64026.6,0.0005
2026-07-30 13:48:56,BTCUSDT,BINANCE,TRADE,64026.6,0.0005
2026-07-30 13:48:56,BTCUSDT,BINANCE,TRADE,64026.6,0.0005
2026-07-30 13:48:56,BTCUSDT,BINANCE,TRADE,64026.6,0.01874
2026-07-30 13:48:56,BTCUSDT,BINANCE,TRADE,64026.6,0.0005
2026-07-30 13:48:56,BTCUSDT,BINANCE,TRADE,64026.6,0.0005
2026-07-30 13:48:56,BTCUSDT,BINANCE,TRADE,64026.6,0.0005
2026-07-30 13:48:56,BTCUSDT,BINANCE,TRADE,64026.6,0.0005
2026-07-30 13:48:56,ETHUSDT,BINANCE,TRADE,1905.04,0.0216
2026-07-30 13:48:56,BTCUSDT,BINANCE,TRADE,64026.6,0.0005
2026-07-30 13:48:56,BTCUSDT,BINANCE,TRADE,64026.6,0.0005
2026-07-30 13:48:56,BTCUSDT,BINANCE,TRADE,64026.6,0.00015
2026-07-30 13:48:56,ETHUSDT,BINANCE,TRADE,1905.04,0.0523
2026-07-30 13:48:56,BTCUSDT,BINANCE,TRADE,64026.6,0.0005
2026-07-30 13:48:56,BTCUSDT,BINANCE,TRADE,64026.6,0.0005
2026-07-30 13:48:56,BTCUSDT,BINANCE,TRADE,64026.6,0.0005
2026-07-30 13:48:56,BTCUSDT,BINANCE,TRADE,64026.6,0.0005
2026-07-30 13:48:56,BTCUSDT,BINANCE,TRADE,64026.6,0.0005
2026-07-30 13:48:56,BTCUSDT,BINANCE,TRADE,64026.6,0.00099
2026-07-30 13:48:56,BTCUSDT,BINANCE,TRADE,64026.6,0.0013
2026-07-30 13:48:56,BTCUSDT,BINANCE,TRADE,64026.6,0.0005
2026-07-30 13:48:56,BTCUSDT,BINANCE,TRADE,64026.6,0.0005
2026-07-30 13:48:56,BTCUSDT,BINANCE,TRADE,64026.6,0.0005
2026-07-30 13:48:56,BTCUSDT,BINANCE,TRADE,64026.6,0.00159
2026-07-30 13:48:56,BTCUSDT,BINANCE,TRADE,64026.6,0.00122
2026-07-30 13:48:57,BTCUSDT,BINANCE,TRADE,64026.6,0.0005
2026-07-30 13:48:57,BTCUSDT,BINANCE,TRADE,64026.6,0.0005
2026-07-30 13:48:57,BTCUSDT,BINANCE,TRADE,64026.6,0.0005
2026-07-30 13:48:57,BTCUSDT,BINANCE,TRADE,64026.6,0.0005
2026-07-30 13:48:57,BTCUSDT,BINANCE,TRADE,64026.6,0.0005
2026-07-30 13:48:57,BTCUSDT,BINANCE,TRADE,64026.6,0.0005
2026-07-30 13:48:57,BTCUSDT,BINANCE,TRADE,64026.6,0.0005
2026-07-30 13:48:57,BTCUSDT,BINANCE,TRADE,64026.6,0.00045
2026-07-30 13:48:57,BTCUSDT,BINANCE,TRADE,64026.6,0.0005
2026-07-30 13:48:57,ETHUSDT,BINANCE,TRADE,1905.05,0.0049
2026-07-30 13:48:57,BTCUSDT,BINANCE,TRADE,64026.6,0.0005
2026-07-30 13:48:57,BTCUSDT,BINANCE,TRADE,64026.6,0.00029
2026-07-30 13:48:57,BTCUSDT,BINANCE,TRADE,64026.6,0.0005
2026-07-30 13:48:57,BTCUSDT,BINANCE,TRADE,64026.6,0.0005
2026-07-30 13:48:57,BTCUSDT,BINANCE,TRADE,64026.6,0.0005
2026-07-30 13:48:57,BTCUSDT,BINANCE,TRADE,64026.6,0.0005
2026-07-30 13:48:57,BTCUSDT,BINANCE,TRADE,64026.6,0.002
2026-07-30 13:48:57,BTCUSDT,BINANCE,TRADE,64026.6,0.0005
2026-07-30 13:48:57,BTCUSDT,BINANCE,TRADE,64026.6,0.00033
2026-07-30 13:48:57,BTCUSDT,BINANCE,TRADE,64026.6,0.0005
2026-07-30 13:48:57,BTCUSDT,BINANCE,TRADE,64026.6,0.0005
2026-07-30 13:48:57,BTCUSDT,BINANCE,TRADE,64026.6,0.0005
2026-07-30 13:48:57,BTCUSDT,BINANCE,TRADE,64026.6,0.00029
2026-07-30 13:48:57,BTCUSDT,BINANCE,TRADE,64026.6,0.0005
2026-07-30 13:48:57,BTCUSDT,BINANCE,TRADE,64026.6,0.00017
2026-07-30 13:48:57,BTCUSDT,BINANCE,TRADE,64026.6,0.0005
2026-07-30 13:48:57,BTCUSDT,BINANCE,TRADE,64026.6,0.0005
2026-07-30 13:48:57,BTCUSDT,BINANCE,TRADE,64026.6,0.0013
2026-07-30 13:48:57,BTCUSDT,BINANCE,TRADE,64026.6,0.0005
2026-07-30 13:48:57,BTCUSDT,BINANCE,TRADE,64026.6,0.00157
2026-07-30 13:48:57,BTCUSDT,BINANCE,TRADE,64026.6,0.0005
2026-07-30 13:48:57,BTCUSDT,BINANCE,TRADE,64026.6,0.00059
2026-07-30 13:48:57,BTCUSDT,BINANCE,TRADE,64026.6,0.00037
2026-07-30 13:48:57,BTCUSDT,BINANCE,TRADE,64026.6,0.0005
2026-07-30 13:48:57,BTCUSDT,BINANCE,TRADE,64026.6,0.00031
2026-07-30 13:48:57,BTCUSDT,BINANCE,TRADE,64026.6,0.0005
2026-07-30 13:48:57,ETHUSDT,BINANCE,TRADE,1905.05,0.0053
2026-07-30 13:48:57,BTCUSDT,BINANCE,TRADE,64026.6,0.0005
2026-07-30 13:48:57,BTCUSDT,BINANCE,TRADE,64026.6,0.0005
2026-07-30 13:48:57,BTCUSDT,BINANCE,TRADE,64026.6,0.00038
2026-07-30 13:48:57,BTCUSDT,BINANCE,TRADE,64026.6,0.0005
2026-07-30 13:48:57,BTCUSDT,BINANCE,TRADE,64026.6,0.0005
2026-07-30 13:48:57,BTCUSDT,BINANCE,TRADE,64026.6,0.0005
2026-07-30 13:48:57,BTCUSDT,BINANCE,TRADE,64026.6,0.0005
2026-07-30 13:48:57,BTCUSDT,BINANCE,TRADE,64026.6,0.0005
2026-07-30 13:48:57,ETHUSDT,BINANCE,TRADE,1905.05,0.0475
2026-07-30 13:48:57,BTCUSDT,BINANCE,TRADE,64026.6,0.0005
2026-07-30 13:48:57,BTCUSDT,BINANCE,TRADE,64026.6,0.0005
2026-07-30 13:48:57,BTCUSDT,BINANCE,TRADE,64026.6,0.0005
2026-07-30 13:48:57,BTCUSDT,BINANCE,TRADE,64026.6,0.0005
2026-07-30 13:48:57,BTCUSDT,BINANCE,TRADE,64026.6,0.0005
2026-07-30 13:48:57,BTCUSDT,BINANCE,TRADE,64026.6,0.00027
2026-07-30 13:48:57,BTCUSDT,BINANCE,TRADE,64026.6,0.0005
2026-07-30 13:48:57,BTCUSDT,BINANCE,TRADE,64026.6,0.0005
2026-07-30 13:48:57,BTCUSDT,BINANCE,TRADE,64026.6,0.00064
2026-07-30 13:48:57,BTCUSDT,BINANCE,TRADE,64026.6,0.0005
2026-07-30 13:48:57,BTCUSDT,BINANCE,TRADE,64026.6,0.0005
2026-07-30 13:48:57,BTCUSDT,BINANCE,TRADE,64026.6,0.0005
2026-07-30 13:48:57,ETHUSDT,BINANCE,TRADE,1905.04,0.0103
2026-07-30 13:48:57,BTCUSDT,BINANCE,TRADE,64026.6,0.0005
2026-07-30 13:48:57,BTCUSDT,BINANCE,TRADE,64026.6,0.0005
2026-07-30 13:48:57,BTCUSDT,BINANCE,TRADE,64026.6,0.0005
2026-07-30 13:48:57,BTCUSDT,BINANCE,TRADE,64026.6,0.0005
2026-07-30 13:48:57,BTCUSDT,BINANCE,TRADE,64026.6,0.00149
2026-07-30 13:48:57,BTCUSDT,BINANCE,TRADE,64026.6,0.0005
2026-07-30 13:48:57,BTCUSDT,BINANCE,TRADE,64026.6,0.0005
2026-07-30 13:48:57,BTCUSDT,BINANCE,TRADE,64026.6,0.0005
2026-07-30 13:48:57,BTCUSDT,BINANCE,TRADE,64026.6,0.00031
2026-07-30 13:48:57,BTCUSDT,BINANCE,TRADE,64026.6,0.0005
2026-07-30 13:48:57,BTCUSDT,BINANCE,TRADE,64026.6,0.00103
2026-07-30 13:48:57,BTCUSDT,BINANCE,TRADE,64026.6,0.0005
2026-07-30 13:48:57,BTCUSDT,BINANCE,TRADE,64026.6,0.0005
2026-07-30 13:48:57,BTCUSDT,BINANCE,TRADE,64026.6,0.0005
2026-07-30 13:48:57,BTCUSDT,BINANCE,TRADE,64026.6,0.0005
2026-07-30 13:48:57,BTCUSDT,BINANCE,TRADE,64026.6,0.0005
2026-07-30 13:48:57,BTCUSDT,BINANCE,TRADE,64026.6,0.0005
2026-07-30 13:48:57,BTCUSDT,BINANCE,TRADE,64026.6,0.0005
2026-07-30 13:48:57,BTCUSDT,BINANCE,TRADE,64026.6,0.0005
2026-07-30 13:48:57,ETHUSDT,BINANCE,TRADE,1905.05,0.0347
2026-07-30 13:48:57,BTCUSDT,BINANCE,TRADE,64026.6,0.0005
2026-07-30 13:48:57,BTCUSDT,BINANCE,TRADE,64026.6,0.0005
2026-07-30 13:48:57,BTCUSDT,BINANCE,TRADE,64026.6,0.00314
2026-07-30 13:48:57,BTCUSDT,BINANCE,TRADE,64026.6,0.0005
2026-07-30 13:48:57,BTCUSDT,BINANCE,TRADE,64026.6,0.0005
2026-07-30 13:48:57,BTCUSDT,BINANCE,TRADE,64026.6,0.00082
2026-07-30 13:48:57,BTCUSDT,BINANCE,TRADE,64026.6,0.0005
2026-07-30 13:48:57,BTCUSDT,BINANCE,TRADE,64026.6,0.00509
2026-07-30 13:48:57,BTCUSDT,BINANCE,TRADE,64026.6,0.00019
2026-07-30 13:48:57,BTCUSDT,BINANCE,TRADE,64026.6,0.0005
2026-07-30 13:48:57,BTCUSDT,BINANCE,TRADE,64026.6,0.0005
2026-07-30 13:48:57,BTCUSDT,BINANCE,TRADE,64026.6,0.0005
2026-07-30 13:48:57,BTCUSDT,BINANCE,TRADE,64026.6,0.0013
2026-07-30 13:48:57,BTCUSDT,BINANCE,TRADE,64026.6,0.0005
2026-07-30 13:48:57,BTCUSDT,BINANCE,TRADE,64026.6,0.0005
2026-07-30 13:48:57,BTCUSDT,BINANCE,TRADE,64026.6,0.0005
2026-07-30 13:48:57,BTCUSDT,BINANCE,TRADE,64026.6,0.0005
2026-07-30 13:48:57,BTCUSDT,BINANCE,TRADE,64026.6,0.0005
2026-07-30 13:48:57,BTCUSDT,BINANCE,TRADE,64026.6,0.0005
2026-07-30 13:48:57,BTCUSDT,BINANCE,TRADE,64026.6,0.0005
2026-07-30 13:48:57,BTCUSDT,BINANCE,TRADE,64026.6,0.0005
2026-07-30 13:48:57,BTCUSDT,BINANCE,TRADE,64026.6,0.0005
2026-07-30 13:48:57,BTCUSDT,BINANCE,TRADE,64026.6,0.0005
2026-07-30 13:48:57,BTCUSDT,BINANCE,TRADE,64026.6,0.00157
2026-07-30 13:48:57,BTCUSDT,BINANCE,TRADE,64026.6,0.0005
2026-07-30 13:48:57,BTCUSDT,BINANCE,TRADE,64026.6,0.004
2026-07-30 13:48:57,BTCUSDT,BINANCE,TRADE,64026.6,0.0005
2026-07-30 13:48:57,BTCUSDT,BINANCE,TRADE,64026.6,0.0005
2026-07-30 13:48:57,BTCUSDT,BINANCE,TRADE,64026.6,0.0005
2026-07-30 13:48:57,BTCUSDT,BINANCE,TRADE,64026.6,0.00021
2026-07-30 13:48:57,BTCUSDT,BINANCE,TRADE,64026.6,0.0005
2026-07-30 13:48:57,BTCUSDT,BINANCE,TRADE,64026.6,0.0005
2026-07-30 13:48:57,BTCUSDT,BINANCE,TRADE,64026.6,0.0005
2026-07-30 13:48:57,BTCUSDT,BINANCE,TRADE,64026.6,0.00022
2026-07-30 13:48:57,BTCUSDT,BINANCE,TRADE,64026.6,0.0005
2026-07-30 13:48:57,BTCUSDT,BINANCE,TRADE,64026.6,0.002
2026-07-30 13:48:57,BTCUSDT,BINANCE,TRADE,64026.6,0.0004
2026-07-30 13:48:57,BTCUSDT,BINANCE,TRADE,64026.6,0.0005
2026-07-30 13:48:57,BTCUSDT,BINANCE,TRADE,64026.6,0.0005
2026-07-30 13:48:57,BTCUSDT,BINANCE,TRADE,64026.6,0.0005
2026-07-30 13:48:57,BTCUSDT,BINANCE,TRADE,64026.6,0.0013
2026-07-30 13:48:57,BTCUSDT,BINANCE,TRADE,64026.6,0.0005
2026-07-30 13:48:57,BTCUSDT,BINANCE,TRADE,64026.6,0.00029
2026-07-30 13:48:57,BTCUSDT,BINANCE,TRADE,64026.6,0.0005
2026-07-30 13:48:57,BTCUSDT,BINANCE,TRADE,64026.6,0.0005
2026-07-30 13:48:57,BTCUSDT,BINANCE,TRADE,64026.6,0.0005
2026-07-30 13:48:57,BTCUSDT,BINANCE,TRADE,64026.6,0.00016
2026-07-30 13:48:57,BTCUSDT,BINANCE,TRADE,64026.6,0.0005
2026-07-30 13:48:57,ETHUSDT,BINANCE,TRADE,1905.05,0.0089
2026-07-30 13:48:57,BTCUSDT,BINANCE,TRADE,64026.6,0.0005
2026-07-30 13:48:57,BTCUSDT,BINANCE,TRADE,64026.6,0.0005
2026-07-30 13:48:57,BTCUSDT,BINANCE,TRADE,64026.6,0.002
2026-07-30 13:48:57,BTCUSDT,BINANCE,TRADE,64026.6,0.0005
2026-07-30 13:48:57,BTCUSDT,BINANCE,TRADE,64026.6,0.0005
2026-07-30 13:48:57,BTCUSDT,BINANCE,TRADE,64026.6,0.0005
2026-07-30 13:48:58,BTCUSDT,BINANCE,TRADE,64026.6,0.0005
2026-07-30 13:48:58,BTCUSDT,BINANCE,TRADE,64026.6,0.00296
2026-07-30 13:48:58,BTCUSDT,BINANCE,TRADE,64026.6,0.0005
2026-07-30 13:48:58,BTCUSDT,BINANCE,TRADE,64026.6,0.00126
2026-07-30 13:48:58,BTCUSDT,BINANCE,TRADE,64026.6,0.0005
2026-07-30 13:48:58,BTCUSDT,BINANCE,TRADE,64026.6,0.0005
2026-07-30 13:48:58,ETHUSDT,BINANCE,TRADE,1905.05,0.0338
2026-07-30 13:48:58,BTCUSDT,BINANCE,TRADE,64026.6,0.0005
2026-07-30 13:48:58,BTCUSDT,BINANCE,TRADE,64026.6,0.0005
2026-07-30 13:48:58,BTCUSDT,BINANCE,TRADE,64026.6,0.0005
2026-07-30 13:48:58,BTCUSDT,BINANCE,TRADE,64026.6,0.00031
2026-07-30 13:48:58,ETHUSDT,BINANCE,TRADE,1905.05,0.0861
2026-07-30 13:48:58,BTCUSDT,BINANCE,TRADE,64026.6,0.0005
2026-07-30 13:48:58,BTCUSDT,BINANCE,TRADE,64026.6,0.0005
2026-07-30 13:48:58,BTCUSDT,BINANCE,TRADE,64026.6,0.0005
2026-07-30 13:48:58,ETHUSDT,BINANCE,TRADE,1905.04,0.2384
2026-07-30 13:48:58,BTCUSDT,BINANCE,TRADE,64026.6,0.06405
2026-07-30 13:48:58,BTCUSDT,BINANCE,TRADE,64026.6,0.0005
2026-07-30 13:48:58,BTCUSDT,BINANCE,TRADE,64026.6,0.00013
2026-07-30 13:48:58,BTCUSDT,BINANCE,TRADE,64026.6,6e-05
2026-07-30 13:48:58,BTCUSDT,BINANCE,TRADE,64026.6,8e-05
2026-07-30 13:48:58,BTCUSDT,BINANCE,TRADE,64026.6,8e-05
2026-07-30 13:48:58,BTCUSDT,BINANCE,TRADE,64026.6,8e-05
2026-07-30 13:48:58,BTCUSDT,BINANCE,TRADE,64026.6,8e-05
2026-07-30 13:48:58,BTCUSDT,BINANCE,TRADE,64026.6,8e-05
2026-07-30 13:48:58,BTCUSDT,BINANCE,TRADE,64026.6,4e-05
2026-07-30 13:48:58,ETHUSDT,BINANCE,TRADE,1905.04,0.0027
2026-07-30 13:48:58,ETHUSDT,BINANCE,TRADE,1905.04,0.0003
2026-07-30 13:48:58,BTCUSDT,BINANCE,TRADE,64026.6,5e-05
2026-07-30 13:48:58,BTCUSDT,BINANCE,TRADE,64026.6,8e-05
2026-07-30 13:48:58,BTCUSDT,BINANCE,TRADE,64026.6,8e-05
2026-07-30 13:48:58,BTCUSDT,BINANCE,TRADE,64026.6,0.005
2026-07-30 13:48:58,BTCUSDT,BINANCE,TRADE,64026.6,0.005
2026-07-30 13:48:58,BTCUSDT,BINANCE,TRADE,64026.6,8e-05
2026-07-30 13:48:58,BTCUSDT,BINANCE,TRADE,64026.6,0.00147
2026-07-30 13:48:58,ETHUSDT,BINANCE,TRADE,1905.05,0.0216
2026-07-30 13:48:58,BTCUSDT,BINANCE,TRADE,64026.6,0.0005
2026-07-30 13:48:58,BTCUSDT,BINANCE,TRADE,64026.6,0.0005
2026-07-30 13:48:58,BTCUSDT,BINANCE,TRADE,64026.6,0.005
2026-07-30 13:48:58,BTCUSDT,BINANCE,TRADE,64026.6,0.00303
2026-07-30 13:48:58,BTCUSDT,BINANCE,TRADE,64026.6,0.00197
2026-07-30 13:48:58,BTCUSDT,BINANCE,TRADE,64026.6,0.0005
2026-07-30 13:48:58,BTCUSDT,BINANCE,TRADE,64026.6,0.002
2026-07-30 13:48:58,BTCUSDT,BINANCE,TRADE,64026.6,0.01
2026-07-30 13:48:58,BTCUSDT,BINANCE,TRADE,64026.6,0.0005
2026-07-30 13:48:58,ETHUSDT,BINANCE,TRADE,1905.04,0.0024
2026-07-30 13:48:58,ETHUSDT,BINANCE,TRADE,1905.04,0.0028
2026-07-30 13:48:58,ETHUSDT,BINANCE,TRADE,1905.04,0.0027
2026-07-30 13:48:58,ETHUSDT,BINANCE,TRADE,1905.04,0.0027
2026-07-30 13:48:58,ETHUSDT,BINANCE,TRADE,1905.04,0.0027
2026-07-30 13:48:58,ETHUSDT,BINANCE,TRADE,1905.04,0.0028
2026-07-30 13:48:58,ETHUSDT,BINANCE,TRADE,1905.04,0.0027
2026-07-30 13:48:58,ETHUSDT,BINANCE,TRADE,1905.04,0.0027
2026-07-30 13:48:58,ETHUSDT,BINANCE,TRADE,1905.04,0.0027
2026-07-30 13:48:58,ETHUSDT,BINANCE,TRADE,1905.04,0.0031
2026-07-30 13:48:58,ETHUSDT,BINANCE,TRADE,1905.04,0.0053
2026-07-30 13:48:58,ETHUSDT,BINANCE,TRADE,1905.04,0.0027
2026-07-30 13:48:58,ETHUSDT,BINANCE,TRADE,1905.04,0.0031
2026-07-30 13:48:58,ETHUSDT,BINANCE,TRADE,1905.04,0.0031
2026-07-30 13:48:58,ETHUSDT,BINANCE,TRADE,1905.04,0.0027
2026-07-30 13:48:58,ETHUSDT,BINANCE,TRADE,1905.04,1.8096
2026-07-30 13:48:58,ETHUSDT,BINANCE,TRADE,1905.03,0.0027
2026-07-30 13:48:58,ETHUSDT,BINANCE,TRADE,1905.03,0.0027
2026-07-30 13:48:58,ETHUSDT,BINANCE,TRADE,1905.03,0.0053
2026-07-30 13:48:58,ETHUSDT,BINANCE,TRADE,1905.03,0.0028
2026-07-30 13:48:58,ETHUSDT,BINANCE,TRADE,1905.03,0.0027
2026-07-30 13:48:58,ETHUSDT,BINANCE,TRADE,1905.03,0.0027
2026-07-30 13:48:58,ETHUSDT,BINANCE,TRADE,1905.03,0.0027
2026-07-30 13:48:58,ETHUSDT,BINANCE,TRADE,1905.03,0.0027
2026-07-30 13:48:58,ETHUSDT,BINANCE,TRADE,1905.03,0.0027
2026-07-30 13:48:58,ETHUSDT,BINANCE,TRADE,1905.03,0.0027
2026-07-30 13:48:58,ETHUSDT,BINANCE,TRADE,1905.03,0.0027
2026-07-30 13:48:58,ETHUSDT,BINANCE,TRADE,1905.02,0.0027
2026-07-30 13:48:58,ETHUSDT,BINANCE,TRADE,1905.02,0.0053
2026-07-30 13:48:58,ETHUSDT,BINANCE,TRADE,1905.01,0.0027
2026-07-30 13:48:58,ETHUSDT,BINANCE,TRADE,1905.01,0.0028
2026-07-30 13:48:58,ETHUSDT,BINANCE,TRADE,1905,0.003
2026-07-30 13:48:58,ETHUSDT,BINANCE,TRADE,1905,0.0027
2026-07-30 13:48:58,ETHUSDT,BINANCE,TRADE,1905,0.0028
2026-07-30 13:48:58,ETHUSDT,BINANCE,TRADE,1905,0.0027
2026-07-30 13:48:58,ETHUSDT,BINANCE,TRADE,1904.99,0.0027
2026-07-30 13:48:58,ETHUSDT,BINANCE,TRADE,1904.99,0.0027
2026-07-30 13:48:58,ETHUSDT,BINANCE,TRADE,1904.99,0.0028
2026-07-30 13:48:58,ETHUSDT,BINANCE,TRADE,1904.99,0.0027
2026-07-30 13:48:58,ETHUSDT,BINANCE,TRADE,1904.99,0.0027
2026-07-30 13:48:58,ETHUSDT,BINANCE,TRADE,1904.99,0.0027
2026-07-30 13:48:58,ETHUSDT,BINANCE,TRADE,1904.99,0.0027
2026-07-30 13:48:58,ETHUSDT,BINANCE,TRADE,1904.99,0.0027
2026-07-30 13:48:58,ETHUSDT,BINANCE,TRADE,1904.99,0.0027
2026-07-30 13:48:58,ETHUSDT,BINANCE,TRADE,1904.99,0.0027
2026-07-30 13:48:58,ETHUSDT,BINANCE,TRADE,1904.99,0.0027
2026-07-30 13:48:58,ETHUSDT,BINANCE,TRADE,1904.97,0.0028
2026-07-30 13:48:58,ETHUSDT,BINANCE,TRADE,1904.96,0.0027
2026-07-30 13:48:58,ETHUSDT,BINANCE,TRADE,1904.96,0.0028
2026-07-30 13:48:58,ETHUSDT,BINANCE,TRADE,1904.96,0.0027
2026-07-30 13:48:58,ETHUSDT,BINANCE,TRADE,1904.96,0.0027
2026-07-30 13:48:58,ETHUSDT,BINANCE,TRADE,1904.95,0.0027
2026-07-30 13:48:58,ETHUSDT,BINANCE,TRADE,1904.95,0.0027
2026-07-30 13:48:58,ETHUSDT,BINANCE,TRADE,1904.95,0.0028
2026-07-30 13:48:58,ETHUSDT,BINANCE,TRADE,1904.95,0.0027
2026-07-30 13:48:58,ETHUSDT,BINANCE,TRADE,1904.95,0.0027
2026-07-30 13:48:58,ETHUSDT,BINANCE,TRADE,1904.94,0.0027
2026-07-30 13:48:58,ETHUSDT,BINANCE,TRADE,1904.94,0.0028
2026-07-30 13:48:58,ETHUSDT,BINANCE,TRADE,1904.94,0.0028
2026-07-30 13:48:58,BTCUSDT,BINANCE,TRADE,64026.6,0.0005
2026-07-30 13:48:58,BTCUSDT,BINANCE,TRADE,64026.6,0.0005
2026-07-30 13:48:58,BTCUSDT,BINANCE,TRADE,64026.6,0.00515
2026-07-30 13:48:58,BTCUSDT,BINANCE,TRADE,64026.6,0.00027
2026-07-30 13:48:58,BTCUSDT,BINANCE,TRADE,64026.6,0.00822
2026-07-30 13:48:58,BTCUSDT,BINANCE,TRADE,64026.6,0.0005
2026-07-30 13:48:58,BTCUSDT,BINANCE,TRADE,64026.6,0.0005
2026-07-30 13:48:58,BTCUSDT,BINANCE,TRADE,64026.6,0.0005
2026-07-30 13:48:58,BTCUSDT,BINANCE,TRADE,64026.6,0.0005
2026-07-30 13:48:58,BTCUSDT,BINANCE,TRADE,64026.6,0.0005
2026-07-30 13:48:58,BTCUSDT,BINANCE,TRADE,64026.6,0.0005
2026-07-30 13:48:58,BTCUSDT,BINANCE,TRADE,64026.6,0.0005
2026-07-30 13:48:58,BTCUSDT,BINANCE,TRADE,64026.6,0.0005
2026-07-30 13:48:58,BTCUSDT,BINANCE,TRADE,64026.6,0.0005
2026-07-30 13:48:58,BTCUSDT,BINANCE,TRADE,64026.6,0.0005
2026-07-30 13:48:58,BTCUSDT,BINANCE,TRADE,64026.6,0.0005
2026-07-30 13:48:58,BTCUSDT,BINANCE,TRADE,64026.6,0.00024
2026-07-30 13:48:58,BTCUSDT,BINANCE,TRADE,64026.6,8e-05
2026-07-30 13:48:58,BTCUSDT,BINANCE,TRADE,64026.6,8e-05
2026-07-30 13:48:58,BTCUSDT,BINANCE,TRADE,64026.6,8e-05
2026-07-30 13:48:58,BTCUSDT,BINANCE,TRADE,64026.6,8e-05
2026-07-30 13:48:58,BTCUSDT,BINANCE,TRADE,64026.6,9e-05
2026-07-30 13:48:58,BTCUSDT,BINANCE,TRADE,64026.6,9e-05
2026-07-30 13:48:58,BTCUSDT,BINANCE,TRADE,64026.6,0.0005
2026-07-30 13:48:58,BTCUSDT,BINANCE,TRADE,64026.6,8e-05
2026-07-30 13:48:58,BTCUSDT,BINANCE,TRADE,64026.6,0.0001
2026-07-30 13:48:58,BTCUSDT,BINANCE,TRADE,64026.6,0.00032
2026-07-30 13:48:58,BTCUSDT,BINANCE,TRADE,64026.6,0.0001
2026-07-30 13:48:58,BTCUSDT,BINANCE,TRADE,64026.6,0.0013
2026-07-30 13:48:58,BTCUSDT,BINANCE,TRADE,64026.6,0.0005
2026-07-30 13:48:58,BTCUSDT,BINANCE,TRADE,64026.6,0.00015
2026-07-30 13:48:58,BTCUSDT,BINANCE,TRADE,64026.6,0.0005
2026-07-30 13:48:58,BTCUSDT,BINANCE,TRADE,64026.6,0.0005
2026-07-30 13:48:58,BTCUSDT,BINANCE,TRADE,64026.6,0.0005
2026-07-30 13:48:58,BTCUSDT,BINANCE,TRADE,64026.6,0.0005
2026-07-30 13:48:58,BTCUSDT,BINANCE,TRADE,64026.6,0.00038
2026-07-30 13:48:58,BTCUSDT,BINANCE,TRADE,64026.6,0.0005
2026-07-30 13:48:58,BTCUSDT,BINANCE,TRADE,64026.6,0.0005
2026-07-30 13:48:58,BTCUSDT,BINANCE,TRADE,64026.6,0.00024
2026-07-30 13:48:58,BTCUSDT,BINANCE,TRADE,64026.6,0.00057
2026-07-30 13:48:58,BTCUSDT,BINANCE,TRADE,64026.6,0.00031
2026-07-30 13:48:58,BTCUSDT,BINANCE,TRADE,64026.6,0.0005
2026-07-30 13:48:58,BTCUSDT,BINANCE,TRADE,64026.6,0.0005
2026-07-30 13:48:58,ETHUSDT,BINANCE,TRADE,1904.93,0.0108
2026-07-30 13:48:58,ETHUSDT,BINANCE,TRADE,1904.93,0.0022
2026-07-30 13:48:58,BTCUSDT,BINANCE,TRADE,64026.6,0.0005
2026-07-30 13:48:58,BTCUSDT,BINANCE,TRADE,64026.6,0.00045
2026-07-30 13:48:58,BTCUSDT,BINANCE,TRADE,64026.6,0.0005
2026-07-30 13:48:58,BTCUSDT,BINANCE,TRADE,64026.6,0.0005
2026-07-30 13:48:58,BTCUSDT,BINANCE,TRADE,64026.6,0.00055
2026-07-30 13:48:58,BTCUSDT,BINANCE,TRADE,64026.6,0.00259
2026-07-30 13:48:58,BTCUSDT,BINANCE,TRADE,64026.6,0.00019
2026-07-30 13:48:58,BTCUSDT,BINANCE,TRADE,64026.6,0.0005
2026-07-30 13:48:58,BTCUSDT,BINANCE,TRADE,64026.6,0.00017
2026-07-30 13:48:58,BTCUSDT,BINANCE,TRADE,64026.6,0.0005
2026-07-30 13:48:58,BTCUSDT,BINANCE,TRADE,64026.6,0.0005
2026-07-30 13:48:58,BTCUSDT,BINANCE,TRADE,64026.6,0.0005
2026-07-30 13:48:58,BTCUSDT,BINANCE,TRADE,64026.6,0.0005
2026-07-30 13:48:58,BTCUSDT,BINANCE,TRADE,64026.6,0.0005
2026-07-30 13:48:58,BTCUSDT,BINANCE,TRADE,64026.6,0.0005
2026-07-30 13:48:58,BTCUSDT,BINANCE,TRADE,64026.6,0.0005
2026-07-30 13:48:58,BTCUSDT,BINANCE,TRADE,64026.6,0.0005
2026-07-30 13:48:58,BTCUSDT,BINANCE,TRADE,64026.6,0.0029
2026-07-30 13:48:58,BTCUSDT,BINANCE,TRADE,64026.6,0.00022
2026-07-30 13:48:58,BTCUSDT,BINANCE,TRADE,64026.6,0.00016
2026-07-30 13:48:58,BTCUSDT,BINANCE,TRADE,64026.6,0.00012
2026-07-30 13:48:58,BTCUSDT,BINANCE,TRADE,64026.6,0.0013
2026-07-30 13:48:58,BTCUSDT,BINANCE,TRADE,64026.6,0.0005
2026-07-30 13:48:58,BTCUSDT,BINANCE,TRADE,64026.6,0.00063
2026-07-30 13:48:58,BTCUSDT,BINANCE,TRADE,64026.6,0.00158
2026-07-30 13:48:58,BTCUSDT,BINANCE,TRADE,64026.6,8e-05
2026-07-30 13:48:58,BTCUSDT,BINANCE,TRADE,64026.6,0.0005
2026-07-30 13:48:58,BTCUSDT,BINANCE,TRADE,64026.6,0.0005
2026-07-30 13:48:58,BTCUSDT,BINANCE,TRADE,64026.6,0.0005
2026-07-30 13:48:58,BTCUSDT,BINANCE,TRADE,64026.6,0.0005
2026-07-30 13:48:58,BTCUSDT,BINANCE,TRADE,64026.6,0.0005
2026-07-30 13:48:58,BTCUSDT,BINANCE,TRADE,64026.6,0.0005
2026-07-30 13:48:58,BTCUSDT,BINANCE,TRADE,64026.6,0.00022
2026-07-30 13:48:58,BTCUSDT,BINANCE,TRADE,64026.6,0.0005
2026-07-30 13:48:58,BTCUSDT,BINANCE,TRADE,64026.6,0.0005
2026-07-30 13:48:58,BTCUSDT,BINANCE,TRADE,64026.6,0.00122
2026-07-30 13:48:58,BTCUSDT,BINANCE,TRADE,64026.6,0.0005
2026-07-30 13:48:58,BTCUSDT,BINANCE,TRADE,64026.6,0.002
2026-07-30 13:48:58,BTCUSDT,BINANCE,TRADE,64026.6,0.00017
2026-07-30 13:48:58,BTCUSDT,BINANCE,TRADE,64026.6,0.0005
2026-07-30 13:48:58,BTCUSDT,BINANCE,TRADE,64026.6,3e-05
2026-07-30 13:48:58,BTCUSDT,BINANCE,TRADE,64026.6,0.00047
2026-07-30 13:48:58,BTCUSDT,BINANCE,TRADE,64026.6,0.00037
2026-07-30 13:48:58,BTCUSDT,BINANCE,TRADE,64026.6,0.0005
2026-07-30 13:48:58,BTCUSDT,BINANCE,TRADE,64026.6,0.0005
2026-07-30 13:48:58,BTCUSDT,BINANCE,TRADE,64026.6,0.00062
2026-07-30 13:48:58,BTCUSDT,BINANCE,TRADE,64026.6,0.0005
2026-07-30 13:48:58,BTCUSDT,BINANCE,TRADE,64026.6,0.0005
2026-07-30 13:48:58,BTCUSDT,BINANCE,TRADE,64026.6,0.00022
2026-07-30 13:48:58,BTCUSDT,BINANCE,TRADE,64026.6,0.0005
2026-07-30 13:48:58,BTCUSDT,BINANCE,TRADE,64026.6,0.0005
2026-07-30 13:48:58,BTCUSDT,BINANCE,TRADE,64026.6,0.0005
2026-07-30 13:48:58,BTCUSDT,BINANCE,TRADE,64026.6,0.0005
2026-07-30 13:48:58,BTCUSDT,BINANCE,TRADE,64026.6,0.0005
2026-07-30 13:48:58,BTCUSDT,BINANCE,TRADE,64026.6,0.00016
2026-07-30 13:48:58,BTCUSDT,BINANCE,TRADE,64026.6,0.003
2026-07-30 13:48:58,BTCUSDT,BINANCE,TRADE,64026.6,0.003
2026-07-30 13:48:58,BTCUSDT,BINANCE,TRADE,64026.6,0.003
2026-07-30 13:48:58,BTCUSDT,BINANCE,TRADE,64026.6,0.003
2026-07-30 13:48:58,BTCUSDT,BINANCE,TRADE,64026.6,0.003
2026-07-30 13:48:58,BTCUSDT,BINANCE,TRADE,64026.6,0.003
2026-07-30 13:48:58,BTCUSDT,BINANCE,TRADE,64026.6,0.003
2026-07-30 13:48:58,BTCUSDT,BINANCE,TRADE,64026.6,0.0024
2026-07-30 13:48:58,BTCUSDT,BINANCE,TRADE,64026.6,0.0006
2026-07-30 13:48:58,BTCUSDT,BINANCE,TRADE,64026.6,0.003
2026-07-30 13:48:58,BTCUSDT,BINANCE,TRADE,64026.6,0.00149
2026-07-30 13:48:58,BTCUSDT,BINANCE,TRADE,64026.6,0.0005
2026-07-30 13:48:58,BTCUSDT,BINANCE,TRADE,64026.6,0.00033
2026-07-30 13:48:58,BTCUSDT,BINANCE,TRADE,64026.6,0.0005
2026-07-30 13:48:58,BTCUSDT,BINANCE,TRADE,64026.6,0.0005
2026-07-30 13:48:58,BTCUSDT,BINANCE,TRADE,64026.6,0.0005
2026-07-30 13:48:58,BTCUSDT,BINANCE,TRADE,64026.6,0.0005
2026-07-30 13:48:58,BTCUSDT,BINANCE,TRADE,64026.6,0.0005
2026-07-30 13:48:58,BTCUSDT,BINANCE,TRADE,64026.6,1e-05
2026-07-30 13:48:58,BTCUSDT,BINANCE,TRADE,64026.6,0.00049
2026-07-30 13:48:58,BTCUSDT,BINANCE,TRADE,64026.6,0.00038
2026-07-30 13:48:58,BTCUSDT,BINANCE,TRADE,64026.6,0.0005
2026-07-30 13:48:58,BTCUSDT,BINANCE,TRADE,64026.6,0.0005
2026-07-30 13:48:58,BTCUSDT,BINANCE,TRADE,64026.6,0.0005
2026-07-30 13:48:58,BTCUSDT,BINANCE,TRADE,64026.6,0.0005
2026-07-30 13:48:58,BTCUSDT,BINANCE,TRADE,64026.6,0.00026
2026-07-30 13:48:58,BTCUSDT,BINANCE,TRADE,64026.6,0.0005
2026-07-30 13:48:58,BTCUSDT,BINANCE,TRADE,64026.6,0.00046
2026-07-30 13:48:58,BTCUSDT,BINANCE,TRADE,64026.6,0.0005
2026-07-30 13:48:58,BTCUSDT,BINANCE,TRADE,64026.6,0.0005
2026-07-30 13:48:58,BTCUSDT,BINANCE,TRADE,64026.6,0.0005
2026-07-30 13:48:58,BTCUSDT,BINANCE,TRADE,64026.6,0.00013
2026-07-30 13:48:58,BTCUSDT,BINANCE,TRADE,64026.6,0.003
2026-07-30 13:48:58,BTCUSDT,BINANCE,TRADE,64026.6,0.00187
2026-07-30 13:48:58,BTCUSDT,BINANCE,TRADE,64026.6,0.00313
2026-07-30 13:48:58,BTCUSDT,BINANCE,TRADE,64026.6,8e-05
2026-07-30 13:48:58,BTCUSDT,BINANCE,TRADE,64026.6,8e-05
2026-07-30 13:48:58,BTCUSDT,BINANCE,TRADE,64026.6,8e-05
2026-07-30 13:48:58,BTCUSDT,BINANCE,TRADE,64026.6,0.00163
2026-07-30 13:48:58,BTCUSDT,BINANCE,TRADE,64026.6,0.0005
2026-07-30 13:48:58,BTCUSDT,BINANCE,TRADE,64026.6,0.00137
2026-07-30 13:48:58,BTCUSDT,BINANCE,TRADE,64026.6,0.00015
2026-07-30 13:48:58,BTCUSDT,BINANCE,TRADE,64026.6,8e-05
2026-07-30 13:48:58,BTCUSDT,BINANCE,TRADE,64026.6,9e-05
2026-07-30 13:48:58,BTCUSDT,BINANCE,TRADE,64026.6,0.00018
2026-07-30 13:48:58,BTCUSDT,BINANCE,TRADE,64026.6,0.00482
2026-07-30 13:48:58,BTCUSDT,BINANCE,TRADE,64026.6,0.005
2026-07-30 13:48:58,BTCUSDT,BINANCE,TRADE,64026.6,0.00892
2026-07-30 13:48:58,BTCUSDT,BINANCE,TRADE,64026.6,0.0005
2026-07-30 13:48:58,BTCUSDT,BINANCE,TRADE,64026.6,0.00108
2026-07-30 13:48:58,BTCUSDT,BINANCE,TRADE,64026.6,8e-05
2026-07-30 13:48:58,BTCUSDT,BINANCE,TRADE,64026.6,8e-05
2026-07-30 13:48:58,BTCUSDT,BINANCE,TRADE,64026.6,8e-05
2026-07-30 13:48:58,BTCUSDT,BINANCE,TRADE,64026.6,8e-05
2026-07-30 13:48:58,BTCUSDT,BINANCE,TRADE,64026.6,0.0036
2026-07-30 13:48:58,BTCUSDT,BINANCE,TRADE,64026.6,0.0005
2026-07-30 13:48:58,BTCUSDT,BINANCE,TRADE,64026.6,0.00066
2026-07-30 13:48:58,BTCUSDT,BINANCE,TRADE,64026.6,0.005
2026-07-30 13:48:58,BTCUSDT,BINANCE,TRADE,64026.6,0.01
2026-07-30 13:48:58,ETHUSDT,BINANCE,TRADE,1904.94,0.0109
2026-07-30 13:48:58,BTCUSDT,BINANCE,TRADE,64026.6,0.0005
2026-07-30 13:48:59,BTCUSDT,BINANCE,TRADE,64026.6,0.0005
2026-07-30 13:48:59,BTCUSDT,BINANCE,TRADE,64026.6,0.0005
2026-07-30 13:48:59,BTCUSDT,BINANCE,TRADE,64026.6,0.0005
2026-07-30 13:48:59,BTCUSDT,BINANCE,TRADE,64026.6,0.0005
2026-07-30 13:48:59,BTCUSDT,BINANCE,TRADE,64026.6,0.0013
2026-07-30 13:48:59,BTCUSDT,BINANCE,TRADE,64026.6,0.0005
2026-07-30 13:48:59,ETHUSDT,BINANCE,TRADE,1904.94,0.018
2026-07-30 13:48:59,BTCUSDT,BINANCE,TRADE,64026.6,0.0005
2026-07-30 13:48:59,BTCUSDT,BINANCE,TRADE,64026.6,0.0005
2026-07-30 13:48:59,BTCUSDT,BINANCE,TRADE,64026.6,0.0015
2026-07-30 13:48:59,BTCUSDT,BINANCE,TRADE,64026.6,0.0005
2026-07-30 13:48:59,BTCUSDT,BINANCE,TRADE,64026.6,0.00029
2026-07-30 13:48:59,BTCUSDT,BINANCE,TRADE,64026.6,0.0005
2026-07-30 13:48:59,BTCUSDT,BINANCE,TRADE,64026.6,0.00082
2026-07-30 13:48:59,BTCUSDT,BINANCE,TRADE,64026.6,0.0005
2026-07-30 13:48:59,BTCUSDT,BINANCE,TRADE,64026.6,0.0005
2026-07-30 13:48:59,BTCUSDT,BINANCE,TRADE,64026.6,0.0005
2026-07-30 13:48:59,BTCUSDT,BINANCE,TRADE,64026.6,0.0005
2026-07-30 13:48:59,BTCUSDT,BINANCE,TRADE,64026.6,0.005
2026-07-30 13:48:59,BTCUSDT,BINANCE,TRADE,64026.6,0.0005
2026-07-30 13:48:59,BTCUSDT,BINANCE,TRADE,64026.6,0.00036
2026-07-30 13:48:59,BTCUSDT,BINANCE,TRADE,64026.6,8e-05
2026-07-30 13:48:59,BTCUSDT,BINANCE,TRADE,64026.6,6e-05
2026-07-30 13:48:59,BTCUSDT,BINANCE,TRADE,64026.6,0.0005
2026-07-30 13:48:59,BTCUSDT,BINANCE,TRADE,64026.6,0.0001
2026-07-30 13:48:59,BTCUSDT,BINANCE,TRADE,64026.6,8e-05
2026-07-30 13:48:59,BTCUSDT,BINANCE,TRADE,64026.6,9e-05
2026-07-30 13:48:59,BTCUSDT,BINANCE,TRADE,64026.6,9e-05
2026-07-30 13:48:59,BTCUSDT,BINANCE,TRADE,64026.6,8e-05
2026-07-30 13:48:59,BTCUSDT,BINANCE,TRADE,64026.6,6e-05
2026-07-30 13:48:59,BTCUSDT,BINANCE,TRADE,64026.6,0.0005
2026-07-30 13:48:59,BTCUSDT,BINANCE,TRADE,64026.6,2e-05
2026-07-30 13:48:59,BTCUSDT,BINANCE,TRADE,64026.6,8e-05
2026-07-30 13:48:59,BTCUSDT,BINANCE,TRADE,64026.6,9e-05
2026-07-30 13:48:59,BTCUSDT,BINANCE,TRADE,64026.6,9e-05
2026-07-30 13:48:59,BTCUSDT,BINANCE,TRADE,64026.6,0.00022
2026-07-30 13:48:59,BTCUSDT,BINANCE,TRADE,64026.6,0.00099
2026-07-30 13:48:59,BTCUSDT,BINANCE,TRADE,64026.6,0.0005
2026-07-30 13:48:59,BTCUSDT,BINANCE,TRADE,64026.6,0.0005
2026-07-30 13:48:59,BTCUSDT,BINANCE,TRADE,64026.6,0.0005
2026-07-30 13:48:59,BTCUSDT,BINANCE,TRADE,64026.6,0.0005
2026-07-30 13:48:59,BTCUSDT,BINANCE,TRADE,64026.6,0.0005
2026-07-30 13:48:59,BTCUSDT,BINANCE,TRADE,64026.6,0.0013
2026-07-30 13:48:59,BTCUSDT,BINANCE,TRADE,64026.6,0.0005
2026-07-30 13:48:59,ETHUSDT,BINANCE,TRADE,1904.93,0.0005
2026-07-30 13:48:59,ETHUSDT,BINANCE,TRADE,1904.93,0.0028
2026-07-30 13:48:59,ETHUSDT,BINANCE,TRADE,1904.93,0.0028
2026-07-30 13:48:59,ETHUSDT,BINANCE,TRADE,1904.93,0.0155
2026-07-30 13:48:59,BTCUSDT,BINANCE,TRADE,64026.6,0.0005
2026-07-30 13:48:59,BTCUSDT,BINANCE,TRADE,64026.6,0.0005
2026-07-30 13:48:59,BTCUSDT,BINANCE,TRADE,64026.6,0.00015
2026-07-30 13:48:59,BTCUSDT,BINANCE,TRADE,64026.6,0.0005
2026-07-30 13:48:59,BTCUSDT,BINANCE,TRADE,64026.6,0.0005
2026-07-30 13:48:59,BTCUSDT,BINANCE,TRADE,64026.6,0.0005
2026-07-30 13:48:59,BTCUSDT,BINANCE,TRADE,64026.6,0.0005
2026-07-30 13:48:59,BTCUSDT,BINANCE,TRADE,64026.6,0.0005
2026-07-30 13:48:59,BTCUSDT,BINANCE,TRADE,64026.6,0.0005
2026-07-30 13:48:59,BTCUSDT,BINANCE,TRADE,64026.6,0.00314
2026-07-30 13:48:59,BTCUSDT,BINANCE,TRADE,64026.6,0.0005
2026-07-30 13:48:59,BTCUSDT,BINANCE,TRADE,64026.6,0.0005
2026-07-30 13:48:59,BTCUSDT,BINANCE,TRADE,64026.6,0.00029
2026-07-30 13:48:59,BTCUSDT,BINANCE,TRADE,64026.6,0.0005
2026-07-30 13:48:59,BTCUSDT,BINANCE,TRADE,64026.6,0.00016
2026-07-30 13:48:59,BTCUSDT,BINANCE,TRADE,64026.6,0.0005
2026-07-30 13:48:59,BTCUSDT,BINANCE,TRADE,64026.6,0.0005
2026-07-30 13:48:59,BTCUSDT,BINANCE,TRADE,64026.6,0.0005
2026-07-30 13:48:59,BTCUSDT,BINANCE,TRADE,64026.6,0.0005
2026-07-30 13:48:59,BTCUSDT,BINANCE,TRADE,64026.6,0.0005
2026-07-30 13:48:59,ETHUSDT,BINANCE,TRADE,1904.93,0.0338
2026-07-30 13:48:59,BTCUSDT,BINANCE,TRADE,64026.6,0.0005
2026-07-30 13:48:59,BTCUSDT,BINANCE,TRADE,64026.6,0.0005
2026-07-30 13:48:59,BTCUSDT,BINANCE,TRADE,64026.6,0.00045
2026-07-30 13:48:59,BTCUSDT,BINANCE,TRADE,64026.6,0.0005
2026-07-30 13:48:59,BTCUSDT,BINANCE,TRADE,64026.6,0.0005
2026-07-30 13:48:59,BTCUSDT,BINANCE,TRADE,64026.6,0.0005
2026-07-30 13:48:59,BTCUSDT,BINANCE,TRADE,64026.6,0.0005
2026-07-30 13:48:59,BTCUSDT,BINANCE,TRADE,64026.6,0.0005
2026-07-30 13:48:59,BTCUSDT,BINANCE,TRADE,64026.6,0.0005
2026-07-30 13:48:59,BTCUSDT,BINANCE,TRADE,64026.6,0.00521
2026-07-30 13:48:59,BTCUSDT,BINANCE,TRADE,64026.6,0.0005
2026-07-30 13:48:59,BTCUSDT,BINANCE,TRADE,64026.6,0.0002
2026-07-30 13:48:59,BTCUSDT,BINANCE,TRADE,64026.6,0.0005
2026-07-30 13:48:59,BTCUSDT,BINANCE,TRADE,64026.6,0.0005
2026-07-30 13:48:59,BTCUSDT,BINANCE,TRADE,64026.6,0.0005
2026-07-30 13:48:59,ETHUSDT,BINANCE,TRADE,1904.94,0.2694
2026-07-30 13:48:59,BTCUSDT,BINANCE,TRADE,64026.6,0.0005
2026-07-30 13:48:59,ETHUSDT,BINANCE,TRADE,1904.94,0.0421
2026-07-30 13:48:59,BTCUSDT,BINANCE,TRADE,64026.6,0.0005
2026-07-30 13:48:59,BTCUSDT,BINANCE,TRADE,64026.6,0.00031
2026-07-30 13:48:59,BTCUSDT,BINANCE,TRADE,64026.6,0.00159
2026-07-30 13:48:59,BTCUSDT,BINANCE,TRADE,64026.6,8e-05
2026-07-30 13:48:59,BTCUSDT,BINANCE,TRADE,64026.6,0.00039
2026-07-30 13:48:59,BTCUSDT,BINANCE,TRADE,64026.6,0.00027
2026-07-30 13:48:59,BTCUSDT,BINANCE,TRADE,64026.6,0.00398
2026-07-30 13:48:59,BTCUSDT,BINANCE,TRADE,64026.6,0.00157
2026-07-30 13:48:59,BTCUSDT,BINANCE,TRADE,64026.6,0.0013
2026-07-30 13:48:59,BTCUSDT,BINANCE,TRADE,64026.6,0.00032
2026-07-30 13:48:59,BTCUSDT,BINANCE,TRADE,64026.6,0.00013
2026-07-30 13:48:59,BTCUSDT,BINANCE,TRADE,64026.6,0.00031
2026-07-30 13:48:59,BTCUSDT,BINANCE,TRADE,64026.6,0.0013
2026-07-30 13:48:59,BTCUSDT,BINANCE,TRADE,64026.6,0.00019
2026-07-30 13:49:00,BTCUSDT,BINANCE,TRADE,64026.6,0.06405
2026-07-30 13:49:00,BTCUSDT,BINANCE,TRADE,64026.6,0.00022
2026-07-30 13:49:00,BTCUSDT,BINANCE,TRADE,64026.6,0.00033
2026-07-30 13:49:00,BTCUSDT,BINANCE,TRADE,64026.6,0.00029
2026-07-30 13:49:00,ETHUSDT,BINANCE,TRADE,1904.94,0.0103
2026-07-30 13:49:00,BTCUSDT,BINANCE,TRADE,64026.6,0.00314
2026-07-30 13:49:00,BTCUSDT,BINANCE,TRADE,64026.6,0.00024
2026-07-30 13:49:00,BTCUSDT,BINANCE,TRADE,64026.6,0.004
2026-07-30 13:49:00,BTCUSDT,BINANCE,TRADE,64026.6,0.00122
2026-07-30 13:49:00,BTCUSDT,BINANCE,TRADE,64026.6,0.00822
2026-07-30 13:49:00,ETHUSDT,BINANCE,TRADE,1904.94,0.0216
2026-07-30 13:49:00,SOLUSDT,BINANCE,TRADE,73.43,0.413
2026-07-30 13:49:00,BTCUSDT,BINANCE,TRADE,64026.6,0.00031
2026-07-30 13:49:00,BTCUSDT,BINANCE,TRADE,64026.6,0.00017
2026-07-30 13:49:00,BTCUSDT,BINANCE,TRADE,64026.6,0.00029
2026-07-30 13:49:00,BTCUSDT,BINANCE,TRADE,64026.6,0.0013
2026-07-30 13:49:00,BTCUSDT,BINANCE,TRADE,64026.6,0.00026
2026-07-30 13:49:00,BTCUSDT,BINANCE,TRADE,64026.6,0.00027
2026-07-30 13:49:00,BTCUSDT,BINANCE,TRADE,64026.6,0.00021
2026-07-30 13:49:00,SOLUSDT,BINANCE,TRADE,73.43,8.318
2026-07-30 13:49:00,BTCUSDT,BINANCE,TRADE,64026.6,0.00509
2026-07-30 13:49:00,BTCUSDT,BINANCE,TRADE,64026.6,0.00294
2026-07-30 13:49:00,ETHUSDT,BINANCE,TRADE,1904.93,0.0109
2026-07-30 13:49:00,BTCUSDT,BINANCE,TRADE,64026.6,0.0013
2026-07-30 13:49:00,BTCUSDT,BINANCE,TRADE,64026.6,0.00082
2026-07-30 13:49:00,BTCUSDT,BINANCE,TRADE,64026.6,0.09433
2026-07-30 13:49:00,BTCUSDT,BINANCE,TRADE,64026.6,0.00031
2026-07-30 13:49:00,BTCUSDT,BINANCE,TRADE,64026.6,0.002
2026-07-30 13:49:00,BTCUSDT,BINANCE,TRADE,64026.6,9e-05
2026-07-30 13:49:00,BTCUSDT,BINANCE,TRADE,64026.6,0.00019
2026-07-30 13:49:00,ETHUSDT,BINANCE,TRADE,1904.93,0.0027
2026-07-30 13:49:00,BTCUSDT,BINANCE,TRADE,64026.6,0.00029
2026-07-30 13:49:00,BTCUSDT,BINANCE,TRADE,64026.6,0.002
2026-07-30 13:49:00,BTCUSDT,BINANCE,TRADE,64026.6,0.00521
2026-07-30 13:49:00,BTCUSDT,BINANCE,TRADE,64026.6,8e-05
2026-07-30 13:49:00,BTCUSDT,BINANCE,TRADE,64026.6,8e-05
2026-07-30 13:49:00,BTCUSDT,BINANCE,TRADE,64026.6,6e-05
2026-07-30 13:49:00,ETHUSDT,BINANCE,TRADE,1904.94,0.0338
2026-07-30 13:49:00,SOLUSDT,BINANCE,TRADE,73.43,2.461
2026-07-30 13:49:00,SOLUSDT,BINANCE,TRADE,73.43,1.878
2026-07-30 13:49:00,BTCUSDT,BINANCE,TRADE,64026.6,0.00016
2026-07-30 13:49:00,BTCUSDT,BINANCE,TRADE,64026.6,2e-05
2026-07-30 13:49:00,BTCUSDT,BINANCE,TRADE,64026.6,0.003
2026-07-30 13:49:00,BTCUSDT,BINANCE,TRADE,64026.6,0.003
2026-07-30 13:49:00,BTCUSDT,BINANCE,TRADE,64026.6,0.003
2026-07-30 13:49:00,BTCUSDT,BINANCE,TRADE,64026.6,0.003
2026-07-30 13:49:00,BTCUSDT,BINANCE,TRADE,64026.6,0.003
2026-07-30 13:49:00,BTCUSDT,BINANCE,TRADE,64026.6,0.003
2026-07-30 13:49:00,BTCUSDT,BINANCE,TRADE,64026.6,0.003
2026-07-30 13:49:00,BTCUSDT,BINANCE,TRADE,64026.6,0.0001
2026-07-30 13:49:00,BTCUSDT,BINANCE,TRADE,64026.6,0.003
2026-07-30 13:49:00,BTCUSDT,BINANCE,TRADE,64026.6,8e-05
2026-07-30 13:49:00,BTCUSDT,BINANCE,TRADE,64026.6,0.003
2026-07-30 13:49:00,BTCUSDT,BINANCE,TRADE,64026.6,0.005
2026-07-30 13:49:00,BTCUSDT,BINANCE,TRADE,64026.6,8e-05
2026-07-30 13:49:00,BTCUSDT,BINANCE,TRADE,64026.6,8e-05
2026-07-30 13:49:00,BTCUSDT,BINANCE,TRADE,64026.6,8e-05
2026-07-30 13:49:00,BTCUSDT,BINANCE,TRADE,64026.6,9e-05
2026-07-30 13:49:00,BTCUSDT,BINANCE,TRADE,64026.6,8e-05
2026-07-30 13:49:00,BTCUSDT,BINANCE,TRADE,64026.6,8e-05
2026-07-30 13:49:00,BTCUSDT,BINANCE,TRADE,64026.6,8e-05
2026-07-30 13:49:00,BTCUSDT,BINANCE,TRADE,64026.6,8e-05
2026-07-30 13:49:00,BTCUSDT,BINANCE,TRADE,64026.6,8e-05
2026-07-30 13:49:00,BTCUSDT,BINANCE,TRADE,64026.6,0.005
2026-07-30 13:49:00,BTCUSDT,BINANCE,TRADE,64026.6,0.005
2026-07-30 13:49:00,BTCUSDT,BINANCE,TRADE,64026.6,0.005
2026-07-30 13:49:00,BTCUSDT,BINANCE,TRADE,64026.6,0.01
2026-07-30 13:49:00,BTCUSDT,BINANCE,TRADE,64026.6,0.003
2026-07-30 13:49:00,BTCUSDT,BINANCE,TRADE,64026.6,8e-05
2026-07-30 13:49:00,BTCUSDT,BINANCE,TRADE,64026.6,9e-05
2026-07-30 13:49:00,BTCUSDT,BINANCE,TRADE,64026.6,9e-05
2026-07-30 13:49:00,BTCUSDT,BINANCE,TRADE,64026.6,0.00016
2026-07-30 13:49:00,BTCUSDT,BINANCE,TRADE,64026.6,8e-05
2026-07-30 13:49:00,BTCUSDT,BINANCE,TRADE,64026.6,9e-05
2026-07-30 13:49:00,BTCUSDT,BINANCE,TRADE,64026.6,9e-05
2026-07-30 13:49:00,BTCUSDT,BINANCE,TRADE,64026.6,8e-05
2026-07-30 13:49:00,BTCUSDT,BINANCE,TRADE,64026.6,8e-05
2026-07-30 13:49:00,BTCUSDT,BINANCE,TRADE,64026.6,9e-05
2026-07-30 13:49:00,BTCUSDT,BINANCE,TRADE,64026.6,0.00126
2026-07-30 13:49:00,BTCUSDT,BINANCE,TRADE,64026.6,0.00126
2026-07-30 13:49:00,BTCUSDT,BINANCE,TRADE,64026.6,0.005
2026-07-30 13:49:00,BTCUSDT,BINANCE,TRADE,64026.6,8e-05
2026-07-30 13:49:00,BTCUSDT,BINANCE,TRADE,64026.6,8e-05
2026-07-30 13:49:00,BTCUSDT,BINANCE,TRADE,64026.6,9e-05
2026-07-30 13:49:00,BTCUSDT,BINANCE,TRADE,64026.6,8e-05
2026-07-30 13:49:00,BTCUSDT,BINANCE,TRADE,64026.6,8e-05
2026-07-30 13:49:00,BTCUSDT,BINANCE,TRADE,64026.6,9e-05
2026-07-30 13:49:00,BTCUSDT,BINANCE,TRADE,64026.6,9e-05
2026-07-30 13:49:00,BTCUSDT,BINANCE,TRADE,64026.6,8e-05
2026-07-30 13:49:00,BTCUSDT,BINANCE,TRADE,64026.6,8e-05
2026-07-30 13:49:00,BTCUSDT,BINANCE,TRADE,64026.6,8e-05
2026-07-30 13:49:00,BTCUSDT,BINANCE,TRADE,64026.6,0.00016
2026-07-30 13:49:00,BTCUSDT,BINANCE,TRADE,64026.6,8e-05
2026-07-30 13:49:00,BTCUSDT,BINANCE,TRADE,64026.6,0.09977
2026-07-30 13:49:00,BTCUSDT,BINANCE,TRADE,64026.6,8e-05
2026-07-30 13:49:00,BTCUSDT,BINANCE,TRADE,64026.6,8e-05
2026-07-30 13:49:00,BTCUSDT,BINANCE,TRADE,64026.6,8e-05
2026-07-30 13:49:00,BTCUSDT,BINANCE,TRADE,64026.6,8e-05
2026-07-30 13:49:00,BTCUSDT,BINANCE,TRADE,64026.6,9e-05
2026-07-30 13:49:00,BTCUSDT,BINANCE,TRADE,64026.6,9e-05
2026-07-30 13:49:00,BTCUSDT,BINANCE,TRADE,64026.6,8e-05
2026-07-30 13:49:00,BTCUSDT,BINANCE,TRADE,64026.6,8e-05
2026-07-30 13:49:00,BTCUSDT,BINANCE,TRADE,64026.6,8e-05
2026-07-30 13:49:00,BTCUSDT,BINANCE,TRADE,64026.6,8e-05
2026-07-30 13:49:00,BTCUSDT,BINANCE,TRADE,64026.6,8e-05
2026-07-30 13:49:00,BTCUSDT,BINANCE,TRADE,64026.6,0.00016
2026-07-30 13:49:00,BTCUSDT,BINANCE,TRADE,64026.6,8e-05
2026-07-30 13:49:00,BTCUSDT,BINANCE,TRADE,64026.6,2e-05
2026-07-30 13:49:00,BTCUSDT,BINANCE,TRADE,64026.6,0.00014
2026-07-30 13:49:00,BTCUSDT,BINANCE,TRADE,64026.6,0.00053
2026-07-30 13:49:00,BTCUSDT,BINANCE,TRADE,64026.6,8e-05
2026-07-30 13:49:00,BTCUSDT,BINANCE,TRADE,64026.6,8e-05
2026-07-30 13:49:00,BTCUSDT,BINANCE,TRADE,64026.6,8e-05
2026-07-30 13:49:00,BTCUSDT,BINANCE,TRADE,64026.6,8e-05
2026-07-30 13:49:00,BTCUSDT,BINANCE,TRADE,64026.6,0.00089
2026-07-30 13:49:00,BTCUSDT,BINANCE,TRADE,64026.6,8e-05
2026-07-30 13:49:00,BTCUSDT,BINANCE,TRADE,64026.6,8e-05
2026-07-30 13:49:00,BTCUSDT,BINANCE,TRADE,64026.6,8e-05
2026-07-30 13:49:00,BTCUSDT,BINANCE,TRADE,64026.6,8e-05
2026-07-30 13:49:00,BTCUSDT,BINANCE,TRADE,64026.6,0.0028
2026-07-30 13:49:00,BTCUSDT,BINANCE,TRADE,64026.6,0.0002
2026-07-30 13:49:00,BTCUSDT,BINANCE,TRADE,64026.6,8e-05
2026-07-30 13:49:00,BTCUSDT,BINANCE,TRADE,64026.6,0.003
2026-07-30 13:49:00,BTCUSDT,BINANCE,TRADE,64026.6,0.003
2026-07-30 13:49:00,BTCUSDT,BINANCE,TRADE,64026.6,0.003
2026-07-30 13:49:00,BTCUSDT,BINANCE,TRADE,64026.6,8e-05
2026-07-30 13:49:00,BTCUSDT,BINANCE,TRADE,64026.6,0.00064
2026-07-30 13:49:00,BTCUSDT,BINANCE,TRADE,64026.6,0.00236
2026-07-30 13:49:00,BTCUSDT,BINANCE,TRADE,64026.6,0.00264
2026-07-30 13:49:01,BTCUSDT,BINANCE,TRADE,64026.6,0.00036
2026-07-30 13:49:01,BTCUSDT,BINANCE,TRADE,64026.6,0.003
2026-07-30 13:49:01,BTCUSDT,BINANCE,TRADE,64026.6,8e-05
2026-07-30 13:49:01,BTCUSDT,BINANCE,TRADE,64026.6,0.003
2026-07-30 13:49:01,BTCUSDT,BINANCE,TRADE,64026.6,8e-05
2026-07-30 13:49:01,BTCUSDT,BINANCE,TRADE,64026.6,8e-05
2026-07-30 13:49:01,BTCUSDT,BINANCE,TRADE,64026.6,9e-05
2026-07-30 13:49:01,BTCUSDT,BINANCE,TRADE,64026.6,9e-05
2026-07-30 13:49:01,BTCUSDT,BINANCE,TRADE,64026.6,8e-05
2026-07-30 13:49:01,BTCUSDT,BINANCE,TRADE,64026.6,8e-05
2026-07-30 13:49:01,BTCUSDT,BINANCE,TRADE,64026.6,8e-05
2026-07-30 13:49:01,BTCUSDT,BINANCE,TRADE,64026.6,8e-05
2026-07-30 13:49:01,BTCUSDT,BINANCE,TRADE,64026.6,8e-05
2026-07-30 13:49:01,BTCUSDT,BINANCE,TRADE,64026.6,8e-05
2026-07-30 13:49:01,BTCUSDT,BINANCE,TRADE,64026.6,8e-05
2026-07-30 13:49:01,BTCUSDT,BINANCE,TRADE,64026.6,8e-05
2026-07-30 13:49:01,BTCUSDT,BINANCE,TRADE,64026.6,8e-05
2026-07-30 13:49:01,BTCUSDT,BINANCE,TRADE,64026.6,9e-05
2026-07-30 13:49:01,BTCUSDT,BINANCE,TRADE,64026.6,8e-05
2026-07-30 13:49:01,BTCUSDT,BINANCE,TRADE,64026.6,8e-05
2026-07-30 13:49:01,BTCUSDT,BINANCE,TRADE,64026.6,0.005
2026-07-30 13:49:01,BTCUSDT,BINANCE,TRADE,64026.6,4e-05
2026-07-30 13:49:01,BTCUSDT,BINANCE,TRADE,64026.6,0.005
2026-07-30 13:49:01,BTCUSDT,BINANCE,TRADE,64026.6,0.00496
2026-07-30 13:49:01,BTCUSDT,BINANCE,TRADE,64026.6,0.005
2026-07-30 13:49:01,BTCUSDT,BINANCE,TRADE,64026.6,8e-05
2026-07-30 13:49:01,BTCUSDT,BINANCE,TRADE,64026.6,8e-05
2026-07-30 13:49:01,BTCUSDT,BINANCE,TRADE,64026.6,9e-05
2026-07-30 13:49:01,BTCUSDT,BINANCE,TRADE,64026.6,8e-05
2026-07-30 13:49:01,BTCUSDT,BINANCE,TRADE,64026.6,8e-05
2026-07-30 13:49:01,BTCUSDT,BINANCE,TRADE,64026.6,8e-05
2026-07-30 13:49:01,BTCUSDT,BINANCE,TRADE,64026.6,9e-05
2026-07-30 13:49:01,BTCUSDT,BINANCE,TRADE,64026.6,9e-05
2026-07-30 13:49:01,BTCUSDT,BINANCE,TRADE,64026.6,8e-05
2026-07-30 13:49:01,BTCUSDT,BINANCE,TRADE,64026.6,8e-05
2026-07-30 13:49:01,BTCUSDT,BINANCE,TRADE,64026.6,8e-05
2026-07-30 13:49:01,BTCUSDT,BINANCE,TRADE,64026.6,8e-05
2026-07-30 13:49:01,BTCUSDT,BINANCE,TRADE,64026.6,8e-05
2026-07-30 13:49:01,BTCUSDT,BINANCE,TRADE,64026.6,8e-05
2026-07-30 13:49:01,BTCUSDT,BINANCE,TRADE,64026.6,8e-05
2026-07-30 13:49:01,BTCUSDT,BINANCE,TRADE,64026.6,8e-05
2026-07-30 13:49:01,BTCUSDT,BINANCE,TRADE,64026.6,8e-05
2026-07-30 13:49:01,BTCUSDT,BINANCE,TRADE,64026.6,8e-05
2026-07-30 13:49:01,BTCUSDT,BINANCE,TRADE,64026.6,8e-05
2026-07-30 13:49:01,BTCUSDT,BINANCE,TRADE,64026.6,8e-05
2026-07-30 13:49:01,BTCUSDT,BINANCE,TRADE,64026.6,9e-05
2026-07-30 13:49:01,BTCUSDT,BINANCE,TRADE,64026.6,9e-05
2026-07-30 13:49:01,BTCUSDT,BINANCE,TRADE,64026.6,8e-05
2026-07-30 13:49:01,BTCUSDT,BINANCE,TRADE,64026.6,8e-05
2026-07-30 13:49:01,BTCUSDT,BINANCE,TRADE,64026.6,8e-05
2026-07-30 13:49:01,BTCUSDT,BINANCE,TRADE,64026.6,8e-05
2026-07-30 13:49:01,BTCUSDT,BINANCE,TRADE,64026.6,8e-05
2026-07-30 13:49:01,BTCUSDT,BINANCE,TRADE,64026.6,8e-05
2026-07-30 13:49:01,BTCUSDT,BINANCE,TRADE,64026.6,8e-05
2026-07-30 13:49:01,BTCUSDT,BINANCE,TRADE,64026.5,8e-05
2026-07-30 13:49:01,BTCUSDT,BINANCE,TRADE,64026,9e-05
2026-07-30 13:49:01,BTCUSDT,BINANCE,TRADE,64026,9e-05
2026-07-30 13:49:01,BTCUSDT,BINANCE,TRADE,64026,9e-05
2026-07-30 13:49:01,BTCUSDT,BINANCE,TRADE,64026,0.006
2026-07-30 13:49:01,BTCUSDT,BINANCE,TRADE,64026,0.005
2026-07-30 13:49:01,BTCUSDT,BINANCE,TRADE,64026,0.008
2026-07-30 13:49:01,BTCUSDT,BINANCE,TRADE,64026,0.005
2026-07-30 13:49:01,BTCUSDT,BINANCE,TRADE,64026,9e-05
2026-07-30 13:49:01,BTCUSDT,BINANCE,TRADE,64026,9e-05
2026-07-30 13:49:01,BTCUSDT,BINANCE,TRADE,64025.7,8e-05
2026-07-30 13:49:01,BTCUSDT,BINANCE,TRADE,64025.6,0.0005
2026-07-30 13:49:01,BTCUSDT,BINANCE,TRADE,64025.6,9e-05
2026-07-30 13:49:01,BTCUSDT,BINANCE,TRADE,64025.6,0.0003
2026-07-30 13:49:01,BTCUSDT,BINANCE,TRADE,64025.3,8e-05
2026-07-30 13:49:01,BTCUSDT,BINANCE,TRADE,64025.3,8e-05
2026-07-30 13:49:01,BTCUSDT,BINANCE,TRADE,64025.3,0.00013
2026-07-30 13:49:01,BTCUSDT,BINANCE,TRADE,64025.2,0.00126
2026-07-30 13:49:01,BTCUSDT,BINANCE,TRADE,64025.2,0.00126
2026-07-30 13:49:01,BTCUSDT,BINANCE,TRADE,64025.1,8e-05
2026-07-30 13:49:01,BTCUSDT,BINANCE,TRADE,64025,0.00063
2026-07-30 13:49:01,BTCUSDT,BINANCE,TRADE,64025,9e-05
2026-07-30 13:49:01,BTCUSDT,BINANCE,TRADE,64025,9e-05
2026-07-30 13:49:01,BTCUSDT,BINANCE,TRADE,64025,9e-05
2026-07-30 13:49:01,ETHUSDT,BINANCE,TRADE,1904.93,0.0089
2026-07-30 13:49:01,BTCUSDT,BINANCE,TRADE,64025,0.005
2026-07-30 13:49:01,BTCUSDT,BINANCE,TRADE,64025,0.0073
2026-07-30 13:49:01,BTCUSDT,BINANCE,TRADE,64025,0.0027
2026-07-30 13:49:01,BTCUSDT,BINANCE,TRADE,64025,0.00327
2026-07-30 13:49:01,BTCUSDT,BINANCE,TRADE,64025,0.00173
2026-07-30 13:49:01,BTCUSDT,BINANCE,TRADE,64025,0.005
2026-07-30 13:49:01,BTCUSDT,BINANCE,TRADE,64025,0.00017
2026-07-30 13:49:01,BTCUSDT,BINANCE,TRADE,64025,0.00046
2026-07-30 13:49:01,BTCUSDT,BINANCE,TRADE,64025,0.002
2026-07-30 13:49:01,BTCUSDT,BINANCE,TRADE,64025,0.0013
2026-07-30 13:49:01,BTCUSDT,BINANCE,TRADE,64025,0.00515
2026-07-30 13:49:01,BTCUSDT,BINANCE,TRADE,64025,0.00157
2026-07-30 13:49:01,BTCUSDT,BINANCE,TRADE,64025,0.00054
2026-07-30 13:49:01,BTCUSDT,BINANCE,TRADE,64025,0.00314
2026-07-30 13:49:01,BTCUSDT,BINANCE,TRADE,64025,0.0001
2026-07-30 13:49:01,BTCUSDT,BINANCE,TRADE,64025,0.005
2026-07-30 13:49:01,BTCUSDT,BINANCE,TRADE,64025,0.005
2026-07-30 13:49:01,BTCUSDT,BINANCE,TRADE,64025,0.00106
2026-07-30 13:49:01,BTCUSDT,BINANCE,TRADE,64025,8e-05
2026-07-30 13:49:01,BTCUSDT,BINANCE,TRADE,64025,8e-05
2026-07-30 13:49:01,BTCUSDT,BINANCE,TRADE,64025,8e-05
2026-07-30 13:49:01,BTCUSDT,BINANCE,TRADE,64025,8e-05
2026-07-30 13:49:01,BTCUSDT,BINANCE,TRADE,64025,8e-05
2026-07-30 13:49:01,BTCUSDT,BINANCE,TRADE,64025,8e-05
2026-07-30 13:49:01,BTCUSDT,BINANCE,TRADE,64025,8e-05
2026-07-30 13:49:01,BTCUSDT,BINANCE,TRADE,64025,8e-05
2026-07-30 13:49:01,BTCUSDT,BINANCE,TRADE,64025,8e-05
2026-07-30 13:49:01,BTCUSDT,BINANCE,TRADE,64025,0.00044
2026-07-30 13:49:01,BTCUSDT,BINANCE,TRADE,64025,8e-05
2026-07-30 13:49:01,BTCUSDT,BINANCE,TRADE,64025,8e-05
2026-07-30 13:49:01,BTCUSDT,BINANCE,TRADE,64025,8e-05
2026-07-30 13:49:01,BTCUSDT,BINANCE,TRADE,64025,8e-05
2026-07-30 13:49:01,BTCUSDT,BINANCE,TRADE,64025,8e-05
2026-07-30 13:49:01,BTCUSDT,BINANCE,TRADE,64025,8e-05
2026-07-30 13:49:01,BTCUSDT,BINANCE,TRADE,64025,8e-05
2026-07-30 13:49:01,BTCUSDT,BINANCE,TRADE,64025,9e-05
2026-07-30 13:49:01,BTCUSDT,BINANCE,TRADE,64025,8e-05
2026-07-30 13:49:01,BTCUSDT,BINANCE,TRADE,64025,0.01
2026-07-30 13:49:01,BTCUSDT,BINANCE,TRADE,64025,0.005
2026-07-30 13:49:01,BTCUSDT,BINANCE,TRADE,64025,0.005
2026-07-30 13:49:01,BTCUSDT,BINANCE,TRADE,64025,8e-05
2026-07-30 13:49:01,BTCUSDT,BINANCE,TRADE,64025,9e-05
2026-07-30 13:49:01,BTCUSDT,BINANCE,TRADE,64025,9e-05
2026-07-30 13:49:01,BTCUSDT,BINANCE,TRADE,64025,8e-05
2026-07-30 13:49:01,BTCUSDT,BINANCE,TRADE,64025,8e-05
2026-07-30 13:49:01,BTCUSDT,BINANCE,TRADE,64025,8e-05
2026-07-30 13:49:01,BTCUSDT,BINANCE,TRADE,64025,8e-05
2026-07-30 13:49:01,BTCUSDT,BINANCE,TRADE,64025,8e-05
2026-07-30 13:49:01,BTCUSDT,BINANCE,TRADE,64025,8e-05
2026-07-30 13:49:01,BTCUSDT,BINANCE,TRADE,64025,8e-05
2026-07-30 13:49:01,BTCUSDT,BINANCE,TRADE,64025,8e-05
2026-07-30 13:49:01,BTCUSDT,BINANCE,TRADE,64025,8e-05
2026-07-30 13:49:01,BTCUSDT,BINANCE,TRADE,64025,8e-05
2026-07-30 13:49:01,BTCUSDT,BINANCE,TRADE,64025,8e-05
2026-07-30 13:49:01,BTCUSDT,BINANCE,TRADE,64025,8e-05
2026-07-30 13:49:01,BTCUSDT,BINANCE,TRADE,64025,8e-05
2026-07-30 13:49:01,BTCUSDT,BINANCE,TRADE,64025,8e-05
2026-07-30 13:49:01,BTCUSDT,BINANCE,TRADE,64025,9e-05
2026-07-30 13:49:01,BTCUSDT,BINANCE,TRADE,64025,9e-05
2026-07-30 13:49:01,BTCUSDT,BINANCE,TRADE,64025,8e-05
2026-07-30 13:49:01,BTCUSDT,BINANCE,TRADE,64025,8e-05
2026-07-30 13:49:01,BTCUSDT,BINANCE,TRADE,64025,8e-05
2026-07-30 13:49:01,BTCUSDT,BINANCE,TRADE,64024.5,0.00126
2026-07-30 13:49:01,BTCUSDT,BINANCE,TRADE,64024.5,0.00126
2026-07-30 13:49:01,BTCUSDT,BINANCE,TRADE,64024.2,8e-05
2026-07-30 13:49:01,BTCUSDT,BINANCE,TRADE,64024.2,8e-05
2026-07-30 13:49:01,BTCUSDT,BINANCE,TRADE,64024.2,8e-05
2026-07-30 13:49:01,BTCUSDT,BINANCE,TRADE,64024.2,8e-05
2026-07-30 13:49:01,BTCUSDT,BINANCE,TRADE,64024.2,8e-05
2026-07-30 13:49:01,BTCUSDT,BINANCE,TRADE,64024,9e-05
2026-07-30 13:49:01,BTCUSDT,BINANCE,TRADE,64024,9e-05
2026-07-30 13:49:01,BTCUSDT,BINANCE,TRADE,64024,9e-05
2026-07-30 13:49:01,BTCUSDT,BINANCE,TRADE,64024,0.006
2026-07-30 13:49:01,BTCUSDT,BINANCE,TRADE,64024,0.008
2026-07-30 13:49:01,BTCUSDT,BINANCE,TRADE,64024,0.005
2026-07-30 13:49:01,BTCUSDT,BINANCE,TRADE,64024,0.005
2026-07-30 13:49:01,BTCUSDT,BINANCE,TRADE,64024,9e-05
2026-07-30 13:49:01,BTCUSDT,BINANCE,TRADE,64024,9e-05
2026-07-30 13:49:01,BTCUSDT,BINANCE,TRADE,64023.9,0.00012
2026-07-30 13:49:01,BTCUSDT,BINANCE,TRADE,64023.3,8e-05
2026-07-30 13:49:01,BTCUSDT,BINANCE,TRADE,64023.1,0.00024
2026-07-30 13:49:01,BTCUSDT,BINANCE,TRADE,64022.9,9e-05
2026-07-30 13:49:01,BTCUSDT,BINANCE,TRADE,64022.9,9e-05
2026-07-30 13:49:01,BTCUSDT,BINANCE,TRADE,64022.9,9e-05
2026-07-30 13:49:01,BTCUSDT,BINANCE,TRADE,64022.9,0.01
2026-07-30 13:49:01,BTCUSDT,BINANCE,TRADE,64022.9,0.005
2026-07-30 13:49:01,BTCUSDT,BINANCE,TRADE,64022.9,0.005
2026-07-30 13:49:01,ETHUSDT,BINANCE,TRADE,1904.94,0.2384
2026-07-30 13:49:01,BTCUSDT,BINANCE,TRADE,64022.9,0.00108
2026-07-30 13:49:01,BTCUSDT,BINANCE,TRADE,64022.9,0.00029
2026-07-30 13:49:01,BTCUSDT,BINANCE,TRADE,64022.9,0.01563
2026-07-30 13:49:01,ETHUSDT,BINANCE,TRADE,1904.94,0.0165
2026-07-30 13:49:01,ETHUSDT,BINANCE,TRADE,1904.93,0.0027
2026-07-30 13:49:01,ETHUSDT,BINANCE,TRADE,1904.93,0.0028
2026-07-30 13:49:01,ETHUSDT,BINANCE,TRADE,1904.93,0.0027
2026-07-30 13:49:01,ETHUSDT,BINANCE,TRADE,1904.93,0.0028
2026-07-30 13:49:01,ETHUSDT,BINANCE,TRADE,1904.93,0.075
2026-07-30 13:49:01,BTCUSDT,BINANCE,TRADE,64022.9,0.00013
2026-07-30 13:49:01,BTCUSDT,BINANCE,TRADE,64022.9,0.0013
2026-07-30 13:49:01,ETHUSDT,BINANCE,TRADE,1904.93,0.0216
2026-07-30 13:49:01,BTCUSDT,BINANCE,TRADE,64022.9,0.00126
2026-07-30 13:49:01,BTCUSDT,BINANCE,TRADE,64022.9,0.00075
2026-07-30 13:49:01,BTCUSDT,BINANCE,TRADE,64022.9,0.00425
2026-07-30 13:49:01,BTCUSDT,BINANCE,TRADE,64022.9,0.002
2026-07-30 13:49:01,ETHUSDT,BINANCE,TRADE,1904.93,0.0179
2026-07-30 13:49:01,BTCUSDT,BINANCE,TRADE,64022.9,0.00029
2026-07-30 13:49:01,BTCUSDT,BINANCE,TRADE,64022.9,0.00509
2026-07-30 13:49:01,BTCUSDT,BINANCE,TRADE,64022.9,0.00038
2026-07-30 13:49:01,BTCUSDT,BINANCE,TRADE,64022.9,0.01268
2026-07-30 13:49:01,BTCUSDT,BINANCE,TRADE,64022.9,0.00156
2026-07-30 13:49:01,BTCUSDT,BINANCE,TRADE,64022.9,0.0013
2026-07-30 13:49:01,BTCUSDT,BINANCE,TRADE,64022.9,0.00061
2026-07-30 13:49:01,BTCUSDT,BINANCE,TRADE,64022.9,0.00045
2026-07-30 13:49:01,BTCUSDT,BINANCE,TRADE,64022.9,0.00013
2026-07-30 13:49:01,BTCUSDT,BINANCE,TRADE,64022.9,0.00031
2026-07-30 13:49:01,BTCUSDT,BINANCE,TRADE,64022.9,0.00027
2026-07-30 13:49:01,BTCUSDT,BINANCE,TRADE,64022.9,0.00314
2026-07-30 13:49:02,BTCUSDT,BINANCE,TRADE,64022.9,0.00082
2026-07-30 13:49:02,ETHUSDT,BINANCE,TRADE,1904.94,0.0523
2026-07-30 13:49:02,BTCUSDT,BINANCE,TRADE,64022.9,0.0013
2026-07-30 13:49:02,BTCUSDT,BINANCE,TRADE,64022.9,0.00188
2026-07-30 13:49:02,BTCUSDT,BINANCE,TRADE,64022.9,0.00026
2026-07-30 13:49:02