timestamp,symbol,exchange,event_type,price,quantity
2026-07-30 13:37:44,ETHUSDT,BINANCE,TRADE,1903.28,0.1724
2026-07-30 13:37:44,BTCUSDT,BINANCE,TRADE,64020,0.00027
2026-07-30 13:37:44,BTCUSDT,BINANCE,TRADE,64020,0.00065
2026-07-30 13:37:44,BTCUSDT,BINANCE,TRADE,64020,0.00017
2026-07-30 13:37:44,BTCUSDT,BINANCE,TRADE,64020,0.00937
2026-07-30 13:37:44,ETHUSDT,BINANCE,TRADE,1903.28,0.2683
2026-07-30 13:37:44,BTCUSDT,BINANCE,TRADE,64020,0.00018
2026-07-30 13:37:44,BTCUSDT,BINANCE,TRADE,64020,0.00031
2026-07-30 13:37:44,BTCUSDT,BINANCE,TRADE,64020,0.01953
2026-07-30 13:37:44,BTCUSDT,BINANCE,TRADE,64020,0.00291
2026-07-30 13:37:44,BTCUSDT,BINANCE,TRADE,64020,0.00043
2026-07-30 13:37:44,BTCUSDT,BINANCE,TRADE,64020,0.00065
2026-07-30 13:37:45,BTCUSDT,BINANCE,TRADE,64020,0.00515
2026-07-30 13:37:45,SOLUSDT,BINANCE,TRADE,73.38,13.2
2026-07-30 13:37:45,BTCUSDT,BINANCE,TRADE,64020,0.00521
2026-07-30 13:37:45,BTCUSDT,BINANCE,TRADE,64020,0.00312
2026-07-30 13:37:45,BTCUSDT,BINANCE,TRADE,64020,0.0003
2026-07-30 13:37:45,ETHUSDT,BINANCE,TRADE,1903.28,0.0058
2026-07-30 13:37:45,ETHUSDT,BINANCE,TRADE,1903.28,0.2155
2026-07-30 13:37:45,BTCUSDT,BINANCE,TRADE,64020,0.0004
2026-07-30 13:37:45,BTCUSDT,BINANCE,TRADE,64020,0.00019
2026-07-30 13:37:45,BTCUSDT,BINANCE,TRADE,64020,0.00029
2026-07-30 13:37:45,BTCUSDT,BINANCE,TRADE,64020,0.0024
2026-07-30 13:37:45,ETHUSDT,BINANCE,TRADE,1903.27,0.0407
2026-07-30 13:37:45,BTCUSDT,BINANCE,TRADE,64020,0.00012
2026-07-30 13:37:45,BTCUSDT,BINANCE,TRADE,64020,0.0021
2026-07-30 13:37:45,BTCUSDT,BINANCE,TRADE,64020,0.00065
2026-07-30 13:37:45,ETHUSDT,BINANCE,TRADE,1903.27,0.0249
2026-07-30 13:37:45,BTCUSDT,BINANCE,TRADE,64020,0.00509
2026-07-30 13:37:45,BTCUSDT,BINANCE,TRADE,64020,0.00487
2026-07-30 13:37:45,ETHUSDT,BINANCE,TRADE,1903.28,0.003
2026-07-30 13:37:45,BTCUSDT,BINANCE,TRADE,64020,0.0001
2026-07-30 13:37:45,BTCUSDT,BINANCE,TRADE,64020,0.0021
2026-07-30 13:37:45,ETHUSDT,BINANCE,TRADE,1903.27,0.0185
2026-07-30 13:37:45,ETHUSDT,BINANCE,TRADE,1903.28,0.0027
2026-07-30 13:37:45,ETHUSDT,BINANCE,TRADE,1903.28,0.0027
2026-07-30 13:37:45,ETHUSDT,BINANCE,TRADE,1903.28,0.0027
2026-07-30 13:37:45,ETHUSDT,BINANCE,TRADE,1903.28,0.0027
2026-07-30 13:37:45,ETHUSDT,BINANCE,TRADE,1903.28,0.0028
2026-07-30 13:37:45,ETHUSDT,BINANCE,TRADE,1903.28,0.0025
2026-07-30 13:37:45,BTCUSDT,BINANCE,TRADE,64020,0.00065
2026-07-30 13:37:45,BTCUSDT,BINANCE,TRADE,64020,0.00017
2026-07-30 13:37:45,BTCUSDT,BINANCE,TRADE,64020,0.00043
2026-07-30 13:37:45,ETHUSDT,BINANCE,TRADE,1903.28,0.0007
2026-07-30 13:37:45,ETHUSDT,BINANCE,TRADE,1903.28,0.0256
2026-07-30 13:37:45,BTCUSDT,BINANCE,TRADE,64020,0.0002
2026-07-30 13:37:45,BTCUSDT,BINANCE,TRADE,64020,0.00018
2026-07-30 13:37:45,BTCUSDT,BINANCE,TRADE,64020,0.0003
2026-07-30 13:37:45,BTCUSDT,BINANCE,TRADE,64020,0.00016
2026-07-30 13:37:45,BTCUSDT,BINANCE,TRADE,64020,0.00275
2026-07-30 13:37:45,BTCUSDT,BINANCE,TRADE,64020,0.00015
2026-07-30 13:37:45,ETHUSDT,BINANCE,TRADE,1903.27,0.0052
2026-07-30 13:37:45,BTCUSDT,BINANCE,TRADE,64020,0.00866
2026-07-30 13:37:45,BTCUSDT,BINANCE,TRADE,64020,0.07324
2026-07-30 13:37:45,ETHUSDT,BINANCE,TRADE,1903.28,0.0329
2026-07-30 13:37:45,BTCUSDT,BINANCE,TRADE,64020,0.0005
2026-07-30 13:37:45,BTCUSDT,BINANCE,TRADE,64020,0.15586
2026-07-30 13:37:45,BTCUSDT,BINANCE,TRADE,64020,0.00065
2026-07-30 13:37:45,BTCUSDT,BINANCE,TRADE,64020,0.00166
2026-07-30 13:37:45,ETHUSDT,BINANCE,TRADE,1903.27,0.2332
2026-07-30 13:37:45,BTCUSDT,BINANCE,TRADE,64020,0.00012
2026-07-30 13:37:45,BTCUSDT,BINANCE,TRADE,64020,0.00017
2026-07-30 13:37:45,BTCUSDT,BINANCE,TRADE,64020,0.00029
2026-07-30 13:37:46,BTCUSDT,BINANCE,TRADE,64020,0.00031
2026-07-30 13:37:46,ETHUSDT,BINANCE,TRADE,1903.28,0.0535
2026-07-30 13:37:46,BTCUSDT,BINANCE,TRADE,64020,0.00275
2026-07-30 13:37:46,BTCUSDT,BINANCE,TRADE,64020,0.00312
2026-07-30 13:37:46,BTCUSDT,BINANCE,TRADE,64020,0.00223
2026-07-30 13:37:46,BTCUSDT,BINANCE,TRADE,64020,0.00065
2026-07-30 13:37:46,BTCUSDT,BINANCE,TRADE,64020,0.00203
2026-07-30 13:37:46,ETHUSDT,BINANCE,TRADE,1903.28,0.0053
2026-07-30 13:37:46,BTCUSDT,BINANCE,TRADE,64020,0.01953
2026-07-30 13:37:46,BTCUSDT,BINANCE,TRADE,64020,0.00157
2026-07-30 13:37:46,BTCUSDT,BINANCE,TRADE,64020,0.00027
2026-07-30 13:37:46,ETHUSDT,BINANCE,TRADE,1903.28,0.1689
2026-07-30 13:37:46,BTCUSDT,BINANCE,TRADE,64020,0.00043
2026-07-30 13:37:46,ETHUSDT,BINANCE,TRADE,1903.27,0.2683
2026-07-30 13:37:46,BTCUSDT,BINANCE,TRADE,64020,0.0017
2026-07-30 13:37:46,BTCUSDT,BINANCE,TRADE,64020,0.0002
2026-07-30 13:37:46,BTCUSDT,BINANCE,TRADE,64020,0.00065
2026-07-30 13:37:46,BTCUSDT,BINANCE,TRADE,64020,0.0018
2026-07-30 13:37:46,BTCUSDT,BINANCE,TRADE,64020,0.0006
2026-07-30 13:37:46,BTCUSDT,BINANCE,TRADE,64020,0.0003
2026-07-30 13:37:46,BTCUSDT,BINANCE,TRADE,64020,0.00015
2026-07-30 13:37:46,BTCUSDT,BINANCE,TRADE,64020,0.0024
2026-07-30 13:37:46,BTCUSDT,BINANCE,TRADE,64020,9e-05
2026-07-30 13:37:46,BTCUSDT,BINANCE,TRADE,64020,0.00064
2026-07-30 13:37:46,ETHUSDT,BINANCE,TRADE,1903.28,0.1925
2026-07-30 13:37:46,BTCUSDT,BINANCE,TRADE,64020,0.00065
2026-07-30 13:37:46,BTCUSDT,BINANCE,TRADE,64020,0.00038
2026-07-30 13:37:46,ETHUSDT,BINANCE,TRADE,1903.27,0.0189
2026-07-30 13:37:46,BTCUSDT,BINANCE,TRADE,64020,0.00042
2026-07-30 13:37:46,BTCUSDT,BINANCE,TRADE,64020,0.00182
2026-07-30 13:37:46,BTCUSDT,BINANCE,TRADE,64020,0.00017
2026-07-30 13:37:46,BTCUSDT,BINANCE,TRADE,64020,0.0003
2026-07-30 13:37:46,BTCUSDT,BINANCE,TRADE,64020,0.00312
2026-07-30 13:37:47,BTCUSDT,BINANCE,TRADE,64020,0.00297
2026-07-30 13:37:47,BTCUSDT,BINANCE,TRADE,64020,0.01874
2026-07-30 13:37:47,BTCUSDT,BINANCE,TRADE,64020,0.00017
2026-07-30 13:37:47,BTCUSDT,BINANCE,TRADE,64020,0.00065
2026-07-30 13:37:47,BTCUSDT,BINANCE,TRADE,64020,0.00024
2026-07-30 13:37:47,ETHUSDT,BINANCE,TRADE,1903.28,0.0249
2026-07-30 13:37:47,ETHUSDT,BINANCE,TRADE,1903.27,0.0549
2026-07-30 13:37:47,BTCUSDT,BINANCE,TRADE,64020,0.00018
2026-07-30 13:37:47,BTCUSDT,BINANCE,TRADE,64020,0.00017
2026-07-30 13:37:47,BTCUSDT,BINANCE,TRADE,64020,0.00278
2026-07-30 13:37:47,BTCUSDT,BINANCE,TRADE,64020,0.00027
2026-07-30 13:37:47,ETHUSDT,BINANCE,TRADE,1903.27,0.0161
2026-07-30 13:37:47,BTCUSDT,BINANCE,TRADE,64020,0.00065
2026-07-30 13:37:47,BTCUSDT,BINANCE,TRADE,64020,0.00312
2026-07-30 13:37:47,BTCUSDT,BINANCE,TRADE,64020,0.00257
2026-07-30 13:37:47,BTCUSDT,BINANCE,TRADE,64020,0.00038
2026-07-30 13:37:47,BTCUSDT,BINANCE,TRADE,64020,0.00166
2026-07-30 13:37:47,BTCUSDT,BINANCE,TRADE,64020,0.00029
2026-07-30 13:37:47,ETHUSDT,BINANCE,TRADE,1903.27,0.1152
2026-07-30 13:37:47,BTCUSDT,BINANCE,TRADE,64020,0.00043
2026-07-30 13:37:47,ETHUSDT,BINANCE,TRADE,1903.28,0.0185
2026-07-30 13:37:47,BTCUSDT,BINANCE,TRADE,64020,0.00521
2026-07-30 13:37:47,ETHUSDT,BINANCE,TRADE,1903.27,0.0535
2026-07-30 13:37:47,BTCUSDT,BINANCE,TRADE,64020,0.00013
2026-07-30 13:37:47,BTCUSDT,BINANCE,TRADE,64020,0.00065
2026-07-30 13:37:47,ETHUSDT,BINANCE,TRADE,1903.28,0.0105
2026-07-30 13:37:47,BTCUSDT,BINANCE,TRADE,64020,0.00515
2026-07-30 13:37:47,BTCUSDT,BINANCE,TRADE,64020,0.00163
2026-07-30 13:37:47,ETHUSDT,BINANCE,TRADE,1903.27,0.1724
2026-07-30 13:37:47,BTCUSDT,BINANCE,TRADE,64020,0.00017
2026-07-30 13:37:47,BTCUSDT,BINANCE,TRADE,64020,9e-05
2026-07-30 13:37:47,BTCUSDT,BINANCE,TRADE,64020,0.00065
2026-07-30 13:37:47,BTCUSDT,BINANCE,TRADE,64020,0.0002
2026-07-30 13:37:47,BTCUSDT,BINANCE,TRADE,64020,0.00018
2026-07-30 13:37:47,BTCUSDT,BINANCE,TRADE,64020,0.00182
2026-07-30 13:37:48,BTCUSDT,BINANCE,TRADE,64020,0.0003
2026-07-30 13:37:48,BTCUSDT,BINANCE,TRADE,64020,0.00291
2026-07-30 13:37:48,BTCUSDT,BINANCE,TRADE,64020,0.0021
2026-07-30 13:37:48,BTCUSDT,BINANCE,TRADE,64020,0.00015
2026-07-30 13:37:48,ETHUSDT,BINANCE,TRADE,1903.28,0.0035
2026-07-30 13:37:48,BTCUSDT,BINANCE,TRADE,64020,0.00223
2026-07-30 13:37:48,ETHUSDT,BINANCE,TRADE,1903.27,0.1566
2026-07-30 13:37:48,ETHUSDT,BINANCE,TRADE,1903.27,0.0121
2026-07-30 13:37:48,BTCUSDT,BINANCE,TRADE,64020,0.00509
2026-07-30 13:37:48,BTCUSDT,BINANCE,TRADE,64020,0.0024
2026-07-30 13:37:48,BTCUSDT,BINANCE,TRADE,64020,9e-05
2026-07-30 13:37:48,BTCUSDT,BINANCE,TRADE,64020,0.00094
2026-07-30 13:37:48,BTCUSDT,BINANCE,TRADE,64020,0.00012
2026-07-30 13:37:48,BTCUSDT,BINANCE,TRADE,64020,0.00312
2026-07-30 13:37:48,BTCUSDT,BINANCE,TRADE,64020,0.01953
2026-07-30 13:37:48,BTCUSDT,BINANCE,TRADE,64020,0.00029
2026-07-30 13:37:48,BTCUSDT,BINANCE,TRADE,64020,0.00017
2026-07-30 13:37:48,BTCUSDT,BINANCE,TRADE,64020,0.00065
2026-07-30 13:37:48,BTCUSDT,BINANCE,TRADE,64020,0.15586
2026-07-30 13:37:48,BTCUSDT,BINANCE,TRADE,64020,0.00866
2026-07-30 13:37:48,BTCUSDT,BINANCE,TRADE,64020,0.00078
2026-07-30 13:37:48,BTCUSDT,BINANCE,TRADE,64020,0.00031
2026-07-30 13:37:48,ETHUSDT,BINANCE,TRADE,1903.28,0.0286
2026-07-30 13:37:48,BTCUSDT,BINANCE,TRADE,64020,0.00065
2026-07-30 13:37:48,BTCUSDT,BINANCE,TRADE,64020,0.00042
2026-07-30 13:37:48,ETHUSDT,BINANCE,TRADE,1903.27,0.0249
2026-07-30 13:37:48,ETHUSDT,BINANCE,TRADE,1903.27,0.2211
2026-07-30 13:37:48,BTCUSDT,BINANCE,TRADE,64020,0.0006
2026-07-30 13:37:48,BTCUSDT,BINANCE,TRADE,64020,0.00048
2026-07-30 13:37:48,BTCUSDT,BINANCE,TRADE,64020,0.00275
2026-07-30 13:37:48,BTCUSDT,BINANCE,TRADE,64020,0.00327
2026-07-30 13:37:48,BTCUSDT,BINANCE,TRADE,64020,0.00139
2026-07-30 13:37:48,BTCUSDT,BINANCE,TRADE,64020,0.00038
2026-07-30 13:37:48,BTCUSDT,BINANCE,TRADE,64020,0.00203
2026-07-30 13:37:48,BTCUSDT,BINANCE,TRADE,64020,0.0002
2026-07-30 13:37:48,BTCUSDT,BINANCE,TRADE,64020,0.00275
2026-07-30 13:37:48,BTCUSDT,BINANCE,TRADE,64020,0.01874
2026-07-30 13:37:48,BTCUSDT,BINANCE,TRADE,64020,0.00312
2026-07-30 13:37:48,BTCUSDT,BINANCE,TRADE,64020,0.00027
2026-07-30 13:37:48,BTCUSDT,BINANCE,TRADE,64020,0.00015
2026-07-30 13:37:48,BTCUSDT,BINANCE,TRADE,64020,0.0003
2026-07-30 13:37:48,BTCUSDT,BINANCE,TRADE,64020,0.00015
2026-07-30 13:37:48,BTCUSDT,BINANCE,TRADE,64020,0.00065
2026-07-30 13:37:48,ETHUSDT,BINANCE,TRADE,1903.27,0.0329
2026-07-30 13:37:48,BTCUSDT,BINANCE,TRADE,64020,0.00043
2026-07-30 13:37:48,BTCUSDT,BINANCE,TRADE,64020,0.00021
2026-07-30 13:37:49,ETHUSDT,BINANCE,TRADE,1903.28,0.0161
2026-07-30 13:37:49,BTCUSDT,BINANCE,TRADE,64020,0.00017
2026-07-30 13:37:49,BTCUSDT,BINANCE,TRADE,64020,0.00065
2026-07-30 13:37:49,BTCUSDT,BINANCE,TRADE,64020,0.00074
2026-07-30 13:37:49,ETHUSDT,BINANCE,TRADE,1903.28,0.2332
2026-07-30 13:37:49,ETHUSDT,BINANCE,TRADE,1903.28,0.0444
2026-07-30 13:37:49,BTCUSDT,BINANCE,TRADE,64020,0.00166
2026-07-30 13:37:49,ETHUSDT,BINANCE,TRADE,1903.27,0.0053
2026-07-30 13:37:49,BTCUSDT,BINANCE,TRADE,64020,0.00017
2026-07-30 13:37:49,ETHUSDT,BINANCE,TRADE,1903.27,0.0068
2026-07-30 13:37:49,BTCUSDT,BINANCE,TRADE,64020,0.00275
2026-07-30 13:37:49,BTCUSDT,BINANCE,TRADE,64020,0.00065
2026-07-30 13:37:49,BTCUSDT,BINANCE,TRADE,64020,0.00017
2026-07-30 13:37:49,SOLUSDT,BINANCE,TRADE,73.39,0.095
2026-07-30 13:37:49,BTCUSDT,BINANCE,TRADE,64020,0.00017
2026-07-30 13:37:49,BTCUSDT,BINANCE,TRADE,64020,0.01953
2026-07-30 13:37:49,ETHUSDT,BINANCE,TRADE,1903.28,0.0027
2026-07-30 13:37:49,ETHUSDT,BINANCE,TRADE,1903.28,0.0003
2026-07-30 13:37:49,BTCUSDT,BINANCE,TRADE,64020,0.00509
2026-07-30 13:37:49,BTCUSDT,BINANCE,TRADE,64020,0.00027
2026-07-30 13:37:49,ETHUSDT,BINANCE,TRADE,1903.28,0.0025
2026-07-30 13:37:49,ETHUSDT,BINANCE,TRADE,1903.28,0.0452
2026-07-30 13:37:49,ETHUSDT,BINANCE,TRADE,1903.28,0.0027
2026-07-30 13:37:49,ETHUSDT,BINANCE,TRADE,1903.28,0.0053
2026-07-30 13:37:49,ETHUSDT,BINANCE,TRADE,1903.28,0.0027
2026-07-30 13:37:49,ETHUSDT,BINANCE,TRADE,1903.28,0.0028
2026-07-30 13:37:49,ETHUSDT,BINANCE,TRADE,1903.28,0.0211
2026-07-30 13:37:49,ETHUSDT,BINANCE,TRADE,1903.28,0.0032
2026-07-30 13:37:49,ETHUSDT,BINANCE,TRADE,1903.28,0.0027
2026-07-30 13:37:49,ETHUSDT,BINANCE,TRADE,1903.28,0.021
2026-07-30 13:37:49,ETHUSDT,BINANCE,TRADE,1903.28,0.0027
2026-07-30 13:37:49,ETHUSDT,BINANCE,TRADE,1903.28,0.05
2026-07-30 13:37:49,ETHUSDT,BINANCE,TRADE,1903.28,0.0027
2026-07-30 13:37:49,ETHUSDT,BINANCE,TRADE,1903.28,0.021
2026-07-30 13:37:49,ETHUSDT,BINANCE,TRADE,1903.28,0.0027
2026-07-30 13:37:49,ETHUSDT,BINANCE,TRADE,1903.28,0.0027
2026-07-30 13:37:49,ETHUSDT,BINANCE,TRADE,1903.28,0.0027
2026-07-30 13:37:49,ETHUSDT,BINANCE,TRADE,1903.28,0.0032
2026-07-30 13:37:49,ETHUSDT,BINANCE,TRADE,1903.29,0.0028
2026-07-30 13:37:49,ETHUSDT,BINANCE,TRADE,1903.29,0.0027
2026-07-30 13:37:49,ETHUSDT,BINANCE,TRADE,1903.29,0.0027
2026-07-30 13:37:49,ETHUSDT,BINANCE,TRADE,1903.29,0.0053
2026-07-30 13:37:49,ETHUSDT,BINANCE,TRADE,1903.29,0.0028
2026-07-30 13:37:49,ETHUSDT,BINANCE,TRADE,1903.29,0.0028
2026-07-30 13:37:49,ETHUSDT,BINANCE,TRADE,1903.29,0.0027
2026-07-30 13:37:49,ETHUSDT,BINANCE,TRADE,1903.29,0.0028
2026-07-30 13:37:49,ETHUSDT,BINANCE,TRADE,1903.3,0.0027
2026-07-30 13:37:49,ETHUSDT,BINANCE,TRADE,1903.3,0.0028
2026-07-30 13:37:49,ETHUSDT,BINANCE,TRADE,1903.3,0.1143
2026-07-30 13:37:49,ETHUSDT,BINANCE,TRADE,1903.3,0.0053
2026-07-30 13:37:49,ETHUSDT,BINANCE,TRADE,1903.31,0.0028
2026-07-30 13:37:49,ETHUSDT,BINANCE,TRADE,1903.31,0.0028
2026-07-30 13:37:49,ETHUSDT,BINANCE,TRADE,1903.31,0.0028
2026-07-30 13:37:49,ETHUSDT,BINANCE,TRADE,1903.31,0.0027
2026-07-30 13:37:49,ETHUSDT,BINANCE,TRADE,1903.31,0.0028
2026-07-30 13:37:49,ETHUSDT,BINANCE,TRADE,1903.32,0.003
2026-07-30 13:37:49,ETHUSDT,BINANCE,TRADE,1903.32,0.0159
2026-07-30 13:37:49,BTCUSDT,BINANCE,TRADE,64020,0.00126
2026-07-30 13:37:49,BTCUSDT,BINANCE,TRADE,64020,0.0001
2026-07-30 13:37:49,BTCUSDT,BINANCE,TRADE,64020,0.00042
2026-07-30 13:37:49,ETHUSDT,BINANCE,TRADE,1903.32,0.0028
2026-07-30 13:37:49,ETHUSDT,BINANCE,TRADE,1903.32,0.0027
2026-07-30 13:37:49,ETHUSDT,BINANCE,TRADE,1903.32,0.0032
2026-07-30 13:37:49,ETHUSDT,BINANCE,TRADE,1903.32,0.0032
2026-07-30 13:37:49,ETHUSDT,BINANCE,TRADE,1903.32,0.0032
2026-07-30 13:37:49,ETHUSDT,BINANCE,TRADE,1903.32,0.0027
2026-07-30 13:37:49,ETHUSDT,BINANCE,TRADE,1903.32,0.0027
2026-07-30 13:37:49,ETHUSDT,BINANCE,TRADE,1903.32,0.0028
2026-07-30 13:37:49,ETHUSDT,BINANCE,TRADE,1903.32,0.0027
2026-07-30 13:37:49,ETHUSDT,BINANCE,TRADE,1903.32,0.0027
2026-07-30 13:37:49,ETHUSDT,BINANCE,TRADE,1903.33,0.0028
2026-07-30 13:37:49,ETHUSDT,BINANCE,TRADE,1903.33,0.0027
2026-07-30 13:37:49,ETHUSDT,BINANCE,TRADE,1903.33,0.0027
2026-07-30 13:37:49,ETHUSDT,BINANCE,TRADE,1903.33,0.0027
2026-07-30 13:37:49,ETHUSDT,BINANCE,TRADE,1903.33,0.0027
2026-07-30 13:37:49,ETHUSDT,BINANCE,TRADE,1903.34,0.0028
2026-07-30 13:37:49,ETHUSDT,BINANCE,TRADE,1903.35,0.0028
2026-07-30 13:37:49,ETHUSDT,BINANCE,TRADE,1903.36,0.0028
2026-07-30 13:37:49,ETHUSDT,BINANCE,TRADE,1903.37,0.0028
2026-07-30 13:37:49,ETHUSDT,BINANCE,TRADE,1903.39,0.0027
2026-07-30 13:37:49,ETHUSDT,BINANCE,TRADE,1903.39,0.0028
2026-07-30 13:37:49,BTCUSDT,BINANCE,TRADE,64020,0.00065
2026-07-30 13:37:49,BTCUSDT,BINANCE,TRADE,64020,0.00515
2026-07-30 13:37:49,BTCUSDT,BINANCE,TRADE,64020,0.00223
2026-07-30 13:37:49,BTCUSDT,BINANCE,TRADE,64020,0.00029
2026-07-30 13:37:49,BTCUSDT,BINANCE,TRADE,64020,0.00038
2026-07-30 13:37:49,BTCUSDT,BINANCE,TRADE,64020,0.00182
2026-07-30 13:37:49,ETHUSDT,BINANCE,TRADE,1903.4,0.1925
2026-07-30 13:37:49,BTCUSDT,BINANCE,TRADE,64020,0.00157
2026-07-30 13:37:49,BTCUSDT,BINANCE,TRADE,64020,0.0024
2026-07-30 13:37:50,BTCUSDT,BINANCE,TRADE,64020,0.00937
2026-07-30 13:37:50,BTCUSDT,BINANCE,TRADE,64020,0.00065
2026-07-30 13:37:50,BTCUSDT,BINANCE,TRADE,64020,0.00014
2026-07-30 13:37:50,BTCUSDT,BINANCE,TRADE,64020,0.00019
2026-07-30 13:37:50,BTCUSDT,BINANCE,TRADE,64020,0.00021
2026-07-30 13:37:50,BTCUSDT,BINANCE,TRADE,64020,0.00026
2026-07-30 13:37:50,BTCUSDT,BINANCE,TRADE,64020,0.01601
2026-07-30 13:37:50,BTCUSDT,BINANCE,TRADE,64020,0.00017
2026-07-30 13:37:50,BTCUSDT,BINANCE,TRADE,64020,0.0002
2026-07-30 13:37:50,BTCUSDT,BINANCE,TRADE,64020,0.00031
2026-07-30 13:37:50,BTCUSDT,BINANCE,TRADE,64020,9e-05
2026-07-30 13:37:50,BTCUSDT,BINANCE,TRADE,64020,0.00017
2026-07-30 13:37:50,BTCUSDT,BINANCE,TRADE,64020,0.00012
2026-07-30 13:37:50,BTCUSDT,BINANCE,TRADE,64020,0.00043
2026-07-30 13:37:50,BTCUSDT,BINANCE,TRADE,64020,0.00163
2026-07-30 13:37:50,BTCUSDT,BINANCE,TRADE,64020,0.0003
2026-07-30 13:37:50,BTCUSDT,BINANCE,TRADE,64020,0.00521
2026-07-30 13:37:50,BTCUSDT,BINANCE,TRADE,64020,0.00984
2026-07-30 13:37:50,BTCUSDT,BINANCE,TRADE,64020,0.00182
2026-07-30 13:37:50,BTCUSDT,BINANCE,TRADE,64020,0.00065
2026-07-30 13:37:50,BTCUSDT,BINANCE,TRADE,64020,9e-05
2026-07-30 13:37:50,BTCUSDT,BINANCE,TRADE,64020,0.00312
2026-07-30 13:37:50,BTCUSDT,BINANCE,TRADE,64020,9e-05
2026-07-30 13:37:50,BTCUSDT,BINANCE,TRADE,64020,0.15586
2026-07-30 13:37:50,ETHUSDT,BINANCE,TRADE,1903.41,0.0028
2026-07-30 13:37:50,ETHUSDT,BINANCE,TRADE,1903.41,0.0221
2026-07-30 13:37:50,BTCUSDT,BINANCE,TRADE,64020,0.00029
2026-07-30 13:37:50,BTCUSDT,BINANCE,TRADE,64020,0.00017
2026-07-30 13:37:50,BTCUSDT,BINANCE,TRADE,64020,0.00015
2026-07-30 13:37:50,BTCUSDT,BINANCE,TRADE,64020,0.00078
2026-07-30 13:37:50,BTCUSDT,BINANCE,TRADE,64020,0.00065
2026-07-30 13:37:50,BTCUSDT,BINANCE,TRADE,64020,0.00029
2026-07-30 13:37:50,ETHUSDT,BINANCE,TRADE,1903.41,0.0072
2026-07-30 13:37:50,BTCUSDT,BINANCE,TRADE,64020,0.01953
2026-07-30 13:37:50,BTCUSDT,BINANCE,TRADE,64020,0.00166
2026-07-30 13:37:50,SOLUSDT,BINANCE,TRADE,73.38,0.769
2026-07-30 13:37:50,BTCUSDT,BINANCE,TRADE,64020,0.00275
2026-07-30 13:37:50,BTCUSDT,BINANCE,TRADE,64020,0.00042
2026-07-30 13:37:50,BTCUSDT,BINANCE,TRADE,64020,0.00866
2026-07-30 13:37:50,BTCUSDT,BINANCE,TRADE,64020,0.00065
2026-07-30 13:37:50,ETHUSDT,BINANCE,TRADE,1903.4,0.0161
2026-07-30 13:37:50,BTCUSDT,BINANCE,TRADE,64020,0.0003
2026-07-30 13:37:50,BTCUSDT,BINANCE,TRADE,64020,0.00312
2026-07-30 13:37:50,BTCUSDT,BINANCE,TRADE,64020,0.00257
2026-07-30 13:37:51,BTCUSDT,BINANCE,TRADE,64020,0.00148
2026-07-30 13:37:51,BTCUSDT,BINANCE,TRADE,64020,0.0021
2026-07-30 13:37:51,BTCUSDT,BINANCE,TRADE,64020,0.0002
2026-07-30 13:37:51,BTCUSDT,BINANCE,TRADE,64020,0.00275
2026-07-30 13:37:51,BTCUSDT,BINANCE,TRADE,64020,0.00027
2026-07-30 13:37:51,ETHUSDT,BINANCE,TRADE,1903.41,0.1724
2026-07-30 13:37:51,BTCUSDT,BINANCE,TRADE,64020,0.0003
2026-07-30 13:37:51,BTCUSDT,BINANCE,TRADE,64020,0.00065
2026-07-30 13:37:51,BTCUSDT,BINANCE,TRADE,64020,0.00038
2026-07-30 13:37:51,BTCUSDT,BINANCE,TRADE,64020,9e-05
2026-07-30 13:37:51,BTCUSDT,BINANCE,TRADE,64020,0.00021
2026-07-30 13:37:51,BTCUSDT,BINANCE,TRADE,64020,0.05074
2026-07-30 13:37:51,BTCUSDT,BINANCE,TRADE,64020,8e-05
2026-07-30 13:37:51,BTCUSDT,BINANCE,TRADE,64020,8e-05
2026-07-30 13:37:51,BTCUSDT,BINANCE,TRADE,64020,8e-05
2026-07-30 13:37:51,BTCUSDT,BINANCE,TRADE,64020,8e-05
2026-07-30 13:37:51,BTCUSDT,BINANCE,TRADE,64020,9e-05
2026-07-30 13:37:51,BTCUSDT,BINANCE,TRADE,64020,8e-05
2026-07-30 13:37:51,BTCUSDT,BINANCE,TRADE,64020,8e-05
2026-07-30 13:37:51,BTCUSDT,BINANCE,TRADE,64020,0.00415
2026-07-30 13:37:51,BTCUSDT,BINANCE,TRADE,64020,0.02264
2026-07-30 13:37:51,BTCUSDT,BINANCE,TRADE,64020,0.00017
2026-07-30 13:37:51,BTCUSDT,BINANCE,TRADE,64020,0.00065
2026-07-30 13:37:51,BTCUSDT,BINANCE,TRADE,64020,0.00515
2026-07-30 13:37:51,BTCUSDT,BINANCE,TRADE,64020,0.00031
2026-07-30 13:37:51,BTCUSDT,BINANCE,TRADE,64020,0.0018
2026-07-30 13:37:51,BTCUSDT,BINANCE,TRADE,64020,0.00182
2026-07-30 13:37:51,BTCUSDT,BINANCE,TRADE,64020,0.00647
2026-07-30 13:37:51,BTCUSDT,BINANCE,TRADE,64020,8e-05
2026-07-30 13:37:51,BTCUSDT,BINANCE,TRADE,64020,8e-05
2026-07-30 13:37:51,BTCUSDT,BINANCE,TRADE,64020,0.00146
2026-07-30 13:37:51,BTCUSDT,BINANCE,TRADE,64020,0.00162
2026-07-30 13:37:51,BTCUSDT,BINANCE,TRADE,64020,0.0044
2026-07-30 13:37:51,BTCUSDT,BINANCE,TRADE,64020,0.00325
2026-07-30 13:37:51,BTCUSDT,BINANCE,TRADE,64020,0.00016
2026-07-30 13:37:51,BTCUSDT,BINANCE,TRADE,64020,0.00122
2026-07-30 13:37:51,BTCUSDT,BINANCE,TRADE,64020,0.00015
2026-07-30 13:37:51,BTCUSDT,BINANCE,TRADE,64020,0.00024
2026-07-30 13:37:51,BTCUSDT,BINANCE,TRADE,64020,0.00312
2026-07-30 13:37:51,ETHUSDT,BINANCE,TRADE,1903.4,0.0286
2026-07-30 13:37:51,BTCUSDT,BINANCE,TRADE,64020,0.00643
2026-07-30 13:37:51,BTCUSDT,BINANCE,TRADE,64020,0.03978
2026-07-30 13:37:51,BTCUSDT,BINANCE,TRADE,64020,0.00013
2026-07-30 13:37:51,BTCUSDT,BINANCE,TRADE,64020,0.00065
2026-07-30 13:37:51,BTCUSDT,BINANCE,TRADE,64020,0.00038
2026-07-30 13:37:51,ETHUSDT,BINANCE,TRADE,1903.41,0.0318
2026-07-30 13:37:51,BTCUSDT,BINANCE,TRADE,64020,0.00017
2026-07-30 13:37:51,BTCUSDT,BINANCE,TRADE,64020,0.0024
2026-07-30 13:37:51,BTCUSDT,BINANCE,TRADE,64020,0.00027
2026-07-30 13:37:51,ETHUSDT,BINANCE,TRADE,1903.4,0.0263
2026-07-30 13:37:51,BTCUSDT,BINANCE,TRADE,64020,0.00074
2026-07-30 13:37:51,BTCUSDT,BINANCE,TRADE,64020,0.00065
2026-07-30 13:37:51,BTCUSDT,BINANCE,TRADE,64020,0.00048
2026-07-30 13:37:52,BTCUSDT,BINANCE,TRADE,64020,0.00223
2026-07-30 13:37:52,BTCUSDT,BINANCE,TRADE,64020,0.00158
2026-07-30 13:37:52,ETHUSDT,BINANCE,TRADE,1903.4,0.0249
2026-07-30 13:37:52,BTCUSDT,BINANCE,TRADE,64020,0.00029
2026-07-30 13:37:52,ETHUSDT,BINANCE,TRADE,1903.4,0.2766
2026-07-30 13:37:52,BTCUSDT,BINANCE,TRADE,64020,0.01953
2026-07-30 13:37:52,BTCUSDT,BINANCE,TRADE,64020,0.00275
2026-07-30 13:37:52,ETHUSDT,BINANCE,TRADE,1903.4,0.0148
2026-07-30 13:37:52,BTCUSDT,BINANCE,TRADE,64020,0.00312
2026-07-30 13:37:52,BTCUSDT,BINANCE,TRADE,64020,0.00203
2026-07-30 13:37:52,BTCUSDT,BINANCE,TRADE,64020,0.00139
2026-07-30 13:37:52,BTCUSDT,BINANCE,TRADE,64020,0.00065
2026-07-30 13:37:52,BTCUSDT,BINANCE,TRADE,64020,0.15586
2026-07-30 13:37:52,BTCUSDT,BINANCE,TRADE,64020,9e-05
2026-07-30 13:37:52,BTCUSDT,BINANCE,TRADE,64020,0.00043
2026-07-30 13:37:52,BTCUSDT,BINANCE,TRADE,64020,0.00278
2026-07-30 13:37:52,ETHUSDT,BINANCE,TRADE,1903.4,0.0812
2026-07-30 13:37:52,ETHUSDT,BINANCE,TRADE,1903.4,0.152
2026-07-30 13:37:52,BTCUSDT,BINANCE,TRADE,64020,0.00578
2026-07-30 13:37:52,BTCUSDT,BINANCE,TRADE,64020,0.0003
2026-07-30 13:37:52,BTCUSDT,BINANCE,TRADE,64020,0.00012
2026-07-30 13:37:52,ETHUSDT,BINANCE,TRADE,1903.41,0.0161
2026-07-30 13:37:52,BTCUSDT,BINANCE,TRADE,64020,0.00031
2026-07-30 13:37:52,BTCUSDT,BINANCE,TRADE,64020,0.00509
2026-07-30 13:37:52,BTCUSDT,BINANCE,TRADE,64020,0.00182
2026-07-30 13:37:52,BTCUSDT,BINANCE,TRADE,64020,0.0002
2026-07-30 13:37:52,BTCUSDT,BINANCE,TRADE,64020,0.00065
2026-07-30 13:37:52,BTCUSDT,BINANCE,TRADE,64020,0.00017
2026-07-30 13:37:52,BTCUSDT,BINANCE,TRADE,64020,0.00297
2026-07-30 13:37:52,BTCUSDT,BINANCE,TRADE,64020,0.0003
2026-07-30 13:37:52,BTCUSDT,BINANCE,TRADE,64020,0.00042
2026-07-30 13:37:52,ETHUSDT,BINANCE,TRADE,1903.4,0.0027
2026-07-30 13:37:52,ETHUSDT,BINANCE,TRADE,1903.4,0.0417
2026-07-30 13:37:52,BTCUSDT,BINANCE,TRADE,64020,0.00015
2026-07-30 13:37:52,BTCUSDT,BINANCE,TRADE,64020,0.00029
2026-07-30 13:37:52,BTCUSDT,BINANCE,TRADE,64020,0.00163
2026-07-30 13:37:52,BTCUSDT,BINANCE,TRADE,64020,0.00065
2026-07-30 13:37:52,BTCUSDT,BINANCE,TRADE,64020,0.00275
2026-07-30 13:37:52,BTCUSDT,BINANCE,TRADE,64020,0.00021
2026-07-30 13:37:52,ETHUSDT,BINANCE,TRADE,1903.4,0.0105
2026-07-30 13:37:52,BTCUSDT,BINANCE,TRADE,64020,0.0002
2026-07-30 13:37:53,ETHUSDT,BINANCE,TRADE,1903.4,0.0185
2026-07-30 13:37:53,BTCUSDT,BINANCE,TRADE,64020,0.00312
2026-07-30 13:37:53,BTCUSDT,BINANCE,TRADE,64020,0.00398
2026-07-30 13:37:53,BTCUSDT,BINANCE,TRADE,64020,0.00026
2026-07-30 13:37:53,BTCUSDT,BINANCE,TRADE,64020,0.00074
2026-07-30 13:37:53,BTCUSDT,BINANCE,TRADE,64020,0.00015
2026-07-30 13:37:53,BTCUSDT,BINANCE,TRADE,64020,0.00937
2026-07-30 13:37:53,BTCUSDT,BINANCE,TRADE,64020,0.00065
2026-07-30 13:37:53,ETHUSDT,BINANCE,TRADE,1903.41,0.0914
2026-07-30 13:37:53,ETHUSDT,BINANCE,TRADE,1903.41,0.0027
2026-07-30 13:37:53,ETHUSDT,BINANCE,TRADE,1903.41,0.0984
2026-07-30 13:37:53,ETHUSDT,BINANCE,TRADE,1903.4,0.0027
2026-07-30 13:37:53,ETHUSDT,BINANCE,TRADE,1903.4,0.0003
2026-07-30 13:37:53,BTCUSDT,BINANCE,TRADE,64020,0.0006
2026-07-30 13:37:53,BTCUSDT,BINANCE,TRADE,64020,0.00014
2026-07-30 13:37:53,BTCUSDT,BINANCE,TRADE,64020,0.01953
2026-07-30 13:37:53,BTCUSDT,BINANCE,TRADE,64020,0.00521
2026-07-30 13:37:53,ETHUSDT,BINANCE,TRADE,1903.4,0.0025
2026-07-30 13:37:53,ETHUSDT,BINANCE,TRADE,1903.4,0.001
2026-07-30 13:37:53,ETHUSDT,BINANCE,TRADE,1903.41,0.0026
2026-07-30 13:37:53,BTCUSDT,BINANCE,TRADE,64020,0.01874
2026-07-30 13:37:53,BTCUSDT,BINANCE,TRADE,64020,0.00173
2026-07-30 13:37:53,BTCUSDT,BINANCE,TRADE,64020,0.0002
2026-07-30 13:37:53,BTCUSDT,BINANCE,TRADE,64020,0.00027
2026-07-30 13:37:53,BTCUSDT,BINANCE,TRADE,64020,0.0024
2026-07-30 13:37:53,BTCUSDT,BINANCE,TRADE,64020,0.00866
2026-07-30 13:37:53,BTCUSDT,BINANCE,TRADE,64020,9e-05
2026-07-30 13:37:53,BTCUSDT,BINANCE,TRADE,64020,0.0003
2026-07-30 13:37:53,BTCUSDT,BINANCE,TRADE,64020,0.00274
2026-07-30 13:37:53,BTCUSDT,BINANCE,TRADE,64020,0.00065
2026-07-30 13:37:53,BTCUSDT,BINANCE,TRADE,64020,0.15586
2026-07-30 13:37:53,BTCUSDT,BINANCE,TRADE,64020,0.00166
2026-07-30 13:37:53,BTCUSDT,BINANCE,TRADE,64020,0.00064
2026-07-30 13:37:53,BTCUSDT,BINANCE,TRADE,64020,0.00066
2026-07-30 13:37:53,BTCUSDT,BINANCE,TRADE,64020,0.00984
2026-07-30 13:37:53,BTCUSDT,BINANCE,TRADE,64020,0.00031
2026-07-30 13:37:53,BTCUSDT,BINANCE,TRADE,64020,0.0018
2026-07-30 13:37:53,ETHUSDT,BINANCE,TRADE,1903.4,0.0043
2026-07-30 13:37:53,ETHUSDT,BINANCE,TRADE,1903.4,0.0027
2026-07-30 13:37:53,ETHUSDT,BINANCE,TRADE,1903.4,0.0027
2026-07-30 13:37:53,ETHUSDT,BINANCE,TRADE,1903.4,0.0027
2026-07-30 13:37:53,ETHUSDT,BINANCE,TRADE,1903.4,0.0032
2026-07-30 13:37:53,ETHUSDT,BINANCE,TRADE,1903.4,0.0027
2026-07-30 13:37:53,ETHUSDT,BINANCE,TRADE,1903.4,0.0032
2026-07-30 13:37:53,ETHUSDT,BINANCE,TRADE,1903.4,0.0028
2026-07-30 13:37:53,ETHUSDT,BINANCE,TRADE,1903.4,0.0027
2026-07-30 13:37:53,ETHUSDT,BINANCE,TRADE,1903.4,0.0032
2026-07-30 13:37:53,ETHUSDT,BINANCE,TRADE,1903.39,0.0053
2026-07-30 13:37:53,ETHUSDT,BINANCE,TRADE,1903.39,0.0027
2026-07-30 13:37:53,ETHUSDT,BINANCE,TRADE,1903.39,0.0027
2026-07-30 13:37:53,ETHUSDT,BINANCE,TRADE,1903.39,0.0027
2026-07-30 13:37:53,ETHUSDT,BINANCE,TRADE,1903.38,0.0053
2026-07-30 13:37:53,ETHUSDT,BINANCE,TRADE,1903.32,0.0027
2026-07-30 13:37:53,ETHUSDT,BINANCE,TRADE,1903.28,0.0082
2026-07-30 13:37:53,ETHUSDT,BINANCE,TRADE,1903.26,0.0028
2026-07-30 13:37:53,ETHUSDT,BINANCE,TRADE,1903.26,0.0028
2026-07-30 13:37:53,ETHUSDT,BINANCE,TRADE,1903.26,0.0028
2026-07-30 13:37:53,BTCUSDT,BINANCE,TRADE,64020,0.00065
2026-07-30 13:37:53,BTCUSDT,BINANCE,TRADE,64020,0.00043
2026-07-30 13:37:53,ETHUSDT,BINANCE,TRADE,1903.25,0.8776
2026-07-30 13:37:53,ETHUSDT,BINANCE,TRADE,1903.26,0.0249
2026-07-30 13:37:53,BTCUSDT,BINANCE,TRADE,64020,0.00312
2026-07-30 13:37:53,BTCUSDT,BINANCE,TRADE,64020,0.00015
2026-07-30 13:37:53,BTCUSDT,BINANCE,TRADE,64020,0.00041
2026-07-30 13:37:54,BTCUSDT,BINANCE,TRADE,64020,0.00074
2026-07-30 13:37:54,BTCUSDT,BINANCE,TRADE,64020,0.00065
2026-07-30 13:37:54,BTCUSDT,BINANCE,TRADE,64020,0.00094
2026-07-30 13:37:54,BTCUSDT,BINANCE,TRADE,64020,0.00021
2026-07-30 13:37:54,BTCUSDT,BINANCE,TRADE,64020,0.00017
2026-07-30 13:37:54,BTCUSDT,BINANCE,TRADE,64020,0.00038
2026-07-30 13:37:54,BTCUSDT,BINANCE,TRADE,64020,0.00027
2026-07-30 13:37:54,BTCUSDT,BINANCE,TRADE,64020,0.00327
2026-07-30 13:37:54,BTCUSDT,BINANCE,TRADE,64020,0.00515
2026-07-30 13:37:54,BTCUSDT,BINANCE,TRADE,64020,0.00065
2026-07-30 13:37:54,BTCUSDT,BINANCE,TRADE,64020,0.00147
2026-07-30 13:37:54,ETHUSDT,BINANCE,TRADE,1903.26,0.0053
2026-07-30 13:37:54,ETHUSDT,BINANCE,TRADE,1903.25,0.0161
2026-07-30 13:37:54,BTCUSDT,BINANCE,TRADE,64020,0.00029
2026-07-30 13:37:54,BTCUSDT,BINANCE,TRADE,64020,9e-05
2026-07-30 13:37:54,ETHUSDT,BINANCE,TRADE,1903.26,0.1685
2026-07-30 13:37:54,BTCUSDT,BINANCE,TRADE,64020,0.00017
2026-07-30 13:37:54,ETHUSDT,BINANCE,TRADE,1903.25,0.1724
2026-07-30 13:37:54,SOLUSDT,BINANCE,TRADE,73.39,0.274
2026-07-30 13:37:54,BTCUSDT,BINANCE,TRADE,64020,0.00312
2026-07-30 13:37:54,BTCUSDT,BINANCE,TRADE,64020,0.00065
2026-07-30 13:37:54,BTCUSDT,BINANCE,TRADE,64020,0.00012
2026-07-30 13:37:54,BTCUSDT,BINANCE,TRADE,64020,0.00182
2026-07-30 13:37:54,BTCUSDT,BINANCE,TRADE,64020,0.00509
2026-07-30 13:37:54,BTCUSDT,BINANCE,TRADE,64020,0.00521
2026-07-30 13:37:54,BTCUSDT,BINANCE,TRADE,64020,0.00031
2026-07-30 13:37:54,ETHUSDT,BINANCE,TRADE,1903.25,0.0185
2026-07-30 13:37:54,ETHUSDT,BINANCE,TRADE,1903.26,0.0184
2026-07-30 13:37:54,BTCUSDT,BINANCE,TRADE,64020,0.00017
2026-07-30 13:37:54,BTCUSDT,BINANCE,TRADE,64020,0.00065
2026-07-30 13:37:54,BTCUSDT,BINANCE,TRADE,64020,0.00028
2026-07-30 13:37:54,BTCUSDT,BINANCE,TRADE,64020,0.00017
2026-07-30 13:37:54,BTCUSDT,BINANCE,TRADE,64020,0.0003
2026-07-30 13:37:54,BTCUSDT,BINANCE,TRADE,64020,0.0024
2026-07-30 13:37:54,ETHUSDT,BINANCE,TRADE,1903.25,0.0517
2026-07-30 13:37:54,ETHUSDT,BINANCE,TRADE,1903.25,0.0027
2026-07-30 13:37:54,ETHUSDT,BINANCE,TRADE,1903.25,0.0027
2026-07-30 13:37:54,ETHUSDT,BINANCE,TRADE,1903.25,0.0027
2026-07-30 13:37:54,ETHUSDT,BINANCE,TRADE,1903.25,0.0028
2026-07-30 13:37:54,ETHUSDT,BINANCE,TRADE,1903.25,0.0032
2026-07-30 13:37:54,ETHUSDT,BINANCE,TRADE,1903.25,0.0032
2026-07-30 13:37:54,ETHUSDT,BINANCE,TRADE,1903.25,0.0032
2026-07-30 13:37:54,ETHUSDT,BINANCE,TRADE,1903.25,0.0028
2026-07-30 13:37:54,ETHUSDT,BINANCE,TRADE,1903.25,0.0028
2026-07-30 13:37:54,ETHUSDT,BINANCE,TRADE,1903.25,0.0027
2026-07-30 13:37:54,ETHUSDT,BINANCE,TRADE,1903.25,0.0776
2026-07-30 13:37:54,ETHUSDT,BINANCE,TRADE,1903.25,0.0027
2026-07-30 13:37:54,ETHUSDT,BINANCE,TRADE,1903.25,0.0027
2026-07-30 13:37:54,ETHUSDT,BINANCE,TRADE,1903.25,0.0027
2026-07-30 13:37:54,ETHUSDT,BINANCE,TRADE,1903.25,0.0028
2026-07-30 13:37:54,BTCUSDT,BINANCE,TRADE,64020,0.0021
2026-07-30 13:37:55,BTCUSDT,BINANCE,TRADE,64020,0.00312
2026-07-30 13:37:55,BTCUSDT,BINANCE,TRADE,64020,0.0002
2026-07-30 13:37:55,BTCUSDT,BINANCE,TRADE,64020,0.00038
2026-07-30 13:37:55,BTCUSDT,BINANCE,TRADE,64020,0.00159
2026-07-30 13:37:55,BTCUSDT,BINANCE,TRADE,64020,0.00275
2026-07-30 13:37:55,BTCUSDT,BINANCE,TRADE,64020,0.00042
2026-07-30 13:37:55,SOLUSDT,BINANCE,TRADE,73.39,0.102
2026-07-30 13:37:55,BTCUSDT,BINANCE,TRADE,64020,0.00029
2026-07-30 13:37:55,BTCUSDT,BINANCE,TRADE,64020,0.00065
2026-07-30 13:37:55,BTCUSDT,BINANCE,TRADE,64020,0.00182
2026-07-30 13:37:55,BTCUSDT,BINANCE,TRADE,64020,0.00042
2026-07-30 13:37:55,ETHUSDT,BINANCE,TRADE,1903.25,0.0737
2026-07-30 13:37:55,ETHUSDT,BINANCE,TRADE,1903.25,0.2683
2026-07-30 13:37:55,BTCUSDT,BINANCE,TRADE,64020,0.00398
2026-07-30 13:37:55,BTCUSDT,BINANCE,TRADE,64020,0.01874
2026-07-30 13:37:55,BTCUSDT,BINANCE,TRADE,64020,0.0006
2026-07-30 13:37:55,BTCUSDT,BINANCE,TRADE,64020,0.00015
2026-07-30 13:37:55,BTCUSDT,BINANCE,TRADE,64020,0.00139
2026-07-30 13:37:55,BTCUSDT,BINANCE,TRADE,64020,0.00291
2026-07-30 13:37:55,BTCUSDT,BINANCE,TRADE,64020,0.00065
2026-07-30 13:37:55,BTCUSDT,BINANCE,TRADE,64020,0.00515
2026-07-30 13:37:55,BTCUSDT,BINANCE,TRADE,64020,0.00029
2026-07-30 13:37:55,ETHUSDT,BINANCE,TRADE,1903.24,0.0249
2026-07-30 13:37:55,BTCUSDT,BINANCE,TRADE,64020,0.00074
2026-07-30 13:37:55,BTCUSDT,BINANCE,TRADE,64020,0.15586
2026-07-30 13:37:55,BTCUSDT,BINANCE,TRADE,64020,0.00097
2026-07-30 13:37:55,ETHUSDT,BINANCE,TRADE,1903.25,0.2332
2026-07-30 13:37:55,BTCUSDT,BINANCE,TRADE,64020,0.00027
2026-07-30 13:37:55,BTCUSDT,BINANCE,TRADE,64020,0.01953
2026-07-30 13:37:55,BTCUSDT,BINANCE,TRADE,64020,0.00157
2026-07-30 13:37:55,BTCUSDT,BINANCE,TRADE,64020,0.0003
2026-07-30 13:37:55,BTCUSDT,BINANCE,TRADE,64020,0.00065
2026-07-30 13:37:55,BTCUSDT,BINANCE,TRADE,64020,0.00021
2026-07-30 13:37:55,BTCUSDT,BINANCE,TRADE,64020,0.00275
2026-07-30 13:37:55,BTCUSDT,BINANCE,TRADE,64020,0.0018
2026-07-30 13:37:55,BTCUSDT,BINANCE,TRADE,64020,0.0002
2026-07-30 13:37:56,BTCUSDT,BINANCE,TRADE,64020,0.00065
2026-07-30 13:37:56,BTCUSDT,BINANCE,TRADE,64020,0.00166
2026-07-30 13:37:56,BTCUSDT,BINANCE,TRADE,64020,0.00223
2026-07-30 13:37:56,ETHUSDT,BINANCE,TRADE,1903.25,0.0161
2026-07-30 13:37:56,BTCUSDT,BINANCE,TRADE,64020,0.00312
2026-07-30 13:37:56,BTCUSDT,BINANCE,TRADE,64020,0.00015
2026-07-30 13:37:56,BTCUSDT,BINANCE,TRADE,64020,0.00521
2026-07-30 13:37:56,ETHUSDT,BINANCE,TRADE,1903.24,0.1925
2026-07-30 13:37:56,BTCUSDT,BINANCE,TRADE,64020,0.0012
2026-07-30 13:37:56,BTCUSDT,BINANCE,TRADE,64020,0.00065
2026-07-30 13:37:56,BTCUSDT,BINANCE,TRADE,64020,0.00031
2026-07-30 13:37:56,BTCUSDT,BINANCE,TRADE,64020,0.00182
2026-07-30 13:37:56,BTCUSDT,BINANCE,TRADE,64020,0.00163
2026-07-30 13:37:56,ETHUSDT,BINANCE,TRADE,1903.24,0.0499
2026-07-30 13:37:56,BTCUSDT,BINANCE,TRADE,64020,0.0024
2026-07-30 13:37:56,BTCUSDT,BINANCE,TRADE,64020,0.00017
2026-07-30 13:37:56,BTCUSDT,BINANCE,TRADE,64020,0.00042
2026-07-30 13:37:56,BTCUSDT,BINANCE,TRADE,64020,0.00015
2026-07-30 13:37:56,BTCUSDT,BINANCE,TRADE,64020,0.00012
2026-07-30 13:37:56,BTCUSDT,BINANCE,TRADE,64020,0.00126
2026-07-30 13:37:56,ETHUSDT,BINANCE,TRADE,1903.24,0.0184
2026-07-30 13:37:56,BTCUSDT,BINANCE,TRADE,64020,0.00312
2026-07-30 13:37:56,BTCUSDT,BINANCE,TRADE,64020,0.00275
2026-07-30 13:37:56,BTCUSDT,BINANCE,TRADE,64020,0.00065
2026-07-30 13:37:56,BTCUSDT,BINANCE,TRADE,64020,0.00029
2026-07-30 13:37:56,ETHUSDT,BINANCE,TRADE,1903.24,0.1684
2026-07-30 13:37:56,BTCUSDT,BINANCE,TRADE,64020,9e-05
2026-07-30 13:37:56,BTCUSDT,BINANCE,TRADE,64020,0.00012
2026-07-30 13:37:56,BTCUSDT,BINANCE,TRADE,64020,0.00066
2026-07-30 13:37:56,BTCUSDT,BINANCE,TRADE,64020,0.00866
2026-07-30 13:37:56,BTCUSDT,BINANCE,TRADE,64020,0.00038
2026-07-30 13:37:56,BTCUSDT,BINANCE,TRADE,64020,0.01953
2026-07-30 13:37:56,BTCUSDT,BINANCE,TRADE,64020,0.00029
2026-07-30 13:37:56,BTCUSDT,BINANCE,TRADE,64020,0.00064
2026-07-30 13:37:56,BTCUSDT,BINANCE,TRADE,64020,0.00065
2026-07-30 13:37:56,BTCUSDT,BINANCE,TRADE,64020,0.00275
2026-07-30 13:37:56,SOLUSDT,BINANCE,TRADE,73.38,10.907
2026-07-30 13:37:57,BTCUSDT,BINANCE,TRADE,64020,0.00182
2026-07-30 13:37:57,BTCUSDT,BINANCE,TRADE,64020,0.00147
2026-07-30 13:37:57,ETHUSDT,BINANCE,TRADE,1903.25,0.0249
2026-07-30 13:37:57,BTCUSDT,BINANCE,TRADE,64020,0.00278
2026-07-30 13:37:57,ETHUSDT,BINANCE,TRADE,1903.24,0.2683
2026-07-30 13:37:57,BTCUSDT,BINANCE,TRADE,64020,9e-05
2026-07-30 13:37:57,BTCUSDT,BINANCE,TRADE,64020,0.00065
2026-07-30 13:37:57,ETHUSDT,BINANCE,TRADE,1903.25,0.0106
2026-07-30 13:37:57,BTCUSDT,BINANCE,TRADE,64020,0.0003
2026-07-30 13:37:57,BTCUSDT,BINANCE,TRADE,64020,0.00017
2026-07-30 13:37:57,BTCUSDT,BINANCE,TRADE,64020,0.00038
2026-07-30 13:37:57,BTCUSDT,BINANCE,TRADE,64020,0.00021
2026-07-30 13:37:57,BTCUSDT,BINANCE,TRADE,64020,0.10256
2026-07-30 13:37:57,BTCUSDT,BINANCE,TRADE,64020,0.0533
2026-07-30 13:37:57,BTCUSDT,BINANCE,TRADE,64020,0.00515
2026-07-30 13:37:57,BTCUSDT,BINANCE,TRADE,64020,0.00029
2026-07-30 13:37:57,BTCUSDT,BINANCE,TRADE,64020,0.00065
2026-07-30 13:37:57,BTCUSDT,BINANCE,TRADE,64020,0.00031
2026-07-30 13:37:57,BTCUSDT,BINANCE,TRADE,64020,0.00097
2026-07-30 13:37:57,BTCUSDT,BINANCE,TRADE,64020,0.00024
2026-07-30 13:37:57,BTCUSDT,BINANCE,TRADE,64020,0.00019
2026-07-30 13:37:57,BTCUSDT,BINANCE,TRADE,64020,0.00297
2026-07-30 13:37:57,BTCUSDT,BINANCE,TRADE,64020,0.02278
2026-07-30 13:37:57,ETHUSDT,BINANCE,TRADE,1903.25,0.0148
2026-07-30 13:37:57,BTCUSDT,BINANCE,TRADE,64020,0.00223
2026-07-30 13:37:57,BTCUSDT,BINANCE,TRADE,64020,0.00015
2026-07-30 13:37:57,BTCUSDT,BINANCE,TRADE,64020,0.00509
2026-07-30 13:37:57,BTCUSDT,BINANCE,TRADE,64020,0.0004
2026-07-30 13:37:57,BTCUSDT,BINANCE,TRADE,64020,0.01874
2026-07-30 13:37:57,BTCUSDT,BINANCE,TRADE,64020,0.00065
2026-07-30 13:37:57,ETHUSDT,BINANCE,TRADE,1903.24,0.0053
2026-07-30 13:37:57,ETHUSDT,BINANCE,TRADE,1903.25,0.1724
2026-07-30 13:37:57,ETHUSDT,BINANCE,TRADE,1903.25,0.0105
2026-07-30 13:37:57,BTCUSDT,BINANCE,TRADE,64020,0.00042
2026-07-30 13:37:57,BTCUSDT,BINANCE,TRADE,64020,0.00019
2026-07-30 13:37:57,BTCUSDT,BINANCE,TRADE,64020,0.00521
2026-07-30 13:37:57,BTCUSDT,BINANCE,TRADE,64020,0.00027
2026-07-30 13:37:58,ETHUSDT,BINANCE,TRADE,1903.24,0.0161
2026-07-30 13:37:58,ETHUSDT,BINANCE,TRADE,1903.25,0.0549
2026-07-30 13:37:58,BTCUSDT,BINANCE,TRADE,64020,0.00029
2026-07-30 13:37:58,BTCUSDT,BINANCE,TRADE,64020,0.00074
2026-07-30 13:37:58,BTCUSDT,BINANCE,TRADE,64020,0.00139
2026-07-30 13:37:58,BTCUSDT,BINANCE,TRADE,64020,0.00166
2026-07-30 13:37:58,BTCUSDT,BINANCE,TRADE,64020,0.00011
2026-07-30 13:37:58,ETHUSDT,BINANCE,TRADE,1903.25,0.0035
2026-07-30 13:37:58,BTCUSDT,BINANCE,TRADE,64020,0.0003
2026-07-30 13:37:58,BTCUSDT,BINANCE,TRADE,64020,0.0018
2026-07-30 13:37:58,BTCUSDT,BINANCE,TRADE,64020,0.00065
2026-07-30 13:37:58,BTCUSDT,BINANCE,TRADE,64020,0.00182
2026-07-30 13:37:58,BTCUSDT,BINANCE,TRADE,64020,0.00203
2026-07-30 13:37:58,BTCUSDT,BINANCE,TRADE,64020,0.0039
2026-07-30 13:37:58,BTCUSDT,BINANCE,TRADE,64020,0.0031
2026-07-30 13:37:58,SOLUSDT,BINANCE,TRADE,73.39,1.564
2026-07-30 13:37:58,SOLUSDT,BINANCE,TRADE,73.39,0.072
2026-07-30 13:37:58,SOLUSDT,BINANCE,TRADE,73.39,1.089
2026-07-30 13:37:58,BTCUSDT,BINANCE,TRADE,64020,0.00065
2026-07-30 13:37:58,ETHUSDT,BINANCE,TRADE,1903.25,0.0262
2026-07-30 13:37:58,BTCUSDT,BINANCE,TRADE,64020,0.00019
2026-07-30 13:37:58,BTCUSDT,BINANCE,TRADE,64020,0.00015
2026-07-30 13:37:58,ETHUSDT,BINANCE,TRADE,1903.25,0.0031
2026-07-30 13:37:58,BTCUSDT,BINANCE,TRADE,64020,0.00015
2026-07-30 13:37:58,BTCUSDT,BINANCE,TRADE,64020,0.00028
2026-07-30 13:37:58,BTCUSDT,BINANCE,TRADE,64020,0.00038
2026-07-30 13:37:58,ETHUSDT,BINANCE,TRADE,1903.24,0.0128
2026-07-30 13:37:58,ETHUSDT,BINANCE,TRADE,1903.24,0.0027
2026-07-30 13:37:58,ETHUSDT,BINANCE,TRADE,1903.24,0.0053
2026-07-30 13:37:58,ETHUSDT,BINANCE,TRADE,1903.24,0.0028
2026-07-30 13:37:58,ETHUSDT,BINANCE,TRADE,1903.24,0.0013
2026-07-30 13:37:58,BTCUSDT,BINANCE,TRADE,64020,0.00312
2026-07-30 13:37:58,BTCUSDT,BINANCE,TRADE,64020,0.00021
2026-07-30 13:37:58,BTCUSDT,BINANCE,TRADE,64020,0.00031
2026-07-30 13:37:58,BTCUSDT,BINANCE,TRADE,64020,0.00066
2026-07-30 13:37:58,BTCUSDT,BINANCE,TRADE,64020,0.00065
2026-07-30 13:37:58,ETHUSDT,BINANCE,TRADE,1903.24,0.0014
2026-07-30 13:37:58,ETHUSDT,BINANCE,TRADE,1903.24,0.5762
2026-07-30 13:37:58,ETHUSDT,BINANCE,TRADE,1903.24,0.352
2026-07-30 13:37:58,BTCUSDT,BINANCE,TRADE,64020,0.00017
2026-07-30 13:37:58,ETHUSDT,BINANCE,TRADE,1903.25,0.0444
2026-07-30 13:37:58,BTCUSDT,BINANCE,TRADE,64020,0.00027
2026-07-30 13:37:58,ETHUSDT,BINANCE,TRADE,1903.25,0.0184
2026-07-30 13:37:58,ETHUSDT,BINANCE,TRADE,1903.24,0.2332
2026-07-30 13:37:58,BTCUSDT,BINANCE,TRADE,64020,0.00065
2026-07-30 13:37:58,BTCUSDT,BINANCE,TRADE,64020,0.13033
2026-07-30 13:37:58,BTCUSDT,BINANCE,TRADE,64020,8e-05
2026-07-30 13:37:58,BTCUSDT,BINANCE,TRADE,64020,8e-05
2026-07-30 13:37:58,BTCUSDT,BINANCE,TRADE,64020,8e-05
2026-07-30 13:37:58,BTCUSDT,BINANCE,TRADE,64020,9e-05
2026-07-30 13:37:58,BTCUSDT,BINANCE,TRADE,64020,0.0252
2026-07-30 13:37:59,BTCUSDT,BINANCE,TRADE,64020,0.00029
2026-07-30 13:37:59,BTCUSDT,BINANCE,TRADE,64020,0.00016
2026-07-30 13:37:59,BTCUSDT,BINANCE,TRADE,64020,0.00312
2026-07-30 13:37:59,BTCUSDT,BINANCE,TRADE,64020,0.00012
2026-07-30 13:37:59,BTCUSDT,BINANCE,TRADE,64020,0.00515
2026-07-30 13:37:59,BTCUSDT,BINANCE,TRADE,64020,0.00029
2026-07-30 13:37:59,BTCUSDT,BINANCE,TRADE,64020,0.00078
2026-07-30 13:37:59,ETHUSDT,BINANCE,TRADE,1903.24,0.0542
2026-07-30 13:37:59,BTCUSDT,BINANCE,TRADE,64020,0.00029
2026-07-30 13:37:59,BTCUSDT,BINANCE,TRADE,64020,9e-05
2026-07-30 13:37:59,BTCUSDT,BINANCE,TRADE,64020,0.0024
2026-07-30 13:37:59,BTCUSDT,BINANCE,TRADE,64020,0.00065
2026-07-30 13:37:59,BTCUSDT,BINANCE,TRADE,64020,0.00182
2026-07-30 13:37:59,BTCUSDT,BINANCE,TRADE,64020,0.00094
2026-07-30 13:37:59,BTCUSDT,BINANCE,TRADE,64020,0.0004
2026-07-30 13:37:59,BTCUSDT,BINANCE,TRADE,64020,0.00065
2026-07-30 13:37:59,BTCUSDT,BINANCE,TRADE,64020,0.00275
2026-07-30 13:37:59,ETHUSDT,BINANCE,TRADE,1903.25,0.1925
2026-07-30 13:37:59,BTCUSDT,BINANCE,TRADE,64020,0.00017
2026-07-30 13:37:59,BTCUSDT,BINANCE,TRADE,64020,0.0003
2026-07-30 13:37:59,ETHUSDT,BINANCE,TRADE,1903.25,0.0185
2026-07-30 13:37:59,BTCUSDT,BINANCE,TRADE,64020,0.00031
2026-07-30 13:37:59,BTCUSDT,BINANCE,TRADE,64020,0.00038
2026-07-30 13:37:59,BTCUSDT,BINANCE,TRADE,64020,0.0006
2026-07-30 13:37:59,BTCUSDT,BINANCE,TRADE,64020,0.00029
2026-07-30 13:37:59,BTCUSDT,BINANCE,TRADE,64020,0.00312
2026-07-30 13:37:59,BTCUSDT,BINANCE,TRADE,64020,0.00065
2026-07-30 13:37:59,BTCUSDT,BINANCE,TRADE,64020,0.00021
2026-07-30 13:37:59,BTCUSDT,BINANCE,TRADE,64020,0.00019
2026-07-30 13:38:00,BTCUSDT,BINANCE,TRADE,64020,9e-05
2026-07-30 13:38:00,SOLUSDT,BINANCE,TRADE,73.39,0.163
2026-07-30 13:38:00,BTCUSDT,BINANCE,TRADE,64020,0.00147
2026-07-30 13:38:00,BTCUSDT,BINANCE,TRADE,64020,0.00015
2026-07-30 13:38:00,BTCUSDT,BINANCE,TRADE,64020,0.00129
2026-07-30 13:38:00,BTCUSDT,BINANCE,TRADE,64020,0.00065
2026-07-30 13:38:00,BTCUSDT,BINANCE,TRADE,64020,0.00019
2026-07-30 13:38:00,BTCUSDT,BINANCE,TRADE,64020,0.0018
2026-07-30 13:38:00,ETHUSDT,BINANCE,TRADE,1903.25,0.0249
2026-07-30 13:38:00,BTCUSDT,BINANCE,TRADE,64020,0.00042
2026-07-30 13:38:00,BTCUSDT,BINANCE,TRADE,64020,0.00074
2026-07-30 13:38:00,BTCUSDT,BINANCE,TRADE,64020,0.01874
2026-07-30 13:38:00,BTCUSDT,BINANCE,TRADE,64020,0.00027
2026-07-30 13:38:00,ETHUSDT,BINANCE,TRADE,1903.24,0.2979
2026-07-30 13:38:00,ETHUSDT,BINANCE,TRADE,1903.25,0.01
2026-07-30 13:38:00,BTCUSDT,BINANCE,TRADE,64020,0.00029
2026-07-30 13:38:00,ETHUSDT,BINANCE,TRADE,1903.24,0.0318
2026-07-30 13:38:00,BTCUSDT,BINANCE,TRADE,64020,0.02179
2026-07-30 13:38:00,BTCUSDT,BINANCE,TRADE,64020,0.01615
2026-07-30 13:38:00,BTCUSDT,BINANCE,TRADE,64020,8e-05
2026-07-30 13:38:00,BTCUSDT,BINANCE,TRADE,64020,0.11784
2026-07-30 13:38:00,BTCUSDT,BINANCE,TRADE,64020,0.00159
2026-07-30 13:38:00,BTCUSDT,BINANCE,TRADE,64020,0.00509
2026-07-30 13:38:00,BTCUSDT,BINANCE,TRADE,64020,0.00042
2026-07-30 13:38:00,BTCUSDT,BINANCE,TRADE,64020,0.0003
2026-07-30 13:38:00,BTCUSDT,BINANCE,TRADE,64020,0.00065
2026-07-30 13:38:00,BTCUSDT,BINANCE,TRADE,64020,0.00515
2026-07-30 13:38:00,ETHUSDT,BINANCE,TRADE,1903.25,0.1
2026-07-30 13:38:00,BTCUSDT,BINANCE,TRADE,64020,0.00297
2026-07-30 13:38:00,BTCUSDT,BINANCE,TRADE,64020,0.00312
2026-07-30 13:38:00,BTCUSDT,BINANCE,TRADE,64020,0.00182
2026-07-30 13:38:00,BTCUSDT,BINANCE,TRADE,64020,0.00166
2026-07-30 13:38:00,BTCUSDT,BINANCE,TRADE,64020,0.00014
2026-07-30 13:38:00,BTCUSDT,BINANCE,TRADE,64020,0.00139
2026-07-30 13:38:00,BTCUSDT,BINANCE,TRADE,64020,0.00205
2026-07-30 13:38:00,BTCUSDT,BINANCE,TRADE,64020,0.00065
2026-07-30 13:38:00,BTCUSDT,BINANCE,TRADE,64020,0.00066
2026-07-30 13:38:00,BTCUSDT,BINANCE,TRADE,64020,0.00019
2026-07-30 13:38:00,ETHUSDT,BINANCE,TRADE,1903.25,0.0592
2026-07-30 13:38:00,BTCUSDT,BINANCE,TRADE,64020,0.00031
2026-07-30 13:38:00,BTCUSDT,BINANCE,TRADE,64020,9e-05
2026-07-30 13:38:00,BTCUSDT,BINANCE,TRADE,64020,0.0024
2026-07-30 13:38:00,BTCUSDT,BINANCE,TRADE,64020,0.00015
2026-07-30 13:38:00,ETHUSDT,BINANCE,TRADE,1903.24,0.0549
2026-07-30 13:38:00,BTCUSDT,BINANCE,TRADE,64020,0.0004
2026-07-30 13:38:00,ETHUSDT,BINANCE,TRADE,1903.24,0.1724
2026-07-30 13:38:01,BTCUSDT,BINANCE,TRADE,64020,0.00065
2026-07-30 13:38:01,BTCUSDT,BINANCE,TRADE,64020,0.00038
2026-07-30 13:38:01,BTCUSDT,BINANCE,TRADE,64020,0.00275
2026-07-30 13:38:01,BTCUSDT,BINANCE,TRADE,64020,0.00027
2026-07-30 13:38:01,BTCUSDT,BINANCE,TRADE,64020,0.00017
2026-07-30 13:38:01,BTCUSDT,BINANCE,TRADE,64020,0.00021
2026-07-30 13:38:01,BTCUSDT,BINANCE,TRADE,64020,0.0004
2026-07-30 13:38:01,BTCUSDT,BINANCE,TRADE,64020,0.00016
2026-07-30 13:38:01,BTCUSDT,BINANCE,TRADE,64020,0.00465
2026-07-30 13:38:01,ETHUSDT,BINANCE,TRADE,1903.25,0.2101
2026-07-30 13:38:01,BTCUSDT,BINANCE,TRADE,64020,9e-05
2026-07-30 13:38:01,BTCUSDT,BINANCE,TRADE,64020,0.00056
2026-07-30 13:38:01,BTCUSDT,BINANCE,TRADE,64020,0.00029
2026-07-30 13:38:01,BTCUSDT,BINANCE,TRADE,64020,0.00312
2026-07-30 13:38:01,BTCUSDT,BINANCE,TRADE,64020,0.00012
2026-07-30 13:38:01,BTCUSDT,BINANCE,TRADE,64020,0.00029
2026-07-30 13:38:01,BTCUSDT,BINANCE,TRADE,64020,0.00182
2026-07-30 13:38:01,BTCUSDT,BINANCE,TRADE,64020,0.00038
2026-07-30 13:38:01,BTCUSDT,BINANCE,TRADE,64020,0.00065
2026-07-30 13:38:01,BTCUSDT,BINANCE,TRADE,64020,0.00078
2026-07-30 13:38:01,BTCUSDT,BINANCE,TRADE,64020,0.00032
2026-07-30 13:38:01,BTCUSDT,BINANCE,TRADE,64020,0.00019
2026-07-30 13:38:01,BTCUSDT,BINANCE,TRADE,64020,0.00031
2026-07-30 13:38:01,BTCUSDT,BINANCE,TRADE,64020,0.00065
2026-07-30 13:38:01,ETHUSDT,BINANCE,TRADE,1903.24,0.0249
2026-07-30 13:38:01,ETHUSDT,BINANCE,TRADE,1903.24,0.1167
2026-07-30 13:38:01,BTCUSDT,BINANCE,TRADE,64020,0.01953
2026-07-30 13:38:01,BTCUSDT,BINANCE,TRADE,64020,0.00268
2026-07-30 13:38:01,BTCUSDT,BINANCE,TRADE,64020,0.00221
2026-07-30 13:38:01,BTCUSDT,BINANCE,TRADE,64020,0.00238
2026-07-30 13:38:01,BTCUSDT,BINANCE,TRADE,64020,0.0046
2026-07-30 13:38:01,BTCUSDT,BINANCE,TRADE,64020,8e-05
2026-07-30 13:38:01,BTCUSDT,BINANCE,TRADE,64020,0.00047
2026-07-30 13:38:01,BTCUSDT,BINANCE,TRADE,64020,0.00069
2026-07-30 13:38:01,BTCUSDT,BINANCE,TRADE,64020,8e-05
2026-07-30 13:38:01,BTCUSDT,BINANCE,TRADE,64020,8e-05
2026-07-30 13:38:01,BTCUSDT,BINANCE,TRADE,64020,8e-05
2026-07-30 13:38:01,BTCUSDT,BINANCE,TRADE,64020,8e-05
2026-07-30 13:38:01,BTCUSDT,BINANCE,TRADE,64020,8e-05
2026-07-30 13:38:01,BTCUSDT,BINANCE,TRADE,64020,8e-05
2026-07-30 13:38:01,BTCUSDT,BINANCE,TRADE,64020,0.00043
2026-07-30 13:38:01,BTCUSDT,BINANCE,TRADE,64020,0.14184
2026-07-30 13:38:01,ETHUSDT,BINANCE,TRADE,1903.24,0.0443
2026-07-30 13:38:01,BTCUSDT,BINANCE,TRADE,64020,0.0003
2026-07-30 13:38:01,BTCUSDT,BINANCE,TRADE,64020,0.00017
2026-07-30 13:38:02,ETHUSDT,BINANCE,TRADE,1903.25,0.2683
2026-07-30 13:38:02,BTCUSDT,BINANCE,TRADE,64020,0.00017
2026-07-30 13:38:02,BTCUSDT,BINANCE,TRADE,64020,0.0006
2026-07-30 13:38:02,BTCUSDT,BINANCE,TRADE,64020,0.00097
2026-07-30 13:38:02,BTCUSDT,BINANCE,TRADE,64020,0.00278
2026-07-30 13:38:02,BTCUSDT,BINANCE,TRADE,64020,0.0781
2026-07-30 13:38:02,BTCUSDT,BINANCE,TRADE,64020,0.00398
2026-07-30 13:38:02,BTCUSDT,BINANCE,TRADE,64020,0.00029
2026-07-30 13:38:02,BTCUSDT,BINANCE,TRADE,64020,0.01874
2026-07-30 13:38:02,ETHUSDT,BINANCE,TRADE,1903.25,0.2332
2026-07-30 13:38:02,BTCUSDT,BINANCE,TRADE,64020,0.00312
2026-07-30 13:38:02,BTCUSDT,BINANCE,TRADE,64020,0.00065
2026-07-30 13:38:02,BTCUSDT,BINANCE,TRADE,64020,0.00019
2026-07-30 13:38:02,BTCUSDT,BINANCE,TRADE,64020,0.0024
2026-07-30 13:38:02,BTCUSDT,BINANCE,TRADE,64020,0.00515
2026-07-30 13:38:02,BTCUSDT,BINANCE,TRADE,64020,9e-05
2026-07-30 13:38:02,BTCUSDT,BINANCE,TRADE,64020,0.00015
2026-07-30 13:38:02,BTCUSDT,BINANCE,TRADE,64020,0.00021
2026-07-30 13:38:02,BTCUSDT,BINANCE,TRADE,64020,0.00521
2026-07-30 13:38:02,BTCUSDT,BINANCE,TRADE,64020,0.01601
2026-07-30 13:38:02,BTCUSDT,BINANCE,TRADE,64020,0.00509
2026-07-30 13:38:02,BTCUSDT,BINANCE,TRADE,64020,0.00031
2026-07-30 13:38:02,BTCUSDT,BINANCE,TRADE,64020,0.00027
2026-07-30 13:38:02,BTCUSDT,BINANCE,TRADE,64020,0.00065
2026-07-30 13:38:02,BTCUSDT,BINANCE,TRADE,64020,0.00182
2026-07-30 13:38:02,BTCUSDT,BINANCE,TRADE,64020,0.00029
2026-07-30 13:38:02,SOLUSDT,BINANCE,TRADE,73.39,0.293
2026-07-30 13:38:02,BTCUSDT,BINANCE,TRADE,64020,0.0003
2026-07-30 13:38:02,BTCUSDT,BINANCE,TRADE,64020,0.00313
2026-07-30 13:38:02,ETHUSDT,BINANCE,TRADE,1903.24,0.1925
2026-07-30 13:38:02,BTCUSDT,BINANCE,TRADE,64020,0.00065
2026-07-30 13:38:02,BTCUSDT,BINANCE,TRADE,64020,0.00066
2026-07-30 13:38:02,BTCUSDT,BINANCE,TRADE,64020,0.00147
2026-07-30 13:38:02,BTCUSDT,BINANCE,TRADE,64020,0.00275
2026-07-30 13:38:02,BTCUSDT,BINANCE,TRADE,64020,0.00129
2026-07-30 13:38:02,ETHUSDT,BINANCE,TRADE,1903.24,0.0105
2026-07-30 13:38:02,BTCUSDT,BINANCE,TRADE,64020,0.00126
2026-07-30 13:38:02,BTCUSDT,BINANCE,TRADE,64020,0.0018
2026-07-30 13:38:02,BTCUSDT,BINANCE,TRADE,64020,0.00046
2026-07-30 13:38:02,BTCUSDT,BINANCE,TRADE,64020,0.0004
2026-07-30 13:38:02,BTCUSDT,BINANCE,TRADE,64020,0.00016
2026-07-30 13:38:02,BTCUSDT,BINANCE,TRADE,64020,0.00038
2026-07-30 13:38:02,BTCUSDT,BINANCE,TRADE,64020,0.00016
2026-07-30 13:38:02,BTCUSDT,BINANCE,TRADE,64020,0.00016
2026-07-30 13:38:02,BTCUSDT,BINANCE,TRADE,64020,0.00031
2026-07-30 13:38:02,BTCUSDT,BINANCE,TRADE,64020,0.00223
2026-07-30 13:38:03,BTCUSDT,BINANCE,TRADE,64020,0.00312
2026-07-30 13:38:03,BTCUSDT,BINANCE,TRADE,64020,0.00065
2026-07-30 13:38:03,BTCUSDT,BINANCE,TRADE,64020,0.00019
2026-07-30 13:38:03,ETHUSDT,BINANCE,TRADE,1903.25,0.003
2026-07-30 13:38:03,SOLUSDT,BINANCE,TRADE,73.39,4.455
2026-07-30 13:38:03,SOLUSDT,BINANCE,TRADE,73.39,0.072
2026-07-30 13:38:03,SOLUSDT,BINANCE,TRADE,73.39,0.277
2026-07-30 13:38:03,SOLUSDT,BINANCE,TRADE,73.39,0.137
2026-07-30 13:38:03,SOLUSDT,BINANCE,TRADE,73.39,0.072
2026-07-30 13:38:03,SOLUSDT,BINANCE,TRADE,73.39,0.072
2026-07-30 13:38:03,SOLUSDT,BINANCE,TRADE,73.39,0.069
2026-07-30 13:38:03,SOLUSDT,BINANCE,TRADE,73.39,0.082
2026-07-30 13:38:03,SOLUSDT,BINANCE,TRADE,73.39,4.994
2026-07-30 13:38:03,BTCUSDT,BINANCE,TRADE,64020,0.01953
2026-07-30 13:38:03,ETHUSDT,BINANCE,TRADE,1903.25,0.0028
2026-07-30 13:38:03,ETHUSDT,BINANCE,TRADE,1903.25,0.0027
2026-07-30 13:38:03,ETHUSDT,BINANCE,TRADE,1903.25,0.0028
2026-07-30 13:38:03,ETHUSDT,BINANCE,TRADE,1903.25,0.0027
2026-07-30 13:38:03,ETHUSDT,BINANCE,TRADE,1903.25,0.0053
2026-07-30 13:38:03,ETHUSDT,BINANCE,TRADE,1903.25,0.0027
2026-07-30 13:38:03,ETHUSDT,BINANCE,TRADE,1903.25,0.0492
2026-07-30 13:38:03,ETHUSDT,BINANCE,TRADE,1903.25,0.051
2026-07-30 13:38:03,ETHUSDT,BINANCE,TRADE,1903.25,0.0267
2026-07-30 13:38:03,ETHUSDT,BINANCE,TRADE,1903.25,0.0331
2026-07-30 13:38:03,ETHUSDT,BINANCE,TRADE,1903.25,0.0032
2026-07-30 13:38:03,ETHUSDT,BINANCE,TRADE,1903.25,0.021
2026-07-30 13:38:03,ETHUSDT,BINANCE,TRADE,1903.25,0.0027
2026-07-30 13:38:03,ETHUSDT,BINANCE,TRADE,1903.25,0.0027
2026-07-30 13:38:03,ETHUSDT,BINANCE,TRADE,1903.25,0.0027
2026-07-30 13:38:03,ETHUSDT,BINANCE,TRADE,1903.25,0.0032
2026-07-30 13:38:03,ETHUSDT,BINANCE,TRADE,1903.25,0.0032
2026-07-30 13:38:03,ETHUSDT,BINANCE,TRADE,1903.25,0.0027
2026-07-30 13:38:03,ETHUSDT,BINANCE,TRADE,1903.25,0.0027
2026-07-30 13:38:03,ETHUSDT,BINANCE,TRADE,1903.25,0.0027
2026-07-30 13:38:03,SOLUSDT,BINANCE,TRADE,73.39,0.072
2026-07-30 13:38:03,SOLUSDT,BINANCE,TRADE,73.39,0.072
2026-07-30 13:38:03,SOLUSDT,BINANCE,TRADE,73.39,0.072
2026-07-30 13:38:03,SOLUSDT,BINANCE,TRADE,73.39,0.072
2026-07-30 13:38:03,SOLUSDT,BINANCE,TRADE,73.39,0.072
2026-07-30 13:38:03,SOLUSDT,BINANCE,TRADE,73.39,0.072
2026-07-30 13:38:03,SOLUSDT,BINANCE,TRADE,73.39,5.709
2026-07-30 13:38:03,SOLUSDT,BINANCE,TRADE,73.39,0.205
2026-07-30 13:38:03,SOLUSDT,BINANCE,TRADE,73.39,9
2026-07-30 13:38:03,SOLUSDT,BINANCE,TRADE,73.39,2.966
2026-07-30 13:38:03,SOLUSDT,BINANCE,TRADE,73.39,0.772
2026-07-30 13:38:03,SOLUSDT,BINANCE,TRADE,73.39,0.072
2026-07-30 13:38:03,SOLUSDT,BINANCE,TRADE,73.39,0.07
2026-07-30 13:38:03,SOLUSDT,BINANCE,TRADE,73.39,0.072
2026-07-30 13:38:03,SOLUSDT,BINANCE,TRADE,73.39,0.072
2026-07-30 13:38:03,SOLUSDT,BINANCE,TRADE,73.39,0.137
2026-07-30 13:38:03,SOLUSDT,BINANCE,TRADE,73.39,0.072
2026-07-30 13:38:03,SOLUSDT,BINANCE,TRADE,73.39,0.072
2026-07-30 13:38:03,SOLUSDT,BINANCE,TRADE,73.39,0.072
2026-07-30 13:38:03,SOLUSDT,BINANCE,TRADE,73.39,0.072
2026-07-30 13:38:03,ETHUSDT,BINANCE,TRADE,1903.26,0.0053
2026-07-30 13:38:03,ETHUSDT,BINANCE,TRADE,1903.26,0.0028
2026-07-30 13:38:03,ETHUSDT,BINANCE,TRADE,1903.26,0.0028
2026-07-30 13:38:03,ETHUSDT,BINANCE,TRADE,1903.26,0.0028
2026-07-30 13:38:03,ETHUSDT,BINANCE,TRADE,1903.26,0.0027
2026-07-30 13:38:03,ETHUSDT,BINANCE,TRADE,1903.26,0.0027
2026-07-30 13:38:03,ETHUSDT,BINANCE,TRADE,1903.26,0.0027
2026-07-30 13:38:03,ETHUSDT,BINANCE,TRADE,1903.26,0.0027
2026-07-30 13:38:03,ETHUSDT,BINANCE,TRADE,1903.26,0.0027
2026-07-30 13:38:03,ETHUSDT,BINANCE,TRADE,1903.26,0.0027
2026-07-30 13:38:03,ETHUSDT,BINANCE,TRADE,1903.26,0.0027
2026-07-30 13:38:03,ETHUSDT,BINANCE,TRADE,1903.26,0.0028
2026-07-30 13:38:03,ETHUSDT,BINANCE,TRADE,1903.27,0.0053
2026-07-30 13:38:03,ETHUSDT,BINANCE,TRADE,1903.27,0.0028
2026-07-30 13:38:03,ETHUSDT,BINANCE,TRADE,1903.27,0.7566
2026-07-30 13:38:03,ETHUSDT,BINANCE,TRADE,1903.27,0.0027
2026-07-30 13:38:03,ETHUSDT,BINANCE,TRADE,1903.27,0.0027
2026-07-30 13:38:03,ETHUSDT,BINANCE,TRADE,1903.27,0.0032
2026-07-30 13:38:03,ETHUSDT,BINANCE,TRADE,1903.27,0.0027
2026-07-30 13:38:03,ETHUSDT,BINANCE,TRADE,1903.27,0.0027
2026-07-30 13:38:03,ETHUSDT,BINANCE,TRADE,1903.27,0.0027
2026-07-30 13:38:03,ETHUSDT,BINANCE,TRADE,1903.27,0.0027
2026-07-30 13:38:03,ETHUSDT,BINANCE,TRADE,1903.27,0.0032
2026-07-30 13:38:03,ETHUSDT,BINANCE,TRADE,1903.27,0.0032
2026-07-30 13:38:03,ETHUSDT,BINANCE,TRADE,1903.27,0.0028
2026-07-30 13:38:03,ETHUSDT,BINANCE,TRADE,1903.28,0.0028
2026-07-30 13:38:03,ETHUSDT,BINANCE,TRADE,1903.28,0.0027
2026-07-30 13:38:03,ETHUSDT,BINANCE,TRADE,1903.28,0.0027
2026-07-30 13:38:03,ETHUSDT,BINANCE,TRADE,1903.28,0.0027
2026-07-30 13:38:03,ETHUSDT,BINANCE,TRADE,1903.28,0.0027
2026-07-30 13:38:03,ETHUSDT,BINANCE,TRADE,1903.28,0.0027
2026-07-30 13:38:03,ETHUSDT,BINANCE,TRADE,1903.29,0.0028
2026-07-30 13:38:03,ETHUSDT,BINANCE,TRADE,1903.29,0.0027
2026-07-30 13:38:03,ETHUSDT,BINANCE,TRADE,1903.3,0.0028
2026-07-30 13:38:03,ETHUSDT,BINANCE,TRADE,1903.3,0.0028
2026-07-30 13:38:03,ETHUSDT,BINANCE,TRADE,1903.3,0.0028
2026-07-30 13:38:03,ETHUSDT,BINANCE,TRADE,1903.3,0.0028
2026-07-30 13:38:03,BTCUSDT,BINANCE,TRADE,64020,0.00027
2026-07-30 13:38:03,BTCUSDT,BINANCE,TRADE,64020,8e-05
2026-07-30 13:38:03,BTCUSDT,BINANCE,TRADE,64020,8e-05
2026-07-30 13:38:03,BTCUSDT,BINANCE,TRADE,64020,8e-05
2026-07-30 13:38:03,BTCUSDT,BINANCE,TRADE,64020,8e-05
2026-07-30 13:38:03,BTCUSDT,BINANCE,TRADE,64020,8e-05
2026-07-30 13:38:03,BTCUSDT,BINANCE,TRADE,64020,8e-05
2026-07-30 13:38:03,BTCUSDT,BINANCE,TRADE,64020,9e-05
2026-07-30 13:38:03,BTCUSDT,BINANCE,TRADE,64020,8e-05
2026-07-30 13:38:03,BTCUSDT,BINANCE,TRADE,64020,8e-05
2026-07-30 13:38:03,BTCUSDT,BINANCE,TRADE,64020,9e-05
2026-07-30 13:38:03,BTCUSDT,BINANCE,TRADE,64020,9e-05
2026-07-30 13:38:03,BTCUSDT,BINANCE,TRADE,64020,0.00016
2026-07-30 13:38:03,BTCUSDT,BINANCE,TRADE,64020,8e-05
2026-07-30 13:38:03,BTCUSDT,BINANCE,TRADE,64020,0.03124
2026-07-30 13:38:03,BTCUSDT,BINANCE,TRADE,64020,0.00308
2026-07-30 13:38:03,BTCUSDT,BINANCE,TRADE,64020,0.01391
2026-07-30 13:38:03,BTCUSDT,BINANCE,TRADE,64020,0.00287
2026-07-30 13:38:03,BTCUSDT,BINANCE,TRADE,64020,0.00597
2026-07-30 13:38:03,BTCUSDT,BINANCE,TRADE,64020,0.02867
2026-07-30 13:38:03,BTCUSDT,BINANCE,TRADE,64020,0.04943
2026-07-30 13:38:03,BTCUSDT,BINANCE,TRADE,64020,0.00017
2026-07-30 13:38:03,BTCUSDT,BINANCE,TRADE,64020,8e-05
2026-07-30 13:38:03,BTCUSDT,BINANCE,TRADE,64020,9e-05
2026-07-30 13:38:03,BTCUSDT,BINANCE,TRADE,64020,8e-05
2026-07-30 13:38:03,BTCUSDT,BINANCE,TRADE,64020,9e-05
2026-07-30 13:38:03,BTCUSDT,BINANCE,TRADE,64020,8e-05
2026-07-30 13:38:03,BTCUSDT,BINANCE,TRADE,64020,9e-05
2026-07-30 13:38:03,BTCUSDT,BINANCE,TRADE,64020,0.00016
2026-07-30 13:38:03,BTCUSDT,BINANCE,TRADE,64020,8e-05
2026-07-30 13:38:03,BTCUSDT,BINANCE,TRADE,64020,8e-05
2026-07-30 13:38:03,BTCUSDT,BINANCE,TRADE,64020,8e-05
2026-07-30 13:38:03,BTCUSDT,BINANCE,TRADE,64020,8e-05
2026-07-30 13:38:03,BTCUSDT,BINANCE,TRADE,64020,8e-05
2026-07-30 13:38:03,BTCUSDT,BINANCE,TRADE,64020,8e-05
2026-07-30 13:38:03,BTCUSDT,BINANCE,TRADE,64020,9e-05
2026-07-30 13:38:03,BTCUSDT,BINANCE,TRADE,64020,9e-05
2026-07-30 13:38:03,BTCUSDT,BINANCE,TRADE,64020,8e-05
2026-07-30 13:38:03,BTCUSDT,BINANCE,TRADE,64020,0.00016
2026-07-30 13:38:03,BTCUSDT,BINANCE,TRADE,64020,8e-05
2026-07-30 13:38:03,BTCUSDT,BINANCE,TRADE,64020,8e-05
2026-07-30 13:38:03,BTCUSDT,BINANCE,TRADE,64020,8e-05
2026-07-30 13:38:03,BTCUSDT,BINANCE,TRADE,64020,8e-05
2026-07-30 13:38:03,BTCUSDT,BINANCE,TRADE,64020,8e-05
2026-07-30 13:38:03,BTCUSDT,BINANCE,TRADE,64020,8e-05
2026-07-30 13:38:03,BTCUSDT,BINANCE,TRADE,64020,0.00016
2026-07-30 13:38:03,BTCUSDT,BINANCE,TRADE,64020.2,0.00234
2026-07-30 13:38:03,BTCUSDT,BINANCE,TRADE,64020.2,9e-05
2026-07-30 13:38:03,BTCUSDT,BINANCE,TRADE,64021.2,8e-05
2026-07-30 13:38:03,BTCUSDT,BINANCE,TRADE,64022,9e-05
2026-07-30 13:38:03,BTCUSDT,BINANCE,TRADE,64022,9e-05
2026-07-30 13:38:03,BTCUSDT,BINANCE,TRADE,64022,9e-05
2026-07-30 13:38:03,BTCUSDT,BINANCE,TRADE,64022,0.008
2026-07-30 13:38:03,BTCUSDT,BINANCE,TRADE,64022,0.006
2026-07-30 13:38:03,BTCUSDT,BINANCE,TRADE,64022,0.005
2026-07-30 13:38:03,BTCUSDT,BINANCE,TRADE,64022,0.005
2026-07-30 13:38:03,BTCUSDT,BINANCE,TRADE,64022,9e-05
2026-07-30 13:38:03,BTCUSDT,BINANCE,TRADE,64022,9e-05
2026-07-30 13:38:03,BTCUSDT,BINANCE,TRADE,64022,0.00124
2026-07-30 13:38:03,BTCUSDT,BINANCE,TRADE,64022.1,9e-05
2026-07-30 13:38:03,BTCUSDT,BINANCE,TRADE,64022.1,9e-05
2026-07-30 13:38:03,BTCUSDT,BINANCE,TRADE,64022.1,9e-05
2026-07-30 13:38:03,BTCUSDT,BINANCE,TRADE,64022.1,0.02108
2026-07-30 13:38:03,BTCUSDT,BINANCE,TRADE,64022.1,9e-05
2026-07-30 13:38:03,BTCUSDT,BINANCE,TRADE,64022.1,9e-05
2026-07-30 13:38:03,BTCUSDT,BINANCE,TRADE,64022.1,8e-05
2026-07-30 13:38:03,BTCUSDT,BINANCE,TRADE,64022.1,8e-05
2026-07-30 13:38:03,BTCUSDT,BINANCE,TRADE,64022.1,8e-05
2026-07-30 13:38:03,BTCUSDT,BINANCE,TRADE,64022.1,8e-05
2026-07-30 13:38:03,BTCUSDT,BINANCE,TRADE,64022.1,8e-05
2026-07-30 13:38:03,BTCUSDT,BINANCE,TRADE,64022.1,8e-05
2026-07-30 13:38:03,BTCUSDT,BINANCE,TRADE,64022.1,8e-05
2026-07-30 13:38:03,BTCUSDT,BINANCE,TRADE,64022.1,8e-05
2026-07-30 13:38:03,BTCUSDT,BINANCE,TRADE,64022.1,8e-05
2026-07-30 13:38:03,BTCUSDT,BINANCE,TRADE,64022.1,8e-05
2026-07-30 13:38:03,BTCUSDT,BINANCE,TRADE,64022.1,8e-05
2026-07-30 13:38:03,BTCUSDT,BINANCE,TRADE,64022.1,8e-05
2026-07-30 13:38:03,BTCUSDT,BINANCE,TRADE,64022.1,8e-05
2026-07-30 13:38:03,BTCUSDT,BINANCE,TRADE,64022.1,8e-05
2026-07-30 13:38:03,BTCUSDT,BINANCE,TRADE,64022.1,8e-05
2026-07-30 13:38:03,BTCUSDT,BINANCE,TRADE,64022.1,8e-05
2026-07-30 13:38:03,BTCUSDT,BINANCE,TRADE,64022.1,8e-05
2026-07-30 13:38:03,BTCUSDT,BINANCE,TRADE,64022.1,8e-05
2026-07-30 13:38:03,BTCUSDT,BINANCE,TRADE,64022.1,9e-05
2026-07-30 13:38:03,BTCUSDT,BINANCE,TRADE,64022.1,9e-05
2026-07-30 13:38:03,BTCUSDT,BINANCE,TRADE,64023.1,0.00024
2026-07-30 13:38:03,BTCUSDT,BINANCE,TRADE,64023.3,8e-05
2026-07-30 13:38:03,BTCUSDT,BINANCE,TRADE,64023.4,8e-05
2026-07-30 13:38:03,BTCUSDT,BINANCE,TRADE,64023.4,9e-05
2026-07-30 13:38:03,BTCUSDT,BINANCE,TRADE,64024,9e-05
2026-07-30 13:38:03,BTCUSDT,BINANCE,TRADE,64024,9e-05
2026-07-30 13:38:03,BTCUSDT,BINANCE,TRADE,64024,9e-05
2026-07-30 13:38:03,BTCUSDT,BINANCE,TRADE,64024,0.00224
2026-07-30 13:38:03,BTCUSDT,BINANCE,TRADE,64024,0.003
2026-07-30 13:38:03,BTCUSDT,BINANCE,TRADE,64024,0.00276
2026-07-30 13:38:03,BTCUSDT,BINANCE,TRADE,64024,0.00024
2026-07-30 13:38:03,BTCUSDT,BINANCE,TRADE,64024,0.003
2026-07-30 13:38:03,BTCUSDT,BINANCE,TRADE,64024,0.00276
2026-07-30 13:38:03,BTCUSDT,BINANCE,TRADE,64024,0.00024
2026-07-30 13:38:03,BTCUSDT,BINANCE,TRADE,64024,0.003
2026-07-30 13:38:03,BTCUSDT,BINANCE,TRADE,64024,0.00176
2026-07-30 13:38:03,BTCUSDT,BINANCE,TRADE,64024,0.00124
2026-07-30 13:38:03,BTCUSDT,BINANCE,TRADE,64024,0.003
2026-07-30 13:38:03,BTCUSDT,BINANCE,TRADE,64024,0.00076
2026-07-30 13:38:03,BTCUSDT,BINANCE,TRADE,64024,9e-05
2026-07-30 13:38:03,BTCUSDT,BINANCE,TRADE,64024,9e-05
2026-07-30 13:38:03,BTCUSDT,BINANCE,TRADE,64024.3,0.00206
2026-07-30 13:38:03,BTCUSDT,BINANCE,TRADE,64024,8e-05
2026-07-30 13:38:03,BTCUSDT,BINANCE,TRADE,64024,8e-05
2026-07-30 13:38:03,BTCUSDT,BINANCE,TRADE,64024,8e-05
2026-07-30 13:38:03,BTCUSDT,BINANCE,TRADE,64024,8e-05
2026-07-30 13:38:03,BTCUSDT,BINANCE,TRADE,64024,8e-05
2026-07-30 13:38:03,BTCUSDT,BINANCE,TRADE,64024,8e-05
2026-07-30 13:38:03,BTCUSDT,BINANCE,TRADE,64024,0.00252
2026-07-30 13:38:03,BTCUSDT,BINANCE,TRADE,64024,0.003
2026-07-30 13:38:03,BTCUSDT,BINANCE,TRADE,64024,0.003
2026-07-30 13:38:03,ETHUSDT,BINANCE,TRADE,1903.31,1.6984
2026-07-30 13:38:03,ETHUSDT,BINANCE,TRADE,1903.31,0.0028
2026-07-30 13:38:03,ETHUSDT,BINANCE,TRADE,1903.31,0.0027
2026-07-30 13:38:03,ETHUSDT,BINANCE,TRADE,1903.31,0.0032
2026-07-30 13:38:03,ETHUSDT,BINANCE,TRADE,1903.31,0.0032
2026-07-30 13:38:03,ETHUSDT,BINANCE,TRADE,1903.31,0.0032
2026-07-30 13:38:03,ETHUSDT,BINANCE,TRADE,1903.31,0.0027
2026-07-30 13:38:03,ETHUSDT,BINANCE,TRADE,1903.31,0.0027
2026-07-30 13:38:03,ETHUSDT,BINANCE,TRADE,1903.31,0.0028
2026-07-30 13:38:03,ETHUSDT,BINANCE,TRADE,1903.32,0.0027
2026-07-30 13:38:03,ETHUSDT,BINANCE,TRADE,1903.32,0.0028
2026-07-30 13:38:03,ETHUSDT,BINANCE,TRADE,1903.32,0.0027
2026-07-30 13:38:03,ETHUSDT,BINANCE,TRADE,1903.32,0.0027
2026-07-30 13:38:03,ETHUSDT,BINANCE,TRADE,1903.34,0.0028
2026-07-30 13:38:03,ETHUSDT,BINANCE,TRADE,1903.34,0.0027
2026-07-30 13:38:03,ETHUSDT,BINANCE,TRADE,1903.34,0.0032
2026-07-30 13:38:03,ETHUSDT,BINANCE,TRADE,1903.34,0.0032
2026-07-30 13:38:03,ETHUSDT,BINANCE,TRADE,1903.34,0.0032
2026-07-30 13:38:03,ETHUSDT,BINANCE,TRADE,1903.34,0.0027
2026-07-30 13:38:03,ETHUSDT,BINANCE,TRADE,1903.34,0.0027
2026-07-30 13:38:03,ETHUSDT,BINANCE,TRADE,1903.34,0.0027
2026-07-30 13:38:03,ETHUSDT,BINANCE,TRADE,1903.35,0.0028
2026-07-30 13:38:03,ETHUSDT,BINANCE,TRADE,1903.35,0.0027
2026-07-30 13:38:03,ETHUSDT,BINANCE,TRADE,1903.35,0.0027
2026-07-30 13:38:03,ETHUSDT,BINANCE,TRADE,1903.35,0.0027
2026-07-30 13:38:03,ETHUSDT,BINANCE,TRADE,1903.39,0.0027
2026-07-30 13:38:03,ETHUSDT,BINANCE,TRADE,1903.39,0.0028
2026-07-30 13:38:03,ETHUSDT,BINANCE,TRADE,1903.4,0.0028
2026-07-30 13:38:03,ETHUSDT,BINANCE,TRADE,1903.41,0.0027
2026-07-30 13:38:03,ETHUSDT,BINANCE,TRADE,1903.41,0.0027
2026-07-30 13:38:03,ETHUSDT,BINANCE,TRADE,1903.41,0.0028
2026-07-30 13:38:03,ETHUSDT,BINANCE,TRADE,1903.42,0.0028
2026-07-30 13:38:03,ETHUSDT,BINANCE,TRADE,1903.42,0.0028
2026-07-30 13:38:03,ETHUSDT,BINANCE,TRADE,1903.42,0.0028
2026-07-30 13:38:03,ETHUSDT,BINANCE,TRADE,1903.42,0.0028
2026-07-30 13:38:03,BTCUSDT,BINANCE,TRADE,64024,8e-05
2026-07-30 13:38:03,BTCUSDT,BINANCE,TRADE,64024,8e-05
2026-07-30 13:38:03,BTCUSDT,BINANCE,TRADE,64024,8e-05
2026-07-30 13:38:03,BTCUSDT,BINANCE,TRADE,64024,9e-05
2026-07-30 13:38:03,BTCUSDT,BINANCE,TRADE,64024,8e-05
2026-07-30 13:38:03,BTCUSDT,BINANCE,TRADE,64024,9e-05
2026-07-30 13:38:03,BTCUSDT,BINANCE,TRADE,64024,8e-05
2026-07-30 13:38:03,BTCUSDT,BINANCE,TRADE,64024,8e-05
2026-07-30 13:38:03,BTCUSDT,BINANCE,TRADE,64024,8e-05
2026-07-30 13:38:03,BTCUSDT,BINANCE,TRADE,64024,8e-05
2026-07-30 13:38:03,BTCUSDT,BINANCE,TRADE,64024,8e-05
2026-07-30 13:38:03,BTCUSDT,BINANCE,TRADE,64024,8e-05
2026-07-30 13:38:03,BTCUSDT,BINANCE,TRADE,64024,8e-05
2026-07-30 13:38:03,BTCUSDT,BINANCE,TRADE,64024,8e-05
2026-07-30 13:38:03,BTCUSDT,BINANCE,TRADE,64024,8e-05
2026-07-30 13:38:03,BTCUSDT,BINANCE,TRADE,64024,8e-05
2026-07-30 13:38:03,BTCUSDT,BINANCE,TRADE,64024,8e-05
2026-07-30 13:38:03,BTCUSDT,BINANCE,TRADE,64024,8e-05
2026-07-30 13:38:03,BTCUSDT,BINANCE,TRADE,64024,8e-05
2026-07-30 13:38:03,BTCUSDT,BINANCE,TRADE,64024,9e-05
2026-07-30 13:38:03,BTCUSDT,BINANCE,TRADE,64024,8e-05
2026-07-30 13:38:03,BTCUSDT,BINANCE,TRADE,64024,8e-05
2026-07-30 13:38:03,BTCUSDT,BINANCE,TRADE,64024,8e-05
2026-07-30 13:38:03,BTCUSDT,BINANCE,TRADE,64024,8e-05
2026-07-30 13:38:03,BTCUSDT,BINANCE,TRADE,64024,8e-05
2026-07-30 13:38:03,BTCUSDT,BINANCE,TRADE,64024,8e-05
2026-07-30 13:38:03,BTCUSDT,BINANCE,TRADE,64024,8e-05
2026-07-30 13:38:03,BTCUSDT,BINANCE,TRADE,64024,0.1359
2026-07-30 13:38:03,BTCUSDT,BINANCE,TRADE,64024,9e-05
2026-07-30 13:38:03,BTCUSDT,BINANCE,TRADE,64024,9e-05
2026-07-30 13:38:03,BTCUSDT,BINANCE,TRADE,64024,8e-05
2026-07-30 13:38:03,BTCUSDT,BINANCE,TRADE,64024,8e-05
2026-07-30 13:38:03,BTCUSDT,BINANCE,TRADE,64024,8e-05
2026-07-30 13:38:03,BTCUSDT,BINANCE,TRADE,64024,8e-05
2026-07-30 13:38:03,BTCUSDT,BINANCE,TRADE,64024,8e-05
2026-07-30 13:38:03,BTCUSDT,BINANCE,TRADE,64024,8e-05
2026-07-30 13:38:03,BTCUSDT,BINANCE,TRADE,64024,8e-05
2026-07-30 13:38:03,BTCUSDT,BINANCE,TRADE,64024,8e-05
2026-07-30 13:38:03,BTCUSDT,BINANCE,TRADE,64024,8e-05
2026-07-30 13:38:03,BTCUSDT,BINANCE,TRADE,64024,8e-05
2026-07-30 13:38:03,BTCUSDT,BINANCE,TRADE,64024,8e-05
2026-07-30 13:38:03,BTCUSDT,BINANCE,TRADE,64024,8e-05
2026-07-30 13:38:03,BTCUSDT,BINANCE,TRADE,64024,8e-05
2026-07-30 13:38:03,BTCUSDT,BINANCE,TRADE,64024,8e-05
2026-07-30 13:38:03,BTCUSDT,BINANCE,TRADE,64024.3,0.00028
2026-07-30 13:38:03,BTCUSDT,BINANCE,TRADE,64025,9e-05
2026-07-30 13:38:03,BTCUSDT,BINANCE,TRADE,64025,9e-05
2026-07-30 13:38:03,BTCUSDT,BINANCE,TRADE,64025,9e-05
2026-07-30 13:38:03,BTCUSDT,BINANCE,TRADE,64025,0.00015
2026-07-30 13:38:03,ETHUSDT,BINANCE,TRADE,1903.43,1.4489
2026-07-30 13:38:03,ETHUSDT,BINANCE,TRADE,1903.43,0.6742
2026-07-30 13:38:03,ETHUSDT,BINANCE,TRADE,1903.43,0.0028
2026-07-30 13:38:03,ETHUSDT,BINANCE,TRADE,1903.43,0.002
2026-07-30 13:38:03,ETHUSDT,BINANCE,TRADE,1903.43,0.0007
2026-07-30 13:38:03,ETHUSDT,BINANCE,TRADE,1903.43,0.0032
2026-07-30 13:38:03,ETHUSDT,BINANCE,TRADE,1903.43,0.0032
2026-07-30 13:38:03,ETHUSDT,BINANCE,TRADE,1903.43,0.0032
2026-07-30 13:38:03,ETHUSDT,BINANCE,TRADE,1903.43,0.0027
2026-07-30 13:38:03,ETHUSDT,BINANCE,TRADE,1903.43,0.0027
2026-07-30 13:38:03,ETHUSDT,BINANCE,TRADE,1903.43,0.0027
2026-07-30 13:38:03,ETHUSDT,BINANCE,TRADE,1903.43,0.0027
2026-07-30 13:38:03,ETHUSDT,BINANCE,TRADE,1903.43,0.0027
2026-07-30 13:38:03,ETHUSDT,BINANCE,TRADE,1903.43,0.0027
2026-07-30 13:38:03,ETHUSDT,BINANCE,TRADE,1903.43,0.0027
2026-07-30 13:38:03,ETHUSDT,BINANCE,TRADE,1903.43,0.0028
2026-07-30 13:38:03,ETHUSDT,BINANCE,TRADE,1903.43,0.0028
2026-07-30 13:38:03,ETHUSDT,BINANCE,TRADE,1903.44,0.0028
2026-07-30 13:38:03,ETHUSDT,BINANCE,TRADE,1903.44,0.0027
2026-07-30 13:38:03,ETHUSDT,BINANCE,TRADE,1903.44,0.0027
2026-07-30 13:38:03,ETHUSDT,BINANCE,TRADE,1903.44,0.0027
2026-07-30 13:38:03,ETHUSDT,BINANCE,TRADE,1903.45,0.0028
2026-07-30 13:38:03,ETHUSDT,BINANCE,TRADE,1903.48,0.0027
2026-07-30 13:38:03,ETHUSDT,BINANCE,TRADE,1903.48,0.0028
2026-07-30 13:38:03,ETHUSDT,BINANCE,TRADE,1903.49,0.0028
2026-07-30 13:38:03,ETHUSDT,BINANCE,TRADE,1903.49,0.053
2026-07-30 13:38:03,ETHUSDT,BINANCE,TRADE,1903.49,0.0027
2026-07-30 13:38:03,ETHUSDT,BINANCE,TRADE,1903.49,0.0027
2026-07-30 13:38:03,ETHUSDT,BINANCE,TRADE,1903.49,0.0027
2026-07-30 13:38:03,ETHUSDT,BINANCE,TRADE,1903.49,0.0032
2026-07-30 13:38:03,ETHUSDT,BINANCE,TRADE,1903.5,0.0027
2026-07-30 13:38:03,ETHUSDT,BINANCE,TRADE,1903.5,0.0028
2026-07-30 13:38:03,ETHUSDT,BINANCE,TRADE,1903.52,0.0028
2026-07-30 13:38:03,ETHUSDT,BINANCE,TRADE,1903.53,0.0028
2026-07-30 13:38:03,ETHUSDT,BINANCE,TRADE,1903.53,0.0028
2026-07-30 13:38:03,ETHUSDT,BINANCE,TRADE,1903.53,0.0028
2026-07-30 13:38:03,ETHUSDT,BINANCE,TRADE,1903.53,0.0028
2026-07-30 13:38:03,ETHUSDT,BINANCE,TRADE,1903.54,0.0028
2026-07-30 13:38:03,ETHUSDT,BINANCE,TRADE,1903.54,0.0027
2026-07-30 13:38:03,ETHUSDT,BINANCE,TRADE,1903.54,0.0032
2026-07-30 13:38:03,ETHUSDT,BINANCE,TRADE,1903.54,0.0032
2026-07-30 13:38:03,ETHUSDT,BINANCE,TRADE,1903.54,0.0032
2026-07-30 13:38:03,ETHUSDT,BINANCE,TRADE,1903.54,0.0027
2026-07-30 13:38:03,ETHUSDT,BINANCE,TRADE,1903.54,0.0027
2026-07-30 13:38:03,ETHUSDT,BINANCE,TRADE,1903.54,0.0027
2026-07-30 13:38:03,ETHUSDT,BINANCE,TRADE,1903.54,0.0027
2026-07-30 13:38:03,ETHUSDT,BINANCE,TRADE,1903.54,0.0027
2026-07-30 13:38:03,ETHUSDT,BINANCE,TRADE,1903.54,0.0027
2026-07-30 13:38:03,ETHUSDT,BINANCE,TRADE,1903.54,0.0027
2026-07-30 13:38:03,ETHUSDT,BINANCE,TRADE,1903.55,0.0028
2026-07-30 13:38:03,ETHUSDT,BINANCE,TRADE,1903.55,0.0027
2026-07-30 13:38:03,ETHUSDT,BINANCE,TRADE,1903.55,0.0027
2026-07-30 13:38:03,ETHUSDT,BINANCE,TRADE,1903.55,0.0027
2026-07-30 13:38:03,ETHUSDT,BINANCE,TRADE,1903.56,0.0028
2026-07-30 13:38:03,ETHUSDT,BINANCE,TRADE,1903.57,0.0027
2026-07-30 13:38:03,ETHUSDT,BINANCE,TRADE,1903.57,0.01
2026-07-30 13:38:03,ETHUSDT,BINANCE,TRADE,1903.57,0.0027
2026-07-30 13:38:03,ETHUSDT,BINANCE,TRADE,1903.57,0.0028
2026-07-30 13:38:03,ETHUSDT,BINANCE,TRADE,1903.58,0.0028
2026-07-30 13:38:03,ETHUSDT,BINANCE,TRADE,1903.58,0.0027
2026-07-30 13:38:03,ETHUSDT,BINANCE,TRADE,1903.58,0.0032
2026-07-30 13:38:03,ETHUSDT,BINANCE,TRADE,1903.58,0.0027
2026-07-30 13:38:03,ETHUSDT,BINANCE,TRADE,1903.58,0.0027
2026-07-30 13:38:03,ETHUSDT,BINANCE,TRADE,1903.58,0.0027
2026-07-30 13:38:03,ETHUSDT,BINANCE,TRADE,1903.58,0.0027
2026-07-30 13:38:03,ETHUSDT,BINANCE,TRADE,1903.58,0.0027
2026-07-30 13:38:03,ETHUSDT,BINANCE,TRADE,1903.58,0.0027
2026-07-30 13:38:03,ETHUSDT,BINANCE,TRADE,1903.58,0.0027
2026-07-30 13:38:03,ETHUSDT,BINANCE,TRADE,1903.58,0.0028
2026-07-30 13:38:03,ETHUSDT,BINANCE,TRADE,1903.58,0.0032
2026-07-30 13:38:03,ETHUSDT,BINANCE,TRADE,1903.58,0.0032
2026-07-30 13:38:03,ETHUSDT,BINANCE,TRADE,1903.58,0.0027
2026-07-30 13:38:03,ETHUSDT,BINANCE,TRADE,1903.59,0.0027
2026-07-30 13:38:03,ETHUSDT,BINANCE,TRADE,1903.59,0.0108
2026-07-30 13:38:03,ETHUSDT,BINANCE,TRADE,1903.59,0.0028
2026-07-30 13:38:03,ETHUSDT,BINANCE,TRADE,1903.59,0.0027
2026-07-30 13:38:03,ETHUSDT,BINANCE,TRADE,1903.59,0.0027
2026-07-30 13:38:03,ETHUSDT,BINANCE,TRADE,1903.59,0.0027
2026-07-30 13:38:03,ETHUSDT,BINANCE,TRADE,1903.6,0.0028
2026-07-30 13:38:03,ETHUSDT,BINANCE,TRADE,1903.6,0.0028
2026-07-30 13:38:03,ETHUSDT,BINANCE,TRADE,1903.6,0.0028
2026-07-30 13:38:03,ETHUSDT,BINANCE,TRADE,1903.6,0.0028
2026-07-30 13:38:03,BTCUSDT,BINANCE,TRADE,64025,0.00075
2026-07-30 13:38:03,BTCUSDT,BINANCE,TRADE,64025,0.002
2026-07-30 13:38:03,BTCUSDT,BINANCE,TRADE,64025,0.00182
2026-07-30 13:38:03,ETHUSDT,BINANCE,TRADE,1903.61,0.0028
2026-07-30 13:38:03,ETHUSDT,BINANCE,TRADE,1903.61,0.0027
2026-07-30 13:38:03,ETHUSDT,BINANCE,TRADE,1903.61,0.0032
2026-07-30 13:38:03,ETHUSDT,BINANCE,TRADE,1903.61,0.0032
2026-07-30 13:38:03,ETHUSDT,BINANCE,TRADE,1903.61,0.0027
2026-07-30 13:38:03,ETHUSDT,BINANCE,TRADE,1903.61,0.0032
2026-07-30 13:38:03,ETHUSDT,BINANCE,TRADE,1903.61,0.0027
2026-07-30 13:38:03,ETHUSDT,BINANCE,TRADE,1903.61,0.0027
2026-07-30 13:38:03,ETHUSDT,BINANCE,TRADE,1903.61,0.0027
2026-07-30 13:38:03,ETHUSDT,BINANCE,TRADE,1903.61,0.0027
2026-07-30 13:38:03,ETHUSDT,BINANCE,TRADE,1903.61,0.0027
2026-07-30 13:38:03,ETHUSDT,BINANCE,TRADE,1903.61,0.0027
2026-07-30 13:38:03,ETHUSDT,BINANCE,TRADE,1903.61,0.0027
2026-07-30 13:38:03,ETHUSDT,BINANCE,TRADE,1903.61,0.0027
2026-07-30 13:38:03,ETHUSDT,BINANCE,TRADE,1903.61,0.0027
2026-07-30 13:38:03,ETHUSDT,BINANCE,TRADE,1903.61,0.0028
2026-07-30 13:38:03,ETHUSDT,BINANCE,TRADE,1903.61,0.0027
2026-07-30 13:38:03,ETHUSDT,BINANCE,TRADE,1903.62,0.0028
2026-07-30 13:38:03,ETHUSDT,BINANCE,TRADE,1903.62,0.0027
2026-07-30 13:38:03,ETHUSDT,BINANCE,TRADE,1903.62,0.0027
2026-07-30 13:38:03,ETHUSDT,BINANCE,TRADE,1903.62,0.0027
2026-07-30 13:38:03,ETHUSDT,BINANCE,TRADE,1903.64,0.0028
2026-07-30 13:38:03,ETHUSDT,BINANCE,TRADE,1903.64,0.0028
2026-07-30 13:38:03,ETHUSDT,BINANCE,TRADE,1903.65,0.0028
2026-07-30 13:38:03,ETHUSDT,BINANCE,TRADE,1903.65,0.0028
2026-07-30 13:38:03,ETHUSDT,BINANCE,TRADE,1903.65,0.0028
2026-07-30 13:38:03,ETHUSDT,BINANCE,TRADE,1903.65,0.0028
2026-07-30 13:38:03,BTCUSDT,BINANCE,TRADE,64025,8e-05
2026-07-30 13:38:03,BTCUSDT,BINANCE,TRADE,64025,0.00292
2026-07-30 13:38:03,SOLUSDT,BINANCE,TRADE,73.4,0.277
2026-07-30 13:38:03,SOLUSDT,BINANCE,TRADE,73.4,0.072
2026-07-30 13:38:03,SOLUSDT,BINANCE,TRADE,73.4,0.072
2026-07-30 13:38:03,SOLUSDT,BINANCE,TRADE,73.4,0.137
2026-07-30 13:38:03,SOLUSDT,BINANCE,TRADE,73.4,0.069
2026-07-30 13:38:03,SOLUSDT,BINANCE,TRADE,73.4,0.075
2026-07-30 13:38:03,SOLUSDT,BINANCE,TRADE,73.4,0.15
2026-07-30 13:38:03,SOLUSDT,BINANCE,TRADE,73.4,0.072
2026-07-30 13:38:03,SOLUSDT,BINANCE,TRADE,73.4,0.072
2026-07-30 13:38:03,SOLUSDT,BINANCE,TRADE,73.4,0.072
2026-07-30 13:38:03,SOLUSDT,BINANCE,TRADE,73.4,0.072
2026-07-30 13:38:03,SOLUSDT,BINANCE,TRADE,73.4,0.072
2026-07-30 13:38:03,SOLUSDT,BINANCE,TRADE,73.4,0.072
2026-07-30 13:38:03,SOLUSDT,BINANCE,TRADE,73.4,0.072
2026-07-30 13:38:03,SOLUSDT,BINANCE,TRADE,73.4,0.072
2026-07-30 13:38:03,SOLUSDT,BINANCE,TRADE,73.4,2.284
2026-07-30 13:38:03,SOLUSDT,BINANCE,TRADE,73.4,0.21
2026-07-30 13:38:03,SOLUSDT,BINANCE,TRADE,73.4,0.07
2026-07-30 13:38:03,SOLUSDT,BINANCE,TRADE,73.4,0.072
2026-07-30 13:38:03,SOLUSDT,BINANCE,TRADE,73.4,0.072
2026-07-30 13:38:03,SOLUSDT,BINANCE,TRADE,73.4,0.072
2026-07-30 13:38:03,BTCUSDT,BINANCE,TRADE,64025,0.00139
2026-07-30 13:38:03,BTCUSDT,BINANCE,TRADE,64025,0.0001
2026-07-30 13:38:03,ETHUSDT,BINANCE,TRADE,1903.66,0.0028
2026-07-30 13:38:03,ETHUSDT,BINANCE,TRADE,1903.66,0.653
2026-07-30 13:38:03,ETHUSDT,BINANCE,TRADE,1903.66,0.0032
2026-07-30 13:38:03,ETHUSDT,BINANCE,TRADE,1903.66,0.0027
2026-07-30 13:38:03,ETHUSDT,BINANCE,TRADE,1903.66,0.0027
2026-07-30 13:38:03,ETHUSDT,BINANCE,TRADE,1903.66,0.0027
2026-07-30 13:38:03,ETHUSDT,BINANCE,TRADE,1903.66,0.0027
2026-07-30 13:38:03,ETHUSDT,BINANCE,TRADE,1903.66,0.0027
2026-07-30 13:38:03,ETHUSDT,BINANCE,TRADE,1903.66,0.0028
2026-07-30 13:38:03,ETHUSDT,BINANCE,TRADE,1903.66,0.0027
2026-07-30 13:38:03,ETHUSDT,BINANCE,TRADE,1903.66,0.0027
2026-07-30 13:38:03,ETHUSDT,BINANCE,TRADE,1903.66,0.0027
2026-07-30 13:38:03,ETHUSDT,BINANCE,TRADE,1903.66,0.0032
2026-07-30 13:38:03,ETHUSDT,BINANCE,TRADE,1903.66,0.0032
2026-07-30 13:38:03,ETHUSDT,BINANCE,TRADE,1903.67,0.0028
2026-07-30 13:38:03,ETHUSDT,BINANCE,TRADE,1903.67,0.0027
2026-07-30 13:38:03,ETHUSDT,BINANCE,TRADE,1903.67,0.0027
2026-07-30 13:38:03,ETHUSDT,BINANCE,TRADE,1903.67,0.0027
2026-07-30 13:38:03,ETHUSDT,BINANCE,TRADE,1903.67,0.0027
2026-07-30 13:38:03,ETHUSDT,BINANCE,TRADE,1903.68,0.003
2026-07-30 13:38:03,ETHUSDT,BINANCE,TRADE,1903.68,0.0027
2026-07-30 13:38:03,ETHUSDT,BINANCE,TRADE,1903.68,0.0028
2026-07-30 13:38:03,ETHUSDT,BINANCE,TRADE,1903.69,0.0028
2026-07-30 13:38:03,ETHUSDT,BINANCE,TRADE,1903.69,0.0028
2026-07-30 13:38:03,ETHUSDT,BINANCE,TRADE,1903.69,0.0028
2026-07-30 13:38:03,ETHUSDT,BINANCE,TRADE,1903.69,0.0028
2026-07-30 13:38:03,BTCUSDT,BINANCE,TRADE,64025,0.13234
2026-07-30 13:38:03,BTCUSDT,BINANCE,TRADE,64025,0.02352
2026-07-30 13:38:03,BTCUSDT,BINANCE,TRADE,64025,0.04698
2026-07-30 13:38:03,BTCUSDT,BINANCE,TRADE,64025,9e-05
2026-07-30 13:38:03,BTCUSDT,BINANCE,TRADE,64025,9e-05
2026-07-30 13:38:03,BTCUSDT,BINANCE,TRADE,64025,8e-05
2026-07-30 13:38:03,BTCUSDT,BINANCE,TRADE,64025,8e-05
2026-07-30 13:38:03,BTCUSDT,BINANCE,TRADE,64025,8e-05
2026-07-30 13:38:03,BTCUSDT,BINANCE,TRADE,64025,8e-05
2026-07-30 13:38:03,BTCUSDT,BINANCE,TRADE,64025,8e-05
2026-07-30 13:38:03,BTCUSDT,BINANCE,TRADE,64025,8e-05
2026-07-30 13:38:03,BTCUSDT,BINANCE,TRADE,64025,8e-05
2026-07-30 13:38:03,BTCUSDT,BINANCE,TRADE,64025,8e-05
2026-07-30 13:38:03,BTCUSDT,BINANCE,TRADE,64025,8e-05
2026-07-30 13:38:03,BTCUSDT,BINANCE,TRADE,64025,8e-05
2026-07-30 13:38:03,BTCUSDT,BINANCE,TRADE,64025,8e-05
2026-07-30 13:38:03,BTCUSDT,BINANCE,TRADE,64025,8e-05
2026-07-30 13:38:03,BTCUSDT,BINANCE,TRADE,64025,8e-05
2026-07-30 13:38:03,BTCUSDT,BINANCE,TRADE,64025,8e-05
2026-07-30 13:38:03,BTCUSDT,BINANCE,TRADE,64025,8e-05
2026-07-30 13:38:03,BTCUSDT,BINANCE,TRADE,64025,9e-05
2026-07-30 13:38:03,BTCUSDT,BINANCE,TRADE,64025,8e-05
2026-07-30 13:38:03,BTCUSDT,BINANCE,TRADE,64025,8e-05
2026-07-30 13:38:03,BTCUSDT,BINANCE,TRADE,64025,0.00166
2026-07-30 13:38:03,BTCUSDT,BINANCE,TRADE,64025,8e-05
2026-07-30 13:38:03,BTCUSDT,BINANCE,TRADE,64025,0.00077
2026-07-30 13:38:03,BTCUSDT,BINANCE,TRADE,64025,0.00103
2026-07-30 13:38:03,BTCUSDT,BINANCE,TRADE,64025,0.1359
2026-07-30 13:38:03,BTCUSDT,BINANCE,TRADE,64025,9e-05
2026-07-30 13:38:03,BTCUSDT,BINANCE,TRADE,64025,9e-05
2026-07-30 13:38:03,BTCUSDT,BINANCE,TRADE,64025,8e-05
2026-07-30 13:38:03,BTCUSDT,BINANCE,TRADE,64025,8e-05
2026-07-30 13:38:03,BTCUSDT,BINANCE,TRADE,64025,8e-05
2026-07-30 13:38:03,BTCUSDT,BINANCE,TRADE,64025,8e-05
2026-07-30 13:38:03,BTCUSDT,BINANCE,TRADE,64025,8e-05
2026-07-30 13:38:03,BTCUSDT,BINANCE,TRADE,64025,8e-05
2026-07-30 13:38:03,BTCUSDT,BINANCE,TRADE,64025,8e-05
2026-07-30 13:38:03,BTCUSDT,BINANCE,TRADE,64025.6,0.00674
2026-07-30 13:38:03,BTCUSDT,BINANCE,TRADE,64025.6,9e-05
2026-07-30 13:38:03,BTCUSDT,BINANCE,TRADE,64025.6,9e-05
2026-07-30 13:38:03,BTCUSDT,BINANCE,TRADE,64025.6,9e-05
2026-07-30 13:38:03,BTCUSDT,BINANCE,TRADE,64026,9e-05
2026-07-30 13:38:03,BTCUSDT,BINANCE,TRADE,64026,9e-05
2026-07-30 13:38:03,BTCUSDT,BINANCE,TRADE,64026,9e-05
2026-07-30 13:38:03,BTCUSDT,BINANCE,TRADE,64026,0.005
2026-07-30 13:38:03,BTCUSDT,BINANCE,TRADE,64026,0.008
2026-07-30 13:38:03,BTCUSDT,BINANCE,TRADE,64026,0.006
2026-07-30 13:38:03,BTCUSDT,BINANCE,TRADE,64026,0.005
2026-07-30 13:38:03,BTCUSDT,BINANCE,TRADE,64026,9e-05
2026-07-30 13:38:03,BTCUSDT,BINANCE,TRADE,64026,9e-05
2026-07-30 13:38:03,BTCUSDT,BINANCE,TRADE,64026.4,0.00234
2026-07-30 13:38:03,BTCUSDT,BINANCE,TRADE,64026.5,8e-05
2026-07-30 13:38:03,BTCUSDT,BINANCE,TRADE,64026.6,9e-05
2026-07-30 13:38:03,BTCUSDT,BINANCE,TRADE,64026.6,9e-05
2026-07-30 13:38:03,BTCUSDT,BINANCE,TRADE,64026.6,9e-05
2026-07-30 13:38:03,BTCUSDT,BINANCE,TRADE,64026.6,0.02108
2026-07-30 13:38:03,BTCUSDT,BINANCE,TRADE,64026.6,9e-05
2026-07-30 13:38:03,BTCUSDT,BINANCE,TRADE,64026.6,9e-05
2026-07-30 13:38:03,BTCUSDT,BINANCE,TRADE,64026.7,9e-05
2026-07-30 13:38:03,BTCUSDT,BINANCE,TRADE,64027.6,8e-05
2026-07-30 13:38:03,BTCUSDT,BINANCE,TRADE,64028,9e-05
2026-07-30 13:38:03,BTCUSDT,BINANCE,TRADE,64028,9e-05
2026-07-30 13:38:03,BTCUSDT,BINANCE,TRADE,64028,9e-05
2026-07-30 13:38:03,BTCUSDT,BINANCE,TRADE,64028,0.005
2026-07-30 13:38:03,BTCUSDT,BINANCE,TRADE,64028,0.008
2026-07-30 13:38:03,BTCUSDT,BINANCE,TRADE,64028,0.006
2026-07-30 13:38:03,BTCUSDT,BINANCE,TRADE,64028,0.005
2026-07-30 13:38:03,BTCUSDT,BINANCE,TRADE,64028,9e-05
2026-07-30 13:38:03,BTCUSDT,BINANCE,TRADE,64028,9e-05
2026-07-30 13:38:03,BTCUSDT,BINANCE,TRADE,64028.1,9e-05
2026-07-30 13:38:03,BTCUSDT,BINANCE,TRADE,64028.1,9e-05
2026-07-30 13:38:03,BTCUSDT,BINANCE,TRADE,64028.1,9e-05
2026-07-30 13:38:03,BTCUSDT,BINANCE,TRADE,64028.1,8e-05
2026-07-30 13:38:03,BTCUSDT,BINANCE,TRADE,64028.1,0.04289
2026-07-30 13:38:03,BTCUSDT,BINANCE,TRADE,64028.1,0.00065
2026-07-30 13:38:03,BTCUSDT,BINANCE,TRADE,64028.1,0.00027
2026-07-30 13:38:03,BTCUSDT,BINANCE,TRADE,64028.1,9e-05
2026-07-30 13:38:03,ETHUSDT,BINANCE,TRADE,1903.69,0.0035
2026-07-30 13:38:03,BTCUSDT,BINANCE,TRADE,64028.1,0.00032
2026-07-30 13:38:03,BTCUSDT,BINANCE,TRADE,64028.1,0.00017
2026-07-30 13:38:03,BTCUSDT,BINANCE,TRADE,64028.1,0.00312
2026-07-30 13:38:03,BTCUSDT,BINANCE,TRADE,64028.1,0.00038
2026-07-30 13:38:03,SOLUSDT,BINANCE,TRADE,73.4,0.3
2026-07-30 13:38:03,ETHUSDT,BINANCE,TRADE,1903.7,0.0028
2026-07-30 13:38:03,ETHUSDT,BINANCE,TRADE,1903.7,0.0027
2026-07-30 13:38:03,ETHUSDT,BINANCE,TRADE,1903.7,0.0194
2026-07-30 13:38:03,SOLUSDT,BINANCE,TRADE,73.4,0.146
2026-07-30 13:38:03,BTCUSDT,BINANCE,TRADE,64028.1,0.0042
2026-07-30 13:38:03,BTCUSDT,BINANCE,TRADE,64028.1,0.00021
2026-07-30 13:38:03,BTCUSDT,BINANCE,TRADE,64028.1,0.00016
2026-07-30 13:38:03,BTCUSDT,BINANCE,TRADE,64028.1,0.00183
2026-07-30 13:38:03,BTCUSDT,BINANCE,TRADE,64028.1,0.00029
2026-07-30 13:38:03,BTCUSDT,BINANCE,TRADE,64028.1,0.00065
2026-07-30 13:38:03,BTCUSDT,BINANCE,TRADE,64028.1,0.00297
2026-07-30 13:38:03,BTCUSDT,BINANCE,TRADE,64028.1,0.00019
2026-07-30 13:38:03,BTCUSDT,BINANCE,TRADE,64028.1,0.0024
2026-07-30 13:38:03,BTCUSDT,BINANCE,TRADE,64028.1,0.00078
2026-07-30 13:38:03,BTCUSDT,BINANCE,TRADE,64028.1,0.00157
2026-07-30 13:38:03,ETHUSDT,BINANCE,TRADE,1903.69,0.0261
2026-07-30 13:38:03,BTCUSDT,BINANCE,TRADE,64028.1,0.00094
2026-07-30 13:38:03,BTCUSDT,BINANCE,TRADE,64028.1,0.00166
2026-07-30 13:38:03,BTCUSDT,BINANCE,TRADE,64028.1,0.00048
2026-07-30 13:38:03,BTCUSDT,BINANCE,TRADE,64028.1,0.00031
2026-07-30 13:38:03,BTCUSDT,BINANCE,TRADE,64028.1,0.00012
2026-07-30 13:38:03,BTCUSDT,BINANCE,TRADE,64028.1,0.00065
2026-07-30 13:38:03,BTCUSDT,BINANCE,TRADE,64028.1,0.00509
2026-07-30 13:38:04,ETHUSDT,BINANCE,TRADE,1903.69,0.2683
2026-07-30 13:38:04,BTCUSDT,BINANCE,TRADE,64028.1,0.00275
2026-07-30 13:38:04,ETHUSDT,BINANCE,TRADE,1903.69,0.0149
2026-07-30 13:38:04,ETHUSDT,BINANCE,TRADE,1903.69,0.1
2026-07-30 13:38:04,BTCUSDT,BINANCE,TRADE,64028.1,0.0021
2026-07-30 13:38:04,BTCUSDT,BINANCE,TRADE,64028.1,0.00031
2026-07-30 13:38:04,ETHUSDT,BINANCE,TRADE,1903.69,0.0131
2026-07-30 13:38:04,BTCUSDT,BINANCE,TRADE,64028.1,0.00515
2026-07-30 13:38:04,ETHUSDT,BINANCE,TRADE,1903.69,0.0244
2026-07-30 13:38:04,BTCUSDT,BINANCE,TRADE,64028.1,0.00065
2026-07-30 13:38:04,ETHUSDT,BINANCE,TRADE,1903.7,0.1724
2026-07-30 13:38:04,BTCUSDT,BINANCE,TRADE,64028.1,0.00031
2026-07-30 13:38:04,BTCUSDT,BINANCE,TRADE,64028.1,0.00029
2026-07-30 13:38:04,BTCUSDT,BINANCE,TRADE,64028.1,0.0004
2026-07-30 13:38:04,BTCUSDT,BINANCE,TRADE,64028.1,0.00017
2026-07-30 13:38:04,BTCUSDT,BINANCE,TRADE,64028.1,0.01952
2026-07-30 13:38:04,BTCUSDT,BINANCE,TRADE,64028.1,0.00312
2026-07-30 13:38:04,ETHUSDT,BINANCE,TRADE,1903.69,0.0183
2026-07-30 13:38:04,BTCUSDT,BINANCE,TRADE,64028.1,0.0012
2026-07-30 13:38:04,BTCUSDT,BINANCE,TRADE,64028.1,0.00078
2026-07-30 13:38:04,BTCUSDT,BINANCE,TRADE,64028.1,0.00029
2026-07-30 13:38:04,BTCUSDT,BINANCE,TRADE,64028.1,0.01853
2026-07-30 13:38:04,BTCUSDT,BINANCE,TRADE,64028.1,0.00021
2026-07-30 13:38:04,BTCUSDT,BINANCE,TRADE,64028.1,0.00097
2026-07-30 13:38:04,BTCUSDT,BINANCE,TRADE,64028.1,0.00065
2026-07-30 13:38:04,BTCUSDT,BINANCE,TRADE,64028.1,0.00019
2026-07-30 13:38:04,BTCUSDT,BINANCE,TRADE,64028.1,0.0031
2026-07-30 13:38:04,BTCUSDT,BINANCE,TRADE,64028.1,0.00015
2026-07-30 13:38:04,BTCUSDT,BINANCE,TRADE,64028.1,0.00521
2026-07-30 13:38:04,ETHUSDT,BINANCE,TRADE,1903.7,0.0285
2026-07-30 13:38:04,BTCUSDT,BINANCE,TRADE,64028.1,0.07809
2026-07-30 13:38:04,BTCUSDT,BINANCE,TRADE,64028.1,0.01206
2026-07-30 13:38:04,BTCUSDT,BINANCE,TRADE,64028.1,0.00021
2026-07-30 13:38:04,BTCUSDT,BINANCE,TRADE,64028.1,0.00065
2026-07-30 13:38:04,BTCUSDT,BINANCE,TRADE,64028.1,0.15585
2026-07-30 13:38:04,SOLUSDT,BINANCE,TRADE,73.41,0.092
2026-07-30 13:38:04,BTCUSDT,BINANCE,TRADE,64028.1,0.00312
2026-07-30 13:38:04,BTCUSDT,BINANCE,TRADE,64028.1,0.00398
2026-07-30 13:38:04,BTCUSDT,BINANCE,TRADE,64028.1,0.00014
2026-07-30 13:38:04,BTCUSDT,BINANCE,TRADE,64028.1,0.00027
2026-07-30 13:38:04,BTCUSDT,BINANCE,TRADE,64028.1,0.00031
2026-07-30 13:38:04,BTCUSDT,BINANCE,TRADE,64028.1,0.00042
2026-07-30 13:38:04,BTCUSDT,BINANCE,TRADE,64028.1,0.00275
2026-07-30 13:38:05,ETHUSDT,BINANCE,TRADE,1903.7,0.0032
2026-07-30 13:38:05,ETHUSDT,BINANCE,TRADE,1903.7,0.0027
2026-07-30 13:38:05,ETHUSDT,BINANCE,TRADE,1903.7,0.0027
2026-07-30 13:38:05,ETHUSDT,BINANCE,TRADE,1903.7,0.0027
2026-07-30 13:38:05,ETHUSDT,BINANCE,TRADE,1903.7,0.0028
2026-07-30 13:38:05,ETHUSDT,BINANCE,TRADE,1903.7,0.0027
2026-07-30 13:38:05,ETHUSDT,BINANCE,TRADE,1903.7,0.021
2026-07-30 13:38:05,ETHUSDT,BINANCE,TRADE,1903.7,0.0303
2026-07-30 13:38:05,ETHUSDT,BINANCE,TRADE,1903.7,0.0273
2026-07-30 13:38:05,ETHUSDT,BINANCE,TRADE,1903.7,0.0542
2026-07-30 13:38:05,ETHUSDT,BINANCE,TRADE,1903.7,0.0028
2026-07-30 13:38:05,ETHUSDT,BINANCE,TRADE,1903.7,0.0027
2026-07-30 13:38:05,ETHUSDT,BINANCE,TRADE,1903.7,0.021
2026-07-30 13:38:05,ETHUSDT,BINANCE,TRADE,1903.7,0.05
2026-07-30 13:38:05,ETHUSDT,BINANCE,TRADE,1903.7,0.0027
2026-07-30 13:38:05,ETHUSDT,BINANCE,TRADE,1903.7,0.0053
2026-07-30 13:38:05,ETHUSDT,BINANCE,TRADE,1903.7,0.0027
2026-07-30 13:38:05,ETHUSDT,BINANCE,TRADE,1903.7,0.0027
2026-07-30 13:38:05,ETHUSDT,BINANCE,TRADE,1903.7,0.0027
2026-07-30 13:38:05,ETHUSDT,BINANCE,TRADE,1903.7,0.0032
2026-07-30 13:38:05,ETHUSDT,BINANCE,TRADE,1903.7,0.0032
2026-07-30 13:38:05,ETHUSDT,BINANCE,TRADE,1903.71,0.0028
2026-07-30 13:38:05,ETHUSDT,BINANCE,TRADE,1903.71,0.0027
2026-07-30 13:38:05,ETHUSDT,BINANCE,TRADE,1903.71,0.0053
2026-07-30 13:38:05,ETHUSDT,BINANCE,TRADE,1903.71,0.0027
2026-07-30 13:38:05,ETHUSDT,BINANCE,TRADE,1903.71,0.0027
2026-07-30 13:38:05,ETHUSDT,BINANCE,TRADE,1903.71,0.0027
2026-07-30 13:38:05,ETHUSDT,BINANCE,TRADE,1903.72,0.0028
2026-07-30 13:38:05,ETHUSDT,BINANCE,TRADE,1903.72,0.0053
2026-07-30 13:38:05,ETHUSDT,BINANCE,TRADE,1903.73,0.0028
2026-07-30 13:38:05,ETHUSDT,BINANCE,TRADE,1903.73,0.0027
2026-07-30 13:38:05,ETHUSDT,BINANCE,TRADE,1903.74,0.0028
2026-07-30 13:38:05,ETHUSDT,BINANCE,TRADE,1903.75,0.0028
2026-07-30 13:38:05,ETHUSDT,BINANCE,TRADE,1903.76,0.0028
2026-07-30 13:38:05,ETHUSDT,BINANCE,TRADE,1903.77,0.0033
2026-07-30 13:38:05,ETHUSDT,BINANCE,TRADE,1903.77,0.0027
2026-07-30 13:38:05,ETHUSDT,BINANCE,TRADE,1903.77,0.0028
2026-07-30 13:38:05,ETHUSDT,BINANCE,TRADE,1903.77,0.0027
2026-07-30 13:38:05,ETHUSDT,BINANCE,TRADE,1903.78,0.0028
2026-07-30 13:38:05,ETHUSDT,BINANCE,TRADE,1903.78,0.0028
2026-07-30 13:38:05,ETHUSDT,BINANCE,TRADE,1903.78,0.0028
2026-07-30 13:38:05,ETHUSDT,BINANCE,TRADE,1903.78,0.0028
2026-07-30 13:38:05,BTCUSDT,BINANCE,TRADE,64028.1,8e-05
2026-07-30 13:38:05,BTCUSDT,BINANCE,TRADE,64028.1,8e-05
2026-07-30 13:38:05,BTCUSDT,BINANCE,TRADE,64028.1,8e-05
2026-07-30 13:38:05,BTCUSDT,BINANCE,TRADE,64028.1,8e-05
2026-07-30 13:38:05,BTCUSDT,BINANCE,TRADE,64028.1,8e-05
2026-07-30 13:38:05,BTCUSDT,BINANCE,TRADE,64028.1,8e-05
2026-07-30 13:38:05,BTCUSDT,BINANCE,TRADE,64028.1,8e-05
2026-07-30 13:38:05,BTCUSDT,BINANCE,TRADE,64028.1,8e-05
2026-07-30 13:38:05,BTCUSDT,BINANCE,TRADE,64028.1,8e-05
2026-07-30 13:38:05,BTCUSDT,BINANCE,TRADE,64028.1,9e-05
2026-07-30 13:38:05,BTCUSDT,BINANCE,TRADE,64028.1,8e-05
2026-07-30 13:38:05,BTCUSDT,BINANCE,TRADE,64028.1,8e-05
2026-07-30 13:38:05,BTCUSDT,BINANCE,TRADE,64028.1,0.03123
2026-07-30 13:38:05,BTCUSDT,BINANCE,TRADE,64028.1,0.00062
2026-07-30 13:38:05,BTCUSDT,BINANCE,TRADE,64028.1,0.00062
2026-07-30 13:38:05,BTCUSDT,BINANCE,TRADE,64028.1,0.00062
2026-07-30 13:38:05,BTCUSDT,BINANCE,TRADE,64028.1,0.00062
2026-07-30 13:38:05,BTCUSDT,BINANCE,TRADE,64028.1,9e-05
2026-07-30 13:38:05,BTCUSDT,BINANCE,TRADE,64028.1,9e-05
2026-07-30 13:38:05,BTCUSDT,BINANCE,TRADE,64028.1,0.07809
2026-07-30 13:38:05,BTCUSDT,BINANCE,TRADE,64028.1,0.00016
2026-07-30 13:38:05,BTCUSDT,BINANCE,TRADE,64028.1,0.00067
2026-07-30 13:38:05,BTCUSDT,BINANCE,TRADE,64028.1,0.00017
2026-07-30 13:38:05,BTCUSDT,BINANCE,TRADE,64028.1,8e-05
2026-07-30 13:38:05,BTCUSDT,BINANCE,TRADE,64028.1,8e-05
2026-07-30 13:38:05,BTCUSDT,BINANCE,TRADE,64028.1,8e-05
2026-07-30 13:38:05,BTCUSDT,BINANCE,TRADE,64028.1,9e-05
2026-07-30 13:38:05,BTCUSDT,BINANCE,TRADE,64028.1,9e-05
2026-07-30 13:38:05,BTCUSDT,BINANCE,TRADE,64028.1,8e-05
2026-07-30 13:38:05,BTCUSDT,BINANCE,TRADE,64028.1,8e-05
2026-07-30 13:38:05,BTCUSDT,BINANCE,TRADE,64028.1,8e-05
2026-07-30 13:38:05,BTCUSDT,BINANCE,TRADE,64028.1,8e-05
2026-07-30 13:38:05,BTCUSDT,BINANCE,TRADE,64028.1,0.00016
2026-07-30 13:38:05,BTCUSDT,BINANCE,TRADE,64028.1,0.00016
2026-07-30 13:38:05,BTCUSDT,BINANCE,TRADE,64029.3,9e-05
2026-07-30 13:38:05,BTCUSDT,BINANCE,TRADE,64029.3,9e-05
2026-07-30 13:38:05,BTCUSDT,BINANCE,TRADE,64029.3,8e-05
2026-07-30 13:38:05,BTCUSDT,BINANCE,TRADE,64029.3,8e-05
2026-07-30 13:38:05,BTCUSDT,BINANCE,TRADE,64029.3,8e-05
2026-07-30 13:38:05,BTCUSDT,BINANCE,TRADE,64029.3,8e-05
2026-07-30 13:38:05,BTCUSDT,BINANCE,TRADE,64029.3,8e-05
2026-07-30 13:38:05,BTCUSDT,BINANCE,TRADE,64029.3,8e-05
2026-07-30 13:38:05,BTCUSDT,BINANCE,TRADE,64029.3,8e-05
2026-07-30 13:38:05,BTCUSDT,BINANCE,TRADE,64029.3,8e-05
2026-07-30 13:38:05,BTCUSDT,BINANCE,TRADE,64029.3,8e-05
2026-07-30 13:38:05,BTCUSDT,BINANCE,TRADE,64029.3,8e-05
2026-07-30 13:38:05,BTCUSDT,BINANCE,TRADE,64029.3,8e-05
2026-07-30 13:38:05,BTCUSDT,BINANCE,TRADE,64029.3,8e-05
2026-07-30 13:38:05,BTCUSDT,BINANCE,TRADE,64029.3,9e-05
2026-07-30 13:38:05,BTCUSDT,BINANCE,TRADE,64029.3,0.00077
2026-07-30 13:38:05,BTCUSDT,BINANCE,TRADE,64029.3,0.00109
2026-07-30 13:38:05,BTCUSDT,BINANCE,TRADE,64029.3,0.0001
2026-07-30 13:38:05,ETHUSDT,BINANCE,TRADE,1903.79,0.0028
2026-07-30 13:38:05,ETHUSDT,BINANCE,TRADE,1903.79,0.0027
2026-07-30 13:38:05,ETHUSDT,BINANCE,TRADE,1903.79,0.2153
2026-07-30 13:38:05,BTCUSDT,BINANCE,TRADE,64029.3,9e-05
2026-07-30 13:38:05,BTCUSDT,BINANCE,TRADE,64029.3,0.00138
2026-07-30 13:38:05,BTCUSDT,BINANCE,TRADE,64029.3,0.02108
2026-07-30 13:38:05,BTCUSDT,BINANCE,TRADE,64029.3,9e-05
2026-07-30 13:38:05,BTCUSDT,BINANCE,TRADE,64029.3,9e-05
2026-07-30 13:38:05,BTCUSDT,BINANCE,TRADE,64029.3,8e-05
2026-07-30 13:38:05,BTCUSDT,BINANCE,TRADE,64029.3,8e-05
2026-07-30 13:38:05,BTCUSDT,BINANCE,TRADE,64029.3,8e-05
2026-07-30 13:38:05,BTCUSDT,BINANCE,TRADE,64029.3,8e-05
2026-07-30 13:38:05,BTCUSDT,BINANCE,TRADE,64029.3,8e-05
2026-07-30 13:38:05,BTCUSDT,BINANCE,TRADE,64029.3,8e-05
2026-07-30 13:38:05,BTCUSDT,BINANCE,TRADE,64029.3,8e-05
2026-07-30 13:38:05,BTCUSDT,BINANCE,TRADE,64029.3,8e-05
2026-07-30 13:38:05,BTCUSDT,BINANCE,TRADE,64029.3,8e-05
2026-07-30 13:38:05,BTCUSDT,BINANCE,TRADE,64029.3,8e-05
2026-07-30 13:38:05,BTCUSDT,BINANCE,TRADE,64029.3,8e-05
2026-07-30 13:38:05,BTCUSDT,BINANCE,TRADE,64029.3,8e-05
2026-07-30 13:38:05,BTCUSDT,BINANCE,TRADE,64029.3,8e-05
2026-07-30 13:38:05,BTCUSDT,BINANCE,TRADE,64029.3,8e-05
2026-07-30 13:38:05,BTCUSDT,BINANCE,TRADE,64029.3,8e-05
2026-07-30 13:38:05,BTCUSDT,BINANCE,TRADE,64029.3,8e-05
2026-07-30 13:38:05,BTCUSDT,BINANCE,TRADE,64029.3,8e-05
2026-07-30 13:38:05,BTCUSDT,BINANCE,TRADE,64029.3,8e-05
2026-07-30 13:38:05,BTCUSDT,BINANCE,TRADE,64029.3,9e-05
2026-07-30 13:38:05,BTCUSDT,BINANCE,TRADE,64029.3,8e-05
2026-07-30 13:38:05,BTCUSDT,BINANCE,TRADE,64029.3,8e-05
2026-07-30 13:38:05,BTCUSDT,BINANCE,TRADE,64029.3,8e-05
2026-07-30 13:38:05,BTCUSDT,BINANCE,TRADE,64029.3,8e-05
2026-07-30 13:38:05,BTCUSDT,BINANCE,TRADE,64029.3,8e-05
2026-07-30 13:38:05,BTCUSDT,BINANCE,TRADE,64029.3,8e-05
2026-07-30 13:38:05,BTCUSDT,BINANCE,TRADE,64029.3,9e-05
2026-07-30 13:38:05,BTCUSDT,BINANCE,TRADE,64029.3,9e-05
2026-07-30 13:38:05,BTCUSDT,BINANCE,TRADE,64029.3,8e-05
2026-07-30 13:38:05,BTCUSDT,BINANCE,TRADE,64029.7,0.00024
2026-07-30 13:38:05,BTCUSDT,BINANCE,TRADE,64029.7,8e-05
2026-07-30 13:38:05,BTCUSDT,BINANCE,TRADE,64029.9,9e-05
2026-07-30 13:38:05,BTCUSDT,BINANCE,TRADE,64030,9e-05
2026-07-30 13:38:05,BTCUSDT,BINANCE,TRADE,64030,9e-05
2026-07-30 13:38:05,BTCUSDT,BINANCE,TRADE,64030,9e-05
2026-07-30 13:38:05,BTCUSDT,BINANCE,TRADE,64030,0.005
2026-07-30 13:38:05,BTCUSDT,BINANCE,TRADE,64030,0.008
2026-07-30 13:38:05,BTCUSDT,BINANCE,TRADE,64030,0.006
2026-07-30 13:38:05,BTCUSDT,BINANCE,TRADE,64030,0.005
2026-07-30 13:38:05,BTCUSDT,BINANCE,TRADE,64030,0.00512
2026-07-30 13:38:05,SOLUSDT,BINANCE,TRADE,73.41,0.072
2026-07-30 13:38:05,SOLUSDT,BINANCE,TRADE,73.41,0.277
2026-07-30 13:38:05,SOLUSDT,BINANCE,TRADE,73.41,0.072
2026-07-30 13:38:05,SOLUSDT,BINANCE,TRADE,73.41,32.44
2026-07-30 13:38:05,SOLUSDT,BINANCE,TRADE,73.41,0.069
2026-07-30 13:38:05,SOLUSDT,BINANCE,TRADE,73.41,0.075
2026-07-30 13:38:05,SOLUSDT,BINANCE,TRADE,73.41,0.137
2026-07-30 13:38:05,SOLUSDT,BINANCE,TRADE,73.41,0.072
2026-07-30 13:38:05,SOLUSDT,BINANCE,TRADE,73.41,0.072
2026-07-30 13:38:05,SOLUSDT,BINANCE,TRADE,73.41,0.072
2026-07-30 13:38:05,SOLUSDT,BINANCE,TRADE,73.41,0.072
2026-07-30 13:38:05,SOLUSDT,BINANCE,TRADE,73.41,0.072
2026-07-30 13:38:05,SOLUSDT,BINANCE,TRADE,73.41,0.072
2026-07-30 13:38:05,SOLUSDT,BINANCE,TRADE,73.41,0.072
2026-07-30 13:38:05,SOLUSDT,BINANCE,TRADE,73.41,0.072
2026-07-30 13:38:05,SOLUSDT,BINANCE,TRADE,73.41,0.241
2026-07-30 13:38:05,SOLUSDT,BINANCE,TRADE,73.41,8
2026-07-30 13:38:05,SOLUSDT,BINANCE,TRADE,73.41,0.913
2026-07-30 13:38:05,SOLUSDT,BINANCE,TRADE,73.41,0.072
2026-07-30 13:38:05,SOLUSDT,BINANCE,TRADE,73.41,0.072
2026-07-30 13:38:05,SOLUSDT,BINANCE,TRADE,73.41,0.072
2026-07-30 13:38:05,BTCUSDT,BINANCE,TRADE,64030,0.00269
2026-07-30 13:38:05,BTCUSDT,BINANCE,TRADE,64030,0.01
2026-07-30 13:38:05,BTCUSDT,BINANCE,TRADE,64030,9e-05
2026-07-30 13:38:05,BTCUSDT,BINANCE,TRADE,64030,9e-05
2026-07-30 13:38:05,ETHUSDT,BINANCE,TRADE,1903.79,0.0027
2026-07-30 13:38:05,ETHUSDT,BINANCE,TRADE,1903.79,0.0032
2026-07-30 13:38:05,ETHUSDT,BINANCE,TRADE,1903.79,0.0032
2026-07-30 13:38:05,ETHUSDT,BINANCE,TRADE,1903.79,0.0032
2026-07-30 13:38:05,ETHUSDT,BINANCE,TRADE,1903.79,0.0053
2026-07-30 13:38:05,ETHUSDT,BINANCE,TRADE,1903.79,0.0027
2026-07-30 13:38:05,ETHUSDT,BINANCE,TRADE,1903.79,0.0028
2026-07-30 13:38:05,ETHUSDT,BINANCE,TRADE,1903.79,0.0027
2026-07-30 13:38:05,ETHUSDT,BINANCE,TRADE,1903.79,0.0028
2026-07-30 13:38:05,ETHUSDT,BINANCE,TRADE,1903.79,0.0027
2026-07-30 13:38:05,ETHUSDT,BINANCE,TRADE,1903.8,0.003
2026-07-30 13:38:05,ETHUSDT,BINANCE,TRADE,1903.8,0.0028
2026-07-30 13:38:05,ETHUSDT,BINANCE,TRADE,1903.8,0.0027
2026-07-30 13:38:05,ETHUSDT,BINANCE,TRADE,1903.8,0.0053
2026-07-30 13:38:05,ETHUSDT,BINANCE,TRADE,1903.81,0.0028
2026-07-30 13:38:05,ETHUSDT,BINANCE,TRADE,1903.81,0.0053
2026-07-30 13:38:05,ETHUSDT,BINANCE,TRADE,1903.81,0.0028
2026-07-30 13:38:05,ETHUSDT,BINANCE,TRADE,1903.81,0.0028
2026-07-30 13:38:05,ETHUSDT,BINANCE,TRADE,1903.81,0.1412
2026-07-30 13:38:05,BTCUSDT,BINANCE,TRADE,64030,8e-05
2026-07-30 13:38:05,BTCUSDT,BINANCE,TRADE,64030,8e-05
2026-07-30 13:38:05,BTCUSDT,BINANCE,TRADE,64030,8e-05
2026-07-30 13:38:05,BTCUSDT,BINANCE,TRADE,64030,8e-05
2026-07-30 13:38:05,BTCUSDT,BINANCE,TRADE,64030,8e-05
2026-07-30 13:38:05,BTCUSDT,BINANCE,TRADE,64030,8e-05
2026-07-30 13:38:05,BTCUSDT,BINANCE,TRADE,64030,8e-05
2026-07-30 13:38:05,BTCUSDT,BINANCE,TRADE,64030,8e-05
2026-07-30 13:38:05,BTCUSDT,BINANCE,TRADE,64030,8e-05
2026-07-30 13:38:05,BTCUSDT,BINANCE,TRADE,64030,8e-05
2026-07-30 13:38:05,BTCUSDT,BINANCE,TRADE,64030,8e-05
2026-07-30 13:38:05,BTCUSDT,BINANCE,TRADE,64030,8e-05
2026-07-30 13:38:05,BTCUSDT,BINANCE,TRADE,64030,8e-05
2026-07-30 13:38:05,BTCUSDT,BINANCE,TRADE,64030,8e-05
2026-07-30 13:38:05,BTCUSDT,BINANCE,TRADE,64030,8e-05
2026-07-30 13:38:05,BTCUSDT,BINANCE,TRADE,64030,8e-05
2026-07-30 13:38:05,BTCUSDT,BINANCE,TRADE,64030,8e-05
2026-07-30 13:38:05,BTCUSDT,BINANCE,TRADE,64030,9e-05
2026-07-30 13:38:05,BTCUSDT,BINANCE,TRADE,64030.1,0.0025
2026-07-30 13:38:05,BTCUSDT,BINANCE,TRADE,64030.3,0.00012
2026-07-30 13:38:05,BTCUSDT,BINANCE,TRADE,64031.2,8e-05
2026-07-30 13:38:05,BTCUSDT,BINANCE,TRADE,64032,9e-05
2026-07-30 13:38:05,BTCUSDT,BINANCE,TRADE,64032,9e-05
2026-07-30 13:38:05,BTCUSDT,BINANCE,TRADE,64032,9e-05
2026-07-30 13:38:05,BTCUSDT,BINANCE,TRADE,64032,0.002
2026-07-30 13:38:05,ETHUSDT,BINANCE,TRADE,1903.81,0.0027
2026-07-30 13:38:05,ETHUSDT,BINANCE,TRADE,1903.81,0.0032
2026-07-30 13:38:05,ETHUSDT,BINANCE,TRADE,1903.81,0.0028
2026-07-30 13:38:05,ETHUSDT,BINANCE,TRADE,1903.81,0.0053
2026-07-30 13:38:05,ETHUSDT,BINANCE,TRADE,1903.81,0.0027
2026-07-30 13:38:05,ETHUSDT,BINANCE,TRADE,1903.81,0.0032
2026-07-30 13:38:05,ETHUSDT,BINANCE,TRADE,1903.81,0.0032
2026-07-30 13:38:05,ETHUSDT,BINANCE,TRADE,1903.81,0.0027
2026-07-30 13:38:05,ETHUSDT,BINANCE,TRADE,1903.82,0.0028
2026-07-30 13:38:05,ETHUSDT,BINANCE,TRADE,1903.82,0.0053
2026-07-30 13:38:05,ETHUSDT,BINANCE,TRADE,1903.82,0.0027
2026-07-30 13:38:05,ETHUSDT,BINANCE,TRADE,1903.84,0.0027
2026-07-30 13:38:05,ETHUSDT,BINANCE,TRADE,1903.84,0.0028
2026-07-30 13:38:05,ETHUSDT,BINANCE,TRADE,1903.85,0.0095
2026-07-30 13:38:05,ETHUSDT,BINANCE,TRADE,1903.85,0.0028
2026-07-30 13:38:05,BTCUSDT,BINANCE,TRADE,64032,0.002
2026-07-30 13:38:05,ETHUSDT,BINANCE,TRADE,1903.86,0.0028
2026-07-30 13:38:05,ETHUSDT,BINANCE,TRADE,1903.86,0.0032
2026-07-30 13:38:05,ETHUSDT,BINANCE,TRADE,1903.86,0.0032
2026-07-30 13:38:05,ETHUSDT,BINANCE,TRADE,1903.86,0.0032
2026-07-30 13:38:05,ETHUSDT,BINANCE,TRADE,1903.86,0.0027
2026-07-30 13:38:05,ETHUSDT,BINANCE,TRADE,1903.86,0.0027
2026-07-30 13:38:05,ETHUSDT,BINANCE,TRADE,1903.86,0.0027
2026-07-30 13:38:05,ETHUSDT,BINANCE,TRADE,1903.86,0.0028
2026-07-30 13:38:05,ETHUSDT,BINANCE,TRADE,1903.86,0.0027
2026-07-30 13:38:05,BTCUSDT,BINANCE,TRADE,64032,0.00029
2026-07-30 13:38:05,BTCUSDT,BINANCE,TRADE,64032,0.00065
2026-07-30 13:38:05,ETHUSDT,BINANCE,TRADE,1903.87,0.0027
2026-07-30 13:38:05,ETHUSDT,BINANCE,TRADE,1903.87,0.0027
2026-07-30 13:38:05,ETHUSDT,BINANCE,TRADE,1903.87,0.0027
2026-07-30 13:38:05,ETHUSDT,BINANCE,TRADE,1903.87,0.0028
2026-07-30 13:38:05,ETHUSDT,BINANCE,TRADE,1903.87,0.0027
2026-07-30 13:38:05,ETHUSDT,BINANCE,TRADE,1903.87,0.0032
2026-07-30 13:38:05,ETHUSDT,BINANCE,TRADE,1903.87,0.0032
2026-07-30 13:38:05,ETHUSDT,BINANCE,TRADE,1903.87,0.0032
2026-07-30 13:38:05,ETHUSDT,BINANCE,TRADE,1903.87,0.0027
2026-07-30 13:38:05,ETHUSDT,BINANCE,TRADE,1903.87,0.0027
2026-07-30 13:38:05,ETHUSDT,BINANCE,TRADE,1903.87,0.0028
2026-07-30 13:38:05,ETHUSDT,BINANCE,TRADE,1903.87,0.0027
2026-07-30 13:38:05,ETHUSDT,BINANCE,TRADE,1903.88,0.0027
2026-07-30 13:38:05,ETHUSDT,BINANCE,TRADE,1903.88,0.0027
2026-07-30 13:38:05,BTCUSDT,BINANCE,TRADE,64032,0.00335
2026-07-30 13:38:05,BTCUSDT,BINANCE,TRADE,64032,0.006
2026-07-30 13:38:05,BTCUSDT,BINANCE,TRADE,64032,0.005
2026-07-30 13:38:05,BTCUSDT,BINANCE,TRADE,64032,0.005
2026-07-30 13:38:05,BTCUSDT,BINANCE,TRADE,64032,9e-05
2026-07-30 13:38:05,BTCUSDT,BINANCE,TRADE,64032,8e-05
2026-07-30 13:38:05,BTCUSDT,BINANCE,TRADE,64032,8e-05
2026-07-30 13:38:05,BTCUSDT,BINANCE,TRADE,64032,8e-05
2026-07-30 13:38:05,BTCUSDT,BINANCE,TRADE,64032,8e-05
2026-07-30 13:38:05,BTCUSDT,BINANCE,TRADE,64032,8e-05
2026-07-30 13:38:05,BTCUSDT,BINANCE,TRADE,64032,8e-05
2026-07-30 13:38:05,BTCUSDT,BINANCE,TRADE,64032,9e-05
2026-07-30 13:38:05,BTCUSDT,BINANCE,TRADE,64032,8e-05
2026-07-30 13:38:05,BTCUSDT,BINANCE,TRADE,64032,8e-05
2026-07-30 13:38:05,BTCUSDT,BINANCE,TRADE,64032,8e-05
2026-07-30 13:38:05,BTCUSDT,BINANCE,TRADE,64032,8e-05
2026-07-30 13:38:05,BTCUSDT,BINANCE,TRADE,64032,9e-05
2026-07-30 13:38:05,BTCUSDT,BINANCE,TRADE,64032,8e-05
2026-07-30 13:38:05,BTCUSDT,BINANCE,TRADE,64032,9e-05
2026-07-30 13:38:05,BTCUSDT,BINANCE,TRADE,64032,9e-05
2026-07-30 13:38:05,BTCUSDT,BINANCE,TRADE,64032,8e-05
2026-07-30 13:38:05,BTCUSDT,BINANCE,TRADE,64032,8e-05
2026-07-30 13:38:05,BTCUSDT,BINANCE,TRADE,64032,9e-05
2026-07-30 13:38:05,BTCUSDT,BINANCE,TRADE,64032,8e-05
2026-07-30 13:38:05,BTCUSDT,BINANCE,TRADE,64032,8e-05
2026-07-30 13:38:05,BTCUSDT,BINANCE,TRADE,64032,8e-05
2026-07-30 13:38:05,BTCUSDT,BINANCE,TRADE,64032,8e-05
2026-07-30 13:38:05,BTCUSDT,BINANCE,TRADE,64032,8e-05
2026-07-30 13:38:05,BTCUSDT,BINANCE,TRADE,64032.9,8e-05
2026-07-30 13:38:05,BTCUSDT,BINANCE,TRADE,64033.1,9e-05
2026-07-30 13:38:05,BTCUSDT,BINANCE,TRADE,64033.1,9e-05
2026-07-30 13:38:05,BTCUSDT,BINANCE,TRADE,64033.1,9e-05
2026-07-30 13:38:05,BTCUSDT,BINANCE,TRADE,64033.1,9e-05
2026-07-30 13:38:05,BTCUSDT,BINANCE,TRADE,64033.1,0.00234
2026-07-30 13:38:05,BTCUSDT,BINANCE,TRADE,64033.1,0.02108
2026-07-30 13:38:05,BTCUSDT,BINANCE,TRADE,64033.1,9e-05
2026-07-30 13:38:05,BTCUSDT,BINANCE,TRADE,64033.1,9e-05
2026-07-30 13:38:05,BTCUSDT,BINANCE,TRADE,64033.3,8e-05
2026-07-30 13:38:05,BTCUSDT,BINANCE,TRADE,64034,0.005
2026-07-30 13:38:05,BTCUSDT,BINANCE,TRADE,64034,0.008
2026-07-30 13:38:05,BTCUSDT,BINANCE,TRADE,64034,0.006
2026-07-30 13:38:05,BTCUSDT,BINANCE,TRADE,64034,0.005
2026-07-30 13:38:05,BTCUSDT,BINANCE,TRADE,64034,9e-05
2026-07-30 13:38:05,BTCUSDT,BINANCE,TRADE,64034,9e-05
2026-07-30 13:38:05,BTCUSDT,BINANCE,TRADE,64034,8e-05
2026-07-30 13:38:05,BTCUSDT,BINANCE,TRADE,64034,8e-05
2026-07-30 13:38:05,BTCUSDT,BINANCE,TRADE,64034,8e-05
2026-07-30 13:38:05,BTCUSDT,BINANCE,TRADE,64034,8e-05
2026-07-30 13:38:05,BTCUSDT,BINANCE,TRADE,64034,8e-05
2026-07-30 13:38:05,BTCUSDT,BINANCE,TRADE,64034,8e-05
2026-07-30 13:38:05,BTCUSDT,BINANCE,TRADE,64034,8e-05
2026-07-30 13:38:05,BTCUSDT,BINANCE,TRADE,64034,8e-05
2026-07-30 13:38:05,BTCUSDT,BINANCE,TRADE,64034,8e-05
2026-07-30 13:38:05,BTCUSDT,BINANCE,TRADE,64034,9e-05
2026-07-30 13:38:05,BTCUSDT,BINANCE,TRADE,64034,8e-05
2026-07-30 13:38:05,BTCUSDT,BINANCE,TRADE,64034,2e-05
2026-07-30 13:38:05,BTCUSDT,BINANCE,TRADE,64034,8e-05
2026-07-30 13:38:05,BTCUSDT,BINANCE,TRADE,64034,8e-05
2026-07-30 13:38:05,BTCUSDT,BINANCE,TRADE,64034,8e-05
2026-07-30 13:38:05,BTCUSDT,BINANCE,TRADE,64034,8e-05
2026-07-30 13:38:05,BTCUSDT,BINANCE,TRADE,64034,7e-05
2026-07-30 13:38:05,BTCUSDT,BINANCE,TRADE,64034,8e-05
2026-07-30 13:38:05,BTCUSDT,BINANCE,TRADE,64034,8e-05
2026-07-30 13:38:05,BTCUSDT,BINANCE,TRADE,64035,0.002
2026-07-30 13:38:05,BTCUSDT,BINANCE,TRADE,64035,0.00205
2026-07-30 13:38:05,BTCUSDT,BINANCE,TRADE,64035,0.002
2026-07-30 13:38:05,BTCUSDT,BINANCE,TRADE,64035,0.0033
2026-07-30 13:38:05,BTCUSDT,BINANCE,TRADE,64035,9e-05
2026-07-30 13:38:05,BTCUSDT,BINANCE,TRADE,64035,9e-05
2026-07-30 13:38:05,BTCUSDT,BINANCE,TRADE,64035,0.00064
2026-07-30 13:38:05,BTCUSDT,BINANCE,TRADE,64035,8e-05
2026-07-30 13:38:05,BTCUSDT,BINANCE,TRADE,64035,8e-05
2026-07-30 13:38:05,BTCUSDT,BINANCE,TRADE,64035,8e-05
2026-07-30 13:38:05,BTCUSDT,BINANCE,TRADE,64035,8e-05
2026-07-30 13:38:05,BTCUSDT,BINANCE,TRADE,64035,8e-05
2026-07-30 13:38:05,BTCUSDT,BINANCE,TRADE,64035,8e-05
2026-07-30 13:38:05,BTCUSDT,BINANCE,TRADE,64035,8e-05
2026-07-30 13:38:05,BTCUSDT,BINANCE,TRADE,64035,8e-05
2026-07-30 13:38:05,BTCUSDT,BINANCE,TRADE,64035,8e-05
2026-07-30 13:38:05,BTCUSDT,BINANCE,TRADE,64035,8e-05
2026-07-30 13:38:05,BTCUSDT,BINANCE,TRADE,64035,8e-05
2026-07-30 13:38:05,BTCUSDT,BINANCE,TRADE,64035,8e-05
2026-07-30 13:38:05,BTCUSDT,BINANCE,TRADE,64035,9e-05
2026-07-30 13:38:05,BTCUSDT,BINANCE,TRADE,64035,9e-05
2026-07-30 13:38:05,BTCUSDT,BINANCE,TRADE,64035,9e-05
2026-07-30 13:38:05,BTCUSDT,BINANCE,TRADE,64035,8e-05
2026-07-30 13:38:05,BTCUSDT,BINANCE,TRADE,64035,8e-05
2026-07-30 13:38:05,BTCUSDT,BINANCE,TRADE,64035,8e-05
2026-07-30 13:38:05,BTCUSDT,BINANCE,TRADE,64035,8e-05
2026-07-30 13:38:05,BTCUSDT,BINANCE,TRADE,64035,8e-05
2026-07-30 13:38:05,BTCUSDT,BINANCE,TRADE,64035,8e-05
2026-07-30 13:38:05,BTCUSDT,BINANCE,TRADE,64035,8e-05
2026-07-30 13:38:05,BTCUSDT,BINANCE,TRADE,64035,8e-05
2026-07-30 13:38:05,BTCUSDT,BINANCE,TRADE,64035.1,0.00157
2026-07-30 13:38:05,BTCUSDT,BINANCE,TRADE,64035.1,9e-05
2026-07-30 13:38:05,BTCUSDT,BINANCE,TRADE,64035.1,9e-05
2026-07-30 13:38:05,BTCUSDT,BINANCE,TRADE,64035.1,8e-05
2026-07-30 13:38:05,BTCUSDT,BINANCE,TRADE,64035.2,9e-05
2026-07-30 13:38:05,BTCUSDT,BINANCE,TRADE,64035.2,9e-05
2026-07-30 13:38:05,BTCUSDT,BINANCE,TRADE,64035.7,9e-05
2026-07-30 13:38:05,BTCUSDT,BINANCE,TRADE,64035.7,9e-05
2026-07-30 13:38:05,BTCUSDT,BINANCE,TRADE,64036,0.0013
2026-07-30 13:38:05,BTCUSDT,BINANCE,TRADE,64036,8e-05
2026-07-30 13:38:05,BTCUSDT,BINANCE,TRADE,64036,0.008
2026-07-30 13:38:05,BTCUSDT,BINANCE,TRADE,64036,0.006
2026-07-30 13:38:05,BTCUSDT,BINANCE,TRADE,64036,0.005
2026-07-30 13:38:05,BTCUSDT,BINANCE,TRADE,64036,0.005
2026-07-30 13:38:05,BTCUSDT,BINANCE,TRADE,64036,0.00866
2026-07-30 13:38:05,BTCUSDT,BINANCE,TRADE,64036,9e-05
2026-07-30 13:38:05,BTCUSDT,BINANCE,TRADE,64036,8e-05
2026-07-30 13:38:05,BTCUSDT,BINANCE,TRADE,64036,8e-05
2026-07-30 13:38:05,BTCUSDT,BINANCE,TRADE,64036,8e-05
2026-07-30 13:38:05,BTCUSDT,BINANCE,TRADE,64036,0.0006
2026-07-30 13:38:05,BTCUSDT,BINANCE,TRADE,64036,8e-05
2026-07-30 13:38:05,BTCUSDT,BINANCE,TRADE,64036,8e-05
2026-07-30 13:38:05,BTCUSDT,BINANCE,TRADE,64036,8e-05
2026-07-30 13:38:05,BTCUSDT,BINANCE,TRADE,64036,8e-05
2026-07-30 13:38:05,BTCUSDT,BINANCE,TRADE,64036,8e-05
2026-07-30 13:38:05,BTCUSDT,BINANCE,TRADE,64036,8e-05
2026-07-30 13:38:05,BTCUSDT,BINANCE,TRADE,64036,8e-05
2026-07-30 13:38:05,BTCUSDT,BINANCE,TRADE,64036,8e-05
2026-07-30 13:38:05,BTCUSDT,BINANCE,TRADE,64036,8e-05
2026-07-30 13:38:05,BTCUSDT,BINANCE,TRADE,64036,9e-05
2026-07-30 13:38:05,BTCUSDT,BINANCE,TRADE,64036,9e-05
2026-07-30 13:38:05,BTCUSDT,BINANCE,TRADE,64036,9e-05
2026-07-30 13:38:05,BTCUSDT,BINANCE,TRADE,64036,8e-05
2026-07-30 13:38:05,BTCUSDT,BINANCE,TRADE,64036,8e-05
2026-07-30 13:38:05,BTCUSDT,BINANCE,TRADE,64036,8e-05
2026-07-30 13:38:05,BTCUSDT,BINANCE,TRADE,64036,8e-05
2026-07-30 13:38:05,BTCUSDT,BINANCE,TRADE,64036,8e-05
2026-07-30 13:38:05,BTCUSDT,BINANCE,TRADE,64036,8e-05
2026-07-30 13:38:05,BTCUSDT,BINANCE,TRADE,64036,8e-05
2026-07-30 13:38:05,BTCUSDT,BINANCE,TRADE,64036.1,0.00234
2026-07-30 13:38:05,BTCUSDT,BINANCE,TRADE,64036.1,9e-05
2026-07-30 13:38:05,BTCUSDT,BINANCE,TRADE,64036.1,9e-05
2026-07-30 13:38:05,BTCUSDT,BINANCE,TRADE,64036.1,9e-05
2026-07-30 13:38:05,BTCUSDT,BINANCE,TRADE,64036.1,0.02108
2026-07-30 13:38:05,BTCUSDT,BINANCE,TRADE,64036.1,9e-05
2026-07-30 13:38:05,BTCUSDT,BINANCE,TRADE,64036.1,9e-05
2026-07-30 13:38:05,BTCUSDT,BINANCE,TRADE,64036.1,9e-05
2026-07-30 13:38:05,BTCUSDT,BINANCE,TRADE,64036.1,0.15303
2026-07-30 13:38:05,BTCUSDT,BINANCE,TRADE,64036.1,9e-05
2026-07-30 13:38:05,BTCUSDT,BINANCE,TRADE,64036.1,9e-05
2026-07-30 13:38:05,BTCUSDT,BINANCE,TRADE,64036.1,9e-05
2026-07-30 13:38:05,BTCUSDT,BINANCE,TRADE,64036.1,9e-05
2026-07-30 13:38:05,BTCUSDT,BINANCE,TRADE,64036.1,9e-05
2026-07-30 13:38:05,BTCUSDT,BINANCE,TRADE,64036.1,8e-05
2026-07-30 13:38:05,BTCUSDT,BINANCE,TRADE,64036.1,0.01561
2026-07-30 13:38:05,BTCUSDT,BINANCE,TRADE,64036.2,0.00015
2026-07-30 13:38:05,BTCUSDT,BINANCE,TRADE,64036.2,9e-05
2026-07-30 13:38:05,BTCUSDT,BINANCE,TRADE,64036.2,0.00024
2026-07-30 13:38:05,BTCUSDT,BINANCE,TRADE,64036.3,9e-05
2026-07-30 13:38:05,BTCUSDT,BINANCE,TRADE,64036.6,8e-05
2026-07-30 13:38:05,BTCUSDT,BINANCE,TRADE,64036.7,0.00012
2026-07-30 13:38:05,BTCUSDT,BINANCE,TRADE,64038,9e-05
2026-07-30 13:38:05,BTCUSDT,BINANCE,TRADE,64038,9e-05
2026-07-30 13:38:05,BTCUSDT,BINANCE,TRADE,64038,9e-05
2026-07-30 13:38:05,BTCUSDT,BINANCE,TRADE,64038,0.008
2026-07-30 13:38:05,BTCUSDT,BINANCE,TRADE,64038,0.006
2026-07-30 13:38:05,BTCUSDT,BINANCE,TRADE,64038,0.005
2026-07-30 13:38:05,BTCUSDT,BINANCE,TRADE,64038,0.005
2026-07-30 13:38:05,BTCUSDT,BINANCE,TRADE,64038.2,8e-05
2026-07-30 13:38:05,BTCUSDT,BINANCE,TRADE,64038.4,9e-05
2026-07-30 13:38:05,BTCUSDT,BINANCE,TRADE,64039,0.00046
2026-07-30 13:38:05,BTCUSDT,BINANCE,TRADE,64039.4,8e-05
2026-07-30 13:38:05,BTCUSDT,BINANCE,TRADE,64039.5,9e-05
2026-07-30 13:38:05,BTCUSDT,BINANCE,TRADE,64040,9e-05
2026-07-30 13:38:05,BTCUSDT,BINANCE,TRADE,64040,0.005
2026-07-30 13:38:05,BTCUSDT,BINANCE,TRADE,64040,0.008
2026-07-30 13:38:05,BTCUSDT,BINANCE,TRADE,64040,0.005
2026-07-30 13:38:05,BTCUSDT,BINANCE,TRADE,64040,0.006
2026-07-30 13:38:05,BTCUSDT,BINANCE,TRADE,64040,0.01
2026-07-30 13:38:05,BTCUSDT,BINANCE,TRADE,64040.3,8e-05
2026-07-30 13:38:05,BTCUSDT,BINANCE,TRADE,64041.1,8e-05
2026-07-30 13:38:05,BTCUSDT,BINANCE,TRADE,64041.5,8e-05
2026-07-30 13:38:05,BTCUSDT,BINANCE,TRADE,64041.8,8e-05
2026-07-30 13:38:05,BTCUSDT,BINANCE,TRADE,64042,0.005
2026-07-30 13:38:05,BTCUSDT,BINANCE,TRADE,64042,0.008
2026-07-30 13:38:05,BTCUSDT,BINANCE,TRADE,64042,0.005
2026-07-30 13:38:05,BTCUSDT,BINANCE,TRADE,64042,0.006
2026-07-30 13:38:05,BTCUSDT,BINANCE,TRADE,64042.4,8e-05
2026-07-30 13:38:05,BTCUSDT,BINANCE,TRADE,64042.4,9e-05
2026-07-30 13:38:05,BTCUSDT,BINANCE,TRADE,64042.5,0.0001
2026-07-30 13:38:05,BTCUSDT,BINANCE,TRADE,64042.6,8e-05
2026-07-30 13:38:05,BTCUSDT,BINANCE,TRADE,64042.7,0.01244
2026-07-30 13:38:05,BTCUSDT,BINANCE,TRADE,64042.7,9e-05
2026-07-30 13:38:05,BTCUSDT,BINANCE,TRADE,64042.8,9e-05
2026-07-30 13:38:05,BTCUSDT,BINANCE,TRADE,64042.8,0.00024
2026-07-30 13:38:05,BTCUSDT,BINANCE,TRADE,64042.9,0.00023
2026-07-30 13:38:05,BTCUSDT,BINANCE,TRADE,64042.9,8e-05
2026-07-30 13:38:05,BTCUSDT,BINANCE,TRADE,64042.7,9e-05
2026-07-30 13:38:05,BTCUSDT,BINANCE,TRADE,64042.7,0.00055
2026-07-30 13:38:05,BTCUSDT,BINANCE,TRADE,64042.7,9e-05
2026-07-30 13:38:05,BTCUSDT,BINANCE,TRADE,64042.7,0.00191
2026-07-30 13:38:05,ETHUSDT,BINANCE,TRADE,1903.88,0.0249
2026-07-30 13:38:05,ETHUSDT,BINANCE,TRADE,1903.89,0.0028
2026-07-30 13:38:05,ETHUSDT,BINANCE,TRADE,1903.89,0.0032
2026-07-30 13:38:05,ETHUSDT,BINANCE,TRADE,1903.89,0.0027
2026-07-30 13:38:05,ETHUSDT,BINANCE,TRADE,1903.89,0.0027
2026-07-30 13:38:05,ETHUSDT,BINANCE,TRADE,1903.89,0.0027
2026-07-30 13:38:05,ETHUSDT,BINANCE,TRADE,1903.89,0.0027
2026-07-30 13:38:05,ETHUSDT,BINANCE,TRADE,1903.89,0.0027
2026-07-30 13:38:05,ETHUSDT,BINANCE,TRADE,1903.89,0.0028
2026-07-30 13:38:05,ETHUSDT,BINANCE,TRADE,1903.89,0.0027
2026-07-30 13:38:05,ETHUSDT,BINANCE,TRADE,1903.89,0.0027
2026-07-30 13:38:05,ETHUSDT,BINANCE,TRADE,1903.89,0.0027
2026-07-30 13:38:05,ETHUSDT,BINANCE,TRADE,1903.89,0.0032
2026-07-30 13:38:05,ETHUSDT,BINANCE,TRADE,1903.89,0.0032
2026-07-30 13:38:05,ETHUSDT,BINANCE,TRADE,1903.9,0.0028
2026-07-30 13:38:05,ETHUSDT,BINANCE,TRADE,1903.9,0.0027
2026-07-30 13:38:05,ETHUSDT,BINANCE,TRADE,1903.9,0.0027
2026-07-30 13:38:05,ETHUSDT,BINANCE,TRADE,1903.9,0.0027
2026-07-30 13:38:05,ETHUSDT,BINANCE,TRADE,1903.91,0.004
2026-07-30 13:38:05,ETHUSDT,BINANCE,TRADE,1903.91,0.004
2026-07-30 13:38:05,ETHUSDT,BINANCE,TRADE,1903.91,0.0028
2026-07-30 13:38:05,ETHUSDT,BINANCE,TRADE,1903.92,0.0028
2026-07-30 13:38:05,ETHUSDT,BINANCE,TRADE,1903.92,0.0027
2026-07-30 13:38:05,ETHUSDT,BINANCE,TRADE,1903.94,0.0211
2026-07-30 13:38:05,ETHUSDT,BINANCE,TRADE,1903.94,0.0028
2026-07-30 13:38:05,ETHUSDT,BINANCE,TRADE,1903.95,0.0027
2026-07-30 13:38:05,ETHUSDT,BINANCE,TRADE,1903.95,0.011
2026-07-30 13:38:05,ETHUSDT,BINANCE,TRADE,1903.95,0.0028
2026-07-30 13:38:05,ETHUSDT,BINANCE,TRADE,1903.96,0.0028
2026-07-30 13:38:05,ETHUSDT,BINANCE,TRADE,1903.98,0.0028
2026-07-30 13:38:05,ETHUSDT,BINANCE,TRADE,1904,0.01
2026-07-30 13:38:05,ETHUSDT,BINANCE,TRADE,1904,0.0028
2026-07-30 13:38:05,ETHUSDT,BINANCE,TRADE,1904,0.7872
2026-07-30 13:38:05,ETHUSDT,BINANCE,TRADE,1904,0.0027
2026-07-30 13:38:05,ETHUSDT,BINANCE,TRADE,1904,0.0003
2026-07-30 13:38:05,ETHUSDT,BINANCE,TRADE,1904,0.0027
2026-07-30 13:38:05,ETHUSDT,BINANCE,TRADE,1904,0.0027
2026-07-30 13:38:05,ETHUSDT,BINANCE,TRADE,1904,0.0027
2026-07-30 13:38:05,ETHUSDT,BINANCE,TRADE,1904,0.0027
2026-07-30 13:38:05,ETHUSDT,BINANCE,TRADE,1904,0.0027
2026-07-30 13:38:05,ETHUSDT,BINANCE,TRADE,1904,0.0028
2026-07-30 13:38:05,ETHUSDT,BINANCE,TRADE,1904,0.0027
2026-07-30 13:38:05,ETHUSDT,BINANCE,TRADE,1904,0.0027
2026-07-30 13:38:05,ETHUSDT,BINANCE,TRADE,1904,0.0028
2026-07-30 13:38:05,ETHUSDT,BINANCE,TRADE,1904,0.0027
2026-07-30 13:38:05,ETHUSDT,BINANCE,TRADE,1904,1.8097
2026-07-30 13:38:05,ETHUSDT,BINANCE,TRADE,1904,3.287
2026-07-30 13:38:05,ETHUSDT,BINANCE,TRADE,1904,2.7024
2026-07-30 13:38:05,ETHUSDT,BINANCE,TRADE,1904,0.729
2026-07-30 13:38:05,ETHUSDT,BINANCE,TRADE,1904,2.724
2026-07-30 13:38:05,ETHUSDT,BINANCE,TRADE,1904,3.241
2026-07-30 13:38:05,ETHUSDT,BINANCE,TRADE,1904,0.0027
2026-07-30 13:38:05,ETHUSDT,BINANCE,TRADE,1904,0.0027
2026-07-30 13:38:05,ETHUSDT,BINANCE,TRADE,1904,0.0027
2026-07-30 13:38:05,ETHUSDT,BINANCE,TRADE,1904,0.0032
2026-07-30 13:38:05,ETHUSDT,BINANCE,TRADE,1904,0.0032
2026-07-30 13:38:05,ETHUSDT,BINANCE,TRADE,1904,0.0032
2026-07-30 13:38:05,ETHUSDT,BINANCE,TRADE,1904.01,0.0028
2026-07-30 13:38:05,ETHUSDT,BINANCE,TRADE,1904.01,0.0027
2026-07-30 13:38:05,ETHUSDT,BINANCE,TRADE,1904.01,0.0027
2026-07-30 13:38:05,ETHUSDT,BINANCE,TRADE,1904.01,0.0027
2026-07-30 13:38:05,ETHUSDT,BINANCE,TRADE,1904.02,0.0027
2026-07-30 13:38:05,ETHUSDT,BINANCE,TRADE,1904.02,0.0028
2026-07-30 13:38:05,ETHUSDT,BINANCE,TRADE,1904.03,0.0028
2026-07-30 13:38:05,ETHUSDT,BINANCE,TRADE,1904.03,0.0028
2026-07-30 13:38:05,ETHUSDT,BINANCE,TRADE,1904.03,0.0028
2026-07-30 13:38:05,ETHUSDT,BINANCE,TRADE,1904.03,0.0028
2026-07-30 13:38:05,ETHUSDT,BINANCE,TRADE,1904.04,0.003
2026-07-30 13:38:05,ETHUSDT,BINANCE,TRADE,1904.04,0.0027
2026-07-30 13:38:05,ETHUSDT,BINANCE,TRADE,1904.04,0.1312
2026-07-30 13:38:05,ETHUSDT,BINANCE,TRADE,1904.04,0.0028
2026-07-30 13:38:05,ETHUSDT,BINANCE,TRADE,1904.05,0.05
2026-07-30 13:38:05,ETHUSDT,BINANCE,TRADE,1904.05,0.0028
2026-07-30 13:38:05,ETHUSDT,BINANCE,TRADE,1904.05,0.0028
2026-07-30 13:38:05,ETHUSDT,BINANCE,TRADE,1904.05,1.6805
2026-07-30 13:38:05,ETHUSDT,BINANCE,TRADE,1904.05,2.5738
2026-07-30 13:38:05,ETHUSDT,BINANCE,TRADE,1904.05,0.0028
2026-07-30 13:38:05,ETHUSDT,BINANCE,TRADE,1904.05,0.0028
2026-07-30 13:38:05,ETHUSDT,BINANCE,TRADE,1904.06,0.0028
2026-07-30 13:38:05,ETHUSDT,BINANCE,TRADE,1904.06,2.4961
2026-07-30 13:38:05,ETHUSDT,BINANCE,TRADE,1904.05,0.0188
2026-07-30 13:38:05,BTCUSDT,BINANCE,TRADE,64042.7,0.0006
2026-07-30 13:38:05,BTCUSDT,BINANCE,TRADE,64042.7,0.00515
2026-07-30 13:38:05,ETHUSDT,BINANCE,TRADE,1904.05,0.2332
2026-07-30 13:38:05,BTCUSDT,BINANCE,TRADE,64042.7,0.00065
2026-07-30 13:38:05,BTCUSDT,BINANCE,TRADE,64042.7,0.00019
2026-07-30 13:38:05,BTCUSDT,BINANCE,TRADE,64042.7,0.0003
2026-07-30 13:38:05,BTCUSDT,BINANCE,TRADE,64042.7,0.00066
2026-07-30 13:38:05,BTCUSDT,BINANCE,TRADE,64042.7,0.00015
2026-07-30 13:38:05,BTCUSDT,BINANCE,TRADE,64042.7,0.01952
2026-07-30 13:38:05,BTCUSDT,BINANCE,TRADE,64042.7,0.00147
2026-07-30 13:38:05,BTCUSDT,BINANCE,TRADE,64042.7,0.00029
2026-07-30 13:38:05,BTCUSDT,BINANCE,TRADE,64042.7,0.00078
2026-07-30 13:38:05,BTCUSDT,BINANCE,TRADE,64042.7,0.0017
2026-07-30 13:38:05,BTCUSDT,BINANCE,TRADE,64042.7,0.00029
2026-07-30 13:38:05,BTCUSDT,BINANCE,TRADE,64042.7,0.00065
2026-07-30 13:38:05,SOLUSDT,BINANCE,TRADE,73.41,1.362
2026-07-30 13:38:05,BTCUSDT,BINANCE,TRADE,64042.7,0.00031
2026-07-30 13:38:05,BTCUSDT,BINANCE,TRADE,64042.7,0.00027
2026-07-30 13:38:05,BTCUSDT,BINANCE,TRADE,64042.7,0.00017
2026-07-30 13:38:05,BTCUSDT,BINANCE,TRADE,64042.7,9e-05
2026-07-30 13:38:05,BTCUSDT,BINANCE,TRADE,64042.7,0.0004
2026-07-30 13:38:05,BTCUSDT,BINANCE,TRADE,64042.7,0.00038
2026-07-30 13:38:05,BTCUSDT,BINANCE,TRADE,64042.7,0.00029
2026-07-30 13:38:05,BTCUSDT,BINANCE,TRADE,64042.7,0.00065
2026-07-30 13:38:05,BTCUSDT,BINANCE,TRADE,64042.7,0.00023
2026-07-30 13:38:05,BTCUSDT,BINANCE,TRADE,64042.7,0.00021
2026-07-30 13:38:05,BTCUSDT,BINANCE,TRADE,64042.7,0.00129
2026-07-30 13:38:05,BTCUSDT,BINANCE,TRADE,64042.7,0.00017
2026-07-30 13:38:06,BTCUSDT,BINANCE,TRADE,64042.7,0.00312
2026-07-30 13:38:06,BTCUSDT,BINANCE,TRADE,64042.7,0.00019
2026-07-30 13:38:06,BTCUSDT,BINANCE,TRADE,64042.7,0.15585
2026-07-30 13:38:06,ETHUSDT,BINANCE,TRADE,1904.06,0.1924
2026-07-30 13:38:06,BTCUSDT,BINANCE,TRADE,64042.7,0.01874
2026-07-30 13:38:06,ETHUSDT,BINANCE,TRADE,1904.06,0.2683
2026-07-30 13:38:06,BTCUSDT,BINANCE,TRADE,64042.7,0.00065
2026-07-30 13:38:06,ETHUSDT,BINANCE,TRADE,1904.06,0.0183
2026-07-30 13:38:06,BTCUSDT,BINANCE,TRADE,64042.7,0.00012
2026-07-30 13:38:06,BTCUSDT,BINANCE,TRADE,64042.7,0.00174
2026-07-30 13:38:06,ETHUSDT,BINANCE,TRADE,1904.06,0.0053
2026-07-30 13:38:06,BTCUSDT,BINANCE,TRADE,64042.7,0.00031
2026-07-30 13:38:06,ETHUSDT,BINANCE,TRADE,1904.05,0.0148
2026-07-30 13:38:06,BTCUSDT,BINANCE,TRADE,64042.7,0.01433
2026-07-30 13:38:06,BTCUSDT,BINANCE,TRADE,64042.7,0.00065
2026-07-30 13:38:06,BTCUSDT,BINANCE,TRADE,64042.7,0.00312
2026-07-30 13:38:06,ETHUSDT,BINANCE,TRADE,1904.06,0.0028
2026-07-30 13:38:06,ETHUSDT,BINANCE,TRADE,1904.06,0.0027
2026-07-30 13:38:06,ETHUSDT,BINANCE,TRADE,1904.06,0.0032
2026-07-30 13:38:06,ETHUSDT,BINANCE,TRADE,1904.06,0.0032
2026-07-30 13:38:06,ETHUSDT,BINANCE,TRADE,1904.06,0.0027
2026-07-30 13:38:06,ETHUSDT,BINANCE,TRADE,1904.06,0.0028
2026-07-30 13:38:06,ETHUSDT,BINANCE,TRADE,1904.06,0.0027
2026-07-30 13:38:06,ETHUSDT,BINANCE,TRADE,1904.06,0.0256
2026-07-30 13:38:06,ETHUSDT,BINANCE,TRADE,1904.06,0.0027
2026-07-30 13:38:06,ETHUSDT,BINANCE,TRADE,1904.06,0.0032
2026-07-30 13:38:06,ETHUSDT,BINANCE,TRADE,1904.06,0.1
2026-07-30 13:38:06,ETHUSDT,BINANCE,TRADE,1904.06,0.1
2026-07-30 13:38:06,ETHUSDT,BINANCE,TRADE,1904.06,0.0027
2026-07-30 13:38:06,ETHUSDT,BINANCE,TRADE,1904.06,0.0053
2026-07-30 13:38:06,ETHUSDT,BINANCE,TRADE,1904.06,0.0027
2026-07-30 13:38:06,ETHUSDT,BINANCE,TRADE,1904.06,0.0027
2026-07-30 13:38:06,ETHUSDT,BINANCE,TRADE,1904.07,0.0028
2026-07-30 13:38:06,ETHUSDT,BINANCE,TRADE,1904.07,0.0027
2026-07-30 13:38:06,ETHUSDT,BINANCE,TRADE,1904.07,0.0027
2026-07-30 13:38:06,ETHUSDT,BINANCE,TRADE,1904.07,0.0053
2026-07-30 13:38:06,ETHUSDT,BINANCE,TRADE,1904.07,0.0027
2026-07-30 13:38:06,ETHUSDT,BINANCE,TRADE,1904.08,0.0028
2026-07-30 13:38:06,ETHUSDT,BINANCE,TRADE,1904.08,0.0053
2026-07-30 13:38:06,ETHUSDT,BINANCE,TRADE,1904.09,0.0027
2026-07-30 13:38:06,ETHUSDT,BINANCE,TRADE,1904.09,0.0028
2026-07-30 13:38:06,ETHUSDT,BINANCE,TRADE,1904.09,0.0028
2026-07-30 13:38:06,ETHUSDT,BINANCE,TRADE,1904.09,0.0028
2026-07-30 13:38:06,ETHUSDT,BINANCE,TRADE,1904.09,0.0027
2026-07-30 13:38:06,ETHUSDT,BINANCE,TRADE,1904.09,0.0028
2026-07-30 13:38:06,ETHUSDT,BINANCE,TRADE,1904.1,0.0032
2026-07-30 13:38:06,ETHUSDT,BINANCE,TRADE,1904.1,0.004
2026-07-30 13:38:06,ETHUSDT,BINANCE,TRADE,1904.1,0.0201
2026-07-30 13:38:06,ETHUSDT,BINANCE,TRADE,1904.1,0.0028
2026-07-30 13:38:06,ETHUSDT,BINANCE,TRADE,1904.1,0.7699
2026-07-30 13:38:06,ETHUSDT,BINANCE,TRADE,1904.1,0.4
2026-07-30 13:38:06,BTCUSDT,BINANCE,TRADE,64042.7,0.002
2026-07-30 13:38:06,ETHUSDT,BINANCE,TRADE,1904.1,0.0027
2026-07-30 13:38:06,ETHUSDT,BINANCE,TRADE,1904.1,0.0003
2026-07-30 13:38:06,ETHUSDT,BINANCE,TRADE,1904.1,0.0029
2026-07-30 13:38:06,ETHUSDT,BINANCE,TRADE,1904.1,0.0032
2026-07-30 13:38:06,ETHUSDT,BINANCE,TRADE,1904.1,0.0032
2026-07-30 13:38:06,ETHUSDT,BINANCE,TRADE,1904.1,0.0027
2026-07-30 13:38:06,ETHUSDT,BINANCE,TRADE,1904.1,0.0028
2026-07-30 13:38:06,ETHUSDT,BINANCE,TRADE,1904.1,0.0027
2026-07-30 13:38:06,ETHUSDT,BINANCE,TRADE,1904.1,0.0028
2026-07-30 13:38:06,ETHUSDT,BINANCE,TRADE,1904.1,0.0027
2026-07-30 13:38:06,ETHUSDT,BINANCE,TRADE,1904.1,0.0027
2026-07-30 13:38:06,ETHUSDT,BINANCE,TRADE,1904.1,0.0028
2026-07-30 13:38:06,ETHUSDT,BINANCE,TRADE,1904.1,0.0028
2026-07-30 13:38:06,ETHUSDT,BINANCE,TRADE,1904.1,0.0028
2026-07-30 13:38:06,ETHUSDT,BINANCE,TRADE,1904.11,0.0027
2026-07-30 13:38:06,ETHUSDT,BINANCE,TRADE,1904.11,0.0027
2026-07-30 13:38:06,ETHUSDT,BINANCE,TRADE,1904.11,0.0027
2026-07-30 13:38:06,ETHUSDT,BINANCE,TRADE,1904.11,0.518
2026-07-30 13:38:06,ETHUSDT,BINANCE,TRADE,1904.13,0.0027
2026-07-30 13:38:06,ETHUSDT,BINANCE,TRADE,1904.13,0.0028
2026-07-30 13:38:06,ETHUSDT,BINANCE,TRADE,1904.14,0.0028
2026-07-30 13:38:06,ETHUSDT,BINANCE,TRADE,1904.15,0.0078
2026-07-30 13:38:06,ETHUSDT,BINANCE,TRADE,1904.15,0.0028
2026-07-30 13:38:06,ETHUSDT,BINANCE,TRADE,1904.15,0.0027
2026-07-30 13:38:06,ETHUSDT,BINANCE,TRADE,1904.16,0.0028
2026-07-30 13:38:06,ETHUSDT,BINANCE,TRADE,1904.17,0.0028
2026-07-30 13:38:06,ETHUSDT,BINANCE,TRADE,1904.17,0.0028
2026-07-30 13:38:06,ETHUSDT,BINANCE,TRADE,1904.17,0.0028
2026-07-30 13:38:06,ETHUSDT,BINANCE,TRADE,1904.17,0.0028
2026-07-30 13:38:06,SOLUSDT,BINANCE,TRADE,73.42,0.277
2026-07-30 13:38:06,SOLUSDT,BINANCE,TRADE,73.42,0.069
2026-07-30 13:38:06,SOLUSDT,BINANCE,TRADE,73.42,0.082
2026-07-30 13:38:06,SOLUSDT,BINANCE,TRADE,73.42,0.075
2026-07-30 13:38:06,SOLUSDT,BINANCE,TRADE,73.42,0.072
2026-07-30 13:38:06,SOLUSDT,BINANCE,TRADE,73.42,0.072
2026-07-30 13:38:06,SOLUSDT,BINANCE,TRADE,73.42,0.3
2026-07-30 13:38:06,SOLUSDT,BINANCE,TRADE,73.42,0.137
2026-07-30 13:38:06,SOLUSDT,BINANCE,TRADE,73.42,0.072
2026-07-30 13:38:06,SOLUSDT,BINANCE,TRADE,73.42,0.072
2026-07-30 13:38:06,SOLUSDT,BINANCE,TRADE,73.42,0.072
2026-07-30 13:38:06,SOLUSDT,BINANCE,TRADE,73.42,0.072
2026-07-30 13:38:06,SOLUSDT,BINANCE,TRADE,73.42,0.072
2026-07-30 13:38:06,SOLUSDT,BINANCE,TRADE,73.42,0.072
2026-07-30 13:38:06,SOLUSDT,BINANCE,TRADE,73.42,0.072
2026-07-30 13:38:06,SOLUSDT,BINANCE,TRADE,73.42,0.072
2026-07-30 13:38:06,SOLUSDT,BINANCE,TRADE,73.42,0.07
2026-07-30 13:38:06,SOLUSDT,BINANCE,TRADE,73.42,0.247
2026-07-30 13:38:06,SOLUSDT,BINANCE,TRADE,73.42,6
2026-07-30 13:38:06,SOLUSDT,BINANCE,TRADE,73.42,0.072
2026-07-30 13:38:06,SOLUSDT,BINANCE,TRADE,73.42,0.072
2026-07-30 13:38:06,SOLUSDT,BINANCE,TRADE,73.42,0.072
2026-07-30 13:38:06,BTCUSDT,BINANCE,TRADE,64042.7,0.00031
2026-07-30 13:38:06,BTCUSDT,BINANCE,TRADE,64042.7,8e-05
2026-07-30 13:38:06,BTCUSDT,BINANCE,TRADE,64042.7,9e-05
2026-07-30 13:38:06,BTCUSDT,BINANCE,TRADE,64042.7,8e-05
2026-07-30 13:38:06,BTCUSDT,BINANCE,TRADE,64042.7,4e-05
2026-07-30 13:38:06,BTCUSDT,BINANCE,TRADE,64042.7,0.00017
2026-07-30 13:38:06,BTCUSDT,BINANCE,TRADE,64042.7,4e-05
2026-07-30 13:38:06,BTCUSDT,BINANCE,TRADE,64042.7,8e-05
2026-07-30 13:38:06,BTCUSDT,BINANCE,TRADE,64042.7,8e-05
2026-07-30 13:38:06,BTCUSDT,BINANCE,TRADE,64042.7,8e-05
2026-07-30 13:38:06,BTCUSDT,BINANCE,TRADE,64042.7,9e-05
2026-07-30 13:38:06,BTCUSDT,BINANCE,TRADE,64042.7,9e-05
2026-07-30 13:38:06,BTCUSDT,BINANCE,TRADE,64042.7,8e-05
2026-07-30 13:38:06,BTCUSDT,BINANCE,TRADE,64042.7,8e-05
2026-07-30 13:38:06,BTCUSDT,BINANCE,TRADE,64042.7,0.00062
2026-07-30 13:38:06,BTCUSDT,BINANCE,TRADE,64042.7,8e-05
2026-07-30 13:38:06,BTCUSDT,BINANCE,TRADE,64042.7,8e-05
2026-07-30 13:38:06,BTCUSDT,BINANCE,TRADE,64042.7,8e-05
2026-07-30 13:38:06,BTCUSDT,BINANCE,TRADE,64042.7,8e-05
2026-07-30 13:38:06,BTCUSDT,BINANCE,TRADE,64042.7,8e-05
2026-07-30 13:38:06,BTCUSDT,BINANCE,TRADE,64042.7,0.00036
2026-07-30 13:38:06,BTCUSDT,BINANCE,TRADE,64042.7,0.00521
2026-07-30 13:38:06,BTCUSDT,BINANCE,TRADE,64042.7,0.00029
2026-07-30 13:38:06,BTCUSDT,BINANCE,TRADE,64042.7,0.00029
2026-07-30 13:38:06,BTCUSDT,BINANCE,TRADE,64042.7,0.00039
2026-07-30 13:38:06,BTCUSDT,BINANCE,TRADE,64042.7,0.00099
2026-07-30 13:38:06,SOLUSDT,BINANCE,TRADE,73.43,0.137
2026-07-30 13:38:06,BTCUSDT,BINANCE,TRADE,64042.7,0.00019
2026-07-30 13:38:06,BTCUSDT,BINANCE,TRADE,64042.7,0.00065
2026-07-30 13:38:06,ETHUSDT,BINANCE,TRADE,1904.18,0.0249
2026-07-30 13:38:06,BTCUSDT,BINANCE,TRADE,64042.7,0.00015
2026-07-30 13:38:06,BTCUSDT,BINANCE,TRADE,64042.7,0.01583
2026-07-30 13:38:07,BTCUSDT,BINANCE,TRADE,64042.7,0.00157
2026-07-30 13:38:07,BTCUSDT,BINANCE,TRADE,64042.7,0.00509
2026-07-30 13:38:07,BTCUSDT,BINANCE,TRADE,64042.7,0.00042
2026-07-30 13:38:07,BTCUSDT,BINANCE,TRADE,64042.7,0.00048
2026-07-30 13:38:07,BTCUSDT,BINANCE,TRADE,64042.7,0.00065
2026-07-30 13:38:07,BTCUSDT,BINANCE,TRADE,64042.7,0.00024
2026-07-30 13:38:07,BTCUSDT,BINANCE,TRADE,64042.7,0.00021
2026-07-30 13:38:07,BTCUSDT,BINANCE,TRADE,64042.7,0.00031
2026-07-30 13:38:07,BTCUSDT,BINANCE,TRADE,64042.7,0.00027
2026-07-30 13:38:07,BTCUSDT,BINANCE,TRADE,64042.7,0.00312
2026-07-30 13:38:07,BTCUSDT,BINANCE,TRADE,64042.7,0.0006
2026-07-30 13:38:07,BTCUSDT,BINANCE,TRADE,64042.7,0.00029
2026-07-30 13:38:07,ETHUSDT,BINANCE,TRADE,1904.17,0.1724
2026-07-30 13:38:07,BTCUSDT,BINANCE,TRADE,64042.7,0.02312
2026-07-30 13:38:07,BTCUSDT,BINANCE,TRADE,64042.7,0.00062
2026-07-30 13:38:07,BTCUSDT,BINANCE,TRADE,64042.7,0.00062
2026-07-30 13:38:07,BTCUSDT,BINANCE,TRADE,64042.7,8e-05
2026-07-30 13:38:07,BTCUSDT,BINANCE,TRADE,64042.7,9e-05
2026-07-30 13:38:07,BTCUSDT,BINANCE,TRADE,64042.7,8e-05
2026-07-30 13:38:07,BTCUSDT,BINANCE,TRADE,64042.7,8e-05
2026-07-30 13:38:07,BTCUSDT,BINANCE,TRADE,64042.7,8e-05
2026-07-30 13:38:07,BTCUSDT,BINANCE,TRADE,64042.7,9e-05
2026-07-30 13:38:07,BTCUSDT,BINANCE,TRADE,64042.7,8e-05
2026-07-30 13:38:07,BTCUSDT,BINANCE,TRADE,64042.7,8e-05
2026-07-30 13:38:07,BTCUSDT,BINANCE,TRADE,64042.7,8e-05
2026-07-30 13:38:07,BTCUSDT,BINANCE,TRADE,64042.7,9e-05
2026-07-30 13:38:07,BTCUSDT,BINANCE,TRADE,64042.7,8e-05
2026-07-30 13:38:07,BTCUSDT,BINANCE,TRADE,64042.7,0.00077
2026-07-30 13:38:07,BTCUSDT,BINANCE,TRADE,64042.7,0.00039
2026-07-30 13:38:07,BTCUSDT,BINANCE,TRADE,64042.7,0.00016
2026-07-30 13:38:07,BTCUSDT,BINANCE,TRADE,64042.7,8e-05
2026-07-30 13:38:07,BTCUSDT,BINANCE,TRADE,64042.7,0.00017
2026-07-30 13:38:07,BTCUSDT,BINANCE,TRADE,64042.7,8e-05
2026-07-30 13:38:07,BTCUSDT,BINANCE,TRADE,64042.7,8e-05
2026-07-30 13:38:07,BTCUSDT,BINANCE,TRADE,64042.7,0.00029
2026-07-30 13:38:07,BTCUSDT,BINANCE,TRADE,64042.7,8e-05
2026-07-30 13:38:07,BTCUSDT,BINANCE,TRADE,64042.7,8e-05
2026-07-30 13:38:07,BTCUSDT,BINANCE,TRADE,64042.7,8e-05
2026-07-30 13:38:07,BTCUSDT,BINANCE,TRADE,64042.7,8e-05
2026-07-30 13:38:07,BTCUSDT,BINANCE,TRADE,64042.7,8e-05
2026-07-30 13:38:07,BTCUSDT,BINANCE,TRADE,64042.7,8e-05
2026-07-30 13:38:07,BTCUSDT,BINANCE,TRADE,64042.7,0.00016
2026-07-30 13:38:07,BTCUSDT,BINANCE,TRADE,64042.7,1e-05
2026-07-30 13:38:07,BTCUSDT,BINANCE,TRADE,64042.7,0.027
2026-07-30 13:38:07,BTCUSDT,BINANCE,TRADE,64042.7,0.00038
2026-07-30 13:38:07,BTCUSDT,BINANCE,TRADE,64042.7,7e-05
2026-07-30 13:38:07,BTCUSDT,BINANCE,TRADE,64042.7,8e-05
2026-07-30 13:38:07,BTCUSDT,BINANCE,TRADE,64042.7,4e-05
2026-07-30 13:38:07,BTCUSDT,BINANCE,TRADE,64042.7,4e-05
2026-07-30 13:38:07,BTCUSDT,BINANCE,TRADE,64042.7,8e-05
2026-07-30 13:38:07,BTCUSDT,BINANCE,TRADE,64042.7,8e-05
2026-07-30 13:38:07,BTCUSDT,BINANCE,TRADE,64042.7,8e-05
2026-07-30 13:38:07,BTCUSDT,BINANCE,TRADE,64042.7,8e-05
2026-07-30 13:38:07,BTCUSDT,BINANCE,TRADE,64042.7,8e-05
2026-07-30 13:38:07,BTCUSDT,BINANCE,TRADE,64042.7,8e-05
2026-07-30 13:38:07,BTCUSDT,BINANCE,TRADE,64042.7,8e-05
2026-07-30 13:38:07,BTCUSDT,BINANCE,TRADE,64042.7,8e-05
2026-07-30 13:38:07,BTCUSDT,BINANCE,TRADE,64042.7,8e-05
2026-07-30 13:38:07,BTCUSDT,BINANCE,TRADE,64042.7,8e-05
2026-07-30 13:38:07,BTCUSDT,BINANCE,TRADE,64042.7,8e-05
2026-07-30 13:38:07,BTCUSDT,BINANCE,TRADE,64042.7,8e-05
2026-07-30 13:38:07,BTCUSDT,BINANCE,TRADE,64042.7,9e-05
2026-07-30 13:38:07,BTCUSDT,BINANCE,TRADE,64042.7,9e-05
2026-07-30 13:38:07,BTCUSDT,BINANCE,TRADE,64042.7,9e-05
2026-07-30 13:38:07,BTCUSDT,BINANCE,TRADE,64042.7,0.00073
2026-07-30 13:38:07,BTCUSDT,BINANCE,TRADE,64042.7,0.0001
2026-07-30 13:38:07,BTCUSDT,BINANCE,TRADE,64042.7,9e-05
2026-07-30 13:38:07,BTCUSDT,BINANCE,TRADE,64042.7,0.03039
2026-07-30 13:38:07,BTCUSDT,BINANCE,TRADE,64042.7,8e-05
2026-07-30 13:38:07,BTCUSDT,BINANCE,TRADE,64042.7,8e-05
2026-07-30 13:38:07,BTCUSDT,BINANCE,TRADE,64042.7,8e-05
2026-07-30 13:38:07,BTCUSDT,BINANCE,TRADE,64042.7,9e-05
2026-07-30 13:38:07,BTCUSDT,BINANCE,TRADE,64042.7,9e-05
2026-07-30 13:38:07,BTCUSDT,BINANCE,TRADE,64042.7,9e-05
2026-07-30 13:38:07,BTCUSDT,BINANCE,TRADE,64042.7,8e-05
2026-07-30 13:38:07,BTCUSDT,BINANCE,TRADE,64042.7,8e-05
2026-07-30 13:38:07,BTCUSDT,BINANCE,TRADE,64042.7,8e-05
2026-07-30 13:38:07,BTCUSDT,BINANCE,TRADE,64042.7,8e-05
2026-07-30 13:38:07,BTCUSDT,BINANCE,TRADE,64042.7,0.00016
2026-07-30 13:38:07,BTCUSDT,BINANCE,TRADE,64042.7,8e-05
2026-07-30 13:38:07,BTCUSDT,BINANCE,TRADE,64042.7,8e-05
2026-07-30 13:38:07,BTCUSDT,BINANCE,TRADE,64042.7,8e-05
2026-07-30 13:38:07,BTCUSDT,BINANCE,TRADE,64042.7,8e-05
2026-07-30 13:38:07,BTCUSDT,BINANCE,TRADE,64042.7,9e-05
2026-07-30 13:38:07,BTCUSDT,BINANCE,TRADE,64042.7,8e-05
2026-07-30 13:38:07,BTCUSDT,BINANCE,TRADE,64042.7,9e-05
2026-07-30 13:38:07,BTCUSDT,BINANCE,TRADE,64043.1,8e-05
2026-07-30 13:38:07,BTCUSDT,BINANCE,TRADE,64044,9e-05
2026-07-30 13:38:07,BTCUSDT,BINANCE,TRADE,64044,9e-05
2026-07-30 13:38:07,BTCUSDT,BINANCE,TRADE,64044,9e-05
2026-07-30 13:38:07,BTCUSDT,BINANCE,TRADE,64044,0.005
2026-07-30 13:38:07,BTCUSDT,BINANCE,TRADE,64044,0.008
2026-07-30 13:38:07,BTCUSDT,BINANCE,TRADE,64044,0.005
2026-07-30 13:38:07,BTCUSDT,BINANCE,TRADE,64044,0.006
2026-07-30 13:38:07,BTCUSDT,BINANCE,TRADE,64044,9e-05
2026-07-30 13:38:07,BTCUSDT,BINANCE,TRADE,64044,9e-05
2026-07-30 13:38:07,BTCUSDT,BINANCE,TRADE,64044.3,8e-05
2026-07-30 13:38:07,BTCUSDT,BINANCE,TRADE,64044.5,8e-05
2026-07-30 13:38:07,BTCUSDT,BINANCE,TRADE,64044.8,9e-05
2026-07-30 13:38:07,BTCUSDT,BINANCE,TRADE,64045.8,8e-05
2026-07-30 13:38:07,BTCUSDT,BINANCE,TRADE,64045.9,9e-05
2026-07-30 13:38:07,BTCUSDT,BINANCE,TRADE,64046,9e-05
2026-07-30 13:38:07,BTCUSDT,BINANCE,TRADE,64046,9e-05
2026-07-30 13:38:07,BTCUSDT,BINANCE,TRADE,64046,9e-05
2026-07-30 13:38:07,BTCUSDT,BINANCE,TRADE,64046,0.005
2026-07-30 13:38:07,BTCUSDT,BINANCE,TRADE,64046,0.008
2026-07-30 13:38:07,BTCUSDT,BINANCE,TRADE,64046,0.005
2026-07-30 13:38:07,BTCUSDT,BINANCE,TRADE,64046,0.006
2026-07-30 13:38:07,BTCUSDT,BINANCE,TRADE,64046,0.0004
2026-07-30 13:38:07,BTCUSDT,BINANCE,TRADE,64046,9e-05
2026-07-30 13:38:07,BTCUSDT,BINANCE,TRADE,64046,9e-05
2026-07-30 13:38:07,BTCUSDT,BINANCE,TRADE,64046.3,0.00087
2026-07-30 13:38:07,BTCUSDT,BINANCE,TRADE,64046.6,8e-05
2026-07-30 13:38:07,BTCUSDT,BINANCE,TRADE,64046.9,8e-05
2026-07-30 13:38:07,BTCUSDT,BINANCE,TRADE,64047.4,9e-05
2026-07-30 13:38:07,BTCUSDT,BINANCE,TRADE,64047.4,9e-05
2026-07-30 13:38:07,BTCUSDT,BINANCE,TRADE,64047.4,9e-05
2026-07-30 13:38:07,BTCUSDT,BINANCE,TRADE,64047.4,0.02107
2026-07-30 13:38:07,BTCUSDT,BINANCE,TRADE,64047.4,0.00234
2026-07-30 13:38:07,BTCUSDT,BINANCE,TRADE,64047.4,9e-05
2026-07-30 13:38:07,BTCUSDT,BINANCE,TRADE,64047.4,9e-05
2026-07-30 13:38:07,BTCUSDT,BINANCE,TRADE,64048,9e-05
2026-07-30 13:38:07,BTCUSDT,BINANCE,TRADE,64048,9e-05
2026-07-30 13:38:07,BTCUSDT,BINANCE,TRADE,64048,9e-05
2026-07-30 13:38:07,BTCUSDT,BINANCE,TRADE,64048,0.008
2026-07-30 13:38:07,BTCUSDT,BINANCE,TRADE,64048,0.005
2026-07-30 13:38:07,BTCUSDT,BINANCE,TRADE,64048,0.005
2026-07-30 13:38:07,BTCUSDT,BINANCE,TRADE,64048,0.006
2026-07-30 13:38:07,BTCUSDT,BINANCE,TRADE,64048,9e-05
2026-07-30 13:38:07,BTCUSDT,BINANCE,TRADE,64048,9e-05
2026-07-30 13:38:07,BTCUSDT,BINANCE,TRADE,64048.2,0.01166
2026-07-30 13:38:07,BTCUSDT,BINANCE,TRADE,64048.2,9e-05
2026-07-30 13:38:07,BTCUSDT,BINANCE,TRADE,64048.2,9e-05
2026-07-30 13:38:07,BTCUSDT,BINANCE,TRADE,64048.7,8e-05
2026-07-30 13:38:07,BTCUSDT,BINANCE,TRADE,64048.9,9e-05
2026-07-30 13:38:07,BTCUSDT,BINANCE,TRADE,64049,8e-05
2026-07-30 13:38:07,BTCUSDT,BINANCE,TRADE,64049.1,9e-05
2026-07-30 13:38:07,BTCUSDT,BINANCE,TRADE,64049.4,0.00024
2026-07-30 13:38:07,BTCUSDT,BINANCE,TRADE,64049.4,0.00012
2026-07-30 13:38:07,BTCUSDT,BINANCE,TRADE,64049.5,0.00012
2026-07-30 13:38:07,BTCUSDT,BINANCE,TRADE,64049.5,8e-05
2026-07-30 13:38:07,BTCUSDT,BINANCE,TRADE,64049.6,9e-05
2026-07-30 13:38:07,BTCUSDT,BINANCE,TRADE,64049.6,9e-05
2026-07-30 13:38:07,BTCUSDT,BINANCE,TRADE,64049.7,0.0026
2026-07-30 13:38:07,BTCUSDT,BINANCE,TRADE,64050,9e-05
2026-07-30 13:38:07,BTCUSDT,BINANCE,TRADE,64050,0.005
2026-07-30 13:38:07,BTCUSDT,BINANCE,TRADE,64050,0.00413
2026-07-30 13:38:07,BTCUSDT,BINANCE,TRADE,64050,0.00045
2026-07-30 13:38:07,BTCUSDT,BINANCE,TRADE,64050,0.00013
2026-07-30 13:38:07,BTCUSDT,BINANCE,TRADE,64050,0.00187
2026-07-30 13:38:07,BTCUSDT,BINANCE,TRADE,64050,0.005
2026-07-30 13:38:07,BTCUSDT,BINANCE,TRADE,64050,0.008
2026-07-30 13:38:07,BTCUSDT,BINANCE,TRADE,64050,0.00465
2026-07-30 13:38:07,BTCUSDT,BINANCE,TRADE,64050,0.00065
2026-07-30 13:38:07,BTCUSDT,BINANCE,TRADE,64050,0.00019
2026-07-30 13:38:07,ETHUSDT,BINANCE,TRADE,1904.18,0.0188
2026-07-30 13:38:07,BTCUSDT,BINANCE,TRADE,64050,0.00016
2026-07-30 13:38:07,BTCUSDT,BINANCE,TRADE,64050,0.002
2026-07-30 13:38:07,BTCUSDT,BINANCE,TRADE,64050,0.00014
2026-07-30 13:38:07,BTCUSDT,BINANCE,TRADE,64050,0.0018
2026-07-30 13:38:07,BTCUSDT,BINANCE,TRADE,64050,0.00312
2026-07-30 13:38:07,ETHUSDT,BINANCE,TRADE,1904.17,0.0183
2026-07-30 13:38:07,ETHUSDT,BINANCE,TRADE,1904.18,0.0083
2026-07-30 13:38:07,ETHUSDT,BINANCE,TRADE,1904.17,0.0285
2026-07-30 13:38:07,BTCUSDT,BINANCE,TRADE,64050,0.00026
2026-07-30 13:38:07,BTCUSDT,BINANCE,TRADE,64050,0.0004
2026-07-30 13:38:08,BTCUSDT,BINANCE,TRADE,64050,0.00018
2026-07-30 13:38:08,BTCUSDT,BINANCE,TRADE,64050,0.00509
2026-07-30 13:38:08,BTCUSDT,BINANCE,TRADE,64050,0.0209
2026-07-30 13:38:08,BTCUSDT,BINANCE,TRADE,64050,0.05207
2026-07-30 13:38:08,BTCUSDT,BINANCE,TRADE,64050,0.00065
2026-07-30 13:38:08,BTCUSDT,BINANCE,TRADE,64050,0.0001
2026-07-30 13:38:08,BTCUSDT,BINANCE,TRADE,64050,0.00191
2026-07-30 13:38:08,BTCUSDT,BINANCE,TRADE,64050,9e-05
2026-07-30 13:38:08,BTCUSDT,BINANCE,TRADE,64050,0.01873
2026-07-30 13:38:08,BTCUSDT,BINANCE,TRADE,64050,0.00027
2026-07-30 13:38:08,BTCUSDT,BINANCE,TRADE,64050,0.00031
2026-07-30 13:38:08,BTCUSDT,BINANCE,TRADE,64050,0.00608
2026-07-30 13:38:08,BTCUSDT,BINANCE,TRADE,64050,0.002
2026-07-30 13:38:08,BTCUSDT,BINANCE,TRADE,64050,0.00515
2026-07-30 13:38:08,BTCUSDT,BINANCE,TRADE,64050,0.00029
2026-07-30 13:38:08,ETHUSDT,BINANCE,TRADE,1904.18,0.0035
2026-07-30 13:38:08,BTCUSDT,BINANCE,TRADE,64050,0.00065
2026-07-30 13:38:08,BTCUSDT,BINANCE,TRADE,64050,0.00021
2026-07-30 13:38:08,BTCUSDT,BINANCE,TRADE,64050,9e-05
2026-07-30 13:38:08,BTCUSDT,BINANCE,TRADE,64050,0.00017
2026-07-30 13:38:08,BTCUSDT,BINANCE,TRADE,64050,0.0031
2026-07-30 13:38:08,SOLUSDT,BINANCE,TRADE,73.42,0.6
2026-07-30 13:38:08,SOLUSDT,BINANCE,TRADE,73.42,0.29
2026-07-30 13:38:08,SOLUSDT,BINANCE,TRADE,73.42,0.82
2026-07-30 13:38:08,BTCUSDT,BINANCE,TRADE,64050,0.00031
2026-07-30 13:38:08,BTCUSDT,BINANCE,TRADE,64050,0.00157
2026-07-30 13:38:08,ETHUSDT,BINANCE,TRADE,1904.17,0.0249
2026-07-30 13:38:08,BTCUSDT,BINANCE,TRADE,64050,0.00066
2026-07-30 13:38:08,ETHUSDT,BINANCE,TRADE,1904.18,0.0027
2026-07-30 13:38:08,ETHUSDT,BINANCE,TRADE,1904.18,0.0027
2026-07-30 13:38:08,ETHUSDT,BINANCE,TRADE,1904.18,0.0027
2026-07-30 13:38:08,ETHUSDT,BINANCE,TRADE,1904.18,0.0027
2026-07-30 13:38:08,ETHUSDT,BINANCE,TRADE,1904.18,0.0028
2026-07-30 13:38:08,ETHUSDT,BINANCE,TRADE,1904.18,0.0028
2026-07-30 13:38:08,ETHUSDT,BINANCE,TRADE,1904.18,0.0027
2026-07-30 13:38:08,ETHUSDT,BINANCE,TRADE,1904.18,0.021
2026-07-30 13:38:08,ETHUSDT,BINANCE,TRADE,1904.18,0.1
2026-07-30 13:38:08,ETHUSDT,BINANCE,TRADE,1904.18,0.0053
2026-07-30 13:38:08,ETHUSDT,BINANCE,TRADE,1904.18,0.0027
2026-07-30 13:38:08,ETHUSDT,BINANCE,TRADE,1904.18,0.0027
2026-07-30 13:38:08,ETHUSDT,BINANCE,TRADE,1904.18,0.0027
2026-07-30 13:38:08,ETHUSDT,BINANCE,TRADE,1904.18,0.0032
2026-07-30 13:38:08,ETHUSDT,BINANCE,TRADE,1904.18,0.0032
2026-07-30 13:38:08,ETHUSDT,BINANCE,TRADE,1904.18,0.0032
2026-07-30 13:38:08,ETHUSDT,BINANCE,TRADE,1904.18,0.0027
2026-07-30 13:38:08,ETHUSDT,BINANCE,TRADE,1904.19,0.0028
2026-07-30 13:38:08,ETHUSDT,BINANCE,TRADE,1904.19,0.0053
2026-07-30 13:38:08,ETHUSDT,BINANCE,TRADE,1904.19,0.0027
2026-07-30 13:38:08,ETHUSDT,BINANCE,TRADE,1904.19,0.0027
2026-07-30 13:38:08,ETHUSDT,BINANCE,TRADE,1904.19,0.0027
2026-07-30 13:38:08,ETHUSDT,BINANCE,TRADE,1904.2,0.0027
2026-07-30 13:38:08,ETHUSDT,BINANCE,TRADE,1904.2,0.0028
2026-07-30 13:38:08,ETHUSDT,BINANCE,TRADE,1904.2,0.0053
2026-07-30 13:38:08,ETHUSDT,BINANCE,TRADE,1904.21,0.0108
2026-07-30 13:38:08,ETHUSDT,BINANCE,TRADE,1904.21,0.0028
2026-07-30 13:38:08,ETHUSDT,BINANCE,TRADE,1904.22,0.0027
2026-07-30 13:38:08,ETHUSDT,BINANCE,TRADE,1904.22,0.0028
2026-07-30 13:38:08,ETHUSDT,BINANCE,TRADE,1904.23,0.0028
2026-07-30 13:38:08,ETHUSDT,BINANCE,TRADE,1904.24,0.0028
2026-07-30 13:38:08,ETHUSDT,BINANCE,TRADE,1904.25,0.0028
2026-07-30 13:38:08,ETHUSDT,BINANCE,TRADE,1904.26,0.0028
2026-07-30 13:38:08,ETHUSDT,BINANCE,TRADE,1904.27,0.0028
2026-07-30 13:38:08,ETHUSDT,BINANCE,TRADE,1904.28,0.003
2026-07-30 13:38:08,ETHUSDT,BINANCE,TRADE,1904.28,0.0027
2026-07-30 13:38:08,ETHUSDT,BINANCE,TRADE,1904.29,0.0016
2026-07-30 13:38:08,BTCUSDT,BINANCE,TRADE,64050,0.00065
2026-07-30 13:38:08,BTCUSDT,BINANCE,TRADE,64050,0.00312
2026-07-30 13:38:08,BTCUSDT,BINANCE,TRADE,64050,0.00012
2026-07-30 13:38:08,ETHUSDT,BINANCE,TRADE,1904.28,0.5147
2026-07-30 13:38:08,ETHUSDT,BINANCE,TRADE,1904.28,0.4937
2026-07-30 13:38:08,BTCUSDT,BINANCE,TRADE,64050,0.00022
2026-07-30 13:38:08,BTCUSDT,BINANCE,TRADE,64050,0.00031
2026-07-30 13:38:08,BTCUSDT,BINANCE,TRADE,64050,0.00029
2026-07-30 13:38:08,BTCUSDT,BINANCE,TRADE,64050,0.00027
2026-07-30 13:38:08,BTCUSDT,BINANCE,TRADE,64050,0.00065
2026-07-30 13:38:08,ETHUSDT,BINANCE,TRADE,1904.29,0.0024
2026-07-30 13:38:08,ETHUSDT,BINANCE,TRADE,1904.29,0.0028
2026-07-30 13:38:08,ETHUSDT,BINANCE,TRADE,1904.29,0.0028
2026-07-30 13:38:08,ETHUSDT,BINANCE,TRADE,1904.29,0.0027
2026-07-30 13:38:08,ETHUSDT,BINANCE,TRADE,1904.29,0.0027
2026-07-30 13:38:08,ETHUSDT,BINANCE,TRADE,1904.29,1.0348
2026-07-30 13:38:08,BTCUSDT,BINANCE,TRADE,64050,0.00029
2026-07-30 13:38:08,BTCUSDT,BINANCE,TRADE,64050,0.00031
2026-07-30 13:38:09,BTCUSDT,BINANCE,TRADE,64050,0.00275
2026-07-30 13:38:09,BTCUSDT,BINANCE,TRADE,64050,0.01433
2026-07-30 13:38:09,BTCUSDT,BINANCE,TRADE,64050,0.00029
2026-07-30 13:38:09,BTCUSDT,BINANCE,TRADE,64050,0.00019
2026-07-30 13:38:09,BTCUSDT,BINANCE,TRADE,64050,0.00983
2026-07-30 13:38:09,BTCUSDT,BINANCE,TRADE,64050,0.00124
2026-07-30 13:38:09,BTCUSDT,BINANCE,TRADE,64050,0.00065
2026-07-30 13:38:09,BTCUSDT,BINANCE,TRADE,64050,0.00509
2026-07-30 13:38:09,BTCUSDT,BINANCE,TRADE,64050,0.00019
2026-07-30 13:38:09,BTCUSDT,BINANCE,TRADE,64050,0.00297
2026-07-30 13:38:09,BTCUSDT,BINANCE,TRADE,64050,0.00078
2026-07-30 13:38:09,BTCUSDT,BINANCE,TRADE,64050,0.01216
2026-07-30 13:38:09,ETHUSDT,BINANCE,TRADE,1904.28,0.1924
2026-07-30 13:38:09,BTCUSDT,BINANCE,TRADE,64050,0.09617
2026-07-30 13:38:09,BTCUSDT,BINANCE,TRADE,64050,0.05967
2026-07-30 13:38:09,BTCUSDT,BINANCE,TRADE,64050,0.00014
2026-07-30 13:38:09,BTCUSDT,BINANCE,TRADE,64050,0.00521
2026-07-30 13:38:09,BTCUSDT,BINANCE,TRADE,64050,0.00017
2026-07-30 13:38:09,BTCUSDT,BINANCE,TRADE,64050,0.00166
2026-07-30 13:38:09,SOLUSDT,BINANCE,TRADE,73.42,25.56
2026-07-30 13:38:09,BTCUSDT,BINANCE,TRADE,64050,0.00024
2026-07-30 13:38:09,BTCUSDT,BINANCE,TRADE,64050,0.00065
2026-07-30 13:38:09,BTCUSDT,BINANCE,TRADE,64050,0.00021
2026-07-30 13:38:09,ETHUSDT,BINANCE,TRADE,1904.28,0.2206
2026-07-30 13:38:09,ETHUSDT,BINANCE,TRADE,1904.29,0.0183
2026-07-30 13:38:09,BTCUSDT,BINANCE,TRADE,64050,0.00312
2026-07-30 13:38:09,BTCUSDT,BINANCE,TRADE,64050,0.00046
2026-07-30 13:38:09,BTCUSDT,BINANCE,TRADE,64050,0.002
2026-07-30 13:38:09,BTCUSDT,BINANCE,TRADE,64050,0.00031
2026-07-30 13:38:09,BTCUSDT,BINANCE,TRADE,64050,0.00199
2026-07-30 13:38:09,BTCUSDT,BINANCE,TRADE,64050,0.00275
2026-07-30 13:38:09,BTCUSDT,BINANCE,TRADE,64050,0.00174
2026-07-30 13:38:09,BTCUSDT,BINANCE,TRADE,64050,0.00138
2026-07-30 13:38:09,BTCUSDT,BINANCE,TRADE,64050,0.00065
2026-07-30 13:38:09,BTCUSDT,BINANCE,TRADE,64050,0.00029
2026-07-30 13:38:09,BTCUSDT,BINANCE,TRADE,64050,0.00157
2026-07-30 13:38:09,BTCUSDT,BINANCE,TRADE,64050,0.00027
2026-07-30 13:38:09,BTCUSDT,BINANCE,TRADE,64050,0.00398
2026-07-30 13:38:09,BTCUSDT,BINANCE,TRADE,64050,0.01873
2026-07-30 13:38:09,BTCUSDT,BINANCE,TRADE,64050,0.00209
2026-07-30 13:38:09,ETHUSDT,BINANCE,TRADE,1904.28,0.1912
2026-07-30 13:38:10,BTCUSDT,BINANCE,TRADE,64050,0.00065
2026-07-30 13:38:10,BTCUSDT,BINANCE,TRADE,64050,0.00019
2026-07-30 13:38:10,BTCUSDT,BINANCE,TRADE,64050,0.00026
2026-07-30 13:38:10,BTCUSDT,BINANCE,TRADE,64050,0.00515
2026-07-30 13:38:10,ETHUSDT,BINANCE,TRADE,1904.29,0.0152
2026-07-30 13:38:10,BTCUSDT,BINANCE,TRADE,64050,0.00014
2026-07-30 13:38:10,BTCUSDT,BINANCE,TRADE,64050,0.00023
2026-07-30 13:38:10,BTCUSDT,BINANCE,TRADE,64050,0.003
2026-07-30 13:38:10,BTCUSDT,BINANCE,TRADE,64050,0.00065
2026-07-30 13:38:10,BTCUSDT,BINANCE,TRADE,64050,0.00015
2026-07-30 13:38:10,ETHUSDT,BINANCE,TRADE,1904.29,0.0261
2026-07-30 13:38:10,BTCUSDT,BINANCE,TRADE,64050,0.00038
2026-07-30 13:38:10,BTCUSDT,BINANCE,TRADE,64050,0.00104
2026-07-30 13:38:10,BTCUSDT,BINANCE,TRADE,64050,0.00171
2026-07-30 13:38:10,BTCUSDT,BINANCE,TRADE,64050,0.00031
2026-07-30 13:38:10,BTCUSDT,BINANCE,TRADE,64050,0.00312
2026-07-30 13:38:10,BTCUSDT,BINANCE,TRADE,64050,0.00029
2026-07-30 13:38:10,SOLUSDT,BINANCE,TRADE,73.42,0.2
2026-07-30 13:38:10,ETHUSDT,BINANCE,TRADE,1904.28,0.0178
2026-07-30 13:38:10,ETHUSDT,BINANCE,TRADE,1904.28,0.0083
2026-07-30 13:38:10,BTCUSDT,BINANCE,TRADE,64050,0.00021
2026-07-30 13:38:10,BTCUSDT,BINANCE,TRADE,64050,0.00065
2026-07-30 13:38:10,BTCUSDT,BINANCE,TRADE,64050,0.00016
2026-07-30 13:38:10,BTCUSDT,BINANCE,TRADE,64050,0.0018
2026-07-30 13:38:10,BTCUSDT,BINANCE,TRADE,64050,0.00066
2026-07-30 13:38:10,BTCUSDT,BINANCE,TRADE,64050,0.00027
2026-07-30 13:38:10,ETHUSDT,BINANCE,TRADE,1904.29,0.1724
2026-07-30 13:38:10,BTCUSDT,BINANCE,TRADE,64050,0.00017
2026-07-30 13:38:10,BTCUSDT,BINANCE,TRADE,64050,0.00019
2026-07-30 13:38:10,BTCUSDT,BINANCE,TRADE,64050,0.00031
2026-07-30 13:38:10,BTCUSDT,BINANCE,TRADE,64050,9e-05
2026-07-30 13:38:10,ETHUSDT,BINANCE,TRADE,1904.28,0.0591
2026-07-30 13:38:10,BTCUSDT,BINANCE,TRADE,64050,0.00521
2026-07-30 13:38:10,BTCUSDT,BINANCE,TRADE,64050,0.00038
2026-07-30 13:38:10,BTCUSDT,BINANCE,TRADE,64050,0.00065
2026-07-30 13:38:10,BTCUSDT,BINANCE,TRADE,64050,0.00029
2026-07-30 13:38:10,BTCUSDT,BINANCE,TRADE,64050,0.002
2026-07-30 13:38:11,BTCUSDT,BINANCE,TRADE,64050,0.00676
2026-07-30 13:38:11,BTCUSDT,BINANCE,TRADE,64050,0.0035
2026-07-30 13:38:11,BTCUSDT,BINANCE,TRADE,64050,8e-05
2026-07-30 13:38:11,BTCUSDT,BINANCE,TRADE,64050,8e-05
2026-07-30 13:38:11,BTCUSDT,BINANCE,TRADE,64050,0.00042
2026-07-30 13:38:11,BTCUSDT,BINANCE,TRADE,64050,9e-05
2026-07-30 13:38:11,BTCUSDT,BINANCE,TRADE,64050,8e-05
2026-07-30 13:38:11,BTCUSDT,BINANCE,TRADE,64050,0.00062
2026-07-30 13:38:11,BTCUSDT,BINANCE,TRADE,64050,8e-05
2026-07-30 13:38:11,BTCUSDT,BINANCE,TRADE,64050,0.00262
2026-07-30 13:38:11,BTCUSDT,BINANCE,TRADE,64050,0.00929
2026-07-30 13:38:11,BTCUSDT,BINANCE,TRADE,64050,0.00012
2026-07-30 13:38:11,BTCUSDT,BINANCE,TRADE,64050,0.00042
2026-07-30 13:38:11,ETHUSDT,BINANCE,TRADE,1904.28,0.0053
2026-07-30 13:38:11,BTCUSDT,BINANCE,TRADE,64050,0.00029
2026-07-30 13:38:11,BTCUSDT,BINANCE,TRADE,64050,0.00013
2026-07-30 13:38:11,BTCUSDT,BINANCE,TRADE,64050,0.008
2026-07-30 13:38:11,BTCUSDT,BINANCE,TRADE,64050,0.00031
2026-07-30 13:38:11,BTCUSDT,BINANCE,TRADE,64050,0.002
2026-07-30 13:38:11,ETHUSDT,BINANCE,TRADE,1904.29,0.0028
2026-07-30 13:38:11,ETHUSDT,BINANCE,TRADE,1904.29,0.0002
2026-07-30 13:38:11,BTCUSDT,BINANCE,TRADE,64050,0.002
2026-07-30 13:38:11,BTCUSDT,BINANCE,TRADE,64050,0.0001
2026-07-30 13:38:11,ETHUSDT,BINANCE,TRADE,1904.28,0.0183
2026-07-30 13:38:11,BTCUSDT,BINANCE,TRADE,64050,0.00065
2026-07-30 13:38:11,BTCUSDT,BINANCE,TRADE,64050,0.00157
2026-07-30 13:38:11,BTCUSDT,BINANCE,TRADE,64050,0.00312
2026-07-30 13:38:11,ETHUSDT,BINANCE,TRADE,1904.29,0.0025
2026-07-30 13:38:11,ETHUSDT,BINANCE,TRADE,1904.29,0.0027
2026-07-30 13:38:11,ETHUSDT,BINANCE,TRADE,1904.29,0.0028
2026-07-30 13:38:11,ETHUSDT,BINANCE,TRADE,1904.29,0.021
2026-07-30 13:38:11,ETHUSDT,BINANCE,TRADE,1904.29,0.1
2026-07-30 13:38:11,ETHUSDT,BINANCE,TRADE,1904.29,0.0053
2026-07-30 13:38:11,ETHUSDT,BINANCE,TRADE,1904.29,0.0027
2026-07-30 13:38:11,ETHUSDT,BINANCE,TRADE,1904.29,0.0027
2026-07-30 13:38:11,ETHUSDT,BINANCE,TRADE,1904.29,0.0027
2026-07-30 13:38:11,ETHUSDT,BINANCE,TRADE,1904.29,0.021
2026-07-30 13:38:11,ETHUSDT,BINANCE,TRADE,1904.29,0.021
2026-07-30 13:38:11,ETHUSDT,BINANCE,TRADE,1904.29,0.0032
2026-07-30 13:38:11,ETHUSDT,BINANCE,TRADE,1904.29,0.0027
2026-07-30 13:38:11,ETHUSDT,BINANCE,TRADE,1904.29,0.021
2026-07-30 13:38:11,ETHUSDT,BINANCE,TRADE,1904.29,0.0027
2026-07-30 13:38:11,ETHUSDT,BINANCE,TRADE,1904.29,0.0032
2026-07-30 13:38:11,ETHUSDT,BINANCE,TRADE,1904.29,0.0032
2026-07-30 13:38:11,ETHUSDT,BINANCE,TRADE,1904.29,0.0027
2026-07-30 13:38:11,ETHUSDT,BINANCE,TRADE,1904.29,0.0028
2026-07-30 13:38:11,ETHUSDT,BINANCE,TRADE,1904.3,0.0028
2026-07-30 13:38:11,ETHUSDT,BINANCE,TRADE,1904.3,0.0053
2026-07-30 13:38:11,ETHUSDT,BINANCE,TRADE,1904.3,0.0027
2026-07-30 13:38:11,ETHUSDT,BINANCE,TRADE,1904.3,0.0027
2026-07-30 13:38:11,ETHUSDT,BINANCE,TRADE,1904.3,0.0027
2026-07-30 13:38:11,ETHUSDT,BINANCE,TRADE,1904.31,0.0027
2026-07-30 13:38:11,ETHUSDT,BINANCE,TRADE,1904.31,0.0027
2026-07-30 13:38:11,ETHUSDT,BINANCE,TRADE,1904.31,0.0028
2026-07-30 13:38:11,ETHUSDT,BINANCE,TRADE,1904.31,0.0053
2026-07-30 13:38:11,ETHUSDT,BINANCE,TRADE,1904.32,0.0028
2026-07-30 13:38:11,ETHUSDT,BINANCE,TRADE,1904.33,0.012
2026-07-30 13:38:11,ETHUSDT,BINANCE,TRADE,1904.33,0.0028
2026-07-30 13:38:11,ETHUSDT,BINANCE,TRADE,1904.34,0.0028
2026-07-30 13:38:11,ETHUSDT,BINANCE,TRADE,1904.35,0.0028
2026-07-30 13:38:11,ETHUSDT,BINANCE,TRADE,1904.37,0.0028
2026-07-30 13:38:11,ETHUSDT,BINANCE,TRADE,1904.39,0.0105
2026-07-30 13:38:11,ETHUSDT,BINANCE,TRADE,1904.39,0.0028
2026-07-30 13:38:11,ETHUSDT,BINANCE,TRADE,1904.4,0.003
2026-07-30 13:38:11,ETHUSDT,BINANCE,TRADE,1904.4,0.0027
2026-07-30 13:38:11,ETHUSDT,BINANCE,TRADE,1904.4,0.0028
2026-07-30 13:38:11,ETHUSDT,BINANCE,TRADE,1904.45,0.0028
2026-07-30 13:38:11,ETHUSDT,BINANCE,TRADE,1904.45,0.0028
2026-07-30 13:38:11,SOLUSDT,BINANCE,TRADE,73.43,0.14
2026-07-30 13:38:11,SOLUSDT,BINANCE,TRADE,73.43,0.069
2026-07-30 13:38:11,SOLUSDT,BINANCE,TRADE,73.43,0.082
2026-07-30 13:38:11,SOLUSDT,BINANCE,TRADE,73.43,0.075
2026-07-30 13:38:11,SOLUSDT,BINANCE,TRADE,73.43,0.46
2026-07-30 13:38:11,SOLUSDT,BINANCE,TRADE,73.43,0.072
2026-07-30 13:38:11,SOLUSDT,BINANCE,TRADE,73.43,0.072
2026-07-30 13:38:11,SOLUSDT,BINANCE,TRADE,73.43,0.31
2026-07-30 13:38:11,SOLUSDT,BINANCE,TRADE,73.43,0.137
2026-07-30 13:38:11,SOLUSDT,BINANCE,TRADE,73.43,0.072
2026-07-30 13:38:11,SOLUSDT,BINANCE,TRADE,73.43,0.072
2026-07-30 13:38:11,SOLUSDT,BINANCE,TRADE,73.43,0.072
2026-07-30 13:38:11,SOLUSDT,BINANCE,TRADE,73.43,0.072
2026-07-30 13:38:11,SOLUSDT,BINANCE,TRADE,73.43,0.072
2026-07-30 13:38:11,SOLUSDT,BINANCE,TRADE,73.43,0.072
2026-07-30 13:38:11,SOLUSDT,BINANCE,TRADE,73.43,0.072
2026-07-30 13:38:11,SOLUSDT,BINANCE,TRADE,73.43,0.072
2026-07-30 13:38:11,SOLUSDT,BINANCE,TRADE,73.43,0.214
2026-07-30 13:38:11,SOLUSDT,BINANCE,TRADE,73.43,5
2026-07-30 13:38:11,SOLUSDT,BINANCE,TRADE,73.43,0.913
2026-07-30 13:38:11,SOLUSDT,BINANCE,TRADE,73.43,0.072
2026-07-30 13:38:11,SOLUSDT,BINANCE,TRADE,73.43,0.072
2026-07-30 13:38:11,SOLUSDT,BINANCE,TRADE,73.43,0.072
2026-07-30 13:38:11,BTCUSDT,BINANCE,TRADE,64050,0.00278
2026-07-30 13:38:11,BTCUSDT,BINANCE,TRADE,64050,0.0006
2026-07-30 13:38:11,BTCUSDT,BINANCE,TRADE,64050,0.00166
2026-07-30 13:38:11,SOLUSDT,BINANCE,TRADE,73.44,1.353
2026-07-30 13:38:11,BTCUSDT,BINANCE,TRADE,64050,0.00029
2026-07-30 13:38:11,BTCUSDT,BINANCE,TRADE,64050,0.00031
2026-07-30 13:38:11,BTCUSDT,BINANCE,TRADE,64050,0.00029
2026-07-30 13:38:11,BTCUSDT,BINANCE,TRADE,64050,0.00782
2026-07-30 13:38:11,BTCUSDT,BINANCE,TRADE,64050,0.00182
2026-07-30 13:38:11,BTCUSDT,BINANCE,TRADE,64050,0.00019
2026-07-30 13:38:11,BTCUSDT,BINANCE,TRADE,64050,0.00468
2026-07-30 13:38:11,BTCUSDT,BINANCE,TRADE,64050,0.00065
2026-07-30 13:38:11,BTCUSDT,BINANCE,TRADE,64050,0.01952
2026-07-30 13:38:11,BTCUSDT,BINANCE,TRADE,64050,0.00017
2026-07-30 13:38:11,BTCUSDT,BINANCE,TRADE,64050,0.00014
2026-07-30 13:38:11,BTCUSDT,BINANCE,TRADE,64050,0.00017
2026-07-30 13:38:11,BTCUSDT,BINANCE,TRADE,64050,0.00509
2026-07-30 13:38:11,BTCUSDT,BINANCE,TRADE,64050,0.01216
2026-07-30 13:38:11,BTCUSDT,BINANCE,TRADE,64050,0.00065
2026-07-30 13:38:11,ETHUSDT,BINANCE,TRADE,1904.46,0.0027
2026-07-30 13:38:11,ETHUSDT,BINANCE,TRADE,1904.46,0.0027
2026-07-30 13:38:11,ETHUSDT,BINANCE,TRADE,1904.46,0.0032
2026-07-30 13:38:11,ETHUSDT,BINANCE,TRADE,1904.46,0.0027
2026-07-30 13:38:11,ETHUSDT,BINANCE,TRADE,1904.46,0.0027
2026-07-30 13:38:11,ETHUSDT,BINANCE,TRADE,1904.46,0.0027
2026-07-30 13:38:11,ETHUSDT,BINANCE,TRADE,1904.46,0.0027
2026-07-30 13:38:11,ETHUSDT,BINANCE,TRADE,1904.46,0.0028
2026-07-30 13:38:11,ETHUSDT,BINANCE,TRADE,1904.46,0.0028
2026-07-30 13:38:11,ETHUSDT,BINANCE,TRADE,1904.46,0.0027
2026-07-30 13:38:11,ETHUSDT,BINANCE,TRADE,1904.46,0.0027
2026-07-30 13:38:11,ETHUSDT,BINANCE,TRADE,1904.46,0.0212
2026-07-30 13:38:11,ETHUSDT,BINANCE,TRADE,1904.46,0.0028
2026-07-30 13:38:11,ETHUSDT,BINANCE,TRADE,1904.46,0.0032
2026-07-30 13:38:11,ETHUSDT,BINANCE,TRADE,1904.46,0.0032
2026-07-30 13:38:11,ETHUSDT,BINANCE,TRADE,1904.46,0.0028
2026-07-30 13:38:11,ETHUSDT,BINANCE,TRADE,1904.46,0.0027
2026-07-30 13:38:11,ETHUSDT,BINANCE,TRADE,1904.46,0.0027
2026-07-30 13:38:11,ETHUSDT,BINANCE,TRADE,1904.46,0.0027
2026-07-30 13:38:11,ETHUSDT,BINANCE,TRADE,1904.46,1.8827
2026-07-30 13:38:11,ETHUSDT,BINANCE,TRADE,1904.46,0.0028
2026-07-30 13:38:11,ETHUSDT,BINANCE,TRADE,1904.46,0.2332
2026-07-30 13:38:11,BTCUSDT,BINANCE,TRADE,64050,0.00182
2026-07-30 13:38:11,BTCUSDT,BINANCE,TRADE,64050,0.01873
2026-07-30 13:38:11,BTCUSDT,BINANCE,TRADE,64050,0.0001
2026-07-30 13:38:12,BTCUSDT,BINANCE,TRADE,64050,0.00275
2026-07-30 13:38:12,BTCUSDT,BINANCE,TRADE,64050,0.00031
2026-07-30 13:38:12,BTCUSDT,BINANCE,TRADE,64050,0.00097
2026-07-30 13:38:12,BTCUSDT,BINANCE,TRADE,64050,0.00016
2026-07-30 13:38:12,BTCUSDT,BINANCE,TRADE,64050,0.00031
2026-07-30 13:38:12,BTCUSDT,BINANCE,TRADE,64050,0.00038
2026-07-30 13:38:12,BTCUSDT,BINANCE,TRADE,64050,0.0001
2026-07-30 13:38:12,BTCUSDT,BINANCE,TRADE,64050,0.00029
2026-07-30 13:38:12,ETHUSDT,BINANCE,TRADE,1904.46,0.0152
2026-07-30 13:38:12,BTCUSDT,BINANCE,TRADE,64050,0.00065
2026-07-30 13:38:12,ETHUSDT,BINANCE,TRADE,1904.47,0.0027
2026-07-30 13:38:12,ETHUSDT,BINANCE,TRADE,1904.47,0.0003
2026-07-30 13:38:12,BTCUSDT,BINANCE,TRADE,64050,0.00027
2026-07-30 13:38:12,ETHUSDT,BINANCE,TRADE,1904.46,0.2099
2026-07-30 13:38:12,BTCUSDT,BINANCE,TRADE,64050,0.00029
2026-07-30 13:38:12,BTCUSDT,BINANCE,TRADE,64050,0.00312
2026-07-30 13:38:12,BTCUSDT,BINANCE,TRADE,64050,0.00398
2026-07-30 13:38:12,BTCUSDT,BINANCE,TRADE,64050,0.00019
2026-07-30 13:38:12,BTCUSDT,BINANCE,TRADE,64050,0.00065
2026-07-30 13:38:12,BTCUSDT,BINANCE,TRADE,64050,0.00014
2026-07-30 13:38:12,SOLUSDT,BINANCE,TRADE,73.43,11.07
2026-07-30 13:38:12,BTCUSDT,BINANCE,TRADE,64050,0.00019
2026-07-30 13:38:12,BTCUSDT,BINANCE,TRADE,64050,0.00147
2026-07-30 13:38:12,ETHUSDT,BINANCE,TRADE,1904.47,0.0024
2026-07-30 13:38:12,ETHUSDT,BINANCE,TRADE,1904.47,0.0028
2026-07-30 13:38:12,ETHUSDT,BINANCE,TRADE,1904.47,0.1872
2026-07-30 13:38:12,BTCUSDT,BINANCE,TRADE,64050,0.00983
2026-07-30 13:38:12,BTCUSDT,BINANCE,TRADE,64050,0.00094
2026-07-30 13:38:12,ETHUSDT,BINANCE,TRADE,1904.47,0.0183
2026-07-30 13:38:12,BTCUSDT,BINANCE,TRADE,64050,0.00138
2026-07-30 13:38:12,BTCUSDT,BINANCE,TRADE,64050,0.00026
2026-07-30 13:38:12,BTCUSDT,BINANCE,TRADE,64050,0.00065
2026-07-30 13:38:12,ETHUSDT,BINANCE,TRADE,1904.47,0.5506
2026-07-30 13:38:12,ETHUSDT,BINANCE,TRADE,1904.47,0.0027
2026-07-30 13:38:12,ETHUSDT,BINANCE,TRADE,1904.47,0.0027
2026-07-30 13:38:12,ETHUSDT,BINANCE,TRADE,1904.47,0.0027
2026-07-30 13:38:12,ETHUSDT,BINANCE,TRADE,1904.47,0.0053
2026-07-30 13:38:12,ETHUSDT,BINANCE,TRADE,1904.47,0.0027
2026-07-30 13:38:12,ETHUSDT,BINANCE,TRADE,1904.47,0.0027
2026-07-30 13:38:12,ETHUSDT,BINANCE,TRADE,1904.47,0.0028
2026-07-30 13:38:12,ETHUSDT,BINANCE,TRADE,1904.47,0.05
2026-07-30 13:38:12,ETHUSDT,BINANCE,TRADE,1904.47,0.0032
2026-07-30 13:38:12,ETHUSDT,BINANCE,TRADE,1904.47,0.0027
2026-07-30 13:38:12,ETHUSDT,BINANCE,TRADE,1904.47,0.0032
2026-07-30 13:38:12,ETHUSDT,BINANCE,TRADE,1904.47,0.0028
2026-07-30 13:38:12,ETHUSDT,BINANCE,TRADE,1904.47,0.0027
2026-07-30 13:38:12,ETHUSDT,BINANCE,TRADE,1904.47,0.0027
2026-07-30 13:38:12,ETHUSDT,BINANCE,TRADE,1904.47,0.0032
2026-07-30 13:38:12,ETHUSDT,BINANCE,TRADE,1904.48,0.0028
2026-07-30 13:38:12,ETHUSDT,BINANCE,TRADE,1904.48,0.0027
2026-07-30 13:38:12,ETHUSDT,BINANCE,TRADE,1904.48,0.0027
2026-07-30 13:38:12,ETHUSDT,BINANCE,TRADE,1904.48,0.0053
2026-07-30 13:38:12,ETHUSDT,BINANCE,TRADE,1904.48,0.0027
2026-07-30 13:38:12,ETHUSDT,BINANCE,TRADE,1904.49,0.0027
2026-07-30 13:38:12,ETHUSDT,BINANCE,TRADE,1904.49,0.0028
2026-07-30 13:38:12,ETHUSDT,BINANCE,TRADE,1904.49,0.0053
2026-07-30 13:38:12,ETHUSDT,BINANCE,TRADE,1904.5,0.05
2026-07-30 13:38:12,ETHUSDT,BINANCE,TRADE,1904.5,0.0028
2026-07-30 13:38:12,ETHUSDT,BINANCE,TRADE,1904.51,0.0028
2026-07-30 13:38:12,ETHUSDT,BINANCE,TRADE,1904.52,0.0108
2026-07-30 13:38:12,ETHUSDT,BINANCE,TRADE,1904.52,0.003
2026-07-30 13:38:12,ETHUSDT,BINANCE,TRADE,1904.52,0.0028
2026-07-30 13:38:12,ETHUSDT,BINANCE,TRADE,1904.53,0.0028
2026-07-30 13:38:12,ETHUSDT,BINANCE,TRADE,1904.54,0.0028
2026-07-30 13:38:12,ETHUSDT,BINANCE,TRADE,1904.55,0.0028
2026-07-30 13:38:12,ETHUSDT,BINANCE,TRADE,1904.56,0.0028
2026-07-30 13:38:12,ETHUSDT,BINANCE,TRADE,1904.57,0.0028
2026-07-30 13:38:12,ETHUSDT,BINANCE,TRADE,1904.57,0.0028
2026-07-30 13:38:12,ETHUSDT,BINANCE,TRADE,1904.57,0.0028
2026-07-30 13:38:12,ETHUSDT,BINANCE,TRADE,1904.58,0.1116
2026-07-30 13:38:12,ETHUSDT,BINANCE,TRADE,1904.58,0.0027
2026-07-30 13:38:12,ETHUSDT,BINANCE,TRADE,1904.59,0.0028
2026-07-30 13:38:12,ETHUSDT,BINANCE,TRADE,1904.59,0.0028
2026-07-30 13:38:12,ETHUSDT,BINANCE,TRADE,1904.59,0.0028
2026-07-30 13:38:12,BTCUSDT,BINANCE,TRADE,64050,0.00297
2026-07-30 13:38:12,BTCUSDT,BINANCE,TRADE,64050,0.00312
2026-07-30 13:38:12,BTCUSDT,BINANCE,TRADE,64050,0.00515
2026-07-30 13:38:12,BTCUSDT,BINANCE,TRADE,64050,0.00275
2026-07-30 13:38:12,BTCUSDT,BINANCE,TRADE,64050,0.00157
2026-07-30 13:38:12,BTCUSDT,BINANCE,TRADE,64050,0.00665
2026-07-30 13:38:12,BTCUSDT,BINANCE,TRADE,64050,0.00062
2026-07-30 13:38:12,BTCUSDT,BINANCE,TRADE,64050,0.00148
2026-07-30 13:38:12,BTCUSDT,BINANCE,TRADE,64050,0.00062
2026-07-30 13:38:12,BTCUSDT,BINANCE,TRADE,64050,0.00016
2026-07-30 13:38:12,BTCUSDT,BINANCE,TRADE,64050,8e-05
2026-07-30 13:38:12,BTCUSDT,BINANCE,TRADE,64050,8e-05
2026-07-30 13:38:12,BTCUSDT,BINANCE,TRADE,64050,8e-05
2026-07-30 13:38:12,BTCUSDT,BINANCE,TRADE,64050,8e-05
2026-07-30 13:38:12,BTCUSDT,BINANCE,TRADE,64050,8e-05
2026-07-30 13:38:12,BTCUSDT,BINANCE,TRADE,64050,0.00026
2026-07-30 13:38:12,BTCUSDT,BINANCE,TRADE,64050,8e-05
2026-07-30 13:38:12,BTCUSDT,BINANCE,TRADE,64050,8e-05
2026-07-30 13:38:12,BTCUSDT,BINANCE,TRADE,64050,9e-05
2026-07-30 13:38:12,BTCUSDT,BINANCE,TRADE,64050,0.00186
2026-07-30 13:38:12,BTCUSDT,BINANCE,TRADE,64050,8e-05
2026-07-30 13:38:12,BTCUSDT,BINANCE,TRADE,64050,8e-05
2026-07-30 13:38:12,BTCUSDT,BINANCE,TRADE,64050,8e-05
2026-07-30 13:38:12,BTCUSDT,BINANCE,TRADE,64050,8e-05
2026-07-30 13:38:12,BTCUSDT,BINANCE,TRADE,64050,9e-05
2026-07-30 13:38:12,BTCUSDT,BINANCE,TRADE,64050,9e-05
2026-07-30 13:38:12,BTCUSDT,BINANCE,TRADE,64050,0.00672
2026-07-30 13:38:12,BTCUSDT,BINANCE,TRADE,64050,9e-05
2026-07-30 13:38:12,BTCUSDT,BINANCE,TRADE,64050,8e-05
2026-07-30 13:38:12,BTCUSDT,BINANCE,TRADE,64050,9e-05
2026-07-30 13:38:12,BTCUSDT,BINANCE,TRADE,64050,8e-05
2026-07-30 13:38:12,BTCUSDT,BINANCE,TRADE,64050,8e-05
2026-07-30 13:38:12,BTCUSDT,BINANCE,TRADE,64050,9e-05
2026-07-30 13:38:12,BTCUSDT,BINANCE,TRADE,64050,0.00016
2026-07-30 13:38:12,BTCUSDT,BINANCE,TRADE,64050,8e-05
2026-07-30 13:38:12,BTCUSDT,BINANCE,TRADE,64050,8e-05
2026-07-30 13:38:12,BTCUSDT,BINANCE,TRADE,64050,8e-05
2026-07-30 13:38:12,BTCUSDT,BINANCE,TRADE,64050,9e-05
2026-07-30 13:38:12,BTCUSDT,BINANCE,TRADE,64050,8e-05
2026-07-30 13:38:12,BTCUSDT,BINANCE,TRADE,64050,8e-05
2026-07-30 13:38:12,BTCUSDT,BINANCE,TRADE,64050,9e-05
2026-07-30 13:38:12,BTCUSDT,BINANCE,TRADE,64050,9e-05
2026-07-30 13:38:12,BTCUSDT,BINANCE,TRADE,64050,0.00016
2026-07-30 13:38:12,BTCUSDT,BINANCE,TRADE,64050,8e-05
2026-07-30 13:38:12,BTCUSDT,BINANCE,TRADE,64050,8e-05
2026-07-30 13:38:12,BTCUSDT,BINANCE,TRADE,64050,8e-05
2026-07-30 13:38:12,BTCUSDT,BINANCE,TRADE,64050,8e-05
2026-07-30 13:38:12,BTCUSDT,BINANCE,TRADE,64050,8e-05
2026-07-30 13:38:12,BTCUSDT,BINANCE,TRADE,64050,8e-05
2026-07-30 13:38:12,BTCUSDT,BINANCE,TRADE,64050,0.00016
2026-07-30 13:38:12,BTCUSDT,BINANCE,TRADE,64051.2,9e-05
2026-07-30 13:38:12,BTCUSDT,BINANCE,TRADE,64052,9e-05
2026-07-30 13:38:12,BTCUSDT,BINANCE,TRADE,64052,9e-05
2026-07-30 13:38:12,BTCUSDT,BINANCE,TRADE,64052,9e-05
2026-07-30 13:38:12,BTCUSDT,BINANCE,TRADE,64052,0.00031
2026-07-30 13:38:12,BTCUSDT,BINANCE,TRADE,64052,0.00029
2026-07-30 13:38:12,BTCUSDT,BINANCE,TRADE,64052,0.00065
2026-07-30 13:38:12,BTCUSDT,BINANCE,TRADE,64052,0.00027
2026-07-30 13:38:12,ETHUSDT,BINANCE,TRADE,1904.6,0.0032
2026-07-30 13:38:12,ETHUSDT,BINANCE,TRADE,1904.6,0.0217
2026-07-30 13:38:12,BTCUSDT,BINANCE,TRADE,64052,0.00166
2026-07-30 13:38:13,ETHUSDT,BINANCE,TRADE,1904.6,0.003
2026-07-30 13:38:13,BTCUSDT,BINANCE,TRADE,64052,0.00129
2026-07-30 13:38:13,BTCUSDT,BINANCE,TRADE,64052,0.00015
2026-07-30 13:38:13,ETHUSDT,BINANCE,TRADE,1904.6,0.0027
2026-07-30 13:38:13,ETHUSDT,BINANCE,TRADE,1904.6,0.0032
2026-07-30 13:38:13,ETHUSDT,BINANCE,TRADE,1904.6,0.0024
2026-07-30 13:38:13,ETHUSDT,BINANCE,TRADE,1904.6,0.0004
2026-07-30 13:38:13,ETHUSDT,BINANCE,TRADE,1904.6,0.0027
2026-07-30 13:38:13,ETHUSDT,BINANCE,TRADE,1904.6,0.0027
2026-07-30 13:38:13,ETHUSDT,BINANCE,TRADE,1904.6,0.0028
2026-07-30 13:38:13,ETHUSDT,BINANCE,TRADE,1904.6,0.0032
2026-07-30 13:38:13,ETHUSDT,BINANCE,TRADE,1904.6,0.0032
2026-07-30 13:38:13,ETHUSDT,BINANCE,TRADE,1904.6,0.0027
2026-07-30 13:38:13,ETHUSDT,BINANCE,TRADE,1904.6,0.0027
2026-07-30 13:38:13,ETHUSDT,BINANCE,TRADE,1904.6,0.0027
2026-07-30 13:38:13,ETHUSDT,BINANCE,TRADE,1904.6,0.0032
2026-07-30 13:38:13,ETHUSDT,BINANCE,TRADE,1904.6,1.3007
2026-07-30 13:38:13,ETHUSDT,BINANCE,TRADE,1904.59,0.0035
2026-07-30 13:38:13,ETHUSDT,BINANCE,TRADE,1904.6,0.0028
2026-07-30 13:38:13,ETHUSDT,BINANCE,TRADE,1904.6,0.0028
2026-07-30 13:38:13,ETHUSDT,BINANCE,TRADE,1904.6,0.0027
2026-07-30 13:38:13,ETHUSDT,BINANCE,TRADE,1904.6,0.0027
2026-07-30 13:38:13,ETHUSDT,BINANCE,TRADE,1904.6,0.0027
2026-07-30 13:38:13,ETHUSDT,BINANCE,TRADE,1904.6,0.0027
2026-07-30 13:38:13,ETHUSDT,BINANCE,TRADE,1904.6,0.0032
2026-07-30 13:38:13,ETHUSDT,BINANCE,TRADE,1904.6,0.0032
2026-07-30 13:38:13,ETHUSDT,BINANCE,TRADE,1904.6,0.0032
2026-07-30 13:38:13,ETHUSDT,BINANCE,TRADE,1904.61,0.0028
2026-07-30 13:38:13,ETHUSDT,BINANCE,TRADE,1904.61,0.0027
2026-07-30 13:38:13,ETHUSDT,BINANCE,TRADE,1904.61,0.0027
2026-07-30 13:38:13,ETHUSDT,BINANCE,TRADE,1904.61,0.0027
2026-07-30 13:38:13,ETHUSDT,BINANCE,TRADE,1904.62,0.0028
2026-07-30 13:38:13,ETHUSDT,BINANCE,TRADE,1904.63,0.0028
2026-07-30 13:38:13,ETHUSDT,BINANCE,TRADE,1904.64,0.0027
2026-07-30 13:38:13,ETHUSDT,BINANCE,TRADE,1904.64,0.0028
2026-07-30 13:38:13,ETHUSDT,BINANCE,TRADE,1904.65,0.0028
2026-07-30 13:38:13,ETHUSDT,BINANCE,TRADE,1904.66,0.0028
2026-07-30 13:38:13,ETHUSDT,BINANCE,TRADE,1904.67,0.004
2026-07-30 13:38:13,ETHUSDT,BINANCE,TRADE,1904.67,0.0027
2026-07-30 13:38:13,ETHUSDT,BINANCE,TRADE,1904.67,0.0028
2026-07-30 13:38:13,ETHUSDT,BINANCE,TRADE,1904.68,0.0028
2026-07-30 13:38:13,ETHUSDT,BINANCE,TRADE,1904.68,0.0028
2026-07-30 13:38:13,ETHUSDT,BINANCE,TRADE,1904.68,0.0028
2026-07-30 13:38:13,ETHUSDT,BINANCE,TRADE,1904.68,0.0028
2026-07-30 13:38:13,BTCUSDT,BINANCE,TRADE,64052,0.00031
2026-07-30 13:38:13,BTCUSDT,BINANCE,TRADE,64052,0.00017
2026-07-30 13:38:13,BTCUSDT,BINANCE,TRADE,64052,0.00038
2026-07-30 13:38:13,BTCUSDT,BINANCE,TRADE,64052,0.00012
2026-07-30 13:38:13,BTCUSDT,BINANCE,TRADE,64052,0.00065
2026-07-30 13:38:13,BTCUSDT,BINANCE,TRADE,64052,0.00315
2026-07-30 13:38:13,BTCUSDT,BINANCE,TRADE,64052,0.00206
2026-07-30 13:38:13,BTCUSDT,BINANCE,TRADE,64052,0.0018
2026-07-30 13:38:13,BTCUSDT,BINANCE,TRADE,64052,0.00066
2026-07-30 13:38:13,ETHUSDT,BINANCE,TRADE,1904.69,0.0028
2026-07-30 13:38:13,ETHUSDT,BINANCE,TRADE,1904.69,0.0028
2026-07-30 13:38:13,ETHUSDT,BINANCE,TRADE,1904.69,0.0028
2026-07-30 13:38:13,ETHUSDT,BINANCE,TRADE,1904.69,0.0086
2026-07-30 13:38:13,BTCUSDT,BINANCE,TRADE,64052,0.00015
2026-07-30 13:38:13,BTCUSDT,BINANCE,TRADE,64052,0.00201
2026-07-30 13:38:13,ETHUSDT,BINANCE,TRADE,1904.68,0.003
2026-07-30 13:38:13,ETHUSDT,BINANCE,TRADE,1904.68,0.0002
2026-07-30 13:38:13,ETHUSDT,BINANCE,TRADE,1904.68,0.0027
2026-07-30 13:38:13,ETHUSDT,BINANCE,TRADE,1904.68,0.0032
2026-07-30 13:38:13,ETHUSDT,BINANCE,TRADE,1904.68,0.0027
2026-07-30 13:38:13,ETHUSDT,BINANCE,TRADE,1904.68,0.0028
2026-07-30 13:38:13,ETHUSDT,BINANCE,TRADE,1904.68,0.0053
2026-07-30 13:38:13,ETHUSDT,BINANCE,TRADE,1904.68,0.0027
2026-07-30 13:38:13,ETHUSDT,BINANCE,TRADE,1904.68,0.0095
2026-07-30 13:38:13,ETHUSDT,BINANCE,TRADE,1904.68,0.0028
2026-07-30 13:38:13,ETHUSDT,BINANCE,TRADE,1904.68,0.0032
2026-07-30 13:38:13,ETHUSDT,BINANCE,TRADE,1904.68,0.0027
2026-07-30 13:38:13,BTCUSDT,BINANCE,TRADE,64052,0.0006
2026-07-30 13:38:13,BTCUSDT,BINANCE,TRADE,64052,0.00065
2026-07-30 13:38:13,BTCUSDT,BINANCE,TRADE,64052,0.00031
2026-07-30 13:38:13,BTCUSDT,BINANCE,TRADE,64052,0.00024
2026-07-30 13:38:13,BTCUSDT,BINANCE,TRADE,64052,0.00258
2026-07-30 13:38:13,BTCUSDT,BINANCE,TRADE,64052,0.00251
2026-07-30 13:38:13,BTCUSDT,BINANCE,TRADE,64052,0.00029
2026-07-30 13:38:13,BTCUSDT,BINANCE,TRADE,64052,0.00071
2026-07-30 13:38:13,BTCUSDT,BINANCE,TRADE,64052,0.00149
2026-07-30 13:38:13,BTCUSDT,BINANCE,TRADE,64052,0.00091
2026-07-30 13:38:13,BTCUSDT,BINANCE,TRADE,64052,0.00031
2026-07-30 13:38:13,BTCUSDT,BINANCE,TRADE,64052,0.00782
2026-07-30 13:38:13,BTCUSDT,BINANCE,TRADE,64052,0.00029
2026-07-30 13:38:13,SOLUSDT,BINANCE,TRADE,73.43,0.102
2026-07-30 13:38:13,ETHUSDT,BINANCE,TRADE,1904.67,0.0053
2026-07-30 13:38:13,ETHUSDT,BINANCE,TRADE,1904.67,0.0028
2026-07-30 13:38:13,ETHUSDT,BINANCE,TRADE,1904.67,0.0027
2026-07-30 13:38:13,ETHUSDT,BINANCE,TRADE,1904.67,0.0032
2026-07-30 13:38:13,ETHUSDT,BINANCE,TRADE,1904.67,0.0028
2026-07-30 13:38:13,ETHUSDT,BINANCE,TRADE,1904.67,0.2515
2026-07-30 13:38:13,BTCUSDT,BINANCE,TRADE,64052,0.00019
2026-07-30 13:38:13,BTCUSDT,BINANCE,TRADE,64052,9e-05
2026-07-30 13:38:13,BTCUSDT,BINANCE,TRADE,64052,0.00065
2026-07-30 13:38:13,ETHUSDT,BINANCE,TRADE,1904.67,0.1724
2026-07-30 13:38:13,BTCUSDT,BINANCE,TRADE,64052,0.00312
2026-07-30 13:38:13,SOLUSDT,BINANCE,TRADE,73.44,0.177
2026-07-30 13:38:13,BTCUSDT,BINANCE,TRADE,64052,0.00017
2026-07-30 13:38:14,BTCUSDT,BINANCE,TRADE,64052,0.00515
2026-07-30 13:38:14,BTCUSDT,BINANCE,TRADE,64052,0.00065
2026-07-30 13:38:14,BTCUSDT,BINANCE,TRADE,64052,0.01638
2026-07-30 13:38:14,BTCUSDT,BINANCE,TRADE,64052,0.00235
2026-07-30 13:38:14,BTCUSDT,BINANCE,TRADE,64052,0.00014
2026-07-30 13:38:14,BTCUSDT,BINANCE,TRADE,64052,0.00275
2026-07-30 13:38:14,BTCUSDT,BINANCE,TRADE,64052,0.00157
2026-07-30 13:38:14,BTCUSDT,BINANCE,TRADE,64052,0.00031
2026-07-30 13:38:14,BTCUSDT,BINANCE,TRADE,64052,0.00097
2026-07-30 13:38:14,BTCUSDT,BINANCE,TRADE,64052,0.00042
2026-07-30 13:38:14,BTCUSDT,BINANCE,TRADE,64052,0.00312
2026-07-30 13:38:14,BTCUSDT,BINANCE,TRADE,64052,0.00029
2026-07-30 13:38:14,BTCUSDT,BINANCE,TRADE,64052,0.00065
2026-07-30 13:38:14,BTCUSDT,BINANCE,TRADE,64052,0.00027
2026-07-30 13:38:14,BTCUSDT,BINANCE,TRADE,64052,0.00156
2026-07-30 13:38:14,BTCUSDT,BINANCE,TRADE,64052,0.00049
2026-07-30 13:38:14,BTCUSDT,BINANCE,TRADE,64052,0.00521
2026-07-30 13:38:14,BTCUSDT,BINANCE,TRADE,64052,0.00166
2026-07-30 13:38:14,ETHUSDT,BINANCE,TRADE,1904.67,0.0249
2026-07-30 13:38:14,BTCUSDT,BINANCE,TRADE,64052,0.00019
2026-07-30 13:38:14,SOLUSDT,BINANCE,TRADE,73.44,0.1
2026-07-30 13:38:14,SOLUSDT,BINANCE,TRADE,73.44,0.082
2026-07-30 13:38:14,SOLUSDT,BINANCE,TRADE,73.44,0.069
2026-07-30 13:38:14,SOLUSDT,BINANCE,TRADE,73.44,0.075
2026-07-30 13:38:14,SOLUSDT,BINANCE,TRADE,73.44,0.75
2026-07-30 13:38:14,SOLUSDT,BINANCE,TRADE,73.44,0.136
2026-07-30 13:38:14,SOLUSDT,BINANCE,TRADE,73.44,0.809
2026-07-30 13:38:14,BTCUSDT,BINANCE,TRADE,64052,0.01952
2026-07-30 13:38:14,BTCUSDT,BINANCE,TRADE,64052,0.00065
2026-07-30 13:38:14,BTCUSDT,BINANCE,TRADE,64052,0.00509
2026-07-30 13:38:14,ETHUSDT,BINANCE,TRADE,1904.67,0.0183
2026-07-30 13:38:14,BTCUSDT,BINANCE,TRADE,64052,0.04468
2026-07-30 13:38:14,BTCUSDT,BINANCE,TRADE,64052,0.02113
2026-07-30 13:38:14,BTCUSDT,BINANCE,TRADE,64052,8e-05
2026-07-30 13:38:14,BTCUSDT,BINANCE,TRADE,64052,8e-05
2026-07-30 13:38:14,BTCUSDT,BINANCE,TRADE,64052,8e-05
2026-07-30 13:38:14,BTCUSDT,BINANCE,TRADE,64052,8e-05
2026-07-30 13:38:14,BTCUSDT,BINANCE,TRADE,64052,0.01193
2026-07-30 13:38:14,BTCUSDT,BINANCE,TRADE,64052,0.00029
2026-07-30 13:38:14,ETHUSDT,BINANCE,TRADE,1904.68,0.0152
2026-07-30 13:38:14,BTCUSDT,BINANCE,TRADE,64052,0.00026
2026-07-30 13:38:14,BTCUSDT,BINANCE,TRADE,64052,0.00031
2026-07-30 13:38:14,BTCUSDT,BINANCE,TRADE,64052,0.01216
2026-07-30 13:38:14,BTCUSDT,BINANCE,TRADE,64052,0.00014
2026-07-30 13:38:15,BTCUSDT,BINANCE,TRADE,64052,0.00065
2026-07-30 13:38:15,BTCUSDT,BINANCE,TRADE,64052,0.002
2026-07-30 13:38:15,ETHUSDT,BINANCE,TRADE,1904.68,0.1223
2026-07-30 13:38:15,ETHUSDT,BINANCE,TRADE,1904.68,0.1108
2026-07-30 13:38:15,ETHUSDT,BINANCE,TRADE,1904.68,0.0028
2026-07-30 13:38:15,ETHUSDT,BINANCE,TRADE,1904.68,0.0003
2026-07-30 13:38:15,BTCUSDT,BINANCE,TRADE,64052,0.00019
2026-07-30 13:38:15,BTCUSDT,BINANCE,TRADE,64052,0.00031
2026-07-30 13:38:15,BTCUSDT,BINANCE,TRADE,64052,0.00016
2026-07-30 13:38:15,BTCUSDT,BINANCE,TRADE,64052,0.002
2026-07-30 13:38:15,BTCUSDT,BINANCE,TRADE,64052,0.00029
2026-07-30 13:38:15,BTCUSDT,BINANCE,TRADE,64052,0.00312
2026-07-30 13:38:15,BTCUSDT,BINANCE,TRADE,64052,0.00065
2026-07-30 13:38:15,BTCUSDT,BINANCE,TRADE,64052,0.00027
2026-07-30 13:38:15,BTCUSDT,BINANCE,TRADE,64052,0.00223
2026-07-30 13:38:15,BTCUSDT,BINANCE,TRADE,64052,0.00893
2026-07-30 13:38:15,BTCUSDT,BINANCE,TRADE,64052,0.00017
2026-07-30 13:38:15,BTCUSDT,BINANCE,TRADE,64052,0.00071
2026-07-30 13:38:15,BTCUSDT,BINANCE,TRADE,64052,0.00065
2026-07-30 13:38:15,BTCUSDT,BINANCE,TRADE,64052,0.00158
2026-07-30 13:38:15,ETHUSDT,BINANCE,TRADE,1904.67,0.0083
2026-07-30 13:38:15,BTCUSDT,BINANCE,TRADE,64052,0.00312
2026-07-30 13:38:15,BTCUSDT,BINANCE,TRADE,64052,0.00129
2026-07-30 13:38:15,ETHUSDT,BINANCE,TRADE,1904.67,0.1924
2026-07-30 13:38:15,ETHUSDT,BINANCE,TRADE,1904.67,0.0261
2026-07-30 13:38:15,ETHUSDT,BINANCE,TRADE,1904.68,0.0024
2026-07-30 13:38:15,ETHUSDT,BINANCE,TRADE,1904.68,0.0028
2026-07-30 13:38:15,ETHUSDT,BINANCE,TRADE,1904.68,0.0096
2026-07-30 13:38:15,BTCUSDT,BINANCE,TRADE,64052,0.00138
2026-07-30 13:38:15,BTCUSDT,BINANCE,TRADE,64052,0.00065
2026-07-30 13:38:15,BTCUSDT,BINANCE,TRADE,64052,0.00066
2026-07-30 13:38:15,BTCUSDT,BINANCE,TRADE,64052,0.00132
2026-07-30 13:38:15,BTCUSDT,BINANCE,TRADE,64052,0.00031
2026-07-30 13:38:15,ETHUSDT,BINANCE,TRADE,1904.68,0.0105
2026-07-30 13:38:15,BTCUSDT,BINANCE,TRADE,64052,0.00132
2026-07-30 13:38:15,SOLUSDT,BINANCE,TRADE,73.44,0.32
2026-07-30 13:38:15,SOLUSDT,BINANCE,TRADE,73.44,0.072
2026-07-30 13:38:15,SOLUSDT,BINANCE,TRADE,73.44,0.072
2026-07-30 13:38:15,SOLUSDT,BINANCE,TRADE,73.44,0.137
2026-07-30 13:38:15,SOLUSDT,BINANCE,TRADE,73.44,0.072
2026-07-30 13:38:15,SOLUSDT,BINANCE,TRADE,73.44,0.072
2026-07-30 13:38:15,SOLUSDT,BINANCE,TRADE,73.44,0.072
2026-07-30 13:38:15,SOLUSDT,BINANCE,TRADE,73.44,0.072
2026-07-30 13:38:15,SOLUSDT,BINANCE,TRADE,73.44,0.072
2026-07-30 13:38:15,SOLUSDT,BINANCE,TRADE,73.44,0.072
2026-07-30 13:38:15,SOLUSDT,BINANCE,TRADE,73.44,0.072
2026-07-30 13:38:15,SOLUSDT,BINANCE,TRADE,73.44,0.072
2026-07-30 13:38:15,SOLUSDT,BINANCE,TRADE,73.44,5
2026-07-30 13:38:15,SOLUSDT,BINANCE,TRADE,73.44,0.07
2026-07-30 13:38:15,SOLUSDT,BINANCE,TRADE,73.44,0.277
2026-07-30 13:38:15,SOLUSDT,BINANCE,TRADE,73.44,0.072
2026-07-30 13:38:15,SOLUSDT,BINANCE,TRADE,73.44,0.072
2026-07-30 13:38:15,SOLUSDT,BINANCE,TRADE,73.44,0.072
2026-07-30 13:38:15,BTCUSDT,BINANCE,TRADE,64052,0.002
2026-07-30 13:38:15,BTCUSDT,BINANCE,TRADE,64052,0.00029
2026-07-30 13:38:15,BTCUSDT,BINANCE,TRADE,64052,8e-05
2026-07-30 13:38:15,BTCUSDT,BINANCE,TRADE,64052,8e-05
2026-07-30 13:38:15,BTCUSDT,BINANCE,TRADE,64052,8e-05
2026-07-30 13:38:15,BTCUSDT,BINANCE,TRADE,64052,8e-05
2026-07-30 13:38:15,BTCUSDT,BINANCE,TRADE,64052,8e-05
2026-07-30 13:38:15,BTCUSDT,BINANCE,TRADE,64052,8e-05
2026-07-30 13:38:15,BTCUSDT,BINANCE,TRADE,64052,9e-05
2026-07-30 13:38:15,BTCUSDT,BINANCE,TRADE,64052,8e-05
2026-07-30 13:38:15,BTCUSDT,BINANCE,TRADE,64052,0.00143
2026-07-30 13:38:15,BTCUSDT,BINANCE,TRADE,64052,0.0012
2026-07-30 13:38:15,BTCUSDT,BINANCE,TRADE,64052,0.00112
2026-07-30 13:38:15,BTCUSDT,BINANCE,TRADE,64052,8e-05
2026-07-30 13:38:15,BTCUSDT,BINANCE,TRADE,64052,8e-05
2026-07-30 13:38:15,BTCUSDT,BINANCE,TRADE,64052,8e-05
2026-07-30 13:38:15,BTCUSDT,BINANCE,TRADE,64052,8e-05
2026-07-30 13:38:15,BTCUSDT,BINANCE,TRADE,64052,8e-05
2026-07-30 13:38:15,BTCUSDT,BINANCE,TRADE,64052,0.00035
2026-07-30 13:38:16,BTCUSDT,BINANCE,TRADE,64052,0.00031
2026-07-30 13:38:16,BTCUSDT,BINANCE,TRADE,64052,4e-05
2026-07-30 13:38:16,BTCUSDT,BINANCE,TRADE,64052,0.00048
2026-07-30 13:38:16,BTCUSDT,BINANCE,TRADE,64052,0.00016
2026-07-30 13:38:16,BTCUSDT,BINANCE,TRADE,64052,0.003
2026-07-30 13:38:16,BTCUSDT,BINANCE,TRADE,64052,0.00408
2026-07-30 13:38:16,BTCUSDT,BINANCE,TRADE,64052,8e-05
2026-07-30 13:38:16,BTCUSDT,BINANCE,TRADE,64052,8e-05
2026-07-30 13:38:16,BTCUSDT,BINANCE,TRADE,64052,8e-05
2026-07-30 13:38:16,BTCUSDT,BINANCE,TRADE,64052,8e-05
2026-07-30 13:38:16,BTCUSDT,BINANCE,TRADE,64052,0.01144
2026-07-30 13:38:16,BTCUSDT,BINANCE,TRADE,64052,0.00031
2026-07-30 13:38:16,BTCUSDT,BINANCE,TRADE,64052,0.00016
2026-07-30 13:38:16,BTCUSDT,BINANCE,TRADE,64052,0.00029
2026-07-30 13:38:16,BTCUSDT,BINANCE,TRADE,64052,0.01873
2026-07-30 13:38:16,BTCUSDT,BINANCE,TRADE,64052,0.00019
2026-07-30 13:38:16,BTCUSDT,BINANCE,TRADE,64052,0.00166
2026-07-30 13:38:16,BTCUSDT,BINANCE,TRADE,64052,0.00014
2026-07-30 13:38:16,BTCUSDT,BINANCE,TRADE,64052,0.00078
2026-07-30 13:38:16,BTCUSDT,BINANCE,TRADE,64052,0.00065
2026-07-30 13:38:16,BTCUSDT,BINANCE,TRADE,64052,0.00275
2026-07-30 13:38:16,ETHUSDT,BINANCE,TRADE,1904.68,0.0028
2026-07-30 13:38:16,ETHUSDT,BINANCE,TRADE,1904.68,0.0028
2026-07-30 13:38:16,ETHUSDT,BINANCE,TRADE,1904.68,0.0027
2026-07-30 13:38:16,ETHUSDT,BINANCE,TRADE,1904.68,0.0053
2026-07-30 13:38:16,ETHUSDT,BINANCE,TRADE,1904.68,0.0027
2026-07-30 13:38:16,ETHUSDT,BINANCE,TRADE,1904.68,0.0027
2026-07-30 13:38:16,ETHUSDT,BINANCE,TRADE,1904.68,0.2
2026-07-30 13:38:16,ETHUSDT,BINANCE,TRADE,1904.68,0.021
2026-07-30 13:38:16,ETHUSDT,BINANCE,TRADE,1904.68,0.05
2026-07-30 13:38:16,ETHUSDT,BINANCE,TRADE,1904.68,0.0032
2026-07-30 13:38:16,ETHUSDT,BINANCE,TRADE,1904.68,0.0027
2026-07-30 13:38:16,ETHUSDT,BINANCE,TRADE,1904.68,0.0027
2026-07-30 13:38:16,ETHUSDT,BINANCE,TRADE,1904.68,0.021
2026-07-30 13:38:16,ETHUSDT,BINANCE,TRADE,1904.68,0.0211
2026-07-30 13:38:16,ETHUSDT,BINANCE,TRADE,1904.68,0.0027
2026-07-30 13:38:16,ETHUSDT,BINANCE,TRADE,1904.68,0.0031
2026-07-30 13:38:16,ETHUSDT,BINANCE,TRADE,1904.68,0.0032
2026-07-30 13:38:16,ETHUSDT,BINANCE,TRADE,1904.69,0.0028
2026-07-30 13:38:16,ETHUSDT,BINANCE,TRADE,1904.69,0.0053
2026-07-30 13:38:16,ETHUSDT,BINANCE,TRADE,1904.69,0.0027
2026-07-30 13:38:16,ETHUSDT,BINANCE,TRADE,1904.69,0.0027
2026-07-30 13:38:16,ETHUSDT,BINANCE,TRADE,1904.69,0.0027
2026-07-30 13:38:16,ETHUSDT,BINANCE,TRADE,1904.7,0.0028
2026-07-30 13:38:16,ETHUSDT,BINANCE,TRADE,1904.7,0.0053
2026-07-30 13:38:16,ETHUSDT,BINANCE,TRADE,1904.7,0.0032
2026-07-30 13:38:16,ETHUSDT,BINANCE,TRADE,1904.7,0.0028
2026-07-30 13:38:16,ETHUSDT,BINANCE,TRADE,1904.7,0.0028
2026-07-30 13:38:16,ETHUSDT,BINANCE,TRADE,1904.7,0.0028
2026-07-30 13:38:16,BTCUSDT,BINANCE,TRADE,64052,0.00017
2026-07-30 13:38:16,BTCUSDT,BINANCE,TRADE,64052,0.00521
2026-07-30 13:38:16,BTCUSDT,BINANCE,TRADE,64052,0.00012
2026-07-30 13:38:16,BTCUSDT,BINANCE,TRADE,64052,0.00042
2026-07-30 13:38:16,BTCUSDT,BINANCE,TRADE,64052,0.00147
2026-07-30 13:38:16,BTCUSDT,BINANCE,TRADE,64052,0.00065
2026-07-30 13:38:16,BTCUSDT,BINANCE,TRADE,64052,0.00312
2026-07-30 13:38:16,BTCUSDT,BINANCE,TRADE,64052,0.00019
2026-07-30 13:38:16,BTCUSDT,BINANCE,TRADE,64052,0.00014
2026-07-30 13:38:16,BTCUSDT,BINANCE,TRADE,64052,0.002
2026-07-30 13:38:16,BTCUSDT,BINANCE,TRADE,64052,0.0024
2026-07-30 13:38:16,BTCUSDT,BINANCE,TRADE,64052,0.00275
2026-07-30 13:38:16,BTCUSDT,BINANCE,TRADE,64052,0.00029
2026-07-30 13:38:16,BTCUSDT,BINANCE,TRADE,64052,0.00031
2026-07-30 13:38:16,BTCUSDT,BINANCE,TRADE,64052,0.00029
2026-07-30 13:38:16,BTCUSDT,BINANCE,TRADE,64052,0.00027
2026-07-30 13:38:16,BTCUSDT,BINANCE,TRADE,64052,0.00859
2026-07-30 13:38:16,BTCUSDT,BINANCE,TRADE,64052,0.00065
2026-07-30 13:38:16,BTCUSDT,BINANCE,TRADE,64052,9e-05
2026-07-30 13:38:16,BTCUSDT,BINANCE,TRADE,64052,0.00019
2026-07-30 13:38:17,BTCUSDT,BINANCE,TRADE,64052,0.00065
2026-07-30 13:38:17,BTCUSDT,BINANCE,TRADE,64052,0.00031
2026-07-30 13:38:17,BTCUSDT,BINANCE,TRADE,64052,0.02145
2026-07-30 13:38:17,ETHUSDT,BINANCE,TRADE,1904.71,0.1724
2026-07-30 13:38:17,BTCUSDT,BINANCE,TRADE,64052,0.00312
2026-07-30 13:38:17,BTCUSDT,BINANCE,TRADE,64052,0.00014
2026-07-30 13:38:17,BTCUSDT,BINANCE,TRADE,64052,0.00426
2026-07-30 13:38:17,BTCUSDT,BINANCE,TRADE,64052,0.00011
2026-07-30 13:38:17,BTCUSDT,BINANCE,TRADE,64052,9e-05
2026-07-30 13:38:17,BTCUSDT,BINANCE,TRADE,64052,8e-05
2026-07-30 13:38:17,BTCUSDT,BINANCE,TRADE,64052,8e-05
2026-07-30 13:38:17,BTCUSDT,BINANCE,TRADE,64052,8e-05
2026-07-30 13:38:17,BTCUSDT,BINANCE,TRADE,64052,8e-05
2026-07-30 13:38:17,BTCUSDT,BINANCE,TRADE,64052,8e-05
2026-07-30 13:38:17,BTCUSDT,BINANCE,TRADE,64052,8e-05
2026-07-30 13:38:17,BTCUSDT,BINANCE,TRADE,64052,0.00015
2026-07-30 13:38:17,BTCUSDT,BINANCE,TRADE,64052,0.00065
2026-07-30 13:38:17,BTCUSDT,BINANCE,TRADE,64052,0.01952
2026-07-30 13:38:17,ETHUSDT,BINANCE,TRADE,1904.7,0.0152
2026-07-30 13:38:17,BTCUSDT,BINANCE,TRADE,64052,0.002
2026-07-30 13:38:17,BTCUSDT,BINANCE,TRADE,64052,8e-05
2026-07-30 13:38:17,BTCUSDT,BINANCE,TRADE,64052,0.00016
2026-07-30 13:38:17,BTCUSDT,BINANCE,TRADE,64052,5e-05
2026-07-30 13:38:17,BTCUSDT,BINANCE,TRADE,64052,3e-05
2026-07-30 13:38:17,BTCUSDT,BINANCE,TRADE,64052,8e-05
2026-07-30 13:38:17,BTCUSDT,BINANCE,TRADE,64052,0.0002
2026-07-30 13:38:17,BTCUSDT,BINANCE,TRADE,64052,0.00065
2026-07-30 13:38:17,BTCUSDT,BINANCE,TRADE,64052,0.00032
2026-07-30 13:38:17,BTCUSDT,BINANCE,TRADE,64052,0.0006
2026-07-30 13:38:17,BTCUSDT,BINANCE,TRADE,64052,0.00177
2026-07-30 13:38:17,BTCUSDT,BINANCE,TRADE,64052,0.00242
2026-07-30 13:38:17,BTCUSDT,BINANCE,TRADE,64052,8e-05
2026-07-30 13:38:17,BTCUSDT,BINANCE,TRADE,64052,8e-05
2026-07-30 13:38:17,BTCUSDT,BINANCE,TRADE,64052,9e-05
2026-07-30 13:38:17,BTCUSDT,BINANCE,TRADE,64052,9e-05
2026-07-30 13:38:17,BTCUSDT,BINANCE,TRADE,64052,8e-05
2026-07-30 13:38:17,BTCUSDT,BINANCE,TRADE,64052,9e-05
2026-07-30 13:38:17,BTCUSDT,BINANCE,TRADE,64052,8e-05
2026-07-30 13:38:17,BTCUSDT,BINANCE,TRADE,64052,8e-05
2026-07-30 13:38:17,BTCUSDT,BINANCE,TRADE,64052,8e-05
2026-07-30 13:38:17,BTCUSDT,BINANCE,TRADE,64052,8e-05
2026-07-30 13:38:17,BTCUSDT,BINANCE,TRADE,64052,8e-05
2026-07-30 13:38:17,BTCUSDT,BINANCE,TRADE,64052,8e-05
2026-07-30 13:38:17,BTCUSDT,BINANCE,TRADE,64052,8e-05
2026-07-30 13:38:17,BTCUSDT,BINANCE,TRADE,64052,0.00016
2026-07-30 13:38:17,BTCUSDT,BINANCE,TRADE,64052,8e-05
2026-07-30 13:38:17,BTCUSDT,BINANCE,TRADE,64052,8e-05
2026-07-30 13:38:17,BTCUSDT,BINANCE,TRADE,64052,9e-05
2026-07-30 13:38:17,BTCUSDT,BINANCE,TRADE,64052,8e-05
2026-07-30 13:38:17,BTCUSDT,BINANCE,TRADE,64052,8e-05
2026-07-30 13:38:17,BTCUSDT,BINANCE,TRADE,64052,8e-05
2026-07-30 13:38:17,BTCUSDT,BINANCE,TRADE,64052,9e-05
2026-07-30 13:38:17,BTCUSDT,BINANCE,TRADE,64052,8e-05
2026-07-30 13:38:17,BTCUSDT,BINANCE,TRADE,64052,8e-05
2026-07-30 13:38:17,BTCUSDT,BINANCE,TRADE,64052,8e-05
2026-07-30 13:38:17,BTCUSDT,BINANCE,TRADE,64052,0.00016
2026-07-30 13:38:17,BTCUSDT,BINANCE,TRADE,64052,8e-05
2026-07-30 13:38:17,BTCUSDT,BINANCE,TRADE,64052,8e-05
2026-07-30 13:38:17,BTCUSDT,BINANCE,TRADE,64052,8e-05
2026-07-30 13:38:17,BTCUSDT,BINANCE,TRADE,64052,0.00016
2026-07-30 13:38:17,BTCUSDT,BINANCE,TRADE,64052.2,8e-05
2026-07-30 13:38:17,BTCUSDT,BINANCE,TRADE,64052.3,9e-05
2026-07-30 13:38:17,BTCUSDT,BINANCE,TRADE,64052.7,0.00448
2026-07-30 13:38:17,BTCUSDT,BINANCE,TRADE,64052.7,0.00027
2026-07-30 13:38:17,BTCUSDT,BINANCE,TRADE,64052.7,0.00065
2026-07-30 13:38:17,SOLUSDT,BINANCE,TRADE,73.44,0.28
2026-07-30 13:38:17,SOLUSDT,BINANCE,TRADE,73.44,0.55
2026-07-30 13:38:17,SOLUSDT,BINANCE,TRADE,73.44,0.55
2026-07-30 13:38:17,SOLUSDT,BINANCE,TRADE,73.44,0.29
2026-07-30 13:38:17,SOLUSDT,BINANCE,TRADE,73.44,0.55
2026-07-30 13:38:17,SOLUSDT,BINANCE,TRADE,73.44,0.55
2026-07-30 13:38:17,SOLUSDT,BINANCE,TRADE,73.44,3.41
2026-07-30 13:38:17,SOLUSDT,BINANCE,TRADE,73.44,0.68
2026-07-30 13:38:17,SOLUSDT,BINANCE,TRADE,73.44,0.17
2026-07-30 13:38:17,SOLUSDT,BINANCE,TRADE,73.44,20.2
2026-07-30 13:38:17,BTCUSDT,BINANCE,TRADE,64052.7,0.0002
2026-07-30 13:38:17,BTCUSDT,BINANCE,TRADE,64052.7,8e-05
2026-07-30 13:38:17,BTCUSDT,BINANCE,TRADE,64052.7,8e-05
2026-07-30 13:38:17,BTCUSDT,BINANCE,TRADE,64052.7,8e-05
2026-07-30 13:38:17,BTCUSDT,BINANCE,TRADE,64052.7,8e-05
2026-07-30 13:38:17,BTCUSDT,BINANCE,TRADE,64052.7,8e-05
2026-07-30 13:38:17,BTCUSDT,BINANCE,TRADE,64052.7,8e-05
2026-07-30 13:38:17,BTCUSDT,BINANCE,TRADE,64052.7,8e-05
2026-07-30 13:38:17,BTCUSDT,BINANCE,TRADE,64052.7,8e-05
2026-07-30 13:38:17,BTCUSDT,BINANCE,TRADE,64052.7,0.00039
2026-07-30 13:38:17,BTCUSDT,BINANCE,TRADE,64052.7,8e-05
2026-07-30 13:38:17,BTCUSDT,BINANCE,TRADE,64052.7,8e-05
2026-07-30 13:38:17,BTCUSDT,BINANCE,TRADE,64052.7,8e-05
2026-07-30 13:38:17,BTCUSDT,BINANCE,TRADE,64052.7,8e-05
2026-07-30 13:38:17,BTCUSDT,BINANCE,TRADE,64052.7,9e-05
2026-07-30 13:38:17,BTCUSDT,BINANCE,TRADE,64052.7,9e-05
2026-07-30 13:38:17,BTCUSDT,BINANCE,TRADE,64052.7,8e-05
2026-07-30 13:38:17,BTCUSDT,BINANCE,TRADE,64052.7,0.00601
2026-07-30 13:38:17,BTCUSDT,BINANCE,TRADE,64052.7,0.00515
2026-07-30 13:38:17,BTCUSDT,BINANCE,TRADE,64052.7,0.00029
2026-07-30 13:38:17,BTCUSDT,BINANCE,TRADE,64052.7,0.00042
2026-07-30 13:38:17,BTCUSDT,BINANCE,TRADE,64052.7,0.00017
2026-07-30 13:38:17,BTCUSDT,BINANCE,TRADE,64052.7,8e-05
2026-07-30 13:38:17,BTCUSDT,BINANCE,TRADE,64052.7,9e-05
2026-07-30 13:38:17,BTCUSDT,BINANCE,TRADE,64052.7,8e-05
2026-07-30 13:38:17,BTCUSDT,BINANCE,TRADE,64052.7,8e-05
2026-07-30 13:38:17,BTCUSDT,BINANCE,TRADE,64052.7,8e-05
2026-07-30 13:38:17,BTCUSDT,BINANCE,TRADE,64052.7,9e-05
2026-07-30 13:38:17,BTCUSDT,BINANCE,TRADE,64052.7,9e-05
2026-07-30 13:38:17,BTCUSDT,BINANCE,TRADE,64052.7,8e-05
2026-07-30 13:38:17,BTCUSDT,BINANCE,TRADE,64052.7,8e-05
2026-07-30 13:38:17,BTCUSDT,BINANCE,TRADE,64052.7,8e-05
2026-07-30 13:38:17,BTCUSDT,BINANCE,TRADE,64052.7,8e-05
2026-07-30 13:38:17,BTCUSDT,BINANCE,TRADE,64052.7,8e-05
2026-07-30 13:38:17,BTCUSDT,BINANCE,TRADE,64052.7,8e-05
2026-07-30 13:38:17,BTCUSDT,BINANCE,TRADE,64052.7,8e-05
2026-07-30 13:38:17,BTCUSDT,BINANCE,TRADE,64052.7,8e-05
2026-07-30 13:38:17,BTCUSDT,BINANCE,TRADE,64052.7,0.00036
2026-07-30 13:38:17,BTCUSDT,BINANCE,TRADE,64052.7,8e-05
2026-07-30 13:38:17,BTCUSDT,BINANCE,TRADE,64052.7,8e-05
2026-07-30 13:38:17,BTCUSDT,BINANCE,TRADE,64052.7,2e-05
2026-07-30 13:38:17,BTCUSDT,BINANCE,TRADE,64052.7,6e-05
2026-07-30 13:38:17,BTCUSDT,BINANCE,TRADE,64052.7,8e-05
2026-07-30 13:38:17,BTCUSDT,BINANCE,TRADE,64052.7,8e-05
2026-07-30 13:38:17,BTCUSDT,BINANCE,TRADE,64052.7,8e-05
2026-07-30 13:38:17,BTCUSDT,BINANCE,TRADE,64052.7,0.0017
2026-07-30 13:38:17,ETHUSDT,BINANCE,TRADE,1904.71,0.003
2026-07-30 13:38:17,ETHUSDT,BINANCE,TRADE,1904.71,0.4
2026-07-30 13:38:17,ETHUSDT,BINANCE,TRADE,1904.71,0.8
2026-07-30 13:38:17,BTCUSDT,BINANCE,TRADE,64052.7,0.00023
2026-07-30 13:38:17,BTCUSDT,BINANCE,TRADE,64052.7,0.01873
2026-07-30 13:38:17,BTCUSDT,BINANCE,TRADE,64052.7,0.00015
2026-07-30 13:38:17,BTCUSDT,BINANCE,TRADE,64052.7,8e-05
2026-07-30 13:38:17,BTCUSDT,BINANCE,TRADE,64052.7,8e-05
2026-07-30 13:38:17,BTCUSDT,BINANCE,TRADE,64052.7,8e-05
2026-07-30 13:38:17,BTCUSDT,BINANCE,TRADE,64052.7,8e-05
2026-07-30 13:38:17,BTCUSDT,BINANCE,TRADE,64052.7,8e-05
2026-07-30 13:38:17,BTCUSDT,BINANCE,TRADE,64052.7,8e-05
2026-07-30 13:38:17,BTCUSDT,BINANCE,TRADE,64052.7,8e-05
2026-07-30 13:38:17,BTCUSDT,BINANCE,TRADE,64052.7,8e-05
2026-07-30 13:38:17,BTCUSDT,BINANCE,TRADE,64052.7,1e-05
2026-07-30 13:38:17,BTCUSDT,BINANCE,TRADE,64052.7,8e-05
2026-07-30 13:38:17,BTCUSDT,BINANCE,TRADE,64052.7,9e-05
2026-07-30 13:38:17,BTCUSDT,BINANCE,TRADE,64052.7,8e-05
2026-07-30 13:38:17,BTCUSDT,BINANCE,TRADE,64052.7,8e-05
2026-07-30 13:38:17,BTCUSDT,BINANCE,TRADE,64052.7,8e-05
2026-07-30 13:38:17,BTCUSDT,BINANCE,TRADE,64052.7,9e-05
2026-07-30 13:38:17,BTCUSDT,BINANCE,TRADE,64052.7,8e-05
2026-07-30 13:38:17,BTCUSDT,BINANCE,TRADE,64052.7,8e-05
2026-07-30 13:38:17,BTCUSDT,BINANCE,TRADE,64052.7,9e-05
2026-07-30 13:38:17,BTCUSDT,BINANCE,TRADE,64052.7,8e-05
2026-07-30 13:38:17,BTCUSDT,BINANCE,TRADE,64052.7,8e-05
2026-07-30 13:38:17,BTCUSDT,BINANCE,TRADE,64052.7,9e-05
2026-07-30 13:38:17,BTCUSDT,BINANCE,TRADE,64052.7,8e-05
2026-07-30 13:38:17,BTCUSDT,BINANCE,TRADE,64052.7,8e-05
2026-07-30 13:38:17,BTCUSDT,BINANCE,TRADE,64052.7,8e-05
2026-07-30 13:38:17,BTCUSDT,BINANCE,TRADE,64052.8,0.00012
2026-07-30 13:38:17,BTCUSDT,BINANCE,TRADE,64053.1,0.00036
2026-07-30 13:38:17,BTCUSDT,BINANCE,TRADE,64054,9e-05
2026-07-30 13:38:17,BTCUSDT,BINANCE,TRADE,64054,9e-05
2026-07-30 13:38:17,BTCUSDT,BINANCE,TRADE,64054,0.00033
2026-07-30 13:38:17,BTCUSDT,BINANCE,TRADE,64054,8e-05
2026-07-30 13:38:17,BTCUSDT,BINANCE,TRADE,64054,8e-05
2026-07-30 13:38:17,BTCUSDT,BINANCE,TRADE,64054,8e-05
2026-07-30 13:38:17,BTCUSDT,BINANCE,TRADE,64054,8e-05
2026-07-30 13:38:17,BTCUSDT,BINANCE,TRADE,64054,8e-05
2026-07-30 13:38:17,BTCUSDT,BINANCE,TRADE,64054,8e-05
2026-07-30 13:38:17,BTCUSDT,BINANCE,TRADE,64054,8e-05
2026-07-30 13:38:17,BTCUSDT,BINANCE,TRADE,64054,8e-05
2026-07-30 13:38:17,BTCUSDT,BINANCE,TRADE,64054,9e-05
2026-07-30 13:38:17,BTCUSDT,BINANCE,TRADE,64054,8e-05
2026-07-30 13:38:17,BTCUSDT,BINANCE,TRADE,64054,8e-05
2026-07-30 13:38:17,BTCUSDT,BINANCE,TRADE,64054,8e-05
2026-07-30 13:38:17,BTCUSDT,BINANCE,TRADE,64054,9e-05
2026-07-30 13:38:17,BTCUSDT,BINANCE,TRADE,64054,8e-05
2026-07-30 13:38:17,BTCUSDT,BINANCE,TRADE,64054,9e-05
2026-07-30 13:38:17,BTCUSDT,BINANCE,TRADE,64054,8e-05
2026-07-30 13:38:17,BTCUSDT,BINANCE,TRADE,64054,9e-05
2026-07-30 13:38:17,BTCUSDT,BINANCE,TRADE,64054,0.00019
2026-07-30 13:38:17,ETHUSDT,BINANCE,TRADE,1904.71,0.5914
2026-07-30 13:38:17,ETHUSDT,BINANCE,TRADE,1904.71,0.2628
2026-07-30 13:38:17,ETHUSDT,BINANCE,TRADE,1904.71,0.013
2026-07-30 13:38:17,ETHUSDT,BINANCE,TRADE,1904.71,0.0028
2026-07-30 13:38:17,ETHUSDT,BINANCE,TRADE,1904.71,0.0027
2026-07-30 13:38:17,ETHUSDT,BINANCE,TRADE,1904.71,0.0027
2026-07-30 13:38:17,ETHUSDT,BINANCE,TRADE,1904.71,0.0053
2026-07-30 13:38:17,ETHUSDT,BINANCE,TRADE,1904.71,0.0028
2026-07-30 13:38:17,ETHUSDT,BINANCE,TRADE,1904.71,0.0027
2026-07-30 13:38:17,ETHUSDT,BINANCE,TRADE,1904.71,0.0027
2026-07-30 13:38:17,ETHUSDT,BINANCE,TRADE,1904.71,0.0212
2026-07-30 13:38:17,ETHUSDT,BINANCE,TRADE,1904.71,0.0027
2026-07-30 13:38:17,ETHUSDT,BINANCE,TRADE,1904.71,0.0027
2026-07-30 13:38:17,ETHUSDT,BINANCE,TRADE,1904.71,0.0027
2026-07-30 13:38:17,ETHUSDT,BINANCE,TRADE,1904.71,0.0027
2026-07-30 13:38:17,ETHUSDT,BINANCE,TRADE,1904.71,0.0027
2026-07-30 13:38:17,ETHUSDT,BINANCE,TRADE,1904.71,0.0027
2026-07-30 13:38:17,ETHUSDT,BINANCE,TRADE,1904.71,0.0027
2026-07-30 13:38:17,ETHUSDT,BINANCE,TRADE,1904.71,0.0031
2026-07-30 13:38:17,ETHUSDT,BINANCE,TRADE,1904.71,0.0031
2026-07-30 13:38:17,ETHUSDT,BINANCE,TRADE,1904.71,0.0031
2026-07-30 13:38:17,ETHUSDT,BINANCE,TRADE,1904.71,0.021
2026-07-30 13:38:17,ETHUSDT,BINANCE,TRADE,1904.72,0.0028
2026-07-30 13:38:17,ETHUSDT,BINANCE,TRADE,1904.72,0.0053
2026-07-30 13:38:17,ETHUSDT,BINANCE,TRADE,1904.72,0.0027
2026-07-30 13:38:17,ETHUSDT,BINANCE,TRADE,1904.72,0.0027
2026-07-30 13:38:17,ETHUSDT,BINANCE,TRADE,1904.72,0.0027
2026-07-30 13:38:17,ETHUSDT,BINANCE,TRADE,1904.73,0.0028
2026-07-30 13:38:17,ETHUSDT,BINANCE,TRADE,1904.73,0.0053
2026-07-30 13:38:17,ETHUSDT,BINANCE,TRADE,1904.74,0.0028
2026-07-30 13:38:18,ETHUSDT,BINANCE,TRADE,1904.75,0.0028
2026-07-30 13:38:18,ETHUSDT,BINANCE,TRADE,1904.75,0.0031
2026-07-30 13:38:18,ETHUSDT,BINANCE,TRADE,1904.75,0.0031
2026-07-30 13:38:18,ETHUSDT,BINANCE,TRADE,1904.75,0.0031
2026-07-30 13:38:18,ETHUSDT,BINANCE,TRADE,1904.75,0.0027
2026-07-30 13:38:18,ETHUSDT,BINANCE,TRADE,1904.75,0.0027
2026-07-30 13:38:18,ETHUSDT,BINANCE,TRADE,1904.75,0.0027
2026-07-30 13:38:18,ETHUSDT,BINANCE,TRADE,1904.75,0.0027
2026-07-30 13:38:18,ETHUSDT,BINANCE,TRADE,1904.75,0.0027
2026-07-30 13:38:18,ETHUSDT,BINANCE,TRADE,1904.76,0.0027
2026-07-30 13:38:18,ETHUSDT,BINANCE,TRADE,1904.76,0.0028
2026-07-30 13:38:18,ETHUSDT,BINANCE,TRADE,1904.76,0.0027
2026-07-30 13:38:18,ETHUSDT,BINANCE,TRADE,1904.76,0.0027
2026-07-30 13:38:18,ETHUSDT,BINANCE,TRADE,1904.76,0.0027
2026-07-30 13:38:18,ETHUSDT,BINANCE,TRADE,1904.77,0.0028
2026-07-30 13:38:18,ETHUSDT,BINANCE,TRADE,1904.8,0.0028
2026-07-30 13:38:18,ETHUSDT,BINANCE,TRADE,1904.8,0.0031
2026-07-30 13:38:18,ETHUSDT,BINANCE,TRADE,1904.8,0.0031
2026-07-30 13:38:18,ETHUSDT,BINANCE,TRADE,1904.8,0.0027
2026-07-30 13:38:18,ETHUSDT,BINANCE,TRADE,1904.8,0.0031
2026-07-30 13:38:18,ETHUSDT,BINANCE,TRADE,1904.8,0.0027
2026-07-30 13:38:18,ETHUSDT,BINANCE,TRADE,1904.8,0.0027
2026-07-30 13:38:18,ETHUSDT,BINANCE,TRADE,1904.8,0.0027
2026-07-30 13:38:18,ETHUSDT,BINANCE,TRADE,1904.8,0.0027
2026-07-30 13:38:18,ETHUSDT,BINANCE,TRADE,1904.8,0.0027
2026-07-30 13:38:18,ETHUSDT,BINANCE,TRADE,1904.8,0.0027
2026-07-30 13:38:18,ETHUSDT,BINANCE,TRADE,1904.81,0.0027
2026-07-30 13:38:18,ETHUSDT,BINANCE,TRADE,1904.81,0.0027
2026-07-30 13:38:18,ETHUSDT,BINANCE,TRADE,1904.81,0.0027
2026-07-30 13:38:18,ETHUSDT,BINANCE,TRADE,1904.81,0.0028
2026-07-30 13:38:18,ETHUSDT,BINANCE,TRADE,1904.81,0.0027
2026-07-30 13:38:18,ETHUSDT,BINANCE,TRADE,1904.81,0.0027
2026-07-30 13:38:18,ETHUSDT,BINANCE,TRADE,1904.81,0.0027
2026-07-30 13:38:18,ETHUSDT,BINANCE,TRADE,1904.81,0.0027
2026-07-30 13:38:18,ETHUSDT,BINANCE,TRADE,1904.81,0.0027
2026-07-30 13:38:18,ETHUSDT,BINANCE,TRADE,1904.81,0.0027
2026-07-30 13:38:18,ETHUSDT,BINANCE,TRADE,1904.81,0.0031
2026-07-30 13:38:18,ETHUSDT,BINANCE,TRADE,1904.81,0.0031
2026-07-30 13:38:18,ETHUSDT,BINANCE,TRADE,1904.81,0.0031
2026-07-30 13:38:18,ETHUSDT,BINANCE,TRADE,1904.81,0.0027
2026-07-30 13:38:18,ETHUSDT,BINANCE,TRADE,1904.81,0.0027
2026-07-30 13:38:18,BTCUSDT,BINANCE,TRADE,64054,0.00094
2026-07-30 13:38:18,ETHUSDT,BINANCE,TRADE,1904.82,0.0028
2026-07-30 13:38:18,ETHUSDT,BINANCE,TRADE,1904.82,0.0027
2026-07-30 13:38:18,ETHUSDT,BINANCE,TRADE,1904.82,0.0027
2026-07-30 13:38:18,ETHUSDT,BINANCE,TRADE,1904.82,0.0027
2026-07-30 13:38:18,ETHUSDT,BINANCE,TRADE,1904.82,0.0031
2026-07-30 13:38:18,ETHUSDT,BINANCE,TRADE,1904.82,0.0031
2026-07-30 13:38:18,ETHUSDT,BINANCE,TRADE,1904.82,0.0031
2026-07-30 13:38:18,ETHUSDT,BINANCE,TRADE,1904.82,0.0028
2026-07-30 13:38:18,ETHUSDT,BINANCE,TRADE,1904.83,0.0108
2026-07-30 13:38:18,ETHUSDT,BINANCE,TRADE,1904.83,0.0028
2026-07-30 13:38:18,ETHUSDT,BINANCE,TRADE,1904.83,0.0027
2026-07-30 13:38:18,ETHUSDT,BINANCE,TRADE,1904.83,0.0027
2026-07-30 13:38:18,ETHUSDT,BINANCE,TRADE,1904.85,0.0027
2026-07-30 13:38:18,ETHUSDT,BINANCE,TRADE,1904.85,0.0028
2026-07-30 13:38:18,ETHUSDT,BINANCE,TRADE,1904.86,0.0028
2026-07-30 13:38:18,ETHUSDT,BINANCE,TRADE,1904.88,0.003
2026-07-30 13:38:18,ETHUSDT,BINANCE,TRADE,1904.88,0.0028
2026-07-30 13:38:18,ETHUSDT,BINANCE,TRADE,1904.89,0.0028
2026-07-30 13:38:18,ETHUSDT,BINANCE,TRADE,1904.9,0.0028
2026-07-30 13:38:18,ETHUSDT,BINANCE,TRADE,1904.91,0.0028
2026-07-30 13:38:18,ETHUSDT,BINANCE,TRADE,1904.92,0.0028
2026-07-30 13:38:18,ETHUSDT,BINANCE,TRADE,1904.92,0.0028
2026-07-30 13:38:18,ETHUSDT,BINANCE,TRADE,1904.92,0.0028
2026-07-30 13:38:18,ETHUSDT,BINANCE,TRADE,1904.93,0.0035
2026-07-30 13:38:18,BTCUSDT,BINANCE,TRADE,64054,0.00047
2026-07-30 13:38:18,BTCUSDT,BINANCE,TRADE,64054,0.00071
2026-07-30 13:38:18,ETHUSDT,BINANCE,TRADE,1904.93,0.0083
2026-07-30 13:38:18,BTCUSDT,BINANCE,TRADE,64054,0.002
2026-07-30 13:38:18,BTCUSDT,BINANCE,TRADE,64054,0.00031
2026-07-30 13:38:18,BTCUSDT,BINANCE,TRADE,64054,0.00065
2026-07-30 13:38:18,BTCUSDT,BINANCE,TRADE,64054,0.00078
2026-07-30 13:38:18,BTCUSDT,BINANCE,TRADE,64054,0.00031
2026-07-30 13:38:18,BTCUSDT,BINANCE,TRADE,64054,0.00893
2026-07-30 13:38:18,BTCUSDT,BINANCE,TRADE,64054,0.00026
2026-07-30 13:38:18,BTCUSDT,BINANCE,TRADE,64054,0.002
2026-07-30 13:38:18,ETHUSDT,BINANCE,TRADE,1904.92,0.0027
2026-07-30 13:38:18,ETHUSDT,BINANCE,TRADE,1904.92,0.0003
2026-07-30 13:38:18,ETHUSDT,BINANCE,TRADE,1904.92,0.005
2026-07-30 13:38:18,ETHUSDT,BINANCE,TRADE,1904.92,0.0028
2026-07-30 13:38:18,ETHUSDT,BINANCE,TRADE,1904.92,0.0027
2026-07-30 13:38:18,ETHUSDT,BINANCE,TRADE,1904.92,0.0027
2026-07-30 13:38:18,ETHUSDT,BINANCE,TRADE,1904.92,0.0027
2026-07-30 13:38:18,ETHUSDT,BINANCE,TRADE,1904.92,0.2172
2026-07-30 13:38:18,BTCUSDT,BINANCE,TRADE,64054,0.00029
2026-07-30 13:38:18,BTCUSDT,BINANCE,TRADE,64054,0.00024
2026-07-30 13:38:18,ETHUSDT,BINANCE,TRADE,1904.92,0.018
2026-07-30 13:38:18,BTCUSDT,BINANCE,TRADE,64054,0.00029
2026-07-30 13:38:18,BTCUSDT,BINANCE,TRADE,64054,0.00205
2026-07-30 13:38:18,BTCUSDT,BINANCE,TRADE,64054,0.00031
2026-07-30 13:38:18,ETHUSDT,BINANCE,TRADE,1904.93,0.0173
2026-07-30 13:38:18,BTCUSDT,BINANCE,TRADE,64054,0.00019
2026-07-30 13:38:18,SOLUSDT,BINANCE,TRADE,73.44,24.672
2026-07-30 13:38:18,SOLUSDT,BINANCE,TRADE,73.44,2.558
2026-07-30 13:38:18,BTCUSDT,BINANCE,TRADE,64054,0.00064
2026-07-30 13:38:18,BTCUSDT,BINANCE,TRADE,64054,0.00042
2026-07-30 13:38:18,BTCUSDT,BINANCE,TRADE,64054,0.00065
2026-07-30 13:38:18,ETHUSDT,BINANCE,TRADE,1904.92,0.135
2026-07-30 13:38:18,ETHUSDT,BINANCE,TRADE,1904.92,0.0144
2026-07-30 13:38:18,ETHUSDT,BINANCE,TRADE,1904.92,0.113
2026-07-30 13:38:18,ETHUSDT,BINANCE,TRADE,1904.93,0.0053
2026-07-30 13:38:18,BTCUSDT,BINANCE,TRADE,64054,0.00019
2026-07-30 13:38:18,BTCUSDT,BINANCE,TRADE,64054,0.00297
2026-07-30 13:38:18,BTCUSDT,BINANCE,TRADE,64054,0.01433
2026-07-30 13:38:18,BTCUSDT,BINANCE,TRADE,64054,0.00339
2026-07-30 13:38:18,BTCUSDT,BINANCE,TRADE,64054,0.005
2026-07-30 13:38:18,BTCUSDT,BINANCE,TRADE,64054,0.005
2026-07-30 13:38:18,BTCUSDT,BINANCE,TRADE,64054,0.006
2026-07-30 13:38:18,BTCUSDT,BINANCE,TRADE,64054,8e-05
2026-07-30 13:38:18,BTCUSDT,BINANCE,TRADE,64054,5e-05
2026-07-30 13:38:18,BTCUSDT,BINANCE,TRADE,64054,3e-05
2026-07-30 13:38:18,BTCUSDT,BINANCE,TRADE,64054,8e-05
2026-07-30 13:38:18,BTCUSDT,BINANCE,TRADE,64054,8e-05
2026-07-30 13:38:18,BTCUSDT,BINANCE,TRADE,64054,8e-05
2026-07-30 13:38:18,BTCUSDT,BINANCE,TRADE,64054,8e-05
2026-07-30 13:38:18,BTCUSDT,BINANCE,TRADE,64054,8e-05
2026-07-30 13:38:18,BTCUSDT,BINANCE,TRADE,64054,8e-05
2026-07-30 13:38:18,BTCUSDT,BINANCE,TRADE,64054,8e-05
2026-07-30 13:38:18,BTCUSDT,BINANCE,TRADE,64054,4e-05
2026-07-30 13:38:18,BTCUSDT,BINANCE,TRADE,64054,0.00017
2026-07-30 13:38:18,BTCUSDT,BINANCE,TRADE,64054,4e-05
2026-07-30 13:38:18,BTCUSDT,BINANCE,TRADE,64054,8e-05
2026-07-30 13:38:18,BTCUSDT,BINANCE,TRADE,64054,8e-05
2026-07-30 13:38:18,BTCUSDT,BINANCE,TRADE,64054,6e-05
2026-07-30 13:38:18,BTCUSDT,BINANCE,TRADE,64054,0.00509
2026-07-30 13:38:18,BTCUSDT,BINANCE,TRADE,64054,2e-05
2026-07-30 13:38:18,BTCUSDT,BINANCE,TRADE,64054,8e-05
2026-07-30 13:38:18,BTCUSDT,BINANCE,TRADE,64054,8e-05
2026-07-30 13:38:18,BTCUSDT,BINANCE,TRADE,64054,9e-05
2026-07-30 13:38:18,BTCUSDT,BINANCE,TRADE,64054,0.00139
2026-07-30 13:38:18,ETHUSDT,BINANCE,TRADE,1904.92,0.7555
2026-07-30 13:38:18,ETHUSDT,BINANCE,TRADE,1904.92,0.0031
2026-07-30 13:38:18,ETHUSDT,BINANCE,TRADE,1904.92,0.0032
2026-07-30 13:38:18,ETHUSDT,BINANCE,TRADE,1904.92,0.0027
2026-07-30 13:38:18,ETHUSDT,BINANCE,TRADE,1904.92,0.0027
2026-07-30 13:38:18,ETHUSDT,BINANCE,TRADE,1904.92,0.0027
2026-07-30 13:38:18,ETHUSDT,BINANCE,TRADE,1904.92,0.0028
2026-07-30 13:38:18,ETHUSDT,BINANCE,TRADE,1904.92,0.0027
2026-07-30 13:38:18,ETHUSDT,BINANCE,TRADE,1904.92,0.0053
2026-07-30 13:38:18,ETHUSDT,BINANCE,TRADE,1904.92,0.0027
2026-07-30 13:38:18,ETHUSDT,BINANCE,TRADE,1904.92,0.0027
2026-07-30 13:38:18,ETHUSDT,BINANCE,TRADE,1904.92,0.0032
2026-07-30 13:38:18,ETHUSDT,BINANCE,TRADE,1904.92,0.0437
2026-07-30 13:38:18,ETHUSDT,BINANCE,TRADE,1904.92,0.0033
2026-07-30 13:38:18,ETHUSDT,BINANCE,TRADE,1904.92,0.0151
2026-07-30 13:38:18,ETHUSDT,BINANCE,TRADE,1904.91,0.0053
2026-07-30 13:38:18,ETHUSDT,BINANCE,TRADE,1904.91,0.0027
2026-07-30 13:38:18,ETHUSDT,BINANCE,TRADE,1904.91,0.0027
2026-07-30 13:38:18,ETHUSDT,BINANCE,TRADE,1904.91,0.0027
2026-07-30 13:38:18,ETHUSDT,BINANCE,TRADE,1904.9,0.0053
2026-07-30 13:38:18,ETHUSDT,BINANCE,TRADE,1904.9,0.0027
2026-07-30 13:38:18,ETHUSDT,BINANCE,TRADE,1904.85,0.0027
2026-07-30 13:38:18,ETHUSDT,BINANCE,TRADE,1904.82,0.0028
2026-07-30 13:38:18,ETHUSDT,BINANCE,TRADE,1904.82,0.0028
2026-07-30 13:38:18,ETHUSDT,BINANCE,TRADE,1904.82,0.0028
2026-07-30 13:38:18,ETHUSDT,BINANCE,TRADE,1904.81,0.3052
2026-07-30 13:38:18,ETHUSDT,BINANCE,TRADE,1904.81,0.0028
2026-07-30 13:38:18,ETHUSDT,BINANCE,TRADE,1904.81,0.0028
2026-07-30 13:38:18,ETHUSDT,BINANCE,TRADE,1904.81,0.0027
2026-07-30 13:38:18,ETHUSDT,BINANCE,TRADE,1904.81,0.0027
2026-07-30 13:38:18,ETHUSDT,BINANCE,TRADE,1904.81,0.0027
2026-07-30 13:38:18,ETHUSDT,BINANCE,TRADE,1904.81,0.0028
2026-07-30 13:38:18,ETHUSDT,BINANCE,TRADE,1904.8,0.1828
2026-07-30 13:38:18,ETHUSDT,BINANCE,TRADE,1904.8,0.0028
2026-07-30 13:38:18,ETHUSDT,BINANCE,TRADE,1904.8,0.0028
2026-07-30 13:38:18,ETHUSDT,BINANCE,TRADE,1904.8,1.7048
2026-07-30 13:38:18,ETHUSDT,BINANCE,TRADE,1904.8,2.7839
2026-07-30 13:38:18,ETHUSDT,BINANCE,TRADE,1904.8,0.0027
2026-07-30 13:38:18,ETHUSDT,BINANCE,TRADE,1904.8,0.0027
2026-07-30 13:38:18,ETHUSDT,BINANCE,TRADE,1904.8,0.0053
2026-07-30 13:38:18,ETHUSDT,BINANCE,TRADE,1904.8,0.0027
2026-07-30 13:38:18,ETHUSDT,BINANCE,TRADE,1904.8,0.0028
2026-07-30 13:38:18,BTCUSDT,BINANCE,TRADE,64054,0.00065
2026-07-30 13:38:18,BTCUSDT,BINANCE,TRADE,64054,0.00157
2026-07-30 13:38:18,ETHUSDT,BINANCE,TRADE,1904.79,0.267
2026-07-30 13:38:18,ETHUSDT,BINANCE,TRADE,1904.79,0.5745
2026-07-30 13:38:18,BTCUSDT,BINANCE,TRADE,64054,0.00014
2026-07-30 13:38:18,BTCUSDT,BINANCE,TRADE,64054,0.00015
2026-07-30 13:38:18,ETHUSDT,BINANCE,TRADE,1904.79,0.0045
2026-07-30 13:38:18,ETHUSDT,BINANCE,TRADE,1904.8,0.1923
2026-07-30 13:38:19,BTCUSDT,BINANCE,TRADE,64054,0.00223
2026-07-30 13:38:19,BTCUSDT,BINANCE,TRADE,64054,0.00031
2026-07-30 13:38:19,BTCUSDT,BINANCE,TRADE,64054,0.00027
2026-07-30 13:38:19,BTCUSDT,BINANCE,TRADE,64054,0.00029
2026-07-30 13:38:19,BTCUSDT,BINANCE,TRADE,64054,0.00029
2026-07-30 13:38:19,BTCUSDT,BINANCE,TRADE,64054,0.00065
2026-07-30 13:38:19,BTCUSDT,BINANCE,TRADE,64054,0.00029
2026-07-30 13:38:19,BTCUSDT,BINANCE,TRADE,64054,0.00129
2026-07-30 13:38:19,BTCUSDT,BINANCE,TRADE,64054,0.0003
2026-07-30 13:38:19,BTCUSDT,BINANCE,TRADE,64054,0.00019
2026-07-30 13:38:19,BTCUSDT,BINANCE,TRADE,64054,9e-05
2026-07-30 13:38:19,BTCUSDT,BINANCE,TRADE,64054,0.00031
2026-07-30 13:38:19,BTCUSDT,BINANCE,TRADE,64054,0.00065
2026-07-30 13:38:19,BTCUSDT,BINANCE,TRADE,64054,0.0039
2026-07-30 13:38:19,SOLUSDT,BINANCE,TRADE,73.44,10
2026-07-30 13:38:19,SOLUSDT,BINANCE,TRADE,73.44,17.142
2026-07-30 13:38:19,SOLUSDT,BINANCE,TRADE,73.44,0.098
2026-07-30 13:38:19,BTCUSDT,BINANCE,TRADE,64054,0.07805
2026-07-30 13:38:19,BTCUSDT,BINANCE,TRADE,64054,0.00066
2026-07-30 13:38:19,BTCUSDT,BINANCE,TRADE,64054,0.00521
2026-07-30 13:38:19,BTCUSDT,BINANCE,TRADE,64054,0.00126
2026-07-30 13:38:19,BTCUSDT,BINANCE,TRADE,64054,0.01
2026-07-30 13:38:19,ETHUSDT,BINANCE,TRADE,1904.8,0.0054
2026-07-30 13:38:19,BTCUSDT,BINANCE,TRADE,64054,0.00312
2026-07-30 13:38:19,BTCUSDT,BINANCE,TRADE,64054,0.00014
2026-07-30 13:38:19,ETHUSDT,BINANCE,TRADE,1904.79,0.0008
2026-07-30 13:38:19,ETHUSDT,BINANCE,TRADE,1904.79,0.0027
2026-07-30 13:38:19,ETHUSDT,BINANCE,TRADE,1904.79,0.0032
2026-07-30 13:38:19,ETHUSDT,BINANCE,TRADE,1904.79,0.0027
2026-07-30 13:38:19,ETHUSDT,BINANCE,TRADE,1904.79,0.0027
2026-07-30 13:38:19,ETHUSDT,BINANCE,TRADE,1904.79,0.0027
2026-07-30 13:38:19,ETHUSDT,BINANCE,TRADE,1904.79,0.0027
2026-07-30 13:38:19,ETHUSDT,BINANCE,TRADE,1904.79,0.0027
2026-07-30 13:38:19,ETHUSDT,BINANCE,TRADE,1904.79,0.0027
2026-07-30 13:38:19,ETHUSDT,BINANCE,TRADE,1904.79,0.0028
2026-07-30 13:38:19,ETHUSDT,BINANCE,TRADE,1904.79,0.0027
2026-07-30 13:38:19,ETHUSDT,BINANCE,TRADE,1904.79,0.0032
2026-07-30 13:38:19,ETHUSDT,BINANCE,TRADE,1904.79,0.0032
2026-07-30 13:38:19,ETHUSDT,BINANCE,TRADE,1904.78,0.0027
2026-07-30 13:38:19,ETHUSDT,BINANCE,TRADE,1904.78,0.0027
2026-07-30 13:38:19,ETHUSDT,BINANCE,TRADE,1904.78,0.0027
2026-07-30 13:38:19,ETHUSDT,BINANCE,TRADE,1904.77,0.0027
2026-07-30 13:38:19,ETHUSDT,BINANCE,TRADE,1904.76,0.0027
2026-07-30 13:38:19,ETHUSDT,BINANCE,TRADE,1904.75,0.0028
2026-07-30 13:38:19,ETHUSDT,BINANCE,TRADE,1904.75,0.0028
2026-07-30 13:38:19,ETHUSDT,BINANCE,TRADE,1904.75,0.0027
2026-07-30 13:38:19,ETHUSDT,BINANCE,TRADE,1904.75,0.0028
2026-07-30 13:38:19,BTCUSDT,BINANCE,TRADE,64054,0.00065
2026-07-30 13:38:19,BTCUSDT,BINANCE,TRADE,64054,0.00199
2026-07-30 13:38:19,BTCUSDT,BINANCE,TRADE,64054,0.00782
2026-07-30 13:38:19,ETHUSDT,BINANCE,TRADE,1904.75,0.1682
2026-07-30 13:38:19,BTCUSDT,BINANCE,TRADE,64054,0.01952
2026-07-30 13:38:19,BTCUSDT,BINANCE,TRADE,64054,0.00029
2026-07-30 13:38:19,BTCUSDT,BINANCE,TRADE,64054,0.00015
2026-07-30 13:38:19,BTCUSDT,BINANCE,TRADE,64054,0.00515
2026-07-30 13:38:19,BTCUSDT,BINANCE,TRADE,64054,0.00027
2026-07-30 13:38:19,ETHUSDT,BINANCE,TRADE,1904.75,0.0285
2026-07-30 13:38:19,BTCUSDT,BINANCE,TRADE,64054,0.00065
2026-07-30 13:38:19,BTCUSDT,BINANCE,TRADE,64054,0.01873
2026-07-30 13:38:19,ETHUSDT,BINANCE,TRADE,1904.75,0.2204
2026-07-30 13:38:19,BTCUSDT,BINANCE,TRADE,64054,0.00275
2026-07-30 13:38:19,BTCUSDT,BINANCE,TRADE,64054,0.00071
2026-07-30 13:38:20,SOLUSDT,BINANCE,TRADE,73.44,27.25
2026-07-30 13:38:20,BTCUSDT,BINANCE,TRADE,64054,0.00016
2026-07-30 13:38:20,ETHUSDT,BINANCE,TRADE,1904.74,0.0027
2026-07-30 13:38:20,ETHUSDT,BINANCE,TRADE,1904.74,0.0146
2026-07-30 13:38:20,ETHUSDT,BINANCE,TRADE,1904.74,0.0027
2026-07-30 13:38:20,ETHUSDT,BINANCE,TRADE,1904.74,0.0027
2026-07-30 13:38:20,ETHUSDT,BINANCE,TRADE,1904.74,0.0032
2026-07-30 13:38:20,ETHUSDT,BINANCE,TRADE,1904.74,0.0028
2026-07-30 13:38:20,ETHUSDT,BINANCE,TRADE,1904.74,0.0027
2026-07-30 13:38:20,ETHUSDT,BINANCE,TRADE,1904.74,0.0027
2026-07-30 13:38:20,ETHUSDT,BINANCE,TRADE,1904.74,0.0027
2026-07-30 13:38:20,ETHUSDT,BINANCE,TRADE,1904.74,0.0027
2026-07-30 13:38:20,ETHUSDT,BINANCE,TRADE,1904.74,0.0032
2026-07-30 13:38:20,ETHUSDT,BINANCE,TRADE,1904.74,0.0032
2026-07-30 13:38:20,ETHUSDT,BINANCE,TRADE,1904.73,0.0027
2026-07-30 13:38:20,ETHUSDT,BINANCE,TRADE,1904.73,0.0027
2026-07-30 13:38:20,ETHUSDT,BINANCE,TRADE,1904.73,0.0027
2026-07-30 13:38:20,ETHUSDT,BINANCE,TRADE,1904.71,0.0329
2026-07-30 13:38:20,ETHUSDT,BINANCE,TRADE,1904.71,0.0027
2026-07-30 13:38:20,ETHUSDT,BINANCE,TRADE,1904.68,0.0028
2026-07-30 13:38:20,ETHUSDT,BINANCE,TRADE,1904.68,0.0028
2026-07-30 13:38:20,ETHUSDT,BINANCE,TRADE,1904.68,2.6124
2026-07-30 13:38:20,ETHUSDT,BINANCE,TRADE,1904.68,0.0028
2026-07-30 13:38:20,SOLUSDT,BINANCE,TRADE,73.44,10
2026-07-30 13:38:20,SOLUSDT,BINANCE,TRADE,73.44,26.488
2026-07-30 13:38:20,SOLUSDT,BINANCE,TRADE,73.44,0.072
2026-07-30 13:38:20,SOLUSDT,BINANCE,TRADE,73.44,0.072
2026-07-30 13:38:20,SOLUSDT,BINANCE,TRADE,73.44,0.072
2026-07-30 13:38:20,SOLUSDT,BINANCE,TRADE,73.44,0.137
2026-07-30 13:38:20,SOLUSDT,BINANCE,TRADE,73.44,8
2026-07-30 13:38:20,SOLUSDT,BINANCE,TRADE,73.44,2
2026-07-30 13:38:20,SOLUSDT,BINANCE,TRADE,73.44,0.072
2026-07-30 13:38:20,SOLUSDT,BINANCE,TRADE,73.44,4
2026-07-30 13:38:20,SOLUSDT,BINANCE,TRADE,73.44,0.072
2026-07-30 13:38:20,SOLUSDT,BINANCE,TRADE,73.44,0.13
2026-07-30 13:38:20,SOLUSDT,BINANCE,TRADE,73.44,0.13
2026-07-30 13:38:20,SOLUSDT,BINANCE,TRADE,73.44,0.14
2026-07-30 13:38:20,SOLUSDT,BINANCE,TRADE,73.44,0.13
2026-07-30 13:38:20,SOLUSDT,BINANCE,TRADE,73.44,0.13
2026-07-30 13:38:20,SOLUSDT,BINANCE,TRADE,73.44,0.13
2026-07-30 13:38:20,SOLUSDT,BINANCE,TRADE,73.44,0.13
2026-07-30 13:38:20,SOLUSDT,BINANCE,TRADE,73.44,0.13
2026-07-30 13:38:20,SOLUSDT,BINANCE,TRADE,73.44,0.13
2026-07-30 13:38:20,SOLUSDT,BINANCE,TRADE,73.44,0.13
2026-07-30 13:38:20,SOLUSDT,BINANCE,TRADE,73.44,0.072
2026-07-30 13:38:20,SOLUSDT,BINANCE,TRADE,73.44,0.25
2026-07-30 13:38:20,SOLUSDT,BINANCE,TRADE,73.44,6.004
2026-07-30 13:38:20,SOLUSDT,BINANCE,TRADE,73.44,0.277
2026-07-30 13:38:20,SOLUSDT,BINANCE,TRADE,73.44,15.792
2026-07-30 13:38:20,SOLUSDT,BINANCE,TRADE,73.44,0.102
2026-07-30 13:38:20,SOLUSDT,BINANCE,TRADE,73.44,0.072
2026-07-30 13:38:20,SOLUSDT,BINANCE,TRADE,73.44,0.072
2026-07-30 13:38:20,SOLUSDT,BINANCE,TRADE,73.44,0.072
2026-07-30 13:38:20,SOLUSDT,BINANCE,TRADE,73.44,0.072
2026-07-30 13:38:20,SOLUSDT,BINANCE,TRADE,73.44,0.07
2026-07-30 13:38:20,BTCUSDT,BINANCE,TRADE,64054,0.00019
2026-07-30 13:38:20,BTCUSDT,BINANCE,TRADE,64054,0.00312
2026-07-30 13:38:20,ETHUSDT,BINANCE,TRADE,1904.67,0.003
2026-07-30 13:38:20,SOLUSDT,BINANCE,TRADE,73.44,0.072
2026-07-30 13:38:20,SOLUSDT,BINANCE,TRADE,73.44,0.072
2026-07-30 13:38:20,SOLUSDT,BINANCE,TRADE,73.44,0.072
2026-07-30 13:38:20,SOLUSDT,BINANCE,TRADE,73.44,0.072
2026-07-30 13:38:20,SOLUSDT,BINANCE,TRADE,73.44,0.137
2026-07-30 13:38:20,SOLUSDT,BINANCE,TRADE,73.44,0.07
2026-07-30 13:38:20,SOLUSDT,BINANCE,TRADE,73.44,0.072
2026-07-30 13:38:20,SOLUSDT,BINANCE,TRADE,73.44,0.072
2026-07-30 13:38:20,SOLUSDT,BINANCE,TRADE,73.44,12.928
2026-07-30 13:38:20,SOLUSDT,BINANCE,TRADE,73.44,0.072
2026-07-30 13:38:20,SOLUSDT,BINANCE,TRADE,73.44,0.072
2026-07-30 13:38:20,SOLUSDT,BINANCE,TRADE,73.44,0.072
2026-07-30 13:38:20,SOLUSDT,BINANCE,TRADE,73.44,0.072
2026-07-30 13:38:20,SOLUSDT,BINANCE,TRADE,73.44,0.072
2026-07-30 13:38:20,SOLUSDT,BINANCE,TRADE,73.44,0.5
2026-07-30 13:38:20,BTCUSDT,BINANCE,TRADE,64054,0.00023
2026-07-30 13:38:20,BTCUSDT,BINANCE,TRADE,64054,0.00016
2026-07-30 13:38:20,ETHUSDT,BINANCE,TRADE,1904.68,0.0144
2026-07-30 13:38:20,BTCUSDT,BINANCE,TRADE,64054,0.00201
2026-07-30 13:38:20,ETHUSDT,BINANCE,TRADE,1904.67,0.0027
2026-07-30 13:38:20,ETHUSDT,BINANCE,TRADE,1904.67,0.0027
2026-07-30 13:38:20,ETHUSDT,BINANCE,TRADE,1904.67,0.0027
2026-07-30 13:38:20,ETHUSDT,BINANCE,TRADE,1904.67,0.0032
2026-07-30 13:38:20,ETHUSDT,BINANCE,TRADE,1904.67,0.0032
2026-07-30 13:38:20,ETHUSDT,BINANCE,TRADE,1904.67,0.0032
2026-07-30 13:38:20,ETHUSDT,BINANCE,TRADE,1904.67,0.0027
2026-07-30 13:38:20,ETHUSDT,BINANCE,TRADE,1904.67,0.0027
2026-07-30 13:38:20,ETHUSDT,BINANCE,TRADE,1904.67,0.0028
2026-07-30 13:38:20,ETHUSDT,BINANCE,TRADE,1904.66,0.004
2026-07-30 13:38:20,ETHUSDT,BINANCE,TRADE,1904.66,0.0027
2026-07-30 13:38:20,ETHUSDT,BINANCE,TRADE,1904.66,0.0027
2026-07-30 13:38:20,ETHUSDT,BINANCE,TRADE,1904.66,0.0027
2026-07-30 13:38:20,ETHUSDT,BINANCE,TRADE,1904.65,0.0027
2026-07-30 13:38:20,ETHUSDT,BINANCE,TRADE,1904.62,0.0108
2026-07-30 13:38:20,SOLUSDT,BINANCE,TRADE,73.43,1.353
2026-07-30 13:38:20,BTCUSDT,BINANCE,TRADE,64054,0.00031
2026-07-30 13:38:20,BTCUSDT,BINANCE,TRADE,64054,0.00061
2026-07-30 13:38:20,BTCUSDT,BINANCE,TRADE,64054,0.00017
2026-07-30 13:38:20,BTCUSDT,BINANCE,TRADE,64054,0.0018
2026-07-30 13:38:20,BTCUSDT,BINANCE,TRADE,64054,0.00166
2026-07-30 13:38:20,BTCUSDT,BINANCE,TRADE,64054,0.00029
2026-07-30 13:38:20,BTCUSDT,BINANCE,TRADE,64054,0.00157
2026-07-30 13:38:20,BTCUSDT,BINANCE,TRADE,64054,0.00065
2026-07-30 13:38:20,BTCUSDT,BINANCE,TRADE,64054,0.01216
2026-07-30 13:38:20,BTCUSDT,BINANCE,TRADE,64054,0.00245
2026-07-30 13:38:20,BTCUSDT,BINANCE,TRADE,64054,0.00062
2026-07-30 13:38:20,BTCUSDT,BINANCE,TRADE,64054,8e-05
2026-07-30 13:38:20,BTCUSDT,BINANCE,TRADE,64054,8e-05
2026-07-30 13:38:20,BTCUSDT,BINANCE,TRADE,64054,8e-05
2026-07-30 13:38:20,BTCUSDT,BINANCE,TRADE,64054,8e-05
2026-07-30 13:38:20,BTCUSDT,BINANCE,TRADE,64054,0.00062
2026-07-30 13:38:20,BTCUSDT,BINANCE,TRADE,64054,0.00108
2026-07-30 13:38:20,ETHUSDT,BINANCE,TRADE,1904.61,0.057
2026-07-30 13:38:20,ETHUSDT,BINANCE,TRADE,1904.61,0.1154
2026-07-30 13:38:20,BTCUSDT,BINANCE,TRADE,64054,0.00078
2026-07-30 13:38:20,BTCUSDT,BINANCE,TRADE,64054,0.01
2026-07-30 13:38:20,BTCUSDT,BINANCE,TRADE,64054,0.00138
2026-07-30 13:38:20,BTCUSDT,BINANCE,TRADE,64054,0.00275
2026-07-30 13:38:20,BTCUSDT,BINANCE,TRADE,64054,0.00065
2026-07-30 13:38:20,BTCUSDT,BINANCE,TRADE,64054,0.00031
2026-07-30 13:38:20,ETHUSDT,BINANCE,TRADE,1904.61,0.0083
2026-07-30 13:38:20,BTCUSDT,BINANCE,TRADE,64054,0.01144
2026-07-30 13:38:20,ETHUSDT,BINANCE,TRADE,1904.62,0.2683
2026-07-30 13:38:20,BTCUSDT,BINANCE,TRADE,64054,0.00031
2026-07-30 13:38:20,BTCUSDT,BINANCE,TRADE,64054,0.00048
2026-07-30 13:38:20,ETHUSDT,BINANCE,TRADE,1904.62,6.0932
2026-07-30 13:38:20,ETHUSDT,BINANCE,TRADE,1904.62,0.3424
2026-07-30 13:38:20,BTCUSDT,BINANCE,TRADE,64054,0.00064
2026-07-30 13:38:20,BTCUSDT,BINANCE,TRADE,64054,0.00029
2026-07-30 13:38:20,BTCUSDT,BINANCE,TRADE,64054,0.00073
2026-07-30 13:38:20,BTCUSDT,BINANCE,TRADE,64054,0.0015
2026-07-30 13:38:20,BTCUSDT,BINANCE,TRADE,64054,8e-05
2026-07-30 13:38:20,BTCUSDT,BINANCE,TRADE,64054,9e-05
2026-07-30 13:38:20,BTCUSDT,BINANCE,TRADE,64054,0.00029
2026-07-30 13:38:20,BTCUSDT,BINANCE,TRADE,64054,0.00029
2026-07-30 13:38:20,BTCUSDT,BINANCE,TRADE,64054,0.00016
2026-07-30 13:38:20,BTCUSDT,BINANCE,TRADE,64054,0.00044
2026-07-30 13:38:20,BTCUSDT,BINANCE,TRADE,64054,8e-05
2026-07-30 13:38:20,BTCUSDT,BINANCE,TRADE,64054,0.00159
2026-07-30 13:38:20,BTCUSDT,BINANCE,TRADE,64054,8e-05
2026-07-30 13:38:20,BTCUSDT,BINANCE,TRADE,64054,9e-05
2026-07-30 13:38:20,BTCUSDT,BINANCE,TRADE,64054,0.00118
2026-07-30 13:38:20,BTCUSDT,BINANCE,TRADE,64054,0.00016
2026-07-30 13:38:20,BTCUSDT,BINANCE,TRADE,64054,0.00504
2026-07-30 13:38:20,BTCUSDT,BINANCE,TRADE,64054,0.00017
2026-07-30 13:38:20,SOLUSDT,BINANCE,TRADE,73.43,27.24
2026-07-30 13:38:20,BTCUSDT,BINANCE,TRADE,64054,0.00012
2026-07-30 13:38:20,BTCUSDT,BINANCE,TRADE,64054,0.00019
2026-07-30 13:38:20,BTCUSDT,BINANCE,TRADE,64054,0.00065
2026-07-30 13:38:20,BTCUSDT,BINANCE,TRADE,64054,0.00097
2026-07-30 13:38:20,BTCUSDT,BINANCE,TRADE,64054,0.00182
2026-07-30 13:38:20,BTCUSDT,BINANCE,TRADE,64054,0.00038
2026-07-30 13:38:20,ETHUSDT,BINANCE,TRADE,1904.61,0.0105
2026-07-30 13:38:20,BTCUSDT,BINANCE,TRADE,64054,0.00031
2026-07-30 13:38:21,BTCUSDT,BINANCE,TRADE,64054,0.00042
2026-07-30 13:38:21,BTCUSDT,BINANCE,TRADE,64054,0.00017
2026-07-30 13:38:21,BTCUSDT,BINANCE,TRADE,64054,0.00014
2026-07-30 13:38:21,BTCUSDT,BINANCE,TRADE,64054,0.00065
2026-07-30 13:38:21,BTCUSDT,BINANCE,TRADE,64054,0.00515
2026-07-30 13:38:21,BTCUSDT,BINANCE,TRADE,64054,0.00312
2026-07-30 13:38:21,BTCUSDT,BINANCE,TRADE,64054,0.00174
2026-07-30 13:38:21,BTCUSDT,BINANCE,TRADE,64054,0.01
2026-07-30 13:38:21,BTCUSDT,BINANCE,TRADE,64054,0.00047
2026-07-30 13:38:21,BTCUSDT,BINANCE,TRADE,64054,0.00014
2026-07-30 13:38:21,BTCUSDT,BINANCE,TRADE,64054,0.0039
2026-07-30 13:38:21,BTCUSDT,BINANCE,TRADE,64054,0.00027
2026-07-30 13:38:21,BTCUSDT,BINANCE,TRADE,64054,0.00521
2026-07-30 13:38:21,BTCUSDT,BINANCE,TRADE,64054,0.00031
2026-07-30 13:38:21,BTCUSDT,BINANCE,TRADE,64054,0.00065
2026-07-30 13:38:21,BTCUSDT,BINANCE,TRADE,64054,0.00182
2026-07-30 13:38:21,BTCUSDT,BINANCE,TRADE,64054,0.00038
2026-07-30 13:38:21,BTCUSDT,BINANCE,TRADE,64054,0.00029
2026-07-30 13:38:21,ETHUSDT,BINANCE,TRADE,1904.62,0.0261
2026-07-30 13:38:21,ETHUSDT,BINANCE,TRADE,1904.62,0.2332
2026-07-30 13:38:21,BTCUSDT,BINANCE,TRADE,64054,0.00029
2026-07-30 13:38:21,BTCUSDT,BINANCE,TRADE,64054,0.00157
2026-07-30 13:38:21,BTCUSDT,BINANCE,TRADE,64054,0.002
2026-07-30 13:38:21,BTCUSDT,BINANCE,TRADE,64054,0.00031
2026-07-30 13:38:21,BTCUSDT,BINANCE,TRADE,64054,0.00065
2026-07-30 13:38:21,BTCUSDT,BINANCE,TRADE,64054,0.00019
2026-07-30 13:38:21,BTCUSDT,BINANCE,TRADE,64054,0.00066
2026-07-30 13:38:21,BTCUSDT,BINANCE,TRADE,64054,0.00071
2026-07-30 13:38:21,BTCUSDT,BINANCE,TRADE,64054,0.01
2026-07-30 13:38:21,BTCUSDT,BINANCE,TRADE,64054,0.01873
2026-07-30 13:38:21,ETHUSDT,BINANCE,TRADE,1904.62,0.0249
2026-07-30 13:38:21,ETHUSDT,BINANCE,TRADE,1904.62,0.0182
2026-07-30 13:38:21,ETHUSDT,BINANCE,TRADE,1904.61,0.168
2026-07-30 13:38:21,BTCUSDT,BINANCE,TRADE,64054,0.06055
2026-07-30 13:38:21,BTCUSDT,BINANCE,TRADE,64054,0.002
2026-07-30 13:38:21,BTCUSDT,BINANCE,TRADE,64054,9e-05
2026-07-30 13:38:21,BTCUSDT,BINANCE,TRADE,64054,0.00126
2026-07-30 13:38:21,ETHUSDT,BINANCE,TRADE,1904.62,0.0028
2026-07-30 13:38:21,ETHUSDT,BINANCE,TRADE,1904.62,0.0027
2026-07-30 13:38:21,ETHUSDT,BINANCE,TRADE,1904.62,0.5605
2026-07-30 13:38:21,ETHUSDT,BINANCE,TRADE,1904.62,2.6437
2026-07-30 13:38:21,ETHUSDT,BINANCE,TRADE,1904.62,0.0027
2026-07-30 13:38:21,ETHUSDT,BINANCE,TRADE,1904.62,0.0053
2026-07-30 13:38:21,ETHUSDT,BINANCE,TRADE,1904.62,0.0027
2026-07-30 13:38:21,ETHUSDT,BINANCE,TRADE,1904.62,0.0027
2026-07-30 13:38:21,ETHUSDT,BINANCE,TRADE,1904.62,0.0028
2026-07-30 13:38:21,ETHUSDT,BINANCE,TRADE,1904.62,0.0028
2026-07-30 13:38:21,ETHUSDT,BINANCE,TRADE,1904.62,0.0028
2026-07-30 13:38:21,ETHUSDT,BINANCE,TRADE,1904.62,0.055
2026-07-30 13:38:21,ETHUSDT,BINANCE,TRADE,1904.62,0.1
2026-07-30 13:38:21,ETHUSDT,BINANCE,TRADE,1904.62,0.0215
2026-07-30 13:38:21,ETHUSDT,BINANCE,TRADE,1904.62,0.0269
2026-07-30 13:38:21,ETHUSDT,BINANCE,TRADE,1904.62,0.0354
2026-07-30 13:38:21,ETHUSDT,BINANCE,TRADE,1904.62,0.04
2026-07-30 13:38:21,ETHUSDT,BINANCE,TRADE,1904.62,0.0027
2026-07-30 13:38:21,ETHUSDT,BINANCE,TRADE,1904.62,0.0027
2026-07-30 13:38:21,ETHUSDT,BINANCE,TRADE,1904.62,0.0027
2026-07-30 13:38:21,ETHUSDT,BINANCE,TRADE,1904.62,0.0027
2026-07-30 13:38:21,ETHUSDT,BINANCE,TRADE,1904.62,0.0027
2026-07-30 13:38:21,ETHUSDT,BINANCE,TRADE,1904.62,0.0027
2026-07-30 13:38:21,ETHUSDT,BINANCE,TRADE,1904.62,0.0027
2026-07-30 13:38:21,ETHUSDT,BINANCE,TRADE,1904.62,0.0028
2026-07-30 13:38:21,ETHUSDT,BINANCE,TRADE,1904.63,0.0053
2026-07-30 13:38:21,ETHUSDT,BINANCE,TRADE,1904.63,0.0028
2026-07-30 13:38:21,ETHUSDT,BINANCE,TRADE,1904.63,0.7561
2026-07-30 13:38:21,ETHUSDT,BINANCE,TRADE,1904.63,0.0028
2026-07-30 13:38:21,ETHUSDT,BINANCE,TRADE,1904.63,0.0028
2026-07-30 13:38:21,ETHUSDT,BINANCE,TRADE,1904.63,0.0027
2026-07-30 13:38:21,ETHUSDT,BINANCE,TRADE,1904.63,0.0027
2026-07-30 13:38:21,ETHUSDT,BINANCE,TRADE,1904.63,0.0027
2026-07-30 13:38:21,ETHUSDT,BINANCE,TRADE,1904.63,0.0028
2026-07-30 13:38:21,ETHUSDT,BINANCE,TRADE,1904.64,0.0053
2026-07-30 13:38:21,ETHUSDT,BINANCE,TRADE,1904.64,0.0028
2026-07-30 13:38:21,ETHUSDT,BINANCE,TRADE,1904.64,0.0028
2026-07-30 13:38:21,ETHUSDT,BINANCE,TRADE,1904.64,0.0028
2026-07-30 13:38:21,ETHUSDT,BINANCE,TRADE,1904.64,0.0027
2026-07-30 13:38:21,ETHUSDT,BINANCE,TRADE,1904.64,0.0028
2026-07-30 13:38:21,ETHUSDT,BINANCE,TRADE,1904.65,0.0028
2026-07-30 13:38:21,ETHUSDT,BINANCE,TRADE,1904.67,0.0028
2026-07-30 13:38:21,ETHUSDT,BINANCE,TRADE,1904.67,0.0028
2026-07-30 13:38:21,ETHUSDT,BINANCE,TRADE,1904.67,0.0028
2026-07-30 13:38:21,ETHUSDT,BINANCE,TRADE,1904.67,0.0027
2026-07-30 13:38:21,ETHUSDT,BINANCE,TRADE,1904.67,0.0032
2026-07-30 13:38:21,ETHUSDT,BINANCE,TRADE,1904.67,0.0032
2026-07-30 13:38:21,ETHUSDT,BINANCE,TRADE,1904.67,0.0028
2026-07-30 13:38:21,ETHUSDT,BINANCE,TRADE,1904.68,0.0028
2026-07-30 13:38:21,BTCUSDT,BINANCE,TRADE,64054,0.00065
2026-07-30 13:38:21,BTCUSDT,BINANCE,TRADE,64054,0.002
2026-07-30 13:38:21,BTCUSDT,BINANCE,TRADE,64054,0.00166
2026-07-30 13:38:21,BTCUSDT,BINANCE,TRADE,64054,0.00312
2026-07-30 13:38:22,ETHUSDT,BINANCE,TRADE,1904.7,0.0105
2026-07-30 13:38:22,BTCUSDT,BINANCE,TRADE,64054,0.00198
2026-07-30 13:38:22,BTCUSDT,BINANCE,TRADE,64054,0.00019
2026-07-30 13:38:22,BTCUSDT,BINANCE,TRADE,64054,0.00024
2026-07-30 13:38:22,SOLUSDT,BINANCE,TRADE,73.44,0.824
2026-07-30 13:38:22,ETHUSDT,BINANCE,TRADE,1904.69,0.0127
2026-07-30 13:38:22,ETHUSDT,BINANCE,TRADE,1904.69,0.0021
2026-07-30 13:38:22,ETHUSDT,BINANCE,TRADE,1904.69,0.0143
2026-07-30 13:38:22,BTCUSDT,BINANCE,TRADE,64054,0.00019
2026-07-30 13:38:22,BTCUSDT,BINANCE,TRADE,64054,0.00893
2026-07-30 13:38:22,BTCUSDT,BINANCE,TRADE,64054,0.00029
2026-07-30 13:38:22,BTCUSDT,BINANCE,TRADE,64054,0.00027
2026-07-30 13:38:22,ETHUSDT,BINANCE,TRADE,1904.69,0.0028
2026-07-30 13:38:22,ETHUSDT,BINANCE,TRADE,1904.69,0.1895
2026-07-30 13:38:22,BTCUSDT,BINANCE,TRADE,64054,0.00014
2026-07-30 13:38:22,BTCUSDT,BINANCE,TRADE,64054,0.00065
2026-07-30 13:38:22,ETHUSDT,BINANCE,TRADE,1904.7,0.0165
2026-07-30 13:38:22,BTCUSDT,BINANCE,TRADE,64054,0.00239
2026-07-30 13:38:22,BTCUSDT,BINANCE,TRADE,64054,0.01
2026-07-30 13:38:22,ETHUSDT,BINANCE,TRADE,1904.69,0.2683
2026-07-30 13:38:22,ETHUSDT,BINANCE,TRADE,1904.7,0.0206
2026-07-30 13:38:22,BTCUSDT,BINANCE,TRADE,64054,0.00313
2026-07-30 13:38:22,ETHUSDT,BINANCE,TRADE,1904.69,0.0284
2026-07-30 13:38:22,BTCUSDT,BINANCE,TRADE,64054,0.00038
2026-07-30 13:38:22,BTCUSDT,BINANCE,TRADE,64054,0.01952
2026-07-30 13:38:22,BTCUSDT,BINANCE,TRADE,64054,0.00065
2026-07-30 13:38:22,BTCUSDT,BINANCE,TRADE,64054,0.00017
2026-07-30 13:38:22,BTCUSDT,BINANCE,TRADE,64054,0.00901
2026-07-30 13:38:22,BTCUSDT,BINANCE,TRADE,64054,0.0024
2026-07-30 13:38:22,BTCUSDT,BINANCE,TRADE,64054,0.00031
2026-07-30 13:38:22,BTCUSDT,BINANCE,TRADE,64054,0.00065
2026-07-30 13:38:22,BTCUSDT,BINANCE,TRADE,64054,0.00312
2026-07-30 13:38:22,BTCUSDT,BINANCE,TRADE,64054,0.01
2026-07-30 13:38:22,BTCUSDT,BINANCE,TRADE,64054,0.00016
2026-07-30 13:38:22,BTCUSDT,BINANCE,TRADE,64054,0.00012
2026-07-30 13:38:22,BTCUSDT,BINANCE,TRADE,64054,0.00031
2026-07-30 13:38:22,BTCUSDT,BINANCE,TRADE,64054,9e-05
2026-07-30 13:38:22,BTCUSDT,BINANCE,TRADE,64054,0.00029
2026-07-30 13:38:23,BTCUSDT,BINANCE,TRADE,64054,0.00163
2026-07-30 13:38:23,BTCUSDT,BINANCE,TRADE,64054,0.00029
2026-07-30 13:38:23,ETHUSDT,BINANCE,TRADE,1904.7,0.0187
2026-07-30 13:38:23,ETHUSDT,BINANCE,TRADE,1904.7,0.0083
2026-07-30 13:38:23,BTCUSDT,BINANCE,TRADE,64054,0.00275
2026-07-30 13:38:23,BTCUSDT,BINANCE,TRADE,64054,0.00015
2026-07-30 13:38:23,BTCUSDT,BINANCE,TRADE,64054,0.00234
2026-07-30 13:38:23,BTCUSDT,BINANCE,TRADE,64054,0.00065
2026-07-30 13:38:23,BTCUSDT,BINANCE,TRADE,64054,0.00042
2026-07-30 13:38:23,BTCUSDT,BINANCE,TRADE,64054,0.00019
2026-07-30 13:38:23,BTCUSDT,BINANCE,TRADE,64054,0.00147
2026-07-30 13:38:23,BTCUSDT,BINANCE,TRADE,64054,0.00094
2026-07-30 13:38:23,BTCUSDT,BINANCE,TRADE,64054,0.00997
2026-07-30 13:38:23,BTCUSDT,BINANCE,TRADE,64054,8e-05
2026-07-30 13:38:23,BTCUSDT,BINANCE,TRADE,64054,8e-05
2026-07-30 13:38:23,BTCUSDT,BINANCE,TRADE,64054,8e-05
2026-07-30 13:38:23,BTCUSDT,BINANCE,TRADE,64054,0.00067
2026-07-30 13:38:23,BTCUSDT,BINANCE,TRADE,64054,8e-05
2026-07-30 13:38:23,BTCUSDT,BINANCE,TRADE,64054,0.00062
2026-07-30 13:38:23,BTCUSDT,BINANCE,TRADE,64054,8e-05
2026-07-30 13:38:23,BTCUSDT,BINANCE,TRADE,64054,9e-05
2026-07-30 13:38:23,BTCUSDT,BINANCE,TRADE,64054,0.00016
2026-07-30 13:38:23,BTCUSDT,BINANCE,TRADE,64054,8e-05
2026-07-30 13:38:23,BTCUSDT,BINANCE,TRADE,64054,0.00152
2026-07-30 13:38:23,BTCUSDT,BINANCE,TRADE,64054,0.00206
2026-07-30 13:38:23,BTCUSDT,BINANCE,TRADE,64054,5e-05
2026-07-30 13:38:23,BTCUSDT,BINANCE,TRADE,64054,3e-05
2026-07-30 13:38:23,BTCUSDT,BINANCE,TRADE,64054,8e-05
2026-07-30 13:38:23,BTCUSDT,BINANCE,TRADE,64054,8e-05
2026-07-30 13:38:23,BTCUSDT,BINANCE,TRADE,64054,8e-05
2026-07-30 13:38:23,BTCUSDT,BINANCE,TRADE,64054,8e-05
2026-07-30 13:38:23,BTCUSDT,BINANCE,TRADE,64054,8e-05
2026-07-30 13:38:23,BTCUSDT,BINANCE,TRADE,64054,8e-05
2026-07-30 13:38:23,BTCUSDT,BINANCE,TRADE,64054,9e-05
2026-07-30 13:38:23,BTCUSDT,BINANCE,TRADE,64054,9e-05
2026-07-30 13:38:23,BTCUSDT,BINANCE,TRADE,64054,8e-05
2026-07-30 13:38:23,BTCUSDT,BINANCE,TRADE,64054,8e-05
2026-07-30 13:38:23,BTCUSDT,BINANCE,TRADE,64054,8e-05
2026-07-30 13:38:23,BTCUSDT,BINANCE,TRADE,64054,8e-05
2026-07-30 13:38:23,BTCUSDT,BINANCE,TRADE,64054,9e-05
2026-07-30 13:38:23,BTCUSDT,BINANCE,TRADE,64054,8e-05
2026-07-30 13:38:23,BTCUSDT,BINANCE,TRADE,64054,9e-05
2026-07-30 13:38:23,BTCUSDT,BINANCE,TRADE,64054,0.00016
2026-07-30 13:38:23,BTCUSDT,BINANCE,TRADE,64054,8e-05
2026-07-30 13:38:23,BTCUSDT,BINANCE,TRADE,64054,8e-05
2026-07-30 13:38:23,BTCUSDT,BINANCE,TRADE,64054,8e-05
2026-07-30 13:38:23,BTCUSDT,BINANCE,TRADE,64054,8e-05
2026-07-30 13:38:23,BTCUSDT,BINANCE,TRADE,64054,8e-05
2026-07-30 13:38:23,BTCUSDT,BINANCE,TRADE,64054,8e-05
2026-07-30 13:38:23,BTCUSDT,BINANCE,TRADE,64054,0.00016
2026-07-30 13:38:23,BTCUSDT,BINANCE,TRADE,64055,9e-05
2026-07-30 13:38:23,BTCUSDT,BINANCE,TRADE,64055,9e-05
2026-07-30 13:38:23,BTCUSDT,BINANCE,TRADE,64055,8e-05
2026-07-30 13:38:23,BTCUSDT,BINANCE,TRADE,64055,8e-05
2026-07-30 13:38:23,BTCUSDT,BINANCE,TRADE,64055,8e-05
2026-07-30 13:38:23,BTCUSDT,BINANCE,TRADE,64055,8e-05
2026-07-30 13:38:23,BTCUSDT,BINANCE,TRADE,64055,8e-05
2026-07-30 13:38:23,BTCUSDT,BINANCE,TRADE,64055,8e-05
2026-07-30 13:38:23,BTCUSDT,BINANCE,TRADE,64055,8e-05
2026-07-30 13:38:23,BTCUSDT,BINANCE,TRADE,64055,9e-05
2026-07-30 13:38:23,BTCUSDT,BINANCE,TRADE,64055,0.00699
2026-07-30 13:38:23,BTCUSDT,BINANCE,TRADE,64055,0.00202
2026-07-30 13:38:23,BTCUSDT,BINANCE,TRADE,64055,0.00063
2026-07-30 13:38:23,ETHUSDT,BINANCE,TRADE,1904.7,0.0027
2026-07-30 13:38:23,ETHUSDT,BINANCE,TRADE,1904.7,0.0027
2026-07-30 13:38:23,ETHUSDT,BINANCE,TRADE,1904.7,0.0027
2026-07-30 13:38:23,ETHUSDT,BINANCE,TRADE,1904.7,0.0028
2026-07-30 13:38:23,ETHUSDT,BINANCE,TRADE,1904.7,0.0027
2026-07-30 13:38:23,ETHUSDT,BINANCE,TRADE,1904.7,0.0028
2026-07-30 13:38:23,ETHUSDT,BINANCE,TRADE,1904.7,0.0773
2026-07-30 13:38:23,ETHUSDT,BINANCE,TRADE,1904.7,0.0027
2026-07-30 13:38:23,ETHUSDT,BINANCE,TRADE,1904.7,0.0027
2026-07-30 13:38:23,ETHUSDT,BINANCE,TRADE,1904.7,0.0027
2026-07-30 13:38:23,ETHUSDT,BINANCE,TRADE,1904.7,0.0027
2026-07-30 13:38:23,ETHUSDT,BINANCE,TRADE,1904.7,0.055
2026-07-30 13:38:23,ETHUSDT,BINANCE,TRADE,1904.7,0.021
2026-07-30 13:38:23,ETHUSDT,BINANCE,TRADE,1904.7,0.0031
2026-07-30 13:38:23,ETHUSDT,BINANCE,TRADE,1904.7,0.0031
2026-07-30 13:38:23,ETHUSDT,BINANCE,TRADE,1904.7,0.021
2026-07-30 13:38:23,ETHUSDT,BINANCE,TRADE,1904.7,0.0031
2026-07-30 13:38:23,ETHUSDT,BINANCE,TRADE,1904.7,0.0027
2026-07-30 13:38:23,ETHUSDT,BINANCE,TRADE,1904.7,0.0027
2026-07-30 13:38:23,ETHUSDT,BINANCE,TRADE,1904.7,0.0027
2026-07-30 13:38:23,ETHUSDT,BINANCE,TRADE,1904.71,0.0028
2026-07-30 13:38:23,ETHUSDT,BINANCE,TRADE,1904.71,0.0027
2026-07-30 13:38:23,ETHUSDT,BINANCE,TRADE,1904.71,0.0027
2026-07-30 13:38:23,ETHUSDT,BINANCE,TRADE,1904.71,0.0027
2026-07-30 13:38:23,ETHUSDT,BINANCE,TRADE,1904.72,0.0028
2026-07-30 13:38:23,ETHUSDT,BINANCE,TRADE,1904.73,0.0028
2026-07-30 13:38:23,ETHUSDT,BINANCE,TRADE,1904.73,0.0027
2026-07-30 13:38:23,ETHUSDT,BINANCE,TRADE,1904.74,0.0028
2026-07-30 13:38:23,ETHUSDT,BINANCE,TRADE,1904.74,0.0027
2026-07-30 13:38:23,ETHUSDT,BINANCE,TRADE,1904.75,0.0028
2026-07-30 13:38:23,ETHUSDT,BINANCE,TRADE,1904.76,0.0027
2026-07-30 13:38:23,ETHUSDT,BINANCE,TRADE,1904.76,0.0028
2026-07-30 13:38:23,ETHUSDT,BINANCE,TRADE,1904.76,0.0027
2026-07-30 13:38:23,ETHUSDT,BINANCE,TRADE,1904.77,5.9524
2026-07-30 13:38:23,BTCUSDT,BINANCE,TRADE,64055,0.00239
2026-07-30 13:38:23,BTCUSDT,BINANCE,TRADE,64055,0.00256
2026-07-30 13:38:23,BTCUSDT,BINANCE,TRADE,64055,0.00157
2026-07-30 13:38:23,BTCUSDT,BINANCE,TRADE,64055,0.00071
2026-07-30 13:38:23,BTCUSDT,BINANCE,TRADE,64055,0.00031
2026-07-30 13:38:23,BTCUSDT,BINANCE,TRADE,64055,0.00065
2026-07-30 13:38:23,BTCUSDT,BINANCE,TRADE,64055,0.00673
2026-07-30 13:38:23,BTCUSDT,BINANCE,TRADE,64055,8e-05
2026-07-30 13:38:23,BTCUSDT,BINANCE,TRADE,64055,8e-05
2026-07-30 13:38:23,BTCUSDT,BINANCE,TRADE,64055,8e-05
2026-07-30 13:38:23,BTCUSDT,BINANCE,TRADE,64055,8e-05
2026-07-30 13:38:23,BTCUSDT,BINANCE,TRADE,64055,8e-05
2026-07-30 13:38:23,BTCUSDT,BINANCE,TRADE,64055,8e-05
2026-07-30 13:38:23,BTCUSDT,BINANCE,TRADE,64055,8e-05
2026-07-30 13:38:23,BTCUSDT,BINANCE,TRADE,64055,8e-05
2026-07-30 13:38:23,BTCUSDT,BINANCE,TRADE,64055,8e-05
2026-07-30 13:38:23,BTCUSDT,BINANCE,TRADE,64055,8e-05
2026-07-30 13:38:23,BTCUSDT,BINANCE,TRADE,64055,8e-05
2026-07-30 13:38:23,BTCUSDT,BINANCE,TRADE,64055,8e-05
2026-07-30 13:38:23,BTCUSDT,BINANCE,TRADE,64055,8e-05
2026-07-30 13:38:23,BTCUSDT,BINANCE,TRADE,64055,9e-05
2026-07-30 13:38:23,BTCUSDT,BINANCE,TRADE,64055,8e-05
2026-07-30 13:38:23,BTCUSDT,BINANCE,TRADE,64055,9e-05
2026-07-30 13:38:23,BTCUSDT,BINANCE,TRADE,64055,9e-05
2026-07-30 13:38:23,BTCUSDT,BINANCE,TRADE,64055,0.00295
2026-07-30 13:38:23,BTCUSDT,BINANCE,TRADE,64055,8e-05
2026-07-30 13:38:23,BTCUSDT,BINANCE,TRADE,64055,8e-05
2026-07-30 13:38:23,BTCUSDT,BINANCE,TRADE,64055,8e-05
2026-07-30 13:38:23,BTCUSDT,BINANCE,TRADE,64055,8e-05
2026-07-30 13:38:23,BTCUSDT,BINANCE,TRADE,64055,9e-05
2026-07-30 13:38:23,BTCUSDT,BINANCE,TRADE,64055,9e-05
2026-07-30 13:38:23,BTCUSDT,BINANCE,TRADE,64055,8e-05
2026-07-30 13:38:23,BTCUSDT,BINANCE,TRADE,64055,8e-05
2026-07-30 13:38:23,BTCUSDT,BINANCE,TRADE,64055,8e-05
2026-07-30 13:38:23,BTCUSDT,BINANCE,TRADE,64055.3,8e-05
2026-07-30 13:38:23,BTCUSDT,BINANCE,TRADE,64055.5,8e-05
2026-07-30 13:38:23,BTCUSDT,BINANCE,TRADE,64055.6,9e-05
2026-07-30 13:38:23,BTCUSDT,BINANCE,TRADE,64056,0.00024
2026-07-30 13:38:23,BTCUSDT,BINANCE,TRADE,64056,9e-05
2026-07-30 13:38:23,BTCUSDT,BINANCE,TRADE,64056,9e-05
2026-07-30 13:38:23,BTCUSDT,BINANCE,TRADE,64056,9e-05
2026-07-30 13:38:23,BTCUSDT,BINANCE,TRADE,64056,0.008
2026-07-30 13:38:23,BTCUSDT,BINANCE,TRADE,64056,0.005
2026-07-30 13:38:23,BTCUSDT,BINANCE,TRADE,64056,0.005
2026-07-30 13:38:23,BTCUSDT,BINANCE,TRADE,64056,0.006
2026-07-30 13:38:23,BTCUSDT,BINANCE,TRADE,64056,9e-05
2026-07-30 13:38:23,BTCUSDT,BINANCE,TRADE,64056,9e-05
2026-07-30 13:38:23,BTCUSDT,BINANCE,TRADE,64056.4,0.01077
2026-07-30 13:38:23,BTCUSDT,BINANCE,TRADE,64056.4,9e-05
2026-07-30 13:38:23,BTCUSDT,BINANCE,TRADE,64056.4,9e-05
2026-07-30 13:38:23,BTCUSDT,BINANCE,TRADE,64057.6,9e-05
2026-07-30 13:38:23,BTCUSDT,BINANCE,TRADE,64058,9e-05
2026-07-30 13:38:23,BTCUSDT,BINANCE,TRADE,64058,9e-05
2026-07-30 13:38:23,BTCUSDT,BINANCE,TRADE,64058,9e-05
2026-07-30 13:38:23,BTCUSDT,BINANCE,TRADE,64058,0.006
2026-07-30 13:38:23,BTCUSDT,BINANCE,TRADE,64058,0.008
2026-07-30 13:38:23,BTCUSDT,BINANCE,TRADE,64058,0.005
2026-07-30 13:38:23,BTCUSDT,BINANCE,TRADE,64058,0.005
2026-07-30 13:38:23,BTCUSDT,BINANCE,TRADE,64058,9e-05
2026-07-30 13:38:23,BTCUSDT,BINANCE,TRADE,64058,9e-05
2026-07-30 13:38:23,BTCUSDT,BINANCE,TRADE,64058.4,0.00146
2026-07-30 13:38:23,BTCUSDT,BINANCE,TRADE,64058.6,9e-05
2026-07-30 13:38:23,BTCUSDT,BINANCE,TRADE,64058.6,9e-05
2026-07-30 13:38:23,BTCUSDT,BINANCE,TRADE,64058.6,9e-05
2026-07-30 13:38:23,BTCUSDT,BINANCE,TRADE,64058.6,0.02107
2026-07-30 13:38:23,BTCUSDT,BINANCE,TRADE,64058.6,0.00234
2026-07-30 13:38:23,BTCUSDT,BINANCE,TRADE,64058.6,9e-05
2026-07-30 13:38:23,BTCUSDT,BINANCE,TRADE,64058.6,9e-05
2026-07-30 13:38:23,BTCUSDT,BINANCE,TRADE,64058.7,8e-05
2026-07-30 13:38:23,BTCUSDT,BINANCE,TRADE,64058.8,9e-05
2026-07-30 13:38:23,BTCUSDT,BINANCE,TRADE,64058.8,0.00165
2026-07-30 13:38:23,BTCUSDT,BINANCE,TRADE,64059,8e-05
2026-07-30 13:38:23,BTCUSDT,BINANCE,TRADE,64059.1,0.00032
2026-07-30 13:38:23,BTCUSDT,BINANCE,TRADE,64059.1,0.00781
2026-07-30 13:38:23,BTCUSDT,BINANCE,TRADE,64059.1,9e-05
2026-07-30 13:38:23,BTCUSDT,BINANCE,TRADE,64059.1,9e-05
2026-07-30 13:38:23,BTCUSDT,BINANCE,TRADE,64059.3,8e-05
2026-07-30 13:38:23,BTCUSDT,BINANCE,TRADE,64060,8e-05
2026-07-30 13:38:23,BTCUSDT,BINANCE,TRADE,64060,9e-05
2026-07-30 13:38:23,BTCUSDT,BINANCE,TRADE,64060,9e-05
2026-07-30 13:38:23,BTCUSDT,BINANCE,TRADE,64060,9e-05
2026-07-30 13:38:23,BTCUSDT,BINANCE,TRADE,64060,0.005
2026-07-30 13:38:23,BTCUSDT,BINANCE,TRADE,64060,0.006
2026-07-30 13:38:23,BTCUSDT,BINANCE,TRADE,64060,0.008
2026-07-30 13:38:23,BTCUSDT,BINANCE,TRADE,64060,0.005
2026-07-30 13:38:23,BTCUSDT,BINANCE,TRADE,64060,0.01
2026-07-30 13:38:23,BTCUSDT,BINANCE,TRADE,64060,0.00393
2026-07-30 13:38:23,BTCUSDT,BINANCE,TRADE,64060,0.00969
2026-07-30 13:38:23,BTCUSDT,BINANCE,TRADE,64060,0.00312
2026-07-30 13:38:23,ETHUSDT,BINANCE,TRADE,1904.76,0.0249
2026-07-30 13:38:23,BTCUSDT,BINANCE,TRADE,64060,0.0006
2026-07-30 13:38:23,BTCUSDT,BINANCE,TRADE,64060,0.00509
2026-07-30 13:38:23,BTCUSDT,BINANCE,TRADE,64060,0.00275
2026-07-30 13:38:23,BTCUSDT,BINANCE,TRADE,64060,0.00017
2026-07-30 13:38:23,BTCUSDT,BINANCE,TRADE,64060,0.00157
2026-07-30 13:38:23,BTCUSDT,BINANCE,TRADE,64060,0.00019
2026-07-30 13:38:23,BTCUSDT,BINANCE,TRADE,64060,0.00031
2026-07-30 13:38:23,BTCUSDT,BINANCE,TRADE,64060,0.41001
2026-07-30 13:38:23,BTCUSDT,BINANCE,TRADE,64060,0.08997
2026-07-30 13:38:23,BTCUSDT,BINANCE,TRADE,64060,0.00048
2026-07-30 13:38:23,BTCUSDT,BINANCE,TRADE,64060,0.00138
2026-07-30 13:38:23,ETHUSDT,BINANCE,TRADE,1904.77,0.0031
2026-07-30 13:38:23,ETHUSDT,BINANCE,TRADE,1904.77,0.1692
2026-07-30 13:38:23,BTCUSDT,BINANCE,TRADE,64060,0.00066
2026-07-30 13:38:23,ETHUSDT,BINANCE,TRADE,1904.76,0.0053
2026-07-30 13:38:23,BTCUSDT,BINANCE,TRADE,64060,0.00101
2026-07-30 13:38:23,ETHUSDT,BINANCE,TRADE,1904.76,0.0035
2026-07-30 13:38:23,BTCUSDT,BINANCE,TRADE,64060,0.01952
2026-07-30 13:38:23,BTCUSDT,BINANCE,TRADE,64060,0.00521
2026-07-30 13:38:23,BTCUSDT,BINANCE,TRADE,64060,9e-05
2026-07-30 13:38:23,ETHUSDT,BINANCE,TRADE,1904.77,0.0027
2026-07-30 13:38:23,ETHUSDT,BINANCE,TRADE,1904.77,0.0027
2026-07-30 13:38:23,ETHUSDT,BINANCE,TRADE,1904.77,0.0028
2026-07-30 13:38:23,ETHUSDT,BINANCE,TRADE,1904.77,0.0053
2026-07-30 13:38:23,ETHUSDT,BINANCE,TRADE,1904.77,0.0027
2026-07-30 13:38:23,ETHUSDT,BINANCE,TRADE,1904.77,0.0028
2026-07-30 13:38:23,ETHUSDT,BINANCE,TRADE,1904.77,0.0031
2026-07-30 13:38:23,ETHUSDT,BINANCE,TRADE,1904.77,0.0027
2026-07-30 13:38:23,ETHUSDT,BINANCE,TRADE,1904.77,0.0031
2026-07-30 13:38:23,ETHUSDT,BINANCE,TRADE,1904.77,0.0031
2026-07-30 13:38:23,ETHUSDT,BINANCE,TRADE,1904.78,0.0027
2026-07-30 13:38:23,ETHUSDT,BINANCE,TRADE,1904.78,0.0053
2026-07-30 13:38:23,ETHUSDT,BINANCE,TRADE,1904.78,0.0028
2026-07-30 13:38:23,ETHUSDT,BINANCE,TRADE,1904.78,0.0027
2026-07-30 13:38:23,ETHUSDT,BINANCE,TRADE,1904.79,0.0028
2026-07-30 13:38:23,ETHUSDT,BINANCE,TRADE,1904.79,0.0053
2026-07-30 13:38:23,ETHUSDT,BINANCE,TRADE,1904.8,0.0028
2026-07-30 13:38:23,ETHUSDT,BINANCE,TRADE,1904.8,0.0032
2026-07-30 13:38:23,ETHUSDT,BINANCE,TRADE,1904.81,0.0028
2026-07-30 13:38:23,ETHUSDT,BINANCE,TRADE,1904.81,0.0028
2026-07-30 13:38:23,ETHUSDT,BINANCE,TRADE,1904.81,0.0028
2026-07-30 13:38:23,ETHUSDT,BINANCE,TRADE,1904.81,0.0028
2026-07-30 13:38:23,BTCUSDT,BINANCE,TRADE,64060,0.00027
2026-07-30 13:38:23,BTCUSDT,BINANCE,TRADE,64060,0.00014
2026-07-30 13:38:23,BTCUSDT,BINANCE,TRADE,64060,0.00065
2026-07-30 13:38:23,BTCUSDT,BINANCE,TRADE,64060,0.002
2026-07-30 13:38:23,BTCUSDT,BINANCE,TRADE,64060,0.00038
2026-07-30 13:38:23,BTCUSDT,BINANCE,TRADE,64060,0.00029
2026-07-30 13:38:23,BTCUSDT,BINANCE,TRADE,64060,0.00031
2026-07-30 13:38:23,ETHUSDT,BINANCE,TRADE,1904.81,0.0181
2026-07-30 13:38:23,ETHUSDT,BINANCE,TRADE,1904.81,0.6489
2026-07-30 13:38:23,BTCUSDT,BINANCE,TRADE,64060,0.00166
2026-07-30 13:38:23,BTCUSDT,BINANCE,TRADE,64060,0.00023
2026-07-30 13:38:23,BTCUSDT,BINANCE,TRADE,64060,0.0008
2026-07-30 13:38:23,BTCUSDT,BINANCE,TRADE,64060,9e-05
2026-07-30 13:38:23,BTCUSDT,BINANCE,TRADE,64060,9e-05
2026-07-30 13:38:23,BTCUSDT,BINANCE,TRADE,64060,8e-05
2026-07-30 13:38:23,BTCUSDT,BINANCE,TRADE,64060,0.00409
2026-07-30 13:38:23,BTCUSDT,BINANCE,TRADE,64060,0.00028
2026-07-30 13:38:23,ETHUSDT,BINANCE,TRADE,1904.81,0.0329
2026-07-30 13:38:23,BTCUSDT,BINANCE,TRADE,64060,0.00065
2026-07-30 13:38:23,BTCUSDT,BINANCE,TRADE,64060,0.01873
2026-07-30 13:38:24,BTCUSDT,BINANCE,TRADE,64060,0.00019
2026-07-30 13:38:24,BTCUSDT,BINANCE,TRADE,64060,8e-05
2026-07-30 13:38:24,BTCUSDT,BINANCE,TRADE,64060,8e-05
2026-07-30 13:38:24,BTCUSDT,BINANCE,TRADE,64060,0.00029
2026-07-30 13:38:24,BTCUSDT,BINANCE,TRADE,64060,0.00155
2026-07-30 13:38:24,ETHUSDT,BINANCE,TRADE,1904.82,0.0028
2026-07-30 13:38:24,ETHUSDT,BINANCE,TRADE,1904.82,0.0027
2026-07-30 13:38:24,ETHUSDT,BINANCE,TRADE,1904.82,0.0031
2026-07-30 13:38:24,ETHUSDT,BINANCE,TRADE,1904.82,0.0031
2026-07-30 13:38:24,ETHUSDT,BINANCE,TRADE,1904.82,0.0027
2026-07-30 13:38:24,ETHUSDT,BINANCE,TRADE,1904.82,0.0028
2026-07-30 13:38:24,ETHUSDT,BINANCE,TRADE,1904.82,0.0031
2026-07-30 13:38:24,ETHUSDT,BINANCE,TRADE,1904.82,0.0027
2026-07-30 13:38:24,ETHUSDT,BINANCE,TRADE,1904.82,0.0027
2026-07-30 13:38:24,ETHUSDT,BINANCE,TRADE,1904.82,0.0027
2026-07-30 13:38:24,ETHUSDT,BINANCE,TRADE,1904.82,0.0027
2026-07-30 13:38:24,ETHUSDT,BINANCE,TRADE,1904.82,0.0027
2026-07-30 13:38:24,ETHUSDT,BINANCE,TRADE,1904.82,0.0027
2026-07-30 13:38:24,ETHUSDT,BINANCE,TRADE,1904.83,0.0028
2026-07-30 13:38:24,ETHUSDT,BINANCE,TRADE,1904.83,0.0027
2026-07-30 13:38:24,ETHUSDT,BINANCE,TRADE,1904.83,0.0027
2026-07-30 13:38:24,ETHUSDT,BINANCE,TRADE,1904.83,0.0027
2026-07-30 13:38:24,ETHUSDT,BINANCE,TRADE,1904.84,0.0028
2026-07-30 13:38:24,ETHUSDT,BINANCE,TRADE,1904.85,0.0027
2026-07-30 13:38:24,ETHUSDT,BINANCE,TRADE,1904.85,0.0028
2026-07-30 13:38:24,ETHUSDT,BINANCE,TRADE,1904.86,0.0028
2026-07-30 13:38:24,ETHUSDT,BINANCE,TRADE,1904.86,0.0028
2026-07-30 13:38:24,ETHUSDT,BINANCE,TRADE,1904.86,0.0028
2026-07-30 13:38:24,ETHUSDT,BINANCE,TRADE,1904.86,0.0028
2026-07-30 13:38:24,BTCUSDT,BINANCE,TRADE,64060,0.0005
2026-07-30 13:38:24,BTCUSDT,BINANCE,TRADE,64060,0.00029
2026-07-30 13:38:24,BTCUSDT,BINANCE,TRADE,64060,8e-05
2026-07-30 13:38:24,BTCUSDT,BINANCE,TRADE,64060,8e-05
2026-07-30 13:38:24,BTCUSDT,BINANCE,TRADE,64060,8e-05
2026-07-30 13:38:24,BTCUSDT,BINANCE,TRADE,64060,8e-05
2026-07-30 13:38:24,BTCUSDT,BINANCE,TRADE,64060,8e-05
2026-07-30 13:38:24,BTCUSDT,BINANCE,TRADE,64060,8e-05
2026-07-30 13:38:24,BTCUSDT,BINANCE,TRADE,64060,8e-05
2026-07-30 13:38:24,BTCUSDT,BINANCE,TRADE,64060,8e-05
2026-07-30 13:38:24,BTCUSDT,BINANCE,TRADE,64060,8e-05
2026-07-30 13:38:24,BTCUSDT,BINANCE,TRADE,64060,8e-05
2026-07-30 13:38:24,BTCUSDT,BINANCE,TRADE,64060,8e-05
2026-07-30 13:38:24,BTCUSDT,BINANCE,TRADE,64060,9e-05
2026-07-30 13:38:24,BTCUSDT,BINANCE,TRADE,64060,0.00048
2026-07-30 13:38:24,BTCUSDT,BINANCE,TRADE,64060,0.0007
2026-07-30 13:38:24,BTCUSDT,BINANCE,TRADE,64060,8e-05
2026-07-30 13:38:24,BTCUSDT,BINANCE,TRADE,64060,0.00082
2026-07-30 13:38:24,BTCUSDT,BINANCE,TRADE,64060,0.00092
2026-07-30 13:38:24,BTCUSDT,BINANCE,TRADE,64060,9e-05
2026-07-30 13:38:24,BTCUSDT,BINANCE,TRADE,64060,9e-05
2026-07-30 13:38:24,BTCUSDT,BINANCE,TRADE,64060,8e-05
2026-07-30 13:38:24,BTCUSDT,BINANCE,TRADE,64060,8e-05
2026-07-30 13:38:24,BTCUSDT,BINANCE,TRADE,64060,8e-05
2026-07-30 13:38:24,ETHUSDT,BINANCE,TRADE,1904.87,0.0028
2026-07-30 13:38:24,ETHUSDT,BINANCE,TRADE,1904.87,0.235
2026-07-30 13:38:24,ETHUSDT,BINANCE,TRADE,1904.87,0.0027
2026-07-30 13:38:24,ETHUSDT,BINANCE,TRADE,1904.87,0.0031
2026-07-30 13:38:24,ETHUSDT,BINANCE,TRADE,1904.87,0.0031
2026-07-30 13:38:24,ETHUSDT,BINANCE,TRADE,1904.87,0.0027
2026-07-30 13:38:24,ETHUSDT,BINANCE,TRADE,1904.87,0.0027
2026-07-30 13:38:24,ETHUSDT,BINANCE,TRADE,1904.87,0.0031
2026-07-30 13:38:24,ETHUSDT,BINANCE,TRADE,1904.87,0.0027
2026-07-30 13:38:24,ETHUSDT,BINANCE,TRADE,1904.87,0.0027
2026-07-30 13:38:24,ETHUSDT,BINANCE,TRADE,1904.87,0.0027
2026-07-30 13:38:24,ETHUSDT,BINANCE,TRADE,1904.87,0.0027
2026-07-30 13:38:24,ETHUSDT,BINANCE,TRADE,1904.87,0.0027
2026-07-30 13:38:24,ETHUSDT,BINANCE,TRADE,1904.87,0.0027
2026-07-30 13:38:24,ETHUSDT,BINANCE,TRADE,1904.87,0.0027
2026-07-30 13:38:24,ETHUSDT,BINANCE,TRADE,1904.88,0.003
2026-07-30 13:38:24,ETHUSDT,BINANCE,TRADE,1904.88,0.0028
2026-07-30 13:38:24,ETHUSDT,BINANCE,TRADE,1904.88,0.0027
2026-07-30 13:38:24,ETHUSDT,BINANCE,TRADE,1904.88,0.0027
2026-07-30 13:38:24,ETHUSDT,BINANCE,TRADE,1904.88,0.0027
2026-07-30 13:38:24,ETHUSDT,BINANCE,TRADE,1904.9,0.0032
2026-07-30 13:38:24,ETHUSDT,BINANCE,TRADE,1904.9,0.0028
2026-07-30 13:38:24,ETHUSDT,BINANCE,TRADE,1904.91,0.0027
2026-07-30 13:38:24,ETHUSDT,BINANCE,TRADE,1904.91,0.0028
2026-07-30 13:38:24,ETHUSDT,BINANCE,TRADE,1904.92,0.0028
2026-07-30 13:38:24,ETHUSDT,BINANCE,TRADE,1904.92,0.0028
2026-07-30 13:38:24,ETHUSDT,BINANCE,TRADE,1904.92,0.0028
2026-07-30 13:38:24,ETHUSDT,BINANCE,TRADE,1904.92,0.0028
2026-07-30 13:38:24,BTCUSDT,BINANCE,TRADE,64060,0.0001
2026-07-30 13:38:24,BTCUSDT,BINANCE,TRADE,64060,0.0024
2026-07-30 13:38:24,BTCUSDT,BINANCE,TRADE,64060,8e-05
2026-07-30 13:38:24,BTCUSDT,BINANCE,TRADE,64060,8e-05
2026-07-30 13:38:24,BTCUSDT,BINANCE,TRADE,64060,8e-05
2026-07-30 13:38:24,BTCUSDT,BINANCE,TRADE,64060,8e-05
2026-07-30 13:38:24,BTCUSDT,BINANCE,TRADE,64060,8e-05
2026-07-30 13:38:24,BTCUSDT,BINANCE,TRADE,64060,8e-05
2026-07-30 13:38:24,BTCUSDT,BINANCE,TRADE,64060,8e-05
2026-07-30 13:38:24,BTCUSDT,BINANCE,TRADE,64060,8e-05
2026-07-30 13:38:24,BTCUSDT,BINANCE,TRADE,64060,8e-05
2026-07-30 13:38:24,BTCUSDT,BINANCE,TRADE,64060,8e-05
2026-07-30 13:38:24,BTCUSDT,BINANCE,TRADE,64060,8e-05
2026-07-30 13:38:24,BTCUSDT,BINANCE,TRADE,64060,8e-05
2026-07-30 13:38:24,BTCUSDT,BINANCE,TRADE,64060,8e-05
2026-07-30 13:38:24,BTCUSDT,BINANCE,TRADE,64060,0.00016
2026-07-30 13:38:24,BTCUSDT,BINANCE,TRADE,64060,8e-05
2026-07-30 13:38:24,BTCUSDT,BINANCE,TRADE,64060,9e-05
2026-07-30 13:38:24,BTCUSDT,BINANCE,TRADE,64060,8e-05
2026-07-30 13:38:24,BTCUSDT,BINANCE,TRADE,64060,8e-05
2026-07-30 13:38:24,BTCUSDT,BINANCE,TRADE,64060,8e-05
2026-07-30 13:38:24,BTCUSDT,BINANCE,TRADE,64060,9e-05
2026-07-30 13:38:24,BTCUSDT,BINANCE,TRADE,64060,8e-05
2026-07-30 13:38:24,BTCUSDT,BINANCE,TRADE,64060,9e-05
2026-07-30 13:38:24,BTCUSDT,BINANCE,TRADE,64060,0.00016
2026-07-30 13:38:24,BTCUSDT,BINANCE,TRADE,64060,8e-05
2026-07-30 13:38:24,BTCUSDT,BINANCE,TRADE,64060,8e-05
2026-07-30 13:38:24,BTCUSDT,BINANCE,TRADE,64060,8e-05
2026-07-30 13:38:24,BTCUSDT,BINANCE,TRADE,64060,8e-05
2026-07-30 13:38:24,BTCUSDT,BINANCE,TRADE,64060,8e-05
2026-07-30 13:38:24,BTCUSDT,BINANCE,TRADE,64060,0.00016
2026-07-30 13:38:24,BTCUSDT,BINANCE,TRADE,64060.3,0.00027
2026-07-30 13:38:24,ETHUSDT,BINANCE,TRADE,1904.93,0.0028
2026-07-30 13:38:24,ETHUSDT,BINANCE,TRADE,1904.93,0.0031
2026-07-30 13:38:24,ETHUSDT,BINANCE,TRADE,1904.93,0.0031
2026-07-30 13:38:24,ETHUSDT,BINANCE,TRADE,1904.93,0.0031
2026-07-30 13:38:24,ETHUSDT,BINANCE,TRADE,1904.93,0.0027
2026-07-30 13:38:24,ETHUSDT,BINANCE,TRADE,1904.93,0.0027
2026-07-30 13:38:24,ETHUSDT,BINANCE,TRADE,1904.93,0.0027
2026-07-30 13:38:24,ETHUSDT,BINANCE,TRADE,1904.93,0.0027
2026-07-30 13:38:24,ETHUSDT,BINANCE,TRADE,1904.93,0.0027
2026-07-30 13:38:24,ETHUSDT,BINANCE,TRADE,1904.93,0.0027
2026-07-30 13:38:24,ETHUSDT,BINANCE,TRADE,1904.93,0.0028
2026-07-30 13:38:24,ETHUSDT,BINANCE,TRADE,1904.93,0.0027
2026-07-30 13:38:24,ETHUSDT,BINANCE,TRADE,1904.94,0.0027
2026-07-30 13:38:24,ETHUSDT,BINANCE,TRADE,1904.94,0.0028
2026-07-30 13:38:24,ETHUSDT,BINANCE,TRADE,1904.94,0.0028
2026-07-30 13:38:24,ETHUSDT,BINANCE,TRADE,1904.94,0.0028
2026-07-30 13:38:24,ETHUSDT,BINANCE,TRADE,1904.94,0.0027
2026-07-30 13:38:24,ETHUSDT,BINANCE,TRADE,1904.94,0.0027
2026-07-30 13:38:24,ETHUSDT,BINANCE,TRADE,1904.94,0.0027
2026-07-30 13:38:24,ETHUSDT,BINANCE,TRADE,1904.94,0.0028
2026-07-30 13:38:24,BTCUSDT,BINANCE,TRADE,64061.4,0.00723
2026-07-30 13:38:24,BTCUSDT,BINANCE,TRADE,64061.4,9e-05
2026-07-30 13:38:24,BTCUSDT,BINANCE,TRADE,64061.4,9e-05
2026-07-30 13:38:24,BTCUSDT,BINANCE,TRADE,64061.4,8e-05
2026-07-30 13:38:24,BTCUSDT,BINANCE,TRADE,64061.4,8e-05
2026-07-30 13:38:24,BTCUSDT,BINANCE,TRADE,64061.4,8e-05
2026-07-30 13:38:24,BTCUSDT,BINANCE,TRADE,64061.4,8e-05
2026-07-30 13:38:24,BTCUSDT,BINANCE,TRADE,64061.4,8e-05
2026-07-30 13:38:24,BTCUSDT,BINANCE,TRADE,64061.4,8e-05
2026-07-30 13:38:24,BTCUSDT,BINANCE,TRADE,64061.4,8e-05
2026-07-30 13:38:24,BTCUSDT,BINANCE,TRADE,64061.4,8e-05
2026-07-30 13:38:24,BTCUSDT,BINANCE,TRADE,64061.4,8e-05
2026-07-30 13:38:24,BTCUSDT,BINANCE,TRADE,64061.4,8e-05
2026-07-30 13:38:24,BTCUSDT,BINANCE,TRADE,64061.4,0.00025
2026-07-30 13:38:24,BTCUSDT,BINANCE,TRADE,64061.4,8e-05
2026-07-30 13:38:24,BTCUSDT,BINANCE,TRADE,64061.4,9e-05
2026-07-30 13:38:24,BTCUSDT,BINANCE,TRADE,64061.4,8e-05
2026-07-30 13:38:24,BTCUSDT,BINANCE,TRADE,64061.4,8e-05
2026-07-30 13:38:24,BTCUSDT,BINANCE,TRADE,64061.4,9e-05
2026-07-30 13:38:24,BTCUSDT,BINANCE,TRADE,64061.4,8e-05
2026-07-30 13:38:24,BTCUSDT,BINANCE,TRADE,64061.4,8e-05
2026-07-30 13:38:24,BTCUSDT,BINANCE,TRADE,64061.4,8e-05
2026-07-30 13:38:24,BTCUSDT,BINANCE,TRADE,64061.4,8e-05
2026-07-30 13:38:24,BTCUSDT,BINANCE,TRADE,64061.4,9e-05
2026-07-30 13:38:24,BTCUSDT,BINANCE,TRADE,64061.4,8e-05
2026-07-30 13:38:24,BTCUSDT,BINANCE,TRADE,64061.8,9e-05
2026-07-30 13:38:24,BTCUSDT,BINANCE,TRADE,64061.8,9e-05
2026-07-30 13:38:24,BTCUSDT,BINANCE,TRADE,64061.9,8e-05
2026-07-30 13:38:24,BTCUSDT,BINANCE,TRADE,64062,9e-05
2026-07-30 13:38:24,BTCUSDT,BINANCE,TRADE,64062,9e-05
2026-07-30 13:38:24,BTCUSDT,BINANCE,TRADE,64062,9e-05
2026-07-30 13:38:24,BTCUSDT,BINANCE,TRADE,64062,9e-05
2026-07-30 13:38:24,BTCUSDT,BINANCE,TRADE,64062,0.00434
2026-07-30 13:38:24,BTCUSDT,BINANCE,TRADE,64062,9e-05
2026-07-30 13:38:24,BTCUSDT,BINANCE,TRADE,64062,0.00066
2026-07-30 13:38:24,BTCUSDT,BINANCE,TRADE,64062,0.00134
2026-07-30 13:38:24,BTCUSDT,BINANCE,TRADE,64062,0.00195
2026-07-30 13:38:24,SOLUSDT,BINANCE,TRADE,73.44,0.277
2026-07-30 13:38:24,SOLUSDT,BINANCE,TRADE,73.44,0.072
2026-07-30 13:38:24,SOLUSDT,BINANCE,TRADE,73.44,0.072
2026-07-30 13:38:24,SOLUSDT,BINANCE,TRADE,73.44,0.072
2026-07-30 13:38:24,SOLUSDT,BINANCE,TRADE,73.44,0.072
2026-07-30 13:38:24,SOLUSDT,BINANCE,TRADE,73.44,0.072
2026-07-30 13:38:24,SOLUSDT,BINANCE,TRADE,73.44,0.072
2026-07-30 13:38:24,SOLUSDT,BINANCE,TRADE,73.44,0.072
2026-07-30 13:38:24,SOLUSDT,BINANCE,TRADE,73.44,0.072
2026-07-30 13:38:24,SOLUSDT,BINANCE,TRADE,73.44,0.072
2026-07-30 13:38:24,SOLUSDT,BINANCE,TRADE,73.44,0.072
2026-07-30 13:38:24,SOLUSDT,BINANCE,TRADE,73.44,0.137
2026-07-30 13:38:24,SOLUSDT,BINANCE,TRADE,73.44,0.09
2026-07-30 13:38:24,SOLUSDT,BINANCE,TRADE,73.44,0.146
2026-07-30 13:38:24,SOLUSDT,BINANCE,TRADE,73.44,4
2026-07-30 13:38:24,SOLUSDT,BINANCE,TRADE,73.44,0.604
2026-07-30 13:38:24,SOLUSDT,BINANCE,TRADE,73.44,0.07
2026-07-30 13:38:24,SOLUSDT,BINANCE,TRADE,73.44,0.072
2026-07-30 13:38:24,SOLUSDT,BINANCE,TRADE,73.44,0.072
2026-07-30 13:38:24,SOLUSDT,BINANCE,TRADE,73.44,0.072
2026-07-30 13:38:24,BTCUSDT,BINANCE,TRADE,64062,0.00016
2026-07-30 13:38:24,BTCUSDT,BINANCE,TRADE,64062,0.00019
2026-07-30 13:38:24,BTCUSDT,BINANCE,TRADE,64062,9e-05
2026-07-30 13:38:24,BTCUSDT,BINANCE,TRADE,64062,0.00065
2026-07-30 13:38:24,BTCUSDT,BINANCE,TRADE,64062,0.00078
2026-07-30 13:38:24,BTCUSDT,BINANCE,TRADE,64062,0.002
2026-07-30 13:38:24,BTCUSDT,BINANCE,TRADE,64062,0.00119
2026-07-30 13:38:24,BTCUSDT,BINANCE,TRADE,64062,0.00193
2026-07-30 13:38:24,BTCUSDT,BINANCE,TRADE,64062,0.00239
2026-07-30 13:38:24,BTCUSDT,BINANCE,TRADE,64062,0.00065
2026-07-30 13:38:24,BTCUSDT,BINANCE,TRADE,64062,0.00027
2026-07-30 13:38:24,BTCUSDT,BINANCE,TRADE,64062,0.00029
2026-07-30 13:38:24,BTCUSDT,BINANCE,TRADE,64062,0.00901
2026-07-30 13:38:24,BTCUSDT,BINANCE,TRADE,64062,0.00014
2026-07-30 13:38:24,BTCUSDT,BINANCE,TRADE,64062,0.00064
2026-07-30 13:38:24,BTCUSDT,BINANCE,TRADE,64062,0.15582
2026-07-30 13:38:24,ETHUSDT,BINANCE,TRADE,1904.95,0.05
2026-07-30 13:38:24,ETHUSDT,BINANCE,TRADE,1904.95,0.0028
2026-07-30 13:38:24,ETHUSDT,BINANCE,TRADE,1904.95,0.7072
2026-07-30 13:38:24,BTCUSDT,BINANCE,TRADE,64062,0.00223
2026-07-30 13:38:24,BTCUSDT,BINANCE,TRADE,64062,0.0003
2026-07-30 13:38:24,SOLUSDT,BINANCE,TRADE,73.44,18.88
2026-07-30 13:38:24,BTCUSDT,BINANCE,TRADE,64062,0.00156
2026-07-30 13:38:24,BTCUSDT,BINANCE,TRADE,64062,0.00052
2026-07-30 13:38:24,BTCUSDT,BINANCE,TRADE,64062,0.005
2026-07-30 13:38:24,BTCUSDT,BINANCE,TRADE,64062,8e-05
2026-07-30 13:38:24,BTCUSDT,BINANCE,TRADE,64062,8e-05
2026-07-30 13:38:24,BTCUSDT,BINANCE,TRADE,64062,8e-05
2026-07-30 13:38:24,BTCUSDT,BINANCE,TRADE,64062,8e-05
2026-07-30 13:38:24,BTCUSDT,BINANCE,TRADE,64062,8e-05
2026-07-30 13:38:24,BTCUSDT,BINANCE,TRADE,64062,8e-05
2026-07-30 13:38:24,BTCUSDT,BINANCE,TRADE,64062,9e-05
2026-07-30 13:38:24,BTCUSDT,BINANCE,TRADE,64062,9e-05
2026-07-30 13:38:24,BTCUSDT,BINANCE,TRADE,64062,9e-05
2026-07-30 13:38:24,BTCUSDT,BINANCE,TRADE,64062,0.00518
2026-07-30 13:38:24,BTCUSDT,BINANCE,TRADE,64062,0.00201
2026-07-30 13:38:24,BTCUSDT,BINANCE,TRADE,64062,0.00039
2026-07-30 13:38:24,ETHUSDT,BINANCE,TRADE,1904.95,0.1948
2026-07-30 13:38:24,ETHUSDT,BINANCE,TRADE,1904.95,0.0027
2026-07-30 13:38:24,ETHUSDT,BINANCE,TRADE,1904.95,0.0027
2026-07-30 13:38:24,ETHUSDT,BINANCE,TRADE,1904.95,0.0027
2026-07-30 13:38:24,ETHUSDT,BINANCE,TRADE,1904.95,0.0028
2026-07-30 13:38:24,ETHUSDT,BINANCE,TRADE,1904.95,0.0027
2026-07-30 13:38:24,ETHUSDT,BINANCE,TRADE,1904.95,0.0031
2026-07-30 13:38:24,ETHUSDT,BINANCE,TRADE,1904.95,0.0027
2026-07-30 13:38:24,ETHUSDT,BINANCE,TRADE,1904.95,0.0031
2026-07-30 13:38:24,ETHUSDT,BINANCE,TRADE,1904.95,0.0027
2026-07-30 13:38:24,ETHUSDT,BINANCE,TRADE,1904.95,0.0027
2026-07-30 13:38:24,ETHUSDT,BINANCE,TRADE,1904.95,0.0031
2026-07-30 13:38:24,ETHUSDT,BINANCE,TRADE,1904.95,0.0028
2026-07-30 13:38:24,BTCUSDT,BINANCE,TRADE,64062,0.00234
2026-07-30 13:38:24,BTCUSDT,BINANCE,TRADE,64062,8e-05
2026-07-30 13:38:24,BTCUSDT,BINANCE,TRADE,64062,9e-05
2026-07-30 13:38:24,BTCUSDT,BINANCE,TRADE,64062,8e-05
2026-07-30 13:38:24,BTCUSDT,BINANCE,TRADE,64062,8e-05
2026-07-30 13:38:24,BTCUSDT,BINANCE,TRADE,64062,8e-05
2026-07-30 13:38:24,BTCUSDT,BINANCE,TRADE,64062,9e-05
2026-07-30 13:38:24,BTCUSDT,BINANCE,TRADE,64062,8e-05
2026-07-30 13:38:24,BTCUSDT,BINANCE,TRADE,64062,9e-05
2026-07-30 13:38:24,BTCUSDT,BINANCE,TRADE,64062,8e-05
2026-07-30 13:38:24,BTCUSDT,BINANCE,TRADE,64062,8e-05
2026-07-30 13:38:24,BTCUSDT,BINANCE,TRADE,64062,9e-05
2026-07-30 13:38:24,BTCUSDT,BINANCE,TRADE,64062,8e-05
2026-07-30 13:38:24,BTCUSDT,BINANCE,TRADE,64062,8e-05
2026-07-30 13:38:24,BTCUSDT,BINANCE,TRADE,64062.3,8e-05
2026-07-30 13:38:24,BTCUSDT,BINANCE,TRADE,64062.6,0.00024
2026-07-30 13:38:24,BTCUSDT,BINANCE,TRADE,64063.5,8e-05
2026-07-30 13:38:24,BTCUSDT,BINANCE,TRADE,64064,9e-05
2026-07-30 13:38:24,BTCUSDT,BINANCE,TRADE,64064,9e-05
2026-07-30 13:38:24,BTCUSDT,BINANCE,TRADE,64064,9e-05
2026-07-30 13:38:24,ETHUSDT,BINANCE,TRADE,1904.96,0.0028
2026-07-30 13:38:24,ETHUSDT,BINANCE,TRADE,1904.96,0.0027
2026-07-30 13:38:24,ETHUSDT,BINANCE,TRADE,1904.96,0.0027
2026-07-30 13:38:24,ETHUSDT,BINANCE,TRADE,1904.96,0.0031
2026-07-30 13:38:24,ETHUSDT,BINANCE,TRADE,1904.96,0.0031
2026-07-30 13:38:24,ETHUSDT,BINANCE,TRADE,1904.96,0.0031
2026-07-30 13:38:24,ETHUSDT,BINANCE,TRADE,1904.96,0.0027
2026-07-30 13:38:24,ETHUSDT,BINANCE,TRADE,1904.96,0.0027
2026-07-30 13:38:24,ETHUSDT,BINANCE,TRADE,1904.96,0.0027
2026-07-30 13:38:24,ETHUSDT,BINANCE,TRADE,1904.96,0.0053
2026-07-30 13:38:24,ETHUSDT,BINANCE,TRADE,1904.97,0.0027
2026-07-30 13:38:24,ETHUSDT,BINANCE,TRADE,1904.97,0.0027
2026-07-30 13:38:24,ETHUSDT,BINANCE,TRADE,1904.97,0.0053
2026-07-30 13:38:24,ETHUSDT,BINANCE,TRADE,1904.98,0.0028
2026-07-30 13:38:24,ETHUSDT,BINANCE,TRADE,1904.99,0.0028
2026-07-30 13:38:24,ETHUSDT,BINANCE,TRADE,1904.99,0.0028
2026-07-30 13:38:24,ETHUSDT,BINANCE,TRADE,1904.99,0.0028
2026-07-30 13:38:24,ETHUSDT,BINANCE,TRADE,1904.99,0.0028
2026-07-30 13:38:24,ETHUSDT,BINANCE,TRADE,1904.99,0.2332
2026-07-30 13:38:24,BTCUSDT,BINANCE,TRADE,64064,0.002
2026-07-30 13:38:24,ETHUSDT,BINANCE,TRADE,1905,0.003
2026-07-30 13:38:24,ETHUSDT,BINANCE,TRADE,1905,0.1538
2026-07-30 13:38:24,ETHUSDT,BINANCE,TRADE,1905,0.0123
2026-07-30 13:38:24,ETHUSDT,BINANCE,TRADE,1905,0.01
2026-07-30 13:38:24,ETHUSDT,BINANCE,TRADE,1905,0.003
2026-07-30 13:38:24,ETHUSDT,BINANCE,TRADE,1905,0.0028
2026-07-30 13:38:24,ETHUSDT,BINANCE,TRADE,1905,0.0027
2026-07-30 13:38:24,ETHUSDT,BINANCE,TRADE,1905,0.0027
2026-07-30 13:38:24,ETHUSDT,BINANCE,TRADE,1905,0.0028
2026-07-30 13:38:24,ETHUSDT,BINANCE,TRADE,1905,0.0031
2026-07-30 13:38:24,ETHUSDT,BINANCE,TRADE,1905,0.0031
2026-07-30 13:38:24,ETHUSDT,BINANCE,TRADE,1905,0.0031
2026-07-30 13:38:24,ETHUSDT,BINANCE,TRADE,1905,0.0027
2026-07-30 13:38:24,ETHUSDT,BINANCE,TRADE,1905.01,0.0028
2026-07-30 13:38:24,ETHUSDT,BINANCE,TRADE,1905.01,0.0027
2026-07-30 13:38:24,ETHUSDT,BINANCE,TRADE,1905.01,0.0027
2026-07-30 13:38:24,ETHUSDT,BINANCE,TRADE,1905.02,0.0028
2026-07-30 13:38:24,ETHUSDT,BINANCE,TRADE,1905.03,0.0027
2026-07-30 13:38:24,ETHUSDT,BINANCE,TRADE,1905.03,0.0028
2026-07-30 13:38:24,ETHUSDT,BINANCE,TRADE,1905.04,0.0105
2026-07-30 13:38:24,ETHUSDT,BINANCE,TRADE,1905.04,0.0028
2026-07-30 13:38:24,ETHUSDT,BINANCE,TRADE,1905.05,0.0028
2026-07-30 13:38:24,ETHUSDT,BINANCE,TRADE,1905.08,0.0028
2026-07-30 13:38:24,ETHUSDT,BINANCE,TRADE,1905.09,0.014
2026-07-30 13:38:24,ETHUSDT,BINANCE,TRADE,1905.09,0.0028
2026-07-30 13:38:24,ETHUSDT,BINANCE,TRADE,1905.1,0.0028
2026-07-30 13:38:24,ETHUSDT,BINANCE,TRADE,1905.12,0.003
2026-07-30 13:38:24,ETHUSDT,BINANCE,TRADE,1905.12,0.0027
2026-07-30 13:38:24,ETHUSDT,BINANCE,TRADE,1905.12,0.0028
2026-07-30 13:38:24,ETHUSDT,BINANCE,TRADE,1905.13,0.0027
2026-07-30 13:38:24,ETHUSDT,BINANCE,TRADE,1905.14,0.0108
2026-07-30 13:38:24,ETHUSDT,BINANCE,TRADE,1905.15,0.0028
2026-07-30 13:38:24,ETHUSDT,BINANCE,TRADE,1905.15,0.0028
2026-07-30 13:38:24,ETHUSDT,BINANCE,TRADE,1905.15,0.0028
2026-07-30 13:38:24,BTCUSDT,BINANCE,TRADE,64064,0.0001
2026-07-30 13:38:24,BTCUSDT,BINANCE,TRADE,64064,0.0049
2026-07-30 13:38:24,BTCUSDT,BINANCE,TRADE,64064,0.006
2026-07-30 13:38:24,BTCUSDT,BINANCE,TRADE,64064,0.005
2026-07-30 13:38:24,BTCUSDT,BINANCE,TRADE,64064,0.008
2026-07-30 13:38:24,BTCUSDT,BINANCE,TRADE,64064,9e-05
2026-07-30 13:38:24,BTCUSDT,BINANCE,TRADE,64064,9e-05
2026-07-30 13:38:24,BTCUSDT,BINANCE,TRADE,64064,9e-05
2026-07-30 13:38:24,BTCUSDT,BINANCE,TRADE,64064,8e-05
2026-07-30 13:38:24,BTCUSDT,BINANCE,TRADE,64064,8e-05
2026-07-30 13:38:24,BTCUSDT,BINANCE,TRADE,64064,8e-05
2026-07-30 13:38:24,BTCUSDT,BINANCE,TRADE,64064,8e-05
2026-07-30 13:38:24,BTCUSDT,BINANCE,TRADE,64064,8e-05
2026-07-30 13:38:24,BTCUSDT,BINANCE,TRADE,64064,8e-05
2026-07-30 13:38:24,BTCUSDT,BINANCE,TRADE,64064,9e-05
2026-07-30 13:38:24,BTCUSDT,BINANCE,TRADE,64064,8e-05
2026-07-30 13:38:24,BTCUSDT,BINANCE,TRADE,64064,9e-05
2026-07-30 13:38:24,BTCUSDT,BINANCE,TRADE,64064,8e-05
2026-07-30 13:38:24,BTCUSDT,BINANCE,TRADE,64064,9e-05
2026-07-30 13:38:24,BTCUSDT,BINANCE,TRADE,64064,8e-05
2026-07-30 13:38:24,BTCUSDT,BINANCE,TRADE,64064,8e-05
2026-07-30 13:38:24,BTCUSDT,BINANCE,TRADE,64064.7,8e-05
2026-07-30 13:38:24,BTCUSDT,BINANCE,TRADE,64065.1,8e-05
2026-07-30 13:38:24,BTCUSDT,BINANCE,TRADE,64065.2,9e-05
2026-07-30 13:38:24,BTCUSDT,BINANCE,TRADE,64065.3,9e-05
2026-07-30 13:38:24,BTCUSDT,BINANCE,TRADE,64065.3,9e-05
2026-07-30 13:38:24,BTCUSDT,BINANCE,TRADE,64065.3,9e-05
2026-07-30 13:38:24,BTCUSDT,BINANCE,TRADE,64065.3,0.00025
2026-07-30 13:38:24,ETHUSDT,BINANCE,TRADE,1905.16,0.0027
2026-07-30 13:38:24,ETHUSDT,BINANCE,TRADE,1905.16,0.0031
2026-07-30 13:38:24,ETHUSDT,BINANCE,TRADE,1905.16,0.0031
2026-07-30 13:38:24,ETHUSDT,BINANCE,TRADE,1905.16,0.0031
2026-07-30 13:38:24,ETHUSDT,BINANCE,TRADE,1905.16,0.0028
2026-07-30 13:38:24,ETHUSDT,BINANCE,TRADE,1905.16,0.0027
2026-07-30 13:38:24,ETHUSDT,BINANCE,TRADE,1905.16,0.0027
2026-07-30 13:38:24,ETHUSDT,BINANCE,TRADE,1905.16,0.0028
2026-07-30 13:38:24,ETHUSDT,BINANCE,TRADE,1905.16,0.0027
2026-07-30 13:38:24,ETHUSDT,BINANCE,TRADE,1905.16,0.0027
2026-07-30 13:38:24,ETHUSDT,BINANCE,TRADE,1905.16,0.0027
2026-07-30 13:38:24,ETHUSDT,BINANCE,TRADE,1905.16,0.0193
2026-07-30 13:38:24,ETHUSDT,BINANCE,TRADE,1905.16,1.7439
2026-07-30 13:38:24,ETHUSDT,BINANCE,TRADE,1905.17,0.0028
2026-07-30 13:38:24,ETHUSDT,BINANCE,TRADE,1905.17,0.0027
2026-07-30 13:38:24,ETHUSDT,BINANCE,TRADE,1905.17,0.0027
2026-07-30 13:38:24,ETHUSDT,BINANCE,TRADE,1905.17,0.0027
2026-07-30 13:38:24,BTCUSDT,BINANCE,TRADE,64065.3,0.01
2026-07-30 13:38:24,BTCUSDT,BINANCE,TRADE,64065.3,9e-05
2026-07-30 13:38:24,BTCUSDT,BINANCE,TRADE,64065.3,9e-05
2026-07-30 13:38:24,BTCUSDT,BINANCE,TRADE,64065.3,8e-05
2026-07-30 13:38:24,BTCUSDT,BINANCE,TRADE,64065.3,8e-05
2026-07-30 13:38:24,BTCUSDT,BINANCE,TRADE,64065.3,8e-05
2026-07-30 13:38:24,BTCUSDT,BINANCE,TRADE,64065.3,8e-05
2026-07-30 13:38:24,BTCUSDT,BINANCE,TRADE,64065.3,8e-05
2026-07-30 13:38:24,BTCUSDT,BINANCE,TRADE,64065.3,7e-05
2026-07-30 13:38:24,BTCUSDT,BINANCE,TRADE,64065.3,1e-05
2026-07-30 13:38:24,BTCUSDT,BINANCE,TRADE,64065.3,9e-05
2026-07-30 13:38:24,BTCUSDT,BINANCE,TRADE,64065.3,0.00147
2026-07-30 13:38:24,BTCUSDT,BINANCE,TRADE,64065.3,0.002
2026-07-30 13:38:24,BTCUSDT,BINANCE,TRADE,64065.3,0.00019
2026-07-30 13:38:24,BTCUSDT,BINANCE,TRADE,64065.3,0.0195
2026-07-30 13:38:24,BTCUSDT,BINANCE,TRADE,64065.3,0.00017
2026-07-30 13:38:24,BTCUSDT,BINANCE,TRADE,64065.3,0.00042
2026-07-30 13:38:25,BTCUSDT,BINANCE,TRADE,64065.3,0.00031
2026-07-30 13:38:25,BTCUSDT,BINANCE,TRADE,64065.3,0.00012
2026-07-30 13:38:25,BTCUSDT,BINANCE,TRADE,64065.3,0.00157
2026-07-30 13:38:25,BTCUSDT,BINANCE,TRADE,64065.3,0.00031
2026-07-30 13:38:25,BTCUSDT,BINANCE,TRADE,64065.3,0.00893
2026-07-30 13:38:25,BTCUSDT,BINANCE,TRADE,64065.3,0.00312
2026-07-30 13:38:25,BTCUSDT,BINANCE,TRADE,64065.3,0.00065
2026-07-30 13:38:25,BTCUSDT,BINANCE,TRADE,64065.3,0.00166
2026-07-30 13:38:25,ETHUSDT,BINANCE,TRADE,1905.17,0.2202
2026-07-30 13:38:25,BTCUSDT,BINANCE,TRADE,64065.3,0.00031
2026-07-30 13:38:25,BTCUSDT,BINANCE,TRADE,64065.3,0.00015
2026-07-30 13:38:25,BTCUSDT,BINANCE,TRADE,64065.3,0.00029
2026-07-30 13:38:25,BTCUSDT,BINANCE,TRADE,64065.3,0.00042
2026-07-30 13:38:25,ETHUSDT,BINANCE,TRADE,1905.17,0.013
2026-07-30 13:38:25,BTCUSDT,BINANCE,TRADE,64065.3,0.00028
2026-07-30 13:38:25,BTCUSDT,BINANCE,TRADE,64065.3,0.00161
2026-07-30 13:38:25,BTCUSDT,BINANCE,TRADE,64065.3,0.00562
2026-07-30 13:38:25,BTCUSDT,BINANCE,TRADE,64065.3,8e-05
2026-07-30 13:38:25,BTCUSDT,BINANCE,TRADE,64065.3,9e-05
2026-07-30 13:38:25,BTCUSDT,BINANCE,TRADE,64065.3,8e-05
2026-07-30 13:38:25,BTCUSDT,BINANCE,TRADE,64065.3,9e-05
2026-07-30 13:38:25,BTCUSDT,BINANCE,TRADE,64065.3,8e-05
2026-07-30 13:38:25,BTCUSDT,BINANCE,TRADE,64065.3,9e-05
2026-07-30 13:38:25,BTCUSDT,BINANCE,TRADE,64065.3,8e-05
2026-07-30 13:38:25,BTCUSDT,BINANCE,TRADE,64065.3,6e-05
2026-07-30 13:38:25,ETHUSDT,BINANCE,TRADE,1905.18,0.0028
2026-07-30 13:38:25,ETHUSDT,BINANCE,TRADE,1905.18,0.1895
2026-07-30 13:38:25,BTCUSDT,BINANCE,TRADE,64065.3,2e-05
2026-07-30 13:38:25,BTCUSDT,BINANCE,TRADE,64065.3,0.00062
2026-07-30 13:38:25,BTCUSDT,BINANCE,TRADE,64065.3,0.00062
2026-07-30 13:38:25,BTCUSDT,BINANCE,TRADE,64065.3,8e-05
2026-07-30 13:38:25,BTCUSDT,BINANCE,TRADE,64065.3,8e-05
2026-07-30 13:38:25,BTCUSDT,BINANCE,TRADE,64065.3,9e-05
2026-07-30 13:38:25,BTCUSDT,BINANCE,TRADE,64065.3,8e-05
2026-07-30 13:38:25,BTCUSDT,BINANCE,TRADE,64065.3,8e-05
2026-07-30 13:38:25,BTCUSDT,BINANCE,TRADE,64065.3,8e-05
2026-07-30 13:38:25,BTCUSDT,BINANCE,TRADE,64065.3,8e-05
2026-07-30 13:38:25,BTCUSDT,BINANCE,TRADE,64065.3,8e-05
2026-07-30 13:38:25,BTCUSDT,BINANCE,TRADE,64065.3,8e-05
2026-07-30 13:38:25,BTCUSDT,BINANCE,TRADE,64065.3,9e-05
2026-07-30 13:38:25,BTCUSDT,BINANCE,TRADE,64065.3,9e-05
2026-07-30 13:38:25,BTCUSDT,BINANCE,TRADE,64065.3,8e-05
2026-07-30 13:38:25,BTCUSDT,BINANCE,TRADE,64065.3,8e-05
2026-07-30 13:38:25,BTCUSDT,BINANCE,TRADE,64065.3,8e-05
2026-07-30 13:38:25,BTCUSDT,BINANCE,TRADE,64065.8,0.00112
2026-07-30 13:38:25,BTCUSDT,BINANCE,TRADE,64066,9e-05
2026-07-30 13:38:25,BTCUSDT,BINANCE,TRADE,64066,9e-05
2026-07-30 13:38:25,BTCUSDT,BINANCE,TRADE,64066,9e-05
2026-07-30 13:38:25,BTCUSDT,BINANCE,TRADE,64066,0.00141
2026-07-30 13:38:25,BTCUSDT,BINANCE,TRADE,64066,0.01
2026-07-30 13:38:25,BTCUSDT,BINANCE,TRADE,64066,0.00097
2026-07-30 13:38:25,BTCUSDT,BINANCE,TRADE,64066,0.00019
2026-07-30 13:38:25,ETHUSDT,BINANCE,TRADE,1905.17,0.0083
2026-07-30 13:38:25,BTCUSDT,BINANCE,TRADE,64066,0.00239
2026-07-30 13:38:25,BTCUSDT,BINANCE,TRADE,64066,0.00023
2026-07-30 13:38:25,BTCUSDT,BINANCE,TRADE,64066,0.00014
2026-07-30 13:38:25,BTCUSDT,BINANCE,TRADE,64066,0.00029
2026-07-30 13:38:25,BTCUSDT,BINANCE,TRADE,64066,0.00065
2026-07-30 13:38:25,BTCUSDT,BINANCE,TRADE,64066,0.00147
2026-07-30 13:38:25,BTCUSDT,BINANCE,TRADE,64066,9e-05
2026-07-30 13:38:25,BTCUSDT,BINANCE,TRADE,64066,0.00171
2026-07-30 13:38:25,BTCUSDT,BINANCE,TRADE,64066,0.00017
2026-07-30 13:38:25,ETHUSDT,BINANCE,TRADE,1905.18,0.0105
2026-07-30 13:38:25,BTCUSDT,BINANCE,TRADE,64066,0.0006
2026-07-30 13:38:25,BTCUSDT,BINANCE,TRADE,64066,0.00066
2026-07-30 13:38:25,BTCUSDT,BINANCE,TRADE,64066,0.00174
2026-07-30 13:38:25,BTCUSDT,BINANCE,TRADE,64066,0.00031
2026-07-30 13:38:26,BTCUSDT,BINANCE,TRADE,64066,0.00027
2026-07-30 13:38:26,BTCUSDT,BINANCE,TRADE,64066,2e-05
2026-07-30 13:38:26,BTCUSDT,BINANCE,TRADE,64066,0.00507
2026-07-30 13:38:26,BTCUSDT,BINANCE,TRADE,64066,0.01948
2026-07-30 13:38:26,BTCUSDT,BINANCE,TRADE,64066,0.00035
2026-07-30 13:38:26,BTCUSDT,BINANCE,TRADE,64066,0.00058
2026-07-30 13:38:26,BTCUSDT,BINANCE,TRADE,64066,7e-05
2026-07-30 13:38:26,BTCUSDT,BINANCE,TRADE,64066,0.01873
2026-07-30 13:38:26,BTCUSDT,BINANCE,TRADE,64066,0.00179
2026-07-30 13:38:26,BTCUSDT,BINANCE,TRADE,64066,0.00021
2026-07-30 13:38:26,BTCUSDT,BINANCE,TRADE,64066,0.00129
2026-07-30 13:38:26,BTCUSDT,BINANCE,TRADE,64066,0.00031
2026-07-30 13:38:26,ETHUSDT,BINANCE,TRADE,1905.18,0.006
2026-07-30 13:38:26,BTCUSDT,BINANCE,TRADE,64066,0.002
2026-07-30 13:38:26,BTCUSDT,BINANCE,TRADE,64066,0.00063
2026-07-30 13:38:26,BTCUSDT,BINANCE,TRADE,64066,0.00515
2026-07-30 13:38:26,BTCUSDT,BINANCE,TRADE,64066,0.00297
2026-07-30 13:38:26,BTCUSDT,BINANCE,TRADE,64066,4e-05
2026-07-30 13:38:26,BTCUSDT,BINANCE,TRADE,64066,0.00027
2026-07-30 13:38:26,BTCUSDT,BINANCE,TRADE,64066,0.00028
2026-07-30 13:38:26,BTCUSDT,BINANCE,TRADE,64066,0.00065
2026-07-30 13:38:26,BTCUSDT,BINANCE,TRADE,64066,0.00014
2026-07-30 13:38:26,BTCUSDT,BINANCE,TRADE,64066,0.00759
2026-07-30 13:38:26,BTCUSDT,BINANCE,TRADE,64066,0.00046
2026-07-30 13:38:26,BTCUSDT,BINANCE,TRADE,64066,8e-05
2026-07-30 13:38:26,BTCUSDT,BINANCE,TRADE,64066,0.00187
2026-07-30 13:38:26,BTCUSDT,BINANCE,TRADE,64066,0.00019
2026-07-30 13:38:26,ETHUSDT,BINANCE,TRADE,1905.18,0.0147
2026-07-30 13:38:26,BTCUSDT,BINANCE,TRADE,64066,0.00019
2026-07-30 13:38:26,BTCUSDT,BINANCE,TRADE,64066,0.00071
2026-07-30 13:38:26,BTCUSDT,BINANCE,TRADE,64066,0.00312
2026-07-30 13:38:26,BTCUSDT,BINANCE,TRADE,64066,0.002
2026-07-30 13:38:26,BTCUSDT,BINANCE,TRADE,64066,9e-05
2026-07-30 13:38:26,BTCUSDT,BINANCE,TRADE,64066,0.00065
2026-07-30 13:38:26,BTCUSDT,BINANCE,TRADE,64066,0.00239
2026-07-30 13:38:26,BTCUSDT,BINANCE,TRADE,64066,0.07804
2026-07-30 13:38:26,BTCUSDT,BINANCE,TRADE,64066,0.01
2026-07-30 13:38:26,BTCUSDT,BINANCE,TRADE,64066,0.002
2026-07-30 13:38:26,ETHUSDT,BINANCE,TRADE,1905.18,0.0053
2026-07-30 13:38:26,SOLUSDT,BINANCE,TRADE,73.45,27.448
2026-07-30 13:38:26,SOLUSDT,BINANCE,TRADE,73.45,0.082
2026-07-30 13:38:26,SOLUSDT,BINANCE,TRADE,73.45,0.069
2026-07-30 13:38:26,SOLUSDT,BINANCE,TRADE,73.45,3.856
2026-07-30 13:38:26,SOLUSDT,BINANCE,TRADE,73.45,0.075
2026-07-30 13:38:26,SOLUSDT,BINANCE,TRADE,73.45,0.15
2026-07-30 13:38:26,SOLUSDT,BINANCE,TRADE,73.45,0.75
2026-07-30 13:38:26,SOLUSDT,BINANCE,TRADE,73.45,0.277
2026-07-30 13:38:26,SOLUSDT,BINANCE,TRADE,73.45,10
2026-07-30 13:38:26,SOLUSDT,BINANCE,TRADE,73.45,6
2026-07-30 13:38:26,SOLUSDT,BINANCE,TRADE,73.45,0.33
2026-07-30 13:38:26,SOLUSDT,BINANCE,TRADE,73.45,0.072
2026-07-30 13:38:26,SOLUSDT,BINANCE,TRADE,73.45,0.072
2026-07-30 13:38:26,SOLUSDT,BINANCE,TRADE,73.45,0.137
2026-07-30 13:38:26,SOLUSDT,BINANCE,TRADE,73.45,29.627
2026-07-30 13:38:26,ETHUSDT,BINANCE,TRADE,1905.18,0.0249
2026-07-30 13:38:26,BTCUSDT,BINANCE,TRADE,64066,0.002
2026-07-30 13:38:26,ETHUSDT,BINANCE,TRADE,1905.17,0.0028
2026-07-30 13:38:26,ETHUSDT,BINANCE,TRADE,1905.17,0.0027
2026-07-30 13:38:26,ETHUSDT,BINANCE,TRADE,1905.17,0.0053
2026-07-30 13:38:26,ETHUSDT,BINANCE,TRADE,1905.17,0.0027
2026-07-30 13:38:26,ETHUSDT,BINANCE,TRADE,1905.17,0.0031
2026-07-30 13:38:26,ETHUSDT,BINANCE,TRADE,1905.17,0.0031
2026-07-30 13:38:26,ETHUSDT,BINANCE,TRADE,1905.17,0.0031
2026-07-30 13:38:26,ETHUSDT,BINANCE,TRADE,1905.16,0.0053
2026-07-30 13:38:26,ETHUSDT,BINANCE,TRADE,1905.15,0.0053
2026-07-30 13:38:26,ETHUSDT,BINANCE,TRADE,1905.15,0.0027
2026-07-30 13:38:26,ETHUSDT,BINANCE,TRADE,1905.12,0.0027
2026-07-30 13:38:26,ETHUSDT,BINANCE,TRADE,1905.11,0.0027
2026-07-30 13:38:26,ETHUSDT,BINANCE,TRADE,1905.08,0.0028
2026-07-30 13:38:26,ETHUSDT,BINANCE,TRADE,1905.08,0.0028
2026-07-30 13:38:26,ETHUSDT,BINANCE,TRADE,1905.08,0.0027
2026-07-30 13:38:26,ETHUSDT,BINANCE,TRADE,1905.08,0.0028
2026-07-30 13:38:26,ETHUSDT,BINANCE,TRADE,1905.07,0.1197
2026-07-30 13:38:26,BTCUSDT,BINANCE,TRADE,64066,9e-05
2026-07-30 13:38:26,BTCUSDT,BINANCE,TRADE,64066,0.00027
2026-07-30 13:38:26,BTCUSDT,BINANCE,TRADE,64066,0.00138
2026-07-30 13:38:26,BTCUSDT,BINANCE,TRADE,64066,0.00065
2026-07-30 13:38:26,BTCUSDT,BINANCE,TRADE,64066,0.00029
2026-07-30 13:38:26,BTCUSDT,BINANCE,TRADE,64066,0.00042
2026-07-30 13:38:26,BTCUSDT,BINANCE,TRADE,64066,0.01144
2026-07-30 13:38:26,BTCUSDT,BINANCE,TRADE,64066,0.00166
2026-07-30 13:38:26,BTCUSDT,BINANCE,TRADE,64066,0.00078
2026-07-30 13:38:26,BTCUSDT,BINANCE,TRADE,64066,0.00017
2026-07-30 13:38:27,BTCUSDT,BINANCE,TRADE,64066,0.00312
2026-07-30 13:38:27,BTCUSDT,BINANCE,TRADE,64066,0.00014
2026-07-30 13:38:27,BTCUSDT,BINANCE,TRADE,64066,0.002
2026-07-30 13:38:27,ETHUSDT,BINANCE,TRADE,1905.07,0.135
2026-07-30 13:38:27,BTCUSDT,BINANCE,TRADE,64066,0.00024
2026-07-30 13:38:27,BTCUSDT,BINANCE,TRADE,64066,0.00012
2026-07-30 13:38:27,ETHUSDT,BINANCE,TRADE,1905.07,0.113
2026-07-30 13:38:27,ETHUSDT,BINANCE,TRADE,1905.07,0.135
2026-07-30 13:38:27,ETHUSDT,BINANCE,TRADE,1905.07,0.0144
2026-07-30 13:38:27,BTCUSDT,BINANCE,TRADE,64066,8e-05
2026-07-30 13:38:27,BTCUSDT,BINANCE,TRADE,64066,2e-05
2026-07-30 13:38:27,BTCUSDT,BINANCE,TRADE,64066,0.00126
2026-07-30 13:38:27,ETHUSDT,BINANCE,TRADE,1905.07,0.1233
2026-07-30 13:38:27,ETHUSDT,BINANCE,TRADE,1905.07,0.1391
2026-07-30 13:38:27,ETHUSDT,BINANCE,TRADE,1905.07,0.1
2026-07-30 13:38:27,BTCUSDT,BINANCE,TRADE,64066,0.00065
2026-07-30 13:38:27,ETHUSDT,BINANCE,TRADE,1905.07,0.0057
2026-07-30 13:38:27,ETHUSDT,BINANCE,TRADE,1905.07,0.113
2026-07-30 13:38:27,ETHUSDT,BINANCE,TRADE,1905.07,0.0117
2026-07-30 13:38:27,BTCUSDT,BINANCE,TRADE,64066,0.13588
2026-07-30 13:38:27,BTCUSDT,BINANCE,TRADE,64066,8e-05
2026-07-30 13:38:27,BTCUSDT,BINANCE,TRADE,64066,0.00016
2026-07-30 13:38:27,BTCUSDT,BINANCE,TRADE,64066,9e-05
2026-07-30 13:38:27,BTCUSDT,BINANCE,TRADE,64066,8e-05
2026-07-30 13:38:27,BTCUSDT,BINANCE,TRADE,64066,0.03121
2026-07-30 13:38:27,BTCUSDT,BINANCE,TRADE,64066,0.01
2026-07-30 13:38:27,BTCUSDT,BINANCE,TRADE,64066,0.0007
2026-07-30 13:38:27,BTCUSDT,BINANCE,TRADE,64066,0.00047
2026-07-30 13:38:27,BTCUSDT,BINANCE,TRADE,64066,0.01
2026-07-30 13:38:27,BTCUSDT,BINANCE,TRADE,64066,9e-05
2026-07-30 13:38:27,BTCUSDT,BINANCE,TRADE,64066,9e-05
2026-07-30 13:38:27,BTCUSDT,BINANCE,TRADE,64066,0.0001
2026-07-30 13:38:27,BTCUSDT,BINANCE,TRADE,64066,0.04196
2026-07-30 13:38:27,BTCUSDT,BINANCE,TRADE,64066,8e-05
2026-07-30 13:38:27,BTCUSDT,BINANCE,TRADE,64066,8e-05
2026-07-30 13:38:27,BTCUSDT,BINANCE,TRADE,64066,0.005
2026-07-30 13:38:27,BTCUSDT,BINANCE,TRADE,64066,8e-05
2026-07-30 13:38:27,BTCUSDT,BINANCE,TRADE,64066,8e-05
2026-07-30 13:38:27,BTCUSDT,BINANCE,TRADE,64066,8e-05
2026-07-30 13:38:27,BTCUSDT,BINANCE,TRADE,64066,8e-05
2026-07-30 13:38:27,BTCUSDT,BINANCE,TRADE,64066,8e-05
2026-07-30 13:38:27,BTCUSDT,BINANCE,TRADE,64066,8e-05
2026-07-30 13:38:27,BTCUSDT,BINANCE,TRADE,64066,8e-05
2026-07-30 13:38:27,BTCUSDT,BINANCE,TRADE,64066,8e-05
2026-07-30 13:38:27,BTCUSDT,BINANCE,TRADE,64066,8e-05
2026-07-30 13:38:27,BTCUSDT,BINANCE,TRADE,64066,8e-05
2026-07-30 13:38:27,BTCUSDT,BINANCE,TRADE,64066,8e-05
2026-07-30 13:38:27,BTCUSDT,BINANCE,TRADE,64066,9e-05
2026-07-30 13:38:27,BTCUSDT,BINANCE,TRADE,64066,9e-05
2026-07-30 13:38:27,BTCUSDT,BINANCE,TRADE,64066,9e-05
2026-07-30 13:38:27,BTCUSDT,BINANCE,TRADE,64066,0.00016
2026-07-30 13:38:27,BTCUSDT,BINANCE,TRADE,64066,8e-05
2026-07-30 13:38:27,BTCUSDT,BINANCE,TRADE,64066,8e-05
2026-07-30 13:38:27,BTCUSDT,BINANCE,TRADE,64066,8e-05
2026-07-30 13:38:27,BTCUSDT,BINANCE,TRADE,64066,8e-05
2026-07-30 13:38:27,BTCUSDT,BINANCE,TRADE,64066,8e-05
2026-07-30 13:38:27,BTCUSDT,BINANCE,TRADE,64066,8e-05
2026-07-30 13:38:27,BTCUSDT,BINANCE,TRADE,64066,0.00016
2026-07-30 13:38:27,BTCUSDT,BINANCE,TRADE,64065.3,9e-05
2026-07-30 13:38:27,BTCUSDT,BINANCE,TRADE,64065.3,9e-05
2026-07-30 13:38:27,BTCUSDT,BINANCE,TRADE,64065.3,9e-05
2026-07-30 13:38:27,BTCUSDT,BINANCE,TRADE,64065.3,9e-05
2026-07-30 13:38:27,BTCUSDT,BINANCE,TRADE,64065.1,8e-05
2026-07-30 13:38:27,BTCUSDT,BINANCE,TRADE,64064.7,0.00047
2026-07-30 13:38:27,BTCUSDT,BINANCE,TRADE,64064.3,8e-05
2026-07-30 13:38:27,BTCUSDT,BINANCE,TRADE,64064,9e-05
2026-07-30 13:38:27,BTCUSDT,BINANCE,TRADE,64064,9e-05
2026-07-30 13:38:27,BTCUSDT,BINANCE,TRADE,64064,9e-05
2026-07-30 13:38:27,ETHUSDT,BINANCE,TRADE,1905.07,0.1377
2026-07-30 13:38:27,BTCUSDT,BINANCE,TRADE,64064,0.0001
2026-07-30 13:38:27,BTCUSDT,BINANCE,TRADE,64064,0.00224
2026-07-30 13:38:27,BTCUSDT,BINANCE,TRADE,64064,8e-05
2026-07-30 13:38:27,BTCUSDT,BINANCE,TRADE,64064,0.00224
2026-07-30 13:38:27,BTCUSDT,BINANCE,TRADE,64064,0.01
2026-07-30 13:38:27,SOLUSDT,BINANCE,TRADE,73.44,0.31
2026-07-30 13:38:27,ETHUSDT,BINANCE,TRADE,1905.07,0.0158
2026-07-30 13:38:27,ETHUSDT,BINANCE,TRADE,1905.07,0.135
2026-07-30 13:38:27,ETHUSDT,BINANCE,TRADE,1905.07,0.1116
2026-07-30 13:38:27,BTCUSDT,BINANCE,TRADE,64064,0.04002
2026-07-30 13:38:27,BTCUSDT,BINANCE,TRADE,64064,0.00017
2026-07-30 13:38:27,BTCUSDT,BINANCE,TRADE,64064,0.00901
2026-07-30 13:38:27,BTCUSDT,BINANCE,TRADE,64064,0.00021
2026-07-30 13:38:27,BTCUSDT,BINANCE,TRADE,64064,0.00157
2026-07-30 13:38:27,BTCUSDT,BINANCE,TRADE,64064,0.00031
2026-07-30 13:38:27,BTCUSDT,BINANCE,TRADE,64064,0.00065
2026-07-30 13:38:27,ETHUSDT,BINANCE,TRADE,1905.07,0.135
2026-07-30 13:38:27,ETHUSDT,BINANCE,TRADE,1905.07,0.1274
2026-07-30 13:38:27,BTCUSDT,BINANCE,TRADE,64064,0.00016
2026-07-30 13:38:27,BTCUSDT,BINANCE,TRADE,64064,0.00275
2026-07-30 13:38:27,BTCUSDT,BINANCE,TRADE,64064,0.0006
2026-07-30 13:38:27,ETHUSDT,BINANCE,TRADE,1905.07,0.0279
2026-07-30 13:38:27,ETHUSDT,BINANCE,TRADE,1905.07,0.0031
2026-07-30 13:38:27,ETHUSDT,BINANCE,TRADE,1905.07,0.0027
2026-07-30 13:38:27,ETHUSDT,BINANCE,TRADE,1905.07,0.0028
2026-07-30 13:38:27,ETHUSDT,BINANCE,TRADE,1905.07,0.0027
2026-07-30 13:38:27,ETHUSDT,BINANCE,TRADE,1905.07,0.0027
2026-07-30 13:38:27,ETHUSDT,BINANCE,TRADE,1905.07,0.0031
2026-07-30 13:38:27,ETHUSDT,BINANCE,TRADE,1905.07,0.0031
2026-07-30 13:38:27,ETHUSDT,BINANCE,TRADE,1905.06,0.0027
2026-07-30 13:38:27,ETHUSDT,BINANCE,TRADE,1905.06,0.0027
2026-07-30 13:38:27,ETHUSDT,BINANCE,TRADE,1905.03,0.0027
2026-07-30 13:38:27,ETHUSDT,BINANCE,TRADE,1905.01,0.0027
2026-07-30 13:38:27,ETHUSDT,BINANCE,TRADE,1905,0.0028
2026-07-30 13:38:27,ETHUSDT,BINANCE,TRADE,1905,0.0028
2026-07-30 13:38:27,ETHUSDT,BINANCE,TRADE,1905,0.0027
2026-07-30 13:38:27,ETHUSDT,BINANCE,TRADE,1905,0.0028
2026-07-30 13:38:27,ETHUSDT,BINANCE,TRADE,1904.99,0.0027
2026-07-30 13:38:27,ETHUSDT,BINANCE,TRADE,1904.99,0.0027
2026-07-30 13:38:27,ETHUSDT,BINANCE,TRADE,1904.99,0.0031
2026-07-30 13:38:27,ETHUSDT,BINANCE,TRADE,1904.99,0.0031
2026-07-30 13:38:27,ETHUSDT,BINANCE,TRADE,1904.99,0.0031
2026-07-30 13:38:27,ETHUSDT,BINANCE,TRADE,1904.99,0.0028
2026-07-30 13:38:27,ETHUSDT,BINANCE,TRADE,1904.99,0.0053
2026-07-30 13:38:27,ETHUSDT,BINANCE,TRADE,1904.99,0.0027
2026-07-30 13:38:27,ETHUSDT,BINANCE,TRADE,1904.98,0.0027
2026-07-30 13:38:27,ETHUSDT,BINANCE,TRADE,1904.98,0.0053
2026-07-30 13:38:27,ETHUSDT,BINANCE,TRADE,1904.98,0.0027
2026-07-30 13:38:27,ETHUSDT,BINANCE,TRADE,1904.97,0.0053
2026-07-30 13:38:27,ETHUSDT,BINANCE,TRADE,1904.92,0.0027
2026-07-30 13:38:27,ETHUSDT,BINANCE,TRADE,1904.87,0.0028
2026-07-30 13:38:27,ETHUSDT,BINANCE,TRADE,1904.87,0.0028
2026-07-30 13:38:27,ETHUSDT,BINANCE,TRADE,1904.87,0.0028
2026-07-30 13:38:27,ETHUSDT,BINANCE,TRADE,1904.86,0.4324
2026-07-30 13:38:27,ETHUSDT,BINANCE,TRADE,1904.85,0.0027
2026-07-30 13:38:27,ETHUSDT,BINANCE,TRADE,1904.83,0.0027
2026-07-30 13:38:27,ETHUSDT,BINANCE,TRADE,1904.83,0.0027
2026-07-30 13:38:27,BTCUSDT,BINANCE,TRADE,64064,0.00031
2026-07-30 13:38:27,BTCUSDT,BINANCE,TRADE,64064,0.00042
2026-07-30 13:38:27,BTCUSDT,BINANCE,TRADE,64064,0.00521
2026-07-30 13:38:27,BTCUSDT,BINANCE,TRADE,64064,0.0001
2026-07-30 13:38:27,BTCUSDT,BINANCE,TRADE,64064,0.002
2026-07-30 13:38:27,BTCUSDT,BINANCE,TRADE,64064,0.00028
2026-07-30 13:38:27,BTCUSDT,BINANCE,TRADE,64064,0.00038
2026-07-30 13:38:27,BTCUSDT,BINANCE,TRADE,64064,0.005
2026-07-30 13:38:27,BTCUSDT,BINANCE,TRADE,64064,0.00028
2026-07-30 13:38:27,BTCUSDT,BINANCE,TRADE,64064,8e-05
2026-07-30 13:38:27,BTCUSDT,BINANCE,TRADE,64064,8e-05
2026-07-30 13:38:27,BTCUSDT,BINANCE,TRADE,64064,8e-05
2026-07-30 13:38:27,BTCUSDT,BINANCE,TRADE,64064,8e-05
2026-07-30 13:38:27,BTCUSDT,BINANCE,TRADE,64064,8e-05
2026-07-30 13:38:27,BTCUSDT,BINANCE,TRADE,64064,9e-05
2026-07-30 13:38:27,BTCUSDT,BINANCE,TRADE,64064,0.01
2026-07-30 13:38:27,BTCUSDT,BINANCE,TRADE,64064,8e-05
2026-07-30 13:38:27,BTCUSDT,BINANCE,TRADE,64064,8e-05
2026-07-30 13:38:27,BTCUSDT,BINANCE,TRADE,64064,0.03121
2026-07-30 13:38:27,BTCUSDT,BINANCE,TRADE,64064,8e-05
2026-07-30 13:38:27,BTCUSDT,BINANCE,TRADE,64064,9e-05
2026-07-30 13:38:27,BTCUSDT,BINANCE,TRADE,64064,9e-05
2026-07-30 13:38:27,BTCUSDT,BINANCE,TRADE,64064,0.0001
2026-07-30 13:38:27,BTCUSDT,BINANCE,TRADE,64064,8e-05
2026-07-30 13:38:27,BTCUSDT,BINANCE,TRADE,64064,9e-05
2026-07-30 13:38:27,BTCUSDT,BINANCE,TRADE,64064,8e-05
2026-07-30 13:38:27,BTCUSDT,BINANCE,TRADE,64064,9e-05
2026-07-30 13:38:27,BTCUSDT,BINANCE,TRADE,64064,9e-05
2026-07-30 13:38:27,BTCUSDT,BINANCE,TRADE,64064,8e-05
2026-07-30 13:38:27,BTCUSDT,BINANCE,TRADE,64064,8e-05
2026-07-30 13:38:27,BTCUSDT,BINANCE,TRADE,64064,8e-05
2026-07-30 13:38:27,BTCUSDT,BINANCE,TRADE,64064,8e-05
2026-07-30 13:38:27,BTCUSDT,BINANCE,TRADE,64064,8e-05
2026-07-30 13:38:27,BTCUSDT,BINANCE,TRADE,64063.3,9e-05
2026-07-30 13:38:27,BTCUSDT,BINANCE,TRADE,64063.3,9e-05
2026-07-30 13:38:27,BTCUSDT,BINANCE,TRADE,64063,8e-05
2026-07-30 13:38:27,BTCUSDT,BINANCE,TRADE,64062.2,0.00018
2026-07-30 13:38:27,BTCUSDT,BINANCE,TRADE,64062,0.005
2026-07-30 13:38:27,BTCUSDT,BINANCE,TRADE,64062,9e-05
2026-07-30 13:38:27,BTCUSDT,BINANCE,TRADE,64062,9e-05
2026-07-30 13:38:27,BTCUSDT,BINANCE,TRADE,64062,0.01
2026-07-30 13:38:27,BTCUSDT,BINANCE,TRADE,64061.9,8e-05
2026-07-30 13:38:27,BTCUSDT,BINANCE,TRADE,64061.5,0.0001
2026-07-30 13:38:27,BTCUSDT,BINANCE,TRADE,64061.4,8e-05
2026-07-30 13:38:27,BTCUSDT,BINANCE,TRADE,64061.3,9e-05
2026-07-30 13:38:27,BTCUSDT,BINANCE,TRADE,64061.3,9e-05
2026-07-30 13:38:27,BTCUSDT,BINANCE,TRADE,64060.4,9e-05
2026-07-30 13:38:27,BTCUSDT,BINANCE,TRADE,64060.4,9e-05
2026-07-30 13:38:27,BTCUSDT,BINANCE,TRADE,64060.4,9e-05
2026-07-30 13:38:27,BTCUSDT,BINANCE,TRADE,64060.4,9e-05
2026-07-30 13:38:27,BTCUSDT,BINANCE,TRADE,64060.4,1e-05
2026-07-30 13:38:27,BTCUSDT,BINANCE,TRADE,64060.4,8e-05
2026-07-30 13:38:27,BTCUSDT,BINANCE,TRADE,64060.4,8e-05
2026-07-30 13:38:27,BTCUSDT,BINANCE,TRADE,64060.4,0.00984
2026-07-30 13:38:27,BTCUSDT,BINANCE,TRADE,64060.4,0.002
2026-07-30 13:38:27,BTCUSDT,BINANCE,TRADE,64060.4,0.00239
2026-07-30 13:38:27,BTCUSDT,BINANCE,TRADE,64060.4,0.00065
2026-07-30 13:38:27,BTCUSDT,BINANCE,TRADE,64060.4,9e-05
2026-07-30 13:38:27,BTCUSDT,BINANCE,TRADE,64060.4,0.00205
2026-07-30 13:38:27,BTCUSDT,BINANCE,TRADE,64060.4,0.01433
2026-07-30 13:38:27,BTCUSDT,BINANCE,TRADE,64060.4,0.0001
2026-07-30 13:38:27,BTCUSDT,BINANCE,TRADE,64060.4,0.00019
2026-07-30 13:38:27,BTCUSDT,BINANCE,TRADE,64060.4,0.00035
2026-07-30 13:38:27,ETHUSDT,BINANCE,TRADE,1904.82,0.0083
2026-07-30 13:38:27,BTCUSDT,BINANCE,TRADE,64060.4,0.00312
2026-07-30 13:38:27,BTCUSDT,BINANCE,TRADE,64060.4,0.00127
2026-07-30 13:38:27,BTCUSDT,BINANCE,TRADE,64060.4,0.00019
2026-07-30 13:38:27,ETHUSDT,BINANCE,TRADE,1904.82,0.2332
2026-07-30 13:38:27,BTCUSDT,BINANCE,TRADE,64060.4,0.00065
2026-07-30 13:38:27,BTCUSDT,BINANCE,TRADE,64060.4,0.00066
2026-07-30 13:38:28,BTCUSDT,BINANCE,TRADE,64060.4,0.01873
2026-07-30 13:38:28,ETHUSDT,BINANCE,TRADE,1904.81,0.0027
2026-07-30 13:38:28,ETHUSDT,BINANCE,TRADE,1904.81,0.1281
2026-07-30 13:38:28,BTCUSDT,BINANCE,TRADE,64060.4,0.00014
2026-07-30 13:38:28,BTCUSDT,BINANCE,TRADE,64060.4,0.00097
2026-07-30 13:38:28,BTCUSDT,BINANCE,TRADE,64060.4,0.00256
2026-07-30 13:38:28,BTCUSDT,BINANCE,TRADE,64060.4,0.00017
2026-07-30 13:38:28,BTCUSDT,BINANCE,TRADE,64060.4,0.00509
2026-07-30 13:38:28,BTCUSDT,BINANCE,TRADE,64060.4,0.00094
2026-07-30 13:38:28,BTCUSDT,BINANCE,TRADE,64060.4,0.00023
2026-07-30 13:38:28,BTCUSDT,BINANCE,TRADE,64060.4,0.00782
2026-07-30 13:38:28,BTCUSDT,BINANCE,TRADE,64060.4,0.00147
2026-07-30 13:38:28,BTCUSDT,BINANCE,TRADE,64060.4,0.00016
2026-07-30 13:38:28,BTCUSDT,BINANCE,TRADE,64060.4,0.00031
2026-07-30 13:38:28,BTCUSDT,BINANCE,TRADE,64060.4,0.00157
2026-07-30 13:38:28,BTCUSDT,BINANCE,TRADE,64060.4,0.00312
2026-07-30 13:38:28,BTCUSDT,BINANCE,TRADE,64060.4,0.00065
2026-07-30 13:38:28,BTCUSDT,BINANCE,TRADE,64060.4,0.0006
2026-07-30 13:38:28,BTCUSDT,BINANCE,TRADE,64060.4,0.00182
2026-07-30 13:38:28,BTCUSDT,BINANCE,TRADE,64060.4,0.00021
2026-07-30 13:38:28,BTCUSDT,BINANCE,TRADE,64060.4,0.00166
2026-07-30 13:38:28,BTCUSDT,BINANCE,TRADE,64060.4,0.00031
2026-07-30 13:38:28,SOLUSDT,BINANCE,TRADE,73.44,5.655
2026-07-30 13:38:28,ETHUSDT,BINANCE,TRADE,1904.81,0.0261
2026-07-30 13:38:28,BTCUSDT,BINANCE,TRADE,64060.4,0.00024
2026-07-30 13:38:28,SOLUSDT,BINANCE,TRADE,73.45,0.361
2026-07-30 13:38:28,BTCUSDT,BINANCE,TRADE,64060.4,0.00028
2026-07-30 13:38:28,BTCUSDT,BINANCE,TRADE,64060.4,0.00065
2026-07-30 13:38:28,BTCUSDT,BINANCE,TRADE,64060.4,0.00157
2026-07-30 13:38:28,BTCUSDT,BINANCE,TRADE,64060.4,0.00014
2026-07-30 13:38:28,BTCUSDT,BINANCE,TRADE,64060.4,0.00515
2026-07-30 13:38:28,BTCUSDT,BINANCE,TRADE,64060.4,0.00027
2026-07-30 13:38:28,ETHUSDT,BINANCE,TRADE,1904.81,0.0187
2026-07-30 13:38:28,BTCUSDT,BINANCE,TRADE,64060.4,0.00038
2026-07-30 13:38:28,ETHUSDT,BINANCE,TRADE,1904.81,0.1923
2026-07-30 13:38:28,BTCUSDT,BINANCE,TRADE,64060.4,0.00223
2026-07-30 13:38:28,BTCUSDT,BINANCE,TRADE,64060.4,0.00019
2026-07-30 13:38:28,BTCUSDT,BINANCE,TRADE,64060.4,0.00029
2026-07-30 13:38:28,BTCUSDT,BINANCE,TRADE,64060.4,0.00205
2026-07-30 13:38:28,ETHUSDT,BINANCE,TRADE,1904.82,0.0035
2026-07-30 13:38:28,BTCUSDT,BINANCE,TRADE,64060.4,0.00239
2026-07-30 13:38:28,BTCUSDT,BINANCE,TRADE,64060.4,0.00297
2026-07-30 13:38:28,BTCUSDT,BINANCE,TRADE,64060.4,0.00065
2026-07-30 13:38:28,BTCUSDT,BINANCE,TRADE,64060.4,0.00182
2026-07-30 13:38:28,BTCUSDT,BINANCE,TRADE,64060.4,9e-05
2026-07-30 13:38:28,BTCUSDT,BINANCE,TRADE,64060.4,0.00099
2026-07-30 13:38:29,BTCUSDT,BINANCE,TRADE,64060.4,0.00157
2026-07-30 13:38:29,BTCUSDT,BINANCE,TRADE,64060.4,0.00078
2026-07-30 13:38:29,BTCUSDT,BINANCE,TRADE,64060.4,0.0018
2026-07-30 13:38:29,BTCUSDT,BINANCE,TRADE,64060.4,0.00312
2026-07-30 13:38:29,BTCUSDT,BINANCE,TRADE,64060.4,0.00065
2026-07-30 13:38:29,BTCUSDT,BINANCE,TRADE,64060.4,0.00028
2026-07-30 13:38:29,BTCUSDT,BINANCE,TRADE,64060.4,0.00059
2026-07-30 13:38:29,SOLUSDT,BINANCE,TRADE,73.44,8.36
2026-07-30 13:38:29,BTCUSDT,BINANCE,TRADE,64060.4,0.00014
2026-07-30 13:38:29,BTCUSDT,BINANCE,TRADE,64060.4,0.00031
2026-07-30 13:38:29,BTCUSDT,BINANCE,TRADE,64060.4,0.00027
2026-07-30 13:38:29,BTCUSDT,BINANCE,TRADE,64060.4,0.00019
2026-07-30 13:38:29,BTCUSDT,BINANCE,TRADE,64060.4,0.0003
2026-07-30 13:38:29,BTCUSDT,BINANCE,TRADE,64060.4,0.00065
2026-07-30 13:38:29,BTCUSDT,BINANCE,TRADE,64060.4,0.00117
2026-07-30 13:38:29,BTCUSDT,BINANCE,TRADE,64060.4,0.00078
2026-07-30 13:38:29,BTCUSDT,BINANCE,TRADE,64060.4,0.00021
2026-07-30 13:38:29,BTCUSDT,BINANCE,TRADE,64060.4,0.00017
2026-07-30 13:38:29,BTCUSDT,BINANCE,TRADE,64060.4,0.00023
2026-07-30 13:38:29,BTCUSDT,BINANCE,TRADE,64060.4,0.00064
2026-07-30 13:38:29,BTCUSDT,BINANCE,TRADE,64060.4,0.00126
2026-07-30 13:38:29,BTCUSDT,BINANCE,TRADE,64060.4,0.00065
2026-07-30 13:38:29,BTCUSDT,BINANCE,TRADE,64060.4,0.00129
2026-07-30 13:38:29,BTCUSDT,BINANCE,TRADE,64060.4,0.00312
2026-07-30 13:38:29,BTCUSDT,BINANCE,TRADE,64060.4,0.00031
2026-07-30 13:38:29,BTCUSDT,BINANCE,TRADE,64060.4,0.00047
2026-07-30 13:38:29,BTCUSDT,BINANCE,TRADE,64060.4,0.00278
2026-07-30 13:38:29,BTCUSDT,BINANCE,TRADE,64060.4,0.00127
2026-07-30 13:38:29,BTCUSDT,BINANCE,TRADE,64060.4,0.003
2026-07-30 13:38:29,BTCUSDT,BINANCE,TRADE,64060.4,0.00239
2026-07-30 13:38:29,BTCUSDT,BINANCE,TRADE,64060.4,0.00031
2026-07-30 13:38:29,BTCUSDT,BINANCE,TRADE,64060.4,0.00312
2026-07-30 13:38:29,BTCUSDT,BINANCE,TRADE,64060.4,0.00028
2026-07-30 13:38:30,SOLUSDT,BINANCE,TRADE,73.44,14.715
2026-07-30 13:38:30,SOLUSDT,BINANCE,TRADE,73.44,12.525
2026-07-30 13:38:30,BTCUSDT,BINANCE,TRADE,64060.4,0.00012
2026-07-30 13:38:30,BTCUSDT,BINANCE,TRADE,64060.4,0.00024
2026-07-30 13:38:30,BTCUSDT,BINANCE,TRADE,64060.4,0.00028
2026-07-30 13:38:30,ETHUSDT,BINANCE,TRADE,1904.82,0.1724
2026-07-30 13:38:30,BTCUSDT,BINANCE,TRADE,64060.4,0.01205
2026-07-30 13:38:30,BTCUSDT,BINANCE,TRADE,64060.4,0.00158
2026-07-30 13:38:30,BTCUSDT,BINANCE,TRADE,64060.4,0.00065
2026-07-30 13:38:30,BTCUSDT,BINANCE,TRADE,64060.4,0.01873
2026-07-30 13:38:30,BTCUSDT,BINANCE,TRADE,64060.4,0.00019
2026-07-30 13:38:30,BTCUSDT,BINANCE,TRADE,64060.4,0.00166
2026-07-30 13:38:30,BTCUSDT,BINANCE,TRADE,64060.4,0.002
2026-07-30 13:38:30,ETHUSDT,BINANCE,TRADE,1904.81,0.0031
2026-07-30 13:38:30,ETHUSDT,BINANCE,TRADE,1904.81,0.0027
2026-07-30 13:38:30,ETHUSDT,BINANCE,TRADE,1904.81,0.0027
2026-07-30 13:38:30,ETHUSDT,BINANCE,TRADE,1904.81,0.0027
2026-07-30 13:38:30,ETHUSDT,BINANCE,TRADE,1904.81,0.0027
2026-07-30 13:38:30,ETHUSDT,BINANCE,TRADE,1904.81,0.0028
2026-07-30 13:38:30,ETHUSDT,BINANCE,TRADE,1904.81,0.0027
2026-07-30 13:38:30,ETHUSDT,BINANCE,TRADE,1904.81,0.0032
2026-07-30 13:38:30,ETHUSDT,BINANCE,TRADE,1904.81,0.0027
2026-07-30 13:38:30,ETHUSDT,BINANCE,TRADE,1904.81,0.0027
2026-07-30 13:38:30,ETHUSDT,BINANCE,TRADE,1904.81,0.0027
2026-07-30 13:38:30,ETHUSDT,BINANCE,TRADE,1904.81,0.0028
2026-07-30 13:38:30,ETHUSDT,BINANCE,TRADE,1904.81,0.0028
2026-07-30 13:38:30,ETHUSDT,BINANCE,TRADE,1904.81,0.0027
2026-07-30 13:38:30,ETHUSDT,BINANCE,TRADE,1904.81,0.0032
2026-07-30 13:38:30,ETHUSDT,BINANCE,TRADE,1904.81,0.0053
2026-07-30 13:38:30,ETHUSDT,BINANCE,TRADE,1904.81,0.0027
2026-07-30 13:38:30,ETHUSDT,BINANCE,TRADE,1904.81,0.0028
2026-07-30 13:38:30,BTCUSDT,BINANCE,TRADE,64060.4,8e-05
2026-07-30 13:38:30,BTCUSDT,BINANCE,TRADE,64060.4,2e-05
2026-07-30 13:38:30,ETHUSDT,BINANCE,TRADE,1904.8,0.0027
2026-07-30 13:38:30,ETHUSDT,BINANCE,TRADE,1904.8,0.0027
2026-07-30 13:38:30,ETHUSDT,BINANCE,TRADE,1904.8,0.0027
2026-07-30 13:38:30,ETHUSDT,BINANCE,TRADE,1904.8,0.0919
2026-07-30 13:38:30,BTCUSDT,BINANCE,TRADE,64060.4,6e-05
2026-07-30 13:38:30,BTCUSDT,BINANCE,TRADE,64060.4,8e-05
2026-07-30 13:38:30,BTCUSDT,BINANCE,TRADE,64060.4,8e-05
2026-07-30 13:38:30,BTCUSDT,BINANCE,TRADE,64060.4,8e-05
2026-07-30 13:38:30,BTCUSDT,BINANCE,TRADE,64060.4,8e-05
2026-07-30 13:38:30,BTCUSDT,BINANCE,TRADE,64060.4,8e-05
2026-07-30 13:38:30,BTCUSDT,BINANCE,TRADE,64060.4,8e-05
2026-07-30 13:38:30,BTCUSDT,BINANCE,TRADE,64060.4,8e-05
2026-07-30 13:38:30,BTCUSDT,BINANCE,TRADE,64060.4,8e-05
2026-07-30 13:38:30,BTCUSDT,BINANCE,TRADE,64060.4,0.00016
2026-07-30 13:38:30,BTCUSDT,BINANCE,TRADE,64060.4,8e-05
2026-07-30 13:38:30,BTCUSDT,BINANCE,TRADE,64060.4,8e-05
2026-07-30 13:38:30,BTCUSDT,BINANCE,TRADE,64060.4,9e-05
2026-07-30 13:38:30,BTCUSDT,BINANCE,TRADE,64060.4,0.00089
2026-07-30 13:38:30,ETHUSDT,BINANCE,TRADE,1904.8,0.107
2026-07-30 13:38:30,ETHUSDT,BINANCE,TRADE,1904.8,0.5
2026-07-30 13:38:30,ETHUSDT,BINANCE,TRADE,1904.8,0.0083
2026-07-30 13:38:30,BTCUSDT,BINANCE,TRADE,64060.4,0.00065
2026-07-30 13:38:30,BTCUSDT,BINANCE,TRADE,64060.4,0.02968
2026-07-30 13:38:30,BTCUSDT,BINANCE,TRADE,64060.4,8e-05
2026-07-30 13:38:30,BTCUSDT,BINANCE,TRADE,64060.4,0.01
2026-07-30 13:38:30,BTCUSDT,BINANCE,TRADE,64060.4,8e-05
2026-07-30 13:38:30,BTCUSDT,BINANCE,TRADE,64060.4,8e-05
2026-07-30 13:38:30,BTCUSDT,BINANCE,TRADE,64060.4,9e-05
2026-07-30 13:38:30,BTCUSDT,BINANCE,TRADE,64060.4,9e-05
2026-07-30 13:38:30,BTCUSDT,BINANCE,TRADE,64060.4,0.0001
2026-07-30 13:38:30,BTCUSDT,BINANCE,TRADE,64060.4,8e-05
2026-07-30 13:38:30,BTCUSDT,BINANCE,TRADE,64060.4,8e-05
2026-07-30 13:38:30,BTCUSDT,BINANCE,TRADE,64060.4,0.005
2026-07-30 13:38:30,BTCUSDT,BINANCE,TRADE,64060.4,8e-05
2026-07-30 13:38:30,BTCUSDT,BINANCE,TRADE,64060.4,9e-05
2026-07-30 13:38:30,BTCUSDT,BINANCE,TRADE,64060.4,8e-05
2026-07-30 13:38:30,BTCUSDT,BINANCE,TRADE,64060.4,9e-05
2026-07-30 13:38:30,BTCUSDT,BINANCE,TRADE,64060.4,0.00016
2026-07-30 13:38:30,BTCUSDT,BINANCE,TRADE,64060.4,8e-05
2026-07-30 13:38:30,BTCUSDT,BINANCE,TRADE,64060.4,8e-05
2026-07-30 13:38:30,BTCUSDT,BINANCE,TRADE,64060.4,8e-05
2026-07-30 13:38:30,BTCUSDT,BINANCE,TRADE,64060.4,8e-05
2026-07-30 13:38:30,BTCUSDT,BINANCE,TRADE,64060.4,9e-05
2026-07-30 13:38:30,BTCUSDT,BINANCE,TRADE,64060.4,9e-05
2026-07-30 13:38:30,BTCUSDT,BINANCE,TRADE,64060.4,8e-05
2026-07-30 13:38:30,BTCUSDT,BINANCE,TRADE,64060.4,8e-05
2026-07-30 13:38:30,BTCUSDT,BINANCE,TRADE,64060.4,0.00016
2026-07-30 13:38:30,BTCUSDT,BINANCE,TRADE,64060.4,8e-05
2026-07-30 13:38:30,BTCUSDT,BINANCE,TRADE,64060.4,8e-05
2026-07-30 13:38:30,BTCUSDT,BINANCE,TRADE,64060.4,8e-05
2026-07-30 13:38:30,BTCUSDT,BINANCE,TRADE,64060.4,0.00016
2026-07-30 13:38:30,BTCUSDT,BINANCE,TRADE,64060,9e-05
2026-07-30 13:38:30,BTCUSDT,BINANCE,TRADE,64060,9e-05
2026-07-30 13:38:30,BTCUSDT,BINANCE,TRADE,64060,9e-05
2026-07-30 13:38:30,BTCUSDT,BINANCE,TRADE,64060,9e-05
2026-07-30 13:38:30,BTCUSDT,BINANCE,TRADE,64060,9e-05
2026-07-30 13:38:30,BTCUSDT,BINANCE,TRADE,64060,0.005
2026-07-30 13:38:30,BTCUSDT,BINANCE,TRADE,64060,0.024
2026-07-30 13:38:30,BTCUSDT,BINANCE,TRADE,64060,0.018
2026-07-30 13:38:30,BTCUSDT,BINANCE,TRADE,64060,0.01
2026-07-30 13:38:30,BTCUSDT,BINANCE,TRADE,64060,0.0064
2026-07-30 13:38:30,BTCUSDT,BINANCE,TRADE,64060,9e-05
2026-07-30 13:38:30,BTCUSDT,BINANCE,TRADE,64060,9e-05
2026-07-30 13:38:30,BTCUSDT,BINANCE,TRADE,64059.3,8e-05
2026-07-30 13:38:30,BTCUSDT,BINANCE,TRADE,64059.2,8e-05
2026-07-30 13:38:30,BTCUSDT,BINANCE,TRADE,64058.8,9e-05
2026-07-30 13:38:30,BTCUSDT,BINANCE,TRADE,64058.7,8e-05
2026-07-30 13:38:30,BTCUSDT,BINANCE,TRADE,64058.5,8e-05
2026-07-30 13:38:30,BTCUSDT,BINANCE,TRADE,64058,9e-05
2026-07-30 13:38:30,BTCUSDT,BINANCE,TRADE,64058,9e-05
2026-07-30 13:38:30,BTCUSDT,BINANCE,TRADE,64058,9e-05
2026-07-30 13:38:30,BTCUSDT,BINANCE,TRADE,64058,0.008
2026-07-30 13:38:30,BTCUSDT,BINANCE,TRADE,64058,0.006
2026-07-30 13:38:30,BTCUSDT,BINANCE,TRADE,64058,0.005
2026-07-30 13:38:30,BTCUSDT,BINANCE,TRADE,64058,0.005
2026-07-30 13:38:30,BTCUSDT,BINANCE,TRADE,64058,9e-05
2026-07-30 13:38:30,BTCUSDT,BINANCE,TRADE,64058,9e-05
2026-07-30 13:38:30,BTCUSDT,BINANCE,TRADE,64057.2,8e-05
2026-07-30 13:38:30,BTCUSDT,BINANCE,TRADE,64057.1,9e-05
2026-07-30 13:38:30,BTCUSDT,BINANCE,TRADE,64057.1,9e-05
2026-07-30 13:38:30,BTCUSDT,BINANCE,TRADE,64057.1,9e-05
2026-07-30 13:38:30,BTCUSDT,BINANCE,TRADE,64057.1,9e-05
2026-07-30 13:38:30,BTCUSDT,BINANCE,TRADE,64057.1,9e-05
2026-07-30 13:38:30,BTCUSDT,BINANCE,TRADE,64057.1,9e-05
2026-07-30 13:38:30,BTCUSDT,BINANCE,TRADE,64057.1,0.0001
2026-07-30 13:38:30,BTCUSDT,BINANCE,TRADE,64057.1,0.01
2026-07-30 13:38:30,ETHUSDT,BINANCE,TRADE,1904.8,0.0488
2026-07-30 13:38:30,ETHUSDT,BINANCE,TRADE,1904.8,0.0053
2026-07-30 13:38:30,ETHUSDT,BINANCE,TRADE,1904.8,0.0027
2026-07-30 13:38:30,ETHUSDT,BINANCE,TRADE,1904.8,0.0032
2026-07-30 13:38:30,ETHUSDT,BINANCE,TRADE,1904.8,0.0027
2026-07-30 13:38:30,ETHUSDT,BINANCE,TRADE,1904.8,0.0027
2026-07-30 13:38:30,ETHUSDT,BINANCE,TRADE,1904.8,0.0027
2026-07-30 13:38:30,ETHUSDT,BINANCE,TRADE,1904.8,0.0027
2026-07-30 13:38:30,ETHUSDT,BINANCE,TRADE,1904.8,0.0032
2026-07-30 13:38:30,ETHUSDT,BINANCE,TRADE,1904.8,0.0032
2026-07-30 13:38:30,ETHUSDT,BINANCE,TRADE,1904.8,0.0027
2026-07-30 13:38:30,ETHUSDT,BINANCE,TRADE,1904.8,0.0027
2026-07-30 13:38:30,ETHUSDT,BINANCE,TRADE,1904.8,0.0028
2026-07-30 13:38:30,ETHUSDT,BINANCE,TRADE,1904.79,0.0027
2026-07-30 13:38:30,ETHUSDT,BINANCE,TRADE,1904.79,0.0053
2026-07-30 13:38:30,ETHUSDT,BINANCE,TRADE,1904.79,0.0027
2026-07-30 13:38:30,ETHUSDT,BINANCE,TRADE,1904.79,0.0027
2026-07-30 13:38:30,ETHUSDT,BINANCE,TRADE,1904.79,0.0027
2026-07-30 13:38:30,ETHUSDT,BINANCE,TRADE,1904.76,0.0027
2026-07-30 13:38:30,ETHUSDT,BINANCE,TRADE,1904.76,0.0027
2026-07-30 13:38:30,ETHUSDT,BINANCE,TRADE,1904.76,0.0027
2026-07-30 13:38:30,ETHUSDT,BINANCE,TRADE,1904.76,0.0032
2026-07-30 13:38:30,ETHUSDT,BINANCE,TRADE,1904.76,0.0027
2026-07-30 13:38:30,ETHUSDT,BINANCE,TRADE,1904.76,0.0027
2026-07-30 13:38:30,ETHUSDT,BINANCE,TRADE,1904.76,0.0027
2026-07-30 13:38:30,ETHUSDT,BINANCE,TRADE,1904.76,0.0027
2026-07-30 13:38:30,ETHUSDT,BINANCE,TRADE,1904.76,0.0027
2026-07-30 13:38:30,ETHUSDT,BINANCE,TRADE,1904.76,0.0032
2026-07-30 13:38:30,ETHUSDT,BINANCE,TRADE,1904.76,0.0032
2026-07-30 13:38:30,ETHUSDT,BINANCE,TRADE,1904.76,0.0028
2026-07-30 13:38:30,ETHUSDT,BINANCE,TRADE,1904.75,0.0027
2026-07-30 13:38:30,ETHUSDT,BINANCE,TRADE,1904.75,0.0027
2026-07-30 13:38:30,ETHUSDT,BINANCE,TRADE,1904.75,0.0027
2026-07-30 13:38:30,ETHUSDT,BINANCE,TRADE,1904.74,0.0027
2026-07-30 13:38:30,ETHUSDT,BINANCE,TRADE,1904.73,0.0027
2026-07-30 13:38:30,ETHUSDT,BINANCE,TRADE,1904.72,0.0028
2026-07-30 13:38:30,ETHUSDT,BINANCE,TRADE,1904.72,0.0028
2026-07-30 13:38:30,ETHUSDT,BINANCE,TRADE,1904.72,0.0028
2026-07-30 13:38:30,BTCUSDT,BINANCE,TRADE,64057.1,9e-05
2026-07-30 13:38:30,BTCUSDT,BINANCE,TRADE,64057.1,9e-05
2026-07-30 13:38:30,BTCUSDT,BINANCE,TRADE,64057.1,8e-05
2026-07-30 13:38:30,BTCUSDT,BINANCE,TRADE,64057.1,8e-05
2026-07-30 13:38:30,BTCUSDT,BINANCE,TRADE,64057.1,0.0004
2026-07-30 13:38:30,BTCUSDT,BINANCE,TRADE,64057.1,0.00441
2026-07-30 13:38:30,BTCUSDT,BINANCE,TRADE,64057.1,0.00017
2026-07-30 13:38:30,BTCUSDT,BINANCE,TRADE,64057.1,0.00031
2026-07-30 13:38:30,BTCUSDT,BINANCE,TRADE,64057.1,0.00029
2026-07-30 13:38:30,ETHUSDT,BINANCE,TRADE,1904.72,0.2683
2026-07-30 13:38:30,BTCUSDT,BINANCE,TRADE,64057.1,0.00065
2026-07-30 13:38:30,BTCUSDT,BINANCE,TRADE,64057.1,0.00029
2026-07-30 13:38:30,BTCUSDT,BINANCE,TRADE,64057.1,0.00312
2026-07-30 13:38:30,BTCUSDT,BINANCE,TRADE,64057.1,0.01216
2026-07-30 13:38:30,BTCUSDT,BINANCE,TRADE,64057.1,0.00038
2026-07-30 13:38:30,BTCUSDT,BINANCE,TRADE,64057.1,0.00031
2026-07-30 13:38:30,BTCUSDT,BINANCE,TRADE,64057.1,0.00521
2026-07-30 13:38:30,SOLUSDT,BINANCE,TRADE,73.44,16.185
2026-07-30 13:38:30,SOLUSDT,BINANCE,TRADE,73.44,0.072
2026-07-30 13:38:30,SOLUSDT,BINANCE,TRADE,73.44,0.072
2026-07-30 13:38:30,SOLUSDT,BINANCE,TRADE,73.44,0.072
2026-07-30 13:38:30,SOLUSDT,BINANCE,TRADE,73.44,0.072
2026-07-30 13:38:30,SOLUSDT,BINANCE,TRADE,73.44,0.072
2026-07-30 13:38:30,SOLUSDT,BINANCE,TRADE,73.44,0.072
2026-07-30 13:38:30,SOLUSDT,BINANCE,TRADE,73.44,0.072
2026-07-30 13:38:30,SOLUSDT,BINANCE,TRADE,73.44,0.072
2026-07-30 13:38:30,SOLUSDT,BINANCE,TRADE,73.44,0.072
2026-07-30 13:38:30,SOLUSDT,BINANCE,TRADE,73.44,0.137
2026-07-30 13:38:30,SOLUSDT,BINANCE,TRADE,73.44,0.072
2026-07-30 13:38:30,SOLUSDT,BINANCE,TRADE,73.44,0.277
2026-07-30 13:38:30,SOLUSDT,BINANCE,TRADE,73.44,9.931
2026-07-30 13:38:30,BTCUSDT,BINANCE,TRADE,64057.1,0.00021
2026-07-30 13:38:30,BTCUSDT,BINANCE,TRADE,64057.1,0.00028
2026-07-30 13:38:30,BTCUSDT,BINANCE,TRADE,64057.1,0.00066
2026-07-30 13:38:30,BTCUSDT,BINANCE,TRADE,64057.1,0.00014
2026-07-30 13:38:30,BTCUSDT,BINANCE,TRADE,64057.1,0.00027
2026-07-30 13:38:30,BTCUSDT,BINANCE,TRADE,64057.1,0.00065
2026-07-30 13:38:31,BTCUSDT,BINANCE,TRADE,64057.1,0.00239
2026-07-30 13:38:31,BTCUSDT,BINANCE,TRADE,64057.1,0.00019
2026-07-30 13:38:31,ETHUSDT,BINANCE,TRADE,1904.72,0.0442
2026-07-30 13:38:31,BTCUSDT,BINANCE,TRADE,64057.1,0.00163
2026-07-30 13:38:31,BTCUSDT,BINANCE,TRADE,64057.1,0.00509
2026-07-30 13:38:31,BTCUSDT,BINANCE,TRADE,64057.1,0.00782
2026-07-30 13:38:31,BTCUSDT,BINANCE,TRADE,64057.1,0.0018
2026-07-30 13:38:31,BTCUSDT,BINANCE,TRADE,64057.1,0.00182
2026-07-30 13:38:31,ETHUSDT,BINANCE,TRADE,1904.71,0.2332
2026-07-30 13:38:31,ETHUSDT,BINANCE,TRADE,1904.71,0.0105
2026-07-30 13:38:31,BTCUSDT,BINANCE,TRADE,64057.1,0.00042
2026-07-30 13:38:31,SOLUSDT,BINANCE,TRADE,73.44,0.337
2026-07-30 13:38:31,BTCUSDT,BINANCE,TRADE,64057.1,0.00156
2026-07-30 13:38:31,BTCUSDT,BINANCE,TRADE,64057.1,0.005
2026-07-30 13:38:31,BTCUSDT,BINANCE,TRADE,64057.1,0.002
2026-07-30 13:38:31,BTCUSDT,BINANCE,TRADE,64057.1,0.00065
2026-07-30 13:38:31,BTCUSDT,BINANCE,TRADE,64057.1,0.002
2026-07-30 13:38:31,ETHUSDT,BINANCE,TRADE,1904.71,0.0249
2026-07-30 13:38:31,BTCUSDT,BINANCE,TRADE,64057.1,0.0006
2026-07-30 13:38:31,BTCUSDT,BINANCE,TRADE,64057.1,0.00028
2026-07-30 13:38:31,BTCUSDT,BINANCE,TRADE,64057.1,0.00065
2026-07-30 13:38:31,SOLUSDT,BINANCE,TRADE,73.44,27.24
2026-07-30 13:38:31,BTCUSDT,BINANCE,TRADE,64057.1,0.00166
2026-07-30 13:38:31,BTCUSDT,BINANCE,TRADE,64057.1,0.00297
2026-07-30 13:38:31,BTCUSDT,BINANCE,TRADE,64057.1,0.00312
2026-07-30 13:38:31,BTCUSDT,BINANCE,TRADE,64057.1,0.00158
2026-07-30 13:38:31,BTCUSDT,BINANCE,TRADE,64057.1,0.00014
2026-07-30 13:38:31,BTCUSDT,BINANCE,TRADE,64057.1,0.00026
2026-07-30 13:38:31,BTCUSDT,BINANCE,TRADE,64057.1,0.00152
2026-07-30 13:38:31,BTCUSDT,BINANCE,TRADE,64057.1,0.00901
2026-07-30 13:38:31,BTCUSDT,BINANCE,TRADE,64057.1,0.00026
2026-07-30 13:38:31,BTCUSDT,BINANCE,TRADE,64057.1,0.00127
2026-07-30 13:38:31,BTCUSDT,BINANCE,TRADE,64057.1,0.00256
2026-07-30 13:38:31,BTCUSDT,BINANCE,TRADE,64057.1,0.00065
2026-07-30 13:38:31,BTCUSDT,BINANCE,TRADE,64057.1,0.00064
2026-07-30 13:38:31,ETHUSDT,BINANCE,TRADE,1904.72,0.1923
2026-07-30 13:38:31,BTCUSDT,BINANCE,TRADE,64057.1,0.00019
2026-07-30 13:38:31,ETHUSDT,BINANCE,TRADE,1904.71,0.0053
2026-07-30 13:38:31,BTCUSDT,BINANCE,TRADE,64057.1,0.00239
2026-07-30 13:38:31,BTCUSDT,BINANCE,TRADE,64057.1,0.00017
2026-07-30 13:38:31,BTCUSDT,BINANCE,TRADE,64057.1,0.00014
2026-07-30 13:38:32,ETHUSDT,BINANCE,TRADE,1904.72,0.059
2026-07-30 13:38:32,ETHUSDT,BINANCE,TRADE,1904.71,0.003
2026-07-30 13:38:32,BTCUSDT,BINANCE,TRADE,64057.1,0.002
2026-07-30 13:38:32,SOLUSDT,BINANCE,TRADE,73.44,232.495
2026-07-30 13:38:32,SOLUSDT,BINANCE,TRADE,73.44,0.081
2026-07-30 13:38:32,SOLUSDT,BINANCE,TRADE,73.44,0.07
2026-07-30 13:38:32,SOLUSDT,BINANCE,TRADE,73.44,4.453
2026-07-30 13:38:32,SOLUSDT,BINANCE,TRADE,73.44,0.102
2026-07-30 13:38:32,SOLUSDT,BINANCE,TRADE,73.44,0.072
2026-07-30 13:38:32,SOLUSDT,BINANCE,TRADE,73.44,0.072
2026-07-30 13:38:32,SOLUSDT,BINANCE,TRADE,73.44,0.072
2026-07-30 13:38:32,SOLUSDT,BINANCE,TRADE,73.44,0.072
2026-07-30 13:38:32,SOLUSDT,BINANCE,TRADE,73.44,0.072
2026-07-30 13:38:32,SOLUSDT,BINANCE,TRADE,73.44,0.072
2026-07-30 13:38:32,SOLUSDT,BINANCE,TRADE,73.44,0.072
2026-07-30 13:38:32,SOLUSDT,BINANCE,TRADE,73.44,0.072
2026-07-30 13:38:32,SOLUSDT,BINANCE,TRADE,73.44,0.137
2026-07-30 13:38:32,SOLUSDT,BINANCE,TRADE,73.44,0.072
2026-07-30 13:38:32,SOLUSDT,BINANCE,TRADE,73.44,0.072
2026-07-30 13:38:32,SOLUSDT,BINANCE,TRADE,73.44,0.277
2026-07-30 13:38:32,BTCUSDT,BINANCE,TRADE,64057.1,0.00031
2026-07-30 13:38:32,BTCUSDT,BINANCE,TRADE,64057.1,0.00012
2026-07-30 13:38:32,BTCUSDT,BINANCE,TRADE,64057.1,0.00065
2026-07-30 13:38:32,BTCUSDT,BINANCE,TRADE,64057.1,0.00275
2026-07-30 13:38:32,BTCUSDT,BINANCE,TRADE,64057.1,0.00017
2026-07-30 13:38:32,BTCUSDT,BINANCE,TRADE,64057.1,0.00182
2026-07-30 13:38:32,BTCUSDT,BINANCE,TRADE,64057.1,0.00031
2026-07-30 13:38:32,BTCUSDT,BINANCE,TRADE,64057.1,9e-05
2026-07-30 13:38:32,SOLUSDT,BINANCE,TRADE,73.43,0.072
2026-07-30 13:38:32,SOLUSDT,BINANCE,TRADE,73.43,0.137
2026-07-30 13:38:32,SOLUSDT,BINANCE,TRADE,73.43,10.22
2026-07-30 13:38:32,SOLUSDT,BINANCE,TRADE,73.43,10.22
2026-07-30 13:38:32,SOLUSDT,BINANCE,TRADE,73.43,6.601
2026-07-30 13:38:32,ETHUSDT,BINANCE,TRADE,1904.71,0.0409
2026-07-30 13:38:32,ETHUSDT,BINANCE,TRADE,1904.71,0.0028
2026-07-30 13:38:32,ETHUSDT,BINANCE,TRADE,1904.71,0.0028
2026-07-30 13:38:32,ETHUSDT,BINANCE,TRADE,1904.71,0.0027
2026-07-30 13:38:32,ETHUSDT,BINANCE,TRADE,1904.71,0.0027
2026-07-30 13:38:32,ETHUSDT,BINANCE,TRADE,1904.71,0.0027
2026-07-30 13:38:32,ETHUSDT,BINANCE,TRADE,1904.71,0.0027
2026-07-30 13:38:32,ETHUSDT,BINANCE,TRADE,1904.71,0.0027
2026-07-30 13:38:32,ETHUSDT,BINANCE,TRADE,1904.71,0.0032
2026-07-30 13:38:32,ETHUSDT,BINANCE,TRADE,1904.71,0.0027
2026-07-30 13:38:32,ETHUSDT,BINANCE,TRADE,1904.71,0.0027
2026-07-30 13:38:32,ETHUSDT,BINANCE,TRADE,1904.71,0.0028
2026-07-30 13:38:32,ETHUSDT,BINANCE,TRADE,1904.71,0.0027
2026-07-30 13:38:32,ETHUSDT,BINANCE,TRADE,1904.71,0.0027
2026-07-30 13:38:32,ETHUSDT,BINANCE,TRADE,1904.71,0.0027
2026-07-30 13:38:32,ETHUSDT,BINANCE,TRADE,1904.71,0.0027
2026-07-30 13:38:32,ETHUSDT,BINANCE,TRADE,1904.71,0.0027
2026-07-30 13:38:32,ETHUSDT,BINANCE,TRADE,1904.71,0.0027
2026-07-30 13:38:32,ETHUSDT,BINANCE,TRADE,1904.71,0.0027
2026-07-30 13:38:32,ETHUSDT,BINANCE,TRADE,1904.71,0.0053
2026-07-30 13:38:32,ETHUSDT,BINANCE,TRADE,1904.71,0.0032
2026-07-30 13:38:32,ETHUSDT,BINANCE,TRADE,1904.71,0.0032
2026-07-30 13:38:32,ETHUSDT,BINANCE,TRADE,1904.71,0.0028
2026-07-30 13:38:32,BTCUSDT,BINANCE,TRADE,64057.1,0.002
2026-07-30 13:38:32,BTCUSDT,BINANCE,TRADE,64057.1,8e-05
2026-07-30 13:38:32,BTCUSDT,BINANCE,TRADE,64057.1,8e-05
2026-07-30 13:38:32,BTCUSDT,BINANCE,TRADE,64057.1,8e-05
2026-07-30 13:38:32,BTCUSDT,BINANCE,TRADE,64057.1,4e-05
2026-07-30 13:38:32,BTCUSDT,BINANCE,TRADE,64057.1,4e-05
2026-07-30 13:38:32,BTCUSDT,BINANCE,TRADE,64057.1,6e-05
2026-07-30 13:38:32,BTCUSDT,BINANCE,TRADE,64057.1,2e-05
2026-07-30 13:38:32,BTCUSDT,BINANCE,TRADE,64057.1,8e-05
2026-07-30 13:38:32,BTCUSDT,BINANCE,TRADE,64057.1,8e-05
2026-07-30 13:38:32,BTCUSDT,BINANCE,TRADE,64057.1,8e-05
2026-07-30 13:38:32,BTCUSDT,BINANCE,TRADE,64057.1,9e-05
2026-07-30 13:38:32,BTCUSDT,BINANCE,TRADE,64057.1,8e-05
2026-07-30 13:38:32,BTCUSDT,BINANCE,TRADE,64057.1,0.00162
2026-07-30 13:38:32,ETHUSDT,BINANCE,TRADE,1904.7,0.021
2026-07-30 13:38:32,BTCUSDT,BINANCE,TRADE,64057.1,0.00024
2026-07-30 13:38:32,BTCUSDT,BINANCE,TRADE,64057.1,0.00028
2026-07-30 13:38:32,BTCUSDT,BINANCE,TRADE,64057.1,0.00312
2026-07-30 13:38:32,BTCUSDT,BINANCE,TRADE,64057.1,0.0003
2026-07-30 13:38:32,BTCUSDT,BINANCE,TRADE,64057.1,0.00138
2026-07-30 13:38:32,BTCUSDT,BINANCE,TRADE,64057.1,0.00049
2026-07-30 13:38:32,BTCUSDT,BINANCE,TRADE,64057.1,0.00065
2026-07-30 13:38:32,BTCUSDT,BINANCE,TRADE,64057.1,0.00312
2026-07-30 13:38:32,ETHUSDT,BINANCE,TRADE,1904.71,0.0107
2026-07-30 13:38:32,BTCUSDT,BINANCE,TRADE,64057.1,0.00019
2026-07-30 13:38:32,BTCUSDT,BINANCE,TRADE,64057.1,0.00157
2026-07-30 13:38:32,SOLUSDT,BINANCE,TRADE,73.44,0.142
2026-07-30 13:38:32,BTCUSDT,BINANCE,TRADE,64057.1,0.01873
2026-07-30 13:38:32,BTCUSDT,BINANCE,TRADE,64057.1,0.02456
2026-07-30 13:38:32,BTCUSDT,BINANCE,TRADE,64057.1,0.00033
2026-07-30 13:38:32,BTCUSDT,BINANCE,TRADE,64057.1,0.00967
2026-07-30 13:38:32,BTCUSDT,BINANCE,TRADE,64057.1,0.0038
2026-07-30 13:38:32,BTCUSDT,BINANCE,TRADE,64057.1,0.0001
2026-07-30 13:38:32,BTCUSDT,BINANCE,TRADE,64057.1,8e-05
2026-07-30 13:38:32,BTCUSDT,BINANCE,TRADE,64057.1,8e-05
2026-07-30 13:38:32,BTCUSDT,BINANCE,TRADE,64057.1,8e-05
2026-07-30 13:38:32,BTCUSDT,BINANCE,TRADE,64057.1,8e-05
2026-07-30 13:38:32,BTCUSDT,BINANCE,TRADE,64057.1,8e-05
2026-07-30 13:38:32,BTCUSDT,BINANCE,TRADE,64057.1,8e-05
2026-07-30 13:38:32,BTCUSDT,BINANCE,TRADE,64057.1,9e-05
2026-07-30 13:38:32,BTCUSDT,BINANCE,TRADE,64057.1,9e-05
2026-07-30 13:38:32,BTCUSDT,BINANCE,TRADE,64057.1,9e-05
2026-07-30 13:38:32,BTCUSDT,BINANCE,TRADE,64057.1,0.00016
2026-07-30 13:38:32,BTCUSDT,BINANCE,TRADE,64057.1,8e-05
2026-07-30 13:38:32,BTCUSDT,BINANCE,TRADE,64057.1,8e-05
2026-07-30 13:38:32,BTCUSDT,BINANCE,TRADE,64057.1,8e-05
2026-07-30 13:38:32,BTCUSDT,BINANCE,TRADE,64057.1,9e-05
2026-07-30 13:38:32,BTCUSDT,BINANCE,TRADE,64057.1,8e-05
2026-07-30 13:38:32,BTCUSDT,BINANCE,TRADE,64057.1,8e-05
2026-07-30 13:38:32,BTCUSDT,BINANCE,TRADE,64057.1,8e-05
2026-07-30 13:38:32,BTCUSDT,BINANCE,TRADE,64057.1,8e-05
2026-07-30 13:38:32,BTCUSDT,BINANCE,TRADE,64057.1,0.00407
2026-07-30 13:38:32,BTCUSDT,BINANCE,TRADE,64057.1,0.00093
2026-07-30 13:38:32,BTCUSDT,BINANCE,TRADE,64057.1,9e-05
2026-07-30 13:38:32,BTCUSDT,BINANCE,TRADE,64057.1,8e-05
2026-07-30 13:38:32,BTCUSDT,BINANCE,TRADE,64057.1,8e-05
2026-07-30 13:38:32,BTCUSDT,BINANCE,TRADE,64057.1,8e-05
2026-07-30 13:38:32,BTCUSDT,BINANCE,TRADE,64057.1,9e-05
2026-07-30 13:38:32,BTCUSDT,BINANCE,TRADE,64057.1,8e-05
2026-07-30 13:38:32,BTCUSDT,BINANCE,TRADE,64057.1,8e-05
2026-07-30 13:38:32,BTCUSDT,BINANCE,TRADE,64057.1,0.00016
2026-07-30 13:38:32,BTCUSDT,BINANCE,TRADE,64057.1,8e-05
2026-07-30 13:38:32,BTCUSDT,BINANCE,TRADE,64057.1,0.00016
2026-07-30 13:38:32,BTCUSDT,BINANCE,TRADE,64056,9e-05
2026-07-30 13:38:32,BTCUSDT,BINANCE,TRADE,64056,9e-05
2026-07-30 13:38:32,BTCUSDT,BINANCE,TRADE,64056,9e-05
2026-07-30 13:38:32,BTCUSDT,BINANCE,TRADE,64056,0.008
2026-07-30 13:38:32,BTCUSDT,BINANCE,TRADE,64056,0.006
2026-07-30 13:38:32,BTCUSDT,BINANCE,TRADE,64056,0.005
2026-07-30 13:38:32,BTCUSDT,BINANCE,TRADE,64056,0.001
2026-07-30 13:38:32,BTCUSDT,BINANCE,TRADE,64056,0.00021
2026-07-30 13:38:32,BTCUSDT,BINANCE,TRADE,64056,0.004
2026-07-30 13:38:32,BTCUSDT,BINANCE,TRADE,64056,9e-05
2026-07-30 13:38:32,BTCUSDT,BINANCE,TRADE,64056,9e-05
2026-07-30 13:38:32,BTCUSDT,BINANCE,TRADE,64056,8e-05
2026-07-30 13:38:32,BTCUSDT,BINANCE,TRADE,64056,8e-05
2026-07-30 13:38:32,BTCUSDT,BINANCE,TRADE,64056,8e-05
2026-07-30 13:38:32,BTCUSDT,BINANCE,TRADE,64056,8e-05
2026-07-30 13:38:32,BTCUSDT,BINANCE,TRADE,64056,8e-05
2026-07-30 13:38:32,BTCUSDT,BINANCE,TRADE,64056,8e-05
2026-07-30 13:38:32,BTCUSDT,BINANCE,TRADE,64056,8e-05
2026-07-30 13:38:32,BTCUSDT,BINANCE,TRADE,64056,8e-05
2026-07-30 13:38:32,BTCUSDT,BINANCE,TRADE,64056,8e-05
2026-07-30 13:38:32,BTCUSDT,BINANCE,TRADE,64056,8e-05
2026-07-30 13:38:32,BTCUSDT,BINANCE,TRADE,64056,8e-05
2026-07-30 13:38:32,BTCUSDT,BINANCE,TRADE,64056,8e-05
2026-07-30 13:38:32,BTCUSDT,BINANCE,TRADE,64056,8e-05
2026-07-30 13:38:32,BTCUSDT,BINANCE,TRADE,64056,8e-05
2026-07-30 13:38:32,BTCUSDT,BINANCE,TRADE,64056,0.0019
2026-07-30 13:38:32,BTCUSDT,BINANCE,TRADE,64056,8e-05
2026-07-30 13:38:32,BTCUSDT,BINANCE,TRADE,64056,8e-05
2026-07-30 13:38:32,BTCUSDT,BINANCE,TRADE,64056,9e-05
2026-07-30 13:38:32,BTCUSDT,BINANCE,TRADE,64056,8e-05
2026-07-30 13:38:32,BTCUSDT,BINANCE,TRADE,64056,8e-05
2026-07-30 13:38:32,BTCUSDT,BINANCE,TRADE,64056,9e-05
2026-07-30 13:38:32,BTCUSDT,BINANCE,TRADE,64056,8e-05
2026-07-30 13:38:32,BTCUSDT,BINANCE,TRADE,64056,8e-05
2026-07-30 13:38:32,BTCUSDT,BINANCE,TRADE,64056,8e-05
2026-07-30 13:38:32,BTCUSDT,BINANCE,TRADE,64056,0.00024
2026-07-30 13:38:32,BTCUSDT,BINANCE,TRADE,64055.9,8e-05
2026-07-30 13:38:32,BTCUSDT,BINANCE,TRADE,64055.6,9e-05
2026-07-30 13:38:32,BTCUSDT,BINANCE,TRADE,64055.5,8e-05
2026-07-30 13:38:32,BTCUSDT,BINANCE,TRADE,64055.3,8e-05
2026-07-30 13:38:32,BTCUSDT,BINANCE,TRADE,64054,9e-05
2026-07-30 13:38:32,BTCUSDT,BINANCE,TRADE,64054,9e-05
2026-07-30 13:38:32,BTCUSDT,BINANCE,TRADE,64054,9e-05
2026-07-30 13:38:32,BTCUSDT,BINANCE,TRADE,64054,0.0001
2026-07-30 13:38:32,BTCUSDT,BINANCE,TRADE,64054,0.00036
2026-07-30 13:38:32,BTCUSDT,BINANCE,TRADE,64054,0.008
2026-07-30 13:38:32,BTCUSDT,BINANCE,TRADE,64054,0.00164
2026-07-30 13:38:32,BTCUSDT,BINANCE,TRADE,64054,0.002
2026-07-30 13:38:32,BTCUSDT,BINANCE,TRADE,64054,0.0006
2026-07-30 13:38:32,BTCUSDT,BINANCE,TRADE,64054,0.00176
2026-07-30 13:38:32,BTCUSDT,BINANCE,TRADE,64054,0.00333
2026-07-30 13:38:32,BTCUSDT,BINANCE,TRADE,64054,0.00065
2026-07-30 13:38:32,BTCUSDT,BINANCE,TRADE,64054,0.00078
2026-07-30 13:38:32,BTCUSDT,BINANCE,TRADE,64054,0.00017
2026-07-30 13:38:32,BTCUSDT,BINANCE,TRADE,64054,0.00515
2026-07-30 13:38:32,BTCUSDT,BINANCE,TRADE,64054,7e-05
2026-07-30 13:38:32,BTCUSDT,BINANCE,TRADE,64054,0.00024
2026-07-30 13:38:32,BTCUSDT,BINANCE,TRADE,64054,0.00217
2026-07-30 13:38:32,BTCUSDT,BINANCE,TRADE,64054,0.00095
2026-07-30 13:38:33,BTCUSDT,BINANCE,TRADE,64054,9e-05
2026-07-30 13:38:33,BTCUSDT,BINANCE,TRADE,64054,0.00166
2026-07-30 13:38:33,SOLUSDT,BINANCE,TRADE,73.43,0.277
2026-07-30 13:38:33,SOLUSDT,BINANCE,TRADE,73.43,0.072
2026-07-30 13:38:33,SOLUSDT,BINANCE,TRADE,73.43,0.069
2026-07-30 13:38:33,SOLUSDT,BINANCE,TRADE,73.43,0.072
2026-07-30 13:38:33,SOLUSDT,BINANCE,TRADE,73.43,10.916
2026-07-30 13:38:33,SOLUSDT,BINANCE,TRADE,73.43,0.072
2026-07-30 13:38:33,SOLUSDT,BINANCE,TRADE,73.43,10
2026-07-30 13:38:33,SOLUSDT,BINANCE,TRADE,73.43,5
2026-07-30 13:38:33,SOLUSDT,BINANCE,TRADE,73.43,0.072
2026-07-30 13:38:33,SOLUSDT,BINANCE,TRADE,73.43,0.072
2026-07-30 13:38:33,SOLUSDT,BINANCE,TRADE,73.43,0.072
2026-07-30 13:38:33,SOLUSDT,BINANCE,TRADE,73.43,0.072
2026-07-30 13:38:33,SOLUSDT,BINANCE,TRADE,73.43,0.072
2026-07-30 13:38:33,SOLUSDT,BINANCE,TRADE,73.43,0.072
2026-07-30 13:38:33,SOLUSDT,BINANCE,TRADE,73.43,0.34
2026-07-30 13:38:33,ETHUSDT,BINANCE,TRADE,1904.7,0.2683
2026-07-30 13:38:33,ETHUSDT,BINANCE,TRADE,1904.71,0.0187
2026-07-30 13:38:33,BTCUSDT,BINANCE,TRADE,64054,0.00065
2026-07-30 13:38:33,BTCUSDT,BINANCE,TRADE,64054,0.00031
2026-07-30 13:38:33,SOLUSDT,BINANCE,TRADE,73.43,5.162
2026-07-30 13:38:33,SOLUSDT,BINANCE,TRADE,73.43,0.072
2026-07-30 13:38:33,SOLUSDT,BINANCE,TRADE,73.43,0.07
2026-07-30 13:38:33,SOLUSDT,BINANCE,TRADE,73.43,0.072
2026-07-30 13:38:33,SOLUSDT,BINANCE,TRADE,73.43,0.072
2026-07-30 13:38:33,SOLUSDT,BINANCE,TRADE,73.43,0.072
2026-07-30 13:38:33,SOLUSDT,BINANCE,TRADE,73.43,0.072
2026-07-30 13:38:33,SOLUSDT,BINANCE,TRADE,73.43,0.072
2026-07-30 13:38:33,SOLUSDT,BINANCE,TRADE,73.43,0.072
2026-07-30 13:38:33,SOLUSDT,BINANCE,TRADE,73.43,0.072
2026-07-30 13:38:33,SOLUSDT,BINANCE,TRADE,73.43,0.072
2026-07-30 13:38:33,SOLUSDT,BINANCE,TRADE,73.43,0.277
2026-07-30 13:38:33,SOLUSDT,BINANCE,TRADE,73.43,0.072
2026-07-30 13:38:33,SOLUSDT,BINANCE,TRADE,73.43,0.072
2026-07-30 13:38:33,BTCUSDT,BINANCE,TRADE,64054,0.00038
2026-07-30 13:38:33,BTCUSDT,BINANCE,TRADE,64054,0.00059
2026-07-30 13:38:33,BTCUSDT,BINANCE,TRADE,64054,0.00019
2026-07-30 13:38:33,BTCUSDT,BINANCE,TRADE,64054,0.0017
2026-07-30 13:38:33,BTCUSDT,BINANCE,TRADE,64054,9e-05
2026-07-30 13:38:33,BTCUSDT,BINANCE,TRADE,64054,9e-05
2026-07-30 13:38:33,BTCUSDT,BINANCE,TRADE,64054,8e-05
2026-07-30 13:38:33,BTCUSDT,BINANCE,TRADE,64054,8e-05
2026-07-30 13:38:33,BTCUSDT,BINANCE,TRADE,64054,8e-05
2026-07-30 13:38:33,BTCUSDT,BINANCE,TRADE,64054,8e-05
2026-07-30 13:38:33,BTCUSDT,BINANCE,TRADE,64054,8e-05
2026-07-30 13:38:33,BTCUSDT,BINANCE,TRADE,64054,8e-05
2026-07-30 13:38:33,BTCUSDT,BINANCE,TRADE,64054,0.00094
2026-07-30 13:38:33,BTCUSDT,BINANCE,TRADE,64054,8e-05
2026-07-30 13:38:33,BTCUSDT,BINANCE,TRADE,64054,9e-05
2026-07-30 13:38:33,BTCUSDT,BINANCE,TRADE,64054,8e-05
2026-07-30 13:38:33,BTCUSDT,BINANCE,TRADE,64054,0.00166
2026-07-30 13:38:33,ETHUSDT,BINANCE,TRADE,1904.7,0.1
2026-07-30 13:38:33,ETHUSDT,BINANCE,TRADE,1904.7,1.3581
2026-07-30 13:38:33,ETHUSDT,BINANCE,TRADE,1904.7,3.5027
2026-07-30 13:38:33,ETHUSDT,BINANCE,TRADE,1904.7,0.0028
2026-07-30 13:38:33,ETHUSDT,BINANCE,TRADE,1904.7,0.0028
2026-07-30 13:38:33,ETHUSDT,BINANCE,TRADE,1904.7,0.0027
2026-07-30 13:38:33,ETHUSDT,BINANCE,TRADE,1904.7,0.0053
2026-07-30 13:38:33,ETHUSDT,BINANCE,TRADE,1904.7,0.0027
2026-07-30 13:38:33,ETHUSDT,BINANCE,TRADE,1904.7,0.0027
2026-07-30 13:38:33,ETHUSDT,BINANCE,TRADE,1904.7,0.0027
2026-07-30 13:38:33,ETHUSDT,BINANCE,TRADE,1904.7,0.0032
2026-07-30 13:38:33,ETHUSDT,BINANCE,TRADE,1904.7,0.0028
2026-07-30 13:38:33,ETHUSDT,BINANCE,TRADE,1904.7,0.0032
2026-07-30 13:38:33,ETHUSDT,BINANCE,TRADE,1904.7,0.0027
2026-07-30 13:38:33,ETHUSDT,BINANCE,TRADE,1904.7,0.0028
2026-07-30 13:38:33,ETHUSDT,BINANCE,TRADE,1904.69,0.1073
2026-07-30 13:38:33,ETHUSDT,BINANCE,TRADE,1904.69,0.0053
2026-07-30 13:38:33,ETHUSDT,BINANCE,TRADE,1904.69,0.0027
2026-07-30 13:38:33,ETHUSDT,BINANCE,TRADE,1904.69,0.0027
2026-07-30 13:38:33,BTCUSDT,BINANCE,TRADE,64054,0.00026
2026-07-30 13:38:33,BTCUSDT,BINANCE,TRADE,64054,0.00239
2026-07-30 13:38:33,BTCUSDT,BINANCE,TRADE,64054,0.00014
2026-07-30 13:38:33,BTCUSDT,BINANCE,TRADE,64054,0.00834
2026-07-30 13:38:33,BTCUSDT,BINANCE,TRADE,64054,0.03122
2026-07-30 13:38:33,BTCUSDT,BINANCE,TRADE,64054,0.0001
2026-07-30 13:38:33,BTCUSDT,BINANCE,TRADE,64054,0.0078
2026-07-30 13:38:33,BTCUSDT,BINANCE,TRADE,64054,8e-05
2026-07-30 13:38:33,BTCUSDT,BINANCE,TRADE,64054,8e-05
2026-07-30 13:38:33,BTCUSDT,BINANCE,TRADE,64054,8e-05
2026-07-30 13:38:33,BTCUSDT,BINANCE,TRADE,64054,9e-05
2026-07-30 13:38:33,BTCUSDT,BINANCE,TRADE,64054,9e-05
2026-07-30 13:38:33,BTCUSDT,BINANCE,TRADE,64054,8e-05
2026-07-30 13:38:33,BTCUSDT,BINANCE,TRADE,64054,8e-05
2026-07-30 13:38:33,BTCUSDT,BINANCE,TRADE,64054,9e-05
2026-07-30 13:38:33,BTCUSDT,BINANCE,TRADE,64054,8e-05
2026-07-30 13:38:33,BTCUSDT,BINANCE,TRADE,64054,8e-05
2026-07-30 13:38:33,BTCUSDT,BINANCE,TRADE,64054,8e-05
2026-07-30 13:38:33,BTCUSDT,BINANCE,TRADE,64054,8e-05
2026-07-30 13:38:33,BTCUSDT,BINANCE,TRADE,64054,0.00047
2026-07-30 13:38:33,BTCUSDT,BINANCE,TRADE,64054,8e-05
2026-07-30 13:38:33,BTCUSDT,BINANCE,TRADE,64054,9e-05
2026-07-30 13:38:33,BTCUSDT,BINANCE,TRADE,64054,0.00159
2026-07-30 13:38:33,BTCUSDT,BINANCE,TRADE,64054,9e-05
2026-07-30 13:38:33,BTCUSDT,BINANCE,TRADE,64054,9e-05
2026-07-30 13:38:33,BTCUSDT,BINANCE,TRADE,64054,9e-05
2026-07-30 13:38:33,BTCUSDT,BINANCE,TRADE,64054,9e-05
2026-07-30 13:38:33,BTCUSDT,BINANCE,TRADE,64054,8e-05
2026-07-30 13:38:33,BTCUSDT,BINANCE,TRADE,64054,8e-05
2026-07-30 13:38:33,BTCUSDT,BINANCE,TRADE,64054,9e-05
2026-07-30 13:38:33,BTCUSDT,BINANCE,TRADE,64054,8e-05
2026-07-30 13:38:33,BTCUSDT,BINANCE,TRADE,64054,8e-05
2026-07-30 13:38:33,BTCUSDT,BINANCE,TRADE,64054,8e-05
2026-07-30 13:38:33,BTCUSDT,BINANCE,TRADE,64054,8e-05
2026-07-30 13:38:33,BTCUSDT,BINANCE,TRADE,64054,8e-05
2026-07-30 13:38:33,BTCUSDT,BINANCE,TRADE,64054,8e-05
2026-07-30 13:38:33,BTCUSDT,BINANCE,TRADE,64054,9e-05
2026-07-30 13:38:33,BTCUSDT,BINANCE,TRADE,64054,0.01559
2026-07-30 13:38:33,BTCUSDT,BINANCE,TRADE,64054,9e-05
2026-07-30 13:38:33,BTCUSDT,BINANCE,TRADE,64054,9e-05
2026-07-30 13:38:33,BTCUSDT,BINANCE,TRADE,64052.3,9e-05
2026-07-30 13:38:33,BTCUSDT,BINANCE,TRADE,64052.2,8e-05
2026-07-30 13:38:33,BTCUSDT,BINANCE,TRADE,64052.2,8e-05
2026-07-30 13:38:33,BTCUSDT,BINANCE,TRADE,64052,9e-05
2026-07-30 13:38:33,BTCUSDT,BINANCE,TRADE,64052,9e-05
2026-07-30 13:38:33,BTCUSDT,BINANCE,TRADE,64052,9e-05
2026-07-30 13:38:33,BTCUSDT,BINANCE,TRADE,64052,0.00148
2026-07-30 13:38:33,ETHUSDT,BINANCE,TRADE,1904.64,0.003
2026-07-30 13:38:33,ETHUSDT,BINANCE,TRADE,1904.64,0.0027
2026-07-30 13:38:33,ETHUSDT,BINANCE,TRADE,1904.64,0.0027
2026-07-30 13:38:33,ETHUSDT,BINANCE,TRADE,1904.64,0.0032
2026-07-30 13:38:33,ETHUSDT,BINANCE,TRADE,1904.64,0.0032
2026-07-30 13:38:33,ETHUSDT,BINANCE,TRADE,1904.64,0.0027
2026-07-30 13:38:33,ETHUSDT,BINANCE,TRADE,1904.64,0.0027
2026-07-30 13:38:33,ETHUSDT,BINANCE,TRADE,1904.64,0.0027
2026-07-30 13:38:33,ETHUSDT,BINANCE,TRADE,1904.64,0.0027
2026-07-30 13:38:33,ETHUSDT,BINANCE,TRADE,1904.64,0.0032
2026-07-30 13:38:33,ETHUSDT,BINANCE,TRADE,1904.63,0.0027
2026-07-30 13:38:33,ETHUSDT,BINANCE,TRADE,1904.63,0.0027
2026-07-30 13:38:33,ETHUSDT,BINANCE,TRADE,1904.63,0.0027
2026-07-30 13:38:33,ETHUSDT,BINANCE,TRADE,1904.62,0.0028
2026-07-30 13:38:33,ETHUSDT,BINANCE,TRADE,1904.62,0.0028
2026-07-30 13:38:33,ETHUSDT,BINANCE,TRADE,1904.62,0.0027
2026-07-30 13:38:33,ETHUSDT,BINANCE,TRADE,1904.62,0.0028
2026-07-30 13:38:33,BTCUSDT,BINANCE,TRADE,64052,0.00028
2026-07-30 13:38:33,ETHUSDT,BINANCE,TRADE,1904.61,0.6004
2026-07-30 13:38:33,BTCUSDT,BINANCE,TRADE,64052,0.0001
2026-07-30 13:38:33,BTCUSDT,BINANCE,TRADE,64052,0.00314
2026-07-30 13:38:33,BTCUSDT,BINANCE,TRADE,64052,0.00686
2026-07-30 13:38:33,ETHUSDT,BINANCE,TRADE,1904.58,0.0027
2026-07-30 13:38:33,ETHUSDT,BINANCE,TRADE,1904.58,0.0032
2026-07-30 13:38:33,ETHUSDT,BINANCE,TRADE,1904.58,0.0022
2026-07-30 13:38:33,BTCUSDT,BINANCE,TRADE,64052,0.00042
2026-07-30 13:38:33,ETHUSDT,BINANCE,TRADE,1904.58,0.0005
2026-07-30 13:38:33,ETHUSDT,BINANCE,TRADE,1904.58,0.003
2026-07-30 13:38:33,BTCUSDT,BINANCE,TRADE,64052,0.00065
2026-07-30 13:38:33,ETHUSDT,BINANCE,TRADE,1904.58,0.0002
2026-07-30 13:38:33,ETHUSDT,BINANCE,TRADE,1904.58,0.0032
2026-07-30 13:38:33,ETHUSDT,BINANCE,TRADE,1904.58,0.0027
2026-07-30 13:38:33,ETHUSDT,BINANCE,TRADE,1904.58,0.0027
2026-07-30 13:38:33,ETHUSDT,BINANCE,TRADE,1904.58,0.0027
2026-07-30 13:38:33,ETHUSDT,BINANCE,TRADE,1904.58,0.0027
2026-07-30 13:38:33,ETHUSDT,BINANCE,TRADE,1904.58,0.0028
2026-07-30 13:38:33,ETHUSDT,BINANCE,TRADE,1904.58,0.0027
2026-07-30 13:38:33,ETHUSDT,BINANCE,TRADE,1904.58,0.0027
2026-07-30 13:38:33,ETHUSDT,BINANCE,TRADE,1904.58,0.0027
2026-07-30 13:38:33,ETHUSDT,BINANCE,TRADE,1904.58,0.0027
2026-07-30 13:38:33,ETHUSDT,BINANCE,TRADE,1904.58,0.0032
2026-07-30 13:38:33,ETHUSDT,BINANCE,TRADE,1904.58,0.0027
2026-07-30 13:38:33,ETHUSDT,BINANCE,TRADE,1904.58,0.0027
2026-07-30 13:38:33,ETHUSDT,BINANCE,TRADE,1904.58,0.0027
2026-07-30 13:38:33,ETHUSDT,BINANCE,TRADE,1904.58,0.0027
2026-07-30 13:38:33,ETHUSDT,BINANCE,TRADE,1904.57,0.0027
2026-07-30 13:38:33,ETHUSDT,BINANCE,TRADE,1904.57,0.0027
2026-07-30 13:38:33,ETHUSDT,BINANCE,TRADE,1904.57,0.0027
2026-07-30 13:38:33,ETHUSDT,BINANCE,TRADE,1904.57,0.0027
2026-07-30 13:38:33,ETHUSDT,BINANCE,TRADE,1904.57,0.0027
2026-07-30 13:38:33,ETHUSDT,BINANCE,TRADE,1904.57,0.0027
2026-07-30 13:38:33,ETHUSDT,BINANCE,TRADE,1904.54,0.0027
2026-07-30 13:38:33,ETHUSDT,BINANCE,TRADE,1904.54,0.0027
2026-07-30 13:38:33,ETHUSDT,BINANCE,TRADE,1904.52,0.003
2026-07-30 13:38:33,ETHUSDT,BINANCE,TRADE,1904.51,0.0028
2026-07-30 13:38:33,ETHUSDT,BINANCE,TRADE,1904.51,0.0028
2026-07-30 13:38:33,ETHUSDT,BINANCE,TRADE,1904.51,0.0028
2026-07-30 13:38:33,ETHUSDT,BINANCE,TRADE,1904.5,0.1394
2026-07-30 13:38:33,ETHUSDT,BINANCE,TRADE,1904.5,0.2934
2026-07-30 13:38:33,ETHUSDT,BINANCE,TRADE,1904.5,0.0027
2026-07-30 13:38:33,ETHUSDT,BINANCE,TRADE,1904.5,0.0027
2026-07-30 13:38:33,ETHUSDT,BINANCE,TRADE,1904.5,0.0027
2026-07-30 13:38:33,ETHUSDT,BINANCE,TRADE,1904.5,0.0032
2026-07-30 13:38:33,ETHUSDT,BINANCE,TRADE,1904.5,0.0032
2026-07-30 13:38:33,ETHUSDT,BINANCE,TRADE,1904.5,0.0032
2026-07-30 13:38:33,ETHUSDT,BINANCE,TRADE,1904.5,0.0027
2026-07-30 13:38:33,ETHUSDT,BINANCE,TRADE,1904.5,0.0027
2026-07-30 13:38:33,ETHUSDT,BINANCE,TRADE,1904.5,0.0027
2026-07-30 13:38:33,ETHUSDT,BINANCE,TRADE,1904.49,0.0027
2026-07-30 13:38:33,ETHUSDT,BINANCE,TRADE,1904.49,0.0027
2026-07-30 13:38:33,ETHUSDT,BINANCE,TRADE,1904.49,0.0027
2026-07-30 13:38:33,ETHUSDT,BINANCE,TRADE,1904.49,0.0027
2026-07-30 13:38:33,ETHUSDT,BINANCE,TRADE,1904.49,0.0032
2026-07-30 13:38:33,ETHUSDT,BINANCE,TRADE,1904.49,0.0027
2026-07-30 13:38:33,ETHUSDT,BINANCE,TRADE,1904.49,0.0027
2026-07-30 13:38:33,ETHUSDT,BINANCE,TRADE,1904.49,0.0027
2026-07-30 13:38:33,ETHUSDT,BINANCE,TRADE,1904.49,0.0027
2026-07-30 13:38:33,ETHUSDT,BINANCE,TRADE,1904.49,0.0032
2026-07-30 13:38:33,ETHUSDT,BINANCE,TRADE,1904.49,0.0032
2026-07-30 13:38:33,BTCUSDT,BINANCE,TRADE,64052,7e-05
2026-07-30 13:38:33,BTCUSDT,BINANCE,TRADE,64052,0.006
2026-07-30 13:38:33,BTCUSDT,BINANCE,TRADE,64052,0.005
2026-07-30 13:38:33,BTCUSDT,BINANCE,TRADE,64052,9e-05
2026-07-30 13:38:33,BTCUSDT,BINANCE,TRADE,64052,9e-05
2026-07-30 13:38:33,BTCUSDT,BINANCE,TRADE,64052,8e-05
2026-07-30 13:38:33,BTCUSDT,BINANCE,TRADE,64052,8e-05
2026-07-30 13:38:33,BTCUSDT,BINANCE,TRADE,64052,8e-05
2026-07-30 13:38:33,BTCUSDT,BINANCE,TRADE,64052,8e-05
2026-07-30 13:38:33,BTCUSDT,BINANCE,TRADE,64052,0.00024
2026-07-30 13:38:33,BTCUSDT,BINANCE,TRADE,64052,8e-05
2026-07-30 13:38:33,BTCUSDT,BINANCE,TRADE,64052,8e-05
2026-07-30 13:38:33,BTCUSDT,BINANCE,TRADE,64052,8e-05
2026-07-30 13:38:33,BTCUSDT,BINANCE,TRADE,64052,8e-05
2026-07-30 13:38:33,BTCUSDT,BINANCE,TRADE,64052,8e-05
2026-07-30 13:38:33,BTCUSDT,BINANCE,TRADE,64052,8e-05
2026-07-30 13:38:33,BTCUSDT,BINANCE,TRADE,64052,9e-05
2026-07-30 13:38:33,BTCUSDT,BINANCE,TRADE,64052,0.0078
2026-07-30 13:38:33,BTCUSDT,BINANCE,TRADE,64052,8e-05
2026-07-30 13:38:33,BTCUSDT,BINANCE,TRADE,64052,8e-05
2026-07-30 13:38:33,BTCUSDT,BINANCE,TRADE,64052,9e-05
2026-07-30 13:38:33,BTCUSDT,BINANCE,TRADE,64052,8e-05
2026-07-30 13:38:33,BTCUSDT,BINANCE,TRADE,64052,9e-05
2026-07-30 13:38:33,BTCUSDT,BINANCE,TRADE,64052,8e-05
2026-07-30 13:38:33,BTCUSDT,BINANCE,TRADE,64052,8e-05
2026-07-30 13:38:33,BTCUSDT,BINANCE,TRADE,64052,8e-05
2026-07-30 13:38:33,BTCUSDT,BINANCE,TRADE,64052,8e-05
2026-07-30 13:38:33,BTCUSDT,BINANCE,TRADE,64051.8,8e-05
2026-07-30 13:38:33,BTCUSDT,BINANCE,TRADE,64051.4,9e-05
2026-07-30 13:38:33,BTCUSDT,BINANCE,TRADE,64051.4,9e-05
2026-07-30 13:38:33,BTCUSDT,BINANCE,TRADE,64051.4,9e-05
2026-07-30 13:38:33,BTCUSDT,BINANCE,TRADE,64051.4,9e-05
2026-07-30 13:38:33,BTCUSDT,BINANCE,TRADE,64051.4,9e-05
2026-07-30 13:38:33,BTCUSDT,BINANCE,TRADE,64051.4,0.01
2026-07-30 13:38:33,ETHUSDT,BINANCE,TRADE,1904.48,0.0027
2026-07-30 13:38:33,ETHUSDT,BINANCE,TRADE,1904.48,0.0027
2026-07-30 13:38:33,ETHUSDT,BINANCE,TRADE,1904.48,0.0027
2026-07-30 13:38:33,ETHUSDT,BINANCE,TRADE,1904.48,0.0027
2026-07-30 13:38:33,ETHUSDT,BINANCE,TRADE,1904.48,0.0027
2026-07-30 13:38:33,ETHUSDT,BINANCE,TRADE,1904.48,0.0027
2026-07-30 13:38:33,ETHUSDT,BINANCE,TRADE,1904.48,0.0027
2026-07-30 13:38:33,ETHUSDT,BINANCE,TRADE,1904.48,0.0027
2026-07-30 13:38:33,ETHUSDT,BINANCE,TRADE,1904.48,0.0032
2026-07-30 13:38:33,ETHUSDT,BINANCE,TRADE,1904.48,0.0032
2026-07-30 13:38:33,ETHUSDT,BINANCE,TRADE,1904.48,0.0032
2026-07-30 13:38:33,ETHUSDT,BINANCE,TRADE,1904.47,0.004
2026-07-30 13:38:33,ETHUSDT,BINANCE,TRADE,1904.47,0.0027
2026-07-30 13:38:33,ETHUSDT,BINANCE,TRADE,1904.47,0.0027
2026-07-30 13:38:33,ETHUSDT,BINANCE,TRADE,1904.47,0.0027
2026-07-30 13:38:33,BTCUSDT,BINANCE,TRADE,64051.4,8e-05
2026-07-30 13:38:33,BTCUSDT,BINANCE,TRADE,64051.4,8e-05
2026-07-30 13:38:33,BTCUSDT,BINANCE,TRADE,64051.4,8e-05
2026-07-30 13:38:33,BTCUSDT,BINANCE,TRADE,64051.4,0.00012
2026-07-30 13:38:33,BTCUSDT,BINANCE,TRADE,64051.4,8e-05
2026-07-30 13:38:33,BTCUSDT,BINANCE,TRADE,64051.4,8e-05
2026-07-30 13:38:33,BTCUSDT,BINANCE,TRADE,64051.4,8e-05
2026-07-30 13:38:33,BTCUSDT,BINANCE,TRADE,64051.4,8e-05
2026-07-30 13:38:33,BTCUSDT,BINANCE,TRADE,64051.4,8e-05
2026-07-30 13:38:33,BTCUSDT,BINANCE,TRADE,64051.4,8e-05
2026-07-30 13:38:33,BTCUSDT,BINANCE,TRADE,64051.4,8e-05
2026-07-30 13:38:33,BTCUSDT,BINANCE,TRADE,64051.4,0.00788
2026-07-30 13:38:33,BTCUSDT,BINANCE,TRADE,64051.4,8e-05
2026-07-30 13:38:33,BTCUSDT,BINANCE,TRADE,64051.4,8e-05
2026-07-30 13:38:33,BTCUSDT,BINANCE,TRADE,64051.4,8e-05
2026-07-30 13:38:33,BTCUSDT,BINANCE,TRADE,64051.4,9e-05
2026-07-30 13:38:33,BTCUSDT,BINANCE,TRADE,64051.4,8e-05
2026-07-30 13:38:33,BTCUSDT,BINANCE,TRADE,64051.4,8e-05
2026-07-30 13:38:33,BTCUSDT,BINANCE,TRADE,64051.4,8e-05
2026-07-30 13:38:33,BTCUSDT,BINANCE,TRADE,64051.4,9e-05
2026-07-30 13:38:33,BTCUSDT,BINANCE,TRADE,64051.4,8e-05
2026-07-30 13:38:33,BTCUSDT,BINANCE,TRADE,64051.2,9e-05
2026-07-30 13:38:33,BTCUSDT,BINANCE,TRADE,64050,9e-05
2026-07-30 13:38:33,BTCUSDT,BINANCE,TRADE,64050,9e-05
2026-07-30 13:38:33,BTCUSDT,BINANCE,TRADE,64050,9e-05
2026-07-30 13:38:33,BTCUSDT,BINANCE,TRADE,64050,9e-05
2026-07-30 13:38:33,BTCUSDT,BINANCE,TRADE,64050,9e-05
2026-07-30 13:38:33,BTCUSDT,BINANCE,TRADE,64050,0.005
2026-07-30 13:38:33,BTCUSDT,BINANCE,TRADE,64050,0.005
2026-07-30 13:38:33,BTCUSDT,BINANCE,TRADE,64050,0.008
2026-07-30 13:38:33,BTCUSDT,BINANCE,TRADE,64050,0.006
2026-07-30 13:38:33,BTCUSDT,BINANCE,TRADE,64050,0.01
2026-07-30 13:38:33,BTCUSDT,BINANCE,TRADE,64050,9e-05
2026-07-30 13:38:33,BTCUSDT,BINANCE,TRADE,64050,9e-05
2026-07-30 13:38:33,BTCUSDT,BINANCE,TRADE,64049.5,0.00012
2026-07-30 13:38:33,BTCUSDT,BINANCE,TRADE,64049.4,0.00024
2026-07-30 13:38:33,BTCUSDT,BINANCE,TRADE,64049.3,0.00047
2026-07-30 13:38:33,BTCUSDT,BINANCE,TRADE,64049,8e-05
2026-07-30 13:38:33,BTCUSDT,BINANCE,TRADE,64048.8,8e-05
2026-07-30 13:38:33,BTCUSDT,BINANCE,TRADE,64048.8,0.00188
2026-07-30 13:38:33,BTCUSDT,BINANCE,TRADE,64048.7,0.0001
2026-07-30 13:38:33,BTCUSDT,BINANCE,TRADE,64048,9e-05
2026-07-30 13:38:33,BTCUSDT,BINANCE,TRADE,64048,9e-05
2026-07-30 13:38:33,BTCUSDT,BINANCE,TRADE,64048,9e-05
2026-07-30 13:38:33,BTCUSDT,BINANCE,TRADE,64048,0.008
2026-07-30 13:38:33,BTCUSDT,BINANCE,TRADE,64048,0.006
2026-07-30 13:38:33,BTCUSDT,BINANCE,TRADE,64048,0.005
2026-07-30 13:38:33,BTCUSDT,BINANCE,TRADE,64048,0.005
2026-07-30 13:38:33,BTCUSDT,BINANCE,TRADE,64048,9e-05
2026-07-30 13:38:33,BTCUSDT,BINANCE,TRADE,64048,9e-05
2026-07-30 13:38:33,BTCUSDT,BINANCE,TRADE,64047.3,0.00039
2026-07-30 13:38:33,BTCUSDT,BINANCE,TRADE,64046.9,8e-05
2026-07-30 13:38:33,BTCUSDT,BINANCE,TRADE,64046.6,8e-05
2026-07-30 13:38:33,BTCUSDT,BINANCE,TRADE,64046.5,0.00022
2026-07-30 13:38:33,BTCUSDT,BINANCE,TRADE,64046.3,8e-05
2026-07-30 13:38:33,BTCUSDT,BINANCE,TRADE,64046,9e-05
2026-07-30 13:38:33,BTCUSDT,BINANCE,TRADE,64046,9e-05
2026-07-30 13:38:33,BTCUSDT,BINANCE,TRADE,64046,9e-05
2026-07-30 13:38:33,ETHUSDT,BINANCE,TRADE,1904.41,0.0027
2026-07-30 13:38:33,ETHUSDT,BINANCE,TRADE,1904.41,0.0027
2026-07-30 13:38:33,ETHUSDT,BINANCE,TRADE,1904.41,0.0032
2026-07-30 13:38:33,ETHUSDT,BINANCE,TRADE,1904.41,0.0032
2026-07-30 13:38:33,ETHUSDT,BINANCE,TRADE,1904.41,0.0032
2026-07-30 13:38:33,ETHUSDT,BINANCE,TRADE,1904.41,0.0027
2026-07-30 13:38:33,ETHUSDT,BINANCE,TRADE,1904.41,0.0027
2026-07-30 13:38:33,ETHUSDT,BINANCE,TRADE,1904.4,0.0027
2026-07-30 13:38:33,ETHUSDT,BINANCE,TRADE,1904.4,0.0032
2026-07-30 13:38:33,ETHUSDT,BINANCE,TRADE,1904.4,0.0027
2026-07-30 13:38:33,ETHUSDT,BINANCE,TRADE,1904.4,0.0027
2026-07-30 13:38:33,ETHUSDT,BINANCE,TRADE,1904.4,0.0027
2026-07-30 13:38:33,ETHUSDT,BINANCE,TRADE,1904.4,0.0032
2026-07-30 13:38:33,ETHUSDT,BINANCE,TRADE,1904.4,0.0032
2026-07-30 13:38:33,ETHUSDT,BINANCE,TRADE,1904.4,0.0027
2026-07-30 13:38:33,ETHUSDT,BINANCE,TRADE,1904.39,0.0027
2026-07-30 13:38:33,ETHUSDT,BINANCE,TRADE,1904.39,0.0027
2026-07-30 13:38:33,ETHUSDT,BINANCE,TRADE,1904.38,0.0027
2026-07-30 13:38:33,ETHUSDT,BINANCE,TRADE,1904.37,0.0027
2026-07-30 13:38:33,BTCUSDT,BINANCE,TRADE,64046,0.008
2026-07-30 13:38:33,BTCUSDT,BINANCE,TRADE,64046,0.002
2026-07-30 13:38:33,SOLUSDT,BINANCE,TRADE,73.42,0.072
2026-07-30 13:38:33,SOLUSDT,BINANCE,TRADE,73.42,0.137
2026-07-30 13:38:33,SOLUSDT,BINANCE,TRADE,73.42,0.277
2026-07-30 13:38:33,SOLUSDT,BINANCE,TRADE,73.42,0.069
2026-07-30 13:38:33,SOLUSDT,BINANCE,TRADE,73.42,0.075
2026-07-30 13:38:33,SOLUSDT,BINANCE,TRADE,73.42,0.072
2026-07-30 13:38:33,SOLUSDT,BINANCE,TRADE,73.42,0.072
2026-07-30 13:38:33,SOLUSDT,BINANCE,TRADE,73.42,0.072
2026-07-30 13:38:33,SOLUSDT,BINANCE,TRADE,73.42,0.072
2026-07-30 13:38:33,SOLUSDT,BINANCE,TRADE,73.42,0.072
2026-07-30 13:38:33,SOLUSDT,BINANCE,TRADE,73.42,0.072
2026-07-30 13:38:33,SOLUSDT,BINANCE,TRADE,73.42,0.072
2026-07-30 13:38:33,SOLUSDT,BINANCE,TRADE,73.42,0.072
2026-07-30 13:38:33,SOLUSDT,BINANCE,TRADE,73.42,0.072
2026-07-30 13:38:33,SOLUSDT,BINANCE,TRADE,73.42,5.827
2026-07-30 13:38:33,SOLUSDT,BINANCE,TRADE,73.42,0.07
2026-07-30 13:38:33,SOLUSDT,BINANCE,TRADE,73.42,0.072
2026-07-30 13:38:33,SOLUSDT,BINANCE,TRADE,73.42,0.072
2026-07-30 13:38:33,SOLUSDT,BINANCE,TRADE,73.42,0.072
2026-07-30 13:38:33,ETHUSDT,BINANCE,TRADE,1904.32,0.0284
2026-07-30 13:38:33,BTCUSDT,BINANCE,TRADE,64046,0.0001
2026-07-30 13:38:33,BTCUSDT,BINANCE,TRADE,64046,0.00019
2026-07-30 13:38:33,ETHUSDT,BINANCE,TRADE,1904.31,0.0027
2026-07-30 13:38:33,ETHUSDT,BINANCE,TRADE,1904.31,0.0028
2026-07-30 13:38:33,ETHUSDT,BINANCE,TRADE,1904.31,0.0027
2026-07-30 13:38:33,ETHUSDT,BINANCE,TRADE,1904.31,0.0027
2026-07-30 13:38:33,ETHUSDT,BINANCE,TRADE,1904.31,0.0027
2026-07-30 13:38:33,ETHUSDT,BINANCE,TRADE,1904.31,0.0027
2026-07-30 13:38:33,ETHUSDT,BINANCE,TRADE,1904.31,0.0032
2026-07-30 13:38:33,ETHUSDT,BINANCE,TRADE,1904.31,0.0032
2026-07-30 13:38:33,ETHUSDT,BINANCE,TRADE,1904.31,0.0032
2026-07-30 13:38:33,ETHUSDT,BINANCE,TRADE,1904.3,0.0027
2026-07-30 13:38:33,BTCUSDT,BINANCE,TRADE,64046,0.00031
2026-07-30 13:38:33,ETHUSDT,BINANCE,TRADE,1904.28,0.003
2026-07-30 13:38:33,ETHUSDT,BINANCE,TRADE,1904.28,0.0027
2026-07-30 13:38:33,ETHUSDT,BINANCE,TRADE,1904.28,0.0032
2026-07-30 13:38:33,ETHUSDT,BINANCE,TRADE,1904.28,0.0032
2026-07-30 13:38:33,ETHUSDT,BINANCE,TRADE,1904.28,0.0027
2026-07-30 13:38:33,ETHUSDT,BINANCE,TRADE,1904.28,0.0032
2026-07-30 13:38:33,ETHUSDT,BINANCE,TRADE,1904.28,0.0028
2026-07-30 13:38:33,ETHUSDT,BINANCE,TRADE,1904.28,0.0673
2026-07-30 13:38:33,ETHUSDT,BINANCE,TRADE,1904.28,0.3833
2026-07-30 13:38:33,BTCUSDT,BINANCE,TRADE,64046,0.00127
2026-07-30 13:38:33,ETHUSDT,BINANCE,TRADE,1904.29,0.0082
2026-07-30 13:38:33,BTCUSDT,BINANCE,TRADE,64046,0.00019
2026-07-30 13:38:33,BTCUSDT,BINANCE,TRADE,64046,0.00152
2026-07-30 13:38:33,BTCUSDT,BINANCE,TRADE,64046,0.00065
2026-07-30 13:38:33,BTCUSDT,BINANCE,TRADE,64046,0.0003
2026-07-30 13:38:33,BTCUSDT,BINANCE,TRADE,64046,0.01101
2026-07-30 13:38:33,BTCUSDT,BINANCE,TRADE,64046,0.00275
2026-07-30 13:38:33,BTCUSDT,BINANCE,TRADE,64046,0.00092
2026-07-30 13:38:33,BTCUSDT,BINANCE,TRADE,64046,0.00408
2026-07-30 13:38:33,BTCUSDT,BINANCE,TRADE,64046,0.0017
2026-07-30 13:38:33,BTCUSDT,BINANCE,TRADE,64046,0.00021
2026-07-30 13:38:33,BTCUSDT,BINANCE,TRADE,64046,0.01
2026-07-30 13:38:33,BTCUSDT,BINANCE,TRADE,64046,0.00901
2026-07-30 13:38:33,BTCUSDT,BINANCE,TRADE,64046,0.00028
2026-07-30 13:38:33,BTCUSDT,BINANCE,TRADE,64046,0.00065
2026-07-30 13:38:33,SOLUSDT,BINANCE,TRADE,73.41,27.24
2026-07-30 13:38:33,BTCUSDT,BINANCE,TRADE,64046,6e-05
2026-07-30 13:38:33,BTCUSDT,BINANCE,TRADE,64046,0.00023
2026-07-30 13:38:33,BTCUSDT,BINANCE,TRADE,64046,0.00297
2026-07-30 13:38:34,BTCUSDT,BINANCE,TRADE,64046,0.00023
2026-07-30 13:38:34,BTCUSDT,BINANCE,TRADE,64046,0.00157
2026-07-30 13:38:34,BTCUSDT,BINANCE,TRADE,64046,0.00078
2026-07-30 13:38:34,BTCUSDT,BINANCE,TRADE,64046,0.00312
2026-07-30 13:38:34,BTCUSDT,BINANCE,TRADE,64046,0.00065
2026-07-30 13:38:34,BTCUSDT,BINANCE,TRADE,64046,0.00023
2026-07-30 13:38:34,BTCUSDT,BINANCE,TRADE,64046,3e-05
2026-07-30 13:38:34,BTCUSDT,BINANCE,TRADE,64046,0.01
2026-07-30 13:38:34,BTCUSDT,BINANCE,TRADE,64046,0.00014
2026-07-30 13:38:34,BTCUSDT,BINANCE,TRADE,64046,0.00163
2026-07-30 13:38:34,BTCUSDT,BINANCE,TRADE,64046,0.00017
2026-07-30 13:38:34,ETHUSDT,BINANCE,TRADE,1904.29,0.2332
2026-07-30 13:38:34,BTCUSDT,BINANCE,TRADE,64046,0.01873
2026-07-30 13:38:34,BTCUSDT,BINANCE,TRADE,64046,0.00065
2026-07-30 13:38:34,BTCUSDT,BINANCE,TRADE,64046,0.00031
2026-07-30 13:38:34,BTCUSDT,BINANCE,TRADE,64046,0.00012
2026-07-30 13:38:34,BTCUSDT,BINANCE,TRADE,64046,0.00026
2026-07-30 13:38:34,BTCUSDT,BINANCE,TRADE,64046,0.00038
2026-07-30 13:38:34,BTCUSDT,BINANCE,TRADE,64046,0.00126
2026-07-30 13:38:34,BTCUSDT,BINANCE,TRADE,64046,0.00016
2026-07-30 13:38:34,BTCUSDT,BINANCE,TRADE,64046,0.00031
2026-07-30 13:38:34,BTCUSDT,BINANCE,TRADE,64046,0.00047
2026-07-30 13:38:34,BTCUSDT,BINANCE,TRADE,64046,0.00031
2026-07-30 13:38:34,BTCUSDT,BINANCE,TRADE,64046,0.00312
2026-07-30 13:38:34,BTCUSDT,BINANCE,TRADE,64046,0.00014
2026-07-30 13:38:34,BTCUSDT,BINANCE,TRADE,64046,0.00028
2026-07-30 13:38:34,ETHUSDT,BINANCE,TRADE,1904.29,0.0603
2026-07-30 13:38:34,BTCUSDT,BINANCE,TRADE,64046,0.00028
2026-07-30 13:38:34,BTCUSDT,BINANCE,TRADE,64046,0.00065
2026-07-30 13:38:34,BTCUSDT,BINANCE,TRADE,64046,0.00166
2026-07-30 13:38:34,BTCUSDT,BINANCE,TRADE,64046,0.00019
2026-07-30 13:38:34,ETHUSDT,BINANCE,TRADE,1904.29,0.0181
2026-07-30 13:38:34,BTCUSDT,BINANCE,TRADE,64046,0.00066
2026-07-30 13:38:34,BTCUSDT,BINANCE,TRADE,64046,0.00021
2026-07-30 13:38:34,BTCUSDT,BINANCE,TRADE,64046,0.00065
2026-07-30 13:38:35,BTCUSDT,BINANCE,TRADE,64046,0.00515
2026-07-30 13:38:35,ETHUSDT,BINANCE,TRADE,1904.29,0.0548
2026-07-30 13:38:35,ETHUSDT,BINANCE,TRADE,1904.28,0.0032
2026-07-30 13:38:35,ETHUSDT,BINANCE,TRADE,1904.28,0.0028
2026-07-30 13:38:35,ETHUSDT,BINANCE,TRADE,1904.28,0.0027
2026-07-30 13:38:35,ETHUSDT,BINANCE,TRADE,1904.28,0.1836
2026-07-30 13:38:35,BTCUSDT,BINANCE,TRADE,64046,0.00239
2026-07-30 13:38:35,BTCUSDT,BINANCE,TRADE,64046,0.00209
2026-07-30 13:38:35,BTCUSDT,BINANCE,TRADE,64046,0.00017
2026-07-30 13:38:35,BTCUSDT,BINANCE,TRADE,64046,0.00024
2026-07-30 13:38:35,BTCUSDT,BINANCE,TRADE,64046,0.01
2026-07-30 13:38:35,BTCUSDT,BINANCE,TRADE,64046,0.00127
2026-07-30 13:38:35,BTCUSDT,BINANCE,TRADE,64046,9e-05
2026-07-30 13:38:35,SOLUSDT,BINANCE,TRADE,73.42,5.44
2026-07-30 13:38:35,ETHUSDT,BINANCE,TRADE,1904.29,0.0053
2026-07-30 13:38:35,BTCUSDT,BINANCE,TRADE,64046,0.00031
2026-07-30 13:38:35,BTCUSDT,BINANCE,TRADE,64046,0.00019
2026-07-30 13:38:35,BTCUSDT,BINANCE,TRADE,64046,0.00275
2026-07-30 13:38:35,BTCUSDT,BINANCE,TRADE,64046,0.0006
2026-07-30 13:38:35,BTCUSDT,BINANCE,TRADE,64046,0.00065
2026-07-30 13:38:35,BTCUSDT,BINANCE,TRADE,64046,0.00097
2026-07-30 13:38:35,BTCUSDT,BINANCE,TRADE,64046,0.00019
2026-07-30 13:38:35,BTCUSDT,BINANCE,TRADE,64046,0.00071
2026-07-30 13:38:35,BTCUSDT,BINANCE,TRADE,64046,0.00031
2026-07-30 13:38:35,BTCUSDT,BINANCE,TRADE,64046,0.00494
2026-07-30 13:38:35,BTCUSDT,BINANCE,TRADE,64046,0.0018
2026-07-30 13:38:35,BTCUSDT,BINANCE,TRADE,64046,0.00312
2026-07-30 13:38:35,ETHUSDT,BINANCE,TRADE,1904.29,0.0261
2026-07-30 13:38:35,BTCUSDT,BINANCE,TRADE,64046,0.00028
2026-07-30 13:38:35,BTCUSDT,BINANCE,TRADE,64046,0.00031
2026-07-30 13:38:35,BTCUSDT,BINANCE,TRADE,64046,0.00065
2026-07-30 13:38:35,BTCUSDT,BINANCE,TRADE,64046,0.00521
2026-07-30 13:38:35,BTCUSDT,BINANCE,TRADE,64046,0.00019
2026-07-30 13:38:35,BTCUSDT,BINANCE,TRADE,64046,0.00026
2026-07-30 13:38:35,BTCUSDT,BINANCE,TRADE,64046,0.00031
2026-07-30 13:38:35,BTCUSDT,BINANCE,TRADE,64046,0.01
2026-07-30 13:38:35,BTCUSDT,BINANCE,TRADE,64046,0.00014
2026-07-30 13:38:35,BTCUSDT,BINANCE,TRADE,64046,0.01216
2026-07-30 13:38:35,BTCUSDT,BINANCE,TRADE,64046,0.00509
2026-07-30 13:38:35,BTCUSDT,BINANCE,TRADE,64046,0.00157
2026-07-30 13:38:35,BTCUSDT,BINANCE,TRADE,64046,0.00156
2026-07-30 13:38:35,BTCUSDT,BINANCE,TRADE,64046,0.002
2026-07-30 13:38:35,BTCUSDT,BINANCE,TRADE,64046,0.00138
2026-07-30 13:38:35,BTCUSDT,BINANCE,TRADE,64046,0.00065
2026-07-30 13:38:35,ETHUSDT,BINANCE,TRADE,1904.28,0.0603
2026-07-30 13:38:35,BTCUSDT,BINANCE,TRADE,64046,0.00275
2026-07-30 13:38:36,ETHUSDT,BINANCE,TRADE,1904.28,0.0082
2026-07-30 13:38:36,BTCUSDT,BINANCE,TRADE,64046,0.00048
2026-07-30 13:38:36,BTCUSDT,BINANCE,TRADE,64046,0.00129
2026-07-30 13:38:36,BTCUSDT,BINANCE,TRADE,64046,0.00782
2026-07-30 13:38:36,BTCUSDT,BINANCE,TRADE,64046,0.00021
2026-07-30 13:38:36,BTCUSDT,BINANCE,TRADE,64046,0.00182
2026-07-30 13:38:36,ETHUSDT,BINANCE,TRADE,1904.29,0.0105
2026-07-30 13:38:36,BTCUSDT,BINANCE,TRADE,64046,0.00064
2026-07-30 13:38:36,BTCUSDT,BINANCE,TRADE,64046,0.00078
2026-07-30 13:38:36,BTCUSDT,BINANCE,TRADE,64046,0.00901
2026-07-30 13:38:36,BTCUSDT,BINANCE,TRADE,64046,0.00038
2026-07-30 13:38:36,BTCUSDT,BINANCE,TRADE,64046,0.00028
2026-07-30 13:38:36,BTCUSDT,BINANCE,TRADE,64046,0.00065
2026-07-30 13:38:36,BTCUSDT,BINANCE,TRADE,64046,0.07793
2026-07-30 13:38:36,ETHUSDT,BINANCE,TRADE,1904.28,0.0284
2026-07-30 13:38:36,BTCUSDT,BINANCE,TRADE,64046,0.00312
2026-07-30 13:38:36,BTCUSDT,BINANCE,TRADE,64046,0.002
2026-07-30 13:38:36,BTCUSDT,BINANCE,TRADE,64046,0.002
2026-07-30 13:38:36,BTCUSDT,BINANCE,TRADE,64046,0.00023
2026-07-30 13:38:36,BTCUSDT,BINANCE,TRADE,64046,0.00275
2026-07-30 13:38:36,BTCUSDT,BINANCE,TRADE,64046,0.0003
2026-07-30 13:38:36,BTCUSDT,BINANCE,TRADE,64046,0.01205
2026-07-30 13:38:36,BTCUSDT,BINANCE,TRADE,64046,9e-05
2026-07-30 13:38:36,BTCUSDT,BINANCE,TRADE,64046,0.00026
2026-07-30 13:38:36,ETHUSDT,BINANCE,TRADE,1904.29,0.1724
2026-07-30 13:38:36,BTCUSDT,BINANCE,TRADE,64046,0.00014
2026-07-30 13:38:36,BTCUSDT,BINANCE,TRADE,64046,0.00065
2026-07-30 13:38:36,BTCUSDT,BINANCE,TRADE,64046,0.00012
2026-07-30 13:38:36,BTCUSDT,BINANCE,TRADE,64046,0.002
2026-07-30 13:38:36,BTCUSDT,BINANCE,TRADE,64046,0.00152
2026-07-30 13:38:36,BTCUSDT,BINANCE,TRADE,64046,0.00017
2026-07-30 13:38:36,BTCUSDT,BINANCE,TRADE,64046,0.00031
2026-07-30 13:38:36,BTCUSDT,BINANCE,TRADE,64046,0.00066
2026-07-30 13:38:36,BTCUSDT,BINANCE,TRADE,64046,0.00127
2026-07-30 13:38:36,ETHUSDT,BINANCE,TRADE,1904.28,0.0027
2026-07-30 13:38:36,ETHUSDT,BINANCE,TRADE,1904.28,0.0027
2026-07-30 13:38:36,ETHUSDT,BINANCE,TRADE,1904.28,0.0053
2026-07-30 13:38:36,ETHUSDT,BINANCE,TRADE,1904.28,0.0053
2026-07-30 13:38:36,ETHUSDT,BINANCE,TRADE,1904.28,0.0021
2026-07-30 13:38:36,BTCUSDT,BINANCE,TRADE,64046,0.00026
2026-07-30 13:38:36,BTCUSDT,BINANCE,TRADE,64046,0.00065
2026-07-30 13:38:36,BTCUSDT,BINANCE,TRADE,64046,0.00031
2026-07-30 13:38:36,ETHUSDT,BINANCE,TRADE,1904.29,0.0262
2026-07-30 13:38:36,ETHUSDT,BINANCE,TRADE,1904.28,0.0006
2026-07-30 13:38:36,ETHUSDT,BINANCE,TRADE,1904.28,0.0027
2026-07-30 13:38:36,ETHUSDT,BINANCE,TRADE,1904.28,0.0028
2026-07-30 13:38:36,ETHUSDT,BINANCE,TRADE,1904.28,0.0027
2026-07-30 13:38:36,ETHUSDT,BINANCE,TRADE,1904.28,0.0027
2026-07-30 13:38:36,ETHUSDT,BINANCE,TRADE,1904.28,0.0032
2026-07-30 13:38:36,ETHUSDT,BINANCE,TRADE,1904.28,0.0032
2026-07-30 13:38:36,ETHUSDT,BINANCE,TRADE,1904.28,0.0032
2026-07-30 13:38:36,ETHUSDT,BINANCE,TRADE,1904.28,0.0053
2026-07-30 13:38:36,ETHUSDT,BINANCE,TRADE,1904.27,0.0053
2026-07-30 13:38:36,ETHUSDT,BINANCE,TRADE,1904.27,0.0027
2026-07-30 13:38:36,ETHUSDT,BINANCE,TRADE,1904.26,0.0053
2026-07-30 13:38:36,ETHUSDT,BINANCE,TRADE,1904.22,0.0027
2026-07-30 13:38:36,ETHUSDT,BINANCE,TRADE,1904.19,0.0032
2026-07-30 13:38:36,BTCUSDT,BINANCE,TRADE,64046,0.00059
2026-07-30 13:38:36,BTCUSDT,BINANCE,TRADE,64046,0.0001
2026-07-30 13:38:36,BTCUSDT,BINANCE,TRADE,64046,0.002
2026-07-30 13:38:36,BTCUSDT,BINANCE,TRADE,64046,0.00031
2026-07-30 13:38:36,BTCUSDT,BINANCE,TRADE,64046,0.00223
2026-07-30 13:38:36,BTCUSDT,BINANCE,TRADE,64046,0.00028
2026-07-30 13:38:37,ETHUSDT,BINANCE,TRADE,1904.17,0.2683
2026-07-30 13:38:37,BTCUSDT,BINANCE,TRADE,64046,0.00297
2026-07-30 13:38:37,BTCUSDT,BINANCE,TRADE,64046,0.00028
2026-07-30 13:38:37,BTCUSDT,BINANCE,TRADE,64046,0.00166
2026-07-30 13:38:37,BTCUSDT,BINANCE,TRADE,64046,0.00239
2026-07-30 13:38:37,BTCUSDT,BINANCE,TRADE,64046,0.00021
2026-07-30 13:38:37,BTCUSDT,BINANCE,TRADE,64046,0.00065
2026-07-30 13:38:37,BTCUSDT,BINANCE,TRADE,64046,0.00126
2026-07-30 13:38:37,BTCUSDT,BINANCE,TRADE,64046,0.00312
2026-07-30 13:38:37,BTCUSDT,BINANCE,TRADE,64046,0.00019
2026-07-30 13:38:37,BTCUSDT,BINANCE,TRADE,64046,0.01717
2026-07-30 13:38:37,BTCUSDT,BINANCE,TRADE,64046,8e-05
2026-07-30 13:38:37,BTCUSDT,BINANCE,TRADE,64046,8e-05
2026-07-30 13:38:37,BTCUSDT,BINANCE,TRADE,64046,8e-05
2026-07-30 13:38:37,BTCUSDT,BINANCE,TRADE,64046,8e-05
2026-07-30 13:38:37,BTCUSDT,BINANCE,TRADE,64046,9e-05
2026-07-30 13:38:37,BTCUSDT,BINANCE,TRADE,64046,0.0035
2026-07-30 13:38:37,BTCUSDT,BINANCE,TRADE,64046,0.0001
2026-07-30 13:38:37,BTCUSDT,BINANCE,TRADE,64046,0.01
2026-07-30 13:38:37,BTCUSDT,BINANCE,TRADE,64046,0.00832
2026-07-30 13:38:37,BTCUSDT,BINANCE,TRADE,64046,0.03122
2026-07-30 13:38:37,BTCUSDT,BINANCE,TRADE,64046,0.00069
2026-07-30 13:38:37,BTCUSDT,BINANCE,TRADE,64046,8e-05
2026-07-30 13:38:37,BTCUSDT,BINANCE,TRADE,64046,8e-05
2026-07-30 13:38:37,BTCUSDT,BINANCE,TRADE,64046,8e-05
2026-07-30 13:38:37,BTCUSDT,BINANCE,TRADE,64046,0.00628
2026-07-30 13:38:37,BTCUSDT,BINANCE,TRADE,64046,0.0001
2026-07-30 13:38:37,BTCUSDT,BINANCE,TRADE,64046,0.01
2026-07-30 13:38:37,BTCUSDT,BINANCE,TRADE,64046,0.01873
2026-07-30 13:38:37,BTCUSDT,BINANCE,TRADE,64046,0.0006
2026-07-30 13:38:37,BTCUSDT,BINANCE,TRADE,64046,0.00065
2026-07-30 13:38:37,BTCUSDT,BINANCE,TRADE,64046,0.00071
2026-07-30 13:38:37,BTCUSDT,BINANCE,TRADE,64046,0.00014
2026-07-30 13:38:37,ETHUSDT,BINANCE,TRADE,1904.17,0.0603
2026-07-30 13:38:37,BTCUSDT,BINANCE,TRADE,64046,0.00042
2026-07-30 13:38:37,BTCUSDT,BINANCE,TRADE,64046,0.00017
2026-07-30 13:38:37,BTCUSDT,BINANCE,TRADE,64046,0.00019
2026-07-30 13:38:37,ETHUSDT,BINANCE,TRADE,1904.17,0.4596
2026-07-30 13:38:37,ETHUSDT,BINANCE,TRADE,1904.16,0.003
2026-07-30 13:38:37,ETHUSDT,BINANCE,TRADE,1904.16,0.2302
2026-07-30 13:38:37,BTCUSDT,BINANCE,TRADE,64046,0.00031
2026-07-30 13:38:37,BTCUSDT,BINANCE,TRADE,64046,0.00162
2026-07-30 13:38:37,BTCUSDT,BINANCE,TRADE,64046,0.00029
2026-07-30 13:38:37,BTCUSDT,BINANCE,TRADE,64046,0.00509
2026-07-30 13:38:37,BTCUSDT,BINANCE,TRADE,64046,0.00065
2026-07-30 13:38:37,ETHUSDT,BINANCE,TRADE,1904.17,0.0218
2026-07-30 13:38:37,BTCUSDT,BINANCE,TRADE,64046,0.00275
2026-07-30 13:38:37,BTCUSDT,BINANCE,TRADE,64046,0.00031
2026-07-30 13:38:37,BTCUSDT,BINANCE,TRADE,64046,0.00466
2026-07-30 13:38:37,BTCUSDT,BINANCE,TRADE,64046,0.00031
2026-07-30 13:38:37,BTCUSDT,BINANCE,TRADE,64046,0.00521
2026-07-30 13:38:37,ETHUSDT,BINANCE,TRADE,1904.16,0.4699
2026-07-30 13:38:37,BTCUSDT,BINANCE,TRADE,64046,0.00028
2026-07-30 13:38:37,BTCUSDT,BINANCE,TRADE,64046,0.00255
2026-07-30 13:38:37,BTCUSDT,BINANCE,TRADE,64046,0.00097
2026-07-30 13:38:37,BTCUSDT,BINANCE,TRADE,64046,0.00065
2026-07-30 13:38:37,SOLUSDT,BINANCE,TRADE,73.41,4.995
2026-07-30 13:38:37,BTCUSDT,BINANCE,TRADE,64046,0.00026
2026-07-30 13:38:37,BTCUSDT,BINANCE,TRADE,64046,0.00312
2026-07-30 13:38:38,BTCUSDT,BINANCE,TRADE,64046,0.00515
2026-07-30 13:38:38,BTCUSDT,BINANCE,TRADE,64046,0.00014
2026-07-30 13:38:38,BTCUSDT,BINANCE,TRADE,64046,0.00157
2026-07-30 13:38:38,BTCUSDT,BINANCE,TRADE,64046,0.00019
2026-07-30 13:38:38,ETHUSDT,BINANCE,TRADE,1904.17,0.0151
2026-07-30 13:38:38,BTCUSDT,BINANCE,TRADE,64046,0.0018
2026-07-30 13:38:38,BTCUSDT,BINANCE,TRADE,64046,0.00201
2026-07-30 13:38:38,ETHUSDT,BINANCE,TRADE,1904.17,0.0035
2026-07-30 13:38:38,SOLUSDT,BINANCE,TRADE,73.42,0.137
2026-07-30 13:38:38,ETHUSDT,BINANCE,TRADE,1904.17,0.0181
2026-07-30 13:38:38,BTCUSDT,BINANCE,TRADE,64046,0.00065
2026-07-30 13:38:38,BTCUSDT,BINANCE,TRADE,64046,0.00021
2026-07-30 13:38:38,BTCUSDT,BINANCE,TRADE,64046,0.00312
2026-07-30 13:38:38,ETHUSDT,BINANCE,TRADE,1904.17,0.1923
2026-07-30 13:38:38,ETHUSDT,BINANCE,TRADE,1904.16,0.0187
2026-07-30 13:38:38,BTCUSDT,BINANCE,TRADE,64046,0.00127
2026-07-30 13:38:38,BTCUSDT,BINANCE,TRADE,64046,0.001
2026-07-30 13:38:38,BTCUSDT,BINANCE,TRADE,64046,0.00028
2026-07-30 13:38:38,BTCUSDT,BINANCE,TRADE,64046,0.00065
2026-07-30 13:38:38,BTCUSDT,BINANCE,TRADE,64046,0.00239
2026-07-30 13:38:38,BTCUSDT,BINANCE,TRADE,64046,0.00152
2026-07-30 13:38:38,BTCUSDT,BINANCE,TRADE,64046,0.00182
2026-07-30 13:38:38,BTCUSDT,BINANCE,TRADE,64046,0.0003
2026-07-30 13:38:38,BTCUSDT,BINANCE,TRADE,64046,0.00147
2026-07-30 13:38:38,ETHUSDT,BINANCE,TRADE,1904.16,0.0603
2026-07-30 13:38:38,ETHUSDT,BINANCE,TRADE,1904.17,0.0082
2026-07-30 13:38:38,ETHUSDT,BINANCE,TRADE,1904.17,0.1329
2026-07-30 13:38:38,ETHUSDT,BINANCE,TRADE,1904.16,0.2683
2026-07-30 13:38:38,BTCUSDT,BINANCE,TRADE,64046,0.00024
2026-07-30 13:38:38,ETHUSDT,BINANCE,TRADE,1904.17,0.178
2026-07-30 13:38:38,BTCUSDT,BINANCE,TRADE,64046,0.00026
2026-07-30 13:38:38,BTCUSDT,BINANCE,TRADE,64046,0.00312
2026-07-30 13:38:38,BTCUSDT,BINANCE,TRADE,64046,0.00066
2026-07-30 13:38:38,BTCUSDT,BINANCE,TRADE,64046,0.00065
2026-07-30 13:38:38,BTCUSDT,BINANCE,TRADE,64046,0.00014
2026-07-30 13:38:38,BTCUSDT,BINANCE,TRADE,64046,0.00029
2026-07-30 13:38:38,BTCUSDT,BINANCE,TRADE,64046,0.00275
2026-07-30 13:38:39,BTCUSDT,BINANCE,TRADE,64046,0.00017
2026-07-30 13:38:39,BTCUSDT,BINANCE,TRADE,64046,0.00012
2026-07-30 13:38:39,BTCUSDT,BINANCE,TRADE,64046,0.00026
2026-07-30 13:38:39,BTCUSDT,BINANCE,TRADE,64046,0.00509
2026-07-30 13:38:39,BTCUSDT,BINANCE,TRADE,64046,0.00065
2026-07-30 13:38:39,BTCUSDT,BINANCE,TRADE,64046,0.01873
2026-07-30 13:38:39,BTCUSDT,BINANCE,TRADE,64046,0.00031
2026-07-30 13:38:39,BTCUSDT,BINANCE,TRADE,64046,0.00019
2026-07-30 13:38:39,BTCUSDT,BINANCE,TRADE,64046,0.00031
2026-07-30 13:38:39,BTCUSDT,BINANCE,TRADE,64046,0.00031
2026-07-30 13:38:39,BTCUSDT,BINANCE,TRADE,64046,0.00028
2026-07-30 13:38:39,BTCUSDT,BINANCE,TRADE,64046,0.00312
2026-07-30 13:38:39,BTCUSDT,BINANCE,TRADE,64046,0.01144
2026-07-30 13:38:39,BTCUSDT,BINANCE,TRADE,64046,0.00515
2026-07-30 13:38:39,BTCUSDT,BINANCE,TRADE,64046,0.00047
2026-07-30 13:38:39,BTCUSDT,BINANCE,TRADE,64046,0.00028
2026-07-30 13:38:39,BTCUSDT,BINANCE,TRADE,64046,0.00065
2026-07-30 13:38:39,BTCUSDT,BINANCE,TRADE,64046,0.00021
2026-07-30 13:38:39,BTCUSDT,BINANCE,TRADE,64046,0.00099
2026-07-30 13:38:39,BTCUSDT,BINANCE,TRADE,64046,9e-05
2026-07-30 13:38:39,BTCUSDT,BINANCE,TRADE,64046,0.00019
2026-07-30 13:38:39,SOLUSDT,BINANCE,TRADE,73.42,0.24
2026-07-30 13:38:39,BTCUSDT,BINANCE,TRADE,64046,0.00065
2026-07-30 13:38:39,ETHUSDT,BINANCE,TRADE,1904.16,0.1724
2026-07-30 13:38:39,SOLUSDT,BINANCE,TRADE,73.41,0.313
2026-07-30 13:38:39,BTCUSDT,BINANCE,TRADE,64046,0.00016
2026-07-30 13:38:39,BTCUSDT,BINANCE,TRADE,64046,0.02887
2026-07-30 13:38:39,ETHUSDT,BINANCE,TRADE,1904.16,0.0181
2026-07-30 13:38:39,BTCUSDT,BINANCE,TRADE,64046,0.00204
2026-07-30 13:38:39,BTCUSDT,BINANCE,TRADE,64046,0.00016
2026-07-30 13:38:39,BTCUSDT,BINANCE,TRADE,64046,1e-05
2026-07-30 13:38:39,BTCUSDT,BINANCE,TRADE,64046,0.00048
2026-07-30 13:38:39,BTCUSDT,BINANCE,TRADE,64046,0.00014
2026-07-30 13:38:39,BTCUSDT,BINANCE,TRADE,64046,0.00127
2026-07-30 13:38:39,BTCUSDT,BINANCE,TRADE,64046,0.00239
2026-07-30 13:38:39,BTCUSDT,BINANCE,TRADE,64046,0.002
2026-07-30 13:38:39,ETHUSDT,BINANCE,TRADE,1904.16,0.0027
2026-07-30 13:38:39,ETHUSDT,BINANCE,TRADE,1904.16,0.0003
2026-07-30 13:38:39,BTCUSDT,BINANCE,TRADE,64046,0.00156
2026-07-30 13:38:39,BTCUSDT,BINANCE,TRADE,64046,0.00031
2026-07-30 13:38:39,BTCUSDT,BINANCE,TRADE,64046,0.00182
2026-07-30 13:38:39,BTCUSDT,BINANCE,TRADE,64046,0.00079
2026-07-30 13:38:39,BTCUSDT,BINANCE,TRADE,64046,8e-05
2026-07-30 13:38:39,BTCUSDT,BINANCE,TRADE,64046,8e-05
2026-07-30 13:38:39,BTCUSDT,BINANCE,TRADE,64046,8e-05
2026-07-30 13:38:39,BTCUSDT,BINANCE,TRADE,64046,8e-05
2026-07-30 13:38:39,BTCUSDT,BINANCE,TRADE,64046,8e-05
2026-07-30 13:38:39,BTCUSDT,BINANCE,TRADE,64046,8e-05
2026-07-30 13:38:39,BTCUSDT,BINANCE,TRADE,64046,8e-05
2026-07-30 13:38:39,BTCUSDT,BINANCE,TRADE,64046,8e-05
2026-07-30 13:38:39,BTCUSDT,BINANCE,TRADE,64046,8e-05
2026-07-30 13:38:39,BTCUSDT,BINANCE,TRADE,64046,8e-05
2026-07-30 13:38:39,BTCUSDT,BINANCE,TRADE,64046,9e-05
2026-07-30 13:38:39,BTCUSDT,BINANCE,TRADE,64046,9e-05
2026-07-30 13:38:39,BTCUSDT,BINANCE,TRADE,64046,9e-05
2026-07-30 13:38:39,BTCUSDT,BINANCE,TRADE,64046,8e-05
2026-07-30 13:38:39,BTCUSDT,BINANCE,TRADE,64046,0.01
2026-07-30 13:38:39,BTCUSDT,BINANCE,TRADE,64046,0.03122
2026-07-30 13:38:39,BTCUSDT,BINANCE,TRADE,64046,0.0001
2026-07-30 13:38:39,BTCUSDT,BINANCE,TRADE,64046,0.00044
2026-07-30 13:38:39,BTCUSDT,BINANCE,TRADE,64046,8e-05
2026-07-30 13:38:39,BTCUSDT,BINANCE,TRADE,64046,9e-05
2026-07-30 13:38:39,BTCUSDT,BINANCE,TRADE,64046,0.00016
2026-07-30 13:38:39,BTCUSDT,BINANCE,TRADE,64046,8e-05
2026-07-30 13:38:39,BTCUSDT,BINANCE,TRADE,64046,8e-05
2026-07-30 13:38:39,BTCUSDT,BINANCE,TRADE,64046,9e-05
2026-07-30 13:38:39,BTCUSDT,BINANCE,TRADE,64046,9e-05
2026-07-30 13:38:39,BTCUSDT,BINANCE,TRADE,64046,0.00016
2026-07-30 13:38:39,BTCUSDT,BINANCE,TRADE,64046,8e-05
2026-07-30 13:38:39,BTCUSDT,BINANCE,TRADE,64046,8e-05
2026-07-30 13:38:39,BTCUSDT,BINANCE,TRADE,64046,8e-05
2026-07-30 13:38:39,BTCUSDT,BINANCE,TRADE,64046,8e-05
2026-07-30 13:38:39,BTCUSDT,BINANCE,TRADE,64046,8e-05
2026-07-30 13:38:39,BTCUSDT,BINANCE,TRADE,64046,0.00016
2026-07-30 13:38:39,BTCUSDT,BINANCE,TRADE,64045.8,8e-05
2026-07-30 13:38:39,BTCUSDT,BINANCE,TRADE,64045.5,9e-05
2026-07-30 13:38:39,BTCUSDT,BINANCE,TRADE,64045.5,9e-05
2026-07-30 13:38:39,BTCUSDT,BINANCE,TRADE,64045.5,9e-05
2026-07-30 13:38:39,BTCUSDT,BINANCE,TRADE,64045.5,0.02107
2026-07-30 13:38:39,BTCUSDT,BINANCE,TRADE,64045.5,9e-05
2026-07-30 13:38:39,BTCUSDT,BINANCE,TRADE,64045.5,9e-05
2026-07-30 13:38:39,BTCUSDT,BINANCE,TRADE,64045,8e-05
2026-07-30 13:38:39,BTCUSDT,BINANCE,TRADE,64044.8,0.0025
2026-07-30 13:38:39,BTCUSDT,BINANCE,TRADE,64044.8,9e-05
2026-07-30 13:38:39,BTCUSDT,BINANCE,TRADE,64044.5,8e-05
2026-07-30 13:38:39,BTCUSDT,BINANCE,TRADE,64044.4,9e-05
2026-07-30 13:38:39,BTCUSDT,BINANCE,TRADE,64044.4,1e-05
2026-07-30 13:38:39,BTCUSDT,BINANCE,TRADE,64044.4,8e-05
2026-07-30 13:38:39,BTCUSDT,BINANCE,TRADE,64044.4,0.00992
2026-07-30 13:38:40,BTCUSDT,BINANCE,TRADE,64044.4,0.00157
2026-07-30 13:38:40,BTCUSDT,BINANCE,TRADE,64044.4,0.00782
2026-07-30 13:38:40,BTCUSDT,BINANCE,TRADE,64044.4,0.00065
2026-07-30 13:38:40,BTCUSDT,BINANCE,TRADE,64044.4,8e-05
2026-07-30 13:38:40,BTCUSDT,BINANCE,TRADE,64044.4,8e-05
2026-07-30 13:38:40,BTCUSDT,BINANCE,TRADE,64044.4,8e-05
2026-07-30 13:38:40,BTCUSDT,BINANCE,TRADE,64044.4,8e-05
2026-07-30 13:38:40,BTCUSDT,BINANCE,TRADE,64044.4,8e-05
2026-07-30 13:38:40,BTCUSDT,BINANCE,TRADE,64044.4,8e-05
2026-07-30 13:38:40,BTCUSDT,BINANCE,TRADE,64044.4,8e-05
2026-07-30 13:38:40,BTCUSDT,BINANCE,TRADE,64044.4,8e-05
2026-07-30 13:38:40,BTCUSDT,BINANCE,TRADE,64044.4,8e-05
2026-07-30 13:38:40,BTCUSDT,BINANCE,TRADE,64044.4,0.00066
2026-07-30 13:38:40,BTCUSDT,BINANCE,TRADE,64044.4,0.00782
2026-07-30 13:38:40,BTCUSDT,BINANCE,TRADE,64044.4,0.00031
2026-07-30 13:38:40,BTCUSDT,BINANCE,TRADE,64044.4,0.0001
2026-07-30 13:38:40,ETHUSDT,BINANCE,TRADE,1904.16,0.0027
2026-07-30 13:38:40,ETHUSDT,BINANCE,TRADE,1904.16,0.0053
2026-07-30 13:38:40,ETHUSDT,BINANCE,TRADE,1904.16,0.0027
2026-07-30 13:38:40,ETHUSDT,BINANCE,TRADE,1904.16,0.0028
2026-07-30 13:38:40,ETHUSDT,BINANCE,TRADE,1904.16,0.0053
2026-07-30 13:38:40,ETHUSDT,BINANCE,TRADE,1904.16,0.0027
2026-07-30 13:38:40,ETHUSDT,BINANCE,TRADE,1904.16,0.0027
2026-07-30 13:38:40,ETHUSDT,BINANCE,TRADE,1904.16,0.0552
2026-07-30 13:38:40,ETHUSDT,BINANCE,TRADE,1904.16,0.0027
2026-07-30 13:38:40,ETHUSDT,BINANCE,TRADE,1904.16,0.0032
2026-07-30 13:38:40,ETHUSDT,BINANCE,TRADE,1904.16,0.0027
2026-07-30 13:38:40,ETHUSDT,BINANCE,TRADE,1904.16,0.0027
2026-07-30 13:38:40,ETHUSDT,BINANCE,TRADE,1904.16,0.0032
2026-07-30 13:38:40,ETHUSDT,BINANCE,TRADE,1904.16,0.0032
2026-07-30 13:38:40,ETHUSDT,BINANCE,TRADE,1904.15,0.0053
2026-07-30 13:38:40,ETHUSDT,BINANCE,TRADE,1904.15,0.0027
2026-07-30 13:38:40,ETHUSDT,BINANCE,TRADE,1904.15,0.0027
2026-07-30 13:38:40,ETHUSDT,BINANCE,TRADE,1904.15,0.0027
2026-07-30 13:38:40,ETHUSDT,BINANCE,TRADE,1904.15,0.0027
2026-07-30 13:38:40,ETHUSDT,BINANCE,TRADE,1904.15,0.0032
2026-07-30 13:38:40,ETHUSDT,BINANCE,TRADE,1904.15,0.0027
2026-07-30 13:38:40,ETHUSDT,BINANCE,TRADE,1904.15,0.0032
2026-07-30 13:38:40,ETHUSDT,BINANCE,TRADE,1904.15,0.0032
2026-07-30 13:38:40,BTCUSDT,BINANCE,TRADE,64044.4,0.00193
2026-07-30 13:38:40,BTCUSDT,BINANCE,TRADE,64044.4,9e-05
2026-07-30 13:38:40,BTCUSDT,BINANCE,TRADE,64044.4,9e-05
2026-07-30 13:38:40,BTCUSDT,BINANCE,TRADE,64044.4,8e-05
2026-07-30 13:38:40,BTCUSDT,BINANCE,TRADE,64044.4,8e-05
2026-07-30 13:38:40,BTCUSDT,BINANCE,TRADE,64044.4,9e-05
2026-07-30 13:38:40,BTCUSDT,BINANCE,TRADE,64044.4,0.01
2026-07-30 13:38:40,BTCUSDT,BINANCE,TRADE,64044.4,0.03122
2026-07-30 13:38:40,BTCUSDT,BINANCE,TRADE,64044.4,8e-05
2026-07-30 13:38:40,BTCUSDT,BINANCE,TRADE,64044.4,8e-05
2026-07-30 13:38:40,BTCUSDT,BINANCE,TRADE,64044.4,8e-05
2026-07-30 13:38:40,BTCUSDT,BINANCE,TRADE,64044.4,8e-05
2026-07-30 13:38:40,BTCUSDT,BINANCE,TRADE,64044.4,8e-05
2026-07-30 13:38:40,BTCUSDT,BINANCE,TRADE,64044.4,8e-05
2026-07-30 13:38:40,BTCUSDT,BINANCE,TRADE,64044.4,8e-05
2026-07-30 13:38:40,BTCUSDT,BINANCE,TRADE,64044.4,8e-05
2026-07-30 13:38:40,BTCUSDT,BINANCE,TRADE,64044.4,9e-05
2026-07-30 13:38:40,BTCUSDT,BINANCE,TRADE,64044.4,8e-05
2026-07-30 13:38:40,BTCUSDT,BINANCE,TRADE,64044.4,8e-05
2026-07-30 13:38:40,BTCUSDT,BINANCE,TRADE,64044.4,9e-05
2026-07-30 13:38:40,BTCUSDT,BINANCE,TRADE,64044.4,8e-05
2026-07-30 13:38:40,BTCUSDT,BINANCE,TRADE,64044.4,8e-05
2026-07-30 13:38:40,BTCUSDT,BINANCE,TRADE,64044.4,8e-05
2026-07-30 13:38:40,BTCUSDT,BINANCE,TRADE,64044,9e-05
2026-07-30 13:38:40,BTCUSDT,BINANCE,TRADE,64044,9e-05
2026-07-30 13:38:40,BTCUSDT,BINANCE,TRADE,64044,9e-05
2026-07-30 13:38:40,BTCUSDT,BINANCE,TRADE,64044,0.008
2026-07-30 13:38:40,BTCUSDT,BINANCE,TRADE,64044,0.006
2026-07-30 13:38:40,BTCUSDT,BINANCE,TRADE,64044,0.005
2026-07-30 13:38:40,BTCUSDT,BINANCE,TRADE,64044,0.005
2026-07-30 13:38:40,BTCUSDT,BINANCE,TRADE,64044,9e-05
2026-07-30 13:38:40,BTCUSDT,BINANCE,TRADE,64044,9e-05
2026-07-30 13:38:40,ETHUSDT,BINANCE,TRADE,1904.14,0.0053
2026-07-30 13:38:40,ETHUSDT,BINANCE,TRADE,1904.14,0.0027
2026-07-30 13:38:40,ETHUSDT,BINANCE,TRADE,1904.14,0.0027
2026-07-30 13:38:40,ETHUSDT,BINANCE,TRADE,1904.13,0.0027
2026-07-30 13:38:40,BTCUSDT,BINANCE,TRADE,64043.3,0.00234
2026-07-30 13:38:40,BTCUSDT,BINANCE,TRADE,64042.8,0.00024
2026-07-30 13:38:40,BTCUSDT,BINANCE,TRADE,64042.8,8e-05
2026-07-30 13:38:40,BTCUSDT,BINANCE,TRADE,64042.7,9e-05
2026-07-30 13:38:40,BTCUSDT,BINANCE,TRADE,64042.7,9e-05
2026-07-30 13:38:40,BTCUSDT,BINANCE,TRADE,64042.7,9e-05
2026-07-30 13:38:40,BTCUSDT,BINANCE,TRADE,64042.7,9e-05
2026-07-30 13:38:40,BTCUSDT,BINANCE,TRADE,64042.7,0.01698
2026-07-30 13:38:40,ETHUSDT,BINANCE,TRADE,1904.11,0.0027
2026-07-30 13:38:40,ETHUSDT,BINANCE,TRADE,1904.11,0.0027
2026-07-30 13:38:40,ETHUSDT,BINANCE,TRADE,1904.08,0.0032
2026-07-30 13:38:40,ETHUSDT,BINANCE,TRADE,1904.08,0.0032
2026-07-30 13:38:40,BTCUSDT,BINANCE,TRADE,64042.7,0.002
2026-07-30 13:38:40,BTCUSDT,BINANCE,TRADE,64042.7,0.00312
2026-07-30 13:38:40,BTCUSDT,BINANCE,TRADE,64042.7,0.01
2026-07-30 13:38:40,BTCUSDT,BINANCE,TRADE,64042.7,0.04768
2026-07-30 13:38:40,BTCUSDT,BINANCE,TRADE,64042.7,9e-05
2026-07-30 13:38:40,BTCUSDT,BINANCE,TRADE,64042.7,9e-05
2026-07-30 13:38:40,BTCUSDT,BINANCE,TRADE,64042.7,8e-05
2026-07-30 13:38:40,BTCUSDT,BINANCE,TRADE,64042.7,8e-05
2026-07-30 13:38:40,BTCUSDT,BINANCE,TRADE,64042.7,8e-05
2026-07-30 13:38:40,BTCUSDT,BINANCE,TRADE,64042.7,8e-05
2026-07-30 13:38:40,BTCUSDT,BINANCE,TRADE,64042.7,8e-05
2026-07-30 13:38:40,BTCUSDT,BINANCE,TRADE,64042.7,8e-05
2026-07-30 13:38:40,BTCUSDT,BINANCE,TRADE,64042.7,8e-05
2026-07-30 13:38:40,BTCUSDT,BINANCE,TRADE,64042.7,8e-05
2026-07-30 13:38:40,BTCUSDT,BINANCE,TRADE,64042.7,8e-05
2026-07-30 13:38:40,BTCUSDT,BINANCE,TRADE,64042.7,9e-05
2026-07-30 13:38:40,BTCUSDT,BINANCE,TRADE,64042.7,9e-05
2026-07-30 13:38:40,BTCUSDT,BINANCE,TRADE,64042.7,8e-05
2026-07-30 13:38:40,BTCUSDT,BINANCE,TRADE,64042.7,9e-05
2026-07-30 13:38:40,BTCUSDT,BINANCE,TRADE,64042.7,8e-05
2026-07-30 13:38:40,BTCUSDT,BINANCE,TRADE,64042.7,8e-05
2026-07-30 13:38:40,BTCUSDT,BINANCE,TRADE,64042.7,8e-05
2026-07-30 13:38:40,BTCUSDT,BINANCE,TRADE,64042.7,8e-05
2026-07-30 13:38:40,BTCUSDT,BINANCE,TRADE,64042.7,8e-05
2026-07-30 13:38:40,BTCUSDT,BINANCE,TRADE,64042.7,8e-05
2026-07-30 13:38:40,BTCUSDT,BINANCE,TRADE,64042.6,8e-05
2026-07-30 13:38:40,BTCUSDT,BINANCE,TRADE,64042,9e-05
2026-07-30 13:38:40,BTCUSDT,BINANCE,TRADE,64042,9e-05
2026-07-30 13:38:40,BTCUSDT,BINANCE,TRADE,64042,9e-05
2026-07-30 13:38:40,BTCUSDT,BINANCE,TRADE,64042,0.008
2026-07-30 13:38:40,BTCUSDT,BINANCE,TRADE,64042,0.006
2026-07-30 13:38:40,BTCUSDT,BINANCE,TRADE,64042,0.005
2026-07-30 13:38:40,BTCUSDT,BINANCE,TRADE,64042,0.005
2026-07-30 13:38:40,BTCUSDT,BINANCE,TRADE,64042,9e-05
2026-07-30 13:38:40,BTCUSDT,BINANCE,TRADE,64042,9e-05
2026-07-30 13:38:40,BTCUSDT,BINANCE,TRADE,64041.9,9e-05
2026-07-30 13:38:40,BTCUSDT,BINANCE,TRADE,64041.9,9e-05
2026-07-30 13:38:40,BTCUSDT,BINANCE,TRADE,64041.9,9e-05
2026-07-30 13:38:40,BTCUSDT,BINANCE,TRADE,64041.9,0.02107
2026-07-30 13:38:40,BTCUSDT,BINANCE,TRADE,64041.9,9e-05
2026-07-30 13:38:40,BTCUSDT,BINANCE,TRADE,64041.9,9e-05
2026-07-30 13:38:40,BTCUSDT,BINANCE,TRADE,64040.7,9e-05
2026-07-30 13:38:40,BTCUSDT,BINANCE,TRADE,64040.7,9e-05
2026-07-30 13:38:40,BTCUSDT,BINANCE,TRADE,64040.7,9e-05
2026-07-30 13:38:40,BTCUSDT,BINANCE,TRADE,64040.7,9e-05
2026-07-30 13:38:40,BTCUSDT,BINANCE,TRADE,64040,9e-05
2026-07-30 13:38:40,BTCUSDT,BINANCE,TRADE,64040,9e-05
2026-07-30 13:38:40,BTCUSDT,BINANCE,TRADE,64040,9e-05
2026-07-30 13:38:40,BTCUSDT,BINANCE,TRADE,64040,9e-05
2026-07-30 13:38:40,BTCUSDT,BINANCE,TRADE,64040,9e-05
2026-07-30 13:38:40,BTCUSDT,BINANCE,TRADE,64040,0.005
2026-07-30 13:38:40,BTCUSDT,BINANCE,TRADE,64040,0.005
2026-07-30 13:38:40,BTCUSDT,BINANCE,TRADE,64040,0.008
2026-07-30 13:38:40,BTCUSDT,BINANCE,TRADE,64040,0.006
2026-07-30 13:38:40,BTCUSDT,BINANCE,TRADE,64040,0.01
2026-07-30 13:38:40,BTCUSDT,BINANCE,TRADE,64040,9e-05
2026-07-30 13:38:40,BTCUSDT,BINANCE,TRADE,64040,9e-05
2026-07-30 13:38:40,BTCUSDT,BINANCE,TRADE,64039.5,9e-05
2026-07-30 13:38:40,BTCUSDT,BINANCE,TRADE,64039.4,8e-05
2026-07-30 13:38:40,BTCUSDT,BINANCE,TRADE,64038.4,9e-05
2026-07-30 13:38:40,BTCUSDT,BINANCE,TRADE,64038.4,9e-05
2026-07-30 13:38:40,BTCUSDT,BINANCE,TRADE,64038.4,9e-05
2026-07-30 13:38:40,BTCUSDT,BINANCE,TRADE,64038.4,0.04059
2026-07-30 13:38:40,BTCUSDT,BINANCE,TRADE,64038.4,9e-05
2026-07-30 13:38:40,BTCUSDT,BINANCE,TRADE,64038.4,9e-05
2026-07-30 13:38:40,BTCUSDT,BINANCE,TRADE,64038.4,9e-05
2026-07-30 13:38:40,BTCUSDT,BINANCE,TRADE,64038.4,0.00234
2026-07-30 13:38:40,BTCUSDT,BINANCE,TRADE,64038.3,8e-05
2026-07-30 13:38:40,BTCUSDT,BINANCE,TRADE,64038.2,8e-05
2026-07-30 13:38:40,BTCUSDT,BINANCE,TRADE,64038.1,0.00048
2026-07-30 13:38:40,BTCUSDT,BINANCE,TRADE,64038,9e-05
2026-07-30 13:38:40,ETHUSDT,BINANCE,TRADE,1904.05,0.011
2026-07-30 13:38:40,ETHUSDT,BINANCE,TRADE,1904.05,0.05
2026-07-30 13:38:40,ETHUSDT,BINANCE,TRADE,1904.05,0.0028
2026-07-30 13:38:40,ETHUSDT,BINANCE,TRADE,1904.05,0.0028
2026-07-30 13:38:40,ETHUSDT,BINANCE,TRADE,1904.05,0.0032
2026-07-30 13:38:40,ETHUSDT,BINANCE,TRADE,1904.05,0.0032
2026-07-30 13:38:40,ETHUSDT,BINANCE,TRADE,1904.05,0.0027
2026-07-30 13:38:40,ETHUSDT,BINANCE,TRADE,1904.05,0.0027
2026-07-30 13:38:40,ETHUSDT,BINANCE,TRADE,1904.05,0.0032
2026-07-30 13:38:40,ETHUSDT,BINANCE,TRADE,1904.05,0.0027
2026-07-30 13:38:40,ETHUSDT,BINANCE,TRADE,1904.05,0.0028
2026-07-30 13:38:40,ETHUSDT,BINANCE,TRADE,1904.05,0.0028
2026-07-30 13:38:40,ETHUSDT,BINANCE,TRADE,1904.04,0.003
2026-07-30 13:38:40,ETHUSDT,BINANCE,TRADE,1904.04,0.0027
2026-07-30 13:38:40,ETHUSDT,BINANCE,TRADE,1904.04,0.4694
2026-07-30 13:38:40,ETHUSDT,BINANCE,TRADE,1904.04,0.0027
2026-07-30 13:38:40,ETHUSDT,BINANCE,TRADE,1904.04,0.0027
2026-07-30 13:38:40,ETHUSDT,BINANCE,TRADE,1903.98,0.0108
2026-07-30 13:38:40,ETHUSDT,BINANCE,TRADE,1903.95,0.0027
2026-07-30 13:38:40,ETHUSDT,BINANCE,TRADE,1903.94,0.0027
2026-07-30 13:38:40,ETHUSDT,BINANCE,TRADE,1903.92,0.003
2026-07-30 13:38:40,ETHUSDT,BINANCE,TRADE,1903.91,0.0028
2026-07-30 13:38:40,ETHUSDT,BINANCE,TRADE,1903.91,0.0028
2026-07-30 13:38:40,ETHUSDT,BINANCE,TRADE,1903.91,0.0028
2026-07-30 13:38:40,BTCUSDT,BINANCE,TRADE,64038,8e-05
2026-07-30 13:38:40,BTCUSDT,BINANCE,TRADE,64038,8e-05
2026-07-30 13:38:40,BTCUSDT,BINANCE,TRADE,64038,0.00025
2026-07-30 13:38:40,BTCUSDT,BINANCE,TRADE,64038,0.01
2026-07-30 13:38:40,BTCUSDT,BINANCE,TRADE,64038,0.00124
2026-07-30 13:38:40,BTCUSDT,BINANCE,TRADE,64038,0.01
2026-07-30 13:38:40,BTCUSDT,BINANCE,TRADE,64038,0.00028
2026-07-30 13:38:40,BTCUSDT,BINANCE,TRADE,64038,0.00203
2026-07-30 13:38:40,BTCUSDT,BINANCE,TRADE,64038,0.00065
2026-07-30 13:38:40,BTCUSDT,BINANCE,TRADE,64038,0.00071
2026-07-30 13:38:40,BTCUSDT,BINANCE,TRADE,64038,0.00152
2026-07-30 13:38:40,BTCUSDT,BINANCE,TRADE,64038,0.00026
2026-07-30 13:38:40,ETHUSDT,BINANCE,TRADE,1903.9,0.0027
2026-07-30 13:38:40,ETHUSDT,BINANCE,TRADE,1903.9,0.0027
2026-07-30 13:38:40,ETHUSDT,BINANCE,TRADE,1903.9,0.0027
2026-07-30 13:38:40,ETHUSDT,BINANCE,TRADE,1903.9,0.0027
2026-07-30 13:38:40,ETHUSDT,BINANCE,TRADE,1903.9,0.0027
2026-07-30 13:38:40,ETHUSDT,BINANCE,TRADE,1903.9,0.0027
2026-07-30 13:38:40,ETHUSDT,BINANCE,TRADE,1903.9,0.0027
2026-07-30 13:38:40,ETHUSDT,BINANCE,TRADE,1903.9,0.0028
2026-07-30 13:38:40,ETHUSDT,BINANCE,TRADE,1903.9,0.0032
2026-07-30 13:38:40,ETHUSDT,BINANCE,TRADE,1903.9,0.0032
2026-07-30 13:38:40,ETHUSDT,BINANCE,TRADE,1903.9,0.0032
2026-07-30 13:38:40,ETHUSDT,BINANCE,TRADE,1903.89,0.0027
2026-07-30 13:38:40,ETHUSDT,BINANCE,TRADE,1903.89,0.0027
2026-07-30 13:38:40,ETHUSDT,BINANCE,TRADE,1903.89,0.0027
2026-07-30 13:38:40,ETHUSDT,BINANCE,TRADE,1903.86,0.0027
2026-07-30 13:38:40,ETHUSDT,BINANCE,TRADE,1903.86,0.0028
2026-07-30 13:38:40,ETHUSDT,BINANCE,TRADE,1903.86,0.0028
2026-07-30 13:38:40,ETHUSDT,BINANCE,TRADE,1903.86,0.0028
2026-07-30 13:38:40,ETHUSDT,BINANCE,TRADE,1903.86,0.0603
2026-07-30 13:38:40,BTCUSDT,BINANCE,TRADE,64038,8e-05
2026-07-30 13:38:40,BTCUSDT,BINANCE,TRADE,64038,0.00501
2026-07-30 13:38:40,BTCUSDT,BINANCE,TRADE,64038,0.00014
2026-07-30 13:38:40,ETHUSDT,BINANCE,TRADE,1903.85,0.7041
2026-07-30 13:38:40,ETHUSDT,BINANCE,TRADE,1903.85,0.0027
2026-07-30 13:38:40,ETHUSDT,BINANCE,TRADE,1903.85,0.0032
2026-07-30 13:38:40,ETHUSDT,BINANCE,TRADE,1903.85,0.0032
2026-07-30 13:38:40,ETHUSDT,BINANCE,TRADE,1903.85,0.0027
2026-07-30 13:38:40,ETHUSDT,BINANCE,TRADE,1903.85,0.0028
2026-07-30 13:38:40,ETHUSDT,BINANCE,TRADE,1903.85,0.0032
2026-07-30 13:38:40,ETHUSDT,BINANCE,TRADE,1903.85,0.0028
2026-07-30 13:38:40,ETHUSDT,BINANCE,TRADE,1903.85,0.5123
2026-07-30 13:38:40,BTCUSDT,BINANCE,TRADE,64038,0.00064
2026-07-30 13:38:40,ETHUSDT,BINANCE,TRADE,1903.85,0.0766
2026-07-30 13:38:40,BTCUSDT,BINANCE,TRADE,64038,0.00275
2026-07-30 13:38:40,BTCUSDT,BINANCE,TRADE,64038,0.002
2026-07-30 13:38:40,BTCUSDT,BINANCE,TRADE,64038,0.00182
2026-07-30 13:38:40,BTCUSDT,BINANCE,TRADE,64038,0.00019
2026-07-30 13:38:40,BTCUSDT,BINANCE,TRADE,64038,0.002
2026-07-30 13:38:40,BTCUSDT,BINANCE,TRADE,64038,0.00031
2026-07-30 13:38:40,BTCUSDT,BINANCE,TRADE,64038,0.00312
2026-07-30 13:38:40,BTCUSDT,BINANCE,TRADE,64038,0.00065
2026-07-30 13:38:40,BTCUSDT,BINANCE,TRADE,64038,0.00021
2026-07-30 13:38:40,BTCUSDT,BINANCE,TRADE,64038,0.005
2026-07-30 13:38:40,BTCUSDT,BINANCE,TRADE,64038,0.00166
2026-07-30 13:38:40,BTCUSDT,BINANCE,TRADE,64038,0.00902
2026-07-30 13:38:40,ETHUSDT,BINANCE,TRADE,1903.85,0.0053
2026-07-30 13:38:40,BTCUSDT,BINANCE,TRADE,64038,0.00038
2026-07-30 13:38:40,BTCUSDT,BINANCE,TRADE,64038,0.00028
2026-07-30 13:38:40,ETHUSDT,BINANCE,TRADE,1903.86,0.2333
2026-07-30 13:38:40,BTCUSDT,BINANCE,TRADE,64038,0.00065
2026-07-30 13:38:40,BTCUSDT,BINANCE,TRADE,64038,0.00019
2026-07-30 13:38:40,BTCUSDT,BINANCE,TRADE,64038,0.0004
2026-07-30 13:38:40,BTCUSDT,BINANCE,TRADE,64038,0.00026
2026-07-30 13:38:40,ETHUSDT,BINANCE,TRADE,1903.85,0.0143
2026-07-30 13:38:40,BTCUSDT,BINANCE,TRADE,64038,0.00042
2026-07-30 13:38:40,BTCUSDT,BINANCE,TRADE,64038,0.00275
2026-07-30 13:38:41,ETHUSDT,BINANCE,TRADE,1903.85,0.0261
2026-07-30 13:38:41,BTCUSDT,BINANCE,TRADE,64038,0.00026
2026-07-30 13:38:41,BTCUSDT,BINANCE,TRADE,64038,0.00129
2026-07-30 13:38:41,BTCUSDT,BINANCE,TRADE,64038,0.00521
2026-07-30 13:38:41,BTCUSDT,BINANCE,TRADE,64038,0.0001
2026-07-30 13:38:41,BTCUSDT,BINANCE,TRADE,64038,8e-05
2026-07-30 13:38:41,BTCUSDT,BINANCE,TRADE,64038,9e-05
2026-07-30 13:38:41,BTCUSDT,BINANCE,TRADE,64038,9e-05
2026-07-30 13:38:41,BTCUSDT,BINANCE,TRADE,64038,8e-05
2026-07-30 13:38:41,BTCUSDT,BINANCE,TRADE,64038,8e-05
2026-07-30 13:38:41,BTCUSDT,BINANCE,TRADE,64038,0.00234
2026-07-30 13:38:41,BTCUSDT,BINANCE,TRADE,64038,8e-05
2026-07-30 13:38:41,BTCUSDT,BINANCE,TRADE,64038,8e-05
2026-07-30 13:38:41,BTCUSDT,BINANCE,TRADE,64038,9e-05
2026-07-30 13:38:41,BTCUSDT,BINANCE,TRADE,64038,1e-05
2026-07-30 13:38:41,BTCUSDT,BINANCE,TRADE,64038,7e-05
2026-07-30 13:38:41,BTCUSDT,BINANCE,TRADE,64038,7e-05
2026-07-30 13:38:41,BTCUSDT,BINANCE,TRADE,64038,0.00066
2026-07-30 13:38:41,BTCUSDT,BINANCE,TRADE,64038,0.00065
2026-07-30 13:38:41,BTCUSDT,BINANCE,TRADE,64038,0.0018
2026-07-30 13:38:41,BTCUSDT,BINANCE,TRADE,64038,0.0006
2026-07-30 13:38:41,BTCUSDT,BINANCE,TRADE,64038,0.00028
2026-07-30 13:38:41,BTCUSDT,BINANCE,TRADE,64038,0.00349
2026-07-30 13:38:41,ETHUSDT,BINANCE,TRADE,1903.86,0.0181
2026-07-30 13:38:41,BTCUSDT,BINANCE,TRADE,64038,0.00024
2026-07-30 13:38:41,BTCUSDT,BINANCE,TRADE,64038,0.00017
2026-07-30 13:38:41,BTCUSDT,BINANCE,TRADE,64038,0.002
2026-07-30 13:38:41,BTCUSDT,BINANCE,TRADE,64038,0.00012
2026-07-30 13:38:41,BTCUSDT,BINANCE,TRADE,64038,0.01873
2026-07-30 13:38:41,BTCUSDT,BINANCE,TRADE,64038,0.00127
2026-07-30 13:38:41,ETHUSDT,BINANCE,TRADE,1903.86,0.0027
2026-07-30 13:38:41,ETHUSDT,BINANCE,TRADE,1903.86,0.0003
2026-07-30 13:38:41,BTCUSDT,BINANCE,TRADE,64038,0.00038
2026-07-30 13:38:41,BTCUSDT,BINANCE,TRADE,64038,0.00239
2026-07-30 13:38:41,BTCUSDT,BINANCE,TRADE,64038,0.00065
2026-07-30 13:38:41,BTCUSDT,BINANCE,TRADE,64038,0.00178
2026-07-30 13:38:41,BTCUSDT,BINANCE,TRADE,64038,0.00031
2026-07-30 13:38:41,BTCUSDT,BINANCE,TRADE,64038,0.00059
2026-07-30 13:38:41,BTCUSDT,BINANCE,TRADE,64038,0.002
2026-07-30 13:38:41,ETHUSDT,BINANCE,TRADE,1903.85,0.1923
2026-07-30 13:38:41,BTCUSDT,BINANCE,TRADE,64038,0.00031
2026-07-30 13:38:41,BTCUSDT,BINANCE,TRADE,64038,0.00049
2026-07-30 13:38:41,BTCUSDT,BINANCE,TRADE,64038,0.00151
2026-07-30 13:38:41,BTCUSDT,BINANCE,TRADE,64038,5e-05
2026-07-30 13:38:41,BTCUSDT,BINANCE,TRADE,64038,0.00023
2026-07-30 13:38:41,BTCUSDT,BINANCE,TRADE,64038,0.00031
2026-07-30 13:38:41,BTCUSDT,BINANCE,TRADE,64038,0.00147
2026-07-30 13:38:41,BTCUSDT,BINANCE,TRADE,64038,0.01
2026-07-30 13:38:41,BTCUSDT,BINANCE,TRADE,64038,0.00157
2026-07-30 13:38:41,ETHUSDT,BINANCE,TRADE,1903.85,0.0603
2026-07-30 13:38:41,BTCUSDT,BINANCE,TRADE,64038,0.00028
2026-07-30 13:38:41,BTCUSDT,BINANCE,TRADE,64038,0.00065
2026-07-30 13:38:41,BTCUSDT,BINANCE,TRADE,64038,0.00078
2026-07-30 13:38:41,BTCUSDT,BINANCE,TRADE,64038,0.00152
2026-07-30 13:38:41,BTCUSDT,BINANCE,TRADE,64038,0.00157
2026-07-30 13:38:41,BTCUSDT,BINANCE,TRADE,64038,0.00275
2026-07-30 13:38:41,ETHUSDT,BINANCE,TRADE,1903.85,0.0082
2026-07-30 13:38:41,ETHUSDT,BINANCE,TRADE,1903.85,0.0147
2026-07-30 13:38:41,BTCUSDT,BINANCE,TRADE,64038,0.00156
2026-07-30 13:38:41,SOLUSDT,BINANCE,TRADE,73.41,0.072
2026-07-30 13:38:41,SOLUSDT,BINANCE,TRADE,73.41,0.277
2026-07-30 13:38:41,SOLUSDT,BINANCE,TRADE,73.41,0.069
2026-07-30 13:38:41,SOLUSDT,BINANCE,TRADE,73.41,0.075
2026-07-30 13:38:41,SOLUSDT,BINANCE,TRADE,73.41,0.072
2026-07-30 13:38:41,SOLUSDT,BINANCE,TRADE,73.41,0.46
2026-07-30 13:38:41,SOLUSDT,BINANCE,TRADE,73.41,14.192
2026-07-30 13:38:41,SOLUSDT,BINANCE,TRADE,73.41,0.072
2026-07-30 13:38:41,SOLUSDT,BINANCE,TRADE,73.41,0.072
2026-07-30 13:38:41,SOLUSDT,BINANCE,TRADE,73.41,0.137
2026-07-30 13:38:41,SOLUSDT,BINANCE,TRADE,73.41,0.072
2026-07-30 13:38:41,SOLUSDT,BINANCE,TRADE,73.41,0.072
2026-07-30 13:38:41,SOLUSDT,BINANCE,TRADE,73.41,0.072
2026-07-30 13:38:41,SOLUSDT,BINANCE,TRADE,73.41,0.072
2026-07-30 13:38:41,SOLUSDT,BINANCE,TRADE,73.41,0.072
2026-07-30 13:38:41,SOLUSDT,BINANCE,TRADE,73.41,0.072
2026-07-30 13:38:41,SOLUSDT,BINANCE,TRADE,73.41,3.542
2026-07-30 13:38:41,SOLUSDT,BINANCE,TRADE,73.41,0.07
2026-07-30 13:38:41,SOLUSDT,BINANCE,TRADE,73.41,7.718
2026-07-30 13:38:41,BTCUSDT,BINANCE,TRADE,64038,0.00182
2026-07-30 13:38:41,BTCUSDT,BINANCE,TRADE,64038,0.00065
2026-07-30 13:38:42,BTCUSDT,BINANCE,TRADE,64038,9e-05
2026-07-30 13:38:42,BTCUSDT,BINANCE,TRADE,64038,0.00019
2026-07-30 13:38:42,ETHUSDT,BINANCE,TRADE,1903.86,0.0028
2026-07-30 13:38:42,ETHUSDT,BINANCE,TRADE,1903.86,0.0027
2026-07-30 13:38:42,ETHUSDT,BINANCE,TRADE,1903.86,0.0053
2026-07-30 13:38:42,ETHUSDT,BINANCE,TRADE,1903.86,0.0027
2026-07-30 13:38:42,ETHUSDT,BINANCE,TRADE,1903.86,0.28
2026-07-30 13:38:42,ETHUSDT,BINANCE,TRADE,1903.86,0.0027
2026-07-30 13:38:42,ETHUSDT,BINANCE,TRADE,1903.86,0.0028
2026-07-30 13:38:42,ETHUSDT,BINANCE,TRADE,1903.86,0.095
2026-07-30 13:38:42,ETHUSDT,BINANCE,TRADE,1903.86,0.0027
2026-07-30 13:38:42,ETHUSDT,BINANCE,TRADE,1903.86,0.0767
2026-07-30 13:38:42,ETHUSDT,BINANCE,TRADE,1903.86,0.0278
2026-07-30 13:38:42,ETHUSDT,BINANCE,TRADE,1903.86,0.102
2026-07-30 13:38:42,ETHUSDT,BINANCE,TRADE,1903.86,0.0263
2026-07-30 13:38:42,ETHUSDT,BINANCE,TRADE,1903.86,0.0565
2026-07-30 13:38:42,ETHUSDT,BINANCE,TRADE,1903.86,0.0027
2026-07-30 13:38:42,ETHUSDT,BINANCE,TRADE,1903.86,0.0552
2026-07-30 13:38:42,ETHUSDT,BINANCE,TRADE,1903.86,0.0032
2026-07-30 13:38:42,ETHUSDT,BINANCE,TRADE,1903.86,0.0032
2026-07-30 13:38:42,ETHUSDT,BINANCE,TRADE,1903.86,0.0032
2026-07-30 13:38:42,ETHUSDT,BINANCE,TRADE,1903.87,0.0053
2026-07-30 13:38:42,ETHUSDT,BINANCE,TRADE,1903.87,0.0028
2026-07-30 13:38:42,ETHUSDT,BINANCE,TRADE,1903.88,0.0053
2026-07-30 13:38:42,ETHUSDT,BINANCE,TRADE,1903.88,0.0028
2026-07-30 13:38:42,ETHUSDT,BINANCE,TRADE,1903.88,0.0027
2026-07-30 13:38:42,ETHUSDT,BINANCE,TRADE,1903.89,0.0028
2026-07-30 13:38:42,ETHUSDT,BINANCE,TRADE,1903.9,0.0028
2026-07-30 13:38:42,ETHUSDT,BINANCE,TRADE,1903.9,0.0028
2026-07-30 13:38:42,ETHUSDT,BINANCE,TRADE,1903.9,0.0028
2026-07-30 13:38:42,ETHUSDT,BINANCE,TRADE,1903.9,0.0027
2026-07-30 13:38:42,ETHUSDT,BINANCE,TRADE,1903.9,0.0028
2026-07-30 13:38:42,BTCUSDT,BINANCE,TRADE,64038,0.00312
2026-07-30 13:38:42,BTCUSDT,BINANCE,TRADE,64038,0.00097
2026-07-30 13:38:42,BTCUSDT,BINANCE,TRADE,64038,0.01
2026-07-30 13:38:42,BTCUSDT,BINANCE,TRADE,64038,0.01103
2026-07-30 13:38:42,BTCUSDT,BINANCE,TRADE,64038,0.00023
2026-07-30 13:38:42,BTCUSDT,BINANCE,TRADE,64038,0.00085
2026-07-30 13:38:42,BTCUSDT,BINANCE,TRADE,64038,0.00016
2026-07-30 13:38:42,ETHUSDT,BINANCE,TRADE,1903.91,0.0028
2026-07-30 13:38:42,ETHUSDT,BINANCE,TRADE,1903.91,0.2656
2026-07-30 13:38:42,BTCUSDT,BINANCE,TRADE,64038,0.00515
2026-07-30 13:38:42,BTCUSDT,BINANCE,TRADE,64038,0.00255
2026-07-30 13:38:42,BTCUSDT,BINANCE,TRADE,64038,0.00157
2026-07-30 13:38:42,BTCUSDT,BINANCE,TRADE,64038,0.00166
2026-07-30 13:38:42,BTCUSDT,BINANCE,TRADE,64038,0.00031
2026-07-30 13:38:42,BTCUSDT,BINANCE,TRADE,64038,0.00065
2026-07-30 13:38:42,BTCUSDT,BINANCE,TRADE,64038,0.00031
2026-07-30 13:38:42,BTCUSDT,BINANCE,TRADE,64038,0.00297
2026-07-30 13:38:42,BTCUSDT,BINANCE,TRADE,64038,0.00071
2026-07-30 13:38:42,BTCUSDT,BINANCE,TRADE,64038,0.002
2026-07-30 13:38:42,BTCUSDT,BINANCE,TRADE,64038,0.00126
2026-07-30 13:38:42,BTCUSDT,BINANCE,TRADE,64038,0.00037
2026-07-30 13:38:42,ETHUSDT,BINANCE,TRADE,1903.91,0.0308
2026-07-30 13:38:42,BTCUSDT,BINANCE,TRADE,64038,0.00275
2026-07-30 13:38:42,BTCUSDT,BINANCE,TRADE,64038,0.00028
2026-07-30 13:38:42,BTCUSDT,BINANCE,TRADE,64038,0.00182
2026-07-30 13:38:42,BTCUSDT,BINANCE,TRADE,64038,0.00312
2026-07-30 13:38:42,BTCUSDT,BINANCE,TRADE,64038,0.00065
2026-07-30 13:38:42,BTCUSDT,BINANCE,TRADE,64038,0.00026
2026-07-30 13:38:42,BTCUSDT,BINANCE,TRADE,64038,0.00034
2026-07-30 13:38:42,BTCUSDT,BINANCE,TRADE,64038,0.00782
2026-07-30 13:38:42,ETHUSDT,BINANCE,TRADE,1903.9,0.0105
2026-07-30 13:38:42,BTCUSDT,BINANCE,TRADE,64038,0.00064
2026-07-30 13:38:42,BTCUSDT,BINANCE,TRADE,64038,0.00014
2026-07-30 13:38:42,BTCUSDT,BINANCE,TRADE,64038,0.0004
2026-07-30 13:38:42,SOLUSDT,BINANCE,TRADE,73.41,27.25
2026-07-30 13:38:42,BTCUSDT,BINANCE,TRADE,64038,0.00127
2026-07-30 13:38:42,BTCUSDT,BINANCE,TRADE,64038,0.0024
2026-07-30 13:38:42,ETHUSDT,BINANCE,TRADE,1903.9,0.0035
2026-07-30 13:38:42,BTCUSDT,BINANCE,TRADE,64038,0.00029
2026-07-30 13:38:42,BTCUSDT,BINANCE,TRADE,64038,0.002
2026-07-30 13:38:42,BTCUSDT,BINANCE,TRADE,64038,0.00018
2026-07-30 13:38:42,BTCUSDT,BINANCE,TRADE,64038,0.00203
2026-07-30 13:38:42,BTCUSDT,BINANCE,TRADE,64038,0.00065
2026-07-30 13:38:42,ETHUSDT,BINANCE,TRADE,1903.91,0.1724
2026-07-30 13:38:42,BTCUSDT,BINANCE,TRADE,64038,0.00239
2026-07-30 13:38:43,ETHUSDT,BINANCE,TRADE,1903.91,0.0603
2026-07-30 13:38:43,BTCUSDT,BINANCE,TRADE,64038,0.00509
2026-07-30 13:38:43,SOLUSDT,BINANCE,TRADE,73.41,0.234
2026-07-30 13:38:43,SOLUSDT,BINANCE,TRADE,73.41,7.553
2026-07-30 13:38:43,SOLUSDT,BINANCE,TRADE,73.41,0.072
2026-07-30 13:38:43,SOLUSDT,BINANCE,TRADE,73.41,0.072
2026-07-30 13:38:43,SOLUSDT,BINANCE,TRADE,73.41,0.072
2026-07-30 13:38:43,SOLUSDT,BINANCE,TRADE,73.41,0.072
2026-07-30 13:38:43,SOLUSDT,BINANCE,TRADE,73.41,0.072
2026-07-30 13:38:43,SOLUSDT,BINANCE,TRADE,73.41,0.07
2026-07-30 13:38:43,SOLUSDT,BINANCE,TRADE,73.41,0.072
2026-07-30 13:38:43,SOLUSDT,BINANCE,TRADE,73.41,0.072
2026-07-30 13:38:43,SOLUSDT,BINANCE,TRADE,73.41,0.137
2026-07-30 13:38:43,SOLUSDT,BINANCE,TRADE,73.41,0.072
2026-07-30 13:38:43,SOLUSDT,BINANCE,TRADE,73.41,0.072
2026-07-30 13:38:43,SOLUSDT,BINANCE,TRADE,73.41,0.072
2026-07-30 13:38:43,SOLUSDT,BINANCE,TRADE,73.41,0.277
2026-07-30 13:38:43,SOLUSDT,BINANCE,TRADE,73.41,0.072
2026-07-30 13:38:43,BTCUSDT,BINANCE,TRADE,64038,0.00019
2026-07-30 13:38:43,BTCUSDT,BINANCE,TRADE,64038,0.00902
2026-07-30 13:38:43,BTCUSDT,BINANCE,TRADE,64038,0.00028
2026-07-30 13:38:43,BTCUSDT,BINANCE,TRADE,64038,0.01873
2026-07-30 13:38:43,BTCUSDT,BINANCE,TRADE,64038,0.01145
2026-07-30 13:38:43,BTCUSDT,BINANCE,TRADE,64038,0.002
2026-07-30 13:38:43,BTCUSDT,BINANCE,TRADE,64038,0.00065
2026-07-30 13:38:43,ETHUSDT,BINANCE,TRADE,1903.9,0.0181
2026-07-30 13:38:43,BTCUSDT,BINANCE,TRADE,64038,0.00156
2026-07-30 13:38:43,BTCUSDT,BINANCE,TRADE,64038,0.00139
2026-07-30 13:38:43,BTCUSDT,BINANCE,TRADE,64038,0.05851
2026-07-30 13:38:43,BTCUSDT,BINANCE,TRADE,64038,0.00038
2026-07-30 13:38:43,BTCUSDT,BINANCE,TRADE,64038,0.00024
2026-07-30 13:38:43,BTCUSDT,BINANCE,TRADE,64038,0.00014
2026-07-30 13:38:43,BTCUSDT,BINANCE,TRADE,64038,0.00312
2026-07-30 13:38:43,BTCUSDT,BINANCE,TRADE,64038,0.00152
2026-07-30 13:38:43,BTCUSDT,BINANCE,TRADE,64038,9e-05
2026-07-30 13:38:43,BTCUSDT,BINANCE,TRADE,64038,0.00026
2026-07-30 13:38:43,BTCUSDT,BINANCE,TRADE,64038,0.01
2026-07-30 13:38:43,BTCUSDT,BINANCE,TRADE,64038,0.00014
2026-07-30 13:38:43,ETHUSDT,BINANCE,TRADE,1903.91,0.0053
2026-07-30 13:38:43,ETHUSDT,BINANCE,TRADE,1903.91,0.0187
2026-07-30 13:38:43,SOLUSDT,BINANCE,TRADE,73.4,27.26
2026-07-30 13:38:43,BTCUSDT,BINANCE,TRADE,64038,0.00065
2026-07-30 13:38:43,BTCUSDT,BINANCE,TRADE,64038,0.00016
2026-07-30 13:38:43,BTCUSDT,BINANCE,TRADE,64038,0.00012
2026-07-30 13:38:43,BTCUSDT,BINANCE,TRADE,64038,0.00157
2026-07-30 13:38:43,BTCUSDT,BINANCE,TRADE,64038,0.00065
2026-07-30 13:38:43,BTCUSDT,BINANCE,TRADE,64038,0.00166
2026-07-30 13:38:43,BTCUSDT,BINANCE,TRADE,64038,0.00065
2026-07-30 13:38:43,BTCUSDT,BINANCE,TRADE,64038,0.00312
2026-07-30 13:38:43,ETHUSDT,BINANCE,TRADE,1903.91,0.9267
2026-07-30 13:38:43,BTCUSDT,BINANCE,TRADE,64038,0.00157
2026-07-30 13:38:43,ETHUSDT,BINANCE,TRADE,1903.9,0.1328
2026-07-30 13:38:43,BTCUSDT,BINANCE,TRADE,64038,0.00026
2026-07-30 13:38:43,BTCUSDT,BINANCE,TRADE,64038,0.00078
2026-07-30 13:38:43,BTCUSDT,BINANCE,TRADE,64038,0.00031
2026-07-30 13:38:43,BTCUSDT,BINANCE,TRADE,64038,0.00031
2026-07-30 13:38:43,BTCUSDT,BINANCE,TRADE,64038,0.00028
2026-07-30 13:38:43,BTCUSDT,BINANCE,TRADE,64038,0.00023
2026-07-30 13:38:43,BTCUSDT,BINANCE,TRADE,64038,0.00782
2026-07-30 13:38:43,BTCUSDT,BINANCE,TRADE,64038,0.00521
2026-07-30 13:38:44,BTCUSDT,BINANCE,TRADE,64038,0.00029
2026-07-30 13:38:44,BTCUSDT,BINANCE,TRADE,64038,0.00031
2026-07-30 13:38:44,ETHUSDT,BINANCE,TRADE,1903.9,0.2333
2026-07-30 13:38:44,BTCUSDT,BINANCE,TRADE,64038,0.0006
2026-07-30 13:38:44,BTCUSDT,BINANCE,TRADE,64038,0.00028
2026-07-30 13:38:44,ETHUSDT,BINANCE,TRADE,1903.9,0.2684
2026-07-30 13:38:44,ETHUSDT,BINANCE,TRADE,1903.9,0.0307
2026-07-30 13:38:44,ETHUSDT,BINANCE,TRADE,1903.91,0.021
2026-07-30 13:38:44,BTCUSDT,BINANCE,TRADE,64038,0.00065
2026-07-30 13:38:44,ETHUSDT,BINANCE,TRADE,1903.9,0.0603
2026-07-30 13:38:44,BTCUSDT,BINANCE,TRADE,64038,0.0004
2026-07-30 13:38:44,BTCUSDT,BINANCE,TRADE,64038,0.00038
2026-07-30 13:38:44,BTCUSDT,BINANCE,TRADE,64038,0.00047
2026-07-30 13:38:44,BTCUSDT,BINANCE,TRADE,64038,0.00476
2026-07-30 13:38:44,BTCUSDT,BINANCE,TRADE,64038,0.0024
2026-07-30 13:38:44,BTCUSDT,BINANCE,TRADE,64038,0.00239
2026-07-30 13:38:44,ETHUSDT,BINANCE,TRADE,1903.91,0.0283
2026-07-30 13:38:44,BTCUSDT,BINANCE,TRADE,64038,0.00127
2026-07-30 13:38:44,BTCUSDT,BINANCE,TRADE,64038,0.00147
2026-07-30 13:38:44,BTCUSDT,BINANCE,TRADE,64038,0.00065
2026-07-30 13:38:44,BTCUSDT,BINANCE,TRADE,64038,0.00018
2026-07-30 13:38:44,BTCUSDT,BINANCE,TRADE,64038,0.001
2026-07-30 13:38:44,BTCUSDT,BINANCE,TRADE,64038,0.00097
2026-07-30 13:38:44,BTCUSDT,BINANCE,TRADE,64038,0.00016
2026-07-30 13:38:44,BTCUSDT,BINANCE,TRADE,64038,0.00129
2026-07-30 13:38:44,BTCUSDT,BINANCE,TRADE,64038,0.0003
2026-07-30 13:38:44,BTCUSDT,BINANCE,TRADE,64038,0.00043
2026-07-30 13:38:44,BTCUSDT,BINANCE,TRADE,64038,0.0021
2026-07-30 13:38:44,BTCUSDT,BINANCE,TRADE,64038,0.00065
2026-07-30 13:38:44,BTCUSDT,BINANCE,TRADE,64038,0.00203
2026-07-30 13:38:44,BTCUSDT,BINANCE,TRADE,64038,0.00031
2026-07-30 13:38:44,BTCUSDT,BINANCE,TRADE,64038,0.00019
2026-07-30 13:38:44,ETHUSDT,BINANCE,TRADE,1903.91,0.1923
2026-07-30 13:38:44,BTCUSDT,BINANCE,TRADE,64038,0.00031
2026-07-30 13:38:44,BTCUSDT,BINANCE,TRADE,64038,0.00028
2026-07-30 13:38:44,BTCUSDT,BINANCE,TRADE,64038,0.00026
2026-07-30 13:38:44,BTCUSDT,BINANCE,TRADE,64038,0.00174
2026-07-30 13:38:44,BTCUSDT,BINANCE,TRADE,64038,0.00065
2026-07-30 13:38:44,BTCUSDT,BINANCE,TRADE,64038,0.00146
2026-07-30 13:38:44,BTCUSDT,BINANCE,TRADE,64038,0.00033
2026-07-30 13:38:44,BTCUSDT,BINANCE,TRADE,64038,0.00152
2026-07-30 13:38:45,BTCUSDT,BINANCE,TRADE,64038,0.00014
2026-07-30 13:38:45,BTCUSDT,BINANCE,TRADE,64038,0.00515
2026-07-30 13:38:45,BTCUSDT,BINANCE,TRADE,64038,0.00063
2026-07-30 13:38:45,BTCUSDT,BINANCE,TRADE,64038,0.01873
2026-07-30 13:38:45,BTCUSDT,BINANCE,TRADE,64038,0.00437
2026-07-30 13:38:45,BTCUSDT,BINANCE,TRADE,64038,0.00018
2026-07-30 13:38:45,BTCUSDT,BINANCE,TRADE,64038,0.0012
2026-07-30 13:38:45,BTCUSDT,BINANCE,TRADE,64038,8e-05
2026-07-30 13:38:45,BTCUSDT,BINANCE,TRADE,64038,0.00065
2026-07-30 13:38:45,BTCUSDT,BINANCE,TRADE,64038,0.00024
2026-07-30 13:38:45,BTCUSDT,BINANCE,TRADE,64038,0.00166
2026-07-30 13:38:45,BTCUSDT,BINANCE,TRADE,64038,0.0004
2026-07-30 13:38:45,BTCUSDT,BINANCE,TRADE,64038,0.00297
2026-07-30 13:38:45,BTCUSDT,BINANCE,TRADE,64038,0.00312
2026-07-30 13:38:45,ETHUSDT,BINANCE,TRADE,1903.9,0.0548
2026-07-30 13:38:45,BTCUSDT,BINANCE,TRADE,64038,0.00016
2026-07-30 13:38:45,BTCUSDT,BINANCE,TRADE,64038,0.00028
2026-07-30 13:38:45,BTCUSDT,BINANCE,TRADE,64038,0.00043
2026-07-30 13:38:45,BTCUSDT,BINANCE,TRADE,64038,0.00178
2026-07-30 13:38:45,BTCUSDT,BINANCE,TRADE,64038,0.00065
2026-07-30 13:38:45,BTCUSDT,BINANCE,TRADE,64038,0.00239
2026-07-30 13:38:45,BTCUSDT,BINANCE,TRADE,64038,0.00156
2026-07-30 13:38:45,ETHUSDT,BINANCE,TRADE,1903.91,0.0082
2026-07-30 13:38:45,SOLUSDT,BINANCE,TRADE,73.41,3.295
2026-07-30 13:38:45,BTCUSDT,BINANCE,TRADE,64038,0.00029
2026-07-30 13:38:45,BTCUSDT,BINANCE,TRADE,64038,0.00023
2026-07-30 13:38:45,BTCUSDT,BINANCE,TRADE,64038,0.00026
2026-07-30 13:38:45,ETHUSDT,BINANCE,TRADE,1903.9,0.0442
2026-07-30 13:38:45,BTCUSDT,BINANCE,TRADE,64038,0.00012
2026-07-30 13:38:45,BTCUSDT,BINANCE,TRADE,64038,0.00014
2026-07-30 13:38:45,ETHUSDT,BINANCE,TRADE,1903.91,0.0052
2026-07-30 13:38:45,BTCUSDT,BINANCE,TRADE,64038,0.00013
2026-07-30 13:38:45,BTCUSDT,BINANCE,TRADE,64038,0.00114
2026-07-30 13:38:45,BTCUSDT,BINANCE,TRADE,64038,0.00038
2026-07-30 13:38:45,BTCUSDT,BINANCE,TRADE,64038,0.00275
2026-07-30 13:38:45,BTCUSDT,BINANCE,TRADE,64038,0.00065
2026-07-30 13:38:45,BTCUSDT,BINANCE,TRADE,64038,0.00223
2026-07-30 13:38:45,BTCUSDT,BINANCE,TRADE,64038,0.00014
2026-07-30 13:38:45,BTCUSDT,BINANCE,TRADE,64038,0.00019
2026-07-30 13:38:45,BTCUSDT,BINANCE,TRADE,64038,0.00312
2026-07-30 13:38:45,BTCUSDT,BINANCE,TRADE,64038,0.002
2026-07-30 13:38:45,ETHUSDT,BINANCE,TRADE,1903.9,0.003
2026-07-30 13:38:45,ETHUSDT,BINANCE,TRADE,1903.9,0.0027
2026-07-30 13:38:45,ETHUSDT,BINANCE,TRADE,1903.9,0.0028
2026-07-30 13:38:45,ETHUSDT,BINANCE,TRADE,1903.9,0.0027
2026-07-30 13:38:45,ETHUSDT,BINANCE,TRADE,1903.9,0.0053
2026-07-30 13:38:45,ETHUSDT,BINANCE,TRADE,1903.9,0.0027
2026-07-30 13:38:45,ETHUSDT,BINANCE,TRADE,1903.9,0.0239
2026-07-30 13:38:45,ETHUSDT,BINANCE,TRADE,1903.9,0.0095
2026-07-30 13:38:45,ETHUSDT,BINANCE,TRADE,1903.9,0.0027
2026-07-30 13:38:45,ETHUSDT,BINANCE,TRADE,1903.9,0.0027
2026-07-30 13:38:45,ETHUSDT,BINANCE,TRADE,1903.9,0.0027
2026-07-30 13:38:45,ETHUSDT,BINANCE,TRADE,1903.9,0.0032
2026-07-30 13:38:45,ETHUSDT,BINANCE,TRADE,1903.9,0.0027
2026-07-30 13:38:45,ETHUSDT,BINANCE,TRADE,1903.9,0.0032
2026-07-30 13:38:45,ETHUSDT,BINANCE,TRADE,1903.9,0.0032
2026-07-30 13:38:45,ETHUSDT,BINANCE,TRADE,1903.9,0.0027
2026-07-30 13:38:45,ETHUSDT,BINANCE,TRADE,1903.89,0.0053
2026-07-30 13:38:45,ETHUSDT,BINANCE,TRADE,1903.89,0.0027
2026-07-30 13:38:45,ETHUSDT,BINANCE,TRADE,1903.89,0.0027
2026-07-30 13:38:46,BTCUSDT,BINANCE,TRADE,64038,0.0024
2026-07-30 13:38:46,BTCUSDT,BINANCE,TRADE,64038,8e-05
2026-07-30 13:38:46,BTCUSDT,BINANCE,TRADE,64038,0.0001
2026-07-30 13:38:46,BTCUSDT,BINANCE,TRADE,64038,8e-05
2026-07-30 13:38:46,BTCUSDT,BINANCE,TRADE,64038,8e-05
2026-07-30 13:38:46,BTCUSDT,BINANCE,TRADE,64038,0.0007
2026-07-30 13:38:46,BTCUSDT,BINANCE,TRADE,64038,0.00096
2026-07-30 13:38:46,SOLUSDT,BINANCE,TRADE,73.4,0.072
2026-07-30 13:38:46,SOLUSDT,BINANCE,TRADE,73.4,0.069
2026-07-30 13:38:46,SOLUSDT,BINANCE,TRADE,73.4,0.075
2026-07-30 13:38:46,SOLUSDT,BINANCE,TRADE,73.4,0.072
2026-07-30 13:38:46,SOLUSDT,BINANCE,TRADE,73.4,0.75
2026-07-30 13:38:46,SOLUSDT,BINANCE,TRADE,73.4,0.137
2026-07-30 13:38:46,SOLUSDT,BINANCE,TRADE,73.4,0.072
2026-07-30 13:38:46,SOLUSDT,BINANCE,TRADE,73.4,0.072
2026-07-30 13:38:46,SOLUSDT,BINANCE,TRADE,73.4,0.072
2026-07-30 13:38:46,SOLUSDT,BINANCE,TRADE,73.4,0.072
2026-07-30 13:38:46,SOLUSDT,BINANCE,TRADE,73.4,0.072
2026-07-30 13:38:46,SOLUSDT,BINANCE,TRADE,73.4,0.072
2026-07-30 13:38:46,SOLUSDT,BINANCE,TRADE,73.4,0.072
2026-07-30 13:38:46,SOLUSDT,BINANCE,TRADE,73.4,0.072
2026-07-30 13:38:46,SOLUSDT,BINANCE,TRADE,73.4,0.244
2026-07-30 13:38:46,SOLUSDT,BINANCE,TRADE,73.4,1.196
2026-07-30 13:38:46,SOLUSDT,BINANCE,TRADE,73.4,0.07
2026-07-30 13:38:46,SOLUSDT,BINANCE,TRADE,73.4,0.072
2026-07-30 13:38:46,SOLUSDT,BINANCE,TRADE,73.4,0.072
2026-07-30 13:38:46,SOLUSDT,BINANCE,TRADE,73.4,0.072
2026-07-30 13:38:46,BTCUSDT,BINANCE,TRADE,64038,0.0001
2026-07-30 13:38:46,BTCUSDT,BINANCE,TRADE,64038,0.00509
2026-07-30 13:38:46,ETHUSDT,BINANCE,TRADE,1903.89,0.0172
2026-07-30 13:38:46,BTCUSDT,BINANCE,TRADE,64038,0.0001
2026-07-30 13:38:46,BTCUSDT,BINANCE,TRADE,64038,0.00065
2026-07-30 13:38:46,BTCUSDT,BINANCE,TRADE,64038,0.00016
2026-07-30 13:38:46,ETHUSDT,BINANCE,TRADE,1903.88,0.0053
2026-07-30 13:38:46,ETHUSDT,BINANCE,TRADE,1903.88,0.0027
2026-07-30 13:38:46,ETHUSDT,BINANCE,TRADE,1903.88,0.0027
2026-07-30 13:38:46,ETHUSDT,BINANCE,TRADE,1903.88,0.0027
2026-07-30 13:38:46,ETHUSDT,BINANCE,TRADE,1903.88,0.0027
2026-07-30 13:38:46,ETHUSDT,BINANCE,TRADE,1903.88,0.0028
2026-07-30 13:38:46,ETHUSDT,BINANCE,TRADE,1903.88,0.0032
2026-07-30 13:38:46,ETHUSDT,BINANCE,TRADE,1903.88,0.0032
2026-07-30 13:38:46,ETHUSDT,BINANCE,TRADE,1903.87,0.0027
2026-07-30 13:38:46,ETHUSDT,BINANCE,TRADE,1903.87,0.0027
2026-07-30 13:38:46,ETHUSDT,BINANCE,TRADE,1903.87,0.0027
2026-07-30 13:38:46,ETHUSDT,BINANCE,TRADE,1903.86,0.0027
2026-07-30 13:38:46,ETHUSDT,BINANCE,TRADE,1903.85,0.0027
2026-07-30 13:38:46,ETHUSDT,BINANCE,TRADE,1903.84,0.0053
2026-07-30 13:38:46,ETHUSDT,BINANCE,TRADE,1903.83,0.0027
2026-07-30 13:38:46,ETHUSDT,BINANCE,TRADE,1903.8,0.003
2026-07-30 13:38:46,ETHUSDT,BINANCE,TRADE,1903.77,0.0027
2026-07-30 13:38:46,ETHUSDT,BINANCE,TRADE,1903.76,0.0027
2026-07-30 13:38:46,ETHUSDT,BINANCE,TRADE,1903.75,0.0028
2026-07-30 13:38:46,ETHUSDT,BINANCE,TRADE,1903.75,0.0028
2026-07-30 13:38:46,ETHUSDT,BINANCE,TRADE,1903.75,0.0028
2026-07-30 13:38:46,ETHUSDT,BINANCE,TRADE,1903.74,0.1088
2026-07-30 13:38:46,BTCUSDT,BINANCE,TRADE,64038,9e-05
2026-07-30 13:38:46,BTCUSDT,BINANCE,TRADE,64038,0.00065
2026-07-30 13:38:46,BTCUSDT,BINANCE,TRADE,64038,0.002
2026-07-30 13:38:46,BTCUSDT,BINANCE,TRADE,64038,0.00349
2026-07-30 13:38:46,BTCUSDT,BINANCE,TRADE,64038,0.00031
2026-07-30 13:38:46,BTCUSDT,BINANCE,TRADE,64038,0.00028
2026-07-30 13:38:46,BTCUSDT,BINANCE,TRADE,64038,0.01364
2026-07-30 13:38:46,BTCUSDT,BINANCE,TRADE,64038,0.00031
2026-07-30 13:38:46,BTCUSDT,BINANCE,TRADE,64038,0.00038
2026-07-30 13:38:46,ETHUSDT,BINANCE,TRADE,1903.75,0.003
2026-07-30 13:38:46,BTCUSDT,BINANCE,TRADE,64038,0.00028
2026-07-30 13:38:46,BTCUSDT,BINANCE,TRADE,64038,0.00241
2026-07-30 13:38:46,BTCUSDT,BINANCE,TRADE,64038,0.00065
2026-07-30 13:38:46,ETHUSDT,BINANCE,TRADE,1903.75,0.0603
2026-07-30 13:38:46,BTCUSDT,BINANCE,TRADE,64038,0.00152
2026-07-30 13:38:46,BTCUSDT,BINANCE,TRADE,64038,0.01206
2026-07-30 13:38:46,BTCUSDT,BINANCE,TRADE,64038,0.00497
2026-07-30 13:38:46,BTCUSDT,BINANCE,TRADE,64038,8e-05
2026-07-30 13:38:46,BTCUSDT,BINANCE,TRADE,64038,8e-05
2026-07-30 13:38:46,BTCUSDT,BINANCE,TRADE,64038,8e-05
2026-07-30 13:38:46,BTCUSDT,BINANCE,TRADE,64038,8e-05
2026-07-30 13:38:46,BTCUSDT,BINANCE,TRADE,64038,9e-05
2026-07-30 13:38:46,BTCUSDT,BINANCE,TRADE,64038,8e-05
2026-07-30 13:38:46,BTCUSDT,BINANCE,TRADE,64038,9e-05
2026-07-30 13:38:46,BTCUSDT,BINANCE,TRADE,64038,9e-05
2026-07-30 13:38:46,BTCUSDT,BINANCE,TRADE,64038,8e-05
2026-07-30 13:38:46,BTCUSDT,BINANCE,TRADE,64038,8e-05
2026-07-30 13:38:46,BTCUSDT,BINANCE,TRADE,64038,0.00521
2026-07-30 13:38:46,BTCUSDT,BINANCE,TRADE,64038,0.0004
2026-07-30 13:38:46,BTCUSDT,BINANCE,TRADE,64038,0.00029
2026-07-30 13:38:46,BTCUSDT,BINANCE,TRADE,64038,0.00065
2026-07-30 13:38:46,BTCUSDT,BINANCE,TRADE,64038,0.00167
2026-07-30 13:38:46,BTCUSDT,BINANCE,TRADE,64038,0.00072
2026-07-30 13:38:46,BTCUSDT,BINANCE,TRADE,64038,0.00178
2026-07-30 13:38:46,ETHUSDT,BINANCE,TRADE,1903.74,0.0053
2026-07-30 13:38:46,BTCUSDT,BINANCE,TRADE,64038,0.00018
2026-07-30 13:38:46,BTCUSDT,BINANCE,TRADE,64038,0.00521
2026-07-30 13:38:46,BTCUSDT,BINANCE,TRADE,64038,0.00016
2026-07-30 13:38:47,BTCUSDT,BINANCE,TRADE,64038,0.00065
2026-07-30 13:38:47,BTCUSDT,BINANCE,TRADE,64038,0.00031
2026-07-30 13:38:47,BTCUSDT,BINANCE,TRADE,64038,0.0021
2026-07-30 13:38:47,BTCUSDT,BINANCE,TRADE,64038,0.0018
2026-07-30 13:38:47,BTCUSDT,BINANCE,TRADE,64038,0.00026
2026-07-30 13:38:47,BTCUSDT,BINANCE,TRADE,64038,8e-05
2026-07-30 13:38:47,BTCUSDT,BINANCE,TRADE,64038,0.00031
2026-07-30 13:38:47,ETHUSDT,BINANCE,TRADE,1903.74,0.0176
2026-07-30 13:38:47,BTCUSDT,BINANCE,TRADE,64038,0.00031
2026-07-30 13:38:47,BTCUSDT,BINANCE,TRADE,64038,0.00275
2026-07-30 13:38:47,ETHUSDT,BINANCE,TRADE,1903.75,0.0249
2026-07-30 13:38:47,BTCUSDT,BINANCE,TRADE,64038,0.00028
2026-07-30 13:38:47,BTCUSDT,BINANCE,TRADE,64038,0.00094
2026-07-30 13:38:47,BTCUSDT,BINANCE,TRADE,64038,0.005
2026-07-30 13:38:47,BTCUSDT,BINANCE,TRADE,64038,0.00016
2026-07-30 13:38:47,BTCUSDT,BINANCE,TRADE,64038,8e-05
2026-07-30 13:38:47,BTCUSDT,BINANCE,TRADE,64038,8e-05
2026-07-30 13:38:47,BTCUSDT,BINANCE,TRADE,64038,8e-05
2026-07-30 13:38:47,BTCUSDT,BINANCE,TRADE,64038,0.0013
2026-07-30 13:38:47,BTCUSDT,BINANCE,TRADE,64038,8e-05
2026-07-30 13:38:47,BTCUSDT,BINANCE,TRADE,64038,0.01101
2026-07-30 13:38:47,BTCUSDT,BINANCE,TRADE,64038,0.01
2026-07-30 13:38:47,BTCUSDT,BINANCE,TRADE,64038,0.00065
2026-07-30 13:38:47,ETHUSDT,BINANCE,TRADE,1903.75,0.2333
2026-07-30 13:38:47,BTCUSDT,BINANCE,TRADE,64038,9e-05
2026-07-30 13:38:47,BTCUSDT,BINANCE,TRADE,64038,0.00127
2026-07-30 13:38:47,BTCUSDT,BINANCE,TRADE,64038,0.00014
2026-07-30 13:38:47,ETHUSDT,BINANCE,TRADE,1903.75,0.026
2026-07-30 13:38:47,BTCUSDT,BINANCE,TRADE,64038,0.00019
2026-07-30 13:38:47,BTCUSDT,BINANCE,TRADE,64038,0.00156
2026-07-30 13:38:47,BTCUSDT,BINANCE,TRADE,64038,0.00026
2026-07-30 13:38:47,BTCUSDT,BINANCE,TRADE,64038,0.00038
2026-07-30 13:38:47,BTCUSDT,BINANCE,TRADE,64038,0.002
2026-07-30 13:38:47,SOLUSDT,BINANCE,TRADE,73.4,9.078
2026-07-30 13:38:47,BTCUSDT,BINANCE,TRADE,64038,0.00146
2026-07-30 13:38:47,BTCUSDT,BINANCE,TRADE,64038,0.005
2026-07-30 13:38:47,BTCUSDT,BINANCE,TRADE,64038,0.00782
2026-07-30 13:38:47,BTCUSDT,BINANCE,TRADE,64038,0.00139
2026-07-30 13:38:47,BTCUSDT,BINANCE,TRADE,64038,0.00078
2026-07-30 13:38:47,ETHUSDT,BINANCE,TRADE,1903.74,0.0603
2026-07-30 13:38:47,BTCUSDT,BINANCE,TRADE,64038,0.00065
2026-07-30 13:38:47,BTCUSDT,BINANCE,TRADE,64038,0.00018
2026-07-30 13:38:47,BTCUSDT,BINANCE,TRADE,64038,0.00182
2026-07-30 13:38:47,BTCUSDT,BINANCE,TRADE,64038,0.00064
2026-07-30 13:38:47,BTCUSDT,BINANCE,TRADE,64038,0.00166
2026-07-30 13:38:47,BTCUSDT,BINANCE,TRADE,64038,0.001
2026-07-30 13:38:47,BTCUSDT,BINANCE,TRADE,64038,0.03797
2026-07-30 13:38:47,BTCUSDT,BINANCE,TRADE,64038,0.00063
2026-07-30 13:38:47,BTCUSDT,BINANCE,TRADE,64038,0.00515
2026-07-30 13:38:47,ETHUSDT,BINANCE,TRADE,1903.74,0.0172
2026-07-30 13:38:47,BTCUSDT,BINANCE,TRADE,64038,0.00156
2026-07-30 13:38:47,BTCUSDT,BINANCE,TRADE,64038,0.0024
2026-07-30 13:38:47,SOLUSDT,BINANCE,TRADE,73.39,0.277
2026-07-30 13:38:47,SOLUSDT,BINANCE,TRADE,73.39,0.069
2026-07-30 13:38:47,SOLUSDT,BINANCE,TRADE,73.39,0.082
2026-07-30 13:38:47,SOLUSDT,BINANCE,TRADE,73.39,0.103
2026-07-30 13:38:47,SOLUSDT,BINANCE,TRADE,73.39,5
2026-07-30 13:38:47,SOLUSDT,BINANCE,TRADE,73.39,0.075
2026-07-30 13:38:47,SOLUSDT,BINANCE,TRADE,73.39,0.36
2026-07-30 13:38:47,SOLUSDT,BINANCE,TRADE,73.39,0.75
2026-07-30 13:38:47,SOLUSDT,BINANCE,TRADE,73.39,0.072
2026-07-30 13:38:47,SOLUSDT,BINANCE,TRADE,73.39,0.072
2026-07-30 13:38:47,SOLUSDT,BINANCE,TRADE,73.39,0.137
2026-07-30 13:38:47,SOLUSDT,BINANCE,TRADE,73.39,0.072
2026-07-30 13:38:47,SOLUSDT,BINANCE,TRADE,73.39,0.072
2026-07-30 13:38:47,SOLUSDT,BINANCE,TRADE,73.39,2
2026-07-30 13:38:47,SOLUSDT,BINANCE,TRADE,73.39,3.759
2026-07-30 13:38:47,ETHUSDT,BINANCE,TRADE,1903.75,0.0035
2026-07-30 13:38:47,BTCUSDT,BINANCE,TRADE,64038,0.00065
2026-07-30 13:38:47,BTCUSDT,BINANCE,TRADE,64038,0.00027
2026-07-30 13:38:47,BTCUSDT,BINANCE,TRADE,64038,0.00039
2026-07-30 13:38:47,BTCUSDT,BINANCE,TRADE,64038,0.00015
2026-07-30 13:38:47,BTCUSDT,BINANCE,TRADE,64038,0.00012
2026-07-30 13:38:47,ETHUSDT,BINANCE,TRADE,1903.75,0.2684
2026-07-30 13:38:47,BTCUSDT,BINANCE,TRADE,64038,0.00297
2026-07-30 13:38:47,BTCUSDT,BINANCE,TRADE,64038,0.00239
2026-07-30 13:38:48,BTCUSDT,BINANCE,TRADE,64038,0.00902
2026-07-30 13:38:48,ETHUSDT,BINANCE,TRADE,1903.74,0.1923
2026-07-30 13:38:48,BTCUSDT,BINANCE,TRADE,64038,0.00163
2026-07-30 13:38:48,SOLUSDT,BINANCE,TRADE,73.39,4.241
2026-07-30 13:38:48,SOLUSDT,BINANCE,TRADE,73.39,4
2026-07-30 13:38:48,SOLUSDT,BINANCE,TRADE,73.39,2
2026-07-30 13:38:48,SOLUSDT,BINANCE,TRADE,73.39,2.939
2026-07-30 13:38:48,BTCUSDT,BINANCE,TRADE,64038,0.00255
2026-07-30 13:38:48,BTCUSDT,BINANCE,TRADE,64038,0.00152
2026-07-30 13:38:48,BTCUSDT,BINANCE,TRADE,64038,0.00014
2026-07-30 13:38:48,ETHUSDT,BINANCE,TRADE,1903.74,0.0283
2026-07-30 13:38:48,ETHUSDT,BINANCE,TRADE,1903.74,0.0056
2026-07-30 13:38:48,ETHUSDT,BINANCE,TRADE,1903.75,0.0032
2026-07-30 13:38:48,BTCUSDT,BINANCE,TRADE,64038,0.00027
2026-07-30 13:38:48,BTCUSDT,BINANCE,TRADE,64038,0.00182
2026-07-30 13:38:48,BTCUSDT,BINANCE,TRADE,64038,0.00065
2026-07-30 13:38:48,BTCUSDT,BINANCE,TRADE,64038,0.00026
2026-07-30 13:38:48,BTCUSDT,BINANCE,TRADE,64038,0.00521
2026-07-30 13:38:48,BTCUSDT,BINANCE,TRADE,64038,0.00029
2026-07-30 13:38:48,BTCUSDT,BINANCE,TRADE,64038,0.00275
2026-07-30 13:38:48,BTCUSDT,BINANCE,TRADE,64038,0.00019
2026-07-30 13:38:48,BTCUSDT,BINANCE,TRADE,64038,0.00023
2026-07-30 13:38:48,SOLUSDT,BINANCE,TRADE,73.4,2.187
2026-07-30 13:38:48,BTCUSDT,BINANCE,TRADE,64038,0.00016
2026-07-30 13:38:48,BTCUSDT,BINANCE,TRADE,64038,0.00065
2026-07-30 13:38:48,BTCUSDT,BINANCE,TRADE,64038,0.00033
2026-07-30 13:38:48,BTCUSDT,BINANCE,TRADE,64038,0.00223
2026-07-30 13:38:48,ETHUSDT,BINANCE,TRADE,1903.75,0.0105
2026-07-30 13:38:48,BTCUSDT,BINANCE,TRADE,64038,0.01103
2026-07-30 13:38:48,BTCUSDT,BINANCE,TRADE,64038,0.00278
2026-07-30 13:38:48,ETHUSDT,BINANCE,TRADE,1903.74,0.0249
2026-07-30 13:38:48,BTCUSDT,BINANCE,TRADE,64038,0.00031
2026-07-30 13:38:48,BTCUSDT,BINANCE,TRADE,64038,0.00127
2026-07-30 13:38:48,BTCUSDT,BINANCE,TRADE,64038,0.00038
2026-07-30 13:38:48,BTCUSDT,BINANCE,TRADE,64038,0.00027
2026-07-30 13:38:48,BTCUSDT,BINANCE,TRADE,64038,0.0031
2026-07-30 13:38:48,BTCUSDT,BINANCE,TRADE,64038,0.03897
2026-07-30 13:38:48,BTCUSDT,BINANCE,TRADE,64038,0.00065
2026-07-30 13:38:48,BTCUSDT,BINANCE,TRADE,64038,0.00028
2026-07-30 13:38:48,BTCUSDT,BINANCE,TRADE,64038,0.00311
2026-07-30 13:38:48,BTCUSDT,BINANCE,TRADE,64038,0.00275
2026-07-30 13:38:48,BTCUSDT,BINANCE,TRADE,64038,0.00031
2026-07-30 13:38:48,BTCUSDT,BINANCE,TRADE,64038,0.00047
2026-07-30 13:38:48,BTCUSDT,BINANCE,TRADE,64038,0.00509
2026-07-30 13:38:48,BTCUSDT,BINANCE,TRADE,64038,0.002
2026-07-30 13:38:48,BTCUSDT,BINANCE,TRADE,64038,0.00237
2026-07-30 13:38:49,BTCUSDT,BINANCE,TRADE,64038,0.00065
2026-07-30 13:38:49,BTCUSDT,BINANCE,TRADE,64038,0.00239
2026-07-30 13:38:49,BTCUSDT,BINANCE,TRADE,64038,8e-05
2026-07-30 13:38:49,BTCUSDT,BINANCE,TRADE,64038,0.00014
2026-07-30 13:38:49,BTCUSDT,BINANCE,TRADE,64038,0.00071
2026-07-30 13:38:49,BTCUSDT,BINANCE,TRADE,64038,0.00349
2026-07-30 13:38:49,BTCUSDT,BINANCE,TRADE,64038,0.00018
2026-07-30 13:38:49,BTCUSDT,BINANCE,TRADE,64038,0.00016
2026-07-30 13:38:49,ETHUSDT,BINANCE,TRADE,1903.75,0.0181
2026-07-30 13:38:49,ETHUSDT,BINANCE,TRADE,1903.75,0.6441
2026-07-30 13:38:49,ETHUSDT,BINANCE,TRADE,1903.75,0.0027
2026-07-30 13:38:49,ETHUSDT,BINANCE,TRADE,1903.75,0.0028
2026-07-30 13:38:49,ETHUSDT,BINANCE,TRADE,1903.75,0.0053
2026-07-30 13:38:49,ETHUSDT,BINANCE,TRADE,1903.75,0.0027
2026-07-30 13:38:49,ETHUSDT,BINANCE,TRADE,1903.75,0.0027
2026-07-30 13:38:49,ETHUSDT,BINANCE,TRADE,1903.75,0.0028
2026-07-30 13:38:49,ETHUSDT,BINANCE,TRADE,1903.75,0.0215
2026-07-30 13:38:49,ETHUSDT,BINANCE,TRADE,1903.75,0.0444
2026-07-30 13:38:49,ETHUSDT,BINANCE,TRADE,1903.75,0.021
2026-07-30 13:38:49,ETHUSDT,BINANCE,TRADE,1903.75,0.2857
2026-07-30 13:38:49,BTCUSDT,BINANCE,TRADE,64038,0.00019
2026-07-30 13:38:49,BTCUSDT,BINANCE,TRADE,64038,0.00038
2026-07-30 13:38:49,BTCUSDT,BINANCE,TRADE,64038,0.0021
2026-07-30 13:38:49,BTCUSDT,BINANCE,TRADE,64038,0.00065
2026-07-30 13:38:49,ETHUSDT,BINANCE,TRADE,1903.75,0.1724
2026-07-30 13:38:49,BTCUSDT,BINANCE,TRADE,64038,0.0024
2026-07-30 13:38:49,BTCUSDT,BINANCE,TRADE,64038,9e-05
2026-07-30 13:38:49,BTCUSDT,BINANCE,TRADE,64038,0.00031
2026-07-30 13:38:49,BTCUSDT,BINANCE,TRADE,64038,0.0018
2026-07-30 13:38:49,BTCUSDT,BINANCE,TRADE,64038,0.01364
2026-07-30 13:38:49,BTCUSDT,BINANCE,TRADE,64038,0.00073
2026-07-30 13:38:49,BTCUSDT,BINANCE,TRADE,64038,8e-05
2026-07-30 13:38:49,BTCUSDT,BINANCE,TRADE,64038,8e-05
2026-07-30 13:38:49,BTCUSDT,BINANCE,TRADE,64038,0.00085
2026-07-30 13:38:49,BTCUSDT,BINANCE,TRADE,64038,0.00065
2026-07-30 13:38:49,BTCUSDT,BINANCE,TRADE,64038,0.00028
2026-07-30 13:38:49,BTCUSDT,BINANCE,TRADE,64038,0.01873
2026-07-30 13:38:49,BTCUSDT,BINANCE,TRADE,64038,0.00064
2026-07-30 13:38:49,ETHUSDT,BINANCE,TRADE,1903.75,0.0603
2026-07-30 13:38:49,BTCUSDT,BINANCE,TRADE,64038,0.00022
2026-07-30 13:38:49,BTCUSDT,BINANCE,TRADE,64038,0.00031
2026-07-30 13:38:49,SOLUSDT,BINANCE,TRADE,73.39,7.291
2026-07-30 13:38:49,SOLUSDT,BINANCE,TRADE,73.39,10.23
2026-07-30 13:38:49,SOLUSDT,BINANCE,TRADE,73.39,10.23
2026-07-30 13:38:49,SOLUSDT,BINANCE,TRADE,73.39,82.876
2026-07-30 13:38:49,SOLUSDT,BINANCE,TRADE,73.39,10.23
2026-07-30 13:38:49,SOLUSDT,BINANCE,TRADE,73.39,10.23
2026-07-30 13:38:49,SOLUSDT,BINANCE,TRADE,73.39,10.23
2026-07-30 13:38:49,SOLUSDT,BINANCE,TRADE,73.39,10.23
2026-07-30 13:38:49,SOLUSDT,BINANCE,TRADE,73.39,10.23
2026-07-30 13:38:49,SOLUSDT,BINANCE,TRADE,73.39,84.932
2026-07-30 13:38:49,SOLUSDT,BINANCE,TRADE,73.39,0.072
2026-07-30 13:38:49,SOLUSDT,BINANCE,TRADE,73.39,0.072
2026-07-30 13:38:49,SOLUSDT,BINANCE,TRADE,73.39,0.072
2026-07-30 13:38:49,SOLUSDT,BINANCE,TRADE,73.39,0.072
2026-07-30 13:38:49,SOLUSDT,BINANCE,TRADE,73.39,0.072
2026-07-30 13:38:49,SOLUSDT,BINANCE,TRADE,73.39,0.072
2026-07-30 13:38:49,SOLUSDT,BINANCE,TRADE,73.39,0.13
2026-07-30 13:38:49,SOLUSDT,BINANCE,TRADE,73.39,0.13
2026-07-30 13:38:49,SOLUSDT,BINANCE,TRADE,73.39,0.13
2026-07-30 13:38:49,SOLUSDT,BINANCE,TRADE,73.39,0.251
2026-07-30 13:38:49,SOLUSDT,BINANCE,TRADE,73.39,17.119
2026-07-30 13:38:49,SOLUSDT,BINANCE,TRADE,73.39,0.15
2026-07-30 13:38:49,SOLUSDT,BINANCE,TRADE,73.39,169.09
2026-07-30 13:38:49,SOLUSDT,BINANCE,TRADE,73.39,13.509
2026-07-30 13:38:49,SOLUSDT,BINANCE,TRADE,73.39,22.915
2026-07-30 13:38:49,SOLUSDT,BINANCE,TRADE,73.39,0.072
2026-07-30 13:38:49,SOLUSDT,BINANCE,TRADE,73.39,0.137
2026-07-30 13:38:49,SOLUSDT,BINANCE,TRADE,73.39,0.072
2026-07-30 13:38:49,SOLUSDT,BINANCE,TRADE,73.39,0.072
2026-07-30 13:38:49,SOLUSDT,BINANCE,TRADE,73.39,0.072
2026-07-30 13:38:49,SOLUSDT,BINANCE,TRADE,73.39,2
2026-07-30 13:38:49,SOLUSDT,BINANCE,TRADE,73.39,0.277
2026-07-30 13:38:49,SOLUSDT,BINANCE,TRADE,73.39,8
2026-07-30 13:38:49,SOLUSDT,BINANCE,TRADE,73.39,4
2026-07-30 13:38:49,SOLUSDT,BINANCE,TRADE,73.39,2
2026-07-30 13:38:49,SOLUSDT,BINANCE,TRADE,73.39,0.072
2026-07-30 13:38:49,SOLUSDT,BINANCE,TRADE,73.39,0.072
2026-07-30 13:38:49,SOLUSDT,BINANCE,TRADE,73.39,0.072
2026-07-30 13:38:49,SOLUSDT,BINANCE,TRADE,73.38,8.626
2026-07-30 13:38:49,SOLUSDT,BINANCE,TRADE,73.38,36.296
2026-07-30 13:38:49,SOLUSDT,BINANCE,TRADE,73.38,0.15
2026-07-30 13:38:49,SOLUSDT,BINANCE,TRADE,73.38,42.75
2026-07-30 13:38:49,SOLUSDT,BINANCE,TRADE,73.38,0.5
2026-07-30 13:38:49,SOLUSDT,BINANCE,TRADE,73.38,10
2026-07-30 13:38:49,SOLUSDT,BINANCE,TRADE,73.38,0.277
2026-07-30 13:38:49,SOLUSDT,BINANCE,TRADE,73.38,3.853
2026-07-30 13:38:49,SOLUSDT,BINANCE,TRADE,73.38,0.069
2026-07-30 13:38:49,SOLUSDT,BINANCE,TRADE,73.38,0.069
2026-07-30 13:38:49,SOLUSDT,BINANCE,TRADE,73.38,6
2026-07-30 13:38:49,SOLUSDT,BINANCE,TRADE,73.38,0.07
2026-07-30 13:38:49,SOLUSDT,BINANCE,TRADE,73.38,0.082
2026-07-30 13:38:49,SOLUSDT,BINANCE,TRADE,73.38,0.103
2026-07-30 13:38:49,SOLUSDT,BINANCE,TRADE,73.38,0.069
2026-07-30 13:38:49,SOLUSDT,BINANCE,TRADE,73.38,0.075
2026-07-30 13:38:49,SOLUSDT,BINANCE,TRADE,73.38,0.1
2026-07-30 13:38:49,SOLUSDT,BINANCE,TRADE,73.38,0.15
2026-07-30 13:38:49,SOLUSDT,BINANCE,TRADE,73.38,0.072
2026-07-30 13:38:49,SOLUSDT,BINANCE,TRADE,73.38,0.072
2026-07-30 13:38:49,SOLUSDT,BINANCE,TRADE,73.38,0.069
2026-07-30 13:38:49,SOLUSDT,BINANCE,TRADE,73.38,33.446
2026-07-30 13:38:49,SOLUSDT,BINANCE,TRADE,73.38,29.619
2026-07-30 13:38:49,ETHUSDT,BINANCE,TRADE,1903.74,0.0082
2026-07-30 13:38:49,BTCUSDT,BINANCE,TRADE,64038,0.00902
2026-07-30 13:38:49,SOLUSDT,BINANCE,TRADE,73.38,0.08
2026-07-30 13:38:49,SOLUSDT,BINANCE,TRADE,73.38,0.25
2026-07-30 13:38:49,BTCUSDT,BINANCE,TRADE,64038,0.00152
2026-07-30 13:38:49,BTCUSDT,BINANCE,TRADE,64038,0.00159
2026-07-30 13:38:49,BTCUSDT,BINANCE,TRADE,64038,0.00027
2026-07-30 13:38:49,BTCUSDT,BINANCE,TRADE,64038,0.00014
2026-07-30 13:38:49,BTCUSDT,BINANCE,TRADE,64038,0.00126
2026-07-30 13:38:49,ETHUSDT,BINANCE,TRADE,1903.74,0.2684
2026-07-30 13:38:49,BTCUSDT,BINANCE,TRADE,64038,0.00065
2026-07-30 13:38:49,BTCUSDT,BINANCE,TRADE,64038,0.00026
2026-07-30 13:38:49,BTCUSDT,BINANCE,TRADE,64038,0.00018
2026-07-30 13:38:50,BTCUSDT,BINANCE,TRADE,64038,0.00127
2026-07-30 13:38:50,ETHUSDT,BINANCE,TRADE,1903.75,0.0147
2026-07-30 13:38:50,BTCUSDT,BINANCE,TRADE,64038,0.00015
2026-07-30 13:38:50,ETHUSDT,BINANCE,TRADE,1903.75,0.0249
2026-07-30 13:38:50,BTCUSDT,BINANCE,TRADE,64038,0.00065
2026-07-30 13:38:50,BTCUSDT,BINANCE,TRADE,64038,0.00027
2026-07-30 13:38:50,BTCUSDT,BINANCE,TRADE,64038,0.00023
2026-07-30 13:38:50,BTCUSDT,BINANCE,TRADE,64038,0.00275
2026-07-30 13:38:50,BTCUSDT,BINANCE,TRADE,64038,0.00129
2026-07-30 13:38:50,BTCUSDT,BINANCE,TRADE,64038,0.00046
2026-07-30 13:38:50,BTCUSDT,BINANCE,TRADE,64038,0.00782
2026-07-30 13:38:50,BTCUSDT,BINANCE,TRADE,64038,0.00515
2026-07-30 13:38:50,BTCUSDT,BINANCE,TRADE,64038,0.00156
2026-07-30 13:38:50,BTCUSDT,BINANCE,TRADE,64038,0.00239
2026-07-30 13:38:50,ETHUSDT,BINANCE,TRADE,1903.74,0.2333
2026-07-30 13:38:50,BTCUSDT,BINANCE,TRADE,64038,0.00065
2026-07-30 13:38:50,BTCUSDT,BINANCE,TRADE,64038,0.00038
2026-07-30 13:38:50,SOLUSDT,BINANCE,TRADE,73.39,27.3
2026-07-30 13:38:50,BTCUSDT,BINANCE,TRADE,64038,8e-05
2026-07-30 13:38:50,BTCUSDT,BINANCE,TRADE,64038,0.00147
2026-07-30 13:38:50,BTCUSDT,BINANCE,TRADE,64038,0.00026
2026-07-30 13:38:50,BTCUSDT,BINANCE,TRADE,64038,0.00182
2026-07-30 13:38:50,BTCUSDT,BINANCE,TRADE,64038,0.00275
2026-07-30 13:38:50,ETHUSDT,BINANCE,TRADE,1903.74,0.0603
2026-07-30 13:38:50,BTCUSDT,BINANCE,TRADE,64038,0.00014
2026-07-30 13:38:50,BTCUSDT,BINANCE,TRADE,64038,0.00146
2026-07-30 13:38:50,BTCUSDT,BINANCE,TRADE,64038,0.00065
2026-07-30 13:38:50,BTCUSDT,BINANCE,TRADE,64038,0.00016
2026-07-30 13:38:50,ETHUSDT,BINANCE,TRADE,1903.74,0.0114
2026-07-30 13:38:50,BTCUSDT,BINANCE,TRADE,64038,8e-05
2026-07-30 13:38:50,BTCUSDT,BINANCE,TRADE,64038,0.00026
2026-07-30 13:38:50,BTCUSDT,BINANCE,TRADE,64038,0.00139
2026-07-30 13:38:50,BTCUSDT,BINANCE,TRADE,64038,0.0003
2026-07-30 13:38:50,BTCUSDT,BINANCE,TRADE,64038,0.00031
2026-07-30 13:38:50,BTCUSDT,BINANCE,TRADE,64038,0.00156
2026-07-30 13:38:50,BTCUSDT,BINANCE,TRADE,64038,0.00027
2026-07-30 13:38:51,BTCUSDT,BINANCE,TRADE,64038,0.00038
2026-07-30 13:38:51,BTCUSDT,BINANCE,TRADE,64038,0.00033
2026-07-30 13:38:51,BTCUSDT,BINANCE,TRADE,64038,0.00019
2026-07-30 13:38:51,ETHUSDT,BINANCE,TRADE,1903.74,0.0112
2026-07-30 13:38:51,BTCUSDT,BINANCE,TRADE,64038,0.00028
2026-07-30 13:38:51,BTCUSDT,BINANCE,TRADE,64038,0.00065
2026-07-30 13:38:51,BTCUSDT,BINANCE,TRADE,64038,0.00016
2026-07-30 13:38:51,BTCUSDT,BINANCE,TRADE,64038,0.0024
2026-07-30 13:38:51,BTCUSDT,BINANCE,TRADE,64038,0.00182
2026-07-30 13:38:51,BTCUSDT,BINANCE,TRADE,64038,0.00521
2026-07-30 13:38:51,BTCUSDT,BINANCE,TRADE,64038,0.00031
2026-07-30 13:38:51,BTCUSDT,BINANCE,TRADE,64038,0.00237
2026-07-30 13:38:51,BTCUSDT,BINANCE,TRADE,64038,0.00019
2026-07-30 13:38:51,BTCUSDT,BINANCE,TRADE,64038,0.00349
2026-07-30 13:38:51,ETHUSDT,BINANCE,TRADE,1903.75,0.1923
2026-07-30 13:38:51,BTCUSDT,BINANCE,TRADE,64038,0.00065
2026-07-30 13:38:51,BTCUSDT,BINANCE,TRADE,64038,0.00152
2026-07-30 13:38:51,BTCUSDT,BINANCE,TRADE,64038,0.00029
2026-07-30 13:38:51,BTCUSDT,BINANCE,TRADE,64038,0.00019
2026-07-30 13:38:51,BTCUSDT,BINANCE,TRADE,64038,0.00029
2026-07-30 13:38:51,BTCUSDT,BINANCE,TRADE,64038,0.00159
2026-07-30 13:38:51,BTCUSDT,BINANCE,TRADE,64038,0.00063
2026-07-30 13:38:51,ETHUSDT,BINANCE,TRADE,1903.74,0.0181
2026-07-30 13:38:51,BTCUSDT,BINANCE,TRADE,64038,0.00127
2026-07-30 13:38:51,BTCUSDT,BINANCE,TRADE,64038,0.00018
2026-07-30 13:38:51,BTCUSDT,BINANCE,TRADE,64038,0.00163
2026-07-30 13:38:51,ETHUSDT,BINANCE,TRADE,1903.74,0.0249
2026-07-30 13:38:51,BTCUSDT,BINANCE,TRADE,64038,0.00016
2026-07-30 13:38:51,BTCUSDT,BINANCE,TRADE,64038,0.00239
2026-07-30 13:38:51,BTCUSDT,BINANCE,TRADE,64038,0.00181
2026-07-30 13:38:51,BTCUSDT,BINANCE,TRADE,64038,0.00509
2026-07-30 13:38:51,BTCUSDT,BINANCE,TRADE,64038,0.00178
2026-07-30 13:38:51,BTCUSDT,BINANCE,TRADE,64038,0.00065
2026-07-30 13:38:51,ETHUSDT,BINANCE,TRADE,1903.75,0.0028
2026-07-30 13:38:51,ETHUSDT,BINANCE,TRADE,1903.75,0.0028
2026-07-30 13:38:51,ETHUSDT,BINANCE,TRADE,1903.75,0.0032
2026-07-30 13:38:51,ETHUSDT,BINANCE,TRADE,1903.75,0.021
2026-07-30 13:38:51,ETHUSDT,BINANCE,TRADE,1903.75,0.0027
2026-07-30 13:38:51,ETHUSDT,BINANCE,TRADE,1903.75,0.0028
2026-07-30 13:38:51,ETHUSDT,BINANCE,TRADE,1903.75,0.0028
2026-07-30 13:38:51,ETHUSDT,BINANCE,TRADE,1903.75,0.0053
2026-07-30 13:38:51,ETHUSDT,BINANCE,TRADE,1903.75,0.0027
2026-07-30 13:38:51,ETHUSDT,BINANCE,TRADE,1903.75,0.021
2026-07-30 13:38:51,ETHUSDT,BINANCE,TRADE,1903.75,0.0027
2026-07-30 13:38:51,ETHUSDT,BINANCE,TRADE,1903.75,0.0027
2026-07-30 13:38:51,ETHUSDT,BINANCE,TRADE,1903.75,0.0027
2026-07-30 13:38:51,ETHUSDT,BINANCE,TRADE,1903.75,0.0032
2026-07-30 13:38:51,ETHUSDT,BINANCE,TRADE,1903.75,0.0032
2026-07-30 13:38:51,ETHUSDT,BINANCE,TRADE,1903.75,0.0027
2026-07-30 13:38:51,ETHUSDT,BINANCE,TRADE,1903.75,1.7943
2026-07-30 13:38:51,ETHUSDT,BINANCE,TRADE,1903.75,0.0028
2026-07-30 13:38:51,BTCUSDT,BINANCE,TRADE,64038,0.00078
2026-07-30 13:38:51,BTCUSDT,BINANCE,TRADE,64038,0.00548
2026-07-30 13:38:51,BTCUSDT,BINANCE,TRADE,64038,0.00048
2026-07-30 13:38:51,BTCUSDT,BINANCE,TRADE,64038,0.0031
2026-07-30 13:38:51,BTCUSDT,BINANCE,TRADE,64038,0.00031
2026-07-30 13:38:51,BTCUSDT,BINANCE,TRADE,64038,0.00021
2026-07-30 13:38:51,BTCUSDT,BINANCE,TRADE,64038,9e-05
2026-07-30 13:38:51,BTCUSDT,BINANCE,TRADE,64038,0.00902
2026-07-30 13:38:51,ETHUSDT,BINANCE,TRADE,1903.76,0.0053
2026-07-30 13:38:51,ETHUSDT,BINANCE,TRADE,1903.76,0.0028
2026-07-30 13:38:51,ETHUSDT,BINANCE,TRADE,1903.76,0.0095
2026-07-30 13:38:51,BTCUSDT,BINANCE,TRADE,64038,0.00038
2026-07-30 13:38:51,BTCUSDT,BINANCE,TRADE,64038,0.00015
2026-07-30 13:38:51,ETHUSDT,BINANCE,TRADE,1903.76,0.7469
2026-07-30 13:38:51,ETHUSDT,BINANCE,TRADE,1903.76,0.0027
2026-07-30 13:38:51,ETHUSDT,BINANCE,TRADE,1903.76,0.0027
2026-07-30 13:38:51,ETHUSDT,BINANCE,TRADE,1903.76,0.0032
2026-07-30 13:38:51,ETHUSDT,BINANCE,TRADE,1903.76,0.0027
2026-07-30 13:38:51,ETHUSDT,BINANCE,TRADE,1903.76,0.0027
2026-07-30 13:38:51,ETHUSDT,BINANCE,TRADE,1903.76,0.0027
2026-07-30 13:38:51,ETHUSDT,BINANCE,TRADE,1903.76,0.0027
2026-07-30 13:38:51,ETHUSDT,BINANCE,TRADE,1903.76,0.0027
2026-07-30 13:38:51,ETHUSDT,BINANCE,TRADE,1903.76,0.0028
2026-07-30 13:38:51,ETHUSDT,BINANCE,TRADE,1903.76,0.0032
2026-07-30 13:38:51,ETHUSDT,BINANCE,TRADE,1903.76,0.0032
2026-07-30 13:38:51,ETHUSDT,BINANCE,TRADE,1903.76,0.0028
2026-07-30 13:38:51,ETHUSDT,BINANCE,TRADE,1903.77,0.0027
2026-07-30 13:38:51,ETHUSDT,BINANCE,TRADE,1903.77,0.0053
2026-07-30 13:38:51,ETHUSDT,BINANCE,TRADE,1903.77,0.0028
2026-07-30 13:38:51,ETHUSDT,BINANCE,TRADE,1903.77,0.0027
2026-07-30 13:38:51,ETHUSDT,BINANCE,TRADE,1903.77,0.0027
2026-07-30 13:38:51,ETHUSDT,BINANCE,TRADE,1903.77,0.0027
2026-07-30 13:38:51,ETHUSDT,BINANCE,TRADE,1903.77,0.0027
2026-07-30 13:38:51,ETHUSDT,BINANCE,TRADE,1903.78,0.0028
2026-07-30 13:38:51,ETHUSDT,BINANCE,TRADE,1903.78,0.0027
2026-07-30 13:38:51,ETHUSDT,BINANCE,TRADE,1903.79,0.0028
2026-07-30 13:38:51,ETHUSDT,BINANCE,TRADE,1903.8,0.0028
2026-07-30 13:38:51,ETHUSDT,BINANCE,TRADE,1903.81,0.0028
2026-07-30 13:38:51,ETHUSDT,BINANCE,TRADE,1903.82,0.0028
2026-07-30 13:38:51,ETHUSDT,BINANCE,TRADE,1903.83,0.0028
2026-07-30 13:38:51,ETHUSDT,BINANCE,TRADE,1903.84,0.0028
2026-07-30 13:38:51,ETHUSDT,BINANCE,TRADE,1903.84,0.0027
2026-07-30 13:38:51,ETHUSDT,BINANCE,TRADE,1903.85,0.0028
2026-07-30 13:38:51,ETHUSDT,BINANCE,TRADE,1903.86,0.0027
2026-07-30 13:38:51,ETHUSDT,BINANCE,TRADE,1903.88,0.0028
2026-07-30 13:38:51,ETHUSDT,BINANCE,TRADE,1903.88,0.0028
2026-07-30 13:38:51,ETHUSDT,BINANCE,TRADE,1903.88,0.0028
2026-07-30 13:38:51,BTCUSDT,BINANCE,TRADE,64038,0.00065
2026-07-30 13:38:51,BTCUSDT,BINANCE,TRADE,64038,0.00028
2026-07-30 13:38:51,BTCUSDT,BINANCE,TRADE,64038,0.0021
2026-07-30 13:38:51,ETHUSDT,BINANCE,TRADE,1903.89,0.0053
2026-07-30 13:38:51,BTCUSDT,BINANCE,TRADE,64038,0.0018
2026-07-30 13:38:52,BTCUSDT,BINANCE,TRADE,64038,0.00031
2026-07-30 13:38:52,SOLUSDT,BINANCE,TRADE,73.39,1.37
2026-07-30 13:38:52,BTCUSDT,BINANCE,TRADE,64038,0.00166
2026-07-30 13:38:52,BTCUSDT,BINANCE,TRADE,64038,0.00223
2026-07-30 13:38:52,BTCUSDT,BINANCE,TRADE,64038,0.00097
2026-07-30 13:38:52,BTCUSDT,BINANCE,TRADE,64038,0.01873
2026-07-30 13:38:52,ETHUSDT,BINANCE,TRADE,1903.89,0.0271
2026-07-30 13:38:52,BTCUSDT,BINANCE,TRADE,64038,0.00515
2026-07-30 13:38:52,BTCUSDT,BINANCE,TRADE,64038,0.00014
2026-07-30 13:38:52,BTCUSDT,BINANCE,TRADE,64038,0.00038
2026-07-30 13:38:52,BTCUSDT,BINANCE,TRADE,64038,8e-05
2026-07-30 13:38:52,BTCUSDT,BINANCE,TRADE,64038,0.00065
2026-07-30 13:38:52,BTCUSDT,BINANCE,TRADE,64038,0.00026
2026-07-30 13:38:52,ETHUSDT,BINANCE,TRADE,1903.88,0.042
2026-07-30 13:38:52,BTCUSDT,BINANCE,TRADE,64038,0.00018
2026-07-30 13:38:52,BTCUSDT,BINANCE,TRADE,64038,0.002
2026-07-30 13:38:52,SOLUSDT,BINANCE,TRADE,73.39,1.065
2026-07-30 13:38:52,SOLUSDT,BINANCE,TRADE,73.39,36.07
2026-07-30 13:38:52,SOLUSDT,BINANCE,TRADE,73.39,0.072
2026-07-30 13:38:52,SOLUSDT,BINANCE,TRADE,73.39,0.072
2026-07-30 13:38:52,SOLUSDT,BINANCE,TRADE,73.39,0.072
2026-07-30 13:38:52,SOLUSDT,BINANCE,TRADE,73.39,0.072
2026-07-30 13:38:52,SOLUSDT,BINANCE,TRADE,73.39,0.277
2026-07-30 13:38:52,SOLUSDT,BINANCE,TRADE,73.39,0.072
2026-07-30 13:38:52,SOLUSDT,BINANCE,TRADE,73.39,0.072
2026-07-30 13:38:52,SOLUSDT,BINANCE,TRADE,73.39,0.072
2026-07-30 13:38:52,SOLUSDT,BINANCE,TRADE,73.39,0.072
2026-07-30 13:38:52,SOLUSDT,BINANCE,TRADE,73.39,0.072
2026-07-30 13:38:52,SOLUSDT,BINANCE,TRADE,73.39,0.137
2026-07-30 13:38:52,SOLUSDT,BINANCE,TRADE,73.39,0.072
2026-07-30 13:38:52,SOLUSDT,BINANCE,TRADE,73.39,0.07
2026-07-30 13:38:52,SOLUSDT,BINANCE,TRADE,73.39,3
2026-07-30 13:38:52,SOLUSDT,BINANCE,TRADE,73.39,35.004
2026-07-30 13:38:52,SOLUSDT,BINANCE,TRADE,73.39,0.072
2026-07-30 13:38:52,SOLUSDT,BINANCE,TRADE,73.39,0.072
2026-07-30 13:38:52,SOLUSDT,BINANCE,TRADE,73.39,0.072
2026-07-30 13:38:52,ETHUSDT,BINANCE,TRADE,1903.89,0.0027
2026-07-30 13:38:52,ETHUSDT,BINANCE,TRADE,1903.89,0.0027
2026-07-30 13:38:52,ETHUSDT,BINANCE,TRADE,1903.89,0.0027
2026-07-30 13:38:52,ETHUSDT,BINANCE,TRADE,1903.89,0.0028
2026-07-30 13:38:52,ETHUSDT,BINANCE,TRADE,1903.89,0.0032
2026-07-30 13:38:52,ETHUSDT,BINANCE,TRADE,1903.89,0.0032
2026-07-30 13:38:52,ETHUSDT,BINANCE,TRADE,1903.89,0.0032
2026-07-30 13:38:52,ETHUSDT,BINANCE,TRADE,1903.89,0.0027
2026-07-30 13:38:52,ETHUSDT,BINANCE,TRADE,1903.89,0.0027
2026-07-30 13:38:52,ETHUSDT,BINANCE,TRADE,1903.89,0.0027
2026-07-30 13:38:52,ETHUSDT,BINANCE,TRADE,1903.89,0.0028
2026-07-30 13:38:52,ETHUSDT,BINANCE,TRADE,1903.89,0.025
2026-07-30 13:38:52,ETHUSDT,BINANCE,TRADE,1903.89,0.021
2026-07-30 13:38:52,ETHUSDT,BINANCE,TRADE,1903.89,0.0027
2026-07-30 13:38:52,ETHUSDT,BINANCE,TRADE,1903.89,1.2199
2026-07-30 13:38:52,ETHUSDT,BINANCE,TRADE,1903.89,0.003
2026-07-30 13:38:52,ETHUSDT,BINANCE,TRADE,1903.89,0.0027
2026-07-30 13:38:52,ETHUSDT,BINANCE,TRADE,1903.89,0.0028
2026-07-30 13:38:52,ETHUSDT,BINANCE,TRADE,1903.89,0.0027
2026-07-30 13:38:52,ETHUSDT,BINANCE,TRADE,1903.89,0.0027
2026-07-30 13:38:52,ETHUSDT,BINANCE,TRADE,1903.89,0.0027
2026-07-30 13:38:52,ETHUSDT,BINANCE,TRADE,1903.89,0.0032
2026-07-30 13:38:52,ETHUSDT,BINANCE,TRADE,1903.89,0.0032
2026-07-30 13:38:52,ETHUSDT,BINANCE,TRADE,1903.89,0.0032
2026-07-30 13:38:52,ETHUSDT,BINANCE,TRADE,1903.89,0.0028
2026-07-30 13:38:52,ETHUSDT,BINANCE,TRADE,1903.89,0.0027
2026-07-30 13:38:52,ETHUSDT,BINANCE,TRADE,1903.89,0.0027
2026-07-30 13:38:52,ETHUSDT,BINANCE,TRADE,1903.9,0.0028
2026-07-30 13:38:52,ETHUSDT,BINANCE,TRADE,1903.9,0.0028
2026-07-30 13:38:52,ETHUSDT,BINANCE,TRADE,1903.9,0.0028
2026-07-30 13:38:52,ETHUSDT,BINANCE,TRADE,1903.9,0.0027
2026-07-30 13:38:52,ETHUSDT,BINANCE,TRADE,1903.9,0.0027
2026-07-30 13:38:52,ETHUSDT,BINANCE,TRADE,1903.9,0.0027
2026-07-30 13:38:52,ETHUSDT,BINANCE,TRADE,1903.9,0.0028
2026-07-30 13:38:52,BTCUSDT,BINANCE,TRADE,64038,0.002
2026-07-30 13:38:52,ETHUSDT,BINANCE,TRADE,1903.91,0.0028
2026-07-30 13:38:52,ETHUSDT,BINANCE,TRADE,1903.91,0.0027
2026-07-30 13:38:52,ETHUSDT,BINANCE,TRADE,1903.91,0.0027
2026-07-30 13:38:52,ETHUSDT,BINANCE,TRADE,1903.91,0.0032
2026-07-30 13:38:52,ETHUSDT,BINANCE,TRADE,1903.91,0.0032
2026-07-30 13:38:52,ETHUSDT,BINANCE,TRADE,1903.91,0.0032
2026-07-30 13:38:52,ETHUSDT,BINANCE,TRADE,1903.91,0.0027
2026-07-30 13:38:52,ETHUSDT,BINANCE,TRADE,1903.91,0.0027
2026-07-30 13:38:52,ETHUSDT,BINANCE,TRADE,1903.91,0.0027
2026-07-30 13:38:52,ETHUSDT,BINANCE,TRADE,1903.91,0.0053
2026-07-30 13:38:52,ETHUSDT,BINANCE,TRADE,1903.91,0.0027
2026-07-30 13:38:52,ETHUSDT,BINANCE,TRADE,1903.91,0.0027
2026-07-30 13:38:52,ETHUSDT,BINANCE,TRADE,1903.91,0.0028
2026-07-30 13:38:52,ETHUSDT,BINANCE,TRADE,1903.92,0.0027
2026-07-30 13:38:52