timestamp,symbol,exchange,event_type,price,quantity
2026-07-30 13:46:32,BTCUSDT,BINANCE,TRADE,64032,0.00012
2026-07-30 13:46:32,ETHUSDT,BINANCE,TRADE,1905.03,0.2163
2026-07-30 13:46:32,BTCUSDT,BINANCE,TRADE,64032,0.00166
2026-07-30 13:46:32,BTCUSDT,BINANCE,TRADE,64032,0.01873
2026-07-30 13:46:32,ETHUSDT,BINANCE,TRADE,1905.03,0.0114
2026-07-30 13:46:32,BTCUSDT,BINANCE,TRADE,64032,0.00029
2026-07-30 13:46:32,BTCUSDT,BINANCE,TRADE,64032,8e-05
2026-07-30 13:46:32,BTCUSDT,BINANCE,TRADE,64032,0.00031
2026-07-30 13:46:32,BTCUSDT,BINANCE,TRADE,64032,0.00156
2026-07-30 13:46:32,BTCUSDT,BINANCE,TRADE,64032,0.00156
2026-07-30 13:46:32,BTCUSDT,BINANCE,TRADE,64032,0.00145
2026-07-30 13:46:32,BTCUSDT,BINANCE,TRADE,64032,0.00156
2026-07-30 13:46:32,BTCUSDT,BINANCE,TRADE,64032,0.00156
2026-07-30 13:46:32,BTCUSDT,BINANCE,TRADE,64032,0.00156
2026-07-30 13:46:32,BTCUSDT,BINANCE,TRADE,64032,0.00314
2026-07-30 13:46:32,BTCUSDT,BINANCE,TRADE,64032,0.00156
2026-07-30 13:46:32,ETHUSDT,BINANCE,TRADE,1905.02,0.1734
2026-07-30 13:46:33,BTCUSDT,BINANCE,TRADE,64032,0.00026
2026-07-30 13:46:33,BTCUSDT,BINANCE,TRADE,64032,0.00014
2026-07-30 13:46:33,BTCUSDT,BINANCE,TRADE,64032,0.00156
2026-07-30 13:46:33,BTCUSDT,BINANCE,TRADE,64032,0.00025
2026-07-30 13:46:33,BTCUSDT,BINANCE,TRADE,64032,0.00019
2026-07-30 13:46:33,BTCUSDT,BINANCE,TRADE,64032,0.00145
2026-07-30 13:46:33,BTCUSDT,BINANCE,TRADE,64032,9e-05
2026-07-30 13:46:33,BTCUSDT,BINANCE,TRADE,64032,0.00156
2026-07-30 13:46:33,BTCUSDT,BINANCE,TRADE,64032,0.002
2026-07-30 13:46:33,BTCUSDT,BINANCE,TRADE,64032,0.00521
2026-07-30 13:46:33,BTCUSDT,BINANCE,TRADE,64032,0.00029
2026-07-30 13:46:33,BTCUSDT,BINANCE,TRADE,64032,0.00021
2026-07-30 13:46:33,BTCUSDT,BINANCE,TRADE,64032,0.00182
2026-07-30 13:46:33,BTCUSDT,BINANCE,TRADE,64032,0.00038
2026-07-30 13:46:33,ETHUSDT,BINANCE,TRADE,1905.02,0.0524
2026-07-30 13:46:33,BTCUSDT,BINANCE,TRADE,64032,0.00156
2026-07-30 13:46:33,BTCUSDT,BINANCE,TRADE,64032,0.00156
2026-07-30 13:46:33,BTCUSDT,BINANCE,TRADE,64032,0.00021
2026-07-30 13:46:33,BTCUSDT,BINANCE,TRADE,64032,0.00019
2026-07-30 13:46:33,BTCUSDT,BINANCE,TRADE,64032,0.00039
2026-07-30 13:46:33,BTCUSDT,BINANCE,TRADE,64032,0.02266
2026-07-30 13:46:33,ETHUSDT,BINANCE,TRADE,1905.02,0.0027
2026-07-30 13:46:33,ETHUSDT,BINANCE,TRADE,1905.02,0.0003
2026-07-30 13:46:33,ETHUSDT,BINANCE,TRADE,1905.02,0.0024
2026-07-30 13:46:33,ETHUSDT,BINANCE,TRADE,1905.02,0.0031
2026-07-30 13:46:33,ETHUSDT,BINANCE,TRADE,1905.02,0.0268
2026-07-30 13:46:33,ETHUSDT,BINANCE,TRADE,1905.02,0.0027
2026-07-30 13:46:33,ETHUSDT,BINANCE,TRADE,1905.02,0.0028
2026-07-30 13:46:33,ETHUSDT,BINANCE,TRADE,1905.02,0.0028
2026-07-30 13:46:33,ETHUSDT,BINANCE,TRADE,1905.02,0.0027
2026-07-30 13:46:33,ETHUSDT,BINANCE,TRADE,1905.02,0.0027
2026-07-30 13:46:33,ETHUSDT,BINANCE,TRADE,1905.02,0.0027
2026-07-30 13:46:33,ETHUSDT,BINANCE,TRADE,1905.02,0.0027
2026-07-30 13:46:33,ETHUSDT,BINANCE,TRADE,1905.02,0.0027
2026-07-30 13:46:33,ETHUSDT,BINANCE,TRADE,1905.02,0.0027
2026-07-30 13:46:33,ETHUSDT,BINANCE,TRADE,1905.02,0.0027
2026-07-30 13:46:33,ETHUSDT,BINANCE,TRADE,1905.02,0.0027
2026-07-30 13:46:33,ETHUSDT,BINANCE,TRADE,1905.02,0.0027
2026-07-30 13:46:33,ETHUSDT,BINANCE,TRADE,1905.02,0.0031
2026-07-30 13:46:33,ETHUSDT,BINANCE,TRADE,1905.02,0.0031
2026-07-30 13:46:33,ETHUSDT,BINANCE,TRADE,1905.02,0.0053
2026-07-30 13:46:33,ETHUSDT,BINANCE,TRADE,1905.02,0.0027
2026-07-30 13:46:33,ETHUSDT,BINANCE,TRADE,1905.01,0.0028
2026-07-30 13:46:33,ETHUSDT,BINANCE,TRADE,1905.01,0.0027
2026-07-30 13:46:33,ETHUSDT,BINANCE,TRADE,1905.01,0.0027
2026-07-30 13:46:33,ETHUSDT,BINANCE,TRADE,1905.01,0.0027
2026-07-30 13:46:33,ETHUSDT,BINANCE,TRADE,1905.01,0.0027
2026-07-30 13:46:33,ETHUSDT,BINANCE,TRADE,1905.01,0.0053
2026-07-30 13:46:33,ETHUSDT,BINANCE,TRADE,1905.01,0.0027
2026-07-30 13:46:33,ETHUSDT,BINANCE,TRADE,1905,0.0028
2026-07-30 13:46:33,ETHUSDT,BINANCE,TRADE,1905,0.0053
2026-07-30 13:46:33,ETHUSDT,BINANCE,TRADE,1904.99,0.0027
2026-07-30 13:46:33,ETHUSDT,BINANCE,TRADE,1904.99,0.0028
2026-07-30 13:46:33,ETHUSDT,BINANCE,TRADE,1904.99,0.0027
2026-07-30 13:46:33,ETHUSDT,BINANCE,TRADE,1904.99,0.0027
2026-07-30 13:46:33,ETHUSDT,BINANCE,TRADE,1904.99,0.0027
2026-07-30 13:46:33,ETHUSDT,BINANCE,TRADE,1904.99,0.0027
2026-07-30 13:46:33,ETHUSDT,BINANCE,TRADE,1904.98,0.0027
2026-07-30 13:46:33,ETHUSDT,BINANCE,TRADE,1904.98,0.0027
2026-07-30 13:46:33,ETHUSDT,BINANCE,TRADE,1904.98,0.0027
2026-07-30 13:46:33,ETHUSDT,BINANCE,TRADE,1904.98,0.0027
2026-07-30 13:46:33,ETHUSDT,BINANCE,TRADE,1904.98,0.0028
2026-07-30 13:46:33,ETHUSDT,BINANCE,TRADE,1904.98,0.0027
2026-07-30 13:46:33,ETHUSDT,BINANCE,TRADE,1904.98,0.0027
2026-07-30 13:46:33,ETHUSDT,BINANCE,TRADE,1904.98,0.0027
2026-07-30 13:46:33,ETHUSDT,BINANCE,TRADE,1904.98,0.0027
2026-07-30 13:46:33,ETHUSDT,BINANCE,TRADE,1904.98,0.0027
2026-07-30 13:46:33,ETHUSDT,BINANCE,TRADE,1904.98,0.0027
2026-07-30 13:46:33,ETHUSDT,BINANCE,TRADE,1904.98,0.0027
2026-07-30 13:46:33,ETHUSDT,BINANCE,TRADE,1904.98,0.0027
2026-07-30 13:46:33,ETHUSDT,BINANCE,TRADE,1904.98,0.0027
2026-07-30 13:46:33,ETHUSDT,BINANCE,TRADE,1904.98,0.0027
2026-07-30 13:46:33,ETHUSDT,BINANCE,TRADE,1904.98,0.0027
2026-07-30 13:46:33,ETHUSDT,BINANCE,TRADE,1904.98,0.0027
2026-07-30 13:46:33,ETHUSDT,BINANCE,TRADE,1904.98,0.0027
2026-07-30 13:46:33,ETHUSDT,BINANCE,TRADE,1904.97,0.0028
2026-07-30 13:46:33,ETHUSDT,BINANCE,TRADE,1904.96,0.0027
2026-07-30 13:46:33,ETHUSDT,BINANCE,TRADE,1904.96,0.0028
2026-07-30 13:46:33,ETHUSDT,BINANCE,TRADE,1904.96,0.0028
2026-07-30 13:46:33,ETHUSDT,BINANCE,TRADE,1904.96,0.0027
2026-07-30 13:46:33,ETHUSDT,BINANCE,TRADE,1904.95,0.0027
2026-07-30 13:46:33,ETHUSDT,BINANCE,TRADE,1904.95,0.0028
2026-07-30 13:46:33,ETHUSDT,BINANCE,TRADE,1904.95,0.0028
2026-07-30 13:46:33,ETHUSDT,BINANCE,TRADE,1904.95,0.0028
2026-07-30 13:46:33,ETHUSDT,BINANCE,TRADE,1904.95,1.198
2026-07-30 13:46:33,ETHUSDT,BINANCE,TRADE,1904.95,0.0027
2026-07-30 13:46:33,ETHUSDT,BINANCE,TRADE,1904.95,0.0028
2026-07-30 13:46:33,BTCUSDT,BINANCE,TRADE,64032,0.00016
2026-07-30 13:46:33,BTCUSDT,BINANCE,TRADE,64032,0.00156
2026-07-30 13:46:33,ETHUSDT,BINANCE,TRADE,1904.95,0.0089
2026-07-30 13:46:33,BTCUSDT,BINANCE,TRADE,64032,0.00012
2026-07-30 13:46:33,ETHUSDT,BINANCE,TRADE,1904.95,0.1725
2026-07-30 13:46:33,BTCUSDT,BINANCE,TRADE,64032,0.00156
2026-07-30 13:46:33,BTCUSDT,BINANCE,TRADE,64032,0.00232
2026-07-30 13:46:33,BTCUSDT,BINANCE,TRADE,64032,0.00789
2026-07-30 13:46:33,BTCUSDT,BINANCE,TRADE,64032,0.00055
2026-07-30 13:46:33,BTCUSDT,BINANCE,TRADE,64032,0.00156
2026-07-30 13:46:33,BTCUSDT,BINANCE,TRADE,64032,0.00499
2026-07-30 13:46:33,BTCUSDT,BINANCE,TRADE,64032,0.00031
2026-07-30 13:46:33,BTCUSDT,BINANCE,TRADE,64032,0.00015
2026-07-30 13:46:33,BTCUSDT,BINANCE,TRADE,64032,0.00156
2026-07-30 13:46:33,ETHUSDT,BINANCE,TRADE,1904.95,0.2321
2026-07-30 13:46:33,BTCUSDT,BINANCE,TRADE,64032,0.00012
2026-07-30 13:46:33,ETHUSDT,BINANCE,TRADE,1904.94,0.0027
2026-07-30 13:46:33,ETHUSDT,BINANCE,TRADE,1904.94,0.0028
2026-07-30 13:46:33,ETHUSDT,BINANCE,TRADE,1904.94,0.0094
2026-07-30 13:46:33,BTCUSDT,BINANCE,TRADE,64032,0.00182
2026-07-30 13:46:33,BTCUSDT,BINANCE,TRADE,64032,0.00013
2026-07-30 13:46:33,BTCUSDT,BINANCE,TRADE,64032,0.00314
2026-07-30 13:46:33,BTCUSDT,BINANCE,TRADE,64032,0.00039
2026-07-30 13:46:33,BTCUSDT,BINANCE,TRADE,64032,0.00046
2026-07-30 13:46:33,BTCUSDT,BINANCE,TRADE,64032,0.00025
2026-07-30 13:46:33,BTCUSDT,BINANCE,TRADE,64032,0.00156
2026-07-30 13:46:33,BTCUSDT,BINANCE,TRADE,64032,0.00156
2026-07-30 13:46:33,BTCUSDT,BINANCE,TRADE,64032,0.00017
2026-07-30 13:46:33,BTCUSDT,BINANCE,TRADE,64032,0.00138
2026-07-30 13:46:34,BTCUSDT,BINANCE,TRADE,64032,0.00095
2026-07-30 13:46:34,ETHUSDT,BINANCE,TRADE,1904.94,0.0136
2026-07-30 13:46:34,BTCUSDT,BINANCE,TRADE,64032,0.00156
2026-07-30 13:46:34,ETHUSDT,BINANCE,TRADE,1904.94,0.1598
2026-07-30 13:46:34,BTCUSDT,BINANCE,TRADE,64032,0.00156
2026-07-30 13:46:34,BTCUSDT,BINANCE,TRADE,64032,0.00156
2026-07-30 13:46:34,BTCUSDT,BINANCE,TRADE,64032,0.00262
2026-07-30 13:46:34,BTCUSDT,BINANCE,TRADE,64032,0.00156
2026-07-30 13:46:34,BTCUSDT,BINANCE,TRADE,64032,0.00032
2026-07-30 13:46:34,BTCUSDT,BINANCE,TRADE,64032,0.00021
2026-07-30 13:46:34,BTCUSDT,BINANCE,TRADE,64032,0.00156
2026-07-30 13:46:34,BTCUSDT,BINANCE,TRADE,64032,0.00033
2026-07-30 13:46:34,ETHUSDT,BINANCE,TRADE,1904.94,0.042
2026-07-30 13:46:34,BTCUSDT,BINANCE,TRADE,64032,0.00107
2026-07-30 13:46:34,BTCUSDT,BINANCE,TRADE,64032,0.00156
2026-07-30 13:46:34,BTCUSDT,BINANCE,TRADE,64032,0.00156
2026-07-30 13:46:34,BTCUSDT,BINANCE,TRADE,64032,0.00156
2026-07-30 13:46:34,BTCUSDT,BINANCE,TRADE,64032,0.00031
2026-07-30 13:46:34,BTCUSDT,BINANCE,TRADE,64032,8e-05
2026-07-30 13:46:34,BTCUSDT,BINANCE,TRADE,64032,0.00156
2026-07-30 13:46:34,BTCUSDT,BINANCE,TRADE,64032,0.00156
2026-07-30 13:46:34,BTCUSDT,BINANCE,TRADE,64032,0.00156
2026-07-30 13:46:34,SOLUSDT,BINANCE,TRADE,73.43,2.711
2026-07-30 13:46:34,BTCUSDT,BINANCE,TRADE,64032,0.00156
2026-07-30 13:46:34,BTCUSDT,BINANCE,TRADE,64032,0.00156
2026-07-30 13:46:34,BTCUSDT,BINANCE,TRADE,64032,0.00156
2026-07-30 13:46:34,BTCUSDT,BINANCE,TRADE,64032,0.00143
2026-07-30 13:46:34,BTCUSDT,BINANCE,TRADE,64032,0.00509
2026-07-30 13:46:34,BTCUSDT,BINANCE,TRADE,64032,0.00019
2026-07-30 13:46:34,BTCUSDT,BINANCE,TRADE,64032,0.00122
2026-07-30 13:46:34,BTCUSDT,BINANCE,TRADE,64032,0.00166
2026-07-30 13:46:34,BTCUSDT,BINANCE,TRADE,64032,0.00156
2026-07-30 13:46:34,ETHUSDT,BINANCE,TRADE,1904.95,0.013
2026-07-30 13:46:34,BTCUSDT,BINANCE,TRADE,64032,0.00156
2026-07-30 13:46:34,BTCUSDT,BINANCE,TRADE,64032,0.00021
2026-07-30 13:46:34,ETHUSDT,BINANCE,TRADE,1904.94,0.2321
2026-07-30 13:46:34,BTCUSDT,BINANCE,TRADE,64032,0.00015
2026-07-30 13:46:34,BTCUSDT,BINANCE,TRADE,64032,0.00017
2026-07-30 13:46:34,BTCUSDT,BINANCE,TRADE,64032,0.00314
2026-07-30 13:46:34,BTCUSDT,BINANCE,TRADE,64032,0.00138
2026-07-30 13:46:34,BTCUSDT,BINANCE,TRADE,64032,0.00499
2026-07-30 13:46:34,BTCUSDT,BINANCE,TRADE,64032,0.00103
2026-07-30 13:46:34,BTCUSDT,BINANCE,TRADE,64032,0.01874
2026-07-30 13:46:34,BTCUSDT,BINANCE,TRADE,64032,0.00019
2026-07-30 13:46:34,BTCUSDT,BINANCE,TRADE,64032,0.00156
2026-07-30 13:46:34,ETHUSDT,BINANCE,TRADE,1904.94,0.0272
2026-07-30 13:46:34,ETHUSDT,BINANCE,TRADE,1904.94,0.0355
2026-07-30 13:46:34,BTCUSDT,BINANCE,TRADE,64032,0.00156
2026-07-30 13:46:34,BTCUSDT,BINANCE,TRADE,64032,0.00156
2026-07-30 13:46:34,BTCUSDT,BINANCE,TRADE,64032,9e-05
2026-07-30 13:46:34,BTCUSDT,BINANCE,TRADE,64032,0.00156
2026-07-30 13:46:34,BTCUSDT,BINANCE,TRADE,64032,0.00156
2026-07-30 13:46:35,BTCUSDT,BINANCE,TRADE,64032,0.00156
2026-07-30 13:46:35,BTCUSDT,BINANCE,TRADE,64032,0.00156
2026-07-30 13:46:35,BTCUSDT,BINANCE,TRADE,64032,0.00156
2026-07-30 13:46:35,BTCUSDT,BINANCE,TRADE,64032,0.00156
2026-07-30 13:46:35,BTCUSDT,BINANCE,TRADE,64032,0.00012
2026-07-30 13:46:35,BTCUSDT,BINANCE,TRADE,64032,0.00156
2026-07-30 13:46:35,BTCUSDT,BINANCE,TRADE,64032,0.00155
2026-07-30 13:46:35,BTCUSDT,BINANCE,TRADE,64032,0.00156
2026-07-30 13:46:35,BTCUSDT,BINANCE,TRADE,64032,0.00156
2026-07-30 13:46:35,BTCUSDT,BINANCE,TRADE,64032,0.00156
2026-07-30 13:46:35,BTCUSDT,BINANCE,TRADE,64032,0.00156
2026-07-30 13:46:35,ETHUSDT,BINANCE,TRADE,1904.95,0.0148
2026-07-30 13:46:35,BTCUSDT,BINANCE,TRADE,64032,0.00156
2026-07-30 13:46:35,BTCUSDT,BINANCE,TRADE,64032,0.00031
2026-07-30 13:46:35,ETHUSDT,BINANCE,TRADE,1904.95,0.1092
2026-07-30 13:46:35,BTCUSDT,BINANCE,TRADE,64032,0.00521
2026-07-30 13:46:35,BTCUSDT,BINANCE,TRADE,64032,0.00012
2026-07-30 13:46:35,BTCUSDT,BINANCE,TRADE,64032,0.00156
2026-07-30 13:46:35,BTCUSDT,BINANCE,TRADE,64032,0.00145
2026-07-30 13:46:35,ETHUSDT,BINANCE,TRADE,1904.94,0.0498
2026-07-30 13:46:35,BTCUSDT,BINANCE,TRADE,64032,0.00025
2026-07-30 13:46:35,BTCUSDT,BINANCE,TRADE,64032,0.00058
2026-07-30 13:46:35,BTCUSDT,BINANCE,TRADE,64032,0.00016
2026-07-30 13:46:35,BTCUSDT,BINANCE,TRADE,64032,0.00019
2026-07-30 13:46:35,BTCUSDT,BINANCE,TRADE,64032,0.00156
2026-07-30 13:46:35,ETHUSDT,BINANCE,TRADE,1904.94,0.0114
2026-07-30 13:46:35,BTCUSDT,BINANCE,TRADE,64032,0.00204
2026-07-30 13:46:35,BTCUSDT,BINANCE,TRADE,64032,0.00156
2026-07-30 13:46:35,BTCUSDT,BINANCE,TRADE,64032,0.00126
2026-07-30 13:46:35,BTCUSDT,BINANCE,TRADE,64032,0.00262
2026-07-30 13:46:35,BTCUSDT,BINANCE,TRADE,64032,0.00031
2026-07-30 13:46:35,ETHUSDT,BINANCE,TRADE,1904.95,0.0216
2026-07-30 13:46:35,BTCUSDT,BINANCE,TRADE,64032,0.00228
2026-07-30 13:46:35,BTCUSDT,BINANCE,TRADE,64032,0.00012
2026-07-30 13:46:35,ETHUSDT,BINANCE,TRADE,1904.94,0.2384
2026-07-30 13:46:35,BTCUSDT,BINANCE,TRADE,64032,0.00021
2026-07-30 13:46:35,BTCUSDT,BINANCE,TRADE,64032,0.00021
2026-07-30 13:46:35,BTCUSDT,BINANCE,TRADE,64032,0.00183
2026-07-30 13:46:35,BTCUSDT,BINANCE,TRADE,64032,0.00314
2026-07-30 13:46:35,BTCUSDT,BINANCE,TRADE,64032,0.00156
2026-07-30 13:46:35,BTCUSDT,BINANCE,TRADE,64032,8e-05
2026-07-30 13:46:35,BTCUSDT,BINANCE,TRADE,64032,0.00156
2026-07-30 13:46:35,BTCUSDT,BINANCE,TRADE,64032,0.00019
2026-07-30 13:46:35,BTCUSDT,BINANCE,TRADE,64032,0.00046
2026-07-30 13:46:35,BTCUSDT,BINANCE,TRADE,64032,0.00015
2026-07-30 13:46:35,BTCUSDT,BINANCE,TRADE,64032,0.00156
2026-07-30 13:46:35,BTCUSDT,BINANCE,TRADE,64032,0.00156
2026-07-30 13:46:35,BTCUSDT,BINANCE,TRADE,64032,0.00515
2026-07-30 13:46:35,SOLUSDT,BINANCE,TRADE,73.44,0.137
2026-07-30 13:46:35,BTCUSDT,BINANCE,TRADE,64032,0.00156
2026-07-30 13:46:35,BTCUSDT,BINANCE,TRADE,64032,0.00156
2026-07-30 13:46:35,BTCUSDT,BINANCE,TRADE,64032,0.00012
2026-07-30 13:46:35,BTCUSDT,BINANCE,TRADE,64032,0.00144
2026-07-30 13:46:35,ETHUSDT,BINANCE,TRADE,1904.95,0.2321
2026-07-30 13:46:35,BTCUSDT,BINANCE,TRADE,64032,0.00182
2026-07-30 13:46:35,BTCUSDT,BINANCE,TRADE,64032,0.00055
2026-07-30 13:46:35,BTCUSDT,BINANCE,TRADE,64032,0.00859
2026-07-30 13:46:35,ETHUSDT,BINANCE,TRADE,1904.95,0.2299
2026-07-30 13:46:35,SOLUSDT,BINANCE,TRADE,73.44,0.384
2026-07-30 13:46:35,BTCUSDT,BINANCE,TRADE,64032,0.00499
2026-07-30 13:46:35,SOLUSDT,BINANCE,TRADE,73.44,3.795
2026-07-30 13:46:35,BTCUSDT,BINANCE,TRADE,64032,0.00038
2026-07-30 13:46:36,BTCUSDT,BINANCE,TRADE,64032,0.00224
2026-07-30 13:46:36,ETHUSDT,BINANCE,TRADE,1904.94,0.0089
2026-07-30 13:46:36,ETHUSDT,BINANCE,TRADE,1904.95,0.0136
2026-07-30 13:46:36,BTCUSDT,BINANCE,TRADE,64032,0.00017
2026-07-30 13:46:36,BTCUSDT,BINANCE,TRADE,64032,0.00156
2026-07-30 13:46:36,BTCUSDT,BINANCE,TRADE,64032,0.00122
2026-07-30 13:46:36,BTCUSDT,BINANCE,TRADE,64032,0.00143
2026-07-30 13:46:36,BTCUSDT,BINANCE,TRADE,64032,0.00037
2026-07-30 13:46:36,BTCUSDT,BINANCE,TRADE,64032,0.00025
2026-07-30 13:46:36,BTCUSDT,BINANCE,TRADE,64032,0.00156
2026-07-30 13:46:36,BTCUSDT,BINANCE,TRADE,64032,0.00138
2026-07-30 13:46:36,ETHUSDT,BINANCE,TRADE,1904.94,0.0027
2026-07-30 13:46:36,BTCUSDT,BINANCE,TRADE,64032,0.00095
2026-07-30 13:46:36,BTCUSDT,BINANCE,TRADE,64032,0.00156
2026-07-30 13:46:36,BTCUSDT,BINANCE,TRADE,64032,9e-05
2026-07-30 13:46:36,BTCUSDT,BINANCE,TRADE,64032,0.00156
2026-07-30 13:46:36,BTCUSDT,BINANCE,TRADE,64032,0.00038
2026-07-30 13:46:36,BTCUSDT,BINANCE,TRADE,64032,0.00017
2026-07-30 13:46:36,BTCUSDT,BINANCE,TRADE,64032,0.00166
2026-07-30 13:46:36,BTCUSDT,BINANCE,TRADE,64032,0.00194
2026-07-30 13:46:36,BTCUSDT,BINANCE,TRADE,64032,0.00398
2026-07-30 13:46:36,BTCUSDT,BINANCE,TRADE,64032,0.00289
2026-07-30 13:46:36,BTCUSDT,BINANCE,TRADE,64032,0.00021
2026-07-30 13:46:36,ETHUSDT,BINANCE,TRADE,1904.95,0.0252
2026-07-30 13:46:36,SOLUSDT,BINANCE,TRADE,73.44,0.9
2026-07-30 13:46:36,BTCUSDT,BINANCE,TRADE,64032,0.00027
2026-07-30 13:46:36,BTCUSDT,BINANCE,TRADE,64032,0.002
2026-07-30 13:46:36,BTCUSDT,BINANCE,TRADE,64032,0.00156
2026-07-30 13:46:36,BTCUSDT,BINANCE,TRADE,64032,0.00038
2026-07-30 13:46:36,BTCUSDT,BINANCE,TRADE,64032,0.00314
2026-07-30 13:46:36,BTCUSDT,BINANCE,TRADE,64032,0.00156
2026-07-30 13:46:36,BTCUSDT,BINANCE,TRADE,64032,0.00039
2026-07-30 13:46:36,ETHUSDT,BINANCE,TRADE,1904.95,0.0205
2026-07-30 13:46:36,BTCUSDT,BINANCE,TRADE,64032,0.00031
2026-07-30 13:46:36,BTCUSDT,BINANCE,TRADE,64032,0.00055
2026-07-30 13:46:36,BTCUSDT,BINANCE,TRADE,64032,0.01874
2026-07-30 13:46:36,BTCUSDT,BINANCE,TRADE,64032,0.00061
2026-07-30 13:46:36,ETHUSDT,BINANCE,TRADE,1904.94,0.1725
2026-07-30 13:46:36,BTCUSDT,BINANCE,TRADE,64032,0.00295
2026-07-30 13:46:36,BTCUSDT,BINANCE,TRADE,64032,0.00156
2026-07-30 13:46:36,BTCUSDT,BINANCE,TRADE,64032,0.00156
2026-07-30 13:46:36,BTCUSDT,BINANCE,TRADE,64032,0.0002
2026-07-30 13:46:36,BTCUSDT,BINANCE,TRADE,64032,0.00262
2026-07-30 13:46:36,BTCUSDT,BINANCE,TRADE,64032,0.00156
2026-07-30 13:46:36,BTCUSDT,BINANCE,TRADE,64032,0.00156
2026-07-30 13:46:36,ETHUSDT,BINANCE,TRADE,1904.94,0.0027
2026-07-30 13:46:36,ETHUSDT,BINANCE,TRADE,1904.94,0.0003
2026-07-30 13:46:36,BTCUSDT,BINANCE,TRADE,64032,0.002
2026-07-30 13:46:36,BTCUSDT,BINANCE,TRADE,64032,0.00156
2026-07-30 13:46:36,ETHUSDT,BINANCE,TRADE,1904.94,0.0028
2026-07-30 13:46:36,ETHUSDT,BINANCE,TRADE,1904.94,0.0027
2026-07-30 13:46:36,ETHUSDT,BINANCE,TRADE,1904.94,0.0028
2026-07-30 13:46:36,ETHUSDT,BINANCE,TRADE,1904.94,0.0027
2026-07-30 13:46:36,ETHUSDT,BINANCE,TRADE,1904.94,0.0027
2026-07-30 13:46:36,ETHUSDT,BINANCE,TRADE,1904.94,0.0027
2026-07-30 13:46:36,ETHUSDT,BINANCE,TRADE,1904.94,0.0028
2026-07-30 13:46:36,ETHUSDT,BINANCE,TRADE,1904.94,0.0027
2026-07-30 13:46:36,ETHUSDT,BINANCE,TRADE,1904.94,0.0053
2026-07-30 13:46:36,ETHUSDT,BINANCE,TRADE,1904.94,0.0194
2026-07-30 13:46:36,ETHUSDT,BINANCE,TRADE,1904.94,0.0027
2026-07-30 13:46:36,ETHUSDT,BINANCE,TRADE,1904.94,0.0031
2026-07-30 13:46:36,ETHUSDT,BINANCE,TRADE,1904.94,0.0031
2026-07-30 13:46:36,ETHUSDT,BINANCE,TRADE,1904.94,0.0027
2026-07-30 13:46:36,ETHUSDT,BINANCE,TRADE,1904.94,0.0027
2026-07-30 13:46:36,ETHUSDT,BINANCE,TRADE,1904.94,0.0027
2026-07-30 13:46:36,ETHUSDT,BINANCE,TRADE,1904.94,0.0027
2026-07-30 13:46:36,ETHUSDT,BINANCE,TRADE,1904.94,0.0027
2026-07-30 13:46:36,ETHUSDT,BINANCE,TRADE,1904.93,0.0027
2026-07-30 13:46:36,ETHUSDT,BINANCE,TRADE,1904.93,0.0028
2026-07-30 13:46:36,ETHUSDT,BINANCE,TRADE,1904.93,0.0053
2026-07-30 13:46:36,ETHUSDT,BINANCE,TRADE,1904.93,0.0027
2026-07-30 13:46:36,ETHUSDT,BINANCE,TRADE,1904.93,0.0027
2026-07-30 13:46:36,ETHUSDT,BINANCE,TRADE,1904.93,0.0027
2026-07-30 13:46:36,ETHUSDT,BINANCE,TRADE,1904.93,0.0027
2026-07-30 13:46:36,ETHUSDT,BINANCE,TRADE,1904.92,0.0028
2026-07-30 13:46:36,ETHUSDT,BINANCE,TRADE,1904.92,0.0053
2026-07-30 13:46:36,ETHUSDT,BINANCE,TRADE,1904.9,0.0108
2026-07-30 13:46:36,ETHUSDT,BINANCE,TRADE,1904.9,0.0027
2026-07-30 13:46:36,ETHUSDT,BINANCE,TRADE,1904.9,0.0027
2026-07-30 13:46:36,ETHUSDT,BINANCE,TRADE,1904.9,0.0028
2026-07-30 13:46:36,ETHUSDT,BINANCE,TRADE,1904.9,0.0027
2026-07-30 13:46:36,ETHUSDT,BINANCE,TRADE,1904.9,0.0027
2026-07-30 13:46:36,ETHUSDT,BINANCE,TRADE,1904.89,0.0027
2026-07-30 13:46:36,ETHUSDT,BINANCE,TRADE,1904.89,0.0028
2026-07-30 13:46:36,ETHUSDT,BINANCE,TRADE,1904.89,0.0027
2026-07-30 13:46:36,ETHUSDT,BINANCE,TRADE,1904.88,0.0027
2026-07-30 13:46:36,ETHUSDT,BINANCE,TRADE,1904.88,0.003
2026-07-30 13:46:36,ETHUSDT,BINANCE,TRADE,1904.88,0.0028
2026-07-30 13:46:36,ETHUSDT,BINANCE,TRADE,1904.88,0.0027
2026-07-30 13:46:36,ETHUSDT,BINANCE,TRADE,1904.87,0.0028
2026-07-30 13:46:36,ETHUSDT,BINANCE,TRADE,1904.86,0.0028
2026-07-30 13:46:36,ETHUSDT,BINANCE,TRADE,1904.86,0.0028
2026-07-30 13:46:36,ETHUSDT,BINANCE,TRADE,1904.86,0.0028
2026-07-30 13:46:36,ETHUSDT,BINANCE,TRADE,1904.86,0.0028
2026-07-30 13:46:36,BTCUSDT,BINANCE,TRADE,64032,0.00019
2026-07-30 13:46:36,BTCUSDT,BINANCE,TRADE,64032,0.00156
2026-07-30 13:46:36,BTCUSDT,BINANCE,TRADE,64032,0.00156
2026-07-30 13:46:36,ETHUSDT,BINANCE,TRADE,1904.85,0.0027
2026-07-30 13:46:36,ETHUSDT,BINANCE,TRADE,1904.85,0.0028
2026-07-30 13:46:36,ETHUSDT,BINANCE,TRADE,1904.85,0.0028
2026-07-30 13:46:36,ETHUSDT,BINANCE,TRADE,1904.85,0.0028
2026-07-30 13:46:36,ETHUSDT,BINANCE,TRADE,1904.85,0.0027
2026-07-30 13:46:36,ETHUSDT,BINANCE,TRADE,1904.85,0.0031
2026-07-30 13:46:36,ETHUSDT,BINANCE,TRADE,1904.85,0.0027
2026-07-30 13:46:36,ETHUSDT,BINANCE,TRADE,1904.85,0.2125
2026-07-30 13:46:37,BTCUSDT,BINANCE,TRADE,64032,0.00195
2026-07-30 13:46:37,BTCUSDT,BINANCE,TRADE,64032,0.00499
2026-07-30 13:46:37,BTCUSDT,BINANCE,TRADE,64032,0.00021
2026-07-30 13:46:37,BTCUSDT,BINANCE,TRADE,64032,0.00017
2026-07-30 13:46:37,ETHUSDT,BINANCE,TRADE,1904.85,0.0148
2026-07-30 13:46:37,BTCUSDT,BINANCE,TRADE,64032,0.00156
2026-07-30 13:46:37,BTCUSDT,BINANCE,TRADE,64032,0.00182
2026-07-30 13:46:37,BTCUSDT,BINANCE,TRADE,64032,0.00156
2026-07-30 13:46:37,BTCUSDT,BINANCE,TRADE,64032,0.00019
2026-07-30 13:46:37,BTCUSDT,BINANCE,TRADE,64032,0.00156
2026-07-30 13:46:37,ETHUSDT,BINANCE,TRADE,1904.85,0.0156
2026-07-30 13:46:37,ETHUSDT,BINANCE,TRADE,1904.85,0.0028
2026-07-30 13:46:37,ETHUSDT,BINANCE,TRADE,1904.85,0.0031
2026-07-30 13:46:37,ETHUSDT,BINANCE,TRADE,1904.85,0.0031
2026-07-30 13:46:37,ETHUSDT,BINANCE,TRADE,1904.85,0.0027
2026-07-30 13:46:37,ETHUSDT,BINANCE,TRADE,1904.85,0.0027
2026-07-30 13:46:37,ETHUSDT,BINANCE,TRADE,1904.85,0.0027
2026-07-30 13:46:37,ETHUSDT,BINANCE,TRADE,1904.85,0.0028
2026-07-30 13:46:37,ETHUSDT,BINANCE,TRADE,1904.85,0.0028
2026-07-30 13:46:37,ETHUSDT,BINANCE,TRADE,1904.85,0.0027
2026-07-30 13:46:37,ETHUSDT,BINANCE,TRADE,1904.85,0.0028
2026-07-30 13:46:37,ETHUSDT,BINANCE,TRADE,1904.85,0.0031
2026-07-30 13:46:37,ETHUSDT,BINANCE,TRADE,1904.85,0.104
2026-07-30 13:46:37,ETHUSDT,BINANCE,TRADE,1904.85,0.0027
2026-07-30 13:46:37,ETHUSDT,BINANCE,TRADE,1904.85,0.0027
2026-07-30 13:46:37,ETHUSDT,BINANCE,TRADE,1904.85,0.0027
2026-07-30 13:46:37,ETHUSDT,BINANCE,TRADE,1904.85,0.0027
2026-07-30 13:46:37,ETHUSDT,BINANCE,TRADE,1904.85,0.0027
2026-07-30 13:46:37,ETHUSDT,BINANCE,TRADE,1904.85,0.0028
2026-07-30 13:46:37,ETHUSDT,BINANCE,TRADE,1904.85,0.0027
2026-07-30 13:46:37,ETHUSDT,BINANCE,TRADE,1904.85,0.0027
2026-07-30 13:46:37,BTCUSDT,BINANCE,TRADE,64032,0.00156
2026-07-30 13:46:37,BTCUSDT,BINANCE,TRADE,64032,0.00625
2026-07-30 13:46:37,BTCUSDT,BINANCE,TRADE,64032,0.00156
2026-07-30 13:46:37,BTCUSDT,BINANCE,TRADE,64032,0.00015
2026-07-30 13:46:37,BTCUSDT,BINANCE,TRADE,64032,0.00156
2026-07-30 13:46:37,BTCUSDT,BINANCE,TRADE,64032,0.00012
2026-07-30 13:46:37,BTCUSDT,BINANCE,TRADE,64032,0.00509
2026-07-30 13:46:37,BTCUSDT,BINANCE,TRADE,64032,0.00042
2026-07-30 13:46:37,BTCUSDT,BINANCE,TRADE,64032,0.00156
2026-07-30 13:46:37,ETHUSDT,BINANCE,TRADE,1904.84,0.1981
2026-07-30 13:46:37,BTCUSDT,BINANCE,TRADE,64032,9e-05
2026-07-30 13:46:37,BTCUSDT,BINANCE,TRADE,64032,0.00314
2026-07-30 13:46:37,BTCUSDT,BINANCE,TRADE,64032,0.00156
2026-07-30 13:46:37,BTCUSDT,BINANCE,TRADE,64032,0.00038
2026-07-30 13:46:37,BTCUSDT,BINANCE,TRADE,64032,0.00031
2026-07-30 13:46:37,BTCUSDT,BINANCE,TRADE,64032,0.00014
2026-07-30 13:46:37,BTCUSDT,BINANCE,TRADE,64032,0.02261
2026-07-30 13:46:37,BTCUSDT,BINANCE,TRADE,64032,0.00012
2026-07-30 13:46:37,BTCUSDT,BINANCE,TRADE,64032,0.00016
2026-07-30 13:46:37,BTCUSDT,BINANCE,TRADE,64032,0.00017
2026-07-30 13:46:37,BTCUSDT,BINANCE,TRADE,64032,0.00031
2026-07-30 13:46:37,BTCUSDT,BINANCE,TRADE,64032,0.00025
2026-07-30 13:46:37,BTCUSDT,BINANCE,TRADE,64032,0.00156
2026-07-30 13:46:37,BTCUSDT,BINANCE,TRADE,64032,0.00156
2026-07-30 13:46:37,BTCUSDT,BINANCE,TRADE,64032,0.00012
2026-07-30 13:46:37,BTCUSDT,BINANCE,TRADE,64032,0.00019
2026-07-30 13:46:37,BTCUSDT,BINANCE,TRADE,64032,0.00156
2026-07-30 13:46:37,BTCUSDT,BINANCE,TRADE,64032,0.00156
2026-07-30 13:46:37,BTCUSDT,BINANCE,TRADE,64032,0.00156
2026-07-30 13:46:37,BTCUSDT,BINANCE,TRADE,64032,0.00156
2026-07-30 13:46:37,BTCUSDT,BINANCE,TRADE,64032,0.00156
2026-07-30 13:46:37,BTCUSDT,BINANCE,TRADE,64032,0.00224
2026-07-30 13:46:37,BTCUSDT,BINANCE,TRADE,64032,0.00156
2026-07-30 13:46:37,BTCUSDT,BINANCE,TRADE,64032,0.00156
2026-07-30 13:46:37,BTCUSDT,BINANCE,TRADE,64032,0.00521
2026-07-30 13:46:37,BTCUSDT,BINANCE,TRADE,64032,0.00156
2026-07-30 13:46:37,BTCUSDT,BINANCE,TRADE,64032,0.00111
2026-07-30 13:46:37,BTCUSDT,BINANCE,TRADE,64032,0.00033
2026-07-30 13:46:37,BTCUSDT,BINANCE,TRADE,64032,0.00015
2026-07-30 13:46:37,BTCUSDT,BINANCE,TRADE,64032,8e-05
2026-07-30 13:46:37,BTCUSDT,BINANCE,TRADE,64032,0.00156
2026-07-30 13:46:37,ETHUSDT,BINANCE,TRADE,1904.84,0.0252
2026-07-30 13:46:37,BTCUSDT,BINANCE,TRADE,64032,0.00021
2026-07-30 13:46:37,BTCUSDT,BINANCE,TRADE,64032,0.00021
2026-07-30 13:46:37,BTCUSDT,BINANCE,TRADE,64032,0.00156
2026-07-30 13:46:37,BTCUSDT,BINANCE,TRADE,64032,0.00012
2026-07-30 13:46:37,BTCUSDT,BINANCE,TRADE,64032,8e-05
2026-07-30 13:46:37,BTCUSDT,BINANCE,TRADE,64032,8e-05
2026-07-30 13:46:37,BTCUSDT,BINANCE,TRADE,64032,0.00075
2026-07-30 13:46:37,BTCUSDT,BINANCE,TRADE,64032,9e-05
2026-07-30 13:46:37,BTCUSDT,BINANCE,TRADE,64032,8e-05
2026-07-30 13:46:37,BTCUSDT,BINANCE,TRADE,64032,8e-05
2026-07-30 13:46:37,BTCUSDT,BINANCE,TRADE,64032,8e-05
2026-07-30 13:46:37,BTCUSDT,BINANCE,TRADE,64032,0.00379
2026-07-30 13:46:37,BTCUSDT,BINANCE,TRADE,64032,0.00019
2026-07-30 13:46:38,BTCUSDT,BINANCE,TRADE,64032,0.00032
2026-07-30 13:46:38,ETHUSDT,BINANCE,TRADE,1904.85,0.0114
2026-07-30 13:46:38,BTCUSDT,BINANCE,TRADE,64032,0.00166
2026-07-30 13:46:38,BTCUSDT,BINANCE,TRADE,64032,0.00094
2026-07-30 13:46:38,BTCUSDT,BINANCE,TRADE,64032,0.00062
2026-07-30 13:46:38,BTCUSDT,BINANCE,TRADE,64032,0.00126
2026-07-30 13:46:38,BTCUSDT,BINANCE,TRADE,64032,0.00156
2026-07-30 13:46:38,BTCUSDT,BINANCE,TRADE,64032,0.00012
2026-07-30 13:46:38,ETHUSDT,BINANCE,TRADE,1904.85,0.2321
2026-07-30 13:46:38,BTCUSDT,BINANCE,TRADE,64032,0.00458
2026-07-30 13:46:38,BTCUSDT,BINANCE,TRADE,64032,0.00041
2026-07-30 13:46:38,ETHUSDT,BINANCE,TRADE,1904.85,0.0475
2026-07-30 13:46:38,BTCUSDT,BINANCE,TRADE,64032,0.00103
2026-07-30 13:46:38,BTCUSDT,BINANCE,TRADE,64032,0.00026
2026-07-30 13:46:38,BTCUSDT,BINANCE,TRADE,64032,0.00314
2026-07-30 13:46:38,BTCUSDT,BINANCE,TRADE,64032,0.00046
2026-07-30 13:46:38,BTCUSDT,BINANCE,TRADE,64032,0.00262
2026-07-30 13:46:38,BTCUSDT,BINANCE,TRADE,64032,0.00025
2026-07-30 13:46:38,BTCUSDT,BINANCE,TRADE,64032,0.0004
2026-07-30 13:46:38,BTCUSDT,BINANCE,TRADE,64032,0.0014
2026-07-30 13:46:38,BTCUSDT,BINANCE,TRADE,64032,9e-05
2026-07-30 13:46:38,BTCUSDT,BINANCE,TRADE,64032,0.00156
2026-07-30 13:46:38,BTCUSDT,BINANCE,TRADE,64032,0.00122
2026-07-30 13:46:38,BTCUSDT,BINANCE,TRADE,64032,0.00107
2026-07-30 13:46:38,BTCUSDT,BINANCE,TRADE,64032,0.00038
2026-07-30 13:46:38,BTCUSDT,BINANCE,TRADE,64032,0.00156
2026-07-30 13:46:38,BTCUSDT,BINANCE,TRADE,64032,0.00017
2026-07-30 13:46:38,BTCUSDT,BINANCE,TRADE,64032,0.00156
2026-07-30 13:46:38,ETHUSDT,BINANCE,TRADE,1904.85,0.0148
2026-07-30 13:46:38,BTCUSDT,BINANCE,TRADE,64032,0.00789
2026-07-30 13:46:38,BTCUSDT,BINANCE,TRADE,64032,0.00027
2026-07-30 13:46:38,BTCUSDT,BINANCE,TRADE,64032,0.00087
2026-07-30 13:46:38,BTCUSDT,BINANCE,TRADE,64032,0.00156
2026-07-30 13:46:38,ETHUSDT,BINANCE,TRADE,1904.85,0.2384
2026-07-30 13:46:38,BTCUSDT,BINANCE,TRADE,64032,0.00029
2026-07-30 13:46:38,BTCUSDT,BINANCE,TRADE,64032,0.00509
2026-07-30 13:46:38,BTCUSDT,BINANCE,TRADE,64032,0.00021
2026-07-30 13:46:38,BTCUSDT,BINANCE,TRADE,64032,0.00156
2026-07-30 13:46:38,ETHUSDT,BINANCE,TRADE,1904.85,0.0044
2026-07-30 13:46:38,SOLUSDT,BINANCE,TRADE,73.44,0.095
2026-07-30 13:46:38,BTCUSDT,BINANCE,TRADE,64032,0.01434
2026-07-30 13:46:38,BTCUSDT,BINANCE,TRADE,64032,0.01874
2026-07-30 13:46:38,BTCUSDT,BINANCE,TRADE,64032,0.00156
2026-07-30 13:46:38,BTCUSDT,BINANCE,TRADE,64032,0.00156
2026-07-30 13:46:38,BTCUSDT,BINANCE,TRADE,64032,0.00156
2026-07-30 13:46:38,BTCUSDT,BINANCE,TRADE,64032,0.00182
2026-07-30 13:46:38,SOLUSDT,BINANCE,TRADE,73.43,0.072
2026-07-30 13:46:38,SOLUSDT,BINANCE,TRADE,73.43,0.072
2026-07-30 13:46:38,SOLUSDT,BINANCE,TRADE,73.43,0.072
2026-07-30 13:46:38,SOLUSDT,BINANCE,TRADE,73.43,0.264
2026-07-30 13:46:38,SOLUSDT,BINANCE,TRADE,73.43,6.559
2026-07-30 13:46:38,SOLUSDT,BINANCE,TRADE,73.43,16.141
2026-07-30 13:46:38,SOLUSDT,BINANCE,TRADE,73.43,0.072
2026-07-30 13:46:38,SOLUSDT,BINANCE,TRADE,73.43,0.137
2026-07-30 13:46:38,SOLUSDT,BINANCE,TRADE,73.43,0.072
2026-07-30 13:46:38,SOLUSDT,BINANCE,TRADE,73.43,0.072
2026-07-30 13:46:38,SOLUSDT,BINANCE,TRADE,73.43,0.069
2026-07-30 13:46:38,SOLUSDT,BINANCE,TRADE,73.43,0.072
2026-07-30 13:46:38,SOLUSDT,BINANCE,TRADE,73.43,0.277
2026-07-30 13:46:38,SOLUSDT,BINANCE,TRADE,73.43,0.072
2026-07-30 13:46:38,SOLUSDT,BINANCE,TRADE,73.43,0.072
2026-07-30 13:46:38,SOLUSDT,BINANCE,TRADE,73.43,5.311
2026-07-30 13:46:38,SOLUSDT,BINANCE,TRADE,73.43,0.072
2026-07-30 13:46:38,SOLUSDT,BINANCE,TRADE,73.43,22.902
2026-07-30 13:46:38,SOLUSDT,BINANCE,TRADE,73.43,0.07
2026-07-30 13:46:38,SOLUSDT,BINANCE,TRADE,73.43,0.072
2026-07-30 13:46:38,SOLUSDT,BINANCE,TRADE,73.43,0.072
2026-07-30 13:46:38,ETHUSDT,BINANCE,TRADE,1904.84,0.003
2026-07-30 13:46:38,BTCUSDT,BINANCE,TRADE,64032,0.00138
2026-07-30 13:46:38,BTCUSDT,BINANCE,TRADE,64032,0.00031
2026-07-30 13:46:39,ETHUSDT,BINANCE,TRADE,1904.85,0.1322
2026-07-30 13:46:39,SOLUSDT,BINANCE,TRADE,73.42,0.069
2026-07-30 13:46:39,SOLUSDT,BINANCE,TRADE,73.42,0.072
2026-07-30 13:46:39,SOLUSDT,BINANCE,TRADE,73.42,0.072
2026-07-30 13:46:39,SOLUSDT,BINANCE,TRADE,73.42,0.069
2026-07-30 13:46:39,SOLUSDT,BINANCE,TRADE,73.42,0.075
2026-07-30 13:46:39,SOLUSDT,BINANCE,TRADE,73.42,1
2026-07-30 13:46:39,SOLUSDT,BINANCE,TRADE,73.42,0.75
2026-07-30 13:46:39,SOLUSDT,BINANCE,TRADE,73.42,0.137
2026-07-30 13:46:39,SOLUSDT,BINANCE,TRADE,73.42,0.15
2026-07-30 13:46:39,SOLUSDT,BINANCE,TRADE,73.42,0.072
2026-07-30 13:46:39,SOLUSDT,BINANCE,TRADE,73.42,0.072
2026-07-30 13:46:39,SOLUSDT,BINANCE,TRADE,73.42,0.072
2026-07-30 13:46:39,SOLUSDT,BINANCE,TRADE,73.42,0.072
2026-07-30 13:46:39,SOLUSDT,BINANCE,TRADE,73.42,0.072
2026-07-30 13:46:39,SOLUSDT,BINANCE,TRADE,73.42,0.072
2026-07-30 13:46:39,SOLUSDT,BINANCE,TRADE,73.42,0.072
2026-07-30 13:46:39,SOLUSDT,BINANCE,TRADE,73.42,0.072
2026-07-30 13:46:39,SOLUSDT,BINANCE,TRADE,73.42,0.07
2026-07-30 13:46:39,SOLUSDT,BINANCE,TRADE,73.42,0.072
2026-07-30 13:46:39,SOLUSDT,BINANCE,TRADE,73.42,0.072
2026-07-30 13:46:39,SOLUSDT,BINANCE,TRADE,73.42,0.072
2026-07-30 13:46:39,SOLUSDT,BINANCE,TRADE,73.41,1.353
2026-07-30 13:46:39,BTCUSDT,BINANCE,TRADE,64032,0.00859
2026-07-30 13:46:39,ETHUSDT,BINANCE,TRADE,1904.84,0.2299
2026-07-30 13:46:39,BTCUSDT,BINANCE,TRADE,64032,0.00019
2026-07-30 13:46:39,ETHUSDT,BINANCE,TRADE,1904.84,0.2321
2026-07-30 13:46:39,ETHUSDT,BINANCE,TRADE,1904.84,0.7389
2026-07-30 13:46:39,ETHUSDT,BINANCE,TRADE,1904.84,0.0027
2026-07-30 13:46:39,ETHUSDT,BINANCE,TRADE,1904.84,0.0027
2026-07-30 13:46:39,ETHUSDT,BINANCE,TRADE,1904.84,0.0028
2026-07-30 13:46:39,ETHUSDT,BINANCE,TRADE,1904.84,0.0589
2026-07-30 13:46:39,ETHUSDT,BINANCE,TRADE,1904.84,0.0027
2026-07-30 13:46:39,ETHUSDT,BINANCE,TRADE,1904.84,0.0032
2026-07-30 13:46:39,ETHUSDT,BINANCE,TRADE,1904.84,0.0031
2026-07-30 13:46:39,ETHUSDT,BINANCE,TRADE,1904.84,0.0027
2026-07-30 13:46:39,ETHUSDT,BINANCE,TRADE,1904.84,0.0027
2026-07-30 13:46:39,ETHUSDT,BINANCE,TRADE,1904.84,0.0027
2026-07-30 13:46:39,ETHUSDT,BINANCE,TRADE,1904.84,0.0027
2026-07-30 13:46:39,ETHUSDT,BINANCE,TRADE,1904.84,0.0124
2026-07-30 13:46:39,ETHUSDT,BINANCE,TRADE,1904.84,0.0028
2026-07-30 13:46:39,ETHUSDT,BINANCE,TRADE,1904.84,0.0053
2026-07-30 13:46:39,ETHUSDT,BINANCE,TRADE,1904.84,0.0027
2026-07-30 13:46:39,ETHUSDT,BINANCE,TRADE,1904.84,0.0027
2026-07-30 13:46:39,ETHUSDT,BINANCE,TRADE,1904.84,0.0027
2026-07-30 13:46:39,ETHUSDT,BINANCE,TRADE,1904.84,0.0027
2026-07-30 13:46:39,ETHUSDT,BINANCE,TRADE,1904.84,0.0027
2026-07-30 13:46:39,ETHUSDT,BINANCE,TRADE,1904.84,0.0027
2026-07-30 13:46:39,ETHUSDT,BINANCE,TRADE,1904.84,0.0027
2026-07-30 13:46:39,ETHUSDT,BINANCE,TRADE,1904.84,0.0027
2026-07-30 13:46:39,ETHUSDT,BINANCE,TRADE,1904.83,0.0028
2026-07-30 13:46:39,ETHUSDT,BINANCE,TRADE,1904.83,0.0027
2026-07-30 13:46:39,ETHUSDT,BINANCE,TRADE,1904.83,0.0027
2026-07-30 13:46:39,ETHUSDT,BINANCE,TRADE,1904.83,0.0027
2026-07-30 13:46:39,ETHUSDT,BINANCE,TRADE,1904.83,0.0053
2026-07-30 13:46:39,ETHUSDT,BINANCE,TRADE,1904.82,0.0027
2026-07-30 13:46:39,ETHUSDT,BINANCE,TRADE,1904.82,0.0028
2026-07-30 13:46:39,ETHUSDT,BINANCE,TRADE,1904.82,0.0053
2026-07-30 13:46:39,ETHUSDT,BINANCE,TRADE,1904.82,0.0027
2026-07-30 13:46:39,ETHUSDT,BINANCE,TRADE,1904.82,0.0027
2026-07-30 13:46:39,ETHUSDT,BINANCE,TRADE,1904.82,0.0027
2026-07-30 13:46:39,ETHUSDT,BINANCE,TRADE,1904.82,0.0027
2026-07-30 13:46:39,ETHUSDT,BINANCE,TRADE,1904.81,0.0027
2026-07-30 13:46:39,ETHUSDT,BINANCE,TRADE,1904.81,0.0028
2026-07-30 13:46:39,ETHUSDT,BINANCE,TRADE,1904.81,0.0027
2026-07-30 13:46:39,ETHUSDT,BINANCE,TRADE,1904.8,0.0027
2026-07-30 13:46:39,ETHUSDT,BINANCE,TRADE,1904.8,0.0028
2026-07-30 13:46:39,ETHUSDT,BINANCE,TRADE,1904.8,0.0027
2026-07-30 13:46:39,ETHUSDT,BINANCE,TRADE,1904.79,0.0027
2026-07-30 13:46:39,ETHUSDT,BINANCE,TRADE,1904.79,0.0028
2026-07-30 13:46:39,ETHUSDT,BINANCE,TRADE,1904.79,0.0027
2026-07-30 13:46:39,ETHUSDT,BINANCE,TRADE,1904.79,0.0027
2026-07-30 13:46:39,ETHUSDT,BINANCE,TRADE,1904.79,0.0027
2026-07-30 13:46:39,ETHUSDT,BINANCE,TRADE,1904.79,0.0027
2026-07-30 13:46:39,ETHUSDT,BINANCE,TRADE,1904.78,0.0027
2026-07-30 13:46:39,ETHUSDT,BINANCE,TRADE,1904.78,0.0028
2026-07-30 13:46:39,ETHUSDT,BINANCE,TRADE,1904.78,0.0027
2026-07-30 13:46:39,ETHUSDT,BINANCE,TRADE,1904.78,0.0027
2026-07-30 13:46:39,ETHUSDT,BINANCE,TRADE,1904.78,0.0027
2026-07-30 13:46:39,ETHUSDT,BINANCE,TRADE,1904.78,0.0027
2026-07-30 13:46:39,ETHUSDT,BINANCE,TRADE,1904.77,0.0027
2026-07-30 13:46:39,ETHUSDT,BINANCE,TRADE,1904.77,0.0028
2026-07-30 13:46:39,ETHUSDT,BINANCE,TRADE,1904.77,0.0028
2026-07-30 13:46:39,ETHUSDT,BINANCE,TRADE,1904.77,0.0028
2026-07-30 13:46:39,ETHUSDT,BINANCE,TRADE,1904.77,0.0027
2026-07-30 13:46:39,ETHUSDT,BINANCE,TRADE,1904.77,0.0028
2026-07-30 13:46:39,BTCUSDT,BINANCE,TRADE,64032,0.00156
2026-07-30 13:46:39,BTCUSDT,BINANCE,TRADE,64032,0.00314
2026-07-30 13:46:39,ETHUSDT,BINANCE,TRADE,1904.76,0.0027
2026-07-30 13:46:39,ETHUSDT,BINANCE,TRADE,1904.76,0.0028
2026-07-30 13:46:39,ETHUSDT,BINANCE,TRADE,1904.76,0.0027
2026-07-30 13:46:39,ETHUSDT,BINANCE,TRADE,1904.76,0.0032
2026-07-30 13:46:39,ETHUSDT,BINANCE,TRADE,1904.76,0.0032
2026-07-30 13:46:39,ETHUSDT,BINANCE,TRADE,1904.76,0.0053
2026-07-30 13:46:39,ETHUSDT,BINANCE,TRADE,1904.76,0.0027
2026-07-30 13:46:39,ETHUSDT,BINANCE,TRADE,1904.76,0.0027
2026-07-30 13:46:39,ETHUSDT,BINANCE,TRADE,1904.76,0.0027
2026-07-30 13:46:39,ETHUSDT,BINANCE,TRADE,1904.76,0.0027
2026-07-30 13:46:39,ETHUSDT,BINANCE,TRADE,1904.76,0.0094
2026-07-30 13:46:39,ETHUSDT,BINANCE,TRADE,1904.76,0.0027
2026-07-30 13:46:39,ETHUSDT,BINANCE,TRADE,1904.76,0.0032
2026-07-30 13:46:39,ETHUSDT,BINANCE,TRADE,1904.76,0.0028
2026-07-30 13:46:39,ETHUSDT,BINANCE,TRADE,1904.76,0.0027
2026-07-30 13:46:39,ETHUSDT,BINANCE,TRADE,1904.76,0.0027
2026-07-30 13:46:39,ETHUSDT,BINANCE,TRADE,1904.76,0.0027
2026-07-30 13:46:39,ETHUSDT,BINANCE,TRADE,1904.76,0.0027
2026-07-30 13:46:39,BTCUSDT,BINANCE,TRADE,64032,0.00156
2026-07-30 13:46:39,SOLUSDT,BINANCE,TRADE,73.42,0.315
2026-07-30 13:46:39,BTCUSDT,BINANCE,TRADE,64032,0.00143
2026-07-30 13:46:39,BTCUSDT,BINANCE,TRADE,64032,0.00156
2026-07-30 13:46:39,ETHUSDT,BINANCE,TRADE,1904.75,0.0027
2026-07-30 13:46:39,ETHUSDT,BINANCE,TRADE,1904.75,0.0027
2026-07-30 13:46:39,ETHUSDT,BINANCE,TRADE,1904.75,0.0028
2026-07-30 13:46:39,ETHUSDT,BINANCE,TRADE,1904.75,0.0042
2026-07-30 13:46:39,BTCUSDT,BINANCE,TRADE,64032,0.00182
2026-07-30 13:46:39,BTCUSDT,BINANCE,TRADE,64032,0.00156
2026-07-30 13:46:39,BTCUSDT,BINANCE,TRADE,64032,0.00021
2026-07-30 13:46:39,BTCUSDT,BINANCE,TRADE,64032,0.00017
2026-07-30 13:46:39,BTCUSDT,BINANCE,TRADE,64032,0.00019
2026-07-30 13:46:39,ETHUSDT,BINANCE,TRADE,1904.75,0.0011
2026-07-30 13:46:39,ETHUSDT,BINANCE,TRADE,1904.75,0.0027
2026-07-30 13:46:39,ETHUSDT,BINANCE,TRADE,1904.75,0.0027
2026-07-30 13:46:39,ETHUSDT,BINANCE,TRADE,1904.75,0.0071
2026-07-30 13:46:39,BTCUSDT,BINANCE,TRADE,64032,0.00156
2026-07-30 13:46:39,SOLUSDT,BINANCE,TRADE,73.41,1.16
2026-07-30 13:46:39,SOLUSDT,BINANCE,TRADE,73.41,12.68
2026-07-30 13:46:39,BTCUSDT,BINANCE,TRADE,64032,0.00515
2026-07-30 13:46:39,BTCUSDT,BINANCE,TRADE,64032,0.0004
2026-07-30 13:46:39,BTCUSDT,BINANCE,TRADE,64032,0.00116
2026-07-30 13:46:39,BTCUSDT,BINANCE,TRADE,64032,0.00156
2026-07-30 13:46:39,BTCUSDT,BINANCE,TRADE,64032,0.00016
2026-07-30 13:46:39,BTCUSDT,BINANCE,TRADE,64032,9e-05
2026-07-30 13:46:39,BTCUSDT,BINANCE,TRADE,64032,0.00015
2026-07-30 13:46:39,BTCUSDT,BINANCE,TRADE,64032,0.00156
2026-07-30 13:46:39,BTCUSDT,BINANCE,TRADE,64032,0.00166
2026-07-30 13:46:39,BTCUSDT,BINANCE,TRADE,64032,0.00012
2026-07-30 13:46:39,BTCUSDT,BINANCE,TRADE,64032,0.0005
2026-07-30 13:46:39,BTCUSDT,BINANCE,TRADE,64032,0.0005
2026-07-30 13:46:39,BTCUSDT,BINANCE,TRADE,64032,0.00156
2026-07-30 13:46:39,BTCUSDT,BINANCE,TRADE,64032,0.0005
2026-07-30 13:46:39,BTCUSDT,BINANCE,TRADE,64032,0.00102
2026-07-30 13:46:39,BTCUSDT,BINANCE,TRADE,64032,0.0005
2026-07-30 13:46:39,BTCUSDT,BINANCE,TRADE,64032,0.0005
2026-07-30 13:46:39,BTCUSDT,BINANCE,TRADE,64032,0.00031
2026-07-30 13:46:39,BTCUSDT,BINANCE,TRADE,64032,0.0005
2026-07-30 13:46:39,BTCUSDT,BINANCE,TRADE,64032,0.06106
2026-07-30 13:46:39,BTCUSDT,BINANCE,TRADE,64032,8e-05
2026-07-30 13:46:39,BTCUSDT,BINANCE,TRADE,64032,8e-05
2026-07-30 13:46:39,BTCUSDT,BINANCE,TRADE,64032,0.00576
2026-07-30 13:46:39,BTCUSDT,BINANCE,TRADE,64032,0.00156
2026-07-30 13:46:39,BTCUSDT,BINANCE,TRADE,64032,0.0005
2026-07-30 13:46:39,BTCUSDT,BINANCE,TRADE,64032,0.00262
2026-07-30 13:46:39,BTCUSDT,BINANCE,TRADE,64032,0.00107
2026-07-30 13:46:39,BTCUSDT,BINANCE,TRADE,64032,0.0005
2026-07-30 13:46:39,BTCUSDT,BINANCE,TRADE,64032,0.0005
2026-07-30 13:46:39,BTCUSDT,BINANCE,TRADE,64032,0.00156
2026-07-30 13:46:39,BTCUSDT,BINANCE,TRADE,64032,0.0005
2026-07-30 13:46:39,BTCUSDT,BINANCE,TRADE,64032,0.00156
2026-07-30 13:46:39,BTCUSDT,BINANCE,TRADE,64032,0.0005
2026-07-30 13:46:39,BTCUSDT,BINANCE,TRADE,64032,0.0005
2026-07-30 13:46:39,BTCUSDT,BINANCE,TRADE,64032,0.00156
2026-07-30 13:46:39,BTCUSDT,BINANCE,TRADE,64032,0.00032
2026-07-30 13:46:39,BTCUSDT,BINANCE,TRADE,64032,0.0005
2026-07-30 13:46:39,BTCUSDT,BINANCE,TRADE,64032,0.00156
2026-07-30 13:46:39,BTCUSDT,BINANCE,TRADE,64032,0.0005
2026-07-30 13:46:39,BTCUSDT,BINANCE,TRADE,64032,0.0005
2026-07-30 13:46:39,BTCUSDT,BINANCE,TRADE,64032,0.00156
2026-07-30 13:46:39,BTCUSDT,BINANCE,TRADE,64032,0.0005
2026-07-30 13:46:39,BTCUSDT,BINANCE,TRADE,64032,0.00156
2026-07-30 13:46:39,BTCUSDT,BINANCE,TRADE,64032,0.0005
2026-07-30 13:46:39,BTCUSDT,BINANCE,TRADE,64032,0.0005
2026-07-30 13:46:39,BTCUSDT,BINANCE,TRADE,64032,0.00025
2026-07-30 13:46:39,BTCUSDT,BINANCE,TRADE,64032,0.0005
2026-07-30 13:46:39,BTCUSDT,BINANCE,TRADE,64032,0.0005
2026-07-30 13:46:39,BTCUSDT,BINANCE,TRADE,64032,0.0005
2026-07-30 13:46:39,ETHUSDT,BINANCE,TRADE,1904.76,0.0252
2026-07-30 13:46:39,BTCUSDT,BINANCE,TRADE,64032,0.0005
2026-07-30 13:46:39,BTCUSDT,BINANCE,TRADE,64032,0.0001
2026-07-30 13:46:39,BTCUSDT,BINANCE,TRADE,64032,0.0004
2026-07-30 13:46:39,BTCUSDT,BINANCE,TRADE,64032,0.00022
2026-07-30 13:46:39,BTCUSDT,BINANCE,TRADE,64032,0.00116
2026-07-30 13:46:39,BTCUSDT,BINANCE,TRADE,64032,8e-05
2026-07-30 13:46:39,BTCUSDT,BINANCE,TRADE,64032,2e-05
2026-07-30 13:46:39,BTCUSDT,BINANCE,TRADE,64032,0.0005
2026-07-30 13:46:39,BTCUSDT,BINANCE,TRADE,64032,0.002
2026-07-30 13:46:39,BTCUSDT,BINANCE,TRADE,64032,0.00019
2026-07-30 13:46:39,BTCUSDT,BINANCE,TRADE,64032,0.0005
2026-07-30 13:46:40,BTCUSDT,BINANCE,TRADE,64032,0.0005
2026-07-30 13:46:40,ETHUSDT,BINANCE,TRADE,1904.76,0.1725
2026-07-30 13:46:40,BTCUSDT,BINANCE,TRADE,64032,0.0005
2026-07-30 13:46:40,BTCUSDT,BINANCE,TRADE,64032,0.0005
2026-07-30 13:46:40,BTCUSDT,BINANCE,TRADE,64032,0.00156
2026-07-30 13:46:40,BTCUSDT,BINANCE,TRADE,64032,0.0005
2026-07-30 13:46:40,BTCUSDT,BINANCE,TRADE,64032,0.0005
2026-07-30 13:46:40,BTCUSDT,BINANCE,TRADE,64032,0.0005
2026-07-30 13:46:40,BTCUSDT,BINANCE,TRADE,64032,0.0005
2026-07-30 13:46:40,BTCUSDT,BINANCE,TRADE,64032,0.0005
2026-07-30 13:46:40,BTCUSDT,BINANCE,TRADE,64032,0.00156
2026-07-30 13:46:40,ETHUSDT,BINANCE,TRADE,1904.75,0.0148
2026-07-30 13:46:40,BTCUSDT,BINANCE,TRADE,64032,0.00232
2026-07-30 13:46:40,BTCUSDT,BINANCE,TRADE,64032,0.0005
2026-07-30 13:46:40,BTCUSDT,BINANCE,TRADE,64032,0.00143
2026-07-30 13:46:40,BTCUSDT,BINANCE,TRADE,64032,0.0005
2026-07-30 13:46:40,BTCUSDT,BINANCE,TRADE,64032,0.0005
2026-07-30 13:46:40,BTCUSDT,BINANCE,TRADE,64032,0.00224
2026-07-30 13:46:40,BTCUSDT,BINANCE,TRADE,64032,0.0005
2026-07-30 13:46:40,BTCUSDT,BINANCE,TRADE,64032,0.0005
2026-07-30 13:46:40,BTCUSDT,BINANCE,TRADE,64032,0.0005
2026-07-30 13:46:40,BTCUSDT,BINANCE,TRADE,64032,0.0005
2026-07-30 13:46:40,BTCUSDT,BINANCE,TRADE,64032,0.00087
2026-07-30 13:46:40,BTCUSDT,BINANCE,TRADE,64032,0.0005
2026-07-30 13:46:40,BTCUSDT,BINANCE,TRADE,64032,0.0005
2026-07-30 13:46:40,BTCUSDT,BINANCE,TRADE,64032,0.0005
2026-07-30 13:46:40,BTCUSDT,BINANCE,TRADE,64032,0.0005
2026-07-30 13:46:40,BTCUSDT,BINANCE,TRADE,64032,0.0005
2026-07-30 13:46:40,BTCUSDT,BINANCE,TRADE,64032,0.02645
2026-07-30 13:46:40,BTCUSDT,BINANCE,TRADE,64032,0.00021
2026-07-30 13:46:40,BTCUSDT,BINANCE,TRADE,64032,0.0005
2026-07-30 13:46:40,SOLUSDT,BINANCE,TRADE,73.42,3.963
2026-07-30 13:46:40,BTCUSDT,BINANCE,TRADE,64032,0.0005
2026-07-30 13:46:40,BTCUSDT,BINANCE,TRADE,64032,0.0005
2026-07-30 13:46:40,BTCUSDT,BINANCE,TRADE,64032,0.00288
2026-07-30 13:46:40,BTCUSDT,BINANCE,TRADE,64032,0.00021
2026-07-30 13:46:40,BTCUSDT,BINANCE,TRADE,64032,0.0005
2026-07-30 13:46:40,BTCUSDT,BINANCE,TRADE,64032,0.0005
2026-07-30 13:46:40,BTCUSDT,BINANCE,TRADE,64032,0.00499
2026-07-30 13:46:40,BTCUSDT,BINANCE,TRADE,64032,0.00019
2026-07-30 13:46:40,BTCUSDT,BINANCE,TRADE,64032,0.0005
2026-07-30 13:46:40,BTCUSDT,BINANCE,TRADE,64032,0.0005
2026-07-30 13:46:40,BTCUSDT,BINANCE,TRADE,64032,0.0005
2026-07-30 13:46:40,ETHUSDT,BINANCE,TRADE,1904.76,0.0525
2026-07-30 13:46:40,BTCUSDT,BINANCE,TRADE,64032,0.0005
2026-07-30 13:46:40,BTCUSDT,BINANCE,TRADE,64032,0.00156
2026-07-30 13:46:40,BTCUSDT,BINANCE,TRADE,64032,0.0005
2026-07-30 13:46:40,BTCUSDT,BINANCE,TRADE,64032,0.0005
2026-07-30 13:46:40,BTCUSDT,BINANCE,TRADE,64032,0.0005
2026-07-30 13:46:40,BTCUSDT,BINANCE,TRADE,64032,0.00122
2026-07-30 13:46:40,BTCUSDT,BINANCE,TRADE,64032,0.0005
2026-07-30 13:46:40,BTCUSDT,BINANCE,TRADE,64032,0.00156
2026-07-30 13:46:40,BTCUSDT,BINANCE,TRADE,64032,0.0005
2026-07-30 13:46:40,BTCUSDT,BINANCE,TRADE,64032,0.0005
2026-07-30 13:46:40,ETHUSDT,BINANCE,TRADE,1904.76,0.2321
2026-07-30 13:46:40,BTCUSDT,BINANCE,TRADE,64032,0.0005
2026-07-30 13:46:40,BTCUSDT,BINANCE,TRADE,64032,0.0005
2026-07-30 13:46:40,BTCUSDT,BINANCE,TRADE,64032,0.00055
2026-07-30 13:46:40,BTCUSDT,BINANCE,TRADE,64032,0.00156
2026-07-30 13:46:40,BTCUSDT,BINANCE,TRADE,64032,0.0005
2026-07-30 13:46:40,BTCUSDT,BINANCE,TRADE,64032,0.00039
2026-07-30 13:46:40,BTCUSDT,BINANCE,TRADE,64032,0.00038
2026-07-30 13:46:40,BTCUSDT,BINANCE,TRADE,64032,0.0005
2026-07-30 13:46:40,BTCUSDT,BINANCE,TRADE,64032,0.0005
2026-07-30 13:46:40,BTCUSDT,BINANCE,TRADE,64032,0.0005
2026-07-30 13:46:40,BTCUSDT,BINANCE,TRADE,64032,0.0005
2026-07-30 13:46:40,BTCUSDT,BINANCE,TRADE,64032,0.00156
2026-07-30 13:46:40,BTCUSDT,BINANCE,TRADE,64032,0.0005
2026-07-30 13:46:40,BTCUSDT,BINANCE,TRADE,64032,0.0005
2026-07-30 13:46:40,BTCUSDT,BINANCE,TRADE,64032,0.0005
2026-07-30 13:46:40,BTCUSDT,BINANCE,TRADE,64032,0.0005
2026-07-30 13:46:40,BTCUSDT,BINANCE,TRADE,64032,0.00011
2026-07-30 13:46:40,BTCUSDT,BINANCE,TRADE,64032,0.0005
2026-07-30 13:46:40,BTCUSDT,BINANCE,TRADE,64032,0.00012
2026-07-30 13:46:40,BTCUSDT,BINANCE,TRADE,64032,0.0005
2026-07-30 13:46:40,BTCUSDT,BINANCE,TRADE,64032,0.0005
2026-07-30 13:46:40,BTCUSDT,BINANCE,TRADE,64032,0.0005
2026-07-30 13:46:40,BTCUSDT,BINANCE,TRADE,64032,0.0005
2026-07-30 13:46:40,BTCUSDT,BINANCE,TRADE,64032,0.0005
2026-07-30 13:46:40,BTCUSDT,BINANCE,TRADE,64032,0.0005
2026-07-30 13:46:40,BTCUSDT,BINANCE,TRADE,64032,0.0005
2026-07-30 13:46:40,ETHUSDT,BINANCE,TRADE,1904.76,0.0355
2026-07-30 13:46:40,BTCUSDT,BINANCE,TRADE,64032,0.00037
2026-07-30 13:46:40,BTCUSDT,BINANCE,TRADE,64032,0.0005
2026-07-30 13:46:40,BTCUSDT,BINANCE,TRADE,64032,0.0005
2026-07-30 13:46:40,BTCUSDT,BINANCE,TRADE,64032,0.0005
2026-07-30 13:46:40,BTCUSDT,BINANCE,TRADE,64032,0.0005
2026-07-30 13:46:40,BTCUSDT,BINANCE,TRADE,64032,0.0005
2026-07-30 13:46:40,BTCUSDT,BINANCE,TRADE,64032,0.0005
2026-07-30 13:46:40,BTCUSDT,BINANCE,TRADE,64032,0.00509
2026-07-30 13:46:40,BTCUSDT,BINANCE,TRADE,64032,0.0005
2026-07-30 13:46:40,BTCUSDT,BINANCE,TRADE,64032,0.0005
2026-07-30 13:46:40,BTCUSDT,BINANCE,TRADE,64032,0.0005
2026-07-30 13:46:40,BTCUSDT,BINANCE,TRADE,64032,0.0005
2026-07-30 13:46:40,BTCUSDT,BINANCE,TRADE,64032,0.0005
2026-07-30 13:46:40,BTCUSDT,BINANCE,TRADE,64032,0.00025
2026-07-30 13:46:40,BTCUSDT,BINANCE,TRADE,64032,0.00156
2026-07-30 13:46:40,BTCUSDT,BINANCE,TRADE,64032,0.0005
2026-07-30 13:46:40,BTCUSDT,BINANCE,TRADE,64032,9e-05
2026-07-30 13:46:40,BTCUSDT,BINANCE,TRADE,64032,0.0005
2026-07-30 13:46:40,BTCUSDT,BINANCE,TRADE,64032,0.0005
2026-07-30 13:46:40,BTCUSDT,BINANCE,TRADE,64032,0.0005
2026-07-30 13:46:40,BTCUSDT,BINANCE,TRADE,64032,0.00156
2026-07-30 13:46:40,BTCUSDT,BINANCE,TRADE,64032,0.0005
2026-07-30 13:46:40,ETHUSDT,BINANCE,TRADE,1904.75,0.0114
2026-07-30 13:46:40,BTCUSDT,BINANCE,TRADE,64032,0.0005
2026-07-30 13:46:40,BTCUSDT,BINANCE,TRADE,64032,0.0005
2026-07-30 13:46:40,BTCUSDT,BINANCE,TRADE,64032,0.0005
2026-07-30 13:46:40,BTCUSDT,BINANCE,TRADE,64032,0.00521
2026-07-30 13:46:40,BTCUSDT,BINANCE,TRADE,64032,0.0005
2026-07-30 13:46:40,BTCUSDT,BINANCE,TRADE,64032,0.0005
2026-07-30 13:46:40,BTCUSDT,BINANCE,TRADE,64032,0.0005
2026-07-30 13:46:40,BTCUSDT,BINANCE,TRADE,64032,0.00156
2026-07-30 13:46:40,BTCUSDT,BINANCE,TRADE,64032,0.0005
2026-07-30 13:46:40,BTCUSDT,BINANCE,TRADE,64032,0.0005
2026-07-30 13:46:40,BTCUSDT,BINANCE,TRADE,64032,0.0005
2026-07-30 13:46:40,BTCUSDT,BINANCE,TRADE,64032,0.0005
2026-07-30 13:46:40,BTCUSDT,BINANCE,TRADE,64032,0.00159
2026-07-30 13:46:40,BTCUSDT,BINANCE,TRADE,64032,0.0005
2026-07-30 13:46:40,BTCUSDT,BINANCE,TRADE,64032,0.00156
2026-07-30 13:46:40,BTCUSDT,BINANCE,TRADE,64032,0.0005
2026-07-30 13:46:40,BTCUSDT,BINANCE,TRADE,64032,0.00058
2026-07-30 13:46:40,BTCUSDT,BINANCE,TRADE,64032,0.0005
2026-07-30 13:46:40,BTCUSDT,BINANCE,TRADE,64032,0.0005
2026-07-30 13:46:40,BTCUSDT,BINANCE,TRADE,64032,0.0005
2026-07-30 13:46:40,BTCUSDT,BINANCE,TRADE,64032,0.0005
2026-07-30 13:46:40,BTCUSDT,BINANCE,TRADE,64032,0.0005
2026-07-30 13:46:40,BTCUSDT,BINANCE,TRADE,64032,0.00017
2026-07-30 13:46:40,BTCUSDT,BINANCE,TRADE,64032,0.0005
2026-07-30 13:46:40,BTCUSDT,BINANCE,TRADE,64032,0.0005
2026-07-30 13:46:40,BTCUSDT,BINANCE,TRADE,64032,0.0005
2026-07-30 13:46:40,BTCUSDT,BINANCE,TRADE,64032,0.0005
2026-07-30 13:46:40,BTCUSDT,BINANCE,TRADE,64032,0.0005
2026-07-30 13:46:40,SOLUSDT,BINANCE,TRADE,73.42,8.316
2026-07-30 13:46:40,BTCUSDT,BINANCE,TRADE,64032,8e-05
2026-07-30 13:46:41,BTCUSDT,BINANCE,TRADE,64032,0.00156
2026-07-30 13:46:41,BTCUSDT,BINANCE,TRADE,64032,0.00016
2026-07-30 13:46:41,BTCUSDT,BINANCE,TRADE,64032,0.0005
2026-07-30 13:46:41,BTCUSDT,BINANCE,TRADE,64032,0.0005
2026-07-30 13:46:41,BTCUSDT,BINANCE,TRADE,64032,0.0005
2026-07-30 13:46:41,BTCUSDT,BINANCE,TRADE,64032,0.0005
2026-07-30 13:46:41,BTCUSDT,BINANCE,TRADE,64032,0.00021
2026-07-30 13:46:41,BTCUSDT,BINANCE,TRADE,64032,0.0005
2026-07-30 13:46:41,BTCUSDT,BINANCE,TRADE,64032,0.00182
2026-07-30 13:46:41,BTCUSDT,BINANCE,TRADE,64032,0.00156
2026-07-30 13:46:41,BTCUSDT,BINANCE,TRADE,64032,0.0005
2026-07-30 13:46:41,BTCUSDT,BINANCE,TRADE,64032,0.0005
2026-07-30 13:46:41,BTCUSDT,BINANCE,TRADE,64032,0.0005
2026-07-30 13:46:41,BTCUSDT,BINANCE,TRADE,64032,0.0005
2026-07-30 13:46:41,BTCUSDT,BINANCE,TRADE,64032,0.00262
2026-07-30 13:46:41,BTCUSDT,BINANCE,TRADE,64032,0.002
2026-07-30 13:46:41,BTCUSDT,BINANCE,TRADE,64032,0.0005
2026-07-30 13:46:41,BTCUSDT,BINANCE,TRADE,64032,0.0005
2026-07-30 13:46:41,BTCUSDT,BINANCE,TRADE,64032,0.0005
2026-07-30 13:46:41,BTCUSDT,BINANCE,TRADE,64032,0.0005
2026-07-30 13:46:41,BTCUSDT,BINANCE,TRADE,64032,0.0005
2026-07-30 13:46:41,BTCUSDT,BINANCE,TRADE,64032,0.0005
2026-07-30 13:46:41,BTCUSDT,BINANCE,TRADE,64032,0.0005
2026-07-30 13:46:41,BTCUSDT,BINANCE,TRADE,64032,0.01874
2026-07-30 13:46:41,BTCUSDT,BINANCE,TRADE,64032,0.0005
2026-07-30 13:46:41,BTCUSDT,BINANCE,TRADE,64032,0.04
2026-07-30 13:46:41,BTCUSDT,BINANCE,TRADE,64032,0.0005
2026-07-30 13:46:41,BTCUSDT,BINANCE,TRADE,64032,0.00031
2026-07-30 13:46:41,BTCUSDT,BINANCE,TRADE,64032,0.0005
2026-07-30 13:46:41,BTCUSDT,BINANCE,TRADE,64032,0.00126
2026-07-30 13:46:41,BTCUSDT,BINANCE,TRADE,64032,0.0005
2026-07-30 13:46:41,BTCUSDT,BINANCE,TRADE,64032,0.0005
2026-07-30 13:46:41,BTCUSDT,BINANCE,TRADE,64032,0.00156
2026-07-30 13:46:41,BTCUSDT,BINANCE,TRADE,64032,0.00156
2026-07-30 13:46:41,BTCUSDT,BINANCE,TRADE,64032,0.0005
2026-07-30 13:46:41,BTCUSDT,BINANCE,TRADE,64032,0.0005
2026-07-30 13:46:41,BTCUSDT,BINANCE,TRADE,64032,0.0005
2026-07-30 13:46:41,ETHUSDT,BINANCE,TRADE,1904.76,0.1734
2026-07-30 13:46:41,BTCUSDT,BINANCE,TRADE,64032,0.0005
2026-07-30 13:46:41,BTCUSDT,BINANCE,TRADE,64032,0.00156
2026-07-30 13:46:41,BTCUSDT,BINANCE,TRADE,64032,0.00156
2026-07-30 13:46:41,BTCUSDT,BINANCE,TRADE,64032,0.01434
2026-07-30 13:46:41,BTCUSDT,BINANCE,TRADE,64032,0.00031
2026-07-30 13:46:41,BTCUSDT,BINANCE,TRADE,64032,0.0005
2026-07-30 13:46:41,BTCUSDT,BINANCE,TRADE,64032,0.00281
2026-07-30 13:46:41,BTCUSDT,BINANCE,TRADE,64032,0.0005
2026-07-30 13:46:41,BTCUSDT,BINANCE,TRADE,64032,0.00017
2026-07-30 13:46:41,BTCUSDT,BINANCE,TRADE,64032,0.00156
2026-07-30 13:46:41,BTCUSDT,BINANCE,TRADE,64032,0.0005
2026-07-30 13:46:41,ETHUSDT,BINANCE,TRADE,1904.76,0.0291
2026-07-30 13:46:41,BTCUSDT,BINANCE,TRADE,64032,0.0005
2026-07-30 13:46:41,BTCUSDT,BINANCE,TRADE,64032,0.0005
2026-07-30 13:46:41,BTCUSDT,BINANCE,TRADE,64032,0.0005
2026-07-30 13:46:41,BTCUSDT,BINANCE,TRADE,64032,0.00166
2026-07-30 13:46:41,BTCUSDT,BINANCE,TRADE,64032,0.00156
2026-07-30 13:46:41,BTCUSDT,BINANCE,TRADE,64032,0.0005
2026-07-30 13:46:41,BTCUSDT,BINANCE,TRADE,64032,0.0005
2026-07-30 13:46:41,BTCUSDT,BINANCE,TRADE,64032,0.00789
2026-07-30 13:46:41,BTCUSDT,BINANCE,TRADE,64032,0.0005
2026-07-30 13:46:41,BTCUSDT,BINANCE,TRADE,64032,0.0005
2026-07-30 13:46:41,BTCUSDT,BINANCE,TRADE,64032,0.0005
2026-07-30 13:46:41,BTCUSDT,BINANCE,TRADE,64032,0.00156
2026-07-30 13:46:41,BTCUSDT,BINANCE,TRADE,64032,0.0005
2026-07-30 13:46:41,BTCUSDT,BINANCE,TRADE,64032,0.0005
2026-07-30 13:46:41,ETHUSDT,BINANCE,TRADE,1904.76,0.0136
2026-07-30 13:46:41,BTCUSDT,BINANCE,TRADE,64032,0.0005
2026-07-30 13:46:41,ETHUSDT,BINANCE,TRADE,1904.75,0.2321
2026-07-30 13:46:41,BTCUSDT,BINANCE,TRADE,64032,0.0005
2026-07-30 13:46:41,BTCUSDT,BINANCE,TRADE,64032,0.00515
2026-07-30 13:46:41,BTCUSDT,BINANCE,TRADE,64032,0.00156
2026-07-30 13:46:41,BTCUSDT,BINANCE,TRADE,64032,0.0005
2026-07-30 13:46:41,BTCUSDT,BINANCE,TRADE,64032,0.0005
2026-07-30 13:46:41,BTCUSDT,BINANCE,TRADE,64032,0.0005
2026-07-30 13:46:41,BTCUSDT,BINANCE,TRADE,64032,0.0005
2026-07-30 13:46:41,BTCUSDT,BINANCE,TRADE,64032,0.00019
2026-07-30 13:46:41,BTCUSDT,BINANCE,TRADE,64032,0.0005
2026-07-30 13:46:41,BTCUSDT,BINANCE,TRADE,64032,0.0005
2026-07-30 13:46:41,BTCUSDT,BINANCE,TRADE,64032,0.0005
2026-07-30 13:46:41,BTCUSDT,BINANCE,TRADE,64032,0.0005
2026-07-30 13:46:41,BTCUSDT,BINANCE,TRADE,64032,0.0005
2026-07-30 13:46:41,BTCUSDT,BINANCE,TRADE,64032,0.0005
2026-07-30 13:46:41,ETHUSDT,BINANCE,TRADE,1904.76,0.0148
2026-07-30 13:46:41,BTCUSDT,BINANCE,TRADE,64032,0.0005
2026-07-30 13:46:41,BTCUSDT,BINANCE,TRADE,64032,0.00036
2026-07-30 13:46:41,BTCUSDT,BINANCE,TRADE,64032,0.0005
2026-07-30 13:46:41,BTCUSDT,BINANCE,TRADE,64032,0.00156
2026-07-30 13:46:41,BTCUSDT,BINANCE,TRADE,64032,0.0005
2026-07-30 13:46:41,BTCUSDT,BINANCE,TRADE,64032,0.0005
2026-07-30 13:46:41,BTCUSDT,BINANCE,TRADE,64032,0.00053
2026-07-30 13:46:41,BTCUSDT,BINANCE,TRADE,64032,0.00129
2026-07-30 13:46:41,BTCUSDT,BINANCE,TRADE,64032,0.0005
2026-07-30 13:46:41,BTCUSDT,BINANCE,TRADE,64032,0.0005
2026-07-30 13:46:41,BTCUSDT,BINANCE,TRADE,64032,0.0005
2026-07-30 13:46:41,SOLUSDT,BINANCE,TRADE,73.42,0.07
2026-07-30 13:46:41,BTCUSDT,BINANCE,TRADE,64032,0.00156
2026-07-30 13:46:41,BTCUSDT,BINANCE,TRADE,64032,0.0005
2026-07-30 13:46:41,BTCUSDT,BINANCE,TRADE,64032,0.0005
2026-07-30 13:46:41,BTCUSDT,BINANCE,TRADE,64032,0.0002
2026-07-30 13:46:41,BTCUSDT,BINANCE,TRADE,64032,0.00014
2026-07-30 13:46:41,BTCUSDT,BINANCE,TRADE,64032,0.0005
2026-07-30 13:46:41,BTCUSDT,BINANCE,TRADE,64032,0.00859
2026-07-30 13:46:41,BTCUSDT,BINANCE,TRADE,64032,0.00038
2026-07-30 13:46:41,ETHUSDT,BINANCE,TRADE,1904.76,0.0209
2026-07-30 13:46:41,BTCUSDT,BINANCE,TRADE,64032,0.0005
2026-07-30 13:46:41,BTCUSDT,BINANCE,TRADE,64032,0.00499
2026-07-30 13:46:41,BTCUSDT,BINANCE,TRADE,64032,0.0005
2026-07-30 13:46:41,BTCUSDT,BINANCE,TRADE,64032,0.0005
2026-07-30 13:46:41,BTCUSDT,BINANCE,TRADE,64032,0.0005
2026-07-30 13:46:41,BTCUSDT,BINANCE,TRADE,64032,0.0005
2026-07-30 13:46:41,BTCUSDT,BINANCE,TRADE,64032,0.0005
2026-07-30 13:46:41,BTCUSDT,BINANCE,TRADE,64032,0.0005
2026-07-30 13:46:41,BTCUSDT,BINANCE,TRADE,64032,0.00106
2026-07-30 13:46:41,BTCUSDT,BINANCE,TRADE,64032,0.0005
2026-07-30 13:46:41,BTCUSDT,BINANCE,TRADE,64032,0.0005
2026-07-30 13:46:41,BTCUSDT,BINANCE,TRADE,64032,0.0005
2026-07-30 13:46:41,ETHUSDT,BINANCE,TRADE,1904.76,0.0089
2026-07-30 13:46:41,BTCUSDT,BINANCE,TRADE,64032,0.0005
2026-07-30 13:46:41,ETHUSDT,BINANCE,TRADE,1904.75,0.2384
2026-07-30 13:46:41,BTCUSDT,BINANCE,TRADE,64032,0.00017
2026-07-30 13:46:41,BTCUSDT,BINANCE,TRADE,64032,0.0005
2026-07-30 13:46:41,BTCUSDT,BINANCE,TRADE,64032,0.00019
2026-07-30 13:46:41,BTCUSDT,BINANCE,TRADE,64032,0.00015
2026-07-30 13:46:41,BTCUSDT,BINANCE,TRADE,64032,0.0005
2026-07-30 13:46:41,BTCUSDT,BINANCE,TRADE,64032,0.00021
2026-07-30 13:46:41,BTCUSDT,BINANCE,TRADE,64032,0.0005
2026-07-30 13:46:41,BTCUSDT,BINANCE,TRADE,64032,0.0005
2026-07-30 13:46:41,BTCUSDT,BINANCE,TRADE,64032,0.0005
2026-07-30 13:46:41,BTCUSDT,BINANCE,TRADE,64032,0.00224
2026-07-30 13:46:41,BTCUSDT,BINANCE,TRADE,64032,0.0005
2026-07-30 13:46:41,BTCUSDT,BINANCE,TRADE,64032,0.0005
2026-07-30 13:46:41,BTCUSDT,BINANCE,TRADE,64032,0.0005
2026-07-30 13:46:41,BTCUSDT,BINANCE,TRADE,64032,0.00156
2026-07-30 13:46:41,BTCUSDT,BINANCE,TRADE,64032,0.0005
2026-07-30 13:46:41,BTCUSDT,BINANCE,TRADE,64032,0.00314
2026-07-30 13:46:41,BTCUSDT,BINANCE,TRADE,64032,9e-05
2026-07-30 13:46:41,BTCUSDT,BINANCE,TRADE,64032,0.0005
2026-07-30 13:46:41,BTCUSDT,BINANCE,TRADE,64032,0.00156
2026-07-30 13:46:41,ETHUSDT,BINANCE,TRADE,1904.75,0.2161
2026-07-30 13:46:41,BTCUSDT,BINANCE,TRADE,64032,0.0005
2026-07-30 13:46:41,BTCUSDT,BINANCE,TRADE,64032,0.00143
2026-07-30 13:46:41,BTCUSDT,BINANCE,TRADE,64032,0.00143
2026-07-30 13:46:41,BTCUSDT,BINANCE,TRADE,64032,0.0005
2026-07-30 13:46:41,BTCUSDT,BINANCE,TRADE,64032,0.00156
2026-07-30 13:46:41,BTCUSDT,BINANCE,TRADE,64032,0.0005
2026-07-30 13:46:41,BTCUSDT,BINANCE,TRADE,64032,0.0005
2026-07-30 13:46:41,BTCUSDT,BINANCE,TRADE,64032,0.0005
2026-07-30 13:46:41,BTCUSDT,BINANCE,TRADE,64032,0.0005
2026-07-30 13:46:41,BTCUSDT,BINANCE,TRADE,64032,0.00156
2026-07-30 13:46:41,BTCUSDT,BINANCE,TRADE,64032,0.0005
2026-07-30 13:46:41,BTCUSDT,BINANCE,TRADE,64032,0.0005
2026-07-30 13:46:41,BTCUSDT,BINANCE,TRADE,64032,0.0005
2026-07-30 13:46:41,BTCUSDT,BINANCE,TRADE,64032,0.00156
2026-07-30 13:46:41,BTCUSDT,BINANCE,TRADE,64032,0.0005
2026-07-30 13:46:41,BTCUSDT,BINANCE,TRADE,64032,0.0005
2026-07-30 13:46:41,BTCUSDT,BINANCE,TRADE,64032,0.0005
2026-07-30 13:46:42,BTCUSDT,BINANCE,TRADE,64032,0.0005
2026-07-30 13:46:42,BTCUSDT,BINANCE,TRADE,64032,0.00156
2026-07-30 13:46:42,BTCUSDT,BINANCE,TRADE,64032,0.00012
2026-07-30 13:46:42,BTCUSDT,BINANCE,TRADE,64032,0.0005
2026-07-30 13:46:42,BTCUSDT,BINANCE,TRADE,64032,0.00228
2026-07-30 13:46:42,BTCUSDT,BINANCE,TRADE,64032,0.0005
2026-07-30 13:46:42,BTCUSDT,BINANCE,TRADE,64032,0.0005
2026-07-30 13:46:42,BTCUSDT,BINANCE,TRADE,64032,0.0005
2026-07-30 13:46:42,BTCUSDT,BINANCE,TRADE,64032,0.0005
2026-07-30 13:46:42,BTCUSDT,BINANCE,TRADE,64032,0.0005
2026-07-30 13:46:42,BTCUSDT,BINANCE,TRADE,64032,0.00122
2026-07-30 13:46:42,BTCUSDT,BINANCE,TRADE,64032,0.00031
2026-07-30 13:46:42,BTCUSDT,BINANCE,TRADE,64032,0.0005
2026-07-30 13:46:42,BTCUSDT,BINANCE,TRADE,64032,0.0005
2026-07-30 13:46:42,BTCUSDT,BINANCE,TRADE,64032,0.00138
2026-07-30 13:46:42,BTCUSDT,BINANCE,TRADE,64032,0.0005
2026-07-30 13:46:42,BTCUSDT,BINANCE,TRADE,64032,0.0005
2026-07-30 13:46:42,BTCUSDT,BINANCE,TRADE,64032,0.0005
2026-07-30 13:46:42,BTCUSDT,BINANCE,TRADE,64032,0.00016
2026-07-30 13:46:42,BTCUSDT,BINANCE,TRADE,64032,0.0005
2026-07-30 13:46:42,ETHUSDT,BINANCE,TRADE,1904.76,0.0027
2026-07-30 13:46:42,BTCUSDT,BINANCE,TRADE,64032,0.0005
2026-07-30 13:46:42,BTCUSDT,BINANCE,TRADE,64032,0.00033
2026-07-30 13:46:42,BTCUSDT,BINANCE,TRADE,64032,0.0005
2026-07-30 13:46:42,BTCUSDT,BINANCE,TRADE,64032,0.0005
2026-07-30 13:46:42,BTCUSDT,BINANCE,TRADE,64032,0.0005
2026-07-30 13:46:42,BTCUSDT,BINANCE,TRADE,64032,0.00025
2026-07-30 13:46:42,BTCUSDT,BINANCE,TRADE,64032,0.0005
2026-07-30 13:46:42,BTCUSDT,BINANCE,TRADE,64032,0.0005
2026-07-30 13:46:42,BTCUSDT,BINANCE,TRADE,64032,0.0005
2026-07-30 13:46:42,BTCUSDT,BINANCE,TRADE,64032,0.00521
2026-07-30 13:46:42,BTCUSDT,BINANCE,TRADE,64032,0.0005
2026-07-30 13:46:42,BTCUSDT,BINANCE,TRADE,64032,0.0005
2026-07-30 13:46:42,BTCUSDT,BINANCE,TRADE,64032,0.0005
2026-07-30 13:46:42,BTCUSDT,BINANCE,TRADE,64032,0.0005
2026-07-30 13:46:42,BTCUSDT,BINANCE,TRADE,64032,0.0005
2026-07-30 13:46:42,BTCUSDT,BINANCE,TRADE,64032,0.0005
2026-07-30 13:46:42,BTCUSDT,BINANCE,TRADE,64032,0.0005
2026-07-30 13:46:42,BTCUSDT,BINANCE,TRADE,64032,8e-05
2026-07-30 13:46:42,BTCUSDT,BINANCE,TRADE,64032,9e-05
2026-07-30 13:46:42,BTCUSDT,BINANCE,TRADE,64032,0.0001
2026-07-30 13:46:42,BTCUSDT,BINANCE,TRADE,64032,0.0005
2026-07-30 13:46:42,BTCUSDT,BINANCE,TRADE,64032,0.00204
2026-07-30 13:46:42,BTCUSDT,BINANCE,TRADE,64032,0.0005
2026-07-30 13:46:42,BTCUSDT,BINANCE,TRADE,64032,0.00166
2026-07-30 13:46:42,BTCUSDT,BINANCE,TRADE,64032,0.0005
2026-07-30 13:46:42,BTCUSDT,BINANCE,TRADE,64032,0.0005
2026-07-30 13:46:42,BTCUSDT,BINANCE,TRADE,64032,0.00047
2026-07-30 13:46:42,BTCUSDT,BINANCE,TRADE,64032,3e-05
2026-07-30 13:46:42,BTCUSDT,BINANCE,TRADE,64032,0.0005
2026-07-30 13:46:42,BTCUSDT,BINANCE,TRADE,64032,5e-05
2026-07-30 13:46:42,BTCUSDT,BINANCE,TRADE,64032,0.00016
2026-07-30 13:46:42,BTCUSDT,BINANCE,TRADE,64032,8e-05
2026-07-30 13:46:42,BTCUSDT,BINANCE,TRADE,64032,0.00021
2026-07-30 13:46:42,BTCUSDT,BINANCE,TRADE,64032,0.0005
2026-07-30 13:46:42,BTCUSDT,BINANCE,TRADE,64032,0.0005
2026-07-30 13:46:42,BTCUSDT,BINANCE,TRADE,64032,0.0005
2026-07-30 13:46:42,ETHUSDT,BINANCE,TRADE,1904.76,0.2299
2026-07-30 13:46:42,BTCUSDT,BINANCE,TRADE,64032,0.0005
2026-07-30 13:46:42,BTCUSDT,BINANCE,TRADE,64032,0.0005
2026-07-30 13:46:42,BTCUSDT,BINANCE,TRADE,64032,0.00036
2026-07-30 13:46:42,BTCUSDT,BINANCE,TRADE,64032,0.00014
2026-07-30 13:46:42,BTCUSDT,BINANCE,TRADE,64032,0.0005
2026-07-30 13:46:42,BTCUSDT,BINANCE,TRADE,64032,0.0005
2026-07-30 13:46:42,BTCUSDT,BINANCE,TRADE,64032,0.0005
2026-07-30 13:46:42,ETHUSDT,BINANCE,TRADE,1904.75,0.013
2026-07-30 13:46:42,BTCUSDT,BINANCE,TRADE,64032,0.0005
2026-07-30 13:46:42,BTCUSDT,BINANCE,TRADE,64032,0.0005
2026-07-30 13:46:42,BTCUSDT,BINANCE,TRADE,64032,0.00041
2026-07-30 13:46:42,BTCUSDT,BINANCE,TRADE,64032,8e-05
2026-07-30 13:46:42,BTCUSDT,BINANCE,TRADE,64032,1e-05
2026-07-30 13:46:42,BTCUSDT,BINANCE,TRADE,64032,0.00038
2026-07-30 13:46:42,BTCUSDT,BINANCE,TRADE,64032,0.0005
2026-07-30 13:46:42,BTCUSDT,BINANCE,TRADE,64032,0.0005
2026-07-30 13:46:42,BTCUSDT,BINANCE,TRADE,64032,0.00262
2026-07-30 13:46:42,BTCUSDT,BINANCE,TRADE,64032,0.00509
2026-07-30 13:46:42,BTCUSDT,BINANCE,TRADE,64032,0.0005
2026-07-30 13:46:42,BTCUSDT,BINANCE,TRADE,64032,0.0005
2026-07-30 13:46:42,ETHUSDT,BINANCE,TRADE,1904.76,0.2321
2026-07-30 13:46:42,BTCUSDT,BINANCE,TRADE,64032,0.00021
2026-07-30 13:46:42,BTCUSDT,BINANCE,TRADE,64032,0.0005
2026-07-30 13:46:42,BTCUSDT,BINANCE,TRADE,64032,0.0005
2026-07-30 13:46:42,BTCUSDT,BINANCE,TRADE,64032,0.0005
2026-07-30 13:46:42,BTCUSDT,BINANCE,TRADE,64032,0.0005
2026-07-30 13:46:42,BTCUSDT,BINANCE,TRADE,64032,0.00138
2026-07-30 13:46:42,BTCUSDT,BINANCE,TRADE,64032,0.0005
2026-07-30 13:46:42,BTCUSDT,BINANCE,TRADE,64032,0.00019
2026-07-30 13:46:42,BTCUSDT,BINANCE,TRADE,64032,0.00061
2026-07-30 13:46:42,BTCUSDT,BINANCE,TRADE,64032,0.0005
2026-07-30 13:46:42,ETHUSDT,BINANCE,TRADE,1904.76,0.0183
2026-07-30 13:46:42,ETHUSDT,BINANCE,TRADE,1904.75,0.0073
2026-07-30 13:46:42,BTCUSDT,BINANCE,TRADE,64032,0.0005
2026-07-30 13:46:42,BTCUSDT,BINANCE,TRADE,64032,0.00046
2026-07-30 13:46:42,BTCUSDT,BINANCE,TRADE,64032,0.0005
2026-07-30 13:46:42,BTCUSDT,BINANCE,TRADE,64032,0.00021
2026-07-30 13:46:42,BTCUSDT,BINANCE,TRADE,64032,0.0005
2026-07-30 13:46:42,BTCUSDT,BINANCE,TRADE,64032,0.0005
2026-07-30 13:46:42,BTCUSDT,BINANCE,TRADE,64032,0.00046
2026-07-30 13:46:42,BTCUSDT,BINANCE,TRADE,64032,0.0005
2026-07-30 13:46:42,BTCUSDT,BINANCE,TRADE,64032,0.0005
2026-07-30 13:46:42,BTCUSDT,BINANCE,TRADE,64032,0.0005
2026-07-30 13:46:42,BTCUSDT,BINANCE,TRADE,64032,0.0005
2026-07-30 13:46:42,BTCUSDT,BINANCE,TRADE,64032,0.0005
2026-07-30 13:46:42,BTCUSDT,BINANCE,TRADE,64032,0.0005
2026-07-30 13:46:42,BTCUSDT,BINANCE,TRADE,64032,9e-05
2026-07-30 13:46:42,BTCUSDT,BINANCE,TRADE,64032,0.0005
2026-07-30 13:46:42,BTCUSDT,BINANCE,TRADE,64032,0.0005
2026-07-30 13:46:42,BTCUSDT,BINANCE,TRADE,64032,0.0005
2026-07-30 13:46:42,BTCUSDT,BINANCE,TRADE,64032,0.00075
2026-07-30 13:46:42,BTCUSDT,BINANCE,TRADE,64032,0.0005
2026-07-30 13:46:42,BTCUSDT,BINANCE,TRADE,64032,0.0005
2026-07-30 13:46:42,BTCUSDT,BINANCE,TRADE,64032,0.0005
2026-07-30 13:46:42,BTCUSDT,BINANCE,TRADE,64032,0.0005
2026-07-30 13:46:42,BTCUSDT,BINANCE,TRADE,64032,0.00159
2026-07-30 13:46:42,BTCUSDT,BINANCE,TRADE,64032,0.0005
2026-07-30 13:46:42,BTCUSDT,BINANCE,TRADE,64032,0.0005
2026-07-30 13:46:42,BTCUSDT,BINANCE,TRADE,64032,0.0005
2026-07-30 13:46:42,SOLUSDT,BINANCE,TRADE,73.42,1.282
2026-07-30 13:46:42,BTCUSDT,BINANCE,TRADE,64032,0.00166
2026-07-30 13:46:42,BTCUSDT,BINANCE,TRADE,64032,0.0005
2026-07-30 13:46:42,BTCUSDT,BINANCE,TRADE,64032,0.00012
2026-07-30 13:46:42,BTCUSDT,BINANCE,TRADE,64032,0.0005
2026-07-30 13:46:42,ETHUSDT,BINANCE,TRADE,1904.75,0.0291
2026-07-30 13:46:42,BTCUSDT,BINANCE,TRADE,64032,0.00314
2026-07-30 13:46:42,BTCUSDT,BINANCE,TRADE,64032,0.0005
2026-07-30 13:46:42,BTCUSDT,BINANCE,TRADE,64032,0.0005
2026-07-30 13:46:42,BTCUSDT,BINANCE,TRADE,64032,0.0005
2026-07-30 13:46:42,BTCUSDT,BINANCE,TRADE,64032,0.00015
2026-07-30 13:46:42,BTCUSDT,BINANCE,TRADE,64032,0.0005
2026-07-30 13:46:42,BTCUSDT,BINANCE,TRADE,64032,0.0005
2026-07-30 13:46:42,BTCUSDT,BINANCE,TRADE,64032,0.0014
2026-07-30 13:46:42,BTCUSDT,BINANCE,TRADE,64032,0.0005
2026-07-30 13:46:42,BTCUSDT,BINANCE,TRADE,64032,0.00499
2026-07-30 13:46:42,BTCUSDT,BINANCE,TRADE,64032,0.0005
2026-07-30 13:46:42,ETHUSDT,BINANCE,TRADE,1904.76,0.042
2026-07-30 13:46:42,BTCUSDT,BINANCE,TRADE,64032,0.0005
2026-07-30 13:46:42,BTCUSDT,BINANCE,TRADE,64032,0.0005
2026-07-30 13:46:42,BTCUSDT,BINANCE,TRADE,64032,0.00027
2026-07-30 13:46:42,BTCUSDT,BINANCE,TRADE,64032,0.0005
2026-07-30 13:46:42,BTCUSDT,BINANCE,TRADE,64032,0.0005
2026-07-30 13:46:42,BTCUSDT,BINANCE,TRADE,64032,0.0005
2026-07-30 13:46:42,BTCUSDT,BINANCE,TRADE,64032,0.0005
2026-07-30 13:46:42,BTCUSDT,BINANCE,TRADE,64032,0.0005
2026-07-30 13:46:42,ETHUSDT,BINANCE,TRADE,1904.75,0.0136
2026-07-30 13:46:42,BTCUSDT,BINANCE,TRADE,64032,0.0005
2026-07-30 13:46:42,BTCUSDT,BINANCE,TRADE,64032,0.00025
2026-07-30 13:46:42,BTCUSDT,BINANCE,TRADE,64032,0.0005
2026-07-30 13:46:42,BTCUSDT,BINANCE,TRADE,64032,0.00232
2026-07-30 13:46:42,BTCUSDT,BINANCE,TRADE,64032,0.0005
2026-07-30 13:46:43,BTCUSDT,BINANCE,TRADE,64032,9e-05
2026-07-30 13:46:43,BTCUSDT,BINANCE,TRADE,64032,0.0005
2026-07-30 13:46:43,BTCUSDT,BINANCE,TRADE,64032,0.0005
2026-07-30 13:46:43,BTCUSDT,BINANCE,TRADE,64032,0.0005
2026-07-30 13:46:43,BTCUSDT,BINANCE,TRADE,64032,0.00145
2026-07-30 13:46:43,BTCUSDT,BINANCE,TRADE,64032,0.0005
2026-07-30 13:46:43,BTCUSDT,BINANCE,TRADE,64032,0.0005
2026-07-30 13:46:43,BTCUSDT,BINANCE,TRADE,64032,0.0005
2026-07-30 13:46:43,ETHUSDT,BINANCE,TRADE,1904.76,0.0114
2026-07-30 13:46:43,BTCUSDT,BINANCE,TRADE,64032,0.0005
2026-07-30 13:46:43,BTCUSDT,BINANCE,TRADE,64032,0.0005
2026-07-30 13:46:43,BTCUSDT,BINANCE,TRADE,64032,0.0005
2026-07-30 13:46:43,ETHUSDT,BINANCE,TRADE,1904.75,0.0147
2026-07-30 13:46:43,BTCUSDT,BINANCE,TRADE,64032,0.0005
2026-07-30 13:46:43,BTCUSDT,BINANCE,TRADE,64032,0.0005
2026-07-30 13:46:43,BTCUSDT,BINANCE,TRADE,64032,0.0005
2026-07-30 13:46:43,BTCUSDT,BINANCE,TRADE,64032,0.0005
2026-07-30 13:46:43,BTCUSDT,BINANCE,TRADE,64032,0.0005
2026-07-30 13:46:43,BTCUSDT,BINANCE,TRADE,64032,0.0005
2026-07-30 13:46:43,BTCUSDT,BINANCE,TRADE,64032,0.0005
2026-07-30 13:46:43,BTCUSDT,BINANCE,TRADE,64032,8e-05
2026-07-30 13:46:43,BTCUSDT,BINANCE,TRADE,64032,0.0005
2026-07-30 13:46:43,BTCUSDT,BINANCE,TRADE,64032,0.0005
2026-07-30 13:46:43,ETHUSDT,BINANCE,TRADE,1904.75,0.1725
2026-07-30 13:46:43,BTCUSDT,BINANCE,TRADE,64032,0.0005
2026-07-30 13:46:43,BTCUSDT,BINANCE,TRADE,64032,0.0005
2026-07-30 13:46:43,BTCUSDT,BINANCE,TRADE,64032,0.0005
2026-07-30 13:46:43,BTCUSDT,BINANCE,TRADE,64032,0.00347
2026-07-30 13:46:43,BTCUSDT,BINANCE,TRADE,64032,0.02645
2026-07-30 13:46:43,BTCUSDT,BINANCE,TRADE,64032,0.0005
2026-07-30 13:46:43,BTCUSDT,BINANCE,TRADE,64032,0.0005
2026-07-30 13:46:43,BTCUSDT,BINANCE,TRADE,64032,0.0005
2026-07-30 13:46:43,BTCUSDT,BINANCE,TRADE,64032,0.0005
2026-07-30 13:46:43,BTCUSDT,BINANCE,TRADE,64032,0.00017
2026-07-30 13:46:43,BTCUSDT,BINANCE,TRADE,64032,0.0005
2026-07-30 13:46:43,BTCUSDT,BINANCE,TRADE,64032,0.0005
2026-07-30 13:46:43,BTCUSDT,BINANCE,TRADE,64032,0.01874
2026-07-30 13:46:43,BTCUSDT,BINANCE,TRADE,64032,3e-05
2026-07-30 13:46:43,BTCUSDT,BINANCE,TRADE,64032,0.00047
2026-07-30 13:46:43,BTCUSDT,BINANCE,TRADE,64032,0.0005
2026-07-30 13:46:43,BTCUSDT,BINANCE,TRADE,64032,0.0005
2026-07-30 13:46:43,BTCUSDT,BINANCE,TRADE,64032,0.0005
2026-07-30 13:46:43,BTCUSDT,BINANCE,TRADE,64032,0.0005
2026-07-30 13:46:43,BTCUSDT,BINANCE,TRADE,64032,0.0005
2026-07-30 13:46:43,BTCUSDT,BINANCE,TRADE,64032,0.00021
2026-07-30 13:46:43,BTCUSDT,BINANCE,TRADE,64032,0.0005
2026-07-30 13:46:43,BTCUSDT,BINANCE,TRADE,64032,0.00182
2026-07-30 13:46:43,BTCUSDT,BINANCE,TRADE,64032,0.0005
2026-07-30 13:46:43,BTCUSDT,BINANCE,TRADE,64032,0.0005
2026-07-30 13:46:43,BTCUSDT,BINANCE,TRADE,64032,0.0005
2026-07-30 13:46:43,BTCUSDT,BINANCE,TRADE,64032,0.0005
2026-07-30 13:46:43,BTCUSDT,BINANCE,TRADE,64032,0.0005
2026-07-30 13:46:43,BTCUSDT,BINANCE,TRADE,64032,0.0005
2026-07-30 13:46:43,BTCUSDT,BINANCE,TRADE,64032,0.0005
2026-07-30 13:46:43,ETHUSDT,BINANCE,TRADE,1904.75,0.0252
2026-07-30 13:46:43,BTCUSDT,BINANCE,TRADE,64032,0.0005
2026-07-30 13:46:43,BTCUSDT,BINANCE,TRADE,64032,0.0005
2026-07-30 13:46:43,BTCUSDT,BINANCE,TRADE,64032,0.0005
2026-07-30 13:46:43,BTCUSDT,BINANCE,TRADE,64032,0.0005
2026-07-30 13:46:43,BTCUSDT,BINANCE,TRADE,64032,0.00032
2026-07-30 13:46:43,BTCUSDT,BINANCE,TRADE,64032,8e-05
2026-07-30 13:46:43,BTCUSDT,BINANCE,TRADE,64032,0.0001
2026-07-30 13:46:43,BTCUSDT,BINANCE,TRADE,64032,0.0005
2026-07-30 13:46:43,BTCUSDT,BINANCE,TRADE,64032,0.0005
2026-07-30 13:46:43,BTCUSDT,BINANCE,TRADE,64032,0.0005
2026-07-30 13:46:43,BTCUSDT,BINANCE,TRADE,64032,0.0005
2026-07-30 13:46:43,BTCUSDT,BINANCE,TRADE,64032,0.0005
2026-07-30 13:46:43,BTCUSDT,BINANCE,TRADE,64032,0.0005
2026-07-30 13:46:43,BTCUSDT,BINANCE,TRADE,64032,0.0005
2026-07-30 13:46:43,BTCUSDT,BINANCE,TRADE,64032,0.0005
2026-07-30 13:46:43,BTCUSDT,BINANCE,TRADE,64032,0.00015
2026-07-30 13:46:43,BTCUSDT,BINANCE,TRADE,64032,0.0005
2026-07-30 13:46:43,BTCUSDT,BINANCE,TRADE,64032,0.00031
2026-07-30 13:46:43,BTCUSDT,BINANCE,TRADE,64032,0.0005
2026-07-30 13:46:43,BTCUSDT,BINANCE,TRADE,64032,0.0005
2026-07-30 13:46:43,ETHUSDT,BINANCE,TRADE,1904.75,0.2321
2026-07-30 13:46:43,BTCUSDT,BINANCE,TRADE,64032,0.0005
2026-07-30 13:46:43,BTCUSDT,BINANCE,TRADE,64032,0.0005
2026-07-30 13:46:43,ETHUSDT,BINANCE,TRADE,1904.75,0.0525
2026-07-30 13:46:43,BTCUSDT,BINANCE,TRADE,64032,0.0005
2026-07-30 13:46:43,BTCUSDT,BINANCE,TRADE,64032,0.0005
2026-07-30 13:46:43,BTCUSDT,BINANCE,TRADE,64032,0.00132
2026-07-30 13:46:43,BTCUSDT,BINANCE,TRADE,64032,0.0005
2026-07-30 13:46:43,BTCUSDT,BINANCE,TRADE,64032,0.00033
2026-07-30 13:46:43,BTCUSDT,BINANCE,TRADE,64032,0.0005
2026-07-30 13:46:43,BTCUSDT,BINANCE,TRADE,64032,0.00042
2026-07-30 13:46:43,BTCUSDT,BINANCE,TRADE,64032,8e-05
2026-07-30 13:46:43,BTCUSDT,BINANCE,TRADE,64032,0.00122
2026-07-30 13:46:43,BTCUSDT,BINANCE,TRADE,64032,0.0005
2026-07-30 13:46:43,BTCUSDT,BINANCE,TRADE,64032,0.005
2026-07-30 13:46:43,BTCUSDT,BINANCE,TRADE,64032,0.0005
2026-07-30 13:46:43,BTCUSDT,BINANCE,TRADE,64032,0.0005
2026-07-30 13:46:43,BTCUSDT,BINANCE,TRADE,64032,0.0005
2026-07-30 13:46:43,BTCUSDT,BINANCE,TRADE,64032,0.0005
2026-07-30 13:46:43,BTCUSDT,BINANCE,TRADE,64032,0.0027
2026-07-30 13:46:43,BTCUSDT,BINANCE,TRADE,64032,0.00044
2026-07-30 13:46:43,BTCUSDT,BINANCE,TRADE,64032,0.0005
2026-07-30 13:46:43,BTCUSDT,BINANCE,TRADE,64032,0.0005
2026-07-30 13:46:43,BTCUSDT,BINANCE,TRADE,64032,0.00406
2026-07-30 13:46:43,BTCUSDT,BINANCE,TRADE,64032,0.0001
2026-07-30 13:46:43,BTCUSDT,BINANCE,TRADE,64032,0.005
2026-07-30 13:46:43,BTCUSDT,BINANCE,TRADE,64032,0.00084
2026-07-30 13:46:43,BTCUSDT,BINANCE,TRADE,64032,0.0005
2026-07-30 13:46:43,BTCUSDT,BINANCE,TRADE,64032,0.0001
2026-07-30 13:46:43,BTCUSDT,BINANCE,TRADE,64032,0.0005
2026-07-30 13:46:43,BTCUSDT,BINANCE,TRADE,64032,0.0005
2026-07-30 13:46:43,BTCUSDT,BINANCE,TRADE,64032,0.0005
2026-07-30 13:46:43,BTCUSDT,BINANCE,TRADE,64032,0.00019
2026-07-30 13:46:43,BTCUSDT,BINANCE,TRADE,64032,0.01363
2026-07-30 13:46:43,BTCUSDT,BINANCE,TRADE,64032,0.00052
2026-07-30 13:46:43,BTCUSDT,BINANCE,TRADE,64032,0.00179
2026-07-30 13:46:43,BTCUSDT,BINANCE,TRADE,64032,0.0005
2026-07-30 13:46:43,BTCUSDT,BINANCE,TRADE,64032,0.00262
2026-07-30 13:46:43,BTCUSDT,BINANCE,TRADE,64032,0.005
2026-07-30 13:46:43,BTCUSDT,BINANCE,TRADE,64032,0.0005
2026-07-30 13:46:43,BTCUSDT,BINANCE,TRADE,64032,0.0005
2026-07-30 13:46:43,BTCUSDT,BINANCE,TRADE,64032,0.00365
2026-07-30 13:46:43,BTCUSDT,BINANCE,TRADE,64032,0.00424
2026-07-30 13:46:43,BTCUSDT,BINANCE,TRADE,64032,0.0005
2026-07-30 13:46:43,BTCUSDT,BINANCE,TRADE,64032,0.0005
2026-07-30 13:46:43,BTCUSDT,BINANCE,TRADE,64032,0.0005
2026-07-30 13:46:43,BTCUSDT,BINANCE,TRADE,64032,0.00224
2026-07-30 13:46:43,BTCUSDT,BINANCE,TRADE,64032,0.0005
2026-07-30 13:46:43,BTCUSDT,BINANCE,TRADE,64032,0.0005
2026-07-30 13:46:43,BTCUSDT,BINANCE,TRADE,64032,0.00281
2026-07-30 13:46:43,BTCUSDT,BINANCE,TRADE,64032,0.0005
2026-07-30 13:46:43,BTCUSDT,BINANCE,TRADE,64032,0.0005
2026-07-30 13:46:43,BTCUSDT,BINANCE,TRADE,64032,0.0005
2026-07-30 13:46:43,BTCUSDT,BINANCE,TRADE,64032,0.00015
2026-07-30 13:46:43,BTCUSDT,BINANCE,TRADE,64032,0.0005
2026-07-30 13:46:43,BTCUSDT,BINANCE,TRADE,64032,0.00126
2026-07-30 13:46:43,BTCUSDT,BINANCE,TRADE,64032,0.0005
2026-07-30 13:46:43,BTCUSDT,BINANCE,TRADE,64032,0.00182
2026-07-30 13:46:43,BTCUSDT,BINANCE,TRADE,64032,0.0005
2026-07-30 13:46:43,BTCUSDT,BINANCE,TRADE,64032,0.0005
2026-07-30 13:46:43,BTCUSDT,BINANCE,TRADE,64032,0.0005
2026-07-30 13:46:43,BTCUSDT,BINANCE,TRADE,64032,0.0005
2026-07-30 13:46:43,BTCUSDT,BINANCE,TRADE,64032,0.0005
2026-07-30 13:46:43,BTCUSDT,BINANCE,TRADE,64032,0.0005
2026-07-30 13:46:43,BTCUSDT,BINANCE,TRADE,64032,0.0005
2026-07-30 13:46:43,BTCUSDT,BINANCE,TRADE,64032,0.00246
2026-07-30 13:46:43,BTCUSDT,BINANCE,TRADE,64032,0.00254
2026-07-30 13:46:43,BTCUSDT,BINANCE,TRADE,64032,0.005
2026-07-30 13:46:43,BTCUSDT,BINANCE,TRADE,64032,0.005
2026-07-30 13:46:43,BTCUSDT,BINANCE,TRADE,64032,0.0005
2026-07-30 13:46:44,BTCUSDT,BINANCE,TRADE,64032,0.00039
2026-07-30 13:46:44,BTCUSDT,BINANCE,TRADE,64032,0.0005
2026-07-30 13:46:44,BTCUSDT,BINANCE,TRADE,64032,0.0005
2026-07-30 13:46:44,BTCUSDT,BINANCE,TRADE,64032,0.0005
2026-07-30 13:46:44,BTCUSDT,BINANCE,TRADE,64032,0.0005
2026-07-30 13:46:44,BTCUSDT,BINANCE,TRADE,64032,0.0005
2026-07-30 13:46:44,BTCUSDT,BINANCE,TRADE,64032,0.00011
2026-07-30 13:46:44,BTCUSDT,BINANCE,TRADE,64032,0.00023
2026-07-30 13:46:44,BTCUSDT,BINANCE,TRADE,64032,0.00048
2026-07-30 13:46:44,BTCUSDT,BINANCE,TRADE,64032,0.00072
2026-07-30 13:46:44,BTCUSDT,BINANCE,TRADE,64032,0.00016
2026-07-30 13:46:44,BTCUSDT,BINANCE,TRADE,64032,0.0005
2026-07-30 13:46:44,BTCUSDT,BINANCE,TRADE,64032,0.00515
2026-07-30 13:46:44,BTCUSDT,BINANCE,TRADE,64032,0.00019
2026-07-30 13:46:44,BTCUSDT,BINANCE,TRADE,64032,0.0005
2026-07-30 13:46:44,BTCUSDT,BINANCE,TRADE,64032,0.00017
2026-07-30 13:46:44,BTCUSDT,BINANCE,TRADE,64032,0.0005
2026-07-30 13:46:44,BTCUSDT,BINANCE,TRADE,64032,0.0005
2026-07-30 13:46:44,BTCUSDT,BINANCE,TRADE,64032,0.0005
2026-07-30 13:46:44,BTCUSDT,BINANCE,TRADE,64032,0.00521
2026-07-30 13:46:44,BTCUSDT,BINANCE,TRADE,64032,0.00166
2026-07-30 13:46:44,BTCUSDT,BINANCE,TRADE,64032,0.0005
2026-07-30 13:46:44,BTCUSDT,BINANCE,TRADE,64032,0.00499
2026-07-30 13:46:44,BTCUSDT,BINANCE,TRADE,64032,0.0005
2026-07-30 13:46:44,BTCUSDT,BINANCE,TRADE,64032,0.0005
2026-07-30 13:46:44,BTCUSDT,BINANCE,TRADE,64032,0.00021
2026-07-30 13:46:44,BTCUSDT,BINANCE,TRADE,64032,0.0005
2026-07-30 13:46:44,BTCUSDT,BINANCE,TRADE,64032,0.0005
2026-07-30 13:46:44,BTCUSDT,BINANCE,TRADE,64032,0.0005
2026-07-30 13:46:44,BTCUSDT,BINANCE,TRADE,64032,0.00143
2026-07-30 13:46:44,BTCUSDT,BINANCE,TRADE,64032,0.0005
2026-07-30 13:46:44,BTCUSDT,BINANCE,TRADE,64032,0.0005
2026-07-30 13:46:44,BTCUSDT,BINANCE,TRADE,64032,0.0005
2026-07-30 13:46:44,BTCUSDT,BINANCE,TRADE,64032,0.0004
2026-07-30 13:46:44,BTCUSDT,BINANCE,TRADE,64032,0.0005
2026-07-30 13:46:44,BTCUSDT,BINANCE,TRADE,64032,0.0005
2026-07-30 13:46:44,BTCUSDT,BINANCE,TRADE,64032,0.0005
2026-07-30 13:46:44,BTCUSDT,BINANCE,TRADE,64032,0.0005
2026-07-30 13:46:44,BTCUSDT,BINANCE,TRADE,64032,0.00029
2026-07-30 13:46:44,BTCUSDT,BINANCE,TRADE,64032,0.0005
2026-07-30 13:46:44,ETHUSDT,BINANCE,TRADE,1904.76,0.0109
2026-07-30 13:46:44,BTCUSDT,BINANCE,TRADE,64032,0.0005
2026-07-30 13:46:44,BTCUSDT,BINANCE,TRADE,64032,0.0005
2026-07-30 13:46:44,BTCUSDT,BINANCE,TRADE,64032,0.0005
2026-07-30 13:46:44,BTCUSDT,BINANCE,TRADE,64032,0.0005
2026-07-30 13:46:44,SOLUSDT,BINANCE,TRADE,73.42,0.784
2026-07-30 13:46:44,BTCUSDT,BINANCE,TRADE,64032,0.00012
2026-07-30 13:46:44,BTCUSDT,BINANCE,TRADE,64032,0.0005
2026-07-30 13:46:44,BTCUSDT,BINANCE,TRADE,64032,0.00026
2026-07-30 13:46:44,BTCUSDT,BINANCE,TRADE,64032,0.0005
2026-07-30 13:46:44,BTCUSDT,BINANCE,TRADE,64032,0.0005
2026-07-30 13:46:44,BTCUSDT,BINANCE,TRADE,64032,0.0001
2026-07-30 13:46:44,BTCUSDT,BINANCE,TRADE,64032,0.00499
2026-07-30 13:46:44,BTCUSDT,BINANCE,TRADE,64032,0.0005
2026-07-30 13:46:44,BTCUSDT,BINANCE,TRADE,64032,0.0005
2026-07-30 13:46:44,BTCUSDT,BINANCE,TRADE,64032,0.0005
2026-07-30 13:46:44,BTCUSDT,BINANCE,TRADE,64032,0.00031
2026-07-30 13:46:44,BTCUSDT,BINANCE,TRADE,64032,0.0005
2026-07-30 13:46:44,BTCUSDT,BINANCE,TRADE,64032,0.0005
2026-07-30 13:46:44,ETHUSDT,BINANCE,TRADE,1904.75,0.0089
2026-07-30 13:46:44,BTCUSDT,BINANCE,TRADE,64032,0.0005
2026-07-30 13:46:44,BTCUSDT,BINANCE,TRADE,64032,0.0005
2026-07-30 13:46:44,BTCUSDT,BINANCE,TRADE,64032,0.0005
2026-07-30 13:46:44,BTCUSDT,BINANCE,TRADE,64032,0.0005
2026-07-30 13:46:44,BTCUSDT,BINANCE,TRADE,64032,0.0005
2026-07-30 13:46:44,BTCUSDT,BINANCE,TRADE,64032,0.00025
2026-07-30 13:46:44,BTCUSDT,BINANCE,TRADE,64032,0.0005
2026-07-30 13:46:44,BTCUSDT,BINANCE,TRADE,64032,0.0005
2026-07-30 13:46:44,BTCUSDT,BINANCE,TRADE,64032,0.00106
2026-07-30 13:46:44,ETHUSDT,BINANCE,TRADE,1904.76,0.0136
2026-07-30 13:46:44,BTCUSDT,BINANCE,TRADE,64032,0.0005
2026-07-30 13:46:44,BTCUSDT,BINANCE,TRADE,64032,0.0005
2026-07-30 13:46:44,BTCUSDT,BINANCE,TRADE,64032,0.0005
2026-07-30 13:46:44,BTCUSDT,BINANCE,TRADE,64032,0.0005
2026-07-30 13:46:44,BTCUSDT,BINANCE,TRADE,64032,0.0005
2026-07-30 13:46:44,BTCUSDT,BINANCE,TRADE,64032,0.0005
2026-07-30 13:46:44,BTCUSDT,BINANCE,TRADE,64032,0.0005
2026-07-30 13:46:44,BTCUSDT,BINANCE,TRADE,64032,0.0005
2026-07-30 13:46:44,BTCUSDT,BINANCE,TRADE,64032,0.0005
2026-07-30 13:46:44,BTCUSDT,BINANCE,TRADE,64032,0.0005
2026-07-30 13:46:44,BTCUSDT,BINANCE,TRADE,64032,0.00038
2026-07-30 13:46:44,BTCUSDT,BINANCE,TRADE,64032,0.0005
2026-07-30 13:46:44,SOLUSDT,BINANCE,TRADE,73.42,3.552
2026-07-30 13:46:44,BTCUSDT,BINANCE,TRADE,64032,0.00018
2026-07-30 13:46:44,BTCUSDT,BINANCE,TRADE,64032,0.0005
2026-07-30 13:46:44,BTCUSDT,BINANCE,TRADE,64032,0.0005
2026-07-30 13:46:44,BTCUSDT,BINANCE,TRADE,64032,0.00314
2026-07-30 13:46:44,BTCUSDT,BINANCE,TRADE,64032,0.0005
2026-07-30 13:46:44,BTCUSDT,BINANCE,TRADE,64032,0.0005
2026-07-30 13:46:44,BTCUSDT,BINANCE,TRADE,64032,0.0005
2026-07-30 13:46:44,BTCUSDT,BINANCE,TRADE,64032,0.0005
2026-07-30 13:46:44,BTCUSDT,BINANCE,TRADE,64032,0.0005
2026-07-30 13:46:44,BTCUSDT,BINANCE,TRADE,64032,0.00017
2026-07-30 13:46:44,BTCUSDT,BINANCE,TRADE,64032,0.0005
2026-07-30 13:46:44,BTCUSDT,BINANCE,TRADE,64032,0.00013
2026-07-30 13:46:44,BTCUSDT,BINANCE,TRADE,64032,0.0005
2026-07-30 13:46:44,ETHUSDT,BINANCE,TRADE,1904.76,0.0147
2026-07-30 13:46:44,BTCUSDT,BINANCE,TRADE,64032,0.0005
2026-07-30 13:46:44,BTCUSDT,BINANCE,TRADE,64032,0.0005
2026-07-30 13:46:44,BTCUSDT,BINANCE,TRADE,64032,0.0005
2026-07-30 13:46:44,BTCUSDT,BINANCE,TRADE,64032,0.0005
2026-07-30 13:46:44,BTCUSDT,BINANCE,TRADE,64032,0.0005
2026-07-30 13:46:44,ETHUSDT,BINANCE,TRADE,1904.76,0.029
2026-07-30 13:46:44,BTCUSDT,BINANCE,TRADE,64032,0.0005
2026-07-30 13:46:44,BTCUSDT,BINANCE,TRADE,64032,0.00044
2026-07-30 13:46:44,BTCUSDT,BINANCE,TRADE,64032,6e-05
2026-07-30 13:46:44,BTCUSDT,BINANCE,TRADE,64032,2e-05
2026-07-30 13:46:44,BTCUSDT,BINANCE,TRADE,64032,8e-05
2026-07-30 13:46:44,BTCUSDT,BINANCE,TRADE,64032,8e-05
2026-07-30 13:46:44,BTCUSDT,BINANCE,TRADE,64032,0.00126
2026-07-30 13:46:44,BTCUSDT,BINANCE,TRADE,64032,0.00065
2026-07-30 13:46:44,BTCUSDT,BINANCE,TRADE,64032,0.0005
2026-07-30 13:46:44,BTCUSDT,BINANCE,TRADE,64032,0.0005
2026-07-30 13:46:44,BTCUSDT,BINANCE,TRADE,64032,0.0005
2026-07-30 13:46:44,BTCUSDT,BINANCE,TRADE,64032,0.00011
2026-07-30 13:46:44,BTCUSDT,BINANCE,TRADE,64032,0.00193
2026-07-30 13:46:44,BTCUSDT,BINANCE,TRADE,64032,0.0005
2026-07-30 13:46:44,BTCUSDT,BINANCE,TRADE,64032,0.0005
2026-07-30 13:46:44,BTCUSDT,BINANCE,TRADE,64032,0.005
2026-07-30 13:46:44,BTCUSDT,BINANCE,TRADE,64032,0.00037
2026-07-30 13:46:44,BTCUSDT,BINANCE,TRADE,64032,0.00013
2026-07-30 13:46:44,BTCUSDT,BINANCE,TRADE,64032,0.0005
2026-07-30 13:46:44,BTCUSDT,BINANCE,TRADE,64032,0.00021
2026-07-30 13:46:44,BTCUSDT,BINANCE,TRADE,64032,0.0005
2026-07-30 13:46:44,BTCUSDT,BINANCE,TRADE,64032,0.0005
2026-07-30 13:46:44,BTCUSDT,BINANCE,TRADE,64032,0.0005
2026-07-30 13:46:44,ETHUSDT,BINANCE,TRADE,1904.76,0.2384
2026-07-30 13:46:44,BTCUSDT,BINANCE,TRADE,64032,0.0005
2026-07-30 13:46:44,ETHUSDT,BINANCE,TRADE,1904.76,0.2321
2026-07-30 13:46:44,BTCUSDT,BINANCE,TRADE,64032,0.00019
2026-07-30 13:46:44,BTCUSDT,BINANCE,TRADE,64032,0.0005
2026-07-30 13:46:44,BTCUSDT,BINANCE,TRADE,64032,0.0005
2026-07-30 13:46:44,BTCUSDT,BINANCE,TRADE,64032,0.0005
2026-07-30 13:46:44,BTCUSDT,BINANCE,TRADE,64032,0.0005
2026-07-30 13:46:44,BTCUSDT,BINANCE,TRADE,64032,0.0005
2026-07-30 13:46:44,BTCUSDT,BINANCE,TRADE,64032,0.0005
2026-07-30 13:46:44,BTCUSDT,BINANCE,TRADE,64032,0.00018
2026-07-30 13:46:44,BTCUSDT,BINANCE,TRADE,64032,0.00032
2026-07-30 13:46:44,BTCUSDT,BINANCE,TRADE,64032,0.00516
2026-07-30 13:46:44,BTCUSDT,BINANCE,TRADE,64032,0.0005
2026-07-30 13:46:44,ETHUSDT,BINANCE,TRADE,1904.76,0.0252
2026-07-30 13:46:44,BTCUSDT,BINANCE,TRADE,64032,0.0005
2026-07-30 13:46:44,SOLUSDT,BINANCE,TRADE,73.42,0.297
2026-07-30 13:46:44,BTCUSDT,BINANCE,TRADE,64032,0.0005
2026-07-30 13:46:44,BTCUSDT,BINANCE,TRADE,64032,0.00021
2026-07-30 13:46:44,BTCUSDT,BINANCE,TRADE,64032,0.0005
2026-07-30 13:46:44,BTCUSDT,BINANCE,TRADE,64032,0.0005
2026-07-30 13:46:45,BTCUSDT,BINANCE,TRADE,64032,0.0005
2026-07-30 13:46:45,BTCUSDT,BINANCE,TRADE,64032,0.00027
2026-07-30 13:46:45,BTCUSDT,BINANCE,TRADE,64032,0.0005
2026-07-30 13:46:45,BTCUSDT,BINANCE,TRADE,64032,0.00033
2026-07-30 13:46:45,BTCUSDT,BINANCE,TRADE,64032,0.0005
2026-07-30 13:46:45,BTCUSDT,BINANCE,TRADE,64032,0.0005
2026-07-30 13:46:45,ETHUSDT,BINANCE,TRADE,1904.76,0.0053
2026-07-30 13:46:45,BTCUSDT,BINANCE,TRADE,64032,0.00047
2026-07-30 13:46:45,BTCUSDT,BINANCE,TRADE,64032,3e-05
2026-07-30 13:46:45,BTCUSDT,BINANCE,TRADE,64032,0.0005
2026-07-30 13:46:45,BTCUSDT,BINANCE,TRADE,64032,0.0005
2026-07-30 13:46:45,BTCUSDT,BINANCE,TRADE,64032,0.0005
2026-07-30 13:46:45,BTCUSDT,BINANCE,TRADE,64032,0.0005
2026-07-30 13:46:45,BTCUSDT,BINANCE,TRADE,64032,0.0005
2026-07-30 13:46:45,BTCUSDT,BINANCE,TRADE,64032,0.0005
2026-07-30 13:46:45,BTCUSDT,BINANCE,TRADE,64032,0.0005
2026-07-30 13:46:45,BTCUSDT,BINANCE,TRADE,64032,0.00012
2026-07-30 13:46:45,BTCUSDT,BINANCE,TRADE,64032,0.0005
2026-07-30 13:46:45,BTCUSDT,BINANCE,TRADE,64032,0.0005
2026-07-30 13:46:45,BTCUSDT,BINANCE,TRADE,64032,0.00085
2026-07-30 13:46:45,BTCUSDT,BINANCE,TRADE,64032,0.003
2026-07-30 13:46:45,BTCUSDT,BINANCE,TRADE,64032,0.003
2026-07-30 13:46:45,BTCUSDT,BINANCE,TRADE,64032,0.003
2026-07-30 13:46:45,BTCUSDT,BINANCE,TRADE,64032,0.003
2026-07-30 13:46:45,BTCUSDT,BINANCE,TRADE,64032,0.003
2026-07-30 13:46:45,BTCUSDT,BINANCE,TRADE,64032,0.00289
2026-07-30 13:46:45,BTCUSDT,BINANCE,TRADE,64032,0.00262
2026-07-30 13:46:45,BTCUSDT,BINANCE,TRADE,64032,0.00011
2026-07-30 13:46:45,BTCUSDT,BINANCE,TRADE,64032,0.00039
2026-07-30 13:46:45,BTCUSDT,BINANCE,TRADE,64032,0.0005
2026-07-30 13:46:45,BTCUSDT,BINANCE,TRADE,64032,0.00032
2026-07-30 13:46:45,BTCUSDT,BINANCE,TRADE,64032,0.0005
2026-07-30 13:46:45,BTCUSDT,BINANCE,TRADE,64032,0.0005
2026-07-30 13:46:45,BTCUSDT,BINANCE,TRADE,64032,0.00154
2026-07-30 13:46:45,BTCUSDT,BINANCE,TRADE,64032,0.0005
2026-07-30 13:46:45,BTCUSDT,BINANCE,TRADE,64032,0.0005
2026-07-30 13:46:45,BTCUSDT,BINANCE,TRADE,64032,0.0005
2026-07-30 13:46:45,BTCUSDT,BINANCE,TRADE,64032,0.0005
2026-07-30 13:46:45,BTCUSDT,BINANCE,TRADE,64032,0.00079
2026-07-30 13:46:45,BTCUSDT,BINANCE,TRADE,64032,0.003
2026-07-30 13:46:45,BTCUSDT,BINANCE,TRADE,64032,0.0012
2026-07-30 13:46:45,BTCUSDT,BINANCE,TRADE,64032,0.0005
2026-07-30 13:46:45,BTCUSDT,BINANCE,TRADE,64032,0.00025
2026-07-30 13:46:45,BTCUSDT,BINANCE,TRADE,64032,0.0005
2026-07-30 13:46:45,BTCUSDT,BINANCE,TRADE,64032,0.00029
2026-07-30 13:46:45,BTCUSDT,BINANCE,TRADE,64032,0.0005
2026-07-30 13:46:45,ETHUSDT,BINANCE,TRADE,1904.75,0.0183
2026-07-30 13:46:45,BTCUSDT,BINANCE,TRADE,64032,0.0005
2026-07-30 13:46:45,BTCUSDT,BINANCE,TRADE,64032,0.00026
2026-07-30 13:46:45,BTCUSDT,BINANCE,TRADE,64032,0.00024
2026-07-30 13:46:45,BTCUSDT,BINANCE,TRADE,64032,0.0005
2026-07-30 13:46:45,BTCUSDT,BINANCE,TRADE,64032,0.0005
2026-07-30 13:46:45,BTCUSDT,BINANCE,TRADE,64032,0.0005
2026-07-30 13:46:45,BTCUSDT,BINANCE,TRADE,64032,0.0005
2026-07-30 13:46:45,BTCUSDT,BINANCE,TRADE,64032,0.0005
2026-07-30 13:46:45,ETHUSDT,BINANCE,TRADE,1904.75,0.0124
2026-07-30 13:46:45,BTCUSDT,BINANCE,TRADE,64032,8e-05
2026-07-30 13:46:45,BTCUSDT,BINANCE,TRADE,64032,0.0005
2026-07-30 13:46:45,BTCUSDT,BINANCE,TRADE,64032,0.0005
2026-07-30 13:46:45,BTCUSDT,BINANCE,TRADE,64032,0.0005
2026-07-30 13:46:45,BTCUSDT,BINANCE,TRADE,64032,0.0005
2026-07-30 13:46:45,BTCUSDT,BINANCE,TRADE,64032,0.0005
2026-07-30 13:46:45,BTCUSDT,BINANCE,TRADE,64032,0.00182
2026-07-30 13:46:45,BTCUSDT,BINANCE,TRADE,64032,0.0005
2026-07-30 13:46:45,BTCUSDT,BINANCE,TRADE,64032,0.00026
2026-07-30 13:46:45,BTCUSDT,BINANCE,TRADE,64032,0.00024
2026-07-30 13:46:45,BTCUSDT,BINANCE,TRADE,64032,0.0005
2026-07-30 13:46:45,BTCUSDT,BINANCE,TRADE,64032,0.00038
2026-07-30 13:46:45,BTCUSDT,BINANCE,TRADE,64032,0.00122
2026-07-30 13:46:45,BTCUSDT,BINANCE,TRADE,64032,0.0005
2026-07-30 13:46:45,BTCUSDT,BINANCE,TRADE,64032,0.0005
2026-07-30 13:46:45,BTCUSDT,BINANCE,TRADE,64032,0.0005
2026-07-30 13:46:45,BTCUSDT,BINANCE,TRADE,64032,0.0005
2026-07-30 13:46:45,BTCUSDT,BINANCE,TRADE,64032,0.0005
2026-07-30 13:46:45,BTCUSDT,BINANCE,TRADE,64032,0.0005
2026-07-30 13:46:45,BTCUSDT,BINANCE,TRADE,64032,0.0005
2026-07-30 13:46:45,BTCUSDT,BINANCE,TRADE,64032,0.0005
2026-07-30 13:46:45,BTCUSDT,BINANCE,TRADE,64032,0.0005
2026-07-30 13:46:45,BTCUSDT,BINANCE,TRADE,64032,0.0005
2026-07-30 13:46:45,BTCUSDT,BINANCE,TRADE,64032,0.00026
2026-07-30 13:46:45,BTCUSDT,BINANCE,TRADE,64032,0.00024
2026-07-30 13:46:45,BTCUSDT,BINANCE,TRADE,64032,0.0005
2026-07-30 13:46:45,BTCUSDT,BINANCE,TRADE,64032,0.0005
2026-07-30 13:46:45,BTCUSDT,BINANCE,TRADE,64032,0.0005
2026-07-30 13:46:45,BTCUSDT,BINANCE,TRADE,64032,0.00017
2026-07-30 13:46:45,ETHUSDT,BINANCE,TRADE,1904.75,0.2299
2026-07-30 13:46:45,BTCUSDT,BINANCE,TRADE,64032,0.0005
2026-07-30 13:46:45,BTCUSDT,BINANCE,TRADE,64032,0.0005
2026-07-30 13:46:45,BTCUSDT,BINANCE,TRADE,64032,0.0005
2026-07-30 13:46:45,BTCUSDT,BINANCE,TRADE,64032,0.0005
2026-07-30 13:46:45,BTCUSDT,BINANCE,TRADE,64032,0.0005
2026-07-30 13:46:45,BTCUSDT,BINANCE,TRADE,64032,0.0005
2026-07-30 13:46:45,BTCUSDT,BINANCE,TRADE,64032,0.0005
2026-07-30 13:46:45,BTCUSDT,BINANCE,TRADE,64032,0.00021
2026-07-30 13:46:45,BTCUSDT,BINANCE,TRADE,64032,0.0005
2026-07-30 13:46:45,BTCUSDT,BINANCE,TRADE,64032,5e-05
2026-07-30 13:46:45,BTCUSDT,BINANCE,TRADE,64032,0.00045
2026-07-30 13:46:45,BTCUSDT,BINANCE,TRADE,64032,0.00255
2026-07-30 13:46:45,BTCUSDT,BINANCE,TRADE,64032,0.00059
2026-07-30 13:46:45,BTCUSDT,BINANCE,TRADE,64032,0.0005
2026-07-30 13:46:45,BTCUSDT,BINANCE,TRADE,64032,0.0005
2026-07-30 13:46:45,BTCUSDT,BINANCE,TRADE,64032,0.0005
2026-07-30 13:46:45,BTCUSDT,BINANCE,TRADE,64032,0.0005
2026-07-30 13:46:45,BTCUSDT,BINANCE,TRADE,64032,0.0005
2026-07-30 13:46:45,BTCUSDT,BINANCE,TRADE,64032,0.0005
2026-07-30 13:46:45,BTCUSDT,BINANCE,TRADE,64032,0.0005
2026-07-30 13:46:45,BTCUSDT,BINANCE,TRADE,64032,0.00015
2026-07-30 13:46:45,BTCUSDT,BINANCE,TRADE,64032,0.0005
2026-07-30 13:46:45,BTCUSDT,BINANCE,TRADE,64032,0.00515
2026-07-30 13:46:45,BTCUSDT,BINANCE,TRADE,64032,0.0005
2026-07-30 13:46:45,BTCUSDT,BINANCE,TRADE,64032,0.00014
2026-07-30 13:46:45,BTCUSDT,BINANCE,TRADE,64032,0.00026
2026-07-30 13:46:45,BTCUSDT,BINANCE,TRADE,64032,0.00024
2026-07-30 13:46:45,BTCUSDT,BINANCE,TRADE,64032,0.0005
2026-07-30 13:46:45,BTCUSDT,BINANCE,TRADE,64032,0.00228
2026-07-30 13:46:45,BTCUSDT,BINANCE,TRADE,64032,0.0005
2026-07-30 13:46:45,BTCUSDT,BINANCE,TRADE,64032,0.00145
2026-07-30 13:46:45,BTCUSDT,BINANCE,TRADE,64032,0.0005
2026-07-30 13:46:45,BTCUSDT,BINANCE,TRADE,64032,0.0005
2026-07-30 13:46:45,BTCUSDT,BINANCE,TRADE,64032,0.00509
2026-07-30 13:46:45,BTCUSDT,BINANCE,TRADE,64032,0.0005
2026-07-30 13:46:45,BTCUSDT,BINANCE,TRADE,64032,0.0005
2026-07-30 13:46:45,BTCUSDT,BINANCE,TRADE,64032,0.0005
2026-07-30 13:46:45,BTCUSDT,BINANCE,TRADE,64032,0.0005
2026-07-30 13:46:45,BTCUSDT,BINANCE,TRADE,64032,0.0005
2026-07-30 13:46:45,BTCUSDT,BINANCE,TRADE,64032,0.00031
2026-07-30 13:46:45,BTCUSDT,BINANCE,TRADE,64032,0.0005
2026-07-30 13:46:45,BTCUSDT,BINANCE,TRADE,64032,0.0005
2026-07-30 13:46:45,ETHUSDT,BINANCE,TRADE,1904.76,0.0523
2026-07-30 13:46:45,BTCUSDT,BINANCE,TRADE,64032,0.00046
2026-07-30 13:46:45,BTCUSDT,BINANCE,TRADE,64032,0.0005
2026-07-30 13:46:45,ETHUSDT,BINANCE,TRADE,1904.75,0.2321
2026-07-30 13:46:45,ETHUSDT,BINANCE,TRADE,1904.75,0.0136
2026-07-30 13:46:45,BTCUSDT,BINANCE,TRADE,64032,0.0005
2026-07-30 13:46:45,BTCUSDT,BINANCE,TRADE,64032,0.0005
2026-07-30 13:46:45,BTCUSDT,BINANCE,TRADE,64032,0.00016
2026-07-30 13:46:45,BTCUSDT,BINANCE,TRADE,64032,0.0005
2026-07-30 13:46:45,BTCUSDT,BINANCE,TRADE,64032,0.0005
2026-07-30 13:46:45,BTCUSDT,BINANCE,TRADE,64032,0.0005
2026-07-30 13:46:45,ETHUSDT,BINANCE,TRADE,1904.76,0.0045
2026-07-30 13:46:45,BTCUSDT,BINANCE,TRADE,64032,0.0005
2026-07-30 13:46:45,BTCUSDT,BINANCE,TRADE,64032,0.0005
2026-07-30 13:46:45,BTCUSDT,BINANCE,TRADE,64032,0.0005
2026-07-30 13:46:45,BTCUSDT,BINANCE,TRADE,64032,0.0005
2026-07-30 13:46:45,BTCUSDT,BINANCE,TRADE,64032,0.00038
2026-07-30 13:46:45,BTCUSDT,BINANCE,TRADE,64032,0.0005
2026-07-30 13:46:45,BTCUSDT,BINANCE,TRADE,64032,0.00015
2026-07-30 13:46:46,BTCUSDT,BINANCE,TRADE,64032,0.0005
2026-07-30 13:46:46,BTCUSDT,BINANCE,TRADE,64032,0.0005
2026-07-30 13:46:46,BTCUSDT,BINANCE,TRADE,64032,0.001
2026-07-30 13:46:46,BTCUSDT,BINANCE,TRADE,64032,0.0005
2026-07-30 13:46:46,ETHUSDT,BINANCE,TRADE,1904.75,0.0072
2026-07-30 13:46:46,BTCUSDT,BINANCE,TRADE,64032,0.0005
2026-07-30 13:46:46,BTCUSDT,BINANCE,TRADE,64032,0.0005
2026-07-30 13:46:46,BTCUSDT,BINANCE,TRADE,64032,0.0005
2026-07-30 13:46:46,BTCUSDT,BINANCE,TRADE,64032,0.0005
2026-07-30 13:46:46,BTCUSDT,BINANCE,TRADE,64032,0.0005
2026-07-30 13:46:46,BTCUSDT,BINANCE,TRADE,64032,0.00018
2026-07-30 13:46:46,BTCUSDT,BINANCE,TRADE,64032,0.0005
2026-07-30 13:46:46,BTCUSDT,BINANCE,TRADE,64032,0.0005
2026-07-30 13:46:46,BTCUSDT,BINANCE,TRADE,64032,0.0005
2026-07-30 13:46:46,BTCUSDT,BINANCE,TRADE,64032,0.0005
2026-07-30 13:46:46,BTCUSDT,BINANCE,TRADE,64032,0.00038
2026-07-30 13:46:46,BTCUSDT,BINANCE,TRADE,64032,0.0005
2026-07-30 13:46:46,BTCUSDT,BINANCE,TRADE,64032,0.0005
2026-07-30 13:46:46,BTCUSDT,BINANCE,TRADE,64032,0.0005
2026-07-30 13:46:46,BTCUSDT,BINANCE,TRADE,64032,0.0005
2026-07-30 13:46:46,BTCUSDT,BINANCE,TRADE,64032,0.0005
2026-07-30 13:46:46,BTCUSDT,BINANCE,TRADE,64032,0.00138
2026-07-30 13:46:46,BTCUSDT,BINANCE,TRADE,64032,0.0005
2026-07-30 13:46:46,BTCUSDT,BINANCE,TRADE,64032,0.00156
2026-07-30 13:46:46,BTCUSDT,BINANCE,TRADE,64032,0.0005
2026-07-30 13:46:46,BTCUSDT,BINANCE,TRADE,64032,0.0005
2026-07-30 13:46:46,BTCUSDT,BINANCE,TRADE,64032,0.0005
2026-07-30 13:46:46,BTCUSDT,BINANCE,TRADE,64032,0.0005
2026-07-30 13:46:46,BTCUSDT,BINANCE,TRADE,64032,0.0005
2026-07-30 13:46:46,ETHUSDT,BINANCE,TRADE,1904.75,0.0147
2026-07-30 13:46:46,BTCUSDT,BINANCE,TRADE,64032,0.0005
2026-07-30 13:46:46,BTCUSDT,BINANCE,TRADE,64032,0.0005
2026-07-30 13:46:46,BTCUSDT,BINANCE,TRADE,64032,0.00789
2026-07-30 13:46:46,BTCUSDT,BINANCE,TRADE,64032,0.0005
2026-07-30 13:46:46,BTCUSDT,BINANCE,TRADE,64032,0.02645
2026-07-30 13:46:46,BTCUSDT,BINANCE,TRADE,64032,0.0005
2026-07-30 13:46:46,ETHUSDT,BINANCE,TRADE,1904.75,0.0252
2026-07-30 13:46:46,BTCUSDT,BINANCE,TRADE,64032,0.0005
2026-07-30 13:46:46,BTCUSDT,BINANCE,TRADE,64032,0.0005
2026-07-30 13:46:46,BTCUSDT,BINANCE,TRADE,64032,0.00143
2026-07-30 13:46:46,BTCUSDT,BINANCE,TRADE,64032,0.0005
2026-07-30 13:46:46,BTCUSDT,BINANCE,TRADE,64032,0.0005
2026-07-30 13:46:46,BTCUSDT,BINANCE,TRADE,64032,0.0005
2026-07-30 13:46:46,BTCUSDT,BINANCE,TRADE,64032,0.0005
2026-07-30 13:46:46,ETHUSDT,BINANCE,TRADE,1904.75,0.029
2026-07-30 13:46:46,BTCUSDT,BINANCE,TRADE,64032,0.0005
2026-07-30 13:46:46,BTCUSDT,BINANCE,TRADE,64032,0.00499
2026-07-30 13:46:46,BTCUSDT,BINANCE,TRADE,64032,0.00019
2026-07-30 13:46:46,BTCUSDT,BINANCE,TRADE,64032,0.0005
2026-07-30 13:46:46,BTCUSDT,BINANCE,TRADE,64032,0.00017
2026-07-30 13:46:46,BTCUSDT,BINANCE,TRADE,64032,0.0005
2026-07-30 13:46:46,BTCUSDT,BINANCE,TRADE,64032,0.0005
2026-07-30 13:46:46,BTCUSDT,BINANCE,TRADE,64032,0.0005
2026-07-30 13:46:46,BTCUSDT,BINANCE,TRADE,64032,0.00314
2026-07-30 13:46:46,BTCUSDT,BINANCE,TRADE,64032,0.0005
2026-07-30 13:46:46,BTCUSDT,BINANCE,TRADE,64032,0.0005
2026-07-30 13:46:46,BTCUSDT,BINANCE,TRADE,64032,0.0005
2026-07-30 13:46:46,ETHUSDT,BINANCE,TRADE,1904.76,0.1725
2026-07-30 13:46:46,BTCUSDT,BINANCE,TRADE,64032,0.0005
2026-07-30 13:46:46,BTCUSDT,BINANCE,TRADE,64032,0.00106
2026-07-30 13:46:46,BTCUSDT,BINANCE,TRADE,64032,0.0005
2026-07-30 13:46:46,BTCUSDT,BINANCE,TRADE,64032,0.00182
2026-07-30 13:46:46,BTCUSDT,BINANCE,TRADE,64032,0.00143
2026-07-30 13:46:46,BTCUSDT,BINANCE,TRADE,64032,0.0005
2026-07-30 13:46:46,BTCUSDT,BINANCE,TRADE,64032,0.00281
2026-07-30 13:46:46,BTCUSDT,BINANCE,TRADE,64032,0.0005
2026-07-30 13:46:46,BTCUSDT,BINANCE,TRADE,64032,0.00262
2026-07-30 13:46:46,BTCUSDT,BINANCE,TRADE,64032,0.0005
2026-07-30 13:46:46,BTCUSDT,BINANCE,TRADE,64032,0.00022
2026-07-30 13:46:46,BTCUSDT,BINANCE,TRADE,64032,0.0005
2026-07-30 13:46:46,BTCUSDT,BINANCE,TRADE,64032,0.0005
2026-07-30 13:46:46,BTCUSDT,BINANCE,TRADE,64032,0.00021
2026-07-30 13:46:46,BTCUSDT,BINANCE,TRADE,64032,0.0005
2026-07-30 13:46:46,BTCUSDT,BINANCE,TRADE,64032,0.0005
2026-07-30 13:46:46,BTCUSDT,BINANCE,TRADE,64032,0.0005
2026-07-30 13:46:46,ETHUSDT,BINANCE,TRADE,1904.76,0.0262
2026-07-30 13:46:46,BTCUSDT,BINANCE,TRADE,64032,0.0005
2026-07-30 13:46:46,BTCUSDT,BINANCE,TRADE,64032,0.00017
2026-07-30 13:46:46,BTCUSDT,BINANCE,TRADE,64032,0.00166
2026-07-30 13:46:46,BTCUSDT,BINANCE,TRADE,64032,0.0005
2026-07-30 13:46:46,BTCUSDT,BINANCE,TRADE,64032,0.0005
2026-07-30 13:46:46,BTCUSDT,BINANCE,TRADE,64032,0.0005
2026-07-30 13:46:46,BTCUSDT,BINANCE,TRADE,64032,0.0005
2026-07-30 13:46:46,BTCUSDT,BINANCE,TRADE,64032,0.0005
2026-07-30 13:46:46,BTCUSDT,BINANCE,TRADE,64032,0.00016
2026-07-30 13:46:46,BTCUSDT,BINANCE,TRADE,64032,0.00087
2026-07-30 13:46:46,BTCUSDT,BINANCE,TRADE,64032,0.0005
2026-07-30 13:46:46,BTCUSDT,BINANCE,TRADE,64032,0.00012
2026-07-30 13:46:46,BTCUSDT,BINANCE,TRADE,64032,0.0005
2026-07-30 13:46:46,BTCUSDT,BINANCE,TRADE,64032,0.0005
2026-07-30 13:46:46,BTCUSDT,BINANCE,TRADE,64032,0.0005
2026-07-30 13:46:46,BTCUSDT,BINANCE,TRADE,64032,0.0005
2026-07-30 13:46:46,BTCUSDT,BINANCE,TRADE,64032,0.0005
2026-07-30 13:46:46,BTCUSDT,BINANCE,TRADE,64032,0.00031
2026-07-30 13:46:46,BTCUSDT,BINANCE,TRADE,64032,0.0005
2026-07-30 13:46:46,BTCUSDT,BINANCE,TRADE,64032,0.0005
2026-07-30 13:46:46,BTCUSDT,BINANCE,TRADE,64032,0.0005
2026-07-30 13:46:46,BTCUSDT,BINANCE,TRADE,64032,0.0005
2026-07-30 13:46:46,BTCUSDT,BINANCE,TRADE,64032,0.0005
2026-07-30 13:46:46,BTCUSDT,BINANCE,TRADE,64032,0.00025
2026-07-30 13:46:46,BTCUSDT,BINANCE,TRADE,64032,0.0005
2026-07-30 13:46:46,BTCUSDT,BINANCE,TRADE,64032,0.0005
2026-07-30 13:46:46,BTCUSDT,BINANCE,TRADE,64032,0.0005
2026-07-30 13:46:46,BTCUSDT,BINANCE,TRADE,64032,0.0005
2026-07-30 13:46:46,BTCUSDT,BINANCE,TRADE,64032,0.0005
2026-07-30 13:46:46,BTCUSDT,BINANCE,TRADE,64032,0.0005
2026-07-30 13:46:46,BTCUSDT,BINANCE,TRADE,64032,0.0005
2026-07-30 13:46:46,BTCUSDT,BINANCE,TRADE,64032,0.0005
2026-07-30 13:46:46,BTCUSDT,BINANCE,TRADE,64032,0.0005
2026-07-30 13:46:46,BTCUSDT,BINANCE,TRADE,64032,0.00999
2026-07-30 13:46:46,BTCUSDT,BINANCE,TRADE,64032,0.0005
2026-07-30 13:46:46,BTCUSDT,BINANCE,TRADE,64032,9e-05
2026-07-30 13:46:46,BTCUSDT,BINANCE,TRADE,64032,0.0005
2026-07-30 13:46:46,BTCUSDT,BINANCE,TRADE,64032,0.0005
2026-07-30 13:46:46,BTCUSDT,BINANCE,TRADE,64032,0.00521
2026-07-30 13:46:46,BTCUSDT,BINANCE,TRADE,64032,0.0005
2026-07-30 13:46:46,BTCUSDT,BINANCE,TRADE,64032,0.0005
2026-07-30 13:46:46,BTCUSDT,BINANCE,TRADE,64032,0.0005
2026-07-30 13:46:46,BTCUSDT,BINANCE,TRADE,64032,0.0005
2026-07-30 13:46:46,BTCUSDT,BINANCE,TRADE,64032,0.00018
2026-07-30 13:46:46,BTCUSDT,BINANCE,TRADE,64032,0.0005
2026-07-30 13:46:46,BTCUSDT,BINANCE,TRADE,64032,0.0005
2026-07-30 13:46:46,BTCUSDT,BINANCE,TRADE,64032,0.0005
2026-07-30 13:46:46,BTCUSDT,BINANCE,TRADE,64032,0.0005
2026-07-30 13:46:46,BTCUSDT,BINANCE,TRADE,64032,0.0005
2026-07-30 13:46:46,BTCUSDT,BINANCE,TRADE,64032,0.0005
2026-07-30 13:46:46,BTCUSDT,BINANCE,TRADE,64032,0.0005
2026-07-30 13:46:46,BTCUSDT,BINANCE,TRADE,64032,0.0005
2026-07-30 13:46:46,ETHUSDT,BINANCE,TRADE,1904.76,0.2321
2026-07-30 13:46:46,BTCUSDT,BINANCE,TRADE,64032,0.0005
2026-07-30 13:46:47,BTCUSDT,BINANCE,TRADE,64032,0.0005
2026-07-30 13:46:47,BTCUSDT,BINANCE,TRADE,64032,0.0005
2026-07-30 13:46:47,BTCUSDT,BINANCE,TRADE,64032,0.0005
2026-07-30 13:46:47,BTCUSDT,BINANCE,TRADE,64032,0.0005
2026-07-30 13:46:47,BTCUSDT,BINANCE,TRADE,64032,0.0005
2026-07-30 13:46:47,BTCUSDT,BINANCE,TRADE,64032,0.0005
2026-07-30 13:46:47,BTCUSDT,BINANCE,TRADE,64032,0.00046
2026-07-30 13:46:47,ETHUSDT,BINANCE,TRADE,1904.75,0.0355
2026-07-30 13:46:47,BTCUSDT,BINANCE,TRADE,64032,0.0005
2026-07-30 13:46:47,BTCUSDT,BINANCE,TRADE,64032,0.0005
2026-07-30 13:46:47,BTCUSDT,BINANCE,TRADE,64032,0.0005
2026-07-30 13:46:47,BTCUSDT,BINANCE,TRADE,64032,0.00619
2026-07-30 13:46:47,BTCUSDT,BINANCE,TRADE,64032,0.0005
2026-07-30 13:46:47,BTCUSDT,BINANCE,TRADE,64032,0.00122
2026-07-30 13:46:47,BTCUSDT,BINANCE,TRADE,64032,0.0005
2026-07-30 13:46:47,ETHUSDT,BINANCE,TRADE,1904.76,0.0089
2026-07-30 13:46:47,BTCUSDT,BINANCE,TRADE,64032,0.0005
2026-07-30 13:46:47,BTCUSDT,BINANCE,TRADE,64032,0.0005
2026-07-30 13:46:47,ETHUSDT,BINANCE,TRADE,1904.75,0.0114
2026-07-30 13:46:47,BTCUSDT,BINANCE,TRADE,64032,0.00021
2026-07-30 13:46:47,BTCUSDT,BINANCE,TRADE,64032,0.0005
2026-07-30 13:46:47,BTCUSDT,BINANCE,TRADE,64032,0.0005
2026-07-30 13:46:47,BTCUSDT,BINANCE,TRADE,64032,0.0005
2026-07-30 13:46:47,BTCUSDT,BINANCE,TRADE,64032,0.0005
2026-07-30 13:46:47,BTCUSDT,BINANCE,TRADE,64032,0.00154
2026-07-30 13:46:47,BTCUSDT,BINANCE,TRADE,64032,0.00019
2026-07-30 13:46:47,BTCUSDT,BINANCE,TRADE,64032,0.0005
2026-07-30 13:46:47,BTCUSDT,BINANCE,TRADE,64032,0.0005
2026-07-30 13:46:47,BTCUSDT,BINANCE,TRADE,64032,0.0005
2026-07-30 13:46:47,BTCUSDT,BINANCE,TRADE,64032,0.0005
2026-07-30 13:46:47,BTCUSDT,BINANCE,TRADE,64032,0.0005
2026-07-30 13:46:47,BTCUSDT,BINANCE,TRADE,64032,0.00314
2026-07-30 13:46:47,BTCUSDT,BINANCE,TRADE,64032,0.0005
2026-07-30 13:46:47,BTCUSDT,BINANCE,TRADE,64032,0.0005
2026-07-30 13:46:47,BTCUSDT,BINANCE,TRADE,64032,0.0005
2026-07-30 13:46:47,BTCUSDT,BINANCE,TRADE,64032,0.0005
2026-07-30 13:46:47,BTCUSDT,BINANCE,TRADE,64032,0.00084
2026-07-30 13:46:47,BTCUSDT,BINANCE,TRADE,64032,0.0005
2026-07-30 13:46:47,BTCUSDT,BINANCE,TRADE,64032,0.00224
2026-07-30 13:46:47,BTCUSDT,BINANCE,TRADE,64032,0.0005
2026-07-30 13:46:47,BTCUSDT,BINANCE,TRADE,64032,0.0005
2026-07-30 13:46:47,ETHUSDT,BINANCE,TRADE,1904.75,0.1734
2026-07-30 13:46:47,BTCUSDT,BINANCE,TRADE,64032,0.0005
2026-07-30 13:46:47,BTCUSDT,BINANCE,TRADE,64032,0.0005
2026-07-30 13:46:47,BTCUSDT,BINANCE,TRADE,64032,0.00012
2026-07-30 13:46:47,BTCUSDT,BINANCE,TRADE,64032,0.0005
2026-07-30 13:46:47,BTCUSDT,BINANCE,TRADE,64032,0.0005
2026-07-30 13:46:47,BTCUSDT,BINANCE,TRADE,64032,0.00515
2026-07-30 13:46:47,BTCUSDT,BINANCE,TRADE,64032,0.0005
2026-07-30 13:46:47,BTCUSDT,BINANCE,TRADE,64032,0.00021
2026-07-30 13:46:47,BTCUSDT,BINANCE,TRADE,64032,0.0005
2026-07-30 13:46:47,BTCUSDT,BINANCE,TRADE,64032,0.0005
2026-07-30 13:46:47,BTCUSDT,BINANCE,TRADE,64032,0.0005
2026-07-30 13:46:47,BTCUSDT,BINANCE,TRADE,64032,0.0005
2026-07-30 13:46:47,BTCUSDT,BINANCE,TRADE,64032,0.0005
2026-07-30 13:46:47,BTCUSDT,BINANCE,TRADE,64032,0.0005
2026-07-30 13:46:47,BTCUSDT,BINANCE,TRADE,64032,0.00499
2026-07-30 13:46:47,BTCUSDT,BINANCE,TRADE,64032,0.0005
2026-07-30 13:46:47,BTCUSDT,BINANCE,TRADE,64032,0.00012
2026-07-30 13:46:47,BTCUSDT,BINANCE,TRADE,64032,0.0005
2026-07-30 13:46:47,BTCUSDT,BINANCE,TRADE,64032,0.0005
2026-07-30 13:46:47,BTCUSDT,BINANCE,TRADE,64032,0.0005
2026-07-30 13:46:47,ETHUSDT,BINANCE,TRADE,1904.76,0.0136
2026-07-30 13:46:47,ETHUSDT,BINANCE,TRADE,1904.75,0.0099
2026-07-30 13:46:47,BTCUSDT,BINANCE,TRADE,64032,0.0005
2026-07-30 13:46:47,BTCUSDT,BINANCE,TRADE,64032,0.0005
2026-07-30 13:46:47,BTCUSDT,BINANCE,TRADE,64032,0.00206
2026-07-30 13:46:47,ETHUSDT,BINANCE,TRADE,1904.76,0.0338
2026-07-30 13:46:47,BTCUSDT,BINANCE,TRADE,64032,0.0005
2026-07-30 13:46:47,BTCUSDT,BINANCE,TRADE,64032,0.0005
2026-07-30 13:46:47,BTCUSDT,BINANCE,TRADE,64032,0.0005
2026-07-30 13:46:47,BTCUSDT,BINANCE,TRADE,64032,0.00025
2026-07-30 13:46:47,BTCUSDT,BINANCE,TRADE,64032,0.0005
2026-07-30 13:46:47,SOLUSDT,BINANCE,TRADE,73.41,0.261
2026-07-30 13:46:47,BTCUSDT,BINANCE,TRADE,64032,0.0005
2026-07-30 13:46:47,BTCUSDT,BINANCE,TRADE,64032,0.0005
2026-07-30 13:46:47,BTCUSDT,BINANCE,TRADE,64032,0.0005
2026-07-30 13:46:47,BTCUSDT,BINANCE,TRADE,64032,0.0005
2026-07-30 13:46:47,BTCUSDT,BINANCE,TRADE,64032,0.0005
2026-07-30 13:46:47,BTCUSDT,BINANCE,TRADE,64032,0.0005
2026-07-30 13:46:47,BTCUSDT,BINANCE,TRADE,64032,0.0005
2026-07-30 13:46:47,BTCUSDT,BINANCE,TRADE,64032,0.0005
2026-07-30 13:46:47,BTCUSDT,BINANCE,TRADE,64032,0.0005
2026-07-30 13:46:47,BTCUSDT,BINANCE,TRADE,64032,0.0005
2026-07-30 13:46:47,BTCUSDT,BINANCE,TRADE,64032,0.0005
2026-07-30 13:46:47,BTCUSDT,BINANCE,TRADE,64032,0.0005
2026-07-30 13:46:47,BTCUSDT,BINANCE,TRADE,64032,0.0005
2026-07-30 13:46:47,ETHUSDT,BINANCE,TRADE,1904.75,0.0082
2026-07-30 13:46:47,ETHUSDT,BINANCE,TRADE,1904.76,0.0252
2026-07-30 13:46:47,ETHUSDT,BINANCE,TRADE,1904.76,0.0147
2026-07-30 13:46:47,BTCUSDT,BINANCE,TRADE,64032,0.0005
2026-07-30 13:46:47,BTCUSDT,BINANCE,TRADE,64032,0.00126
2026-07-30 13:46:47,BTCUSDT,BINANCE,TRADE,64032,0.0005
2026-07-30 13:46:47,BTCUSDT,BINANCE,TRADE,64032,0.00075
2026-07-30 13:46:47,BTCUSDT,BINANCE,TRADE,64032,0.0005
2026-07-30 13:46:47,BTCUSDT,BINANCE,TRADE,64032,0.00087
2026-07-30 13:46:47,BTCUSDT,BINANCE,TRADE,64032,0.0005
2026-07-30 13:46:47,BTCUSDT,BINANCE,TRADE,64032,0.0005
2026-07-30 13:46:47,BTCUSDT,BINANCE,TRADE,64032,0.00058
2026-07-30 13:46:47,BTCUSDT,BINANCE,TRADE,64032,0.0005
2026-07-30 13:46:47,BTCUSDT,BINANCE,TRADE,64032,0.01874
2026-07-30 13:46:47,BTCUSDT,BINANCE,TRADE,64032,0.0005
2026-07-30 13:46:47,BTCUSDT,BINANCE,TRADE,64032,0.0005
2026-07-30 13:46:47,BTCUSDT,BINANCE,TRADE,64032,0.0005
2026-07-30 13:46:47,BTCUSDT,BINANCE,TRADE,64032,0.0005
2026-07-30 13:46:47,BTCUSDT,BINANCE,TRADE,64032,0.0005
2026-07-30 13:46:47,BTCUSDT,BINANCE,TRADE,64032,0.0005
2026-07-30 13:46:47,BTCUSDT,BINANCE,TRADE,64032,0.00061
2026-07-30 13:46:47,BTCUSDT,BINANCE,TRADE,64032,0.0005
2026-07-30 13:46:47,BTCUSDT,BINANCE,TRADE,64032,0.00117
2026-07-30 13:46:47,BTCUSDT,BINANCE,TRADE,64032,0.00262
2026-07-30 13:46:47,BTCUSDT,BINANCE,TRADE,64032,0.0005
2026-07-30 13:46:47,BTCUSDT,BINANCE,TRADE,64032,0.0005
2026-07-30 13:46:47,BTCUSDT,BINANCE,TRADE,64032,0.0005
2026-07-30 13:46:47,BTCUSDT,BINANCE,TRADE,64032,0.0005
2026-07-30 13:46:47,BTCUSDT,BINANCE,TRADE,64032,0.0005
2026-07-30 13:46:47,BTCUSDT,BINANCE,TRADE,64032,0.0005
2026-07-30 13:46:47,BTCUSDT,BINANCE,TRADE,64032,0.00017
2026-07-30 13:46:47,BTCUSDT,BINANCE,TRADE,64032,0.0005
2026-07-30 13:46:47,BTCUSDT,BINANCE,TRADE,64032,0.0005
2026-07-30 13:46:47,BTCUSDT,BINANCE,TRADE,64032,0.0005
2026-07-30 13:46:47,BTCUSDT,BINANCE,TRADE,64032,0.0005
2026-07-30 13:46:47,BTCUSDT,BINANCE,TRADE,64032,0.0005
2026-07-30 13:46:47,BTCUSDT,BINANCE,TRADE,64032,0.00015
2026-07-30 13:46:47,BTCUSDT,BINANCE,TRADE,64032,0.0005
2026-07-30 13:46:47,BTCUSDT,BINANCE,TRADE,64032,0.0005
2026-07-30 13:46:47,BTCUSDT,BINANCE,TRADE,64032,0.00021
2026-07-30 13:46:47,BTCUSDT,BINANCE,TRADE,64032,0.0005
2026-07-30 13:46:47,ETHUSDT,BINANCE,TRADE,1904.75,0.2384
2026-07-30 13:46:47,BTCUSDT,BINANCE,TRADE,64032,0.00016
2026-07-30 13:46:47,BTCUSDT,BINANCE,TRADE,64032,0.0005
2026-07-30 13:46:47,BTCUSDT,BINANCE,TRADE,64032,0.0005
2026-07-30 13:46:47,BTCUSDT,BINANCE,TRADE,64032,0.0005
2026-07-30 13:46:47,BTCUSDT,BINANCE,TRADE,64032,0.002
2026-07-30 13:46:47,BTCUSDT,BINANCE,TRADE,64032,0.0005
2026-07-30 13:46:48,BTCUSDT,BINANCE,TRADE,64032,0.0005
2026-07-30 13:46:48,BTCUSDT,BINANCE,TRADE,64032,0.0005
2026-07-30 13:46:48,BTCUSDT,BINANCE,TRADE,64032,0.0005
2026-07-30 13:46:48,BTCUSDT,BINANCE,TRADE,64032,0.0005
2026-07-30 13:46:48,BTCUSDT,BINANCE,TRADE,64032,0.0005
2026-07-30 13:46:48,BTCUSDT,BINANCE,TRADE,64032,0.0005
2026-07-30 13:46:48,BTCUSDT,BINANCE,TRADE,64032,0.00017
2026-07-30 13:46:48,BTCUSDT,BINANCE,TRADE,64032,0.0005
2026-07-30 13:46:48,BTCUSDT,BINANCE,TRADE,64032,0.0005
2026-07-30 13:46:48,SOLUSDT,BINANCE,TRADE,73.42,0.069
2026-07-30 13:46:48,SOLUSDT,BINANCE,TRADE,73.42,0.277
2026-07-30 13:46:48,SOLUSDT,BINANCE,TRADE,73.42,0.137
2026-07-30 13:46:48,SOLUSDT,BINANCE,TRADE,73.42,0.142
2026-07-30 13:46:48,SOLUSDT,BINANCE,TRADE,73.42,1.772
2026-07-30 13:46:48,SOLUSDT,BINANCE,TRADE,73.42,4.503
2026-07-30 13:46:48,SOLUSDT,BINANCE,TRADE,73.42,0.072
2026-07-30 13:46:48,SOLUSDT,BINANCE,TRADE,73.42,0.072
2026-07-30 13:46:48,SOLUSDT,BINANCE,TRADE,73.42,3.929
2026-07-30 13:46:48,SOLUSDT,BINANCE,TRADE,73.42,0.07
2026-07-30 13:46:48,SOLUSDT,BINANCE,TRADE,73.42,4.503
2026-07-30 13:46:48,SOLUSDT,BINANCE,TRADE,73.42,0.072
2026-07-30 13:46:48,SOLUSDT,BINANCE,TRADE,73.42,4.503
2026-07-30 13:46:48,SOLUSDT,BINANCE,TRADE,73.42,4.503
2026-07-30 13:46:48,SOLUSDT,BINANCE,TRADE,73.42,4.503
2026-07-30 13:46:48,SOLUSDT,BINANCE,TRADE,73.42,4.503
2026-07-30 13:46:48,SOLUSDT,BINANCE,TRADE,73.42,4.503
2026-07-30 13:46:48,SOLUSDT,BINANCE,TRADE,73.42,4.503
2026-07-30 13:46:48,SOLUSDT,BINANCE,TRADE,73.42,4.503
2026-07-30 13:46:48,SOLUSDT,BINANCE,TRADE,73.42,4.503
2026-07-30 13:46:48,SOLUSDT,BINANCE,TRADE,73.42,1.648
2026-07-30 13:46:48,BTCUSDT,BINANCE,TRADE,64032,0.0005
2026-07-30 13:46:48,BTCUSDT,BINANCE,TRADE,64032,0.0005
2026-07-30 13:46:48,BTCUSDT,BINANCE,TRADE,64032,0.002
2026-07-30 13:46:48,BTCUSDT,BINANCE,TRADE,64032,0.0005
2026-07-30 13:46:48,SOLUSDT,BINANCE,TRADE,73.43,1.353
2026-07-30 13:46:48,BTCUSDT,BINANCE,TRADE,64032,0.0005
2026-07-30 13:46:48,ETHUSDT,BINANCE,TRADE,1904.75,0.3659
2026-07-30 13:46:48,BTCUSDT,BINANCE,TRADE,64032,0.00314
2026-07-30 13:46:48,BTCUSDT,BINANCE,TRADE,64032,0.0005
2026-07-30 13:46:48,BTCUSDT,BINANCE,TRADE,64032,0.0005
2026-07-30 13:46:48,SOLUSDT,BINANCE,TRADE,73.42,4.293
2026-07-30 13:46:48,ETHUSDT,BINANCE,TRADE,1904.76,0.0027
2026-07-30 13:46:48,ETHUSDT,BINANCE,TRADE,1904.76,0.0003
2026-07-30 13:46:48,BTCUSDT,BINANCE,TRADE,64032,0.0005
2026-07-30 13:46:48,BTCUSDT,BINANCE,TRADE,64032,0.00031
2026-07-30 13:46:48,BTCUSDT,BINANCE,TRADE,64032,0.0005
2026-07-30 13:46:48,ETHUSDT,BINANCE,TRADE,1904.76,0.0024
2026-07-30 13:46:48,ETHUSDT,BINANCE,TRADE,1904.76,0.0028
2026-07-30 13:46:48,ETHUSDT,BINANCE,TRADE,1904.76,0.0028
2026-07-30 13:46:48,ETHUSDT,BINANCE,TRADE,1904.76,0.0339
2026-07-30 13:46:48,ETHUSDT,BINANCE,TRADE,1904.76,0.0027
2026-07-30 13:46:48,ETHUSDT,BINANCE,TRADE,1904.76,0.0053
2026-07-30 13:46:48,ETHUSDT,BINANCE,TRADE,1904.76,0.0027
2026-07-30 13:46:48,ETHUSDT,BINANCE,TRADE,1904.76,0.0158
2026-07-30 13:46:48,ETHUSDT,BINANCE,TRADE,1904.76,0.0531
2026-07-30 13:46:48,ETHUSDT,BINANCE,TRADE,1904.76,0.093
2026-07-30 13:46:48,ETHUSDT,BINANCE,TRADE,1904.76,0.076
2026-07-30 13:46:48,ETHUSDT,BINANCE,TRADE,1904.76,0.0427
2026-07-30 13:46:48,ETHUSDT,BINANCE,TRADE,1904.76,0.0149
2026-07-30 13:46:48,ETHUSDT,BINANCE,TRADE,1904.76,0.0027
2026-07-30 13:46:48,ETHUSDT,BINANCE,TRADE,1904.76,0.0027
2026-07-30 13:46:48,ETHUSDT,BINANCE,TRADE,1904.76,0.0027
2026-07-30 13:46:48,ETHUSDT,BINANCE,TRADE,1904.76,0.4884
2026-07-30 13:46:48,ETHUSDT,BINANCE,TRADE,1904.76,0.4899
2026-07-30 13:46:48,ETHUSDT,BINANCE,TRADE,1904.76,0.4795
2026-07-30 13:46:48,ETHUSDT,BINANCE,TRADE,1904.76,0.5092
2026-07-30 13:46:48,ETHUSDT,BINANCE,TRADE,1904.76,0.5241
2026-07-30 13:46:48,ETHUSDT,BINANCE,TRADE,1904.76,0.0435
2026-07-30 13:46:48,ETHUSDT,BINANCE,TRADE,1904.76,0.4903
2026-07-30 13:46:48,ETHUSDT,BINANCE,TRADE,1904.76,0.1322
2026-07-30 13:46:48,ETHUSDT,BINANCE,TRADE,1904.76,0.021
2026-07-30 13:46:48,ETHUSDT,BINANCE,TRADE,1904.76,0.0027
2026-07-30 13:46:48,ETHUSDT,BINANCE,TRADE,1904.76,0.0027
2026-07-30 13:46:48,ETHUSDT,BINANCE,TRADE,1904.76,0.0027
2026-07-30 13:46:48,ETHUSDT,BINANCE,TRADE,1904.76,0.0027
2026-07-30 13:46:48,ETHUSDT,BINANCE,TRADE,1904.77,0.0053
2026-07-30 13:46:48,ETHUSDT,BINANCE,TRADE,1904.77,0.0027
2026-07-30 13:46:48,ETHUSDT,BINANCE,TRADE,1904.77,0.0028
2026-07-30 13:46:48,ETHUSDT,BINANCE,TRADE,1904.77,0.0027
2026-07-30 13:46:48,ETHUSDT,BINANCE,TRADE,1904.77,0.0027
2026-07-30 13:46:48,ETHUSDT,BINANCE,TRADE,1904.77,0.0027
2026-07-30 13:46:48,ETHUSDT,BINANCE,TRADE,1904.77,0.0027
2026-07-30 13:46:48,BTCUSDT,BINANCE,TRADE,64032,0.0005
2026-07-30 13:46:48,BTCUSDT,BINANCE,TRADE,64032,0.0008
2026-07-30 13:46:48,BTCUSDT,BINANCE,TRADE,64032,0.00769
2026-07-30 13:46:48,ETHUSDT,BINANCE,TRADE,1904.77,0.0027
2026-07-30 13:46:48,ETHUSDT,BINANCE,TRADE,1904.77,0.0027
2026-07-30 13:46:48,ETHUSDT,BINANCE,TRADE,1904.77,0.0027
2026-07-30 13:46:48,ETHUSDT,BINANCE,TRADE,1904.77,0.0027
2026-07-30 13:46:48,ETHUSDT,BINANCE,TRADE,1904.77,0.0027
2026-07-30 13:46:48,ETHUSDT,BINANCE,TRADE,1904.77,0.0027
2026-07-30 13:46:48,ETHUSDT,BINANCE,TRADE,1904.77,0.0028
2026-07-30 13:46:48,ETHUSDT,BINANCE,TRADE,1904.77,0.0027
2026-07-30 13:46:48,ETHUSDT,BINANCE,TRADE,1904.77,0.0027
2026-07-30 13:46:48,ETHUSDT,BINANCE,TRADE,1904.77,0.0028
2026-07-30 13:46:48,ETHUSDT,BINANCE,TRADE,1904.77,0.0027
2026-07-30 13:46:48,ETHUSDT,BINANCE,TRADE,1904.77,0.0027
2026-07-30 13:46:48,ETHUSDT,BINANCE,TRADE,1904.77,0.0027
2026-07-30 13:46:48,ETHUSDT,BINANCE,TRADE,1904.77,0.0027
2026-07-30 13:46:48,ETHUSDT,BINANCE,TRADE,1904.77,0.0027
2026-07-30 13:46:48,ETHUSDT,BINANCE,TRADE,1904.77,0.0027
2026-07-30 13:46:48,ETHUSDT,BINANCE,TRADE,1904.78,0.0053
2026-07-30 13:46:48,ETHUSDT,BINANCE,TRADE,1904.78,0.0028
2026-07-30 13:46:48,ETHUSDT,BINANCE,TRADE,1904.78,0.0027
2026-07-30 13:46:48,ETHUSDT,BINANCE,TRADE,1904.78,0.0027
2026-07-30 13:46:48,ETHUSDT,BINANCE,TRADE,1904.78,0.0027
2026-07-30 13:46:48,ETHUSDT,BINANCE,TRADE,1904.79,0.0027
2026-07-30 13:46:48,ETHUSDT,BINANCE,TRADE,1904.79,0.0028
2026-07-30 13:46:48,ETHUSDT,BINANCE,TRADE,1904.79,0.0027
2026-07-30 13:46:48,ETHUSDT,BINANCE,TRADE,1904.79,0.0027
2026-07-30 13:46:48,ETHUSDT,BINANCE,TRADE,1904.79,0.0027
2026-07-30 13:46:48,ETHUSDT,BINANCE,TRADE,1904.8,0.0027
2026-07-30 13:46:48,ETHUSDT,BINANCE,TRADE,1904.8,0.0028
2026-07-30 13:46:48,ETHUSDT,BINANCE,TRADE,1904.8,0.0027
2026-07-30 13:46:48,ETHUSDT,BINANCE,TRADE,1904.8,0.0027
2026-07-30 13:46:48,ETHUSDT,BINANCE,TRADE,1904.81,0.0028
2026-07-30 13:46:48,ETHUSDT,BINANCE,TRADE,1904.81,0.0028
2026-07-30 13:46:48,ETHUSDT,BINANCE,TRADE,1904.81,0.0028
2026-07-30 13:46:48,ETHUSDT,BINANCE,TRADE,1904.81,0.0028
2026-07-30 13:46:48,BTCUSDT,BINANCE,TRADE,64032,0.0005
2026-07-30 13:46:48,BTCUSDT,BINANCE,TRADE,64032,0.00509
2026-07-30 13:46:48,BTCUSDT,BINANCE,TRADE,64032,0.0005
2026-07-30 13:46:48,BTCUSDT,BINANCE,TRADE,64032,0.0005
2026-07-30 13:46:48,ETHUSDT,BINANCE,TRADE,1904.82,0.7145
2026-07-30 13:46:48,ETHUSDT,BINANCE,TRADE,1904.82,0.0028
2026-07-30 13:46:48,ETHUSDT,BINANCE,TRADE,1904.82,0.0027
2026-07-30 13:46:48,ETHUSDT,BINANCE,TRADE,1904.82,0.0027
2026-07-30 13:46:48,ETHUSDT,BINANCE,TRADE,1904.82,0.0027
2026-07-30 13:46:48,ETHUSDT,BINANCE,TRADE,1904.82,0.0027
2026-07-30 13:46:48,ETHUSDT,BINANCE,TRADE,1904.82,0.0027
2026-07-30 13:46:48,ETHUSDT,BINANCE,TRADE,1904.82,0.0027
2026-07-30 13:46:48,ETHUSDT,BINANCE,TRADE,1904.82,0.0028
2026-07-30 13:46:48,ETHUSDT,BINANCE,TRADE,1904.82,0.0027
2026-07-30 13:46:48,ETHUSDT,BINANCE,TRADE,1904.82,0.0027
2026-07-30 13:46:48,ETHUSDT,BINANCE,TRADE,1904.83,0.0028
2026-07-30 13:46:48,ETHUSDT,BINANCE,TRADE,1904.83,0.0027
2026-07-30 13:46:48,ETHUSDT,BINANCE,TRADE,1904.83,0.0027
2026-07-30 13:46:48,ETHUSDT,BINANCE,TRADE,1904.83,0.0027
2026-07-30 13:46:48,ETHUSDT,BINANCE,TRADE,1904.83,0.0027
2026-07-30 13:46:48,ETHUSDT,BINANCE,TRADE,1904.84,0.0028
2026-07-30 13:46:48,ETHUSDT,BINANCE,TRADE,1904.84,0.0027
2026-07-30 13:46:48,ETHUSDT,BINANCE,TRADE,1904.84,0.0027
2026-07-30 13:46:48,ETHUSDT,BINANCE,TRADE,1904.84,0.0027
2026-07-30 13:46:48,ETHUSDT,BINANCE,TRADE,1904.85,0.0028
2026-07-30 13:46:48,ETHUSDT,BINANCE,TRADE,1904.85,0.0027
2026-07-30 13:46:48,ETHUSDT,BINANCE,TRADE,1904.85,0.0027
2026-07-30 13:46:48,ETHUSDT,BINANCE,TRADE,1904.85,0.0028
2026-07-30 13:46:48,ETHUSDT,BINANCE,TRADE,1904.85,0.0028
2026-07-30 13:46:48,ETHUSDT,BINANCE,TRADE,1904.85,0.0027
2026-07-30 13:46:48,ETHUSDT,BINANCE,TRADE,1904.85,0.0028
2026-07-30 13:46:48,ETHUSDT,BINANCE,TRADE,1904.85,0.0027
2026-07-30 13:46:48,ETHUSDT,BINANCE,TRADE,1904.85,0.0027
2026-07-30 13:46:48,ETHUSDT,BINANCE,TRADE,1904.85,0.0027
2026-07-30 13:46:48,BTCUSDT,BINANCE,TRADE,64032,0.0005
2026-07-30 13:46:48,ETHUSDT,BINANCE,TRADE,1904.86,0.0027
2026-07-30 13:46:48,ETHUSDT,BINANCE,TRADE,1904.86,0.0027
2026-07-30 13:46:48,ETHUSDT,BINANCE,TRADE,1904.86,0.0027
2026-07-30 13:46:48,ETHUSDT,BINANCE,TRADE,1904.86,0.0028
2026-07-30 13:46:48,ETHUSDT,BINANCE,TRADE,1904.86,0.0027
2026-07-30 13:46:48,ETHUSDT,BINANCE,TRADE,1904.86,0.0027
2026-07-30 13:46:48,ETHUSDT,BINANCE,TRADE,1904.86,0.0027
2026-07-30 13:46:48,ETHUSDT,BINANCE,TRADE,1904.86,0.0027
2026-07-30 13:46:48,ETHUSDT,BINANCE,TRADE,1904.86,0.0027
2026-07-30 13:46:48,ETHUSDT,BINANCE,TRADE,1904.86,0.0027
2026-07-30 13:46:48,ETHUSDT,BINANCE,TRADE,1904.86,0.0028
2026-07-30 13:46:48,ETHUSDT,BINANCE,TRADE,1904.86,0.0027
2026-07-30 13:46:48,ETHUSDT,BINANCE,TRADE,1904.86,0.0027
2026-07-30 13:46:48,ETHUSDT,BINANCE,TRADE,1904.86,0.0027
2026-07-30 13:46:48,ETHUSDT,BINANCE,TRADE,1904.86,0.0027
2026-07-30 13:46:48,ETHUSDT,BINANCE,TRADE,1904.86,0.0027
2026-07-30 13:46:48,ETHUSDT,BINANCE,TRADE,1904.86,0.0027
2026-07-30 13:46:48,ETHUSDT,BINANCE,TRADE,1904.86,0.0027
2026-07-30 13:46:48,ETHUSDT,BINANCE,TRADE,1904.86,0.0027
2026-07-30 13:46:48,ETHUSDT,BINANCE,TRADE,1904.86,0.0027
2026-07-30 13:46:48,ETHUSDT,BINANCE,TRADE,1904.87,0.0027
2026-07-30 13:46:48,ETHUSDT,BINANCE,TRADE,1904.87,0.0027
2026-07-30 13:46:48,ETHUSDT,BINANCE,TRADE,1904.87,0.0027
2026-07-30 13:46:48,ETHUSDT,BINANCE,TRADE,1904.88,0.0028
2026-07-30 13:46:48,ETHUSDT,BINANCE,TRADE,1904.89,0.0028
2026-07-30 13:46:48,ETHUSDT,BINANCE,TRADE,1904.9,0.0028
2026-07-30 13:46:48,ETHUSDT,BINANCE,TRADE,1904.9,0.0028
2026-07-30 13:46:48,ETHUSDT,BINANCE,TRADE,1904.9,0.0028
2026-07-30 13:46:48,ETHUSDT,BINANCE,TRADE,1904.9,0.0028
2026-07-30 13:46:48,BTCUSDT,BINANCE,TRADE,64032,0.0005
2026-07-30 13:46:48,BTCUSDT,BINANCE,TRADE,64032,0.0005
2026-07-30 13:46:48,BTCUSDT,BINANCE,TRADE,64032,0.00048
2026-07-30 13:46:48,BTCUSDT,BINANCE,TRADE,64032,2e-05
2026-07-30 13:46:48,BTCUSDT,BINANCE,TRADE,64032,0.00067
2026-07-30 13:46:48,BTCUSDT,BINANCE,TRADE,64032,8e-05
2026-07-30 13:46:48,BTCUSDT,BINANCE,TRADE,64032,0.00016
2026-07-30 13:46:48,BTCUSDT,BINANCE,TRADE,64032,8e-05
2026-07-30 13:46:48,BTCUSDT,BINANCE,TRADE,64032,8e-05
2026-07-30 13:46:48,BTCUSDT,BINANCE,TRADE,64032,8e-05
2026-07-30 13:46:48,BTCUSDT,BINANCE,TRADE,64032,0.00062
2026-07-30 13:46:48,BTCUSDT,BINANCE,TRADE,64032,8e-05
2026-07-30 13:46:48,BTCUSDT,BINANCE,TRADE,64032,8e-05
2026-07-30 13:46:48,BTCUSDT,BINANCE,TRADE,64032,8e-05
2026-07-30 13:46:48,BTCUSDT,BINANCE,TRADE,64032,8e-05
2026-07-30 13:46:48,BTCUSDT,BINANCE,TRADE,64032,8e-05
2026-07-30 13:46:48,BTCUSDT,BINANCE,TRADE,64032,8e-05
2026-07-30 13:46:48,BTCUSDT,BINANCE,TRADE,64032,0.00266
2026-07-30 13:46:48,ETHUSDT,BINANCE,TRADE,1904.91,0.0028
2026-07-30 13:46:48,ETHUSDT,BINANCE,TRADE,1904.91,0.0027
2026-07-30 13:46:48,ETHUSDT,BINANCE,TRADE,1904.91,0.0027
2026-07-30 13:46:48,ETHUSDT,BINANCE,TRADE,1904.91,0.0027
2026-07-30 13:46:48,ETHUSDT,BINANCE,TRADE,1904.91,0.0027
2026-07-30 13:46:48,ETHUSDT,BINANCE,TRADE,1904.91,0.0027
2026-07-30 13:46:48,ETHUSDT,BINANCE,TRADE,1904.91,0.0027
2026-07-30 13:46:48,ETHUSDT,BINANCE,TRADE,1904.91,0.0027
2026-07-30 13:46:48,ETHUSDT,BINANCE,TRADE,1904.91,0.0027
2026-07-30 13:46:48,ETHUSDT,BINANCE,TRADE,1904.91,0.0027
2026-07-30 13:46:48,ETHUSDT,BINANCE,TRADE,1904.91,0.0027
2026-07-30 13:46:48,ETHUSDT,BINANCE,TRADE,1904.91,0.0027
2026-07-30 13:46:48,ETHUSDT,BINANCE,TRADE,1904.91,0.0028
2026-07-30 13:46:48,ETHUSDT,BINANCE,TRADE,1904.91,0.0027
2026-07-30 13:46:48,ETHUSDT,BINANCE,TRADE,1904.91,0.0027
2026-07-30 13:46:48,ETHUSDT,BINANCE,TRADE,1904.91,0.0027
2026-07-30 13:46:48,ETHUSDT,BINANCE,TRADE,1904.91,0.0027
2026-07-30 13:46:48,ETHUSDT,BINANCE,TRADE,1904.92,0.0027
2026-07-30 13:46:48,ETHUSDT,BINANCE,TRADE,1904.92,0.0027
2026-07-30 13:46:48,ETHUSDT,BINANCE,TRADE,1904.92,0.0027
2026-07-30 13:46:48,ETHUSDT,BINANCE,TRADE,1904.93,0.0028
2026-07-30 13:46:48,ETHUSDT,BINANCE,TRADE,1904.93,0.0028
2026-07-30 13:46:48,ETHUSDT,BINANCE,TRADE,1904.93,0.0028
2026-07-30 13:46:48,ETHUSDT,BINANCE,TRADE,1904.93,0.0028
2026-07-30 13:46:48,ETHUSDT,BINANCE,TRADE,1904.94,0.0027
2026-07-30 13:46:48,ETHUSDT,BINANCE,TRADE,1904.94,0.0028
2026-07-30 13:46:48,ETHUSDT,BINANCE,TRADE,1904.94,0.0028
2026-07-30 13:46:48,ETHUSDT,BINANCE,TRADE,1904.94,0.0028
2026-07-30 13:46:48,ETHUSDT,BINANCE,TRADE,1904.94,0.0028
2026-07-30 13:46:48,BTCUSDT,BINANCE,TRADE,64032,0.0005
2026-07-30 13:46:48,BTCUSDT,BINANCE,TRADE,64032,9e-05
2026-07-30 13:46:48,BTCUSDT,BINANCE,TRADE,64032,0.00041
2026-07-30 13:46:48,BTCUSDT,BINANCE,TRADE,64032,0.0005
2026-07-30 13:46:48,ETHUSDT,BINANCE,TRADE,1904.95,0.0027
2026-07-30 13:46:48,ETHUSDT,BINANCE,TRADE,1904.95,0.1092
2026-07-30 13:46:48,ETHUSDT,BINANCE,TRADE,1904.95,0.0028
2026-07-30 13:46:48,ETHUSDT,BINANCE,TRADE,1904.95,0.0027
2026-07-30 13:46:48,ETHUSDT,BINANCE,TRADE,1904.95,0.0027
2026-07-30 13:46:48,ETHUSDT,BINANCE,TRADE,1904.95,0.0027
2026-07-30 13:46:48,ETHUSDT,BINANCE,TRADE,1904.95,0.0027
2026-07-30 13:46:48,ETHUSDT,BINANCE,TRADE,1904.95,0.0027
2026-07-30 13:46:48,ETHUSDT,BINANCE,TRADE,1904.95,0.0027
2026-07-30 13:46:48,ETHUSDT,BINANCE,TRADE,1904.95,0.0028
2026-07-30 13:46:48,ETHUSDT,BINANCE,TRADE,1904.95,0.0027
2026-07-30 13:46:48,ETHUSDT,BINANCE,TRADE,1904.95,0.0027
2026-07-30 13:46:48,ETHUSDT,BINANCE,TRADE,1904.95,0.0027
2026-07-30 13:46:48,ETHUSDT,BINANCE,TRADE,1904.95,0.0027
2026-07-30 13:46:48,ETHUSDT,BINANCE,TRADE,1904.96,0.0027
2026-07-30 13:46:48,ETHUSDT,BINANCE,TRADE,1904.96,0.0028
2026-07-30 13:46:48,ETHUSDT,BINANCE,TRADE,1904.96,0.0027
2026-07-30 13:46:48,ETHUSDT,BINANCE,TRADE,1904.96,0.0027
2026-07-30 13:46:48,ETHUSDT,BINANCE,TRADE,1904.96,0.0027
2026-07-30 13:46:48,ETHUSDT,BINANCE,TRADE,1904.96,0.0027
2026-07-30 13:46:48,ETHUSDT,BINANCE,TRADE,1904.96,0.0027
2026-07-30 13:46:48,ETHUSDT,BINANCE,TRADE,1904.96,0.0027
2026-07-30 13:46:48,ETHUSDT,BINANCE,TRADE,1904.96,0.0027
2026-07-30 13:46:48,ETHUSDT,BINANCE,TRADE,1904.97,0.0027
2026-07-30 13:46:48,ETHUSDT,BINANCE,TRADE,1904.97,0.0028
2026-07-30 13:46:48,ETHUSDT,BINANCE,TRADE,1904.97,0.0027
2026-07-30 13:46:48,ETHUSDT,BINANCE,TRADE,1904.97,0.0027
2026-07-30 13:46:48,ETHUSDT,BINANCE,TRADE,1904.97,0.0027
2026-07-30 13:46:48,ETHUSDT,BINANCE,TRADE,1904.97,0.0027
2026-07-30 13:46:48,ETHUSDT,BINANCE,TRADE,1904.98,0.0027
2026-07-30 13:46:48,ETHUSDT,BINANCE,TRADE,1904.98,0.0028
2026-07-30 13:46:48,ETHUSDT,BINANCE,TRADE,1904.98,0.0028
2026-07-30 13:46:48,ETHUSDT,BINANCE,TRADE,1904.98,0.0028
2026-07-30 13:46:48,ETHUSDT,BINANCE,TRADE,1904.98,0.0027
2026-07-30 13:46:48,ETHUSDT,BINANCE,TRADE,1904.98,0.0028
2026-07-30 13:46:48,ETHUSDT,BINANCE,TRADE,1904.98,0.0027
2026-07-30 13:46:48,ETHUSDT,BINANCE,TRADE,1904.98,0.0027
2026-07-30 13:46:48,ETHUSDT,BINANCE,TRADE,1904.98,0.0027
2026-07-30 13:46:48,ETHUSDT,BINANCE,TRADE,1904.99,0.0027
2026-07-30 13:46:48,ETHUSDT,BINANCE,TRADE,1904.99,0.0028
2026-07-30 13:46:48,ETHUSDT,BINANCE,TRADE,1904.99,4.2086
2026-07-30 13:46:48,BTCUSDT,BINANCE,TRADE,64032,0.00166
2026-07-30 13:46:48,BTCUSDT,BINANCE,TRADE,64032,0.0005
2026-07-30 13:46:48,BTCUSDT,BINANCE,TRADE,64032,0.00033
2026-07-30 13:46:48,BTCUSDT,BINANCE,TRADE,64032,0.0005
2026-07-30 13:46:48,BTCUSDT,BINANCE,TRADE,64032,3e-05
2026-07-30 13:46:48,BTCUSDT,BINANCE,TRADE,64032,0.00047
2026-07-30 13:46:48,BTCUSDT,BINANCE,TRADE,64032,0.0005
2026-07-30 13:46:48,BTCUSDT,BINANCE,TRADE,64032,0.00789
2026-07-30 13:46:48,BTCUSDT,BINANCE,TRADE,64032,0.0005
2026-07-30 13:46:48,BTCUSDT,BINANCE,TRADE,64032,0.00138
2026-07-30 13:46:48,BTCUSDT,BINANCE,TRADE,64032,0.0005
2026-07-30 13:46:48,BTCUSDT,BINANCE,TRADE,64032,0.0005
2026-07-30 13:46:48,BTCUSDT,BINANCE,TRADE,64032,0.0005
2026-07-30 13:46:48,BTCUSDT,BINANCE,TRADE,64032,0.0005
2026-07-30 13:46:48,BTCUSDT,BINANCE,TRADE,64032,0.0005
2026-07-30 13:46:48,BTCUSDT,BINANCE,TRADE,64032,0.00018
2026-07-30 13:46:48,BTCUSDT,BINANCE,TRADE,64032,0.00044
2026-07-30 13:46:48,BTCUSDT,BINANCE,TRADE,64032,6e-05
2026-07-30 13:46:48,BTCUSDT,BINANCE,TRADE,64032,0.0005
2026-07-30 13:46:48,BTCUSDT,BINANCE,TRADE,64032,0.0005
2026-07-30 13:46:48,SOLUSDT,BINANCE,TRADE,73.43,36.245
2026-07-30 13:46:48,SOLUSDT,BINANCE,TRADE,73.43,0.277
2026-07-30 13:46:48,SOLUSDT,BINANCE,TRADE,73.43,0.069
2026-07-30 13:46:48,SOLUSDT,BINANCE,TRADE,73.43,107.944
2026-07-30 13:46:48,BTCUSDT,BINANCE,TRADE,64032,0.0005
2026-07-30 13:46:48,BTCUSDT,BINANCE,TRADE,64032,0.0005
2026-07-30 13:46:48,BTCUSDT,BINANCE,TRADE,64032,0.0005
2026-07-30 13:46:48,BTCUSDT,BINANCE,TRADE,64032,0.0005
2026-07-30 13:46:48,BTCUSDT,BINANCE,TRADE,64032,0.0005
2026-07-30 13:46:48,BTCUSDT,BINANCE,TRADE,64032,0.00027
2026-07-30 13:46:48,BTCUSDT,BINANCE,TRADE,64032,0.00155
2026-07-30 13:46:48,ETHUSDT,BINANCE,TRADE,1904.99,0.0027
2026-07-30 13:46:48,ETHUSDT,BINANCE,TRADE,1904.99,0.0027
2026-07-30 13:46:48,ETHUSDT,BINANCE,TRADE,1904.99,0.0129
2026-07-30 13:46:48,BTCUSDT,BINANCE,TRADE,64032,0.0005
2026-07-30 13:46:48,BTCUSDT,BINANCE,TRADE,64032,0.00106
2026-07-30 13:46:48,BTCUSDT,BINANCE,TRADE,64032,0.0005
2026-07-30 13:46:48,BTCUSDT,BINANCE,TRADE,64032,0.0005
2026-07-30 13:46:48,BTCUSDT,BINANCE,TRADE,64032,0.00499
2026-07-30 13:46:48,BTCUSDT,BINANCE,TRADE,64032,0.00253
2026-07-30 13:46:48,BTCUSDT,BINANCE,TRADE,64032,0.0005
2026-07-30 13:46:48,BTCUSDT,BINANCE,TRADE,64032,0.0005
2026-07-30 13:46:48,ETHUSDT,BINANCE,TRADE,1904.98,0.2321
2026-07-30 13:46:48,BTCUSDT,BINANCE,TRADE,64032,0.0005
2026-07-30 13:46:48,BTCUSDT,BINANCE,TRADE,64032,0.0005
2026-07-30 13:46:48,ETHUSDT,BINANCE,TRADE,1904.99,0.013
2026-07-30 13:46:48,BTCUSDT,BINANCE,TRADE,64032,0.0005
2026-07-30 13:46:48,BTCUSDT,BINANCE,TRADE,64032,0.0005
2026-07-30 13:46:48,ETHUSDT,BINANCE,TRADE,1904.99,0.0189
2026-07-30 13:46:48,BTCUSDT,BINANCE,TRADE,64032,0.0005
2026-07-30 13:46:48,BTCUSDT,BINANCE,TRADE,64032,0.0005
2026-07-30 13:46:48,BTCUSDT,BINANCE,TRADE,64032,0.0005
2026-07-30 13:46:48,BTCUSDT,BINANCE,TRADE,64032,0.0005
2026-07-30 13:46:48,BTCUSDT,BINANCE,TRADE,64032,0.0005
2026-07-30 13:46:48,BTCUSDT,BINANCE,TRADE,64032,0.0005
2026-07-30 13:46:48,BTCUSDT,BINANCE,TRADE,64032,0.00138
2026-07-30 13:46:48,BTCUSDT,BINANCE,TRADE,64032,0.0005
2026-07-30 13:46:48,BTCUSDT,BINANCE,TRADE,64032,0.00019
2026-07-30 13:46:48,BTCUSDT,BINANCE,TRADE,64032,0.0005
2026-07-30 13:46:48,BTCUSDT,BINANCE,TRADE,64032,0.0005
2026-07-30 13:46:48,BTCUSDT,BINANCE,TRADE,64032,0.00017
2026-07-30 13:46:48,BTCUSDT,BINANCE,TRADE,64032,0.0005
2026-07-30 13:46:48,BTCUSDT,BINANCE,TRADE,64032,0.0005
2026-07-30 13:46:48,BTCUSDT,BINANCE,TRADE,64032,0.0005
2026-07-30 13:46:48,BTCUSDT,BINANCE,TRADE,64032,0.0005
2026-07-30 13:46:48,BTCUSDT,BINANCE,TRADE,64032,0.00022
2026-07-30 13:46:48,BTCUSDT,BINANCE,TRADE,64032,0.00028
2026-07-30 13:46:48,BTCUSDT,BINANCE,TRADE,64032,0.0005
2026-07-30 13:46:48,BTCUSDT,BINANCE,TRADE,64032,0.00038
2026-07-30 13:46:48,BTCUSDT,BINANCE,TRADE,64032,0.0005
2026-07-30 13:46:48,BTCUSDT,BINANCE,TRADE,64032,0.0005
2026-07-30 13:46:48,ETHUSDT,BINANCE,TRADE,1904.98,0.0443
2026-07-30 13:46:48,BTCUSDT,BINANCE,TRADE,64032,0.0005
2026-07-30 13:46:48,ETHUSDT,BINANCE,TRADE,1904.98,0.0136
2026-07-30 13:46:48,BTCUSDT,BINANCE,TRADE,64032,0.00087
2026-07-30 13:46:48,BTCUSDT,BINANCE,TRADE,64032,0.0005
2026-07-30 13:46:48,BTCUSDT,BINANCE,TRADE,64032,0.0005
2026-07-30 13:46:48,BTCUSDT,BINANCE,TRADE,64032,0.0005
2026-07-30 13:46:48,BTCUSDT,BINANCE,TRADE,64032,0.00055
2026-07-30 13:46:48,BTCUSDT,BINANCE,TRADE,64032,0.0005
2026-07-30 13:46:48,ETHUSDT,BINANCE,TRADE,1904.99,0.2299
2026-07-30 13:46:48,BTCUSDT,BINANCE,TRADE,64032,0.0005
2026-07-30 13:46:48,BTCUSDT,BINANCE,TRADE,64032,0.0005
2026-07-30 13:46:48,BTCUSDT,BINANCE,TRADE,64032,0.0005
2026-07-30 13:46:48,BTCUSDT,BINANCE,TRADE,64032,0.0005
2026-07-30 13:46:48,BTCUSDT,BINANCE,TRADE,64032,0.0005
2026-07-30 13:46:48,BTCUSDT,BINANCE,TRADE,64032,0.0005
2026-07-30 13:46:48,BTCUSDT,BINANCE,TRADE,64032,0.0005
2026-07-30 13:46:48,BTCUSDT,BINANCE,TRADE,64032,0.0005
2026-07-30 13:46:48,BTCUSDT,BINANCE,TRADE,64032,0.0005
2026-07-30 13:46:48,BTCUSDT,BINANCE,TRADE,64032,0.00021
2026-07-30 13:46:48,BTCUSDT,BINANCE,TRADE,64032,0.00012
2026-07-30 13:46:48,BTCUSDT,BINANCE,TRADE,64032,0.0005
2026-07-30 13:46:48,BTCUSDT,BINANCE,TRADE,64032,0.00145
2026-07-30 13:46:48,BTCUSDT,BINANCE,TRADE,64032,0.0005
2026-07-30 13:46:48,ETHUSDT,BINANCE,TRADE,1904.98,0.0252
2026-07-30 13:46:48,BTCUSDT,BINANCE,TRADE,64032,0.0005
2026-07-30 13:46:48,BTCUSDT,BINANCE,TRADE,64032,0.0005
2026-07-30 13:46:48,BTCUSDT,BINANCE,TRADE,64032,0.00031
2026-07-30 13:46:48,BTCUSDT,BINANCE,TRADE,64032,0.0005
2026-07-30 13:46:48,ETHUSDT,BINANCE,TRADE,1904.98,0.0338
2026-07-30 13:46:48,BTCUSDT,BINANCE,TRADE,64032,0.0005
2026-07-30 13:46:48,BTCUSDT,BINANCE,TRADE,64032,0.0005
2026-07-30 13:46:48,BTCUSDT,BINANCE,TRADE,64032,0.00025
2026-07-30 13:46:49,BTCUSDT,BINANCE,TRADE,64032,0.0005
2026-07-30 13:46:49,BTCUSDT,BINANCE,TRADE,64032,0.0005
2026-07-30 13:46:49,BTCUSDT,BINANCE,TRADE,64032,0.0005
2026-07-30 13:46:49,BTCUSDT,BINANCE,TRADE,64032,0.0005
2026-07-30 13:46:49,BTCUSDT,BINANCE,TRADE,64032,0.0005
2026-07-30 13:46:49,BTCUSDT,BINANCE,TRADE,64032,0.0005
2026-07-30 13:46:49,BTCUSDT,BINANCE,TRADE,64032,0.0005
2026-07-30 13:46:49,BTCUSDT,BINANCE,TRADE,64032,0.0005
2026-07-30 13:46:49,BTCUSDT,BINANCE,TRADE,64032,0.0005
2026-07-30 13:46:49,BTCUSDT,BINANCE,TRADE,64032,0.0001
2026-07-30 13:46:49,BTCUSDT,BINANCE,TRADE,64032,0.0005
2026-07-30 13:46:49,BTCUSDT,BINANCE,TRADE,64032,0.0005
2026-07-30 13:46:49,BTCUSDT,BINANCE,TRADE,64032,0.0005
2026-07-30 13:46:49,BTCUSDT,BINANCE,TRADE,64032,0.0005
2026-07-30 13:46:49,BTCUSDT,BINANCE,TRADE,64032,0.0005
2026-07-30 13:46:49,BTCUSDT,BINANCE,TRADE,64032,0.0005
2026-07-30 13:46:49,BTCUSDT,BINANCE,TRADE,64032,0.0005
2026-07-30 13:46:49,ETHUSDT,BINANCE,TRADE,1904.98,0.0147
2026-07-30 13:46:49,BTCUSDT,BINANCE,TRADE,64032,0.0005
2026-07-30 13:46:49,BTCUSDT,BINANCE,TRADE,64032,0.0005
2026-07-30 13:46:49,BTCUSDT,BINANCE,TRADE,64032,0.0005
2026-07-30 13:46:49,BTCUSDT,BINANCE,TRADE,64032,0.0005
2026-07-30 13:46:49,BTCUSDT,BINANCE,TRADE,64032,0.00018
2026-07-30 13:46:49,BTCUSDT,BINANCE,TRADE,64032,0.00204
2026-07-30 13:46:49,BTCUSDT,BINANCE,TRADE,64032,0.0005
2026-07-30 13:46:49,BTCUSDT,BINANCE,TRADE,64032,0.0004
2026-07-30 13:46:49,BTCUSDT,BINANCE,TRADE,64032,0.00281
2026-07-30 13:46:49,BTCUSDT,BINANCE,TRADE,64032,0.0005
2026-07-30 13:46:49,BTCUSDT,BINANCE,TRADE,64032,0.0005
2026-07-30 13:46:49,BTCUSDT,BINANCE,TRADE,64032,0.00038
2026-07-30 13:46:49,BTCUSDT,BINANCE,TRADE,64032,0.0005
2026-07-30 13:46:49,BTCUSDT,BINANCE,TRADE,64032,0.0005
2026-07-30 13:46:49,BTCUSDT,BINANCE,TRADE,64032,0.0005
2026-07-30 13:46:49,BTCUSDT,BINANCE,TRADE,64032,0.0005
2026-07-30 13:46:49,ETHUSDT,BINANCE,TRADE,1904.99,0.0028
2026-07-30 13:46:49,ETHUSDT,BINANCE,TRADE,1904.99,0.0027
2026-07-30 13:46:49,ETHUSDT,BINANCE,TRADE,1904.99,0.0027
2026-07-30 13:46:49,ETHUSDT,BINANCE,TRADE,1904.99,0.0027
2026-07-30 13:46:49,ETHUSDT,BINANCE,TRADE,1904.99,0.0027
2026-07-30 13:46:49,ETHUSDT,BINANCE,TRADE,1904.99,0.0027
2026-07-30 13:46:49,ETHUSDT,BINANCE,TRADE,1904.99,0.0027
2026-07-30 13:46:49,ETHUSDT,BINANCE,TRADE,1904.99,0.0028
2026-07-30 13:46:49,ETHUSDT,BINANCE,TRADE,1904.99,0.0027
2026-07-30 13:46:49,ETHUSDT,BINANCE,TRADE,1904.99,0.0027
2026-07-30 13:46:49,ETHUSDT,BINANCE,TRADE,1904.99,0.0027
2026-07-30 13:46:49,ETHUSDT,BINANCE,TRADE,1904.99,0.0294
2026-07-30 13:46:49,ETHUSDT,BINANCE,TRADE,1904.99,0.0753
2026-07-30 13:46:49,ETHUSDT,BINANCE,TRADE,1904.99,0.021
2026-07-30 13:46:49,ETHUSDT,BINANCE,TRADE,1904.99,0.0027
2026-07-30 13:46:49,ETHUSDT,BINANCE,TRADE,1904.99,0.0027
2026-07-30 13:46:49,ETHUSDT,BINANCE,TRADE,1904.99,0.0027
2026-07-30 13:46:49,ETHUSDT,BINANCE,TRADE,1905,0.0027
2026-07-30 13:46:49,ETHUSDT,BINANCE,TRADE,1905,0.003
2026-07-30 13:46:49,ETHUSDT,BINANCE,TRADE,1905,0.0028
2026-07-30 13:46:49,ETHUSDT,BINANCE,TRADE,1905,0.0027
2026-07-30 13:46:49,ETHUSDT,BINANCE,TRADE,1905,0.0027
2026-07-30 13:46:49,ETHUSDT,BINANCE,TRADE,1905,0.0027
2026-07-30 13:46:49,ETHUSDT,BINANCE,TRADE,1905,0.0027
2026-07-30 13:46:49,ETHUSDT,BINANCE,TRADE,1905,0.0027
2026-07-30 13:46:49,ETHUSDT,BINANCE,TRADE,1905.01,0.0027
2026-07-30 13:46:49,ETHUSDT,BINANCE,TRADE,1905.01,0.0028
2026-07-30 13:46:49,ETHUSDT,BINANCE,TRADE,1905.01,0.0027
2026-07-30 13:46:49,ETHUSDT,BINANCE,TRADE,1905.01,0.0027
2026-07-30 13:46:49,ETHUSDT,BINANCE,TRADE,1905.01,0.0027
2026-07-30 13:46:49,ETHUSDT,BINANCE,TRADE,1905.01,0.0027
2026-07-30 13:46:49,ETHUSDT,BINANCE,TRADE,1905.02,0.0027
2026-07-30 13:46:49,ETHUSDT,BINANCE,TRADE,1905.02,0.0028
2026-07-30 13:46:49,ETHUSDT,BINANCE,TRADE,1905.02,0.0028
2026-07-30 13:46:49,ETHUSDT,BINANCE,TRADE,1905.02,0.0028
2026-07-30 13:46:49,ETHUSDT,BINANCE,TRADE,1905.02,0.0027
2026-07-30 13:46:49,ETHUSDT,BINANCE,TRADE,1905.02,0.0028
2026-07-30 13:46:49,ETHUSDT,BINANCE,TRADE,1905.02,0.0027
2026-07-30 13:46:49,ETHUSDT,BINANCE,TRADE,1905.02,0.0027
2026-07-30 13:46:49,ETHUSDT,BINANCE,TRADE,1905.02,0.0027
2026-07-30 13:46:49,BTCUSDT,BINANCE,TRADE,64032,0.0005
2026-07-30 13:46:49,BTCUSDT,BINANCE,TRADE,64032,0.0005
2026-07-30 13:46:49,BTCUSDT,BINANCE,TRADE,64032,0.00143
2026-07-30 13:46:49,BTCUSDT,BINANCE,TRADE,64032,0.0005
2026-07-30 13:46:49,ETHUSDT,BINANCE,TRADE,1905.02,0.0261
2026-07-30 13:46:49,BTCUSDT,BINANCE,TRADE,64032,0.0005
2026-07-30 13:46:49,BTCUSDT,BINANCE,TRADE,64032,0.0005
2026-07-30 13:46:49,BTCUSDT,BINANCE,TRADE,64032,0.0005
2026-07-30 13:46:49,ETHUSDT,BINANCE,TRADE,1905.02,0.0505
2026-07-30 13:46:49,BTCUSDT,BINANCE,TRADE,64032,0.0005
2026-07-30 13:46:49,ETHUSDT,BINANCE,TRADE,1905.03,0.0114
2026-07-30 13:46:49,BTCUSDT,BINANCE,TRADE,64032,8e-05
2026-07-30 13:46:49,BTCUSDT,BINANCE,TRADE,64032,0.0005
2026-07-30 13:46:49,BTCUSDT,BINANCE,TRADE,64032,0.0005
2026-07-30 13:46:49,BTCUSDT,BINANCE,TRADE,64032,0.0005
2026-07-30 13:46:49,BTCUSDT,BINANCE,TRADE,64032,0.0005
2026-07-30 13:46:49,BTCUSDT,BINANCE,TRADE,64032,0.0005
2026-07-30 13:46:49,BTCUSDT,BINANCE,TRADE,64032,0.0005
2026-07-30 13:46:49,ETHUSDT,BINANCE,TRADE,1905.02,0.0523
2026-07-30 13:46:49,BTCUSDT,BINANCE,TRADE,64032,0.0005
2026-07-30 13:46:49,BTCUSDT,BINANCE,TRADE,64032,0.0005
2026-07-30 13:46:49,BTCUSDT,BINANCE,TRADE,64032,0.00055
2026-07-30 13:46:49,BTCUSDT,BINANCE,TRADE,64032,0.00021
2026-07-30 13:46:49,BTCUSDT,BINANCE,TRADE,64032,0.0005
2026-07-30 13:46:49,BTCUSDT,BINANCE,TRADE,64032,0.0005
2026-07-30 13:46:49,BTCUSDT,BINANCE,TRADE,64032,0.00019
2026-07-30 13:46:49,ETHUSDT,BINANCE,TRADE,1905.03,0.0272
2026-07-30 13:46:49,BTCUSDT,BINANCE,TRADE,64032,0.00084
2026-07-30 13:46:49,BTCUSDT,BINANCE,TRADE,64032,0.0005
2026-07-30 13:46:49,BTCUSDT,BINANCE,TRADE,64032,0.0005
2026-07-30 13:46:49,BTCUSDT,BINANCE,TRADE,64032,0.00038
2026-07-30 13:46:49,BTCUSDT,BINANCE,TRADE,64032,0.0005
2026-07-30 13:46:49,BTCUSDT,BINANCE,TRADE,64032,0.0005
2026-07-30 13:46:49,BTCUSDT,BINANCE,TRADE,64032,0.01874
2026-07-30 13:46:49,BTCUSDT,BINANCE,TRADE,64032,0.0005
2026-07-30 13:46:49,BTCUSDT,BINANCE,TRADE,64032,0.0005
2026-07-30 13:46:49,BTCUSDT,BINANCE,TRADE,64032,0.0005
2026-07-30 13:46:49,BTCUSDT,BINANCE,TRADE,64032,0.0005
2026-07-30 13:46:49,BTCUSDT,BINANCE,TRADE,64032,0.00039
2026-07-30 13:46:49,BTCUSDT,BINANCE,TRADE,64032,0.0005
2026-07-30 13:46:49,BTCUSDT,BINANCE,TRADE,64032,0.0005
2026-07-30 13:46:49,BTCUSDT,BINANCE,TRADE,64032,0.0005
2026-07-30 13:46:49,BTCUSDT,BINANCE,TRADE,64032,0.00499
2026-07-30 13:46:49,BTCUSDT,BINANCE,TRADE,64032,0.0005
2026-07-30 13:46:49,BTCUSDT,BINANCE,TRADE,64032,0.00205
2026-07-30 13:46:49,BTCUSDT,BINANCE,TRADE,64032,0.0005
2026-07-30 13:46:49,ETHUSDT,BINANCE,TRADE,1905.02,0.0109
2026-07-30 13:46:49,BTCUSDT,BINANCE,TRADE,64032,0.0005
2026-07-30 13:46:49,BTCUSDT,BINANCE,TRADE,64032,0.0005
2026-07-30 13:46:49,BTCUSDT,BINANCE,TRADE,64032,0.0005
2026-07-30 13:46:49,ETHUSDT,BINANCE,TRADE,1905.02,0.1725
2026-07-30 13:46:49,ETHUSDT,BINANCE,TRADE,1905.02,0.0089
2026-07-30 13:46:49,BTCUSDT,BINANCE,TRADE,64032,0.0005
2026-07-30 13:46:49,ETHUSDT,BINANCE,TRADE,1905.02,0.05
2026-07-30 13:46:49,BTCUSDT,BINANCE,TRADE,64032,0.0005
2026-07-30 13:46:49,BTCUSDT,BINANCE,TRADE,64032,0.0005
2026-07-30 13:46:49,BTCUSDT,BINANCE,TRADE,64032,0.0005
2026-07-30 13:46:49,BTCUSDT,BINANCE,TRADE,64032,0.00122
2026-07-30 13:46:49,BTCUSDT,BINANCE,TRADE,64032,0.0005
2026-07-30 13:46:49,BTCUSDT,BINANCE,TRADE,64032,0.0005
2026-07-30 13:46:49,BTCUSDT,BINANCE,TRADE,64032,0.0005
2026-07-30 13:46:49,BTCUSDT,BINANCE,TRADE,64032,9e-05
2026-07-30 13:46:49,ETHUSDT,BINANCE,TRADE,1905.03,0.0027
2026-07-30 13:46:49,ETHUSDT,BINANCE,TRADE,1905.03,0.0027
2026-07-30 13:46:49,ETHUSDT,BINANCE,TRADE,1905.03,0.0027
2026-07-30 13:46:49,ETHUSDT,BINANCE,TRADE,1905.03,0.0028
2026-07-30 13:46:49,ETHUSDT,BINANCE,TRADE,1905.03,0.0027
2026-07-30 13:46:49,ETHUSDT,BINANCE,TRADE,1905.03,0.0027
2026-07-30 13:46:49,ETHUSDT,BINANCE,TRADE,1905.03,0.0027
2026-07-30 13:46:49,ETHUSDT,BINANCE,TRADE,1905.03,0.0027
2026-07-30 13:46:49,ETHUSDT,BINANCE,TRADE,1905.03,0.0027
2026-07-30 13:46:49,ETHUSDT,BINANCE,TRADE,1905.03,0.0027
2026-07-30 13:46:49,ETHUSDT,BINANCE,TRADE,1905.03,0.0027
2026-07-30 13:46:49,ETHUSDT,BINANCE,TRADE,1905.03,0.0053
2026-07-30 13:46:49,ETHUSDT,BINANCE,TRADE,1905.03,0.0028
2026-07-30 13:46:49,ETHUSDT,BINANCE,TRADE,1905.03,0.0028
2026-07-30 13:46:49,ETHUSDT,BINANCE,TRADE,1905.03,0.0028
2026-07-30 13:46:49,ETHUSDT,BINANCE,TRADE,1905.03,0.0027
2026-07-30 13:46:49,ETHUSDT,BINANCE,TRADE,1905.03,0.0027
2026-07-30 13:46:49,ETHUSDT,BINANCE,TRADE,1905.03,0.0027
2026-07-30 13:46:49,ETHUSDT,BINANCE,TRADE,1905.03,0.0027
2026-07-30 13:46:49,ETHUSDT,BINANCE,TRADE,1905.03,0.0027
2026-07-30 13:46:49,ETHUSDT,BINANCE,TRADE,1905.03,0.0027
2026-07-30 13:46:49,ETHUSDT,BINANCE,TRADE,1905.03,0.0028
2026-07-30 13:46:49,ETHUSDT,BINANCE,TRADE,1905.03,0.0027
2026-07-30 13:46:49,ETHUSDT,BINANCE,TRADE,1905.03,0.0027
2026-07-30 13:46:49,ETHUSDT,BINANCE,TRADE,1905.03,0.0027
2026-07-30 13:46:49,ETHUSDT,BINANCE,TRADE,1905.03,0.0027
2026-07-30 13:46:49,ETHUSDT,BINANCE,TRADE,1905.03,0.0027
2026-07-30 13:46:49,ETHUSDT,BINANCE,TRADE,1905.03,0.0027
2026-07-30 13:46:49,ETHUSDT,BINANCE,TRADE,1905.03,0.0027
2026-07-30 13:46:49,ETHUSDT,BINANCE,TRADE,1905.03,0.0027
2026-07-30 13:46:49,ETHUSDT,BINANCE,TRADE,1905.03,0.0027
2026-07-30 13:46:49,BTCUSDT,BINANCE,TRADE,64032,0.00515
2026-07-30 13:46:49,BTCUSDT,BINANCE,TRADE,64032,0.0005
2026-07-30 13:46:49,ETHUSDT,BINANCE,TRADE,1905.03,0.0103
2026-07-30 13:46:49,BTCUSDT,BINANCE,TRADE,64032,0.0005
2026-07-30 13:46:49,BTCUSDT,BINANCE,TRADE,64032,0.00224
2026-07-30 13:46:49,BTCUSDT,BINANCE,TRADE,64032,0.00012
2026-07-30 13:46:49,BTCUSDT,BINANCE,TRADE,64032,0.0005
2026-07-30 13:46:49,BTCUSDT,BINANCE,TRADE,64032,0.0005
2026-07-30 13:46:49,BTCUSDT,BINANCE,TRADE,64032,0.00021
2026-07-30 13:46:49,BTCUSDT,BINANCE,TRADE,64032,0.00016
2026-07-30 13:46:49,BTCUSDT,BINANCE,TRADE,64032,0.0005
2026-07-30 13:46:49,BTCUSDT,BINANCE,TRADE,64032,0.00017
2026-07-30 13:46:49,BTCUSDT,BINANCE,TRADE,64032,0.0005
2026-07-30 13:46:49,BTCUSDT,BINANCE,TRADE,64032,0.0005
2026-07-30 13:46:49,BTCUSDT,BINANCE,TRADE,64032,0.00025
2026-07-30 13:46:49,BTCUSDT,BINANCE,TRADE,64032,0.0005
2026-07-30 13:46:49,BTCUSDT,BINANCE,TRADE,64032,0.0005
2026-07-30 13:46:49,BTCUSDT,BINANCE,TRADE,64032,0.0005
2026-07-30 13:46:49,BTCUSDT,BINANCE,TRADE,64032,0.0005
2026-07-30 13:46:49,BTCUSDT,BINANCE,TRADE,64032,0.00509
2026-07-30 13:46:49,BTCUSDT,BINANCE,TRADE,64032,0.0005
2026-07-30 13:46:49,BTCUSDT,BINANCE,TRADE,64032,0.0005
2026-07-30 13:46:49,BTCUSDT,BINANCE,TRADE,64032,0.00027
2026-07-30 13:46:49,BTCUSDT,BINANCE,TRADE,64032,0.0005
2026-07-30 13:46:49,BTCUSDT,BINANCE,TRADE,64032,0.0005
2026-07-30 13:46:49,ETHUSDT,BINANCE,TRADE,1905.03,0.0589
2026-07-30 13:46:49,BTCUSDT,BINANCE,TRADE,64032,0.0005
2026-07-30 13:46:49,BTCUSDT,BINANCE,TRADE,64032,0.0005
2026-07-30 13:46:49,BTCUSDT,BINANCE,TRADE,64032,0.0005
2026-07-30 13:46:49,BTCUSDT,BINANCE,TRADE,64032,0.0005
2026-07-30 13:46:49,BTCUSDT,BINANCE,TRADE,64032,0.00182
2026-07-30 13:46:49,BTCUSDT,BINANCE,TRADE,64032,0.0005
2026-07-30 13:46:49,ETHUSDT,BINANCE,TRADE,1905.04,0.0028
2026-07-30 13:46:49,ETHUSDT,BINANCE,TRADE,1905.04,0.0161
2026-07-30 13:46:49,BTCUSDT,BINANCE,TRADE,64032,0.0005
2026-07-30 13:46:49,BTCUSDT,BINANCE,TRADE,64032,0.0005
2026-07-30 13:46:49,BTCUSDT,BINANCE,TRADE,64032,0.0005
2026-07-30 13:46:49,ETHUSDT,BINANCE,TRADE,1905.04,0.2321
2026-07-30 13:46:49,BTCUSDT,BINANCE,TRADE,64032,0.0005
2026-07-30 13:46:49,BTCUSDT,BINANCE,TRADE,64032,0.00087
2026-07-30 13:46:49,BTCUSDT,BINANCE,TRADE,64032,0.0005
2026-07-30 13:46:49,BTCUSDT,BINANCE,TRADE,64032,0.00014
2026-07-30 13:46:49,BTCUSDT,BINANCE,TRADE,64032,0.0005
2026-07-30 13:46:49,SOLUSDT,BINANCE,TRADE,73.43,0.072
2026-07-30 13:46:49,SOLUSDT,BINANCE,TRADE,73.43,0.137
2026-07-30 13:46:49,SOLUSDT,BINANCE,TRADE,73.43,0.072
2026-07-30 13:46:49,SOLUSDT,BINANCE,TRADE,73.43,0.069
2026-07-30 13:46:49,SOLUSDT,BINANCE,TRADE,73.43,0.211
2026-07-30 13:46:49,SOLUSDT,BINANCE,TRADE,73.43,0.792
2026-07-30 13:46:49,SOLUSDT,BINANCE,TRADE,73.43,5.058
2026-07-30 13:46:49,SOLUSDT,BINANCE,TRADE,73.43,0.07
2026-07-30 13:46:49,SOLUSDT,BINANCE,TRADE,73.43,0.277
2026-07-30 13:46:49,SOLUSDT,BINANCE,TRADE,73.43,0.069
2026-07-30 13:46:50,BTCUSDT,BINANCE,TRADE,64032,0.0005
2026-07-30 13:46:50,BTCUSDT,BINANCE,TRADE,64032,0.00033
2026-07-30 13:46:50,BTCUSDT,BINANCE,TRADE,64032,0.0005
2026-07-30 13:46:50,BTCUSDT,BINANCE,TRADE,64032,0.0005
2026-07-30 13:46:50,BTCUSDT,BINANCE,TRADE,64032,0.0005
2026-07-30 13:46:50,BTCUSDT,BINANCE,TRADE,64032,0.0005
2026-07-30 13:46:50,BTCUSDT,BINANCE,TRADE,64032,0.0005
2026-07-30 13:46:50,BTCUSDT,BINANCE,TRADE,64032,0.0005
2026-07-30 13:46:50,BTCUSDT,BINANCE,TRADE,64032,0.00521
2026-07-30 13:46:50,BTCUSDT,BINANCE,TRADE,64032,0.0005
2026-07-30 13:46:50,BTCUSDT,BINANCE,TRADE,64032,0.0005
2026-07-30 13:46:50,BTCUSDT,BINANCE,TRADE,64032,0.0005
2026-07-30 13:46:50,SOLUSDT,BINANCE,TRADE,73.44,8.051
2026-07-30 13:46:50,BTCUSDT,BINANCE,TRADE,64032,0.0005
2026-07-30 13:46:50,BTCUSDT,BINANCE,TRADE,64032,0.0005
2026-07-30 13:46:50,BTCUSDT,BINANCE,TRADE,64032,0.0005
2026-07-30 13:46:50,BTCUSDT,BINANCE,TRADE,64032,0.0005
2026-07-30 13:46:50,BTCUSDT,BINANCE,TRADE,64032,0.00022
2026-07-30 13:46:50,BTCUSDT,BINANCE,TRADE,64032,0.0008
2026-07-30 13:46:50,BTCUSDT,BINANCE,TRADE,64032,0.00166
2026-07-30 13:46:50,BTCUSDT,BINANCE,TRADE,64032,0.0005
2026-07-30 13:46:50,BTCUSDT,BINANCE,TRADE,64032,0.0005
2026-07-30 13:46:50,BTCUSDT,BINANCE,TRADE,64032,0.0005
2026-07-30 13:46:50,BTCUSDT,BINANCE,TRADE,64032,8e-05
2026-07-30 13:46:50,BTCUSDT,BINANCE,TRADE,64032,0.00017
2026-07-30 13:46:50,BTCUSDT,BINANCE,TRADE,64032,0.0005
2026-07-30 13:46:50,ETHUSDT,BINANCE,TRADE,1905.04,0.0073
2026-07-30 13:46:50,BTCUSDT,BINANCE,TRADE,64032,0.0005
2026-07-30 13:46:50,BTCUSDT,BINANCE,TRADE,64032,0.0005
2026-07-30 13:46:50,ETHUSDT,BINANCE,TRADE,1905.04,0.0136
2026-07-30 13:46:50,BTCUSDT,BINANCE,TRADE,64032,0.0005
2026-07-30 13:46:50,BTCUSDT,BINANCE,TRADE,64032,0.0005
2026-07-30 13:46:50,BTCUSDT,BINANCE,TRADE,64032,0.00156
2026-07-30 13:46:50,BTCUSDT,BINANCE,TRADE,64032,0.00013
2026-07-30 13:46:50,BTCUSDT,BINANCE,TRADE,64032,0.0005
2026-07-30 13:46:50,BTCUSDT,BINANCE,TRADE,64032,0.00021
2026-07-30 13:46:50,BTCUSDT,BINANCE,TRADE,64032,0.0005
2026-07-30 13:46:50,BTCUSDT,BINANCE,TRADE,64032,0.0005
2026-07-30 13:46:50,BTCUSDT,BINANCE,TRADE,64032,0.0005
2026-07-30 13:46:50,BTCUSDT,BINANCE,TRADE,64032,0.0005
2026-07-30 13:46:50,BTCUSDT,BINANCE,TRADE,64032,0.0005
2026-07-30 13:46:50,BTCUSDT,BINANCE,TRADE,64032,0.0005
2026-07-30 13:46:50,ETHUSDT,BINANCE,TRADE,1905.04,0.0252
2026-07-30 13:46:50,BTCUSDT,BINANCE,TRADE,64032,0.0005
2026-07-30 13:46:50,BTCUSDT,BINANCE,TRADE,64032,0.0005
2026-07-30 13:46:50,BTCUSDT,BINANCE,TRADE,64032,0.0005
2026-07-30 13:46:50,BTCUSDT,BINANCE,TRADE,64032,0.0005
2026-07-30 13:46:50,BTCUSDT,BINANCE,TRADE,64032,0.0005
2026-07-30 13:46:50,BTCUSDT,BINANCE,TRADE,64032,0.0005
2026-07-30 13:46:50,BTCUSDT,BINANCE,TRADE,64032,0.0005
2026-07-30 13:46:50,BTCUSDT,BINANCE,TRADE,64032,0.00262
2026-07-30 13:46:50,BTCUSDT,BINANCE,TRADE,64032,0.0005
2026-07-30 13:46:50,BTCUSDT,BINANCE,TRADE,64032,0.0005
2026-07-30 13:46:50,BTCUSDT,BINANCE,TRADE,64032,0.0005
2026-07-30 13:46:50,BTCUSDT,BINANCE,TRADE,64032,0.00038
2026-07-30 13:46:50,BTCUSDT,BINANCE,TRADE,64032,0.0005
2026-07-30 13:46:50,BTCUSDT,BINANCE,TRADE,64032,0.00015
2026-07-30 13:46:50,BTCUSDT,BINANCE,TRADE,64032,0.0005
2026-07-30 13:46:50,BTCUSDT,BINANCE,TRADE,64032,0.0005
2026-07-30 13:46:50,BTCUSDT,BINANCE,TRADE,64032,0.00031
2026-07-30 13:46:50,SOLUSDT,BINANCE,TRADE,73.43,1.791
2026-07-30 13:46:50,BTCUSDT,BINANCE,TRADE,64032,0.0005
2026-07-30 13:46:50,ETHUSDT,BINANCE,TRADE,1905.04,0.0338
2026-07-30 13:46:50,BTCUSDT,BINANCE,TRADE,64032,0.0005
2026-07-30 13:46:50,BTCUSDT,BINANCE,TRADE,64032,0.00166
2026-07-30 13:46:50,BTCUSDT,BINANCE,TRADE,64032,0.0005
2026-07-30 13:46:50,BTCUSDT,BINANCE,TRADE,64032,0.00032
2026-07-30 13:46:50,BTCUSDT,BINANCE,TRADE,64032,0.0005
2026-07-30 13:46:50,BTCUSDT,BINANCE,TRADE,64032,0.0005
2026-07-30 13:46:50,BTCUSDT,BINANCE,TRADE,64032,0.00618
2026-07-30 13:46:50,BTCUSDT,BINANCE,TRADE,64032,0.00065
2026-07-30 13:46:50,BTCUSDT,BINANCE,TRADE,64032,0.00143
2026-07-30 13:46:50,BTCUSDT,BINANCE,TRADE,64032,0.0005
2026-07-30 13:46:50,BTCUSDT,BINANCE,TRADE,64032,0.00029
2026-07-30 13:46:50,BTCUSDT,BINANCE,TRADE,64032,0.0005
2026-07-30 13:46:50,BTCUSDT,BINANCE,TRADE,64032,0.0005
2026-07-30 13:46:50,BTCUSDT,BINANCE,TRADE,64032,0.0005
2026-07-30 13:46:50,BTCUSDT,BINANCE,TRADE,64032,0.0005
2026-07-30 13:46:50,BTCUSDT,BINANCE,TRADE,64032,0.0005
2026-07-30 13:46:50,BTCUSDT,BINANCE,TRADE,64032,0.0005
2026-07-30 13:46:50,BTCUSDT,BINANCE,TRADE,64032,0.0005
2026-07-30 13:46:50,BTCUSDT,BINANCE,TRADE,64032,0.0005
2026-07-30 13:46:50,BTCUSDT,BINANCE,TRADE,64032,0.0005
2026-07-30 13:46:50,BTCUSDT,BINANCE,TRADE,64032,0.0005
2026-07-30 13:46:50,BTCUSDT,BINANCE,TRADE,64032,0.00499
2026-07-30 13:46:50,BTCUSDT,BINANCE,TRADE,64032,0.0005
2026-07-30 13:46:50,BTCUSDT,BINANCE,TRADE,64032,0.0005
2026-07-30 13:46:50,BTCUSDT,BINANCE,TRADE,64032,0.0005
2026-07-30 13:46:50,ETHUSDT,BINANCE,TRADE,1905.04,0.003
2026-07-30 13:46:50,BTCUSDT,BINANCE,TRADE,64032,0.0005
2026-07-30 13:46:50,ETHUSDT,BINANCE,TRADE,1905.04,0.0027
2026-07-30 13:46:50,ETHUSDT,BINANCE,TRADE,1905.04,0.0027
2026-07-30 13:46:50,ETHUSDT,BINANCE,TRADE,1905.04,0.0053
2026-07-30 13:46:50,ETHUSDT,BINANCE,TRADE,1905.04,0.0027
2026-07-30 13:46:50,ETHUSDT,BINANCE,TRADE,1905.04,0.0027
2026-07-30 13:46:50,ETHUSDT,BINANCE,TRADE,1905.04,0.0027
2026-07-30 13:46:50,ETHUSDT,BINANCE,TRADE,1905.04,0.0027
2026-07-30 13:46:50,ETHUSDT,BINANCE,TRADE,1905.04,0.0027
2026-07-30 13:46:50,ETHUSDT,BINANCE,TRADE,1905.04,0.0027
2026-07-30 13:46:50,ETHUSDT,BINANCE,TRADE,1905.04,0.0028
2026-07-30 13:46:50,ETHUSDT,BINANCE,TRADE,1905.04,0.0028
2026-07-30 13:46:50,ETHUSDT,BINANCE,TRADE,1905.04,0.0028
2026-07-30 13:46:50,ETHUSDT,BINANCE,TRADE,1905.04,0.0027
2026-07-30 13:46:50,ETHUSDT,BINANCE,TRADE,1905.04,0.0028
2026-07-30 13:46:50,ETHUSDT,BINANCE,TRADE,1905.04,0.0027
2026-07-30 13:46:50,ETHUSDT,BINANCE,TRADE,1905.04,0.0028
2026-07-30 13:46:50,ETHUSDT,BINANCE,TRADE,1905.04,0.0027
2026-07-30 13:46:50,ETHUSDT,BINANCE,TRADE,1905.04,0.0027
2026-07-30 13:46:50,ETHUSDT,BINANCE,TRADE,1905.04,0.0027
2026-07-30 13:46:50,ETHUSDT,BINANCE,TRADE,1905.05,0.004
2026-07-30 13:46:50,ETHUSDT,BINANCE,TRADE,1905.05,0.0028
2026-07-30 13:46:50,ETHUSDT,BINANCE,TRADE,1905.05,0.0053
2026-07-30 13:46:50,ETHUSDT,BINANCE,TRADE,1905.05,0.0027
2026-07-30 13:46:50,ETHUSDT,BINANCE,TRADE,1905.05,0.0027
2026-07-30 13:46:50,ETHUSDT,BINANCE,TRADE,1905.05,0.0027
2026-07-30 13:46:50,ETHUSDT,BINANCE,TRADE,1905.05,0.0027
2026-07-30 13:46:50,ETHUSDT,BINANCE,TRADE,1905.05,0.0027
2026-07-30 13:46:50,ETHUSDT,BINANCE,TRADE,1905.05,0.0027
2026-07-30 13:46:50,ETHUSDT,BINANCE,TRADE,1905.05,0.0027
2026-07-30 13:46:50,ETHUSDT,BINANCE,TRADE,1905.05,0.0027
2026-07-30 13:46:50,ETHUSDT,BINANCE,TRADE,1905.05,0.0027
2026-07-30 13:46:50,ETHUSDT,BINANCE,TRADE,1905.05,0.0027
2026-07-30 13:46:50,ETHUSDT,BINANCE,TRADE,1905.06,0.0028
2026-07-30 13:46:50,ETHUSDT,BINANCE,TRADE,1905.06,0.0053
2026-07-30 13:46:50,ETHUSDT,BINANCE,TRADE,1905.06,0.0027
2026-07-30 13:46:50,ETHUSDT,BINANCE,TRADE,1905.06,0.0027
2026-07-30 13:46:50,ETHUSDT,BINANCE,TRADE,1905.06,0.0027
2026-07-30 13:46:50,ETHUSDT,BINANCE,TRADE,1905.07,0.0028
2026-07-30 13:46:50,ETHUSDT,BINANCE,TRADE,1905.08,0.0028
2026-07-30 13:46:50,BTCUSDT,BINANCE,TRADE,64032,0.0005
2026-07-30 13:46:50,ETHUSDT,BINANCE,TRADE,1905.09,0.0027
2026-07-30 13:46:50,ETHUSDT,BINANCE,TRADE,1905.09,0.0028
2026-07-30 13:46:50,ETHUSDT,BINANCE,TRADE,1905.09,0.0027
2026-07-30 13:46:50,ETHUSDT,BINANCE,TRADE,1905.09,0.0027
2026-07-30 13:46:50,ETHUSDT,BINANCE,TRADE,1905.09,0.0027
2026-07-30 13:46:50,ETHUSDT,BINANCE,TRADE,1905.09,0.0027
2026-07-30 13:46:50,ETHUSDT,BINANCE,TRADE,1905.09,0.0027
2026-07-30 13:46:50,ETHUSDT,BINANCE,TRADE,1905.09,0.0027
2026-07-30 13:46:50,ETHUSDT,BINANCE,TRADE,1905.09,0.0027
2026-07-30 13:46:50,ETHUSDT,BINANCE,TRADE,1905.09,0.0027
2026-07-30 13:46:50,ETHUSDT,BINANCE,TRADE,1905.1,0.0027
2026-07-30 13:46:50,ETHUSDT,BINANCE,TRADE,1905.1,0.0027
2026-07-30 13:46:50,ETHUSDT,BINANCE,TRADE,1905.1,0.0027
2026-07-30 13:46:50,ETHUSDT,BINANCE,TRADE,1905.11,0.0027
2026-07-30 13:46:50,ETHUSDT,BINANCE,TRADE,1905.11,0.0028
2026-07-30 13:46:50,ETHUSDT,BINANCE,TRADE,1905.11,0.0027
2026-07-30 13:46:50,ETHUSDT,BINANCE,TRADE,1905.12,0.0027
2026-07-30 13:46:50,ETHUSDT,BINANCE,TRADE,1905.12,0.0027
2026-07-30 13:46:50,ETHUSDT,BINANCE,TRADE,1905.12,0.0027
2026-07-30 13:46:50,ETHUSDT,BINANCE,TRADE,1905.12,0.0027
2026-07-30 13:46:50,ETHUSDT,BINANCE,TRADE,1905.12,0.0027
2026-07-30 13:46:50,ETHUSDT,BINANCE,TRADE,1905.12,0.0028
2026-07-30 13:46:50,ETHUSDT,BINANCE,TRADE,1905.12,0.0027
2026-07-30 13:46:50,ETHUSDT,BINANCE,TRADE,1905.12,0.0027
2026-07-30 13:46:50,ETHUSDT,BINANCE,TRADE,1905.12,0.0027
2026-07-30 13:46:50,ETHUSDT,BINANCE,TRADE,1905.12,0.0027
2026-07-30 13:46:50,ETHUSDT,BINANCE,TRADE,1905.12,0.0027
2026-07-30 13:46:50,ETHUSDT,BINANCE,TRADE,1905.12,0.0027
2026-07-30 13:46:50,ETHUSDT,BINANCE,TRADE,1905.12,0.0027
2026-07-30 13:46:50,ETHUSDT,BINANCE,TRADE,1905.12,0.0027
2026-07-30 13:46:50,ETHUSDT,BINANCE,TRADE,1905.12,0.0027
2026-07-30 13:46:50,ETHUSDT,BINANCE,TRADE,1905.12,0.0027
2026-07-30 13:46:50,ETHUSDT,BINANCE,TRADE,1905.12,0.0027
2026-07-30 13:46:50,ETHUSDT,BINANCE,TRADE,1905.12,0.0027
2026-07-30 13:46:50,ETHUSDT,BINANCE,TRADE,1905.12,0.0027
2026-07-30 13:46:50,ETHUSDT,BINANCE,TRADE,1905.12,0.0027
2026-07-30 13:46:50,ETHUSDT,BINANCE,TRADE,1905.12,0.0027
2026-07-30 13:46:50,ETHUSDT,BINANCE,TRADE,1905.12,0.0027
2026-07-30 13:46:50,ETHUSDT,BINANCE,TRADE,1905.12,0.0027
2026-07-30 13:46:50,ETHUSDT,BINANCE,TRADE,1905.12,0.0027
2026-07-30 13:46:50,ETHUSDT,BINANCE,TRADE,1905.12,0.0027
2026-07-30 13:46:50,ETHUSDT,BINANCE,TRADE,1905.12,0.0027
2026-07-30 13:46:50,ETHUSDT,BINANCE,TRADE,1905.12,0.0027
2026-07-30 13:46:50,ETHUSDT,BINANCE,TRADE,1905.12,0.0027
2026-07-30 13:46:50,ETHUSDT,BINANCE,TRADE,1905.13,0.0027
2026-07-30 13:46:50,ETHUSDT,BINANCE,TRADE,1905.13,0.0027
2026-07-30 13:46:50,ETHUSDT,BINANCE,TRADE,1905.13,0.0027
2026-07-30 13:46:50,ETHUSDT,BINANCE,TRADE,1905.14,0.0028
2026-07-30 13:46:50,ETHUSDT,BINANCE,TRADE,1905.15,0.0108
2026-07-30 13:46:50,ETHUSDT,BINANCE,TRADE,1905.15,0.0027
2026-07-30 13:46:50,ETHUSDT,BINANCE,TRADE,1905.15,0.0028
2026-07-30 13:46:50,ETHUSDT,BINANCE,TRADE,1905.15,0.0027
2026-07-30 13:46:50,ETHUSDT,BINANCE,TRADE,1905.17,0.0027
2026-07-30 13:46:50,ETHUSDT,BINANCE,TRADE,1905.17,0.0028
2026-07-30 13:46:50,ETHUSDT,BINANCE,TRADE,1905.18,0.0028
2026-07-30 13:46:50,ETHUSDT,BINANCE,TRADE,1905.19,0.0028
2026-07-30 13:46:50,ETHUSDT,BINANCE,TRADE,1905.19,0.0028
2026-07-30 13:46:50,ETHUSDT,BINANCE,TRADE,1905.19,0.0028
2026-07-30 13:46:50,ETHUSDT,BINANCE,TRADE,1905.19,0.0028
2026-07-30 13:46:50,BTCUSDT,BINANCE,TRADE,64032,0.0005
2026-07-30 13:46:50,BTCUSDT,BINANCE,TRADE,64032,0.0005
2026-07-30 13:46:50,BTCUSDT,BINANCE,TRADE,64032,0.00018
2026-07-30 13:46:50,BTCUSDT,BINANCE,TRADE,64032,0.0005
2026-07-30 13:46:50,BTCUSDT,BINANCE,TRADE,64032,0.0005
2026-07-30 13:46:50,BTCUSDT,BINANCE,TRADE,64032,0.0005
2026-07-30 13:46:50,BTCUSDT,BINANCE,TRADE,64032,0.0005
2026-07-30 13:46:50,BTCUSDT,BINANCE,TRADE,64032,0.0005
2026-07-30 13:46:50,BTCUSDT,BINANCE,TRADE,64032,0.0005
2026-07-30 13:46:50,BTCUSDT,BINANCE,TRADE,64032,0.0005
2026-07-30 13:46:50,BTCUSDT,BINANCE,TRADE,64032,0.00159
2026-07-30 13:46:50,BTCUSDT,BINANCE,TRADE,64032,0.0005
2026-07-30 13:46:50,BTCUSDT,BINANCE,TRADE,64032,0.00789
2026-07-30 13:46:50,BTCUSDT,BINANCE,TRADE,64032,0.0005
2026-07-30 13:46:50,BTCUSDT,BINANCE,TRADE,64032,0.0005
2026-07-30 13:46:50,BTCUSDT,BINANCE,TRADE,64032,0.0005
2026-07-30 13:46:50,BTCUSDT,BINANCE,TRADE,64032,0.0005
2026-07-30 13:46:50,BTCUSDT,BINANCE,TRADE,64032,0.00117
2026-07-30 13:46:50,BTCUSDT,BINANCE,TRADE,64032,0.0005
2026-07-30 13:46:50,BTCUSDT,BINANCE,TRADE,64032,0.0005
2026-07-30 13:46:50,BTCUSDT,BINANCE,TRADE,64032,0.00138
2026-07-30 13:46:50,BTCUSDT,BINANCE,TRADE,64032,0.0005
2026-07-30 13:46:50,BTCUSDT,BINANCE,TRADE,64032,0.0005
2026-07-30 13:46:50,BTCUSDT,BINANCE,TRADE,64032,0.0005
2026-07-30 13:46:50,BTCUSDT,BINANCE,TRADE,64032,0.0005
2026-07-30 13:46:50,BTCUSDT,BINANCE,TRADE,64032,0.0005
2026-07-30 13:46:50,BTCUSDT,BINANCE,TRADE,64032,0.0005
2026-07-30 13:46:50,BTCUSDT,BINANCE,TRADE,64032,0.0005
2026-07-30 13:46:50,BTCUSDT,BINANCE,TRADE,64032,0.0005
2026-07-30 13:46:50,BTCUSDT,BINANCE,TRADE,64032,0.00038
2026-07-30 13:46:50,BTCUSDT,BINANCE,TRADE,64032,0.0005
2026-07-30 13:46:50,BTCUSDT,BINANCE,TRADE,64032,0.00019
2026-07-30 13:46:50,BTCUSDT,BINANCE,TRADE,64032,0.0005
2026-07-30 13:46:50,BTCUSDT,BINANCE,TRADE,64032,0.0005
2026-07-30 13:46:50,BTCUSDT,BINANCE,TRADE,64032,0.0005
2026-07-30 13:46:50,BTCUSDT,BINANCE,TRADE,64032,0.0005
2026-07-30 13:46:51,BTCUSDT,BINANCE,TRADE,64032,0.00017
2026-07-30 13:46:51,BTCUSDT,BINANCE,TRADE,64032,0.0005
2026-07-30 13:46:51,BTCUSDT,BINANCE,TRADE,64032,0.00087
2026-07-30 13:46:51,BTCUSDT,BINANCE,TRADE,64032,0.0005
2026-07-30 13:46:51,BTCUSDT,BINANCE,TRADE,64032,0.00026
2026-07-30 13:46:51,BTCUSDT,BINANCE,TRADE,64032,0.0005
2026-07-30 13:46:51,BTCUSDT,BINANCE,TRADE,64032,0.00013
2026-07-30 13:46:51,BTCUSDT,BINANCE,TRADE,64032,0.0005
2026-07-30 13:46:51,BTCUSDT,BINANCE,TRADE,64032,0.0005
2026-07-30 13:46:51,ETHUSDT,BINANCE,TRADE,1905.2,0.0313
2026-07-30 13:46:51,ETHUSDT,BINANCE,TRADE,1905.2,0.0028
2026-07-30 13:46:51,ETHUSDT,BINANCE,TRADE,1905.2,0.0028
2026-07-30 13:46:51,ETHUSDT,BINANCE,TRADE,1905.2,0.0028
2026-07-30 13:46:51,ETHUSDT,BINANCE,TRADE,1905.2,0.0027
2026-07-30 13:46:51,ETHUSDT,BINANCE,TRADE,1905.2,0.0027
2026-07-30 13:46:51,ETHUSDT,BINANCE,TRADE,1905.2,0.0027
2026-07-30 13:46:51,ETHUSDT,BINANCE,TRADE,1905.2,0.1906
2026-07-30 13:46:51,BTCUSDT,BINANCE,TRADE,64032,0.0005
2026-07-30 13:46:51,BTCUSDT,BINANCE,TRADE,64032,0.0005
2026-07-30 13:46:51,BTCUSDT,BINANCE,TRADE,64032,0.0005
2026-07-30 13:46:51,BTCUSDT,BINANCE,TRADE,64032,0.0005
2026-07-30 13:46:51,ETHUSDT,BINANCE,TRADE,1905.19,0.2321
2026-07-30 13:46:51,BTCUSDT,BINANCE,TRADE,64032,0.0005
2026-07-30 13:46:51,BTCUSDT,BINANCE,TRADE,64032,0.0005
2026-07-30 13:46:51,BTCUSDT,BINANCE,TRADE,64032,0.0005
2026-07-30 13:46:51,BTCUSDT,BINANCE,TRADE,64032,0.0005
2026-07-30 13:46:51,BTCUSDT,BINANCE,TRADE,64032,0.0005
2026-07-30 13:46:51,BTCUSDT,BINANCE,TRADE,64032,0.0005
2026-07-30 13:46:51,BTCUSDT,BINANCE,TRADE,64032,0.0005
2026-07-30 13:46:51,BTCUSDT,BINANCE,TRADE,64032,0.0005
2026-07-30 13:46:51,BTCUSDT,BINANCE,TRADE,64032,8e-05
2026-07-30 13:46:51,BTCUSDT,BINANCE,TRADE,64032,0.00055
2026-07-30 13:46:51,BTCUSDT,BINANCE,TRADE,64032,0.0005
2026-07-30 13:46:51,ETHUSDT,BINANCE,TRADE,1905.2,0.0147
2026-07-30 13:46:51,BTCUSDT,BINANCE,TRADE,64032,0.0005
2026-07-30 13:46:51,BTCUSDT,BINANCE,TRADE,64032,0.0005
2026-07-30 13:46:51,BTCUSDT,BINANCE,TRADE,64032,0.0005
2026-07-30 13:46:51,BTCUSDT,BINANCE,TRADE,64032,0.0005
2026-07-30 13:46:51,BTCUSDT,BINANCE,TRADE,64032,0.00012
2026-07-30 13:46:51,BTCUSDT,BINANCE,TRADE,64032,0.0005
2026-07-30 13:46:51,BTCUSDT,BINANCE,TRADE,64032,0.00314
2026-07-30 13:46:51,BTCUSDT,BINANCE,TRADE,64032,0.0005
2026-07-30 13:46:51,BTCUSDT,BINANCE,TRADE,64032,0.0005
2026-07-30 13:46:51,BTCUSDT,BINANCE,TRADE,64032,0.00031
2026-07-30 13:46:51,BTCUSDT,BINANCE,TRADE,64032,0.00025
2026-07-30 13:46:51,BTCUSDT,BINANCE,TRADE,64032,0.0005
2026-07-30 13:46:51,BTCUSDT,BINANCE,TRADE,64032,0.0005
2026-07-30 13:46:51,BTCUSDT,BINANCE,TRADE,64032,0.00145
2026-07-30 13:46:51,BTCUSDT,BINANCE,TRADE,64032,0.0005
2026-07-30 13:46:51,BTCUSDT,BINANCE,TRADE,64032,0.0005
2026-07-30 13:46:51,BTCUSDT,BINANCE,TRADE,64032,0.0005
2026-07-30 13:46:51,BTCUSDT,BINANCE,TRADE,64032,0.0005
2026-07-30 13:46:51,BTCUSDT,BINANCE,TRADE,64032,0.0005
2026-07-30 13:46:51,BTCUSDT,BINANCE,TRADE,64032,0.00021
2026-07-30 13:46:51,BTCUSDT,BINANCE,TRADE,64032,0.0005
2026-07-30 13:46:51,ETHUSDT,BINANCE,TRADE,1905.19,0.0183
2026-07-30 13:46:51,BTCUSDT,BINANCE,TRADE,64032,0.0005
2026-07-30 13:46:51,BTCUSDT,BINANCE,TRADE,64032,0.0005
2026-07-30 13:46:51,BTCUSDT,BINANCE,TRADE,64032,0.0005
2026-07-30 13:46:51,BTCUSDT,BINANCE,TRADE,64032,0.0005
2026-07-30 13:46:51,BTCUSDT,BINANCE,TRADE,64032,0.00046
2026-07-30 13:46:51,BTCUSDT,BINANCE,TRADE,64032,0.0005
2026-07-30 13:46:51,BTCUSDT,BINANCE,TRADE,64032,0.0005
2026-07-30 13:46:51,BTCUSDT,BINANCE,TRADE,64032,0.0014
2026-07-30 13:46:51,BTCUSDT,BINANCE,TRADE,64032,0.0005
2026-07-30 13:46:51,BTCUSDT,BINANCE,TRADE,64032,0.0005
2026-07-30 13:46:51,BTCUSDT,BINANCE,TRADE,64032,0.0005
2026-07-30 13:46:51,BTCUSDT,BINANCE,TRADE,64032,0.0005
2026-07-30 13:46:51,BTCUSDT,BINANCE,TRADE,64032,0.0005
2026-07-30 13:46:51,BTCUSDT,BINANCE,TRADE,64032,0.01434
2026-07-30 13:46:51,BTCUSDT,BINANCE,TRADE,64032,0.0005
2026-07-30 13:46:51,BTCUSDT,BINANCE,TRADE,64032,0.00033
2026-07-30 13:46:51,BTCUSDT,BINANCE,TRADE,64032,0.0005
2026-07-30 13:46:51,BTCUSDT,BINANCE,TRADE,64032,0.0005
2026-07-30 13:46:51,BTCUSDT,BINANCE,TRADE,64032,0.0005
2026-07-30 13:46:51,BTCUSDT,BINANCE,TRADE,64032,0.00018
2026-07-30 13:46:51,BTCUSDT,BINANCE,TRADE,64032,0.0005
2026-07-30 13:46:51,BTCUSDT,BINANCE,TRADE,64032,0.0005
2026-07-30 13:46:51,BTCUSDT,BINANCE,TRADE,64032,0.01874
2026-07-30 13:46:51,SOLUSDT,BINANCE,TRADE,73.44,0.157
2026-07-30 13:46:51,BTCUSDT,BINANCE,TRADE,64032,0.0005
2026-07-30 13:46:51,BTCUSDT,BINANCE,TRADE,64032,0.0005
2026-07-30 13:46:51,BTCUSDT,BINANCE,TRADE,64032,0.0005
2026-07-30 13:46:51,BTCUSDT,BINANCE,TRADE,64032,0.00224
2026-07-30 13:46:51,BTCUSDT,BINANCE,TRADE,64032,0.0005
2026-07-30 13:46:51,BTCUSDT,BINANCE,TRADE,64032,0.0005
2026-07-30 13:46:51,ETHUSDT,BINANCE,TRADE,1905.19,0.0136
2026-07-30 13:46:51,SOLUSDT,BINANCE,TRADE,73.43,0.28
2026-07-30 13:46:51,SOLUSDT,BINANCE,TRADE,73.43,10
2026-07-30 13:46:51,BTCUSDT,BINANCE,TRADE,64032,0.0005
2026-07-30 13:46:51,BTCUSDT,BINANCE,TRADE,64032,0.0005
2026-07-30 13:46:51,BTCUSDT,BINANCE,TRADE,64032,0.0005
2026-07-30 13:46:51,BTCUSDT,BINANCE,TRADE,64032,0.0005
2026-07-30 13:46:51,BTCUSDT,BINANCE,TRADE,64032,0.0005
2026-07-30 13:46:51,BTCUSDT,BINANCE,TRADE,64032,0.0005
2026-07-30 13:46:51,BTCUSDT,BINANCE,TRADE,64032,0.00182
2026-07-30 13:46:51,BTCUSDT,BINANCE,TRADE,64032,0.00122
2026-07-30 13:46:51,BTCUSDT,BINANCE,TRADE,64032,0.0005
2026-07-30 13:46:51,BTCUSDT,BINANCE,TRADE,64032,0.00499
2026-07-30 13:46:51,BTCUSDT,BINANCE,TRADE,64032,0.0005
2026-07-30 13:46:51,BTCUSDT,BINANCE,TRADE,64032,0.0005
2026-07-30 13:46:51,BTCUSDT,BINANCE,TRADE,64032,0.00016
2026-07-30 13:46:51,BTCUSDT,BINANCE,TRADE,64032,0.0005
2026-07-30 13:46:51,SOLUSDT,BINANCE,TRADE,73.44,0.639
2026-07-30 13:46:51,BTCUSDT,BINANCE,TRADE,64032,0.0005
2026-07-30 13:46:51,ETHUSDT,BINANCE,TRADE,1905.19,0.0252
2026-07-30 13:46:51,BTCUSDT,BINANCE,TRADE,64032,0.0005
2026-07-30 13:46:51,BTCUSDT,BINANCE,TRADE,64032,0.0005
2026-07-30 13:46:51,ETHUSDT,BINANCE,TRADE,1905.2,0.0189
2026-07-30 13:46:51,BTCUSDT,BINANCE,TRADE,64032,0.0005
2026-07-30 13:46:51,BTCUSDT,BINANCE,TRADE,64032,0.0005
2026-07-30 13:46:51,BTCUSDT,BINANCE,TRADE,64032,0.00021
2026-07-30 13:46:51,BTCUSDT,BINANCE,TRADE,64032,0.0005
2026-07-30 13:46:51,ETHUSDT,BINANCE,TRADE,1905.19,0.0338
2026-07-30 13:46:51,BTCUSDT,BINANCE,TRADE,64032,0.0005
2026-07-30 13:46:51,BTCUSDT,BINANCE,TRADE,64032,0.00019
2026-07-30 13:46:51,BTCUSDT,BINANCE,TRADE,64032,0.0005
2026-07-30 13:46:51,BTCUSDT,BINANCE,TRADE,64032,0.00143
2026-07-30 13:46:51,BTCUSDT,BINANCE,TRADE,64032,0.0005
2026-07-30 13:46:51,BTCUSDT,BINANCE,TRADE,64032,0.0005
2026-07-30 13:46:51,BTCUSDT,BINANCE,TRADE,64032,0.0005
2026-07-30 13:46:51,BTCUSDT,BINANCE,TRADE,64032,0.0005
2026-07-30 13:46:51,BTCUSDT,BINANCE,TRADE,64032,0.0005
2026-07-30 13:46:51,BTCUSDT,BINANCE,TRADE,64032,0.0005
2026-07-30 13:46:51,BTCUSDT,BINANCE,TRADE,64032,0.00017
2026-07-30 13:46:51,BTCUSDT,BINANCE,TRADE,64032,0.0005
2026-07-30 13:46:51,BTCUSDT,BINANCE,TRADE,64032,0.0005
2026-07-30 13:46:51,BTCUSDT,BINANCE,TRADE,64032,0.0005
2026-07-30 13:46:51,BTCUSDT,BINANCE,TRADE,64032,0.0005
2026-07-30 13:46:51,BTCUSDT,BINANCE,TRADE,64032,0.00515
2026-07-30 13:46:51,BTCUSDT,BINANCE,TRADE,64032,0.0005
2026-07-30 13:46:51,BTCUSDT,BINANCE,TRADE,64032,0.0005
2026-07-30 13:46:51,BTCUSDT,BINANCE,TRADE,64032,0.00166
2026-07-30 13:46:51,BTCUSDT,BINANCE,TRADE,64032,0.0005
2026-07-30 13:46:51,BTCUSDT,BINANCE,TRADE,64032,0.0005
2026-07-30 13:46:51,BTCUSDT,BINANCE,TRADE,64032,0.01528
2026-07-30 13:46:51,BTCUSDT,BINANCE,TRADE,64032,0.0005
2026-07-30 13:46:51,BTCUSDT,BINANCE,TRADE,64032,0.0005
2026-07-30 13:46:51,BTCUSDT,BINANCE,TRADE,64032,0.0005
2026-07-30 13:46:51,BTCUSDT,BINANCE,TRADE,64032,0.0005
2026-07-30 13:46:51,BTCUSDT,BINANCE,TRADE,64032,0.0005
2026-07-30 13:46:51,BTCUSDT,BINANCE,TRADE,64032,0.0005
2026-07-30 13:46:51,BTCUSDT,BINANCE,TRADE,64032,0.0005
2026-07-30 13:46:51,BTCUSDT,BINANCE,TRADE,64032,0.0005
2026-07-30 13:46:52,BTCUSDT,BINANCE,TRADE,64032,0.0005
2026-07-30 13:46:52,BTCUSDT,BINANCE,TRADE,64032,0.0005
2026-07-30 13:46:52,ETHUSDT,BINANCE,TRADE,1905.19,0.2299
2026-07-30 13:46:52,BTCUSDT,BINANCE,TRADE,64032,0.0005
2026-07-30 13:46:52,BTCUSDT,BINANCE,TRADE,64032,0.0005
2026-07-30 13:46:52,BTCUSDT,BINANCE,TRADE,64032,0.00281
2026-07-30 13:46:52,BTCUSDT,BINANCE,TRADE,64032,0.00012
2026-07-30 13:46:52,BTCUSDT,BINANCE,TRADE,64032,0.0005
2026-07-30 13:46:52,BTCUSDT,BINANCE,TRADE,64032,0.0005
2026-07-30 13:46:52,BTCUSDT,BINANCE,TRADE,64032,0.0005
2026-07-30 13:46:52,BTCUSDT,BINANCE,TRADE,64032,0.00025
2026-07-30 13:46:52,BTCUSDT,BINANCE,TRADE,64032,0.0005
2026-07-30 13:46:52,BTCUSDT,BINANCE,TRADE,64032,0.0005
2026-07-30 13:46:52,BTCUSDT,BINANCE,TRADE,64032,0.0005
2026-07-30 13:46:52,BTCUSDT,BINANCE,TRADE,64032,0.0005
2026-07-30 13:46:52,BTCUSDT,BINANCE,TRADE,64032,0.0005
2026-07-30 13:46:52,ETHUSDT,BINANCE,TRADE,1905.19,0.0027
2026-07-30 13:46:52,BTCUSDT,BINANCE,TRADE,64032,0.00087
2026-07-30 13:46:52,BTCUSDT,BINANCE,TRADE,64032,0.0005
2026-07-30 13:46:52,BTCUSDT,BINANCE,TRADE,64032,0.0005
2026-07-30 13:46:52,ETHUSDT,BINANCE,TRADE,1905.2,0.0103
2026-07-30 13:46:52,BTCUSDT,BINANCE,TRADE,64032,0.00038
2026-07-30 13:46:52,BTCUSDT,BINANCE,TRADE,64032,0.0005
2026-07-30 13:46:52,BTCUSDT,BINANCE,TRADE,64032,0.0005
2026-07-30 13:46:52,BTCUSDT,BINANCE,TRADE,64032,8e-05
2026-07-30 13:46:52,BTCUSDT,BINANCE,TRADE,64032,0.0005
2026-07-30 13:46:52,BTCUSDT,BINANCE,TRADE,64032,0.0005
2026-07-30 13:46:52,BTCUSDT,BINANCE,TRADE,64032,0.00182
2026-07-30 13:46:52,BTCUSDT,BINANCE,TRADE,64032,0.0005
2026-07-30 13:46:52,BTCUSDT,BINANCE,TRADE,64032,0.0005
2026-07-30 13:46:52,BTCUSDT,BINANCE,TRADE,64032,0.00021
2026-07-30 13:46:52,BTCUSDT,BINANCE,TRADE,64032,0.00804
2026-07-30 13:46:52,BTCUSDT,BINANCE,TRADE,64032,0.0005
2026-07-30 13:46:52,BTCUSDT,BINANCE,TRADE,64032,0.0005
2026-07-30 13:46:52,BTCUSDT,BINANCE,TRADE,64032,0.0005
2026-07-30 13:46:52,BTCUSDT,BINANCE,TRADE,64032,0.0005
2026-07-30 13:46:52,BTCUSDT,BINANCE,TRADE,64032,0.0005
2026-07-30 13:46:52,ETHUSDT,BINANCE,TRADE,1905.2,0.2321
2026-07-30 13:46:52,BTCUSDT,BINANCE,TRADE,64032,0.0005
2026-07-30 13:46:52,BTCUSDT,BINANCE,TRADE,64032,0.00166
2026-07-30 13:46:52,BTCUSDT,BINANCE,TRADE,64032,0.0005
2026-07-30 13:46:52,BTCUSDT,BINANCE,TRADE,64032,0.00521
2026-07-30 13:46:52,BTCUSDT,BINANCE,TRADE,64032,0.0005
2026-07-30 13:46:52,BTCUSDT,BINANCE,TRADE,64032,0.0005
2026-07-30 13:46:52,BTCUSDT,BINANCE,TRADE,64032,0.0005
2026-07-30 13:46:52,BTCUSDT,BINANCE,TRADE,64032,0.0005
2026-07-30 13:46:52,BTCUSDT,BINANCE,TRADE,64032,0.0005
2026-07-30 13:46:52,ETHUSDT,BINANCE,TRADE,1905.2,0.0027
2026-07-30 13:46:52,ETHUSDT,BINANCE,TRADE,1905.2,0.0027
2026-07-30 13:46:52,ETHUSDT,BINANCE,TRADE,1905.2,0.0027
2026-07-30 13:46:52,ETHUSDT,BINANCE,TRADE,1905.2,0.0028
2026-07-30 13:46:52,ETHUSDT,BINANCE,TRADE,1905.2,0.0027
2026-07-30 13:46:52,ETHUSDT,BINANCE,TRADE,1905.2,0.0027
2026-07-30 13:46:52,ETHUSDT,BINANCE,TRADE,1905.2,0.0475
2026-07-30 13:46:52,ETHUSDT,BINANCE,TRADE,1905.2,0.0027
2026-07-30 13:46:52,ETHUSDT,BINANCE,TRADE,1905.2,0.0027
2026-07-30 13:46:52,ETHUSDT,BINANCE,TRADE,1905.2,0.0028
2026-07-30 13:46:52,ETHUSDT,BINANCE,TRADE,1905.2,0.021
2026-07-30 13:46:52,ETHUSDT,BINANCE,TRADE,1905.2,0.021
2026-07-30 13:46:52,ETHUSDT,BINANCE,TRADE,1905.2,0.0027
2026-07-30 13:46:52,ETHUSDT,BINANCE,TRADE,1905.21,0.0027
2026-07-30 13:46:52,ETHUSDT,BINANCE,TRADE,1905.21,0.0027
2026-07-30 13:46:52,ETHUSDT,BINANCE,TRADE,1905.21,0.0027
2026-07-30 13:46:52,ETHUSDT,BINANCE,TRADE,1905.21,0.0027
2026-07-30 13:46:52,ETHUSDT,BINANCE,TRADE,1905.21,0.0027
2026-07-30 13:46:52,ETHUSDT,BINANCE,TRADE,1905.21,0.0027
2026-07-30 13:46:52,ETHUSDT,BINANCE,TRADE,1905.21,0.0028
2026-07-30 13:46:52,ETHUSDT,BINANCE,TRADE,1905.21,0.0027
2026-07-30 13:46:52,ETHUSDT,BINANCE,TRADE,1905.21,0.0027
2026-07-30 13:46:52,ETHUSDT,BINANCE,TRADE,1905.21,0.0028
2026-07-30 13:46:52,ETHUSDT,BINANCE,TRADE,1905.21,0.0027
2026-07-30 13:46:52,ETHUSDT,BINANCE,TRADE,1905.21,0.0028
2026-07-30 13:46:52,ETHUSDT,BINANCE,TRADE,1905.21,0.0027
2026-07-30 13:46:52,ETHUSDT,BINANCE,TRADE,1905.21,0.0027
2026-07-30 13:46:52,ETHUSDT,BINANCE,TRADE,1905.21,0.0028
2026-07-30 13:46:52,ETHUSDT,BINANCE,TRADE,1905.21,0.0027
2026-07-30 13:46:52,ETHUSDT,BINANCE,TRADE,1905.21,0.0027
2026-07-30 13:46:52,ETHUSDT,BINANCE,TRADE,1905.21,0.0027
2026-07-30 13:46:52,ETHUSDT,BINANCE,TRADE,1905.21,0.0027
2026-07-30 13:46:52,ETHUSDT,BINANCE,TRADE,1905.21,0.0027
2026-07-30 13:46:52,BTCUSDT,BINANCE,TRADE,64032,0.0005
2026-07-30 13:46:52,BTCUSDT,BINANCE,TRADE,64032,0.0005
2026-07-30 13:46:52,BTCUSDT,BINANCE,TRADE,64032,0.0005
2026-07-30 13:46:52,BTCUSDT,BINANCE,TRADE,64032,0.0005
2026-07-30 13:46:52,BTCUSDT,BINANCE,TRADE,64032,0.00022
2026-07-30 13:46:52,BTCUSDT,BINANCE,TRADE,64032,0.0005
2026-07-30 13:46:52,BTCUSDT,BINANCE,TRADE,64032,0.0005
2026-07-30 13:46:52,BTCUSDT,BINANCE,TRADE,64032,0.0005
2026-07-30 13:46:52,BTCUSDT,BINANCE,TRADE,64032,0.00288
2026-07-30 13:46:52,BTCUSDT,BINANCE,TRADE,64032,0.0005
2026-07-30 13:46:52,BTCUSDT,BINANCE,TRADE,64032,0.002
2026-07-30 13:46:52,BTCUSDT,BINANCE,TRADE,64032,0.0005
2026-07-30 13:46:52,BTCUSDT,BINANCE,TRADE,64032,0.0005
2026-07-30 13:46:52,BTCUSDT,BINANCE,TRADE,64032,0.00509
2026-07-30 13:46:52,BTCUSDT,BINANCE,TRADE,64032,0.0005
2026-07-30 13:46:52,BTCUSDT,BINANCE,TRADE,64032,0.02645
2026-07-30 13:46:52,BTCUSDT,BINANCE,TRADE,64032,0.0005
2026-07-30 13:46:52,BTCUSDT,BINANCE,TRADE,64032,0.00055
2026-07-30 13:46:52,BTCUSDT,BINANCE,TRADE,64032,0.0008
2026-07-30 13:46:52,BTCUSDT,BINANCE,TRADE,64032,0.0005
2026-07-30 13:46:52,BTCUSDT,BINANCE,TRADE,64032,0.0005
2026-07-30 13:46:52,BTCUSDT,BINANCE,TRADE,64032,0.0005
2026-07-30 13:46:52,BTCUSDT,BINANCE,TRADE,64032,0.0005
2026-07-30 13:46:52,BTCUSDT,BINANCE,TRADE,64032,0.00017
2026-07-30 13:46:52,BTCUSDT,BINANCE,TRADE,64032,0.0005
2026-07-30 13:46:52,BTCUSDT,BINANCE,TRADE,64032,0.0005
2026-07-30 13:46:52,ETHUSDT,BINANCE,TRADE,1905.22,0.0027
2026-07-30 13:46:52,ETHUSDT,BINANCE,TRADE,1905.22,0.0028
2026-07-30 13:46:52,ETHUSDT,BINANCE,TRADE,1905.22,0.1678
2026-07-30 13:46:52,BTCUSDT,BINANCE,TRADE,64032,0.0005
2026-07-30 13:46:52,SOLUSDT,BINANCE,TRADE,73.43,16.97
2026-07-30 13:46:52,BTCUSDT,BINANCE,TRADE,64032,0.0005
2026-07-30 13:46:52,BTCUSDT,BINANCE,TRADE,64032,0.00021
2026-07-30 13:46:52,BTCUSDT,BINANCE,TRADE,64032,0.0005
2026-07-30 13:46:52,BTCUSDT,BINANCE,TRADE,64032,0.0005
2026-07-30 13:46:52,BTCUSDT,BINANCE,TRADE,64032,0.0005
2026-07-30 13:46:52,BTCUSDT,BINANCE,TRADE,64032,0.0005
2026-07-30 13:46:52,BTCUSDT,BINANCE,TRADE,64032,0.0005
2026-07-30 13:46:52,BTCUSDT,BINANCE,TRADE,64032,0.0005
2026-07-30 13:46:52,BTCUSDT,BINANCE,TRADE,64032,0.00106
2026-07-30 13:46:52,BTCUSDT,BINANCE,TRADE,64032,0.0005
2026-07-30 13:46:52,BTCUSDT,BINANCE,TRADE,64032,0.00046
2026-07-30 13:46:52,BTCUSDT,BINANCE,TRADE,64032,0.0005
2026-07-30 13:46:52,BTCUSDT,BINANCE,TRADE,64032,0.0005
2026-07-30 13:46:52,BTCUSDT,BINANCE,TRADE,64032,0.00015
2026-07-30 13:46:52,BTCUSDT,BINANCE,TRADE,64032,0.0005
2026-07-30 13:46:52,BTCUSDT,BINANCE,TRADE,64032,0.0005
2026-07-30 13:46:52,BTCUSDT,BINANCE,TRADE,64032,0.00262
2026-07-30 13:46:52,BTCUSDT,BINANCE,TRADE,64032,0.00027
2026-07-30 13:46:52,BTCUSDT,BINANCE,TRADE,64032,0.0005
2026-07-30 13:46:52,BTCUSDT,BINANCE,TRADE,64032,0.0005
2026-07-30 13:46:52,BTCUSDT,BINANCE,TRADE,64032,0.0005
2026-07-30 13:46:52,BTCUSDT,BINANCE,TRADE,64032,0.0005
2026-07-30 13:46:52,BTCUSDT,BINANCE,TRADE,64032,0.0005
2026-07-30 13:46:52,BTCUSDT,BINANCE,TRADE,64032,0.0005
2026-07-30 13:46:52,BTCUSDT,BINANCE,TRADE,64032,0.00015
2026-07-30 13:46:52,ETHUSDT,BINANCE,TRADE,1905.22,0.0189
2026-07-30 13:46:52,BTCUSDT,BINANCE,TRADE,64032,0.0005
2026-07-30 13:46:52,BTCUSDT,BINANCE,TRADE,64032,0.0005
2026-07-30 13:46:52,BTCUSDT,BINANCE,TRADE,64032,0.0005
2026-07-30 13:46:52,BTCUSDT,BINANCE,TRADE,64032,0.00031
2026-07-30 13:46:52,BTCUSDT,BINANCE,TRADE,64032,0.0005
2026-07-30 13:46:52,BTCUSDT,BINANCE,TRADE,64032,0.0005
2026-07-30 13:46:52,BTCUSDT,BINANCE,TRADE,64032,0.0005
2026-07-30 13:46:52,BTCUSDT,BINANCE,TRADE,64032,0.00515
2026-07-30 13:46:52,BTCUSDT,BINANCE,TRADE,64032,0.0005
2026-07-30 13:46:52,BTCUSDT,BINANCE,TRADE,64032,0.0005
2026-07-30 13:46:52,BTCUSDT,BINANCE,TRADE,64032,0.00159
2026-07-30 13:46:52,BTCUSDT,BINANCE,TRADE,64032,0.0005
2026-07-30 13:46:52,BTCUSDT,BINANCE,TRADE,64032,0.00143
2026-07-30 13:46:52,BTCUSDT,BINANCE,TRADE,64032,0.0005
2026-07-30 13:46:52,BTCUSDT,BINANCE,TRADE,64032,0.0005
2026-07-30 13:46:52,BTCUSDT,BINANCE,TRADE,64032,0.0005
2026-07-30 13:46:52,BTCUSDT,BINANCE,TRADE,64032,0.00065
2026-07-30 13:46:52,BTCUSDT,BINANCE,TRADE,64032,0.0005
2026-07-30 13:46:52,BTCUSDT,BINANCE,TRADE,64032,0.00499
2026-07-30 13:46:52,BTCUSDT,BINANCE,TRADE,64032,0.0005
2026-07-30 13:46:52,BTCUSDT,BINANCE,TRADE,64032,0.0005
2026-07-30 13:46:52,ETHUSDT,BINANCE,TRADE,1905.22,0.1725
2026-07-30 13:46:52,BTCUSDT,BINANCE,TRADE,64032,0.00208
2026-07-30 13:46:52,BTCUSDT,BINANCE,TRADE,64032,0.0005
2026-07-30 13:46:52,BTCUSDT,BINANCE,TRADE,64032,0.00204
2026-07-30 13:46:52,BTCUSDT,BINANCE,TRADE,64032,0.0005
2026-07-30 13:46:52,BTCUSDT,BINANCE,TRADE,64032,0.0005
2026-07-30 13:46:52,BTCUSDT,BINANCE,TRADE,64032,0.0005
2026-07-30 13:46:52,BTCUSDT,BINANCE,TRADE,64032,0.00039
2026-07-30 13:46:52,BTCUSDT,BINANCE,TRADE,64032,0.0005
2026-07-30 13:46:52,ETHUSDT,BINANCE,TRADE,1905.22,0.0135
2026-07-30 13:46:52,BTCUSDT,BINANCE,TRADE,64032,0.0005
2026-07-30 13:46:52,BTCUSDT,BINANCE,TRADE,64032,0.0005
2026-07-30 13:46:52,BTCUSDT,BINANCE,TRADE,64032,0.0005
2026-07-30 13:46:52,BTCUSDT,BINANCE,TRADE,64032,0.00037
2026-07-30 13:46:52,BTCUSDT,BINANCE,TRADE,64032,0.0005
2026-07-30 13:46:52,BTCUSDT,BINANCE,TRADE,64032,0.00038
2026-07-30 13:46:52,BTCUSDT,BINANCE,TRADE,64032,0.0005
2026-07-30 13:46:53,BTCUSDT,BINANCE,TRADE,64032,0.00789
2026-07-30 13:46:53,BTCUSDT,BINANCE,TRADE,64032,0.0005
2026-07-30 13:46:53,BTCUSDT,BINANCE,TRADE,64032,0.00018
2026-07-30 13:46:53,BTCUSDT,BINANCE,TRADE,64032,0.0005
2026-07-30 13:46:53,BTCUSDT,BINANCE,TRADE,64032,0.0005
2026-07-30 13:46:53,BTCUSDT,BINANCE,TRADE,64032,0.0005
2026-07-30 13:46:53,BTCUSDT,BINANCE,TRADE,64032,0.0005
2026-07-30 13:46:53,BTCUSDT,BINANCE,TRADE,64032,0.0005
2026-07-30 13:46:53,BTCUSDT,BINANCE,TRADE,64032,0.0005
2026-07-30 13:46:53,BTCUSDT,BINANCE,TRADE,64032,0.0005
2026-07-30 13:46:53,BTCUSDT,BINANCE,TRADE,64032,0.0005
2026-07-30 13:46:53,BTCUSDT,BINANCE,TRADE,64032,0.0005
2026-07-30 13:46:53,BTCUSDT,BINANCE,TRADE,64032,0.0005
2026-07-30 13:46:53,BTCUSDT,BINANCE,TRADE,64032,0.0005
2026-07-30 13:46:53,BTCUSDT,BINANCE,TRADE,64032,0.0005
2026-07-30 13:46:53,BTCUSDT,BINANCE,TRADE,64032,0.0005
2026-07-30 13:46:53,BTCUSDT,BINANCE,TRADE,64032,0.0005
2026-07-30 13:46:53,BTCUSDT,BINANCE,TRADE,64032,0.0005
2026-07-30 13:46:53,BTCUSDT,BINANCE,TRADE,64032,0.0005
2026-07-30 13:46:53,BTCUSDT,BINANCE,TRADE,64032,0.0005
2026-07-30 13:46:53,ETHUSDT,BINANCE,TRADE,1905.22,0.0338
2026-07-30 13:46:53,BTCUSDT,BINANCE,TRADE,64032,0.0005
2026-07-30 13:46:53,BTCUSDT,BINANCE,TRADE,64032,0.0005
2026-07-30 13:46:53,BTCUSDT,BINANCE,TRADE,64032,0.0005
2026-07-30 13:46:53,BTCUSDT,BINANCE,TRADE,64032,0.0005
2026-07-30 13:46:53,BTCUSDT,BINANCE,TRADE,64032,0.0005
2026-07-30 13:46:53,BTCUSDT,BINANCE,TRADE,64032,0.0005
2026-07-30 13:46:53,BTCUSDT,BINANCE,TRADE,64032,0.00019
2026-07-30 13:46:53,BTCUSDT,BINANCE,TRADE,64032,0.0005
2026-07-30 13:46:53,BTCUSDT,BINANCE,TRADE,64032,0.00398
2026-07-30 13:46:53,BTCUSDT,BINANCE,TRADE,64032,0.0005
2026-07-30 13:46:53,BTCUSDT,BINANCE,TRADE,64032,0.00061
2026-07-30 13:46:53,ETHUSDT,BINANCE,TRADE,1905.22,0.0252
2026-07-30 13:46:53,BTCUSDT,BINANCE,TRADE,64032,0.0005
2026-07-30 13:46:53,BTCUSDT,BINANCE,TRADE,64032,0.01874
2026-07-30 13:46:53,BTCUSDT,BINANCE,TRADE,64032,0.0005
2026-07-30 13:46:53,BTCUSDT,BINANCE,TRADE,64032,0.00087
2026-07-30 13:46:53,BTCUSDT,BINANCE,TRADE,64032,0.0005
2026-07-30 13:46:53,BTCUSDT,BINANCE,TRADE,64032,0.00224
2026-07-30 13:46:53,BTCUSDT,BINANCE,TRADE,64032,0.0005
2026-07-30 13:46:53,BTCUSDT,BINANCE,TRADE,64032,0.0005
2026-07-30 13:46:53,ETHUSDT,BINANCE,TRADE,1905.21,0.2321
2026-07-30 13:46:53,BTCUSDT,BINANCE,TRADE,64032,0.00486
2026-07-30 13:46:53,BTCUSDT,BINANCE,TRADE,64032,0.00017
2026-07-30 13:46:53,BTCUSDT,BINANCE,TRADE,64032,0.0005
2026-07-30 13:46:53,BTCUSDT,BINANCE,TRADE,64032,0.0005
2026-07-30 13:46:53,BTCUSDT,BINANCE,TRADE,64032,0.0005
2026-07-30 13:46:53,BTCUSDT,BINANCE,TRADE,64032,0.0005
2026-07-30 13:46:53,BTCUSDT,BINANCE,TRADE,64032,0.0005
2026-07-30 13:46:53,BTCUSDT,BINANCE,TRADE,64032,0.0005
2026-07-30 13:46:53,BTCUSDT,BINANCE,TRADE,64032,0.0005
2026-07-30 13:46:53,BTCUSDT,BINANCE,TRADE,64032,0.0005
2026-07-30 13:46:53,BTCUSDT,BINANCE,TRADE,64032,0.0005
2026-07-30 13:46:53,BTCUSDT,BINANCE,TRADE,64032,0.0005
2026-07-30 13:46:53,BTCUSDT,BINANCE,TRADE,64032,0.00122
2026-07-30 13:46:53,BTCUSDT,BINANCE,TRADE,64032,0.0005
2026-07-30 13:46:53,BTCUSDT,BINANCE,TRADE,64032,0.0005
2026-07-30 13:46:53,BTCUSDT,BINANCE,TRADE,64032,0.0005
2026-07-30 13:46:53,BTCUSDT,BINANCE,TRADE,64032,0.0005
2026-07-30 13:46:53,BTCUSDT,BINANCE,TRADE,64032,0.0005
2026-07-30 13:46:53,BTCUSDT,BINANCE,TRADE,64032,0.0005
2026-07-30 13:46:53,BTCUSDT,BINANCE,TRADE,64032,0.0005
2026-07-30 13:46:53,BTCUSDT,BINANCE,TRADE,64032,0.0005
2026-07-30 13:46:53,BTCUSDT,BINANCE,TRADE,64032,0.0005
2026-07-30 13:46:53,BTCUSDT,BINANCE,TRADE,64032,0.0005
2026-07-30 13:46:53,BTCUSDT,BINANCE,TRADE,64032,0.00166
2026-07-30 13:46:53,BTCUSDT,BINANCE,TRADE,64032,0.0005
2026-07-30 13:46:53,BTCUSDT,BINANCE,TRADE,64032,0.00012
2026-07-30 13:46:53,BTCUSDT,BINANCE,TRADE,64032,0.00025
2026-07-30 13:46:53,BTCUSDT,BINANCE,TRADE,64032,0.0005
2026-07-30 13:46:53,BTCUSDT,BINANCE,TRADE,64032,0.00031
2026-07-30 13:46:53,BTCUSDT,BINANCE,TRADE,64032,0.0005
2026-07-30 13:46:53,BTCUSDT,BINANCE,TRADE,64032,0.0005
2026-07-30 13:46:53,BTCUSDT,BINANCE,TRADE,64032,0.0005
2026-07-30 13:46:53,BTCUSDT,BINANCE,TRADE,64032,0.0005
2026-07-30 13:46:53,BTCUSDT,BINANCE,TRADE,64032,0.0005
2026-07-30 13:46:53,BTCUSDT,BINANCE,TRADE,64032,0.0005
2026-07-30 13:46:53,ETHUSDT,BINANCE,TRADE,1905.22,0.0355
2026-07-30 13:46:53,BTCUSDT,BINANCE,TRADE,64032,0.0005
2026-07-30 13:46:53,BTCUSDT,BINANCE,TRADE,64032,0.00016
2026-07-30 13:46:53,BTCUSDT,BINANCE,TRADE,64032,0.0005
2026-07-30 13:46:53,BTCUSDT,BINANCE,TRADE,64032,0.0005
2026-07-30 13:46:53,BTCUSDT,BINANCE,TRADE,64032,0.01434
2026-07-30 13:46:53,BTCUSDT,BINANCE,TRADE,64032,0.0005
2026-07-30 13:46:53,BTCUSDT,BINANCE,TRADE,64032,0.0005
2026-07-30 13:46:53,BTCUSDT,BINANCE,TRADE,64032,0.0005
2026-07-30 13:46:53,BTCUSDT,BINANCE,TRADE,64032,0.0005
2026-07-30 13:46:53,BTCUSDT,BINANCE,TRADE,64032,0.0005
2026-07-30 13:46:53,BTCUSDT,BINANCE,TRADE,64032,0.0005
2026-07-30 13:46:53,BTCUSDT,BINANCE,TRADE,64032,0.0005
2026-07-30 13:46:53,BTCUSDT,BINANCE,TRADE,64032,0.0005
2026-07-30 13:46:53,BTCUSDT,BINANCE,TRADE,64032,0.00033
2026-07-30 13:46:53,BTCUSDT,BINANCE,TRADE,64032,0.0005
2026-07-30 13:46:53,BTCUSDT,BINANCE,TRADE,64032,0.0005
2026-07-30 13:46:53,BTCUSDT,BINANCE,TRADE,64032,0.00021
2026-07-30 13:46:53,BTCUSDT,BINANCE,TRADE,64032,0.0005
2026-07-30 13:46:53,BTCUSDT,BINANCE,TRADE,64032,0.00016
2026-07-30 13:46:53,BTCUSDT,BINANCE,TRADE,64032,0.0005
2026-07-30 13:46:53,BTCUSDT,BINANCE,TRADE,64032,0.0005
2026-07-30 13:46:53,BTCUSDT,BINANCE,TRADE,64032,0.00249
2026-07-30 13:46:53,BTCUSDT,BINANCE,TRADE,64032,0.0005
2026-07-30 13:46:53,BTCUSDT,BINANCE,TRADE,64032,0.00018
2026-07-30 13:46:53,BTCUSDT,BINANCE,TRADE,64032,0.0005
2026-07-30 13:46:53,BTCUSDT,BINANCE,TRADE,64032,0.0005
2026-07-30 13:46:53,BTCUSDT,BINANCE,TRADE,64032,0.0005
2026-07-30 13:46:53,BTCUSDT,BINANCE,TRADE,64032,0.00166
2026-07-30 13:46:53,BTCUSDT,BINANCE,TRADE,64032,0.0005
2026-07-30 13:46:53,BTCUSDT,BINANCE,TRADE,64032,0.0005
2026-07-30 13:46:53,BTCUSDT,BINANCE,TRADE,64032,0.0005
2026-07-30 13:46:53,BTCUSDT,BINANCE,TRADE,64032,0.0005
2026-07-30 13:46:53,BTCUSDT,BINANCE,TRADE,64032,0.0002
2026-07-30 13:46:53,BTCUSDT,BINANCE,TRADE,64032,0.0001
2026-07-30 13:46:53,BTCUSDT,BINANCE,TRADE,64032,0.0001
2026-07-30 13:46:53,BTCUSDT,BINANCE,TRADE,64032,0.0001
2026-07-30 13:46:53,BTCUSDT,BINANCE,TRADE,64032,0.00499
2026-07-30 13:46:53,BTCUSDT,BINANCE,TRADE,64032,0.0005
2026-07-30 13:46:53,BTCUSDT,BINANCE,TRADE,64032,0.0001
2026-07-30 13:46:53,BTCUSDT,BINANCE,TRADE,64032,0.00013
2026-07-30 13:46:53,BTCUSDT,BINANCE,TRADE,64032,0.00027
2026-07-30 13:46:53,BTCUSDT,BINANCE,TRADE,64032,0.0005
2026-07-30 13:46:53,BTCUSDT,BINANCE,TRADE,64032,0.0005
2026-07-30 13:46:53,BTCUSDT,BINANCE,TRADE,64032,0.0005
2026-07-30 13:46:53,BTCUSDT,BINANCE,TRADE,64032,0.0005
2026-07-30 13:46:53,BTCUSDT,BINANCE,TRADE,64032,0.0005
2026-07-30 13:46:53,BTCUSDT,BINANCE,TRADE,64032,0.00182
2026-07-30 13:46:53,BTCUSDT,BINANCE,TRADE,64032,0.00045
2026-07-30 13:46:53,BTCUSDT,BINANCE,TRADE,64032,0.0005
2026-07-30 13:46:53,BTCUSDT,BINANCE,TRADE,64032,0.0005
2026-07-30 13:46:54,BTCUSDT,BINANCE,TRADE,64032,0.0005
2026-07-30 13:46:54,BTCUSDT,BINANCE,TRADE,64032,0.0005
2026-07-30 13:46:54,BTCUSDT,BINANCE,TRADE,64032,0.0005
2026-07-30 13:46:54,BTCUSDT,BINANCE,TRADE,64032,0.0005
2026-07-30 13:46:54,BTCUSDT,BINANCE,TRADE,64032,0.0005
2026-07-30 13:46:54,BTCUSDT,BINANCE,TRADE,64032,0.00018
2026-07-30 13:46:54,BTCUSDT,BINANCE,TRADE,64032,0.0005
2026-07-30 13:46:54,BTCUSDT,BINANCE,TRADE,64032,0.00021
2026-07-30 13:46:54,BTCUSDT,BINANCE,TRADE,64032,0.0005
2026-07-30 13:46:54,BTCUSDT,BINANCE,TRADE,64032,0.0005
2026-07-30 13:46:54,BTCUSDT,BINANCE,TRADE,64032,0.0005
2026-07-30 13:46:54,BTCUSDT,BINANCE,TRADE,64032,0.0005
2026-07-30 13:46:54,BTCUSDT,BINANCE,TRADE,64032,0.002
2026-07-30 13:46:54,BTCUSDT,BINANCE,TRADE,64032,0.0005
2026-07-30 13:46:54,BTCUSDT,BINANCE,TRADE,64032,0.0005
2026-07-30 13:46:54,BTCUSDT,BINANCE,TRADE,64032,0.00143
2026-07-30 13:46:54,BTCUSDT,BINANCE,TRADE,64032,0.0005
2026-07-30 13:46:54,BTCUSDT,BINANCE,TRADE,64032,0.0005
2026-07-30 13:46:54,ETHUSDT,BINANCE,TRADE,1905.21,0.2384
2026-07-30 13:46:54,BTCUSDT,BINANCE,TRADE,64032,0.0005
2026-07-30 13:46:54,BTCUSDT,BINANCE,TRADE,64032,0.002
2026-07-30 13:46:54,BTCUSDT,BINANCE,TRADE,64032,0.0005
2026-07-30 13:46:54,BTCUSDT,BINANCE,TRADE,64032,0.00038
2026-07-30 13:46:54,BTCUSDT,BINANCE,TRADE,64032,0.0005
2026-07-30 13:46:54,BTCUSDT,BINANCE,TRADE,64032,0.0005
2026-07-30 13:46:54,BTCUSDT,BINANCE,TRADE,64032,0.00012
2026-07-30 13:46:54,BTCUSDT,BINANCE,TRADE,64032,0.00025
2026-07-30 13:46:54,BTCUSDT,BINANCE,TRADE,64032,8e-05
2026-07-30 13:46:54,BTCUSDT,BINANCE,TRADE,64032,5e-05
2026-07-30 13:46:54,BTCUSDT,BINANCE,TRADE,64032,0.0005
2026-07-30 13:46:54,ETHUSDT,BINANCE,TRADE,1905.21,0.0027
2026-07-30 13:46:54,ETHUSDT,BINANCE,TRADE,1905.21,0.0003
2026-07-30 13:46:54,BTCUSDT,BINANCE,TRADE,64032,8e-05
2026-07-30 13:46:54,BTCUSDT,BINANCE,TRADE,64032,0.00016
2026-07-30 13:46:54,BTCUSDT,BINANCE,TRADE,64032,8e-05
2026-07-30 13:46:54,BTCUSDT,BINANCE,TRADE,64032,8e-05
2026-07-30 13:46:54,BTCUSDT,BINANCE,TRADE,64032,9e-05
2026-07-30 13:46:54,BTCUSDT,BINANCE,TRADE,64032,1e-05
2026-07-30 13:46:54,ETHUSDT,BINANCE,TRADE,1905.22,0.0182
2026-07-30 13:46:54,BTCUSDT,BINANCE,TRADE,64032,0.0005
2026-07-30 13:46:54,BTCUSDT,BINANCE,TRADE,64032,0.0005
2026-07-30 13:46:54,ETHUSDT,BINANCE,TRADE,1905.21,0.0025
2026-07-30 13:46:54,ETHUSDT,BINANCE,TRADE,1905.21,0.0027
2026-07-30 13:46:54,ETHUSDT,BINANCE,TRADE,1905.21,0.0027
2026-07-30 13:46:54,ETHUSDT,BINANCE,TRADE,1905.21,0.0053
2026-07-30 13:46:54,ETHUSDT,BINANCE,TRADE,1905.21,0.0003
2026-07-30 13:46:54,BTCUSDT,BINANCE,TRADE,64032,0.0005
2026-07-30 13:46:54,BTCUSDT,BINANCE,TRADE,64032,0.0005
2026-07-30 13:46:54,BTCUSDT,BINANCE,TRADE,64032,0.0005
2026-07-30 13:46:54,BTCUSDT,BINANCE,TRADE,64032,0.0005
2026-07-30 13:46:54,BTCUSDT,BINANCE,TRADE,64032,0.0005
2026-07-30 13:46:54,BTCUSDT,BINANCE,TRADE,64032,0.0005
2026-07-30 13:46:54,BTCUSDT,BINANCE,TRADE,64032,0.00058
2026-07-30 13:46:54,BTCUSDT,BINANCE,TRADE,64032,0.0005
2026-07-30 13:46:54,ETHUSDT,BINANCE,TRADE,1905.21,0.0024
2026-07-30 13:46:54,ETHUSDT,BINANCE,TRADE,1905.21,0.0027
2026-07-30 13:46:54,ETHUSDT,BINANCE,TRADE,1905.21,0.0028
2026-07-30 13:46:54,ETHUSDT,BINANCE,TRADE,1905.21,0.0027
2026-07-30 13:46:54,ETHUSDT,BINANCE,TRADE,1905.21,0.0027
2026-07-30 13:46:54,ETHUSDT,BINANCE,TRADE,1905.21,0.0031
2026-07-30 13:46:54,ETHUSDT,BINANCE,TRADE,1905.21,0.0027
2026-07-30 13:46:54,ETHUSDT,BINANCE,TRADE,1905.21,0.0031
2026-07-30 13:46:54,ETHUSDT,BINANCE,TRADE,1905.21,0.0027
2026-07-30 13:46:54,ETHUSDT,BINANCE,TRADE,1905.21,0.0027
2026-07-30 13:46:54,ETHUSDT,BINANCE,TRADE,1905.21,0.0028
2026-07-30 13:46:54,ETHUSDT,BINANCE,TRADE,1905.21,0.0053
2026-07-30 13:46:54,ETHUSDT,BINANCE,TRADE,1905.21,0.0031
2026-07-30 13:46:54,ETHUSDT,BINANCE,TRADE,1905.21,0.0027
2026-07-30 13:46:54,ETHUSDT,BINANCE,TRADE,1905.21,0.0027
2026-07-30 13:46:54,ETHUSDT,BINANCE,TRADE,1905.21,0.0027
2026-07-30 13:46:54,ETHUSDT,BINANCE,TRADE,1905.21,0.0027
2026-07-30 13:46:54,ETHUSDT,BINANCE,TRADE,1905.21,0.0027
2026-07-30 13:46:54,ETHUSDT,BINANCE,TRADE,1905.21,0.0027
2026-07-30 13:46:54,ETHUSDT,BINANCE,TRADE,1905.21,0.0027
2026-07-30 13:46:54,ETHUSDT,BINANCE,TRADE,1905.2,0.0053
2026-07-30 13:46:54,ETHUSDT,BINANCE,TRADE,1905.2,0.0028
2026-07-30 13:46:54,ETHUSDT,BINANCE,TRADE,1905.2,0.0027
2026-07-30 13:46:54,ETHUSDT,BINANCE,TRADE,1905.2,0.0618
2026-07-30 13:46:54,ETHUSDT,BINANCE,TRADE,1905.2,0.0027
2026-07-30 13:46:54,ETHUSDT,BINANCE,TRADE,1905.2,0.0027
2026-07-30 13:46:54,ETHUSDT,BINANCE,TRADE,1905.2,0.0027
2026-07-30 13:46:54,ETHUSDT,BINANCE,TRADE,1905.2,0.0027
2026-07-30 13:46:54,ETHUSDT,BINANCE,TRADE,1905.2,0.0027
2026-07-30 13:46:54,BTCUSDT,BINANCE,TRADE,64032,0.0005
2026-07-30 13:46:54,ETHUSDT,BINANCE,TRADE,1905.19,0.0027
2026-07-30 13:46:54,ETHUSDT,BINANCE,TRADE,1905.19,0.0053
2026-07-30 13:46:54,ETHUSDT,BINANCE,TRADE,1905.19,0.0027
2026-07-30 13:46:54,ETHUSDT,BINANCE,TRADE,1905.19,0.0027
2026-07-30 13:46:54,ETHUSDT,BINANCE,TRADE,1905.19,0.0027
2026-07-30 13:46:54,ETHUSDT,BINANCE,TRADE,1905.19,0.0028
2026-07-30 13:46:54,ETHUSDT,BINANCE,TRADE,1905.19,0.0027
2026-07-30 13:46:54,ETHUSDT,BINANCE,TRADE,1905.19,0.0027
2026-07-30 13:46:54,ETHUSDT,BINANCE,TRADE,1905.19,0.0027
2026-07-30 13:46:54,ETHUSDT,BINANCE,TRADE,1905.19,0.0031
2026-07-30 13:46:54,ETHUSDT,BINANCE,TRADE,1905.19,0.0031
2026-07-30 13:46:54,ETHUSDT,BINANCE,TRADE,1905.19,0.0031
2026-07-30 13:46:54,ETHUSDT,BINANCE,TRADE,1905.19,0.0027
2026-07-30 13:46:54,ETHUSDT,BINANCE,TRADE,1905.19,0.0027
2026-07-30 13:46:54,ETHUSDT,BINANCE,TRADE,1905.19,0.0027
2026-07-30 13:46:54,ETHUSDT,BINANCE,TRADE,1905.19,0.0027
2026-07-30 13:46:54,ETHUSDT,BINANCE,TRADE,1905.19,0.0027
2026-07-30 13:46:54,ETHUSDT,BINANCE,TRADE,1905.19,0.0027
2026-07-30 13:46:54,ETHUSDT,BINANCE,TRADE,1905.19,0.0027
2026-07-30 13:46:54,ETHUSDT,BINANCE,TRADE,1905.19,0.0027
2026-07-30 13:46:54,ETHUSDT,BINANCE,TRADE,1905.19,0.0027
2026-07-30 13:46:54,ETHUSDT,BINANCE,TRADE,1905.19,0.0027
2026-07-30 13:46:54,ETHUSDT,BINANCE,TRADE,1905.19,0.0027
2026-07-30 13:46:54,ETHUSDT,BINANCE,TRADE,1905.19,0.0027
2026-07-30 13:46:54,ETHUSDT,BINANCE,TRADE,1905.19,0.0027
2026-07-30 13:46:54,ETHUSDT,BINANCE,TRADE,1905.19,0.0027
2026-07-30 13:46:54,ETHUSDT,BINANCE,TRADE,1905.19,0.0027
2026-07-30 13:46:54,ETHUSDT,BINANCE,TRADE,1905.19,0.0027
2026-07-30 13:46:54,BTCUSDT,BINANCE,TRADE,64032,0.00999
2026-07-30 13:46:54,ETHUSDT,BINANCE,TRADE,1905.18,0.0028
2026-07-30 13:46:54,ETHUSDT,BINANCE,TRADE,1905.18,0.0027
2026-07-30 13:46:54,ETHUSDT,BINANCE,TRADE,1905.18,0.0027
2026-07-30 13:46:54,ETHUSDT,BINANCE,TRADE,1905.18,0.0027
2026-07-30 13:46:54,ETHUSDT,BINANCE,TRADE,1905.18,0.0027
2026-07-30 13:46:54,ETHUSDT,BINANCE,TRADE,1905.18,0.0031
2026-07-30 13:46:54,ETHUSDT,BINANCE,TRADE,1905.18,0.0031
2026-07-30 13:46:54,ETHUSDT,BINANCE,TRADE,1905.18,0.0031
2026-07-30 13:46:54,ETHUSDT,BINANCE,TRADE,1905.18,0.0027
2026-07-30 13:46:54,ETHUSDT,BINANCE,TRADE,1905.18,0.0027
2026-07-30 13:46:54,ETHUSDT,BINANCE,TRADE,1905.18,0.0027
2026-07-30 13:46:54,ETHUSDT,BINANCE,TRADE,1905.18,0.0027
2026-07-30 13:46:54,ETHUSDT,BINANCE,TRADE,1905.18,0.0027
2026-07-30 13:46:54,ETHUSDT,BINANCE,TRADE,1905.18,0.0027
2026-07-30 13:46:54,BTCUSDT,BINANCE,TRADE,64032,0.0005
2026-07-30 13:46:54,BTCUSDT,BINANCE,TRADE,64032,0.00025
2026-07-30 13:46:54,BTCUSDT,BINANCE,TRADE,64032,0.0005
2026-07-30 13:46:54,BTCUSDT,BINANCE,TRADE,64032,0.00281
2026-07-30 13:46:54,BTCUSDT,BINANCE,TRADE,64032,0.00012
2026-07-30 13:46:54,BTCUSDT,BINANCE,TRADE,64032,0.0005
2026-07-30 13:46:54,BTCUSDT,BINANCE,TRADE,64032,0.00084
2026-07-30 13:46:54,BTCUSDT,BINANCE,TRADE,64032,0.00061
2026-07-30 13:46:54,BTCUSDT,BINANCE,TRADE,64032,0.0005
2026-07-30 13:46:54,ETHUSDT,BINANCE,TRADE,1905.18,0.0443
2026-07-30 13:46:54,BTCUSDT,BINANCE,TRADE,64032,0.0005
2026-07-30 13:46:54,BTCUSDT,BINANCE,TRADE,64032,0.0005
2026-07-30 13:46:54,ETHUSDT,BINANCE,TRADE,1905.17,0.0028
2026-07-30 13:46:54,ETHUSDT,BINANCE,TRADE,1905.17,0.0027
2026-07-30 13:46:54,ETHUSDT,BINANCE,TRADE,1905.17,0.0027
2026-07-30 13:46:54,ETHUSDT,BINANCE,TRADE,1905.17,0.0027
2026-07-30 13:46:54,ETHUSDT,BINANCE,TRADE,1905.17,0.0027
2026-07-30 13:46:54,ETHUSDT,BINANCE,TRADE,1905.17,0.0027
2026-07-30 13:46:54,ETHUSDT,BINANCE,TRADE,1905.17,0.0031
2026-07-30 13:46:54,ETHUSDT,BINANCE,TRADE,1905.17,0.0031
2026-07-30 13:46:54,ETHUSDT,BINANCE,TRADE,1905.17,0.0031
2026-07-30 13:46:54,ETHUSDT,BINANCE,TRADE,1905.17,0.0027
2026-07-30 13:46:54,ETHUSDT,BINANCE,TRADE,1905.17,0.0027
2026-07-30 13:46:54,ETHUSDT,BINANCE,TRADE,1905.17,0.0027
2026-07-30 13:46:54,ETHUSDT,BINANCE,TRADE,1905.17,0.0001
2026-07-30 13:46:54,BTCUSDT,BINANCE,TRADE,64032,0.0005
2026-07-30 13:46:54,ETHUSDT,BINANCE,TRADE,1905.18,0.2321
2026-07-30 13:46:54,BTCUSDT,BINANCE,TRADE,64032,0.0005
2026-07-30 13:46:54,BTCUSDT,BINANCE,TRADE,64032,0.0005
2026-07-30 13:46:54,BTCUSDT,BINANCE,TRADE,64032,0.00014
2026-07-30 13:46:54,BTCUSDT,BINANCE,TRADE,64032,0.0005
2026-07-30 13:46:54,BTCUSDT,BINANCE,TRADE,64032,0.0001
2026-07-30 13:46:54,BTCUSDT,BINANCE,TRADE,64032,0.0005
2026-07-30 13:46:54,BTCUSDT,BINANCE,TRADE,64032,0.0005
2026-07-30 13:46:54,BTCUSDT,BINANCE,TRADE,64032,0.0005
2026-07-30 13:46:54,BTCUSDT,BINANCE,TRADE,64032,0.0005
2026-07-30 13:46:54,ETHUSDT,BINANCE,TRADE,1905.17,0.0026
2026-07-30 13:46:54,ETHUSDT,BINANCE,TRADE,1905.17,0.0028
2026-07-30 13:46:54,ETHUSDT,BINANCE,TRADE,1905.17,0.0027
2026-07-30 13:46:54,ETHUSDT,BINANCE,TRADE,1905.17,0.0027
2026-07-30 13:46:54,ETHUSDT,BINANCE,TRADE,1905.17,0.0022
2026-07-30 13:46:54,BTCUSDT,BINANCE,TRADE,64032,0.0005
2026-07-30 13:46:54,ETHUSDT,BINANCE,TRADE,1905.17,0.0005
2026-07-30 13:46:54,ETHUSDT,BINANCE,TRADE,1905.17,0.0027
2026-07-30 13:46:54,ETHUSDT,BINANCE,TRADE,1905.17,0.0027
2026-07-30 13:46:54,ETHUSDT,BINANCE,TRADE,1905.17,0.0031
2026-07-30 13:46:54,ETHUSDT,BINANCE,TRADE,1905.17,0.0013
2026-07-30 13:46:54,BTCUSDT,BINANCE,TRADE,64032,0.0005
2026-07-30 13:46:54,BTCUSDT,BINANCE,TRADE,64032,0.0005
2026-07-30 13:46:54,BTCUSDT,BINANCE,TRADE,64032,0.0001
2026-07-30 13:46:54,BTCUSDT,BINANCE,TRADE,64032,0.0004
2026-07-30 13:46:54,BTCUSDT,BINANCE,TRADE,64032,0.00087
2026-07-30 13:46:54,BTCUSDT,BINANCE,TRADE,64032,0.0005
2026-07-30 13:46:54,ETHUSDT,BINANCE,TRADE,1905.17,0.0018
2026-07-30 13:46:54,ETHUSDT,BINANCE,TRADE,1905.17,0.0031
2026-07-30 13:46:54,ETHUSDT,BINANCE,TRADE,1905.17,0.0027
2026-07-30 13:46:54,ETHUSDT,BINANCE,TRADE,1905.17,0.0028
2026-07-30 13:46:54,ETHUSDT,BINANCE,TRADE,1905.17,0.0027
2026-07-30 13:46:54,ETHUSDT,BINANCE,TRADE,1905.17,0.0027
2026-07-30 13:46:54,ETHUSDT,BINANCE,TRADE,1905.17,0.0028
2026-07-30 13:46:54,ETHUSDT,BINANCE,TRADE,1905.17,0.0027
2026-07-30 13:46:54,ETHUSDT,BINANCE,TRADE,1905.17,0.0027
2026-07-30 13:46:54,ETHUSDT,BINANCE,TRADE,1905.17,0.0031
2026-07-30 13:46:54,ETHUSDT,BINANCE,TRADE,1905.17,0.0027
2026-07-30 13:46:54,ETHUSDT,BINANCE,TRADE,1905.16,0.0027
2026-07-30 13:46:54,ETHUSDT,BINANCE,TRADE,1905.16,0.0027
2026-07-30 13:46:54,ETHUSDT,BINANCE,TRADE,1905.16,0.0027
2026-07-30 13:46:54,ETHUSDT,BINANCE,TRADE,1905.15,0.0028
2026-07-30 13:46:54,ETHUSDT,BINANCE,TRADE,1905.13,0.0028
2026-07-30 13:46:54,ETHUSDT,BINANCE,TRADE,1905.12,0.0027
2026-07-30 13:46:54,ETHUSDT,BINANCE,TRADE,1905.12,0.0028
2026-07-30 13:46:54,ETHUSDT,BINANCE,TRADE,1905.11,0.0027
2026-07-30 13:46:54,ETHUSDT,BINANCE,TRADE,1905.11,0.0027
2026-07-30 13:46:54,ETHUSDT,BINANCE,TRADE,1905.11,0.0028
2026-07-30 13:46:54,ETHUSDT,BINANCE,TRADE,1905.11,0.0027
2026-07-30 13:46:54,ETHUSDT,BINANCE,TRADE,1905.11,0.0027
2026-07-30 13:46:54,ETHUSDT,BINANCE,TRADE,1905.11,0.0027
2026-07-30 13:46:54,ETHUSDT,BINANCE,TRADE,1905.11,0.0027
2026-07-30 13:46:54,ETHUSDT,BINANCE,TRADE,1905.11,0.0027
2026-07-30 13:46:54,ETHUSDT,BINANCE,TRADE,1905.11,0.0027
2026-07-30 13:46:54,ETHUSDT,BINANCE,TRADE,1905.1,0.0027
2026-07-30 13:46:54,ETHUSDT,BINANCE,TRADE,1905.1,0.0028
2026-07-30 13:46:54,ETHUSDT,BINANCE,TRADE,1905.09,0.0028
2026-07-30 13:46:54,ETHUSDT,BINANCE,TRADE,1905.08,0.0027
2026-07-30 13:46:54,ETHUSDT,BINANCE,TRADE,1905.08,0.0027
2026-07-30 13:46:54,ETHUSDT,BINANCE,TRADE,1905.08,0.0028
2026-07-30 13:46:54,ETHUSDT,BINANCE,TRADE,1905.08,0.0028
2026-07-30 13:46:54,ETHUSDT,BINANCE,TRADE,1905.08,0.0028
2026-07-30 13:46:54,ETHUSDT,BINANCE,TRADE,1905.08,0.0027
2026-07-30 13:46:54,ETHUSDT,BINANCE,TRADE,1905.08,0.0027
2026-07-30 13:46:54,ETHUSDT,BINANCE,TRADE,1905.08,0.0028
2026-07-30 13:46:54,ETHUSDT,BINANCE,TRADE,1905.08,0.0027
2026-07-30 13:46:54,ETHUSDT,BINANCE,TRADE,1905.08,0.0027
2026-07-30 13:46:54,ETHUSDT,BINANCE,TRADE,1905.08,0.0027
2026-07-30 13:46:54,BTCUSDT,BINANCE,TRADE,64032,0.0005
2026-07-30 13:46:54,BTCUSDT,BINANCE,TRADE,64032,0.00015
2026-07-30 13:46:54,BTCUSDT,BINANCE,TRADE,64032,0.0005
2026-07-30 13:46:54,BTCUSDT,BINANCE,TRADE,64032,0.00013
2026-07-30 13:46:54,BTCUSDT,BINANCE,TRADE,64032,0.00037
2026-07-30 13:46:54,ETHUSDT,BINANCE,TRADE,1905.07,0.0252
2026-07-30 13:46:54,BTCUSDT,BINANCE,TRADE,64032,0.0005
2026-07-30 13:46:54,BTCUSDT,BINANCE,TRADE,64032,0.0005
2026-07-30 13:46:54,BTCUSDT,BINANCE,TRADE,64032,0.0005
2026-07-30 13:46:54,BTCUSDT,BINANCE,TRADE,64032,0.0005
2026-07-30 13:46:54,BTCUSDT,BINANCE,TRADE,64032,0.00138
2026-07-30 13:46:54,BTCUSDT,BINANCE,TRADE,64032,0.0005
2026-07-30 13:46:54,BTCUSDT,BINANCE,TRADE,64032,0.0005
2026-07-30 13:46:54,BTCUSDT,BINANCE,TRADE,64032,0.0005
2026-07-30 13:46:54,BTCUSDT,BINANCE,TRADE,64032,0.00182
2026-07-30 13:46:54,BTCUSDT,BINANCE,TRADE,64032,0.0005
2026-07-30 13:46:54,BTCUSDT,BINANCE,TRADE,64032,0.0005
2026-07-30 13:46:54,BTCUSDT,BINANCE,TRADE,64032,0.0005
2026-07-30 13:46:54,BTCUSDT,BINANCE,TRADE,64032,0.0005
2026-07-30 13:46:54,BTCUSDT,BINANCE,TRADE,64032,0.0005
2026-07-30 13:46:54,BTCUSDT,BINANCE,TRADE,64032,0.0005
2026-07-30 13:46:54,BTCUSDT,BINANCE,TRADE,64032,0.00029
2026-07-30 13:46:54,BTCUSDT,BINANCE,TRADE,64032,0.00021
2026-07-30 13:46:54,BTCUSDT,BINANCE,TRADE,64032,0.0005
2026-07-30 13:46:54,BTCUSDT,BINANCE,TRADE,64032,0.00065
2026-07-30 13:46:54,BTCUSDT,BINANCE,TRADE,64032,0.00262
2026-07-30 13:46:54,BTCUSDT,BINANCE,TRADE,64032,0.00126
2026-07-30 13:46:54,BTCUSDT,BINANCE,TRADE,64032,0.0005
2026-07-30 13:46:54,BTCUSDT,BINANCE,TRADE,64032,0.0005
2026-07-30 13:46:54,ETHUSDT,BINANCE,TRADE,1905.08,0.0119
2026-07-30 13:46:54,BTCUSDT,BINANCE,TRADE,64032,0.0005
2026-07-30 13:46:54,BTCUSDT,BINANCE,TRADE,64032,0.0005
2026-07-30 13:46:54,BTCUSDT,BINANCE,TRADE,64032,0.0005
2026-07-30 13:46:54,BTCUSDT,BINANCE,TRADE,64032,0.0005
2026-07-30 13:46:54,BTCUSDT,BINANCE,TRADE,64032,0.0005
2026-07-30 13:46:54,BTCUSDT,BINANCE,TRADE,64032,0.0005
2026-07-30 13:46:54,BTCUSDT,BINANCE,TRADE,64032,0.0004
2026-07-30 13:46:54,BTCUSDT,BINANCE,TRADE,64032,0.0005
2026-07-30 13:46:54,BTCUSDT,BINANCE,TRADE,64032,0.00017
2026-07-30 13:46:54,BTCUSDT,BINANCE,TRADE,64032,0.0005
2026-07-30 13:46:54,BTCUSDT,BINANCE,TRADE,64032,0.0005
2026-07-30 13:46:54,BTCUSDT,BINANCE,TRADE,64032,0.0005
2026-07-30 13:46:54,BTCUSDT,BINANCE,TRADE,64032,0.00021
2026-07-30 13:46:54,BTCUSDT,BINANCE,TRADE,64032,0.0005
2026-07-30 13:46:54,BTCUSDT,BINANCE,TRADE,64032,0.0005
2026-07-30 13:46:54,BTCUSDT,BINANCE,TRADE,64032,0.00021
2026-07-30 13:46:54,BTCUSDT,BINANCE,TRADE,64032,0.0005
2026-07-30 13:46:54,BTCUSDT,BINANCE,TRADE,64032,0.0005
2026-07-30 13:46:54,BTCUSDT,BINANCE,TRADE,64032,0.0005
2026-07-30 13:46:54,BTCUSDT,BINANCE,TRADE,64032,0.00314
2026-07-30 13:46:54,BTCUSDT,BINANCE,TRADE,64032,0.0005
2026-07-30 13:46:54,BTCUSDT,BINANCE,TRADE,64032,0.0005
2026-07-30 13:46:54,BTCUSDT,BINANCE,TRADE,64032,0.0005
2026-07-30 13:46:54,BTCUSDT,BINANCE,TRADE,64032,0.0005
2026-07-30 13:46:54,BTCUSDT,BINANCE,TRADE,64032,0.0005
2026-07-30 13:46:54,BTCUSDT,BINANCE,TRADE,64032,0.00499
2026-07-30 13:46:54,BTCUSDT,BINANCE,TRADE,64032,0.0005
2026-07-30 13:46:54,ETHUSDT,BINANCE,TRADE,1905.08,0.0089
2026-07-30 13:46:54,BTCUSDT,BINANCE,TRADE,64032,0.00515
2026-07-30 13:46:54,BTCUSDT,BINANCE,TRADE,64032,0.0005
2026-07-30 13:46:55,BTCUSDT,BINANCE,TRADE,64032,0.0005
2026-07-30 13:46:55,BTCUSDT,BINANCE,TRADE,64032,0.0005
2026-07-30 13:46:55,BTCUSDT,BINANCE,TRADE,64032,0.0005
2026-07-30 13:46:55,BTCUSDT,BINANCE,TRADE,64032,0.0005
2026-07-30 13:46:55,BTCUSDT,BINANCE,TRADE,64032,0.00224
2026-07-30 13:46:55,BTCUSDT,BINANCE,TRADE,64032,0.0005
2026-07-30 13:46:55,BTCUSDT,BINANCE,TRADE,64032,0.0005
2026-07-30 13:46:55,BTCUSDT,BINANCE,TRADE,64032,0.0005
2026-07-30 13:46:55,BTCUSDT,BINANCE,TRADE,64032,0.00122
2026-07-30 13:46:55,BTCUSDT,BINANCE,TRADE,64032,0.0005
2026-07-30 13:46:55,BTCUSDT,BINANCE,TRADE,64032,0.00031
2026-07-30 13:46:55,BTCUSDT,BINANCE,TRADE,64032,0.0005
2026-07-30 13:46:55,ETHUSDT,BINANCE,TRADE,1905.07,0.0272
2026-07-30 13:46:55,BTCUSDT,BINANCE,TRADE,64032,0.0005
2026-07-30 13:46:55,BTCUSDT,BINANCE,TRADE,64032,0.0005
2026-07-30 13:46:55,BTCUSDT,BINANCE,TRADE,64032,0.0005
2026-07-30 13:46:55,ETHUSDT,BINANCE,TRADE,1905.08,0.0524
2026-07-30 13:46:55,BTCUSDT,BINANCE,TRADE,64032,0.0005
2026-07-30 13:46:55,BTCUSDT,BINANCE,TRADE,64032,0.0005
2026-07-30 13:46:55,BTCUSDT,BINANCE,TRADE,64032,0.0005
2026-07-30 13:46:55,BTCUSDT,BINANCE,TRADE,64032,0.00166
2026-07-30 13:46:55,BTCUSDT,BINANCE,TRADE,64032,0.0005
2026-07-30 13:46:55,BTCUSDT,BINANCE,TRADE,64032,0.0005
2026-07-30 13:46:55,BTCUSDT,BINANCE,TRADE,64032,0.0005
2026-07-30 13:46:55,ETHUSDT,BINANCE,TRADE,1905.07,0.003
2026-07-30 13:46:55,BTCUSDT,BINANCE,TRADE,64032,0.0005
2026-07-30 13:46:55,BTCUSDT,BINANCE,TRADE,64032,0.002
2026-07-30 13:46:55,BTCUSDT,BINANCE,TRADE,64032,0.0005
2026-07-30 13:46:55,BTCUSDT,BINANCE,TRADE,64032,0.0005
2026-07-30 13:46:55,BTCUSDT,BINANCE,TRADE,64032,0.0005
2026-07-30 13:46:55,BTCUSDT,BINANCE,TRADE,64032,0.0005
2026-07-30 13:46:55,BTCUSDT,BINANCE,TRADE,64032,0.00027
2026-07-30 13:46:55,BTCUSDT,BINANCE,TRADE,64032,0.0005
2026-07-30 13:46:55,BTCUSDT,BINANCE,TRADE,64032,0.00166
2026-07-30 13:46:55,BTCUSDT,BINANCE,TRADE,64032,0.0005
2026-07-30 13:46:55,BTCUSDT,BINANCE,TRADE,64032,0.0005
2026-07-30 13:46:55,ETHUSDT,BINANCE,TRADE,1905.08,0.2299
2026-07-30 13:46:55,BTCUSDT,BINANCE,TRADE,64032,0.0005
2026-07-30 13:46:55,BTCUSDT,BINANCE,TRADE,64032,0.0005
2026-07-30 13:46:55,BTCUSDT,BINANCE,TRADE,64032,0.00804
2026-07-30 13:46:55,BTCUSDT,BINANCE,TRADE,64032,0.0005
2026-07-30 13:46:55,SOLUSDT,BINANCE,TRADE,73.43,0.069
2026-07-30 13:46:55,SOLUSDT,BINANCE,TRADE,73.43,0.072
2026-07-30 13:46:55,SOLUSDT,BINANCE,TRADE,73.43,0.049
2026-07-30 13:46:55,BTCUSDT,BINANCE,TRADE,64032,0.00018
2026-07-30 13:46:55,BTCUSDT,BINANCE,TRADE,64032,0.0005
2026-07-30 13:46:55,BTCUSDT,BINANCE,TRADE,64032,0.0005
2026-07-30 13:46:55,BTCUSDT,BINANCE,TRADE,64032,0.0005
2026-07-30 13:46:55,BTCUSDT,BINANCE,TRADE,64032,0.0005
2026-07-30 13:46:55,BTCUSDT,BINANCE,TRADE,64032,0.002
2026-07-30 13:46:55,BTCUSDT,BINANCE,TRADE,64032,0.0005
2026-07-30 13:46:55,BTCUSDT,BINANCE,TRADE,64032,0.0005
2026-07-30 13:46:55,ETHUSDT,BINANCE,TRADE,1905.07,0.0147
2026-07-30 13:46:55,BTCUSDT,BINANCE,TRADE,64032,0.0005
2026-07-30 13:46:55,BTCUSDT,BINANCE,TRADE,64032,0.0005
2026-07-30 13:46:55,BTCUSDT,BINANCE,TRADE,64032,0.0005
2026-07-30 13:46:55,BTCUSDT,BINANCE,TRADE,64032,0.00521
2026-07-30 13:46:55,BTCUSDT,BINANCE,TRADE,64032,0.00033
2026-07-30 13:46:55,BTCUSDT,BINANCE,TRADE,64032,0.0005
2026-07-30 13:46:55,ETHUSDT,BINANCE,TRADE,1905.07,0.2321
2026-07-30 13:46:55,BTCUSDT,BINANCE,TRADE,64032,0.0005
2026-07-30 13:46:55,BTCUSDT,BINANCE,TRADE,64032,0.0005
2026-07-30 13:46:55,BTCUSDT,BINANCE,TRADE,64032,0.0005
2026-07-30 13:46:55,BTCUSDT,BINANCE,TRADE,64032,0.0005
2026-07-30 13:46:55,BTCUSDT,BINANCE,TRADE,64032,0.0005
2026-07-30 13:46:55,BTCUSDT,BINANCE,TRADE,64032,0.0005
2026-07-30 13:46:55,BTCUSDT,BINANCE,TRADE,64032,0.0005
2026-07-30 13:46:55,BTCUSDT,BINANCE,TRADE,64032,0.0005
2026-07-30 13:46:55,BTCUSDT,BINANCE,TRADE,64032,0.0005
2026-07-30 13:46:55,BTCUSDT,BINANCE,TRADE,64032,0.0005
2026-07-30 13:46:55,BTCUSDT,BINANCE,TRADE,64032,0.0005
2026-07-30 13:46:55,BTCUSDT,BINANCE,TRADE,64032,0.00018
2026-07-30 13:46:55,BTCUSDT,BINANCE,TRADE,64032,0.0005
2026-07-30 13:46:55,BTCUSDT,BINANCE,TRADE,64032,0.01527
2026-07-30 13:46:55,BTCUSDT,BINANCE,TRADE,64032,0.0005
2026-07-30 13:46:55,BTCUSDT,BINANCE,TRADE,64032,0.0005
2026-07-30 13:46:55,BTCUSDT,BINANCE,TRADE,64032,0.00016
2026-07-30 13:46:55,BTCUSDT,BINANCE,TRADE,64032,0.0005
2026-07-30 13:46:55,BTCUSDT,BINANCE,TRADE,64032,0.02645
2026-07-30 13:46:55,BTCUSDT,BINANCE,TRADE,64032,0.0005
2026-07-30 13:46:55,BTCUSDT,BINANCE,TRADE,64032,0.00509
2026-07-30 13:46:55,BTCUSDT,BINANCE,TRADE,64032,0.0005
2026-07-30 13:46:55,ETHUSDT,BINANCE,TRADE,1905.08,0.0136
2026-07-30 13:46:55,BTCUSDT,BINANCE,TRADE,64032,0.0005
2026-07-30 13:46:55,BTCUSDT,BINANCE,TRADE,64032,0.01561
2026-07-30 13:46:55,BTCUSDT,BINANCE,TRADE,64032,0.0005
2026-07-30 13:46:55,BTCUSDT,BINANCE,TRADE,64032,0.0005
2026-07-30 13:46:55,BTCUSDT,BINANCE,TRADE,64032,0.0005
2026-07-30 13:46:55,BTCUSDT,BINANCE,TRADE,64032,0.00017
2026-07-30 13:46:55,BTCUSDT,BINANCE,TRADE,64032,0.0005
2026-07-30 13:46:55,BTCUSDT,BINANCE,TRADE,64032,0.00101
2026-07-30 13:46:55,BTCUSDT,BINANCE,TRADE,64032,0.01874
2026-07-30 13:46:55,BTCUSDT,BINANCE,TRADE,64032,0.0005
2026-07-30 13:46:55,BTCUSDT,BINANCE,TRADE,64032,0.0005
2026-07-30 13:46:55,BTCUSDT,BINANCE,TRADE,64032,0.0005
2026-07-30 13:46:55,ETHUSDT,BINANCE,TRADE,1905.08,0.0027
2026-07-30 13:46:55,ETHUSDT,BINANCE,TRADE,1905.08,0.0028
2026-07-30 13:46:55,ETHUSDT,BINANCE,TRADE,1905.08,0.0027
2026-07-30 13:46:55,ETHUSDT,BINANCE,TRADE,1905.08,0.0027
2026-07-30 13:46:55,ETHUSDT,BINANCE,TRADE,1905.08,0.0053
2026-07-30 13:46:55,ETHUSDT,BINANCE,TRADE,1905.08,0.0027
2026-07-30 13:46:55,ETHUSDT,BINANCE,TRADE,1905.08,0.0028
2026-07-30 13:46:55,ETHUSDT,BINANCE,TRADE,1905.08,0.0027
2026-07-30 13:46:55,ETHUSDT,BINANCE,TRADE,1905.08,0.0094
2026-07-30 13:46:55,BTCUSDT,BINANCE,TRADE,64032,0.0005
2026-07-30 13:46:55,BTCUSDT,BINANCE,TRADE,64032,0.0005
2026-07-30 13:46:55,BTCUSDT,BINANCE,TRADE,64032,0.0005
2026-07-30 13:46:55,BTCUSDT,BINANCE,TRADE,64032,0.0005
2026-07-30 13:46:55,BTCUSDT,BINANCE,TRADE,64032,0.00038
2026-07-30 13:46:55,BTCUSDT,BINANCE,TRADE,64032,0.0005
2026-07-30 13:46:55,BTCUSDT,BINANCE,TRADE,64032,0.00032
2026-07-30 13:46:55,BTCUSDT,BINANCE,TRADE,64032,0.0005
2026-07-30 13:46:55,BTCUSDT,BINANCE,TRADE,64032,8e-05
2026-07-30 13:46:55,ETHUSDT,BINANCE,TRADE,1905.07,0.0114
2026-07-30 13:46:55,BTCUSDT,BINANCE,TRADE,64032,0.0005
2026-07-30 13:46:55,BTCUSDT,BINANCE,TRADE,64032,0.0005
2026-07-30 13:46:55,BTCUSDT,BINANCE,TRADE,64032,0.0005
2026-07-30 13:46:55,BTCUSDT,BINANCE,TRADE,64032,0.00029
2026-07-30 13:46:55,BTCUSDT,BINANCE,TRADE,64032,0.0005
2026-07-30 13:46:55,BTCUSDT,BINANCE,TRADE,64032,0.00038
2026-07-30 13:46:55,BTCUSDT,BINANCE,TRADE,64032,0.0005
2026-07-30 13:46:55,BTCUSDT,BINANCE,TRADE,64032,0.00055
2026-07-30 13:46:55,BTCUSDT,BINANCE,TRADE,64032,0.0005
2026-07-30 13:46:55,BTCUSDT,BINANCE,TRADE,64032,0.0005
2026-07-30 13:46:55,BTCUSDT,BINANCE,TRADE,64032,0.0005
2026-07-30 13:46:55,BTCUSDT,BINANCE,TRADE,64032,0.0005
2026-07-30 13:46:55,BTCUSDT,BINANCE,TRADE,64032,0.00025
2026-07-30 13:46:55,BTCUSDT,BINANCE,TRADE,64032,0.0005
2026-07-30 13:46:55,BTCUSDT,BINANCE,TRADE,64032,0.00012
2026-07-30 13:46:55,BTCUSDT,BINANCE,TRADE,64032,0.0005
2026-07-30 13:46:55,BTCUSDT,BINANCE,TRADE,64032,0.0005
2026-07-30 13:46:55,BTCUSDT,BINANCE,TRADE,64032,0.00031
2026-07-30 13:46:55,BTCUSDT,BINANCE,TRADE,64032,0.0005
2026-07-30 13:46:55,BTCUSDT,BINANCE,TRADE,64032,0.0005
2026-07-30 13:46:55,BTCUSDT,BINANCE,TRADE,64032,0.0005
2026-07-30 13:46:55,ETHUSDT,BINANCE,TRADE,1905.08,0.0252
2026-07-30 13:46:55,BTCUSDT,BINANCE,TRADE,64032,0.0005
2026-07-30 13:46:55,BTCUSDT,BINANCE,TRADE,64032,0.0005
2026-07-30 13:46:55,BTCUSDT,BINANCE,TRADE,64032,0.0005
2026-07-30 13:46:55,BTCUSDT,BINANCE,TRADE,64032,0.0005
2026-07-30 13:46:55,BTCUSDT,BINANCE,TRADE,64032,0.00013
2026-07-30 13:46:55,BTCUSDT,BINANCE,TRADE,64032,0.0005
2026-07-30 13:46:55,BTCUSDT,BINANCE,TRADE,64032,0.0005
2026-07-30 13:46:55,BTCUSDT,BINANCE,TRADE,64032,0.0005
2026-07-30 13:46:55,BTCUSDT,BINANCE,TRADE,64032,0.00314
2026-07-30 13:46:55,BTCUSDT,BINANCE,TRADE,64032,0.0005
2026-07-30 13:46:56,BTCUSDT,BINANCE,TRADE,64032,0.0005
2026-07-30 13:46:56,BTCUSDT,BINANCE,TRADE,64032,0.00046
2026-07-30 13:46:56,BTCUSDT,BINANCE,TRADE,64032,0.0005
2026-07-30 13:46:56,BTCUSDT,BINANCE,TRADE,64032,0.0005
2026-07-30 13:46:56,BTCUSDT,BINANCE,TRADE,64032,0.0005
2026-07-30 13:46:56,BTCUSDT,BINANCE,TRADE,64032,0.01561
2026-07-30 13:46:56,BTCUSDT,BINANCE,TRADE,64032,0.0005
2026-07-30 13:46:56,BTCUSDT,BINANCE,TRADE,64032,0.0005
2026-07-30 13:46:56,BTCUSDT,BINANCE,TRADE,64032,0.0005
2026-07-30 13:46:56,ETHUSDT,BINANCE,TRADE,1905.07,0.1725
2026-07-30 13:46:56,BTCUSDT,BINANCE,TRADE,64032,0.0005
2026-07-30 13:46:56,BTCUSDT,BINANCE,TRADE,64032,0.0005
2026-07-30 13:46:56,BTCUSDT,BINANCE,TRADE,64032,0.0005
2026-07-30 13:46:56,BTCUSDT,BINANCE,TRADE,64032,0.0005
2026-07-30 13:46:56,BTCUSDT,BINANCE,TRADE,64032,0.00018
2026-07-30 13:46:56,BTCUSDT,BINANCE,TRADE,64032,0.0005
2026-07-30 13:46:56,BTCUSDT,BINANCE,TRADE,64032,0.0005
2026-07-30 13:46:56,BTCUSDT,BINANCE,TRADE,64032,0.0005
2026-07-30 13:46:56,BTCUSDT,BINANCE,TRADE,64032,0.0005
2026-07-30 13:46:56,BTCUSDT,BINANCE,TRADE,64032,0.00015
2026-07-30 13:46:56,BTCUSDT,BINANCE,TRADE,64032,0.00156
2026-07-30 13:46:56,BTCUSDT,BINANCE,TRADE,64032,0.0005
2026-07-30 13:46:56,BTCUSDT,BINANCE,TRADE,64032,0.0005
2026-07-30 13:46:56,BTCUSDT,BINANCE,TRADE,64032,0.00015
2026-07-30 13:46:56,BTCUSDT,BINANCE,TRADE,64032,0.0005
2026-07-30 13:46:56,BTCUSDT,BINANCE,TRADE,64032,0.0005
2026-07-30 13:46:56,BTCUSDT,BINANCE,TRADE,64032,0.0005
2026-07-30 13:46:56,BTCUSDT,BINANCE,TRADE,64032,0.00038
2026-07-30 13:46:56,BTCUSDT,BINANCE,TRADE,64032,0.0005
2026-07-30 13:46:56,BTCUSDT,BINANCE,TRADE,64032,0.00039
2026-07-30 13:46:56,BTCUSDT,BINANCE,TRADE,64032,0.0005
2026-07-30 13:46:56,BTCUSDT,BINANCE,TRADE,64032,0.0005
2026-07-30 13:46:56,BTCUSDT,BINANCE,TRADE,64032,0.00515
2026-07-30 13:46:56,ETHUSDT,BINANCE,TRADE,1905.08,0.0031
2026-07-30 13:46:56,BTCUSDT,BINANCE,TRADE,64032,0.0005
2026-07-30 13:46:56,BTCUSDT,BINANCE,TRADE,64032,0.0005
2026-07-30 13:46:56,BTCUSDT,BINANCE,TRADE,64032,0.0005
2026-07-30 13:46:56,BTCUSDT,BINANCE,TRADE,64032,0.0005
2026-07-30 13:46:56,BTCUSDT,BINANCE,TRADE,64032,0.0005
2026-07-30 13:46:56,BTCUSDT,BINANCE,TRADE,64032,0.00046
2026-07-30 13:46:56,BTCUSDT,BINANCE,TRADE,64032,0.0005
2026-07-30 13:46:56,BTCUSDT,BINANCE,TRADE,64032,0.0005
2026-07-30 13:46:56,BTCUSDT,BINANCE,TRADE,64032,0.0005
2026-07-30 13:46:56,BTCUSDT,BINANCE,TRADE,64032,0.00018
2026-07-30 13:46:56,BTCUSDT,BINANCE,TRADE,64032,0.0005
2026-07-30 13:46:56,BTCUSDT,BINANCE,TRADE,64032,0.00021
2026-07-30 13:46:56,BTCUSDT,BINANCE,TRADE,64032,0.0005
2026-07-30 13:46:56,BTCUSDT,BINANCE,TRADE,64032,0.0005
2026-07-30 13:46:56,BTCUSDT,BINANCE,TRADE,64032,0.0005
2026-07-30 13:46:56,BTCUSDT,BINANCE,TRADE,64032,0.0005
2026-07-30 13:46:56,BTCUSDT,BINANCE,TRADE,64032,0.0005
2026-07-30 13:46:56,BTCUSDT,BINANCE,TRADE,64032,0.0005
2026-07-30 13:46:56,BTCUSDT,BINANCE,TRADE,64032,0.0005
2026-07-30 13:46:56,BTCUSDT,BINANCE,TRADE,64032,0.0005
2026-07-30 13:46:56,BTCUSDT,BINANCE,TRADE,64032,0.0005
2026-07-30 13:46:56,BTCUSDT,BINANCE,TRADE,64032,0.0005
2026-07-30 13:46:56,BTCUSDT,BINANCE,TRADE,64032,0.0005
2026-07-30 13:46:56,ETHUSDT,BINANCE,TRADE,1905.07,0.1733
2026-07-30 13:46:56,BTCUSDT,BINANCE,TRADE,64032,0.00021
2026-07-30 13:46:56,BTCUSDT,BINANCE,TRADE,64032,0.0005
2026-07-30 13:46:56,BTCUSDT,BINANCE,TRADE,64032,0.00013
2026-07-30 13:46:56,BTCUSDT,BINANCE,TRADE,64032,0.0005
2026-07-30 13:46:56,BTCUSDT,BINANCE,TRADE,64032,0.0005
2026-07-30 13:46:56,BTCUSDT,BINANCE,TRADE,64032,0.00032
2026-07-30 13:46:56,BTCUSDT,BINANCE,TRADE,64032,0.00157
2026-07-30 13:46:56,BTCUSDT,BINANCE,TRADE,64032,0.0005
2026-07-30 13:46:56,BTCUSDT,BINANCE,TRADE,64032,0.0005
2026-07-30 13:46:56,BTCUSDT,BINANCE,TRADE,64032,0.01967
2026-07-30 13:46:56,BTCUSDT,BINANCE,TRADE,64032,0.0005
2026-07-30 13:46:56,BTCUSDT,BINANCE,TRADE,64032,0.0005
2026-07-30 13:46:56,BTCUSDT,BINANCE,TRADE,64032,0.0005
2026-07-30 13:46:56,BTCUSDT,BINANCE,TRADE,64032,0.0005
2026-07-30 13:46:56,BTCUSDT,BINANCE,TRADE,64032,0.0005
2026-07-30 13:46:56,ETHUSDT,BINANCE,TRADE,1905.07,0.0493
2026-07-30 13:46:56,BTCUSDT,BINANCE,TRADE,64032,0.00022
2026-07-30 13:46:56,BTCUSDT,BINANCE,TRADE,64032,0.0005
2026-07-30 13:46:56,BTCUSDT,BINANCE,TRADE,64032,0.0005
2026-07-30 13:46:56,BTCUSDT,BINANCE,TRADE,64032,0.0005
2026-07-30 13:46:56,BTCUSDT,BINANCE,TRADE,64032,0.0005
2026-07-30 13:46:56,BTCUSDT,BINANCE,TRADE,64032,0.0005
2026-07-30 13:46:56,BTCUSDT,BINANCE,TRADE,64032,0.0005
2026-07-30 13:46:56,BTCUSDT,BINANCE,TRADE,64032,0.00025
2026-07-30 13:46:56,BTCUSDT,BINANCE,TRADE,64032,0.0005
2026-07-30 13:46:56,BTCUSDT,BINANCE,TRADE,64032,0.0005
2026-07-30 13:46:56,BTCUSDT,BINANCE,TRADE,64032,8e-05
2026-07-30 13:46:56,BTCUSDT,BINANCE,TRADE,64032,0.0005
2026-07-30 13:46:56,BTCUSDT,BINANCE,TRADE,64032,0.00012
2026-07-30 13:46:56,BTCUSDT,BINANCE,TRADE,64032,0.0005
2026-07-30 13:46:56,ETHUSDT,BINANCE,TRADE,1905.08,0.0203
2026-07-30 13:46:56,ETHUSDT,BINANCE,TRADE,1905.08,0.0684
2026-07-30 13:46:56,ETHUSDT,BINANCE,TRADE,1905.08,0.021
2026-07-30 13:46:56,ETHUSDT,BINANCE,TRADE,1905.08,0.0027
2026-07-30 13:46:56,ETHUSDT,BINANCE,TRADE,1905.08,0.0027
2026-07-30 13:46:56,ETHUSDT,BINANCE,TRADE,1905.08,0.0027
2026-07-30 13:46:56,ETHUSDT,BINANCE,TRADE,1905.08,0.0027
2026-07-30 13:46:56,ETHUSDT,BINANCE,TRADE,1905.08,0.0027
2026-07-30 13:46:56,ETHUSDT,BINANCE,TRADE,1905.08,0.0027
2026-07-30 13:46:56,ETHUSDT,BINANCE,TRADE,1905.08,0.0027
2026-07-30 13:46:56,ETHUSDT,BINANCE,TRADE,1905.08,0.0027
2026-07-30 13:46:56,ETHUSDT,BINANCE,TRADE,1905.08,0.0027
2026-07-30 13:46:56,ETHUSDT,BINANCE,TRADE,1905.08,0.0028
2026-07-30 13:46:56,ETHUSDT,BINANCE,TRADE,1905.08,0.0028
2026-07-30 13:46:56,ETHUSDT,BINANCE,TRADE,1905.08,0.0053
2026-07-30 13:46:56,ETHUSDT,BINANCE,TRADE,1905.08,0.0872
2026-07-30 13:46:56,BTCUSDT,BINANCE,TRADE,64032,0.00224
2026-07-30 13:46:56,BTCUSDT,BINANCE,TRADE,64032,0.0005
2026-07-30 13:46:56,BTCUSDT,BINANCE,TRADE,64032,0.00166
2026-07-30 13:46:56,BTCUSDT,BINANCE,TRADE,64032,0.0005
2026-07-30 13:46:56,BTCUSDT,BINANCE,TRADE,64032,0.0005
2026-07-30 13:46:56,BTCUSDT,BINANCE,TRADE,64032,0.0005
2026-07-30 13:46:56,BTCUSDT,BINANCE,TRADE,64032,0.0005
2026-07-30 13:46:56,BTCUSDT,BINANCE,TRADE,64032,0.00499
2026-07-30 13:46:56,BTCUSDT,BINANCE,TRADE,64032,0.0005
2026-07-30 13:46:56,BTCUSDT,BINANCE,TRADE,64032,9e-05
2026-07-30 13:46:56,BTCUSDT,BINANCE,TRADE,64032,0.0005
2026-07-30 13:46:56,BTCUSDT,BINANCE,TRADE,64032,0.0005
2026-07-30 13:46:56,BTCUSDT,BINANCE,TRADE,64032,0.0005
2026-07-30 13:46:56,BTCUSDT,BINANCE,TRADE,64032,0.0005
2026-07-30 13:46:56,BTCUSDT,BINANCE,TRADE,64032,0.0005
2026-07-30 13:46:56,BTCUSDT,BINANCE,TRADE,64032,0.0005
2026-07-30 13:46:56,BTCUSDT,BINANCE,TRADE,64032,0.00015
2026-07-30 13:46:56,BTCUSDT,BINANCE,TRADE,64032,0.0005
2026-07-30 13:46:56,BTCUSDT,BINANCE,TRADE,64032,0.0005
2026-07-30 13:46:56,BTCUSDT,BINANCE,TRADE,64032,0.0005
2026-07-30 13:46:56,BTCUSDT,BINANCE,TRADE,64032,0.00083
2026-07-30 13:46:56,BTCUSDT,BINANCE,TRADE,64032,0.00039
2026-07-30 13:46:56,BTCUSDT,BINANCE,TRADE,64032,0.0005
2026-07-30 13:46:56,BTCUSDT,BINANCE,TRADE,64032,0.0005
2026-07-30 13:46:56,BTCUSDT,BINANCE,TRADE,64032,0.0005
2026-07-30 13:46:56,BTCUSDT,BINANCE,TRADE,64032,0.0005
2026-07-30 13:46:56,BTCUSDT,BINANCE,TRADE,64032,0.0005
2026-07-30 13:46:56,BTCUSDT,BINANCE,TRADE,64032,0.0005
2026-07-30 13:46:56,BTCUSDT,BINANCE,TRADE,64032,0.0005
2026-07-30 13:46:56,BTCUSDT,BINANCE,TRADE,64032,0.0005
2026-07-30 13:46:56,BTCUSDT,BINANCE,TRADE,64032,0.0005
2026-07-30 13:46:56,BTCUSDT,BINANCE,TRADE,64032,0.00314
2026-07-30 13:46:56,BTCUSDT,BINANCE,TRADE,64032,0.0005
2026-07-30 13:46:56,BTCUSDT,BINANCE,TRADE,64032,0.00145
2026-07-30 13:46:56,BTCUSDT,BINANCE,TRADE,64032,0.0005
2026-07-30 13:46:56,ETHUSDT,BINANCE,TRADE,1905.07,0.0182
2026-07-30 13:46:56,BTCUSDT,BINANCE,TRADE,64032,0.0005
2026-07-30 13:46:56,BTCUSDT,BINANCE,TRADE,64032,0.0005
2026-07-30 13:46:57,BTCUSDT,BINANCE,TRADE,64032,8e-05
2026-07-30 13:46:57,BTCUSDT,BINANCE,TRADE,64032,0.00509
2026-07-30 13:46:57,BTCUSDT,BINANCE,TRADE,64032,0.0005
2026-07-30 13:46:57,BTCUSDT,BINANCE,TRADE,64032,0.00026
2026-07-30 13:46:57,BTCUSDT,BINANCE,TRADE,64032,0.0005
2026-07-30 13:46:57,BTCUSDT,BINANCE,TRADE,64032,0.0005
2026-07-30 13:46:57,BTCUSDT,BINANCE,TRADE,64032,0.00083
2026-07-30 13:46:57,BTCUSDT,BINANCE,TRADE,64032,0.00281
2026-07-30 13:46:57,BTCUSDT,BINANCE,TRADE,64032,0.0005
2026-07-30 13:46:57,BTCUSDT,BINANCE,TRADE,64032,0.0005
2026-07-30 13:46:57,BTCUSDT,BINANCE,TRADE,64032,0.0005
2026-07-30 13:46:57,BTCUSDT,BINANCE,TRADE,64032,0.00143
2026-07-30 13:46:57,BTCUSDT,BINANCE,TRADE,64032,0.00037
2026-07-30 13:46:57,BTCUSDT,BINANCE,TRADE,64032,0.0005
2026-07-30 13:46:57,BTCUSDT,BINANCE,TRADE,64032,0.0005
2026-07-30 13:46:57,BTCUSDT,BINANCE,TRADE,64032,0.0005
2026-07-30 13:46:57,BTCUSDT,BINANCE,TRADE,64032,0.0005
2026-07-30 13:46:57,BTCUSDT,BINANCE,TRADE,64032,0.0005
2026-07-30 13:46:57,BTCUSDT,BINANCE,TRADE,64032,0.0005
2026-07-30 13:46:57,BTCUSDT,BINANCE,TRADE,64032,0.0005
2026-07-30 13:46:57,BTCUSDT,BINANCE,TRADE,64032,0.0005
2026-07-30 13:46:57,ETHUSDT,BINANCE,TRADE,1905.07,0.0252
2026-07-30 13:46:57,BTCUSDT,BINANCE,TRADE,64032,0.0005
2026-07-30 13:46:57,BTCUSDT,BINANCE,TRADE,64032,0.00021
2026-07-30 13:46:57,BTCUSDT,BINANCE,TRADE,64032,0.0005
2026-07-30 13:46:57,BTCUSDT,BINANCE,TRADE,64032,0.00103
2026-07-30 13:46:57,BTCUSDT,BINANCE,TRADE,64032,0.0005
2026-07-30 13:46:57,BTCUSDT,BINANCE,TRADE,64032,0.0005
2026-07-30 13:46:57,BTCUSDT,BINANCE,TRADE,64032,0.0005
2026-07-30 13:46:57,BTCUSDT,BINANCE,TRADE,64032,0.0005
2026-07-30 13:46:57,BTCUSDT,BINANCE,TRADE,64032,0.0008
2026-07-30 13:46:57,BTCUSDT,BINANCE,TRADE,64032,0.0005
2026-07-30 13:46:57,BTCUSDT,BINANCE,TRADE,64032,0.0005
2026-07-30 13:46:57,BTCUSDT,BINANCE,TRADE,64032,0.0005
2026-07-30 13:46:57,BTCUSDT,BINANCE,TRADE,64032,0.0005
2026-07-30 13:46:57,ETHUSDT,BINANCE,TRADE,1905.08,0.2384
2026-07-30 13:46:57,BTCUSDT,BINANCE,TRADE,64032,0.0005
2026-07-30 13:46:57,ETHUSDT,BINANCE,TRADE,1905.07,0.0136
2026-07-30 13:46:57,BTCUSDT,BINANCE,TRADE,64032,0.0005
2026-07-30 13:46:57,BTCUSDT,BINANCE,TRADE,64032,0.00065
2026-07-30 13:46:57,BTCUSDT,BINANCE,TRADE,64032,0.0005
2026-07-30 13:46:57,BTCUSDT,BINANCE,TRADE,64032,0.0005
2026-07-30 13:46:57,BTCUSDT,BINANCE,TRADE,64032,0.0014
2026-07-30 13:46:57,BTCUSDT,BINANCE,TRADE,64032,0.0005
2026-07-30 13:46:57,BTCUSDT,BINANCE,TRADE,64032,0.0005
2026-07-30 13:46:57,BTCUSDT,BINANCE,TRADE,64032,0.0005
2026-07-30 13:46:57,BTCUSDT,BINANCE,TRADE,64032,0.0005
2026-07-30 13:46:57,BTCUSDT,BINANCE,TRADE,64032,0.00021
2026-07-30 13:46:57,BTCUSDT,BINANCE,TRADE,64032,0.0005
2026-07-30 13:46:57,ETHUSDT,BINANCE,TRADE,1905.08,0.0147
2026-07-30 13:46:57,BTCUSDT,BINANCE,TRADE,64032,0.0005
2026-07-30 13:46:57,BTCUSDT,BINANCE,TRADE,64032,0.00017
2026-07-30 13:46:57,BTCUSDT,BINANCE,TRADE,64032,0.0005
2026-07-30 13:46:57,ETHUSDT,BINANCE,TRADE,1905.08,0.0523
2026-07-30 13:46:57,BTCUSDT,BINANCE,TRADE,64032,0.0005
2026-07-30 13:46:57,BTCUSDT,BINANCE,TRADE,64032,0.00031
2026-07-30 13:46:57,BTCUSDT,BINANCE,TRADE,64032,0.00166
2026-07-30 13:46:57,BTCUSDT,BINANCE,TRADE,64032,0.0005
2026-07-30 13:46:57,BTCUSDT,BINANCE,TRADE,64032,0.0005
2026-07-30 13:46:57,BTCUSDT,BINANCE,TRADE,64032,0.0005
2026-07-30 13:46:57,BTCUSDT,BINANCE,TRADE,64032,0.0005
2026-07-30 13:46:57,BTCUSDT,BINANCE,TRADE,64032,0.0005
2026-07-30 13:46:57,BTCUSDT,BINANCE,TRADE,64032,0.0005
2026-07-30 13:46:57,BTCUSDT,BINANCE,TRADE,64032,0.0005
2026-07-30 13:46:57,BTCUSDT,BINANCE,TRADE,64032,0.0005
2026-07-30 13:46:57,BTCUSDT,BINANCE,TRADE,64032,0.00016
2026-07-30 13:46:57,BTCUSDT,BINANCE,TRADE,64032,0.0005
2026-07-30 13:46:57,BTCUSDT,BINANCE,TRADE,64032,0.0005
2026-07-30 13:46:57,BTCUSDT,BINANCE,TRADE,64032,0.0005
2026-07-30 13:46:57,BTCUSDT,BINANCE,TRADE,64032,0.0005
2026-07-30 13:46:57,BTCUSDT,BINANCE,TRADE,64032,0.0005
2026-07-30 13:46:57,BTCUSDT,BINANCE,TRADE,64032,0.0005
2026-07-30 13:46:57,BTCUSDT,BINANCE,TRADE,64032,0.00521
2026-07-30 13:46:57,BTCUSDT,BINANCE,TRADE,64032,0.0005
2026-07-30 13:46:57,ETHUSDT,BINANCE,TRADE,1905.08,0.0027
2026-07-30 13:46:57,BTCUSDT,BINANCE,TRADE,64032,0.0005
2026-07-30 13:46:57,ETHUSDT,BINANCE,TRADE,1905.08,0.0178
2026-07-30 13:46:57,BTCUSDT,BINANCE,TRADE,64032,0.0005
2026-07-30 13:46:57,BTCUSDT,BINANCE,TRADE,64032,0.01874
2026-07-30 13:46:57,BTCUSDT,BINANCE,TRADE,64032,0.0005
2026-07-30 13:46:57,BTCUSDT,BINANCE,TRADE,64032,0.0005
2026-07-30 13:46:57,BTCUSDT,BINANCE,TRADE,64032,0.00397
2026-07-30 13:46:57,BTCUSDT,BINANCE,TRADE,64032,0.0005
2026-07-30 13:46:57,BTCUSDT,BINANCE,TRADE,64032,0.0005
2026-07-30 13:46:57,BTCUSDT,BINANCE,TRADE,64032,0.0005
2026-07-30 13:46:57,BTCUSDT,BINANCE,TRADE,64032,0.00018
2026-07-30 13:46:57,BTCUSDT,BINANCE,TRADE,64032,0.002
2026-07-30 13:46:57,BTCUSDT,BINANCE,TRADE,64032,0.0005
2026-07-30 13:46:57,BTCUSDT,BINANCE,TRADE,64032,0.0005
2026-07-30 13:46:57,BTCUSDT,BINANCE,TRADE,64032,0.0005
2026-07-30 13:46:57,BTCUSDT,BINANCE,TRADE,64032,0.0005
2026-07-30 13:46:57,BTCUSDT,BINANCE,TRADE,64032,0.0005
2026-07-30 13:46:57,BTCUSDT,BINANCE,TRADE,64032,0.0005
2026-07-30 13:46:57,BTCUSDT,BINANCE,TRADE,64032,0.0005
2026-07-30 13:46:57,BTCUSDT,BINANCE,TRADE,64032,0.01561
2026-07-30 13:46:57,BTCUSDT,BINANCE,TRADE,64032,0.0005
2026-07-30 13:46:57,BTCUSDT,BINANCE,TRADE,64032,0.0005
2026-07-30 13:46:57,SOLUSDT,BINANCE,TRADE,73.44,0.183
2026-07-30 13:46:57,BTCUSDT,BINANCE,TRADE,64032,0.0005
2026-07-30 13:46:57,BTCUSDT,BINANCE,TRADE,64032,0.00058
2026-07-30 13:46:57,BTCUSDT,BINANCE,TRADE,64032,0.0005
2026-07-30 13:46:57,BTCUSDT,BINANCE,TRADE,64032,0.00288
2026-07-30 13:46:57,BTCUSDT,BINANCE,TRADE,64032,0.0005
2026-07-30 13:46:57,BTCUSDT,BINANCE,TRADE,64032,9e-05
2026-07-30 13:46:57,BTCUSDT,BINANCE,TRADE,64032,0.0005
2026-07-30 13:46:57,BTCUSDT,BINANCE,TRADE,64032,0.0005
2026-07-30 13:46:57,BTCUSDT,BINANCE,TRADE,64032,0.00011
2026-07-30 13:46:57,BTCUSDT,BINANCE,TRADE,64032,0.0005
2026-07-30 13:46:57,ETHUSDT,BINANCE,TRADE,1905.08,0.0322
2026-07-30 13:46:57,BTCUSDT,BINANCE,TRADE,64032,0.0005
2026-07-30 13:46:57,BTCUSDT,BINANCE,TRADE,64032,0.0005
2026-07-30 13:46:57,BTCUSDT,BINANCE,TRADE,64032,0.0005
2026-07-30 13:46:57,BTCUSDT,BINANCE,TRADE,64032,0.0005
2026-07-30 13:46:57,BTCUSDT,BINANCE,TRADE,64032,0.00018
2026-07-30 13:46:57,BTCUSDT,BINANCE,TRADE,64032,0.00027
2026-07-30 13:46:57,BTCUSDT,BINANCE,TRADE,64032,0.00999
2026-07-30 13:46:57,BTCUSDT,BINANCE,TRADE,64032,0.0005
2026-07-30 13:46:57,BTCUSDT,BINANCE,TRADE,64032,0.0005
2026-07-30 13:46:57,BTCUSDT,BINANCE,TRADE,64032,0.0005
2026-07-30 13:46:57,BTCUSDT,BINANCE,TRADE,64032,0.00055
2026-07-30 13:46:57,BTCUSDT,BINANCE,TRADE,64032,0.0005
2026-07-30 13:46:57,BTCUSDT,BINANCE,TRADE,64032,0.0005
2026-07-30 13:46:57,BTCUSDT,BINANCE,TRADE,64032,0.0005
2026-07-30 13:46:57,BTCUSDT,BINANCE,TRADE,64032,0.0005
2026-07-30 13:46:57,BTCUSDT,BINANCE,TRADE,64032,0.00314
2026-07-30 13:46:57,BTCUSDT,BINANCE,TRADE,64032,0.0005
2026-07-30 13:46:57,BTCUSDT,BINANCE,TRADE,64032,0.0005
2026-07-30 13:46:57,BTCUSDT,BINANCE,TRADE,64032,0.0005
2026-07-30 13:46:57,BTCUSDT,BINANCE,TRADE,64032,0.0005
2026-07-30 13:46:57,BTCUSDT,BINANCE,TRADE,64032,0.0005
2026-07-30 13:46:57,BTCUSDT,BINANCE,TRADE,64032,0.0005
2026-07-30 13:46:57,BTCUSDT,BINANCE,TRADE,64032,0.0005
2026-07-30 13:46:57,BTCUSDT,BINANCE,TRADE,64032,0.0005
2026-07-30 13:46:57,BTCUSDT,BINANCE,TRADE,64032,0.00182
2026-07-30 13:46:57,BTCUSDT,BINANCE,TRADE,64032,0.0005
2026-07-30 13:46:58,BTCUSDT,BINANCE,TRADE,64032,0.00166
2026-07-30 13:46:58,BTCUSDT,BINANCE,TRADE,64032,0.0005
2026-07-30 13:46:58,BTCUSDT,BINANCE,TRADE,64032,0.0005
2026-07-30 13:46:58,BTCUSDT,BINANCE,TRADE,64032,0.0005
2026-07-30 13:46:58,BTCUSDT,BINANCE,TRADE,64032,0.0005
2026-07-30 13:46:58,BTCUSDT,BINANCE,TRADE,64032,0.0005
2026-07-30 13:46:58,BTCUSDT,BINANCE,TRADE,64032,0.0005
2026-07-30 13:46:58,BTCUSDT,BINANCE,TRADE,64032,0.0005
2026-07-30 13:46:58,BTCUSDT,BINANCE,TRADE,64032,0.00149
2026-07-30 13:46:58,BTCUSDT,BINANCE,TRADE,64032,0.0005
2026-07-30 13:46:58,BTCUSDT,BINANCE,TRADE,64032,0.0005
2026-07-30 13:46:58,BTCUSDT,BINANCE,TRADE,64032,0.0005
2026-07-30 13:46:58,BTCUSDT,BINANCE,TRADE,64032,0.0005
2026-07-30 13:46:58,BTCUSDT,BINANCE,TRADE,64032,0.00025
2026-07-30 13:46:58,BTCUSDT,BINANCE,TRADE,64032,0.0005
2026-07-30 13:46:58,BTCUSDT,BINANCE,TRADE,64032,0.0005
2026-07-30 13:46:58,BTCUSDT,BINANCE,TRADE,64032,0.0005
2026-07-30 13:46:58,BTCUSDT,BINANCE,TRADE,64032,0.0005
2026-07-30 13:46:58,BTCUSDT,BINANCE,TRADE,64032,0.00252
2026-07-30 13:46:58,BTCUSDT,BINANCE,TRADE,64032,0.00106
2026-07-30 13:46:58,BTCUSDT,BINANCE,TRADE,64032,0.0005
2026-07-30 13:46:58,ETHUSDT,BINANCE,TRADE,1905.08,0.0272
2026-07-30 13:46:58,BTCUSDT,BINANCE,TRADE,64032,0.0005
2026-07-30 13:46:58,BTCUSDT,BINANCE,TRADE,64032,0.00126
2026-07-30 13:46:58,BTCUSDT,BINANCE,TRADE,64032,0.00012
2026-07-30 13:46:58,BTCUSDT,BINANCE,TRADE,64032,0.00017
2026-07-30 13:46:58,BTCUSDT,BINANCE,TRADE,64032,0.0005
2026-07-30 13:46:58,BTCUSDT,BINANCE,TRADE,64032,0.00031
2026-07-30 13:46:58,BTCUSDT,BINANCE,TRADE,64032,0.00157
2026-07-30 13:46:58,BTCUSDT,BINANCE,TRADE,64032,0.0005
2026-07-30 13:46:58,BTCUSDT,BINANCE,TRADE,64032,0.0005
2026-07-30 13:46:58,BTCUSDT,BINANCE,TRADE,64032,0.0005
2026-07-30 13:46:58,BTCUSDT,BINANCE,TRADE,64032,0.0005
2026-07-30 13:46:58,BTCUSDT,BINANCE,TRADE,64032,0.0005
2026-07-30 13:46:58,BTCUSDT,BINANCE,TRADE,64032,0.0005
2026-07-30 13:46:58,BTCUSDT,BINANCE,TRADE,64032,0.0005
2026-07-30 13:46:58,BTCUSDT,BINANCE,TRADE,64032,0.00083
2026-07-30 13:46:58,BTCUSDT,BINANCE,TRADE,64032,0.0005
2026-07-30 13:46:58,BTCUSDT,BINANCE,TRADE,64032,0.00077
2026-07-30 13:46:58,BTCUSDT,BINANCE,TRADE,64032,0.0005
2026-07-30 13:46:58,BTCUSDT,BINANCE,TRADE,64032,0.0005
2026-07-30 13:46:58,BTCUSDT,BINANCE,TRADE,64032,0.0005
2026-07-30 13:46:58,BTCUSDT,BINANCE,TRADE,64032,0.00143
2026-07-30 13:46:58,BTCUSDT,BINANCE,TRADE,64032,0.0005
2026-07-30 13:46:58,BTCUSDT,BINANCE,TRADE,64032,0.0005
2026-07-30 13:46:58,BTCUSDT,BINANCE,TRADE,64032,0.00224
2026-07-30 13:46:58,BTCUSDT,BINANCE,TRADE,64032,0.0005
2026-07-30 13:46:58,BTCUSDT,BINANCE,TRADE,64032,0.00061
2026-07-30 13:46:58,BTCUSDT,BINANCE,TRADE,64032,0.0005
2026-07-30 13:46:58,BTCUSDT,BINANCE,TRADE,64032,0.0005
2026-07-30 13:46:58,BTCUSDT,BINANCE,TRADE,64032,0.0005
2026-07-30 13:46:58,BTCUSDT,BINANCE,TRADE,64032,0.0005
2026-07-30 13:46:58,BTCUSDT,BINANCE,TRADE,64032,0.0005
2026-07-30 13:46:58,ETHUSDT,BINANCE,TRADE,1905.08,0.0313
2026-07-30 13:46:58,BTCUSDT,BINANCE,TRADE,64032,0.0005
2026-07-30 13:46:58,BTCUSDT,BINANCE,TRADE,64032,0.0005
2026-07-30 13:46:58,ETHUSDT,BINANCE,TRADE,1905.07,0.0089
2026-07-30 13:46:58,BTCUSDT,BINANCE,TRADE,64032,0.0005
2026-07-30 13:46:58,BTCUSDT,BINANCE,TRADE,64032,0.00018
2026-07-30 13:46:58,SOLUSDT,BINANCE,TRADE,73.44,0.068
2026-07-30 13:46:58,BTCUSDT,BINANCE,TRADE,64032,0.0005
2026-07-30 13:46:58,BTCUSDT,BINANCE,TRADE,64032,0.0005
2026-07-30 13:46:58,BTCUSDT,BINANCE,TRADE,64032,0.0005
2026-07-30 13:46:58,ETHUSDT,BINANCE,TRADE,1905.07,0.2299
2026-07-30 13:46:58,BTCUSDT,BINANCE,TRADE,64032,0.0005
2026-07-30 13:46:58,BTCUSDT,BINANCE,TRADE,64032,0.0005
2026-07-30 13:46:58,BTCUSDT,BINANCE,TRADE,64032,0.0005
2026-07-30 13:46:58,BTCUSDT,BINANCE,TRADE,64032,0.0005
2026-07-30 13:46:58,BTCUSDT,BINANCE,TRADE,64032,0.00182
2026-07-30 13:46:58,BTCUSDT,BINANCE,TRADE,64032,0.0005
2026-07-30 13:46:58,ETHUSDT,BINANCE,TRADE,1905.08,0.458
2026-07-30 13:46:58,BTCUSDT,BINANCE,TRADE,64032,0.0005
2026-07-30 13:46:58,BTCUSDT,BINANCE,TRADE,64032,0.0005
2026-07-30 13:46:58,BTCUSDT,BINANCE,TRADE,64032,0.00013
2026-07-30 13:46:58,BTCUSDT,BINANCE,TRADE,64032,0.00204
2026-07-30 13:46:58,BTCUSDT,BINANCE,TRADE,64032,0.0005
2026-07-30 13:46:58,BTCUSDT,BINANCE,TRADE,64032,0.0005
2026-07-30 13:46:58,BTCUSDT,BINANCE,TRADE,64032,0.0005
2026-07-30 13:46:58,ETHUSDT,BINANCE,TRADE,1905.08,0.0136
2026-07-30 13:46:58,BTCUSDT,BINANCE,TRADE,64032,0.0005
2026-07-30 13:46:58,BTCUSDT,BINANCE,TRADE,64032,0.0005
2026-07-30 13:46:58,BTCUSDT,BINANCE,TRADE,64032,0.0005
2026-07-30 13:46:58,BTCUSDT,BINANCE,TRADE,64032,0.0005
2026-07-30 13:46:58,BTCUSDT,BINANCE,TRADE,64032,0.0005
2026-07-30 13:46:58,BTCUSDT,BINANCE,TRADE,64032,0.00018
2026-07-30 13:46:58,BTCUSDT,BINANCE,TRADE,64032,0.0005
2026-07-30 13:46:58,BTCUSDT,BINANCE,TRADE,64032,0.0005
2026-07-30 13:46:58,BTCUSDT,BINANCE,TRADE,64032,0.00021
2026-07-30 13:46:58,BTCUSDT,BINANCE,TRADE,64032,0.0005
2026-07-30 13:46:58,BTCUSDT,BINANCE,TRADE,64032,0.0005
2026-07-30 13:46:58,BTCUSDT,BINANCE,TRADE,64032,0.0075
2026-07-30 13:46:58,BTCUSDT,BINANCE,TRADE,64032,0.00109
2026-07-30 13:46:58,BTCUSDT,BINANCE,TRADE,64032,0.0005
2026-07-30 13:46:58,BTCUSDT,BINANCE,TRADE,64032,0.0005
2026-07-30 13:46:58,BTCUSDT,BINANCE,TRADE,64032,0.0005
2026-07-30 13:46:58,BTCUSDT,BINANCE,TRADE,64032,0.0005
2026-07-30 13:46:58,BTCUSDT,BINANCE,TRADE,64032,0.00499
2026-07-30 13:46:58,BTCUSDT,BINANCE,TRADE,64032,0.0005
2026-07-30 13:46:58,BTCUSDT,BINANCE,TRADE,64032,0.0005
2026-07-30 13:46:58,BTCUSDT,BINANCE,TRADE,64032,0.0005
2026-07-30 13:46:58,BTCUSDT,BINANCE,TRADE,64032,0.00038
2026-07-30 13:46:58,BTCUSDT,BINANCE,TRADE,64032,0.0005
2026-07-30 13:46:58,SOLUSDT,BINANCE,TRADE,73.43,0.023
2026-07-30 13:46:58,SOLUSDT,BINANCE,TRADE,73.43,0.072
2026-07-30 13:46:58,SOLUSDT,BINANCE,TRADE,73.43,0.072
2026-07-30 13:46:58,SOLUSDT,BINANCE,TRADE,73.43,0.072
2026-07-30 13:46:58,SOLUSDT,BINANCE,TRADE,73.43,0.277
2026-07-30 13:46:58,SOLUSDT,BINANCE,TRADE,73.43,0.072
2026-07-30 13:46:58,SOLUSDT,BINANCE,TRADE,73.43,0.072
2026-07-30 13:46:58,SOLUSDT,BINANCE,TRADE,73.43,0.072
2026-07-30 13:46:58,SOLUSDT,BINANCE,TRADE,73.43,0.072
2026-07-30 13:46:58,SOLUSDT,BINANCE,TRADE,73.43,0.072
2026-07-30 13:46:58,SOLUSDT,BINANCE,TRADE,73.43,0.137
2026-07-30 13:46:58,SOLUSDT,BINANCE,TRADE,73.43,1.053
2026-07-30 13:46:58,SOLUSDT,BINANCE,TRADE,73.43,5.096
2026-07-30 13:46:58,SOLUSDT,BINANCE,TRADE,73.43,0.072
2026-07-30 13:46:58,SOLUSDT,BINANCE,TRADE,73.43,0.069
2026-07-30 13:46:58,SOLUSDT,BINANCE,TRADE,73.43,8
2026-07-30 13:46:58,SOLUSDT,BINANCE,TRADE,73.43,4
2026-07-30 13:46:58,SOLUSDT,BINANCE,TRADE,73.43,2
2026-07-30 13:46:58,SOLUSDT,BINANCE,TRADE,73.43,0.13
2026-07-30 13:46:58,SOLUSDT,BINANCE,TRADE,73.43,0.13
2026-07-30 13:46:58,SOLUSDT,BINANCE,TRADE,73.43,0.13
2026-07-30 13:46:58,SOLUSDT,BINANCE,TRADE,73.43,0.272
2026-07-30 13:46:58,SOLUSDT,BINANCE,TRADE,73.43,5.085
2026-07-30 13:46:58,BTCUSDT,BINANCE,TRADE,64032,0.0005
2026-07-30 13:46:58,BTCUSDT,BINANCE,TRADE,64032,0.0005
2026-07-30 13:46:58,BTCUSDT,BINANCE,TRADE,64032,0.00015
2026-07-30 13:46:58,BTCUSDT,BINANCE,TRADE,64032,0.0005
2026-07-30 13:46:58,BTCUSDT,BINANCE,TRADE,64032,0.0005
2026-07-30 13:46:58,BTCUSDT,BINANCE,TRADE,64032,0.00314
2026-07-30 13:46:58,BTCUSDT,BINANCE,TRADE,64032,0.0005
2026-07-30 13:46:58,BTCUSDT,BINANCE,TRADE,64032,0.00033
2026-07-30 13:46:58,BTCUSDT,BINANCE,TRADE,64032,0.0005
2026-07-30 13:46:58,BTCUSDT,BINANCE,TRADE,64032,0.0005
2026-07-30 13:46:58,ETHUSDT,BINANCE,TRADE,1905.08,0.0082
2026-07-30 13:46:58,BTCUSDT,BINANCE,TRADE,64032,0.0005
2026-07-30 13:46:58,BTCUSDT,BINANCE,TRADE,64032,0.0005
2026-07-30 13:46:58,BTCUSDT,BINANCE,TRADE,64032,0.0005
2026-07-30 13:46:58,BTCUSDT,BINANCE,TRADE,64032,0.0005
2026-07-30 13:46:58,BTCUSDT,BINANCE,TRADE,64032,0.0005
2026-07-30 13:46:58,BTCUSDT,BINANCE,TRADE,64032,0.00021
2026-07-30 13:46:58,BTCUSDT,BINANCE,TRADE,64032,9e-05
2026-07-30 13:46:58,BTCUSDT,BINANCE,TRADE,64032,0.0005
2026-07-30 13:46:58,BTCUSDT,BINANCE,TRADE,64032,0.0005
2026-07-30 13:46:58,BTCUSDT,BINANCE,TRADE,64032,0.0005
2026-07-30 13:46:58,BTCUSDT,BINANCE,TRADE,64032,0.00022
2026-07-30 13:46:58,BTCUSDT,BINANCE,TRADE,64032,0.0005
2026-07-30 13:46:58,BTCUSDT,BINANCE,TRADE,64032,0.00025
2026-07-30 13:46:58,BTCUSDT,BINANCE,TRADE,64032,0.0005
2026-07-30 13:46:58,BTCUSDT,BINANCE,TRADE,64032,0.0005
2026-07-30 13:46:58,BTCUSDT,BINANCE,TRADE,64032,0.0005
2026-07-30 13:46:58,BTCUSDT,BINANCE,TRADE,64032,0.0005
2026-07-30 13:46:58,BTCUSDT,BINANCE,TRADE,64032,0.00614
2026-07-30 13:46:58,BTCUSDT,BINANCE,TRADE,64032,0.0005
2026-07-30 13:46:58,BTCUSDT,BINANCE,TRADE,64032,0.0005
2026-07-30 13:46:58,BTCUSDT,BINANCE,TRADE,64032,0.00012
2026-07-30 13:46:58,BTCUSDT,BINANCE,TRADE,64032,0.0005
2026-07-30 13:46:59,BTCUSDT,BINANCE,TRADE,64032,0.0005
2026-07-30 13:46:59,BTCUSDT,BINANCE,TRADE,64032,0.0005
2026-07-30 13:46:59,BTCUSDT,BINANCE,TRADE,64032,0.0005
2026-07-30 13:46:59,ETHUSDT,BINANCE,TRADE,1905.08,0.0109
2026-07-30 13:46:59,BTCUSDT,BINANCE,TRADE,64032,0.0005
2026-07-30 13:46:59,ETHUSDT,BINANCE,TRADE,1905.07,0.2321
2026-07-30 13:46:59,BTCUSDT,BINANCE,TRADE,64032,0.0005
2026-07-30 13:46:59,BTCUSDT,BINANCE,TRADE,64032,0.0005
2026-07-30 13:46:59,ETHUSDT,BINANCE,TRADE,1905.07,0.0617
2026-07-30 13:46:59,BTCUSDT,BINANCE,TRADE,64032,0.0005
2026-07-30 13:46:59,BTCUSDT,BINANCE,TRADE,64032,0.0005
2026-07-30 13:46:59,BTCUSDT,BINANCE,TRADE,64032,0.0005
2026-07-30 13:46:59,BTCUSDT,BINANCE,TRADE,64032,0.0005
2026-07-30 13:46:59,BTCUSDT,BINANCE,TRADE,64032,0.0005
2026-07-30 13:46:59,BTCUSDT,BINANCE,TRADE,64032,0.0005
2026-07-30 13:46:59,BTCUSDT,BINANCE,TRADE,64032,0.0005
2026-07-30 13:46:59,BTCUSDT,BINANCE,TRADE,64032,0.00014
2026-07-30 13:46:59,BTCUSDT,BINANCE,TRADE,64032,0.00038
2026-07-30 13:46:59,BTCUSDT,BINANCE,TRADE,64032,0.0005
2026-07-30 13:46:59,BTCUSDT,BINANCE,TRADE,64032,0.00515
2026-07-30 13:46:59,BTCUSDT,BINANCE,TRADE,64032,0.0005
2026-07-30 13:46:59,BTCUSDT,BINANCE,TRADE,64032,0.0005
2026-07-30 13:46:59,BTCUSDT,BINANCE,TRADE,64032,0.0005
2026-07-30 13:46:59,BTCUSDT,BINANCE,TRADE,64032,0.0005
2026-07-30 13:46:59,BTCUSDT,BINANCE,TRADE,64032,0.00122
2026-07-30 13:46:59,BTCUSDT,BINANCE,TRADE,64032,0.0005
2026-07-30 13:46:59,BTCUSDT,BINANCE,TRADE,64032,0.0005
2026-07-30 13:46:59,BTCUSDT,BINANCE,TRADE,64032,0.0005
2026-07-30 13:46:59,BTCUSDT,BINANCE,TRADE,64032,0.0005
2026-07-30 13:46:59,BTCUSDT,BINANCE,TRADE,64032,0.0005
2026-07-30 13:46:59,BTCUSDT,BINANCE,TRADE,64032,0.0005
2026-07-30 13:46:59,ETHUSDT,BINANCE,TRADE,1905.07,0.0055
2026-07-30 13:46:59,BTCUSDT,BINANCE,TRADE,64032,0.0005
2026-07-30 13:46:59,BTCUSDT,BINANCE,TRADE,64032,0.0005
2026-07-30 13:46:59,BTCUSDT,BINANCE,TRADE,64032,0.0005
2026-07-30 13:46:59,BTCUSDT,BINANCE,TRADE,64032,0.00016
2026-07-30 13:46:59,BTCUSDT,BINANCE,TRADE,64032,0.0005
2026-07-30 13:46:59,BTCUSDT,BINANCE,TRADE,64032,0.00266
2026-07-30 13:46:59,BTCUSDT,BINANCE,TRADE,64032,0.0005
2026-07-30 13:46:59,BTCUSDT,BINANCE,TRADE,64032,0.0005
2026-07-30 13:46:59,BTCUSDT,BINANCE,TRADE,64032,0.0005
2026-07-30 13:46:59,ETHUSDT,BINANCE,TRADE,1905.08,0.1725
2026-07-30 13:46:59,BTCUSDT,BINANCE,TRADE,64032,0.0005
2026-07-30 13:46:59,ETHUSDT,BINANCE,TRADE,1905.08,0.0252
2026-07-30 13:46:59,BTCUSDT,BINANCE,TRADE,64032,0.00143
2026-07-30 13:46:59,BTCUSDT,BINANCE,TRADE,64032,0.0005
2026-07-30 13:46:59,BTCUSDT,BINANCE,TRADE,64032,0.00509
2026-07-30 13:46:59,BTCUSDT,BINANCE,TRADE,64032,0.0005
2026-07-30 13:46:59,BTCUSDT,BINANCE,TRADE,64032,0.0005
2026-07-30 13:46:59,BTCUSDT,BINANCE,TRADE,64032,0.0005
2026-07-30 13:46:59,BTCUSDT,BINANCE,TRADE,64032,0.0005
2026-07-30 13:46:59,ETHUSDT,BINANCE,TRADE,1905.08,0.1733
2026-07-30 13:46:59,BTCUSDT,BINANCE,TRADE,64032,0.0005
2026-07-30 13:46:59,BTCUSDT,BINANCE,TRADE,64032,0.002
2026-07-30 13:46:59,BTCUSDT,BINANCE,TRADE,64032,0.0005
2026-07-30 13:46:59,BTCUSDT,BINANCE,TRADE,64032,0.0005
2026-07-30 13:46:59,BTCUSDT,BINANCE,TRADE,64032,0.0005
2026-07-30 13:46:59,BTCUSDT,BINANCE,TRADE,64032,0.01561
2026-07-30 13:46:59,BTCUSDT,BINANCE,TRADE,64032,0.0005
2026-07-30 13:46:59,BTCUSDT,BINANCE,TRADE,64032,0.0005
2026-07-30 13:46:59,BTCUSDT,BINANCE,TRADE,64032,0.00021
2026-07-30 13:46:59,BTCUSDT,BINANCE,TRADE,64032,0.0005
2026-07-30 13:46:59,BTCUSDT,BINANCE,TRADE,64032,0.00087
2026-07-30 13:46:59,BTCUSDT,BINANCE,TRADE,64032,0.0005
2026-07-30 13:46:59,SOLUSDT,BINANCE,TRADE,73.43,1.077
2026-07-30 13:46:59,SOLUSDT,BINANCE,TRADE,73.43,0.07
2026-07-30 13:46:59,SOLUSDT,BINANCE,TRADE,73.43,26.093
2026-07-30 13:46:59,BTCUSDT,BINANCE,TRADE,64032,0.0005
2026-07-30 13:46:59,BTCUSDT,BINANCE,TRADE,64032,0.00166
2026-07-30 13:46:59,ETHUSDT,BINANCE,TRADE,1905.07,0.0338
2026-07-30 13:46:59,BTCUSDT,BINANCE,TRADE,64032,0.00617
2026-07-30 13:46:59,BTCUSDT,BINANCE,TRADE,64032,0.0005
2026-07-30 13:46:59,BTCUSDT,BINANCE,TRADE,64032,0.0005
2026-07-30 13:46:59,BTCUSDT,BINANCE,TRADE,64032,0.0005
2026-07-30 13:46:59,BTCUSDT,BINANCE,TRADE,64032,0.0005
2026-07-30 13:46:59,BTCUSDT,BINANCE,TRADE,64032,0.0005
2026-07-30 13:46:59,BTCUSDT,BINANCE,TRADE,64032,0.0005
2026-07-30 13:46:59,BTCUSDT,BINANCE,TRADE,64032,0.0005
2026-07-30 13:46:59,BTCUSDT,BINANCE,TRADE,64032,0.0005
2026-07-30 13:46:59,BTCUSDT,BINANCE,TRADE,64032,0.0005
2026-07-30 13:46:59,BTCUSDT,BINANCE,TRADE,64032,0.0005
2026-07-30 13:46:59,BTCUSDT,BINANCE,TRADE,64032,0.0005
2026-07-30 13:46:59,BTCUSDT,BINANCE,TRADE,64032,0.00287
2026-07-30 13:46:59,BTCUSDT,BINANCE,TRADE,64032,0.0005
2026-07-30 13:46:59,BTCUSDT,BINANCE,TRADE,64032,0.0005
2026-07-30 13:46:59,ETHUSDT,BINANCE,TRADE,1905.08,0.0189
2026-07-30 13:46:59,BTCUSDT,BINANCE,TRADE,64032,0.0005
2026-07-30 13:46:59,BTCUSDT,BINANCE,TRADE,64032,0.0005
2026-07-30 13:46:59,BTCUSDT,BINANCE,TRADE,64032,0.00038
2026-07-30 13:46:59,BTCUSDT,BINANCE,TRADE,64032,0.0005
2026-07-30 13:46:59,BTCUSDT,BINANCE,TRADE,64032,0.0005
2026-07-30 13:46:59,BTCUSDT,BINANCE,TRADE,64032,0.00031
2026-07-30 13:46:59,BTCUSDT,BINANCE,TRADE,64032,0.0005
2026-07-30 13:46:59,BTCUSDT,BINANCE,TRADE,64032,0.0005
2026-07-30 13:46:59,BTCUSDT,BINANCE,TRADE,64032,0.0005
2026-07-30 13:46:59,BTCUSDT,BINANCE,TRADE,64032,8e-05
2026-07-30 13:46:59,BTCUSDT,BINANCE,TRADE,64032,0.0005
2026-07-30 13:46:59,BTCUSDT,BINANCE,TRADE,64032,0.0005
2026-07-30 13:46:59,BTCUSDT,BINANCE,TRADE,64032,0.0005
2026-07-30 13:46:59,BTCUSDT,BINANCE,TRADE,64032,0.0005
2026-07-30 13:46:59,BTCUSDT,BINANCE,TRADE,64032,0.0005
2026-07-30 13:46:59,BTCUSDT,BINANCE,TRADE,64032,0.0005
2026-07-30 13:46:59,BTCUSDT,BINANCE,TRADE,64032,0.0005
2026-07-30 13:46:59,BTCUSDT,BINANCE,TRADE,64032,0.0005
2026-07-30 13:46:59,BTCUSDT,BINANCE,TRADE,64032,0.0005
2026-07-30 13:46:59,BTCUSDT,BINANCE,TRADE,64032,0.0005
2026-07-30 13:46:59,BTCUSDT,BINANCE,TRADE,64032,0.0005
2026-07-30 13:46:59,BTCUSDT,BINANCE,TRADE,64032,0.0005
2026-07-30 13:46:59,BTCUSDT,BINANCE,TRADE,64032,0.0005
2026-07-30 13:46:59,BTCUSDT,BINANCE,TRADE,64032,0.0005
2026-07-30 13:46:59,ETHUSDT,BINANCE,TRADE,1905.07,0.0523
2026-07-30 13:46:59,BTCUSDT,BINANCE,TRADE,64032,0.0005
2026-07-30 13:46:59,BTCUSDT,BINANCE,TRADE,64032,0.00101
2026-07-30 13:46:59,BTCUSDT,BINANCE,TRADE,64032,0.0005
2026-07-30 13:46:59,BTCUSDT,BINANCE,TRADE,64032,0.0005
2026-07-30 13:46:59,BTCUSDT,BINANCE,TRADE,64032,0.00037
2026-07-30 13:46:59,ETHUSDT,BINANCE,TRADE,1905.07,0.0136
2026-07-30 13:46:59,BTCUSDT,BINANCE,TRADE,64032,0.0005
2026-07-30 13:46:59,BTCUSDT,BINANCE,TRADE,64032,0.00224
2026-07-30 13:46:59,BTCUSDT,BINANCE,TRADE,64032,0.00138
2026-07-30 13:46:59,BTCUSDT,BINANCE,TRADE,64032,0.0005
2026-07-30 13:46:59,BTCUSDT,BINANCE,TRADE,64032,0.0005
2026-07-30 13:46:59,BTCUSDT,BINANCE,TRADE,64032,0.00018
2026-07-30 13:46:59,BTCUSDT,BINANCE,TRADE,64032,0.0005
2026-07-30 13:46:59,BTCUSDT,BINANCE,TRADE,64032,0.0005
2026-07-30 13:46:59,BTCUSDT,BINANCE,TRADE,64032,0.0005
2026-07-30 13:46:59,BTCUSDT,BINANCE,TRADE,64032,0.0005
2026-07-30 13:46:59,BTCUSDT,BINANCE,TRADE,64032,0.0005
2026-07-30 13:46:59,BTCUSDT,BINANCE,TRADE,64032,0.00011
2026-07-30 13:46:59,BTCUSDT,BINANCE,TRADE,64032,0.00017
2026-07-30 13:46:59,BTCUSDT,BINANCE,TRADE,64032,0.0005
2026-07-30 13:46:59,BTCUSDT,BINANCE,TRADE,64032,0.0005
2026-07-30 13:46:59,BTCUSDT,BINANCE,TRADE,64032,0.00499
2026-07-30 13:47:00,BTCUSDT,BINANCE,TRADE,64032,0.00021
2026-07-30 13:47:00,BTCUSDT,BINANCE,TRADE,64032,0.0005
2026-07-30 13:47:00,BTCUSDT,BINANCE,TRADE,64032,0.0005
2026-07-30 13:47:00,BTCUSDT,BINANCE,TRADE,64032,0.0005
2026-07-30 13:47:00,BTCUSDT,BINANCE,TRADE,64032,0.0008
2026-07-30 13:47:00,BTCUSDT,BINANCE,TRADE,64032,0.00143
2026-07-30 13:47:00,BTCUSDT,BINANCE,TRADE,64032,0.0005
2026-07-30 13:47:00,BTCUSDT,BINANCE,TRADE,64032,0.00106
2026-07-30 13:47:00,BTCUSDT,BINANCE,TRADE,64032,0.00055
2026-07-30 13:47:00,BTCUSDT,BINANCE,TRADE,64032,0.0005
2026-07-30 13:47:00,ETHUSDT,BINANCE,TRADE,1905.08,0.0869
2026-07-30 13:47:00,BTCUSDT,BINANCE,TRADE,64032,0.00012
2026-07-30 13:47:00,BTCUSDT,BINANCE,TRADE,64032,0.0005
2026-07-30 13:47:00,BTCUSDT,BINANCE,TRADE,64032,0.0005
2026-07-30 13:47:00,BTCUSDT,BINANCE,TRADE,64032,0.0005
2026-07-30 13:47:00,BTCUSDT,BINANCE,TRADE,64032,0.0005
2026-07-30 13:47:00,BTCUSDT,BINANCE,TRADE,64032,0.0005
2026-07-30 13:47:00,BTCUSDT,BINANCE,TRADE,64032,0.0005
2026-07-30 13:47:00,BTCUSDT,BINANCE,TRADE,64032,0.00018
2026-07-30 13:47:00,BTCUSDT,BINANCE,TRADE,64032,0.0005
2026-07-30 13:47:00,BTCUSDT,BINANCE,TRADE,64032,0.0005
2026-07-30 13:47:00,BTCUSDT,BINANCE,TRADE,64032,0.0005
2026-07-30 13:47:00,SOLUSDT,BINANCE,TRADE,73.43,0.518
2026-07-30 13:47:00,SOLUSDT,BINANCE,TRADE,73.43,0.072
2026-07-30 13:47:00,SOLUSDT,BINANCE,TRADE,73.43,0.072
2026-07-30 13:47:00,SOLUSDT,BINANCE,TRADE,73.43,0.072
2026-07-30 13:47:00,SOLUSDT,BINANCE,TRADE,73.43,0.072
2026-07-30 13:47:00,SOLUSDT,BINANCE,TRADE,73.43,0.069
2026-07-30 13:47:00,SOLUSDT,BINANCE,TRADE,73.43,0.072
2026-07-30 13:47:00,SOLUSDT,BINANCE,TRADE,73.43,0.072
2026-07-30 13:47:00,SOLUSDT,BINANCE,TRADE,73.43,0.072
2026-07-30 13:47:00,SOLUSDT,BINANCE,TRADE,73.43,0.137
2026-07-30 13:47:00,SOLUSDT,BINANCE,TRADE,73.43,0.072
2026-07-30 13:47:00,SOLUSDT,BINANCE,TRADE,73.43,0.072
2026-07-30 13:47:00,SOLUSDT,BINANCE,TRADE,73.43,0.072
2026-07-30 13:47:00,SOLUSDT,BINANCE,TRADE,73.43,4
2026-07-30 13:47:00,SOLUSDT,BINANCE,TRADE,73.43,8
2026-07-30 13:47:00,SOLUSDT,BINANCE,TRADE,73.43,2
2026-07-30 13:47:00,SOLUSDT,BINANCE,TRADE,73.43,0.205
2026-07-30 13:47:00,SOLUSDT,BINANCE,TRADE,73.43,0.79
2026-07-30 13:47:00,SOLUSDT,BINANCE,TRADE,73.43,10.811
2026-07-30 13:47:00,BTCUSDT,BINANCE,TRADE,64032,0.0005
2026-07-30 13:47:00,ETHUSDT,BINANCE,TRADE,1905.08,0.0182
2026-07-30 13:47:00,BTCUSDT,BINANCE,TRADE,64032,0.0005
2026-07-30 13:47:00,BTCUSDT,BINANCE,TRADE,64032,0.00038
2026-07-30 13:47:00,BTCUSDT,BINANCE,TRADE,64032,0.0005
2026-07-30 13:47:00,BTCUSDT,BINANCE,TRADE,64032,0.0005
2026-07-30 13:47:00,BTCUSDT,BINANCE,TRADE,64032,0.0005
2026-07-30 13:47:00,ETHUSDT,BINANCE,TRADE,1905.08,0.0103
2026-07-30 13:47:00,BTCUSDT,BINANCE,TRADE,64032,0.00053
2026-07-30 13:47:00,BTCUSDT,BINANCE,TRADE,64032,0.0005
2026-07-30 13:47:00,BTCUSDT,BINANCE,TRADE,64032,0.0005
2026-07-30 13:47:00,BTCUSDT,BINANCE,TRADE,64032,0.0005
2026-07-30 13:47:00,BTCUSDT,BINANCE,TRADE,64032,0.0005
2026-07-30 13:47:00,BTCUSDT,BINANCE,TRADE,64032,0.0005
2026-07-30 13:47:00,BTCUSDT,BINANCE,TRADE,64032,0.0005
2026-07-30 13:47:00,BTCUSDT,BINANCE,TRADE,64032,0.0005
2026-07-30 13:47:00,BTCUSDT,BINANCE,TRADE,64032,0.0005
2026-07-30 13:47:00,BTCUSDT,BINANCE,TRADE,64032,0.0005
2026-07-30 13:47:00,BTCUSDT,BINANCE,TRADE,64032,0.0005
2026-07-30 13:47:00,BTCUSDT,BINANCE,TRADE,64032,0.0005
2026-07-30 13:47:00,ETHUSDT,BINANCE,TRADE,1905.07,0.0322
2026-07-30 13:47:00,BTCUSDT,BINANCE,TRADE,64032,0.0005
2026-07-30 13:47:00,BTCUSDT,BINANCE,TRADE,64032,0.0005
2026-07-30 13:47:00,BTCUSDT,BINANCE,TRADE,64032,0.0005
2026-07-30 13:47:00,BTCUSDT,BINANCE,TRADE,64032,0.0005
2026-07-30 13:47:00,ETHUSDT,BINANCE,TRADE,1905.07,0.0225
2026-07-30 13:47:00,ETHUSDT,BINANCE,TRADE,1905.07,0.2159
2026-07-30 13:47:00,BTCUSDT,BINANCE,TRADE,64032,0.0005
2026-07-30 13:47:00,BTCUSDT,BINANCE,TRADE,64032,0.0005
2026-07-30 13:47:00,ETHUSDT,BINANCE,TRADE,1905.08,0.2321
2026-07-30 13:47:00,BTCUSDT,BINANCE,TRADE,64032,0.0005
2026-07-30 13:47:00,BTCUSDT,BINANCE,TRADE,64032,0.0005
2026-07-30 13:47:00,BTCUSDT,BINANCE,TRADE,64032,0.00145
2026-07-30 13:47:00,BTCUSDT,BINANCE,TRADE,64032,0.00025
2026-07-30 13:47:00,BTCUSDT,BINANCE,TRADE,64032,0.0005
2026-07-30 13:47:00,BTCUSDT,BINANCE,TRADE,64032,0.0005
2026-07-30 13:47:00,BTCUSDT,BINANCE,TRADE,64032,0.0005
2026-07-30 13:47:00,BTCUSDT,BINANCE,TRADE,64032,0.0005
2026-07-30 13:47:00,BTCUSDT,BINANCE,TRADE,64032,0.0005
2026-07-30 13:47:00,BTCUSDT,BINANCE,TRADE,64032,0.0005
2026-07-30 13:47:00,BTCUSDT,BINANCE,TRADE,64032,0.0005
2026-07-30 13:47:00,BTCUSDT,BINANCE,TRADE,64032,0.00075
2026-07-30 13:47:00,BTCUSDT,BINANCE,TRADE,64032,0.0005
2026-07-30 13:47:00,BTCUSDT,BINANCE,TRADE,64032,0.00031
2026-07-30 13:47:00,BTCUSDT,BINANCE,TRADE,64032,0.0005
2026-07-30 13:47:00,BTCUSDT,BINANCE,TRADE,64032,0.00012
2026-07-30 13:47:00,BTCUSDT,BINANCE,TRADE,64032,0.0005
2026-07-30 13:47:00,BTCUSDT,BINANCE,TRADE,64032,0.0005
2026-07-30 13:47:00,BTCUSDT,BINANCE,TRADE,64032,0.00521
2026-07-30 13:47:00,BTCUSDT,BINANCE,TRADE,64032,0.0005
2026-07-30 13:47:00,BTCUSDT,BINANCE,TRADE,64032,0.0005
2026-07-30 13:47:00,BTCUSDT,BINANCE,TRADE,64032,0.0005
2026-07-30 13:47:00,BTCUSDT,BINANCE,TRADE,64032,0.0005
2026-07-30 13:47:00,BTCUSDT,BINANCE,TRADE,64032,0.0005
2026-07-30 13:47:00,BTCUSDT,BINANCE,TRADE,64032,0.0005
2026-07-30 13:47:00,BTCUSDT,BINANCE,TRADE,64032,0.00027
2026-07-30 13:47:00,BTCUSDT,BINANCE,TRADE,64032,0.00087
2026-07-30 13:47:00,BTCUSDT,BINANCE,TRADE,64032,0.0005
2026-07-30 13:47:00,BTCUSDT,BINANCE,TRADE,64032,0.0005
2026-07-30 13:47:00,BTCUSDT,BINANCE,TRADE,64032,0.0005
2026-07-30 13:47:00,SOLUSDT,BINANCE,TRADE,73.44,8.316
2026-07-30 13:47:00,BTCUSDT,BINANCE,TRADE,64032,0.00859
2026-07-30 13:47:00,BTCUSDT,BINANCE,TRADE,64032,0.0005
2026-07-30 13:47:00,BTCUSDT,BINANCE,TRADE,64032,0.00509
2026-07-30 13:47:00,BTCUSDT,BINANCE,TRADE,64032,0.0005
2026-07-30 13:47:00,BTCUSDT,BINANCE,TRADE,64032,0.0005
2026-07-30 13:47:00,BTCUSDT,BINANCE,TRADE,64032,0.0005
2026-07-30 13:47:00,BTCUSDT,BINANCE,TRADE,64032,0.0005
2026-07-30 13:47:00,BTCUSDT,BINANCE,TRADE,64032,0.0005
2026-07-30 13:47:00,BTCUSDT,BINANCE,TRADE,64032,0.0005
2026-07-30 13:47:00,BTCUSDT,BINANCE,TRADE,64032,0.0005
2026-07-30 13:47:00,BTCUSDT,BINANCE,TRADE,64032,0.00038
2026-07-30 13:47:00,BTCUSDT,BINANCE,TRADE,64032,0.0005
2026-07-30 13:47:00,BTCUSDT,BINANCE,TRADE,64032,0.00065
2026-07-30 13:47:00,BTCUSDT,BINANCE,TRADE,64032,0.0005
2026-07-30 13:47:00,BTCUSDT,BINANCE,TRADE,64032,0.0005
2026-07-30 13:47:00,BTCUSDT,BINANCE,TRADE,64032,0.00018
2026-07-30 13:47:00,BTCUSDT,BINANCE,TRADE,64032,0.00154
2026-07-30 13:47:00,BTCUSDT,BINANCE,TRADE,64032,0.0005
2026-07-30 13:47:00,BTCUSDT,BINANCE,TRADE,64032,0.0005
2026-07-30 13:47:00,BTCUSDT,BINANCE,TRADE,64032,0.00166
2026-07-30 13:47:00,BTCUSDT,BINANCE,TRADE,64032,0.0005
2026-07-30 13:47:00,ETHUSDT,BINANCE,TRADE,1905.07,0.0354
2026-07-30 13:47:00,BTCUSDT,BINANCE,TRADE,64032,0.0005
2026-07-30 13:47:00,BTCUSDT,BINANCE,TRADE,64032,0.0004
2026-07-30 13:47:00,BTCUSDT,BINANCE,TRADE,64032,0.0005
2026-07-30 13:47:00,BTCUSDT,BINANCE,TRADE,64032,0.00017
2026-07-30 13:47:00,BTCUSDT,BINANCE,TRADE,64032,0.0005
2026-07-30 13:47:00,BTCUSDT,BINANCE,TRADE,64032,0.0005
2026-07-30 13:47:00,BTCUSDT,BINANCE,TRADE,64032,0.0005
2026-07-30 13:47:00,BTCUSDT,BINANCE,TRADE,64032,0.0005
2026-07-30 13:47:00,BTCUSDT,BINANCE,TRADE,64032,9e-05
2026-07-30 13:47:00,BTCUSDT,BINANCE,TRADE,64032,0.0005
2026-07-30 13:47:00,BTCUSDT,BINANCE,TRADE,64032,0.0005
2026-07-30 13:47:00,BTCUSDT,BINANCE,TRADE,64032,0.00787
2026-07-30 13:47:00,BTCUSDT,BINANCE,TRADE,64032,0.0005
2026-07-30 13:47:00,BTCUSDT,BINANCE,TRADE,64032,0.0005
2026-07-30 13:47:00,BTCUSDT,BINANCE,TRADE,64032,0.0005
2026-07-30 13:47:00,BTCUSDT,BINANCE,TRADE,64032,0.00103
2026-07-30 13:47:00,SOLUSDT,BINANCE,TRADE,73.43,27.25
2026-07-30 13:47:00,BTCUSDT,BINANCE,TRADE,64032,0.0005
2026-07-30 13:47:00,BTCUSDT,BINANCE,TRADE,64032,0.0005
2026-07-30 13:47:00,BTCUSDT,BINANCE,TRADE,64032,0.0005
2026-07-30 13:47:00,BTCUSDT,BINANCE,TRADE,64032,0.00018
2026-07-30 13:47:00,BTCUSDT,BINANCE,TRADE,64032,0.0005
2026-07-30 13:47:00,BTCUSDT,BINANCE,TRADE,64032,0.0005
2026-07-30 13:47:00,BTCUSDT,BINANCE,TRADE,64032,0.0005
2026-07-30 13:47:00,BTCUSDT,BINANCE,TRADE,64032,0.0002
2026-07-30 13:47:00,BTCUSDT,BINANCE,TRADE,64032,0.0005
2026-07-30 13:47:00,BTCUSDT,BINANCE,TRADE,64032,0.0005
2026-07-30 13:47:00,BTCUSDT,BINANCE,TRADE,64032,0.0005
2026-07-30 13:47:00,ETHUSDT,BINANCE,TRADE,1905.08,0.0338
2026-07-30 13:47:00,BTCUSDT,BINANCE,TRADE,64032,0.0005
2026-07-30 13:47:01,BTCUSDT,BINANCE,TRADE,64032,0.00125
2026-07-30 13:47:01,BTCUSDT,BINANCE,TRADE,64032,0.0005
2026-07-30 13:47:01,BTCUSDT,BINANCE,TRADE,64032,0.00156
2026-07-30 13:47:01,BTCUSDT,BINANCE,TRADE,64032,8e-05
2026-07-30 13:47:01,BTCUSDT,BINANCE,TRADE,64032,0.0005
2026-07-30 13:47:01,BTCUSDT,BINANCE,TRADE,64032,0.0005
2026-07-30 13:47:01,BTCUSDT,BINANCE,TRADE,64032,0.002
2026-07-30 13:47:01,BTCUSDT,BINANCE,TRADE,64032,0.0005
2026-07-30 13:47:01,BTCUSDT,BINANCE,TRADE,64032,0.0005
2026-07-30 13:47:01,BTCUSDT,BINANCE,TRADE,64032,0.00032
2026-07-30 13:47:01,BTCUSDT,BINANCE,TRADE,64032,0.0005
2026-07-30 13:47:01,ETHUSDT,BINANCE,TRADE,1905.08,0.029
2026-07-30 13:47:01,BTCUSDT,BINANCE,TRADE,64032,0.00029
2026-07-30 13:47:01,BTCUSDT,BINANCE,TRADE,64032,0.0005
2026-07-30 13:47:01,BTCUSDT,BINANCE,TRADE,64032,0.00015
2026-07-30 13:47:01,BTCUSDT,BINANCE,TRADE,64032,0.0005
2026-07-30 13:47:01,BTCUSDT,BINANCE,TRADE,64032,0.0005
2026-07-30 13:47:01,BTCUSDT,BINANCE,TRADE,64032,0.0005
2026-07-30 13:47:01,BTCUSDT,BINANCE,TRADE,64032,0.0005
2026-07-30 13:47:01,BTCUSDT,BINANCE,TRADE,64032,0.00182
2026-07-30 13:47:01,BTCUSDT,BINANCE,TRADE,64032,0.0005
2026-07-30 13:47:01,BTCUSDT,BINANCE,TRADE,64032,0.0005
2026-07-30 13:47:01,ETHUSDT,BINANCE,TRADE,1905.08,0.0189
2026-07-30 13:47:01,BTCUSDT,BINANCE,TRADE,64032,0.10151
2026-07-30 13:47:01,BTCUSDT,BINANCE,TRADE,64032,0.0005
2026-07-30 13:47:01,BTCUSDT,BINANCE,TRADE,64032,0.0005
2026-07-30 13:47:01,BTCUSDT,BINANCE,TRADE,64032,0.0005
2026-07-30 13:47:01,BTCUSDT,BINANCE,TRADE,64032,0.0005
2026-07-30 13:47:01,BTCUSDT,BINANCE,TRADE,64032,0.00499
2026-07-30 13:47:01,BTCUSDT,BINANCE,TRADE,64032,0.0005
2026-07-30 13:47:01,BTCUSDT,BINANCE,TRADE,64032,0.0005
2026-07-30 13:47:01,BTCUSDT,BINANCE,TRADE,64032,0.00025
2026-07-30 13:47:01,BTCUSDT,BINANCE,TRADE,64032,0.0005
2026-07-30 13:47:01,BTCUSDT,BINANCE,TRADE,64032,0.0005
2026-07-30 13:47:01,BTCUSDT,BINANCE,TRADE,64032,0.0005
2026-07-30 13:47:01,BTCUSDT,BINANCE,TRADE,64032,0.00026
2026-07-30 13:47:01,BTCUSDT,BINANCE,TRADE,64032,0.0005
2026-07-30 13:47:01,BTCUSDT,BINANCE,TRADE,64032,0.0005
2026-07-30 13:47:01,BTCUSDT,BINANCE,TRADE,64032,0.0005
2026-07-30 13:47:01,BTCUSDT,BINANCE,TRADE,64032,0.0005
2026-07-30 13:47:01,BTCUSDT,BINANCE,TRADE,64032,0.0005
2026-07-30 13:47:01,BTCUSDT,BINANCE,TRADE,64032,0.00022
2026-07-30 13:47:01,BTCUSDT,BINANCE,TRADE,64032,0.0005
2026-07-30 13:47:01,BTCUSDT,BINANCE,TRADE,64032,0.0005
2026-07-30 13:47:01,BTCUSDT,BINANCE,TRADE,64032,0.0005
2026-07-30 13:47:01,BTCUSDT,BINANCE,TRADE,64032,0.00012
2026-07-30 13:47:01,BTCUSDT,BINANCE,TRADE,64032,0.0005
2026-07-30 13:47:01,BTCUSDT,BINANCE,TRADE,64032,0.00149
2026-07-30 13:47:01,BTCUSDT,BINANCE,TRADE,64032,0.0005
2026-07-30 13:47:01,BTCUSDT,BINANCE,TRADE,64032,0.0005
2026-07-30 13:47:01,BTCUSDT,BINANCE,TRADE,64032,0.00015
2026-07-30 13:47:01,BTCUSDT,BINANCE,TRADE,64032,0.0005
2026-07-30 13:47:01,BTCUSDT,BINANCE,TRADE,64032,0.01874
2026-07-30 13:47:01,BTCUSDT,BINANCE,TRADE,64032,0.0005
2026-07-30 13:47:01,BTCUSDT,BINANCE,TRADE,64032,0.0005
2026-07-30 13:47:01,BTCUSDT,BINANCE,TRADE,64032,0.0005
2026-07-30 13:47:01,BTCUSDT,BINANCE,TRADE,64032,0.0005
2026-07-30 13:47:01,ETHUSDT,BINANCE,TRADE,1905.08,0.0665
2026-07-30 13:47:01,ETHUSDT,BINANCE,TRADE,1905.08,0.0212
2026-07-30 13:47:01,ETHUSDT,BINANCE,TRADE,1905.08,0.0027
2026-07-30 13:47:01,ETHUSDT,BINANCE,TRADE,1905.08,0.0027
2026-07-30 13:47:01,ETHUSDT,BINANCE,TRADE,1905.08,0.0027
2026-07-30 13:47:01,ETHUSDT,BINANCE,TRADE,1905.08,0.0027
2026-07-30 13:47:01,ETHUSDT,BINANCE,TRADE,1905.08,0.0028
2026-07-30 13:47:01,ETHUSDT,BINANCE,TRADE,1905.08,0.0027
2026-07-30 13:47:01,ETHUSDT,BINANCE,TRADE,1905.08,0.0028
2026-07-30 13:47:01,ETHUSDT,BINANCE,TRADE,1905.08,0.0053
2026-07-30 13:47:01,ETHUSDT,BINANCE,TRADE,1905.08,0.0027
2026-07-30 13:47:01,ETHUSDT,BINANCE,TRADE,1905.08,0.0027
2026-07-30 13:47:01,ETHUSDT,BINANCE,TRADE,1905.08,0.0027
2026-07-30 13:47:01,ETHUSDT,BINANCE,TRADE,1905.08,0.021
2026-07-30 13:47:01,ETHUSDT,BINANCE,TRADE,1905.08,0.0027
2026-07-30 13:47:01,ETHUSDT,BINANCE,TRADE,1905.08,0.0137
2026-07-30 13:47:01,ETHUSDT,BINANCE,TRADE,1905.08,0.0027
2026-07-30 13:47:01,ETHUSDT,BINANCE,TRADE,1905.08,0.0027
2026-07-30 13:47:01,ETHUSDT,BINANCE,TRADE,1905.08,0.0027
2026-07-30 13:47:01,ETHUSDT,BINANCE,TRADE,1905.08,0.021
2026-07-30 13:47:01,ETHUSDT,BINANCE,TRADE,1905.08,0.0027
2026-07-30 13:47:01,ETHUSDT,BINANCE,TRADE,1905.08,0.0027
2026-07-30 13:47:01,ETHUSDT,BINANCE,TRADE,1905.08,0.0027
2026-07-30 13:47:01,ETHUSDT,BINANCE,TRADE,1905.08,0.0027
2026-07-30 13:47:01,ETHUSDT,BINANCE,TRADE,1905.08,0.0027
2026-07-30 13:47:01,ETHUSDT,BINANCE,TRADE,1905.09,0.0053
2026-07-30 13:47:01,ETHUSDT,BINANCE,TRADE,1905.09,0.0028
2026-07-30 13:47:01,ETHUSDT,BINANCE,TRADE,1905.09,0.0027
2026-07-30 13:47:01,ETHUSDT,BINANCE,TRADE,1905.09,0.0027
2026-07-30 13:47:01,ETHUSDT,BINANCE,TRADE,1905.09,0.0027
2026-07-30 13:47:01,ETHUSDT,BINANCE,TRADE,1905.09,0.0027
2026-07-30 13:47:01,ETHUSDT,BINANCE,TRADE,1905.09,0.0027
2026-07-30 13:47:01,ETHUSDT,BINANCE,TRADE,1905.1,0.0053
2026-07-30 13:47:01,ETHUSDT,BINANCE,TRADE,1905.1,0.0027
2026-07-30 13:47:01,ETHUSDT,BINANCE,TRADE,1905.1,0.0028
2026-07-30 13:47:01,ETHUSDT,BINANCE,TRADE,1905.11,0.0028
2026-07-30 13:47:01,ETHUSDT,BINANCE,TRADE,1905.12,0.0027
2026-07-30 13:47:01,ETHUSDT,BINANCE,TRADE,1905.12,0.0028
2026-07-30 13:47:01,ETHUSDT,BINANCE,TRADE,1905.12,0.0028
2026-07-30 13:47:01,ETHUSDT,BINANCE,TRADE,1905.12,0.0028
2026-07-30 13:47:01,ETHUSDT,BINANCE,TRADE,1905.12,0.0027
2026-07-30 13:47:01,ETHUSDT,BINANCE,TRADE,1905.12,0.0028
2026-07-30 13:47:01,BTCUSDT,BINANCE,TRADE,64032,0.0005
2026-07-30 13:47:01,BTCUSDT,BINANCE,TRADE,64032,0.0005
2026-07-30 13:47:01,BTCUSDT,BINANCE,TRADE,64032,0.0005
2026-07-30 13:47:01,BTCUSDT,BINANCE,TRADE,64032,0.002
2026-07-30 13:47:01,BTCUSDT,BINANCE,TRADE,64032,0.0005
2026-07-30 13:47:01,BTCUSDT,BINANCE,TRADE,64032,0.00122
2026-07-30 13:47:01,ETHUSDT,BINANCE,TRADE,1905.12,0.2321
2026-07-30 13:47:01,BTCUSDT,BINANCE,TRADE,64032,0.0005
2026-07-30 13:47:01,BTCUSDT,BINANCE,TRADE,64032,0.0005
2026-07-30 13:47:01,BTCUSDT,BINANCE,TRADE,64032,0.0005
2026-07-30 13:47:01,BTCUSDT,BINANCE,TRADE,64032,0.00224
2026-07-30 13:47:01,BTCUSDT,BINANCE,TRADE,64032,0.0005
2026-07-30 13:47:01,BTCUSDT,BINANCE,TRADE,64032,0.0005
2026-07-30 13:47:01,BTCUSDT,BINANCE,TRADE,64032,0.0005
2026-07-30 13:47:01,BTCUSDT,BINANCE,TRADE,64032,0.00126
2026-07-30 13:47:01,BTCUSDT,BINANCE,TRADE,64032,0.0005
2026-07-30 13:47:01,ETHUSDT,BINANCE,TRADE,1905.12,0.0272
2026-07-30 13:47:01,BTCUSDT,BINANCE,TRADE,64032,0.0005
2026-07-30 13:47:01,BTCUSDT,BINANCE,TRADE,64032,0.0005
2026-07-30 13:47:01,BTCUSDT,BINANCE,TRADE,64032,0.0005
2026-07-30 13:47:01,BTCUSDT,BINANCE,TRADE,64032,0.00515
2026-07-30 13:47:01,BTCUSDT,BINANCE,TRADE,64032,0.00021
2026-07-30 13:47:01,BTCUSDT,BINANCE,TRADE,64032,0.0005
2026-07-30 13:47:01,BTCUSDT,BINANCE,TRADE,64032,0.0005
2026-07-30 13:47:01,BTCUSDT,BINANCE,TRADE,64032,0.00046
2026-07-30 13:47:01,BTCUSDT,BINANCE,TRADE,64032,0.00016
2026-07-30 13:47:01,BTCUSDT,BINANCE,TRADE,64032,0.0005
2026-07-30 13:47:01,BTCUSDT,BINANCE,TRADE,64032,0.0005
2026-07-30 13:47:01,BTCUSDT,BINANCE,TRADE,64032,0.0005
2026-07-30 13:47:01,SOLUSDT,BINANCE,TRADE,73.43,27.24
2026-07-30 13:47:01,BTCUSDT,BINANCE,TRADE,64032,0.0005
2026-07-30 13:47:01,BTCUSDT,BINANCE,TRADE,64032,0.00166
2026-07-30 13:47:01,BTCUSDT,BINANCE,TRADE,64032,0.00314
2026-07-30 13:47:01,BTCUSDT,BINANCE,TRADE,64032,0.0005
2026-07-30 13:47:01,BTCUSDT,BINANCE,TRADE,64032,0.0005
2026-07-30 13:47:01,BTCUSDT,BINANCE,TRADE,64032,0.0005
2026-07-30 13:47:01,BTCUSDT,BINANCE,TRADE,64032,0.0005
2026-07-30 13:47:01,BTCUSDT,BINANCE,TRADE,64032,0.00037
2026-07-30 13:47:01,BTCUSDT,BINANCE,TRADE,64032,0.0005
2026-07-30 13:47:01,BTCUSDT,BINANCE,TRADE,64032,0.00039
2026-07-30 13:47:01,BTCUSDT,BINANCE,TRADE,64032,0.0005
2026-07-30 13:47:01,BTCUSDT,BINANCE,TRADE,64032,0.0005
2026-07-30 13:47:01,ETHUSDT,BINANCE,TRADE,1905.13,0.0028
2026-07-30 13:47:01,ETHUSDT,BINANCE,TRADE,1905.13,0.2271
2026-07-30 13:47:01,BTCUSDT,BINANCE,TRADE,64032,0.0005
2026-07-30 13:47:01,BTCUSDT,BINANCE,TRADE,64032,0.0005
2026-07-30 13:47:01,BTCUSDT,BINANCE,TRADE,64032,0.0005
2026-07-30 13:47:01,BTCUSDT,BINANCE,TRADE,64032,0.0005
2026-07-30 13:47:01,BTCUSDT,BINANCE,TRADE,64032,0.0002
2026-07-30 13:47:01,BTCUSDT,BINANCE,TRADE,64032,0.0005
2026-07-30 13:47:01,BTCUSDT,BINANCE,TRADE,64032,0.0005
2026-07-30 13:47:01,ETHUSDT,BINANCE,TRADE,1905.13,0.0027
2026-07-30 13:47:01,ETHUSDT,BINANCE,TRADE,1905.13,0.0027
2026-07-30 13:47:01,ETHUSDT,BINANCE,TRADE,1905.13,0.0027
2026-07-30 13:47:01,ETHUSDT,BINANCE,TRADE,1905.13,0.0027
2026-07-30 13:47:01,ETHUSDT,BINANCE,TRADE,1905.13,0.0027
2026-07-30 13:47:01,ETHUSDT,BINANCE,TRADE,1905.13,0.0028
2026-07-30 13:47:01,ETHUSDT,BINANCE,TRADE,1905.13,0.0285
2026-07-30 13:47:01,ETHUSDT,BINANCE,TRADE,1905.13,0.0028
2026-07-30 13:47:01,ETHUSDT,BINANCE,TRADE,1905.13,0.0028
2026-07-30 13:47:01,ETHUSDT,BINANCE,TRADE,1905.13,0.0028
2026-07-30 13:47:01,ETHUSDT,BINANCE,TRADE,1905.13,0.0027
2026-07-30 13:47:01,ETHUSDT,BINANCE,TRADE,1905.13,0.0027
2026-07-30 13:47:01,ETHUSDT,BINANCE,TRADE,1905.13,0.0027
2026-07-30 13:47:01,ETHUSDT,BINANCE,TRADE,1905.13,0.0028
2026-07-30 13:47:01,ETHUSDT,BINANCE,TRADE,1905.13,0.0027
2026-07-30 13:47:01,ETHUSDT,BINANCE,TRADE,1905.13,0.0027
2026-07-30 13:47:01,ETHUSDT,BINANCE,TRADE,1905.13,0.0027
2026-07-30 13:47:01,BTCUSDT,BINANCE,TRADE,64032,0.04434
2026-07-30 13:47:01,BTCUSDT,BINANCE,TRADE,64032,0.0005
2026-07-30 13:47:01,BTCUSDT,BINANCE,TRADE,64032,0.0005
2026-07-30 13:47:01,BTCUSDT,BINANCE,TRADE,64032,0.0005
2026-07-30 13:47:01,BTCUSDT,BINANCE,TRADE,64032,0.0005
2026-07-30 13:47:01,BTCUSDT,BINANCE,TRADE,64032,0.0005
2026-07-30 13:47:01,BTCUSDT,BINANCE,TRADE,64032,0.0005
2026-07-30 13:47:01,ETHUSDT,BINANCE,TRADE,1905.14,0.0028
2026-07-30 13:47:01,ETHUSDT,BINANCE,TRADE,1905.14,0.0027
2026-07-30 13:47:01,ETHUSDT,BINANCE,TRADE,1905.14,0.0027
2026-07-30 13:47:01,ETHUSDT,BINANCE,TRADE,1905.14,0.0107
2026-07-30 13:47:01,BTCUSDT,BINANCE,TRADE,64032,0.0005
2026-07-30 13:47:01,BTCUSDT,BINANCE,TRADE,64032,0.0005
2026-07-30 13:47:01,BTCUSDT,BINANCE,TRADE,64032,0.0005
2026-07-30 13:47:01,BTCUSDT,BINANCE,TRADE,64032,0.00143
2026-07-30 13:47:01,ETHUSDT,BINANCE,TRADE,1905.13,0.0443
2026-07-30 13:47:01,BTCUSDT,BINANCE,TRADE,64032,0.00182
2026-07-30 13:47:01,BTCUSDT,BINANCE,TRADE,64032,0.00031
2026-07-30 13:47:02,ETHUSDT,BINANCE,TRADE,1905.14,0.7452
2026-07-30 13:47:02,ETHUSDT,BINANCE,TRADE,1905.14,0.0027
2026-07-30 13:47:02,ETHUSDT,BINANCE,TRADE,1905.14,0.0027
2026-07-30 13:47:02,ETHUSDT,BINANCE,TRADE,1905.14,0.0027
2026-07-30 13:47:02,ETHUSDT,BINANCE,TRADE,1905.14,0.0027
2026-07-30 13:47:02,ETHUSDT,BINANCE,TRADE,1905.14,0.0028
2026-07-30 13:47:02,ETHUSDT,BINANCE,TRADE,1905.14,0.0028
2026-07-30 13:47:02,ETHUSDT,BINANCE,TRADE,1905.14,0.0027
2026-07-30 13:47:02,ETHUSDT,BINANCE,TRADE,1905.15,0.0028
2026-07-30 13:47:02,ETHUSDT,BINANCE,TRADE,1905.15,0.0027
2026-07-30 13:47:02,ETHUSDT,BINANCE,TRADE,1905.15,0.0027
2026-07-30 13:47:02,ETHUSDT,BINANCE,TRADE,1905.15,0.0027
2026-07-30 13:47:02,ETHUSDT,BINANCE,TRADE,1905.16,0.0028
2026-07-30 13:47:02,ETHUSDT,BINANCE,TRADE,1905.17,0.0028
2026-07-30 13:47:02,ETHUSDT,BINANCE,TRADE,1905.18,0.0027
2026-07-30 13:47:02,ETHUSDT,BINANCE,TRADE,1905.18,0.0028
2026-07-30 13:47:02,ETHUSDT,BINANCE,TRADE,1905.18,0.0027
2026-07-30 13:47:02,ETHUSDT,BINANCE,TRADE,1905.19,0.0027
2026-07-30 13:47:02,ETHUSDT,BINANCE,TRADE,1905.19,0.0028
2026-07-30 13:47:02,ETHUSDT,BINANCE,TRADE,1905.19,0.0028
2026-07-30 13:47:02,ETHUSDT,BINANCE,TRADE,1905.19,0.0028
2026-07-30 13:47:02,ETHUSDT,BINANCE,TRADE,1905.19,0.0027
2026-07-30 13:47:02,ETHUSDT,BINANCE,TRADE,1905.19,0.0028
2026-07-30 13:47:02,ETHUSDT,BINANCE,TRADE,1905.19,0.0027
2026-07-30 13:47:02,ETHUSDT,BINANCE,TRADE,1905.19,0.0027
2026-07-30 13:47:02,ETHUSDT,BINANCE,TRADE,1905.19,0.0027
2026-07-30 13:47:02,ETHUSDT,BINANCE,TRADE,1905.19,0.0082
2026-07-30 13:47:02,BTCUSDT,BINANCE,TRADE,64032,0.00012
2026-07-30 13:47:02,BTCUSDT,BINANCE,TRADE,64032,0.00017
2026-07-30 13:47:02,BTCUSDT,BINANCE,TRADE,64032,0.00046
2026-07-30 13:47:02,BTCUSDT,BINANCE,TRADE,64032,8e-05
2026-07-30 13:47:02,ETHUSDT,BINANCE,TRADE,1905.19,0.0147
2026-07-30 13:47:02,BTCUSDT,BINANCE,TRADE,64032,0.00018
2026-07-30 13:47:02,BTCUSDT,BINANCE,TRADE,64032,0.00166
2026-07-30 13:47:02,ETHUSDT,BINANCE,TRADE,1905.2,0.0322
2026-07-30 13:47:02,BTCUSDT,BINANCE,TRADE,64032,0.00017
2026-07-30 13:47:02,ETHUSDT,BINANCE,TRADE,1905.19,0.0338
2026-07-30 13:47:02,BTCUSDT,BINANCE,TRADE,64032,0.00266
2026-07-30 13:47:02,BTCUSDT,BINANCE,TRADE,64032,0.00521
2026-07-30 13:47:02,BTCUSDT,BINANCE,TRADE,64032,0.003
2026-07-30 13:47:02,BTCUSDT,BINANCE,TRADE,64032,0.00154
2026-07-30 13:47:02,SOLUSDT,BINANCE,TRADE,73.43,27.25
2026-07-30 13:47:02,BTCUSDT,BINANCE,TRADE,64032,0.00499
2026-07-30 13:47:02,BTCUSDT,BINANCE,TRADE,64032,0.00021
2026-07-30 13:47:02,BTCUSDT,BINANCE,TRADE,64032,0.00018
2026-07-30 13:47:02,ETHUSDT,BINANCE,TRADE,1905.2,0.003
2026-07-30 13:47:02,ETHUSDT,BINANCE,TRADE,1905.19,0.1725
2026-07-30 13:47:02,BTCUSDT,BINANCE,TRADE,64032,0.00016
2026-07-30 13:47:02,ETHUSDT,BINANCE,TRADE,1905.19,0.0289
2026-07-30 13:47:02,BTCUSDT,BINANCE,TRADE,64032,0.00287
2026-07-30 13:47:02,BTCUSDT,BINANCE,TRADE,64032,0.00314
2026-07-30 13:47:02,BTCUSDT,BINANCE,TRADE,64032,9e-05
2026-07-30 13:47:02,BTCUSDT,BINANCE,TRADE,64032,0.00065
2026-07-30 13:47:02,ETHUSDT,BINANCE,TRADE,1905.2,0.2321
2026-07-30 13:47:02,BTCUSDT,BINANCE,TRADE,64032,0.00071
2026-07-30 13:47:02,BTCUSDT,BINANCE,TRADE,64032,0.00025
2026-07-30 13:47:02,BTCUSDT,BINANCE,TRADE,64032,0.00617
2026-07-30 13:47:02,ETHUSDT,BINANCE,TRADE,1905.2,0.0027
2026-07-30 13:47:02,ETHUSDT,BINANCE,TRADE,1905.2,0.0028
2026-07-30 13:47:02,ETHUSDT,BINANCE,TRADE,1905.2,0.0027
2026-07-30 13:47:02,ETHUSDT,BINANCE,TRADE,1905.2,0.0027
2026-07-30 13:47:02,ETHUSDT,BINANCE,TRADE,1905.2,0.0027
2026-07-30 13:47:02,ETHUSDT,BINANCE,TRADE,1905.2,0.0027
2026-07-30 13:47:02,ETHUSDT,BINANCE,TRADE,1905.2,0.0053
2026-07-30 13:47:02,ETHUSDT,BINANCE,TRADE,1905.2,0.0028
2026-07-30 13:47:02,ETHUSDT,BINANCE,TRADE,1905.2,0.0027
2026-07-30 13:47:02,ETHUSDT,BINANCE,TRADE,1905.2,0.0027
2026-07-30 13:47:02,ETHUSDT,BINANCE,TRADE,1905.2,0.0027
2026-07-30 13:47:02,ETHUSDT,BINANCE,TRADE,1905.2,0.0028
2026-07-30 13:47:02,ETHUSDT,BINANCE,TRADE,1905.2,0.0027
2026-07-30 13:47:02,ETHUSDT,BINANCE,TRADE,1905.2,0.0027
2026-07-30 13:47:02,ETHUSDT,BINANCE,TRADE,1905.2,0.0027
2026-07-30 13:47:02,ETHUSDT,BINANCE,TRADE,1905.2,0.0027
2026-07-30 13:47:02,ETHUSDT,BINANCE,TRADE,1905.2,0.0252
2026-07-30 13:47:02,ETHUSDT,BINANCE,TRADE,1905.2,0.0103
2026-07-30 13:47:02,BTCUSDT,BINANCE,TRADE,64032,0.00031
2026-07-30 13:47:02,ETHUSDT,BINANCE,TRADE,1905.21,0.0027
2026-07-30 13:47:02,ETHUSDT,BINANCE,TRADE,1905.21,0.0028
2026-07-30 13:47:02,ETHUSDT,BINANCE,TRADE,1905.21,0.0028
2026-07-30 13:47:02,ETHUSDT,BINANCE,TRADE,1905.21,0.0017
2026-07-30 13:47:02,ETHUSDT,BINANCE,TRADE,1905.21,0.0011
2026-07-30 13:47:02,ETHUSDT,BINANCE,TRADE,1905.21,0.0027
2026-07-30 13:47:02,ETHUSDT,BINANCE,TRADE,1905.21,0.0027
2026-07-30 13:47:02,ETHUSDT,BINANCE,TRADE,1905.21,0.0035
2026-07-30 13:47:02,ETHUSDT,BINANCE,TRADE,1905.21,0.0018
2026-07-30 13:47:02,ETHUSDT,BINANCE,TRADE,1905.21,0.0082
2026-07-30 13:47:02,ETHUSDT,BINANCE,TRADE,1905.21,0.01
2026-07-30 13:47:02,ETHUSDT,BINANCE,TRADE,1905.21,0.01
2026-07-30 13:47:02,ETHUSDT,BINANCE,TRADE,1905.21,0.01
2026-07-30 13:47:02,ETHUSDT,BINANCE,TRADE,1905.21,0.1042
2026-07-30 13:47:02,ETHUSDT,BINANCE,TRADE,1905.21,0.01
2026-07-30 13:47:02,ETHUSDT,BINANCE,TRADE,1905.2,0.0027
2026-07-30 13:47:02,ETHUSDT,BINANCE,TRADE,1905.21,0.01
2026-07-30 13:47:02,ETHUSDT,BINANCE,TRADE,1905.21,0.4345
2026-07-30 13:47:02,ETHUSDT,BINANCE,TRADE,1905.21,0.01
2026-07-30 13:47:02,ETHUSDT,BINANCE,TRADE,1905.21,0.01
2026-07-30 13:47:02,ETHUSDT,BINANCE,TRADE,1905.21,0.01
2026-07-30 13:47:02,ETHUSDT,BINANCE,TRADE,1905.21,0.01
2026-07-30 13:47:02,ETHUSDT,BINANCE,TRADE,1905.21,0.01
2026-07-30 13:47:02,ETHUSDT,BINANCE,TRADE,1905.21,0.01
2026-07-30 13:47:02,ETHUSDT,BINANCE,TRADE,1905.21,0.0989
2026-07-30 13:47:02,ETHUSDT,BINANCE,TRADE,1905.21,0.0027
2026-07-30 13:47:02,ETHUSDT,BINANCE,TRADE,1905.21,0.0027
2026-07-30 13:47:02,ETHUSDT,BINANCE,TRADE,1905.21,0.0027
2026-07-30 13:47:02,ETHUSDT,BINANCE,TRADE,1905.21,0.0028
2026-07-30 13:47:02,ETHUSDT,BINANCE,TRADE,1905.21,0.0027
2026-07-30 13:47:02,ETHUSDT,BINANCE,TRADE,1905.21,0.0028
2026-07-30 13:47:02,ETHUSDT,BINANCE,TRADE,1905.21,0.0028
2026-07-30 13:47:02,ETHUSDT,BINANCE,TRADE,1905.21,0.0028
2026-07-30 13:47:02,ETHUSDT,BINANCE,TRADE,1905.21,0.0027
2026-07-30 13:47:02,ETHUSDT,BINANCE,TRADE,1905.21,0.0028
2026-07-30 13:47:02,ETHUSDT,BINANCE,TRADE,1905.21,0.0027
2026-07-30 13:47:02,ETHUSDT,BINANCE,TRADE,1905.21,0.0027
2026-07-30 13:47:02,ETHUSDT,BINANCE,TRADE,1905.22,0.0027
2026-07-30 13:47:02,ETHUSDT,BINANCE,TRADE,1905.22,0.0027
2026-07-30 13:47:02,ETHUSDT,BINANCE,TRADE,1905.22,0.21
2026-07-30 13:47:02,ETHUSDT,BINANCE,TRADE,1905.22,0.3758
2026-07-30 13:47:02,ETHUSDT,BINANCE,TRADE,1905.22,0.0028
2026-07-30 13:47:02,ETHUSDT,BINANCE,TRADE,1905.22,0.0053
2026-07-30 13:47:02,ETHUSDT,BINANCE,TRADE,1905.22,0.0027
2026-07-30 13:47:02,ETHUSDT,BINANCE,TRADE,1905.22,0.0027
2026-07-30 13:47:02,ETHUSDT,BINANCE,TRADE,1905.22,0.0027
2026-07-30 13:47:02,ETHUSDT,BINANCE,TRADE,1905.22,0.0027
2026-07-30 13:47:02,ETHUSDT,BINANCE,TRADE,1905.22,0.0025
2026-07-30 13:47:02,ETHUSDT,BINANCE,TRADE,1905.22,0.0002
2026-07-30 13:47:02,ETHUSDT,BINANCE,TRADE,1905.22,0.0027
2026-07-30 13:47:02,ETHUSDT,BINANCE,TRADE,1905.22,0.0027
2026-07-30 13:47:02,ETHUSDT,BINANCE,TRADE,1905.22,0.0027
2026-07-30 13:47:02,ETHUSDT,BINANCE,TRADE,1905.22,0.0017
2026-07-30 13:47:02,ETHUSDT,BINANCE,TRADE,1905.22,0.001
2026-07-30 13:47:02,ETHUSDT,BINANCE,TRADE,1905.22,0.0027
2026-07-30 13:47:02,ETHUSDT,BINANCE,TRADE,1905.23,0.0027
2026-07-30 13:47:02,ETHUSDT,BINANCE,TRADE,1905.23,0.0028
2026-07-30 13:47:02,ETHUSDT,BINANCE,TRADE,1905.23,0.0008
2026-07-30 13:47:02,ETHUSDT,BINANCE,TRADE,1905.23,0.0019
2026-07-30 13:47:02,ETHUSDT,BINANCE,TRADE,1905.24,0.004
2026-07-30 13:47:02,ETHUSDT,BINANCE,TRADE,1905.24,0.003
2026-07-30 13:47:02,ETHUSDT,BINANCE,TRADE,1905.24,0.0028
2026-07-30 13:47:02,ETHUSDT,BINANCE,TRADE,1905.25,0.0027
2026-07-30 13:47:02,ETHUSDT,BINANCE,TRADE,1905.25,0.0028
2026-07-30 13:47:02,ETHUSDT,BINANCE,TRADE,1905.25,0.0027
2026-07-30 13:47:02,BTCUSDT,BINANCE,TRADE,64032,0.002
2026-07-30 13:47:02,BTCUSDT,BINANCE,TRADE,64032,0.00012
2026-07-30 13:47:02,ETHUSDT,BINANCE,TRADE,1905.26,0.0028
2026-07-30 13:47:02,ETHUSDT,BINANCE,TRADE,1905.26,0.0027
2026-07-30 13:47:02,ETHUSDT,BINANCE,TRADE,1905.26,0.0027
2026-07-30 13:47:02,ETHUSDT,BINANCE,TRADE,1905.26,0.0027
2026-07-30 13:47:02,ETHUSDT,BINANCE,TRADE,1905.26,0.0027
2026-07-30 13:47:02,ETHUSDT,BINANCE,TRADE,1905.27,0.0028
2026-07-30 13:47:02,ETHUSDT,BINANCE,TRADE,1905.27,0.0027
2026-07-30 13:47:02,ETHUSDT,BINANCE,TRADE,1905.27,0.0027
2026-07-30 13:47:02,ETHUSDT,BINANCE,TRADE,1905.27,0.0027
2026-07-30 13:47:02,ETHUSDT,BINANCE,TRADE,1905.28,0.0027
2026-07-30 13:47:02,ETHUSDT,BINANCE,TRADE,1905.28,0.0028
2026-07-30 13:47:02,ETHUSDT,BINANCE,TRADE,1905.28,0.0027
2026-07-30 13:47:02,ETHUSDT,BINANCE,TRADE,1905.29,0.0028
2026-07-30 13:47:02,ETHUSDT,BINANCE,TRADE,1905.3,0.0027
2026-07-30 13:47:02,ETHUSDT,BINANCE,TRADE,1905.3,0.0027
2026-07-30 13:47:02,ETHUSDT,BINANCE,TRADE,1905.3,0.0028
2026-07-30 13:47:02,ETHUSDT,BINANCE,TRADE,1905.3,0.0027
2026-07-30 13:47:02,ETHUSDT,BINANCE,TRADE,1905.31,0.0028
2026-07-30 13:47:02,ETHUSDT,BINANCE,TRADE,1905.32,0.0027
2026-07-30 13:47:02,ETHUSDT,BINANCE,TRADE,1905.32,0.0027
2026-07-30 13:47:02,ETHUSDT,BINANCE,TRADE,1905.32,0.0028
2026-07-30 13:47:02,ETHUSDT,BINANCE,TRADE,1905.32,0.0028
2026-07-30 13:47:02,ETHUSDT,BINANCE,TRADE,1905.32,0.0028
2026-07-30 13:47:02,ETHUSDT,BINANCE,TRADE,1905.32,0.0027
2026-07-30 13:47:02,ETHUSDT,BINANCE,TRADE,1905.32,0.0028
2026-07-30 13:47:02,ETHUSDT,BINANCE,TRADE,1905.33,0.0027
2026-07-30 13:47:02,ETHUSDT,BINANCE,TRADE,1905.33,0.0003
2026-07-30 13:47:02,BTCUSDT,BINANCE,TRADE,64032,0.00477
2026-07-30 13:47:02,BTCUSDT,BINANCE,TRADE,64032,0.00151
2026-07-30 13:47:02,BTCUSDT,BINANCE,TRADE,64032,0.0013
2026-07-30 13:47:02,BTCUSDT,BINANCE,TRADE,64032,0.00013
2026-07-30 13:47:02,ETHUSDT,BINANCE,TRADE,1905.33,1.1335
2026-07-30 13:47:02,ETHUSDT,BINANCE,TRADE,1905.33,0.0028
2026-07-30 13:47:02,ETHUSDT,BINANCE,TRADE,1905.33,0.0027
2026-07-30 13:47:02,ETHUSDT,BINANCE,TRADE,1905.33,0.0028
2026-07-30 13:47:02,ETHUSDT,BINANCE,TRADE,1905.33,0.0027
2026-07-30 13:47:02,ETHUSDT,BINANCE,TRADE,1905.34,0.0027
2026-07-30 13:47:02,ETHUSDT,BINANCE,TRADE,1905.34,0.0028
2026-07-30 13:47:02,ETHUSDT,BINANCE,TRADE,1905.34,0.0027
2026-07-30 13:47:02,ETHUSDT,BINANCE,TRADE,1905.35,0.0027
2026-07-30 13:47:02,ETHUSDT,BINANCE,TRADE,1905.35,0.0028
2026-07-30 13:47:02,ETHUSDT,BINANCE,TRADE,1905.35,0.0027
2026-07-30 13:47:02,ETHUSDT,BINANCE,TRADE,1905.36,0.003
2026-07-30 13:47:02,ETHUSDT,BINANCE,TRADE,1905.36,0.0027
2026-07-30 13:47:02,ETHUSDT,BINANCE,TRADE,1905.36,0.0028
2026-07-30 13:47:02,ETHUSDT,BINANCE,TRADE,1905.36,0.0027
2026-07-30 13:47:02,ETHUSDT,BINANCE,TRADE,1905.37,0.0027
2026-07-30 13:47:02,ETHUSDT,BINANCE,TRADE,1905.37,0.0028
2026-07-30 13:47:02,ETHUSDT,BINANCE,TRADE,1905.37,0.0027
2026-07-30 13:47:02,ETHUSDT,BINANCE,TRADE,1905.38,0.0027
2026-07-30 13:47:02,ETHUSDT,BINANCE,TRADE,1905.38,0.0028
2026-07-30 13:47:02,ETHUSDT,BINANCE,TRADE,1905.38,0.0027
2026-07-30 13:47:02,ETHUSDT,BINANCE,TRADE,1905.39,0.0027
2026-07-30 13:47:02,ETHUSDT,BINANCE,TRADE,1905.39,0.0027
2026-07-30 13:47:02,ETHUSDT,BINANCE,TRADE,1905.39,0.0028
2026-07-30 13:47:02,ETHUSDT,BINANCE,TRADE,1905.39,0.0027
2026-07-30 13:47:02,ETHUSDT,BINANCE,TRADE,1905.4,0.0027
2026-07-30 13:47:02,ETHUSDT,BINANCE,TRADE,1905.4,0.0028
2026-07-30 13:47:02,ETHUSDT,BINANCE,TRADE,1905.4,0.0027
2026-07-30 13:47:02,ETHUSDT,BINANCE,TRADE,1905.4,0.0027
2026-07-30 13:47:02,ETHUSDT,BINANCE,TRADE,1905.4,0.0027
2026-07-30 13:47:02,ETHUSDT,BINANCE,TRADE,1905.41,0.0027
2026-07-30 13:47:02,ETHUSDT,BINANCE,TRADE,1905.41,0.0028
2026-07-30 13:47:02,ETHUSDT,BINANCE,TRADE,1905.41,0.0027
2026-07-30 13:47:02,ETHUSDT,BINANCE,TRADE,1905.41,0.0027
2026-07-30 13:47:02,ETHUSDT,BINANCE,TRADE,1905.41,0.0027
2026-07-30 13:47:02,ETHUSDT,BINANCE,TRADE,1905.41,0.0027
2026-07-30 13:47:02,ETHUSDT,BINANCE,TRADE,1905.41,0.0027
2026-07-30 13:47:02,ETHUSDT,BINANCE,TRADE,1905.43,0.0027
2026-07-30 13:47:02,ETHUSDT,BINANCE,TRADE,1905.43,0.0027
2026-07-30 13:47:02,ETHUSDT,BINANCE,TRADE,1905.43,0.0028
2026-07-30 13:47:02,ETHUSDT,BINANCE,TRADE,1905.43,0.0027
2026-07-30 13:47:02,ETHUSDT,BINANCE,TRADE,1905.44,0.0027
2026-07-30 13:47:02,ETHUSDT,BINANCE,TRADE,1905.44,0.0028
2026-07-30 13:47:02,ETHUSDT,BINANCE,TRADE,1905.44,0.0027
2026-07-30 13:47:02,ETHUSDT,BINANCE,TRADE,1905.45,0.0027
2026-07-30 13:47:02,ETHUSDT,BINANCE,TRADE,1905.45,0.0027
2026-07-30 13:47:02,ETHUSDT,BINANCE,TRADE,1905.45,0.0028
2026-07-30 13:47:02,ETHUSDT,BINANCE,TRADE,1905.45,0.0027
2026-07-30 13:47:02,ETHUSDT,BINANCE,TRADE,1905.46,0.0027
2026-07-30 13:47:02,ETHUSDT,BINANCE,TRADE,1905.46,0.0027
2026-07-30 13:47:02,ETHUSDT,BINANCE,TRADE,1905.46,0.0028
2026-07-30 13:47:02,ETHUSDT,BINANCE,TRADE,1905.46,0.0027
2026-07-30 13:47:02,ETHUSDT,BINANCE,TRADE,1905.46,0.0027
2026-07-30 13:47:02,ETHUSDT,BINANCE,TRADE,1905.48,0.0027
2026-07-30 13:47:02,ETHUSDT,BINANCE,TRADE,1905.48,0.003
2026-07-30 13:47:02,ETHUSDT,BINANCE,TRADE,1905.48,0.0028
2026-07-30 13:47:02,ETHUSDT,BINANCE,TRADE,1905.49,0.0028
2026-07-30 13:47:02,ETHUSDT,BINANCE,TRADE,1905.5,0.0028
2026-07-30 13:47:02,ETHUSDT,BINANCE,TRADE,1905.51,0.0027
2026-07-30 13:47:02,ETHUSDT,BINANCE,TRADE,1905.51,0.0028
2026-07-30 13:47:02,ETHUSDT,BINANCE,TRADE,1905.51,0.0027
2026-07-30 13:47:02,ETHUSDT,BINANCE,TRADE,1905.52,0.0027
2026-07-30 13:47:02,ETHUSDT,BINANCE,TRADE,1905.52,0.0027
2026-07-30 13:47:02,ETHUSDT,BINANCE,TRADE,1905.54,0.0027
2026-07-30 13:47:02,ETHUSDT,BINANCE,TRADE,1905.54,0.0027
2026-07-30 13:47:02,ETHUSDT,BINANCE,TRADE,1905.54,0.0027
2026-07-30 13:47:02,ETHUSDT,BINANCE,TRADE,1905.55,0.0027
2026-07-30 13:47:02,ETHUSDT,BINANCE,TRADE,1905.55,0.0027
2026-07-30 13:47:02,ETHUSDT,BINANCE,TRADE,1905.55,0.0027
2026-07-30 13:47:02,ETHUSDT,BINANCE,TRADE,1905.55,0.0027
2026-07-30 13:47:02,ETHUSDT,BINANCE,TRADE,1905.55,0.0027
2026-07-30 13:47:02,ETHUSDT,BINANCE,TRADE,1905.57,0.0027
2026-07-30 13:47:02,ETHUSDT,BINANCE,TRADE,1905.57,0.0525
2026-07-30 13:47:02,ETHUSDT,BINANCE,TRADE,1905.57,0.0027
2026-07-30 13:47:02,ETHUSDT,BINANCE,TRADE,1905.57,0.0027
2026-07-30 13:47:02,ETHUSDT,BINANCE,TRADE,1905.57,0.0027
2026-07-30 13:47:02,ETHUSDT,BINANCE,TRADE,1905.58,0.0027
2026-07-30 13:47:02,ETHUSDT,BINANCE,TRADE,1905.58,0.0028
2026-07-30 13:47:02,ETHUSDT,BINANCE,TRADE,1905.58,0.0027
2026-07-30 13:47:02,ETHUSDT,BINANCE,TRADE,1905.59,0.0027
2026-07-30 13:47:02,ETHUSDT,BINANCE,TRADE,1905.59,0.0028
2026-07-30 13:47:02,ETHUSDT,BINANCE,TRADE,1905.59,0.0028
2026-07-30 13:47:02,ETHUSDT,BINANCE,TRADE,1905.59,0.0027
2026-07-30 13:47:02,ETHUSDT,BINANCE,TRADE,1905.59,0.0028
2026-07-30 13:47:02,ETHUSDT,BINANCE,TRADE,1905.59,0.0027
2026-07-30 13:47:02,ETHUSDT,BINANCE,TRADE,1905.59,0.0027
2026-07-30 13:47:02,ETHUSDT,BINANCE,TRADE,1905.59,0.0027
2026-07-30 13:47:02,BTCUSDT,BINANCE,TRADE,64032,0.00151
2026-07-30 13:47:02,BTCUSDT,BINANCE,TRADE,64032,0.002
2026-07-30 13:47:02,BTCUSDT,BINANCE,TRADE,64032,0.0001
2026-07-30 13:47:02,BTCUSDT,BINANCE,TRADE,64032,0.00477
2026-07-30 13:47:02,BTCUSDT,BINANCE,TRADE,64032,0.00015
2026-07-30 13:47:02,BTCUSDT,BINANCE,TRADE,64032,0.01526
2026-07-30 13:47:02,BTCUSDT,BINANCE,TRADE,64032,0.00306
2026-07-30 13:47:02,BTCUSDT,BINANCE,TRADE,64032,0.0035
2026-07-30 13:47:02,BTCUSDT,BINANCE,TRADE,64032,0.10639
2026-07-30 13:47:02,BTCUSDT,BINANCE,TRADE,64032,0.0013
2026-07-30 13:47:02,BTCUSDT,BINANCE,TRADE,64032,0.10746
2026-07-30 13:47:02,BTCUSDT,BINANCE,TRADE,64032,0.00306
2026-07-30 13:47:02,BTCUSDT,BINANCE,TRADE,64032,0.08448
2026-07-30 13:47:02,BTCUSDT,BINANCE,TRADE,64032,0.00733
2026-07-30 13:47:02,BTCUSDT,BINANCE,TRADE,64032,0.39583
2026-07-30 13:47:02,BTCUSDT,BINANCE,TRADE,64032,0.00696
2026-07-30 13:47:02,BTCUSDT,BINANCE,TRADE,64032,0.00124
2026-07-30 13:47:02,BTCUSDT,BINANCE,TRADE,64032,0.00123
2026-07-30 13:47:02,BTCUSDT,BINANCE,TRADE,64032,0.08231
2026-07-30 13:47:02,BTCUSDT,BINANCE,TRADE,64032,0.00123
2026-07-30 13:47:02,BTCUSDT,BINANCE,TRADE,64032,0.003
2026-07-30 13:47:02,BTCUSDT,BINANCE,TRADE,64032,0.003
2026-07-30 13:47:02,BTCUSDT,BINANCE,TRADE,64032,0.003
2026-07-30 13:47:02,BTCUSDT,BINANCE,TRADE,64032,0.003
2026-07-30 13:47:02,BTCUSDT,BINANCE,TRADE,64032,0.003
2026-07-30 13:47:02,BTCUSDT,BINANCE,TRADE,64032,0.003
2026-07-30 13:47:02,BTCUSDT,BINANCE,TRADE,64032,0.14278
2026-07-30 13:47:02,BTCUSDT,BINANCE,TRADE,64032,0.003
2026-07-30 13:47:02,BTCUSDT,BINANCE,TRADE,64032,0.003
2026-07-30 13:47:02,BTCUSDT,BINANCE,TRADE,64032,0.003
2026-07-30 13:47:02,BTCUSDT,BINANCE,TRADE,64032,0.003
2026-07-30 13:47:02,BTCUSDT,BINANCE,TRADE,64032,0.003
2026-07-30 13:47:02,BTCUSDT,BINANCE,TRADE,64032,0.003
2026-07-30 13:47:02,BTCUSDT,BINANCE,TRADE,64032,0.003
2026-07-30 13:47:02,BTCUSDT,BINANCE,TRADE,64032,0.14486
2026-07-30 13:47:02,BTCUSDT,BINANCE,TRADE,64032,0.00093
2026-07-30 13:47:02,BTCUSDT,BINANCE,TRADE,64032,0.3354
2026-07-30 13:47:02,BTCUSDT,BINANCE,TRADE,64032,0.003
2026-07-30 13:47:02,BTCUSDT,BINANCE,TRADE,64032,0.16324
2026-07-30 13:47:02,BTCUSDT,BINANCE,TRADE,64032,8e-05
2026-07-30 13:47:02,BTCUSDT,BINANCE,TRADE,64032,0.00204
2026-07-30 13:47:02,BTCUSDT,BINANCE,TRADE,64032,0.00113
2026-07-30 13:47:02,BTCUSDT,BINANCE,TRADE,64032,0.00044
2026-07-30 13:47:02,BTCUSDT,BINANCE,TRADE,64032,0.00111
2026-07-30 13:47:02,BTCUSDT,BINANCE,TRADE,64032,0.00145
2026-07-30 13:47:02,BTCUSDT,BINANCE,TRADE,64032,0.00012
2026-07-30 13:47:02,BTCUSDT,BINANCE,TRADE,64032,8e-05
2026-07-30 13:47:02,BTCUSDT,BINANCE,TRADE,64032,8e-05
2026-07-30 13:47:02,BTCUSDT,BINANCE,TRADE,64032,8e-05
2026-07-30 13:47:02,BTCUSDT,BINANCE,TRADE,64032,8e-05
2026-07-30 13:47:02,BTCUSDT,BINANCE,TRADE,64032,8e-05
2026-07-30 13:47:02,BTCUSDT,BINANCE,TRADE,64032,8e-05
2026-07-30 13:47:02,BTCUSDT,BINANCE,TRADE,64032,0.0003
2026-07-30 13:47:02,BTCUSDT,BINANCE,TRADE,64032,8e-05
2026-07-30 13:47:02,BTCUSDT,BINANCE,TRADE,64032,9e-05
2026-07-30 13:47:02,BTCUSDT,BINANCE,TRADE,64032,0.00016
2026-07-30 13:47:02,BTCUSDT,BINANCE,TRADE,64032,0.00664
2026-07-30 13:47:02,BTCUSDT,BINANCE,TRADE,64032,0.00084
2026-07-30 13:47:02,BTCUSDT,BINANCE,TRADE,64032,0.0001
2026-07-30 13:47:02,BTCUSDT,BINANCE,TRADE,64032,0.00041
2026-07-30 13:47:02,BTCUSDT,BINANCE,TRADE,64032,0.0034
2026-07-30 13:47:02,BTCUSDT,BINANCE,TRADE,64032,0.03123
2026-07-30 13:47:02,BTCUSDT,BINANCE,TRADE,64032,0.0001
2026-07-30 13:47:02,BTCUSDT,BINANCE,TRADE,64032,8e-05
2026-07-30 13:47:02,BTCUSDT,BINANCE,TRADE,64032,8e-05
2026-07-30 13:47:02,BTCUSDT,BINANCE,TRADE,64032,8e-05
2026-07-30 13:47:02,BTCUSDT,BINANCE,TRADE,64032,8e-05
2026-07-30 13:47:02,BTCUSDT,BINANCE,TRADE,64032,8e-05
2026-07-30 13:47:02,BTCUSDT,BINANCE,TRADE,64032,9e-05
2026-07-30 13:47:02,BTCUSDT,BINANCE,TRADE,64032,9e-05
2026-07-30 13:47:02,BTCUSDT,BINANCE,TRADE,64032,0.00017
2026-07-30 13:47:02,BTCUSDT,BINANCE,TRADE,64032,8e-05
2026-07-30 13:47:02,BTCUSDT,BINANCE,TRADE,64032,8e-05
2026-07-30 13:47:02,BTCUSDT,BINANCE,TRADE,64032,8e-05
2026-07-30 13:47:02,BTCUSDT,BINANCE,TRADE,64032,9e-05
2026-07-30 13:47:02,BTCUSDT,BINANCE,TRADE,64032,9e-05
2026-07-30 13:47:02,BTCUSDT,BINANCE,TRADE,64032,0.00016
2026-07-30 13:47:02,BTCUSDT,BINANCE,TRADE,64032,8e-05
2026-07-30 13:47:02,BTCUSDT,BINANCE,TRADE,64032,8e-05
2026-07-30 13:47:02,BTCUSDT,BINANCE,TRADE,64032,8e-05
2026-07-30 13:47:02,BTCUSDT,BINANCE,TRADE,64032,8e-05
2026-07-30 13:47:02,BTCUSDT,BINANCE,TRADE,64032,0.00016
2026-07-30 13:47:02,BTCUSDT,BINANCE,TRADE,64033.9,8e-05
2026-07-30 13:47:02,SOLUSDT,BINANCE,TRADE,73.44,0.069
2026-07-30 13:47:02,SOLUSDT,BINANCE,TRADE,73.44,0.137
2026-07-30 13:47:02,SOLUSDT,BINANCE,TRADE,73.44,0.069
2026-07-30 13:47:02,SOLUSDT,BINANCE,TRADE,73.44,0.082
2026-07-30 13:47:02,SOLUSDT,BINANCE,TRADE,73.44,0.075
2026-07-30 13:47:02,SOLUSDT,BINANCE,TRADE,73.44,0.072
2026-07-30 13:47:02,SOLUSDT,BINANCE,TRADE,73.44,0.072
2026-07-30 13:47:02,SOLUSDT,BINANCE,TRADE,73.44,0.255
2026-07-30 13:47:02,SOLUSDT,BINANCE,TRADE,73.44,3.793
2026-07-30 13:47:02,SOLUSDT,BINANCE,TRADE,73.44,0.07
2026-07-30 13:47:02,SOLUSDT,BINANCE,TRADE,73.44,0.072
2026-07-30 13:47:02,BTCUSDT,BINANCE,TRADE,64034,0.00037
2026-07-30 13:47:03,BTCUSDT,BINANCE,TRADE,64034,0.00306
2026-07-30 13:47:03,BTCUSDT,BINANCE,TRADE,64034,0.00257
2026-07-30 13:47:03,BTCUSDT,BINANCE,TRADE,64034,0.00055
2026-07-30 13:47:03,BTCUSDT,BINANCE,TRADE,64034,0.00445
2026-07-30 13:47:03,BTCUSDT,BINANCE,TRADE,64034,0.008
2026-07-30 13:47:03,BTCUSDT,BINANCE,TRADE,64034,0.005
2026-07-30 13:47:03,BTCUSDT,BINANCE,TRADE,64034,9e-05
2026-07-30 13:47:03,BTCUSDT,BINANCE,TRADE,64034,9e-05
2026-07-30 13:47:03,BTCUSDT,BINANCE,TRADE,64034,8e-05
2026-07-30 13:47:03,BTCUSDT,BINANCE,TRADE,64034,8e-05
2026-07-30 13:47:03,BTCUSDT,BINANCE,TRADE,64034,8e-05
2026-07-30 13:47:03,BTCUSDT,BINANCE,TRADE,64034,8e-05
2026-07-30 13:47:03,BTCUSDT,BINANCE,TRADE,64034,8e-05
2026-07-30 13:47:03,BTCUSDT,BINANCE,TRADE,64034,8e-05
2026-07-30 13:47:03,BTCUSDT,BINANCE,TRADE,64034,8e-05
2026-07-30 13:47:03,BTCUSDT,BINANCE,TRADE,64034,8e-05
2026-07-30 13:47:03,BTCUSDT,BINANCE,TRADE,64034,8e-05
2026-07-30 13:47:03,BTCUSDT,BINANCE,TRADE,64034,9e-05
2026-07-30 13:47:03,BTCUSDT,BINANCE,TRADE,64034,8e-05
2026-07-30 13:47:03,BTCUSDT,BINANCE,TRADE,64034,8e-05
2026-07-30 13:47:03,BTCUSDT,BINANCE,TRADE,64034,8e-05
2026-07-30 13:47:03,BTCUSDT,BINANCE,TRADE,64034,8e-05
2026-07-30 13:47:03,BTCUSDT,BINANCE,TRADE,64034,8e-05
2026-07-30 13:47:03,BTCUSDT,BINANCE,TRADE,64034,9e-05
2026-07-30 13:47:03,BTCUSDT,BINANCE,TRADE,64034,8e-05
2026-07-30 13:47:03,BTCUSDT,BINANCE,TRADE,64034,8e-05
2026-07-30 13:47:03,BTCUSDT,BINANCE,TRADE,64034,8e-05
2026-07-30 13:47:03,BTCUSDT,BINANCE,TRADE,64034,9e-05
2026-07-30 13:47:03,BTCUSDT,BINANCE,TRADE,64034,8e-05
2026-07-30 13:47:03,BTCUSDT,BINANCE,TRADE,64035.1,8e-05
2026-07-30 13:47:03,BTCUSDT,BINANCE,TRADE,64035.1,8e-05
2026-07-30 13:47:03,BTCUSDT,BINANCE,TRADE,64035.1,8e-05
2026-07-30 13:47:03,BTCUSDT,BINANCE,TRADE,64036,0.11359
2026-07-30 13:47:03,BTCUSDT,BINANCE,TRADE,64036,9e-05
2026-07-30 13:47:03,BTCUSDT,BINANCE,TRADE,64036,9e-05
2026-07-30 13:47:03,BTCUSDT,BINANCE,TRADE,64036,8e-05
2026-07-30 13:47:03,BTCUSDT,BINANCE,TRADE,64036,8e-05
2026-07-30 13:47:03,BTCUSDT,BINANCE,TRADE,64036,8e-05
2026-07-30 13:47:03,BTCUSDT,BINANCE,TRADE,64036,8e-05
2026-07-30 13:47:03,BTCUSDT,BINANCE,TRADE,64036,8e-05
2026-07-30 13:47:03,BTCUSDT,BINANCE,TRADE,64036,8e-05
2026-07-30 13:47:03,BTCUSDT,BINANCE,TRADE,64036,8e-05
2026-07-30 13:47:03,BTCUSDT,BINANCE,TRADE,64036,8e-05
2026-07-30 13:47:03,BTCUSDT,BINANCE,TRADE,64036,8e-05
2026-07-30 13:47:03,BTCUSDT,BINANCE,TRADE,64036,8e-05
2026-07-30 13:47:03,BTCUSDT,BINANCE,TRADE,64036,8e-05
2026-07-30 13:47:03,BTCUSDT,BINANCE,TRADE,64036,9e-05
2026-07-30 13:47:03,BTCUSDT,BINANCE,TRADE,64036,8e-05
2026-07-30 13:47:03,BTCUSDT,BINANCE,TRADE,64036,8e-05
2026-07-30 13:47:03,BTCUSDT,BINANCE,TRADE,64036,8e-05
2026-07-30 13:47:03,BTCUSDT,BINANCE,TRADE,64036,0.00042
2026-07-30 13:47:03,BTCUSDT,BINANCE,TRADE,64036,0.002
2026-07-30 13:47:03,BTCUSDT,BINANCE,TRADE,64036,0.00262
2026-07-30 13:47:03,BTCUSDT,BINANCE,TRADE,64036,0.00096
2026-07-30 13:47:03,BTCUSDT,BINANCE,TRADE,64036,0.00191
2026-07-30 13:47:03,BTCUSDT,BINANCE,TRADE,64036,0.11477
2026-07-30 13:47:03,BTCUSDT,BINANCE,TRADE,64036,0.002
2026-07-30 13:47:03,BTCUSDT,BINANCE,TRADE,64036,0.00018
2026-07-30 13:47:03,SOLUSDT,BINANCE,TRADE,73.44,23.73
2026-07-30 13:47:03,SOLUSDT,BINANCE,TRADE,73.44,3.52
2026-07-30 13:47:03,BTCUSDT,BINANCE,TRADE,64036,0.02211
2026-07-30 13:47:03,BTCUSDT,BINANCE,TRADE,64036,0.04953
2026-07-30 13:47:03,BTCUSDT,BINANCE,TRADE,64036,0.00224
2026-07-30 13:47:03,BTCUSDT,BINANCE,TRADE,64036,0.00017
2026-07-30 13:47:03,ETHUSDT,BINANCE,TRADE,1905.6,0.0027
2026-07-30 13:47:03,ETHUSDT,BINANCE,TRADE,1905.6,0.003
2026-07-30 13:47:03,ETHUSDT,BINANCE,TRADE,1905.6,0.0027
2026-07-30 13:47:03,ETHUSDT,BINANCE,TRADE,1905.6,0.0005
2026-07-30 13:47:03,ETHUSDT,BINANCE,TRADE,1905.59,0.0524
2026-07-30 13:47:03,SOLUSDT,BINANCE,TRADE,73.45,3.631
2026-07-30 13:47:03,SOLUSDT,BINANCE,TRADE,73.45,1.353
2026-07-30 13:47:03,BTCUSDT,BINANCE,TRADE,64036,0.0006
2026-07-30 13:47:03,BTCUSDT,BINANCE,TRADE,64036,0.01874
2026-07-30 13:47:03,BTCUSDT,BINANCE,TRADE,64036,0.00013
2026-07-30 13:47:03,BTCUSDT,BINANCE,TRADE,64036,0.0078
2026-07-30 13:47:03,BTCUSDT,BINANCE,TRADE,64036,0.0002
2026-07-30 13:47:03,BTCUSDT,BINANCE,TRADE,64036,5e-05
2026-07-30 13:47:03,BTCUSDT,BINANCE,TRADE,64036,0.00146
2026-07-30 13:47:03,BTCUSDT,BINANCE,TRADE,64036,0.00138
2026-07-30 13:47:03,BTCUSDT,BINANCE,TRADE,64036,0.00014
2026-07-30 13:47:03,BTCUSDT,BINANCE,TRADE,64036,0.00151
2026-07-30 13:47:03,BTCUSDT,BINANCE,TRADE,64036,0.00018
2026-07-30 13:47:03,BTCUSDT,BINANCE,TRADE,64036,0.00151
2026-07-30 13:47:03,ETHUSDT,BINANCE,TRADE,1905.6,0.003
2026-07-30 13:47:03,BTCUSDT,BINANCE,TRADE,64036,0.00151
2026-07-30 13:47:03,BTCUSDT,BINANCE,TRADE,64036,0.00049
2026-07-30 13:47:03,BTCUSDT,BINANCE,TRADE,64036,0.0045
2026-07-30 13:47:03,BTCUSDT,BINANCE,TRADE,64036,0.00249
2026-07-30 13:47:03,ETHUSDT,BINANCE,TRADE,1905.6,0.2383
2026-07-30 13:47:03,BTCUSDT,BINANCE,TRADE,64036,0.00025
2026-07-30 13:47:03,BTCUSDT,BINANCE,TRADE,64036,0.00022
2026-07-30 13:47:03,BTCUSDT,BINANCE,TRADE,64036,0.00166
2026-07-30 13:47:03,BTCUSDT,BINANCE,TRADE,64036,0.00046
2026-07-30 13:47:03,BTCUSDT,BINANCE,TRADE,64036,4e-05
2026-07-30 13:47:03,BTCUSDT,BINANCE,TRADE,64036,9e-05
2026-07-30 13:47:03,BTCUSDT,BINANCE,TRADE,64036,9e-05
2026-07-30 13:47:03,BTCUSDT,BINANCE,TRADE,64036,8e-05
2026-07-30 13:47:03,BTCUSDT,BINANCE,TRADE,64036,8e-05
2026-07-30 13:47:03,BTCUSDT,BINANCE,TRADE,64036,8e-05
2026-07-30 13:47:03,BTCUSDT,BINANCE,TRADE,64036,8e-05
2026-07-30 13:47:03,BTCUSDT,BINANCE,TRADE,64036,8e-05
2026-07-30 13:47:03,BTCUSDT,BINANCE,TRADE,64036,8e-05
2026-07-30 13:47:03,BTCUSDT,BINANCE,TRADE,64036,8e-05
2026-07-30 13:47:03,BTCUSDT,BINANCE,TRADE,64036,8e-05
2026-07-30 13:47:03,BTCUSDT,BINANCE,TRADE,64036,8e-05
2026-07-30 13:47:03,BTCUSDT,BINANCE,TRADE,64036,8e-05
2026-07-30 13:47:03,BTCUSDT,BINANCE,TRADE,64036,8e-05
2026-07-30 13:47:03,BTCUSDT,BINANCE,TRADE,64036,9e-05
2026-07-30 13:47:03,BTCUSDT,BINANCE,TRADE,64036,8e-05
2026-07-30 13:47:03,BTCUSDT,BINANCE,TRADE,64036,0.00463
2026-07-30 13:47:03,BTCUSDT,BINANCE,TRADE,64036,0.00122
2026-07-30 13:47:03,BTCUSDT,BINANCE,TRADE,64036,0.00314
2026-07-30 13:47:03,BTCUSDT,BINANCE,TRADE,64036,0.00527
2026-07-30 13:47:03,BTCUSDT,BINANCE,TRADE,64036,0.012
2026-07-30 13:47:03,BTCUSDT,BINANCE,TRADE,64036,0.00328
2026-07-30 13:47:03,BTCUSDT,BINANCE,TRADE,64036,0.00116
2026-07-30 13:47:03,BTCUSDT,BINANCE,TRADE,64036,0.00016
2026-07-30 13:47:03,BTCUSDT,BINANCE,TRADE,64036,0.00012
2026-07-30 13:47:03,ETHUSDT,BINANCE,TRADE,1905.59,0.1733
2026-07-30 13:47:03,BTCUSDT,BINANCE,TRADE,64036,0.00013
2026-07-30 13:47:03,ETHUSDT,BINANCE,TRADE,1905.6,0.0338
2026-07-30 13:47:03,ETHUSDT,BINANCE,TRADE,1905.6,0.0535
2026-07-30 13:47:03,BTCUSDT,BINANCE,TRADE,64036,0.00207
2026-07-30 13:47:03,ETHUSDT,BINANCE,TRADE,1905.59,0.2321
2026-07-30 13:47:03,BTCUSDT,BINANCE,TRADE,64036,0.002
2026-07-30 13:47:03,BTCUSDT,BINANCE,TRADE,64036,0.00057
2026-07-30 13:47:03,BTCUSDT,BINANCE,TRADE,64036,8e-05
2026-07-30 13:47:03,ETHUSDT,BINANCE,TRADE,1905.59,0.0868
2026-07-30 13:47:03,BTCUSDT,BINANCE,TRADE,64036,0.00085
2026-07-30 13:47:03,BTCUSDT,BINANCE,TRADE,64036,0.00424
2026-07-30 13:47:03,BTCUSDT,BINANCE,TRADE,64036,0.00021
2026-07-30 13:47:04,BTCUSDT,BINANCE,TRADE,64036,0.00515
2026-07-30 13:47:04,BTCUSDT,BINANCE,TRADE,64036,0.00138
2026-07-30 13:47:04,BTCUSDT,BINANCE,TRADE,64036,0.002
2026-07-30 13:47:04,BTCUSDT,BINANCE,TRADE,64036,0.00166
2026-07-30 13:47:04,BTCUSDT,BINANCE,TRADE,64036,0.0002
2026-07-30 13:47:04,BTCUSDT,BINANCE,TRADE,64036,0.00092
2026-07-30 13:47:04,BTCUSDT,BINANCE,TRADE,64036,0.00143
2026-07-30 13:47:04,ETHUSDT,BINANCE,TRADE,1905.59,0.039
2026-07-30 13:47:04,ETHUSDT,BINANCE,TRADE,1905.6,0.0146
2026-07-30 13:47:04,BTCUSDT,BINANCE,TRADE,64036,0.00155
2026-07-30 13:47:04,BTCUSDT,BINANCE,TRADE,64036,0.00521
2026-07-30 13:47:04,ETHUSDT,BINANCE,TRADE,1905.59,0.0322
2026-07-30 13:47:04,BTCUSDT,BINANCE,TRADE,64036,0.00156
2026-07-30 13:47:04,BTCUSDT,BINANCE,TRADE,64036,0.00031
2026-07-30 13:47:04,BTCUSDT,BINANCE,TRADE,64036,0.00156
2026-07-30 13:47:04,SOLUSDT,BINANCE,TRADE,73.44,0.463
2026-07-30 13:47:04,BTCUSDT,BINANCE,TRADE,64036,0.00499
2026-07-30 13:47:04,BTCUSDT,BINANCE,TRADE,64036,0.00156
2026-07-30 13:47:04,BTCUSDT,BINANCE,TRADE,64036,0.00999
2026-07-30 13:47:04,BTCUSDT,BINANCE,TRADE,64036,0.00065
2026-07-30 13:47:04,BTCUSDT,BINANCE,TRADE,64036,0.00156
2026-07-30 13:47:04,BTCUSDT,BINANCE,TRADE,64036,0.00314
2026-07-30 13:47:04,BTCUSDT,BINANCE,TRADE,64036,0.00018
2026-07-30 13:47:04,BTCUSDT,BINANCE,TRADE,64036,0.00204
2026-07-30 13:47:04,BTCUSDT,BINANCE,TRADE,64036,0.00061
2026-07-30 13:47:04,BTCUSDT,BINANCE,TRADE,64036,0.00614
2026-07-30 13:47:04,BTCUSDT,BINANCE,TRADE,64036,0.00017
2026-07-30 13:47:04,BTCUSDT,BINANCE,TRADE,64036,0.00058
2026-07-30 13:47:04,BTCUSDT,BINANCE,TRADE,64036,9e-05
2026-07-30 13:47:04,BTCUSDT,BINANCE,TRADE,64036,0.00224
2026-07-30 13:47:04,BTCUSDT,BINANCE,TRADE,64036,0.00199
2026-07-30 13:47:04,BTCUSDT,BINANCE,TRADE,64036,0.00145
2026-07-30 13:47:04,BTCUSDT,BINANCE,TRADE,64036,0.00156
2026-07-30 13:47:04,BTCUSDT,BINANCE,TRADE,64036,0.00281
2026-07-30 13:47:04,BTCUSDT,BINANCE,TRADE,64036,0.00156
2026-07-30 13:47:04,ETHUSDT,BINANCE,TRADE,1905.6,0.0252
2026-07-30 13:47:04,ETHUSDT,BINANCE,TRADE,1905.6,0.0103
2026-07-30 13:47:04,BTCUSDT,BINANCE,TRADE,64036,0.00156
2026-07-30 13:47:04,BTCUSDT,BINANCE,TRADE,64036,0.00021
2026-07-30 13:47:04,BTCUSDT,BINANCE,TRADE,64036,0.00015
2026-07-30 13:47:04,BTCUSDT,BINANCE,TRADE,64036,0.06549
2026-07-30 13:47:04,BTCUSDT,BINANCE,TRADE,64036,0.00468
2026-07-30 13:47:04,BTCUSDT,BINANCE,TRADE,64036,0.00156
2026-07-30 13:47:04,ETHUSDT,BINANCE,TRADE,1905.59,0.2299
2026-07-30 13:47:04,BTCUSDT,BINANCE,TRADE,64036,0.00156
2026-07-30 13:47:04,BTCUSDT,BINANCE,TRADE,64036,0.00166
2026-07-30 13:47:04,ETHUSDT,BINANCE,TRADE,1905.6,0.2321
2026-07-30 13:47:04,BTCUSDT,BINANCE,TRADE,64036,0.00032
2026-07-30 13:47:04,BTCUSDT,BINANCE,TRADE,64036,0.00156
2026-07-30 13:47:04,BTCUSDT,BINANCE,TRADE,64036,0.00156
2026-07-30 13:47:05,ETHUSDT,BINANCE,TRADE,1905.59,0.0338
2026-07-30 13:47:05,BTCUSDT,BINANCE,TRADE,64036,0.00018
2026-07-30 13:47:05,BTCUSDT,BINANCE,TRADE,64036,0.00015
2026-07-30 13:47:05,BTCUSDT,BINANCE,TRADE,64036,0.00156
2026-07-30 13:47:05,BTCUSDT,BINANCE,TRADE,64036,0.00039
2026-07-30 13:47:05,BTCUSDT,BINANCE,TRADE,64036,0.00156
2026-07-30 13:47:05,BTCUSDT,BINANCE,TRADE,64036,0.05982
2026-07-30 13:47:05,BTCUSDT,BINANCE,TRADE,64036,0.00025
2026-07-30 13:47:05,BTCUSDT,BINANCE,TRADE,64036,0.00156
2026-07-30 13:47:05,BTCUSDT,BINANCE,TRADE,64036,0.00031
2026-07-30 13:47:05,BTCUSDT,BINANCE,TRADE,64036,0.00012
2026-07-30 13:47:05,BTCUSDT,BINANCE,TRADE,64036,0.00786
2026-07-30 13:47:05,BTCUSDT,BINANCE,TRADE,64036,0.00033
2026-07-30 13:47:05,BTCUSDT,BINANCE,TRADE,64036,0.00055
2026-07-30 13:47:05,BTCUSDT,BINANCE,TRADE,64036,0.00156
2026-07-30 13:47:05,BTCUSDT,BINANCE,TRADE,64036,8e-05
2026-07-30 13:47:05,ETHUSDT,BINANCE,TRADE,1905.6,0.2158
2026-07-30 13:47:05,BTCUSDT,BINANCE,TRADE,64036,0.00156
2026-07-30 13:47:05,BTCUSDT,BINANCE,TRADE,64036,0.00156
2026-07-30 13:47:05,BTCUSDT,BINANCE,TRADE,64036,0.00057
2026-07-30 13:47:05,BTCUSDT,BINANCE,TRADE,64036,0.00156
2026-07-30 13:47:05,BTCUSDT,BINANCE,TRADE,64036,0.00312
2026-07-30 13:47:05,BTCUSDT,BINANCE,TRADE,64036,0.07086
2026-07-30 13:47:05,BTCUSDT,BINANCE,TRADE,64036,8e-05
2026-07-30 13:47:05,BTCUSDT,BINANCE,TRADE,64036,8e-05
2026-07-30 13:47:05,BTCUSDT,BINANCE,TRADE,64036,0.00706
2026-07-30 13:47:05,BTCUSDT,BINANCE,TRADE,64036,0.00018
2026-07-30 13:47:05,BTCUSDT,BINANCE,TRADE,64036,0.00017
2026-07-30 13:47:05,BTCUSDT,BINANCE,TRADE,64036,0.00038
2026-07-30 13:47:05,BTCUSDT,BINANCE,TRADE,64036,0.00026
2026-07-30 13:47:05,BTCUSDT,BINANCE,TRADE,64036,0.00515
2026-07-30 13:47:05,BTCUSDT,BINANCE,TRADE,64036,0.00499
2026-07-30 13:47:05,BTCUSDT,BINANCE,TRADE,64036,0.01854
2026-07-30 13:47:05,BTCUSDT,BINANCE,TRADE,64036,8e-05
2026-07-30 13:47:05,BTCUSDT,BINANCE,TRADE,64036,8e-05
2026-07-30 13:47:05,BTCUSDT,BINANCE,TRADE,64036,3e-05
2026-07-30 13:47:05,BTCUSDT,BINANCE,TRADE,64036,0.0008
2026-07-30 13:47:05,BTCUSDT,BINANCE,TRADE,64036,6e-05
2026-07-30 13:47:05,BTCUSDT,BINANCE,TRADE,64036,8e-05
2026-07-30 13:47:05,BTCUSDT,BINANCE,TRADE,64036,6e-05
2026-07-30 13:47:05,BTCUSDT,BINANCE,TRADE,64036,0.00314
2026-07-30 13:47:05,BTCUSDT,BINANCE,TRADE,64036,2e-05
2026-07-30 13:47:05,BTCUSDT,BINANCE,TRADE,64036,8e-05
2026-07-30 13:47:05,BTCUSDT,BINANCE,TRADE,64036,6e-05
2026-07-30 13:47:05,BTCUSDT,BINANCE,TRADE,64036,2e-05
2026-07-30 13:47:05,BTCUSDT,BINANCE,TRADE,64036,0.00627
2026-07-30 13:47:05,BTCUSDT,BINANCE,TRADE,64036,0.00527
2026-07-30 13:47:05,BTCUSDT,BINANCE,TRADE,64036,0.00099
2026-07-30 13:47:05,ETHUSDT,BINANCE,TRADE,1905.59,0.0534
2026-07-30 13:47:05,BTCUSDT,BINANCE,TRADE,64036,0.0005
2026-07-30 13:47:05,BTCUSDT,BINANCE,TRADE,64036,0.0005
2026-07-30 13:47:05,BTCUSDT,BINANCE,TRADE,64036,0.00013
2026-07-30 13:47:05,BTCUSDT,BINANCE,TRADE,64036,0.0005
2026-07-30 13:47:05,BTCUSDT,BINANCE,TRADE,64036,0.0005
2026-07-30 13:47:05,BTCUSDT,BINANCE,TRADE,64036,0.0005
2026-07-30 13:47:05,ETHUSDT,BINANCE,TRADE,1905.6,0.1725
2026-07-30 13:47:05,BTCUSDT,BINANCE,TRADE,64036,0.0005
2026-07-30 13:47:05,BTCUSDT,BINANCE,TRADE,64036,0.0005
2026-07-30 13:47:05,BTCUSDT,BINANCE,TRADE,64036,0.0005
2026-07-30 13:47:05,BTCUSDT,BINANCE,TRADE,64036,0.00079
2026-07-30 13:47:05,BTCUSDT,BINANCE,TRADE,64036,0.0005
2026-07-30 13:47:05,BTCUSDT,BINANCE,TRADE,64036,0.0005
2026-07-30 13:47:05,BTCUSDT,BINANCE,TRADE,64036,0.0005
2026-07-30 13:47:05,BTCUSDT,BINANCE,TRADE,64036,0.0005
2026-07-30 13:47:05,BTCUSDT,BINANCE,TRADE,64036,0.0005
2026-07-30 13:47:05,BTCUSDT,BINANCE,TRADE,64036,0.00025
2026-07-30 13:47:05,ETHUSDT,BINANCE,TRADE,1905.59,0.0252
2026-07-30 13:47:05,ETHUSDT,BINANCE,TRADE,1905.6,0.0027
2026-07-30 13:47:05,BTCUSDT,BINANCE,TRADE,64036,0.0005
2026-07-30 13:47:05,ETHUSDT,BINANCE,TRADE,1905.6,0.0616
2026-07-30 13:47:05,BTCUSDT,BINANCE,TRADE,64036,0.00017
2026-07-30 13:47:05,BTCUSDT,BINANCE,TRADE,64036,0.00016
2026-07-30 13:47:05,BTCUSDT,BINANCE,TRADE,64036,8e-05
2026-07-30 13:47:05,BTCUSDT,BINANCE,TRADE,64036,0.0001
2026-07-30 13:47:05,BTCUSDT,BINANCE,TRADE,64036,8e-05
2026-07-30 13:47:05,BTCUSDT,BINANCE,TRADE,64036,8e-05
2026-07-30 13:47:05,BTCUSDT,BINANCE,TRADE,64036,0.00209
2026-07-30 13:47:05,BTCUSDT,BINANCE,TRADE,64036,0.0005
2026-07-30 13:47:05,BTCUSDT,BINANCE,TRADE,64036,0.00018
2026-07-30 13:47:05,BTCUSDT,BINANCE,TRADE,64036,0.0005
2026-07-30 13:47:05,ETHUSDT,BINANCE,TRADE,1905.6,0.0189
2026-07-30 13:47:05,BTCUSDT,BINANCE,TRADE,64036,0.0005
2026-07-30 13:47:05,BTCUSDT,BINANCE,TRADE,64036,0.00012
2026-07-30 13:47:05,BTCUSDT,BINANCE,TRADE,64036,0.0005
2026-07-30 13:47:05,BTCUSDT,BINANCE,TRADE,64036,0.0005
2026-07-30 13:47:05,BTCUSDT,BINANCE,TRADE,64036,0.00027
2026-07-30 13:47:05,BTCUSDT,BINANCE,TRADE,64036,0.0005
2026-07-30 13:47:05,BTCUSDT,BINANCE,TRADE,64036,0.00156
2026-07-30 13:47:05,BTCUSDT,BINANCE,TRADE,64036,0.0005
2026-07-30 13:47:06,BTCUSDT,BINANCE,TRADE,64036,8e-05
2026-07-30 13:47:06,BTCUSDT,BINANCE,TRADE,64036,8e-05
2026-07-30 13:47:06,BTCUSDT,BINANCE,TRADE,64036,0.00208
2026-07-30 13:47:06,BTCUSDT,BINANCE,TRADE,64036,0.0005
2026-07-30 13:47:06,BTCUSDT,BINANCE,TRADE,64036,0.002
2026-07-30 13:47:06,BTCUSDT,BINANCE,TRADE,64036,0.0005
2026-07-30 13:47:06,ETHUSDT,BINANCE,TRADE,1905.59,0.2321
2026-07-30 13:47:06,BTCUSDT,BINANCE,TRADE,64036,0.0001
2026-07-30 13:47:06,BTCUSDT,BINANCE,TRADE,64036,0.00062
2026-07-30 13:47:06,BTCUSDT,BINANCE,TRADE,64036,0.00084
2026-07-30 13:47:06,BTCUSDT,BINANCE,TRADE,64036,0.00228
2026-07-30 13:47:06,BTCUSDT,BINANCE,TRADE,64036,0.00057
2026-07-30 13:47:06,BTCUSDT,BINANCE,TRADE,64036,0.00509
2026-07-30 13:47:06,BTCUSDT,BINANCE,TRADE,64036,0.00156
2026-07-30 13:47:06,BTCUSDT,BINANCE,TRADE,64036,0.0005
2026-07-30 13:47:06,ETHUSDT,BINANCE,TRADE,1905.6,0.0525
2026-07-30 13:47:06,BTCUSDT,BINANCE,TRADE,64036,0.0005
2026-07-30 13:47:06,ETHUSDT,BINANCE,TRADE,1905.59,0.0146
2026-07-30 13:47:06,BTCUSDT,BINANCE,TRADE,64036,0.0005
2026-07-30 13:47:06,BTCUSDT,BINANCE,TRADE,64036,0.00156
2026-07-30 13:47:06,BTCUSDT,BINANCE,TRADE,64036,0.0005
2026-07-30 13:47:06,BTCUSDT,BINANCE,TRADE,64036,0.00156
2026-07-30 13:47:06,ETHUSDT,BINANCE,TRADE,1905.6,0.9931
2026-07-30 13:47:06,BTCUSDT,BINANCE,TRADE,64036,0.00138
2026-07-30 13:47:06,BTCUSDT,BINANCE,TRADE,64036,0.0005
2026-07-30 13:47:06,ETHUSDT,BINANCE,TRADE,1905.6,0.003
2026-07-30 13:47:06,BTCUSDT,BINANCE,TRADE,64036,0.00122
2026-07-30 13:47:06,BTCUSDT,BINANCE,TRADE,64036,0.16215
2026-07-30 13:47:06,BTCUSDT,BINANCE,TRADE,64036,0.07808
2026-07-30 13:47:06,BTCUSDT,BINANCE,TRADE,64036,0.00062
2026-07-30 13:47:06,BTCUSDT,BINANCE,TRADE,64036,8e-05
2026-07-30 13:47:06,BTCUSDT,BINANCE,TRADE,64036,9e-05
2026-07-30 13:47:06,BTCUSDT,BINANCE,TRADE,64036,8e-05
2026-07-30 13:47:06,BTCUSDT,BINANCE,TRADE,64036,0.03123
2026-07-30 13:47:06,BTCUSDT,BINANCE,TRADE,64036,8e-05
2026-07-30 13:47:06,BTCUSDT,BINANCE,TRADE,64036,8e-05
2026-07-30 13:47:06,BTCUSDT,BINANCE,TRADE,64036,8e-05
2026-07-30 13:47:06,BTCUSDT,BINANCE,TRADE,64036,0.0072
2026-07-30 13:47:06,BTCUSDT,BINANCE,TRADE,64036,0.00114
2026-07-30 13:47:06,BTCUSDT,BINANCE,TRADE,64036,0.00017
2026-07-30 13:47:06,BTCUSDT,BINANCE,TRADE,64036,9e-05
2026-07-30 13:47:06,BTCUSDT,BINANCE,TRADE,64036,9e-05
2026-07-30 13:47:06,BTCUSDT,BINANCE,TRADE,64036,8e-05
2026-07-30 13:47:06,BTCUSDT,BINANCE,TRADE,64036,8e-05
2026-07-30 13:47:06,BTCUSDT,BINANCE,TRADE,64036,8e-05
2026-07-30 13:47:06,BTCUSDT,BINANCE,TRADE,64036,8e-05
2026-07-30 13:47:06,BTCUSDT,BINANCE,TRADE,64036,8e-05
2026-07-30 13:47:06,BTCUSDT,BINANCE,TRADE,64036,9e-05
2026-07-30 13:47:06,BTCUSDT,BINANCE,TRADE,64036,9e-05
2026-07-30 13:47:06,BTCUSDT,BINANCE,TRADE,64036,8e-05
2026-07-30 13:47:06,BTCUSDT,BINANCE,TRADE,64036,8e-05
2026-07-30 13:47:06,BTCUSDT,BINANCE,TRADE,64036,8e-05
2026-07-30 13:47:06,BTCUSDT,BINANCE,TRADE,64036.1,8e-05
2026-07-30 13:47:06,ETHUSDT,BINANCE,TRADE,1905.6,0.33
2026-07-30 13:47:06,ETHUSDT,BINANCE,TRADE,1905.6,1.8262
2026-07-30 13:47:06,ETHUSDT,BINANCE,TRADE,1905.6,0.0027
2026-07-30 13:47:06,ETHUSDT,BINANCE,TRADE,1905.6,0.0028
2026-07-30 13:47:06,ETHUSDT,BINANCE,TRADE,1905.6,0.0027
2026-07-30 13:47:06,ETHUSDT,BINANCE,TRADE,1905.6,0.0027
2026-07-30 13:47:06,ETHUSDT,BINANCE,TRADE,1905.6,0.0028
2026-07-30 13:47:06,ETHUSDT,BINANCE,TRADE,1905.6,0.0027
2026-07-30 13:47:06,ETHUSDT,BINANCE,TRADE,1905.6,0.021
2026-07-30 13:47:06,ETHUSDT,BINANCE,TRADE,1905.6,0.0027
2026-07-30 13:47:06,ETHUSDT,BINANCE,TRADE,1905.6,0.0053
2026-07-30 13:47:06,ETHUSDT,BINANCE,TRADE,1905.6,0.2624
2026-07-30 13:47:06,ETHUSDT,BINANCE,TRADE,1905.6,0.021
2026-07-30 13:47:06,ETHUSDT,BINANCE,TRADE,1905.6,0.021
2026-07-30 13:47:06,ETHUSDT,BINANCE,TRADE,1905.6,0.0027
2026-07-30 13:47:06,ETHUSDT,BINANCE,TRADE,1905.6,0.0027
2026-07-30 13:47:06,ETHUSDT,BINANCE,TRADE,1905.6,0.0027
2026-07-30 13:47:06,ETHUSDT,BINANCE,TRADE,1905.6,0.0027
2026-07-30 13:47:06,ETHUSDT,BINANCE,TRADE,1905.6,0.0002
2026-07-30 13:47:06,ETHUSDT,BINANCE,TRADE,1905.6,0.0025
2026-07-30 13:47:06,ETHUSDT,BINANCE,TRADE,1905.6,0.0027
2026-07-30 13:47:06,ETHUSDT,BINANCE,TRADE,1905.6,0.0027
2026-07-30 13:47:06,ETHUSDT,BINANCE,TRADE,1905.61,0.0027
2026-07-30 13:47:06,ETHUSDT,BINANCE,TRADE,1905.61,0.0027
2026-07-30 13:47:06,ETHUSDT,BINANCE,TRADE,1905.61,0.0028
2026-07-30 13:47:06,ETHUSDT,BINANCE,TRADE,1905.61,0.0053
2026-07-30 13:47:06,ETHUSDT,BINANCE,TRADE,1905.61,0.0027
2026-07-30 13:47:06,ETHUSDT,BINANCE,TRADE,1905.61,0.0027
2026-07-30 13:47:06,ETHUSDT,BINANCE,TRADE,1905.61,0.0027
2026-07-30 13:47:06,ETHUSDT,BINANCE,TRADE,1905.61,0.0027
2026-07-30 13:47:06,ETHUSDT,BINANCE,TRADE,1905.61,0.0027
2026-07-30 13:47:06,ETHUSDT,BINANCE,TRADE,1905.61,0.0027
2026-07-30 13:47:06,ETHUSDT,BINANCE,TRADE,1905.61,0.0027
2026-07-30 13:47:06,ETHUSDT,BINANCE,TRADE,1905.61,0.0027
2026-07-30 13:47:06,ETHUSDT,BINANCE,TRADE,1905.62,0.0028
2026-07-30 13:47:06,ETHUSDT,BINANCE,TRADE,1905.62,0.0053
2026-07-30 13:47:06,ETHUSDT,BINANCE,TRADE,1905.62,0.0027
2026-07-30 13:47:06,ETHUSDT,BINANCE,TRADE,1905.62,0.0027
2026-07-30 13:47:06,ETHUSDT,BINANCE,TRADE,1905.63,0.0028
2026-07-30 13:47:06,ETHUSDT,BINANCE,TRADE,1905.64,0.009
2026-07-30 13:47:06,ETHUSDT,BINANCE,TRADE,1905.64,0.0027
2026-07-30 13:47:06,ETHUSDT,BINANCE,TRADE,1905.64,0.0028
2026-07-30 13:47:06,ETHUSDT,BINANCE,TRADE,1905.64,0.0027
2026-07-30 13:47:06,ETHUSDT,BINANCE,TRADE,1905.64,0.0027
2026-07-30 13:47:06,ETHUSDT,BINANCE,TRADE,1905.65,0.0027
2026-07-30 13:47:06,ETHUSDT,BINANCE,TRADE,1905.65,0.0028
2026-07-30 13:47:06,ETHUSDT,BINANCE,TRADE,1905.65,0.0027
2026-07-30 13:47:06,ETHUSDT,BINANCE,TRADE,1905.66,0.0019
2026-07-30 13:47:06,ETHUSDT,BINANCE,TRADE,1905.66,0.0008
2026-07-30 13:47:06,ETHUSDT,BINANCE,TRADE,1905.66,0.0027
2026-07-30 13:47:06,ETHUSDT,BINANCE,TRADE,1905.66,0.0028
2026-07-30 13:47:06,ETHUSDT,BINANCE,TRADE,1905.66,0.0027
2026-07-30 13:47:06,ETHUSDT,BINANCE,TRADE,1905.68,0.012
2026-07-30 13:47:06,ETHUSDT,BINANCE,TRADE,1905.68,0.0027
2026-07-30 13:47:06,ETHUSDT,BINANCE,TRADE,1905.68,0.0028
2026-07-30 13:47:06,ETHUSDT,BINANCE,TRADE,1905.68,0.0027
2026-07-30 13:47:06,ETHUSDT,BINANCE,TRADE,1905.68,0.0027
2026-07-30 13:47:06,ETHUSDT,BINANCE,TRADE,1905.69,0.0028
2026-07-30 13:47:06,ETHUSDT,BINANCE,TRADE,1905.7,0.0027
2026-07-30 13:47:06,ETHUSDT,BINANCE,TRADE,1905.7,0.0027
2026-07-30 13:47:06,ETHUSDT,BINANCE,TRADE,1905.7,0.0028
2026-07-30 13:47:06,ETHUSDT,BINANCE,TRADE,1905.7,0.0027
2026-07-30 13:47:06,ETHUSDT,BINANCE,TRADE,1905.71,0.0548
2026-07-30 13:47:06,ETHUSDT,BINANCE,TRADE,1905.71,0.0027
2026-07-30 13:47:06,ETHUSDT,BINANCE,TRADE,1905.71,0.0027
2026-07-30 13:47:06,ETHUSDT,BINANCE,TRADE,1905.71,0.0028
2026-07-30 13:47:06,ETHUSDT,BINANCE,TRADE,1905.71,0.0028
2026-07-30 13:47:06,ETHUSDT,BINANCE,TRADE,1905.71,0.0027
2026-07-30 13:47:06,ETHUSDT,BINANCE,TRADE,1905.71,0.0028
2026-07-30 13:47:06,ETHUSDT,BINANCE,TRADE,1905.72,0.6621
2026-07-30 13:47:06,ETHUSDT,BINANCE,TRADE,1905.72,0.1
2026-07-30 13:47:06,ETHUSDT,BINANCE,TRADE,1905.72,0.2
2026-07-30 13:47:06,ETHUSDT,BINANCE,TRADE,1905.72,0.0219
2026-07-30 13:47:06,ETHUSDT,BINANCE,TRADE,1905.72,0.003
2026-07-30 13:47:06,ETHUSDT,BINANCE,TRADE,1905.72,0.0027
2026-07-30 13:47:06,ETHUSDT,BINANCE,TRADE,1905.72,0.0027
2026-07-30 13:47:06,ETHUSDT,BINANCE,TRADE,1905.72,0.0027
2026-07-30 13:47:06,ETHUSDT,BINANCE,TRADE,1905.72,0.0027
2026-07-30 13:47:06,ETHUSDT,BINANCE,TRADE,1905.72,0.0027
2026-07-30 13:47:06,ETHUSDT,BINANCE,TRADE,1905.72,0.0027
2026-07-30 13:47:06,ETHUSDT,BINANCE,TRADE,1905.75,0.0027
2026-07-30 13:47:06,ETHUSDT,BINANCE,TRADE,1905.76,0.0027
2026-07-30 13:47:06,ETHUSDT,BINANCE,TRADE,1905.77,0.0108
2026-07-30 13:47:06,ETHUSDT,BINANCE,TRADE,1905.77,0.0027
2026-07-30 13:47:06,ETHUSDT,BINANCE,TRADE,1905.77,0.0027
2026-07-30 13:47:06,ETHUSDT,BINANCE,TRADE,1905.79,0.0028
2026-07-30 13:47:06,ETHUSDT,BINANCE,TRADE,1905.8,0.0027
2026-07-30 13:47:06,ETHUSDT,BINANCE,TRADE,1905.8,0.0027
2026-07-30 13:47:06,ETHUSDT,BINANCE,TRADE,1905.81,0.0027
2026-07-30 13:47:06,ETHUSDT,BINANCE,TRADE,1905.81,0.004
2026-07-30 13:47:06,ETHUSDT,BINANCE,TRADE,1905.81,0.004
2026-07-30 13:47:06,ETHUSDT,BINANCE,TRADE,1905.81,0.0027
2026-07-30 13:47:06,ETHUSDT,BINANCE,TRADE,1905.81,0.0027
2026-07-30 13:47:06,ETHUSDT,BINANCE,TRADE,1905.81,0.0027
2026-07-30 13:47:06,ETHUSDT,BINANCE,TRADE,1905.82,0.0027
2026-07-30 13:47:06,ETHUSDT,BINANCE,TRADE,1905.82,0.0027
2026-07-30 13:47:06,ETHUSDT,BINANCE,TRADE,1905.82,0.0028
2026-07-30 13:47:06,ETHUSDT,BINANCE,TRADE,1905.82,0.0028
2026-07-30 13:47:06,ETHUSDT,BINANCE,TRADE,1905.82,0.2993
2026-07-30 13:47:06,BTCUSDT,BINANCE,TRADE,64037.2,0.0005
2026-07-30 13:47:06,BTCUSDT,BINANCE,TRADE,64037.2,8e-05
2026-07-30 13:47:06,BTCUSDT,BINANCE,TRADE,64037.2,8e-05
2026-07-30 13:47:06,BTCUSDT,BINANCE,TRADE,64037.2,8e-05
2026-07-30 13:47:06,BTCUSDT,BINANCE,TRADE,64037.2,8e-05
2026-07-30 13:47:06,BTCUSDT,BINANCE,TRADE,64037.2,8e-05
2026-07-30 13:47:06,BTCUSDT,BINANCE,TRADE,64037.2,8e-05
2026-07-30 13:47:06,BTCUSDT,BINANCE,TRADE,64037.2,8e-05
2026-07-30 13:47:06,BTCUSDT,BINANCE,TRADE,64037.2,8e-05
2026-07-30 13:47:06,BTCUSDT,BINANCE,TRADE,64037.2,8e-05
2026-07-30 13:47:06,BTCUSDT,BINANCE,TRADE,64037.2,9e-05
2026-07-30 13:47:06,BTCUSDT,BINANCE,TRADE,64037.2,8e-05
2026-07-30 13:47:06,BTCUSDT,BINANCE,TRADE,64037.2,8e-05
2026-07-30 13:47:06,BTCUSDT,BINANCE,TRADE,64037.2,8e-05
2026-07-30 13:47:06,BTCUSDT,BINANCE,TRADE,64037.2,8e-05
2026-07-30 13:47:06,BTCUSDT,BINANCE,TRADE,64037.2,8e-05
2026-07-30 13:47:06,BTCUSDT,BINANCE,TRADE,64037.2,8e-05
2026-07-30 13:47:06,BTCUSDT,BINANCE,TRADE,64037.2,8e-05
2026-07-30 13:47:06,BTCUSDT,BINANCE,TRADE,64037.2,9e-05
2026-07-30 13:47:06,BTCUSDT,BINANCE,TRADE,64037.2,9e-05
2026-07-30 13:47:06,BTCUSDT,BINANCE,TRADE,64037.4,8e-05
2026-07-30 13:47:06,BTCUSDT,BINANCE,TRADE,64037.4,8e-05
2026-07-30 13:47:06,BTCUSDT,BINANCE,TRADE,64037.4,8e-05
2026-07-30 13:47:06,BTCUSDT,BINANCE,TRADE,64037.4,8e-05
2026-07-30 13:47:06,BTCUSDT,BINANCE,TRADE,64037.4,8e-05
2026-07-30 13:47:06,BTCUSDT,BINANCE,TRADE,64037.4,8e-05
2026-07-30 13:47:06,BTCUSDT,BINANCE,TRADE,64037.4,8e-05
2026-07-30 13:47:06,BTCUSDT,BINANCE,TRADE,64037.8,8e-05
2026-07-30 13:47:06,BTCUSDT,BINANCE,TRADE,64037.8,8e-05
2026-07-30 13:47:06,BTCUSDT,BINANCE,TRADE,64037.9,8e-05
2026-07-30 13:47:06,BTCUSDT,BINANCE,TRADE,64038,9e-05
2026-07-30 13:47:06,BTCUSDT,BINANCE,TRADE,64038,9e-05
2026-07-30 13:47:06,BTCUSDT,BINANCE,TRADE,64038,9e-05
2026-07-30 13:47:06,BTCUSDT,BINANCE,TRADE,64038,0.002
2026-07-30 13:47:06,BTCUSDT,BINANCE,TRADE,64038,0.00032
2026-07-30 13:47:06,BTCUSDT,BINANCE,TRADE,64038,0.04679
2026-07-30 13:47:06,BTCUSDT,BINANCE,TRADE,64038,0.02781
2026-07-30 13:47:06,BTCUSDT,BINANCE,TRADE,64038,0.00156
2026-07-30 13:47:06,BTCUSDT,BINANCE,TRADE,64038,0.00212
2026-07-30 13:47:06,BTCUSDT,BINANCE,TRADE,64038,0.00072
2026-07-30 13:47:06,BTCUSDT,BINANCE,TRADE,64038,0.0005
2026-07-30 13:47:06,BTCUSDT,BINANCE,TRADE,64038,0.00378
2026-07-30 13:47:06,BTCUSDT,BINANCE,TRADE,64038,0.008
2026-07-30 13:47:06,BTCUSDT,BINANCE,TRADE,64038,0.005
2026-07-30 13:47:06,BTCUSDT,BINANCE,TRADE,64038,9e-05
2026-07-30 13:47:06,BTCUSDT,BINANCE,TRADE,64038,9e-05
2026-07-30 13:47:06,BTCUSDT,BINANCE,TRADE,64038,8e-05
2026-07-30 13:47:06,BTCUSDT,BINANCE,TRADE,64038,8e-05
2026-07-30 13:47:06,BTCUSDT,BINANCE,TRADE,64038,8e-05
2026-07-30 13:47:06,BTCUSDT,BINANCE,TRADE,64038,8e-05
2026-07-30 13:47:06,BTCUSDT,BINANCE,TRADE,64038,8e-05
2026-07-30 13:47:06,BTCUSDT,BINANCE,TRADE,64038,8e-05
2026-07-30 13:47:06,BTCUSDT,BINANCE,TRADE,64038,8e-05
2026-07-30 13:47:06,BTCUSDT,BINANCE,TRADE,64038,8e-05
2026-07-30 13:47:06,BTCUSDT,BINANCE,TRADE,64038,8e-05
2026-07-30 13:47:06,BTCUSDT,BINANCE,TRADE,64038,8e-05
2026-07-30 13:47:06,BTCUSDT,BINANCE,TRADE,64038,0.00156
2026-07-30 13:47:06,BTCUSDT,BINANCE,TRADE,64038,8e-05
2026-07-30 13:47:06,BTCUSDT,BINANCE,TRADE,64038,8e-05
2026-07-30 13:47:06,BTCUSDT,BINANCE,TRADE,64038,8e-05
2026-07-30 13:47:06,BTCUSDT,BINANCE,TRADE,64038,8e-05
2026-07-30 13:47:06,BTCUSDT,BINANCE,TRADE,64038,8e-05
2026-07-30 13:47:06,BTCUSDT,BINANCE,TRADE,64038,8e-05
2026-07-30 13:47:06,BTCUSDT,BINANCE,TRADE,64038,8e-05
2026-07-30 13:47:06,BTCUSDT,BINANCE,TRADE,64038,8e-05
2026-07-30 13:47:06,BTCUSDT,BINANCE,TRADE,64038,8e-05
2026-07-30 13:47:06,BTCUSDT,BINANCE,TRADE,64038,8e-05
2026-07-30 13:47:06,BTCUSDT,BINANCE,TRADE,64038,8e-05
2026-07-30 13:47:06,BTCUSDT,BINANCE,TRADE,64038,8e-05
2026-07-30 13:47:06,BTCUSDT,BINANCE,TRADE,64038,8e-05
2026-07-30 13:47:06,BTCUSDT,BINANCE,TRADE,64038,8e-05
2026-07-30 13:47:06,BTCUSDT,BINANCE,TRADE,64038,8e-05
2026-07-30 13:47:06,BTCUSDT,BINANCE,TRADE,64038,8e-05
2026-07-30 13:47:06,BTCUSDT,BINANCE,TRADE,64038,8e-05
2026-07-30 13:47:06,BTCUSDT,BINANCE,TRADE,64038,9e-05
2026-07-30 13:47:06,BTCUSDT,BINANCE,TRADE,64038,9e-05
2026-07-30 13:47:06,BTCUSDT,BINANCE,TRADE,64038,8e-05
2026-07-30 13:47:06,BTCUSDT,BINANCE,TRADE,64038.4,8e-05
2026-07-30 13:47:06,BTCUSDT,BINANCE,TRADE,64038.4,8e-05
2026-07-30 13:47:06,BTCUSDT,BINANCE,TRADE,64038.9,8e-05
2026-07-30 13:47:06,BTCUSDT,BINANCE,TRADE,64039.4,8e-05
2026-07-30 13:47:06,BTCUSDT,BINANCE,TRADE,64040,8e-05
2026-07-30 13:47:06,BTCUSDT,BINANCE,TRADE,64040,8e-05
2026-07-30 13:47:06,BTCUSDT,BINANCE,TRADE,64040,8e-05
2026-07-30 13:47:06,BTCUSDT,BINANCE,TRADE,64040,8e-05
2026-07-30 13:47:06,BTCUSDT,BINANCE,TRADE,64040,8e-05
2026-07-30 13:47:06,BTCUSDT,BINANCE,TRADE,64040,8e-05
2026-07-30 13:47:06,BTCUSDT,BINANCE,TRADE,64040,9e-05
2026-07-30 13:47:06,BTCUSDT,BINANCE,TRADE,64040,9e-05
2026-07-30 13:47:06,BTCUSDT,BINANCE,TRADE,64040,8e-05
2026-07-30 13:47:06,BTCUSDT,BINANCE,TRADE,64040,9e-05
2026-07-30 13:47:06,BTCUSDT,BINANCE,TRADE,64040,8e-05
2026-07-30 13:47:06,BTCUSDT,BINANCE,TRADE,64040,8e-05
2026-07-30 13:47:06,BTCUSDT,BINANCE,TRADE,64040,8e-05
2026-07-30 13:47:06,BTCUSDT,BINANCE,TRADE,64040,0.0004
2026-07-30 13:47:06,BTCUSDT,BINANCE,TRADE,64040,0.001
2026-07-30 13:47:06,BTCUSDT,BINANCE,TRADE,64040,0.00156
2026-07-30 13:47:06,BTCUSDT,BINANCE,TRADE,64040,0.0005
2026-07-30 13:47:06,ETHUSDT,BINANCE,TRADE,1905.82,0.0027
2026-07-30 13:47:06,ETHUSDT,BINANCE,TRADE,1905.82,0.0028
2026-07-30 13:47:06,ETHUSDT,BINANCE,TRADE,1905.82,0.0028
2026-07-30 13:47:06,ETHUSDT,BINANCE,TRADE,1905.82,0.0028
2026-07-30 13:47:06,ETHUSDT,BINANCE,TRADE,1905.82,0.0027
2026-07-30 13:47:06,ETHUSDT,BINANCE,TRADE,1905.82,0.0028
2026-07-30 13:47:06,ETHUSDT,BINANCE,TRADE,1905.82,0.0027
2026-07-30 13:47:06,ETHUSDT,BINANCE,TRADE,1905.82,0.0027
2026-07-30 13:47:06,ETHUSDT,BINANCE,TRADE,1905.82,0.0027
2026-07-30 13:47:06,ETHUSDT,BINANCE,TRADE,1905.82,0.0027
2026-07-30 13:47:06,ETHUSDT,BINANCE,TRADE,1905.82,0.0027
2026-07-30 13:47:06,ETHUSDT,BINANCE,TRADE,1905.82,0.0028
2026-07-30 13:47:06,ETHUSDT,BINANCE,TRADE,1905.82,0.0027
2026-07-30 13:47:06,ETHUSDT,BINANCE,TRADE,1905.82,0.0027
2026-07-30 13:47:06,ETHUSDT,BINANCE,TRADE,1905.83,0.1311
2026-07-30 13:47:06,ETHUSDT,BINANCE,TRADE,1905.83,0.0027
2026-07-30 13:47:06,ETHUSDT,BINANCE,TRADE,1905.83,0.0028
2026-07-30 13:47:06,ETHUSDT,BINANCE,TRADE,1905.83,0.0027
2026-07-30 13:47:06,ETHUSDT,BINANCE,TRADE,1905.83,0.0027
2026-07-30 13:47:06,ETHUSDT,BINANCE,TRADE,1905.83,0.0027
2026-07-30 13:47:06,ETHUSDT,BINANCE,TRADE,1905.83,0.0027
2026-07-30 13:47:06,ETHUSDT,BINANCE,TRADE,1905.83,0.0027
2026-07-30 13:47:06,ETHUSDT,BINANCE,TRADE,1905.83,0.0027
2026-07-30 13:47:06,ETHUSDT,BINANCE,TRADE,1905.83,0.0027
2026-07-30 13:47:06,ETHUSDT,BINANCE,TRADE,1905.84,0.003
2026-07-30 13:47:06,ETHUSDT,BINANCE,TRADE,1905.84,0.0027
2026-07-30 13:47:06,ETHUSDT,BINANCE,TRADE,1905.84,0.0027
2026-07-30 13:47:06,ETHUSDT,BINANCE,TRADE,1905.84,0.0028
2026-07-30 13:47:06,ETHUSDT,BINANCE,TRADE,1905.84,0.0027
2026-07-30 13:47:06,ETHUSDT,BINANCE,TRADE,1905.84,0.0027
2026-07-30 13:47:06,ETHUSDT,BINANCE,TRADE,1905.84,0.0027
2026-07-30 13:47:06,ETHUSDT,BINANCE,TRADE,1905.84,0.0027
2026-07-30 13:47:06,ETHUSDT,BINANCE,TRADE,1905.84,0.0027
2026-07-30 13:47:06,ETHUSDT,BINANCE,TRADE,1905.84,0.0027
2026-07-30 13:47:06,ETHUSDT,BINANCE,TRADE,1905.85,0.05
2026-07-30 13:47:06,ETHUSDT,BINANCE,TRADE,1905.85,0.0027
2026-07-30 13:47:06,ETHUSDT,BINANCE,TRADE,1905.85,0.0028
2026-07-30 13:47:06,ETHUSDT,BINANCE,TRADE,1905.85,0.0027
2026-07-30 13:47:06,ETHUSDT,BINANCE,TRADE,1905.88,0.0027
2026-07-30 13:47:06,ETHUSDT,BINANCE,TRADE,1905.88,0.0028
2026-07-30 13:47:06,ETHUSDT,BINANCE,TRADE,1905.88,0.0027
2026-07-30 13:47:06,ETHUSDT,BINANCE,TRADE,1905.89,0.0028
2026-07-30 13:47:06,ETHUSDT,BINANCE,TRADE,1905.9,0.0027
2026-07-30 13:47:06,ETHUSDT,BINANCE,TRADE,1905.9,0.0027
2026-07-30 13:47:06,ETHUSDT,BINANCE,TRADE,1905.9,0.0028
2026-07-30 13:47:06,ETHUSDT,BINANCE,TRADE,1905.9,0.0027
2026-07-30 13:47:06,ETHUSDT,BINANCE,TRADE,1905.9,0.0027
2026-07-30 13:47:06,ETHUSDT,BINANCE,TRADE,1905.9,0.0027
2026-07-30 13:47:06,ETHUSDT,BINANCE,TRADE,1905.9,0.0027
2026-07-30 13:47:06,ETHUSDT,BINANCE,TRADE,1905.91,0.0033
2026-07-30 13:47:06,ETHUSDT,BINANCE,TRADE,1905.91,0.0028
2026-07-30 13:47:06,ETHUSDT,BINANCE,TRADE,1905.92,0.0027
2026-07-30 13:47:06,ETHUSDT,BINANCE,TRADE,1905.92,0.0027
2026-07-30 13:47:06,ETHUSDT,BINANCE,TRADE,1905.92,0.0028
2026-07-30 13:47:06,ETHUSDT,BINANCE,TRADE,1905.92,0.0027
2026-07-30 13:47:06,ETHUSDT,BINANCE,TRADE,1905.92,0.0027
2026-07-30 13:47:06,ETHUSDT,BINANCE,TRADE,1905.93,0.0027
2026-07-30 13:47:06,ETHUSDT,BINANCE,TRADE,1905.93,0.0028
2026-07-30 13:47:06,ETHUSDT,BINANCE,TRADE,1905.95,0.0028
2026-07-30 13:47:06,ETHUSDT,BINANCE,TRADE,1905.96,0.003
2026-07-30 13:47:06,ETHUSDT,BINANCE,TRADE,1905.96,0.0027
2026-07-30 13:47:06,ETHUSDT,BINANCE,TRADE,1905.96,0.0027
2026-07-30 13:47:06,ETHUSDT,BINANCE,TRADE,1905.96,0.0027
2026-07-30 13:47:06,ETHUSDT,BINANCE,TRADE,1905.96,0.0028
2026-07-30 13:47:06,ETHUSDT,BINANCE,TRADE,1905.96,0.0028
2026-07-30 13:47:06,ETHUSDT,BINANCE,TRADE,1905.96,0.0027
2026-07-30 13:47:06,ETHUSDT,BINANCE,TRADE,1905.96,0.0027
2026-07-30 13:47:06,ETHUSDT,BINANCE,TRADE,1905.96,0.0027
2026-07-30 13:47:06,ETHUSDT,BINANCE,TRADE,1905.96,0.0028
2026-07-30 13:47:06,ETHUSDT,BINANCE,TRADE,1905.96,0.0027
2026-07-30 13:47:06,ETHUSDT,BINANCE,TRADE,1905.97,0.0027
2026-07-30 13:47:06,ETHUSDT,BINANCE,TRADE,1905.99,0.0027
2026-07-30 13:47:06,ETHUSDT,BINANCE,TRADE,1905.99,0.0027
2026-07-30 13:47:06,ETHUSDT,BINANCE,TRADE,1905.99,0.0028
2026-07-30 13:47:06,ETHUSDT,BINANCE,TRADE,1905.99,0.0028
2026-07-30 13:47:06,ETHUSDT,BINANCE,TRADE,1905.99,0.0027
2026-07-30 13:47:06,ETHUSDT,BINANCE,TRADE,1905.99,0.0028
2026-07-30 13:47:06,ETHUSDT,BINANCE,TRADE,1905.99,0.0027
2026-07-30 13:47:06,ETHUSDT,BINANCE,TRADE,1905.99,0.0027
2026-07-30 13:47:06,ETHUSDT,BINANCE,TRADE,1905.99,0.0027
2026-07-30 13:47:06,ETHUSDT,BINANCE,TRADE,1906,0.004
2026-07-30 13:47:06,ETHUSDT,BINANCE,TRADE,1906,0.0104
2026-07-30 13:47:06,ETHUSDT,BINANCE,TRADE,1906,0.0289
2026-07-30 13:47:06,BTCUSDT,BINANCE,TRADE,64040,0.0005
2026-07-30 13:47:06,BTCUSDT,BINANCE,TRADE,64040,0.003
2026-07-30 13:47:06,BTCUSDT,BINANCE,TRADE,64040,0.00094
2026-07-30 13:47:06,BTCUSDT,BINANCE,TRADE,64040,6e-05
2026-07-30 13:47:06,BTCUSDT,BINANCE,TRADE,64040,0.003
2026-07-30 13:47:06,BTCUSDT,BINANCE,TRADE,64040,0.0005
2026-07-30 13:47:06,BTCUSDT,BINANCE,TRADE,64040,0.00156
2026-07-30 13:47:06,BTCUSDT,BINANCE,TRADE,64040,0.00194
2026-07-30 13:47:06,BTCUSDT,BINANCE,TRADE,64040,2e-05
2026-07-30 13:47:06,BTCUSDT,BINANCE,TRADE,64040,0.00798
2026-07-30 13:47:06,BTCUSDT,BINANCE,TRADE,64040,0.005
2026-07-30 13:47:06,BTCUSDT,BINANCE,TRADE,64040,0.0003
2026-07-30 13:47:06,BTCUSDT,BINANCE,TRADE,64040,0.00187
2026-07-30 13:47:06,BTCUSDT,BINANCE,TRADE,64040,9e-05
2026-07-30 13:47:06,BTCUSDT,BINANCE,TRADE,64040,9e-05
2026-07-30 13:47:06,BTCUSDT,BINANCE,TRADE,64040,8e-05
2026-07-30 13:47:06,BTCUSDT,BINANCE,TRADE,64040,8e-05
2026-07-30 13:47:06,BTCUSDT,BINANCE,TRADE,64040,8e-05
2026-07-30 13:47:06,BTCUSDT,BINANCE,TRADE,64040,8e-05
2026-07-30 13:47:06,BTCUSDT,BINANCE,TRADE,64040,8e-05
2026-07-30 13:47:06,BTCUSDT,BINANCE,TRADE,64040,8e-05
2026-07-30 13:47:06,BTCUSDT,BINANCE,TRADE,64040,8e-05
2026-07-30 13:47:06,BTCUSDT,BINANCE,TRADE,64040,8e-05
2026-07-30 13:47:06,BTCUSDT,BINANCE,TRADE,64040,8e-05
2026-07-30 13:47:06,BTCUSDT,BINANCE,TRADE,64040,9e-05
2026-07-30 13:47:06,BTCUSDT,BINANCE,TRADE,64040,8e-05
2026-07-30 13:47:06,BTCUSDT,BINANCE,TRADE,64040,0.00978
2026-07-30 13:47:06,BTCUSDT,BINANCE,TRADE,64040,0.026
2026-07-30 13:47:06,BTCUSDT,BINANCE,TRADE,64040,0.013
2026-07-30 13:47:06,BTCUSDT,BINANCE,TRADE,64040,0.003
2026-07-30 13:47:06,BTCUSDT,BINANCE,TRADE,64040,0.0005
2026-07-30 13:47:06,BTCUSDT,BINANCE,TRADE,64040,8e-05
2026-07-30 13:47:06,BTCUSDT,BINANCE,TRADE,64040,8e-05
2026-07-30 13:47:06,BTCUSDT,BINANCE,TRADE,64040,9e-05
2026-07-30 13:47:06,BTCUSDT,BINANCE,TRADE,64040,9e-05
2026-07-30 13:47:06,BTCUSDT,BINANCE,TRADE,64040,8e-05
2026-07-30 13:47:06,BTCUSDT,BINANCE,TRADE,64040,8e-05
2026-07-30 13:47:06,BTCUSDT,BINANCE,TRADE,64040,8e-05
2026-07-30 13:47:06,BTCUSDT,BINANCE,TRADE,64040,9e-05
2026-07-30 13:47:06,BTCUSDT,BINANCE,TRADE,64040,8e-05
2026-07-30 13:47:06,BTCUSDT,BINANCE,TRADE,64040,8e-05
2026-07-30 13:47:06,BTCUSDT,BINANCE,TRADE,64040,8e-05
2026-07-30 13:47:06,BTCUSDT,BINANCE,TRADE,64040,8e-05
2026-07-30 13:47:06,BTCUSDT,BINANCE,TRADE,64040,8e-05
2026-07-30 13:47:06,BTCUSDT,BINANCE,TRADE,64040,8e-05
2026-07-30 13:47:06,BTCUSDT,BINANCE,TRADE,64040,8e-05
2026-07-30 13:47:06,BTCUSDT,BINANCE,TRADE,64040,8e-05
2026-07-30 13:47:06,BTCUSDT,BINANCE,TRADE,64040,8e-05
2026-07-30 13:47:06,BTCUSDT,BINANCE,TRADE,64040,8e-05
2026-07-30 13:47:06,BTCUSDT,BINANCE,TRADE,64040,8e-05
2026-07-30 13:47:06,BTCUSDT,BINANCE,TRADE,64040,9e-05
2026-07-30 13:47:06,BTCUSDT,BINANCE,TRADE,64040,9e-05
2026-07-30 13:47:06,BTCUSDT,BINANCE,TRADE,64042,9e-05
2026-07-30 13:47:06,BTCUSDT,BINANCE,TRADE,64042,9e-05
2026-07-30 13:47:06,BTCUSDT,BINANCE,TRADE,64042,9e-05
2026-07-30 13:47:06,BTCUSDT,BINANCE,TRADE,64042,0.02171
2026-07-30 13:47:06,BTCUSDT,BINANCE,TRADE,64042,0.00156
2026-07-30 13:47:06,BTCUSDT,BINANCE,TRADE,64042,0.0005
2026-07-30 13:47:06,BTCUSDT,BINANCE,TRADE,64042,0.0005
2026-07-30 13:47:06,BTCUSDT,BINANCE,TRADE,64042,0.0005
2026-07-30 13:47:06,BTCUSDT,BINANCE,TRADE,64042,0.0005
2026-07-30 13:47:06,BTCUSDT,BINANCE,TRADE,64042,0.0005
2026-07-30 13:47:06,BTCUSDT,BINANCE,TRADE,64042,0.0005
2026-07-30 13:47:06,BTCUSDT,BINANCE,TRADE,64042,0.00021
2026-07-30 13:47:06,BTCUSDT,BINANCE,TRADE,64042,0.0005
2026-07-30 13:47:06,BTCUSDT,BINANCE,TRADE,64042,0.0005
2026-07-30 13:47:06,BTCUSDT,BINANCE,TRADE,64042,0.0005
2026-07-30 13:47:06,BTCUSDT,BINANCE,TRADE,64042,0.0005
2026-07-30 13:47:06,BTCUSDT,BINANCE,TRADE,64042,0.00166
2026-07-30 13:47:06,BTCUSDT,BINANCE,TRADE,64042,0.0005
2026-07-30 13:47:06,BTCUSDT,BINANCE,TRADE,64042,0.0005
2026-07-30 13:47:06,BTCUSDT,BINANCE,TRADE,64042,0.00156
2026-07-30 13:47:06,BTCUSDT,BINANCE,TRADE,64042,0.00023
2026-07-30 13:47:06,BTCUSDT,BINANCE,TRADE,64042,0.00133
2026-07-30 13:47:06,BTCUSDT,BINANCE,TRADE,64042,0.0005
2026-07-30 13:47:06,ETHUSDT,BINANCE,TRADE,1906,0.0027
2026-07-30 13:47:06,ETHUSDT,BINANCE,TRADE,1906,0.0027
2026-07-30 13:47:06,ETHUSDT,BINANCE,TRADE,1906,0.0027
2026-07-30 13:47:06,ETHUSDT,BINANCE,TRADE,1906,0.0257
2026-07-30 13:47:06,BTCUSDT,BINANCE,TRADE,64042,0.0002
2026-07-30 13:47:06,BTCUSDT,BINANCE,TRADE,64042,0.0005
2026-07-30 13:47:06,BTCUSDT,BINANCE,TRADE,64042,0.0005
2026-07-30 13:47:06,BTCUSDT,BINANCE,TRADE,64042,0.0005
2026-07-30 13:47:06,BTCUSDT,BINANCE,TRADE,64042,0.00157
2026-07-30 13:47:06,BTCUSDT,BINANCE,TRADE,64042,0.0005
2026-07-30 13:47:06,BTCUSDT,BINANCE,TRADE,64042,0.00029
2026-07-30 13:47:06,BTCUSDT,BINANCE,TRADE,64042,0.00156
2026-07-30 13:47:06,BTCUSDT,BINANCE,TRADE,64042,0.00156
2026-07-30 13:47:06,BTCUSDT,BINANCE,TRADE,64042,0.0005
2026-07-30 13:47:06,BTCUSDT,BINANCE,TRADE,64042,8e-05
2026-07-30 13:47:06,BTCUSDT,BINANCE,TRADE,64042,0.00156
2026-07-30 13:47:06,ETHUSDT,BINANCE,TRADE,1905.99,0.0105
2026-07-30 13:47:06,BTCUSDT,BINANCE,TRADE,64042,0.0005
2026-07-30 13:47:06,BTCUSDT,BINANCE,TRADE,64042,0.0005
2026-07-30 13:47:06,BTCUSDT,BINANCE,TRADE,64042,0.0005
2026-07-30 13:47:06,BTCUSDT,BINANCE,TRADE,64042,0.00012
2026-07-30 13:47:06,BTCUSDT,BINANCE,TRADE,64042,0.00156
2026-07-30 13:47:06,BTCUSDT,BINANCE,TRADE,64042,0.0005
2026-07-30 13:47:06,BTCUSDT,BINANCE,TRADE,64042,0.0005
2026-07-30 13:47:06,BTCUSDT,BINANCE,TRADE,64042,0.00015
2026-07-30 13:47:06,BTCUSDT,BINANCE,TRADE,64042,0.0005
2026-07-30 13:47:06,BTCUSDT,BINANCE,TRADE,64042,0.025
2026-07-30 13:47:06,BTCUSDT,BINANCE,TRADE,64042,0.0005
2026-07-30 13:47:06,BTCUSDT,BINANCE,TRADE,64042,0.00019
2026-07-30 13:47:06,BTCUSDT,BINANCE,TRADE,64042,0.00031
2026-07-30 13:47:06,BTCUSDT,BINANCE,TRADE,64042,0.0005
2026-07-30 13:47:06,ETHUSDT,BINANCE,TRADE,1906,0.0028
2026-07-30 13:47:06,ETHUSDT,BINANCE,TRADE,1906,0.0027
2026-07-30 13:47:06,ETHUSDT,BINANCE,TRADE,1906,0.0027
2026-07-30 13:47:06,ETHUSDT,BINANCE,TRADE,1906,0.0027
2026-07-30 13:47:06,ETHUSDT,BINANCE,TRADE,1906,0.0027
2026-07-30 13:47:06,ETHUSDT,BINANCE,TRADE,1906,0.0028
2026-07-30 13:47:06,ETHUSDT,BINANCE,TRADE,1906,0.0027
2026-07-30 13:47:06,ETHUSDT,BINANCE,TRADE,1906,0.0027
2026-07-30 13:47:06,ETHUSDT,BINANCE,TRADE,1906,0.0027
2026-07-30 13:47:06,ETHUSDT,BINANCE,TRADE,1906,0.0027
2026-07-30 13:47:06,ETHUSDT,BINANCE,TRADE,1906,0.0027
2026-07-30 13:47:06,ETHUSDT,BINANCE,TRADE,1906,0.0027
2026-07-30 13:47:06,ETHUSDT,BINANCE,TRADE,1906,0.0027
2026-07-30 13:47:06,ETHUSDT,BINANCE,TRADE,1906,2.9776
2026-07-30 13:47:06,ETHUSDT,BINANCE,TRADE,1906,0.2634
2026-07-30 13:47:06,ETHUSDT,BINANCE,TRADE,1906,0.0027
2026-07-30 13:47:06,ETHUSDT,BINANCE,TRADE,1906,0.0027
2026-07-30 13:47:06,ETHUSDT,BINANCE,TRADE,1906,0.0027
2026-07-30 13:47:06,ETHUSDT,BINANCE,TRADE,1906,0.0027
2026-07-30 13:47:06,ETHUSDT,BINANCE,TRADE,1906,0.0027
2026-07-30 13:47:06,ETHUSDT,BINANCE,TRADE,1906,0.0027
2026-07-30 13:47:06,ETHUSDT,BINANCE,TRADE,1906.01,0.0028
2026-07-30 13:47:06,ETHUSDT,BINANCE,TRADE,1906.01,0.0027
2026-07-30 13:47:06,ETHUSDT,BINANCE,TRADE,1906.01,0.0027
2026-07-30 13:47:06,ETHUSDT,BINANCE,TRADE,1906.01,0.0027
2026-07-30 13:47:06,ETHUSDT,BINANCE,TRADE,1906.02,0.0027
2026-07-30 13:47:06,ETHUSDT,BINANCE,TRADE,1906.02,0.0028
2026-07-30 13:47:06,BTCUSDT,BINANCE,TRADE,64042,0.0005
2026-07-30 13:47:06,BTCUSDT,BINANCE,TRADE,64042,0.00045
2026-07-30 13:47:06,BTCUSDT,BINANCE,TRADE,64042,0.0005
2026-07-30 13:47:06,BTCUSDT,BINANCE,TRADE,64042,0.00038
2026-07-30 13:47:06,BTCUSDT,BINANCE,TRADE,64042,0.0005
2026-07-30 13:47:06,BTCUSDT,BINANCE,TRADE,64042,0.00065
2026-07-30 13:47:06,BTCUSDT,BINANCE,TRADE,64042,0.0005
2026-07-30 13:47:06,BTCUSDT,BINANCE,TRADE,64042,0.0005
2026-07-30 13:47:06,BTCUSDT,BINANCE,TRADE,64042,0.0005
2026-07-30 13:47:06,ETHUSDT,BINANCE,TRADE,1906.02,0.2383
2026-07-30 13:47:06,BTCUSDT,BINANCE,TRADE,64042,0.0005
2026-07-30 13:47:06,BTCUSDT,BINANCE,TRADE,64042,0.00031
2026-07-30 13:47:06,BTCUSDT,BINANCE,TRADE,64042,0.00033
2026-07-30 13:47:06,BTCUSDT,BINANCE,TRADE,64042,0.0005
2026-07-30 13:47:06,BTCUSDT,BINANCE,TRADE,64042,0.00499
2026-07-30 13:47:06,BTCUSDT,BINANCE,TRADE,64042,0.00138
2026-07-30 13:47:06,BTCUSDT,BINANCE,TRADE,64042,0.0005
2026-07-30 13:47:06,BTCUSDT,BINANCE,TRADE,64042,0.002
2026-07-30 13:47:06,BTCUSDT,BINANCE,TRADE,64042,0.0005
2026-07-30 13:47:06,BTCUSDT,BINANCE,TRADE,64042,0.00017
2026-07-30 13:47:06,BTCUSDT,BINANCE,TRADE,64042,0.00033
2026-07-30 13:47:06,BTCUSDT,BINANCE,TRADE,64042,0.0005
2026-07-30 13:47:06,BTCUSDT,BINANCE,TRADE,64042,0.00057
2026-07-30 13:47:06,BTCUSDT,BINANCE,TRADE,64042,0.0005
2026-07-30 13:47:06,BTCUSDT,BINANCE,TRADE,64042,0.00126
2026-07-30 13:47:06,BTCUSDT,BINANCE,TRADE,64042,0.0005
2026-07-30 13:47:06,BTCUSDT,BINANCE,TRADE,64042,0.00046
2026-07-30 13:47:06,BTCUSDT,BINANCE,TRADE,64042,0.00029
2026-07-30 13:47:06,BTCUSDT,BINANCE,TRADE,64042,0.0005
2026-07-30 13:47:06,ETHUSDT,BINANCE,TRADE,1906.02,0.0109
2026-07-30 13:47:06,BTCUSDT,BINANCE,TRADE,64042,0.0005
2026-07-30 13:47:06,BTCUSDT,BINANCE,TRADE,64042,0.0005
2026-07-30 13:47:06,BTCUSDT,BINANCE,TRADE,64042,0.0005
2026-07-30 13:47:06,BTCUSDT,BINANCE,TRADE,64042,0.0005
2026-07-30 13:47:06,BTCUSDT,BINANCE,TRADE,64042,0.0005
2026-07-30 13:47:06,BTCUSDT,BINANCE,TRADE,64042,0.00038
2026-07-30 13:47:06,BTCUSDT,BINANCE,TRADE,64042,0.0005
2026-07-30 13:47:06,BTCUSDT,BINANCE,TRADE,64042,0.0005
2026-07-30 13:47:06,ETHUSDT,BINANCE,TRADE,1906.03,0.0027
2026-07-30 13:47:06,ETHUSDT,BINANCE,TRADE,1906.03,0.0008
2026-07-30 13:47:06,ETHUSDT,BINANCE,TRADE,1906.02,0.0313
2026-07-30 13:47:06,BTCUSDT,BINANCE,TRADE,64042,0.0005
2026-07-30 13:47:06,BTCUSDT,BINANCE,TRADE,64042,0.0005
2026-07-30 13:47:06,BTCUSDT,BINANCE,TRADE,64042,9e-05
2026-07-30 13:47:06,BTCUSDT,BINANCE,TRADE,64042,0.0005
2026-07-30 13:47:06,BTCUSDT,BINANCE,TRADE,64042,0.00013
2026-07-30 13:47:06,BTCUSDT,BINANCE,TRADE,64042,0.01524
2026-07-30 13:47:06,BTCUSDT,BINANCE,TRADE,64042,0.0005
2026-07-30 13:47:06,BTCUSDT,BINANCE,TRADE,64042,0.00109
2026-07-30 13:47:06,BTCUSDT,BINANCE,TRADE,64042,9e-05
2026-07-30 13:47:06,BTCUSDT,BINANCE,TRADE,64042,9e-05
2026-07-30 13:47:06,BTCUSDT,BINANCE,TRADE,64042,8e-05
2026-07-30 13:47:06,BTCUSDT,BINANCE,TRADE,64042,8e-05
2026-07-30 13:47:06,BTCUSDT,BINANCE,TRADE,64042,8e-05
2026-07-30 13:47:06,BTCUSDT,BINANCE,TRADE,64042,5e-05
2026-07-30 13:47:06,BTCUSDT,BINANCE,TRADE,64042,3e-05
2026-07-30 13:47:06,BTCUSDT,BINANCE,TRADE,64042,8e-05
2026-07-30 13:47:06,BTCUSDT,BINANCE,TRADE,64042,8e-05
2026-07-30 13:47:06,BTCUSDT,BINANCE,TRADE,64042,8e-05
2026-07-30 13:47:06,BTCUSDT,BINANCE,TRADE,64042,0.00023
2026-07-30 13:47:06,BTCUSDT,BINANCE,TRADE,64042,0.00521
2026-07-30 13:47:06,BTCUSDT,BINANCE,TRADE,64042,0.0005
2026-07-30 13:47:06,BTCUSDT,BINANCE,TRADE,64042,0.00046
2026-07-30 13:47:06,BTCUSDT,BINANCE,TRADE,64042,0.0005
2026-07-30 13:47:06,BTCUSDT,BINANCE,TRADE,64042,0.0005
2026-07-30 13:47:06,BTCUSDT,BINANCE,TRADE,64042,0.00156
2026-07-30 13:47:06,BTCUSDT,BINANCE,TRADE,64042,0.0005
2026-07-30 13:47:06,BTCUSDT,BINANCE,TRADE,64042,0.00156
2026-07-30 13:47:06,BTCUSDT,BINANCE,TRADE,64042,0.00018
2026-07-30 13:47:06,BTCUSDT,BINANCE,TRADE,64042,0.0005
2026-07-30 13:47:06,BTCUSDT,BINANCE,TRADE,64042,0.0005
2026-07-30 13:47:06,BTCUSDT,BINANCE,TRADE,64042,0.00017
2026-07-30 13:47:06,BTCUSDT,BINANCE,TRADE,64042,0.0005
2026-07-30 13:47:06,BTCUSDT,BINANCE,TRADE,64042,0.00156
2026-07-30 13:47:06,BTCUSDT,BINANCE,TRADE,64042,0.0005
2026-07-30 13:47:06,BTCUSDT,BINANCE,TRADE,64042,0.00045
2026-07-30 13:47:06,BTCUSDT,BINANCE,TRADE,64042,0.00156
2026-07-30 13:47:06,BTCUSDT,BINANCE,TRADE,64042,0.0005
2026-07-30 13:47:06,BTCUSDT,BINANCE,TRADE,64042,0.00156
2026-07-30 13:47:06,BTCUSDT,BINANCE,TRADE,64042,0.0005
2026-07-30 13:47:06,BTCUSDT,BINANCE,TRADE,64042,0.0005
2026-07-30 13:47:06,BTCUSDT,BINANCE,TRADE,64042,0.00156
2026-07-30 13:47:06,BTCUSDT,BINANCE,TRADE,64042,0.0005
2026-07-30 13:47:06,BTCUSDT,BINANCE,TRADE,64042,0.0005
2026-07-30 13:47:06,BTCUSDT,BINANCE,TRADE,64042,0.00015
2026-07-30 13:47:06,BTCUSDT,BINANCE,TRADE,64042,0.00156
2026-07-30 13:47:06,BTCUSDT,BINANCE,TRADE,64042,0.0005
2026-07-30 13:47:07,BTCUSDT,BINANCE,TRADE,64042,0.00058
2026-07-30 13:47:07,BTCUSDT,BINANCE,TRADE,64042,0.0005
2026-07-30 13:47:07,BTCUSDT,BINANCE,TRADE,64042,0.00156
2026-07-30 13:47:07,BTCUSDT,BINANCE,TRADE,64042,0.0005
2026-07-30 13:47:07,BTCUSDT,BINANCE,TRADE,64042,0.0005
2026-07-30 13:47:07,BTCUSDT,BINANCE,TRADE,64042,0.0005
2026-07-30 13:47:07,BTCUSDT,BINANCE,TRADE,64042,0.0005
2026-07-30 13:47:07,BTCUSDT,BINANCE,TRADE,64042,0.00156
2026-07-30 13:47:07,BTCUSDT,BINANCE,TRADE,64042,0.0005
2026-07-30 13:47:07,BTCUSDT,BINANCE,TRADE,64042,0.0005
2026-07-30 13:47:07,BTCUSDT,BINANCE,TRADE,64042,0.0005
2026-07-30 13:47:07,BTCUSDT,BINANCE,TRADE,64042,0.0005
2026-07-30 13:47:07,BTCUSDT,BINANCE,TRADE,64042,0.00021
2026-07-30 13:47:07,BTCUSDT,BINANCE,TRADE,64042,0.0005
2026-07-30 13:47:07,BTCUSDT,BINANCE,TRADE,64042,0.0005
2026-07-30 13:47:07,BTCUSDT,BINANCE,TRADE,64042,0.00204
2026-07-30 13:47:07,BTCUSDT,BINANCE,TRADE,64042,0.0005
2026-07-30 13:47:07,BTCUSDT,BINANCE,TRADE,64042,0.0005
2026-07-30 13:47:07,BTCUSDT,BINANCE,TRADE,64042,0.00156
2026-07-30 13:47:07,BTCUSDT,BINANCE,TRADE,64042,0.0005
2026-07-30 13:47:07,BTCUSDT,BINANCE,TRADE,64042,0.0005
2026-07-30 13:47:07,BTCUSDT,BINANCE,TRADE,64042,0.0005
2026-07-30 13:47:07,BTCUSDT,BINANCE,TRADE,64042,0.0005
2026-07-30 13:47:07,BTCUSDT,BINANCE,TRADE,64042,0.00156
2026-07-30 13:47:07,BTCUSDT,BINANCE,TRADE,64042,0.0005
2026-07-30 13:47:07,BTCUSDT,BINANCE,TRADE,64042,0.0005
2026-07-30 13:47:07,BTCUSDT,BINANCE,TRADE,64042,0.0005
2026-07-30 13:47:07,ETHUSDT,BINANCE,TRADE,1906.03,0.0524
2026-07-30 13:47:07,BTCUSDT,BINANCE,TRADE,64042,0.0005
2026-07-30 13:47:07,BTCUSDT,BINANCE,TRADE,64042,0.0005
2026-07-30 13:47:07,BTCUSDT,BINANCE,TRADE,64042,0.0005
2026-07-30 13:47:07,BTCUSDT,BINANCE,TRADE,64042,0.0005
2026-07-30 13:47:07,BTCUSDT,BINANCE,TRADE,64042,0.00237
2026-07-30 13:47:07,BTCUSDT,BINANCE,TRADE,64042,0.0005
2026-07-30 13:47:07,BTCUSDT,BINANCE,TRADE,64042,0.0005
2026-07-30 13:47:07,BTCUSDT,BINANCE,TRADE,64042,0.0005
2026-07-30 13:47:07,BTCUSDT,BINANCE,TRADE,64042,0.0005
2026-07-30 13:47:07,BTCUSDT,BINANCE,TRADE,64042,0.0005
2026-07-30 13:47:07,BTCUSDT,BINANCE,TRADE,64042,0.0005
2026-07-30 13:47:07,BTCUSDT,BINANCE,TRADE,64042,0.0005
2026-07-30 13:47:07,BTCUSDT,BINANCE,TRADE,64042,0.00025
2026-07-30 13:47:07,BTCUSDT,BINANCE,TRADE,64042,0.0005
2026-07-30 13:47:07,BTCUSDT,BINANCE,TRADE,64042,0.0005
2026-07-30 13:47:07,BTCUSDT,BINANCE,TRADE,64042,0.0005
2026-07-30 13:47:07,BTCUSDT,BINANCE,TRADE,64042,0.0005
2026-07-30 13:47:07,BTCUSDT,BINANCE,TRADE,64042,0.00031
2026-07-30 13:47:07,BTCUSDT,BINANCE,TRADE,64042,0.00018
2026-07-30 13:47:07,BTCUSDT,BINANCE,TRADE,64042,0.0005
2026-07-30 13:47:07,ETHUSDT,BINANCE,TRADE,1906.03,0.0388
2026-07-30 13:47:07,ETHUSDT,BINANCE,TRADE,1906.03,0.0027
2026-07-30 13:47:07,ETHUSDT,BINANCE,TRADE,1906.03,0.1906
2026-07-30 13:47:07,BTCUSDT,BINANCE,TRADE,64042,0.0005
2026-07-30 13:47:07,BTCUSDT,BINANCE,TRADE,64042,0.0005
2026-07-30 13:47:07,BTCUSDT,BINANCE,TRADE,64042,0.0005
2026-07-30 13:47:07,BTCUSDT,BINANCE,TRADE,64042,0.0005
2026-07-30 13:47:07,BTCUSDT,BINANCE,TRADE,64042,0.00012
2026-07-30 13:47:07,BTCUSDT,BINANCE,TRADE,64042,0.00468
2026-07-30 13:47:07,BTCUSDT,BINANCE,TRADE,64042,0.0005
2026-07-30 13:47:07,BTCUSDT,BINANCE,TRADE,64042,0.0005
2026-07-30 13:47:07,BTCUSDT,BINANCE,TRADE,64042,0.0005
2026-07-30 13:47:07,BTCUSDT,BINANCE,TRADE,64042,0.00156
2026-07-30 13:47:07,BTCUSDT,BINANCE,TRADE,64042,0.00014
2026-07-30 13:47:07,BTCUSDT,BINANCE,TRADE,64042,0.0005
2026-07-30 13:47:07,BTCUSDT,BINANCE,TRADE,64042,0.0005
2026-07-30 13:47:07,BTCUSDT,BINANCE,TRADE,64042,0.00016
2026-07-30 13:47:07,BTCUSDT,BINANCE,TRADE,64042,0.0005
2026-07-30 13:47:07,BTCUSDT,BINANCE,TRADE,64042,0.00224
2026-07-30 13:47:07,BTCUSDT,BINANCE,TRADE,64042,0.0005
2026-07-30 13:47:07,BTCUSDT,BINANCE,TRADE,64042,0.01873
2026-07-30 13:47:07,BTCUSDT,BINANCE,TRADE,64042,0.00156
2026-07-30 13:47:07,BTCUSDT,BINANCE,TRADE,64042,0.0005
2026-07-30 13:47:07,BTCUSDT,BINANCE,TRADE,64042,0.00022
2026-07-30 13:47:07,BTCUSDT,BINANCE,TRADE,64042,0.0005
2026-07-30 13:47:07,BTCUSDT,BINANCE,TRADE,64042,8e-05
2026-07-30 13:47:07,BTCUSDT,BINANCE,TRADE,64042,0.0005
2026-07-30 13:47:07,BTCUSDT,BINANCE,TRADE,64042,0.0005
2026-07-30 13:47:07,BTCUSDT,BINANCE,TRADE,64042,0.00111
2026-07-30 13:47:07,BTCUSDT,BINANCE,TRADE,64042,0.0059
2026-07-30 13:47:07,BTCUSDT,BINANCE,TRADE,64042,0.0005
2026-07-30 13:47:07,BTCUSDT,BINANCE,TRADE,64042,0.00106
2026-07-30 13:47:07,BTCUSDT,BINANCE,TRADE,64042,0.0005
2026-07-30 13:47:07,BTCUSDT,BINANCE,TRADE,64042,8e-05
2026-07-30 13:47:07,BTCUSDT,BINANCE,TRADE,64042,8e-05
2026-07-30 13:47:07,BTCUSDT,BINANCE,TRADE,64042,8e-05
2026-07-30 13:47:07,BTCUSDT,BINANCE,TRADE,64042,9e-05
2026-07-30 13:47:07,BTCUSDT,BINANCE,TRADE,64042,8e-05
2026-07-30 13:47:07,BTCUSDT,BINANCE,TRADE,64042,8e-05
2026-07-30 13:47:07,BTCUSDT,BINANCE,TRADE,64042,0.00017
2026-07-30 13:47:07,BTCUSDT,BINANCE,TRADE,64042,8e-05
2026-07-30 13:47:07,BTCUSDT,BINANCE,TRADE,64042,8e-05
2026-07-30 13:47:07,BTCUSDT,BINANCE,TRADE,64042,0.00061
2026-07-30 13:47:07,BTCUSDT,BINANCE,TRADE,64042,1e-05
2026-07-30 13:47:07,BTCUSDT,BINANCE,TRADE,64042,0.00049
2026-07-30 13:47:07,BTCUSDT,BINANCE,TRADE,64042,0.0005
2026-07-30 13:47:07,BTCUSDT,BINANCE,TRADE,64042,0.0005
2026-07-30 13:47:07,BTCUSDT,BINANCE,TRADE,64042,0.0005
2026-07-30 13:47:07,BTCUSDT,BINANCE,TRADE,64042,0.0005
2026-07-30 13:47:07,BTCUSDT,BINANCE,TRADE,64042,0.0005
2026-07-30 13:47:07,BTCUSDT,BINANCE,TRADE,64042,0.0005
2026-07-30 13:47:07,BTCUSDT,BINANCE,TRADE,64042,0.00156
2026-07-30 13:47:07,BTCUSDT,BINANCE,TRADE,64042,0.00018
2026-07-30 13:47:07,BTCUSDT,BINANCE,TRADE,64042,0.0005
2026-07-30 13:47:07,ETHUSDT,BINANCE,TRADE,1906.02,0.0089
2026-07-30 13:47:07,BTCUSDT,BINANCE,TRADE,64042,0.0005
2026-07-30 13:47:07,BTCUSDT,BINANCE,TRADE,64042,0.0005
2026-07-30 13:47:07,BTCUSDT,BINANCE,TRADE,64042,0.00017
2026-07-30 13:47:07,BTCUSDT,BINANCE,TRADE,64042,0.0005
2026-07-30 13:47:07,ETHUSDT,BINANCE,TRADE,1906.02,0.0103
2026-07-30 13:47:07,SOLUSDT,BINANCE,TRADE,73.45,0.069
2026-07-30 13:47:07,SOLUSDT,BINANCE,TRADE,73.45,0.277
2026-07-30 13:47:07,SOLUSDT,BINANCE,TRADE,73.45,0.147
2026-07-30 13:47:07,BTCUSDT,BINANCE,TRADE,64042,0.00156
2026-07-30 13:47:07,BTCUSDT,BINANCE,TRADE,64042,0.0005
2026-07-30 13:47:07,BTCUSDT,BINANCE,TRADE,64042,0.0005
2026-07-30 13:47:07,BTCUSDT,BINANCE,TRADE,64042,0.0005
2026-07-30 13:47:07,BTCUSDT,BINANCE,TRADE,64042,0.0005
2026-07-30 13:47:07,BTCUSDT,BINANCE,TRADE,64042,0.00166
2026-07-30 13:47:07,BTCUSDT,BINANCE,TRADE,64042,0.0005
2026-07-30 13:47:07,BTCUSDT,BINANCE,TRADE,64042,0.0005
2026-07-30 13:47:07,BTCUSDT,BINANCE,TRADE,64042,0.00509
2026-07-30 13:47:07,BTCUSDT,BINANCE,TRADE,64042,0.0005
2026-07-30 13:47:07,BTCUSDT,BINANCE,TRADE,64042,0.0005
2026-07-30 13:47:07,BTCUSDT,BINANCE,TRADE,64042,0.0005
2026-07-30 13:47:07,BTCUSDT,BINANCE,TRADE,64042,0.00166
2026-07-30 13:47:07,BTCUSDT,BINANCE,TRADE,64042,0.00281
2026-07-30 13:47:07,BTCUSDT,BINANCE,TRADE,64042,0.0005
2026-07-30 13:47:07,BTCUSDT,BINANCE,TRADE,64042,0.0002
2026-07-30 13:47:07,BTCUSDT,BINANCE,TRADE,64042,0.0005
2026-07-30 13:47:07,BTCUSDT,BINANCE,TRADE,64042,0.0005
2026-07-30 13:47:07,BTCUSDT,BINANCE,TRADE,64042,0.0005
2026-07-30 13:47:07,BTCUSDT,BINANCE,TRADE,64042,0.00038
2026-07-30 13:47:07,BTCUSDT,BINANCE,TRADE,64042,0.0005
2026-07-30 13:47:07,BTCUSDT,BINANCE,TRADE,64042,0.00156
2026-07-30 13:47:07,BTCUSDT,BINANCE,TRADE,64042,0.0005
2026-07-30 13:47:07,BTCUSDT,BINANCE,TRADE,64042,0.00312
2026-07-30 13:47:07,BTCUSDT,BINANCE,TRADE,64042,0.0005
2026-07-30 13:47:07,BTCUSDT,BINANCE,TRADE,64042,0.0005
2026-07-30 13:47:07,BTCUSDT,BINANCE,TRADE,64042,0.0005
2026-07-30 13:47:07,BTCUSDT,BINANCE,TRADE,64042,0.00156
2026-07-30 13:47:07,BTCUSDT,BINANCE,TRADE,64042,0.00735
2026-07-30 13:47:07,BTCUSDT,BINANCE,TRADE,64042,0.07072
2026-07-30 13:47:07,BTCUSDT,BINANCE,TRADE,64042,0.0005
2026-07-30 13:47:07,BTCUSDT,BINANCE,TRADE,64042,0.0005
2026-07-30 13:47:07,BTCUSDT,BINANCE,TRADE,64042,0.0008
2026-07-30 13:47:07,BTCUSDT,BINANCE,TRADE,64042,0.0005
2026-07-30 13:47:07,BTCUSDT,BINANCE,TRADE,64042,0.0005
2026-07-30 13:47:07,ETHUSDT,BINANCE,TRADE,1906.03,0.0146
2026-07-30 13:47:07,BTCUSDT,BINANCE,TRADE,64042,0.0005
2026-07-30 13:47:07,BTCUSDT,BINANCE,TRADE,64042,0.00122
2026-07-30 13:47:07,BTCUSDT,BINANCE,TRADE,64042,0.0005
2026-07-30 13:47:08,BTCUSDT,BINANCE,TRADE,64042,9e-05
2026-07-30 13:47:08,BTCUSDT,BINANCE,TRADE,64042,0.0005
2026-07-30 13:47:08,BTCUSDT,BINANCE,TRADE,64042,0.0005
2026-07-30 13:47:08,BTCUSDT,BINANCE,TRADE,64042,0.0005
2026-07-30 13:47:08,BTCUSDT,BINANCE,TRADE,64042,0.0005
2026-07-30 13:47:08,ETHUSDT,BINANCE,TRADE,1906.02,0.0525
2026-07-30 13:47:08,BTCUSDT,BINANCE,TRADE,64042,0.0005
2026-07-30 13:47:08,ETHUSDT,BINANCE,TRADE,1906.03,0.0322
2026-07-30 13:47:08,BTCUSDT,BINANCE,TRADE,64042,0.0005
2026-07-30 13:47:08,BTCUSDT,BINANCE,TRADE,64042,0.00156
2026-07-30 13:47:08,BTCUSDT,BINANCE,TRADE,64042,0.0005
2026-07-30 13:47:08,BTCUSDT,BINANCE,TRADE,64042,0.0005
2026-07-30 13:47:08,BTCUSDT,BINANCE,TRADE,64042,0.0005
2026-07-30 13:47:08,BTCUSDT,BINANCE,TRADE,64042,0.0005
2026-07-30 13:47:08,BTCUSDT,BINANCE,TRADE,64042,0.00156
2026-07-30 13:47:08,BTCUSDT,BINANCE,TRADE,64042,0.0005
2026-07-30 13:47:08,BTCUSDT,BINANCE,TRADE,64042,0.0005
2026-07-30 13:47:08,BTCUSDT,BINANCE,TRADE,64042,0.0005
2026-07-30 13:47:08,ETHUSDT,BINANCE,TRADE,1906.03,0.2298
2026-07-30 13:47:08,BTCUSDT,BINANCE,TRADE,64042,0.0005
2026-07-30 13:47:08,BTCUSDT,BINANCE,TRADE,64042,0.00025
2026-07-30 13:47:08,BTCUSDT,BINANCE,TRADE,64042,0.0005
2026-07-30 13:47:08,BTCUSDT,BINANCE,TRADE,64042,0.0005
2026-07-30 13:47:08,BTCUSDT,BINANCE,TRADE,64042,0.0005
2026-07-30 13:47:08,ETHUSDT,BINANCE,TRADE,1906.02,0.0138
2026-07-30 13:47:08,ETHUSDT,BINANCE,TRADE,1906.02,0.02
2026-07-30 13:47:08,BTCUSDT,BINANCE,TRADE,64042,0.0005
2026-07-30 13:47:08,BTCUSDT,BINANCE,TRADE,64042,0.00018
2026-07-30 13:47:08,BTCUSDT,BINANCE,TRADE,64042,0.0005
2026-07-30 13:47:08,BTCUSDT,BINANCE,TRADE,64042,0.00156
2026-07-30 13:47:08,BTCUSDT,BINANCE,TRADE,64042,0.0005
2026-07-30 13:47:08,BTCUSDT,BINANCE,TRADE,64042,0.0005
2026-07-30 13:47:08,BTCUSDT,BINANCE,TRADE,64042,0.0005
2026-07-30 13:47:08,BTCUSDT,BINANCE,TRADE,64042,0.00012
2026-07-30 13:47:08,BTCUSDT,BINANCE,TRADE,64042,0.0005
2026-07-30 13:47:08,BTCUSDT,BINANCE,TRADE,64042,0.00156
2026-07-30 13:47:08,BTCUSDT,BINANCE,TRADE,64042,0.00156
2026-07-30 13:47:08,BTCUSDT,BINANCE,TRADE,64042,0.00156
2026-07-30 13:47:08,BTCUSDT,BINANCE,TRADE,64042,0.0005
2026-07-30 13:47:08,BTCUSDT,BINANCE,TRADE,64042,0.0005
2026-07-30 13:47:08,BTCUSDT,BINANCE,TRADE,64042,0.0005
2026-07-30 13:47:08,BTCUSDT,BINANCE,TRADE,64042,0.00156
2026-07-30 13:47:08,BTCUSDT,BINANCE,TRADE,64042,0.0005
2026-07-30 13:47:08,BTCUSDT,BINANCE,TRADE,64042,0.00156
2026-07-30 13:47:08,BTCUSDT,BINANCE,TRADE,64042,0.0005
2026-07-30 13:47:08,BTCUSDT,BINANCE,TRADE,64042,0.0014
2026-07-30 13:47:08,BTCUSDT,BINANCE,TRADE,64042,0.00058
2026-07-30 13:47:08,BTCUSDT,BINANCE,TRADE,64042,0.0005
2026-07-30 13:47:08,BTCUSDT,BINANCE,TRADE,64042,0.00017
2026-07-30 13:47:08,BTCUSDT,BINANCE,TRADE,64042,0.00033
2026-07-30 13:47:08,BTCUSDT,BINANCE,TRADE,64042,0.0005
2026-07-30 13:47:08,BTCUSDT,BINANCE,TRADE,64042,0.0005
2026-07-30 13:47:08,BTCUSDT,BINANCE,TRADE,64042,0.0005
2026-07-30 13:47:08,BTCUSDT,BINANCE,TRADE,64042,0.00014
2026-07-30 13:47:08,BTCUSDT,BINANCE,TRADE,64042,0.0005
2026-07-30 13:47:08,BTCUSDT,BINANCE,TRADE,64042,0.0005
2026-07-30 13:47:08,BTCUSDT,BINANCE,TRADE,64042,0.00156
2026-07-30 13:47:08,BTCUSDT,BINANCE,TRADE,64042,0.0005
2026-07-30 13:47:08,BTCUSDT,BINANCE,TRADE,64042,0.0005
2026-07-30 13:47:08,BTCUSDT,BINANCE,TRADE,64042,0.00156
2026-07-30 13:47:08,BTCUSDT,BINANCE,TRADE,64042,0.00038
2026-07-30 13:47:08,BTCUSDT,BINANCE,TRADE,64042,0.0005
2026-07-30 13:47:08,BTCUSDT,BINANCE,TRADE,64042,0.0005
2026-07-30 13:47:08,BTCUSDT,BINANCE,TRADE,64042,0.0005
2026-07-30 13:47:08,BTCUSDT,BINANCE,TRADE,64042,0.00156
2026-07-30 13:47:08,BTCUSDT,BINANCE,TRADE,64042,0.0005
2026-07-30 13:47:08,BTCUSDT,BINANCE,TRADE,64042,0.00156
2026-07-30 13:47:08,BTCUSDT,BINANCE,TRADE,64042,0.0005
2026-07-30 13:47:08,BTCUSDT,BINANCE,TRADE,64042,0.00156
2026-07-30 13:47:08,BTCUSDT,BINANCE,TRADE,64042,0.00037
2026-07-30 13:47:08,BTCUSDT,BINANCE,TRADE,64042,0.00156
2026-07-30 13:47:08,BTCUSDT,BINANCE,TRADE,64042,0.0005
2026-07-30 13:47:08,BTCUSDT,BINANCE,TRADE,64042,0.0005
2026-07-30 13:47:08,BTCUSDT,BINANCE,TRADE,64042,0.0005
2026-07-30 13:47:08,BTCUSDT,BINANCE,TRADE,64042,0.0005
2026-07-30 13:47:08,BTCUSDT,BINANCE,TRADE,64042,0.00156
2026-07-30 13:47:08,BTCUSDT,BINANCE,TRADE,64042,0.0005
2026-07-30 13:47:08,BTCUSDT,BINANCE,TRADE,64042,0.00156
2026-07-30 13:47:08,BTCUSDT,BINANCE,TRADE,64042,0.0005
2026-07-30 13:47:08,BTCUSDT,BINANCE,TRADE,64042,0.0005
2026-07-30 13:47:08,BTCUSDT,BINANCE,TRADE,64042,9e-05
2026-07-30 13:47:08,BTCUSDT,BINANCE,TRADE,64042,0.0005
2026-07-30 13:47:08,BTCUSDT,BINANCE,TRADE,64042,0.00156
2026-07-30 13:47:08,BTCUSDT,BINANCE,TRADE,64042,0.00156
2026-07-30 13:47:08,BTCUSDT,BINANCE,TRADE,64042,0.0005
2026-07-30 13:47:08,BTCUSDT,BINANCE,TRADE,64042,0.00029
2026-07-30 13:47:08,BTCUSDT,BINANCE,TRADE,64042,0.0005
2026-07-30 13:47:08,ETHUSDT,BINANCE,TRADE,1906.03,0.1733
2026-07-30 13:47:08,BTCUSDT,BINANCE,TRADE,64042,0.00055
2026-07-30 13:47:08,BTCUSDT,BINANCE,TRADE,64042,0.0005
2026-07-30 13:47:08,BTCUSDT,BINANCE,TRADE,64042,0.0005
2026-07-30 13:47:08,BTCUSDT,BINANCE,TRADE,64042,0.00156
2026-07-30 13:47:08,BTCUSDT,BINANCE,TRADE,64042,0.00021
2026-07-30 13:47:08,BTCUSDT,BINANCE,TRADE,64042,0.00515
2026-07-30 13:47:08,BTCUSDT,BINANCE,TRADE,64042,0.0005
2026-07-30 13:47:08,BTCUSDT,BINANCE,TRADE,64042,0.00156
2026-07-30 13:47:08,BTCUSDT,BINANCE,TRADE,64042,0.0005
2026-07-30 13:47:08,BTCUSDT,BINANCE,TRADE,64042,0.00157
2026-07-30 13:47:08,BTCUSDT,BINANCE,TRADE,64042,0.0005
2026-07-30 13:47:08,BTCUSDT,BINANCE,TRADE,64042,0.0005
2026-07-30 13:47:08,BTCUSDT,BINANCE,TRADE,64042,0.0002
2026-07-30 13:47:08,BTCUSDT,BINANCE,TRADE,64042,0.00012
2026-07-30 13:47:08,BTCUSDT,BINANCE,TRADE,64042,0.0005
2026-07-30 13:47:08,BTCUSDT,BINANCE,TRADE,64042,0.0005
2026-07-30 13:47:08,BTCUSDT,BINANCE,TRADE,64042,0.00065
2026-07-30 13:47:08,ETHUSDT,BINANCE,TRADE,1906.02,0.2321
2026-07-30 13:47:08,BTCUSDT,BINANCE,TRADE,64042,0.0005
2026-07-30 13:47:08,BTCUSDT,BINANCE,TRADE,64042,0.00057
2026-07-30 13:47:08,BTCUSDT,BINANCE,TRADE,64042,0.0005
2026-07-30 13:47:08,BTCUSDT,BINANCE,TRADE,64042,0.0005
2026-07-30 13:47:08,BTCUSDT,BINANCE,TRADE,64042,0.0005
2026-07-30 13:47:08,BTCUSDT,BINANCE,TRADE,64042,0.0005
2026-07-30 13:47:08,BTCUSDT,BINANCE,TRADE,64042,0.0005
2026-07-30 13:47:08,BTCUSDT,BINANCE,TRADE,64042,0.0005
2026-07-30 13:47:08,BTCUSDT,BINANCE,TRADE,64042,0.0005
2026-07-30 13:47:08,BTCUSDT,BINANCE,TRADE,64042,0.0005
2026-07-30 13:47:08,BTCUSDT,BINANCE,TRADE,64042,0.00224
2026-07-30 13:47:08,BTCUSDT,BINANCE,TRADE,64042,0.0005
2026-07-30 13:47:08,BTCUSDT,BINANCE,TRADE,64042,0.0005
2026-07-30 13:47:08,BTCUSDT,BINANCE,TRADE,64042,0.00032
2026-07-30 13:47:08,BTCUSDT,BINANCE,TRADE,64042,0.0005
2026-07-30 13:47:08,BTCUSDT,BINANCE,TRADE,64042,0.0005
2026-07-30 13:47:08,BTCUSDT,BINANCE,TRADE,64042,0.0005
2026-07-30 13:47:08,BTCUSDT,BINANCE,TRADE,64042,0.0005
2026-07-30 13:47:08,BTCUSDT,BINANCE,TRADE,64042,0.0005
2026-07-30 13:47:08,BTCUSDT,BINANCE,TRADE,64042,0.0005
2026-07-30 13:47:08,BTCUSDT,BINANCE,TRADE,64042,0.0005
2026-07-30 13:47:08,BTCUSDT,BINANCE,TRADE,64042,0.00012
2026-07-30 13:47:08,BTCUSDT,BINANCE,TRADE,64042,8e-05
2026-07-30 13:47:08,BTCUSDT,BINANCE,TRADE,64042,9e-05
2026-07-30 13:47:08,BTCUSDT,BINANCE,TRADE,64042,9e-05
2026-07-30 13:47:08,BTCUSDT,BINANCE,TRADE,64042,8e-05
2026-07-30 13:47:08,BTCUSDT,BINANCE,TRADE,64042,4e-05
2026-07-30 13:47:08,BTCUSDT,BINANCE,TRADE,64042,4e-05
2026-07-30 13:47:08,BTCUSDT,BINANCE,TRADE,64042,8e-05
2026-07-30 13:47:08,BTCUSDT,BINANCE,TRADE,64042,8e-05
2026-07-30 13:47:08,BTCUSDT,BINANCE,TRADE,64042,8e-05
2026-07-30 13:47:08,BTCUSDT,BINANCE,TRADE,64042,3e-05
2026-07-30 13:47:08,BTCUSDT,BINANCE,TRADE,64042,0.0005
2026-07-30 13:47:08,BTCUSDT,BINANCE,TRADE,64042,7e-05
2026-07-30 13:47:08,BTCUSDT,BINANCE,TRADE,64042,0.00043
2026-07-30 13:47:08,BTCUSDT,BINANCE,TRADE,64042,0.00019
2026-07-30 13:47:08,BTCUSDT,BINANCE,TRADE,64042,0.00295
2026-07-30 13:47:08,BTCUSDT,BINANCE,TRADE,64042,0.0005
2026-07-30 13:47:08,BTCUSDT,BINANCE,TRADE,64042,0.0005
2026-07-30 13:47:08,BTCUSDT,BINANCE,TRADE,64042,0.0005
2026-07-30 13:47:08,BTCUSDT,BINANCE,TRADE,64042,0.0005
2026-07-30 13:47:08,ETHUSDT,BINANCE,TRADE,1906.02,0.1725
2026-07-30 13:47:08,BTCUSDT,BINANCE,TRADE,64042,0.0005
2026-07-30 13:47:08,BTCUSDT,BINANCE,TRADE,64042,0.0005
2026-07-30 13:47:09,BTCUSDT,BINANCE,TRADE,64042,0.0005
2026-07-30 13:47:09,BTCUSDT,BINANCE,TRADE,64042,0.00023
2026-07-30 13:47:09,BTCUSDT,BINANCE,TRADE,64042,8e-05
2026-07-30 13:47:09,BTCUSDT,BINANCE,TRADE,64042,9e-05
2026-07-30 13:47:09,BTCUSDT,BINANCE,TRADE,64042,8e-05
2026-07-30 13:47:09,BTCUSDT,BINANCE,TRADE,64042,2e-05
2026-07-30 13:47:09,BTCUSDT,BINANCE,TRADE,64042,6e-05
2026-07-30 13:47:09,BTCUSDT,BINANCE,TRADE,64042,0.00062
2026-07-30 13:47:09,BTCUSDT,BINANCE,TRADE,64042,0.0007
2026-07-30 13:47:09,BTCUSDT,BINANCE,TRADE,64042,0.0005
2026-07-30 13:47:09,BTCUSDT,BINANCE,TRADE,64042,0.00024
2026-07-30 13:47:09,BTCUSDT,BINANCE,TRADE,64042,0.00016
2026-07-30 13:47:09,BTCUSDT,BINANCE,TRADE,64042,0.00142
2026-07-30 13:47:09,BTCUSDT,BINANCE,TRADE,64042,0.0005
2026-07-30 13:47:09,BTCUSDT,BINANCE,TRADE,64042,0.0005
2026-07-30 13:47:09,BTCUSDT,BINANCE,TRADE,64042,0.0012
2026-07-30 13:47:09,BTCUSDT,BINANCE,TRADE,64042,6e-05
2026-07-30 13:47:09,BTCUSDT,BINANCE,TRADE,64042,0.00138
2026-07-30 13:47:09,BTCUSDT,BINANCE,TRADE,64042,0.00015
2026-07-30 13:47:09,BTCUSDT,BINANCE,TRADE,64042,0.0005
2026-07-30 13:47:09,BTCUSDT,BINANCE,TRADE,64042,0.0005
2026-07-30 13:47:09,BTCUSDT,BINANCE,TRADE,64042,0.00166
2026-07-30 13:47:09,BTCUSDT,BINANCE,TRADE,64042,0.0005
2026-07-30 13:47:09,BTCUSDT,BINANCE,TRADE,64042,0.0005
2026-07-30 13:47:09,BTCUSDT,BINANCE,TRADE,64042,0.0005
2026-07-30 13:47:09,BTCUSDT,BINANCE,TRADE,64042,0.0005
2026-07-30 13:47:09,BTCUSDT,BINANCE,TRADE,64042,0.0005
2026-07-30 13:47:09,BTCUSDT,BINANCE,TRADE,64042,0.0005
2026-07-30 13:47:09,BTCUSDT,BINANCE,TRADE,64042,0.0005
2026-07-30 13:47:09,BTCUSDT,BINANCE,TRADE,64042,0.0005
2026-07-30 13:47:09,BTCUSDT,BINANCE,TRADE,64042,0.00018
2026-07-30 13:47:09,BTCUSDT,BINANCE,TRADE,64042,0.0005
2026-07-30 13:47:09,BTCUSDT,BINANCE,TRADE,64042,0.0005
2026-07-30 13:47:09,BTCUSDT,BINANCE,TRADE,64042,0.0005
2026-07-30 13:47:09,BTCUSDT,BINANCE,TRADE,64042,0.0005
2026-07-30 13:47:09,ETHUSDT,BINANCE,TRADE,1906.02,0.0027
2026-07-30 13:47:09,BTCUSDT,BINANCE,TRADE,64042,8e-05
2026-07-30 13:47:09,BTCUSDT,BINANCE,TRADE,64042,0.0005
2026-07-30 13:47:09,BTCUSDT,BINANCE,TRADE,64042,0.0005
2026-07-30 13:47:09,BTCUSDT,BINANCE,TRADE,64042,0.0005
2026-07-30 13:47:09,BTCUSDT,BINANCE,TRADE,64042,0.00156
2026-07-30 13:47:09,BTCUSDT,BINANCE,TRADE,64042,0.0005
2026-07-30 13:47:09,BTCUSDT,BINANCE,TRADE,64042,0.0005
2026-07-30 13:47:09,BTCUSDT,BINANCE,TRADE,64042,0.0005
2026-07-30 13:47:09,BTCUSDT,BINANCE,TRADE,64042,0.0005
2026-07-30 13:47:09,BTCUSDT,BINANCE,TRADE,64042,0.00156
2026-07-30 13:47:09,BTCUSDT,BINANCE,TRADE,64042,0.0005
2026-07-30 13:47:09,BTCUSDT,BINANCE,TRADE,64042,0.0005
2026-07-30 13:47:09,BTCUSDT,BINANCE,TRADE,64042,0.00156
2026-07-30 13:47:09,ETHUSDT,BINANCE,TRADE,1906.03,0.0272
2026-07-30 13:47:09,BTCUSDT,BINANCE,TRADE,64042,0.0005
2026-07-30 13:47:09,BTCUSDT,BINANCE,TRADE,64042,0.0005
2026-07-30 13:47:09,BTCUSDT,BINANCE,TRADE,64042,0.0005
2026-07-30 13:47:09,BTCUSDT,BINANCE,TRADE,64042,0.00156
2026-07-30 13:47:09,BTCUSDT,BINANCE,TRADE,64042,0.0005
2026-07-30 13:47:09,BTCUSDT,BINANCE,TRADE,64042,0.00156
2026-07-30 13:47:09,BTCUSDT,BINANCE,TRADE,64042,0.0005
2026-07-30 13:47:09,BTCUSDT,BINANCE,TRADE,64042,0.00055
2026-07-30 13:47:09,BTCUSDT,BINANCE,TRADE,64042,0.00209
2026-07-30 13:47:09,BTCUSDT,BINANCE,TRADE,64042,0.0005
2026-07-30 13:47:09,BTCUSDT,BINANCE,TRADE,64042,0.0005
2026-07-30 13:47:09,BTCUSDT,BINANCE,TRADE,64042,0.00156
2026-07-30 13:47:09,BTCUSDT,BINANCE,TRADE,64042,0.0005
2026-07-30 13:47:09,BTCUSDT,BINANCE,TRADE,64042,0.00016
2026-07-30 13:47:09,BTCUSDT,BINANCE,TRADE,64042,0.0005
2026-07-30 13:47:09,BTCUSDT,BINANCE,TRADE,64042,0.002
2026-07-30 13:47:09,BTCUSDT,BINANCE,TRADE,64042,0.00021
2026-07-30 13:47:09,BTCUSDT,BINANCE,TRADE,64042,0.0005
2026-07-30 13:47:09,BTCUSDT,BINANCE,TRADE,64042,0.00017
2026-07-30 13:47:09,BTCUSDT,BINANCE,TRADE,64042,0.0005
2026-07-30 13:47:09,BTCUSDT,BINANCE,TRADE,64042,0.0005
2026-07-30 13:47:09,BTCUSDT,BINANCE,TRADE,64042,0.0005
2026-07-30 13:47:09,BTCUSDT,BINANCE,TRADE,64042,0.00058
2026-07-30 13:47:09,BTCUSDT,BINANCE,TRADE,64042,0.0005
2026-07-30 13:47:09,BTCUSDT,BINANCE,TRADE,64042,0.00156
2026-07-30 13:47:09,BTCUSDT,BINANCE,TRADE,64042,0.0005
2026-07-30 13:47:09,ETHUSDT,BINANCE,TRADE,1906.03,0.0353
2026-07-30 13:47:09,BTCUSDT,BINANCE,TRADE,64042,0.0005
2026-07-30 13:47:09,BTCUSDT,BINANCE,TRADE,64042,0.0005
2026-07-30 13:47:09,BTCUSDT,BINANCE,TRADE,64042,0.00106
2026-07-30 13:47:09,ETHUSDT,BINANCE,TRADE,1906.03,1
2026-07-30 13:47:09,BTCUSDT,BINANCE,TRADE,64042,0.00182
2026-07-30 13:47:09,BTCUSDT,BINANCE,TRADE,64042,0.0005
2026-07-30 13:47:09,BTCUSDT,BINANCE,TRADE,64042,0.00026
2026-07-30 13:47:09,BTCUSDT,BINANCE,TRADE,64042,0.00156
2026-07-30 13:47:09,BTCUSDT,BINANCE,TRADE,64042,0.002
2026-07-30 13:47:09,BTCUSDT,BINANCE,TRADE,64042,0.0005
2026-07-30 13:47:09,BTCUSDT,BINANCE,TRADE,64042,0.0005
2026-07-30 13:47:09,ETHUSDT,BINANCE,TRADE,1906.02,0.0027
2026-07-30 13:47:09,ETHUSDT,BINANCE,TRADE,1906.02,0.2129
2026-07-30 13:47:09,BTCUSDT,BINANCE,TRADE,64042,0.002
2026-07-30 13:47:09,BTCUSDT,BINANCE,TRADE,64042,0.003
2026-07-30 13:47:09,BTCUSDT,BINANCE,TRADE,64042,0.003
2026-07-30 13:47:09,BTCUSDT,BINANCE,TRADE,64042,0.003
2026-07-30 13:47:09,BTCUSDT,BINANCE,TRADE,64042,0.003
2026-07-30 13:47:09,BTCUSDT,BINANCE,TRADE,64042,0.003
2026-07-30 13:47:09,BTCUSDT,BINANCE,TRADE,64042,0.003
2026-07-30 13:47:09,BTCUSDT,BINANCE,TRADE,64042,0.003
2026-07-30 13:47:09,BTCUSDT,BINANCE,TRADE,64042,0.003
2026-07-30 13:47:09,BTCUSDT,BINANCE,TRADE,64042,0.003
2026-07-30 13:47:09,BTCUSDT,BINANCE,TRADE,64042,0.003
2026-07-30 13:47:09,BTCUSDT,BINANCE,TRADE,64042,0.0005
2026-07-30 13:47:09,BTCUSDT,BINANCE,TRADE,64042,0.0005
2026-07-30 13:47:09,BTCUSDT,BINANCE,TRADE,64042,0.0005
2026-07-30 13:47:09,BTCUSDT,BINANCE,TRADE,64042,0.0005
2026-07-30 13:47:09,BTCUSDT,BINANCE,TRADE,64042,0.00156
2026-07-30 13:47:09,BTCUSDT,BINANCE,TRADE,64042,0.0005
2026-07-30 13:47:09,BTCUSDT,BINANCE,TRADE,64042,0.003
2026-07-30 13:47:09,BTCUSDT,BINANCE,TRADE,64042,0.003
2026-07-30 13:47:09,BTCUSDT,BINANCE,TRADE,64042,0.003
2026-07-30 13:47:09,BTCUSDT,BINANCE,TRADE,64042,0.003
2026-07-30 13:47:09,BTCUSDT,BINANCE,TRADE,64042,0.003
2026-07-30 13:47:09,BTCUSDT,BINANCE,TRADE,64042,0.003
2026-07-30 13:47:09,BTCUSDT,BINANCE,TRADE,64042,0.003
2026-07-30 13:47:09,BTCUSDT,BINANCE,TRADE,64042,0.003
2026-07-30 13:47:09,BTCUSDT,BINANCE,TRADE,64042,0.00234
2026-07-30 13:47:09,BTCUSDT,BINANCE,TRADE,64042,9e-05
2026-07-30 13:47:09,BTCUSDT,BINANCE,TRADE,64042,8e-05
2026-07-30 13:47:09,BTCUSDT,BINANCE,TRADE,64042,9e-05
2026-07-30 13:47:09,BTCUSDT,BINANCE,TRADE,64042,0.0004
2026-07-30 13:47:09,BTCUSDT,BINANCE,TRADE,64042,0.00038
2026-07-30 13:47:09,BTCUSDT,BINANCE,TRADE,64042,0.003
2026-07-30 13:47:09,BTCUSDT,BINANCE,TRADE,64042,0.0005
2026-07-30 13:47:09,BTCUSDT,BINANCE,TRADE,64042,0.00025
2026-07-30 13:47:09,BTCUSDT,BINANCE,TRADE,64042,0.00782
2026-07-30 13:47:09,BTCUSDT,BINANCE,TRADE,64042,0.0005
2026-07-30 13:47:09,ETHUSDT,BINANCE,TRADE,1906.02,0.0027
2026-07-30 13:47:09,ETHUSDT,BINANCE,TRADE,1906.02,0.0003
2026-07-30 13:47:09,BTCUSDT,BINANCE,TRADE,64042,0.00015
2026-07-30 13:47:09,BTCUSDT,BINANCE,TRADE,64042,0.0005
2026-07-30 13:47:09,BTCUSDT,BINANCE,TRADE,64042,0.00156
2026-07-30 13:47:09,ETHUSDT,BINANCE,TRADE,1906.03,0.2383
2026-07-30 13:47:09,BTCUSDT,BINANCE,TRADE,64042,0.0005
2026-07-30 13:47:09,BTCUSDT,BINANCE,TRADE,64042,0.0005
2026-07-30 13:47:09,BTCUSDT,BINANCE,TRADE,64042,0.00018
2026-07-30 13:47:09,BTCUSDT,BINANCE,TRADE,64042,0.0005
2026-07-30 13:47:09,BTCUSDT,BINANCE,TRADE,64042,0.00156
2026-07-30 13:47:09,BTCUSDT,BINANCE,TRADE,64042,0.0005
2026-07-30 13:47:09,BTCUSDT,BINANCE,TRADE,64042,0.00156
2026-07-30 13:47:09,BTCUSDT,BINANCE,TRADE,64042,0.00031
2026-07-30 13:47:09,BTCUSDT,BINANCE,TRADE,64042,0.0005
2026-07-30 13:47:09,BTCUSDT,BINANCE,TRADE,64042,0.0005
2026-07-30 13:47:09,BTCUSDT,BINANCE,TRADE,64042,0.00521
2026-07-30 13:47:09,BTCUSDT,BINANCE,TRADE,64042,0.0005
2026-07-30 13:47:09,ETHUSDT,BINANCE,TRADE,1906.03,0.0103
2026-07-30 13:47:09,BTCUSDT,BINANCE,TRADE,64042,0.00156
2026-07-30 13:47:09,BTCUSDT,BINANCE,TRADE,64042,0.00012
2026-07-30 13:47:09,BTCUSDT,BINANCE,TRADE,64042,0.0005
2026-07-30 13:47:09,BTCUSDT,BINANCE,TRADE,64042,0.0005
2026-07-30 13:47:09,BTCUSDT,BINANCE,TRADE,64042,0.00509
2026-07-30 13:47:09,BTCUSDT,BINANCE,TRADE,64042,0.0005
2026-07-30 13:47:09,BTCUSDT,BINANCE,TRADE,64042,0.00016
2026-07-30 13:47:09,BTCUSDT,BINANCE,TRADE,64042,0.01873
2026-07-30 13:47:09,BTCUSDT,BINANCE,TRADE,64042,0.00156
2026-07-30 13:47:09,BTCUSDT,BINANCE,TRADE,64042,0.0005
2026-07-30 13:47:09,ETHUSDT,BINANCE,TRADE,1906.03,0.0338
2026-07-30 13:47:09,BTCUSDT,BINANCE,TRADE,64042,0.00156
2026-07-30 13:47:09,BTCUSDT,BINANCE,TRADE,64042,0.0005
2026-07-30 13:47:09,BTCUSDT,BINANCE,TRADE,64042,0.0005
2026-07-30 13:47:09,BTCUSDT,BINANCE,TRADE,64042,0.0005
2026-07-30 13:47:09,BTCUSDT,BINANCE,TRADE,64042,0.0005
2026-07-30 13:47:09,BTCUSDT,BINANCE,TRADE,64042,0.00156
2026-07-30 13:47:09,BTCUSDT,BINANCE,TRADE,64042,0.0005
2026-07-30 13:47:09,BTCUSDT,BINANCE,TRADE,64042,0.0005
2026-07-30 13:47:09,BTCUSDT,BINANCE,TRADE,64042,0.0005
2026-07-30 13:47:09,BTCUSDT,BINANCE,TRADE,64042,0.0005
2026-07-30 13:47:09,BTCUSDT,BINANCE,TRADE,64042,0.00022
2026-07-30 13:47:09,BTCUSDT,BINANCE,TRADE,64042,0.0005
2026-07-30 13:47:09,ETHUSDT,BINANCE,TRADE,1906.02,0.0024
2026-07-30 13:47:09,ETHUSDT,BINANCE,TRADE,1906.02,0.0028
2026-07-30 13:47:09,ETHUSDT,BINANCE,TRADE,1906.02,0.0053
2026-07-30 13:47:09,ETHUSDT,BINANCE,TRADE,1906.02,0.0027
2026-07-30 13:47:09,ETHUSDT,BINANCE,TRADE,1906.02,0.0013
2026-07-30 13:47:09,ETHUSDT,BINANCE,TRADE,1906.02,0.0014
2026-07-30 13:47:09,ETHUSDT,BINANCE,TRADE,1906.02,0.0028
2026-07-30 13:47:09,ETHUSDT,BINANCE,TRADE,1906.02,0.246
2026-07-30 13:47:09,ETHUSDT,BINANCE,TRADE,1906.02,0.0027
2026-07-30 13:47:09,ETHUSDT,BINANCE,TRADE,1906.02,0.0027
2026-07-30 13:47:09,ETHUSDT,BINANCE,TRADE,1906.02,0.0027
2026-07-30 13:47:09,ETHUSDT,BINANCE,TRADE,1906.02,0.0027
2026-07-30 13:47:09,ETHUSDT,BINANCE,TRADE,1906.02,0.0027
2026-07-30 13:47:09,ETHUSDT,BINANCE,TRADE,1906.02,0.0027
2026-07-30 13:47:09,ETHUSDT,BINANCE,TRADE,1906.02,0.0027
2026-07-30 13:47:09,ETHUSDT,BINANCE,TRADE,1906.02,0.0027
2026-07-30 13:47:09,ETHUSDT,BINANCE,TRADE,1906.02,0.0031
2026-07-30 13:47:09,ETHUSDT,BINANCE,TRADE,1906.02,0.0465
2026-07-30 13:47:09,ETHUSDT,BINANCE,TRADE,1906.02,0.0031
2026-07-30 13:47:09,ETHUSDT,BINANCE,TRADE,1906.02,0.0031
2026-07-30 13:47:09,ETHUSDT,BINANCE,TRADE,1906.02,0.0027
2026-07-30 13:47:09,ETHUSDT,BINANCE,TRADE,1906.02,0.0027
2026-07-30 13:47:09,ETHUSDT,BINANCE,TRADE,1906.02,0.0027
2026-07-30 13:47:09,ETHUSDT,BINANCE,TRADE,1906.02,0.0027
2026-07-30 13:47:09,ETHUSDT,BINANCE,TRADE,1906.02,0.0027
2026-07-30 13:47:09,ETHUSDT,BINANCE,TRADE,1906.02,0.0027
2026-07-30 13:47:09,ETHUSDT,BINANCE,TRADE,1906.02,0.0027
2026-07-30 13:47:09,ETHUSDT,BINANCE,TRADE,1906.01,0.0053
2026-07-30 13:47:09,ETHUSDT,BINANCE,TRADE,1906.01,0.0027
2026-07-30 13:47:09,ETHUSDT,BINANCE,TRADE,1906.01,0.0028
2026-07-30 13:47:09,ETHUSDT,BINANCE,TRADE,1906.01,0.0027
2026-07-30 13:47:09,ETHUSDT,BINANCE,TRADE,1906.01,0.0027
2026-07-30 13:47:09,ETHUSDT,BINANCE,TRADE,1906.01,0.0027
2026-07-30 13:47:09,ETHUSDT,BINANCE,TRADE,1906.01,0.0027
2026-07-30 13:47:09,ETHUSDT,BINANCE,TRADE,1906.01,0.0027
2026-07-30 13:47:09,ETHUSDT,BINANCE,TRADE,1906.01,0.0027
2026-07-30 13:47:09,ETHUSDT,BINANCE,TRADE,1906.01,0.0027
2026-07-30 13:47:09,ETHUSDT,BINANCE,TRADE,1906.01,0.0027
2026-07-30 13:47:09,ETHUSDT,BINANCE,TRADE,1906.01,0.0027
2026-07-30 13:47:09,ETHUSDT,BINANCE,TRADE,1906.01,0.0027
2026-07-30 13:47:09,ETHUSDT,BINANCE,TRADE,1906,0.0053
2026-07-30 13:47:09,ETHUSDT,BINANCE,TRADE,1906,0.0028
2026-07-30 13:47:09,ETHUSDT,BINANCE,TRADE,1906,0.0027
2026-07-30 13:47:09,ETHUSDT,BINANCE,TRADE,1906,0.0027
2026-07-30 13:47:09,ETHUSDT,BINANCE,TRADE,1906,0.0027
2026-07-30 13:47:09,ETHUSDT,BINANCE,TRADE,1906,0.0031
2026-07-30 13:47:09,ETHUSDT,BINANCE,TRADE,1906,0.0031
2026-07-30 13:47:09,ETHUSDT,BINANCE,TRADE,1906,0.0031
2026-07-30 13:47:09,ETHUSDT,BINANCE,TRADE,1906,0.0027
2026-07-30 13:47:09,ETHUSDT,BINANCE,TRADE,1905.99,0.0027
2026-07-30 13:47:09,ETHUSDT,BINANCE,TRADE,1905.99,0.0028
2026-07-30 13:47:09,ETHUSDT,BINANCE,TRADE,1905.99,0.0027
2026-07-30 13:47:09,ETHUSDT,BINANCE,TRADE,1905.99,0.0027
2026-07-30 13:47:09,ETHUSDT,BINANCE,TRADE,1905.99,0.0027
2026-07-30 13:47:09,ETHUSDT,BINANCE,TRADE,1905.99,0.0027
2026-07-30 13:47:09,ETHUSDT,BINANCE,TRADE,1905.98,0.0027
2026-07-30 13:47:09,ETHUSDT,BINANCE,TRADE,1905.98,0.0027
2026-07-30 13:47:09,ETHUSDT,BINANCE,TRADE,1905.98,0.0028
2026-07-30 13:47:09,ETHUSDT,BINANCE,TRADE,1905.98,0.0027
2026-07-30 13:47:09,ETHUSDT,BINANCE,TRADE,1905.98,0.0027
2026-07-30 13:47:09,ETHUSDT,BINANCE,TRADE,1905.98,0.0027
2026-07-30 13:47:09,ETHUSDT,BINANCE,TRADE,1905.98,0.0027
2026-07-30 13:47:09,ETHUSDT,BINANCE,TRADE,1905.98,0.0027
2026-07-30 13:47:09,ETHUSDT,BINANCE,TRADE,1905.97,0.0028
2026-07-30 13:47:09,ETHUSDT,BINANCE,TRADE,1905.97,0.0027
2026-07-30 13:47:09,ETHUSDT,BINANCE,TRADE,1905.96,0.0027
2026-07-30 13:47:09,ETHUSDT,BINANCE,TRADE,1905.96,0.0027
2026-07-30 13:47:09,ETHUSDT,BINANCE,TRADE,1905.96,0.0027
2026-07-30 13:47:09,ETHUSDT,BINANCE,TRADE,1905.96,0.0028
2026-07-30 13:47:09,ETHUSDT,BINANCE,TRADE,1905.96,0.0027
2026-07-30 13:47:09,ETHUSDT,BINANCE,TRADE,1905.96,0.0027
2026-07-30 13:47:09,ETHUSDT,BINANCE,TRADE,1905.96,0.0027
2026-07-30 13:47:09,ETHUSDT,BINANCE,TRADE,1905.96,0.0027
2026-07-30 13:47:09,ETHUSDT,BINANCE,TRADE,1905.96,0.0027
2026-07-30 13:47:09,ETHUSDT,BINANCE,TRADE,1905.96,0.0027
2026-07-30 13:47:09,ETHUSDT,BINANCE,TRADE,1905.96,0.0027
2026-07-30 13:47:09,ETHUSDT,BINANCE,TRADE,1905.96,0.0027
2026-07-30 13:47:09,ETHUSDT,BINANCE,TRADE,1905.96,0.0027
2026-07-30 13:47:09,ETHUSDT,BINANCE,TRADE,1905.96,0.0027
2026-07-30 13:47:09,ETHUSDT,BINANCE,TRADE,1905.96,0.0027
2026-07-30 13:47:09,ETHUSDT,BINANCE,TRADE,1905.96,0.0027
2026-07-30 13:47:09,ETHUSDT,BINANCE,TRADE,1905.95,0.0028
2026-07-30 13:47:09,ETHUSDT,BINANCE,TRADE,1905.94,0.0027
2026-07-30 13:47:09,ETHUSDT,BINANCE,TRADE,1905.94,0.0028
2026-07-30 13:47:09,ETHUSDT,BINANCE,TRADE,1905.94,0.0027
2026-07-30 13:47:09,ETHUSDT,BINANCE,TRADE,1905.93,0.0027
2026-07-30 13:47:09,ETHUSDT,BINANCE,TRADE,1905.93,0.0028
2026-07-30 13:47:09,ETHUSDT,BINANCE,TRADE,1905.92,0.0027
2026-07-30 13:47:09,ETHUSDT,BINANCE,TRADE,1905.92,0.0027
2026-07-30 13:47:09,ETHUSDT,BINANCE,TRADE,1905.92,0.0027
2026-07-30 13:47:09,ETHUSDT,BINANCE,TRADE,1905.91,0.0027
2026-07-30 13:47:09,ETHUSDT,BINANCE,TRADE,1905.84,0.0027
2026-07-30 13:47:09,ETHUSDT,BINANCE,TRADE,1905.84,0.0027
2026-07-30 13:47:09,ETHUSDT,BINANCE,TRADE,1905.84,0.0027
2026-07-30 13:47:09,ETHUSDT,BINANCE,TRADE,1905.84,0.0027
2026-07-30 13:47:09,ETHUSDT,BINANCE,TRADE,1905.84,0.0027
2026-07-30 13:47:09,ETHUSDT,BINANCE,TRADE,1905.84,0.0027
2026-07-30 13:47:09,ETHUSDT,BINANCE,TRADE,1905.83,0.0027
2026-07-30 13:47:09,ETHUSDT,BINANCE,TRADE,1905.83,0.0028
2026-07-30 13:47:09,ETHUSDT,BINANCE,TRADE,1905.83,0.0028
2026-07-30 13:47:09,ETHUSDT,BINANCE,TRADE,1905.83,0.0027
2026-07-30 13:47:09,ETHUSDT,BINANCE,TRADE,1905.83,0.0028
2026-07-30 13:47:09,ETHUSDT,BINANCE,TRADE,1905.83,0.0027
2026-07-30 13:47:09,ETHUSDT,BINANCE,TRADE,1905.83,0.0027
2026-07-30 13:47:09,ETHUSDT,BINANCE,TRADE,1905.83,0.0027
2026-07-30 13:47:09,ETHUSDT,BINANCE,TRADE,1905.82,0.1472
2026-07-30 13:47:09,BTCUSDT,BINANCE,TRADE,64042,0.002
2026-07-30 13:47:09,BTCUSDT,BINANCE,TRADE,64042,0.0005
2026-07-30 13:47:09,BTCUSDT,BINANCE,TRADE,64042,0.0005
2026-07-30 13:47:09,BTCUSDT,BINANCE,TRADE,64042,0.0005
2026-07-30 13:47:09,BTCUSDT,BINANCE,TRADE,64042,0.00225
2026-07-30 13:47:09,BTCUSDT,BINANCE,TRADE,64042,0.002
2026-07-30 13:47:09,BTCUSDT,BINANCE,TRADE,64042,0.0005
2026-07-30 13:47:09,BTCUSDT,BINANCE,TRADE,64042,0.0005
2026-07-30 13:47:09,BTCUSDT,BINANCE,TRADE,64042,0.00166
2026-07-30 13:47:09,BTCUSDT,BINANCE,TRADE,64042,0.0005
2026-07-30 13:47:09,BTCUSDT,BINANCE,TRADE,64042,0.00017
2026-07-30 13:47:09,BTCUSDT,BINANCE,TRADE,64042,0.0005
2026-07-30 13:47:09,BTCUSDT,BINANCE,TRADE,64042,0.00156
2026-07-30 13:47:09,BTCUSDT,BINANCE,TRADE,64042,0.00314
2026-07-30 13:47:10,BTCUSDT,BINANCE,TRADE,64042,0.0005
2026-07-30 13:47:10,BTCUSDT,BINANCE,TRADE,64042,0.00122
2026-07-30 13:47:10,BTCUSDT,BINANCE,TRADE,64042,0.0005
2026-07-30 13:47:10,BTCUSDT,BINANCE,TRADE,64042,0.0005
2026-07-30 13:47:10,BTCUSDT,BINANCE,TRADE,64042,0.00143
2026-07-30 13:47:10,BTCUSDT,BINANCE,TRADE,64042,0.0005
2026-07-30 13:47:10,SOLUSDT,BINANCE,TRADE,73.45,0.052
2026-07-30 13:47:10,SOLUSDT,BINANCE,TRADE,73.45,0.082
2026-07-30 13:47:10,SOLUSDT,BINANCE,TRADE,73.45,0.069
2026-07-30 13:47:10,SOLUSDT,BINANCE,TRADE,73.45,0.075
2026-07-30 13:47:10,SOLUSDT,BINANCE,TRADE,73.45,0.137
2026-07-30 13:47:10,SOLUSDT,BINANCE,TRADE,73.45,0.072
2026-07-30 13:47:10,SOLUSDT,BINANCE,TRADE,73.45,0.072
2026-07-30 13:47:10,SOLUSDT,BINANCE,TRADE,73.45,0.242
2026-07-30 13:47:10,SOLUSDT,BINANCE,TRADE,73.45,5.215
2026-07-30 13:47:10,SOLUSDT,BINANCE,TRADE,73.45,0.07
2026-07-30 13:47:10,SOLUSDT,BINANCE,TRADE,73.45,0.277
2026-07-30 13:47:10,SOLUSDT,BINANCE,TRADE,73.45,0.069
2026-07-30 13:47:10,SOLUSDT,BINANCE,TRADE,73.45,13.473
2026-07-30 13:47:10,BTCUSDT,BINANCE,TRADE,64042,0.0005
2026-07-30 13:47:10,BTCUSDT,BINANCE,TRADE,64042,0.0005
2026-07-30 13:47:10,BTCUSDT,BINANCE,TRADE,64042,0.0005
2026-07-30 13:47:10,BTCUSDT,BINANCE,TRADE,64042,0.0005
2026-07-30 13:47:10,BTCUSDT,BINANCE,TRADE,64042,0.00156
2026-07-30 13:47:10,BTCUSDT,BINANCE,TRADE,64042,0.00156
2026-07-30 13:47:10,BTCUSDT,BINANCE,TRADE,64042,0.0005
2026-07-30 13:47:10,BTCUSDT,BINANCE,TRADE,64042,0.0005
2026-07-30 13:47:10,BTCUSDT,BINANCE,TRADE,64042,0.00018
2026-07-30 13:47:10,BTCUSDT,BINANCE,TRADE,64042,0.00468
2026-07-30 13:47:10,BTCUSDT,BINANCE,TRADE,64042,0.0005
2026-07-30 13:47:10,BTCUSDT,BINANCE,TRADE,64042,0.0005
2026-07-30 13:47:10,BTCUSDT,BINANCE,TRADE,64042,0.0005
2026-07-30 13:47:10,BTCUSDT,BINANCE,TRADE,64042,0.0005
2026-07-30 13:47:10,BTCUSDT,BINANCE,TRADE,64042,0.0005
2026-07-30 13:47:10,BTCUSDT,BINANCE,TRADE,64042,0.0002
2026-07-30 13:47:10,BTCUSDT,BINANCE,TRADE,64042,0.0005
2026-07-30 13:47:10,BTCUSDT,BINANCE,TRADE,64042,0.0005
2026-07-30 13:47:10,BTCUSDT,BINANCE,TRADE,64042,0.00156
2026-07-30 13:47:10,BTCUSDT,BINANCE,TRADE,64042,0.0005
2026-07-30 13:47:10,BTCUSDT,BINANCE,TRADE,64042,0.0005
2026-07-30 13:47:10,BTCUSDT,BINANCE,TRADE,64042,0.0005
2026-07-30 13:47:10,ETHUSDT,BINANCE,TRADE,1905.83,0.2321
2026-07-30 13:47:10,BTCUSDT,BINANCE,TRADE,64042,0.0005
2026-07-30 13:47:10,BTCUSDT,BINANCE,TRADE,64042,0.0005
2026-07-30 13:47:10,BTCUSDT,BINANCE,TRADE,64042,0.00017
2026-07-30 13:47:10,BTCUSDT,BINANCE,TRADE,64042,0.0005
2026-07-30 13:47:10,BTCUSDT,BINANCE,TRADE,64042,0.0005
2026-07-30 13:47:10,BTCUSDT,BINANCE,TRADE,64042,0.0005
2026-07-30 13:47:10,BTCUSDT,BINANCE,TRADE,64042,0.0005
2026-07-30 13:47:10,BTCUSDT,BINANCE,TRADE,64042,0.0005
2026-07-30 13:47:10,BTCUSDT,BINANCE,TRADE,64042,0.00156
2026-07-30 13:47:10,BTCUSDT,BINANCE,TRADE,64042,0.0005
2026-07-30 13:47:10,BTCUSDT,BINANCE,TRADE,64042,0.0005
2026-07-30 13:47:10,BTCUSDT,BINANCE,TRADE,64042,0.0005
2026-07-30 13:47:10,BTCUSDT,BINANCE,TRADE,64042,0.00038
2026-07-30 13:47:10,BTCUSDT,BINANCE,TRADE,64042,9e-05
2026-07-30 13:47:10,BTCUSDT,BINANCE,TRADE,64042,0.0005
2026-07-30 13:47:10,BTCUSDT,BINANCE,TRADE,64042,0.0005
2026-07-30 13:47:10,BTCUSDT,BINANCE,TRADE,64042,0.0005
2026-07-30 13:47:10,BTCUSDT,BINANCE,TRADE,64042,0.0005
2026-07-30 13:47:10,BTCUSDT,BINANCE,TRADE,64042,0.0005
2026-07-30 13:47:10,BTCUSDT,BINANCE,TRADE,64042,0.00015
2026-07-30 13:47:10,BTCUSDT,BINANCE,TRADE,64042,0.0005
2026-07-30 13:47:10,BTCUSDT,BINANCE,TRADE,64042,0.00156
2026-07-30 13:47:10,BTCUSDT,BINANCE,TRADE,64042,0.0005
2026-07-30 13:47:10,BTCUSDT,BINANCE,TRADE,64042,0.02171
2026-07-30 13:47:10,BTCUSDT,BINANCE,TRADE,64042,0.0005
2026-07-30 13:47:10,BTCUSDT,BINANCE,TRADE,64042,0.0005
2026-07-30 13:47:10,BTCUSDT,BINANCE,TRADE,64042,0.00025
2026-07-30 13:47:10,BTCUSDT,BINANCE,TRADE,64042,0.0005
2026-07-30 13:47:10,BTCUSDT,BINANCE,TRADE,64042,0.0005
2026-07-30 13:47:10,BTCUSDT,BINANCE,TRADE,64042,0.0005
2026-07-30 13:47:10,BTCUSDT,BINANCE,TRADE,64042,8e-05
2026-07-30 13:47:10,BTCUSDT,BINANCE,TRADE,64042,0.0005
2026-07-30 13:47:10,BTCUSDT,BINANCE,TRADE,64042,0.0005
2026-07-30 13:47:10,BTCUSDT,BINANCE,TRADE,64042,0.00018
2026-07-30 13:47:10,BTCUSDT,BINANCE,TRADE,64042,0.00166
2026-07-30 13:47:10,BTCUSDT,BINANCE,TRADE,64042,0.0005
2026-07-30 13:47:10,BTCUSDT,BINANCE,TRADE,64042,0.00065
2026-07-30 13:47:10,BTCUSDT,BINANCE,TRADE,64042,0.0005
2026-07-30 13:47:10,BTCUSDT,BINANCE,TRADE,64042,0.0005
2026-07-30 13:47:10,BTCUSDT,BINANCE,TRADE,64042,0.0005
2026-07-30 13:47:10,BTCUSDT,BINANCE,TRADE,64042,0.00312
2026-07-30 13:47:10,BTCUSDT,BINANCE,TRADE,64042,0.0005
2026-07-30 13:47:10,BTCUSDT,BINANCE,TRADE,64042,0.0005
2026-07-30 13:47:10,BTCUSDT,BINANCE,TRADE,64042,0.00012
2026-07-30 13:47:10,BTCUSDT,BINANCE,TRADE,64042,0.00029
2026-07-30 13:47:10,BTCUSDT,BINANCE,TRADE,64042,0.0005
2026-07-30 13:47:10,BTCUSDT,BINANCE,TRADE,64042,0.0005
2026-07-30 13:47:10,BTCUSDT,BINANCE,TRADE,64042,0.0005
2026-07-30 13:47:10,BTCUSDT,BINANCE,TRADE,64042,0.0005
2026-07-30 13:47:10,BTCUSDT,BINANCE,TRADE,64042,0.0005
2026-07-30 13:47:10,BTCUSDT,BINANCE,TRADE,64042,0.0005
2026-07-30 13:47:10,BTCUSDT,BINANCE,TRADE,64042,0.0005
2026-07-30 13:47:10,BTCUSDT,BINANCE,TRADE,64042,0.0005
2026-07-30 13:47:10,BTCUSDT,BINANCE,TRADE,64042,0.0005
2026-07-30 13:47:10,BTCUSDT,BINANCE,TRADE,64042,0.0005
2026-07-30 13:47:10,BTCUSDT,BINANCE,TRADE,64042,0.00224
2026-07-30 13:47:10,BTCUSDT,BINANCE,TRADE,64042,0.00182
2026-07-30 13:47:10,BTCUSDT,BINANCE,TRADE,64042,0.0005
2026-07-30 13:47:10,BTCUSDT,BINANCE,TRADE,64042,0.0005
2026-07-30 13:47:10,BTCUSDT,BINANCE,TRADE,64042,0.0005
2026-07-30 13:47:10,BTCUSDT,BINANCE,TRADE,64042,0.0005
2026-07-30 13:47:10,BTCUSDT,BINANCE,TRADE,64042,0.00156
2026-07-30 13:47:10,BTCUSDT,BINANCE,TRADE,64042,0.0005
2026-07-30 13:47:10,BTCUSDT,BINANCE,TRADE,64042,0.00015
2026-07-30 13:47:10,BTCUSDT,BINANCE,TRADE,64042,0.0005
2026-07-30 13:47:10,BTCUSDT,BINANCE,TRADE,64042,0.0005
2026-07-30 13:47:10,BTCUSDT,BINANCE,TRADE,64042,0.0005
2026-07-30 13:47:10,BTCUSDT,BINANCE,TRADE,64042,0.00156
2026-07-30 13:47:10,BTCUSDT,BINANCE,TRADE,64042,0.0005
2026-07-30 13:47:10,BTCUSDT,BINANCE,TRADE,64042,0.0005
2026-07-30 13:47:10,BTCUSDT,BINANCE,TRADE,64042,0.0005
2026-07-30 13:47:10,BTCUSDT,BINANCE,TRADE,64042,0.00155
2026-07-30 13:47:10,BTCUSDT,BINANCE,TRADE,64042,0.0005
2026-07-30 13:47:10,BTCUSDT,BINANCE,TRADE,64042,0.00038
2026-07-30 13:47:10,BTCUSDT,BINANCE,TRADE,64042,0.00033
2026-07-30 13:47:10,BTCUSDT,BINANCE,TRADE,64042,0.0005
2026-07-30 13:47:10,BTCUSDT,BINANCE,TRADE,64042,0.0005
2026-07-30 13:47:10,BTCUSDT,BINANCE,TRADE,64042,0.0005
2026-07-30 13:47:10,BTCUSDT,BINANCE,TRADE,64042,0.0005
2026-07-30 13:47:10,BTCUSDT,BINANCE,TRADE,64042,0.0005
2026-07-30 13:47:10,BTCUSDT,BINANCE,TRADE,64042,0.0005
2026-07-30 13:47:10,BTCUSDT,BINANCE,TRADE,64042,0.0005
2026-07-30 13:47:10,BTCUSDT,BINANCE,TRADE,64042,0.00521
2026-07-30 13:47:10,BTCUSDT,BINANCE,TRADE,64042,0.0005
2026-07-30 13:47:10,BTCUSDT,BINANCE,TRADE,64042,0.00149
2026-07-30 13:47:10,BTCUSDT,BINANCE,TRADE,64042,0.0005
2026-07-30 13:47:10,ETHUSDT,BINANCE,TRADE,1905.82,0.0027
2026-07-30 13:47:10,ETHUSDT,BINANCE,TRADE,1905.82,0.0496
2026-07-30 13:47:10,BTCUSDT,BINANCE,TRADE,64042,0.0005
2026-07-30 13:47:10,BTCUSDT,BINANCE,TRADE,64042,0.0005
2026-07-30 13:47:10,BTCUSDT,BINANCE,TRADE,64042,0.00314
2026-07-30 13:47:10,BTCUSDT,BINANCE,TRADE,64042,0.00019
2026-07-30 13:47:10,BTCUSDT,BINANCE,TRADE,64042,0.0005
2026-07-30 13:47:10,BTCUSDT,BINANCE,TRADE,64042,0.00021
2026-07-30 13:47:10,BTCUSDT,BINANCE,TRADE,64042,0.0005
2026-07-30 13:47:11,BTCUSDT,BINANCE,TRADE,64042,0.0005
2026-07-30 13:47:11,BTCUSDT,BINANCE,TRADE,64042,0.0005
2026-07-30 13:47:11,BTCUSDT,BINANCE,TRADE,64042,0.00061
2026-07-30 13:47:11,BTCUSDT,BINANCE,TRADE,64042,0.0005
2026-07-30 13:47:11,BTCUSDT,BINANCE,TRADE,64042,0.00999
2026-07-30 13:47:11,BTCUSDT,BINANCE,TRADE,64042,0.0005
2026-07-30 13:47:11,BTCUSDT,BINANCE,TRADE,64042,0.0005
2026-07-30 13:47:11,BTCUSDT,BINANCE,TRADE,64042,0.0005
2026-07-30 13:47:11,BTCUSDT,BINANCE,TRADE,64042,0.0005
2026-07-30 13:47:11,BTCUSDT,BINANCE,TRADE,64042,0.0005
2026-07-30 13:47:11,BTCUSDT,BINANCE,TRADE,64042,0.00014
2026-07-30 13:47:11,ETHUSDT,BINANCE,TRADE,1905.82,0.0081
2026-07-30 13:47:11,BTCUSDT,BINANCE,TRADE,64042,0.0005
2026-07-30 13:47:11,BTCUSDT,BINANCE,TRADE,64042,0.0005
2026-07-30 13:47:11,BTCUSDT,BINANCE,TRADE,64042,0.0005
2026-07-30 13:47:11,BTCUSDT,BINANCE,TRADE,64042,0.0005
2026-07-30 13:47:11,BTCUSDT,BINANCE,TRADE,64042,0.0005
2026-07-30 13:47:11,BTCUSDT,BINANCE,TRADE,64042,0.00515
2026-07-30 13:47:11,BTCUSDT,BINANCE,TRADE,64042,0.00045
2026-07-30 13:47:11,BTCUSDT,BINANCE,TRADE,64042,0.0005
2026-07-30 13:47:11,BTCUSDT,BINANCE,TRADE,64042,0.00204
2026-07-30 13:47:11,BTCUSDT,BINANCE,TRADE,64042,0.0005
2026-07-30 13:47:11,BTCUSDT,BINANCE,TRADE,64042,0.0005
2026-07-30 13:47:11,BTCUSDT,BINANCE,TRADE,64042,0.0005
2026-07-30 13:47:11,BTCUSDT,BINANCE,TRADE,64042,0.00182
2026-07-30 13:47:11,BTCUSDT,BINANCE,TRADE,64042,0.0005
2026-07-30 13:47:11,BTCUSDT,BINANCE,TRADE,64042,0.00156
2026-07-30 13:47:11,BTCUSDT,BINANCE,TRADE,64042,0.0003
2026-07-30 13:47:11,BTCUSDT,BINANCE,TRADE,64042,0.0005
2026-07-30 13:47:11,BTCUSDT,BINANCE,TRADE,64042,0.0005
2026-07-30 13:47:11,BTCUSDT,BINANCE,TRADE,64042,0.0005
2026-07-30 13:47:11,BTCUSDT,BINANCE,TRADE,64042,0.00156
2026-07-30 13:47:11,BTCUSDT,BINANCE,TRADE,64042,0.00156
2026-07-30 13:47:11,BTCUSDT,BINANCE,TRADE,64042,0.0005
2026-07-30 13:47:11,BTCUSDT,BINANCE,TRADE,64042,0.0005
2026-07-30 13:47:11,ETHUSDT,BINANCE,TRADE,1905.82,0.0338
2026-07-30 13:47:11,BTCUSDT,BINANCE,TRADE,64042,0.0005
2026-07-30 13:47:11,BTCUSDT,BINANCE,TRADE,64042,0.00156
2026-07-30 13:47:11,BTCUSDT,BINANCE,TRADE,64042,0.0005
2026-07-30 13:47:11,BTCUSDT,BINANCE,TRADE,64042,9e-05
2026-07-30 13:47:11,BTCUSDT,BINANCE,TRADE,64042,0.0005
2026-07-30 13:47:11,BTCUSDT,BINANCE,TRADE,64042,0.00013
2026-07-30 13:47:11,BTCUSDT,BINANCE,TRADE,64042,0.003
2026-07-30 13:47:11,BTCUSDT,BINANCE,TRADE,64042,0.0005
2026-07-30 13:47:11,ETHUSDT,BINANCE,TRADE,1905.82,0.2298
2026-07-30 13:47:11,BTCUSDT,BINANCE,TRADE,64042,0.0008
2026-07-30 13:47:11,BTCUSDT,BINANCE,TRADE,64042,0.0005
2026-07-30 13:47:11,BTCUSDT,BINANCE,TRADE,64042,0.00156
2026-07-30 13:47:11,ETHUSDT,BINANCE,TRADE,1905.82,0.1098
2026-07-30 13:47:11,ETHUSDT,BINANCE,TRADE,1905.82,0.0027
2026-07-30 13:47:11,ETHUSDT,BINANCE,TRADE,1905.82,0.0031
2026-07-30 13:47:11,ETHUSDT,BINANCE,TRADE,1905.82,0.0027
2026-07-30 13:47:11,ETHUSDT,BINANCE,TRADE,1905.82,0.008
2026-07-30 13:47:11,ETHUSDT,BINANCE,TRADE,1905.82,0.1058
2026-07-30 13:47:11,BTCUSDT,BINANCE,TRADE,64042,0.0005
2026-07-30 13:47:11,BTCUSDT,BINANCE,TRADE,64042,0.0005
2026-07-30 13:47:11,BTCUSDT,BINANCE,TRADE,64042,0.0005
2026-07-30 13:47:11,BTCUSDT,BINANCE,TRADE,64042,0.0005
2026-07-30 13:47:11,BTCUSDT,BINANCE,TRADE,64042,0.00156
2026-07-30 13:47:11,BTCUSDT,BINANCE,TRADE,64042,0.0005
2026-07-30 13:47:11,BTCUSDT,BINANCE,TRADE,64042,0.00117
2026-07-30 13:47:11,BTCUSDT,BINANCE,TRADE,64042,0.0005
2026-07-30 13:47:11,BTCUSDT,BINANCE,TRADE,64042,0.0005
2026-07-30 13:47:11,BTCUSDT,BINANCE,TRADE,64042,0.0005
2026-07-30 13:47:11,BTCUSDT,BINANCE,TRADE,64042,0.0005
2026-07-30 13:47:11,BTCUSDT,BINANCE,TRADE,64042,0.0005
2026-07-30 13:47:11,BTCUSDT,BINANCE,TRADE,64042,0.0005
2026-07-30 13:47:11,BTCUSDT,BINANCE,TRADE,64042,0.0005
2026-07-30 13:47:11,BTCUSDT,BINANCE,TRADE,64042,0.0005
2026-07-30 13:47:11,BTCUSDT,BINANCE,TRADE,64042,0.00106
2026-07-30 13:47:11,BTCUSDT,BINANCE,TRADE,64042,0.0005
2026-07-30 13:47:11,BTCUSDT,BINANCE,TRADE,64042,0.0005
2026-07-30 13:47:11,BTCUSDT,BINANCE,TRADE,64042,0.00156
2026-07-30 13:47:11,BTCUSDT,BINANCE,TRADE,64042,0.0005
2026-07-30 13:47:11,BTCUSDT,BINANCE,TRADE,64042,0.00138
2026-07-30 13:47:11,BTCUSDT,BINANCE,TRADE,64042,0.0005
2026-07-30 13:47:11,BTCUSDT,BINANCE,TRADE,64042,0.0005
2026-07-30 13:47:11,BTCUSDT,BINANCE,TRADE,64042,0.01873
2026-07-30 13:47:11,BTCUSDT,BINANCE,TRADE,64042,0.0005
2026-07-30 13:47:11,BTCUSDT,BINANCE,TRADE,64042,0.00156
2026-07-30 13:47:11,BTCUSDT,BINANCE,TRADE,64042,0.0005
2026-07-30 13:47:11,BTCUSDT,BINANCE,TRADE,64042,9e-05
2026-07-30 13:47:11,BTCUSDT,BINANCE,TRADE,64042,0.0005
2026-07-30 13:47:11,BTCUSDT,BINANCE,TRADE,64042,0.0005
2026-07-30 13:47:11,BTCUSDT,BINANCE,TRADE,64042,0.0005
2026-07-30 13:47:11,BTCUSDT,BINANCE,TRADE,64042,0.00018
2026-07-30 13:47:11,BTCUSDT,BINANCE,TRADE,64042,0.0005
2026-07-30 13:47:11,BTCUSDT,BINANCE,TRADE,64042,0.00138
2026-07-30 13:47:11,BTCUSDT,BINANCE,TRADE,64042,0.0005
2026-07-30 13:47:11,BTCUSDT,BINANCE,TRADE,64042,0.02662
2026-07-30 13:47:11,BTCUSDT,BINANCE,TRADE,64042,0.63071
2026-07-30 13:47:11,BTCUSDT,BINANCE,TRADE,64042,0.0005
2026-07-30 13:47:11,BTCUSDT,BINANCE,TRADE,64042,0.0005
2026-07-30 13:47:11,BTCUSDT,BINANCE,TRADE,64042,0.0005
2026-07-30 13:47:11,BTCUSDT,BINANCE,TRADE,64042,0.00012
2026-07-30 13:47:11,BTCUSDT,BINANCE,TRADE,64042,0.0005
2026-07-30 13:47:11,BTCUSDT,BINANCE,TRADE,64042,8e-05
2026-07-30 13:47:11,BTCUSDT,BINANCE,TRADE,64042,0.0005
2026-07-30 13:47:11,BTCUSDT,BINANCE,TRADE,64042,0.0005
2026-07-30 13:47:11,BTCUSDT,BINANCE,TRADE,64042,0.0005
2026-07-30 13:47:11,BTCUSDT,BINANCE,TRADE,64042,0.0005
2026-07-30 13:47:11,ETHUSDT,BINANCE,TRADE,1905.83,0.0145
2026-07-30 13:47:11,BTCUSDT,BINANCE,TRADE,64042,0.00017
2026-07-30 13:47:11,BTCUSDT,BINANCE,TRADE,64042,0.0005
2026-07-30 13:47:11,BTCUSDT,BINANCE,TRADE,64042,0.0005
2026-07-30 13:47:11,BTCUSDT,BINANCE,TRADE,64042,0.0005
2026-07-30 13:47:11,BTCUSDT,BINANCE,TRADE,64042,0.00017
2026-07-30 13:47:11,BTCUSDT,BINANCE,TRADE,64042,0.0005
2026-07-30 13:47:11,BTCUSDT,BINANCE,TRADE,64042,0.0005
2026-07-30 13:47:11,BTCUSDT,BINANCE,TRADE,64042,0.00156
2026-07-30 13:47:11,BTCUSDT,BINANCE,TRADE,64042,0.0005
2026-07-30 13:47:11,BTCUSDT,BINANCE,TRADE,64042,0.0005
2026-07-30 13:47:11,BTCUSDT,BINANCE,TRADE,64042,0.00021
2026-07-30 13:47:11,BTCUSDT,BINANCE,TRADE,64042,0.00122
2026-07-30 13:47:11,BTCUSDT,BINANCE,TRADE,64042,0.0005
2026-07-30 13:47:11,BTCUSDT,BINANCE,TRADE,64042,0.0005
2026-07-30 13:47:11,BTCUSDT,BINANCE,TRADE,64042,0.00509
2026-07-30 13:47:11,BTCUSDT,BINANCE,TRADE,64042,0.0005
2026-07-30 13:47:11,ETHUSDT,BINANCE,TRADE,1905.82,0.0272
2026-07-30 13:47:11,BTCUSDT,BINANCE,TRADE,64042,0.00156
2026-07-30 13:47:11,BTCUSDT,BINANCE,TRADE,64042,0.00156
2026-07-30 13:47:11,BTCUSDT,BINANCE,TRADE,64042,0.0005
2026-07-30 13:47:11,BTCUSDT,BINANCE,TRADE,64042,0.0005
2026-07-30 13:47:11,BTCUSDT,BINANCE,TRADE,64042,0.0005
2026-07-30 13:47:11,BTCUSDT,BINANCE,TRADE,64042,0.0005
2026-07-30 13:47:11,ETHUSDT,BINANCE,TRADE,1905.83,0.0089
2026-07-30 13:47:11,BTCUSDT,BINANCE,TRADE,64042,0.00789
2026-07-30 13:47:11,BTCUSDT,BINANCE,TRADE,64042,0.0005
2026-07-30 13:47:11,BTCUSDT,BINANCE,TRADE,64042,0.00045
2026-07-30 13:47:11,BTCUSDT,BINANCE,TRADE,64042,0.00156
2026-07-30 13:47:11,BTCUSDT,BINANCE,TRADE,64042,0.0005
2026-07-30 13:47:11,BTCUSDT,BINANCE,TRADE,64042,0.0005
2026-07-30 13:47:11,BTCUSDT,BINANCE,TRADE,64042,0.0005
2026-07-30 13:47:11,BTCUSDT,BINANCE,TRADE,64042,0.0005
2026-07-30 13:47:11,BTCUSDT,BINANCE,TRADE,64042,0.00314
2026-07-30 13:47:11,BTCUSDT,BINANCE,TRADE,64042,0.0005
2026-07-30 13:47:11,BTCUSDT,BINANCE,TRADE,64042,0.0005
2026-07-30 13:47:11,BTCUSDT,BINANCE,TRADE,64042,0.00025
2026-07-30 13:47:11,BTCUSDT,BINANCE,TRADE,64042,0.0005
2026-07-30 13:47:11,BTCUSDT,BINANCE,TRADE,64042,0.0005
2026-07-30 13:47:11,BTCUSDT,BINANCE,TRADE,64042,0.0005
2026-07-30 13:47:11,BTCUSDT,BINANCE,TRADE,64042,0.00055
2026-07-30 13:47:11,BTCUSDT,BINANCE,TRADE,64042,0.00038
2026-07-30 13:47:11,BTCUSDT,BINANCE,TRADE,64042,0.0005
2026-07-30 13:47:12,BTCUSDT,BINANCE,TRADE,64042,0.0005
2026-07-30 13:47:12,BTCUSDT,BINANCE,TRADE,64042,0.00156
2026-07-30 13:47:12,BTCUSDT,BINANCE,TRADE,64042,0.00018
2026-07-30 13:47:12,BTCUSDT,BINANCE,TRADE,64042,0.0005
2026-07-30 13:47:12,BTCUSDT,BINANCE,TRADE,64042,0.00166
2026-07-30 13:47:12,BTCUSDT,BINANCE,TRADE,64042,0.0005
2026-07-30 13:47:12,BTCUSDT,BINANCE,TRADE,64042,0.0005
2026-07-30 13:47:12,BTCUSDT,BINANCE,TRADE,64042,0.0003
2026-07-30 13:47:12,BTCUSDT,BINANCE,TRADE,64042,0.0005
2026-07-30 13:47:12,BTCUSDT,BINANCE,TRADE,64042,0.00156
2026-07-30 13:47:12,BTCUSDT,BINANCE,TRADE,64042,0.0005
2026-07-30 13:47:12,BTCUSDT,BINANCE,TRADE,64042,0.0005
2026-07-30 13:47:12,BTCUSDT,BINANCE,TRADE,64042,0.00027
2026-07-30 13:47:12,BTCUSDT,BINANCE,TRADE,64042,0.0005
2026-07-30 13:47:12,BTCUSDT,BINANCE,TRADE,64042,0.00012
2026-07-30 13:47:12,BTCUSDT,BINANCE,TRADE,64042,0.0005
2026-07-30 13:47:12,BTCUSDT,BINANCE,TRADE,64042,0.0005
2026-07-30 13:47:12,BTCUSDT,BINANCE,TRADE,64042,0.0005
2026-07-30 13:47:12,BTCUSDT,BINANCE,TRADE,64042,0.0005
2026-07-30 13:47:12,BTCUSDT,BINANCE,TRADE,64042,0.0005
2026-07-30 13:47:12,BTCUSDT,BINANCE,TRADE,64042,0.0005
2026-07-30 13:47:12,BTCUSDT,BINANCE,TRADE,64042,0.0005
2026-07-30 13:47:12,BTCUSDT,BINANCE,TRADE,64042,0.0005
2026-07-30 13:47:12,BTCUSDT,BINANCE,TRADE,64042,0.0005
2026-07-30 13:47:12,BTCUSDT,BINANCE,TRADE,64042,0.0005
2026-07-30 13:47:12,BTCUSDT,BINANCE,TRADE,64042,0.0005
2026-07-30 13:47:12,BTCUSDT,BINANCE,TRADE,64042,0.0005
2026-07-30 13:47:12,BTCUSDT,BINANCE,TRADE,64042,0.00156
2026-07-30 13:47:12,ETHUSDT,BINANCE,TRADE,1905.83,0.1725
2026-07-30 13:47:12,BTCUSDT,BINANCE,TRADE,64042,0.0005
2026-07-30 13:47:12,BTCUSDT,BINANCE,TRADE,64042,0.0005
2026-07-30 13:47:12,BTCUSDT,BINANCE,TRADE,64042,0.0005
2026-07-30 13:47:12,BTCUSDT,BINANCE,TRADE,64042,0.00166
2026-07-30 13:47:12,BTCUSDT,BINANCE,TRADE,64042,0.0005
2026-07-30 13:47:12,BTCUSDT,BINANCE,TRADE,64042,0.00156
2026-07-30 13:47:12,BTCUSDT,BINANCE,TRADE,64042,0.0005
2026-07-30 13:47:12,BTCUSDT,BINANCE,TRADE,64042,0.0005
2026-07-30 13:47:12,BTCUSDT,BINANCE,TRADE,64042,0.00156
2026-07-30 13:47:12,BTCUSDT,BINANCE,TRADE,64042,0.0005
2026-07-30 13:47:12,BTCUSDT,BINANCE,TRADE,64042,0.0005
2026-07-30 13:47:12,BTCUSDT,BINANCE,TRADE,64042,0.0005
2026-07-30 13:47:12,BTCUSDT,BINANCE,TRADE,64042,0.0005
2026-07-30 13:47:12,BTCUSDT,BINANCE,TRADE,64042,0.00156
2026-07-30 13:47:12,BTCUSDT,BINANCE,TRADE,64042,0.0005
2026-07-30 13:47:12,BTCUSDT,BINANCE,TRADE,64042,0.00142
2026-07-30 13:47:12,BTCUSDT,BINANCE,TRADE,64042,0.00224
2026-07-30 13:47:12,BTCUSDT,BINANCE,TRADE,64042,0.0005
2026-07-30 13:47:12,BTCUSDT,BINANCE,TRADE,64042,0.0005
2026-07-30 13:47:12,BTCUSDT,BINANCE,TRADE,64042,0.00156
2026-07-30 13:47:12,SOLUSDT,BINANCE,TRADE,73.45,0.232
2026-07-30 13:47:12,BTCUSDT,BINANCE,TRADE,64042,0.0005
2026-07-30 13:47:12,BTCUSDT,BINANCE,TRADE,64042,0.0005
2026-07-30 13:47:12,BTCUSDT,BINANCE,TRADE,64042,0.00521
2026-07-30 13:47:12,BTCUSDT,BINANCE,TRADE,64042,0.00156
2026-07-30 13:47:12,BTCUSDT,BINANCE,TRADE,64042,0.0005
2026-07-30 13:47:12,BTCUSDT,BINANCE,TRADE,64042,0.00156
2026-07-30 13:47:12,BTCUSDT,BINANCE,TRADE,64042,0.00156
2026-07-30 13:47:12,BTCUSDT,BINANCE,TRADE,64042,0.0005
2026-07-30 13:47:12,BTCUSDT,BINANCE,TRADE,64042,0.00018
2026-07-30 13:47:12,BTCUSDT,BINANCE,TRADE,64042,0.0005
2026-07-30 13:47:12,BTCUSDT,BINANCE,TRADE,64042,0.00156
2026-07-30 13:47:12,BTCUSDT,BINANCE,TRADE,64042,0.0005
2026-07-30 13:47:12,BTCUSDT,BINANCE,TRADE,64042,0.0005
2026-07-30 13:47:12,BTCUSDT,BINANCE,TRADE,64042,0.00016
2026-07-30 13:47:12,BTCUSDT,BINANCE,TRADE,64042,0.00156
2026-07-30 13:47:12,BTCUSDT,BINANCE,TRADE,64042,0.00021
2026-07-30 13:47:12,BTCUSDT,BINANCE,TRADE,64042,0.00156
2026-07-30 13:47:12,BTCUSDT,BINANCE,TRADE,64042,0.0005
2026-07-30 13:47:12,BTCUSDT,BINANCE,TRADE,64042,0.00156
2026-07-30 13:47:12,BTCUSDT,BINANCE,TRADE,64042,0.0005
2026-07-30 13:47:12,BTCUSDT,BINANCE,TRADE,64042,0.00019
2026-07-30 13:47:12,SOLUSDT,BINANCE,TRADE,73.44,0.465
2026-07-30 13:47:12,BTCUSDT,BINANCE,TRADE,64042,0.0005
2026-07-30 13:47:12,BTCUSDT,BINANCE,TRADE,64042,0.0005
2026-07-30 13:47:12,BTCUSDT,BINANCE,TRADE,64042,0.00038
2026-07-30 13:47:12,BTCUSDT,BINANCE,TRADE,64042,0.0005
2026-07-30 13:47:12,BTCUSDT,BINANCE,TRADE,64042,0.0005
2026-07-30 13:47:12,BTCUSDT,BINANCE,TRADE,64042,0.0005
2026-07-30 13:47:12,BTCUSDT,BINANCE,TRADE,64042,0.0005
2026-07-30 13:47:12,BTCUSDT,BINANCE,TRADE,64042,0.0005
2026-07-30 13:47:12,BTCUSDT,BINANCE,TRADE,64042,0.0005
2026-07-30 13:47:12,BTCUSDT,BINANCE,TRADE,64042,0.00017
2026-07-30 13:47:12,BTCUSDT,BINANCE,TRADE,64042,0.0005
2026-07-30 13:47:12,BTCUSDT,BINANCE,TRADE,64042,0.0005
2026-07-30 13:47:12,BTCUSDT,BINANCE,TRADE,64042,0.0005
2026-07-30 13:47:12,BTCUSDT,BINANCE,TRADE,64042,0.0005
2026-07-30 13:47:12,BTCUSDT,BINANCE,TRADE,64042,0.0005
2026-07-30 13:47:12,BTCUSDT,BINANCE,TRADE,64042,0.0005
2026-07-30 13:47:12,BTCUSDT,BINANCE,TRADE,64042,0.00032
2026-07-30 13:47:12,BTCUSDT,BINANCE,TRADE,64042,0.0016
2026-07-30 13:47:12,BTCUSDT,BINANCE,TRADE,64042,0.0005
2026-07-30 13:47:12,BTCUSDT,BINANCE,TRADE,64042,0.0005
2026-07-30 13:47:12,BTCUSDT,BINANCE,TRADE,64042,0.0005
2026-07-30 13:47:12,BTCUSDT,BINANCE,TRADE,64042,0.00156
2026-07-30 13:47:12,BTCUSDT,BINANCE,TRADE,64042,0.00057
2026-07-30 13:47:12,BTCUSDT,BINANCE,TRADE,64042,0.0005
2026-07-30 13:47:12,BTCUSDT,BINANCE,TRADE,64042,0.0005
2026-07-30 13:47:12,BTCUSDT,BINANCE,TRADE,64042,0.0005
2026-07-30 13:47:12,BTCUSDT,BINANCE,TRADE,64042,0.0005
2026-07-30 13:47:12,BTCUSDT,BINANCE,TRADE,64042,0.0005
2026-07-30 13:47:12,BTCUSDT,BINANCE,TRADE,64042,0.00156
2026-07-30 13:47:12,BTCUSDT,BINANCE,TRADE,64042,0.0005
2026-07-30 13:47:12,BTCUSDT,BINANCE,TRADE,64042,0.0005
2026-07-30 13:47:12,BTCUSDT,BINANCE,TRADE,64042,0.00025
2026-07-30 13:47:12,ETHUSDT,BINANCE,TRADE,1905.83,0.0338
2026-07-30 13:47:12,BTCUSDT,BINANCE,TRADE,64042,0.0005
2026-07-30 13:47:12,BTCUSDT,BINANCE,TRADE,64042,0.00156
2026-07-30 13:47:12,BTCUSDT,BINANCE,TRADE,64042,0.00156
2026-07-30 13:47:12,BTCUSDT,BINANCE,TRADE,64042,0.0005
2026-07-30 13:47:12,BTCUSDT,BINANCE,TRADE,64042,0.0005
2026-07-30 13:47:12,ETHUSDT,BINANCE,TRADE,1905.82,0.2383
2026-07-30 13:47:12,BTCUSDT,BINANCE,TRADE,64042,0.0005
2026-07-30 13:47:12,ETHUSDT,BINANCE,TRADE,1905.83,0.2321
2026-07-30 13:47:12,BTCUSDT,BINANCE,TRADE,64042,0.00015
2026-07-30 13:47:12,BTCUSDT,BINANCE,TRADE,64042,0.00156
2026-07-30 13:47:12,BTCUSDT,BINANCE,TRADE,64042,0.0005
2026-07-30 13:47:12,BTCUSDT,BINANCE,TRADE,64042,0.0005
2026-07-30 13:47:12,BTCUSDT,BINANCE,TRADE,64042,0.00018
2026-07-30 13:47:12,BTCUSDT,BINANCE,TRADE,64042,0.00156
2026-07-30 13:47:12,BTCUSDT,BINANCE,TRADE,64042,0.0005
2026-07-30 13:47:12,ETHUSDT,BINANCE,TRADE,1905.82,0.0073
2026-07-30 13:47:12,BTCUSDT,BINANCE,TRADE,64042,0.01522
2026-07-30 13:47:12,BTCUSDT,BINANCE,TRADE,64042,0.002
2026-07-30 13:47:12,BTCUSDT,BINANCE,TRADE,64042,0.0005
2026-07-30 13:47:12,BTCUSDT,BINANCE,TRADE,64042,8e-05
2026-07-30 13:47:12,BTCUSDT,BINANCE,TRADE,64042,0.0005
2026-07-30 13:47:12,BTCUSDT,BINANCE,TRADE,64042,0.0005
2026-07-30 13:47:12,BTCUSDT,BINANCE,TRADE,64042,0.00287
2026-07-30 13:47:12,BTCUSDT,BINANCE,TRADE,64042,0.0005
2026-07-30 13:47:12,BTCUSDT,BINANCE,TRADE,64042,0.0005
2026-07-30 13:47:12,BTCUSDT,BINANCE,TRADE,64042,0.0005
2026-07-30 13:47:12,BTCUSDT,BINANCE,TRADE,64042,0.0005
2026-07-30 13:47:12,BTCUSDT,BINANCE,TRADE,64042,0.00012
2026-07-30 13:47:12,BTCUSDT,BINANCE,TRADE,64042,0.00314
2026-07-30 13:47:12,BTCUSDT,BINANCE,TRADE,64042,0.0005
2026-07-30 13:47:12,ETHUSDT,BINANCE,TRADE,1905.82,0.1733
2026-07-30 13:47:12,BTCUSDT,BINANCE,TRADE,64042,0.0005
2026-07-30 13:47:12,BTCUSDT,BINANCE,TRADE,64042,0.0005
2026-07-30 13:47:12,BTCUSDT,BINANCE,TRADE,64042,0.0005
2026-07-30 13:47:12,BTCUSDT,BINANCE,TRADE,64042,0.0005
2026-07-30 13:47:12,BTCUSDT,BINANCE,TRADE,64042,0.0005
2026-07-30 13:47:12,BTCUSDT,BINANCE,TRADE,64042,0.0005
2026-07-30 13:47:12,BTCUSDT,BINANCE,TRADE,64042,0.0005
2026-07-30 13:47:12,BTCUSDT,BINANCE,TRADE,64042,0.00101
2026-07-30 13:47:13,BTCUSDT,BINANCE,TRADE,64042,0.0005
2026-07-30 13:47:13,BTCUSDT,BINANCE,TRADE,64042,0.0005
2026-07-30 13:47:13,ETHUSDT,BINANCE,TRADE,1905.82,0.0103
2026-07-30 13:47:13,BTCUSDT,BINANCE,TRADE,64042,0.0005
2026-07-30 13:47:13,BTCUSDT,BINANCE,TRADE,64042,0.00515
2026-07-30 13:47:13,BTCUSDT,BINANCE,TRADE,64042,0.0005
2026-07-30 13:47:13,BTCUSDT,BINANCE,TRADE,64042,3e-05
2026-07-30 13:47:13,BTCUSDT,BINANCE,TRADE,64042,0.00047
2026-07-30 13:47:13,BTCUSDT,BINANCE,TRADE,64042,0.0005
2026-07-30 13:47:13,BTCUSDT,BINANCE,TRADE,64042,0.0005
2026-07-30 13:47:13,BTCUSDT,BINANCE,TRADE,64042,0.0005
2026-07-30 13:47:13,BTCUSDT,BINANCE,TRADE,64042,0.0005
2026-07-30 13:47:13,BTCUSDT,BINANCE,TRADE,64042,0.0005
2026-07-30 13:47:13,ETHUSDT,BINANCE,TRADE,1905.82,0.0322
2026-07-30 13:47:13,BTCUSDT,BINANCE,TRADE,64042,0.0005
2026-07-30 13:47:13,BTCUSDT,BINANCE,TRADE,64042,0.0005
2026-07-30 13:47:13,BTCUSDT,BINANCE,TRADE,64042,0.0005
2026-07-30 13:47:13,BTCUSDT,BINANCE,TRADE,64042,0.00013
2026-07-30 13:47:13,BTCUSDT,BINANCE,TRADE,64042,0.0005
2026-07-30 13:47:13,BTCUSDT,BINANCE,TRADE,64042,0.0005
2026-07-30 13:47:13,BTCUSDT,BINANCE,TRADE,64042,0.00029
2026-07-30 13:47:13,BTCUSDT,BINANCE,TRADE,64042,0.0005
2026-07-30 13:47:13,BTCUSDT,BINANCE,TRADE,64042,0.0005
2026-07-30 13:47:13,BTCUSDT,BINANCE,TRADE,64042,0.0005
2026-07-30 13:47:13,BTCUSDT,BINANCE,TRADE,64042,0.0005
2026-07-30 13:47:13,BTCUSDT,BINANCE,TRADE,64042,0.0005
2026-07-30 13:47:13,BTCUSDT,BINANCE,TRADE,64042,0.0005
2026-07-30 13:47:13,BTCUSDT,BINANCE,TRADE,64042,0.0005
2026-07-30 13:47:13,BTCUSDT,BINANCE,TRADE,64042,0.00046
2026-07-30 13:47:13,BTCUSDT,BINANCE,TRADE,64042,0.0005
2026-07-30 13:47:13,BTCUSDT,BINANCE,TRADE,64042,0.0005
2026-07-30 13:47:13,BTCUSDT,BINANCE,TRADE,64042,0.0005
2026-07-30 13:47:13,BTCUSDT,BINANCE,TRADE,64042,0.00019
2026-07-30 13:47:13,BTCUSDT,BINANCE,TRADE,64042,0.0005
2026-07-30 13:47:13,ETHUSDT,BINANCE,TRADE,1905.83,0.0525
2026-07-30 13:47:13,BTCUSDT,BINANCE,TRADE,64042,0.0005
2026-07-30 13:47:13,BTCUSDT,BINANCE,TRADE,64042,0.00103
2026-07-30 13:47:13,BTCUSDT,BINANCE,TRADE,64042,0.00509
2026-07-30 13:47:13,BTCUSDT,BINANCE,TRADE,64042,0.0005
2026-07-30 13:47:13,BTCUSDT,BINANCE,TRADE,64042,0.0005
2026-07-30 13:47:13,BTCUSDT,BINANCE,TRADE,64042,0.0005
2026-07-30 13:47:13,BTCUSDT,BINANCE,TRADE,64042,0.00156
2026-07-30 13:47:13,BTCUSDT,BINANCE,TRADE,64042,0.0002
2026-07-30 13:47:13,ETHUSDT,BINANCE,TRADE,1905.82,0.0028
2026-07-30 13:47:13,ETHUSDT,BINANCE,TRADE,1905.82,0.0027
2026-07-30 13:47:13,ETHUSDT,BINANCE,TRADE,1905.82,0.0027
2026-07-30 13:47:13,ETHUSDT,BINANCE,TRADE,1905.82,0.0028
2026-07-30 13:47:13,ETHUSDT,BINANCE,TRADE,1905.82,0.0027
2026-07-30 13:47:13,ETHUSDT,BINANCE,TRADE,1905.82,0.0008
2026-07-30 13:47:13,BTCUSDT,BINANCE,TRADE,64042,0.0005
2026-07-30 13:47:13,ETHUSDT,BINANCE,TRADE,1905.82,0.0019
2026-07-30 13:47:13,ETHUSDT,BINANCE,TRADE,1905.82,0.0031
2026-07-30 13:47:13,ETHUSDT,BINANCE,TRADE,1905.82,0.0031
2026-07-30 13:47:13,ETHUSDT,BINANCE,TRADE,1905.82,0.0027
2026-07-30 13:47:13,ETHUSDT,BINANCE,TRADE,1905.82,0.0027
2026-07-30 13:47:13,ETHUSDT,BINANCE,TRADE,1905.82,0.0027
2026-07-30 13:47:13,ETHUSDT,BINANCE,TRADE,1905.82,0.0027
2026-07-30 13:47:13,ETHUSDT,BINANCE,TRADE,1905.82,0.0027
2026-07-30 13:47:13,ETHUSDT,BINANCE,TRADE,1905.82,0.0027
2026-07-30 13:47:13,ETHUSDT,BINANCE,TRADE,1905.82,0.0031
2026-07-30 13:47:13,ETHUSDT,BINANCE,TRADE,1905.82,0.0057
2026-07-30 13:47:13,ETHUSDT,BINANCE,TRADE,1905.82,0.0053
2026-07-30 13:47:13,ETHUSDT,BINANCE,TRADE,1905.82,0.0028
2026-07-30 13:47:13,ETHUSDT,BINANCE,TRADE,1905.82,0.0028
2026-07-30 13:47:13,ETHUSDT,BINANCE,TRADE,1905.82,0.0027
2026-07-30 13:47:13,ETHUSDT,BINANCE,TRADE,1905.82,0.0027
2026-07-30 13:47:13,ETHUSDT,BINANCE,TRADE,1905.82,0.0027
2026-07-30 13:47:13,ETHUSDT,BINANCE,TRADE,1905.82,0.0027
2026-07-30 13:47:13,ETHUSDT,BINANCE,TRADE,1905.82,0.0027
2026-07-30 13:47:13,ETHUSDT,BINANCE,TRADE,1905.82,0.0027
2026-07-30 13:47:13,BTCUSDT,BINANCE,TRADE,64042,0.002
2026-07-30 13:47:13,BTCUSDT,BINANCE,TRADE,64042,0.0001
2026-07-30 13:47:13,BTCUSDT,BINANCE,TRADE,64042,0.0005
2026-07-30 13:47:13,ETHUSDT,BINANCE,TRADE,1905.81,0.0027
2026-07-30 13:47:13,ETHUSDT,BINANCE,TRADE,1905.81,0.0027
2026-07-30 13:47:13,ETHUSDT,BINANCE,TRADE,1905.81,0.0027
2026-07-30 13:47:13,ETHUSDT,BINANCE,TRADE,1905.81,0.0028
2026-07-30 13:47:13,ETHUSDT,BINANCE,TRADE,1905.81,0.0027
2026-07-30 13:47:13,ETHUSDT,BINANCE,TRADE,1905.81,0.0027
2026-07-30 13:47:13,ETHUSDT,BINANCE,TRADE,1905.81,0.0027
2026-07-30 13:47:13,ETHUSDT,BINANCE,TRADE,1905.81,0.0053
2026-07-30 13:47:13,ETHUSDT,BINANCE,TRADE,1905.81,0.0031
2026-07-30 13:47:13,ETHUSDT,BINANCE,TRADE,1905.81,0.0031
2026-07-30 13:47:13,ETHUSDT,BINANCE,TRADE,1905.81,0.0031
2026-07-30 13:47:13,ETHUSDT,BINANCE,TRADE,1905.81,0.0027
2026-07-30 13:47:13,ETHUSDT,BINANCE,TRADE,1905.81,0.0027
2026-07-30 13:47:13,ETHUSDT,BINANCE,TRADE,1905.81,0.0027
2026-07-30 13:47:13,ETHUSDT,BINANCE,TRADE,1905.81,0.0027
2026-07-30 13:47:13,ETHUSDT,BINANCE,TRADE,1905.81,0.0027
2026-07-30 13:47:13,ETHUSDT,BINANCE,TRADE,1905.81,0.0027
2026-07-30 13:47:13,ETHUSDT,BINANCE,TRADE,1905.81,0.0027
2026-07-30 13:47:13,ETHUSDT,BINANCE,TRADE,1905.81,0.0027
2026-07-30 13:47:13,ETHUSDT,BINANCE,TRADE,1905.81,0.0027
2026-07-30 13:47:13,ETHUSDT,BINANCE,TRADE,1905.81,0.0027
2026-07-30 13:47:13,ETHUSDT,BINANCE,TRADE,1905.81,0.0027
2026-07-30 13:47:13,ETHUSDT,BINANCE,TRADE,1905.81,0.0027
2026-07-30 13:47:13,ETHUSDT,BINANCE,TRADE,1905.81,0.0027
2026-07-30 13:47:13,ETHUSDT,BINANCE,TRADE,1905.81,0.0027
2026-07-30 13:47:13,ETHUSDT,BINANCE,TRADE,1905.81,0.0027
2026-07-30 13:47:13,ETHUSDT,BINANCE,TRADE,1905.8,0.0027
2026-07-30 13:47:13,ETHUSDT,BINANCE,TRADE,1905.8,0.0028
2026-07-30 13:47:13,ETHUSDT,BINANCE,TRADE,1905.8,0.0416
2026-07-30 13:47:13,ETHUSDT,BINANCE,TRADE,1905.8,0.0027
2026-07-30 13:47:13,ETHUSDT,BINANCE,TRADE,1905.8,0.0027
2026-07-30 13:47:13,ETHUSDT,BINANCE,TRADE,1905.8,0.0053
2026-07-30 13:47:13,ETHUSDT,BINANCE,TRADE,1905.8,0.0027
2026-07-30 13:47:13,ETHUSDT,BINANCE,TRADE,1905.8,0.0027
2026-07-30 13:47:13,ETHUSDT,BINANCE,TRADE,1905.8,0.0027
2026-07-30 13:47:13,ETHUSDT,BINANCE,TRADE,1905.8,0.0027
2026-07-30 13:47:13,ETHUSDT,BINANCE,TRADE,1905.8,0.0027
2026-07-30 13:47:13,ETHUSDT,BINANCE,TRADE,1905.79,0.0027
2026-07-30 13:47:13,ETHUSDT,BINANCE,TRADE,1905.79,0.0028
2026-07-30 13:47:13,ETHUSDT,BINANCE,TRADE,1905.79,0.0027
2026-07-30 13:47:13,ETHUSDT,BINANCE,TRADE,1905.78,0.0028
2026-07-30 13:47:13,ETHUSDT,BINANCE,TRADE,1905.78,0.0028
2026-07-30 13:47:13,ETHUSDT,BINANCE,TRADE,1905.78,0.0028
2026-07-30 13:47:13,ETHUSDT,BINANCE,TRADE,1905.78,0.0027
2026-07-30 13:47:13,ETHUSDT,BINANCE,TRADE,1905.78,0.0028
2026-07-30 13:47:13,BTCUSDT,BINANCE,TRADE,64042,0.00106
2026-07-30 13:47:13,ETHUSDT,BINANCE,TRADE,1905.77,0.0027
2026-07-30 13:47:13,ETHUSDT,BINANCE,TRADE,1905.77,0.0028
2026-07-30 13:47:13,ETHUSDT,BINANCE,TRADE,1905.77,0.6
2026-07-30 13:47:13,ETHUSDT,BINANCE,TRADE,1905.77,0.255
2026-07-30 13:47:13,ETHUSDT,BINANCE,TRADE,1905.77,0.0027
2026-07-30 13:47:13,ETHUSDT,BINANCE,TRADE,1905.77,0.0027
2026-07-30 13:47:13,ETHUSDT,BINANCE,TRADE,1905.77,0.0031
2026-07-30 13:47:13,ETHUSDT,BINANCE,TRADE,1905.77,0.0031
2026-07-30 13:47:13,ETHUSDT,BINANCE,TRADE,1905.77,0.0031
2026-07-30 13:47:13,ETHUSDT,BINANCE,TRADE,1905.77,0.0027
2026-07-30 13:47:13,ETHUSDT,BINANCE,TRADE,1905.77,0.0027
2026-07-30 13:47:13,ETHUSDT,BINANCE,TRADE,1905.77,0.0027
2026-07-30 13:47:13,ETHUSDT,BINANCE,TRADE,1905.76,0.0027
2026-07-30 13:47:13,ETHUSDT,BINANCE,TRADE,1905.76,0.0027
2026-07-30 13:47:13,ETHUSDT,BINANCE,TRADE,1905.76,0.0028
2026-07-30 13:47:13,ETHUSDT,BINANCE,TRADE,1905.76,0.0027
2026-07-30 13:47:13,ETHUSDT,BINANCE,TRADE,1905.76,0.0027
2026-07-30 13:47:13,ETHUSDT,BINANCE,TRADE,1905.76,0.0027
2026-07-30 13:47:13,ETHUSDT,BINANCE,TRADE,1905.76,0.0027
2026-07-30 13:47:13,ETHUSDT,BINANCE,TRADE,1905.76,0.0027
2026-07-30 13:47:13,ETHUSDT,BINANCE,TRADE,1905.76,0.0027
2026-07-30 13:47:13,ETHUSDT,BINANCE,TRADE,1905.76,0.0027
2026-07-30 13:47:13,ETHUSDT,BINANCE,TRADE,1905.76,0.0027
2026-07-30 13:47:13,ETHUSDT,BINANCE,TRADE,1905.76,0.0027
2026-07-30 13:47:13,ETHUSDT,BINANCE,TRADE,1905.76,0.0027
2026-07-30 13:47:13,ETHUSDT,BINANCE,TRADE,1905.76,0.0027
2026-07-30 13:47:13,ETHUSDT,BINANCE,TRADE,1905.75,0.0027
2026-07-30 13:47:13,ETHUSDT,BINANCE,TRADE,1905.75,0.0028
2026-07-30 13:47:13,ETHUSDT,BINANCE,TRADE,1905.74,0.0027
2026-07-30 13:47:13,ETHUSDT,BINANCE,TRADE,1905.74,0.0027
2026-07-30 13:47:13,ETHUSDT,BINANCE,TRADE,1905.74,0.0028
2026-07-30 13:47:13,ETHUSDT,BINANCE,TRADE,1905.74,0.0027
2026-07-30 13:47:13,ETHUSDT,BINANCE,TRADE,1905.74,0.0027
2026-07-30 13:47:13,ETHUSDT,BINANCE,TRADE,1905.74,0.0027
2026-07-30 13:47:13,ETHUSDT,BINANCE,TRADE,1905.74,0.0027
2026-07-30 13:47:13,ETHUSDT,BINANCE,TRADE,1905.74,0.0027
2026-07-30 13:47:13,ETHUSDT,BINANCE,TRADE,1905.74,0.0027
2026-07-30 13:47:13,ETHUSDT,BINANCE,TRADE,1905.74,0.0027
2026-07-30 13:47:13,ETHUSDT,BINANCE,TRADE,1905.74,0.0027
2026-07-30 13:47:13,ETHUSDT,BINANCE,TRADE,1905.73,0.0028
2026-07-30 13:47:13,ETHUSDT,BINANCE,TRADE,1905.73,0.0028
2026-07-30 13:47:13,ETHUSDT,BINANCE,TRADE,1905.73,0.0028
2026-07-30 13:47:13,ETHUSDT,BINANCE,TRADE,1905.73,0.0027
2026-07-30 13:47:13,ETHUSDT,BINANCE,TRADE,1905.73,0.0028
2026-07-30 13:47:13,BTCUSDT,BINANCE,TRADE,64042,0.0005
2026-07-30 13:47:13,BTCUSDT,BINANCE,TRADE,64042,0.0005
2026-07-30 13:47:13,BTCUSDT,BINANCE,TRADE,64042,0.00156
2026-07-30 13:47:13,BTCUSDT,BINANCE,TRADE,64042,0.0005
2026-07-30 13:47:13,BTCUSDT,BINANCE,TRADE,64042,0.00156
2026-07-30 13:47:13,BTCUSDT,BINANCE,TRADE,64042,0.00055
2026-07-30 13:47:13,BTCUSDT,BINANCE,TRADE,64042,0.0005
2026-07-30 13:47:13,BTCUSDT,BINANCE,TRADE,64042,0.0005
2026-07-30 13:47:13,ETHUSDT,BINANCE,TRADE,1905.72,0.003
2026-07-30 13:47:13,BTCUSDT,BINANCE,TRADE,64042,0.0005
2026-07-30 13:47:13,BTCUSDT,BINANCE,TRADE,64042,0.00156
2026-07-30 13:47:13,BTCUSDT,BINANCE,TRADE,64042,0.0005
2026-07-30 13:47:13,BTCUSDT,BINANCE,TRADE,64042,0.0005
2026-07-30 13:47:13,BTCUSDT,BINANCE,TRADE,64042,0.0005
2026-07-30 13:47:13,BTCUSDT,BINANCE,TRADE,64042,0.0005
2026-07-30 13:47:13,BTCUSDT,BINANCE,TRADE,64042,0.00515
2026-07-30 13:47:13,BTCUSDT,BINANCE,TRADE,64042,0.0005
2026-07-30 13:47:13,BTCUSDT,BINANCE,TRADE,64042,0.0005
2026-07-30 13:47:13,BTCUSDT,BINANCE,TRADE,64042,0.0005
2026-07-30 13:47:13,BTCUSDT,BINANCE,TRADE,64042,0.0005
2026-07-30 13:47:13,BTCUSDT,BINANCE,TRADE,64042,0.01873
2026-07-30 13:47:13,BTCUSDT,BINANCE,TRADE,64042,0.0005
2026-07-30 13:47:13,BTCUSDT,BINANCE,TRADE,64042,0.00149
2026-07-30 13:47:13,BTCUSDT,BINANCE,TRADE,64042,0.0005
2026-07-30 13:47:13,BTCUSDT,BINANCE,TRADE,64042,0.0003
2026-07-30 13:47:13,BTCUSDT,BINANCE,TRADE,64042,0.0005
2026-07-30 13:47:13,BTCUSDT,BINANCE,TRADE,64042,0.0005
2026-07-30 13:47:13,BTCUSDT,BINANCE,TRADE,64042,0.0005
2026-07-30 13:47:13,BTCUSDT,BINANCE,TRADE,64042,0.0005
2026-07-30 13:47:13,BTCUSDT,BINANCE,TRADE,64042,0.0005
2026-07-30 13:47:13,BTCUSDT,BINANCE,TRADE,64042,0.0005
2026-07-30 13:47:13,BTCUSDT,BINANCE,TRADE,64042,0.0005
2026-07-30 13:47:13,BTCUSDT,BINANCE,TRADE,64042,0.0005
2026-07-30 13:47:13,BTCUSDT,BINANCE,TRADE,64042,0.0005
2026-07-30 13:47:13,BTCUSDT,BINANCE,TRADE,64042,0.00182
2026-07-30 13:47:13,ETHUSDT,BINANCE,TRADE,1905.72,0.003
2026-07-30 13:47:13,ETHUSDT,BINANCE,TRADE,1905.72,0.0028
2026-07-30 13:47:13,ETHUSDT,BINANCE,TRADE,1905.72,0.0027
2026-07-30 13:47:13,ETHUSDT,BINANCE,TRADE,1905.72,0.0031
2026-07-30 13:47:13,ETHUSDT,BINANCE,TRADE,1905.72,0.0027
2026-07-30 13:47:13,ETHUSDT,BINANCE,TRADE,1905.72,0.0027
2026-07-30 13:47:13,ETHUSDT,BINANCE,TRADE,1905.72,0.0027
2026-07-30 13:47:13,ETHUSDT,BINANCE,TRADE,1905.72,0.0028
2026-07-30 13:47:13,ETHUSDT,BINANCE,TRADE,1905.72,0.0031
2026-07-30 13:47:13,ETHUSDT,BINANCE,TRADE,1905.72,0.0031
2026-07-30 13:47:13,ETHUSDT,BINANCE,TRADE,1905.72,0.0027
2026-07-30 13:47:13,ETHUSDT,BINANCE,TRADE,1905.72,0.0027
2026-07-30 13:47:13,ETHUSDT,BINANCE,TRADE,1905.72,0.0027
2026-07-30 13:47:13,ETHUSDT,BINANCE,TRADE,1905.72,0.0027
2026-07-30 13:47:13,ETHUSDT,BINANCE,TRADE,1905.72,0.0027
2026-07-30 13:47:13,ETHUSDT,BINANCE,TRADE,1905.72,0.0027
2026-07-30 13:47:13,ETHUSDT,BINANCE,TRADE,1905.71,0.0027
2026-07-30 13:47:13,ETHUSDT,BINANCE,TRADE,1905.71,0.0028
2026-07-30 13:47:13,ETHUSDT,BINANCE,TRADE,1905.71,0.0027
2026-07-30 13:47:13,ETHUSDT,BINANCE,TRADE,1905.71,0.0027
2026-07-30 13:47:13,ETHUSDT,BINANCE,TRADE,1905.71,0.0027
2026-07-30 13:47:13,ETHUSDT,BINANCE,TRADE,1905.71,0.0027
2026-07-30 13:47:13,ETHUSDT,BINANCE,TRADE,1905.71,0.0027
2026-07-30 13:47:13,ETHUSDT,BINANCE,TRADE,1905.71,0.0027
2026-07-30 13:47:13,ETHUSDT,BINANCE,TRADE,1905.71,0.0027
2026-07-30 13:47:13,ETHUSDT,BINANCE,TRADE,1905.71,0.0027
2026-07-30 13:47:13,ETHUSDT,BINANCE,TRADE,1905.7,0.0032
2026-07-30 13:47:13,ETHUSDT,BINANCE,TRADE,1905.7,0.0028
2026-07-30 13:47:13,ETHUSDT,BINANCE,TRADE,1905.67,0.0027
2026-07-30 13:47:13,ETHUSDT,BINANCE,TRADE,1905.67,0.0027
2026-07-30 13:47:13,ETHUSDT,BINANCE,TRADE,1905.67,0.0028
2026-07-30 13:47:13,ETHUSDT,BINANCE,TRADE,1905.67,0.0027
2026-07-30 13:47:13,ETHUSDT,BINANCE,TRADE,1905.67,0.0027
2026-07-30 13:47:13,ETHUSDT,BINANCE,TRADE,1905.67,0.0027
2026-07-30 13:47:13,ETHUSDT,BINANCE,TRADE,1905.67,0.0027
2026-07-30 13:47:13,ETHUSDT,BINANCE,TRADE,1905.67,0.0027
2026-07-30 13:47:13,ETHUSDT,BINANCE,TRADE,1905.67,0.0027
2026-07-30 13:47:13,ETHUSDT,BINANCE,TRADE,1905.67,0.0027
2026-07-30 13:47:13,ETHUSDT,BINANCE,TRADE,1905.67,0.0027
2026-07-30 13:47:13,ETHUSDT,BINANCE,TRADE,1905.66,0.0027
2026-07-30 13:47:13,ETHUSDT,BINANCE,TRADE,1905.66,0.0028
2026-07-30 13:47:13,ETHUSDT,BINANCE,TRADE,1905.65,0.0027
2026-07-30 13:47:13,ETHUSDT,BINANCE,TRADE,1905.65,0.0028
2026-07-30 13:47:13,ETHUSDT,BINANCE,TRADE,1905.65,0.0027
2026-07-30 13:47:13,ETHUSDT,BINANCE,TRADE,1905.65,0.0027
2026-07-30 13:47:13,ETHUSDT,BINANCE,TRADE,1905.65,0.0027
2026-07-30 13:47:13,ETHUSDT,BINANCE,TRADE,1905.65,0.0027
2026-07-30 13:47:13,ETHUSDT,BINANCE,TRADE,1905.64,0.0027
2026-07-30 13:47:13,ETHUSDT,BINANCE,TRADE,1905.64,0.0027
2026-07-30 13:47:13,ETHUSDT,BINANCE,TRADE,1905.64,0.0028
2026-07-30 13:47:13,ETHUSDT,BINANCE,TRADE,1905.64,0.0028
2026-07-30 13:47:13,ETHUSDT,BINANCE,TRADE,1905.64,0.0028
2026-07-30 13:47:13,ETHUSDT,BINANCE,TRADE,1905.64,0.0027
2026-07-30 13:47:13,ETHUSDT,BINANCE,TRADE,1905.64,0.0028
2026-07-30 13:47:13,ETHUSDT,BINANCE,TRADE,1905.64,0.0027
2026-07-30 13:47:13,ETHUSDT,BINANCE,TRADE,1905.64,0.0027
2026-07-30 13:47:13,ETHUSDT,BINANCE,TRADE,1905.64,0.0027
2026-07-30 13:47:13,ETHUSDT,BINANCE,TRADE,1905.63,0.4107
2026-07-30 13:47:13,ETHUSDT,BINANCE,TRADE,1905.63,0.0027
2026-07-30 13:47:13,ETHUSDT,BINANCE,TRADE,1905.63,0.0028
2026-07-30 13:47:13,ETHUSDT,BINANCE,TRADE,1905.63,0.0027
2026-07-30 13:47:13,ETHUSDT,BINANCE,TRADE,1905.63,0.0027
2026-07-30 13:47:13,ETHUSDT,BINANCE,TRADE,1905.63,0.0027
2026-07-30 13:47:13,ETHUSDT,BINANCE,TRADE,1905.63,0.0027
2026-07-30 13:47:13,ETHUSDT,BINANCE,TRADE,1905.62,0.0027
2026-07-30 13:47:13,ETHUSDT,BINANCE,TRADE,1905.62,0.0028
2026-07-30 13:47:13,ETHUSDT,BINANCE,TRADE,1905.62,0.0027
2026-07-30 13:47:13,ETHUSDT,BINANCE,TRADE,1905.62,0.0027
2026-07-30 13:47:13,ETHUSDT,BINANCE,TRADE,1905.62,0.0027
2026-07-30 13:47:13,ETHUSDT,BINANCE,TRADE,1905.62,0.0027
2026-07-30 13:47:13,ETHUSDT,BINANCE,TRADE,1905.61,0.0027
2026-07-30 13:47:13,ETHUSDT,BINANCE,TRADE,1905.61,0.0028
2026-07-30 13:47:13,ETHUSDT,BINANCE,TRADE,1905.61,0.0028
2026-07-30 13:47:13,ETHUSDT,BINANCE,TRADE,1905.61,0.0027
2026-07-30 13:47:13,ETHUSDT,BINANCE,TRADE,1905.61,0.0028
2026-07-30 13:47:13,ETHUSDT,BINANCE,TRADE,1905.61,0.0027
2026-07-30 13:47:13,ETHUSDT,BINANCE,TRADE,1905.61,0.0027
2026-07-30 13:47:13,ETHUSDT,BINANCE,TRADE,1905.61,0.0027
2026-07-30 13:47:13,ETHUSDT,BINANCE,TRADE,1905.6,0.0078
2026-07-30 13:47:13,ETHUSDT,BINANCE,TRADE,1905.6,0.0027
2026-07-30 13:47:13,ETHUSDT,BINANCE,TRADE,1905.6,0.0032
2026-07-30 13:47:13,ETHUSDT,BINANCE,TRADE,1905.6,0.003
2026-07-30 13:47:13,ETHUSDT,BINANCE,TRADE,1905.6,0.0028
2026-07-30 13:47:13,ETHUSDT,BINANCE,TRADE,1905.6,0.0028
2026-07-30 13:47:13,ETHUSDT,BINANCE,TRADE,1905.6,0.3555
2026-07-30 13:47:13,BTCUSDT,BINANCE,TRADE,64042,0.0005
2026-07-30 13:47:13,BTCUSDT,BINANCE,TRADE,64042,0.00201
2026-07-30 13:47:13,BTCUSDT,BINANCE,TRADE,64042,0.0005
2026-07-30 13:47:13,ETHUSDT,BINANCE,TRADE,1905.61,0.0027
2026-07-30 13:47:13,BTCUSDT,BINANCE,TRADE,64042,0.0005
2026-07-30 13:47:13,BTCUSDT,BINANCE,TRADE,64042,0.0005
2026-07-30 13:47:13,BTCUSDT,BINANCE,TRADE,64042,0.0005
2026-07-30 13:47:13,BTCUSDT,BINANCE,TRADE,64042,0.00281
2026-07-30 13:47:13,BTCUSDT,BINANCE,TRADE,64042,0.0005
2026-07-30 13:47:13,BTCUSDT,BINANCE,TRADE,64042,0.00138
2026-07-30 13:47:13,BTCUSDT,BINANCE,TRADE,64042,0.00224
2026-07-30 13:47:13,BTCUSDT,BINANCE,TRADE,64042,0.0005
2026-07-30 13:47:13,BTCUSDT,BINANCE,TRADE,64042,0.00166
2026-07-30 13:47:13,BTCUSDT,BINANCE,TRADE,64042,0.0005
2026-07-30 13:47:13,BTCUSDT,BINANCE,TRADE,64042,0.00038
2026-07-30 13:47:13,BTCUSDT,BINANCE,TRADE,64042,0.00521
2026-07-30 13:47:13,BTCUSDT,BINANCE,TRADE,64042,0.0005
2026-07-30 13:47:13,ETHUSDT,BINANCE,TRADE,1905.61,0.0271
2026-07-30 13:47:13,BTCUSDT,BINANCE,TRADE,64042,0.0005
2026-07-30 13:47:13,BTCUSDT,BINANCE,TRADE,64042,0.0005
2026-07-30 13:47:13,BTCUSDT,BINANCE,TRADE,64042,0.0005
2026-07-30 13:47:13,BTCUSDT,BINANCE,TRADE,64042,0.00065
2026-07-30 13:47:13,BTCUSDT,BINANCE,TRADE,64042,0.00014
2026-07-30 13:47:13,BTCUSDT,BINANCE,TRADE,64042,0.00204
2026-07-30 13:47:13,BTCUSDT,BINANCE,TRADE,64042,0.0005
2026-07-30 13:47:13,BTCUSDT,BINANCE,TRADE,64042,9e-05
2026-07-30 13:47:13,BTCUSDT,BINANCE,TRADE,64042,0.00038
2026-07-30 13:47:13,BTCUSDT,BINANCE,TRADE,64042,0.0005
2026-07-30 13:47:13,BTCUSDT,BINANCE,TRADE,64042,0.00126
2026-07-30 13:47:13,BTCUSDT,BINANCE,TRADE,64042,0.0005
2026-07-30 13:47:13,BTCUSDT,BINANCE,TRADE,64042,0.0005
2026-07-30 13:47:13,BTCUSDT,BINANCE,TRADE,64042,0.0005
2026-07-30 13:47:13,BTCUSDT,BINANCE,TRADE,64042,0.0005
2026-07-30 13:47:13,BTCUSDT,BINANCE,TRADE,64042,0.0014
2026-07-30 13:47:13,BTCUSDT,BINANCE,TRADE,64042,0.0005
2026-07-30 13:47:13,BTCUSDT,BINANCE,TRADE,64042,0.00111
2026-07-30 13:47:13,BTCUSDT,BINANCE,TRADE,64042,0.0005
2026-07-30 13:47:13,BTCUSDT,BINANCE,TRADE,64042,0.00057
2026-07-30 13:47:13,BTCUSDT,BINANCE,TRADE,64042,0.0005
2026-07-30 13:47:13,BTCUSDT,BINANCE,TRADE,64042,0.00156
2026-07-30 13:47:13,BTCUSDT,BINANCE,TRADE,64042,0.0005
2026-07-30 13:47:13,BTCUSDT,BINANCE,TRADE,64042,0.0005
2026-07-30 13:47:13,BTCUSDT,BINANCE,TRADE,64042,0.0005
2026-07-30 13:47:13,BTCUSDT,BINANCE,TRADE,64042,0.00018
2026-07-30 13:47:13,BTCUSDT,BINANCE,TRADE,64042,0.0005
2026-07-30 13:47:13,BTCUSDT,BINANCE,TRADE,64042,0.00156
2026-07-30 13:47:13,BTCUSDT,BINANCE,TRADE,64042,0.0005
2026-07-30 13:47:13,BTCUSDT,BINANCE,TRADE,64042,0.0005
2026-07-30 13:47:13,BTCUSDT,BINANCE,TRADE,64042,0.00314
2026-07-30 13:47:13,BTCUSDT,BINANCE,TRADE,64042,0.0005
2026-07-30 13:47:13,ETHUSDT,BINANCE,TRADE,1905.6,0.0027
2026-07-30 13:47:13,ETHUSDT,BINANCE,TRADE,1905.6,0.0028
2026-07-30 13:47:13,ETHUSDT,BINANCE,TRADE,1905.6,0.0028
2026-07-30 13:47:13,ETHUSDT,BINANCE,TRADE,1905.6,0.0031
2026-07-30 13:47:13,ETHUSDT,BINANCE,TRADE,1905.6,0.0027
2026-07-30 13:47:13,ETHUSDT,BINANCE,TRADE,1905.6,0.0332
2026-07-30 13:47:13,ETHUSDT,BINANCE,TRADE,1905.6,0.0028
2026-07-30 13:47:13,ETHUSDT,BINANCE,TRADE,1905.6,0.0078
2026-07-30 13:47:13,ETHUSDT,BINANCE,TRADE,1905.6,0.0027
2026-07-30 13:47:13,ETHUSDT,BINANCE,TRADE,1905.6,0.0027
2026-07-30 13:47:13,ETHUSDT,BINANCE,TRADE,1905.6,0.0028
2026-07-30 13:47:13,ETHUSDT,BINANCE,TRADE,1905.6,0.166
2026-07-30 13:47:13,BTCUSDT,BINANCE,TRADE,64042,0.0005
2026-07-30 13:47:13,BTCUSDT,BINANCE,TRADE,64042,0.0005
2026-07-30 13:47:14,BTCUSDT,BINANCE,TRADE,64042,0.0005
2026-07-30 13:47:14,BTCUSDT,BINANCE,TRADE,64042,0.0005
2026-07-30 13:47:14,BTCUSDT,BINANCE,TRADE,64042,0.0005
2026-07-30 13:47:14,BTCUSDT,BINANCE,TRADE,64042,8e-05
2026-07-30 13:47:14,BTCUSDT,BINANCE,TRADE,64042,0.0005
2026-07-30 13:47:14,BTCUSDT,BINANCE,TRADE,64042,0.0005
2026-07-30 13:47:14,BTCUSDT,BINANCE,TRADE,64042,0.0005
2026-07-30 13:47:14,ETHUSDT,BINANCE,TRADE,1905.61,0.0313
2026-07-30 13:47:14,BTCUSDT,BINANCE,TRADE,64042,0.00017
2026-07-30 13:47:14,BTCUSDT,BINANCE,TRADE,64042,0.0005
2026-07-30 13:47:14,BTCUSDT,BINANCE,TRADE,64042,0.0005
2026-07-30 13:47:14,BTCUSDT,BINANCE,TRADE,64042,0.00156
2026-07-30 13:47:14,ETHUSDT,BINANCE,TRADE,1905.61,0.0522
2026-07-30 13:47:14,BTCUSDT,BINANCE,TRADE,64042,0.0005
2026-07-30 13:47:14,ETHUSDT,BINANCE,TRADE,1905.6,0.0216
2026-07-30 13:47:14,BTCUSDT,BINANCE,TRADE,64042,0.0005
2026-07-30 13:47:14,BTCUSDT,BINANCE,TRADE,64042,0.00999
2026-07-30 13:47:14,BTCUSDT,BINANCE,TRADE,64042,0.0005
2026-07-30 13:47:14,BTCUSDT,BINANCE,TRADE,64042,0.00138
2026-07-30 13:47:14,BTCUSDT,BINANCE,TRADE,64042,0.0005
2026-07-30 13:47:14,BTCUSDT,BINANCE,TRADE,64042,0.00156
2026-07-30 13:47:14,BTCUSDT,BINANCE,TRADE,64042,0.0005
2026-07-30 13:47:14,BTCUSDT,BINANCE,TRADE,64042,0.0005
2026-07-30 13:47:14,BTCUSDT,BINANCE,TRADE,64042,0.00156
2026-07-30 13:47:14,ETHUSDT,BINANCE,TRADE,1905.6,0.0338
2026-07-30 13:47:14,BTCUSDT,BINANCE,TRADE,64042,0.02171
2026-07-30 13:47:14,BTCUSDT,BINANCE,TRADE,64042,0.0005
2026-07-30 13:47:14,BTCUSDT,BINANCE,TRADE,64042,0.00156
2026-07-30 13:47:14,BTCUSDT,BINANCE,TRADE,64042,0.00156
2026-07-30 13:47:14,BTCUSDT,BINANCE,TRADE,64042,0.0005
2026-07-30 13:47:14,BTCUSDT,BINANCE,TRADE,64042,0.0005
2026-07-30 13:47:14,BTCUSDT,BINANCE,TRADE,64042,0.0002
2026-07-30 13:47:14,BTCUSDT,BINANCE,TRADE,64042,0.0005
2026-07-30 13:47:14,BTCUSDT,BINANCE,TRADE,64042,0.00027
2026-07-30 13:47:14,BTCUSDT,BINANCE,TRADE,64042,0.00117
2026-07-30 13:47:14,BTCUSDT,BINANCE,TRADE,64042,0.00156
2026-07-30 13:47:14,BTCUSDT,BINANCE,TRADE,64042,9e-05
2026-07-30 13:47:14,BTCUSDT,BINANCE,TRADE,64042,0.0005
2026-07-30 13:47:14,ETHUSDT,BINANCE,TRADE,1905.6,0.0182
2026-07-30 13:47:14,BTCUSDT,BINANCE,TRADE,64042,0.00156
2026-07-30 13:47:14,BTCUSDT,BINANCE,TRADE,64042,0.00156
2026-07-30 13:47:14,BTCUSDT,BINANCE,TRADE,64042,0.0005
2026-07-30 13:47:14,BTCUSDT,BINANCE,TRADE,64042,0.0005
2026-07-30 13:47:14,BTCUSDT,BINANCE,TRADE,64042,0.00025
2026-07-30 13:47:14,BTCUSDT,BINANCE,TRADE,64042,0.0005
2026-07-30 13:47:14,BTCUSDT,BINANCE,TRADE,64042,0.0005
2026-07-30 13:47:14,BTCUSDT,BINANCE,TRADE,64042,0.0005
2026-07-30 13:47:14,BTCUSDT,BINANCE,TRADE,64042,0.0005
2026-07-30 13:47:14,BTCUSDT,BINANCE,TRADE,64042,0.0005
2026-07-30 13:47:14,BTCUSDT,BINANCE,TRADE,64042,0.00046
2026-07-30 13:47:14,BTCUSDT,BINANCE,TRADE,64042,0.0005
2026-07-30 13:47:14,SOLUSDT,BINANCE,TRADE,73.45,8.316
2026-07-30 13:47:14,BTCUSDT,BINANCE,TRADE,64042,0.0005
2026-07-30 13:47:14,BTCUSDT,BINANCE,TRADE,64042,0.00018
2026-07-30 13:47:14,BTCUSDT,BINANCE,TRADE,64042,0.0005
2026-07-30 13:47:14,BTCUSDT,BINANCE,TRADE,64042,0.0005
2026-07-30 13:47:14,BTCUSDT,BINANCE,TRADE,64042,0.0005
2026-07-30 13:47:14,BTCUSDT,BINANCE,TRADE,64042,0.0005
2026-07-30 13:47:14,BTCUSDT,BINANCE,TRADE,64042,0.0003
2026-07-30 13:47:14,BTCUSDT,BINANCE,TRADE,64042,0.0005
2026-07-30 13:47:14,BTCUSDT,BINANCE,TRADE,64042,0.00015
2026-07-30 13:47:14,BTCUSDT,BINANCE,TRADE,64042,0.0005
2026-07-30 13:47:14,BTCUSDT,BINANCE,TRADE,64042,0.00016
2026-07-30 13:47:14,BTCUSDT,BINANCE,TRADE,64042,0.0005
2026-07-30 13:47:14,BTCUSDT,BINANCE,TRADE,64042,0.0005
2026-07-30 13:47:14,BTCUSDT,BINANCE,TRADE,64042,0.0005
2026-07-30 13:47:14,BTCUSDT,BINANCE,TRADE,64042,0.00012
2026-07-30 13:47:14,BTCUSDT,BINANCE,TRADE,64042,0.0005
2026-07-30 13:47:14,BTCUSDT,BINANCE,TRADE,64042,0.04714
2026-07-30 13:47:14,BTCUSDT,BINANCE,TRADE,64042,8e-05
2026-07-30 13:47:14,BTCUSDT,BINANCE,TRADE,64042,8e-05
2026-07-30 13:47:14,BTCUSDT,BINANCE,TRADE,64042,9e-05
2026-07-30 13:47:14,BTCUSDT,BINANCE,TRADE,64042,0.00016
2026-07-30 13:47:14,BTCUSDT,BINANCE,TRADE,64042,0.00157
2026-07-30 13:47:14,BTCUSDT,BINANCE,TRADE,64042,8e-05
2026-07-30 13:47:14,BTCUSDT,BINANCE,TRADE,64042,8e-05
2026-07-30 13:47:14,BTCUSDT,BINANCE,TRADE,64042,0.00157
2026-07-30 13:47:14,BTCUSDT,BINANCE,TRADE,64042,0.00155
2026-07-30 13:47:14,BTCUSDT,BINANCE,TRADE,64042,8e-05
2026-07-30 13:47:14,BTCUSDT,BINANCE,TRADE,64042,8e-05
2026-07-30 13:47:14,BTCUSDT,BINANCE,TRADE,64042,0.0081
2026-07-30 13:47:14,BTCUSDT,BINANCE,TRADE,64042,0.03122
2026-07-30 13:47:14,BTCUSDT,BINANCE,TRADE,64042,0.0007
2026-07-30 13:47:14,BTCUSDT,BINANCE,TRADE,64042,0.005
2026-07-30 13:47:14,BTCUSDT,BINANCE,TRADE,64042,0.005
2026-07-30 13:47:14,BTCUSDT,BINANCE,TRADE,64042,0.005
2026-07-30 13:47:14,BTCUSDT,BINANCE,TRADE,64042,0.00328
2026-07-30 13:47:14,BTCUSDT,BINANCE,TRADE,64042,0.01
2026-07-30 13:47:14,BTCUSDT,BINANCE,TRADE,64042,0.0001
2026-07-30 13:47:14,BTCUSDT,BINANCE,TRADE,64042,8e-05
2026-07-30 13:47:14,BTCUSDT,BINANCE,TRADE,64042,0.00496
2026-07-30 13:47:14,BTCUSDT,BINANCE,TRADE,64042,0.004
2026-07-30 13:47:14,BTCUSDT,BINANCE,TRADE,64042,0.005
2026-07-30 13:47:14,BTCUSDT,BINANCE,TRADE,64042,0.005
2026-07-30 13:47:14,BTCUSDT,BINANCE,TRADE,64042,8e-05
2026-07-30 13:47:14,BTCUSDT,BINANCE,TRADE,64042,0.00028
2026-07-30 13:47:14,BTCUSDT,BINANCE,TRADE,64042,0.005
2026-07-30 13:47:14,BTCUSDT,BINANCE,TRADE,64042,0.003
2026-07-30 13:47:14,BTCUSDT,BINANCE,TRADE,64042,0.003
2026-07-30 13:47:14,BTCUSDT,BINANCE,TRADE,64042,0.003
2026-07-30 13:47:14,BTCUSDT,BINANCE,TRADE,64042,0.003
2026-07-30 13:47:14,BTCUSDT,BINANCE,TRADE,64042,8e-05
2026-07-30 13:47:14,BTCUSDT,BINANCE,TRADE,64042,0.003
2026-07-30 13:47:14,BTCUSDT,BINANCE,TRADE,64042,8e-05
2026-07-30 13:47:14,BTCUSDT,BINANCE,TRADE,64042,8e-05
2026-07-30 13:47:14,BTCUSDT,BINANCE,TRADE,64042,8e-05
2026-07-30 13:47:14,BTCUSDT,BINANCE,TRADE,64042,8e-05
2026-07-30 13:47:14,BTCUSDT,BINANCE,TRADE,64042,0.46995
2026-07-30 13:47:14,BTCUSDT,BINANCE,TRADE,64042,0.0001
2026-07-30 13:47:14,BTCUSDT,BINANCE,TRADE,64042,0.005
2026-07-30 13:47:14,BTCUSDT,BINANCE,TRADE,64042,0.005
2026-07-30 13:47:14,BTCUSDT,BINANCE,TRADE,64042,0.0005
2026-07-30 13:47:14,BTCUSDT,BINANCE,TRADE,64042,0.005
2026-07-30 13:47:14,BTCUSDT,BINANCE,TRADE,64042,0.005
2026-07-30 13:47:14,BTCUSDT,BINANCE,TRADE,64042,0.0005
2026-07-30 13:47:14,BTCUSDT,BINANCE,TRADE,64042,0.00055
2026-07-30 13:47:14,BTCUSDT,BINANCE,TRADE,64042,0.0005
2026-07-30 13:47:14,BTCUSDT,BINANCE,TRADE,64042,0.01
2026-07-30 13:47:14,BTCUSDT,BINANCE,TRADE,64042,0.0005
2026-07-30 13:47:14,BTCUSDT,BINANCE,TRADE,64042,0.005
2026-07-30 13:47:14,BTCUSDT,BINANCE,TRADE,64042,0.0005
2026-07-30 13:47:14,BTCUSDT,BINANCE,TRADE,64042,0.0005
2026-07-30 13:47:14,BTCUSDT,BINANCE,TRADE,64042,0.00026
2026-07-30 13:47:14,BTCUSDT,BINANCE,TRADE,64042,0.0005
2026-07-30 13:47:14,BTCUSDT,BINANCE,TRADE,64042,0.0005
2026-07-30 13:47:14,BTCUSDT,BINANCE,TRADE,64042,0.0005
2026-07-30 13:47:14,BTCUSDT,BINANCE,TRADE,64042,0.0005
2026-07-30 13:47:14,BTCUSDT,BINANCE,TRADE,64042,0.0005
2026-07-30 13:47:14,BTCUSDT,BINANCE,TRADE,64042,0.00156
2026-07-30 13:47:14,BTCUSDT,BINANCE,TRADE,64042,0.0005
2026-07-30 13:47:14,BTCUSDT,BINANCE,TRADE,64042,0.0005
2026-07-30 13:47:14,BTCUSDT,BINANCE,TRADE,64042,0.0005
2026-07-30 13:47:14,ETHUSDT,BINANCE,TRADE,1905.61,0.2298
2026-07-30 13:47:14,BTCUSDT,BINANCE,TRADE,64042,0.0005
2026-07-30 13:47:14,BTCUSDT,BINANCE,TRADE,64042,0.0005
2026-07-30 13:47:14,BTCUSDT,BINANCE,TRADE,64042,0.00156
2026-07-30 13:47:14,BTCUSDT,BINANCE,TRADE,64042,0.0005
2026-07-30 13:47:14,BTCUSDT,BINANCE,TRADE,64042,0.0005
2026-07-30 13:47:14,BTCUSDT,BINANCE,TRADE,64042,0.00033
2026-07-30 13:47:14,BTCUSDT,BINANCE,TRADE,64042,0.0005
2026-07-30 13:47:14,BTCUSDT,BINANCE,TRADE,64042,0.0005
2026-07-30 13:47:14,BTCUSDT,BINANCE,TRADE,64042,0.00156
2026-07-30 13:47:14,BTCUSDT,BINANCE,TRADE,64042,0.0005
2026-07-30 13:47:14,BTCUSDT,BINANCE,TRADE,64042,0.0005
2026-07-30 13:47:14,BTCUSDT,BINANCE,TRADE,64042,0.0005
2026-07-30 13:47:14,BTCUSDT,BINANCE,TRADE,64042,0.0005
2026-07-30 13:47:14,BTCUSDT,BINANCE,TRADE,64042,0.00062
2026-07-30 13:47:14,BTCUSDT,BINANCE,TRADE,64042,0.00182
2026-07-30 13:47:14,BTCUSDT,BINANCE,TRADE,64042,0.00156
2026-07-30 13:47:14,BTCUSDT,BINANCE,TRADE,64042,0.0005
2026-07-30 13:47:14,BTCUSDT,BINANCE,TRADE,64042,0.0005
2026-07-30 13:47:14,BTCUSDT,BINANCE,TRADE,64042,0.0005
2026-07-30 13:47:14,BTCUSDT,BINANCE,TRADE,64042,0.00018
2026-07-30 13:47:14,BTCUSDT,BINANCE,TRADE,64042,0.0005
2026-07-30 13:47:14,BTCUSDT,BINANCE,TRADE,64042,0.0005
2026-07-30 13:47:14,BTCUSDT,BINANCE,TRADE,64042,0.00015
2026-07-30 13:47:14,BTCUSDT,BINANCE,TRADE,64042,0.0005
2026-07-30 13:47:14,BTCUSDT,BINANCE,TRADE,64042,0.00019
2026-07-30 13:47:14,BTCUSDT,BINANCE,TRADE,64042,0.0005
2026-07-30 13:47:14,BTCUSDT,BINANCE,TRADE,64042,0.0005
2026-07-30 13:47:14,BTCUSDT,BINANCE,TRADE,64042,0.00156
2026-07-30 13:47:14,ETHUSDT,BINANCE,TRADE,1905.6,0.0353
2026-07-30 13:47:14,BTCUSDT,BINANCE,TRADE,64042,0.0005
2026-07-30 13:47:14,BTCUSDT,BINANCE,TRADE,64042,0.0005
2026-07-30 13:47:14,BTCUSDT,BINANCE,TRADE,64042,0.0005
2026-07-30 13:47:14,BTCUSDT,BINANCE,TRADE,64042,0.0005
2026-07-30 13:47:14,BTCUSDT,BINANCE,TRADE,64042,0.0005
2026-07-30 13:47:14,BTCUSDT,BINANCE,TRADE,64042,0.0005
2026-07-30 13:47:14,BTCUSDT,BINANCE,TRADE,64042,0.00017
2026-07-30 13:47:14,BTCUSDT,BINANCE,TRADE,64042,0.0005
2026-07-30 13:47:14,BTCUSDT,BINANCE,TRADE,64042,0.0005
2026-07-30 13:47:14,BTCUSDT,BINANCE,TRADE,64042,0.0005
2026-07-30 13:47:14,BTCUSDT,BINANCE,TRADE,64042,0.00021
2026-07-30 13:47:14,BTCUSDT,BINANCE,TRADE,64042,0.0005
2026-07-30 13:47:14,BTCUSDT,BINANCE,TRADE,64042,0.0005
2026-07-30 13:47:14,BTCUSDT,BINANCE,TRADE,64042,0.0005
2026-07-30 13:47:14,BTCUSDT,BINANCE,TRADE,64042,9e-05
2026-07-30 13:47:14,BTCUSDT,BINANCE,TRADE,64042,0.0005
2026-07-30 13:47:14,BTCUSDT,BINANCE,TRADE,64042,0.0005
2026-07-30 13:47:14,BTCUSDT,BINANCE,TRADE,64042,0.00156
2026-07-30 13:47:14,BTCUSDT,BINANCE,TRADE,64042,0.0005
2026-07-30 13:47:14,BTCUSDT,BINANCE,TRADE,64042,0.00037
2026-07-30 13:47:14,BTCUSDT,BINANCE,TRADE,64042,0.003
2026-07-30 13:47:14,BTCUSDT,BINANCE,TRADE,64042,0.0005
2026-07-30 13:47:14,SOLUSDT,BINANCE,TRADE,73.45,0.3
2026-07-30 13:47:14,BTCUSDT,BINANCE,TRADE,64042,0.00166
2026-07-30 13:47:14,BTCUSDT,BINANCE,TRADE,64042,0.0005
2026-07-30 13:47:15,BTCUSDT,BINANCE,TRADE,64042,0.00171
2026-07-30 13:47:15,BTCUSDT,BINANCE,TRADE,64042,0.0005
2026-07-30 13:47:15,BTCUSDT,BINANCE,TRADE,64042,0.00011
2026-07-30 13:47:15,BTCUSDT,BINANCE,TRADE,64042,0.0005
2026-07-30 13:47:15,BTCUSDT,BINANCE,TRADE,64042,0.0005
2026-07-30 13:47:15,BTCUSDT,BINANCE,TRADE,64042,0.00156
2026-07-30 13:47:15,BTCUSDT,BINANCE,TRADE,64042,0.00224
2026-07-30 13:47:15,BTCUSDT,BINANCE,TRADE,64042,0.00025
2026-07-30 13:47:15,BTCUSDT,BINANCE,TRADE,64042,0.0005
2026-07-30 13:47:15,BTCUSDT,BINANCE,TRADE,64042,0.0005
2026-07-30 13:47:15,BTCUSDT,BINANCE,TRADE,64042,0.0005
2026-07-30 13:47:15,BTCUSDT,BINANCE,TRADE,64042,0.00033
2026-07-30 13:47:15,BTCUSDT,BINANCE,TRADE,64042,0.00156
2026-07-30 13:47:15,BTCUSDT,BINANCE,TRADE,64042,0.0005
2026-07-30 13:47:15,BTCUSDT,BINANCE,TRADE,64042,0.00156
2026-07-30 13:47:15,BTCUSDT,BINANCE,TRADE,64042,0.00156
2026-07-30 13:47:15,BTCUSDT,BINANCE,TRADE,64042,0.0005
2026-07-30 13:47:15,BTCUSDT,BINANCE,TRADE,64042,0.0005
2026-07-30 13:47:15,BTCUSDT,BINANCE,TRADE,64042,0.0005
2026-07-30 13:47:15,BTCUSDT,BINANCE,TRADE,64042,0.00156
2026-07-30 13:47:15,BTCUSDT,BINANCE,TRADE,64042,0.0005
2026-07-30 13:47:15,BTCUSDT,BINANCE,TRADE,64042,0.00018
2026-07-30 13:47:15,BTCUSDT,BINANCE,TRADE,64042,0.00156
2026-07-30 13:47:15,BTCUSDT,BINANCE,TRADE,64042,0.002
2026-07-30 13:47:15,BTCUSDT,BINANCE,TRADE,64042,0.0005
2026-07-30 13:47:15,BTCUSDT,BINANCE,TRADE,64042,0.0005
2026-07-30 13:47:15,BTCUSDT,BINANCE,TRADE,64042,0.00057
2026-07-30 13:47:15,BTCUSDT,BINANCE,TRADE,64042,8e-05
2026-07-30 13:47:15,BTCUSDT,BINANCE,TRADE,64042,0.0005
2026-07-30 13:47:15,BTCUSDT,BINANCE,TRADE,64042,0.0005
2026-07-30 13:47:15,BTCUSDT,BINANCE,TRADE,64042,0.0005
2026-07-30 13:47:15,BTCUSDT,BINANCE,TRADE,64042,0.0005
2026-07-30 13:47:15,BTCUSDT,BINANCE,TRADE,64042,0.0005
2026-07-30 13:47:15,BTCUSDT,BINANCE,TRADE,64042,0.0005
2026-07-30 13:47:15,BTCUSDT,BINANCE,TRADE,64042,0.0005
2026-07-30 13:47:15,BTCUSDT,BINANCE,TRADE,64042,0.00012
2026-07-30 13:47:15,BTCUSDT,BINANCE,TRADE,64042,0.00204
2026-07-30 13:47:15,BTCUSDT,BINANCE,TRADE,64042,0.0005
2026-07-30 13:47:15,ETHUSDT,BINANCE,TRADE,1905.61,0.0189
2026-07-30 13:47:15,BTCUSDT,BINANCE,TRADE,64042,0.00509
2026-07-30 13:47:15,BTCUSDT,BINANCE,TRADE,64042,0.0005
2026-07-30 13:47:15,BTCUSDT,BINANCE,TRADE,64042,0.0005
2026-07-30 13:47:15,BTCUSDT,BINANCE,TRADE,64042,0.0005
2026-07-30 13:47:15,ETHUSDT,BINANCE,TRADE,1905.61,0.2321
2026-07-30 13:47:15,BTCUSDT,BINANCE,TRADE,64042,0.0005
2026-07-30 13:47:15,BTCUSDT,BINANCE,TRADE,64042,0.00141
2026-07-30 13:47:15,BTCUSDT,BINANCE,TRADE,64042,0.0005
2026-07-30 13:47:15,BTCUSDT,BINANCE,TRADE,64042,0.0005
2026-07-30 13:47:15,BTCUSDT,BINANCE,TRADE,64042,0.0005
2026-07-30 13:47:15,BTCUSDT,BINANCE,TRADE,64042,0.0005
2026-07-30 13:47:15,BTCUSDT,BINANCE,TRADE,64042,0.0005
2026-07-30 13:47:15,BTCUSDT,BINANCE,TRADE,64042,0.0005
2026-07-30 13:47:15,BTCUSDT,BINANCE,TRADE,64042,0.0005
2026-07-30 13:47:15,BTCUSDT,BINANCE,TRADE,64042,0.0005
2026-07-30 13:47:15,BTCUSDT,BINANCE,TRADE,64042,0.0005
2026-07-30 13:47:15,BTCUSDT,BINANCE,TRADE,64042,0.0005
2026-07-30 13:47:15,BTCUSDT,BINANCE,TRADE,64042,0.0005
2026-07-30 13:47:15,BTCUSDT,BINANCE,TRADE,64042,0.0005
2026-07-30 13:47:15,BTCUSDT,BINANCE,TRADE,64042,0.0005
2026-07-30 13:47:15,ETHUSDT,BINANCE,TRADE,1905.6,0.1725
2026-07-30 13:47:15,BTCUSDT,BINANCE,TRADE,64042,0.0005
2026-07-30 13:47:15,BTCUSDT,BINANCE,TRADE,64042,0.0005
2026-07-30 13:47:15,BTCUSDT,BINANCE,TRADE,64042,0.0005
2026-07-30 13:47:15,BTCUSDT,BINANCE,TRADE,64042,0.0005
2026-07-30 13:47:15,BTCUSDT,BINANCE,TRADE,64042,0.00156
2026-07-30 13:47:15,BTCUSDT,BINANCE,TRADE,64042,0.0005
2026-07-30 13:47:15,BTCUSDT,BINANCE,TRADE,64042,0.0005
2026-07-30 13:47:15,BTCUSDT,BINANCE,TRADE,64042,0.0005
2026-07-30 13:47:15,BTCUSDT,BINANCE,TRADE,64042,0.0005
2026-07-30 13:47:15,BTCUSDT,BINANCE,TRADE,64042,0.00156
2026-07-30 13:47:15,BTCUSDT,BINANCE,TRADE,64042,0.0005
2026-07-30 13:47:15,ETHUSDT,BINANCE,TRADE,1905.6,0.0525
2026-07-30 13:47:15,BTCUSDT,BINANCE,TRADE,64042,0.0005
2026-07-30 13:47:15,BTCUSDT,BINANCE,TRADE,64042,0.01873
2026-07-30 13:47:15,BTCUSDT,BINANCE,TRADE,64042,0.00156
2026-07-30 13:47:15,BTCUSDT,BINANCE,TRADE,64042,0.0005
2026-07-30 13:47:15,BTCUSDT,BINANCE,TRADE,64042,0.0005
2026-07-30 13:47:15,BTCUSDT,BINANCE,TRADE,64042,0.0005
2026-07-30 13:47:15,BTCUSDT,BINANCE,TRADE,64042,0.00019
2026-07-30 13:47:15,BTCUSDT,BINANCE,TRADE,64042,0.0005
2026-07-30 13:47:15,BTCUSDT,BINANCE,TRADE,64042,0.00156
2026-07-30 13:47:15,BTCUSDT,BINANCE,TRADE,64042,0.00156
2026-07-30 13:47:15,BTCUSDT,BINANCE,TRADE,64042,0.0005
2026-07-30 13:47:15,BTCUSDT,BINANCE,TRADE,64042,0.0005
2026-07-30 13:47:15,BTCUSDT,BINANCE,TRADE,64042,0.005
2026-07-30 13:47:15,BTCUSDT,BINANCE,TRADE,64042,0.0005
2026-07-30 13:47:15,BTCUSDT,BINANCE,TRADE,64042,0.0005
2026-07-30 13:47:15,BTCUSDT,BINANCE,TRADE,64042,0.00156
2026-07-30 13:47:15,BTCUSDT,BINANCE,TRADE,64042,0.00314
2026-07-30 13:47:15,BTCUSDT,BINANCE,TRADE,64042,0.0005
2026-07-30 13:47:15,ETHUSDT,BINANCE,TRADE,1905.61,0.0338
2026-07-30 13:47:15,BTCUSDT,BINANCE,TRADE,64042,0.0005
2026-07-30 13:47:15,BTCUSDT,BINANCE,TRADE,64042,0.0005
2026-07-30 13:47:15,BTCUSDT,BINANCE,TRADE,64042,0.0005
2026-07-30 13:47:15,BTCUSDT,BINANCE,TRADE,64042,0.0005
2026-07-30 13:47:15,BTCUSDT,BINANCE,TRADE,64042,0.0005
2026-07-30 13:47:15,BTCUSDT,BINANCE,TRADE,64042,0.0005
2026-07-30 13:47:15,BTCUSDT,BINANCE,TRADE,64042,0.0002
2026-07-30 13:47:15,BTCUSDT,BINANCE,TRADE,64042,0.0005
2026-07-30 13:47:15,BTCUSDT,BINANCE,TRADE,64042,0.0005
2026-07-30 13:47:15,BTCUSDT,BINANCE,TRADE,64042,0.00021
2026-07-30 13:47:15,ETHUSDT,BINANCE,TRADE,1905.61,0.0216
2026-07-30 13:47:15,BTCUSDT,BINANCE,TRADE,64042,0.0005
2026-07-30 13:47:15,BTCUSDT,BINANCE,TRADE,64042,0.0005
2026-07-30 13:47:15,BTCUSDT,BINANCE,TRADE,64042,0.0005
2026-07-30 13:47:15,BTCUSDT,BINANCE,TRADE,64042,0.0005
2026-07-30 13:47:15,BTCUSDT,BINANCE,TRADE,64042,0.00156
2026-07-30 13:47:15,BTCUSDT,BINANCE,TRADE,64042,0.0005
2026-07-30 13:47:15,BTCUSDT,BINANCE,TRADE,64042,0.0005
2026-07-30 13:47:15,ETHUSDT,BINANCE,TRADE,1905.61,0.0443
2026-07-30 13:47:15,BTCUSDT,BINANCE,TRADE,64042,0.0005
2026-07-30 13:47:15,BTCUSDT,BINANCE,TRADE,64042,0.0005
2026-07-30 13:47:15,BTCUSDT,BINANCE,TRADE,64042,0.0005
2026-07-30 13:47:15,BTCUSDT,BINANCE,TRADE,64042,0.00156
2026-07-30 13:47:15,BTCUSDT,BINANCE,TRADE,64042,0.00166
2026-07-30 13:47:15,BTCUSDT,BINANCE,TRADE,64042,0.0005
2026-07-30 13:47:15,BTCUSDT,BINANCE,TRADE,64042,0.0003
2026-07-30 13:47:15,BTCUSDT,BINANCE,TRADE,64042,0.00038
2026-07-30 13:47:15,BTCUSDT,BINANCE,TRADE,64042,0.0005
2026-07-30 13:47:15,BTCUSDT,BINANCE,TRADE,64042,0.0005
2026-07-30 13:47:15,BTCUSDT,BINANCE,TRADE,64042,0.0005
2026-07-30 13:47:15,BTCUSDT,BINANCE,TRADE,64042,0.00012
2026-07-30 13:47:15,BTCUSDT,BINANCE,TRADE,64042,0.0005
2026-07-30 13:47:15,ETHUSDT,BINANCE,TRADE,1905.61,0.0322
2026-07-30 13:47:15,BTCUSDT,BINANCE,TRADE,64042,0.0005
2026-07-30 13:47:15,ETHUSDT,BINANCE,TRADE,1905.61,0.2384
2026-07-30 13:47:15,BTCUSDT,BINANCE,TRADE,64042,0.0005
2026-07-30 13:47:15,BTCUSDT,BINANCE,TRADE,64042,0.0005
2026-07-30 13:47:15,BTCUSDT,BINANCE,TRADE,64042,0.0005
2026-07-30 13:47:15,BTCUSDT,BINANCE,TRADE,64042,0.0005
2026-07-30 13:47:15,BTCUSDT,BINANCE,TRADE,64042,0.0005
2026-07-30 13:47:15,BTCUSDT,BINANCE,TRADE,64042,0.00055
2026-07-30 13:47:15,BTCUSDT,BINANCE,TRADE,64042,0.0005
2026-07-30 13:47:15,BTCUSDT,BINANCE,TRADE,64042,0.0005
2026-07-30 13:47:15,BTCUSDT,BINANCE,TRADE,64042,0.00156
2026-07-30 13:47:15,BTCUSDT,BINANCE,TRADE,64042,0.0005
2026-07-30 13:47:15,BTCUSDT,BINANCE,TRADE,64042,0.0005
2026-07-30 13:47:16,BTCUSDT,BINANCE,TRADE,64042,0.0005
2026-07-30 13:47:16,BTCUSDT,BINANCE,TRADE,64042,0.00515
2026-07-30 13:47:16,BTCUSDT,BINANCE,TRADE,64042,0.0005
2026-07-30 13:47:16,BTCUSDT,BINANCE,TRADE,64042,0.00156
2026-07-30 13:47:16,BTCUSDT,BINANCE,TRADE,64042,0.0005
2026-07-30 13:47:16,BTCUSDT,BINANCE,TRADE,64042,0.0005
2026-07-30 13:47:16,BTCUSDT,BINANCE,TRADE,64042,0.0005
2026-07-30 13:47:16,ETHUSDT,BINANCE,TRADE,1905.61,0.0138
2026-07-30 13:47:16,BTCUSDT,BINANCE,TRADE,64042,0.0005
2026-07-30 13:47:16,BTCUSDT,BINANCE,TRADE,64042,0.0005
2026-07-30 13:47:16,BTCUSDT,BINANCE,TRADE,64042,0.00014
2026-07-30 13:47:16,ETHUSDT,BINANCE,TRADE,1905.6,0.0089
2026-07-30 13:47:16,BTCUSDT,BINANCE,TRADE,64042,0.0005
2026-07-30 13:47:16,BTCUSDT,BINANCE,TRADE,64042,0.0005
2026-07-30 13:47:16,ETHUSDT,BINANCE,TRADE,1905.61,0.0166
2026-07-30 13:47:16,BTCUSDT,BINANCE,TRADE,64042,0.0005
2026-07-30 13:47:16,BTCUSDT,BINANCE,TRADE,64042,0.0005
2026-07-30 13:47:16,BTCUSDT,BINANCE,TRADE,64042,0.0005
2026-07-30 13:47:16,BTCUSDT,BINANCE,TRADE,64042,0.0005
2026-07-30 13:47:16,BTCUSDT,BINANCE,TRADE,64042,0.00182
2026-07-30 13:47:16,BTCUSDT,BINANCE,TRADE,64042,0.0005
2026-07-30 13:47:16,BTCUSDT,BINANCE,TRADE,64042,0.00016
2026-07-30 13:47:16,BTCUSDT,BINANCE,TRADE,64042,0.0005
2026-07-30 13:47:16,BTCUSDT,BINANCE,TRADE,64042,0.00027
2026-07-30 13:47:16,BTCUSDT,BINANCE,TRADE,64042,0.0005
2026-07-30 13:47:16,BTCUSDT,BINANCE,TRADE,64042,0.0005
2026-07-30 13:47:16,BTCUSDT,BINANCE,TRADE,64042,0.0005
2026-07-30 13:47:16,BTCUSDT,BINANCE,TRADE,64042,0.00156
2026-07-30 13:47:16,BTCUSDT,BINANCE,TRADE,64042,0.0005
2026-07-30 13:47:16,ETHUSDT,BINANCE,TRADE,1905.6,0.0522
2026-07-30 13:47:16,BTCUSDT,BINANCE,TRADE,64042,0.0005
2026-07-30 13:47:16,BTCUSDT,BINANCE,TRADE,64042,0.00018
2026-07-30 13:47:16,BTCUSDT,BINANCE,TRADE,64042,0.0005
2026-07-30 13:47:16,BTCUSDT,BINANCE,TRADE,64042,0.00156
2026-07-30 13:47:16,BTCUSDT,BINANCE,TRADE,64042,0.0005
2026-07-30 13:47:16,BTCUSDT,BINANCE,TRADE,64042,0.00156
2026-07-30 13:47:16,BTCUSDT,BINANCE,TRADE,64042,0.0005
2026-07-30 13:47:16,BTCUSDT,BINANCE,TRADE,64042,0.0005
2026-07-30 13:47:16,BTCUSDT,BINANCE,TRADE,64042,0.0005
2026-07-30 13:47:16,BTCUSDT,BINANCE,TRADE,64042,0.00156
2026-07-30 13:47:16,BTCUSDT,BINANCE,TRADE,64042,0.0005
2026-07-30 13:47:16,BTCUSDT,BINANCE,TRADE,64042,8e-05
2026-07-30 13:47:16,BTCUSDT,BINANCE,TRADE,64042,0.00015
2026-07-30 13:47:16,BTCUSDT,BINANCE,TRADE,64042,0.00057
2026-07-30 13:47:16,BTCUSDT,BINANCE,TRADE,64042,0.0005
2026-07-30 13:47:16,BTCUSDT,BINANCE,TRADE,64042,0.00156
2026-07-30 13:47:16,BTCUSDT,BINANCE,TRADE,64042,0.0005
2026-07-30 13:47:16,BTCUSDT,BINANCE,TRADE,64042,0.00156
2026-07-30 13:47:16,BTCUSDT,BINANCE,TRADE,64042,0.0005
2026-07-30 13:47:16,BTCUSDT,BINANCE,TRADE,64042,0.0005
2026-07-30 13:47:16,BTCUSDT,BINANCE,TRADE,64042,0.0008
2026-07-30 13:47:16,BTCUSDT,BINANCE,TRADE,64042,0.0005
2026-07-30 13:47:16,BTCUSDT,BINANCE,TRADE,64042,0.00033
2026-07-30 13:47:16,BTCUSDT,BINANCE,TRADE,64042,0.00156
2026-07-30 13:47:16,BTCUSDT,BINANCE,TRADE,64042,0.0005
2026-07-30 13:47:16,BTCUSDT,BINANCE,TRADE,64042,0.00017
2026-07-30 13:47:16,BTCUSDT,BINANCE,TRADE,64042,0.00281
2026-07-30 13:47:16,BTCUSDT,BINANCE,TRADE,64042,0.00156
2026-07-30 13:47:16,BTCUSDT,BINANCE,TRADE,64042,0.0005
2026-07-30 13:47:16,BTCUSDT,BINANCE,TRADE,64042,0.0005
2026-07-30 13:47:16,BTCUSDT,BINANCE,TRADE,64042,0.0005
2026-07-30 13:47:16,BTCUSDT,BINANCE,TRADE,64042,0.0005
2026-07-30 13:47:16,BTCUSDT,BINANCE,TRADE,64042,0.00156
2026-07-30 13:47:16,BTCUSDT,BINANCE,TRADE,64042,0.00166
2026-07-30 13:47:16,BTCUSDT,BINANCE,TRADE,64042,0.0005
2026-07-30 13:47:16,BTCUSDT,BINANCE,TRADE,64042,0.00045
2026-07-30 13:47:16,BTCUSDT,BINANCE,TRADE,64042,0.0005
2026-07-30 13:47:16,BTCUSDT,BINANCE,TRADE,64042,0.0005
2026-07-30 13:47:16,BTCUSDT,BINANCE,TRADE,64042,0.00224
2026-07-30 13:47:16,BTCUSDT,BINANCE,TRADE,64042,0.00156
2026-07-30 13:47:16,BTCUSDT,BINANCE,TRADE,64042,0.0005
2026-07-30 13:47:16,BTCUSDT,BINANCE,TRADE,64042,0.00521
2026-07-30 13:47:16,BTCUSDT,BINANCE,TRADE,64042,0.00013
2026-07-30 13:47:16,BTCUSDT,BINANCE,TRADE,64042,0.0005
2026-07-30 13:47:16,BTCUSDT,BINANCE,TRADE,64042,0.0005
2026-07-30 13:47:16,BTCUSDT,BINANCE,TRADE,64042,0.0005
2026-07-30 13:47:16,BTCUSDT,BINANCE,TRADE,64042,0.0005
2026-07-30 13:47:16,BTCUSDT,BINANCE,TRADE,64042,0.00156
2026-07-30 13:47:16,BTCUSDT,BINANCE,TRADE,64042,0.00025
2026-07-30 13:47:16,BTCUSDT,BINANCE,TRADE,64042,0.0005
2026-07-30 13:47:16,BTCUSDT,BINANCE,TRADE,64042,0.0005
2026-07-30 13:47:16,BTCUSDT,BINANCE,TRADE,64042,0.00033
2026-07-30 13:47:16,BTCUSDT,BINANCE,TRADE,64042,0.0002
2026-07-30 13:47:16,BTCUSDT,BINANCE,TRADE,64042,0.00156
2026-07-30 13:47:16,BTCUSDT,BINANCE,TRADE,64042,0.0016
2026-07-30 13:47:16,BTCUSDT,BINANCE,TRADE,64042,0.00061
2026-07-30 13:47:16,BTCUSDT,BINANCE,TRADE,64042,0.00789
2026-07-30 13:47:16,BTCUSDT,BINANCE,TRADE,64042,0.00018
2026-07-30 13:47:16,BTCUSDT,BINANCE,TRADE,64042,0.00016
2026-07-30 13:47:16,BTCUSDT,BINANCE,TRADE,64042,0.00029
2026-07-30 13:47:16,BTCUSDT,BINANCE,TRADE,64042,0.00182
2026-07-30 13:47:16,BTCUSDT,BINANCE,TRADE,64042,0.0005
2026-07-30 13:47:16,BTCUSDT,BINANCE,TRADE,64042,0.00314
2026-07-30 13:47:16,BTCUSDT,BINANCE,TRADE,64042,0.0005
2026-07-30 13:47:16,BTCUSDT,BINANCE,TRADE,64042,9e-05
2026-07-30 13:47:16,BTCUSDT,BINANCE,TRADE,64042,0.0005
2026-07-30 13:47:16,ETHUSDT,BINANCE,TRADE,1905.6,0.0027
2026-07-30 13:47:16,BTCUSDT,BINANCE,TRADE,64042,0.0005
2026-07-30 13:47:16,BTCUSDT,BINANCE,TRADE,64042,0.01521
2026-07-30 13:47:16,BTCUSDT,BINANCE,TRADE,64042,0.0005
2026-07-30 13:47:16,BTCUSDT,BINANCE,TRADE,64042,0.0005
2026-07-30 13:47:16,ETHUSDT,BINANCE,TRADE,1905.6,0.0271
2026-07-30 13:47:16,BTCUSDT,BINANCE,TRADE,64042,0.0005
2026-07-30 13:47:16,BTCUSDT,BINANCE,TRADE,64042,0.00012
2026-07-30 13:47:16,BTCUSDT,BINANCE,TRADE,64042,0.0005
2026-07-30 13:47:16,BTCUSDT,BINANCE,TRADE,64042,0.0005
2026-07-30 13:47:16,BTCUSDT,BINANCE,TRADE,64042,0.0005
2026-07-30 13:47:16,BTCUSDT,BINANCE,TRADE,64042,0.00156
2026-07-30 13:47:16,BTCUSDT,BINANCE,TRADE,64042,0.0005
2026-07-30 13:47:16,BTCUSDT,BINANCE,TRADE,64042,0.00156
2026-07-30 13:47:16,BTCUSDT,BINANCE,TRADE,64042,0.0005
2026-07-30 13:47:16,ETHUSDT,BINANCE,TRADE,1905.6,0.2321
2026-07-30 13:47:16,BTCUSDT,BINANCE,TRADE,64042,0.0005
2026-07-30 13:47:16,BTCUSDT,BINANCE,TRADE,64042,0.00156
2026-07-30 13:47:16,BTCUSDT,BINANCE,TRADE,64042,0.0005
2026-07-30 13:47:16,BTCUSDT,BINANCE,TRADE,64042,0.00017
2026-07-30 13:47:16,BTCUSDT,BINANCE,TRADE,64042,0.0005
2026-07-30 13:47:16,BTCUSDT,BINANCE,TRADE,64042,0.00156
2026-07-30 13:47:16,BTCUSDT,BINANCE,TRADE,64042,0.00156
2026-07-30 13:47:16,BTCUSDT,BINANCE,TRADE,64042,0.0005
2026-07-30 13:47:16,BTCUSDT,BINANCE,TRADE,64042,0.0005
2026-07-30 13:47:16,BTCUSDT,BINANCE,TRADE,64042,0.0005
2026-07-30 13:47:16,BTCUSDT,BINANCE,TRADE,64042,0.00156
2026-07-30 13:47:16,BTCUSDT,BINANCE,TRADE,64042,0.0005
2026-07-30 13:47:16,BTCUSDT,BINANCE,TRADE,64042,0.00204
2026-07-30 13:47:16,BTCUSDT,BINANCE,TRADE,64042,0.0005
2026-07-30 13:47:16,BTCUSDT,BINANCE,TRADE,64042,0.0005
2026-07-30 13:47:16,BTCUSDT,BINANCE,TRADE,64042,0.0005
2026-07-30 13:47:16,BTCUSDT,BINANCE,TRADE,64042,0.0005
2026-07-30 13:47:16,ETHUSDT,BINANCE,TRADE,1905.61,0.0289
2026-07-30 13:47:16,BTCUSDT,BINANCE,TRADE,64042,0.0005
2026-07-30 13:47:16,BTCUSDT,BINANCE,TRADE,64042,0.00101
2026-07-30 13:47:16,BTCUSDT,BINANCE,TRADE,64042,0.0005
2026-07-30 13:47:16,BTCUSDT,BINANCE,TRADE,64042,0.0005
2026-07-30 13:47:16,BTCUSDT,BINANCE,TRADE,64042,0.0005
2026-07-30 13:47:16,ETHUSDT,BINANCE,TRADE,1905.61,0.0272
2026-07-30 13:47:16,BTCUSDT,BINANCE,TRADE,64042,0.0005
2026-07-30 13:47:16,BTCUSDT,BINANCE,TRADE,64042,0.0005
2026-07-30 13:47:16,BTCUSDT,BINANCE,TRADE,64042,0.00015
2026-07-30 13:47:16,ETHUSDT,BINANCE,TRADE,1905.6,0.0338
2026-07-30 13:47:16,BTCUSDT,BINANCE,TRADE,64042,0.0005
2026-07-30 13:47:16,BTCUSDT,BINANCE,TRADE,64042,0.0005
2026-07-30 13:47:17,BTCUSDT,BINANCE,TRADE,64042,0.0005
2026-07-30 13:47:17,BTCUSDT,BINANCE,TRADE,64042,0.0005
2026-07-30 13:47:17,BTCUSDT,BINANCE,TRADE,64042,0.00156
2026-07-30 13:47:17,BTCUSDT,BINANCE,TRADE,64042,0.0005
2026-07-30 13:47:17,BTCUSDT,BINANCE,TRADE,64042,0.00018
2026-07-30 13:47:17,BTCUSDT,BINANCE,TRADE,64042,0.0005
2026-07-30 13:47:17,BTCUSDT,BINANCE,TRADE,64042,0.0005
2026-07-30 13:47:17,BTCUSDT,BINANCE,TRADE,64042,0.0005
2026-07-30 13:47:17,BTCUSDT,BINANCE,TRADE,64042,0.00019
2026-07-30 13:47:17,BTCUSDT,BINANCE,TRADE,64042,0.0005
2026-07-30 13:47:17,BTCUSDT,BINANCE,TRADE,64042,0.00156
2026-07-30 13:47:17,BTCUSDT,BINANCE,TRADE,64042,0.0005
2026-07-30 13:47:17,BTCUSDT,BINANCE,TRADE,64042,0.0005
2026-07-30 13:47:17,BTCUSDT,BINANCE,TRADE,64042,0.0005
2026-07-30 13:47:17,BTCUSDT,BINANCE,TRADE,64042,0.0005
2026-07-30 13:47:17,ETHUSDT,BINANCE,TRADE,1905.61,0.0189
2026-07-30 13:47:17,BTCUSDT,BINANCE,TRADE,64042,0.0005
2026-07-30 13:47:17,BTCUSDT,BINANCE,TRADE,64042,0.00021
2026-07-30 13:47:17,BTCUSDT,BINANCE,TRADE,64042,0.0005
2026-07-30 13:47:17,BTCUSDT,BINANCE,TRADE,64042,0.00155
2026-07-30 13:47:17,BTCUSDT,BINANCE,TRADE,64042,0.0005
2026-07-30 13:47:17,BTCUSDT,BINANCE,TRADE,64042,0.00017
2026-07-30 13:47:17,BTCUSDT,BINANCE,TRADE,64042,0.00509
2026-07-30 13:47:17,BTCUSDT,BINANCE,TRADE,64042,0.0005
2026-07-30 13:47:17,BTCUSDT,BINANCE,TRADE,64042,0.0005
2026-07-30 13:47:17,BTCUSDT,BINANCE,TRADE,64042,0.0005
2026-07-30 13:47:17,BTCUSDT,BINANCE,TRADE,64042,0.0005
2026-07-30 13:47:17,BTCUSDT,BINANCE,TRADE,64042,0.00156
2026-07-30 13:47:17,BTCUSDT,BINANCE,TRADE,64042,0.0005
2026-07-30 13:47:17,BTCUSDT,BINANCE,TRADE,64042,0.0005
2026-07-30 13:47:17,BTCUSDT,BINANCE,TRADE,64042,0.00138
2026-07-30 13:47:17,BTCUSDT,BINANCE,TRADE,64042,0.0005
2026-07-30 13:47:17,ETHUSDT,BINANCE,TRADE,1905.6,0.0216
2026-07-30 13:47:17,BTCUSDT,BINANCE,TRADE,64042,0.00156
2026-07-30 13:47:17,BTCUSDT,BINANCE,TRADE,64042,0.0005
2026-07-30 13:47:17,BTCUSDT,BINANCE,TRADE,64042,0.0005
2026-07-30 13:47:17,BTCUSDT,BINANCE,TRADE,64042,0.0005
2026-07-30 13:47:17,BTCUSDT,BINANCE,TRADE,64042,0.0005
2026-07-30 13:47:17,BTCUSDT,BINANCE,TRADE,64042,0.00024
2026-07-30 13:47:17,BTCUSDT,BINANCE,TRADE,64042,0.0005
2026-07-30 13:47:17,BTCUSDT,BINANCE,TRADE,64042,0.0005
2026-07-30 13:47:17,BTCUSDT,BINANCE,TRADE,64042,0.0005
2026-07-30 13:47:17,BTCUSDT,BINANCE,TRADE,64042,0.0005
2026-07-30 13:47:17,BTCUSDT,BINANCE,TRADE,64042,0.0005
2026-07-30 13:47:17,BTCUSDT,BINANCE,TRADE,64042,0.0005
2026-07-30 13:47:17,BTCUSDT,BINANCE,TRADE,64042,0.0005
2026-07-30 13:47:17,BTCUSDT,BINANCE,TRADE,64042,0.00018
2026-07-30 13:47:17,BTCUSDT,BINANCE,TRADE,64042,0.0005
2026-07-30 13:47:17,BTCUSDT,BINANCE,TRADE,64042,0.0005
2026-07-30 13:47:17,BTCUSDT,BINANCE,TRADE,64042,0.0005
2026-07-30 13:47:17,BTCUSDT,BINANCE,TRADE,64042,0.0005
2026-07-30 13:47:17,BTCUSDT,BINANCE,TRADE,64042,0.0005
2026-07-30 13:47:17,BTCUSDT,BINANCE,TRADE,64042,5e-05
2026-07-30 13:47:17,BTCUSDT,BINANCE,TRADE,64042,0.00151
2026-07-30 13:47:17,BTCUSDT,BINANCE,TRADE,64042,0.00156
2026-07-30 13:47:17,BTCUSDT,BINANCE,TRADE,64042,0.0005
2026-07-30 13:47:17,BTCUSDT,BINANCE,TRADE,64042,0.0005
2026-07-30 13:47:17,BTCUSDT,BINANCE,TRADE,64042,0.00027
2026-07-30 13:47:17,BTCUSDT,BINANCE,TRADE,64042,0.0005
2026-07-30 13:47:17,BTCUSDT,BINANCE,TRADE,64042,0.00156
2026-07-30 13:47:17,BTCUSDT,BINANCE,TRADE,64042,0.00156
2026-07-30 13:47:17,BTCUSDT,BINANCE,TRADE,64042,0.0005
2026-07-30 13:47:17,BTCUSDT,BINANCE,TRADE,64042,0.0005
2026-07-30 13:47:17,BTCUSDT,BINANCE,TRADE,64042,0.00012
2026-07-30 13:47:17,BTCUSDT,BINANCE,TRADE,64042,0.0005
2026-07-30 13:47:17,BTCUSDT,BINANCE,TRADE,64042,0.00039
2026-07-30 13:47:17,BTCUSDT,BINANCE,TRADE,64042,0.0005
2026-07-30 13:47:17,BTCUSDT,BINANCE,TRADE,64042,0.0005
2026-07-30 13:47:17,BTCUSDT,BINANCE,TRADE,64042,0.0005
2026-07-30 13:47:17,BTCUSDT,BINANCE,TRADE,64042,0.00046
2026-07-30 13:47:17,BTCUSDT,BINANCE,TRADE,64042,0.0005
2026-07-30 13:47:17,BTCUSDT,BINANCE,TRADE,64042,0.00156
2026-07-30 13:47:17,BTCUSDT,BINANCE,TRADE,64042,0.0005
2026-07-30 13:47:17,BTCUSDT,BINANCE,TRADE,64042,0.00314
2026-07-30 13:47:17,BTCUSDT,BINANCE,TRADE,64042,0.0005
2026-07-30 13:47:17,BTCUSDT,BINANCE,TRADE,64042,0.0005
2026-07-30 13:47:17,BTCUSDT,BINANCE,TRADE,64042,0.0005
2026-07-30 13:47:17,BTCUSDT,BINANCE,TRADE,64042,0.00156
2026-07-30 13:47:17,BTCUSDT,BINANCE,TRADE,64042,0.0005
2026-07-30 13:47:17,ETHUSDT,BINANCE,TRADE,1905.61,0.0182
2026-07-30 13:47:17,BTCUSDT,BINANCE,TRADE,64042,0.00141
2026-07-30 13:47:17,BTCUSDT,BINANCE,TRADE,64042,0.0005
2026-07-30 13:47:17,BTCUSDT,BINANCE,TRADE,64042,0.00138
2026-07-30 13:47:17,BTCUSDT,BINANCE,TRADE,64042,0.0005
2026-07-30 13:47:17,BTCUSDT,BINANCE,TRADE,64042,0.00079
2026-07-30 13:47:17,BTCUSDT,BINANCE,TRADE,64042,0.0005
2026-07-30 13:47:17,BTCUSDT,BINANCE,TRADE,64042,0.0005
2026-07-30 13:47:17,BTCUSDT,BINANCE,TRADE,64042,0.0005
2026-07-30 13:47:17,BTCUSDT,BINANCE,TRADE,64042,0.0005
2026-07-30 13:47:17,BTCUSDT,BINANCE,TRADE,64042,0.00156
2026-07-30 13:47:17,BTCUSDT,BINANCE,TRADE,64042,0.0005
2026-07-30 13:47:17,BTCUSDT,BINANCE,TRADE,64042,0.0005
2026-07-30 13:47:17,BTCUSDT,BINANCE,TRADE,64042,0.00156
2026-07-30 13:47:17,BTCUSDT,BINANCE,TRADE,64042,0.00038
2026-07-30 13:47:17,BTCUSDT,BINANCE,TRADE,64042,0.00166
2026-07-30 13:47:17,BTCUSDT,BINANCE,TRADE,64042,0.0005
2026-07-30 13:47:17,BTCUSDT,BINANCE,TRADE,64042,0.00038
2026-07-30 13:47:17,BTCUSDT,BINANCE,TRADE,64042,0.0005
2026-07-30 13:47:17,ETHUSDT,BINANCE,TRADE,1905.6,0.2298
2026-07-30 13:47:17,BTCUSDT,BINANCE,TRADE,64042,0.00156
2026-07-30 13:47:17,BTCUSDT,BINANCE,TRADE,64042,0.0005
2026-07-30 13:47:17,BTCUSDT,BINANCE,TRADE,64042,0.00156
2026-07-30 13:47:17,BTCUSDT,BINANCE,TRADE,64042,0.0005
2026-07-30 13:47:17,BTCUSDT,BINANCE,TRADE,64042,0.00156
2026-07-30 13:47:17,BTCUSDT,BINANCE,TRADE,64042,0.0005
2026-07-30 13:47:17,BTCUSDT,BINANCE,TRADE,64042,0.0005
2026-07-30 13:47:17,BTCUSDT,BINANCE,TRADE,64042,0.0005
2026-07-30 13:47:17,BTCUSDT,BINANCE,TRADE,64042,0.0005
2026-07-30 13:47:17,BTCUSDT,BINANCE,TRADE,64042,0.0005
2026-07-30 13:47:17,BTCUSDT,BINANCE,TRADE,64042,0.00122
2026-07-30 13:47:17,BTCUSDT,BINANCE,TRADE,64042,0.00156
2026-07-30 13:47:17,BTCUSDT,BINANCE,TRADE,64042,0.0005
2026-07-30 13:47:17,BTCUSDT,BINANCE,TRADE,64042,0.0005
2026-07-30 13:47:17,BTCUSDT,BINANCE,TRADE,64042,0.00033
2026-07-30 13:47:17,BTCUSDT,BINANCE,TRADE,64042,0.0005
2026-07-30 13:47:17,BTCUSDT,BINANCE,TRADE,64042,0.00204
2026-07-30 13:47:17,BTCUSDT,BINANCE,TRADE,64042,0.00019
2026-07-30 13:47:17,BTCUSDT,BINANCE,TRADE,64042,0.0005
2026-07-30 13:47:17,BTCUSDT,BINANCE,TRADE,64042,0.0005
2026-07-30 13:47:17,BTCUSDT,BINANCE,TRADE,64042,8e-05
2026-07-30 13:47:17,BTCUSDT,BINANCE,TRADE,64042,0.0005
2026-07-30 13:47:17,BTCUSDT,BINANCE,TRADE,64042,0.0005
2026-07-30 13:47:17,BTCUSDT,BINANCE,TRADE,64042,0.0005
2026-07-30 13:47:17,BTCUSDT,BINANCE,TRADE,64042,0.00012
2026-07-30 13:47:17,BTCUSDT,BINANCE,TRADE,64042,0.00224
2026-07-30 13:47:17,BTCUSDT,BINANCE,TRADE,64042,0.0005
2026-07-30 13:47:17,BTCUSDT,BINANCE,TRADE,64042,0.0005
2026-07-30 13:47:17,BTCUSDT,BINANCE,TRADE,64042,0.00016
2026-07-30 13:47:17,BTCUSDT,BINANCE,TRADE,64042,0.0005
2026-07-30 13:47:17,BTCUSDT,BINANCE,TRADE,64042,0.0005
2026-07-30 13:47:17,BTCUSDT,BINANCE,TRADE,64042,0.00182
2026-07-30 13:47:17,BTCUSDT,BINANCE,TRADE,64042,0.0005
2026-07-30 13:47:18,BTCUSDT,BINANCE,TRADE,64042,0.0005
2026-07-30 13:47:18,BTCUSDT,BINANCE,TRADE,64042,0.0005
2026-07-30 13:47:18,BTCUSDT,BINANCE,TRADE,64042,0.0005
2026-07-30 13:47:18,BTCUSDT,BINANCE,TRADE,64042,0.0005
2026-07-30 13:47:18,BTCUSDT,BINANCE,TRADE,64042,0.0005
2026-07-30 13:47:18,BTCUSDT,BINANCE,TRADE,64042,0.0005
2026-07-30 13:47:18,BTCUSDT,BINANCE,TRADE,64042,0.00055
2026-07-30 13:47:18,BTCUSDT,BINANCE,TRADE,64042,0.0002
2026-07-30 13:47:18,BTCUSDT,BINANCE,TRADE,64042,0.0005
2026-07-30 13:47:18,BTCUSDT,BINANCE,TRADE,64042,0.00156
2026-07-30 13:47:18,BTCUSDT,BINANCE,TRADE,64042,0.0005
2026-07-30 13:47:18,BTCUSDT,BINANCE,TRADE,64042,0.00033
2026-07-30 13:47:18,BTCUSDT,BINANCE,TRADE,64042,0.0005
2026-07-30 13:47:18,BTCUSDT,BINANCE,TRADE,64042,0.0005
2026-07-30 13:47:18,BTCUSDT,BINANCE,TRADE,64042,0.0005
2026-07-30 13:47:18,BTCUSDT,BINANCE,TRADE,64042,0.00156
2026-07-30 13:47:18,BTCUSDT,BINANCE,TRADE,64042,0.01873
2026-07-30 13:47:18,BTCUSDT,BINANCE,TRADE,64042,0.0005
2026-07-30 13:47:18,BTCUSDT,BINANCE,TRADE,64042,0.00156
2026-07-30 13:47:18,BTCUSDT,BINANCE,TRADE,64042,0.0005
2026-07-30 13:47:18,SOLUSDT,BINANCE,TRADE,73.45,6.52
2026-07-30 13:47:18,BTCUSDT,BINANCE,TRADE,64042,0.00029
2026-07-30 13:47:18,BTCUSDT,BINANCE,TRADE,64042,0.0005
2026-07-30 13:47:18,BTCUSDT,BINANCE,TRADE,64042,0.00129
2026-07-30 13:47:18,BTCUSDT,BINANCE,TRADE,64042,0.00029
2026-07-30 13:47:18,BTCUSDT,BINANCE,TRADE,64042,0.00156
2026-07-30 13:47:18,BTCUSDT,BINANCE,TRADE,64042,0.0005
2026-07-30 13:47:18,BTCUSDT,BINANCE,TRADE,64042,0.00156
2026-07-30 13:47:18,BTCUSDT,BINANCE,TRADE,64042,0.0005
2026-07-30 13:47:18,BTCUSDT,BINANCE,TRADE,64042,0.0005
2026-07-30 13:47:18,BTCUSDT,BINANCE,TRADE,64042,0.00156
2026-07-30 13:47:18,BTCUSDT,BINANCE,TRADE,64042,0.0005
2026-07-30 13:47:18,BTCUSDT,BINANCE,TRADE,64042,0.00156
2026-07-30 13:47:18,BTCUSDT,BINANCE,TRADE,64042,0.0005
2026-07-30 13:47:18,BTCUSDT,BINANCE,TRADE,64042,0.0005
2026-07-30 13:47:18,BTCUSDT,BINANCE,TRADE,64042,0.0005
2026-07-30 13:47:18,BTCUSDT,BINANCE,TRADE,64042,0.0005
2026-07-30 13:47:18,BTCUSDT,BINANCE,TRADE,64042,0.002
2026-07-30 13:47:18,BTCUSDT,BINANCE,TRADE,64042,0.00156
2026-07-30 13:47:18,BTCUSDT,BINANCE,TRADE,64042,0.0005
2026-07-30 13:47:18,BTCUSDT,BINANCE,TRADE,64042,0.0005
2026-07-30 13:47:18,BTCUSDT,BINANCE,TRADE,64042,0.0005
2026-07-30 13:47:18,BTCUSDT,BINANCE,TRADE,64042,0.0005
2026-07-30 13:47:18,BTCUSDT,BINANCE,TRADE,64042,0.0005
2026-07-30 13:47:18,BTCUSDT,BINANCE,TRADE,64042,0.00521
2026-07-30 13:47:18,BTCUSDT,BINANCE,TRADE,64042,0.0005
2026-07-30 13:47:18,BTCUSDT,BINANCE,TRADE,64042,0.00617
2026-07-30 13:47:18,BTCUSDT,BINANCE,TRADE,64042,0.0005
2026-07-30 13:47:18,BTCUSDT,BINANCE,TRADE,64042,0.0005
2026-07-30 13:47:18,BTCUSDT,BINANCE,TRADE,64042,0.00156
2026-07-30 13:47:18,BTCUSDT,BINANCE,TRADE,64042,0.0005
2026-07-30 13:47:18,BTCUSDT,BINANCE,TRADE,64042,0.0005
2026-07-30 13:47:18,BTCUSDT,BINANCE,TRADE,64042,0.0005
2026-07-30 13:47:18,BTCUSDT,BINANCE,TRADE,64042,0.00156
2026-07-30 13:47:18,BTCUSDT,BINANCE,TRADE,64042,0.00515
2026-07-30 13:47:18,BTCUSDT,BINANCE,TRADE,64042,0.0005
2026-07-30 13:47:18,BTCUSDT,BINANCE,TRADE,64042,0.00156
2026-07-30 13:47:18,BTCUSDT,BINANCE,TRADE,64042,0.00017
2026-07-30 13:47:18,BTCUSDT,BINANCE,TRADE,64042,0.0005
2026-07-30 13:47:18,BTCUSDT,BINANCE,TRADE,64042,0.0005
2026-07-30 13:47:18,ETHUSDT,BINANCE,TRADE,1905.6,0.0289
2026-07-30 13:47:18,ETHUSDT,BINANCE,TRADE,1905.61,0.0338
2026-07-30 13:47:18,BTCUSDT,BINANCE,TRADE,64042,0.0005
2026-07-30 13:47:18,BTCUSDT,BINANCE,TRADE,64042,0.00156
2026-07-30 13:47:18,BTCUSDT,BINANCE,TRADE,64042,0.0005
2026-07-30 13:47:18,BTCUSDT,BINANCE,TRADE,64042,0.0005
2026-07-30 13:47:18,BTCUSDT,BINANCE,TRADE,64042,0.0005
2026-07-30 13:47:18,BTCUSDT,BINANCE,TRADE,64042,0.0005
2026-07-30 13:47:18,ETHUSDT,BINANCE,TRADE,1905.6,0.005
2026-07-30 13:47:18,ETHUSDT,BINANCE,TRADE,1905.6,0.0027
2026-07-30 13:47:18,ETHUSDT,BINANCE,TRADE,1905.6,0.0027
2026-07-30 13:47:18,ETHUSDT,BINANCE,TRADE,1905.6,0.0028
2026-07-30 13:47:18,ETHUSDT,BINANCE,TRADE,1905.6,0.0006
2026-07-30 13:47:18,BTCUSDT,BINANCE,TRADE,64042,0.0005
2026-07-30 13:47:18,BTCUSDT,BINANCE,TRADE,64042,0.0005
2026-07-30 13:47:18,BTCUSDT,BINANCE,TRADE,64042,0.0005
2026-07-30 13:47:18,BTCUSDT,BINANCE,TRADE,64042,0.0005
2026-07-30 13:47:18,BTCUSDT,BINANCE,TRADE,64042,0.0005
2026-07-30 13:47:18,BTCUSDT,BINANCE,TRADE,64042,0.0005
2026-07-30 13:47:18,BTCUSDT,BINANCE,TRADE,64042,0.0005
2026-07-30 13:47:18,BTCUSDT,BINANCE,TRADE,64042,0.00018
2026-07-30 13:47:18,BTCUSDT,BINANCE,TRADE,64042,0.0005
2026-07-30 13:47:18,BTCUSDT,BINANCE,TRADE,64042,0.00145
2026-07-30 13:47:18,BTCUSDT,BINANCE,TRADE,64042,0.00149
2026-07-30 13:47:18,BTCUSDT,BINANCE,TRADE,64042,0.0005
2026-07-30 13:47:18,ETHUSDT,BINANCE,TRADE,1905.61,0.0216
2026-07-30 13:47:18,BTCUSDT,BINANCE,TRADE,64042,0.0005
2026-07-30 13:47:18,BTCUSDT,BINANCE,TRADE,64042,0.0005
2026-07-30 13:47:18,BTCUSDT,BINANCE,TRADE,64042,0.0005
2026-07-30 13:47:18,BTCUSDT,BINANCE,TRADE,64042,0.002
2026-07-30 13:47:18,BTCUSDT,BINANCE,TRADE,64042,0.0005
2026-07-30 13:47:18,BTCUSDT,BINANCE,TRADE,64042,0.0005
2026-07-30 13:47:18,BTCUSDT,BINANCE,TRADE,64042,0.002
2026-07-30 13:47:18,BTCUSDT,BINANCE,TRADE,64042,0.00789
2026-07-30 13:47:18,BTCUSDT,BINANCE,TRADE,64042,0.0005
2026-07-30 13:47:18,BTCUSDT,BINANCE,TRADE,64042,0.00314
2026-07-30 13:47:18,BTCUSDT,BINANCE,TRADE,64042,0.0008
2026-07-30 13:47:18,BTCUSDT,BINANCE,TRADE,64042,0.0005
2026-07-30 13:47:18,BTCUSDT,BINANCE,TRADE,64042,0.00156
2026-07-30 13:47:18,BTCUSDT,BINANCE,TRADE,64042,0.0005
2026-07-30 13:47:18,BTCUSDT,BINANCE,TRADE,64042,0.00156
2026-07-30 13:47:18,BTCUSDT,BINANCE,TRADE,64042,0.0005
2026-07-30 13:47:18,BTCUSDT,BINANCE,TRADE,64042,0.00058
2026-07-30 13:47:18,BTCUSDT,BINANCE,TRADE,64042,0.0005
2026-07-30 13:47:18,SOLUSDT,BINANCE,TRADE,73.44,0.069
2026-07-30 13:47:18,SOLUSDT,BINANCE,TRADE,73.44,0.072
2026-07-30 13:47:18,SOLUSDT,BINANCE,TRADE,73.44,0.025
2026-07-30 13:47:18,BTCUSDT,BINANCE,TRADE,64042,0.0005
2026-07-30 13:47:18,ETHUSDT,BINANCE,TRADE,1905.61,0.1725
2026-07-30 13:47:18,BTCUSDT,BINANCE,TRADE,64042,0.00156
2026-07-30 13:47:18,ETHUSDT,BINANCE,TRADE,1905.61,0.0027
2026-07-30 13:47:18,ETHUSDT,BINANCE,TRADE,1905.61,0.0027
2026-07-30 13:47:18,ETHUSDT,BINANCE,TRADE,1905.61,0.0053
2026-07-30 13:47:18,ETHUSDT,BINANCE,TRADE,1905.61,0.0417
2026-07-30 13:47:18,BTCUSDT,BINANCE,TRADE,64042,0.0005
2026-07-30 13:47:18,BTCUSDT,BINANCE,TRADE,64042,0.0005
2026-07-30 13:47:18,BTCUSDT,BINANCE,TRADE,64042,0.00156
2026-07-30 13:47:18,BTCUSDT,BINANCE,TRADE,64042,0.0005
2026-07-30 13:47:18,BTCUSDT,BINANCE,TRADE,64042,0.00156
2026-07-30 13:47:18,BTCUSDT,BINANCE,TRADE,64042,0.00156
2026-07-30 13:47:18,BTCUSDT,BINANCE,TRADE,64042,0.0005
2026-07-30 13:47:18,BTCUSDT,BINANCE,TRADE,64042,0.0005
2026-07-30 13:47:18,BTCUSDT,BINANCE,TRADE,64042,0.0005
2026-07-30 13:47:18,BTCUSDT,BINANCE,TRADE,64042,0.0005
2026-07-30 13:47:18,BTCUSDT,BINANCE,TRADE,64042,0.00156
2026-07-30 13:47:18,ETHUSDT,BINANCE,TRADE,1905.61,0.0027
2026-07-30 13:47:18,ETHUSDT,BINANCE,TRADE,1905.61,0.0003
2026-07-30 13:47:18,BTCUSDT,BINANCE,TRADE,64042,0.00156
2026-07-30 13:47:18,BTCUSDT,BINANCE,TRADE,64042,0.0005
2026-07-30 13:47:18,BTCUSDT,BINANCE,TRADE,64042,0.00057
2026-07-30 13:47:18,BTCUSDT,BINANCE,TRADE,64042,0.0005
2026-07-30 13:47:18,ETHUSDT,BINANCE,TRADE,1905.61,0.0025
2026-07-30 13:47:18,ETHUSDT,BINANCE,TRADE,1905.61,0.0027
2026-07-30 13:47:18,ETHUSDT,BINANCE,TRADE,1905.61,0.0027
2026-07-30 13:47:18,ETHUSDT,BINANCE,TRADE,1905.61,0.0027
2026-07-30 13:47:18,ETHUSDT,BINANCE,TRADE,1905.61,0.0027
2026-07-30 13:47:18,ETHUSDT,BINANCE,TRADE,1905.61,0.0027
2026-07-30 13:47:18,ETHUSDT,BINANCE,TRADE,1905.61,0.0028
2026-07-30 13:47:18,ETHUSDT,BINANCE,TRADE,1905.61,0.0001
2026-07-30 13:47:18,BTCUSDT,BINANCE,TRADE,64042,0.00024
2026-07-30 13:47:18,BTCUSDT,BINANCE,TRADE,64042,0.0005
2026-07-30 13:47:18,BTCUSDT,BINANCE,TRADE,64042,0.00156
2026-07-30 13:47:18,BTCUSDT,BINANCE,TRADE,64042,0.00281
2026-07-30 13:47:18,BTCUSDT,BINANCE,TRADE,64042,0.0005
2026-07-30 13:47:18,BTCUSDT,BINANCE,TRADE,64042,0.0005
2026-07-30 13:47:18,ETHUSDT,BINANCE,TRADE,1905.61,0.0401
2026-07-30 13:47:18,ETHUSDT,BINANCE,TRADE,1905.61,0.057
2026-07-30 13:47:18,ETHUSDT,BINANCE,TRADE,1905.61,0.1103
2026-07-30 13:47:18,ETHUSDT,BINANCE,TRADE,1905.61,0.024
2026-07-30 13:47:18,ETHUSDT,BINANCE,TRADE,1905.61,0.0383
2026-07-30 13:47:18,ETHUSDT,BINANCE,TRADE,1905.61,0.0027
2026-07-30 13:47:18,ETHUSDT,BINANCE,TRADE,1905.61,0.0027
2026-07-30 13:47:18,ETHUSDT,BINANCE,TRADE,1905.61,0.0466
2026-07-30 13:47:18,ETHUSDT,BINANCE,TRADE,1905.61,0.0027
2026-07-30 13:47:18,ETHUSDT,BINANCE,TRADE,1905.61,0.0027
2026-07-30 13:47:18,ETHUSDT,BINANCE,TRADE,1905.61,0.0027
2026-07-30 13:47:18,ETHUSDT,BINANCE,TRADE,1905.61,0.0027
2026-07-30 13:47:18,ETHUSDT,BINANCE,TRADE,1905.61,0.0027
2026-07-30 13:47:18,ETHUSDT,BINANCE,TRADE,1905.61,0.0027
2026-07-30 13:47:18,ETHUSDT,BINANCE,TRADE,1905.61,0.0053
2026-07-30 13:47:18,ETHUSDT,BINANCE,TRADE,1905.61,0.0027
2026-07-30 13:47:18,ETHUSDT,BINANCE,TRADE,1905.61,0.0027
2026-07-30 13:47:18,ETHUSDT,BINANCE,TRADE,1905.61,0.0027
2026-07-30 13:47:18,ETHUSDT,BINANCE,TRADE,1905.61,0.0028
2026-07-30 13:47:18,ETHUSDT,BINANCE,TRADE,1905.61,0.0028
2026-07-30 13:47:18,ETHUSDT,BINANCE,TRADE,1905.61,0.0027
2026-07-30 13:47:18,ETHUSDT,BINANCE,TRADE,1905.61,0.0027
2026-07-30 13:47:18,ETHUSDT,BINANCE,TRADE,1905.61,0.0027
2026-07-30 13:47:18,ETHUSDT,BINANCE,TRADE,1905.61,0.0027
2026-07-30 13:47:18,ETHUSDT,BINANCE,TRADE,1905.61,0.0027
2026-07-30 13:47:18,ETHUSDT,BINANCE,TRADE,1905.61,0.0027
2026-07-30 13:47:18,ETHUSDT,BINANCE,TRADE,1905.61,0.0027
2026-07-30 13:47:18,ETHUSDT,BINANCE,TRADE,1905.61,0.0027
2026-07-30 13:47:18,ETHUSDT,BINANCE,TRADE,1905.61,0.0027
2026-07-30 13:47:18,ETHUSDT,BINANCE,TRADE,1905.61,0.0027
2026-07-30 13:47:18,ETHUSDT,BINANCE,TRADE,1905.61,0.0027
2026-07-30 13:47:18,ETHUSDT,BINANCE,TRADE,1905.61,0.0027
2026-07-30 13:47:18,ETHUSDT,BINANCE,TRADE,1905.61,0.0027
2026-07-30 13:47:18,ETHUSDT,BINANCE,TRADE,1905.61,0.0027
2026-07-30 13:47:18,ETHUSDT,BINANCE,TRADE,1905.61,0.0027
2026-07-30 13:47:18,ETHUSDT,BINANCE,TRADE,1905.61,0.0027
2026-07-30 13:47:18,ETHUSDT,BINANCE,TRADE,1905.61,0.0027
2026-07-30 13:47:18,ETHUSDT,BINANCE,TRADE,1905.61,0.0027
2026-07-30 13:47:18,ETHUSDT,BINANCE,TRADE,1905.61,0.0027
2026-07-30 13:47:18,ETHUSDT,BINANCE,TRADE,1905.61,0.0027
2026-07-30 13:47:18,ETHUSDT,BINANCE,TRADE,1905.61,0.0027
2026-07-30 13:47:18,ETHUSDT,BINANCE,TRADE,1905.62,0.0053
2026-07-30 13:47:18,ETHUSDT,BINANCE,TRADE,1905.62,0.0028
2026-07-30 13:47:18,ETHUSDT,BINANCE,TRADE,1905.62,0.0027
2026-07-30 13:47:18,ETHUSDT,BINANCE,TRADE,1905.62,0.0027
2026-07-30 13:47:18,ETHUSDT,BINANCE,TRADE,1905.62,0.0027
2026-07-30 13:47:18,ETHUSDT,BINANCE,TRADE,1905.62,0.0027
2026-07-30 13:47:18,ETHUSDT,BINANCE,TRADE,1905.62,0.0027
2026-07-30 13:47:18,ETHUSDT,BINANCE,TRADE,1905.63,0.0053
2026-07-30 13:47:18,ETHUSDT,BINANCE,TRADE,1905.63,0.0028
2026-07-30 13:47:18,ETHUSDT,BINANCE,TRADE,1905.64,0.0027
2026-07-30 13:47:18,ETHUSDT,BINANCE,TRADE,1905.64,0.0028
2026-07-30 13:47:18,ETHUSDT,BINANCE,TRADE,1905.66,0.0027
2026-07-30 13:47:18,ETHUSDT,BINANCE,TRADE,1905.66,0.0028
2026-07-30 13:47:18,ETHUSDT,BINANCE,TRADE,1905.67,0.0028
2026-07-30 13:47:18,ETHUSDT,BINANCE,TRADE,1905.67,0.0027
2026-07-30 13:47:18,ETHUSDT,BINANCE,TRADE,1905.67,0.0027
2026-07-30 13:47:18,ETHUSDT,BINANCE,TRADE,1905.68,0.0028
2026-07-30 13:47:18,ETHUSDT,BINANCE,TRADE,1905.68,0.0028
2026-07-30 13:47:18,ETHUSDT,BINANCE,TRADE,1905.68,0.0028
2026-07-30 13:47:18,ETHUSDT,BINANCE,TRADE,1905.68,0.0027
2026-07-30 13:47:18,ETHUSDT,BINANCE,TRADE,1905.68,0.0028
2026-07-30 13:47:18,ETHUSDT,BINANCE,TRADE,1905.69,0.5
2026-07-30 13:47:18,ETHUSDT,BINANCE,TRADE,1905.69,0.0028
2026-07-30 13:47:18,ETHUSDT,BINANCE,TRADE,1905.69,2.8759
2026-07-30 13:47:18,ETHUSDT,BINANCE,TRADE,1905.69,0.0458
2026-07-30 13:47:18,BTCUSDT,BINANCE,TRADE,64042,0.0005
2026-07-30 13:47:18,BTCUSDT,BINANCE,TRADE,64042,0.0005
2026-07-30 13:47:18,BTCUSDT,BINANCE,TRADE,64042,0.00156
2026-07-30 13:47:18,BTCUSDT,BINANCE,TRADE,64042,0.0005
2026-07-30 13:47:18,BTCUSDT,BINANCE,TRADE,64042,0.00062
2026-07-30 13:47:18,BTCUSDT,BINANCE,TRADE,64042,0.0005
2026-07-30 13:47:18,BTCUSDT,BINANCE,TRADE,64042,0.0005
2026-07-30 13:47:18,BTCUSDT,BINANCE,TRADE,64042,0.0005
2026-07-30 13:47:18,BTCUSDT,BINANCE,TRADE,64042,0.00156
2026-07-30 13:47:18,BTCUSDT,BINANCE,TRADE,64042,0.0005
2026-07-30 13:47:18,BTCUSDT,BINANCE,TRADE,64042,0.00018
2026-07-30 13:47:18,BTCUSDT,BINANCE,TRADE,64042,0.0002
2026-07-30 13:47:18,BTCUSDT,BINANCE,TRADE,64042,0.0005
2026-07-30 13:47:18,BTCUSDT,BINANCE,TRADE,64042,0.00017
2026-07-30 13:47:18,BTCUSDT,BINANCE,TRADE,64042,0.0005
2026-07-30 13:47:18,BTCUSDT,BINANCE,TRADE,64042,0.0005
2026-07-30 13:47:18,BTCUSDT,BINANCE,TRADE,64042,0.00156
2026-07-30 13:47:18,BTCUSDT,BINANCE,TRADE,64042,0.0005
2026-07-30 13:47:18,BTCUSDT,BINANCE,TRADE,64042,0.0005
2026-07-30 13:47:18,BTCUSDT,BINANCE,TRADE,64042,0.0005
2026-07-30 13:47:18,BTCUSDT,BINANCE,TRADE,64042,0.00029
2026-07-30 13:47:18,BTCUSDT,BINANCE,TRADE,64042,0.0005
2026-07-30 13:47:18,BTCUSDT,BINANCE,TRADE,64042,0.0005
2026-07-30 13:47:18,BTCUSDT,BINANCE,TRADE,64042,0.0005
2026-07-30 13:47:18,ETHUSDT,BINANCE,TRADE,1905.68,0.2384
2026-07-30 13:47:18,BTCUSDT,BINANCE,TRADE,64042,0.0005
2026-07-30 13:47:19,BTCUSDT,BINANCE,TRADE,64042,0.00038
2026-07-30 13:47:19,BTCUSDT,BINANCE,TRADE,64042,0.0005
2026-07-30 13:47:19,BTCUSDT,BINANCE,TRADE,64042,0.00015
2026-07-30 13:47:19,BTCUSDT,BINANCE,TRADE,64042,0.0005
2026-07-30 13:47:19,BTCUSDT,BINANCE,TRADE,64042,0.00012
2026-07-30 13:47:19,BTCUSDT,BINANCE,TRADE,64042,0.0005
2026-07-30 13:47:19,BTCUSDT,BINANCE,TRADE,64042,0.0005
2026-07-30 13:47:19,BTCUSDT,BINANCE,TRADE,64042,0.0005
2026-07-30 13:47:19,BTCUSDT,BINANCE,TRADE,64042,0.0005
2026-07-30 13:47:19,BTCUSDT,BINANCE,TRADE,64042,0.0005
2026-07-30 13:47:19,BTCUSDT,BINANCE,TRADE,64042,0.0005
2026-07-30 13:47:19,BTCUSDT,BINANCE,TRADE,64042,0.0005
2026-07-30 13:47:19,BTCUSDT,BINANCE,TRADE,64042,8e-05
2026-07-30 13:47:19,BTCUSDT,BINANCE,TRADE,64042,0.0005
2026-07-30 13:47:19,BTCUSDT,BINANCE,TRADE,64042,0.00029
2026-07-30 13:47:19,BTCUSDT,BINANCE,TRADE,64042,0.0005
2026-07-30 13:47:19,BTCUSDT,BINANCE,TRADE,64042,0.00166
2026-07-30 13:47:19,BTCUSDT,BINANCE,TRADE,64042,0.0005
2026-07-30 13:47:19,BTCUSDT,BINANCE,TRADE,64042,0.0005
2026-07-30 13:47:19,BTCUSDT,BINANCE,TRADE,64042,0.00182
2026-07-30 13:47:19,BTCUSDT,BINANCE,TRADE,64042,0.0005
2026-07-30 13:47:19,ETHUSDT,BINANCE,TRADE,1905.68,0.0322
2026-07-30 13:47:19,BTCUSDT,BINANCE,TRADE,64042,0.0005
2026-07-30 13:47:19,BTCUSDT,BINANCE,TRADE,64042,0.00515
2026-07-30 13:47:19,BTCUSDT,BINANCE,TRADE,64042,0.00046
2026-07-30 13:47:19,BTCUSDT,BINANCE,TRADE,64042,0.0005
2026-07-30 13:47:19,BTCUSDT,BINANCE,TRADE,64042,0.0005
2026-07-30 13:47:19,BTCUSDT,BINANCE,TRADE,64042,0.0005
2026-07-30 13:47:19,BTCUSDT,BINANCE,TRADE,64042,0.0005
2026-07-30 13:47:19,BTCUSDT,BINANCE,TRADE,64042,0.00156
2026-07-30 13:47:19,BTCUSDT,BINANCE,TRADE,64042,0.00509
2026-07-30 13:47:19,BTCUSDT,BINANCE,TRADE,64042,0.0005
2026-07-30 13:47:19,BTCUSDT,BINANCE,TRADE,64042,0.0005
2026-07-30 13:47:19,BTCUSDT,BINANCE,TRADE,64042,0.0005
2026-07-30 13:47:19,BTCUSDT,BINANCE,TRADE,64042,0.0005
2026-07-30 13:47:19,BTCUSDT,BINANCE,TRADE,64042,0.00156
2026-07-30 13:47:19,BTCUSDT,BINANCE,TRADE,64042,0.0005
2026-07-30 13:47:19,BTCUSDT,BINANCE,TRADE,64042,0.0005
2026-07-30 13:47:19,BTCUSDT,BINANCE,TRADE,64042,0.0005
2026-07-30 13:47:19,BTCUSDT,BINANCE,TRADE,64042,0.0005
2026-07-30 13:47:19,BTCUSDT,BINANCE,TRADE,64042,0.00103
2026-07-30 13:47:19,BTCUSDT,BINANCE,TRADE,64042,0.0005
2026-07-30 13:47:19,BTCUSDT,BINANCE,TRADE,64042,0.00138
2026-07-30 13:47:19,BTCUSDT,BINANCE,TRADE,64042,0.0005
2026-07-30 13:47:19,BTCUSDT,BINANCE,TRADE,64042,0.00018
2026-07-30 13:47:19,BTCUSDT,BINANCE,TRADE,64042,0.0005
2026-07-30 13:47:19,BTCUSDT,BINANCE,TRADE,64042,0.00033
2026-07-30 13:47:19,BTCUSDT,BINANCE,TRADE,64042,0.00015
2026-07-30 13:47:19,BTCUSDT,BINANCE,TRADE,64042,0.0005
2026-07-30 13:47:19,BTCUSDT,BINANCE,TRADE,64042,0.0005
2026-07-30 13:47:19,BTCUSDT,BINANCE,TRADE,64042,0.00019
2026-07-30 13:47:19,BTCUSDT,BINANCE,TRADE,64042,0.0005
2026-07-30 13:47:19,BTCUSDT,BINANCE,TRADE,64042,0.0005
2026-07-30 13:47:19,ETHUSDT,BINANCE,TRADE,1905.68,0.0272
2026-07-30 13:47:19,BTCUSDT,BINANCE,TRADE,64042,0.0005
2026-07-30 13:47:19,BTCUSDT,BINANCE,TRADE,64042,0.002
2026-07-30 13:47:19,BTCUSDT,BINANCE,TRADE,64042,0.0005
2026-07-30 13:47:19,BTCUSDT,BINANCE,TRADE,64042,8e-05
2026-07-30 13:47:19,BTCUSDT,BINANCE,TRADE,64042,2e-05
2026-07-30 13:47:19,ETHUSDT,BINANCE,TRADE,1905.68,0.003
2026-07-30 13:47:19,SOLUSDT,BINANCE,TRADE,73.44,0.047
2026-07-30 13:47:19,SOLUSDT,BINANCE,TRADE,73.44,0.042
2026-07-30 13:47:19,BTCUSDT,BINANCE,TRADE,64042,8e-05
2026-07-30 13:47:19,BTCUSDT,BINANCE,TRADE,64042,8e-05
2026-07-30 13:47:19,BTCUSDT,BINANCE,TRADE,64042,9e-05
2026-07-30 13:47:19,BTCUSDT,BINANCE,TRADE,64042,9e-05
2026-07-30 13:47:19,BTCUSDT,BINANCE,TRADE,64042,9e-05
2026-07-30 13:47:19,BTCUSDT,BINANCE,TRADE,64042,9e-05
2026-07-30 13:47:19,BTCUSDT,BINANCE,TRADE,64042,0.003
2026-07-30 13:47:19,BTCUSDT,BINANCE,TRADE,64042,0.003
2026-07-30 13:47:19,BTCUSDT,BINANCE,TRADE,64042,0.003
2026-07-30 13:47:19,BTCUSDT,BINANCE,TRADE,64042,0.003
2026-07-30 13:47:19,BTCUSDT,BINANCE,TRADE,64042,0.003
2026-07-30 13:47:19,BTCUSDT,BINANCE,TRADE,64042,0.003
2026-07-30 13:47:19,BTCUSDT,BINANCE,TRADE,64042,0.003
2026-07-30 13:47:19,BTCUSDT,BINANCE,TRADE,64042,0.003
2026-07-30 13:47:19,BTCUSDT,BINANCE,TRADE,64042,0.003
2026-07-30 13:47:19,BTCUSDT,BINANCE,TRADE,64042,0.003
2026-07-30 13:47:19,BTCUSDT,BINANCE,TRADE,64042,0.003
2026-07-30 13:47:19,BTCUSDT,BINANCE,TRADE,64042,8e-05
2026-07-30 13:47:19,BTCUSDT,BINANCE,TRADE,64042,8e-05
2026-07-30 13:47:19,BTCUSDT,BINANCE,TRADE,64042,8e-05
2026-07-30 13:47:19,BTCUSDT,BINANCE,TRADE,64042,8e-05
2026-07-30 13:47:19,BTCUSDT,BINANCE,TRADE,64042,0.00016
2026-07-30 13:47:19,BTCUSDT,BINANCE,TRADE,64042,9e-05
2026-07-30 13:47:19,BTCUSDT,BINANCE,TRADE,64042,8e-05
2026-07-30 13:47:19,BTCUSDT,BINANCE,TRADE,64042,8e-05
2026-07-30 13:47:19,BTCUSDT,BINANCE,TRADE,64042,8e-05
2026-07-30 13:47:19,BTCUSDT,BINANCE,TRADE,64042,0.002
2026-07-30 13:47:19,BTCUSDT,BINANCE,TRADE,64042,0.00157
2026-07-30 13:47:19,BTCUSDT,BINANCE,TRADE,64042,0.00157
2026-07-30 13:47:19,BTCUSDT,BINANCE,TRADE,64042,0.00155
2026-07-30 13:47:19,BTCUSDT,BINANCE,TRADE,64042,0.005
2026-07-30 13:47:19,BTCUSDT,BINANCE,TRADE,64042,0.01
2026-07-30 13:47:19,BTCUSDT,BINANCE,TRADE,64042,0.005
2026-07-30 13:47:19,BTCUSDT,BINANCE,TRADE,64042,0.005
2026-07-30 13:47:19,BTCUSDT,BINANCE,TRADE,64042,0.005
2026-07-30 13:47:19,BTCUSDT,BINANCE,TRADE,64042,0.005
2026-07-30 13:47:19,BTCUSDT,BINANCE,TRADE,64042,0.0001
2026-07-30 13:47:19,BTCUSDT,BINANCE,TRADE,64042,0.03122
2026-07-30 13:47:19,BTCUSDT,BINANCE,TRADE,64042,8e-05
2026-07-30 13:47:19,BTCUSDT,BINANCE,TRADE,64042,0.00366
2026-07-30 13:47:19,BTCUSDT,BINANCE,TRADE,64042,0.0007
2026-07-30 13:47:19,BTCUSDT,BINANCE,TRADE,64042,0.05
2026-07-30 13:47:19,BTCUSDT,BINANCE,TRADE,64042,0.05
2026-07-30 13:47:19,BTCUSDT,BINANCE,TRADE,64042,0.00048
2026-07-30 13:47:19,BTCUSDT,BINANCE,TRADE,64042,8e-05
2026-07-30 13:47:19,BTCUSDT,BINANCE,TRADE,64042,0.001
2026-07-30 13:47:19,BTCUSDT,BINANCE,TRADE,64042,0.001
2026-07-30 13:47:19,BTCUSDT,BINANCE,TRADE,64042,0.00126
2026-07-30 13:47:19,BTCUSDT,BINANCE,TRADE,64042,0.00126
2026-07-30 13:47:19,BTCUSDT,BINANCE,TRADE,64042,8e-05
2026-07-30 13:47:19,BTCUSDT,BINANCE,TRADE,64042,0.01279
2026-07-30 13:47:19,BTCUSDT,BINANCE,TRADE,64042,0.005
2026-07-30 13:47:19,BTCUSDT,BINANCE,TRADE,64042,0.05
2026-07-30 13:47:19,BTCUSDT,BINANCE,TRADE,64042,0.05
2026-07-30 13:47:19,BTCUSDT,BINANCE,TRADE,64042,8e-05
2026-07-30 13:47:19,BTCUSDT,BINANCE,TRADE,64042,8e-05
2026-07-30 13:47:19,BTCUSDT,BINANCE,TRADE,64042,8e-05
2026-07-30 13:47:19,BTCUSDT,BINANCE,TRADE,64042,8e-05
2026-07-30 13:47:19,BTCUSDT,BINANCE,TRADE,64042,8e-05
2026-07-30 13:47:19,BTCUSDT,BINANCE,TRADE,64042,0.02369
2026-07-30 13:47:19,BTCUSDT,BINANCE,TRADE,64042,8e-05
2026-07-30 13:47:19,BTCUSDT,BINANCE,TRADE,64042,0.00047
2026-07-30 13:47:19,BTCUSDT,BINANCE,TRADE,64042,0.00191
2026-07-30 13:47:19,BTCUSDT,BINANCE,TRADE,64042,8e-05
2026-07-30 13:47:19,BTCUSDT,BINANCE,TRADE,64042,0.00048
2026-07-30 13:47:19,BTCUSDT,BINANCE,TRADE,64042,8e-05
2026-07-30 13:47:19,BTCUSDT,BINANCE,TRADE,64042,8e-05
2026-07-30 13:47:19,BTCUSDT,BINANCE,TRADE,64042,8e-05
2026-07-30 13:47:19,BTCUSDT,BINANCE,TRADE,64042,9e-05
2026-07-30 13:47:19,BTCUSDT,BINANCE,TRADE,64042,0.26026
2026-07-30 13:47:19,BTCUSDT,BINANCE,TRADE,64042,9e-05
2026-07-30 13:47:19,BTCUSDT,BINANCE,TRADE,64042,8e-05
2026-07-30 13:47:19,BTCUSDT,BINANCE,TRADE,64042,8e-05
2026-07-30 13:47:19,BTCUSDT,BINANCE,TRADE,64042,8e-05
2026-07-30 13:47:19,BTCUSDT,BINANCE,TRADE,64042,8e-05
2026-07-30 13:47:19,BTCUSDT,BINANCE,TRADE,64042,8e-05
2026-07-30 13:47:19,BTCUSDT,BINANCE,TRADE,64042,8e-05
2026-07-30 13:47:19,BTCUSDT,BINANCE,TRADE,64042,8e-05
2026-07-30 13:47:19,BTCUSDT,BINANCE,TRADE,64042,9e-05
2026-07-30 13:47:19,BTCUSDT,BINANCE,TRADE,64042,9e-05
2026-07-30 13:47:19,BTCUSDT,BINANCE,TRADE,64042,9e-05
2026-07-30 13:47:19,BTCUSDT,BINANCE,TRADE,64042,8e-05
2026-07-30 13:47:19,BTCUSDT,BINANCE,TRADE,64042,8e-05
2026-07-30 13:47:19,BTCUSDT,BINANCE,TRADE,64042,8e-05
2026-07-30 13:47:19,BTCUSDT,BINANCE,TRADE,64042,8e-05
2026-07-30 13:47:19,BTCUSDT,BINANCE,TRADE,64042,8e-05
2026-07-30 13:47:19,BTCUSDT,BINANCE,TRADE,64042,8e-05
2026-07-30 13:47:19,BTCUSDT,BINANCE,TRADE,64042,9e-05
2026-07-30 13:47:19,BTCUSDT,BINANCE,TRADE,64042,8e-05
2026-07-30 13:47:19,BTCUSDT,BINANCE,TRADE,64042,8e-05
2026-07-30 13:47:19,BTCUSDT,BINANCE,TRADE,64042,8e-05
2026-07-30 13:47:19,BTCUSDT,BINANCE,TRADE,64042,8e-05
2026-07-30 13:47:19,BTCUSDT,BINANCE,TRADE,64042,8e-05
2026-07-30 13:47:19,BTCUSDT,BINANCE,TRADE,64042,8e-05
2026-07-30 13:47:19,BTCUSDT,BINANCE,TRADE,64042,8e-05
2026-07-30 13:47:19,BTCUSDT,BINANCE,TRADE,64042,8e-05
2026-07-30 13:47:19,BTCUSDT,BINANCE,TRADE,64042,8e-05
2026-07-30 13:47:19,BTCUSDT,BINANCE,TRADE,64042,8e-05
2026-07-30 13:47:19,BTCUSDT,BINANCE,TRADE,64042,9e-05
2026-07-30 13:47:19,BTCUSDT,BINANCE,TRADE,64042,9e-05
2026-07-30 13:47:19,BTCUSDT,BINANCE,TRADE,64042,0.00015
2026-07-30 13:47:19,BTCUSDT,BINANCE,TRADE,64042,1e-05
2026-07-30 13:47:19,BTCUSDT,BINANCE,TRADE,64042,8e-05
2026-07-30 13:47:19,BTCUSDT,BINANCE,TRADE,64042,8e-05
2026-07-30 13:47:19,BTCUSDT,BINANCE,TRADE,64042,1.24718
2026-07-30 13:47:19,BTCUSDT,BINANCE,TRADE,64042,0.16493
2026-07-30 13:47:19,BTCUSDT,BINANCE,TRADE,64042,0.58789
2026-07-30 13:47:19,BTCUSDT,BINANCE,TRADE,64042,9e-05
2026-07-30 13:47:19,BTCUSDT,BINANCE,TRADE,64042,9e-05
2026-07-30 13:47:19,BTCUSDT,BINANCE,TRADE,64042,8e-05
2026-07-30 13:47:19,BTCUSDT,BINANCE,TRADE,64042,8e-05
2026-07-30 13:47:19,BTCUSDT,BINANCE,TRADE,64042,8e-05
2026-07-30 13:47:19,BTCUSDT,BINANCE,TRADE,64042,8e-05
2026-07-30 13:47:19,BTCUSDT,BINANCE,TRADE,64042,8e-05
2026-07-30 13:47:19,BTCUSDT,BINANCE,TRADE,64042,8e-05
2026-07-30 13:47:19,BTCUSDT,BINANCE,TRADE,64042,8e-05
2026-07-30 13:47:19,BTCUSDT,BINANCE,TRADE,64042,8e-05
2026-07-30 13:47:19,BTCUSDT,BINANCE,TRADE,64042,8e-05
2026-07-30 13:47:19,BTCUSDT,BINANCE,TRADE,64042,8e-05
2026-07-30 13:47:19,BTCUSDT,BINANCE,TRADE,64042,0.001
2026-07-30 13:47:19,BTCUSDT,BINANCE,TRADE,64042,8e-05
2026-07-30 13:47:19,BTCUSDT,BINANCE,TRADE,64042,8e-05
2026-07-30 13:47:19,BTCUSDT,BINANCE,TRADE,64042,8e-05
2026-07-30 13:47:19,BTCUSDT,BINANCE,TRADE,64042,8e-05
2026-07-30 13:47:19,BTCUSDT,BINANCE,TRADE,64042,8e-05
2026-07-30 13:47:19,BTCUSDT,BINANCE,TRADE,64042,0.00016
2026-07-30 13:47:19,BTCUSDT,BINANCE,TRADE,64042,0.00034
2026-07-30 13:47:19,BTCUSDT,BINANCE,TRADE,64042,0.0001
2026-07-30 13:47:19,BTCUSDT,BINANCE,TRADE,64042,0.00625
2026-07-30 13:47:19,BTCUSDT,BINANCE,TRADE,64042,8e-05
2026-07-30 13:47:19,BTCUSDT,BINANCE,TRADE,64042,9e-05
2026-07-30 13:47:19,BTCUSDT,BINANCE,TRADE,64042,9e-05
2026-07-30 13:47:19,BTCUSDT,BINANCE,TRADE,64042,8e-05
2026-07-30 13:47:19,BTCUSDT,BINANCE,TRADE,64042,8e-05
2026-07-30 13:47:19,BTCUSDT,BINANCE,TRADE,64042,8e-05
2026-07-30 13:47:19,BTCUSDT,BINANCE,TRADE,64042,8e-05
2026-07-30 13:47:19,BTCUSDT,BINANCE,TRADE,64042,8e-05
2026-07-30 13:47:19,BTCUSDT,BINANCE,TRADE,64042,8e-05
2026-07-30 13:47:19,BTCUSDT,BINANCE,TRADE,64042,8e-05
2026-07-30 13:47:19,BTCUSDT,BINANCE,TRADE,64042,8e-05
2026-07-30 13:47:19,BTCUSDT,BINANCE,TRADE,64042,8e-05
2026-07-30 13:47:19,BTCUSDT,BINANCE,TRADE,64042,8e-05
2026-07-30 13:47:19,BTCUSDT,BINANCE,TRADE,64042,8e-05
2026-07-30 13:47:19,BTCUSDT,BINANCE,TRADE,64042,8e-05
2026-07-30 13:47:19,BTCUSDT,BINANCE,TRADE,64042,8e-05
2026-07-30 13:47:19,BTCUSDT,BINANCE,TRADE,64042,8e-05
2026-07-30 13:47:19,BTCUSDT,BINANCE,TRADE,64042,8e-05
2026-07-30 13:47:19,BTCUSDT,BINANCE,TRADE,64042,8e-05
2026-07-30 13:47:19,BTCUSDT,BINANCE,TRADE,64042,8e-05
2026-07-30 13:47:19,BTCUSDT,BINANCE,TRADE,64042,8e-05
2026-07-30 13:47:19,BTCUSDT,BINANCE,TRADE,64042,8e-05
2026-07-30 13:47:19,BTCUSDT,BINANCE,TRADE,64042,8e-05
2026-07-30 13:47:19,BTCUSDT,BINANCE,TRADE,64042,9e-05
2026-07-30 13:47:19,BTCUSDT,BINANCE,TRADE,64042,9e-05
2026-07-30 13:47:19,BTCUSDT,BINANCE,TRADE,64041.3,8e-05
2026-07-30 13:47:19,BTCUSDT,BINANCE,TRADE,64041.3,8e-05
2026-07-30 13:47:19,BTCUSDT,BINANCE,TRADE,64041.3,8e-05
2026-07-30 13:47:19,BTCUSDT,BINANCE,TRADE,64041.3,8e-05
2026-07-30 13:47:19,BTCUSDT,BINANCE,TRADE,64040,8e-05
2026-07-30 13:47:19,BTCUSDT,BINANCE,TRADE,64040,8e-05
2026-07-30 13:47:19,BTCUSDT,BINANCE,TRADE,64040,8e-05
2026-07-30 13:47:19,BTCUSDT,BINANCE,TRADE,64040,8e-05
2026-07-30 13:47:19,BTCUSDT,BINANCE,TRADE,64040,8e-05
2026-07-30 13:47:19,BTCUSDT,BINANCE,TRADE,64040,8e-05
2026-07-30 13:47:19,BTCUSDT,BINANCE,TRADE,64040,9e-05
2026-07-30 13:47:19,BTCUSDT,BINANCE,TRADE,64040,9e-05
2026-07-30 13:47:19,BTCUSDT,BINANCE,TRADE,64040,8e-05
2026-07-30 13:47:19,BTCUSDT,BINANCE,TRADE,64040,9e-05
2026-07-30 13:47:19,BTCUSDT,BINANCE,TRADE,64040,9e-05
2026-07-30 13:47:19,BTCUSDT,BINANCE,TRADE,64040,9e-05
2026-07-30 13:47:19,BTCUSDT,BINANCE,TRADE,64040,0.005
2026-07-30 13:47:19,BTCUSDT,BINANCE,TRADE,64040,0.005
2026-07-30 13:47:19,BTCUSDT,BINANCE,TRADE,64040,0.008
2026-07-30 13:47:19,BTCUSDT,BINANCE,TRADE,64040,0.006
2026-07-30 13:47:19,BTCUSDT,BINANCE,TRADE,64040,9e-05
2026-07-30 13:47:19,BTCUSDT,BINANCE,TRADE,64040,9e-05
2026-07-30 13:47:19,BTCUSDT,BINANCE,TRADE,64040,9e-05
2026-07-30 13:47:19,BTCUSDT,BINANCE,TRADE,64040,8e-05
2026-07-30 13:47:19,BTCUSDT,BINANCE,TRADE,64040,0.01603
2026-07-30 13:47:19,BTCUSDT,BINANCE,TRADE,64040,0.00505
2026-07-30 13:47:19,BTCUSDT,BINANCE,TRADE,64040,0.00234
2026-07-30 13:47:19,BTCUSDT,BINANCE,TRADE,64040,9e-05
2026-07-30 13:47:19,BTCUSDT,BINANCE,TRADE,64040,9e-05
2026-07-30 13:47:19,BTCUSDT,BINANCE,TRADE,64040,0.0011
2026-07-30 13:47:19,BTCUSDT,BINANCE,TRADE,64040,8e-05
2026-07-30 13:47:19,BTCUSDT,BINANCE,TRADE,64040,8e-05
2026-07-30 13:47:19,BTCUSDT,BINANCE,TRADE,64040,8e-05
2026-07-30 13:47:19,BTCUSDT,BINANCE,TRADE,64040,8e-05
2026-07-30 13:47:19,BTCUSDT,BINANCE,TRADE,64039.4,8e-05
2026-07-30 13:47:19,BTCUSDT,BINANCE,TRADE,64038.9,8e-05
2026-07-30 13:47:19,BTCUSDT,BINANCE,TRADE,64038.2,8e-05
2026-07-30 13:47:19,BTCUSDT,BINANCE,TRADE,64038.1,9e-05
2026-07-30 13:47:19,BTCUSDT,BINANCE,TRADE,64038.1,9e-05
2026-07-30 13:47:19,BTCUSDT,BINANCE,TRADE,64038.1,9e-05
2026-07-30 13:47:19,BTCUSDT,BINANCE,TRADE,64038.1,0.0405
2026-07-30 13:47:19,BTCUSDT,BINANCE,TRADE,64038.1,0.00054
2026-07-30 13:47:19,BTCUSDT,BINANCE,TRADE,64038.1,9e-05
2026-07-30 13:47:19,BTCUSDT,BINANCE,TRADE,64038.1,9e-05
2026-07-30 13:47:19,BTCUSDT,BINANCE,TRADE,64038,9e-05
2026-07-30 13:47:19,BTCUSDT,BINANCE,TRADE,64038,9e-05
2026-07-30 13:47:19,BTCUSDT,BINANCE,TRADE,64038,9e-05
2026-07-30 13:47:19,BTCUSDT,BINANCE,TRADE,64038,8e-05
2026-07-30 13:47:19,BTCUSDT,BINANCE,TRADE,64038,8e-05
2026-07-30 13:47:19,BTCUSDT,BINANCE,TRADE,64038,0.005
2026-07-30 13:47:19,BTCUSDT,BINANCE,TRADE,64038,0.005
2026-07-30 13:47:19,BTCUSDT,BINANCE,TRADE,64038,0.008
2026-07-30 13:47:19,BTCUSDT,BINANCE,TRADE,64038,0.006
2026-07-30 13:47:19,BTCUSDT,BINANCE,TRADE,64038,9e-05
2026-07-30 13:47:19,BTCUSDT,BINANCE,TRADE,64038,9e-05
2026-07-30 13:47:19,BTCUSDT,BINANCE,TRADE,64038,8e-05
2026-07-30 13:47:19,BTCUSDT,BINANCE,TRADE,64038,8e-05
2026-07-30 13:47:19,BTCUSDT,BINANCE,TRADE,64038,8e-05
2026-07-30 13:47:19,BTCUSDT,BINANCE,TRADE,64038,8e-05
2026-07-30 13:47:19,BTCUSDT,BINANCE,TRADE,64038,8e-05
2026-07-30 13:47:19,BTCUSDT,BINANCE,TRADE,64038,8e-05
2026-07-30 13:47:19,BTCUSDT,BINANCE,TRADE,64038,8e-05
2026-07-30 13:47:19,BTCUSDT,BINANCE,TRADE,64038,8e-05
2026-07-30 13:47:19,BTCUSDT,BINANCE,TRADE,64038,8e-05
2026-07-30 13:47:19,BTCUSDT,BINANCE,TRADE,64037.4,9e-05
2026-07-30 13:47:19,BTCUSDT,BINANCE,TRADE,64037.4,9e-05
2026-07-30 13:47:19,BTCUSDT,BINANCE,TRADE,64037.4,9e-05
2026-07-30 13:47:19,BTCUSDT,BINANCE,TRADE,64037.4,8e-05
2026-07-30 13:47:19,BTCUSDT,BINANCE,TRADE,64037.4,9e-05
2026-07-30 13:47:19,BTCUSDT,BINANCE,TRADE,64037.4,9e-05
2026-07-30 13:47:19,BTCUSDT,BINANCE,TRADE,64037.4,8e-05
2026-07-30 13:47:19,BTCUSDT,BINANCE,TRADE,64037.4,8e-05
2026-07-30 13:47:19,BTCUSDT,BINANCE,TRADE,64037.4,8e-05
2026-07-30 13:47:19,BTCUSDT,BINANCE,TRADE,64037.4,8e-05
2026-07-30 13:47:19,BTCUSDT,BINANCE,TRADE,64037.3,0.00154
2026-07-30 13:47:19,BTCUSDT,BINANCE,TRADE,64037.2,8e-05
2026-07-30 13:47:19,BTCUSDT,BINANCE,TRADE,64037.2,8e-05
2026-07-30 13:47:19,BTCUSDT,BINANCE,TRADE,64036.1,8e-05
2026-07-30 13:47:19,BTCUSDT,BINANCE,TRADE,64036.1,0.004
2026-07-30 13:47:19,BTCUSDT,BINANCE,TRADE,64036.1,8e-05
2026-07-30 13:47:19,BTCUSDT,BINANCE,TRADE,64036,8e-05
2026-07-30 13:47:19,BTCUSDT,BINANCE,TRADE,64036,0.00172
2026-07-30 13:47:19,BTCUSDT,BINANCE,TRADE,64036,0.005
2026-07-30 13:47:19,BTCUSDT,BINANCE,TRADE,64036,0.005
2026-07-30 13:47:19,BTCUSDT,BINANCE,TRADE,64036,0.00544
2026-07-30 13:47:19,BTCUSDT,BINANCE,TRADE,64036,0.00256
2026-07-30 13:47:19,BTCUSDT,BINANCE,TRADE,64036,0.006
2026-07-30 13:47:19,BTCUSDT,BINANCE,TRADE,64036,9e-05
2026-07-30 13:47:19,BTCUSDT,BINANCE,TRADE,64036,9e-05
2026-07-30 13:47:19,BTCUSDT,BINANCE,TRADE,64036,8e-05
2026-07-30 13:47:19,BTCUSDT,BINANCE,TRADE,64036,8e-05
2026-07-30 13:47:19,BTCUSDT,BINANCE,TRADE,64036,9e-05
2026-07-30 13:47:19,BTCUSDT,BINANCE,TRADE,64036,8e-05
2026-07-30 13:47:19,BTCUSDT,BINANCE,TRADE,64036,8e-05
2026-07-30 13:47:19,BTCUSDT,BINANCE,TRADE,64036,0.012
2026-07-30 13:47:19,BTCUSDT,BINANCE,TRADE,64036,9e-05
2026-07-30 13:47:19,BTCUSDT,BINANCE,TRADE,64036,9e-05
2026-07-30 13:47:19,BTCUSDT,BINANCE,TRADE,64036,8e-05
2026-07-30 13:47:19,BTCUSDT,BINANCE,TRADE,64036,8e-05
2026-07-30 13:47:19,BTCUSDT,BINANCE,TRADE,64036,8e-05
2026-07-30 13:47:19,BTCUSDT,BINANCE,TRADE,64035.9,0.0001
2026-07-30 13:47:19,BTCUSDT,BINANCE,TRADE,64035.7,0.01692
2026-07-30 13:47:19,BTCUSDT,BINANCE,TRADE,64035.7,8e-05
2026-07-30 13:47:19,BTCUSDT,BINANCE,TRADE,64035.7,8e-05
2026-07-30 13:47:19,BTCUSDT,BINANCE,TRADE,64035.7,9e-05
2026-07-30 13:47:19,BTCUSDT,BINANCE,TRADE,64035.7,9e-05
2026-07-30 13:47:19,BTCUSDT,BINANCE,TRADE,64035.7,8e-05
2026-07-30 13:47:19,BTCUSDT,BINANCE,TRADE,64035.7,8e-05
2026-07-30 13:47:19,BTCUSDT,BINANCE,TRADE,64035.6,9e-05
2026-07-30 13:47:19,BTCUSDT,BINANCE,TRADE,64035.6,8e-05
2026-07-30 13:47:19,BTCUSDT,BINANCE,TRADE,64035.6,8e-05
2026-07-30 13:47:19,BTCUSDT,BINANCE,TRADE,64035.6,8e-05
2026-07-30 13:47:19,BTCUSDT,BINANCE,TRADE,64035.6,8e-05
2026-07-30 13:47:19,BTCUSDT,BINANCE,TRADE,64035,0.0105
2026-07-30 13:47:19,BTCUSDT,BINANCE,TRADE,64035,0.0095
2026-07-30 13:47:19,BTCUSDT,BINANCE,TRADE,64035,0.0005
2026-07-30 13:47:19,BTCUSDT,BINANCE,TRADE,64035,0.005
2026-07-30 13:47:19,BTCUSDT,BINANCE,TRADE,64035,0.005
2026-07-30 13:47:19,BTCUSDT,BINANCE,TRADE,64035,0.0005
2026-07-30 13:47:19,ETHUSDT,BINANCE,TRADE,1905.68,0.0027
2026-07-30 13:47:19,ETHUSDT,BINANCE,TRADE,1905.68,0.0027
2026-07-30 13:47:19,ETHUSDT,BINANCE,TRADE,1905.68,0.0028
2026-07-30 13:47:19,ETHUSDT,BINANCE,TRADE,1905.68,0.0027
2026-07-30 13:47:19,ETHUSDT,BINANCE,TRADE,1905.68,0.0053
2026-07-30 13:47:19,ETHUSDT,BINANCE,TRADE,1905.68,0.0028
2026-07-30 13:47:19,ETHUSDT,BINANCE,TRADE,1905.68,0.0027
2026-07-30 13:47:19,ETHUSDT,BINANCE,TRADE,1905.68,0.0027
2026-07-30 13:47:19,ETHUSDT,BINANCE,TRADE,1905.68,0.0027
2026-07-30 13:47:19,ETHUSDT,BINANCE,TRADE,1905.68,0.0096
2026-07-30 13:47:19,ETHUSDT,BINANCE,TRADE,1905.68,0.0031
2026-07-30 13:47:19,ETHUSDT,BINANCE,TRADE,1905.68,0.0027
2026-07-30 13:47:19,ETHUSDT,BINANCE,TRADE,1905.68,0.0027
2026-07-30 13:47:19,ETHUSDT,BINANCE,TRADE,1905.68,0.0027
2026-07-30 13:47:19,ETHUSDT,BINANCE,TRADE,1905.68,0.0027
2026-07-30 13:47:19,ETHUSDT,BINANCE,TRADE,1905.68,0.0031
2026-07-30 13:47:19,ETHUSDT,BINANCE,TRADE,1905.68,0.0031
2026-07-30 13:47:19,ETHUSDT,BINANCE,TRADE,1905.68,0.0027
2026-07-30 13:47:19,ETHUSDT,BINANCE,TRADE,1905.68,0.0027
2026-07-30 13:47:19,ETHUSDT,BINANCE,TRADE,1905.68,0.0027
2026-07-30 13:47:19,ETHUSDT,BINANCE,TRADE,1905.68,0.0027
2026-07-30 13:47:19,ETHUSDT,BINANCE,TRADE,1905.68,0.0027
2026-07-30 13:47:19,ETHUSDT,BINANCE,TRADE,1905.68,0.0027
2026-07-30 13:47:19,ETHUSDT,BINANCE,TRADE,1905.68,0.0027
2026-07-30 13:47:19,ETHUSDT,BINANCE,TRADE,1905.68,0.0027
2026-07-30 13:47:19,ETHUSDT,BINANCE,TRADE,1905.68,0.0027
2026-07-30 13:47:19,ETHUSDT,BINANCE,TRADE,1905.68,0.0027
2026-07-30 13:47:19,ETHUSDT,BINANCE,TRADE,1905.68,0.0027
2026-07-30 13:47:19,ETHUSDT,BINANCE,TRADE,1905.68,0.0027
2026-07-30 13:47:19,ETHUSDT,BINANCE,TRADE,1905.68,0.0027
2026-07-30 13:47:19,ETHUSDT,BINANCE,TRADE,1905.67,0.0053
2026-07-30 13:47:19,ETHUSDT,BINANCE,TRADE,1905.67,0.0028
2026-07-30 13:47:19,ETHUSDT,BINANCE,TRADE,1905.67,0.0027
2026-07-30 13:47:19,ETHUSDT,BINANCE,TRADE,1905.67,0.0027
2026-07-30 13:47:19,ETHUSDT,BINANCE,TRADE,1905.67,0.0027
2026-07-30 13:47:19,ETHUSDT,BINANCE,TRADE,1905.67,0.0027
2026-07-30 13:47:19,ETHUSDT,BINANCE,TRADE,1905.66,0.0027
2026-07-30 13:47:19,ETHUSDT,BINANCE,TRADE,1905.66,0.0053
2026-07-30 13:47:19,ETHUSDT,BINANCE,TRADE,1905.66,0.0028
2026-07-30 13:47:19,ETHUSDT,BINANCE,TRADE,1905.65,0.0027
2026-07-30 13:47:19,ETHUSDT,BINANCE,TRADE,1905.65,0.0028
2026-07-30 13:47:19,ETHUSDT,BINANCE,TRADE,1905.65,0.0027
2026-07-30 13:47:19,ETHUSDT,BINANCE,TRADE,1905.65,0.0027
2026-07-30 13:47:19,ETHUSDT,BINANCE,TRADE,1905.65,0.0027
2026-07-30 13:47:19,ETHUSDT,BINANCE,TRADE,1905.65,0.0027
2026-07-30 13:47:19,ETHUSDT,BINANCE,TRADE,1905.63,0.0028
2026-07-30 13:47:19,ETHUSDT,BINANCE,TRADE,1905.63,0.0027
2026-07-30 13:47:19,ETHUSDT,BINANCE,TRADE,1905.63,0.0027
2026-07-30 13:47:19,ETHUSDT,BINANCE,TRADE,1905.62,0.0027
2026-07-30 13:47:19,ETHUSDT,BINANCE,TRADE,1905.62,0.0028
2026-07-30 13:47:19,ETHUSDT,BINANCE,TRADE,1905.62,0.0027
2026-07-30 13:47:19,ETHUSDT,BINANCE,TRADE,1905.62,0.0027
2026-07-30 13:47:19,ETHUSDT,BINANCE,TRADE,1905.62,0.0027
2026-07-30 13:47:19,ETHUSDT,BINANCE,TRADE,1905.62,0.0027
2026-07-30 13:47:19,ETHUSDT,BINANCE,TRADE,1905.61,0.0027
2026-07-30 13:47:19,ETHUSDT,BINANCE,TRADE,1905.61,0.0028
2026-07-30 13:47:19,ETHUSDT,BINANCE,TRADE,1905.6,0.0028
2026-07-30 13:47:19,ETHUSDT,BINANCE,TRADE,1905.6,0.0027
2026-07-30 13:47:19,ETHUSDT,BINANCE,TRADE,1905.6,0.0032
2026-07-30 13:47:19,ETHUSDT,BINANCE,TRADE,1905.6,0.0028
2026-07-30 13:47:19,ETHUSDT,BINANCE,TRADE,1905.6,0.0028
2026-07-30 13:47:19,ETHUSDT,BINANCE,TRADE,1905.6,0.0027
2026-07-30 13:47:19,ETHUSDT,BINANCE,TRADE,1905.6,0.0028
2026-07-30 13:47:19,ETHUSDT,BINANCE,TRADE,1905.6,0.0027
2026-07-30 13:47:19,ETHUSDT,BINANCE,TRADE,1905.6,0.0027
2026-07-30 13:47:19,ETHUSDT,BINANCE,TRADE,1905.6,0.0027
2026-07-30 13:47:19,SOLUSDT,BINANCE,TRADE,73.44,0.03
2026-07-30 13:47:19,SOLUSDT,BINANCE,TRADE,73.44,0.072
2026-07-30 13:47:19,SOLUSDT,BINANCE,TRADE,73.44,0.072
2026-07-30 13:47:19,SOLUSDT,BINANCE,TRADE,73.44,0.072
2026-07-30 13:47:19,SOLUSDT,BINANCE,TRADE,73.44,0.072
2026-07-30 13:47:19,SOLUSDT,BINANCE,TRADE,73.44,0.072
2026-07-30 13:47:19,SOLUSDT,BINANCE,TRADE,73.44,0.072
2026-07-30 13:47:19,SOLUSDT,BINANCE,TRADE,73.44,0.072
2026-07-30 13:47:19,SOLUSDT,BINANCE,TRADE,73.44,0.137
2026-07-30 13:47:19,SOLUSDT,BINANCE,TRADE,73.44,0.277
2026-07-30 13:47:19,SOLUSDT,BINANCE,TRADE,73.44,0.13
2026-07-30 13:47:19,SOLUSDT,BINANCE,TRADE,73.44,0.13
2026-07-30 13:47:19,SOLUSDT,BINANCE,TRADE,73.44,0.13
2026-07-30 13:47:19,SOLUSDT,BINANCE,TRADE,73.44,0.218
2026-07-30 13:47:19,SOLUSDT,BINANCE,TRADE,73.44,5.738
2026-07-30 13:47:19,SOLUSDT,BINANCE,TRADE,73.44,0.07
2026-07-30 13:47:19,SOLUSDT,BINANCE,TRADE,73.44,0.069
2026-07-30 13:47:19,SOLUSDT,BINANCE,TRADE,73.44,0.072
2026-07-30 13:47:19,SOLUSDT,BINANCE,TRADE,73.44,0.072
2026-07-30 13:47:19,SOLUSDT,BINANCE,TRADE,73.44,0.072
2026-07-30 13:47:19,SOLUSDT,BINANCE,TRADE,73.44,0.072
2026-07-30 13:47:19,SOLUSDT,BINANCE,TRADE,73.44,0.072
2026-07-30 13:47:19,BTCUSDT,BINANCE,TRADE,64035,0.002
2026-07-30 13:47:19,BTCUSDT,BINANCE,TRADE,64035,0.00156
2026-07-30 13:47:19,BTCUSDT,BINANCE,TRADE,64035,0.001
2026-07-30 13:47:19,BTCUSDT,BINANCE,TRADE,64035,0.0005
2026-07-30 13:47:19,BTCUSDT,BINANCE,TRADE,64035,0.001
2026-07-30 13:47:19,BTCUSDT,BINANCE,TRADE,64035,0.0005
2026-07-30 13:47:19,BTCUSDT,BINANCE,TRADE,64035,0.0005
2026-07-30 13:47:19,BTCUSDT,BINANCE,TRADE,64035,0.0005
2026-07-30 13:47:19,BTCUSDT,BINANCE,TRADE,64035,0.00156
2026-07-30 13:47:19,BTCUSDT,BINANCE,TRADE,64035,0.00045
2026-07-30 13:47:19,BTCUSDT,BINANCE,TRADE,64035,0.0005
2026-07-30 13:47:19,BTCUSDT,BINANCE,TRADE,64035,0.00499
2026-07-30 13:47:19,BTCUSDT,BINANCE,TRADE,64035,0.0005
2026-07-30 13:47:19,BTCUSDT,BINANCE,TRADE,64035,0.0005
2026-07-30 13:47:19,BTCUSDT,BINANCE,TRADE,64035,0.0005
2026-07-30 13:47:19,BTCUSDT,BINANCE,TRADE,64035,0.0005
2026-07-30 13:47:19,BTCUSDT,BINANCE,TRADE,64035,0.0005
2026-07-30 13:47:19,BTCUSDT,BINANCE,TRADE,64035,0.0005
2026-07-30 13:47:19,BTCUSDT,BINANCE,TRADE,64035,0.0005
2026-07-30 13:47:19,BTCUSDT,BINANCE,TRADE,64035,0.00024
2026-07-30 13:47:19,BTCUSDT,BINANCE,TRADE,64035,0.0005
2026-07-30 13:47:19,BTCUSDT,BINANCE,TRADE,64035,0.0005
2026-07-30 13:47:19,BTCUSDT,BINANCE,TRADE,64035,0.0013
2026-07-30 13:47:19,BTCUSDT,BINANCE,TRADE,64035,0.0005
2026-07-30 13:47:19,BTCUSDT,BINANCE,TRADE,64035,0.0005
2026-07-30 13:47:19,BTCUSDT,BINANCE,TRADE,64035,0.0005
2026-07-30 13:47:19,BTCUSDT,BINANCE,TRADE,64035,0.0005
2026-07-30 13:47:19,BTCUSDT,BINANCE,TRADE,64035,0.0005
2026-07-30 13:47:19,BTCUSDT,BINANCE,TRADE,64035,0.00016
2026-07-30 13:47:19,BTCUSDT,BINANCE,TRADE,64035,0.00166
2026-07-30 13:47:19,BTCUSDT,BINANCE,TRADE,64035,0.0005
2026-07-30 13:47:19,BTCUSDT,BINANCE,TRADE,64035,0.0005
2026-07-30 13:47:19,BTCUSDT,BINANCE,TRADE,64035,0.00018
2026-07-30 13:47:19,BTCUSDT,BINANCE,TRADE,64035,0.0005
2026-07-30 13:47:19,ETHUSDT,BINANCE,TRADE,1905.6,0.0103
2026-07-30 13:47:19,BTCUSDT,BINANCE,TRADE,64035,0.002
2026-07-30 13:47:19,BTCUSDT,BINANCE,TRADE,64035,0.0005
2026-07-30 13:47:19,BTCUSDT,BINANCE,TRADE,64035,0.0005
2026-07-30 13:47:19,BTCUSDT,BINANCE,TRADE,64035,0.00017
2026-07-30 13:47:19,BTCUSDT,BINANCE,TRADE,64035,0.0005
2026-07-30 13:47:19,BTCUSDT,BINANCE,TRADE,64035,0.0005
2026-07-30 13:47:19,ETHUSDT,BINANCE,TRADE,1905.59,0.0027
2026-07-30 13:47:19,ETHUSDT,BINANCE,TRADE,1905.59,0.0311
2026-07-30 13:47:19,BTCUSDT,BINANCE,TRADE,64035,0.00122
2026-07-30 13:47:19,BTCUSDT,BINANCE,TRADE,64035,0.0005
2026-07-30 13:47:19,BTCUSDT,BINANCE,TRADE,64035,0.0005
2026-07-30 13:47:19,BTCUSDT,BINANCE,TRADE,64035,0.0005
2026-07-30 13:47:19,BTCUSDT,BINANCE,TRADE,64035,0.00017
2026-07-30 13:47:19,BTCUSDT,BINANCE,TRADE,64035,0.0005
2026-07-30 13:47:19,BTCUSDT,BINANCE,TRADE,64035,0.00156
2026-07-30 13:47:19,BTCUSDT,BINANCE,TRADE,64035,0.00156
2026-07-30 13:47:19,BTCUSDT,BINANCE,TRADE,64035,0.0005
2026-07-30 13:47:19,BTCUSDT,BINANCE,TRADE,64035,0.0005
2026-07-30 13:47:19,BTCUSDT,BINANCE,TRADE,64035,0.0005
2026-07-30 13:47:19,BTCUSDT,BINANCE,TRADE,64035,0.02645
2026-07-30 13:47:19,BTCUSDT,BINANCE,TRADE,64035,0.0005
2026-07-30 13:47:19,BTCUSDT,BINANCE,TRADE,64035,0.00012
2026-07-30 13:47:19,BTCUSDT,BINANCE,TRADE,64035,0.00156
2026-07-30 13:47:19,BTCUSDT,BINANCE,TRADE,64035,0.00156
2026-07-30 13:47:19,BTCUSDT,BINANCE,TRADE,64035,0.0013
2026-07-30 13:47:19,BTCUSDT,BINANCE,TRADE,64035,0.0005
2026-07-30 13:47:19,BTCUSDT,BINANCE,TRADE,64035,0.0005
2026-07-30 13:47:19,BTCUSDT,BINANCE,TRADE,64035,0.00224
2026-07-30 13:47:19,BTCUSDT,BINANCE,TRADE,64035,0.0005
2026-07-30 13:47:19,BTCUSDT,BINANCE,TRADE,64035,0.0005
2026-07-30 13:47:19,BTCUSDT,BINANCE,TRADE,64035,0.00086
2026-07-30 13:47:19,BTCUSDT,BINANCE,TRADE,64035,0.00515
2026-07-30 13:47:19,BTCUSDT,BINANCE,TRADE,64035,0.0005
2026-07-30 13:47:19,BTCUSDT,BINANCE,TRADE,64035,0.00014
2026-07-30 13:47:19,BTCUSDT,BINANCE,TRADE,64035,0.0005
2026-07-30 13:47:19,BTCUSDT,BINANCE,TRADE,64035,0.0005
2026-07-30 13:47:19,BTCUSDT,BINANCE,TRADE,64035,0.0005
2026-07-30 13:47:19,BTCUSDT,BINANCE,TRADE,64035,0.0005
2026-07-30 13:47:19,BTCUSDT,BINANCE,TRADE,64035,0.00141
2026-07-30 13:47:19,BTCUSDT,BINANCE,TRADE,64035,0.0005
2026-07-30 13:47:19,BTCUSDT,BINANCE,TRADE,64035,0.0005
2026-07-30 13:47:19,ETHUSDT,BINANCE,TRADE,1905.59,0.0216
2026-07-30 13:47:19,BTCUSDT,BINANCE,TRADE,64035,0.00521
2026-07-30 13:47:19,BTCUSDT,BINANCE,TRADE,64035,0.00156
2026-07-30 13:47:19,BTCUSDT,BINANCE,TRADE,64035,0.0005
2026-07-30 13:47:19,BTCUSDT,BINANCE,TRADE,64035,0.0005
2026-07-30 13:47:19,BTCUSDT,BINANCE,TRADE,64035,0.0005
2026-07-30 13:47:20,ETHUSDT,BINANCE,TRADE,1905.6,0.0145
2026-07-30 13:47:20,BTCUSDT,BINANCE,TRADE,64035,0.00027
2026-07-30 13:47:20,BTCUSDT,BINANCE,TRADE,64035,0.0005
2026-07-30 13:47:20,BTCUSDT,BINANCE,TRADE,64035,0.00156
2026-07-30 13:47:20,BTCUSDT,BINANCE,TRADE,64035,0.005
2026-07-30 13:47:20,BTCUSDT,BINANCE,TRADE,64035,0.0005
2026-07-30 13:47:20,ETHUSDT,BINANCE,TRADE,1905.6,0.1091
2026-07-30 13:47:20,BTCUSDT,BINANCE,TRADE,64035,0.005
2026-07-30 13:47:20,BTCUSDT,BINANCE,TRADE,64035,0.005
2026-07-30 13:47:20,ETHUSDT,BINANCE,TRADE,1905.6,0.0288
2026-07-30 13:47:20,BTCUSDT,BINANCE,TRADE,64035,0.0005
2026-07-30 13:47:20,SOLUSDT,BINANCE,TRADE,73.43,0.277
2026-07-30 13:47:20,SOLUSDT,BINANCE,TRADE,73.43,13.717
2026-07-30 13:47:20,SOLUSDT,BINANCE,TRADE,73.43,13.246
2026-07-30 13:47:20,BTCUSDT,BINANCE,TRADE,64035,0.0005
2026-07-30 13:47:20,ETHUSDT,BINANCE,TRADE,1905.6,0.0353
2026-07-30 13:47:20,BTCUSDT,BINANCE,TRADE,64035,0.0005
2026-07-30 13:47:20,BTCUSDT,BINANCE,TRADE,64035,0.0005
2026-07-30 13:47:20,BTCUSDT,BINANCE,TRADE,64035,0.0005
2026-07-30 13:47:20,BTCUSDT,BINANCE,TRADE,64035,0.0005
2026-07-30 13:47:20,BTCUSDT,BINANCE,TRADE,64035,0.0005
2026-07-30 13:47:20,BTCUSDT,BINANCE,TRADE,64035,0.0005
2026-07-30 13:47:20,BTCUSDT,BINANCE,TRADE,64035,0.00129
2026-07-30 13:47:20,BTCUSDT,BINANCE,TRADE,64035,0.0005
2026-07-30 13:47:20,BTCUSDT,BINANCE,TRADE,64035,0.00156
2026-07-30 13:47:20,BTCUSDT,BINANCE,TRADE,64035,0.01873
2026-07-30 13:47:20,BTCUSDT,BINANCE,TRADE,64035,0.0005
2026-07-30 13:47:20,BTCUSDT,BINANCE,TRADE,64035,0.00012
2026-07-30 13:47:20,BTCUSDT,BINANCE,TRADE,64035,0.0005
2026-07-30 13:47:20,BTCUSDT,BINANCE,TRADE,64035,0.0005
2026-07-30 13:47:20,BTCUSDT,BINANCE,TRADE,64035,0.0005
2026-07-30 13:47:20,BTCUSDT,BINANCE,TRADE,64035,0.00156
2026-07-30 13:47:20,ETHUSDT,BINANCE,TRADE,1905.6,0.0522
2026-07-30 13:47:20,BTCUSDT,BINANCE,TRADE,64035,0.0005
2026-07-30 13:47:20,BTCUSDT,BINANCE,TRADE,64035,0.0005
2026-07-30 13:47:20,BTCUSDT,BINANCE,TRADE,64035,0.00019
2026-07-30 13:47:20,BTCUSDT,BINANCE,TRADE,64035,0.0005
2026-07-30 13:47:20,BTCUSDT,BINANCE,TRADE,64035,0.0005
2026-07-30 13:47:20,BTCUSDT,BINANCE,TRADE,64035,8e-05
2026-07-30 13:47:20,BTCUSDT,BINANCE,TRADE,64035,0.0005
2026-07-30 13:47:20,BTCUSDT,BINANCE,TRADE,64035,0.0005
2026-07-30 13:47:20,BTCUSDT,BINANCE,TRADE,64035,0.0005
2026-07-30 13:47:20,BTCUSDT,BINANCE,TRADE,64035,0.0005
2026-07-30 13:47:20,BTCUSDT,BINANCE,TRADE,64035,0.00083
2026-07-30 13:47:20,BTCUSDT,BINANCE,TRADE,64035,0.0005
2026-07-30 13:47:20,BTCUSDT,BINANCE,TRADE,64035,0.0005
2026-07-30 13:47:20,BTCUSDT,BINANCE,TRADE,64035,0.00065
2026-07-30 13:47:20,BTCUSDT,BINANCE,TRADE,64035,0.0005
2026-07-30 13:47:20,BTCUSDT,BINANCE,TRADE,64035,0.00154
2026-07-30 13:47:20,BTCUSDT,BINANCE,TRADE,64035,0.0005
2026-07-30 13:47:20,BTCUSDT,BINANCE,TRADE,64035,0.0005
2026-07-30 13:47:20,BTCUSDT,BINANCE,TRADE,64035,0.0005
2026-07-30 13:47:20,BTCUSDT,BINANCE,TRADE,64035,0.0005
2026-07-30 13:47:20,BTCUSDT,BINANCE,TRADE,64035,0.0005
2026-07-30 13:47:20,BTCUSDT,BINANCE,TRADE,64035,0.0005
2026-07-30 13:47:20,BTCUSDT,BINANCE,TRADE,64035,0.00055
2026-07-30 13:47:20,BTCUSDT,BINANCE,TRADE,64035,0.0005
2026-07-30 13:47:20,BTCUSDT,BINANCE,TRADE,64035,0.0005
2026-07-30 13:47:20,BTCUSDT,BINANCE,TRADE,64035,0.0005
2026-07-30 13:47:20,BTCUSDT,BINANCE,TRADE,64035,0.0005
2026-07-30 13:47:20,BTCUSDT,BINANCE,TRADE,64035,0.0005
2026-07-30 13:47:20,BTCUSDT,BINANCE,TRADE,64035,0.0005
2026-07-30 13:47:20,BTCUSDT,BINANCE,TRADE,64035,0.00156
2026-07-30 13:47:20,BTCUSDT,BINANCE,TRADE,64035,0.0005
2026-07-30 13:47:20,BTCUSDT,BINANCE,TRADE,64035,0.0005
2026-07-30 13:47:20,BTCUSDT,BINANCE,TRADE,64035,0.0005
2026-07-30 13:47:20,BTCUSDT,BINANCE,TRADE,64035,0.00029
2026-07-30 13:47:20,BTCUSDT,BINANCE,TRADE,64035,0.0005
2026-07-30 13:47:20,BTCUSDT,BINANCE,TRADE,64035,0.00156
2026-07-30 13:47:20,BTCUSDT,BINANCE,TRADE,64035,0.0005
2026-07-30 13:47:20,BTCUSDT,BINANCE,TRADE,64035,0.0005
2026-07-30 13:47:20,BTCUSDT,BINANCE,TRADE,64035,0.0005
2026-07-30 13:47:20,BTCUSDT,BINANCE,TRADE,64035,0.00499
2026-07-30 13:47:20,BTCUSDT,BINANCE,TRADE,64035,0.0005
2026-07-30 13:47:20,BTCUSDT,BINANCE,TRADE,64035,0.00156
2026-07-30 13:47:20,BTCUSDT,BINANCE,TRADE,64035,0.0005
2026-07-30 13:47:20,BTCUSDT,BINANCE,TRADE,64035,0.0005
2026-07-30 13:47:20,BTCUSDT,BINANCE,TRADE,64035,0.0005
2026-07-30 13:47:20,BTCUSDT,BINANCE,TRADE,64035,0.0005
2026-07-30 13:47:20,BTCUSDT,BINANCE,TRADE,64035,0.005
2026-07-30 13:47:20,BTCUSDT,BINANCE,TRADE,64035,0.00156
2026-07-30 13:47:20,BTCUSDT,BINANCE,TRADE,64035,0.0005
2026-07-30 13:47:20,BTCUSDT,BINANCE,TRADE,64035,0.0005
2026-07-30 13:47:20,BTCUSDT,BINANCE,TRADE,64035,0.0005
2026-07-30 13:47:20,BTCUSDT,BINANCE,TRADE,64035,0.0005
2026-07-30 13:47:20,BTCUSDT,BINANCE,TRADE,64035,0.00156
2026-07-30 13:47:20,BTCUSDT,BINANCE,TRADE,64035,0.0005
2026-07-30 13:47:20,BTCUSDT,BINANCE,TRADE,64035,0.0005
2026-07-30 13:47:20,BTCUSDT,BINANCE,TRADE,64035,0.00033
2026-07-30 13:47:20,BTCUSDT,BINANCE,TRADE,64035,0.0005
2026-07-30 13:47:20,BTCUSDT,BINANCE,TRADE,64035,0.002
2026-07-30 13:47:20,BTCUSDT,BINANCE,TRADE,64035,0.0005
2026-07-30 13:47:20,BTCUSDT,BINANCE,TRADE,64035,0.00156
2026-07-30 13:47:20,BTCUSDT,BINANCE,TRADE,64035,0.0005
2026-07-30 13:47:20,BTCUSDT,BINANCE,TRADE,64035,0.0002
2026-07-30 13:47:20,BTCUSDT,BINANCE,TRADE,64035,0.0005
2026-07-30 13:47:20,BTCUSDT,BINANCE,TRADE,64035,0.0005
2026-07-30 13:47:20,BTCUSDT,BINANCE,TRADE,64035,0.0005
2026-07-30 13:47:20,BTCUSDT,BINANCE,TRADE,64035,0.0005
2026-07-30 13:47:20,BTCUSDT,BINANCE,TRADE,64035,0.00078
2026-07-30 13:47:20,BTCUSDT,BINANCE,TRADE,64035,0.0005
2026-07-30 13:47:20,BTCUSDT,BINANCE,TRADE,64035,0.0005
2026-07-30 13:47:20,BTCUSDT,BINANCE,TRADE,64035,0.0005
2026-07-30 13:47:20,BTCUSDT,BINANCE,TRADE,64035,0.0005
2026-07-30 13:47:20,BTCUSDT,BINANCE,TRADE,64035,0.0005
2026-07-30 13:47:20,BTCUSDT,BINANCE,TRADE,64035,0.0005
2026-07-30 13:47:20,BTCUSDT,BINANCE,TRADE,64035,0.00156
2026-07-30 13:47:20,BTCUSDT,BINANCE,TRADE,64035,0.0005
2026-07-30 13:47:20,BTCUSDT,BINANCE,TRADE,64035,0.00166
2026-07-30 13:47:20,BTCUSDT,BINANCE,TRADE,64035,0.00038
2026-07-30 13:47:20,BTCUSDT,BINANCE,TRADE,64035,0.0005
2026-07-30 13:47:20,BTCUSDT,BINANCE,TRADE,64035,0.0005
2026-07-30 13:47:20,BTCUSDT,BINANCE,TRADE,64035,0.0005
2026-07-30 13:47:20,BTCUSDT,BINANCE,TRADE,64035,0.00156
2026-07-30 13:47:20,BTCUSDT,BINANCE,TRADE,64035,0.0005
2026-07-30 13:47:20,BTCUSDT,BINANCE,TRADE,64035,0.00015
2026-07-30 13:47:20,BTCUSDT,BINANCE,TRADE,64035,0.0005
2026-07-30 13:47:20,BTCUSDT,BINANCE,TRADE,64035,0.00018
2026-07-30 13:47:20,SOLUSDT,BINANCE,TRADE,73.43,0.285
2026-07-30 13:47:20,SOLUSDT,BINANCE,TRADE,73.43,0.072
2026-07-30 13:47:20,SOLUSDT,BINANCE,TRADE,73.43,0.069
2026-07-30 13:47:20,SOLUSDT,BINANCE,TRADE,73.43,0.072
2026-07-30 13:47:20,SOLUSDT,BINANCE,TRADE,73.43,0.137
2026-07-30 13:47:20,SOLUSDT,BINANCE,TRADE,73.43,0.103
2026-07-30 13:47:20,SOLUSDT,BINANCE,TRADE,73.43,0.069
2026-07-30 13:47:20,SOLUSDT,BINANCE,TRADE,73.43,0.013
2026-07-30 13:47:20,SOLUSDT,BINANCE,TRADE,73.43,0.069
2026-07-30 13:47:20,SOLUSDT,BINANCE,TRADE,73.43,0.072
2026-07-30 13:47:20,SOLUSDT,BINANCE,TRADE,73.43,0.072
2026-07-30 13:47:20,SOLUSDT,BINANCE,TRADE,73.43,4.89
2026-07-30 13:47:20,SOLUSDT,BINANCE,TRADE,73.43,4
2026-07-30 13:47:20,SOLUSDT,BINANCE,TRADE,73.43,8
2026-07-30 13:47:20,SOLUSDT,BINANCE,TRADE,73.43,2
2026-07-30 13:47:20,SOLUSDT,BINANCE,TRADE,73.43,7.327
2026-07-30 13:47:20,BTCUSDT,BINANCE,TRADE,64035,0.0005
2026-07-30 13:47:20,ETHUSDT,BINANCE,TRADE,1905.6,0.003
2026-07-30 13:47:20,BTCUSDT,BINANCE,TRADE,64035,0.0005
2026-07-30 13:47:20,BTCUSDT,BINANCE,TRADE,64035,0.0005
2026-07-30 13:47:20,BTCUSDT,BINANCE,TRADE,64035,0.00033
2026-07-30 13:47:20,BTCUSDT,BINANCE,TRADE,64035,0.0005
2026-07-30 13:47:20,BTCUSDT,BINANCE,TRADE,64035,0.0005
2026-07-30 13:47:20,BTCUSDT,BINANCE,TRADE,64035,0.00999
2026-07-30 13:47:20,BTCUSDT,BINANCE,TRADE,64035,0.0005
2026-07-30 13:47:20,BTCUSDT,BINANCE,TRADE,64035,0.0005
2026-07-30 13:47:20,BTCUSDT,BINANCE,TRADE,64035,0.0005
2026-07-30 13:47:20,BTCUSDT,BINANCE,TRADE,64035,0.00156
2026-07-30 13:47:20,BTCUSDT,BINANCE,TRADE,64035,0.0005
2026-07-30 13:47:20,BTCUSDT,BINANCE,TRADE,64035,0.0005
2026-07-30 13:47:20,BTCUSDT,BINANCE,TRADE,64035,0.00253
2026-07-30 13:47:20,BTCUSDT,BINANCE,TRADE,64035,0.0005
2026-07-30 13:47:20,BTCUSDT,BINANCE,TRADE,64035,0.002
2026-07-30 13:47:20,BTCUSDT,BINANCE,TRADE,64035,0.0005
2026-07-30 13:47:20,BTCUSDT,BINANCE,TRADE,64035,0.00156
2026-07-30 13:47:20,BTCUSDT,BINANCE,TRADE,64035,0.00156
2026-07-30 13:47:20,BTCUSDT,BINANCE,TRADE,64035,0.0005
2026-07-30 13:47:21,BTCUSDT,BINANCE,TRADE,64035,0.00156
2026-07-30 13:47:21,BTCUSDT,BINANCE,TRADE,64035,0.0013
2026-07-30 13:47:21,BTCUSDT,BINANCE,TRADE,64035,0.0005
2026-07-30 13:47:21,BTCUSDT,BINANCE,TRADE,64035,0.0005
2026-07-30 13:47:21,BTCUSDT,BINANCE,TRADE,64035,0.0005
2026-07-30 13:47:21,BTCUSDT,BINANCE,TRADE,64035,0.00156
2026-07-30 13:47:21,ETHUSDT,BINANCE,TRADE,1905.59,0.0181
2026-07-30 13:47:21,BTCUSDT,BINANCE,TRADE,64035,0.00156
2026-07-30 13:47:21,BTCUSDT,BINANCE,TRADE,64035,0.0005
2026-07-30 13:47:21,BTCUSDT,BINANCE,TRADE,64035,0.0005
2026-07-30 13:47:21,BTCUSDT,BINANCE,TRADE,64035,0.00024
2026-07-30 13:47:21,BTCUSDT,BINANCE,TRADE,64035,0.0005
2026-07-30 13:47:21,BTCUSDT,BINANCE,TRADE,64035,0.0005
2026-07-30 13:47:21,BTCUSDT,BINANCE,TRADE,64035,0.00045
2026-07-30 13:47:21,BTCUSDT,BINANCE,TRADE,64035,0.0005
2026-07-30 13:47:21,BTCUSDT,BINANCE,TRADE,64035,0.0005
2026-07-30 13:47:21,ETHUSDT,BINANCE,TRADE,1905.6,0.0027
2026-07-30 13:47:21,ETHUSDT,BINANCE,TRADE,1905.6,0.0028
2026-07-30 13:47:21,ETHUSDT,BINANCE,TRADE,1905.6,0.0027
2026-07-30 13:47:21,ETHUSDT,BINANCE,TRADE,1905.6,0.0053
2026-07-30 13:47:21,ETHUSDT,BINANCE,TRADE,1905.6,0.0027
2026-07-30 13:47:21,ETHUSDT,BINANCE,TRADE,1905.6,0.0027
2026-07-30 13:47:21,ETHUSDT,BINANCE,TRADE,1905.6,0.0027
2026-07-30 13:47:21,ETHUSDT,BINANCE,TRADE,1905.6,0.0027
2026-07-30 13:47:21,ETHUSDT,BINANCE,TRADE,1905.6,0.0028
2026-07-30 13:47:21,ETHUSDT,BINANCE,TRADE,1905.6,0.047
2026-07-30 13:47:21,ETHUSDT,BINANCE,TRADE,1905.6,0.046
2026-07-30 13:47:21,ETHUSDT,BINANCE,TRADE,1905.6,0.021
2026-07-30 13:47:21,ETHUSDT,BINANCE,TRADE,1905.6,0.0027
2026-07-30 13:47:21,ETHUSDT,BINANCE,TRADE,1905.6,0.021
2026-07-30 13:47:21,ETHUSDT,BINANCE,TRADE,1905.6,0.0027
2026-07-30 13:47:21,ETHUSDT,BINANCE,TRADE,1905.6,0.0616
2026-07-30 13:47:21,ETHUSDT,BINANCE,TRADE,1905.6,0.0027
2026-07-30 13:47:21,ETHUSDT,BINANCE,TRADE,1905.6,0.0027
2026-07-30 13:47:21,ETHUSDT,BINANCE,TRADE,1905.6,0.0027
2026-07-30 13:47:21,ETHUSDT,BINANCE,TRADE,1905.6,0.0027
2026-07-30 13:47:21,ETHUSDT,BINANCE,TRADE,1905.6,0.0027
2026-07-30 13:47:21,ETHUSDT,BINANCE,TRADE,1905.6,0.0027
2026-07-30 13:47:21,ETHUSDT,BINANCE,TRADE,1905.6,0.0027
2026-07-30 13:47:21,ETHUSDT,BINANCE,TRADE,1905.6,0.0027
2026-07-30 13:47:21,ETHUSDT,BINANCE,TRADE,1905.6,0.0027
2026-07-30 13:47:21,ETHUSDT,BINANCE,TRADE,1905.6,0.0027
2026-07-30 13:47:21,ETHUSDT,BINANCE,TRADE,1905.6,0.0027
2026-07-30 13:47:21,ETHUSDT,BINANCE,TRADE,1905.6,0.0027
2026-07-30 13:47:21,ETHUSDT,BINANCE,TRADE,1905.6,0.0027
2026-07-30 13:47:21,ETHUSDT,BINANCE,TRADE,1905.6,0.0027
2026-07-30 13:47:21,ETHUSDT,BINANCE,TRADE,1905.61,0.0053
2026-07-30 13:47:21,ETHUSDT,BINANCE,TRADE,1905.61,0.0028
2026-07-30 13:47:21,ETHUSDT,BINANCE,TRADE,1905.61,0.0027
2026-07-30 13:47:21,ETHUSDT,BINANCE,TRADE,1905.61,0.0027
2026-07-30 13:47:21,ETHUSDT,BINANCE,TRADE,1905.62,0.0053
2026-07-30 13:47:21,ETHUSDT,BINANCE,TRADE,1905.62,0.0027
2026-07-30 13:47:21,ETHUSDT,BINANCE,TRADE,1905.62,0.0028
2026-07-30 13:47:21,ETHUSDT,BINANCE,TRADE,1905.62,0.0027
2026-07-30 13:47:21,ETHUSDT,BINANCE,TRADE,1905.62,0.0027
2026-07-30 13:47:21,ETHUSDT,BINANCE,TRADE,1905.63,0.0028
2026-07-30 13:47:21,ETHUSDT,BINANCE,TRADE,1905.63,0.0028
2026-07-30 13:47:21,ETHUSDT,BINANCE,TRADE,1905.63,0.0028
2026-07-30 13:47:21,ETHUSDT,BINANCE,TRADE,1905.63,0.0028
2026-07-30 13:47:21,BTCUSDT,BINANCE,TRADE,64035,0.0005
2026-07-30 13:47:21,ETHUSDT,BINANCE,TRADE,1905.64,0.0028
2026-07-30 13:47:21,ETHUSDT,BINANCE,TRADE,1905.64,0.0027
2026-07-30 13:47:21,ETHUSDT,BINANCE,TRADE,1905.64,0.2243
2026-07-30 13:47:21,BTCUSDT,BINANCE,TRADE,64035,0.0005
2026-07-30 13:47:21,ETHUSDT,BINANCE,TRADE,1905.64,0.0189
2026-07-30 13:47:21,BTCUSDT,BINANCE,TRADE,64035,0.0005
2026-07-30 13:47:21,BTCUSDT,BINANCE,TRADE,64035,0.0005
2026-07-30 13:47:21,BTCUSDT,BINANCE,TRADE,64035,0.00019
2026-07-30 13:47:21,BTCUSDT,BINANCE,TRADE,64035,0.00017
2026-07-30 13:47:21,BTCUSDT,BINANCE,TRADE,64035,0.0005
2026-07-30 13:47:21,ETHUSDT,BINANCE,TRADE,1905.64,0.0027
2026-07-30 13:47:21,ETHUSDT,BINANCE,TRADE,1905.64,0.0027
2026-07-30 13:47:21,ETHUSDT,BINANCE,TRADE,1905.64,0.0027
2026-07-30 13:47:21,ETHUSDT,BINANCE,TRADE,1905.64,0.0027
2026-07-30 13:47:21,ETHUSDT,BINANCE,TRADE,1905.64,0.0027
2026-07-30 13:47:21,ETHUSDT,BINANCE,TRADE,1905.64,0.0027
2026-07-30 13:47:21,ETHUSDT,BINANCE,TRADE,1905.64,0.0053
2026-07-30 13:47:21,ETHUSDT,BINANCE,TRADE,1905.64,0.0027
2026-07-30 13:47:21,ETHUSDT,BINANCE,TRADE,1905.64,0.0028
2026-07-30 13:47:21,ETHUSDT,BINANCE,TRADE,1905.64,0.0028
2026-07-30 13:47:21,ETHUSDT,BINANCE,TRADE,1905.64,0.0027
2026-07-30 13:47:21,ETHUSDT,BINANCE,TRADE,1905.64,0.0027
2026-07-30 13:47:21,ETHUSDT,BINANCE,TRADE,1905.64,0.0027
2026-07-30 13:47:21,ETHUSDT,BINANCE,TRADE,1905.65,0.0027
2026-07-30 13:47:21,ETHUSDT,BINANCE,TRADE,1905.65,0.0028
2026-07-30 13:47:21,ETHUSDT,BINANCE,TRADE,1905.65,0.0027
2026-07-30 13:47:21,ETHUSDT,BINANCE,TRADE,1905.65,0.0027
2026-07-30 13:47:21,ETHUSDT,BINANCE,TRADE,1905.65,0.0027
2026-07-30 13:47:21,ETHUSDT,BINANCE,TRADE,1905.65,0.0027
2026-07-30 13:47:21,ETHUSDT,BINANCE,TRADE,1905.65,0.0053
2026-07-30 13:47:21,ETHUSDT,BINANCE,TRADE,1905.65,0.0027
2026-07-30 13:47:21,ETHUSDT,BINANCE,TRADE,1905.65,0.0027
2026-07-30 13:47:21,ETHUSDT,BINANCE,TRADE,1905.65,0.0027
2026-07-30 13:47:21,ETHUSDT,BINANCE,TRADE,1905.65,0.0027
2026-07-30 13:47:21,ETHUSDT,BINANCE,TRADE,1905.65,0.0027
2026-07-30 13:47:21,ETHUSDT,BINANCE,TRADE,1905.66,0.0027
2026-07-30 13:47:21,ETHUSDT,BINANCE,TRADE,1905.66,0.0028
2026-07-30 13:47:21,ETHUSDT,BINANCE,TRADE,1905.66,0.0027
2026-07-30 13:47:21,ETHUSDT,BINANCE,TRADE,1905.66,0.0053
2026-07-30 13:47:21,ETHUSDT,BINANCE,TRADE,1905.66,0.0027
2026-07-30 13:47:21,ETHUSDT,BINANCE,TRADE,1905.67,0.0028
2026-07-30 13:47:21,ETHUSDT,BINANCE,TRADE,1905.68,0.0028
2026-07-30 13:47:21,ETHUSDT,BINANCE,TRADE,1905.69,0.0027
2026-07-30 13:47:21,ETHUSDT,BINANCE,TRADE,1905.69,0.0027
2026-07-30 13:47:21,ETHUSDT,BINANCE,TRADE,1905.69,0.0028
2026-07-30 13:47:21,ETHUSDT,BINANCE,TRADE,1905.69,0.0027
2026-07-30 13:47:21,ETHUSDT,BINANCE,TRADE,1905.69,0.0027
2026-07-30 13:47:21,ETHUSDT,BINANCE,TRADE,1905.69,0.0027
2026-07-30 13:47:21,ETHUSDT,BINANCE,TRADE,1905.69,0.0027
2026-07-30 13:47:21,ETHUSDT,BINANCE,TRADE,1905.69,0.0027
2026-07-30 13:47:21,ETHUSDT,BINANCE,TRADE,1905.71,0.0028
2026-07-30 13:47:21,ETHUSDT,BINANCE,TRADE,1905.71,0.0028
2026-07-30 13:47:21,ETHUSDT,BINANCE,TRADE,1905.71,0.0028
2026-07-30 13:47:21,BTCUSDT,BINANCE,TRADE,64035,0.00032
2026-07-30 13:47:21,BTCUSDT,BINANCE,TRADE,64035,0.0005
2026-07-30 13:47:21,BTCUSDT,BINANCE,TRADE,64035,0.00018
2026-07-30 13:47:21,BTCUSDT,BINANCE,TRADE,64035,0.00053
2026-07-30 13:47:21,BTCUSDT,BINANCE,TRADE,64035,0.00092
2026-07-30 13:47:21,BTCUSDT,BINANCE,TRADE,64035,0.0005
2026-07-30 13:47:21,ETHUSDT,BINANCE,TRADE,1905.72,0.0028
2026-07-30 13:47:21,ETHUSDT,BINANCE,TRADE,1905.72,0.0027
2026-07-30 13:47:21,ETHUSDT,BINANCE,TRADE,1905.72,0.0027
2026-07-30 13:47:21,ETHUSDT,BINANCE,TRADE,1905.72,0.0027
2026-07-30 13:47:21,ETHUSDT,BINANCE,TRADE,1905.72,0.0027
2026-07-30 13:47:21,ETHUSDT,BINANCE,TRADE,1905.72,0.0027
2026-07-30 13:47:21,ETHUSDT,BINANCE,TRADE,1905.72,0.0027
2026-07-30 13:47:21,ETHUSDT,BINANCE,TRADE,1905.72,0.0027
2026-07-30 13:47:21,ETHUSDT,BINANCE,TRADE,1905.72,0.0027
2026-07-30 13:47:21,ETHUSDT,BINANCE,TRADE,1905.72,0.0027
2026-07-30 13:47:21,ETHUSDT,BINANCE,TRADE,1905.72,2.0617
2026-07-30 13:47:21,ETHUSDT,BINANCE,TRADE,1905.72,0.0028
2026-07-30 13:47:21,ETHUSDT,BINANCE,TRADE,1905.72,0.9144
2026-07-30 13:47:21,BTCUSDT,BINANCE,TRADE,64035,0.0005
2026-07-30 13:47:21,BTCUSDT,BINANCE,TRADE,64035,0.00155
2026-07-30 13:47:21,BTCUSDT,BINANCE,TRADE,64035,0.0005
2026-07-30 13:47:21,ETHUSDT,BINANCE,TRADE,1905.72,0.0027
2026-07-30 13:47:21,ETHUSDT,BINANCE,TRADE,1905.72,0.0028
2026-07-30 13:47:21,ETHUSDT,BINANCE,TRADE,1905.72,0.0027
2026-07-30 13:47:21,ETHUSDT,BINANCE,TRADE,1905.72,0.0007
2026-07-30 13:47:21,BTCUSDT,BINANCE,TRADE,64035,0.00017
2026-07-30 13:47:21,BTCUSDT,BINANCE,TRADE,64035,0.0005
2026-07-30 13:47:21,ETHUSDT,BINANCE,TRADE,1905.72,0.002
2026-07-30 13:47:21,ETHUSDT,BINANCE,TRADE,1905.72,0.0027
2026-07-30 13:47:21,ETHUSDT,BINANCE,TRADE,1905.72,0.0291
2026-07-30 13:47:21,BTCUSDT,BINANCE,TRADE,64035,0.0013
2026-07-30 13:47:21,BTCUSDT,BINANCE,TRADE,64035,0.0005
2026-07-30 13:47:21,BTCUSDT,BINANCE,TRADE,64035,0.00224
2026-07-30 13:47:21,BTCUSDT,BINANCE,TRADE,64035,0.0005
2026-07-30 13:47:21,BTCUSDT,BINANCE,TRADE,64035,0.00156
2026-07-30 13:47:21,BTCUSDT,BINANCE,TRADE,64035,0.0005
2026-07-30 13:47:21,ETHUSDT,BINANCE,TRADE,1905.71,0.0443
2026-07-30 13:47:21,BTCUSDT,BINANCE,TRADE,64035,0.00029
2026-07-30 13:47:21,BTCUSDT,BINANCE,TRADE,64035,0.0005
2026-07-30 13:47:21,BTCUSDT,BINANCE,TRADE,64035,0.00204
2026-07-30 13:47:21,BTCUSDT,BINANCE,TRADE,64035,0.0005
2026-07-30 13:47:21,BTCUSDT,BINANCE,TRADE,64035,0.00156
2026-07-30 13:47:21,BTCUSDT,BINANCE,TRADE,64035,0.0005
2026-07-30 13:47:21,BTCUSDT,BINANCE,TRADE,64035,0.00156
2026-07-30 13:47:21,BTCUSDT,BINANCE,TRADE,64035,0.0005
2026-07-30 13:47:21,BTCUSDT,BINANCE,TRADE,64035,0.00156
2026-07-30 13:47:21,BTCUSDT,BINANCE,TRADE,64035,0.0005
2026-07-30 13:47:21,ETHUSDT,BINANCE,TRADE,1905.72,0.0216
2026-07-30 13:47:21,BTCUSDT,BINANCE,TRADE,64035,0.0005
2026-07-30 13:47:21,BTCUSDT,BINANCE,TRADE,64035,0.00156
2026-07-30 13:47:21,BTCUSDT,BINANCE,TRADE,64035,0.0005
2026-07-30 13:47:21,BTCUSDT,BINANCE,TRADE,64035,0.00012
2026-07-30 13:47:21,BTCUSDT,BINANCE,TRADE,64035,0.0005
2026-07-30 13:47:21,BTCUSDT,BINANCE,TRADE,64035,0.00156
2026-07-30 13:47:21,BTCUSDT,BINANCE,TRADE,64035,0.0005
2026-07-30 13:47:21,BTCUSDT,BINANCE,TRADE,64035,0.0005
2026-07-30 13:47:21,BTCUSDT,BINANCE,TRADE,64035,0.0005
2026-07-30 13:47:21,BTCUSDT,BINANCE,TRADE,64035,0.0005
2026-07-30 13:47:21,BTCUSDT,BINANCE,TRADE,64035,8e-05
2026-07-30 13:47:21,BTCUSDT,BINANCE,TRADE,64035,0.0005
2026-07-30 13:47:21,BTCUSDT,BINANCE,TRADE,64035,0.0005
2026-07-30 13:47:21,BTCUSDT,BINANCE,TRADE,64035,0.0005
2026-07-30 13:47:21,BTCUSDT,BINANCE,TRADE,64035,0.00016
2026-07-30 13:47:21,BTCUSDT,BINANCE,TRADE,64035,0.0005
2026-07-30 13:47:21,BTCUSDT,BINANCE,TRADE,64035,0.00058
2026-07-30 13:47:21,BTCUSDT,BINANCE,TRADE,64035,0.0005
2026-07-30 13:47:21,BTCUSDT,BINANCE,TRADE,64035,0.0005
2026-07-30 13:47:21,BTCUSDT,BINANCE,TRADE,64035,0.00083
2026-07-30 13:47:21,BTCUSDT,BINANCE,TRADE,64035,0.0005
2026-07-30 13:47:21,BTCUSDT,BINANCE,TRADE,64035,0.0005
2026-07-30 13:47:21,BTCUSDT,BINANCE,TRADE,64035,0.0005
2026-07-30 13:47:21,BTCUSDT,BINANCE,TRADE,64035,0.00026
2026-07-30 13:47:21,BTCUSDT,BINANCE,TRADE,64035,0.0002
2026-07-30 13:47:21,BTCUSDT,BINANCE,TRADE,64035,0.00182
2026-07-30 13:47:21,BTCUSDT,BINANCE,TRADE,64035,0.0005
2026-07-30 13:47:21,BTCUSDT,BINANCE,TRADE,64035,0.00038
2026-07-30 13:47:21,BTCUSDT,BINANCE,TRADE,64035,0.0005
2026-07-30 13:47:21,BTCUSDT,BINANCE,TRADE,64035,0.0005
2026-07-30 13:47:21,ETHUSDT,BINANCE,TRADE,1905.72,0.0027
2026-07-30 13:47:21,BTCUSDT,BINANCE,TRADE,64035,0.0005
2026-07-30 13:47:21,BTCUSDT,BINANCE,TRADE,64035,0.0005
2026-07-30 13:47:21,BTCUSDT,BINANCE,TRADE,64035,0.0005
2026-07-30 13:47:21,BTCUSDT,BINANCE,TRADE,64035,0.00499
2026-07-30 13:47:21,BTCUSDT,BINANCE,TRADE,64035,0.0005
2026-07-30 13:47:21,BTCUSDT,BINANCE,TRADE,64035,0.0005
2026-07-30 13:47:21,BTCUSDT,BINANCE,TRADE,64035,0.0005
2026-07-30 13:47:21,BTCUSDT,BINANCE,TRADE,64035,0.0005
2026-07-30 13:47:21,BTCUSDT,BINANCE,TRADE,64035,0.00156
2026-07-30 13:47:21,BTCUSDT,BINANCE,TRADE,64035,0.0005
2026-07-30 13:47:21,BTCUSDT,BINANCE,TRADE,64035,0.0005
2026-07-30 13:47:21,BTCUSDT,BINANCE,TRADE,64035,0.0005
2026-07-30 13:47:21,BTCUSDT,BINANCE,TRADE,64035,0.0005
2026-07-30 13:47:21,BTCUSDT,BINANCE,TRADE,64035,0.00156
2026-07-30 13:47:21,BTCUSDT,BINANCE,TRADE,64035,0.00156
2026-07-30 13:47:21,BTCUSDT,BINANCE,TRADE,64035,0.00029
2026-07-30 13:47:21,BTCUSDT,BINANCE,TRADE,64035,0.00018
2026-07-30 13:47:21,BTCUSDT,BINANCE,TRADE,64035,0.0005
2026-07-30 13:47:21,BTCUSDT,BINANCE,TRADE,64035,0.0005
2026-07-30 13:47:21,BTCUSDT,BINANCE,TRADE,64035,0.00616
2026-07-30 13:47:21,BTCUSDT,BINANCE,TRADE,64035,0.0005
2026-07-30 13:47:21,BTCUSDT,BINANCE,TRADE,64035,0.00166
2026-07-30 13:47:21,BTCUSDT,BINANCE,TRADE,64035,0.00019
2026-07-30 13:47:21,BTCUSDT,BINANCE,TRADE,64035,0.00156
2026-07-30 13:47:21,BTCUSDT,BINANCE,TRADE,64035,0.0005
2026-07-30 13:47:21,BTCUSDT,BINANCE,TRADE,64035,0.0013
2026-07-30 13:47:21,BTCUSDT,BINANCE,TRADE,64035,0.0005
2026-07-30 13:47:21,BTCUSDT,BINANCE,TRADE,64035,0.0005
2026-07-30 13:47:21,BTCUSDT,BINANCE,TRADE,64035,0.00156
2026-07-30 13:47:21,SOLUSDT,BINANCE,TRADE,73.44,0.069
2026-07-30 13:47:21,SOLUSDT,BINANCE,TRADE,73.44,0.277
2026-07-30 13:47:21,SOLUSDT,BINANCE,TRADE,73.44,0.137
2026-07-30 13:47:21,SOLUSDT,BINANCE,TRADE,73.44,0.07
2026-07-30 13:47:21,ETHUSDT,BINANCE,TRADE,1905.71,0.0103
2026-07-30 13:47:21,BTCUSDT,BINANCE,TRADE,64035,0.00156
2026-07-30 13:47:21,BTCUSDT,BINANCE,TRADE,64035,0.0005
2026-07-30 13:47:21,BTCUSDT,BINANCE,TRADE,64035,0.0006
2026-07-30 13:47:21,ETHUSDT,BINANCE,TRADE,1905.72,0.0028
2026-07-30 13:47:21,ETHUSDT,BINANCE,TRADE,1905.72,0.0027
2026-07-30 13:47:21,ETHUSDT,BINANCE,TRADE,1905.72,0.0027
2026-07-30 13:47:21,ETHUSDT,BINANCE,TRADE,1905.72,0.0027
2026-07-30 13:47:21,ETHUSDT,BINANCE,TRADE,1905.72,0.0027
2026-07-30 13:47:21,ETHUSDT,BINANCE,TRADE,1905.72,0.0027
2026-07-30 13:47:21,ETHUSDT,BINANCE,TRADE,1905.72,0.0028
2026-07-30 13:47:21,ETHUSDT,BINANCE,TRADE,1905.72,0.0027
2026-07-30 13:47:21,ETHUSDT,BINANCE,TRADE,1905.72,0.0027
2026-07-30 13:47:21,ETHUSDT,BINANCE,TRADE,1905.72,0.0027
2026-07-30 13:47:21,ETHUSDT,BINANCE,TRADE,1905.72,0.0027
2026-07-30 13:47:21,ETHUSDT,BINANCE,TRADE,1905.73,0.0027
2026-07-30 13:47:21,ETHUSDT,BINANCE,TRADE,1905.73,0.0027
2026-07-30 13:47:21,ETHUSDT,BINANCE,TRADE,1905.73,0.0028
2026-07-30 13:47:21,ETHUSDT,BINANCE,TRADE,1905.73,0.0027
2026-07-30 13:47:21,ETHUSDT,BINANCE,TRADE,1905.73,0.0027
2026-07-30 13:47:21,ETHUSDT,BINANCE,TRADE,1905.73,0.0027
2026-07-30 13:47:21,ETHUSDT,BINANCE,TRADE,1905.73,0.0027
2026-07-30 13:47:21,ETHUSDT,BINANCE,TRADE,1905.73,0.0027
2026-07-30 13:47:21,ETHUSDT,BINANCE,TRADE,1905.73,0.0027
2026-07-30 13:47:21,ETHUSDT,BINANCE,TRADE,1905.73,0.0027
2026-07-30 13:47:21,ETHUSDT,BINANCE,TRADE,1905.73,0.0027
2026-07-30 13:47:21,ETHUSDT,BINANCE,TRADE,1905.73,0.0027
2026-07-30 13:47:21,ETHUSDT,BINANCE,TRADE,1905.73,0.0027
2026-07-30 13:47:21,ETHUSDT,BINANCE,TRADE,1905.73,0.0027
2026-07-30 13:47:21,ETHUSDT,BINANCE,TRADE,1905.75,0.0027
2026-07-30 13:47:21,ETHUSDT,BINANCE,TRADE,1905.75,0.0027
2026-07-30 13:47:21,ETHUSDT,BINANCE,TRADE,1905.75,0.0028
2026-07-30 13:47:21,ETHUSDT,BINANCE,TRADE,1905.75,0.0028
2026-07-30 13:47:21,ETHUSDT,BINANCE,TRADE,1905.75,0.0027
2026-07-30 13:47:21,BTCUSDT,BINANCE,TRADE,64035,0.0005
2026-07-30 13:47:21,BTCUSDT,BINANCE,TRADE,64035,0.0005
2026-07-30 13:47:21,BTCUSDT,BINANCE,TRADE,64035,0.00156
2026-07-30 13:47:21,BTCUSDT,BINANCE,TRADE,64035,0.00156
2026-07-30 13:47:21,BTCUSDT,BINANCE,TRADE,64035,0.0005
2026-07-30 13:47:21,BTCUSDT,BINANCE,TRADE,64035,0.05584
2026-07-30 13:47:21,BTCUSDT,BINANCE,TRADE,64035,0.00156
2026-07-30 13:47:21,BTCUSDT,BINANCE,TRADE,64035,0.00156
2026-07-30 13:47:21,BTCUSDT,BINANCE,TRADE,64035,0.0005
2026-07-30 13:47:21,BTCUSDT,BINANCE,TRADE,64035,0.0005
2026-07-30 13:47:21,BTCUSDT,BINANCE,TRADE,64035,0.00156
2026-07-30 13:47:21,BTCUSDT,BINANCE,TRADE,64035,0.0005
2026-07-30 13:47:21,BTCUSDT,BINANCE,TRADE,64035,0.00023
2026-07-30 13:47:21,BTCUSDT,BINANCE,TRADE,64035,0.00133
2026-07-30 13:47:21,BTCUSDT,BINANCE,TRADE,64035,0.0005
2026-07-30 13:47:21,BTCUSDT,BINANCE,TRADE,64035,0.00156
2026-07-30 13:47:21,BTCUSDT,BINANCE,TRADE,64035,0.00013
2026-07-30 13:47:21,BTCUSDT,BINANCE,TRADE,64035,0.00016
2026-07-30 13:47:21,BTCUSDT,BINANCE,TRADE,64035,0.00034
2026-07-30 13:47:21,ETHUSDT,BINANCE,TRADE,1905.76,0.0027
2026-07-30 13:47:21,ETHUSDT,BINANCE,TRADE,1905.76,0.0028
2026-07-30 13:47:21,ETHUSDT,BINANCE,TRADE,1905.76,0.0027
2026-07-30 13:47:21,ETHUSDT,BINANCE,TRADE,1905.76,0.0027
2026-07-30 13:47:21,ETHUSDT,BINANCE,TRADE,1905.76,0.0027
2026-07-30 13:47:21,ETHUSDT,BINANCE,TRADE,1905.76,0.0027
2026-07-30 13:47:21,ETHUSDT,BINANCE,TRADE,1905.76,0.0027
2026-07-30 13:47:21,ETHUSDT,BINANCE,TRADE,1905.76,0.0027
2026-07-30 13:47:21,ETHUSDT,BINANCE,TRADE,1905.76,0.0027
2026-07-30 13:47:21,ETHUSDT,BINANCE,TRADE,1905.76,0.0027
2026-07-30 13:47:21,ETHUSDT,BINANCE,TRADE,1905.76,0.0053
2026-07-30 13:47:21,ETHUSDT,BINANCE,TRADE,1905.76,0.0028
2026-07-30 13:47:21,ETHUSDT,BINANCE,TRADE,1905.76,0.0027
2026-07-30 13:47:21,ETHUSDT,BINANCE,TRADE,1905.77,0.0027
2026-07-30 13:47:21,ETHUSDT,BINANCE,TRADE,1905.77,0.0028
2026-07-30 13:47:21,ETHUSDT,BINANCE,TRADE,1905.77,0.0028
2026-07-30 13:47:21,ETHUSDT,BINANCE,TRADE,1905.77,0.0028
2026-07-30 13:47:21,ETHUSDT,BINANCE,TRADE,1905.77,0.0027
2026-07-30 13:47:21,ETHUSDT,BINANCE,TRADE,1905.77,0.0027
2026-07-30 13:47:21,ETHUSDT,BINANCE,TRADE,1905.77,0.0027
2026-07-30 13:47:21,ETHUSDT,BINANCE,TRADE,1905.77,0.0053
2026-07-30 13:47:21,ETHUSDT,BINANCE,TRADE,1905.77,0.0027
2026-07-30 13:47:21,ETHUSDT,BINANCE,TRADE,1905.77,0.0028
2026-07-30 13:47:21,BTCUSDT,BINANCE,TRADE,64035,0.0005
2026-07-30 13:47:21,BTCUSDT,BINANCE,TRADE,64035,8e-05
2026-07-30 13:47:21,BTCUSDT,BINANCE,TRADE,64035,9e-05
2026-07-30 13:47:21,BTCUSDT,BINANCE,TRADE,64035,8e-05
2026-07-30 13:47:21,BTCUSDT,BINANCE,TRADE,64035,8e-05
2026-07-30 13:47:21,BTCUSDT,BINANCE,TRADE,64035,0.00155
2026-07-30 13:47:21,BTCUSDT,BINANCE,TRADE,64035,8e-05
2026-07-30 13:47:21,BTCUSDT,BINANCE,TRADE,64035,4e-05
2026-07-30 13:47:21,BTCUSDT,BINANCE,TRADE,64035,0.0001
2026-07-30 13:47:21,BTCUSDT,BINANCE,TRADE,64035,0.0005
2026-07-30 13:47:21,BTCUSDT,BINANCE,TRADE,64035,0.00093
2026-07-30 13:47:21,BTCUSDT,BINANCE,TRADE,64035,0.00157
2026-07-30 13:47:21,BTCUSDT,BINANCE,TRADE,64035,0.00047
2026-07-30 13:47:21,BTCUSDT,BINANCE,TRADE,64035,3e-05
2026-07-30 13:47:21,BTCUSDT,BINANCE,TRADE,64035,0.003
2026-07-30 13:47:21,BTCUSDT,BINANCE,TRADE,64035,0.00156
2026-07-30 13:47:21,BTCUSDT,BINANCE,TRADE,64035,0.00156
2026-07-30 13:47:21,BTCUSDT,BINANCE,TRADE,64035,0.00024
2026-07-30 13:47:21,BTCUSDT,BINANCE,TRADE,64035,0.0005
2026-07-30 13:47:21,ETHUSDT,BINANCE,TRADE,1905.77,0.1725
2026-07-30 13:47:21,ETHUSDT,BINANCE,TRADE,1905.78,0.0027
2026-07-30 13:47:21,ETHUSDT,BINANCE,TRADE,1905.78,0.0003
2026-07-30 13:47:21,BTCUSDT,BINANCE,TRADE,64035,0.00154
2026-07-30 13:47:21,BTCUSDT,BINANCE,TRADE,64035,0.0005
2026-07-30 13:47:21,BTCUSDT,BINANCE,TRADE,64035,0.0005
2026-07-30 13:47:21,ETHUSDT,BINANCE,TRADE,1905.78,0.0024
2026-07-30 13:47:21,ETHUSDT,BINANCE,TRADE,1905.78,0.0028
2026-07-30 13:47:21,ETHUSDT,BINANCE,TRADE,1905.78,0.0053
2026-07-30 13:47:21,ETHUSDT,BINANCE,TRADE,1905.78,0.0027
2026-07-30 13:47:21,ETHUSDT,BINANCE,TRADE,1905.78,0.0027
2026-07-30 13:47:21,ETHUSDT,BINANCE,TRADE,1905.78,0.0027
2026-07-30 13:47:21,ETHUSDT,BINANCE,TRADE,1905.78,0.0027
2026-07-30 13:47:21,ETHUSDT,BINANCE,TRADE,1905.78,0.0027
2026-07-30 13:47:21,ETHUSDT,BINANCE,TRADE,1905.78,0.0028
2026-07-30 13:47:21,ETHUSDT,BINANCE,TRADE,1905.78,0.0027
2026-07-30 13:47:21,ETHUSDT,BINANCE,TRADE,1905.78,0.0027
2026-07-30 13:47:21,ETHUSDT,BINANCE,TRADE,1905.78,0.0027
2026-07-30 13:47:21,ETHUSDT,BINANCE,TRADE,1905.78,0.0027
2026-07-30 13:47:21,ETHUSDT,BINANCE,TRADE,1905.78,0.0027
2026-07-30 13:47:21,ETHUSDT,BINANCE,TRADE,1905.78,0.0027
2026-07-30 13:47:21,ETHUSDT,BINANCE,TRADE,1905.78,0.0027
2026-07-30 13:47:21,ETHUSDT,BINANCE,TRADE,1905.78,0.0027
2026-07-30 13:47:21,ETHUSDT,BINANCE,TRADE,1905.78,0.0027
2026-07-30 13:47:21,ETHUSDT,BINANCE,TRADE,1905.78,0.0027
2026-07-30 13:47:21,ETHUSDT,BINANCE,TRADE,1905.78,0.0027
2026-07-30 13:47:21,ETHUSDT,BINANCE,TRADE,1905.78,0.0027
2026-07-30 13:47:21,ETHUSDT,BINANCE,TRADE,1905.79,0.0028
2026-07-30 13:47:21,ETHUSDT,BINANCE,TRADE,1905.79,0.0027
2026-07-30 13:47:21,ETHUSDT,BINANCE,TRADE,1905.79,0.0027
2026-07-30 13:47:21,ETHUSDT,BINANCE,TRADE,1905.79,0.0027
2026-07-30 13:47:21,ETHUSDT,BINANCE,TRADE,1905.8,0.0027
2026-07-30 13:47:21,ETHUSDT,BINANCE,TRADE,1905.8,0.0028
2026-07-30 13:47:21,ETHUSDT,BINANCE,TRADE,1905.8,0.0027
2026-07-30 13:47:21,ETHUSDT,BINANCE,TRADE,1905.81,0.0028
2026-07-30 13:47:21,ETHUSDT,BINANCE,TRADE,1905.82,0.0027
2026-07-30 13:47:21,ETHUSDT,BINANCE,TRADE,1905.82,0.0028
2026-07-30 13:47:21,ETHUSDT,BINANCE,TRADE,1905.82,0.0027
2026-07-30 13:47:21,ETHUSDT,BINANCE,TRADE,1905.82,0.0027
2026-07-30 13:47:21,ETHUSDT,BINANCE,TRADE,1905.82,0.0027
2026-07-30 13:47:21,ETHUSDT,BINANCE,TRADE,1905.82,0.0027
2026-07-30 13:47:21,ETHUSDT,BINANCE,TRADE,1905.83,0.0027
2026-07-30 13:47:21,ETHUSDT,BINANCE,TRADE,1905.83,0.0027
2026-07-30 13:47:21,ETHUSDT,BINANCE,TRADE,1905.83,0.0028
2026-07-30 13:47:21,ETHUSDT,BINANCE,TRADE,1905.83,0.0027
2026-07-30 13:47:21,ETHUSDT,BINANCE,TRADE,1905.83,0.0027
2026-07-30 13:47:21,ETHUSDT,BINANCE,TRADE,1905.83,0.0027
2026-07-30 13:47:21,ETHUSDT,BINANCE,TRADE,1905.83,0.0027
2026-07-30 13:47:21,ETHUSDT,BINANCE,TRADE,1905.83,0.0027
2026-07-30 13:47:21,ETHUSDT,BINANCE,TRADE,1905.83,0.0027
2026-07-30 13:47:21,ETHUSDT,BINANCE,TRADE,1905.83,0.0027
2026-07-30 13:47:21,ETHUSDT,BINANCE,TRADE,1905.83,0.0027
2026-07-30 13:47:21,ETHUSDT,BINANCE,TRADE,1905.84,0.0027
2026-07-30 13:47:21,ETHUSDT,BINANCE,TRADE,1905.84,0.0027
2026-07-30 13:47:21,ETHUSDT,BINANCE,TRADE,1905.84,0.0027
2026-07-30 13:47:21,ETHUSDT,BINANCE,TRADE,1905.84,0.0027
2026-07-30 13:47:21,ETHUSDT,BINANCE,TRADE,1905.84,0.003
2026-07-30 13:47:21,ETHUSDT,BINANCE,TRADE,1905.84,0.0028
2026-07-30 13:47:21,ETHUSDT,BINANCE,TRADE,1905.84,0.0027
2026-07-30 13:47:21,ETHUSDT,BINANCE,TRADE,1905.84,0.0027
2026-07-30 13:47:21,ETHUSDT,BINANCE,TRADE,1905.84,0.0027
2026-07-30 13:47:21,ETHUSDT,BINANCE,TRADE,1905.85,0.0027
2026-07-30 13:47:21,ETHUSDT,BINANCE,TRADE,1905.85,0.0027
2026-07-30 13:47:21,ETHUSDT,BINANCE,TRADE,1905.85,0.0027
2026-07-30 13:47:21,ETHUSDT,BINANCE,TRADE,1905.85,0.0028
2026-07-30 13:47:21,ETHUSDT,BINANCE,TRADE,1905.85,0.0028
2026-07-30 13:47:21,ETHUSDT,BINANCE,TRADE,1905.85,0.0028
2026-07-30 13:47:21,ETHUSDT,BINANCE,TRADE,1905.85,0.0027
2026-07-30 13:47:21,ETHUSDT,BINANCE,TRADE,1905.85,0.0027
2026-07-30 13:47:21,ETHUSDT,BINANCE,TRADE,1905.85,0.0027
2026-07-30 13:47:21,ETHUSDT,BINANCE,TRADE,1905.85,0.0028
2026-07-30 13:47:21,BTCUSDT,BINANCE,TRADE,64035,0.00156
2026-07-30 13:47:21,BTCUSDT,BINANCE,TRADE,64035,0.0005
2026-07-30 13:47:21,BTCUSDT,BINANCE,TRADE,64035,0.0152
2026-07-30 13:47:21,BTCUSDT,BINANCE,TRADE,64035,0.00151
2026-07-30 13:47:21,BTCUSDT,BINANCE,TRADE,64035,0.0005
2026-07-30 13:47:21,BTCUSDT,BINANCE,TRADE,64035,0.0013
2026-07-30 13:47:21,BTCUSDT,BINANCE,TRADE,64035,0.0005
2026-07-30 13:47:21,ETHUSDT,BINANCE,TRADE,1905.85,0.0288
2026-07-30 13:47:21,BTCUSDT,BINANCE,TRADE,64035,0.0005
2026-07-30 13:47:21,BTCUSDT,BINANCE,TRADE,64035,0.0005
2026-07-30 13:47:21,BTCUSDT,BINANCE,TRADE,64035,0.0005
2026-07-30 13:47:21,BTCUSDT,BINANCE,TRADE,64035,0.00033
2026-07-30 13:47:21,BTCUSDT,BINANCE,TRADE,64035,0.0005
2026-07-30 13:47:21,BTCUSDT,BINANCE,TRADE,64035,0.00314
2026-07-30 13:47:21,BTCUSDT,BINANCE,TRADE,64035,9e-05
2026-07-30 13:47:21,BTCUSDT,BINANCE,TRADE,64035,0.0005
2026-07-30 13:47:21,BTCUSDT,BINANCE,TRADE,64035,0.00018
2026-07-30 13:47:21,BTCUSDT,BINANCE,TRADE,64035,0.00156
2026-07-30 13:47:21,BTCUSDT,BINANCE,TRADE,64035,0.00521
2026-07-30 13:47:21,BTCUSDT,BINANCE,TRADE,64035,0.0005
2026-07-30 13:47:21,BTCUSDT,BINANCE,TRADE,64035,0.00182
2026-07-30 13:47:22,BTCUSDT,BINANCE,TRADE,64035,0.0005
2026-07-30 13:47:22,BTCUSDT,BINANCE,TRADE,64035,0.0005
2026-07-30 13:47:22,BTCUSDT,BINANCE,TRADE,64035,0.0005
2026-07-30 13:47:22,BTCUSDT,BINANCE,TRADE,64035,0.00057
2026-07-30 13:47:22,BTCUSDT,BINANCE,TRADE,64035,0.00156
2026-07-30 13:47:22,BTCUSDT,BINANCE,TRADE,64035,0.0005
2026-07-30 13:47:22,BTCUSDT,BINANCE,TRADE,64035,0.00017
2026-07-30 13:47:22,BTCUSDT,BINANCE,TRADE,64035,0.00348
2026-07-30 13:47:22,BTCUSDT,BINANCE,TRADE,64035,0.00897
2026-07-30 13:47:22,BTCUSDT,BINANCE,TRADE,64035,0.00598
2026-07-30 13:47:22,BTCUSDT,BINANCE,TRADE,64035,0.00397
2026-07-30 13:47:22,BTCUSDT,BINANCE,TRADE,64035,0.00252
2026-07-30 13:47:22,BTCUSDT,BINANCE,TRADE,64035,0.3
2026-07-30 13:47:22,BTCUSDT,BINANCE,TRADE,64035,0.00452
2026-07-30 13:47:22,BTCUSDT,BINANCE,TRADE,64035,0.0001
2026-07-30 13:47:22,BTCUSDT,BINANCE,TRADE,64035,0.00016
2026-07-30 13:47:22,BTCUSDT,BINANCE,TRADE,64035,8e-05
2026-07-30 13:47:22,BTCUSDT,BINANCE,TRADE,64035,8e-05
2026-07-30 13:47:22,BTCUSDT,BINANCE,TRADE,64035,8e-05
2026-07-30 13:47:22,BTCUSDT,BINANCE,TRADE,64035,8e-05
2026-07-30 13:47:22,BTCUSDT,BINANCE,TRADE,64035,8e-05
2026-07-30 13:47:22,BTCUSDT,BINANCE,TRADE,64035,8e-05
2026-07-30 13:47:22,BTCUSDT,BINANCE,TRADE,64035,9e-05
2026-07-30 13:47:22,BTCUSDT,BINANCE,TRADE,64035,8e-05
2026-07-30 13:47:22,BTCUSDT,BINANCE,TRADE,64035,0.00155
2026-07-30 13:47:22,BTCUSDT,BINANCE,TRADE,64035,8e-05
2026-07-30 13:47:22,BTCUSDT,BINANCE,TRADE,64035,0.00157
2026-07-30 13:47:22,BTCUSDT,BINANCE,TRADE,64035,0.00157
2026-07-30 13:47:22,BTCUSDT,BINANCE,TRADE,64035,9e-05
2026-07-30 13:47:22,BTCUSDT,BINANCE,TRADE,64035,9e-05
2026-07-30 13:47:22,BTCUSDT,BINANCE,TRADE,64035,0.00017
2026-07-30 13:47:22,BTCUSDT,BINANCE,TRADE,64035,8e-05
2026-07-30 13:47:22,BTCUSDT,BINANCE,TRADE,64035,8e-05
2026-07-30 13:47:22,BTCUSDT,BINANCE,TRADE,64035,8e-05
2026-07-30 13:47:22,BTCUSDT,BINANCE,TRADE,64035,9e-05
2026-07-30 13:47:22,BTCUSDT,BINANCE,TRADE,64035,0.00016
2026-07-30 13:47:22,BTCUSDT,BINANCE,TRADE,64035,9e-05
2026-07-30 13:47:22,BTCUSDT,BINANCE,TRADE,64035,8e-05
2026-07-30 13:47:22,BTCUSDT,BINANCE,TRADE,64035,8e-05
2026-07-30 13:47:22,BTCUSDT,BINANCE,TRADE,64035,8e-05
2026-07-30 13:47:22,BTCUSDT,BINANCE,TRADE,64035,8e-05
2026-07-30 13:47:22,BTCUSDT,BINANCE,TRADE,64035,0.0005
2026-07-30 13:47:22,BTCUSDT,BINANCE,TRADE,64035,0.00016
2026-07-30 13:47:22,BTCUSDT,BINANCE,TRADE,64035,8e-05
2026-07-30 13:47:22,BTCUSDT,BINANCE,TRADE,64035,8e-05
2026-07-30 13:47:22,BTCUSDT,BINANCE,TRADE,64035,8e-05
2026-07-30 13:47:22,BTCUSDT,BINANCE,TRADE,64035,8e-05
2026-07-30 13:47:22,BTCUSDT,BINANCE,TRADE,64035,2e-05
2026-07-30 13:47:22,ETHUSDT,BINANCE,TRADE,1905.86,0.0028
2026-07-30 13:47:22,ETHUSDT,BINANCE,TRADE,1905.86,0.0027
2026-07-30 13:47:22,ETHUSDT,BINANCE,TRADE,1905.86,0.0027
2026-07-30 13:47:22,ETHUSDT,BINANCE,TRADE,1905.86,0.0027
2026-07-30 13:47:22,ETHUSDT,BINANCE,TRADE,1905.86,0.0027
2026-07-30 13:47:22,ETHUSDT,BINANCE,TRADE,1905.86,0.0028
2026-07-30 13:47:22,ETHUSDT,BINANCE,TRADE,1905.86,0.0027
2026-07-30 13:47:22,ETHUSDT,BINANCE,TRADE,1905.86,0.0027
2026-07-30 13:47:22,ETHUSDT,BINANCE,TRADE,1905.86,0.0027
2026-07-30 13:47:22,ETHUSDT,BINANCE,TRADE,1905.86,0.0027
2026-07-30 13:47:22,ETHUSDT,BINANCE,TRADE,1905.86,0.0027
2026-07-30 13:47:22,ETHUSDT,BINANCE,TRADE,1905.86,0.0027
2026-07-30 13:47:22,ETHUSDT,BINANCE,TRADE,1905.87,0.0027
2026-07-30 13:47:22,ETHUSDT,BINANCE,TRADE,1905.87,0.0027
2026-07-30 13:47:22,ETHUSDT,BINANCE,TRADE,1905.87,0.0028
2026-07-30 13:47:22,ETHUSDT,BINANCE,TRADE,1905.87,0.0027
2026-07-30 13:47:22,ETHUSDT,BINANCE,TRADE,1905.87,0.0027
2026-07-30 13:47:22,ETHUSDT,BINANCE,TRADE,1905.87,0.0027
2026-07-30 13:47:22,ETHUSDT,BINANCE,TRADE,1905.87,0.0027
2026-07-30 13:47:22,ETHUSDT,BINANCE,TRADE,1905.87,0.0027
2026-07-30 13:47:22,ETHUSDT,BINANCE,TRADE,1905.87,0.0027
2026-07-30 13:47:22,ETHUSDT,BINANCE,TRADE,1905.87,0.0027
2026-07-30 13:47:22,ETHUSDT,BINANCE,TRADE,1905.87,0.0027
2026-07-30 13:47:22,ETHUSDT,BINANCE,TRADE,1905.88,0.0028
2026-07-30 13:47:22,ETHUSDT,BINANCE,TRADE,1905.89,0.0028
2026-07-30 13:47:22,ETHUSDT,BINANCE,TRADE,1905.9,0.0027
2026-07-30 13:47:22,ETHUSDT,BINANCE,TRADE,1905.9,0.0028
2026-07-30 13:47:22,BTCUSDT,BINANCE,TRADE,64035,0.0005
2026-07-30 13:47:22,BTCUSDT,BINANCE,TRADE,64035,6e-05
2026-07-30 13:47:22,BTCUSDT,BINANCE,TRADE,64035,8e-05
2026-07-30 13:47:22,BTCUSDT,BINANCE,TRADE,64035,8e-05
2026-07-30 13:47:22,BTCUSDT,BINANCE,TRADE,64035,8e-05
2026-07-30 13:47:22,BTCUSDT,BINANCE,TRADE,64035,8e-05
2026-07-30 13:47:22,BTCUSDT,BINANCE,TRADE,64035,8e-05
2026-07-30 13:47:22,BTCUSDT,BINANCE,TRADE,64035,4e-05
2026-07-30 13:47:22,BTCUSDT,BINANCE,TRADE,64035,0.00149
2026-07-30 13:47:22,BTCUSDT,BINANCE,TRADE,64035,0.0005
2026-07-30 13:47:22,ETHUSDT,BINANCE,TRADE,1905.91,0.0028
2026-07-30 13:47:22,ETHUSDT,BINANCE,TRADE,1905.91,0.2355
2026-07-30 13:47:22,BTCUSDT,BINANCE,TRADE,64035,4e-05
2026-07-30 13:47:22,BTCUSDT,BINANCE,TRADE,64035,9e-05
2026-07-30 13:47:22,BTCUSDT,BINANCE,TRADE,64035,8e-05
2026-07-30 13:47:22,BTCUSDT,BINANCE,TRADE,64035,8e-05
2026-07-30 13:47:22,BTCUSDT,BINANCE,TRADE,64035,8e-05
2026-07-30 13:47:22,BTCUSDT,BINANCE,TRADE,64035,8e-05
2026-07-30 13:47:22,BTCUSDT,BINANCE,TRADE,64035,8e-05
2026-07-30 13:47:22,BTCUSDT,BINANCE,TRADE,64035,8e-05
2026-07-30 13:47:22,BTCUSDT,BINANCE,TRADE,64035,8e-05
2026-07-30 13:47:22,BTCUSDT,BINANCE,TRADE,64035,8e-05
2026-07-30 13:47:22,BTCUSDT,BINANCE,TRADE,64035,8e-05
2026-07-30 13:47:22,BTCUSDT,BINANCE,TRADE,64035,8e-05
2026-07-30 13:47:22,BTCUSDT,BINANCE,TRADE,64035,9e-05
2026-07-30 13:47:22,BTCUSDT,BINANCE,TRADE,64035,9e-05
2026-07-30 13:47:22,BTCUSDT,BINANCE,TRADE,64035,8e-05
2026-07-30 13:47:22,BTCUSDT,BINANCE,TRADE,64035,8e-05
2026-07-30 13:47:22,BTCUSDT,BINANCE,TRADE,64035,8e-05
2026-07-30 13:47:22,BTCUSDT,BINANCE,TRADE,64036,8e-05
2026-07-30 13:47:22,BTCUSDT,BINANCE,TRADE,64036,8e-05
2026-07-30 13:47:22,BTCUSDT,BINANCE,TRADE,64036,8e-05
2026-07-30 13:47:22,BTCUSDT,BINANCE,TRADE,64036,8e-05
2026-07-30 13:47:22,BTCUSDT,BINANCE,TRADE,64036,8e-05
2026-07-30 13:47:22,BTCUSDT,BINANCE,TRADE,64036,8e-05
2026-07-30 13:47:22,BTCUSDT,BINANCE,TRADE,64036,8e-05
2026-07-30 13:47:22,BTCUSDT,BINANCE,TRADE,64036,9e-05
2026-07-30 13:47:22,BTCUSDT,BINANCE,TRADE,64036,9e-05
2026-07-30 13:47:22,BTCUSDT,BINANCE,TRADE,64036,8e-05
2026-07-30 13:47:22,BTCUSDT,BINANCE,TRADE,64036,8e-05
2026-07-30 13:47:22,BTCUSDT,BINANCE,TRADE,64036,8e-05
2026-07-30 13:47:22,BTCUSDT,BINANCE,TRADE,64036.1,8e-05
2026-07-30 13:47:22,BTCUSDT,BINANCE,TRADE,64036.6,8e-05
2026-07-30 13:47:22,BTCUSDT,BINANCE,TRADE,64037.1,8e-05
2026-07-30 13:47:22,BTCUSDT,BINANCE,TRADE,64037.1,8e-05
2026-07-30 13:47:22,BTCUSDT,BINANCE,TRADE,64037.1,8e-05
2026-07-30 13:47:22,BTCUSDT,BINANCE,TRADE,64037.1,8e-05
2026-07-30 13:47:22,BTCUSDT,BINANCE,TRADE,64037.1,8e-05
2026-07-30 13:47:22,BTCUSDT,BINANCE,TRADE,64037.1,8e-05
2026-07-30 13:47:22,BTCUSDT,BINANCE,TRADE,64037.1,8e-05
2026-07-30 13:47:22,BTCUSDT,BINANCE,TRADE,64037.1,8e-05
2026-07-30 13:47:22,BTCUSDT,BINANCE,TRADE,64037.1,8e-05
2026-07-30 13:47:22,BTCUSDT,BINANCE,TRADE,64037.1,8e-05
2026-07-30 13:47:22,BTCUSDT,BINANCE,TRADE,64037.1,8e-05
2026-07-30 13:47:22,BTCUSDT,BINANCE,TRADE,64037.1,8e-05
2026-07-30 13:47:22,BTCUSDT,BINANCE,TRADE,64037.1,8e-05
2026-07-30 13:47:22,BTCUSDT,BINANCE,TRADE,64037.1,8e-05
2026-07-30 13:47:22,BTCUSDT,BINANCE,TRADE,64037.1,8e-05
2026-07-30 13:47:22,BTCUSDT,BINANCE,TRADE,64037.1,0.007
2026-07-30 13:47:22,BTCUSDT,BINANCE,TRADE,64037.1,9e-05
2026-07-30 13:47:22,BTCUSDT,BINANCE,TRADE,64037.1,8e-05
2026-07-30 13:47:22,BTCUSDT,BINANCE,TRADE,64037.1,8e-05
2026-07-30 13:47:22,BTCUSDT,BINANCE,TRADE,64037.1,8e-05
2026-07-30 13:47:22,BTCUSDT,BINANCE,TRADE,64037.1,8e-05
2026-07-30 13:47:22,BTCUSDT,BINANCE,TRADE,64037.1,8e-05
2026-07-30 13:47:22,BTCUSDT,BINANCE,TRADE,64037.1,8e-05
2026-07-30 13:47:22,BTCUSDT,BINANCE,TRADE,64037.1,8e-05
2026-07-30 13:47:22,BTCUSDT,BINANCE,TRADE,64037.1,8e-05
2026-07-30 13:47:22,BTCUSDT,BINANCE,TRADE,64037.1,8e-05
2026-07-30 13:47:22,BTCUSDT,BINANCE,TRADE,64037.1,9e-05
2026-07-30 13:47:22,BTCUSDT,BINANCE,TRADE,64037.4,8e-05
2026-07-30 13:47:22,BTCUSDT,BINANCE,TRADE,64037.4,8e-05
2026-07-30 13:47:22,BTCUSDT,BINANCE,TRADE,64037.4,8e-05
2026-07-30 13:47:22,BTCUSDT,BINANCE,TRADE,64037.4,8e-05
2026-07-30 13:47:22,BTCUSDT,BINANCE,TRADE,64037.4,8e-05
2026-07-30 13:47:22,BTCUSDT,BINANCE,TRADE,64037.4,8e-05
2026-07-30 13:47:22,BTCUSDT,BINANCE,TRADE,64037.4,2e-05
2026-07-30 13:47:22,BTCUSDT,BINANCE,TRADE,64037.4,6e-05
2026-07-30 13:47:22,BTCUSDT,BINANCE,TRADE,64037.4,8e-05
2026-07-30 13:47:22,BTCUSDT,BINANCE,TRADE,64037.4,8e-05
2026-07-30 13:47:22,BTCUSDT,BINANCE,TRADE,64037.4,8e-05
2026-07-30 13:47:22,BTCUSDT,BINANCE,TRADE,64037.4,8e-05
2026-07-30 13:47:22,BTCUSDT,BINANCE,TRADE,64037.4,8e-05
2026-07-30 13:47:22,BTCUSDT,BINANCE,TRADE,64037.4,8e-05
2026-07-30 13:47:22,BTCUSDT,BINANCE,TRADE,64037.4,8e-05
2026-07-30 13:47:22,BTCUSDT,BINANCE,TRADE,64037.4,8e-05
2026-07-30 13:47:22,BTCUSDT,BINANCE,TRADE,64037.4,8e-05
2026-07-30 13:47:22,BTCUSDT,BINANCE,TRADE,64037.4,8e-05
2026-07-30 13:47:22,BTCUSDT,BINANCE,TRADE,64037.4,8e-05
2026-07-30 13:47:22,BTCUSDT,BINANCE,TRADE,64037.4,8e-05
2026-07-30 13:47:22,SOLUSDT,BINANCE,TRADE,73.45,1.353
2026-07-30 13:47:22,BTCUSDT,BINANCE,TRADE,64037.4,8e-05
2026-07-30 13:47:22,BTCUSDT,BINANCE,TRADE,64037.4,9e-05
2026-07-30 13:47:22,BTCUSDT,BINANCE,TRADE,64037.4,8e-05
2026-07-30 13:47:22,BTCUSDT,BINANCE,TRADE,64037.4,8e-05
2026-07-30 13:47:22,BTCUSDT,BINANCE,TRADE,64037.4,8e-05
2026-07-30 13:47:22,BTCUSDT,BINANCE,TRADE,64037.4,8e-05
2026-07-30 13:47:22,BTCUSDT,BINANCE,TRADE,64037.4,0.0005
2026-07-30 13:47:22,BTCUSDT,BINANCE,TRADE,64037.4,8e-05
2026-07-30 13:47:22,BTCUSDT,BINANCE,TRADE,64037.4,8e-05
2026-07-30 13:47:22,BTCUSDT,BINANCE,TRADE,64037.4,8e-05
2026-07-30 13:47:22,BTCUSDT,BINANCE,TRADE,64037.4,8e-05
2026-07-30 13:47:22,BTCUSDT,BINANCE,TRADE,64037.4,8e-05
2026-07-30 13:47:22,BTCUSDT,BINANCE,TRADE,64037.4,9e-05
2026-07-30 13:47:22,BTCUSDT,BINANCE,TRADE,64037.4,1e-05
2026-07-30 13:47:22,BTCUSDT,BINANCE,TRADE,64037.4,0.00012
2026-07-30 13:47:22,BTCUSDT,BINANCE,TRADE,64037.4,0.0005
2026-07-30 13:47:22,BTCUSDT,BINANCE,TRADE,64037.4,7e-05
2026-07-30 13:47:22,BTCUSDT,BINANCE,TRADE,64037.4,8e-05
2026-07-30 13:47:22,BTCUSDT,BINANCE,TRADE,64037.4,8e-05
2026-07-30 13:47:22,BTCUSDT,BINANCE,TRADE,64037.4,8e-05
2026-07-30 13:47:22,BTCUSDT,BINANCE,TRADE,64037.4,8e-05
2026-07-30 13:47:22,BTCUSDT,BINANCE,TRADE,64037.4,8e-05
2026-07-30 13:47:22,BTCUSDT,BINANCE,TRADE,64037.4,3e-05
2026-07-30 13:47:22,BTCUSDT,BINANCE,TRADE,64037.4,0.0005
2026-07-30 13:47:22,BTCUSDT,BINANCE,TRADE,64037.4,6e-05
2026-07-30 13:47:22,BTCUSDT,BINANCE,TRADE,64037.4,8e-05
2026-07-30 13:47:22,BTCUSDT,BINANCE,TRADE,64037.4,8e-05
2026-07-30 13:47:22,BTCUSDT,BINANCE,TRADE,64037.4,8e-05
2026-07-30 13:47:22,BTCUSDT,BINANCE,TRADE,64037.4,8e-05
2026-07-30 13:47:22,BTCUSDT,BINANCE,TRADE,64037.4,8e-05
2026-07-30 13:47:22,BTCUSDT,BINANCE,TRADE,64037.4,4e-05
2026-07-30 13:47:22,BTCUSDT,BINANCE,TRADE,64037.4,4e-05
2026-07-30 13:47:22,BTCUSDT,BINANCE,TRADE,64037.4,8e-05
2026-07-30 13:47:22,BTCUSDT,BINANCE,TRADE,64037.4,8e-05
2026-07-30 13:47:22,BTCUSDT,BINANCE,TRADE,64037.4,8e-05
2026-07-30 13:47:22,BTCUSDT,BINANCE,TRADE,64037.4,9e-05
2026-07-30 13:47:22,BTCUSDT,BINANCE,TRADE,64037.4,8e-05
2026-07-30 13:47:22,BTCUSDT,BINANCE,TRADE,64037.4,8e-05
2026-07-30 13:47:22,BTCUSDT,BINANCE,TRADE,64037.4,8e-05
2026-07-30 13:47:22,BTCUSDT,BINANCE,TRADE,64037.4,8e-05
2026-07-30 13:47:22,BTCUSDT,BINANCE,TRADE,64037.4,8e-05
2026-07-30 13:47:22,BTCUSDT,BINANCE,TRADE,64037.4,9e-05
2026-07-30 13:47:22,BTCUSDT,BINANCE,TRADE,64037.4,8e-05
2026-07-30 13:47:22,BTCUSDT,BINANCE,TRADE,64037.4,9e-05
2026-07-30 13:47:22,BTCUSDT,BINANCE,TRADE,64037.4,8e-05
2026-07-30 13:47:22,BTCUSDT,BINANCE,TRADE,64038,0.00053
2026-07-30 13:47:22,BTCUSDT,BINANCE,TRADE,64038,0.00122
2026-07-30 13:47:22,BTCUSDT,BINANCE,TRADE,64038,0.0005
2026-07-30 13:47:22,BTCUSDT,BINANCE,TRADE,64038,0.00086
2026-07-30 13:47:22,BTCUSDT,BINANCE,TRADE,64038,0.0005
2026-07-30 13:47:22,BTCUSDT,BINANCE,TRADE,64038,0.0005
2026-07-30 13:47:22,BTCUSDT,BINANCE,TRADE,64038,0.00509
2026-07-30 13:47:22,BTCUSDT,BINANCE,TRADE,64038,0.0005
2026-07-30 13:47:22,BTCUSDT,BINANCE,TRADE,64038,0.0005
2026-07-30 13:47:22,BTCUSDT,BINANCE,TRADE,64038,0.0005
2026-07-30 13:47:22,BTCUSDT,BINANCE,TRADE,64038,0.0005
2026-07-30 13:47:22,BTCUSDT,BINANCE,TRADE,64038,0.00167
2026-07-30 13:47:22,BTCUSDT,BINANCE,TRADE,64038,0.00108
2026-07-30 13:47:22,BTCUSDT,BINANCE,TRADE,64038,9e-05
2026-07-30 13:47:22,BTCUSDT,BINANCE,TRADE,64038,9e-05
2026-07-30 13:47:22,BTCUSDT,BINANCE,TRADE,64038,3e-05
2026-07-30 13:47:22,BTCUSDT,BINANCE,TRADE,64038,5e-05
2026-07-30 13:47:22,BTCUSDT,BINANCE,TRADE,64038,8e-05
2026-07-30 13:47:22,BTCUSDT,BINANCE,TRADE,64038,8e-05
2026-07-30 13:47:22,BTCUSDT,BINANCE,TRADE,64038,8e-05
2026-07-30 13:47:22,BTCUSDT,BINANCE,TRADE,64038,8e-05
2026-07-30 13:47:22,BTCUSDT,BINANCE,TRADE,64038,8e-05
2026-07-30 13:47:22,BTCUSDT,BINANCE,TRADE,64038,5e-05
2026-07-30 13:47:22,BTCUSDT,BINANCE,TRADE,64038,0.0005
2026-07-30 13:47:22,BTCUSDT,BINANCE,TRADE,64038,3e-05
2026-07-30 13:47:22,BTCUSDT,BINANCE,TRADE,64038,8e-05
2026-07-30 13:47:22,BTCUSDT,BINANCE,TRADE,64038,8e-05
2026-07-30 13:47:22,BTCUSDT,BINANCE,TRADE,64038,8e-05
2026-07-30 13:47:22,BTCUSDT,BINANCE,TRADE,64038,8e-05
2026-07-30 13:47:22,BTCUSDT,BINANCE,TRADE,64038,0.00015
2026-07-30 13:47:22,BTCUSDT,BINANCE,TRADE,64038,0.00141
2026-07-30 13:47:22,BTCUSDT,BINANCE,TRADE,64038,0.00156
2026-07-30 13:47:22,BTCUSDT,BINANCE,TRADE,64038,0.0005
2026-07-30 13:47:22,BTCUSDT,BINANCE,TRADE,64038,0.0005
2026-07-30 13:47:22,BTCUSDT,BINANCE,TRADE,64038,0.00166
2026-07-30 13:47:22,BTCUSDT,BINANCE,TRADE,64038,0.0005
2026-07-30 13:47:22,BTCUSDT,BINANCE,TRADE,64038,0.0005
2026-07-30 13:47:22,BTCUSDT,BINANCE,TRADE,64038,0.00033
2026-07-30 13:47:22,BTCUSDT,BINANCE,TRADE,64038,0.00156
2026-07-30 13:47:22,BTCUSDT,BINANCE,TRADE,64038,0.0005
2026-07-30 13:47:22,BTCUSDT,BINANCE,TRADE,64038,0.0013
2026-07-30 13:47:22,BTCUSDT,BINANCE,TRADE,64038,0.0005
2026-07-30 13:47:22,BTCUSDT,BINANCE,TRADE,64038,0.00156
2026-07-30 13:47:22,BTCUSDT,BINANCE,TRADE,64038,0.0005
2026-07-30 13:47:22,BTCUSDT,BINANCE,TRADE,64038,0.00058
2026-07-30 13:47:22,ETHUSDT,BINANCE,TRADE,1905.9,0.0313
2026-07-30 13:47:22,BTCUSDT,BINANCE,TRADE,64038,0.0005
2026-07-30 13:47:22,BTCUSDT,BINANCE,TRADE,64038,0.0005
2026-07-30 13:47:22,BTCUSDT,BINANCE,TRADE,64038,0.01873
2026-07-30 13:47:22,BTCUSDT,BINANCE,TRADE,64038,0.0005
2026-07-30 13:47:22,BTCUSDT,BINANCE,TRADE,64038,0.00156
2026-07-30 13:47:22,BTCUSDT,BINANCE,TRADE,64038,0.00151
2026-07-30 13:47:22,BTCUSDT,BINANCE,TRADE,64038,0.0005
2026-07-30 13:47:22,BTCUSDT,BINANCE,TRADE,64038,0.0005
2026-07-30 13:47:22,BTCUSDT,BINANCE,TRADE,64038,0.0005
2026-07-30 13:47:22,BTCUSDT,BINANCE,TRADE,64038,0.0005
2026-07-30 13:47:22,BTCUSDT,BINANCE,TRADE,64038,0.0005
2026-07-30 13:47:22,ETHUSDT,BINANCE,TRADE,1905.9,0.0145
2026-07-30 13:47:22,BTCUSDT,BINANCE,TRADE,64038,0.0005
2026-07-30 13:47:22,BTCUSDT,BINANCE,TRADE,64038,0.00019
2026-07-30 13:47:22,BTCUSDT,BINANCE,TRADE,64038,0.0005
2026-07-30 13:47:22,BTCUSDT,BINANCE,TRADE,64038,0.0005
2026-07-30 13:47:22,BTCUSDT,BINANCE,TRADE,64038,0.0005
2026-07-30 13:47:22,BTCUSDT,BINANCE,TRADE,64038,0.0004
2026-07-30 13:47:22,BTCUSDT,BINANCE,TRADE,64038,0.0005
2026-07-30 13:47:22,BTCUSDT,BINANCE,TRADE,64038,0.00156
2026-07-30 13:47:22,BTCUSDT,BINANCE,TRADE,64038,0.0005
2026-07-30 13:47:22,BTCUSDT,BINANCE,TRADE,64038,0.00224
2026-07-30 13:47:22,BTCUSDT,BINANCE,TRADE,64038,0.00017
2026-07-30 13:47:22,BTCUSDT,BINANCE,TRADE,64038,0.00287
2026-07-30 13:47:22,BTCUSDT,BINANCE,TRADE,64038,0.00375
2026-07-30 13:47:22,BTCUSDT,BINANCE,TRADE,64038,0.0005
2026-07-30 13:47:22,BTCUSDT,BINANCE,TRADE,64038,0.00499
2026-07-30 13:47:22,BTCUSDT,BINANCE,TRADE,64038,0.0005
2026-07-30 13:47:22,BTCUSDT,BINANCE,TRADE,64038,0.0005
2026-07-30 13:47:22,BTCUSDT,BINANCE,TRADE,64038,0.00156
2026-07-30 13:47:22,BTCUSDT,BINANCE,TRADE,64038,0.0005
2026-07-30 13:47:22,BTCUSDT,BINANCE,TRADE,64038,8e-05
2026-07-30 13:47:22,BTCUSDT,BINANCE,TRADE,64038,0.0005
2026-07-30 13:47:22,BTCUSDT,BINANCE,TRADE,64038,0.00156
2026-07-30 13:47:22,ETHUSDT,BINANCE,TRADE,1905.9,0.0338
2026-07-30 13:47:22,BTCUSDT,BINANCE,TRADE,64038,0.0013
2026-07-30 13:47:22,BTCUSDT,BINANCE,TRADE,64038,0.0005
2026-07-30 13:47:22,BTCUSDT,BINANCE,TRADE,64038,0.0005
2026-07-30 13:47:22,BTCUSDT,BINANCE,TRADE,64038,0.0005
2026-07-30 13:47:22,BTCUSDT,BINANCE,TRADE,64038,0.00156
2026-07-30 13:47:22,BTCUSDT,BINANCE,TRADE,64038,0.0005
2026-07-30 13:47:22,BTCUSDT,BINANCE,TRADE,64038,0.00156
2026-07-30 13:47:22,BTCUSDT,BINANCE,TRADE,64038,0.0005
2026-07-30 13:47:22,ETHUSDT,BINANCE,TRADE,1905.9,0.0522
2026-07-30 13:47:22,BTCUSDT,BINANCE,TRADE,64038,0.0005
2026-07-30 13:47:22,BTCUSDT,BINANCE,TRADE,64038,0.00156
2026-07-30 13:47:22,BTCUSDT,BINANCE,TRADE,64038,0.0005
2026-07-30 13:47:22,BTCUSDT,BINANCE,TRADE,64038,0.00156
2026-07-30 13:47:22,BTCUSDT,BINANCE,TRADE,64038,0.0005
2026-07-30 13:47:22,BTCUSDT,BINANCE,TRADE,64038,0.00014
2026-07-30 13:47:22,BTCUSDT,BINANCE,TRADE,64038,0.0005
2026-07-30 13:47:22,BTCUSDT,BINANCE,TRADE,64038,0.0005
2026-07-30 13:47:22,BTCUSDT,BINANCE,TRADE,64038,0.00156
2026-07-30 13:47:22,BTCUSDT,BINANCE,TRADE,64038,0.00203
2026-07-30 13:47:22,BTCUSDT,BINANCE,TRADE,64038,0.0005
2026-07-30 13:47:22,BTCUSDT,BINANCE,TRADE,64038,0.0005
2026-07-30 13:47:22,BTCUSDT,BINANCE,TRADE,64038,0.00029
2026-07-30 13:47:22,BTCUSDT,BINANCE,TRADE,64038,0.0005
2026-07-30 13:47:22,ETHUSDT,BINANCE,TRADE,1905.9,0.0216
2026-07-30 13:47:22,BTCUSDT,BINANCE,TRADE,64038,0.0005
2026-07-30 13:47:22,BTCUSDT,BINANCE,TRADE,64038,0.0005
2026-07-30 13:47:22,BTCUSDT,BINANCE,TRADE,64038,0.0005
2026-07-30 13:47:22,BTCUSDT,BINANCE,TRADE,64038,0.0005
2026-07-30 13:47:22,BTCUSDT,BINANCE,TRADE,64038,0.00015
2026-07-30 13:47:22,BTCUSDT,BINANCE,TRADE,64038,0.0005
2026-07-30 13:47:22,BTCUSDT,BINANCE,TRADE,64038,0.0005
2026-07-30 13:47:22,BTCUSDT,BINANCE,TRADE,64038,0.00039
2026-07-30 13:47:22,ETHUSDT,BINANCE,TRADE,1905.91,0.0027
2026-07-30 13:47:22,ETHUSDT,BINANCE,TRADE,1905.91,0.0027
2026-07-30 13:47:22,ETHUSDT,BINANCE,TRADE,1905.91,0.0027
2026-07-30 13:47:22,ETHUSDT,BINANCE,TRADE,1905.91,0.0028
2026-07-30 13:47:22,ETHUSDT,BINANCE,TRADE,1905.91,0.0028
2026-07-30 13:47:22,ETHUSDT,BINANCE,TRADE,1905.91,0.0027
2026-07-30 13:47:22,ETHUSDT,BINANCE,TRADE,1905.91,0.0158
2026-07-30 13:47:22,BTCUSDT,BINANCE,TRADE,64038,0.0005
2026-07-30 13:47:22,BTCUSDT,BINANCE,TRADE,64038,0.00515
2026-07-30 13:47:22,BTCUSDT,BINANCE,TRADE,64038,0.00065
2026-07-30 13:47:22,BTCUSDT,BINANCE,TRADE,64038,0.0005
2026-07-30 13:47:22,BTCUSDT,BINANCE,TRADE,64038,0.002
2026-07-30 13:47:22,BTCUSDT,BINANCE,TRADE,64038,0.0005
2026-07-30 13:47:22,BTCUSDT,BINANCE,TRADE,64038,0.0005
2026-07-30 13:47:22,BTCUSDT,BINANCE,TRADE,64038,0.00027
2026-07-30 13:47:22,BTCUSDT,BINANCE,TRADE,64038,0.0005
2026-07-30 13:47:22,BTCUSDT,BINANCE,TRADE,64038,0.0005
2026-07-30 13:47:22,BTCUSDT,BINANCE,TRADE,64038,0.0005
2026-07-30 13:47:22,BTCUSDT,BINANCE,TRADE,64038,0.0005
2026-07-30 13:47:22,BTCUSDT,BINANCE,TRADE,64038,0.00156
2026-07-30 13:47:22,BTCUSDT,BINANCE,TRADE,64038,0.0005
2026-07-30 13:47:22,BTCUSDT,BINANCE,TRADE,64038,0.00314
2026-07-30 13:47:22,BTCUSDT,BINANCE,TRADE,64038,0.0005
2026-07-30 13:47:22,BTCUSDT,BINANCE,TRADE,64038,0.02645
2026-07-30 13:47:22,BTCUSDT,BINANCE,TRADE,64038,0.0005
2026-07-30 13:47:22,BTCUSDT,BINANCE,TRADE,64038,0.00156
2026-07-30 13:47:22,BTCUSDT,BINANCE,TRADE,64038,0.0005
2026-07-30 13:47:22,BTCUSDT,BINANCE,TRADE,64038,0.0005
2026-07-30 13:47:22,BTCUSDT,BINANCE,TRADE,64038,0.00156
2026-07-30 13:47:22,BTCUSDT,BINANCE,TRADE,64038,0.0005
2026-07-30 13:47:22,BTCUSDT,BINANCE,TRADE,64038,0.00156
2026-07-30 13:47:23,BTCUSDT,BINANCE,TRADE,64038,0.0005
2026-07-30 13:47:23,BTCUSDT,BINANCE,TRADE,64038,0.00156
2026-07-30 13:47:23,BTCUSDT,BINANCE,TRADE,64038,0.0005
2026-07-30 13:47:23,BTCUSDT,BINANCE,TRADE,64038,0.00015
2026-07-30 13:47:23,BTCUSDT,BINANCE,TRADE,64038,0.0002
2026-07-30 13:47:23,BTCUSDT,BINANCE,TRADE,64038,0.0005
2026-07-30 13:47:23,BTCUSDT,BINANCE,TRADE,64038,0.0005
2026-07-30 13:47:23,BTCUSDT,BINANCE,TRADE,64038,0.00156
2026-07-30 13:47:23,BTCUSDT,BINANCE,TRADE,64038,0.0005
2026-07-30 13:47:23,BTCUSDT,BINANCE,TRADE,64038,0.0005
2026-07-30 13:47:23,BTCUSDT,BINANCE,TRADE,64038,0.00156
2026-07-30 13:47:23,BTCUSDT,BINANCE,TRADE,64038,0.0005
2026-07-30 13:47:23,BTCUSDT,BINANCE,TRADE,64038,0.0013
2026-07-30 13:47:23,BTCUSDT,BINANCE,TRADE,64038,0.0005
2026-07-30 13:47:23,BTCUSDT,BINANCE,TRADE,64038,0.0005
2026-07-30 13:47:23,BTCUSDT,BINANCE,TRADE,64038,0.0005
2026-07-30 13:47:23,BTCUSDT,BINANCE,TRADE,64038,0.00156
2026-07-30 13:47:23,BTCUSDT,BINANCE,TRADE,64038,0.0005
2026-07-30 13:47:23,BTCUSDT,BINANCE,TRADE,64038,0.0005
2026-07-30 13:47:23,BTCUSDT,BINANCE,TRADE,64038,0.0005
2026-07-30 13:47:23,BTCUSDT,BINANCE,TRADE,64038,0.00016
2026-07-30 13:47:23,BTCUSDT,BINANCE,TRADE,64038,0.0005
2026-07-30 13:47:23,BTCUSDT,BINANCE,TRADE,64038,0.0005
2026-07-30 13:47:23,BTCUSDT,BINANCE,TRADE,64038,0.00018
2026-07-30 13:47:23,BTCUSDT,BINANCE,TRADE,64038,0.0005
2026-07-30 13:47:23,BTCUSDT,BINANCE,TRADE,64038,0.0005
2026-07-30 13:47:23,BTCUSDT,BINANCE,TRADE,64038,0.00156
2026-07-30 13:47:23,BTCUSDT,BINANCE,TRADE,64038,0.0005
2026-07-30 13:47:23,BTCUSDT,BINANCE,TRADE,64038,0.00015
2026-07-30 13:47:23,BTCUSDT,BINANCE,TRADE,64038,0.0005
2026-07-30 13:47:23,BTCUSDT,BINANCE,TRADE,64038,0.0005
2026-07-30 13:47:23,BTCUSDT,BINANCE,TRADE,64038,0.0005
2026-07-30 13:47:23,BTCUSDT,BINANCE,TRADE,64038,0.00156
2026-07-30 13:47:23,BTCUSDT,BINANCE,TRADE,64038,0.0005
2026-07-30 13:47:23,BTCUSDT,BINANCE,TRADE,64038,0.0005
2026-07-30 13:47:23,BTCUSDT,BINANCE,TRADE,64038,0.0005
2026-07-30 13:47:23,BTCUSDT,BINANCE,TRADE,64038,0.0005
2026-07-30 13:47:23,BTCUSDT,BINANCE,TRADE,64038,0.00033
2026-07-30 13:47:23,BTCUSDT,BINANCE,TRADE,64038,0.0005
2026-07-30 13:47:23,BTCUSDT,BINANCE,TRADE,64038,0.0005
2026-07-30 13:47:23,ETHUSDT,BINANCE,TRADE,1905.9,0.1091
2026-07-30 13:47:23,BTCUSDT,BINANCE,TRADE,64038,0.0013
2026-07-30 13:47:23,BTCUSDT,BINANCE,TRADE,64038,0.0005
2026-07-30 13:47:23,BTCUSDT,BINANCE,TRADE,64038,0.00096
2026-07-30 13:47:23,BTCUSDT,BINANCE,TRADE,64038,0.00156
2026-07-30 13:47:23,BTCUSDT,BINANCE,TRADE,64038,0.0005
2026-07-30 13:47:23,BTCUSDT,BINANCE,TRADE,64038,0.0005
2026-07-30 13:47:23,BTCUSDT,BINANCE,TRADE,64038,0.00024
2026-07-30 13:47:23,BTCUSDT,BINANCE,TRADE,64038,0.0005
2026-07-30 13:47:23,BTCUSDT,BINANCE,TRADE,64038,0.0005
2026-07-30 13:47:23,BTCUSDT,BINANCE,TRADE,64038,0.00156
2026-07-30 13:47:23,BTCUSDT,BINANCE,TRADE,64038,0.0005
2026-07-30 13:47:23,BTCUSDT,BINANCE,TRADE,64038,9e-05
2026-07-30 13:47:23,BTCUSDT,BINANCE,TRADE,64038,0.0005
2026-07-30 13:47:23,ETHUSDT,BINANCE,TRADE,1905.91,0.232
2026-07-30 13:47:23,BTCUSDT,BINANCE,TRADE,64038,0.0005
2026-07-30 13:47:23,BTCUSDT,BINANCE,TRADE,64038,0.0005
2026-07-30 13:47:23,BTCUSDT,BINANCE,TRADE,64038,0.0005
2026-07-30 13:47:23,BTCUSDT,BINANCE,TRADE,64038,0.0005
2026-07-30 13:47:23,SOLUSDT,BINANCE,TRADE,73.45,32.335
2026-07-30 13:47:23,BTCUSDT,BINANCE,TRADE,64038,0.00156
2026-07-30 13:47:23,BTCUSDT,BINANCE,TRADE,64038,0.0005
2026-07-30 13:47:23,BTCUSDT,BINANCE,TRADE,64038,0.0005
2026-07-30 13:47:23,BTCUSDT,BINANCE,TRADE,64038,0.00018
2026-07-30 13:47:23,BTCUSDT,BINANCE,TRADE,64038,0.0005
2026-07-30 13:47:23,BTCUSDT,BINANCE,TRADE,64038,0.00156
2026-07-30 13:47:23,BTCUSDT,BINANCE,TRADE,64038,0.0005
2026-07-30 13:47:23,BTCUSDT,BINANCE,TRADE,64038,0.0005
2026-07-30 13:47:23,BTCUSDT,BINANCE,TRADE,64038,0.0005
2026-07-30 13:47:23,BTCUSDT,BINANCE,TRADE,64038,0.00017
2026-07-30 13:47:23,BTCUSDT,BINANCE,TRADE,64038,0.0005
2026-07-30 13:47:23,BTCUSDT,BINANCE,TRADE,64038,0.0005
2026-07-30 13:47:23,BTCUSDT,BINANCE,TRADE,64038,0.0005
2026-07-30 13:47:23,BTCUSDT,BINANCE,TRADE,64038,0.00029
2026-07-30 13:47:23,BTCUSDT,BINANCE,TRADE,64038,0.0005
2026-07-30 13:47:23,BTCUSDT,BINANCE,TRADE,64038,0.0005
2026-07-30 13:47:23,BTCUSDT,BINANCE,TRADE,64038,0.0005
2026-07-30 13:47:23,BTCUSDT,BINANCE,TRADE,64038,0.0005
2026-07-30 13:47:23,BTCUSDT,BINANCE,TRADE,64038,0.0005
2026-07-30 13:47:23,BTCUSDT,BINANCE,TRADE,64038,0.0005
2026-07-30 13:47:23,BTCUSDT,BINANCE,TRADE,64038,0.0005
2026-07-30 13:47:23,BTCUSDT,BINANCE,TRADE,64038,0.0005
2026-07-30 13:47:23,BTCUSDT,BINANCE,TRADE,64038,0.00012
2026-07-30 13:47:23,BTCUSDT,BINANCE,TRADE,64038,0.0005
2026-07-30 13:47:23,BTCUSDT,BINANCE,TRADE,64038,0.0005
2026-07-30 13:47:23,BTCUSDT,BINANCE,TRADE,64038,0.00166
2026-07-30 13:47:23,BTCUSDT,BINANCE,TRADE,64038,0.0005
2026-07-30 13:47:23,BTCUSDT,BINANCE,TRADE,64038,0.0005
2026-07-30 13:47:23,BTCUSDT,BINANCE,TRADE,64038,0.00033
2026-07-30 13:47:23,BTCUSDT,BINANCE,TRADE,64038,0.0014
2026-07-30 13:47:23,BTCUSDT,BINANCE,TRADE,64038,0.0005
2026-07-30 13:47:23,BTCUSDT,BINANCE,TRADE,64038,0.0005
2026-07-30 13:47:23,BTCUSDT,BINANCE,TRADE,64038,0.0005
2026-07-30 13:47:23,BTCUSDT,BINANCE,TRADE,64038,0.00156
2026-07-30 13:47:23,BTCUSDT,BINANCE,TRADE,64038,0.0005
2026-07-30 13:47:23,BTCUSDT,BINANCE,TRADE,64038,0.0005
2026-07-30 13:47:23,BTCUSDT,BINANCE,TRADE,64038,0.00156
2026-07-30 13:47:23,BTCUSDT,BINANCE,TRADE,64038,0.0005
2026-07-30 13:47:23,BTCUSDT,BINANCE,TRADE,64038,0.0013
2026-07-30 13:47:23,BTCUSDT,BINANCE,TRADE,64038,0.0005
2026-07-30 13:47:23,BTCUSDT,BINANCE,TRADE,64038,0.00156
2026-07-30 13:47:23,SOLUSDT,BINANCE,TRADE,73.45,0.1
2026-07-30 13:47:23,BTCUSDT,BINANCE,TRADE,64038,0.0005
2026-07-30 13:47:23,BTCUSDT,BINANCE,TRADE,64038,0.0005
2026-07-30 13:47:23,BTCUSDT,BINANCE,TRADE,64038,0.0005
2026-07-30 13:47:23,BTCUSDT,BINANCE,TRADE,64038,0.0005
2026-07-30 13:47:23,BTCUSDT,BINANCE,TRADE,64038,0.0005
2026-07-30 13:47:23,BTCUSDT,BINANCE,TRADE,64038,0.00156
2026-07-30 13:47:23,BTCUSDT,BINANCE,TRADE,64038,0.0005
2026-07-30 13:47:23,BTCUSDT,BINANCE,TRADE,64038,0.0002
2026-07-30 13:47:23,BTCUSDT,BINANCE,TRADE,64038,0.0005
2026-07-30 13:47:23,BTCUSDT,BINANCE,TRADE,64038,0.00224
2026-07-30 13:47:23,BTCUSDT,BINANCE,TRADE,64038,0.0005
2026-07-30 13:47:23,BTCUSDT,BINANCE,TRADE,64038,0.0005
2026-07-30 13:47:23,BTCUSDT,BINANCE,TRADE,64038,0.0005
2026-07-30 13:47:23,BTCUSDT,BINANCE,TRADE,64038,0.0005
2026-07-30 13:47:23,BTCUSDT,BINANCE,TRADE,64038,0.00017
2026-07-30 13:47:23,BTCUSDT,BINANCE,TRADE,64038,0.0005
2026-07-30 13:47:23,BTCUSDT,BINANCE,TRADE,64038,0.00096
2026-07-30 13:47:23,BTCUSDT,BINANCE,TRADE,64038,0.0005
2026-07-30 13:47:23,BTCUSDT,BINANCE,TRADE,64038,0.00509
2026-07-30 13:47:23,BTCUSDT,BINANCE,TRADE,64038,0.0005
2026-07-30 13:47:23,BTCUSDT,BINANCE,TRADE,64038,0.0005
2026-07-30 13:47:23,BTCUSDT,BINANCE,TRADE,64038,0.0005
2026-07-30 13:47:23,BTCUSDT,BINANCE,TRADE,64038,0.0005
2026-07-30 13:47:23,BTCUSDT,BINANCE,TRADE,64038,0.00156
2026-07-30 13:47:23,BTCUSDT,BINANCE,TRADE,64038,0.0005
2026-07-30 13:47:23,BTCUSDT,BINANCE,TRADE,64038,0.00086
2026-07-30 13:47:23,BTCUSDT,BINANCE,TRADE,64038,0.0005
2026-07-30 13:47:23,BTCUSDT,BINANCE,TRADE,64038,0.00789
2026-07-30 13:47:23,BTCUSDT,BINANCE,TRADE,64038,0.0005
2026-07-30 13:47:23,BTCUSDT,BINANCE,TRADE,64038,0.00018
2026-07-30 13:47:23,BTCUSDT,BINANCE,TRADE,64038,0.0013
2026-07-30 13:47:23,BTCUSDT,BINANCE,TRADE,64038,0.0005
2026-07-30 13:47:24,BTCUSDT,BINANCE,TRADE,64038,0.0005
2026-07-30 13:47:24,BTCUSDT,BINANCE,TRADE,64038,0.00228
2026-07-30 13:47:24,BTCUSDT,BINANCE,TRADE,64038,0.00156
2026-07-30 13:47:24,BTCUSDT,BINANCE,TRADE,64038,0.00019
2026-07-30 13:47:24,BTCUSDT,BINANCE,TRADE,64038,0.0005
2026-07-30 13:47:24,BTCUSDT,BINANCE,TRADE,64038,0.0005
2026-07-30 13:47:24,ETHUSDT,BINANCE,TRADE,1905.91,0.0189
2026-07-30 13:47:24,BTCUSDT,BINANCE,TRADE,64038,0.0005
2026-07-30 13:47:24,BTCUSDT,BINANCE,TRADE,64038,0.00521
2026-07-30 13:47:24,BTCUSDT,BINANCE,TRADE,64038,0.0005
2026-07-30 13:47:24,ETHUSDT,BINANCE,TRADE,1905.91,0.0338
2026-07-30 13:47:24,BTCUSDT,BINANCE,TRADE,64038,0.0005
2026-07-30 13:47:24,BTCUSDT,BINANCE,TRADE,64038,0.0005
2026-07-30 13:47:24,BTCUSDT,BINANCE,TRADE,64038,0.00122
2026-07-30 13:47:24,BTCUSDT,BINANCE,TRADE,64038,0.0005
2026-07-30 13:47:24,BTCUSDT,BINANCE,TRADE,64038,0.00156
2026-07-30 13:47:24,BTCUSDT,BINANCE,TRADE,64038,0.0005
2026-07-30 13:47:24,BTCUSDT,BINANCE,TRADE,64038,0.0005
2026-07-30 13:47:24,BTCUSDT,BINANCE,TRADE,64038,0.0005
2026-07-30 13:47:24,BTCUSDT,BINANCE,TRADE,64038,0.0005
2026-07-30 13:47:24,BTCUSDT,BINANCE,TRADE,64038,0.00156
2026-07-30 13:47:24,BTCUSDT,BINANCE,TRADE,64038,0.0005
2026-07-30 13:47:24,ETHUSDT,BINANCE,TRADE,1905.91,0.0027
2026-07-30 13:47:24,ETHUSDT,BINANCE,TRADE,1905.91,0.0028
2026-07-30 13:47:24,ETHUSDT,BINANCE,TRADE,1905.91,0.0028
2026-07-30 13:47:24,ETHUSDT,BINANCE,TRADE,1905.91,0.021
2026-07-30 13:47:24,ETHUSDT,BINANCE,TRADE,1905.91,0.0027
2026-07-30 13:47:24,ETHUSDT,BINANCE,TRADE,1905.91,0.0027
2026-07-30 13:47:24,ETHUSDT,BINANCE,TRADE,1905.91,0.0027
2026-07-30 13:47:24,ETHUSDT,BINANCE,TRADE,1905.91,0.0028
2026-07-30 13:47:24,ETHUSDT,BINANCE,TRADE,1905.91,0.0028
2026-07-30 13:47:24,ETHUSDT,BINANCE,TRADE,1905.91,0.0027
2026-07-30 13:47:24,ETHUSDT,BINANCE,TRADE,1905.91,0.0053
2026-07-30 13:47:24,ETHUSDT,BINANCE,TRADE,1905.91,0.0028
2026-07-30 13:47:24,ETHUSDT,BINANCE,TRADE,1905.91,0.0027
2026-07-30 13:47:24,ETHUSDT,BINANCE,TRADE,1905.91,0.0027
2026-07-30 13:47:24,ETHUSDT,BINANCE,TRADE,1905.91,0.0027
2026-07-30 13:47:24,ETHUSDT,BINANCE,TRADE,1905.91,0.0027
2026-07-30 13:47:24,ETHUSDT,BINANCE,TRADE,1905.91,0.0027
2026-07-30 13:47:24,ETHUSDT,BINANCE,TRADE,1905.91,0.0027
2026-07-30 13:47:24,BTCUSDT,BINANCE,TRADE,64038,9e-05
2026-07-30 13:47:24,BTCUSDT,BINANCE,TRADE,64038,8e-05
2026-07-30 13:47:24,BTCUSDT,BINANCE,TRADE,64038,0.00033
2026-07-30 13:47:24,BTCUSDT,BINANCE,TRADE,64038,0.00024
2026-07-30 13:47:24,ETHUSDT,BINANCE,TRADE,1905.92,0.0028
2026-07-30 13:47:24,ETHUSDT,BINANCE,TRADE,1905.92,0.0027
2026-07-30 13:47:24,ETHUSDT,BINANCE,TRADE,1905.92,0.0053
2026-07-30 13:47:24,ETHUSDT,BINANCE,TRADE,1905.92,0.0027
2026-07-30 13:47:24,ETHUSDT,BINANCE,TRADE,1905.92,0.0027
2026-07-30 13:47:24,ETHUSDT,BINANCE,TRADE,1905.92,0.0027
2026-07-30 13:47:24,ETHUSDT,BINANCE,TRADE,1905.92,0.0028
2026-07-30 13:47:24,ETHUSDT,BINANCE,TRADE,1905.93,0.0027
2026-07-30 13:47:24,ETHUSDT,BINANCE,TRADE,1905.93,0.0027
2026-07-30 13:47:24,ETHUSDT,BINANCE,TRADE,1905.93,0.0028
2026-07-30 13:47:24,ETHUSDT,BINANCE,TRADE,1905.93,0.0053
2026-07-30 13:47:24,ETHUSDT,BINANCE,TRADE,1905.93,0.0027
2026-07-30 13:47:24,ETHUSDT,BINANCE,TRADE,1905.93,0.0027
2026-07-30 13:47:24,ETHUSDT,BINANCE,TRADE,1905.94,0.0028
2026-07-30 13:47:24,ETHUSDT,BINANCE,TRADE,1905.94,0.0027
2026-07-30 13:47:24,ETHUSDT,BINANCE,TRADE,1905.96,0.003
2026-07-30 13:47:24,ETHUSDT,BINANCE,TRADE,1905.96,0.0027
2026-07-30 13:47:24,ETHUSDT,BINANCE,TRADE,1905.96,0.0028
2026-07-30 13:47:24,ETHUSDT,BINANCE,TRADE,1905.96,0.0027
2026-07-30 13:47:24,ETHUSDT,BINANCE,TRADE,1905.97,0.0028
2026-07-30 13:47:24,ETHUSDT,BINANCE,TRADE,1905.97,0.0028
2026-07-30 13:47:24,ETHUSDT,BINANCE,TRADE,1905.97,0.0028
2026-07-30 13:47:24,ETHUSDT,BINANCE,TRADE,1905.97,0.0028
2026-07-30 13:47:24,BTCUSDT,BINANCE,TRADE,64038,0.0005
2026-07-30 13:47:24,BTCUSDT,BINANCE,TRADE,64038,0.0005
2026-07-30 13:47:24,BTCUSDT,BINANCE,TRADE,64038,0.0005
2026-07-30 13:47:24,BTCUSDT,BINANCE,TRADE,64038,0.0005
2026-07-30 13:47:24,BTCUSDT,BINANCE,TRADE,64038,0.0005
2026-07-30 13:47:24,BTCUSDT,BINANCE,TRADE,64038,0.0005
2026-07-30 13:47:24,BTCUSDT,BINANCE,TRADE,64038,0.0005
2026-07-30 13:47:24,BTCUSDT,BINANCE,TRADE,64038,0.0005
2026-07-30 13:47:24,BTCUSDT,BINANCE,TRADE,64038,0.0005
2026-07-30 13:47:24,BTCUSDT,BINANCE,TRADE,64038,0.00011
2026-07-30 13:47:24,BTCUSDT,BINANCE,TRADE,64038,0.0005
2026-07-30 13:47:24,ETHUSDT,BINANCE,TRADE,1905.98,0.0028
2026-07-30 13:47:24,ETHUSDT,BINANCE,TRADE,1905.98,0.0117
2026-07-30 13:47:24,BTCUSDT,BINANCE,TRADE,64038,0.0005
2026-07-30 13:47:24,BTCUSDT,BINANCE,TRADE,64038,0.00018
2026-07-30 13:47:24,BTCUSDT,BINANCE,TRADE,64038,0.0005
2026-07-30 13:47:24,BTCUSDT,BINANCE,TRADE,64038,0.0005
2026-07-30 13:47:24,ETHUSDT,BINANCE,TRADE,1905.97,0.2298
2026-07-30 13:47:24,BTCUSDT,BINANCE,TRADE,64038,0.0005
2026-07-30 13:47:24,BTCUSDT,BINANCE,TRADE,64038,0.0005
2026-07-30 13:47:24,BTCUSDT,BINANCE,TRADE,64038,9e-05
2026-07-30 13:47:24,BTCUSDT,BINANCE,TRADE,64038,0.00017
2026-07-30 13:47:24,BTCUSDT,BINANCE,TRADE,64038,0.0005
2026-07-30 13:47:24,BTCUSDT,BINANCE,TRADE,64038,0.0005
2026-07-30 13:47:24,BTCUSDT,BINANCE,TRADE,64038,0.0005
2026-07-30 13:47:24,BTCUSDT,BINANCE,TRADE,64038,0.0005
2026-07-30 13:47:24,BTCUSDT,BINANCE,TRADE,64038,0.01563
2026-07-30 13:47:24,BTCUSDT,BINANCE,TRADE,64038,0.0005
2026-07-30 13:47:24,BTCUSDT,BINANCE,TRADE,64038,0.0005
2026-07-30 13:47:24,BTCUSDT,BINANCE,TRADE,64038,0.0005
2026-07-30 13:47:24,BTCUSDT,BINANCE,TRADE,64038,0.0005
2026-07-30 13:47:24,BTCUSDT,BINANCE,TRADE,64038,0.0005
2026-07-30 13:47:24,BTCUSDT,BINANCE,TRADE,64038,0.0005
2026-07-30 13:47:24,BTCUSDT,BINANCE,TRADE,64038,0.00499
2026-07-30 13:47:24,BTCUSDT,BINANCE,TRADE,64038,0.00103
2026-07-30 13:47:24,BTCUSDT,BINANCE,TRADE,64038,0.0005
2026-07-30 13:47:24,BTCUSDT,BINANCE,TRADE,64038,0.0005
2026-07-30 13:47:24,BTCUSDT,BINANCE,TRADE,64038,0.00156
2026-07-30 13:47:24,BTCUSDT,BINANCE,TRADE,64038,0.00012
2026-07-30 13:47:24,BTCUSDT,BINANCE,TRADE,64038,0.0005
2026-07-30 13:47:24,BTCUSDT,BINANCE,TRADE,64038,0.0013
2026-07-30 13:47:24,BTCUSDT,BINANCE,TRADE,64038,0.00058
2026-07-30 13:47:24,BTCUSDT,BINANCE,TRADE,64038,0.0005
2026-07-30 13:47:24,BTCUSDT,BINANCE,TRADE,64038,0.01873
2026-07-30 13:47:24,BTCUSDT,BINANCE,TRADE,64038,0.0005
2026-07-30 13:47:24,ETHUSDT,BINANCE,TRADE,1905.98,0.052
2026-07-30 13:47:24,BTCUSDT,BINANCE,TRADE,64038,0.00156
2026-07-30 13:47:24,BTCUSDT,BINANCE,TRADE,64038,0.0005
2026-07-30 13:47:24,BTCUSDT,BINANCE,TRADE,64038,0.00055
2026-07-30 13:47:24,BTCUSDT,BINANCE,TRADE,64038,0.00156
2026-07-30 13:47:24,BTCUSDT,BINANCE,TRADE,64038,0.0005
2026-07-30 13:47:24,BTCUSDT,BINANCE,TRADE,64038,0.00156
2026-07-30 13:47:24,BTCUSDT,BINANCE,TRADE,64038,0.00156
2026-07-30 13:47:24,BTCUSDT,BINANCE,TRADE,64038,0.0005
2026-07-30 13:47:24,ETHUSDT,BINANCE,TRADE,1905.97,0.232
2026-07-30 13:47:24,BTCUSDT,BINANCE,TRADE,64038,0.002
2026-07-30 13:47:24,BTCUSDT,BINANCE,TRADE,64038,0.0005
2026-07-30 13:47:24,BTCUSDT,BINANCE,TRADE,64038,0.00999
2026-07-30 13:47:24,BTCUSDT,BINANCE,TRADE,64038,0.00156
2026-07-30 13:47:24,BTCUSDT,BINANCE,TRADE,64038,0.0005
2026-07-30 13:47:24,BTCUSDT,BINANCE,TRADE,64038,0.00129
2026-07-30 13:47:24,BTCUSDT,BINANCE,TRADE,64038,0.00033
2026-07-30 13:47:24,BTCUSDT,BINANCE,TRADE,64038,0.0005
2026-07-30 13:47:24,BTCUSDT,BINANCE,TRADE,64038,0.00156
2026-07-30 13:47:24,BTCUSDT,BINANCE,TRADE,64038,0.00156
2026-07-30 13:47:24,ETHUSDT,BINANCE,TRADE,1905.97,0.0089
2026-07-30 13:47:24,BTCUSDT,BINANCE,TRADE,64038,0.0005
2026-07-30 13:47:24,BTCUSDT,BINANCE,TRADE,64038,0.0005
2026-07-30 13:47:24,BTCUSDT,BINANCE,TRADE,64038,0.0005
2026-07-30 13:47:24,BTCUSDT,BINANCE,TRADE,64038,0.0005
2026-07-30 13:47:24,BTCUSDT,BINANCE,TRADE,64038,0.00141
2026-07-30 13:47:24,BTCUSDT,BINANCE,TRADE,64038,0.00156
2026-07-30 13:47:24,BTCUSDT,BINANCE,TRADE,64038,0.0005
2026-07-30 13:47:24,BTCUSDT,BINANCE,TRADE,64038,0.00055
2026-07-30 13:47:24,BTCUSDT,BINANCE,TRADE,64038,0.0005
2026-07-30 13:47:24,ETHUSDT,BINANCE,TRADE,1905.98,0.0216
2026-07-30 13:47:24,BTCUSDT,BINANCE,TRADE,64038,0.0005
2026-07-30 13:47:24,BTCUSDT,BINANCE,TRADE,64038,0.0005
2026-07-30 13:47:24,BTCUSDT,BINANCE,TRADE,64038,0.00156
2026-07-30 13:47:24,BTCUSDT,BINANCE,TRADE,64038,0.0005
2026-07-30 13:47:24,BTCUSDT,BINANCE,TRADE,64038,9e-05
2026-07-30 13:47:24,BTCUSDT,BINANCE,TRADE,64038,0.0005
2026-07-30 13:47:24,BTCUSDT,BINANCE,TRADE,64038,0.0005
2026-07-30 13:47:24,BTCUSDT,BINANCE,TRADE,64038,0.0005
2026-07-30 13:47:24,BTCUSDT,BINANCE,TRADE,64038,0.0013
2026-07-30 13:47:24,BTCUSDT,BINANCE,TRADE,64038,0.0005
2026-07-30 13:47:24,BTCUSDT,BINANCE,TRADE,64038,0.0005
2026-07-30 13:47:24,BTCUSDT,BINANCE,TRADE,64038,0.0005
2026-07-30 13:47:24,BTCUSDT,BINANCE,TRADE,64038,0.00172
2026-07-30 13:47:24,BTCUSDT,BINANCE,TRADE,64038,0.0005
2026-07-30 13:47:24,BTCUSDT,BINANCE,TRADE,64038,0.0005
2026-07-30 13:47:24,BTCUSDT,BINANCE,TRADE,64038,0.0005
2026-07-30 13:47:24,BTCUSDT,BINANCE,TRADE,64038,0.0005
2026-07-30 13:47:24,BTCUSDT,BINANCE,TRADE,64038,0.0005
2026-07-30 13:47:24,BTCUSDT,BINANCE,TRADE,64038,0.0005
2026-07-30 13:47:24,BTCUSDT,BINANCE,TRADE,64038,0.0005
2026-07-30 13:47:24,BTCUSDT,BINANCE,TRADE,64038,0.0005
2026-07-30 13:47:24,BTCUSDT,BINANCE,TRADE,64038,0.00019
2026-07-30 13:47:24,BTCUSDT,BINANCE,TRADE,64038,0.0005
2026-07-30 13:47:24,BTCUSDT,BINANCE,TRADE,64038,0.0005
2026-07-30 13:47:24,BTCUSDT,BINANCE,TRADE,64038,0.0005
2026-07-30 13:47:24,BTCUSDT,BINANCE,TRADE,64038,0.0005
2026-07-30 13:47:24,ETHUSDT,BINANCE,TRADE,1905.97,0.0353
2026-07-30 13:47:24,BTCUSDT,BINANCE,TRADE,64038,0.0005
2026-07-30 13:47:24,BTCUSDT,BINANCE,TRADE,64038,0.0005
2026-07-30 13:47:24,BTCUSDT,BINANCE,TRADE,64038,0.0005
2026-07-30 13:47:24,BTCUSDT,BINANCE,TRADE,64038,0.0005
2026-07-30 13:47:24,BTCUSDT,BINANCE,TRADE,64038,0.00033
2026-07-30 13:47:24,BTCUSDT,BINANCE,TRADE,64038,0.0005
2026-07-30 13:47:24,BTCUSDT,BINANCE,TRADE,64038,0.0005
2026-07-30 13:47:24,BTCUSDT,BINANCE,TRADE,64038,0.0005
2026-07-30 13:47:24,BTCUSDT,BINANCE,TRADE,64038,0.00016
2026-07-30 13:47:24,BTCUSDT,BINANCE,TRADE,64038,0.0005
2026-07-30 13:47:24,BTCUSDT,BINANCE,TRADE,64038,0.00156
2026-07-30 13:47:24,BTCUSDT,BINANCE,TRADE,64038,0.0005
2026-07-30 13:47:24,BTCUSDT,BINANCE,TRADE,64038,0.00515
2026-07-30 13:47:24,BTCUSDT,BINANCE,TRADE,64038,0.0005
2026-07-30 13:47:24,BTCUSDT,BINANCE,TRADE,64038,0.00145
2026-07-30 13:47:24,BTCUSDT,BINANCE,TRADE,64038,0.0005
2026-07-30 13:47:24,BTCUSDT,BINANCE,TRADE,64038,0.0005
2026-07-30 13:47:25,BTCUSDT,BINANCE,TRADE,64038,0.0005
2026-07-30 13:47:25,BTCUSDT,BINANCE,TRADE,64038,0.00156
2026-07-30 13:47:25,BTCUSDT,BINANCE,TRADE,64038,0.0005
2026-07-30 13:47:25,BTCUSDT,BINANCE,TRADE,64038,0.0005
2026-07-30 13:47:25,BTCUSDT,BINANCE,TRADE,64038,0.0005
2026-07-30 13:47:25,BTCUSDT,BINANCE,TRADE,64038,0.0005
2026-07-30 13:47:25,BTCUSDT,BINANCE,TRADE,64038,0.0005
2026-07-30 13:47:25,BTCUSDT,BINANCE,TRADE,64038,0.00029
2026-07-30 13:47:25,BTCUSDT,BINANCE,TRADE,64038,0.0005
2026-07-30 13:47:25,BTCUSDT,BINANCE,TRADE,64038,0.0005
2026-07-30 13:47:25,BTCUSDT,BINANCE,TRADE,64038,0.00313
2026-07-30 13:47:25,BTCUSDT,BINANCE,TRADE,64038,0.0005
2026-07-30 13:47:25,BTCUSDT,BINANCE,TRADE,64038,0.0005
2026-07-30 13:47:25,BTCUSDT,BINANCE,TRADE,64038,0.00014
2026-07-30 13:47:25,BTCUSDT,BINANCE,TRADE,64038,0.0005
2026-07-30 13:47:25,ETHUSDT,BINANCE,TRADE,1905.98,0.1725
2026-07-30 13:47:25,BTCUSDT,BINANCE,TRADE,64038,0.0005
2026-07-30 13:47:25,BTCUSDT,BINANCE,TRADE,64038,0.0005
2026-07-30 13:47:25,ETHUSDT,BINANCE,TRADE,1905.98,0.1596
2026-07-30 13:47:25,BTCUSDT,BINANCE,TRADE,64038,0.0005
2026-07-30 13:47:25,BTCUSDT,BINANCE,TRADE,64038,0.0013
2026-07-30 13:47:25,ETHUSDT,BINANCE,TRADE,1905.97,0.0524
2026-07-30 13:47:25,BTCUSDT,BINANCE,TRADE,64038,0.0005
2026-07-30 13:47:25,BTCUSDT,BINANCE,TRADE,64038,0.00156
2026-07-30 13:47:25,ETHUSDT,BINANCE,TRADE,1905.97,0.2383
2026-07-30 13:47:25,BTCUSDT,BINANCE,TRADE,64038,0.0005
2026-07-30 13:47:25,BTCUSDT,BINANCE,TRADE,64038,0.0005
2026-07-30 13:47:25,BTCUSDT,BINANCE,TRADE,64038,0.0005
2026-07-30 13:47:25,BTCUSDT,BINANCE,TRADE,64038,0.0005
2026-07-30 13:47:25,BTCUSDT,BINANCE,TRADE,64038,0.00029
2026-07-30 13:47:25,BTCUSDT,BINANCE,TRADE,64038,0.00156
2026-07-30 13:47:25,BTCUSDT,BINANCE,TRADE,64038,0.00166
2026-07-30 13:47:25,BTCUSDT,BINANCE,TRADE,64038,0.0005
2026-07-30 13:47:25,BTCUSDT,BINANCE,TRADE,64038,0.0005
2026-07-30 13:47:25,BTCUSDT,BINANCE,TRADE,64038,0.0005
2026-07-30 13:47:25,BTCUSDT,BINANCE,TRADE,64038,0.0005
2026-07-30 13:47:25,BTCUSDT,BINANCE,TRADE,64038,0.0005
2026-07-30 13:47:25,BTCUSDT,BINANCE,TRADE,64038,0.00017
2026-07-30 13:47:25,BTCUSDT,BINANCE,TRADE,64038,0.0005
2026-07-30 13:47:25,BTCUSDT,BINANCE,TRADE,64038,0.00156
2026-07-30 13:47:25,BTCUSDT,BINANCE,TRADE,64038,0.0005
2026-07-30 13:47:25,BTCUSDT,BINANCE,TRADE,64038,0.29389
2026-07-30 13:47:25,BTCUSDT,BINANCE,TRADE,64038,0.03449
2026-07-30 13:47:25,BTCUSDT,BINANCE,TRADE,64038,0.00733
2026-07-30 13:47:25,BTCUSDT,BINANCE,TRADE,64038,0.00156
2026-07-30 13:47:25,BTCUSDT,BINANCE,TRADE,64038,0.0005
2026-07-30 13:47:25,BTCUSDT,BINANCE,TRADE,64038,0.0005
2026-07-30 13:47:25,BTCUSDT,BINANCE,TRADE,64038,0.0005
2026-07-30 13:47:25,BTCUSDT,BINANCE,TRADE,64038,0.00156
2026-07-30 13:47:25,BTCUSDT,BINANCE,TRADE,64038,0.0005
2026-07-30 13:47:25,BTCUSDT,BINANCE,TRADE,64038,0.00065
2026-07-30 13:47:25,BTCUSDT,BINANCE,TRADE,64038,0.0002
2026-07-30 13:47:25,BTCUSDT,BINANCE,TRADE,64038,0.00156
2026-07-30 13:47:25,BTCUSDT,BINANCE,TRADE,64038,0.0005
2026-07-30 13:47:25,BTCUSDT,BINANCE,TRADE,64038,0.0005
2026-07-30 13:47:25,BTCUSDT,BINANCE,TRADE,64038,0.0005
2026-07-30 13:47:25,BTCUSDT,BINANCE,TRADE,64038,0.00027
2026-07-30 13:47:25,BTCUSDT,BINANCE,TRADE,64038,0.00212
2026-07-30 13:47:25,BTCUSDT,BINANCE,TRADE,64038,0.00012
2026-07-30 13:47:25,BTCUSDT,BINANCE,TRADE,64038,0.0005
2026-07-30 13:47:25,BTCUSDT,BINANCE,TRADE,64038,0.0005
2026-07-30 13:47:25,BTCUSDT,BINANCE,TRADE,64038,0.0013
2026-07-30 13:47:25,ETHUSDT,BINANCE,TRADE,1905.98,0.0522
2026-07-30 13:47:25,BTCUSDT,BINANCE,TRADE,64038,0.0005
2026-07-30 13:47:25,BTCUSDT,BINANCE,TRADE,64038,0.00045
2026-07-30 13:47:25,BTCUSDT,BINANCE,TRADE,64038,0.0005
2026-07-30 13:47:25,BTCUSDT,BINANCE,TRADE,64038,0.0005
2026-07-30 13:47:25,BTCUSDT,BINANCE,TRADE,64038,0.00156
2026-07-30 13:47:25,BTCUSDT,BINANCE,TRADE,64038,0.0005
2026-07-30 13:47:25,BTCUSDT,BINANCE,TRADE,64038,0.0005
2026-07-30 13:47:25,ETHUSDT,BINANCE,TRADE,1905.97,0.0338
2026-07-30 13:47:25,BTCUSDT,BINANCE,TRADE,64038,0.0005
2026-07-30 13:47:25,BTCUSDT,BINANCE,TRADE,64038,0.00015
2026-07-30 13:47:25,BTCUSDT,BINANCE,TRADE,64038,0.0005
2026-07-30 13:47:25,BTCUSDT,BINANCE,TRADE,64038,0.00499
2026-07-30 13:47:25,BTCUSDT,BINANCE,TRADE,64038,0.00156
2026-07-30 13:47:25,BTCUSDT,BINANCE,TRADE,64038,0.0005
2026-07-30 13:47:25,BTCUSDT,BINANCE,TRADE,64038,0.00018
2026-07-30 13:47:25,BTCUSDT,BINANCE,TRADE,64038,0.0005
2026-07-30 13:47:25,BTCUSDT,BINANCE,TRADE,64038,0.0005
2026-07-30 13:47:25,BTCUSDT,BINANCE,TRADE,64038,0.0005
2026-07-30 13:47:25,BTCUSDT,BINANCE,TRADE,64038,0.00498
2026-07-30 13:47:25,BTCUSDT,BINANCE,TRADE,64038,0.01563
2026-07-30 13:47:25,BTCUSDT,BINANCE,TRADE,64038,0.0005
2026-07-30 13:47:25,BTCUSDT,BINANCE,TRADE,64038,0.0005
2026-07-30 13:47:25,BTCUSDT,BINANCE,TRADE,64038,0.0005
2026-07-30 13:47:25,BTCUSDT,BINANCE,TRADE,64038,0.0005
2026-07-30 13:47:25,BTCUSDT,BINANCE,TRADE,64038,0.0005
2026-07-30 13:47:25,BTCUSDT,BINANCE,TRADE,64038,0.00166
2026-07-30 13:47:25,BTCUSDT,BINANCE,TRADE,64038,0.0005
2026-07-30 13:47:25,BTCUSDT,BINANCE,TRADE,64038,0.0005
2026-07-30 13:47:25,BTCUSDT,BINANCE,TRADE,64038,0.0005
2026-07-30 13:47:25,BTCUSDT,BINANCE,TRADE,64038,0.00016
2026-07-30 13:47:25,BTCUSDT,BINANCE,TRADE,64038,0.0005
2026-07-30 13:47:25,BTCUSDT,BINANCE,TRADE,64038,0.01518
2026-07-30 13:47:25,BTCUSDT,BINANCE,TRADE,64038,0.00086
2026-07-30 13:47:25,BTCUSDT,BINANCE,TRADE,64038,0.0005
2026-07-30 13:47:25,BTCUSDT,BINANCE,TRADE,64038,0.00024
2026-07-30 13:47:25,BTCUSDT,BINANCE,TRADE,64038,0.0005
2026-07-30 13:47:25,BTCUSDT,BINANCE,TRADE,64038,0.0005
2026-07-30 13:47:25,BTCUSDT,BINANCE,TRADE,64038,0.00057
2026-07-30 13:47:25,BTCUSDT,BINANCE,TRADE,64038,0.0005
2026-07-30 13:47:25,BTCUSDT,BINANCE,TRADE,64038,0.0005
2026-07-30 13:47:25,BTCUSDT,BINANCE,TRADE,64038,0.0005
2026-07-30 13:47:25,BTCUSDT,BINANCE,TRADE,64038,0.00038
2026-07-30 13:47:25,BTCUSDT,BINANCE,TRADE,64038,0.00156
2026-07-30 13:47:25,BTCUSDT,BINANCE,TRADE,64038,0.0005
2026-07-30 13:47:25,BTCUSDT,BINANCE,TRADE,64038,0.0005
2026-07-30 13:47:25,BTCUSDT,BINANCE,TRADE,64038,0.00156
2026-07-30 13:47:25,BTCUSDT,BINANCE,TRADE,64038,0.0005
2026-07-30 13:47:25,ETHUSDT,BINANCE,TRADE,1905.98,0.232
2026-07-30 13:47:25,BTCUSDT,BINANCE,TRADE,64038,0.0005
2026-07-30 13:47:25,BTCUSDT,BINANCE,TRADE,64038,0.00156
2026-07-30 13:47:25,BTCUSDT,BINANCE,TRADE,64038,0.0005
2026-07-30 13:47:25,BTCUSDT,BINANCE,TRADE,64038,0.00183
2026-07-30 13:47:25,BTCUSDT,BINANCE,TRADE,64038,0.0005
2026-07-30 13:47:25,BTCUSDT,BINANCE,TRADE,64038,0.00018
2026-07-30 13:47:25,BTCUSDT,BINANCE,TRADE,64038,0.00156
2026-07-30 13:47:25,BTCUSDT,BINANCE,TRADE,64038,0.0005
2026-07-30 13:47:25,BTCUSDT,BINANCE,TRADE,64038,0.00045
2026-07-30 13:47:25,BTCUSDT,BINANCE,TRADE,64038,0.0005
2026-07-30 13:47:25,BTCUSDT,BINANCE,TRADE,64038,0.0005
2026-07-30 13:47:25,BTCUSDT,BINANCE,TRADE,64038,0.0005
2026-07-30 13:47:25,BTCUSDT,BINANCE,TRADE,64038,0.00017
2026-07-30 13:47:25,BTCUSDT,BINANCE,TRADE,64038,0.0005
2026-07-30 13:47:25,BTCUSDT,BINANCE,TRADE,64038,0.0005
2026-07-30 13:47:25,BTCUSDT,BINANCE,TRADE,64038,0.0005
2026-07-30 13:47:25,ETHUSDT,BINANCE,TRADE,1905.97,0.0027
2026-07-30 13:47:25,BTCUSDT,BINANCE,TRADE,64038,0.0005
2026-07-30 13:47:25,BTCUSDT,BINANCE,TRADE,64038,0.0005
2026-07-30 13:47:25,BTCUSDT,BINANCE,TRADE,64038,0.0013
2026-07-30 13:47:25,BTCUSDT,BINANCE,TRADE,64038,0.00029
2026-07-30 13:47:25,BTCUSDT,BINANCE,TRADE,64038,0.0005
2026-07-30 13:47:25,BTCUSDT,BINANCE,TRADE,64038,0.00521
2026-07-30 13:47:25,BTCUSDT,BINANCE,TRADE,64038,0.0005
2026-07-30 13:47:25,BTCUSDT,BINANCE,TRADE,64038,0.0005
2026-07-30 13:47:25,BTCUSDT,BINANCE,TRADE,64038,0.00281
2026-07-30 13:47:25,BTCUSDT,BINANCE,TRADE,64038,0.0005
2026-07-30 13:47:25,BTCUSDT,BINANCE,TRADE,64038,0.0005
2026-07-30 13:47:25,BTCUSDT,BINANCE,TRADE,64038,0.0005
2026-07-30 13:47:25,BTCUSDT,BINANCE,TRADE,64038,0.0005
2026-07-30 13:47:25,BTCUSDT,BINANCE,TRADE,64038,0.00156
2026-07-30 13:47:25,BTCUSDT,BINANCE,TRADE,64038,0.0005
2026-07-30 13:47:25,BTCUSDT,BINANCE,TRADE,64038,0.0005
2026-07-30 13:47:25,BTCUSDT,BINANCE,TRADE,64038,0.00012
2026-07-30 13:47:25,BTCUSDT,BINANCE,TRADE,64038,0.0005
2026-07-30 13:47:25,BTCUSDT,BINANCE,TRADE,64038,0.0005
2026-07-30 13:47:25,BTCUSDT,BINANCE,TRADE,64038,0.00156
2026-07-30 13:47:25,BTCUSDT,BINANCE,TRADE,64038,0.0005
2026-07-30 13:47:26,BTCUSDT,BINANCE,TRADE,64038,0.0005
2026-07-30 13:47:26,BTCUSDT,BINANCE,TRADE,64038,0.0005
2026-07-30 13:47:26,BTCUSDT,BINANCE,TRADE,64038,0.0005
2026-07-30 13:47:26,BTCUSDT,BINANCE,TRADE,64038,0.0005
2026-07-30 13:47:26,BTCUSDT,BINANCE,TRADE,64038,0.0005
2026-07-30 13:47:26,BTCUSDT,BINANCE,TRADE,64038,0.00122
2026-07-30 13:47:26,BTCUSDT,BINANCE,TRADE,64038,0.0005
2026-07-30 13:47:26,BTCUSDT,BINANCE,TRADE,64038,0.0005
2026-07-30 13:47:26,BTCUSDT,BINANCE,TRADE,64038,0.00033
2026-07-30 13:47:26,BTCUSDT,BINANCE,TRADE,64038,9e-05
2026-07-30 13:47:26,BTCUSDT,BINANCE,TRADE,64038,0.00039
2026-07-30 13:47:26,BTCUSDT,BINANCE,TRADE,64038,0.0005
2026-07-30 13:47:26,BTCUSDT,BINANCE,TRADE,64038,0.0005
2026-07-30 13:47:26,BTCUSDT,BINANCE,TRADE,64038,0.0013
2026-07-30 13:47:26,BTCUSDT,BINANCE,TRADE,64038,0.0005
2026-07-30 13:47:26,BTCUSDT,BINANCE,TRADE,64038,0.0005
2026-07-30 13:47:26,BTCUSDT,BINANCE,TRADE,64038,0.0005
2026-07-30 13:47:26,BTCUSDT,BINANCE,TRADE,64038,0.00156
2026-07-30 13:47:26,BTCUSDT,BINANCE,TRADE,64038,0.0005
2026-07-30 13:47:26,BTCUSDT,BINANCE,TRADE,64038,0.0005
2026-07-30 13:47:26,BTCUSDT,BINANCE,TRADE,64038,0.0005
2026-07-30 13:47:26,BTCUSDT,BINANCE,TRADE,64038,0.0005
2026-07-30 13:47:26,BTCUSDT,BINANCE,TRADE,64038,0.00019
2026-07-30 13:47:26,BTCUSDT,BINANCE,TRADE,64038,0.00156
2026-07-30 13:47:26,BTCUSDT,BINANCE,TRADE,64038,0.0005
2026-07-30 13:47:26,BTCUSDT,BINANCE,TRADE,64038,0.0005
2026-07-30 13:47:26,BTCUSDT,BINANCE,TRADE,64038,0.0005
2026-07-30 13:47:26,ETHUSDT,BINANCE,TRADE,1905.97,0.0322
2026-07-30 13:47:26,BTCUSDT,BINANCE,TRADE,64038,0.0005
2026-07-30 13:47:26,BTCUSDT,BINANCE,TRADE,64038,0.00038
2026-07-30 13:47:26,BTCUSDT,BINANCE,TRADE,64038,0.0005
2026-07-30 13:47:26,BTCUSDT,BINANCE,TRADE,64038,0.0005
2026-07-30 13:47:26,ETHUSDT,BINANCE,TRADE,1905.97,0.0216
2026-07-30 13:47:26,BTCUSDT,BINANCE,TRADE,64038,0.0005
2026-07-30 13:47:26,BTCUSDT,BINANCE,TRADE,64038,0.0005
2026-07-30 13:47:26,BTCUSDT,BINANCE,TRADE,64038,0.0005
2026-07-30 13:47:26,BTCUSDT,BINANCE,TRADE,64038,0.00156
2026-07-30 13:47:26,BTCUSDT,BINANCE,TRADE,64038,0.00018
2026-07-30 13:47:26,BTCUSDT,BINANCE,TRADE,64038,0.0005
2026-07-30 13:47:26,BTCUSDT,BINANCE,TRADE,64038,0.0005
2026-07-30 13:47:26,BTCUSDT,BINANCE,TRADE,64038,0.00019
2026-07-30 13:47:26,BTCUSDT,BINANCE,TRADE,64038,0.00013
2026-07-30 13:47:26,BTCUSDT,BINANCE,TRADE,64038,0.0005
2026-07-30 13:47:26,BTCUSDT,BINANCE,TRADE,64038,0.00156
2026-07-30 13:47:26,BTCUSDT,BINANCE,TRADE,64038,0.0005
2026-07-30 13:47:26,BTCUSDT,BINANCE,TRADE,64038,0.00138
2026-07-30 13:47:26,BTCUSDT,BINANCE,TRADE,64038,0.003
2026-07-30 13:47:26,BTCUSDT,BINANCE,TRADE,64038,0.0005
2026-07-30 13:47:26,BTCUSDT,BINANCE,TRADE,64038,0.00032
2026-07-30 13:47:26,BTCUSDT,BINANCE,TRADE,64038,0.00156
2026-07-30 13:47:26,BTCUSDT,BINANCE,TRADE,64038,0.0005
2026-07-30 13:47:26,BTCUSDT,BINANCE,TRADE,64038,0.00156
2026-07-30 13:47:26,BTCUSDT,BINANCE,TRADE,64038,0.00029
2026-07-30 13:47:26,BTCUSDT,BINANCE,TRADE,64038,0.00228
2026-07-30 13:47:26,BTCUSDT,BINANCE,TRADE,64038,0.0005
2026-07-30 13:47:26,BTCUSDT,BINANCE,TRADE,64038,0.0005
2026-07-30 13:47:26,BTCUSDT,BINANCE,TRADE,64038,0.0005
2026-07-30 13:47:26,BTCUSDT,BINANCE,TRADE,64038,0.00156
2026-07-30 13:47:26,BTCUSDT,BINANCE,TRADE,64038,0.00156
2026-07-30 13:47:26,BTCUSDT,BINANCE,TRADE,64038,0.0005
2026-07-30 13:47:26,BTCUSDT,BINANCE,TRADE,64038,0.00065
2026-07-30 13:47:26,BTCUSDT,BINANCE,TRADE,64038,0.0005
2026-07-30 13:47:26,BTCUSDT,BINANCE,TRADE,64038,0.00164
2026-07-30 13:47:26,BTCUSDT,BINANCE,TRADE,64038,0.0005
2026-07-30 13:47:26,BTCUSDT,BINANCE,TRADE,64038,0.00204
2026-07-30 13:47:26,BTCUSDT,BINANCE,TRADE,64038,0.00024
2026-07-30 13:47:26,BTCUSDT,BINANCE,TRADE,64038,0.00011
2026-07-30 13:47:26,BTCUSDT,BINANCE,TRADE,64038,0.0005
2026-07-30 13:47:26,BTCUSDT,BINANCE,TRADE,64038,0.0005
2026-07-30 13:47:26,ETHUSDT,BINANCE,TRADE,1905.98,0.0181
2026-07-30 13:47:26,BTCUSDT,BINANCE,TRADE,64038,0.0005
2026-07-30 13:47:26,BTCUSDT,BINANCE,TRADE,64038,0.00167
2026-07-30 13:47:26,BTCUSDT,BINANCE,TRADE,64038,0.0005
2026-07-30 13:47:26,BTCUSDT,BINANCE,TRADE,64038,0.00919
2026-07-30 13:47:26,BTCUSDT,BINANCE,TRADE,64038,8e-05
2026-07-30 13:47:26,BTCUSDT,BINANCE,TRADE,64038,8e-05
2026-07-30 13:47:26,BTCUSDT,BINANCE,TRADE,64038,8e-05
2026-07-30 13:47:26,BTCUSDT,BINANCE,TRADE,64038,8e-05
2026-07-30 13:47:26,BTCUSDT,BINANCE,TRADE,64038,8e-05
2026-07-30 13:47:26,BTCUSDT,BINANCE,TRADE,64038,8e-05
2026-07-30 13:47:26,BTCUSDT,BINANCE,TRADE,64038,8e-05
2026-07-30 13:47:26,BTCUSDT,BINANCE,TRADE,64038,8e-05
2026-07-30 13:47:26,BTCUSDT,BINANCE,TRADE,64038,8e-05
2026-07-30 13:47:26,BTCUSDT,BINANCE,TRADE,64038,8e-05
2026-07-30 13:47:26,BTCUSDT,BINANCE,TRADE,64038,0.00874
2026-07-30 13:47:26,BTCUSDT,BINANCE,TRADE,64038,0.0005
2026-07-30 13:47:26,BTCUSDT,BINANCE,TRADE,64038,0.0005
2026-07-30 13:47:26,BTCUSDT,BINANCE,TRADE,64038,0.0005
2026-07-30 13:47:26,BTCUSDT,BINANCE,TRADE,64038,0.0005
2026-07-30 13:47:26,BTCUSDT,BINANCE,TRADE,64038,0.0005
2026-07-30 13:47:26,BTCUSDT,BINANCE,TRADE,64038,0.00789
2026-07-30 13:47:26,BTCUSDT,BINANCE,TRADE,64038,0.0005
2026-07-30 13:47:26,BTCUSDT,BINANCE,TRADE,64038,0.00055
2026-07-30 13:47:26,BTCUSDT,BINANCE,TRADE,64038,0.0005
2026-07-30 13:47:26,BTCUSDT,BINANCE,TRADE,64038,0.0013
2026-07-30 13:47:26,BTCUSDT,BINANCE,TRADE,64038,0.0005
2026-07-30 13:47:26,BTCUSDT,BINANCE,TRADE,64038,0.00018
2026-07-30 13:47:26,BTCUSDT,BINANCE,TRADE,64038,0.0005
2026-07-30 13:47:26,BTCUSDT,BINANCE,TRADE,64038,0.00166
2026-07-30 13:47:26,BTCUSDT,BINANCE,TRADE,64038,0.00156
2026-07-30 13:47:26,BTCUSDT,BINANCE,TRADE,64038,0.00033
2026-07-30 13:47:26,BTCUSDT,BINANCE,TRADE,64038,0.0005
2026-07-30 13:47:26,BTCUSDT,BINANCE,TRADE,64038,0.0005
2026-07-30 13:47:26,BTCUSDT,BINANCE,TRADE,64038,0.0005
2026-07-30 13:47:26,BTCUSDT,BINANCE,TRADE,64038,0.0005
2026-07-30 13:47:26,BTCUSDT,BINANCE,TRADE,64038,0.00017
2026-07-30 13:47:26,BTCUSDT,BINANCE,TRADE,64038,0.0005
2026-07-30 13:47:26,BTCUSDT,BINANCE,TRADE,64038,0.00156
2026-07-30 13:47:26,BTCUSDT,BINANCE,TRADE,64038,0.0005
2026-07-30 13:47:26,BTCUSDT,BINANCE,TRADE,64038,0.00272
2026-07-30 13:47:26,BTCUSDT,BINANCE,TRADE,64038,0.0005
2026-07-30 13:47:26,BTCUSDT,BINANCE,TRADE,64038,0.0005
2026-07-30 13:47:26,BTCUSDT,BINANCE,TRADE,64038,0.0005
2026-07-30 13:47:26,BTCUSDT,BINANCE,TRADE,64038,0.00156
2026-07-30 13:47:26,BTCUSDT,BINANCE,TRADE,64038,0.0005
2026-07-30 13:47:26,BTCUSDT,BINANCE,TRADE,64038,0.01563
2026-07-30 13:47:26,BTCUSDT,BINANCE,TRADE,64038,0.0005
2026-07-30 13:47:26,ETHUSDT,BINANCE,TRADE,1905.97,0.232
2026-07-30 13:47:26,BTCUSDT,BINANCE,TRADE,64038,0.00509
2026-07-30 13:47:26,BTCUSDT,BINANCE,TRADE,64038,0.0005
2026-07-30 13:47:26,BTCUSDT,BINANCE,TRADE,64038,0.0005
2026-07-30 13:47:26,BTCUSDT,BINANCE,TRADE,64038,0.00156
2026-07-30 13:47:26,BTCUSDT,BINANCE,TRADE,64038,0.0005
2026-07-30 13:47:26,BTCUSDT,BINANCE,TRADE,64038,0.0005
2026-07-30 13:47:26,BTCUSDT,BINANCE,TRADE,64038,0.00017
2026-07-30 13:47:26,BTCUSDT,BINANCE,TRADE,64038,0.0005
2026-07-30 13:47:26,BTCUSDT,BINANCE,TRADE,64038,0.00026
2026-07-30 13:47:26,BTCUSDT,BINANCE,TRADE,64038,0.0005
2026-07-30 13:47:26,BTCUSDT,BINANCE,TRADE,64038,0.0005
2026-07-30 13:47:26,BTCUSDT,BINANCE,TRADE,64038,0.00012
2026-07-30 13:47:26,ETHUSDT,BINANCE,TRADE,1905.98,0.0867
2026-07-30 13:47:26,BTCUSDT,BINANCE,TRADE,64038,0.0005
2026-07-30 13:47:26,BTCUSDT,BINANCE,TRADE,64038,0.0013
2026-07-30 13:47:26,ETHUSDT,BINANCE,TRADE,1905.98,0.0338
2026-07-30 13:47:26,BTCUSDT,BINANCE,TRADE,64038,0.0005
2026-07-30 13:47:26,BTCUSDT,BINANCE,TRADE,64038,0.0005
2026-07-30 13:47:26,BTCUSDT,BINANCE,TRADE,64038,0.0005
2026-07-30 13:47:26,BTCUSDT,BINANCE,TRADE,64038,0.0005
2026-07-30 13:47:26,BTCUSDT,BINANCE,TRADE,64038,0.00156
2026-07-30 13:47:26,BTCUSDT,BINANCE,TRADE,64038,0.0005
2026-07-30 13:47:26,BTCUSDT,BINANCE,TRADE,64038,0.00046
2026-07-30 13:47:26,BTCUSDT,BINANCE,TRADE,64038,0.0005
2026-07-30 13:47:26,BTCUSDT,BINANCE,TRADE,64038,0.00156
2026-07-30 13:47:26,BTCUSDT,BINANCE,TRADE,64038,0.0005
2026-07-30 13:47:26,BTCUSDT,BINANCE,TRADE,64038,0.0005
2026-07-30 13:47:26,BTCUSDT,BINANCE,TRADE,64038,0.00156
2026-07-30 13:47:26,BTCUSDT,BINANCE,TRADE,64038,0.0005
2026-07-30 13:47:26,BTCUSDT,BINANCE,TRADE,64038,0.00156
2026-07-30 13:47:26,BTCUSDT,BINANCE,TRADE,64038,0.0005
2026-07-30 13:47:26,BTCUSDT,BINANCE,TRADE,64038,0.0005
2026-07-30 13:47:26,BTCUSDT,BINANCE,TRADE,64038,0.00156
2026-07-30 13:47:26,BTCUSDT,BINANCE,TRADE,64038,0.00156
2026-07-30 13:47:26,BTCUSDT,BINANCE,TRADE,64038,0.0005
2026-07-30 13:47:26,BTCUSDT,BINANCE,TRADE,64038,0.00126
2026-07-30 13:47:26,BTCUSDT,BINANCE,TRADE,64038,0.00156
2026-07-30 13:47:26,BTCUSDT,BINANCE,TRADE,64038,0.0005
2026-07-30 13:47:26,BTCUSDT,BINANCE,TRADE,64038,0.0005
2026-07-30 13:47:26,BTCUSDT,BINANCE,TRADE,64038,0.00156
2026-07-30 13:47:26,BTCUSDT,BINANCE,TRADE,64038,0.0005
2026-07-30 13:47:26,BTCUSDT,BINANCE,TRADE,64038,0.0005
2026-07-30 13:47:26,BTCUSDT,BINANCE,TRADE,64038,0.00156
2026-07-30 13:47:26,BTCUSDT,BINANCE,TRADE,64038,0.00156
2026-07-30 13:47:26,BTCUSDT,BINANCE,TRADE,64038,0.0005
2026-07-30 13:47:26,BTCUSDT,BINANCE,TRADE,64038,0.0005
2026-07-30 13:47:27,BTCUSDT,BINANCE,TRADE,64038,0.0005
2026-07-30 13:47:27,BTCUSDT,BINANCE,TRADE,64038,0.00011
2026-07-30 13:47:27,BTCUSDT,BINANCE,TRADE,64038,0.0005
2026-07-30 13:47:27,BTCUSDT,BINANCE,TRADE,64038,0.0005
2026-07-30 13:47:27,BTCUSDT,BINANCE,TRADE,64038,0.0005
2026-07-30 13:47:27,BTCUSDT,BINANCE,TRADE,64038,0.00016
2026-07-30 13:47:27,BTCUSDT,BINANCE,TRADE,64038,0.0005
2026-07-30 13:47:27,BTCUSDT,BINANCE,TRADE,64038,0.0005
2026-07-30 13:47:27,BTCUSDT,BINANCE,TRADE,64038,0.0005
2026-07-30 13:47:27,BTCUSDT,BINANCE,TRADE,64038,0.0005
2026-07-30 13:47:27,BTCUSDT,BINANCE,TRADE,64038,0.0005
2026-07-30 13:47:27,BTCUSDT,BINANCE,TRADE,64038,0.0005
2026-07-30 13:47:27,BTCUSDT,BINANCE,TRADE,64038,0.0005
2026-07-30 13:47:27,BTCUSDT,BINANCE,TRADE,64038,0.00019
2026-07-30 13:47:27,BTCUSDT,BINANCE,TRADE,64038,0.0005
2026-07-30 13:47:27,BTCUSDT,BINANCE,TRADE,64038,0.0005
2026-07-30 13:47:27,BTCUSDT,BINANCE,TRADE,64038,0.00156
2026-07-30 13:47:27,BTCUSDT,BINANCE,TRADE,64038,0.0005
2026-07-30 13:47:27,BTCUSDT,BINANCE,TRADE,64038,0.0005
2026-07-30 13:47:27,BTCUSDT,BINANCE,TRADE,64038,0.0005
2026-07-30 13:47:27,BTCUSDT,BINANCE,TRADE,64038,0.00515
2026-07-30 13:47:27,BTCUSDT,BINANCE,TRADE,64038,0.0005
2026-07-30 13:47:27,BTCUSDT,BINANCE,TRADE,64038,0.00055
2026-07-30 13:47:27,BTCUSDT,BINANCE,TRADE,64038,0.0005
2026-07-30 13:47:27,BTCUSDT,BINANCE,TRADE,64038,0.00171
2026-07-30 13:47:27,BTCUSDT,BINANCE,TRADE,64038,0.00156
2026-07-30 13:47:27,BTCUSDT,BINANCE,TRADE,64038,0.00046
2026-07-30 13:47:27,BTCUSDT,BINANCE,TRADE,64038,0.0005
2026-07-30 13:47:27,BTCUSDT,BINANCE,TRADE,64038,0.00129
2026-07-30 13:47:27,BTCUSDT,BINANCE,TRADE,64038,0.002
2026-07-30 13:47:27,BTCUSDT,BINANCE,TRADE,64038,0.0005
2026-07-30 13:47:27,BTCUSDT,BINANCE,TRADE,64038,0.0003
2026-07-30 13:47:27,BTCUSDT,BINANCE,TRADE,64038,0.0005
2026-07-30 13:47:27,BTCUSDT,BINANCE,TRADE,64038,0.00224
2026-07-30 13:47:27,BTCUSDT,BINANCE,TRADE,64038,0.0005
2026-07-30 13:47:27,BTCUSDT,BINANCE,TRADE,64038,0.0013
2026-07-30 13:47:27,BTCUSDT,BINANCE,TRADE,64038,0.00156
2026-07-30 13:47:27,BTCUSDT,BINANCE,TRADE,64038,0.0005
2026-07-30 13:47:27,BTCUSDT,BINANCE,TRADE,64038,0.0005
2026-07-30 13:47:27,BTCUSDT,BINANCE,TRADE,64038,0.0005
2026-07-30 13:47:27,BTCUSDT,BINANCE,TRADE,64038,0.00314
2026-07-30 13:47:27,BTCUSDT,BINANCE,TRADE,64038,0.0005
2026-07-30 13:47:27,BTCUSDT,BINANCE,TRADE,64038,0.00156
2026-07-30 13:47:27,BTCUSDT,BINANCE,TRADE,64038,0.0005
2026-07-30 13:47:27,BTCUSDT,BINANCE,TRADE,64038,0.0005
2026-07-30 13:47:27,BTCUSDT,BINANCE,TRADE,64038,0.0005
2026-07-30 13:47:27,BTCUSDT,BINANCE,TRADE,64038,9e-05
2026-07-30 13:47:27,BTCUSDT,BINANCE,TRADE,64038,0.0005
2026-07-30 13:47:27,BTCUSDT,BINANCE,TRADE,64038,0.0005
2026-07-30 13:47:27,BTCUSDT,BINANCE,TRADE,64038,0.00029
2026-07-30 13:47:27,ETHUSDT,BINANCE,TRADE,1905.97,0.0145
2026-07-30 13:47:27,BTCUSDT,BINANCE,TRADE,64038,0.0005
2026-07-30 13:47:27,BTCUSDT,BINANCE,TRADE,64038,0.0005
2026-07-30 13:47:27,BTCUSDT,BINANCE,TRADE,64038,0.0005
2026-07-30 13:47:27,BTCUSDT,BINANCE,TRADE,64038,0.0005
2026-07-30 13:47:27,BTCUSDT,BINANCE,TRADE,64038,0.0005
2026-07-30 13:47:27,BTCUSDT,BINANCE,TRADE,64038,0.00038
2026-07-30 13:47:27,BTCUSDT,BINANCE,TRADE,64038,0.0005
2026-07-30 13:47:27,BTCUSDT,BINANCE,TRADE,64038,0.0005
2026-07-30 13:47:27,BTCUSDT,BINANCE,TRADE,64038,0.0005
2026-07-30 13:47:27,BTCUSDT,BINANCE,TRADE,64038,0.00156
2026-07-30 13:47:27,BTCUSDT,BINANCE,TRADE,64038,0.0005
2026-07-30 13:47:27,BTCUSDT,BINANCE,TRADE,64038,0.00015
2026-07-30 13:47:27,BTCUSDT,BINANCE,TRADE,64038,0.0005
2026-07-30 13:47:27,BTCUSDT,BINANCE,TRADE,64038,0.0005
2026-07-30 13:47:27,BTCUSDT,BINANCE,TRADE,64038,0.00521
2026-07-30 13:47:27,BTCUSDT,BINANCE,TRADE,64038,0.0013
2026-07-30 13:47:27,BTCUSDT,BINANCE,TRADE,64038,0.0005
2026-07-30 13:47:27,BTCUSDT,BINANCE,TRADE,64038,0.0005
2026-07-30 13:47:27,BTCUSDT,BINANCE,TRADE,64038,0.00156
2026-07-30 13:47:27,BTCUSDT,BINANCE,TRADE,64038,0.0005
2026-07-30 13:47:27,BTCUSDT,BINANCE,TRADE,64038,0.0005
2026-07-30 13:47:27,BTCUSDT,BINANCE,TRADE,64038,0.0005
2026-07-30 13:47:27,BTCUSDT,BINANCE,TRADE,64038,0.00166
2026-07-30 13:47:27,BTCUSDT,BINANCE,TRADE,64038,0.0005
2026-07-30 13:47:27,ETHUSDT,BINANCE,TRADE,1905.98,0.2298
2026-07-30 13:47:27,BTCUSDT,BINANCE,TRADE,64038,0.0005
2026-07-30 13:47:27,BTCUSDT,BINANCE,TRADE,64038,0.00156
2026-07-30 13:47:27,BTCUSDT,BINANCE,TRADE,64038,0.0005
2026-07-30 13:47:27,BTCUSDT,BINANCE,TRADE,64038,0.0005
2026-07-30 13:47:27,BTCUSDT,BINANCE,TRADE,64038,0.0005
2026-07-30 13:47:27,BTCUSDT,BINANCE,TRADE,64038,0.0005
2026-07-30 13:47:27,BTCUSDT,BINANCE,TRADE,64038,0.00015
2026-07-30 13:47:27,BTCUSDT,BINANCE,TRADE,64038,0.0005
2026-07-30 13:47:27,BTCUSDT,BINANCE,TRADE,64038,0.00156
2026-07-30 13:47:27,BTCUSDT,BINANCE,TRADE,64038,0.0005
2026-07-30 13:47:27,BTCUSDT,BINANCE,TRADE,64038,0.0005
2026-07-30 13:47:27,BTCUSDT,BINANCE,TRADE,64038,0.00156
2026-07-30 13:47:27,ETHUSDT,BINANCE,TRADE,1905.98,0.0475
2026-07-30 13:47:27,BTCUSDT,BINANCE,TRADE,64038,0.0005
2026-07-30 13:47:27,BTCUSDT,BINANCE,TRADE,64038,0.0005
2026-07-30 13:47:27,BTCUSDT,BINANCE,TRADE,64038,0.0005
2026-07-30 13:47:27,BTCUSDT,BINANCE,TRADE,64038,0.0005
2026-07-30 13:47:27,BTCUSDT,BINANCE,TRADE,64038,0.00156
2026-07-30 13:47:27,BTCUSDT,BINANCE,TRADE,64038,0.0005
2026-07-30 13:47:27,BTCUSDT,BINANCE,TRADE,64038,0.0006
2026-07-30 13:47:27,BTCUSDT,BINANCE,TRADE,64038,0.0005
2026-07-30 13:47:27,BTCUSDT,BINANCE,TRADE,64038,0.0005
2026-07-30 13:47:27,BTCUSDT,BINANCE,TRADE,64038,0.0005
2026-07-30 13:47:27,BTCUSDT,BINANCE,TRADE,64038,0.0005
2026-07-30 13:47:27,BTCUSDT,BINANCE,TRADE,64038,0.0005
2026-07-30 13:47:27,BTCUSDT,BINANCE,TRADE,64038,0.01563
2026-07-30 13:47:27,BTCUSDT,BINANCE,TRADE,64038,0.0005
2026-07-30 13:47:27,BTCUSDT,BINANCE,TRADE,64038,0.0005
2026-07-30 13:47:27,BTCUSDT,BINANCE,TRADE,64038,0.0005
2026-07-30 13:47:27,BTCUSDT,BINANCE,TRADE,64038,0.00018
2026-07-30 13:47:27,BTCUSDT,BINANCE,TRADE,64038,0.0005
2026-07-30 13:47:27,BTCUSDT,BINANCE,TRADE,64038,0.00122
2026-07-30 13:47:27,BTCUSDT,BINANCE,TRADE,64038,0.0005
2026-07-30 13:47:27,BTCUSDT,BINANCE,TRADE,64038,0.0005
2026-07-30 13:47:27,BTCUSDT,BINANCE,TRADE,64038,0.0005
2026-07-30 13:47:27,SOLUSDT,BINANCE,TRADE,73.44,0.147
2026-07-30 13:47:27,BTCUSDT,BINANCE,TRADE,64038,0.00017
2026-07-30 13:47:27,BTCUSDT,BINANCE,TRADE,64038,0.0005
2026-07-30 13:47:27,BTCUSDT,BINANCE,TRADE,64038,0.00014
2026-07-30 13:47:27,BTCUSDT,BINANCE,TRADE,64038,0.0005
2026-07-30 13:47:27,BTCUSDT,BINANCE,TRADE,64038,0.0005
2026-07-30 13:47:27,BTCUSDT,BINANCE,TRADE,64038,0.0005
2026-07-30 13:47:27,BTCUSDT,BINANCE,TRADE,64038,0.0005
2026-07-30 13:47:27,BTCUSDT,BINANCE,TRADE,64038,0.0005
2026-07-30 13:47:27,BTCUSDT,BINANCE,TRADE,64038,0.0005
2026-07-30 13:47:27,BTCUSDT,BINANCE,TRADE,64038,0.0005
2026-07-30 13:47:27,BTCUSDT,BINANCE,TRADE,64038,0.00156
2026-07-30 13:47:27,BTCUSDT,BINANCE,TRADE,64038,0.0005
2026-07-30 13:47:27,BTCUSDT,BINANCE,TRADE,64038,0.00156
2026-07-30 13:47:27,SOLUSDT,BINANCE,TRADE,73.45,8.314
2026-07-30 13:47:27,BTCUSDT,BINANCE,TRADE,64038,0.00145
2026-07-30 13:47:27,BTCUSDT,BINANCE,TRADE,64038,0.0005
2026-07-30 13:47:27,BTCUSDT,BINANCE,TRADE,64038,0.0005
2026-07-30 13:47:27,BTCUSDT,BINANCE,TRADE,64038,0.0013
2026-07-30 13:47:27,BTCUSDT,BINANCE,TRADE,64038,0.0005
2026-07-30 13:47:27,BTCUSDT,BINANCE,TRADE,64038,0.00019
2026-07-30 13:47:27,BTCUSDT,BINANCE,TRADE,64038,0.0005
2026-07-30 13:47:27,ETHUSDT,BINANCE,TRADE,1905.97,0.0522
2026-07-30 13:47:27,BTCUSDT,BINANCE,TRADE,64038,0.00033
2026-07-30 13:47:27,BTCUSDT,BINANCE,TRADE,64038,0.00156
2026-07-30 13:47:27,BTCUSDT,BINANCE,TRADE,64038,0.00156
2026-07-30 13:47:27,BTCUSDT,BINANCE,TRADE,64038,0.0005
2026-07-30 13:47:28,BTCUSDT,BINANCE,TRADE,64038,0.0005
2026-07-30 13:47:28,BTCUSDT,BINANCE,TRADE,64038,0.00156
2026-07-30 13:47:28,BTCUSDT,BINANCE,TRADE,64038,0.0005
2026-07-30 13:47:28,ETHUSDT,BINANCE,TRADE,1905.98,0.232
2026-07-30 13:47:28,BTCUSDT,BINANCE,TRADE,64038,0.00024
2026-07-30 13:47:28,BTCUSDT,BINANCE,TRADE,64038,0.0005
2026-07-30 13:47:28,BTCUSDT,BINANCE,TRADE,64038,0.00065
2026-07-30 13:47:28,BTCUSDT,BINANCE,TRADE,64038,0.0005
2026-07-30 13:47:28,BTCUSDT,BINANCE,TRADE,64038,0.00166
2026-07-30 13:47:28,BTCUSDT,BINANCE,TRADE,64038,0.0005
2026-07-30 13:47:28,BTCUSDT,BINANCE,TRADE,64038,0.00156
2026-07-30 13:47:28,BTCUSDT,BINANCE,TRADE,64038,0.0005
2026-07-30 13:47:28,BTCUSDT,BINANCE,TRADE,64038,0.00017
2026-07-30 13:47:28,BTCUSDT,BINANCE,TRADE,64038,0.0005
2026-07-30 13:47:28,ETHUSDT,BINANCE,TRADE,1905.98,0.0616
2026-07-30 13:47:28,BTCUSDT,BINANCE,TRADE,64038,0.0005
2026-07-30 13:47:28,BTCUSDT,BINANCE,TRADE,64038,0.0005
2026-07-30 13:47:28,BTCUSDT,BINANCE,TRADE,64038,0.0005
2026-07-30 13:47:28,BTCUSDT,BINANCE,TRADE,64038,0.0005
2026-07-30 13:47:28,BTCUSDT,BINANCE,TRADE,64038,0.0005
2026-07-30 13:47:28,BTCUSDT,BINANCE,TRADE,64038,0.00156
2026-07-30 13:47:28,BTCUSDT,BINANCE,TRADE,64038,0.0005
2026-07-30 13:47:28,BTCUSDT,BINANCE,TRADE,64038,0.0005
2026-07-30 13:47:28,BTCUSDT,BINANCE,TRADE,64038,0.00029
2026-07-30 13:47:28,BTCUSDT,BINANCE,TRADE,64038,0.0005
2026-07-30 13:47:28,BTCUSDT,BINANCE,TRADE,64038,0.00017
2026-07-30 13:47:28,BTCUSDT,BINANCE,TRADE,64038,0.0005
2026-07-30 13:47:28,BTCUSDT,BINANCE,TRADE,64038,0.00156
2026-07-30 13:47:28,BTCUSDT,BINANCE,TRADE,64038,0.0005
2026-07-30 13:47:28,BTCUSDT,BINANCE,TRADE,64038,0.0013
2026-07-30 13:47:28,BTCUSDT,BINANCE,TRADE,64038,0.0005
2026-07-30 13:47:28,BTCUSDT,BINANCE,TRADE,64038,0.00314
2026-07-30 13:47:28,BTCUSDT,BINANCE,TRADE,64038,0.0005
2026-07-30 13:47:28,BTCUSDT,BINANCE,TRADE,64038,0.0005
2026-07-30 13:47:28,BTCUSDT,BINANCE,TRADE,64038,0.0005
2026-07-30 13:47:28,BTCUSDT,BINANCE,TRADE,64038,0.01873
2026-07-30 13:47:28,BTCUSDT,BINANCE,TRADE,64038,0.00015
2026-07-30 13:47:28,BTCUSDT,BINANCE,TRADE,64038,0.0005
2026-07-30 13:47:28,BTCUSDT,BINANCE,TRADE,64038,0.0005
2026-07-30 13:47:28,BTCUSDT,BINANCE,TRADE,64038,0.0005
2026-07-30 13:47:28,BTCUSDT,BINANCE,TRADE,64038,0.00057
2026-07-30 13:47:28,BTCUSDT,BINANCE,TRADE,64038,0.00012
2026-07-30 13:47:28,BTCUSDT,BINANCE,TRADE,64038,0.0005
2026-07-30 13:47:28,ETHUSDT,BINANCE,TRADE,1905.98,0.2383
2026-07-30 13:47:28,BTCUSDT,BINANCE,TRADE,64038,0.0005
2026-07-30 13:47:28,BTCUSDT,BINANCE,TRADE,64038,0.0005
2026-07-30 13:47:28,ETHUSDT,BINANCE,TRADE,1905.97,0.0338
2026-07-30 13:47:28,BTCUSDT,BINANCE,TRADE,64038,0.0005
2026-07-30 13:47:28,ETHUSDT,BINANCE,TRADE,1905.97,0.1725
2026-07-30 13:47:28,BTCUSDT,BINANCE,TRADE,64038,0.0005
2026-07-30 13:47:28,BTCUSDT,BINANCE,TRADE,64038,0.0005
2026-07-30 13:47:28,BTCUSDT,BINANCE,TRADE,64038,0.0005
2026-07-30 13:47:28,BTCUSDT,BINANCE,TRADE,64038,0.0005
2026-07-30 13:47:28,BTCUSDT,BINANCE,TRADE,64038,0.00017
2026-07-30 13:47:28,ETHUSDT,BINANCE,TRADE,1905.98,0.0058
2026-07-30 13:47:28,SOLUSDT,BINANCE,TRADE,73.44,0.149
2026-07-30 13:47:28,BTCUSDT,BINANCE,TRADE,64038,0.0005
2026-07-30 13:47:28,BTCUSDT,BINANCE,TRADE,64038,0.0005
2026-07-30 13:47:28,BTCUSDT,BINANCE,TRADE,64038,0.00156
2026-07-30 13:47:28,BTCUSDT,BINANCE,TRADE,64038,0.00156
2026-07-30 13:47:28,BTCUSDT,BINANCE,TRADE,64038,0.0005
2026-07-30 13:47:28,BTCUSDT,BINANCE,TRADE,64038,0.00038
2026-07-30 13:47:28,BTCUSDT,BINANCE,TRADE,64038,0.0005
2026-07-30 13:47:28,BTCUSDT,BINANCE,TRADE,64038,0.00156
2026-07-30 13:47:28,BTCUSDT,BINANCE,TRADE,64038,0.00055
2026-07-30 13:47:28,BTCUSDT,BINANCE,TRADE,64038,0.0005
2026-07-30 13:47:28,BTCUSDT,BINANCE,TRADE,64038,0.0005
2026-07-30 13:47:28,BTCUSDT,BINANCE,TRADE,64038,0.00156
2026-07-30 13:47:28,BTCUSDT,BINANCE,TRADE,64038,0.00156
2026-07-30 13:47:28,BTCUSDT,BINANCE,TRADE,64038,0.0005
2026-07-30 13:47:28,BTCUSDT,BINANCE,TRADE,64038,0.00156
2026-07-30 13:47:28,BTCUSDT,BINANCE,TRADE,64038,0.0005
2026-07-30 13:47:28,BTCUSDT,BINANCE,TRADE,64038,0.00149
2026-07-30 13:47:28,BTCUSDT,BINANCE,TRADE,64038,0.0005
2026-07-30 13:47:28,SOLUSDT,BINANCE,TRADE,73.44,13.804
2026-07-30 13:47:28,BTCUSDT,BINANCE,TRADE,64038,0.0005
2026-07-30 13:47:28,BTCUSDT,BINANCE,TRADE,64038,0.0005
2026-07-30 13:47:28,BTCUSDT,BINANCE,TRADE,64038,0.0005
2026-07-30 13:47:28,BTCUSDT,BINANCE,TRADE,64038,0.0005
2026-07-30 13:47:28,BTCUSDT,BINANCE,TRADE,64038,0.0005
2026-07-30 13:47:28,BTCUSDT,BINANCE,TRADE,64038,0.0005
2026-07-30 13:47:28,BTCUSDT,BINANCE,TRADE,64038,0.0005
2026-07-30 13:47:28,BTCUSDT,BINANCE,TRADE,64038,0.00515
2026-07-30 13:47:28,BTCUSDT,BINANCE,TRADE,64038,0.0005
2026-07-30 13:47:28,BTCUSDT,BINANCE,TRADE,64038,0.00019
2026-07-30 13:47:28,BTCUSDT,BINANCE,TRADE,64038,0.0005
2026-07-30 13:47:28,BTCUSDT,BINANCE,TRADE,64038,0.0005
2026-07-30 13:47:28,BTCUSDT,BINANCE,TRADE,64038,0.0005
2026-07-30 13:47:28,BTCUSDT,BINANCE,TRADE,64038,0.0005
2026-07-30 13:47:28,BTCUSDT,BINANCE,TRADE,64038,0.00018
2026-07-30 13:47:28,BTCUSDT,BINANCE,TRADE,64038,0.00019
2026-07-30 13:47:28,BTCUSDT,BINANCE,TRADE,64038,0.0005
2026-07-30 13:47:28,BTCUSDT,BINANCE,TRADE,64038,0.00156
2026-07-30 13:47:28,BTCUSDT,BINANCE,TRADE,64038,0.0005
2026-07-30 13:47:28,BTCUSDT,BINANCE,TRADE,64038,0.0005
2026-07-30 13:47:28,BTCUSDT,BINANCE,TRADE,64038,0.0013
2026-07-30 13:47:28,BTCUSDT,BINANCE,TRADE,64038,0.0005
2026-07-30 13:47:28,BTCUSDT,BINANCE,TRADE,64038,0.00224
2026-07-30 13:47:28,BTCUSDT,BINANCE,TRADE,64038,0.0005
2026-07-30 13:47:28,BTCUSDT,BINANCE,TRADE,64038,0.00156
2026-07-30 13:47:28,BTCUSDT,BINANCE,TRADE,64038,0.0005
2026-07-30 13:47:28,BTCUSDT,BINANCE,TRADE,64038,0.0005
2026-07-30 13:47:28,BTCUSDT,BINANCE,TRADE,64038,0.0005
2026-07-30 13:47:28,BTCUSDT,BINANCE,TRADE,64038,0.00138
2026-07-30 13:47:28,BTCUSDT,BINANCE,TRADE,64038,9e-05
2026-07-30 13:47:28,BTCUSDT,BINANCE,TRADE,64038,0.0005
2026-07-30 13:47:28,SOLUSDT,BINANCE,TRADE,73.44,0.149
2026-07-30 13:47:28,BTCUSDT,BINANCE,TRADE,64038,0.0005
2026-07-30 13:47:28,BTCUSDT,BINANCE,TRADE,64038,0.01561
2026-07-30 13:47:28,BTCUSDT,BINANCE,TRADE,64038,0.00156
2026-07-30 13:47:28,BTCUSDT,BINANCE,TRADE,64038,0.0005
2026-07-30 13:47:28,BTCUSDT,BINANCE,TRADE,64038,0.0005
2026-07-30 13:47:28,BTCUSDT,BINANCE,TRADE,64038,0.00521
2026-07-30 13:47:28,BTCUSDT,BINANCE,TRADE,64038,0.0005
2026-07-30 13:47:28,BTCUSDT,BINANCE,TRADE,64038,0.01563
2026-07-30 13:47:28,BTCUSDT,BINANCE,TRADE,64038,0.0005
2026-07-30 13:47:28,BTCUSDT,BINANCE,TRADE,64038,0.00156
2026-07-30 13:47:28,BTCUSDT,BINANCE,TRADE,64038,0.0005
2026-07-30 13:47:28,BTCUSDT,BINANCE,TRADE,64038,0.0005
2026-07-30 13:47:28,BTCUSDT,BINANCE,TRADE,64038,0.00019
2026-07-30 13:47:28,BTCUSDT,BINANCE,TRADE,64038,0.00033
2026-07-30 13:47:28,BTCUSDT,BINANCE,TRADE,64038,0.0005
2026-07-30 13:47:28,BTCUSDT,BINANCE,TRADE,64038,0.0005
2026-07-30 13:47:28,BTCUSDT,BINANCE,TRADE,64038,0.00024
2026-07-30 13:47:28,BTCUSDT,BINANCE,TRADE,64038,0.0005
2026-07-30 13:47:28,ETHUSDT,BINANCE,TRADE,1905.97,0.0181
2026-07-30 13:47:28,BTCUSDT,BINANCE,TRADE,64038,0.0005
2026-07-30 13:47:28,BTCUSDT,BINANCE,TRADE,64038,0.0005
2026-07-30 13:47:28,BTCUSDT,BINANCE,TRADE,64038,0.0005
2026-07-30 13:47:28,BTCUSDT,BINANCE,TRADE,64038,0.00017
2026-07-30 13:47:28,BTCUSDT,BINANCE,TRADE,64038,0.0005
2026-07-30 13:47:28,BTCUSDT,BINANCE,TRADE,64038,0.00038
2026-07-30 13:47:28,BTCUSDT,BINANCE,TRADE,64038,0.0005
2026-07-30 13:47:28,ETHUSDT,BINANCE,TRADE,1905.98,0.1709
2026-07-30 13:47:28,BTCUSDT,BINANCE,TRADE,64038,0.0013
2026-07-30 13:47:28,BTCUSDT,BINANCE,TRADE,64038,0.0005
2026-07-30 13:47:28,BTCUSDT,BINANCE,TRADE,64038,0.00281
2026-07-30 13:47:28,BTCUSDT,BINANCE,TRADE,64038,0.0005
2026-07-30 13:47:28,BTCUSDT,BINANCE,TRADE,64038,0.0005
2026-07-30 13:47:28,BTCUSDT,BINANCE,TRADE,64038,0.0005
2026-07-30 13:47:28,BTCUSDT,BINANCE,TRADE,64038,0.0005
2026-07-30 13:47:28,BTCUSDT,BINANCE,TRADE,64038,0.0005
2026-07-30 13:47:28,ETHUSDT,BINANCE,TRADE,1905.98,0.0272
2026-07-30 13:47:28,BTCUSDT,BINANCE,TRADE,64038,0.0005
2026-07-30 13:47:28,BTCUSDT,BINANCE,TRADE,64038,0.0005
2026-07-30 13:47:28,BTCUSDT,BINANCE,TRADE,64038,0.11473
2026-07-30 13:47:28,BTCUSDT,BINANCE,TRADE,64038,8e-05
2026-07-30 13:47:28,BTCUSDT,BINANCE,TRADE,64038,0.00155
2026-07-30 13:47:28,BTCUSDT,BINANCE,TRADE,64038,0.00502
2026-07-30 13:47:28,BTCUSDT,BINANCE,TRADE,64038,0.0008
2026-07-30 13:47:28,BTCUSDT,BINANCE,TRADE,64038,0.001
2026-07-30 13:47:28,BTCUSDT,BINANCE,TRADE,64038,0.03123
2026-07-30 13:47:28,BTCUSDT,BINANCE,TRADE,64038,0.005
2026-07-30 13:47:28,BTCUSDT,BINANCE,TRADE,64038,0.0001
2026-07-30 13:47:28,BTCUSDT,BINANCE,TRADE,64038,0.005
2026-07-30 13:47:28,BTCUSDT,BINANCE,TRADE,64038,0.00016
2026-07-30 13:47:28,BTCUSDT,BINANCE,TRADE,64038,0.0035
2026-07-30 13:47:28,BTCUSDT,BINANCE,TRADE,64038,9e-05
2026-07-30 13:47:28,BTCUSDT,BINANCE,TRADE,64038,0.4625
2026-07-30 13:47:28,BTCUSDT,BINANCE,TRADE,64038,0.0005
2026-07-30 13:47:28,BTCUSDT,BINANCE,TRADE,64038,0.0005
2026-07-30 13:47:29,BTCUSDT,BINANCE,TRADE,64038,0.0005
2026-07-30 13:47:29,BTCUSDT,BINANCE,TRADE,64038,0.0005
2026-07-30 13:47:29,BTCUSDT,BINANCE,TRADE,64038,0.00156
2026-07-30 13:47:29,BTCUSDT,BINANCE,TRADE,64038,0.0005
2026-07-30 13:47:29,BTCUSDT,BINANCE,TRADE,64038,0.0005
2026-07-30 13:47:29,BTCUSDT,BINANCE,TRADE,64038,0.00156
2026-07-30 13:47:29,BTCUSDT,BINANCE,TRADE,64038,0.0005
2026-07-30 13:47:29,BTCUSDT,BINANCE,TRADE,64038,0.0005
2026-07-30 13:47:29,BTCUSDT,BINANCE,TRADE,64038,0.002
2026-07-30 13:47:29,BTCUSDT,BINANCE,TRADE,64038,0.00156
2026-07-30 13:47:29,BTCUSDT,BINANCE,TRADE,64038,0.0005
2026-07-30 13:47:29,BTCUSDT,BINANCE,TRADE,64038,0.00156
2026-07-30 13:47:29,BTCUSDT,BINANCE,TRADE,64038,0.0005
2026-07-30 13:47:29,BTCUSDT,BINANCE,TRADE,64038,0.00156
2026-07-30 13:47:29,BTCUSDT,BINANCE,TRADE,64038,0.00012
2026-07-30 13:47:29,BTCUSDT,BINANCE,TRADE,64038,0.0005
2026-07-30 13:47:29,BTCUSDT,BINANCE,TRADE,64038,0.0005
2026-07-30 13:47:29,BTCUSDT,BINANCE,TRADE,64038,0.00156
2026-07-30 13:47:29,BTCUSDT,BINANCE,TRADE,64038,0.0005
2026-07-30 13:47:29,BTCUSDT,BINANCE,TRADE,64038,0.00141
2026-07-30 13:47:29,BTCUSDT,BINANCE,TRADE,64038,0.0005
2026-07-30 13:47:29,BTCUSDT,BINANCE,TRADE,64038,0.0005
2026-07-30 13:47:29,BTCUSDT,BINANCE,TRADE,64038,0.0005
2026-07-30 13:47:29,BTCUSDT,BINANCE,TRADE,64038,0.0005
2026-07-30 13:47:29,SOLUSDT,BINANCE,TRADE,73.45,1.56
2026-07-30 13:47:29,BTCUSDT,BINANCE,TRADE,64038,0.00017
2026-07-30 13:47:29,BTCUSDT,BINANCE,TRADE,64038,0.0005
2026-07-30 13:47:29,BTCUSDT,BINANCE,TRADE,64038,0.0005
2026-07-30 13:47:29,BTCUSDT,BINANCE,TRADE,64038,0.0075
2026-07-30 13:47:29,BTCUSDT,BINANCE,TRADE,64038,8e-05
2026-07-30 13:47:29,BTCUSDT,BINANCE,TRADE,64038,8e-05
2026-07-30 13:47:29,BTCUSDT,BINANCE,TRADE,64038,8e-05
2026-07-30 13:47:29,BTCUSDT,BINANCE,TRADE,64038,0.00015
2026-07-30 13:47:29,BTCUSDT,BINANCE,TRADE,64038,0.00029
2026-07-30 13:47:29,BTCUSDT,BINANCE,TRADE,64038,0.0005
2026-07-30 13:47:29,BTCUSDT,BINANCE,TRADE,64038,0.00126
2026-07-30 13:47:29,BTCUSDT,BINANCE,TRADE,64038,0.0005
2026-07-30 13:47:29,BTCUSDT,BINANCE,TRADE,64038,0.0005
2026-07-30 13:47:29,BTCUSDT,BINANCE,TRADE,64038,0.0005
2026-07-30 13:47:29,BTCUSDT,BINANCE,TRADE,64038,0.00156
2026-07-30 13:47:29,BTCUSDT,BINANCE,TRADE,64038,0.0005
2026-07-30 13:47:29,BTCUSDT,BINANCE,TRADE,64038,0.0005
2026-07-30 13:47:29,BTCUSDT,BINANCE,TRADE,64038,0.00016
2026-07-30 13:47:29,BTCUSDT,BINANCE,TRADE,64038,0.0005
2026-07-30 13:47:29,BTCUSDT,BINANCE,TRADE,64038,0.0005
2026-07-30 13:47:29,BTCUSDT,BINANCE,TRADE,64038,0.00156
2026-07-30 13:47:29,BTCUSDT,BINANCE,TRADE,64038,0.00272
2026-07-30 13:47:29,BTCUSDT,BINANCE,TRADE,64038,0.00156
2026-07-30 13:47:29,BTCUSDT,BINANCE,TRADE,64038,0.0005
2026-07-30 13:47:29,BTCUSDT,BINANCE,TRADE,64038,0.0005
2026-07-30 13:47:29,BTCUSDT,BINANCE,TRADE,64038,0.0005
2026-07-30 13:47:29,BTCUSDT,BINANCE,TRADE,64038,0.0005
2026-07-30 13:47:29,BTCUSDT,BINANCE,TRADE,64038,0.0005
2026-07-30 13:47:29,BTCUSDT,BINANCE,TRADE,64038,0.0013
2026-07-30 13:47:29,BTCUSDT,BINANCE,TRADE,64038,0.0005
2026-07-30 13:47:29,BTCUSDT,BINANCE,TRADE,64038,0.00156
2026-07-30 13:47:29,BTCUSDT,BINANCE,TRADE,64038,0.0005
2026-07-30 13:47:29,ETHUSDT,BINANCE,TRADE,1905.98,0.0089
2026-07-30 13:47:29,BTCUSDT,BINANCE,TRADE,64038,0.0005
2026-07-30 13:47:29,BTCUSDT,BINANCE,TRADE,64038,0.0005
2026-07-30 13:47:29,BTCUSDT,BINANCE,TRADE,64038,0.0005
2026-07-30 13:47:29,BTCUSDT,BINANCE,TRADE,64038,0.00156
2026-07-30 13:47:29,BTCUSDT,BINANCE,TRADE,64038,0.0005
2026-07-30 13:47:29,BTCUSDT,BINANCE,TRADE,64038,0.00019
2026-07-30 13:47:29,BTCUSDT,BINANCE,TRADE,64038,0.0005
2026-07-30 13:47:29,BTCUSDT,BINANCE,TRADE,64038,0.0005
2026-07-30 13:47:29,BTCUSDT,BINANCE,TRADE,64038,0.0005
2026-07-30 13:47:29,BTCUSDT,BINANCE,TRADE,64038,0.0005
2026-07-30 13:47:29,ETHUSDT,BINANCE,TRADE,1905.97,0.232
2026-07-30 13:47:29,BTCUSDT,BINANCE,TRADE,64038,0.00129
2026-07-30 13:47:29,BTCUSDT,BINANCE,TRADE,64038,0.0005
2026-07-30 13:47:29,BTCUSDT,BINANCE,TRADE,64038,0.00171
2026-07-30 13:47:29,BTCUSDT,BINANCE,TRADE,64038,0.0005
2026-07-30 13:47:29,BTCUSDT,BINANCE,TRADE,64038,0.00055
2026-07-30 13:47:29,BTCUSDT,BINANCE,TRADE,64038,0.0005
2026-07-30 13:47:29,BTCUSDT,BINANCE,TRADE,64038,0.0005
2026-07-30 13:47:29,BTCUSDT,BINANCE,TRADE,64038,0.0005
2026-07-30 13:47:29,BTCUSDT,BINANCE,TRADE,64038,0.0005
2026-07-30 13:47:29,BTCUSDT,BINANCE,TRADE,64038,0.0005
2026-07-30 13:47:29,BTCUSDT,BINANCE,TRADE,64038,0.0005
2026-07-30 13:47:29,ETHUSDT,BINANCE,TRADE,1905.98,0.0465
2026-07-30 13:47:29,ETHUSDT,BINANCE,TRADE,1905.98,0.0027
2026-07-30 13:47:29,ETHUSDT,BINANCE,TRADE,1905.98,0.0027
2026-07-30 13:47:29,ETHUSDT,BINANCE,TRADE,1905.98,0.0028
2026-07-30 13:47:29,ETHUSDT,BINANCE,TRADE,1905.98,0.0027
2026-07-30 13:47:29,ETHUSDT,BINANCE,TRADE,1905.98,3.241
2026-07-30 13:47:29,ETHUSDT,BINANCE,TRADE,1905.98,0.0028
2026-07-30 13:47:29,ETHUSDT,BINANCE,TRADE,1905.98,0.0841
2026-07-30 13:47:29,BTCUSDT,BINANCE,TRADE,64038,0.0013
2026-07-30 13:47:29,BTCUSDT,BINANCE,TRADE,64038,0.0005
2026-07-30 13:47:29,BTCUSDT,BINANCE,TRADE,64038,0.00155
2026-07-30 13:47:29,BTCUSDT,BINANCE,TRADE,64038,0.0005
2026-07-30 13:47:29,BTCUSDT,BINANCE,TRADE,64038,0.00103
2026-07-30 13:47:29,BTCUSDT,BINANCE,TRADE,64038,0.0005
2026-07-30 13:47:29,BTCUSDT,BINANCE,TRADE,64038,0.00166
2026-07-30 13:47:29,BTCUSDT,BINANCE,TRADE,64038,0.0005
2026-07-30 13:47:29,BTCUSDT,BINANCE,TRADE,64038,0.0005
2026-07-30 13:47:29,BTCUSDT,BINANCE,TRADE,64038,0.0005
2026-07-30 13:47:29,BTCUSDT,BINANCE,TRADE,64038,0.00039
2026-07-30 13:47:29,BTCUSDT,BINANCE,TRADE,64038,0.00011
2026-07-30 13:47:29,BTCUSDT,BINANCE,TRADE,64038,0.00029
2026-07-30 13:47:29,BTCUSDT,BINANCE,TRADE,64038,0.0005
2026-07-30 13:47:29,ETHUSDT,BINANCE,TRADE,1905.98,0.0338
2026-07-30 13:47:29,BTCUSDT,BINANCE,TRADE,64038,0.0005
2026-07-30 13:47:29,BTCUSDT,BINANCE,TRADE,64038,0.0005
2026-07-30 13:47:29,BTCUSDT,BINANCE,TRADE,64038,0.00069
2026-07-30 13:47:29,BTCUSDT,BINANCE,TRADE,64038,0.0005
2026-07-30 13:47:29,BTCUSDT,BINANCE,TRADE,64038,0.0005
2026-07-30 13:47:29,BTCUSDT,BINANCE,TRADE,64038,0.0005
2026-07-30 13:47:29,BTCUSDT,BINANCE,TRADE,64038,0.00015
2026-07-30 13:47:29,BTCUSDT,BINANCE,TRADE,64038,0.00509
2026-07-30 13:47:29,BTCUSDT,BINANCE,TRADE,64038,0.00156
2026-07-30 13:47:29,BTCUSDT,BINANCE,TRADE,64038,0.01563
2026-07-30 13:47:29,BTCUSDT,BINANCE,TRADE,64038,0.00156
2026-07-30 13:47:29,BTCUSDT,BINANCE,TRADE,64038,0.00156
2026-07-30 13:47:29,BTCUSDT,BINANCE,TRADE,64038,0.00156
2026-07-30 13:47:29,BTCUSDT,BINANCE,TRADE,64038,0.00156
2026-07-30 13:47:29,BTCUSDT,BINANCE,TRADE,64038,0.00156
2026-07-30 13:47:29,BTCUSDT,BINANCE,TRADE,64038,0.00156
2026-07-30 13:47:29,BTCUSDT,BINANCE,TRADE,64038,0.00515
2026-07-30 13:47:29,BTCUSDT,BINANCE,TRADE,64038,0.00166
2026-07-30 13:47:29,BTCUSDT,BINANCE,TRADE,64038,0.00046
2026-07-30 13:47:29,ETHUSDT,BINANCE,TRADE,1905.98,0.0216
2026-07-30 13:47:29,BTCUSDT,BINANCE,TRADE,64038,0.00156
2026-07-30 13:47:29,BTCUSDT,BINANCE,TRADE,64038,0.0014
2026-07-30 13:47:29,BTCUSDT,BINANCE,TRADE,64038,0.00224
2026-07-30 13:47:29,ETHUSDT,BINANCE,TRADE,1905.98,0.0222
2026-07-30 13:47:30,BTCUSDT,BINANCE,TRADE,64038,0.00164
2026-07-30 13:47:30,ETHUSDT,BINANCE,TRADE,1905.97,0.0866
2026-07-30 13:47:30,ETHUSDT,BINANCE,TRADE,1905.97,0.052
2026-07-30 13:47:30,BTCUSDT,BINANCE,TRADE,64038,0.0013
2026-07-30 13:47:30,BTCUSDT,BINANCE,TRADE,64038,0.00167
2026-07-30 13:47:30,BTCUSDT,BINANCE,TRADE,64038,0.00038
2026-07-30 13:47:30,BTCUSDT,BINANCE,TRADE,64038,0.002
2026-07-30 13:47:30,BTCUSDT,BINANCE,TRADE,64038,0.00018
2026-07-30 13:47:30,BTCUSDT,BINANCE,TRADE,64038,0.00033
2026-07-30 13:47:30,ETHUSDT,BINANCE,TRADE,1905.98,0.0352
2026-07-30 13:47:30,BTCUSDT,BINANCE,TRADE,64038,0.00347
2026-07-30 13:47:30,BTCUSDT,BINANCE,TRADE,64038,0.00027
2026-07-30 13:47:30,BTCUSDT,BINANCE,TRADE,64038,0.01873
2026-07-30 13:47:30,BTCUSDT,BINANCE,TRADE,64038,0.00017
2026-07-30 13:47:30,BTCUSDT,BINANCE,TRADE,64038,0.0013
2026-07-30 13:47:30,BTCUSDT,BINANCE,TRADE,64038,0.00045
2026-07-30 13:47:30,BTCUSDT,BINANCE,TRADE,64038,0.00024
2026-07-30 13:47:30,BTCUSDT,BINANCE,TRADE,64038,0.00019
2026-07-30 13:47:30,BTCUSDT,BINANCE,TRADE,64038,0.00017
2026-07-30 13:47:30,BTCUSDT,BINANCE,TRADE,64038,0.001
2026-07-30 13:47:30,BTCUSDT,BINANCE,TRADE,64038,0.001
2026-07-30 13:47:30,BTCUSDT,BINANCE,TRADE,64038,0.00037
2026-07-30 13:47:30,BTCUSDT,BINANCE,TRADE,64038,0.00057
2026-07-30 13:47:30,BTCUSDT,BINANCE,TRADE,64038,0.00011
2026-07-30 13:47:30,BTCUSDT,BINANCE,TRADE,64038,0.00029
2026-07-30 13:47:30,BTCUSDT,BINANCE,TRADE,64038,0.00521
2026-07-30 13:47:30,ETHUSDT,BINANCE,TRADE,1905.98,0.0524
2026-07-30 13:47:30,BTCUSDT,BINANCE,TRADE,64038,0.00045
2026-07-30 13:47:30,BTCUSDT,BINANCE,TRADE,64038,0.00012
2026-07-30 13:47:30,BTCUSDT,BINANCE,TRADE,64038,0.00065
2026-07-30 13:47:30,BTCUSDT,BINANCE,TRADE,64038,0.00156
2026-07-30 13:47:30,BTCUSDT,BINANCE,TRADE,64038,0.00017
2026-07-30 13:47:30,BTCUSDT,BINANCE,TRADE,64038,0.00015
2026-07-30 13:47:30,ETHUSDT,BINANCE,TRADE,1905.98,0.232
2026-07-30 13:47:30,BTCUSDT,BINANCE,TRADE,64038,0.00156
2026-07-30 13:47:30,BTCUSDT,BINANCE,TRADE,64038,0.00021
2026-07-30 13:47:30,BTCUSDT,BINANCE,TRADE,64038,0.0013
2026-07-30 13:47:30,BTCUSDT,BINANCE,TRADE,64038,0.01561
2026-07-30 13:47:30,ETHUSDT,BINANCE,TRADE,1905.97,0.2298
2026-07-30 13:47:30,ETHUSDT,BINANCE,TRADE,1905.98,0.0749
2026-07-30 13:47:30,BTCUSDT,BINANCE,TRADE,64038,0.00013
2026-07-30 13:47:30,BTCUSDT,BINANCE,TRADE,64038,8e-05
2026-07-30 13:47:30,BTCUSDT,BINANCE,TRADE,64038,8e-05
2026-07-30 13:47:30,BTCUSDT,BINANCE,TRADE,64038,8e-05
2026-07-30 13:47:30,BTCUSDT,BINANCE,TRADE,64038,8e-05
2026-07-30 13:47:30,BTCUSDT,BINANCE,TRADE,64038,8e-05
2026-07-30 13:47:30,BTCUSDT,BINANCE,TRADE,64038,8e-05
2026-07-30 13:47:30,BTCUSDT,BINANCE,TRADE,64038,8e-05
2026-07-30 13:47:30,BTCUSDT,BINANCE,TRADE,64038,0.00016
2026-07-30 13:47:30,BTCUSDT,BINANCE,TRADE,64038,9e-05
2026-07-30 13:47:30,BTCUSDT,BINANCE,TRADE,64038,0.00119
2026-07-30 13:47:30,BTCUSDT,BINANCE,TRADE,64038,0.00033
2026-07-30 13:47:30,BTCUSDT,BINANCE,TRADE,64038,0.02645
2026-07-30 13:47:30,BTCUSDT,BINANCE,TRADE,64038,0.00018
2026-07-30 13:47:30,ETHUSDT,BINANCE,TRADE,1905.98,0.0027
2026-07-30 13:47:30,ETHUSDT,BINANCE,TRADE,1905.98,0.0027
2026-07-30 13:47:30,ETHUSDT,BINANCE,TRADE,1905.98,0.0027
2026-07-30 13:47:30,ETHUSDT,BINANCE,TRADE,1905.98,0.0027
2026-07-30 13:47:30,ETHUSDT,BINANCE,TRADE,1905.98,0.0053
2026-07-30 13:47:30,ETHUSDT,BINANCE,TRADE,1905.98,0.021
2026-07-30 13:47:30,ETHUSDT,BINANCE,TRADE,1905.98,0.021
2026-07-30 13:47:30,ETHUSDT,BINANCE,TRADE,1905.98,0.021
2026-07-30 13:47:30,ETHUSDT,BINANCE,TRADE,1905.98,0.021
2026-07-30 13:47:30,ETHUSDT,BINANCE,TRADE,1905.98,0.0027
2026-07-30 13:47:30,ETHUSDT,BINANCE,TRADE,1905.98,0.0028
2026-07-30 13:47:30,ETHUSDT,BINANCE,TRADE,1905.98,0.0028
2026-07-30 13:47:30,ETHUSDT,BINANCE,TRADE,1905.98,0.0027
2026-07-30 13:47:30,ETHUSDT,BINANCE,TRADE,1905.98,0.0027
2026-07-30 13:47:30,ETHUSDT,BINANCE,TRADE,1905.98,0.0027
2026-07-30 13:47:30,ETHUSDT,BINANCE,TRADE,1905.98,0.0027
2026-07-30 13:47:30,ETHUSDT,BINANCE,TRADE,1905.98,0.0027
2026-07-30 13:47:30,ETHUSDT,BINANCE,TRADE,1905.98,0.0027
2026-07-30 13:47:30,ETHUSDT,BINANCE,TRADE,1905.99,0.0027
2026-07-30 13:47:30,ETHUSDT,BINANCE,TRADE,1905.99,0.0028
2026-07-30 13:47:30,ETHUSDT,BINANCE,TRADE,1905.99,0.0053
2026-07-30 13:47:30,ETHUSDT,BINANCE,TRADE,1905.99,0.0027
2026-07-30 13:47:30,ETHUSDT,BINANCE,TRADE,1905.99,0.0027
2026-07-30 13:47:30,ETHUSDT,BINANCE,TRADE,1905.99,0.0027
2026-07-30 13:47:30,ETHUSDT,BINANCE,TRADE,1905.99,0.0027
2026-07-30 13:47:30,ETHUSDT,BINANCE,TRADE,1905.99,0.0027
2026-07-30 13:47:30,ETHUSDT,BINANCE,TRADE,1906,0.0027
2026-07-30 13:47:30,ETHUSDT,BINANCE,TRADE,1906,0.0028
2026-07-30 13:47:30,ETHUSDT,BINANCE,TRADE,1906,0.0053
2026-07-30 13:47:30,ETHUSDT,BINANCE,TRADE,1906,0.0027
2026-07-30 13:47:30,ETHUSDT,BINANCE,TRADE,1906,0.0027
2026-07-30 13:47:30,ETHUSDT,BINANCE,TRADE,1906.01,0.0027
2026-07-30 13:47:30,ETHUSDT,BINANCE,TRADE,1906.01,0.0028
2026-07-30 13:47:30,ETHUSDT,BINANCE,TRADE,1906.01,0.0027
2026-07-30 13:47:30,ETHUSDT,BINANCE,TRADE,1906.01,0.0027
2026-07-30 13:47:30,ETHUSDT,BINANCE,TRADE,1906.01,0.0027
2026-07-30 13:47:30,ETHUSDT,BINANCE,TRADE,1906.01,0.0027
2026-07-30 13:47:30,ETHUSDT,BINANCE,TRADE,1906.02,0.0027
2026-07-30 13:47:30,ETHUSDT,BINANCE,TRADE,1906.02,0.0027
2026-07-30 13:47:30,ETHUSDT,BINANCE,TRADE,1906.02,0.0028
2026-07-30 13:47:30,ETHUSDT,BINANCE,TRADE,1906.02,0.0027
2026-07-30 13:47:30,ETHUSDT,BINANCE,TRADE,1906.02,0.0027
2026-07-30 13:47:30,ETHUSDT,BINANCE,TRADE,1906.02,0.0027
2026-07-30 13:47:30,ETHUSDT,BINANCE,TRADE,1906.02,0.0027
2026-07-30 13:47:30,ETHUSDT,BINANCE,TRADE,1906.02,0.0027
2026-07-30 13:47:30,ETHUSDT,BINANCE,TRADE,1906.03,0.0027
2026-07-30 13:47:30,ETHUSDT,BINANCE,TRADE,1906.03,0.0028
2026-07-30 13:47:30,ETHUSDT,BINANCE,TRADE,1906.05,0.0027
2026-07-30 13:47:30,ETHUSDT,BINANCE,TRADE,1906.05,0.0078
2026-07-30 13:47:30,ETHUSDT,BINANCE,TRADE,1906.05,0.0028
2026-07-30 13:47:30,ETHUSDT,BINANCE,TRADE,1906.05,0.0028
2026-07-30 13:47:30,ETHUSDT,BINANCE,TRADE,1906.05,0.0028
2026-07-30 13:47:30,ETHUSDT,BINANCE,TRADE,1906.05,0.0027
2026-07-30 13:47:30,ETHUSDT,BINANCE,TRADE,1906.05,0.0028
2026-07-30 13:47:30,ETHUSDT,BINANCE,TRADE,1906.05,0.0475
2026-07-30 13:47:30,BTCUSDT,BINANCE,TRADE,64038,0.00019
2026-07-30 13:47:30,BTCUSDT,BINANCE,TRADE,64038,0.00029
2026-07-30 13:47:30,BTCUSDT,BINANCE,TRADE,64038,0.00202
2026-07-30 13:47:30,BTCUSDT,BINANCE,TRADE,64038,0.00187
2026-07-30 13:47:30,BTCUSDT,BINANCE,TRADE,64038,0.00679
2026-07-30 13:47:30,BTCUSDT,BINANCE,TRADE,64038,0.0039
2026-07-30 13:47:30,BTCUSDT,BINANCE,TRADE,64038,8e-05
2026-07-30 13:47:30,BTCUSDT,BINANCE,TRADE,64038,8e-05
2026-07-30 13:47:30,BTCUSDT,BINANCE,TRADE,64038,0.0001
2026-07-30 13:47:30,BTCUSDT,BINANCE,TRADE,64038,0.00079
2026-07-30 13:47:30,BTCUSDT,BINANCE,TRADE,64038,0.0013
2026-07-30 13:47:30,SOLUSDT,BINANCE,TRADE,73.44,1.039
2026-07-30 13:47:31,ETHUSDT,BINANCE,TRADE,1906.05,0.0338
2026-07-30 13:47:31,BTCUSDT,BINANCE,TRADE,64038,0.00156
2026-07-30 13:47:31,BTCUSDT,BINANCE,TRADE,64038,0.00156
2026-07-30 13:47:31,BTCUSDT,BINANCE,TRADE,64038,0.00077
2026-07-30 13:47:31,BTCUSDT,BINANCE,TRADE,64038,0.00079
2026-07-30 13:47:31,BTCUSDT,BINANCE,TRADE,64038,0.00156
2026-07-30 13:47:31,BTCUSDT,BINANCE,TRADE,64038,0.00156
2026-07-30 13:47:31,BTCUSDT,BINANCE,TRADE,64038,0.00024
2026-07-30 13:47:31,ETHUSDT,BINANCE,TRADE,1906.06,0.013
2026-07-30 13:47:31,ETHUSDT,BINANCE,TRADE,1906.06,0.0027
2026-07-30 13:47:31,ETHUSDT,BINANCE,TRADE,1906.06,0.0028
2026-07-30 13:47:31,ETHUSDT,BINANCE,TRADE,1906.06,0.0337
2026-07-30 13:47:31,BTCUSDT,BINANCE,TRADE,64038,0.00233
2026-07-30 13:47:31,BTCUSDT,BINANCE,TRADE,64038,9e-05
2026-07-30 13:47:31,BTCUSDT,BINANCE,TRADE,64038,8e-05
2026-07-30 13:47:31,BTCUSDT,BINANCE,TRADE,64038,8e-05
2026-07-30 13:47:31,BTCUSDT,BINANCE,TRADE,64038,8e-05
2026-07-30 13:47:31,BTCUSDT,BINANCE,TRADE,64038,8e-05
2026-07-30 13:47:31,BTCUSDT,BINANCE,TRADE,64038,0.00016
2026-07-30 13:47:31,BTCUSDT,BINANCE,TRADE,64038,9e-05
2026-07-30 13:47:31,BTCUSDT,BINANCE,TRADE,64038,8e-05
2026-07-30 13:47:31,BTCUSDT,BINANCE,TRADE,64038,8e-05
2026-07-30 13:47:31,BTCUSDT,BINANCE,TRADE,64038,8e-05
2026-07-30 13:47:31,BTCUSDT,BINANCE,TRADE,64038,0.00156
2026-07-30 13:47:31,BTCUSDT,BINANCE,TRADE,64038,9e-05
2026-07-30 13:47:31,BTCUSDT,BINANCE,TRADE,64038,9e-05
2026-07-30 13:47:31,BTCUSDT,BINANCE,TRADE,64038,8e-05
2026-07-30 13:47:31,BTCUSDT,BINANCE,TRADE,64038,0.00154
2026-07-30 13:47:31,BTCUSDT,BINANCE,TRADE,64038,0.00114
2026-07-30 13:47:31,BTCUSDT,BINANCE,TRADE,64038,8e-05
2026-07-30 13:47:31,BTCUSDT,BINANCE,TRADE,64038,9e-05
2026-07-30 13:47:31,BTCUSDT,BINANCE,TRADE,64038,9e-05
2026-07-30 13:47:31,BTCUSDT,BINANCE,TRADE,64038,3e-05
2026-07-30 13:47:31,BTCUSDT,BINANCE,TRADE,64038,0.00297
2026-07-30 13:47:31,BTCUSDT,BINANCE,TRADE,64038,0.00062
2026-07-30 13:47:31,BTCUSDT,BINANCE,TRADE,64038,8e-05
2026-07-30 13:47:31,BTCUSDT,BINANCE,TRADE,64038,8e-05
2026-07-30 13:47:31,BTCUSDT,BINANCE,TRADE,64038,8e-05
2026-07-30 13:47:31,BTCUSDT,BINANCE,TRADE,64038,0.00016
2026-07-30 13:47:31,BTCUSDT,BINANCE,TRADE,64038,9e-05
2026-07-30 13:47:31,BTCUSDT,BINANCE,TRADE,64038,8e-05
2026-07-30 13:47:31,BTCUSDT,BINANCE,TRADE,64038,8e-05
2026-07-30 13:47:31,BTCUSDT,BINANCE,TRADE,64038,8e-05
2026-07-30 13:47:31,BTCUSDT,BINANCE,TRADE,64038,8e-05
2026-07-30 13:47:31,BTCUSDT,BINANCE,TRADE,64038,8e-05
2026-07-30 13:47:31,BTCUSDT,BINANCE,TRADE,64038,0.00055
2026-07-30 13:47:31,BTCUSDT,BINANCE,TRADE,64038,8e-05
2026-07-30 13:47:31,BTCUSDT,BINANCE,TRADE,64038,8e-05
2026-07-30 13:47:31,BTCUSDT,BINANCE,TRADE,64038,8e-05
2026-07-30 13:47:31,BTCUSDT,BINANCE,TRADE,64038,8e-05
2026-07-30 13:47:31,BTCUSDT,BINANCE,TRADE,64038,8e-05
2026-07-30 13:47:31,BTCUSDT,BINANCE,TRADE,64038,0.00016
2026-07-30 13:47:31,BTCUSDT,BINANCE,TRADE,64038,0.001
2026-07-30 13:47:31,BTCUSDT,BINANCE,TRADE,64038,0.00138
2026-07-30 13:47:31,BTCUSDT,BINANCE,TRADE,64038,0.00017
2026-07-30 13:47:31,BTCUSDT,BINANCE,TRADE,64038,0.00019
2026-07-30 13:47:31,ETHUSDT,BINANCE,TRADE,1906.06,0.0027
2026-07-30 13:47:31,BTCUSDT,BINANCE,TRADE,64038,0.00149
2026-07-30 13:47:31,BTCUSDT,BINANCE,TRADE,64038,0.00029
2026-07-30 13:47:31,BTCUSDT,BINANCE,TRADE,64038,0.00156
2026-07-30 13:47:31,BTCUSDT,BINANCE,TRADE,64038,0.00156
2026-07-30 13:47:31,BTCUSDT,BINANCE,TRADE,64038,0.0013
2026-07-30 13:47:31,BTCUSDT,BINANCE,TRADE,64038,0.00151
2026-07-30 13:47:31,BTCUSDT,BINANCE,TRADE,64038,0.00789
2026-07-30 13:47:31,BTCUSDT,BINANCE,TRADE,64038,0.00156
2026-07-30 13:47:31,BTCUSDT,BINANCE,TRADE,64038,0.00171
2026-07-30 13:47:31,ETHUSDT,BINANCE,TRADE,1906.06,0.0103
2026-07-30 13:47:31,BTCUSDT,BINANCE,TRADE,64038,0.00151
2026-07-30 13:47:31,BTCUSDT,BINANCE,TRADE,64038,0.00038
2026-07-30 13:47:31,BTCUSDT,BINANCE,TRADE,64038,0.00156
2026-07-30 13:47:31,BTCUSDT,BINANCE,TRADE,64038,0.00141
2026-07-30 13:47:31,BTCUSDT,BINANCE,TRADE,64038,0.00156
2026-07-30 13:47:31,BTCUSDT,BINANCE,TRADE,64038,0.00151
2026-07-30 13:47:31,BTCUSDT,BINANCE,TRADE,64038,0.00016
2026-07-30 13:47:31,ETHUSDT,BINANCE,TRADE,1906.05,0.2383
2026-07-30 13:47:31,BTCUSDT,BINANCE,TRADE,64038,0.00156
2026-07-30 13:47:31,BTCUSDT,BINANCE,TRADE,64038,0.00156
2026-07-30 13:47:31,ETHUSDT,BINANCE,TRADE,1906.06,0.003
2026-07-30 13:47:31,BTCUSDT,BINANCE,TRADE,64038,0.00012
2026-07-30 13:47:31,BTCUSDT,BINANCE,TRADE,64038,0.00156
2026-07-30 13:47:31,SOLUSDT,BINANCE,TRADE,73.45,0.069
2026-07-30 13:47:31,SOLUSDT,BINANCE,TRADE,73.45,0.072
2026-07-30 13:47:31,SOLUSDT,BINANCE,TRADE,73.45,0.137
2026-07-30 13:47:31,SOLUSDT,BINANCE,TRADE,73.45,0.277
2026-07-30 13:47:31,SOLUSDT,BINANCE,TRADE,73.45,0.072
2026-07-30 13:47:31,SOLUSDT,BINANCE,TRADE,73.45,2.059
2026-07-30 13:47:31,SOLUSDT,BINANCE,TRADE,73.45,0.069
2026-07-30 13:47:31,SOLUSDT,BINANCE,TRADE,73.45,0.082
2026-07-30 13:47:31,SOLUSDT,BINANCE,TRADE,73.45,0.834
2026-07-30 13:47:31,SOLUSDT,BINANCE,TRADE,73.45,0.238
2026-07-30 13:47:31,SOLUSDT,BINANCE,TRADE,73.45,0.07
2026-07-30 13:47:31,SOLUSDT,BINANCE,TRADE,73.45,0.072
2026-07-30 13:47:31,BTCUSDT,BINANCE,TRADE,64038,0.0013
2026-07-30 13:47:31,BTCUSDT,BINANCE,TRADE,64038,0.00156
2026-07-30 13:47:31,BTCUSDT,BINANCE,TRADE,64038,0.00515
2026-07-30 13:47:31,BTCUSDT,BINANCE,TRADE,64038,0.00224
2026-07-30 13:47:31,BTCUSDT,BINANCE,TRADE,64038,0.00079
2026-07-30 13:47:31,BTCUSDT,BINANCE,TRADE,64038,0.00166
2026-07-30 13:47:31,BTCUSDT,BINANCE,TRADE,64038,0.00017
2026-07-30 13:47:31,BTCUSDT,BINANCE,TRADE,64038,0.00151
2026-07-30 13:47:31,BTCUSDT,BINANCE,TRADE,64038,0.00033
2026-07-30 13:47:31,BTCUSDT,BINANCE,TRADE,64038,0.00156
2026-07-30 13:47:31,BTCUSDT,BINANCE,TRADE,64038,0.00151
2026-07-30 13:47:31,ETHUSDT,BINANCE,TRADE,1906.06,0.0027
2026-07-30 13:47:31,ETHUSDT,BINANCE,TRADE,1906.06,0.1697
2026-07-30 13:47:31,BTCUSDT,BINANCE,TRADE,64038,9e-05
2026-07-30 13:47:31,BTCUSDT,BINANCE,TRADE,64038,0.00156
2026-07-30 13:47:31,BTCUSDT,BINANCE,TRADE,64038,9e-05
2026-07-30 13:47:31,BTCUSDT,BINANCE,TRADE,64038,0.00013
2026-07-30 13:47:31,BTCUSDT,BINANCE,TRADE,64038,0.0013
2026-07-30 13:47:31,BTCUSDT,BINANCE,TRADE,64038,0.00151
2026-07-30 13:47:31,ETHUSDT,BINANCE,TRADE,1906.06,0.0189
2026-07-30 13:47:31,BTCUSDT,BINANCE,TRADE,64038,0.00019
2026-07-30 13:47:31,BTCUSDT,BINANCE,TRADE,64038,0.00058
2026-07-30 13:47:31,BTCUSDT,BINANCE,TRADE,64038,0.00156
2026-07-30 13:47:31,ETHUSDT,BINANCE,TRADE,1906.05,0.232
2026-07-30 13:47:31,BTCUSDT,BINANCE,TRADE,64038,0.00045
2026-07-30 13:47:31,BTCUSDT,BINANCE,TRADE,64038,0.00151
2026-07-30 13:47:31,BTCUSDT,BINANCE,TRADE,64038,0.00156
2026-07-30 13:47:31,BTCUSDT,BINANCE,TRADE,64038,0.00032
2026-07-30 13:47:31,BTCUSDT,BINANCE,TRADE,64038,0.00063
2026-07-30 13:47:31,BTCUSDT,BINANCE,TRADE,64038,0.00151
2026-07-30 13:47:31,BTCUSDT,BINANCE,TRADE,64038,0.00398
2026-07-30 13:47:31,BTCUSDT,BINANCE,TRADE,64038,0.00029
2026-07-30 13:47:32,BTCUSDT,BINANCE,TRADE,64038,0.01563
2026-07-30 13:47:32,BTCUSDT,BINANCE,TRADE,64038,8e-05
2026-07-30 13:47:32,BTCUSDT,BINANCE,TRADE,64038,8e-05
2026-07-30 13:47:32,BTCUSDT,BINANCE,TRADE,64038,8e-05
2026-07-30 13:47:32,BTCUSDT,BINANCE,TRADE,64038,8e-05
2026-07-30 13:47:32,BTCUSDT,BINANCE,TRADE,64038,8e-05
2026-07-30 13:47:32,BTCUSDT,BINANCE,TRADE,64038,8e-05
2026-07-30 13:47:32,BTCUSDT,BINANCE,TRADE,64038,8e-05
2026-07-30 13:47:32,BTCUSDT,BINANCE,TRADE,64038,8e-05
2026-07-30 13:47:32,BTCUSDT,BINANCE,TRADE,64038,9e-05
2026-07-30 13:47:32,BTCUSDT,BINANCE,TRADE,64038,0.00064
2026-07-30 13:47:32,BTCUSDT,BINANCE,TRADE,64038,0.00014
2026-07-30 13:47:32,BTCUSDT,BINANCE,TRADE,64038,0.00048
2026-07-30 13:47:32,BTCUSDT,BINANCE,TRADE,64038,8e-05
2026-07-30 13:47:32,BTCUSDT,BINANCE,TRADE,64038,8e-05
2026-07-30 13:47:32,BTCUSDT,BINANCE,TRADE,64038,8e-05
2026-07-30 13:47:32,BTCUSDT,BINANCE,TRADE,64038,8e-05
2026-07-30 13:47:32,BTCUSDT,BINANCE,TRADE,64038,9e-05
2026-07-30 13:47:32,BTCUSDT,BINANCE,TRADE,64038,8e-05
2026-07-30 13:47:32,BTCUSDT,BINANCE,TRADE,64038,8e-05
2026-07-30 13:47:32,BTCUSDT,BINANCE,TRADE,64038,8e-05
2026-07-30 13:47:32,BTCUSDT,BINANCE,TRADE,64038,8e-05
2026-07-30 13:47:32,BTCUSDT,BINANCE,TRADE,64038,0.0003
2026-07-30 13:47:32,ETHUSDT,BINANCE,TRADE,1906.06,0.0181
2026-07-30 13:47:32,BTCUSDT,BINANCE,TRADE,64038,0.00033
2026-07-30 13:47:32,BTCUSDT,BINANCE,TRADE,64038,0.00032
2026-07-30 13:47:32,BTCUSDT,BINANCE,TRADE,64038,8e-05
2026-07-30 13:47:32,BTCUSDT,BINANCE,TRADE,64038,8e-05
2026-07-30 13:47:32,BTCUSDT,BINANCE,TRADE,64038,8e-05
2026-07-30 13:47:32,BTCUSDT,BINANCE,TRADE,64038,8e-05
2026-07-30 13:47:32,BTCUSDT,BINANCE,TRADE,64038,8e-05
2026-07-30 13:47:32,BTCUSDT,BINANCE,TRADE,64038,8e-05
2026-07-30 13:47:32,BTCUSDT,BINANCE,TRADE,64038,9e-05
2026-07-30 13:47:32,BTCUSDT,BINANCE,TRADE,64038,8e-05
2026-07-30 13:47:32,BTCUSDT,BINANCE,TRADE,64038,8e-05
2026-07-30 13:47:32,BTCUSDT,BINANCE,TRADE,64038,8e-05
2026-07-30 13:47:32,BTCUSDT,BINANCE,TRADE,64038,8e-05
2026-07-30 13:47:32,BTCUSDT,BINANCE,TRADE,64038,8e-05
2026-07-30 13:47:32,BTCUSDT,BINANCE,TRADE,64038,1e-05
2026-07-30 13:47:32,BTCUSDT,BINANCE,TRADE,64038,0.00015
2026-07-30 13:47:32,BTCUSDT,BINANCE,TRADE,64038,8e-05
2026-07-30 13:47:32,BTCUSDT,BINANCE,TRADE,64038,8e-05
2026-07-30 13:47:32,BTCUSDT,BINANCE,TRADE,64038,8e-05
2026-07-30 13:47:32,BTCUSDT,BINANCE,TRADE,64038,8e-05
2026-07-30 13:47:32,BTCUSDT,BINANCE,TRADE,64038,8e-05
2026-07-30 13:47:32,BTCUSDT,BINANCE,TRADE,64038,8e-05
2026-07-30 13:47:32,BTCUSDT,BINANCE,TRADE,64038,8e-05
2026-07-30 13:47:32,BTCUSDT,BINANCE,TRADE,64038,8e-05
2026-07-30 13:47:32,BTCUSDT,BINANCE,TRADE,64038,8e-05
2026-07-30 13:47:32,BTCUSDT,BINANCE,TRADE,64038,8e-05
2026-07-30 13:47:32,BTCUSDT,BINANCE,TRADE,64038,8e-05
2026-07-30 13:47:32,BTCUSDT,BINANCE,TRADE,64038,8e-05
2026-07-30 13:47:32,BTCUSDT,BINANCE,TRADE,64038,8e-05
2026-07-30 13:47:32,BTCUSDT,BINANCE,TRADE,64038,8e-05
2026-07-30 13:47:32,BTCUSDT,BINANCE,TRADE,64038,9e-05
2026-07-30 13:47:32,BTCUSDT,BINANCE,TRADE,64038,8e-05
2026-07-30 13:47:32,BTCUSDT,BINANCE,TRADE,64038,8e-05
2026-07-30 13:47:32,BTCUSDT,BINANCE,TRADE,64038,4e-05
2026-07-30 13:47:32,BTCUSDT,BINANCE,TRADE,64038,4e-05
2026-07-30 13:47:32,BTCUSDT,BINANCE,TRADE,64038,8e-05
2026-07-30 13:47:32,BTCUSDT,BINANCE,TRADE,64038,8e-05
2026-07-30 13:47:32,BTCUSDT,BINANCE,TRADE,64038,8e-05
2026-07-30 13:47:32,BTCUSDT,BINANCE,TRADE,64038,8e-05
2026-07-30 13:47:32,BTCUSDT,BINANCE,TRADE,64038,8e-05
2026-07-30 13:47:32,BTCUSDT,BINANCE,TRADE,64038,8e-05
2026-07-30 13:47:32,BTCUSDT,BINANCE,TRADE,64038,8e-05
2026-07-30 13:47:32,BTCUSDT,BINANCE,TRADE,64038,8e-05
2026-07-30 13:47:32,BTCUSDT,BINANCE,TRADE,64038,9e-05
2026-07-30 13:47:32,BTCUSDT,BINANCE,TRADE,64038,8e-05
2026-07-30 13:47:32,BTCUSDT,BINANCE,TRADE,64038,0.00016
2026-07-30 13:47:32,BTCUSDT,BINANCE,TRADE,64038,8e-05
2026-07-30 13:47:32,BTCUSDT,BINANCE,TRADE,64038,8e-05
2026-07-30 13:47:32,BTCUSDT,BINANCE,TRADE,64038,8e-05
2026-07-30 13:47:32,BTCUSDT,BINANCE,TRADE,64038,8e-05
2026-07-30 13:47:32,BTCUSDT,BINANCE,TRADE,64038,8e-05
2026-07-30 13:47:32,BTCUSDT,BINANCE,TRADE,64038,9e-05
2026-07-30 13:47:32,BTCUSDT,BINANCE,TRADE,64038,6e-05
2026-07-30 13:47:32,BTCUSDT,BINANCE,TRADE,64038,3e-05
2026-07-30 13:47:32,BTCUSDT,BINANCE,TRADE,64038,8e-05
2026-07-30 13:47:32,BTCUSDT,BINANCE,TRADE,64038,8e-05
2026-07-30 13:47:32,BTCUSDT,BINANCE,TRADE,64038,8e-05
2026-07-30 13:47:32,BTCUSDT,BINANCE,TRADE,64038,8e-05
2026-07-30 13:47:32,BTCUSDT,BINANCE,TRADE,64038,9e-05
2026-07-30 13:47:32,BTCUSDT,BINANCE,TRADE,64038.1,8e-05
2026-07-30 13:47:32,BTCUSDT,BINANCE,TRADE,64038.1,8e-05
2026-07-30 13:47:32,BTCUSDT,BINANCE,TRADE,64038.1,8e-05
2026-07-30 13:47:32,BTCUSDT,BINANCE,TRADE,64038.1,8e-05
2026-07-30 13:47:32,BTCUSDT,BINANCE,TRADE,64038.1,8e-05
2026-07-30 13:47:32,BTCUSDT,BINANCE,TRADE,64038.3,0.00151
2026-07-30 13:47:32,BTCUSDT,BINANCE,TRADE,64038.3,0.00018
2026-07-30 13:47:32,BTCUSDT,BINANCE,TRADE,64038.3,8e-05
2026-07-30 13:47:32,BTCUSDT,BINANCE,TRADE,64038.3,8e-05
2026-07-30 13:47:32,BTCUSDT,BINANCE,TRADE,64038.3,8e-05
2026-07-30 13:47:32,BTCUSDT,BINANCE,TRADE,64038.3,8e-05
2026-07-30 13:47:32,BTCUSDT,BINANCE,TRADE,64038.3,8e-05
2026-07-30 13:47:32,BTCUSDT,BINANCE,TRADE,64038.3,8e-05
2026-07-30 13:47:32,BTCUSDT,BINANCE,TRADE,64038.3,8e-05
2026-07-30 13:47:32,BTCUSDT,BINANCE,TRADE,64038.3,8e-05
2026-07-30 13:47:32,BTCUSDT,BINANCE,TRADE,64038.3,8e-05
2026-07-30 13:47:32,BTCUSDT,BINANCE,TRADE,64038.3,8e-05
2026-07-30 13:47:32,BTCUSDT,BINANCE,TRADE,64038.3,8e-05
2026-07-30 13:47:32,BTCUSDT,BINANCE,TRADE,64038.3,8e-05
2026-07-30 13:47:32,BTCUSDT,BINANCE,TRADE,64038.3,8e-05
2026-07-30 13:47:32,BTCUSDT,BINANCE,TRADE,64038.3,9e-05
2026-07-30 13:47:32,BTCUSDT,BINANCE,TRADE,64038.3,9e-05
2026-07-30 13:47:32,BTCUSDT,BINANCE,TRADE,64038.3,8e-05
2026-07-30 13:47:32,BTCUSDT,BINANCE,TRADE,64038.3,7e-05
2026-07-30 13:47:32,BTCUSDT,BINANCE,TRADE,64038.3,1e-05
2026-07-30 13:47:32,BTCUSDT,BINANCE,TRADE,64038.3,8e-05
2026-07-30 13:47:32,BTCUSDT,BINANCE,TRADE,64038.3,6e-05
2026-07-30 13:47:32,BTCUSDT,BINANCE,TRADE,64038.3,0.00156
2026-07-30 13:47:32,BTCUSDT,BINANCE,TRADE,64038.3,0.00156
2026-07-30 13:47:32,BTCUSDT,BINANCE,TRADE,64038.3,0.00509
2026-07-30 13:47:32,BTCUSDT,BINANCE,TRADE,64038.3,0.00037
2026-07-30 13:47:32,BTCUSDT,BINANCE,TRADE,64038.3,2e-05
2026-07-30 13:47:32,BTCUSDT,BINANCE,TRADE,64038.3,8e-05
2026-07-30 13:47:32,BTCUSDT,BINANCE,TRADE,64038.3,8e-05
2026-07-30 13:47:32,BTCUSDT,BINANCE,TRADE,64038.3,8e-05
2026-07-30 13:47:32,BTCUSDT,BINANCE,TRADE,64038.3,8e-05
2026-07-30 13:47:32,BTCUSDT,BINANCE,TRADE,64038.3,8e-05
2026-07-30 13:47:32,BTCUSDT,BINANCE,TRADE,64038.3,8e-05
2026-07-30 13:47:32,BTCUSDT,BINANCE,TRADE,64038.3,8e-05
2026-07-30 13:47:32,BTCUSDT,BINANCE,TRADE,64038.3,9e-05
2026-07-30 13:47:32,BTCUSDT,BINANCE,TRADE,64038.3,8e-05
2026-07-30 13:47:32,BTCUSDT,BINANCE,TRADE,64038.3,8e-05
2026-07-30 13:47:32,BTCUSDT,BINANCE,TRADE,64038.3,8e-05
2026-07-30 13:47:32,BTCUSDT,BINANCE,TRADE,64038.3,8e-05
2026-07-30 13:47:32,BTCUSDT,BINANCE,TRADE,64038.3,8e-05
2026-07-30 13:47:32,BTCUSDT,BINANCE,TRADE,64038.3,8e-05
2026-07-30 13:47:32,BTCUSDT,BINANCE,TRADE,64038.3,8e-05
2026-07-30 13:47:32,BTCUSDT,BINANCE,TRADE,64038.3,8e-05
2026-07-30 13:47:32,BTCUSDT,BINANCE,TRADE,64038.3,8e-05
2026-07-30 13:47:32,BTCUSDT,BINANCE,TRADE,64038.3,8e-05
2026-07-30 13:47:32,BTCUSDT,BINANCE,TRADE,64038.3,4e-05
2026-07-30 13:47:32,ETHUSDT,BINANCE,TRADE,1906.06,0.003
2026-07-30 13:47:32,ETHUSDT,BINANCE,TRADE,1906.06,0.0027
2026-07-30 13:47:32,ETHUSDT,BINANCE,TRADE,1906.06,0.0027
2026-07-30 13:47:32,ETHUSDT,BINANCE,TRADE,1906.06,0.0028
2026-07-30 13:47:32,ETHUSDT,BINANCE,TRADE,1906.06,0.0241
2026-07-30 13:47:32,ETHUSDT,BINANCE,TRADE,1906.06,0.0027
2026-07-30 13:47:32,ETHUSDT,BINANCE,TRADE,1906.06,0.0028
2026-07-30 13:47:32,ETHUSDT,BINANCE,TRADE,1906.06,0.031
2026-07-30 13:47:32,ETHUSDT,BINANCE,TRADE,1906.06,0.0027
2026-07-30 13:47:32,ETHUSDT,BINANCE,TRADE,1906.06,0.021
2026-07-30 13:47:32,ETHUSDT,BINANCE,TRADE,1906.06,0.0027
2026-07-30 13:47:32,ETHUSDT,BINANCE,TRADE,1906.06,0.0027
2026-07-30 13:47:32,ETHUSDT,BINANCE,TRADE,1906.06,0.0027
2026-07-30 13:47:32,ETHUSDT,BINANCE,TRADE,1906.07,0.0027
2026-07-30 13:47:32,ETHUSDT,BINANCE,TRADE,1906.07,0.0028
2026-07-30 13:47:32,ETHUSDT,BINANCE,TRADE,1906.07,0.0027
2026-07-30 13:47:32,ETHUSDT,BINANCE,TRADE,1906.07,0.0027
2026-07-30 13:47:32,ETHUSDT,BINANCE,TRADE,1906.07,0.0027
2026-07-30 13:47:32,ETHUSDT,BINANCE,TRADE,1906.07,0.0027
2026-07-30 13:47:32,ETHUSDT,BINANCE,TRADE,1906.07,0.0027
2026-07-30 13:47:32,ETHUSDT,BINANCE,TRADE,1906.07,0.0027
2026-07-30 13:47:32,ETHUSDT,BINANCE,TRADE,1906.07,0.0027
2026-07-30 13:47:32,ETHUSDT,BINANCE,TRADE,1906.08,0.0108
2026-07-30 13:47:32,ETHUSDT,BINANCE,TRADE,1906.08,0.003
2026-07-30 13:47:32,ETHUSDT,BINANCE,TRADE,1906.08,0.0027
2026-07-30 13:47:32,ETHUSDT,BINANCE,TRADE,1906.08,0.0027
2026-07-30 13:47:32,ETHUSDT,BINANCE,TRADE,1906.08,0.0027
2026-07-30 13:47:32,ETHUSDT,BINANCE,TRADE,1906.08,0.0028
2026-07-30 13:47:32,ETHUSDT,BINANCE,TRADE,1906.08,0.0027
2026-07-30 13:47:32,ETHUSDT,BINANCE,TRADE,1906.08,0.0027
2026-07-30 13:47:32,ETHUSDT,BINANCE,TRADE,1906.08,0.0027
2026-07-30 13:47:32,ETHUSDT,BINANCE,TRADE,1906.08,0.0027
2026-07-30 13:47:32,ETHUSDT,BINANCE,TRADE,1906.09,0.0028
2026-07-30 13:47:32,ETHUSDT,BINANCE,TRADE,1906.1,0.0027
2026-07-30 13:47:32,ETHUSDT,BINANCE,TRADE,1906.1,0.0028
2026-07-30 13:47:32,ETHUSDT,BINANCE,TRADE,1906.1,0.0027
2026-07-30 13:47:32,ETHUSDT,BINANCE,TRADE,1906.1,0.0027
2026-07-30 13:47:32,ETHUSDT,BINANCE,TRADE,1906.1,0.0027
2026-07-30 13:47:32,ETHUSDT,BINANCE,TRADE,1906.1,0.0027
2026-07-30 13:47:32,ETHUSDT,BINANCE,TRADE,1906.11,0.0027
2026-07-30 13:47:32,ETHUSDT,BINANCE,TRADE,1906.11,0.0028
2026-07-30 13:47:32,ETHUSDT,BINANCE,TRADE,1906.12,0.0028
2026-07-30 13:47:32,ETHUSDT,BINANCE,TRADE,1906.12,0.0028
2026-07-30 13:47:32,ETHUSDT,BINANCE,TRADE,1906.12,0.0028
2026-07-30 13:47:32,ETHUSDT,BINANCE,TRADE,1906.12,0.0028
2026-07-30 13:47:32,BTCUSDT,BINANCE,TRADE,64038.3,5e-05
2026-07-30 13:47:32,BTCUSDT,BINANCE,TRADE,64038.3,8e-05
2026-07-30 13:47:32,BTCUSDT,BINANCE,TRADE,64038.3,8e-05
2026-07-30 13:47:32,BTCUSDT,BINANCE,TRADE,64038.3,8e-05
2026-07-30 13:47:32,BTCUSDT,BINANCE,TRADE,64038.3,8e-05
2026-07-30 13:47:32,BTCUSDT,BINANCE,TRADE,64038.3,8e-05
2026-07-30 13:47:32,BTCUSDT,BINANCE,TRADE,64038.3,8e-05
2026-07-30 13:47:32,BTCUSDT,BINANCE,TRADE,64038.3,8e-05
2026-07-30 13:47:32,BTCUSDT,BINANCE,TRADE,64038.3,8e-05
2026-07-30 13:47:32,BTCUSDT,BINANCE,TRADE,64038.3,8e-05
2026-07-30 13:47:32,BTCUSDT,BINANCE,TRADE,64038.3,8e-05
2026-07-30 13:47:32,BTCUSDT,BINANCE,TRADE,64038.3,8e-05
2026-07-30 13:47:32,BTCUSDT,BINANCE,TRADE,64038.4,8e-05
2026-07-30 13:47:32,BTCUSDT,BINANCE,TRADE,64038.4,8e-05
2026-07-30 13:47:32,BTCUSDT,BINANCE,TRADE,64038.4,9e-05
2026-07-30 13:47:32,BTCUSDT,BINANCE,TRADE,64038.4,8e-05
2026-07-30 13:47:32,BTCUSDT,BINANCE,TRADE,64038.4,8e-05
2026-07-30 13:47:32,BTCUSDT,BINANCE,TRADE,64038.4,9e-05
2026-07-30 13:47:32,BTCUSDT,BINANCE,TRADE,64038.4,8e-05
2026-07-30 13:47:32,BTCUSDT,BINANCE,TRADE,64038.4,8e-05
2026-07-30 13:47:32,BTCUSDT,BINANCE,TRADE,64038.4,8e-05
2026-07-30 13:47:32,BTCUSDT,BINANCE,TRADE,64038.4,8e-05
2026-07-30 13:47:32,BTCUSDT,BINANCE,TRADE,64038.4,8e-05
2026-07-30 13:47:32,BTCUSDT,BINANCE,TRADE,64038.4,9e-05
2026-07-30 13:47:32,BTCUSDT,BINANCE,TRADE,64038.4,9e-05
2026-07-30 13:47:32,BTCUSDT,BINANCE,TRADE,64038.4,9e-05
2026-07-30 13:47:32,BTCUSDT,BINANCE,TRADE,64038.4,0.02279
2026-07-30 13:47:32,BTCUSDT,BINANCE,TRADE,64038.4,9e-05
2026-07-30 13:47:32,BTCUSDT,BINANCE,TRADE,64038.4,9e-05
2026-07-30 13:47:32,BTCUSDT,BINANCE,TRADE,64038.6,8e-05
2026-07-30 13:47:32,BTCUSDT,BINANCE,TRADE,64039.4,8e-05
2026-07-30 13:47:32,BTCUSDT,BINANCE,TRADE,64040,9e-05
2026-07-30 13:47:32,BTCUSDT,BINANCE,TRADE,64040,9e-05
2026-07-30 13:47:32,BTCUSDT,BINANCE,TRADE,64040,9e-05
2026-07-30 13:47:32,BTCUSDT,BINANCE,TRADE,64040,0.00121
2026-07-30 13:47:32,BTCUSDT,BINANCE,TRADE,64040,0.00479
2026-07-30 13:47:32,BTCUSDT,BINANCE,TRADE,64040,0.005
2026-07-30 13:47:32,BTCUSDT,BINANCE,TRADE,64040,0.005
2026-07-30 13:47:32,BTCUSDT,BINANCE,TRADE,64040,0.008
2026-07-30 13:47:32,BTCUSDT,BINANCE,TRADE,64040,9e-05
2026-07-30 13:47:32,BTCUSDT,BINANCE,TRADE,64040,9e-05
2026-07-30 13:47:32,BTCUSDT,BINANCE,TRADE,64040,8e-05
2026-07-30 13:47:32,BTCUSDT,BINANCE,TRADE,64040,8e-05
2026-07-30 13:47:32,BTCUSDT,BINANCE,TRADE,64040,8e-05
2026-07-30 13:47:32,BTCUSDT,BINANCE,TRADE,64040,8e-05
2026-07-30 13:47:32,BTCUSDT,BINANCE,TRADE,64040,8e-05
2026-07-30 13:47:32,BTCUSDT,BINANCE,TRADE,64040,8e-05
2026-07-30 13:47:32,BTCUSDT,BINANCE,TRADE,64040,8e-05
2026-07-30 13:47:32,BTCUSDT,BINANCE,TRADE,64040,8e-05
2026-07-30 13:47:32,BTCUSDT,BINANCE,TRADE,64040,8e-05
2026-07-30 13:47:32,BTCUSDT,BINANCE,TRADE,64040,8e-05
2026-07-30 13:47:32,BTCUSDT,BINANCE,TRADE,64040,8e-05
2026-07-30 13:47:32,BTCUSDT,BINANCE,TRADE,64040,8e-05
2026-07-30 13:47:32,BTCUSDT,BINANCE,TRADE,64040,8e-05
2026-07-30 13:47:32,BTCUSDT,BINANCE,TRADE,64040,9e-05
2026-07-30 13:47:32,BTCUSDT,BINANCE,TRADE,64040,8e-05
2026-07-30 13:47:32,BTCUSDT,BINANCE,TRADE,64040,9e-05
2026-07-30 13:47:32,BTCUSDT,BINANCE,TRADE,64041.8,0.0013
2026-07-30 13:47:32,BTCUSDT,BINANCE,TRADE,64041.8,8e-05
2026-07-30 13:47:32,BTCUSDT,BINANCE,TRADE,64041.8,8e-05
2026-07-30 13:47:32,BTCUSDT,BINANCE,TRADE,64041.8,8e-05
2026-07-30 13:47:32,BTCUSDT,BINANCE,TRADE,64041.8,8e-05
2026-07-30 13:47:32,BTCUSDT,BINANCE,TRADE,64041.8,8e-05
2026-07-30 13:47:32,BTCUSDT,BINANCE,TRADE,64041.8,8e-05
2026-07-30 13:47:32,BTCUSDT,BINANCE,TRADE,64041.8,8e-05
2026-07-30 13:47:32,BTCUSDT,BINANCE,TRADE,64041.8,8e-05
2026-07-30 13:47:32,BTCUSDT,BINANCE,TRADE,64041.8,8e-05
2026-07-30 13:47:32,BTCUSDT,BINANCE,TRADE,64041.8,8e-05
2026-07-30 13:47:32,BTCUSDT,BINANCE,TRADE,64041.8,8e-05
2026-07-30 13:47:32,BTCUSDT,BINANCE,TRADE,64041.8,8e-05
2026-07-30 13:47:32,BTCUSDT,BINANCE,TRADE,64041.8,8e-05
2026-07-30 13:47:32,BTCUSDT,BINANCE,TRADE,64041.8,8e-05
2026-07-30 13:47:32,BTCUSDT,BINANCE,TRADE,64041.8,8e-05
2026-07-30 13:47:32,BTCUSDT,BINANCE,TRADE,64041.8,8e-05
2026-07-30 13:47:32,BTCUSDT,BINANCE,TRADE,64041.8,2e-05
2026-07-30 13:47:32,BTCUSDT,BINANCE,TRADE,64041.8,6e-05
2026-07-30 13:47:32,BTCUSDT,BINANCE,TRADE,64041.8,9e-05
2026-07-30 13:47:32,BTCUSDT,BINANCE,TRADE,64041.8,9e-05
2026-07-30 13:47:32,BTCUSDT,BINANCE,TRADE,64041.8,8e-05
2026-07-30 13:47:32,BTCUSDT,BINANCE,TRADE,64042,8e-05
2026-07-30 13:47:32,BTCUSDT,BINANCE,TRADE,64042,8e-05
2026-07-30 13:47:32,BTCUSDT,BINANCE,TRADE,64042,8e-05
2026-07-30 13:47:32,BTCUSDT,BINANCE,TRADE,64042,9e-05
2026-07-30 13:47:32,BTCUSDT,BINANCE,TRADE,64042,9e-05
2026-07-30 13:47:32,BTCUSDT,BINANCE,TRADE,64042,8e-05
2026-07-30 13:47:32,BTCUSDT,BINANCE,TRADE,64042,9e-05
2026-07-30 13:47:32,BTCUSDT,BINANCE,TRADE,64042,8e-05
2026-07-30 13:47:32,BTCUSDT,BINANCE,TRADE,64042,8e-05
2026-07-30 13:47:32,BTCUSDT,BINANCE,TRADE,64042,8e-05
2026-07-30 13:47:32,BTCUSDT,BINANCE,TRADE,64042,0.00185
2026-07-30 13:47:32,BTCUSDT,BINANCE,TRADE,64042,0.003
2026-07-30 13:47:32,BTCUSDT,BINANCE,TRADE,64042,0.00115
2026-07-30 13:47:32,BTCUSDT,BINANCE,TRADE,64042,0.0003
2026-07-30 13:47:32,BTCUSDT,BINANCE,TRADE,64042,0.00155
2026-07-30 13:47:32,BTCUSDT,BINANCE,TRADE,64042,0.003
2026-07-30 13:47:32,BTCUSDT,BINANCE,TRADE,64042,0.00045
2026-07-30 13:47:32,BTCUSDT,BINANCE,TRADE,64042,0.00255
2026-07-30 13:47:32,ETHUSDT,BINANCE,TRADE,1906.13,0.0027
2026-07-30 13:47:32,ETHUSDT,BINANCE,TRADE,1906.13,0.0028
2026-07-30 13:47:32,ETHUSDT,BINANCE,TRADE,1906.13,0.0027
2026-07-30 13:47:32,ETHUSDT,BINANCE,TRADE,1906.13,0.0027
2026-07-30 13:47:32,ETHUSDT,BINANCE,TRADE,1906.13,0.0053
2026-07-30 13:47:32,ETHUSDT,BINANCE,TRADE,1906.13,0.0027
2026-07-30 13:47:32,ETHUSDT,BINANCE,TRADE,1906.13,0.0027
2026-07-30 13:47:32,ETHUSDT,BINANCE,TRADE,1906.13,0.0027
2026-07-30 13:47:32,ETHUSDT,BINANCE,TRADE,1906.13,0.0027
2026-07-30 13:47:32,ETHUSDT,BINANCE,TRADE,1906.14,0.0027
2026-07-30 13:47:32,ETHUSDT,BINANCE,TRADE,1906.14,0.0028
2026-07-30 13:47:32,ETHUSDT,BINANCE,TRADE,1906.14,0.0027
2026-07-30 13:47:32,ETHUSDT,BINANCE,TRADE,1906.14,0.0027
2026-07-30 13:47:32,ETHUSDT,BINANCE,TRADE,1906.14,0.0027
2026-07-30 13:47:32,ETHUSDT,BINANCE,TRADE,1906.14,0.0053
2026-07-30 13:47:32,ETHUSDT,BINANCE,TRADE,1906.15,0.0027
2026-07-30 13:47:32,ETHUSDT,BINANCE,TRADE,1906.15,0.0028
2026-07-30 13:47:32,ETHUSDT,BINANCE,TRADE,1906.15,0.0053
2026-07-30 13:47:32,ETHUSDT,BINANCE,TRADE,1906.15,0.0027
2026-07-30 13:47:32,ETHUSDT,BINANCE,TRADE,1906.16,0.0027
2026-07-30 13:47:32,ETHUSDT,BINANCE,TRADE,1906.16,0.0027
2026-07-30 13:47:32,ETHUSDT,BINANCE,TRADE,1906.16,0.0027
2026-07-30 13:47:32,ETHUSDT,BINANCE,TRADE,1906.16,0.0028
2026-07-30 13:47:32,ETHUSDT,BINANCE,TRADE,1906.16,0.0027
2026-07-30 13:47:32,ETHUSDT,BINANCE,TRADE,1906.16,0.0027
2026-07-30 13:47:32,ETHUSDT,BINANCE,TRADE,1906.17,0.0028
2026-07-30 13:47:32,ETHUSDT,BINANCE,TRADE,1906.18,0.0027
2026-07-30 13:47:32,ETHUSDT,BINANCE,TRADE,1906.18,0.0028
2026-07-30 13:47:32,ETHUSDT,BINANCE,TRADE,1906.18,0.0027
2026-07-30 13:47:32,ETHUSDT,BINANCE,TRADE,1906.19,0.0027
2026-07-30 13:47:32,ETHUSDT,BINANCE,TRADE,1906.19,0.0028
2026-07-30 13:47:32,ETHUSDT,BINANCE,TRADE,1906.19,0.0027
2026-07-30 13:47:32,ETHUSDT,BINANCE,TRADE,1906.2,0.003
2026-07-30 13:47:32,ETHUSDT,BINANCE,TRADE,1906.2,0.0027
2026-07-30 13:47:32,ETHUSDT,BINANCE,TRADE,1906.2,0.0027
2026-07-30 13:47:32,ETHUSDT,BINANCE,TRADE,1906.2,0.0027
2026-07-30 13:47:32,ETHUSDT,BINANCE,TRADE,1906.2,0.0028
2026-07-30 13:47:32,ETHUSDT,BINANCE,TRADE,1906.2,0.0027
2026-07-30 13:47:32,ETHUSDT,BINANCE,TRADE,1906.2,0.0027
2026-07-30 13:47:32,ETHUSDT,BINANCE,TRADE,1906.2,0.0027
2026-07-30 13:47:32,ETHUSDT,BINANCE,TRADE,1906.2,0.0027
2026-07-30 13:47:32,ETHUSDT,BINANCE,TRADE,1906.2,0.0027
2026-07-30 13:47:32,ETHUSDT,BINANCE,TRADE,1906.21,0.0028
2026-07-30 13:47:32,ETHUSDT,BINANCE,TRADE,1906.21,0.0028
2026-07-30 13:47:32,ETHUSDT,BINANCE,TRADE,1906.21,0.0028
2026-07-30 13:47:32,ETHUSDT,BINANCE,TRADE,1906.21,0.0028
2026-07-30 13:47:32,ETHUSDT,BINANCE,TRADE,1906.22,0.2134
2026-07-30 13:47:32,ETHUSDT,BINANCE,TRADE,1906.22,0.0027
2026-07-30 13:47:32,ETHUSDT,BINANCE,TRADE,1906.22,0.0028
2026-07-30 13:47:32,ETHUSDT,BINANCE,TRADE,1906.22,0.0027
2026-07-30 13:47:32,ETHUSDT,BINANCE,TRADE,1906.22,0.0027
2026-07-30 13:47:32,ETHUSDT,BINANCE,TRADE,1906.22,0.0027
2026-07-30 13:47:32,ETHUSDT,BINANCE,TRADE,1906.22,0.0027
2026-07-30 13:47:32,ETHUSDT,BINANCE,TRADE,1906.23,0.0027
2026-07-30 13:47:32,ETHUSDT,BINANCE,TRADE,1906.23,0.0027
2026-07-30 13:47:32,ETHUSDT,BINANCE,TRADE,1906.23,0.0027
2026-07-30 13:47:32,ETHUSDT,BINANCE,TRADE,1906.23,0.0027
2026-07-30 13:47:32,ETHUSDT,BINANCE,TRADE,1906.23,0.0027
2026-07-30 13:47:32,ETHUSDT,BINANCE,TRADE,1906.24,0.0027
2026-07-30 13:47:32,ETHUSDT,BINANCE,TRADE,1906.24,0.0027
2026-07-30 13:47:32,ETHUSDT,BINANCE,TRADE,1906.24,0.0027
2026-07-30 13:47:32,ETHUSDT,BINANCE,TRADE,1906.24,0.0027
2026-07-30 13:47:32,ETHUSDT,BINANCE,TRADE,1906.25,0.0027
2026-07-30 13:47:32,ETHUSDT,BINANCE,TRADE,1906.25,0.0027
2026-07-30 13:47:32,ETHUSDT,BINANCE,TRADE,1906.25,0.0027
2026-07-30 13:47:32,ETHUSDT,BINANCE,TRADE,1906.26,0.0027
2026-07-30 13:47:32,ETHUSDT,BINANCE,TRADE,1906.26,0.0027
2026-07-30 13:47:32,ETHUSDT,BINANCE,TRADE,1906.27,0.0027
2026-07-30 13:47:32,ETHUSDT,BINANCE,TRADE,1906.27,0.0027
2026-07-30 13:47:32,ETHUSDT,BINANCE,TRADE,1906.28,0.0027
2026-07-30 13:47:32,ETHUSDT,BINANCE,TRADE,1906.28,0.0027
2026-07-30 13:47:32,ETHUSDT,BINANCE,TRADE,1906.29,0.0027
2026-07-30 13:47:32,ETHUSDT,BINANCE,TRADE,1906.29,0.0027
2026-07-30 13:47:32,ETHUSDT,BINANCE,TRADE,1906.29,0.0028
2026-07-30 13:47:32,ETHUSDT,BINANCE,TRADE,1906.29,0.0028
2026-07-30 13:47:32,ETHUSDT,BINANCE,TRADE,1906.29,0.0028
2026-07-30 13:47:32,BTCUSDT,BINANCE,TRADE,64042,0.02244
2026-07-30 13:47:32,BTCUSDT,BINANCE,TRADE,64042,0.00245
2026-07-30 13:47:32,BTCUSDT,BINANCE,TRADE,64042,0.00055
2026-07-30 13:47:32,BTCUSDT,BINANCE,TRADE,64042,0.00151
2026-07-30 13:47:32,BTCUSDT,BINANCE,TRADE,64042,0.00594
2026-07-30 13:47:32,BTCUSDT,BINANCE,TRADE,64042,9e-05
2026-07-30 13:47:32,BTCUSDT,BINANCE,TRADE,64042,9e-05
2026-07-30 13:47:32,BTCUSDT,BINANCE,TRADE,64042,8e-05
2026-07-30 13:47:32,BTCUSDT,BINANCE,TRADE,64042,8e-05
2026-07-30 13:47:32,BTCUSDT,BINANCE,TRADE,64042,8e-05
2026-07-30 13:47:32,BTCUSDT,BINANCE,TRADE,64042,8e-05
2026-07-30 13:47:32,BTCUSDT,BINANCE,TRADE,64042,8e-05
2026-07-30 13:47:32,BTCUSDT,BINANCE,TRADE,64042,8e-05
2026-07-30 13:47:32,BTCUSDT,BINANCE,TRADE,64042,8e-05
2026-07-30 13:47:32,BTCUSDT,BINANCE,TRADE,64042,8e-05
2026-07-30 13:47:32,BTCUSDT,BINANCE,TRADE,64042,8e-05
2026-07-30 13:47:32,BTCUSDT,BINANCE,TRADE,64042,8e-05
2026-07-30 13:47:32,BTCUSDT,BINANCE,TRADE,64042,9e-05
2026-07-30 13:47:32,BTCUSDT,BINANCE,TRADE,64042,9e-05
2026-07-30 13:47:32,BTCUSDT,BINANCE,TRADE,64042,8e-05
2026-07-30 13:47:32,BTCUSDT,BINANCE,TRADE,64042,8e-05
2026-07-30 13:47:32,BTCUSDT,BINANCE,TRADE,64042,8e-05
2026-07-30 13:47:32,BTCUSDT,BINANCE,TRADE,64042,8e-05
2026-07-30 13:47:32,BTCUSDT,BINANCE,TRADE,64042,8e-05
2026-07-30 13:47:32,BTCUSDT,BINANCE,TRADE,64042,8e-05
2026-07-30 13:47:32,BTCUSDT,BINANCE,TRADE,64042.5,0.0015
2026-07-30 13:47:32,BTCUSDT,BINANCE,TRADE,64042.6,8e-05
2026-07-30 13:47:32,BTCUSDT,BINANCE,TRADE,64042.7,9e-05
2026-07-30 13:47:32,BTCUSDT,BINANCE,TRADE,64042.8,0.00024
2026-07-30 13:47:32,BTCUSDT,BINANCE,TRADE,64043.1,0.00012
2026-07-30 13:47:32,BTCUSDT,BINANCE,TRADE,64043.5,0.00339
2026-07-30 13:47:32,BTCUSDT,BINANCE,TRADE,64043.5,0.00064
2026-07-30 13:47:32,BTCUSDT,BINANCE,TRADE,64043.7,9e-05
2026-07-30 13:47:32,BTCUSDT,BINANCE,TRADE,64043.7,9e-05
2026-07-30 13:47:32,BTCUSDT,BINANCE,TRADE,64043.7,9e-05
2026-07-30 13:47:32,BTCUSDT,BINANCE,TRADE,64043.7,0.00234
2026-07-30 13:47:32,BTCUSDT,BINANCE,TRADE,64043.7,0.02107
2026-07-30 13:47:32,BTCUSDT,BINANCE,TRADE,64043.7,9e-05
2026-07-30 13:47:32,BTCUSDT,BINANCE,TRADE,64043.7,9e-05
2026-07-30 13:47:32,BTCUSDT,BINANCE,TRADE,64044,9e-05
2026-07-30 13:47:32,BTCUSDT,BINANCE,TRADE,64044,9e-05
2026-07-30 13:47:32,BTCUSDT,BINANCE,TRADE,64044,9e-05
2026-07-30 13:47:32,BTCUSDT,BINANCE,TRADE,64044,0.00123
2026-07-30 13:47:32,BTCUSDT,BINANCE,TRADE,64044,0.00377
2026-07-30 13:47:32,BTCUSDT,BINANCE,TRADE,64044,0.008
2026-07-30 13:47:32,BTCUSDT,BINANCE,TRADE,64044,0.005
2026-07-30 13:47:32,BTCUSDT,BINANCE,TRADE,64044,0.006
2026-07-30 13:47:32,BTCUSDT,BINANCE,TRADE,64044,9e-05
2026-07-30 13:47:32,BTCUSDT,BINANCE,TRADE,64044,9e-05
2026-07-30 13:47:32,BTCUSDT,BINANCE,TRADE,64044.3,0.00069
2026-07-30 13:47:32,BTCUSDT,BINANCE,TRADE,64044.6,8e-05
2026-07-30 13:47:32,BTCUSDT,BINANCE,TRADE,64044.8,9e-05
2026-07-30 13:47:32,BTCUSDT,BINANCE,TRADE,64045.5,8e-05
2026-07-30 13:47:32,BTCUSDT,BINANCE,TRADE,64045.8,8e-05
2026-07-30 13:47:32,BTCUSDT,BINANCE,TRADE,64045.9,0.00032
2026-07-30 13:47:32,BTCUSDT,BINANCE,TRADE,64045.9,9e-05
2026-07-30 13:47:32,BTCUSDT,BINANCE,TRADE,64046,9e-05
2026-07-30 13:47:32,BTCUSDT,BINANCE,TRADE,64046,9e-05
2026-07-30 13:47:32,BTCUSDT,BINANCE,TRADE,64046,9e-05
2026-07-30 13:47:32,BTCUSDT,BINANCE,TRADE,64046,0.00135
2026-07-30 13:47:32,BTCUSDT,BINANCE,TRADE,64046,0.00026
2026-07-30 13:47:32,BTCUSDT,BINANCE,TRADE,64046,0.0001
2026-07-30 13:47:32,BTCUSDT,BINANCE,TRADE,64046,0.00045
2026-07-30 13:47:32,BTCUSDT,BINANCE,TRADE,64046,0.02173
2026-07-30 13:47:32,BTCUSDT,BINANCE,TRADE,64046,0.02297
2026-07-30 13:47:32,BTCUSDT,BINANCE,TRADE,64046,0.00156
2026-07-30 13:47:32,BTCUSDT,BINANCE,TRADE,64046,0.00018
2026-07-30 13:47:32,BTCUSDT,BINANCE,TRADE,64046,0.02302
2026-07-30 13:47:32,ETHUSDT,BINANCE,TRADE,1906.3,0.05
2026-07-30 13:47:32,ETHUSDT,BINANCE,TRADE,1906.3,0.0027
2026-07-30 13:47:32,ETHUSDT,BINANCE,TRADE,1906.3,0.0027
2026-07-30 13:47:32,ETHUSDT,BINANCE,TRADE,1906.3,0.0027
2026-07-30 13:47:32,ETHUSDT,BINANCE,TRADE,1906.3,0.0027
2026-07-30 13:47:32,ETHUSDT,BINANCE,TRADE,1906.3,0.0027
2026-07-30 13:47:32,ETHUSDT,BINANCE,TRADE,1906.3,0.0027
2026-07-30 13:47:32,ETHUSDT,BINANCE,TRADE,1906.3,0.0028
2026-07-30 13:47:32,ETHUSDT,BINANCE,TRADE,1906.3,0.0028
2026-07-30 13:47:32,ETHUSDT,BINANCE,TRADE,1906.3,0.0027
2026-07-30 13:47:32,ETHUSDT,BINANCE,TRADE,1906.31,0.0027
2026-07-30 13:47:32,ETHUSDT,BINANCE,TRADE,1906.31,0.0027
2026-07-30 13:47:32,ETHUSDT,BINANCE,TRADE,1906.31,0.0028
2026-07-30 13:47:32,ETHUSDT,BINANCE,TRADE,1906.31,0.0027
2026-07-30 13:47:32,ETHUSDT,BINANCE,TRADE,1906.31,0.0027
2026-07-30 13:47:32,ETHUSDT,BINANCE,TRADE,1906.31,0.0027
2026-07-30 13:47:32,ETHUSDT,BINANCE,TRADE,1906.31,0.0027
2026-07-30 13:47:32,ETHUSDT,BINANCE,TRADE,1906.31,0.0027
2026-07-30 13:47:32,ETHUSDT,BINANCE,TRADE,1906.31,0.0027
2026-07-30 13:47:32,ETHUSDT,BINANCE,TRADE,1906.32,0.003
2026-07-30 13:47:32,ETHUSDT,BINANCE,TRADE,1906.32,0.0027
2026-07-30 13:47:32,ETHUSDT,BINANCE,TRADE,1906.32,0.0028
2026-07-30 13:47:32,ETHUSDT,BINANCE,TRADE,1906.32,0.0027
2026-07-30 13:47:32,ETHUSDT,BINANCE,TRADE,1906.32,0.0027
2026-07-30 13:47:32,ETHUSDT,BINANCE,TRADE,1906.32,0.0027
2026-07-30 13:47:32,ETHUSDT,BINANCE,TRADE,1906.32,0.0027
2026-07-30 13:47:32,ETHUSDT,BINANCE,TRADE,1906.33,0.0027
2026-07-30 13:47:32,ETHUSDT,BINANCE,TRADE,1906.33,0.0028
2026-07-30 13:47:32,ETHUSDT,BINANCE,TRADE,1906.33,0.0027
2026-07-30 13:47:32,ETHUSDT,BINANCE,TRADE,1906.33,0.0027
2026-07-30 13:47:32,ETHUSDT,BINANCE,TRADE,1906.33,0.0027
2026-07-30 13:47:32,ETHUSDT,BINANCE,TRADE,1906.33,0.0027
2026-07-30 13:47:32,ETHUSDT,BINANCE,TRADE,1906.34,0.0027
2026-07-30 13:47:32,ETHUSDT,BINANCE,TRADE,1906.34,0.0027
2026-07-30 13:47:32,ETHUSDT,BINANCE,TRADE,1906.34,0.0028
2026-07-30 13:47:32,ETHUSDT,BINANCE,TRADE,1906.34,0.0027
2026-07-30 13:47:32,ETHUSDT,BINANCE,TRADE,1906.36,0.0027
2026-07-30 13:47:32,ETHUSDT,BINANCE,TRADE,1906.36,0.0028
2026-07-30 13:47:32,ETHUSDT,BINANCE,TRADE,1906.36,0.0027
2026-07-30 13:47:32,ETHUSDT,BINANCE,TRADE,1906.36,0.0027
2026-07-30 13:47:32,ETHUSDT,BINANCE,TRADE,1906.36,0.0027
2026-07-30 13:47:32,ETHUSDT,BINANCE,TRADE,1906.36,0.0027
2026-07-30 13:47:32,ETHUSDT,BINANCE,TRADE,1906.37,0.0027
2026-07-30 13:47:32,ETHUSDT,BINANCE,TRADE,1906.37,0.0028
2026-07-30 13:47:32,ETHUSDT,BINANCE,TRADE,1906.37,0.0027
2026-07-30 13:47:32,ETHUSDT,BINANCE,TRADE,1906.37,0.0027
2026-07-30 13:47:32,ETHUSDT,BINANCE,TRADE,1906.37,0.0027
2026-07-30 13:47:32,ETHUSDT,BINANCE,TRADE,1906.37,0.0027
2026-07-30 13:47:32,ETHUSDT,BINANCE,TRADE,1906.38,0.0027
2026-07-30 13:47:32,ETHUSDT,BINANCE,TRADE,1906.38,0.0028
2026-07-30 13:47:32,ETHUSDT,BINANCE,TRADE,1906.39,0.0027
2026-07-30 13:47:32,ETHUSDT,BINANCE,TRADE,1906.39,0.0027
2026-07-30 13:47:32,ETHUSDT,BINANCE,TRADE,1906.39,0.0028
2026-07-30 13:47:32,ETHUSDT,BINANCE,TRADE,1906.39,0.0027
2026-07-30 13:47:32,ETHUSDT,BINANCE,TRADE,1906.4,0.0108
2026-07-30 13:47:32,ETHUSDT,BINANCE,TRADE,1906.4,0.0027
2026-07-30 13:47:32,ETHUSDT,BINANCE,TRADE,1906.4,0.0028
2026-07-30 13:47:32,ETHUSDT,BINANCE,TRADE,1906.4,0.0028
2026-07-30 13:47:32,ETHUSDT,BINANCE,TRADE,1906.4,0.0028
2026-07-30 13:47:32,ETHUSDT,BINANCE,TRADE,1906.4,0.0027
2026-07-30 13:47:32,ETHUSDT,BINANCE,TRADE,1906.4,0.0028
2026-07-30 13:47:32,ETHUSDT,BINANCE,TRADE,1906.4,0.0027
2026-07-30 13:47:32,ETHUSDT,BINANCE,TRADE,1906.4,0.0027
2026-07-30 13:47:32,ETHUSDT,BINANCE,TRADE,1906.4,0.0027
2026-07-30 13:47:32,BTCUSDT,BINANCE,TRADE,64046,0.00151
2026-07-30 13:47:32,BTCUSDT,BINANCE,TRADE,64046,0.00156
2026-07-30 13:47:32,BTCUSDT,BINANCE,TRADE,64046,0.0014
2026-07-30 13:47:32,BTCUSDT,BINANCE,TRADE,64046,0.00016
2026-07-30 13:47:32,ETHUSDT,BINANCE,TRADE,1906.41,0.0027
2026-07-30 13:47:32,ETHUSDT,BINANCE,TRADE,1906.41,0.0117
2026-07-30 13:47:32,BTCUSDT,BINANCE,TRADE,64046,0.0003
2026-07-30 13:47:32,BTCUSDT,BINANCE,TRADE,64046,0.00156
2026-07-30 13:47:32,BTCUSDT,BINANCE,TRADE,64046,0.00156
2026-07-30 13:47:32,BTCUSDT,BINANCE,TRADE,64046,0.00126
2026-07-30 13:47:32,BTCUSDT,BINANCE,TRADE,64046,0.00204
2026-07-30 13:47:32,ETHUSDT,BINANCE,TRADE,1906.4,0.0615
2026-07-30 13:47:32,BTCUSDT,BINANCE,TRADE,64046,0.00017
2026-07-30 13:47:32,BTCUSDT,BINANCE,TRADE,64046,0.00015
2026-07-30 13:47:32,BTCUSDT,BINANCE,TRADE,64046,0.01873
2026-07-30 13:47:32,BTCUSDT,BINANCE,TRADE,64046,0.00137
2026-07-30 13:47:32,BTCUSDT,BINANCE,TRADE,64046,0.00019
2026-07-30 13:47:32,BTCUSDT,BINANCE,TRADE,64046,0.00156
2026-07-30 13:47:32,BTCUSDT,BINANCE,TRADE,64046,0.00019
2026-07-30 13:47:32,BTCUSDT,BINANCE,TRADE,64046,0.00024
2026-07-30 13:47:32,BTCUSDT,BINANCE,TRADE,64046,0.00156
2026-07-30 13:47:32,BTCUSDT,BINANCE,TRADE,64046,0.00156
2026-07-30 13:47:32,BTCUSDT,BINANCE,TRADE,64046,9e-05
2026-07-30 13:47:32,BTCUSDT,BINANCE,TRADE,64046,0.00025
2026-07-30 13:47:32,BTCUSDT,BINANCE,TRADE,64046,0.00033
2026-07-30 13:47:32,BTCUSDT,BINANCE,TRADE,64046,0.00029
2026-07-30 13:47:32,ETHUSDT,BINANCE,TRADE,1906.4,0.0216
2026-07-30 13:47:32,BTCUSDT,BINANCE,TRADE,64046,0.00156
2026-07-30 13:47:32,BTCUSDT,BINANCE,TRADE,64046,0.00117
2026-07-30 13:47:32,BTCUSDT,BINANCE,TRADE,64046,0.00013
2026-07-30 13:47:32,ETHUSDT,BINANCE,TRADE,1906.4,0.0272
2026-07-30 13:47:32,BTCUSDT,BINANCE,TRADE,64046,0.00156
2026-07-30 13:47:32,BTCUSDT,BINANCE,TRADE,64046,0.00468
2026-07-30 13:47:32,BTCUSDT,BINANCE,TRADE,64046,0.0017
2026-07-30 13:47:32,BTCUSDT,BINANCE,TRADE,64046,0.00012
2026-07-30 13:47:32,BTCUSDT,BINANCE,TRADE,64046,0.002
2026-07-30 13:47:32,BTCUSDT,BINANCE,TRADE,64046,0.00017
2026-07-30 13:47:32,BTCUSDT,BINANCE,TRADE,64046,0.00521
2026-07-30 13:47:33,ETHUSDT,BINANCE,TRADE,1906.41,0.232
2026-07-30 13:47:33,BTCUSDT,BINANCE,TRADE,64046,0.00166
2026-07-30 13:47:33,BTCUSDT,BINANCE,TRADE,64046,0.00156
2026-07-30 13:47:33,BTCUSDT,BINANCE,TRADE,64046,0.0013
2026-07-30 13:47:33,BTCUSDT,BINANCE,TRADE,64046,0.00134
2026-07-30 13:47:33,BTCUSDT,BINANCE,TRADE,64046,9e-05
2026-07-30 13:47:33,BTCUSDT,BINANCE,TRADE,64046,9e-05
2026-07-30 13:47:33,BTCUSDT,BINANCE,TRADE,64046,8e-05
2026-07-30 13:47:33,BTCUSDT,BINANCE,TRADE,64046,8e-05
2026-07-30 13:47:33,BTCUSDT,BINANCE,TRADE,64046,8e-05
2026-07-30 13:47:33,BTCUSDT,BINANCE,TRADE,64046,8e-05
2026-07-30 13:47:33,BTCUSDT,BINANCE,TRADE,64046,8e-05
2026-07-30 13:47:33,BTCUSDT,BINANCE,TRADE,64046,8e-05
2026-07-30 13:47:33,BTCUSDT,BINANCE,TRADE,64046,8e-05
2026-07-30 13:47:33,BTCUSDT,BINANCE,TRADE,64046,8e-05
2026-07-30 13:47:33,BTCUSDT,BINANCE,TRADE,64046,8e-05
2026-07-30 13:47:33,BTCUSDT,BINANCE,TRADE,64046,8e-05
2026-07-30 13:47:33,BTCUSDT,BINANCE,TRADE,64046,8e-05
2026-07-30 13:47:33,BTCUSDT,BINANCE,TRADE,64046,9e-05
2026-07-30 13:47:33,BTCUSDT,BINANCE,TRADE,64046,8e-05
2026-07-30 13:47:33,BTCUSDT,BINANCE,TRADE,64046,8e-05
2026-07-30 13:47:33,BTCUSDT,BINANCE,TRADE,64046,6e-05
2026-07-30 13:47:33,BTCUSDT,BINANCE,TRADE,64046,0.00156
2026-07-30 13:47:33,BTCUSDT,BINANCE,TRADE,64046,2e-05
2026-07-30 13:47:33,BTCUSDT,BINANCE,TRADE,64046,0.01561
2026-07-30 13:47:33,BTCUSDT,BINANCE,TRADE,64046,0.00029
2026-07-30 13:47:33,BTCUSDT,BINANCE,TRADE,64046,0.00156
2026-07-30 13:47:33,BTCUSDT,BINANCE,TRADE,64046,0.00156
2026-07-30 13:47:33,ETHUSDT,BINANCE,TRADE,1906.4,0.0378
2026-07-30 13:47:33,BTCUSDT,BINANCE,TRADE,64046,0.00018
2026-07-30 13:47:33,BTCUSDT,BINANCE,TRADE,64046,0.00019
2026-07-30 13:47:33,BTCUSDT,BINANCE,TRADE,64046,0.00156
2026-07-30 13:47:33,BTCUSDT,BINANCE,TRADE,64046,0.00312
2026-07-30 13:47:33,BTCUSDT,BINANCE,TRADE,64046,0.00156
2026-07-30 13:47:33,BTCUSDT,BINANCE,TRADE,64046,0.00228
2026-07-30 13:47:33,BTCUSDT,BINANCE,TRADE,64046,0.00166
2026-07-30 13:47:33,BTCUSDT,BINANCE,TRADE,64046,0.00156
2026-07-30 13:47:33,BTCUSDT,BINANCE,TRADE,64046,0.00224
2026-07-30 13:47:33,BTCUSDT,BINANCE,TRADE,64046,0.0006
2026-07-30 13:47:33,BTCUSDT,BINANCE,TRADE,64046,0.00156
2026-07-30 13:47:33,BTCUSDT,BINANCE,TRADE,64046,0.00156
2026-07-30 13:47:33,BTCUSDT,BINANCE,TRADE,64046,0.00017
2026-07-30 13:47:33,BTCUSDT,BINANCE,TRADE,64046,0.02645
2026-07-30 13:47:33,BTCUSDT,BINANCE,TRADE,64046,0.00033
2026-07-30 13:47:33,BTCUSDT,BINANCE,TRADE,64046,0.00156
2026-07-30 13:47:33,BTCUSDT,BINANCE,TRADE,64046,0.00789
2026-07-30 13:47:33,BTCUSDT,BINANCE,TRADE,64046,0.00016
2026-07-30 13:47:33,BTCUSDT,BINANCE,TRADE,64046,0.00019
2026-07-30 13:47:33,BTCUSDT,BINANCE,TRADE,64046,0.00024
2026-07-30 13:47:33,BTCUSDT,BINANCE,TRADE,64046,0.00079
2026-07-30 13:47:33,BTCUSDT,BINANCE,TRADE,64046,0.0013
2026-07-30 13:47:33,BTCUSDT,BINANCE,TRADE,64046,0.00129
2026-07-30 13:47:33,BTCUSDT,BINANCE,TRADE,64046,0.00509
2026-07-30 13:47:33,ETHUSDT,BINANCE,TRADE,1906.4,0.1594
2026-07-30 13:47:33,BTCUSDT,BINANCE,TRADE,64046,0.00138
2026-07-30 13:47:33,BTCUSDT,BINANCE,TRADE,64046,0.00057
2026-07-30 13:47:33,BTCUSDT,BINANCE,TRADE,64046,0.00156
2026-07-30 13:47:33,BTCUSDT,BINANCE,TRADE,64046,0.00156
2026-07-30 13:47:33,BTCUSDT,BINANCE,TRADE,64046,0.00012
2026-07-30 13:47:33,BTCUSDT,BINANCE,TRADE,64046,0.00156
2026-07-30 13:47:33,BTCUSDT,BINANCE,TRADE,64046,0.0013
2026-07-30 13:47:33,BTCUSDT,BINANCE,TRADE,64046,0.00156
2026-07-30 13:47:33,BTCUSDT,BINANCE,TRADE,64046,0.00017
2026-07-30 13:47:33,BTCUSDT,BINANCE,TRADE,64046,0.00156
2026-07-30 13:47:33,BTCUSDT,BINANCE,TRADE,64046,0.00156
2026-07-30 13:47:33,BTCUSDT,BINANCE,TRADE,64046,0.00156
2026-07-30 13:47:33,BTCUSDT,BINANCE,TRADE,64046,0.00156
2026-07-30 13:47:33,BTCUSDT,BINANCE,TRADE,64046,0.00156
2026-07-30 13:47:33,BTCUSDT,BINANCE,TRADE,64046,0.00156
2026-07-30 13:47:33,BTCUSDT,BINANCE,TRADE,64046,0.00055
2026-07-30 13:47:33,ETHUSDT,BINANCE,TRADE,1906.4,0.0089
2026-07-30 13:47:33,BTCUSDT,BINANCE,TRADE,64046,9e-05
2026-07-30 13:47:33,BTCUSDT,BINANCE,TRADE,64046,0.00171
2026-07-30 13:47:33,ETHUSDT,BINANCE,TRADE,1906.41,0.2298
2026-07-30 13:47:33,BTCUSDT,BINANCE,TRADE,64046,0.00033
2026-07-30 13:47:34,BTCUSDT,BINANCE,TRADE,64046,0.00281
2026-07-30 13:47:34,BTCUSDT,BINANCE,TRADE,64046,0.00019
2026-07-30 13:47:34,BTCUSDT,BINANCE,TRADE,64046,0.00156
2026-07-30 13:47:34,ETHUSDT,BINANCE,TRADE,1906.4,0.0144
2026-07-30 13:47:34,BTCUSDT,BINANCE,TRADE,64046,0.00156
2026-07-30 13:47:34,BTCUSDT,BINANCE,TRADE,64046,0.00164
2026-07-30 13:47:34,ETHUSDT,BINANCE,TRADE,1906.4,0.232
2026-07-30 13:47:34,BTCUSDT,BINANCE,TRADE,64046,0.01563
2026-07-30 13:47:34,BTCUSDT,BINANCE,TRADE,64046,0.00063
2026-07-30 13:47:34,BTCUSDT,BINANCE,TRADE,64046,0.00149
2026-07-30 13:47:34,ETHUSDT,BINANCE,TRADE,1906.41,0.0338
2026-07-30 13:47:34,ETHUSDT,BINANCE,TRADE,1906.4,0.0222
2026-07-30 13:47:34,BTCUSDT,BINANCE,TRADE,64046,0.0013
2026-07-30 13:47:34,BTCUSDT,BINANCE,TRADE,64046,0.00183
2026-07-30 13:47:34,ETHUSDT,BINANCE,TRADE,1906.41,0.2038
2026-07-30 13:47:34,BTCUSDT,BINANCE,TRADE,64046,0.00156
2026-07-30 13:47:34,BTCUSDT,BINANCE,TRADE,64046,0.00029
2026-07-30 13:47:34,BTCUSDT,BINANCE,TRADE,64046,0.00156
2026-07-30 13:47:34,BTCUSDT,BINANCE,TRADE,64046,0.00156
2026-07-30 13:47:34,BTCUSDT,BINANCE,TRADE,64046,0.00167
2026-07-30 13:47:34,BTCUSDT,BINANCE,TRADE,64046,0.00065
2026-07-30 13:47:34,BTCUSDT,BINANCE,TRADE,64046,0.00156
2026-07-30 13:47:34,BTCUSDT,BINANCE,TRADE,64046,0.00013
2026-07-30 13:47:34,BTCUSDT,BINANCE,TRADE,64046,0.16786
2026-07-30 13:47:34,BTCUSDT,BINANCE,TRADE,64046,0.3549
2026-07-30 13:47:34,BTCUSDT,BINANCE,TRADE,64046,0.108
2026-07-30 13:47:34,BTCUSDT,BINANCE,TRADE,64046,0.002
2026-07-30 13:47:34,BTCUSDT,BINANCE,TRADE,64046,0.00515
2026-07-30 13:47:34,BTCUSDT,BINANCE,TRADE,64046,0.0013
2026-07-30 13:47:34,ETHUSDT,BINANCE,TRADE,1906.41,0.2383
2026-07-30 13:47:34,BTCUSDT,BINANCE,TRADE,64046,0.00156
2026-07-30 13:47:34,BTCUSDT,BINANCE,TRADE,64046,0.00038
2026-07-30 13:47:34,BTCUSDT,BINANCE,TRADE,64046,0.00313
2026-07-30 13:47:34,BTCUSDT,BINANCE,TRADE,64046,0.00027
2026-07-30 13:47:34,BTCUSDT,BINANCE,TRADE,64046,0.00156
2026-07-30 13:47:34,BTCUSDT,BINANCE,TRADE,64046,0.002
2026-07-30 13:47:34,BTCUSDT,BINANCE,TRADE,64046,0.00166
2026-07-30 13:47:34,BTCUSDT,BINANCE,TRADE,64046,0.00021
2026-07-30 13:47:34,BTCUSDT,BINANCE,TRADE,64046,0.00015
2026-07-30 13:47:34,BTCUSDT,BINANCE,TRADE,64046,0.00016
2026-07-30 13:47:34,BTCUSDT,BINANCE,TRADE,64046,0.00018
2026-07-30 13:47:34,BTCUSDT,BINANCE,TRADE,64046,0.01873
2026-07-30 13:47:34,BTCUSDT,BINANCE,TRADE,64046,0.00033
2026-07-30 13:47:34,ETHUSDT,BINANCE,TRADE,1906.4,0.1724
2026-07-30 13:47:34,BTCUSDT,BINANCE,TRADE,64046,0.00521
2026-07-30 13:47:34,BTCUSDT,BINANCE,TRADE,64046,0.00156
2026-07-30 13:47:34,BTCUSDT,BINANCE,TRADE,64046,0.00314
2026-07-30 13:47:34,BTCUSDT,BINANCE,TRADE,64046,0.00156
2026-07-30 13:47:34,BTCUSDT,BINANCE,TRADE,64046,0.00397
2026-07-30 13:47:34,BTCUSDT,BINANCE,TRADE,64046,0.00017
2026-07-30 13:47:34,BTCUSDT,BINANCE,TRADE,64046,0.0013
2026-07-30 13:47:34,BTCUSDT,BINANCE,TRADE,64046,0.00029
2026-07-30 13:47:34,BTCUSDT,BINANCE,TRADE,64046,0.00044
2026-07-30 13:47:35,ETHUSDT,BINANCE,TRADE,1906.41,0.0225
2026-07-30 13:47:35,BTCUSDT,BINANCE,TRADE,64046,0.00019
2026-07-30 13:47:35,BTCUSDT,BINANCE,TRADE,64046,0.00026
2026-07-30 13:47:35,BTCUSDT,BINANCE,TRADE,64046,0.00156
2026-07-30 13:47:35,BTCUSDT,BINANCE,TRADE,64046,0.00029
2026-07-30 13:47:35,BTCUSDT,BINANCE,TRADE,64046,0.00899
2026-07-30 13:47:35,BTCUSDT,BINANCE,TRADE,64046,0.01977
2026-07-30 13:47:35,BTCUSDT,BINANCE,TRADE,64046,0.00535
2026-07-30 13:47:35,BTCUSDT,BINANCE,TRADE,64046,0.00909
2026-07-30 13:47:35,BTCUSDT,BINANCE,TRADE,64046,0.00016
2026-07-30 13:47:35,BTCUSDT,BINANCE,TRADE,64046,0.00024
2026-07-30 13:47:35,ETHUSDT,BINANCE,TRADE,1906.41,0.0475
2026-07-30 13:47:35,BTCUSDT,BINANCE,TRADE,64046,0.00156
2026-07-30 13:47:35,BTCUSDT,BINANCE,TRADE,64046,0.0013
2026-07-30 13:47:35,ETHUSDT,BINANCE,TRADE,1906.4,0.0103
2026-07-30 13:47:35,ETHUSDT,BINANCE,TRADE,1906.41,0.232
2026-07-30 13:47:35,ETHUSDT,BINANCE,TRADE,1906.4,0.5684
2026-07-30 13:47:35,ETHUSDT,BINANCE,TRADE,1906.4,0.0027
2026-07-30 13:47:35,ETHUSDT,BINANCE,TRADE,1906.4,0.0027
2026-07-30 13:47:35,ETHUSDT,BINANCE,TRADE,1906.4,0.0028
2026-07-30 13:47:35,ETHUSDT,BINANCE,TRADE,1906.4,0.0053
2026-07-30 13:47:35,ETHUSDT,BINANCE,TRADE,1906.4,0.0027
2026-07-30 13:47:35,ETHUSDT,BINANCE,TRADE,1906.4,0.0027
2026-07-30 13:47:35,ETHUSDT,BINANCE,TRADE,1906.4,0.0027
2026-07-30 13:47:35,ETHUSDT,BINANCE,TRADE,1906.4,0.0027
2026-07-30 13:47:35,ETHUSDT,BINANCE,TRADE,1906.4,0.0027
2026-07-30 13:47:35,ETHUSDT,BINANCE,TRADE,1906.4,0.0027
2026-07-30 13:47:35,ETHUSDT,BINANCE,TRADE,1906.4,0.0028
2026-07-30 13:47:35,ETHUSDT,BINANCE,TRADE,1906.4,0.0027
2026-07-30 13:47:35,ETHUSDT,BINANCE,TRADE,1906.4,0.0027
2026-07-30 13:47:35,ETHUSDT,BINANCE,TRADE,1906.4,0.0663
2026-07-30 13:47:35,ETHUSDT,BINANCE,TRADE,1906.4,0.0031
2026-07-30 13:47:35,ETHUSDT,BINANCE,TRADE,1906.4,0.0031
2026-07-30 13:47:35,ETHUSDT,BINANCE,TRADE,1906.4,0.0031
2026-07-30 13:47:35,ETHUSDT,BINANCE,TRADE,1906.4,0.0027
2026-07-30 13:47:35,ETHUSDT,BINANCE,TRADE,1906.4,0.0027
2026-07-30 13:47:35,ETHUSDT,BINANCE,TRADE,1906.4,0.0027
2026-07-30 13:47:35,ETHUSDT,BINANCE,TRADE,1906.4,0.0027
2026-07-30 13:47:35,ETHUSDT,BINANCE,TRADE,1906.4,0.0027
2026-07-30 13:47:35,ETHUSDT,BINANCE,TRADE,1906.4,0.0027
2026-07-30 13:47:35,ETHUSDT,BINANCE,TRADE,1906.4,0.0027
2026-07-30 13:47:35,ETHUSDT,BINANCE,TRADE,1906.4,0.0027
2026-07-30 13:47:35,ETHUSDT,BINANCE,TRADE,1906.4,0.0027
2026-07-30 13:47:35,ETHUSDT,BINANCE,TRADE,1906.4,0.0027
2026-07-30 13:47:35,ETHUSDT,BINANCE,TRADE,1906.4,0.0027
2026-07-30 13:47:35,ETHUSDT,BINANCE,TRADE,1906.4,0.0027
2026-07-30 13:47:35,ETHUSDT,BINANCE,TRADE,1906.4,0.0027
2026-07-30 13:47:35,ETHUSDT,BINANCE,TRADE,1906.4,0.0027
2026-07-30 13:47:35,ETHUSDT,BINANCE,TRADE,1906.4,0.0027
2026-07-30 13:47:35,ETHUSDT,BINANCE,TRADE,1906.4,0.0027
2026-07-30 13:47:35,ETHUSDT,BINANCE,TRADE,1906.39,0.0053
2026-07-30 13:47:35,ETHUSDT,BINANCE,TRADE,1906.39,0.0028
2026-07-30 13:47:35,ETHUSDT,BINANCE,TRADE,1906.38,0.0027
2026-07-30 13:47:35,ETHUSDT,BINANCE,TRADE,1906.38,0.0053
2026-07-30 13:47:35,ETHUSDT,BINANCE,TRADE,1906.38,0.0028
2026-07-30 13:47:35,ETHUSDT,BINANCE,TRADE,1906.38,0.0027
2026-07-30 13:47:35,ETHUSDT,BINANCE,TRADE,1906.38,0.0027
2026-07-30 13:47:35,ETHUSDT,BINANCE,TRADE,1906.37,0.0027
2026-07-30 13:47:35,ETHUSDT,BINANCE,TRADE,1906.37,0.0027
2026-07-30 13:47:35,ETHUSDT,BINANCE,TRADE,1906.37,0.0028
2026-07-30 13:47:35,ETHUSDT,BINANCE,TRADE,1906.37,0.0028
2026-07-30 13:47:35,ETHUSDT,BINANCE,TRADE,1906.37,0.0028
2026-07-30 13:47:35,ETHUSDT,BINANCE,TRADE,1906.37,0.0027
2026-07-30 13:47:35,ETHUSDT,BINANCE,TRADE,1906.37,0.0028
2026-07-30 13:47:35,ETHUSDT,BINANCE,TRADE,1906.37,0.0027
2026-07-30 13:47:35,ETHUSDT,BINANCE,TRADE,1906.37,0.0027
2026-07-30 13:47:35,ETHUSDT,BINANCE,TRADE,1906.37,0.0027
2026-07-30 13:47:35,BTCUSDT,BINANCE,TRADE,64046,0.002
2026-07-30 13:47:35,BTCUSDT,BINANCE,TRADE,64046,0.01563
2026-07-30 13:47:35,BTCUSDT,BINANCE,TRADE,64046,0.00012
2026-07-30 13:47:35,BTCUSDT,BINANCE,TRADE,64046,0.00017
2026-07-30 13:47:35,BTCUSDT,BINANCE,TRADE,64046,0.00156
2026-07-30 13:47:35,ETHUSDT,BINANCE,TRADE,1906.36,0.003
2026-07-30 13:47:35,BTCUSDT,BINANCE,TRADE,64046,0.00156
2026-07-30 13:47:35,BTCUSDT,BINANCE,TRADE,64046,9e-05
2026-07-30 13:47:35,BTCUSDT,BINANCE,TRADE,64046,0.00156
2026-07-30 13:47:35,BTCUSDT,BINANCE,TRADE,64046,0.00156
2026-07-30 13:47:35,BTCUSDT,BINANCE,TRADE,64046,0.00154
2026-07-30 13:47:35,BTCUSDT,BINANCE,TRADE,64046,0.00509
2026-07-30 13:47:35,BTCUSDT,BINANCE,TRADE,64046,0.00156
2026-07-30 13:47:35,BTCUSDT,BINANCE,TRADE,64046,0.00156
2026-07-30 13:47:35,BTCUSDT,BINANCE,TRADE,64046,0.00156
2026-07-30 13:47:35,BTCUSDT,BINANCE,TRADE,64046,0.00018
2026-07-30 13:47:35,BTCUSDT,BINANCE,TRADE,64046,0.00019
2026-07-30 13:47:35,BTCUSDT,BINANCE,TRADE,64046,0.00156
2026-07-30 13:47:35,BTCUSDT,BINANCE,TRADE,64046,0.00789
2026-07-30 13:47:35,BTCUSDT,BINANCE,TRADE,64046,0.00156
2026-07-30 13:47:35,ETHUSDT,BINANCE,TRADE,1906.36,0.0351
2026-07-30 13:47:35,BTCUSDT,BINANCE,TRADE,64046,0.00038
2026-07-30 13:47:35,BTCUSDT,BINANCE,TRADE,64046,0.00224
2026-07-30 13:47:35,BTCUSDT,BINANCE,TRADE,64046,0.00156
2026-07-30 13:47:35,BTCUSDT,BINANCE,TRADE,64046,0.0013
2026-07-30 13:47:35,BTCUSDT,BINANCE,TRADE,64046,0.00011
2026-07-30 13:47:35,BTCUSDT,BINANCE,TRADE,64046,0.00156
2026-07-30 13:47:35,BTCUSDT,BINANCE,TRADE,64046,0.00017
2026-07-30 13:47:35,BTCUSDT,BINANCE,TRADE,64046,0.00156
2026-07-30 13:47:35,BTCUSDT,BINANCE,TRADE,64046,0.00156
2026-07-30 13:47:35,BTCUSDT,BINANCE,TRADE,64046,0.00156
2026-07-30 13:47:35,BTCUSDT,BINANCE,TRADE,64046,0.00314
2026-07-30 13:47:35,BTCUSDT,BINANCE,TRADE,64046,0.00156
2026-07-30 13:47:35,BTCUSDT,BINANCE,TRADE,64046,0.00156
2026-07-30 13:47:35,BTCUSDT,BINANCE,TRADE,64046,0.00019
2026-07-30 13:47:35,ETHUSDT,BINANCE,TRADE,1906.36,0.0522
2026-07-30 13:47:35,BTCUSDT,BINANCE,TRADE,64046,0.0013
2026-07-30 13:47:35,BTCUSDT,BINANCE,TRADE,64046,0.00033
2026-07-30 13:47:35,BTCUSDT,BINANCE,TRADE,64046,0.00024
2026-07-30 13:47:35,BTCUSDT,BINANCE,TRADE,64046,0.00156
2026-07-30 13:47:35,BTCUSDT,BINANCE,TRADE,64046,0.00156
2026-07-30 13:47:35,BTCUSDT,BINANCE,TRADE,64046,0.002
2026-07-30 13:47:35,BTCUSDT,BINANCE,TRADE,64046,0.00652
2026-07-30 13:47:35,BTCUSDT,BINANCE,TRADE,64046,0.00156
2026-07-30 13:47:35,BTCUSDT,BINANCE,TRADE,64046,0.00271
2026-07-30 13:47:36,BTCUSDT,BINANCE,TRADE,64046,0.00166
2026-07-30 13:47:36,BTCUSDT,BINANCE,TRADE,64046,0.00045
2026-07-30 13:47:36,BTCUSDT,BINANCE,TRADE,64046,0.00011
2026-07-30 13:47:36,BTCUSDT,BINANCE,TRADE,64046,0.00012
2026-07-30 13:47:36,ETHUSDT,BINANCE,TRADE,1906.37,0.0135
2026-07-30 13:47:36,BTCUSDT,BINANCE,TRADE,64046,0.00017
2026-07-30 13:47:36,BTCUSDT,BINANCE,TRADE,64046,0.00129
2026-07-30 13:47:36,BTCUSDT,BINANCE,TRADE,64046,0.00046
2026-07-30 13:47:36,BTCUSDT,BINANCE,TRADE,64046,0.00038
2026-07-30 13:47:36,ETHUSDT,BINANCE,TRADE,1906.37,0.0144
2026-07-30 13:47:36,BTCUSDT,BINANCE,TRADE,64046,0.01563
2026-07-30 13:47:36,BTCUSDT,BINANCE,TRADE,64046,0.00032
2026-07-30 13:47:36,BTCUSDT,BINANCE,TRADE,64046,0.00055
2026-07-30 13:47:36,BTCUSDT,BINANCE,TRADE,64046,0.00156
2026-07-30 13:47:36,BTCUSDT,BINANCE,TRADE,64046,0.00201
2026-07-30 13:47:36,BTCUSDT,BINANCE,TRADE,64046,0.002
2026-07-30 13:47:36,BTCUSDT,BINANCE,TRADE,64046,0.00156
2026-07-30 13:47:36,BTCUSDT,BINANCE,TRADE,64046,0.00515
2026-07-30 13:47:36,BTCUSDT,BINANCE,TRADE,64046,0.00029
2026-07-30 13:47:36,BTCUSDT,BINANCE,TRADE,64046,0.00204
2026-07-30 13:47:36,ETHUSDT,BINANCE,TRADE,1906.36,0.232
2026-07-30 13:47:36,BTCUSDT,BINANCE,TRADE,64046,0.00019
2026-07-30 13:47:36,BTCUSDT,BINANCE,TRADE,64046,0.00138
2026-07-30 13:47:36,BTCUSDT,BINANCE,TRADE,64046,9e-05
2026-07-30 13:47:36,ETHUSDT,BINANCE,TRADE,1906.37,0.2566
2026-07-30 13:47:36,ETHUSDT,BINANCE,TRADE,1906.36,0.0181
2026-07-30 13:47:36,ETHUSDT,BINANCE,TRADE,1906.36,0.0523
2026-07-30 13:47:36,BTCUSDT,BINANCE,TRADE,64046,0.00029
2026-07-30 13:47:36,BTCUSDT,BINANCE,TRADE,64046,0.00156
2026-07-30 13:47:36,BTCUSDT,BINANCE,TRADE,64046,0.00156
2026-07-30 13:47:36,ETHUSDT,BINANCE,TRADE,1906.36,0.0338
2026-07-30 13:47:36,BTCUSDT,BINANCE,TRADE,64046,0.00156
2026-07-30 13:47:36,BTCUSDT,BINANCE,TRADE,64046,0.00156
2026-07-30 13:47:36,BTCUSDT,BINANCE,TRADE,64046,0.00521
2026-07-30 13:47:36,BTCUSDT,BINANCE,TRADE,64046,0.00065
2026-07-30 13:47:36,BTCUSDT,BINANCE,TRADE,64046,0.0017
2026-07-30 13:47:36,ETHUSDT,BINANCE,TRADE,1906.37,0.0222
2026-07-30 13:47:36,BTCUSDT,BINANCE,TRADE,64046,0.00314
2026-07-30 13:47:36,BTCUSDT,BINANCE,TRADE,64046,0.01873
2026-07-30 13:47:36,BTCUSDT,BINANCE,TRADE,64046,0.00016
2026-07-30 13:47:36,BTCUSDT,BINANCE,TRADE,64046,0.00021
2026-07-30 13:47:36,BTCUSDT,BINANCE,TRADE,64046,0.00156
2026-07-30 13:47:36,BTCUSDT,BINANCE,TRADE,64046,0.00015
2026-07-30 13:47:36,BTCUSDT,BINANCE,TRADE,64046,0.00156
2026-07-30 13:47:36,BTCUSDT,BINANCE,TRADE,64046,0.00033
2026-07-30 13:47:36,BTCUSDT,BINANCE,TRADE,64046,0.00013
2026-07-30 13:47:36,BTCUSDT,BINANCE,TRADE,64046,0.00145
2026-07-30 13:47:36,BTCUSDT,BINANCE,TRADE,64046,0.00156
2026-07-30 13:47:36,ETHUSDT,BINANCE,TRADE,1906.37,0.0089
2026-07-30 13:47:36,SOLUSDT,BINANCE,TRADE,73.45,4
2026-07-30 13:47:37,BTCUSDT,BINANCE,TRADE,64046,0.00018
2026-07-30 13:47:37,BTCUSDT,BINANCE,TRADE,64046,0.00574
2026-07-30 13:47:37,BTCUSDT,BINANCE,TRADE,64046,0.00062
2026-07-30 13:47:37,BTCUSDT,BINANCE,TRADE,64046,8e-05
2026-07-30 13:47:37,BTCUSDT,BINANCE,TRADE,64046,8e-05
2026-07-30 13:47:37,BTCUSDT,BINANCE,TRADE,64046,8e-05
2026-07-30 13:47:37,BTCUSDT,BINANCE,TRADE,64046,0.00468
2026-07-30 13:47:37,BTCUSDT,BINANCE,TRADE,64046,8e-05
2026-07-30 13:47:37,BTCUSDT,BINANCE,TRADE,64046,8e-05
2026-07-30 13:47:37,BTCUSDT,BINANCE,TRADE,64046,8e-05
2026-07-30 13:47:37,BTCUSDT,BINANCE,TRADE,64046,8e-05
2026-07-30 13:47:37,BTCUSDT,BINANCE,TRADE,64046,8e-05
2026-07-30 13:47:37,BTCUSDT,BINANCE,TRADE,64046,8e-05
2026-07-30 13:47:37,BTCUSDT,BINANCE,TRADE,64046,9e-05
2026-07-30 13:47:37,BTCUSDT,BINANCE,TRADE,64046,9e-05
2026-07-30 13:47:37,BTCUSDT,BINANCE,TRADE,64046,8e-05
2026-07-30 13:47:37,BTCUSDT,BINANCE,TRADE,64046,8e-05
2026-07-30 13:47:37,BTCUSDT,BINANCE,TRADE,64046,8e-05
2026-07-30 13:47:37,BTCUSDT,BINANCE,TRADE,64046,9e-05
2026-07-30 13:47:37,BTCUSDT,BINANCE,TRADE,64046,8e-05
2026-07-30 13:47:37,BTCUSDT,BINANCE,TRADE,64046,8e-05
2026-07-30 13:47:37,BTCUSDT,BINANCE,TRADE,64046,8e-05
2026-07-30 13:47:37,BTCUSDT,BINANCE,TRADE,64046,8e-05
2026-07-30 13:47:37,BTCUSDT,BINANCE,TRADE,64046,8e-05
2026-07-30 13:47:37,BTCUSDT,BINANCE,TRADE,64046,0.00062
2026-07-30 13:47:37,BTCUSDT,BINANCE,TRADE,64046,8e-05
2026-07-30 13:47:37,BTCUSDT,BINANCE,TRADE,64046,0.00062
2026-07-30 13:47:37,BTCUSDT,BINANCE,TRADE,64046,0.00312
2026-07-30 13:47:37,BTCUSDT,BINANCE,TRADE,64046,0.00062
2026-07-30 13:47:37,BTCUSDT,BINANCE,TRADE,64046,0.00016
2026-07-30 13:47:37,BTCUSDT,BINANCE,TRADE,64046,0.1359
2026-07-30 13:47:37,BTCUSDT,BINANCE,TRADE,64046,0.00214
2026-07-30 13:47:37,BTCUSDT,BINANCE,TRADE,64046,0.0001
2026-07-30 13:47:37,BTCUSDT,BINANCE,TRADE,64046,8e-05
2026-07-30 13:47:37,BTCUSDT,BINANCE,TRADE,64046,8e-05
2026-07-30 13:47:37,BTCUSDT,BINANCE,TRADE,64046,0.0035
2026-07-30 13:47:37,BTCUSDT,BINANCE,TRADE,64046,0.0171
2026-07-30 13:47:37,BTCUSDT,BINANCE,TRADE,64046,0.0025
2026-07-30 13:47:37,BTCUSDT,BINANCE,TRADE,64046,0.28968
2026-07-30 13:47:37,BTCUSDT,BINANCE,TRADE,64046,0.0015
2026-07-30 13:47:37,BTCUSDT,BINANCE,TRADE,64046,8e-05
2026-07-30 13:47:37,BTCUSDT,BINANCE,TRADE,64046,8e-05
2026-07-30 13:47:37,BTCUSDT,BINANCE,TRADE,64046,8e-05
2026-07-30 13:47:37,BTCUSDT,BINANCE,TRADE,64046,8e-05
2026-07-30 13:47:37,BTCUSDT,BINANCE,TRADE,64046,8e-05
2026-07-30 13:47:37,BTCUSDT,BINANCE,TRADE,64046,9e-05
2026-07-30 13:47:37,BTCUSDT,BINANCE,TRADE,64046,8e-05
2026-07-30 13:47:37,BTCUSDT,BINANCE,TRADE,64046,9e-05
2026-07-30 13:47:37,BTCUSDT,BINANCE,TRADE,64046,8e-05
2026-07-30 13:47:37,BTCUSDT,BINANCE,TRADE,64046,8e-05
2026-07-30 13:47:37,BTCUSDT,BINANCE,TRADE,64046,8e-05
2026-07-30 13:47:37,BTCUSDT,BINANCE,TRADE,64046,8e-05
2026-07-30 13:47:37,BTCUSDT,BINANCE,TRADE,64046,8e-05
2026-07-30 13:47:37,BTCUSDT,BINANCE,TRADE,64046,8e-05
2026-07-30 13:47:37,BTCUSDT,BINANCE,TRADE,64046,8e-05
2026-07-30 13:47:37,BTCUSDT,BINANCE,TRADE,64046,0.00016
2026-07-30 13:47:37,BTCUSDT,BINANCE,TRADE,64046,0.00016
2026-07-30 13:47:37,BTCUSDT,BINANCE,TRADE,64046.3,0.00016
2026-07-30 13:47:37,BTCUSDT,BINANCE,TRADE,64046.3,0.00224
2026-07-30 13:47:37,BTCUSDT,BINANCE,TRADE,64046.3,0.00057
2026-07-30 13:47:37,BTCUSDT,BINANCE,TRADE,64046.3,0.00156
2026-07-30 13:47:37,BTCUSDT,BINANCE,TRADE,64046.3,0.3
2026-07-30 13:47:37,BTCUSDT,BINANCE,TRADE,64046.3,0.00652
2026-07-30 13:47:37,BTCUSDT,BINANCE,TRADE,64046.3,9e-05
2026-07-30 13:47:37,BTCUSDT,BINANCE,TRADE,64046.3,9e-05
2026-07-30 13:47:37,BTCUSDT,BINANCE,TRADE,64046.3,8e-05
2026-07-30 13:47:37,BTCUSDT,BINANCE,TRADE,64046.3,8e-05
2026-07-30 13:47:37,BTCUSDT,BINANCE,TRADE,64046.3,8e-05
2026-07-30 13:47:37,BTCUSDT,BINANCE,TRADE,64046.3,8e-05
2026-07-30 13:47:37,BTCUSDT,BINANCE,TRADE,64046.3,8e-05
2026-07-30 13:47:37,BTCUSDT,BINANCE,TRADE,64046.3,8e-05
2026-07-30 13:47:37,BTCUSDT,BINANCE,TRADE,64046.3,0.0009
2026-07-30 13:47:37,BTCUSDT,BINANCE,TRADE,64046.3,0.0006
2026-07-30 13:47:37,BTCUSDT,BINANCE,TRADE,64046.3,8e-05
2026-07-30 13:47:37,BTCUSDT,BINANCE,TRADE,64046.3,0.00088
2026-07-30 13:47:37,BTCUSDT,BINANCE,TRADE,64046.3,8e-05
2026-07-30 13:47:37,BTCUSDT,BINANCE,TRADE,64046.3,8e-05
2026-07-30 13:47:37,BTCUSDT,BINANCE,TRADE,64046.3,8e-05
2026-07-30 13:47:37,BTCUSDT,BINANCE,TRADE,64046.3,0.00276
2026-07-30 13:47:37,BTCUSDT,BINANCE,TRADE,64046.3,0.00074
2026-07-30 13:47:37,BTCUSDT,BINANCE,TRADE,64046.3,8e-05
2026-07-30 13:47:37,BTCUSDT,BINANCE,TRADE,64046.3,8e-05
2026-07-30 13:47:37,BTCUSDT,BINANCE,TRADE,64046.3,8e-05
2026-07-30 13:47:37,BTCUSDT,BINANCE,TRADE,64046.3,8e-05
2026-07-30 13:47:37,BTCUSDT,BINANCE,TRADE,64046.3,8e-05
2026-07-30 13:47:37,BTCUSDT,BINANCE,TRADE,64046.3,8e-05
2026-07-30 13:47:37,BTCUSDT,BINANCE,TRADE,64046.3,9e-05
2026-07-30 13:47:37,BTCUSDT,BINANCE,TRADE,64046.3,8e-05
2026-07-30 13:47:37,BTCUSDT,BINANCE,TRADE,64046.3,8e-05
2026-07-30 13:47:37,BTCUSDT,BINANCE,TRADE,64046.3,8e-05
2026-07-30 13:47:37,BTCUSDT,BINANCE,TRADE,64046.3,8e-05
2026-07-30 13:47:37,BTCUSDT,BINANCE,TRADE,64046.3,8e-05
2026-07-30 13:47:37,BTCUSDT,BINANCE,TRADE,64046.3,8e-05
2026-07-30 13:47:37,BTCUSDT,BINANCE,TRADE,64046.3,9e-05
2026-07-30 13:47:37,BTCUSDT,BINANCE,TRADE,64046.3,9e-05
2026-07-30 13:47:37,BTCUSDT,BINANCE,TRADE,64046.3,8e-05
2026-07-30 13:47:37,BTCUSDT,BINANCE,TRADE,64046.3,8e-05
2026-07-30 13:47:37,BTCUSDT,BINANCE,TRADE,64046.3,8e-05
2026-07-30 13:47:37,BTCUSDT,BINANCE,TRADE,64046.3,0.00079
2026-07-30 13:47:37,BTCUSDT,BINANCE,TRADE,64046.3,0.00071
2026-07-30 13:47:37,BTCUSDT,BINANCE,TRADE,64046.3,8e-05
2026-07-30 13:47:37,BTCUSDT,BINANCE,TRADE,64046.3,8e-05
2026-07-30 13:47:37,BTCUSDT,BINANCE,TRADE,64046.3,8e-05
2026-07-30 13:47:37,BTCUSDT,BINANCE,TRADE,64046.3,8e-05
2026-07-30 13:47:37,BTCUSDT,BINANCE,TRADE,64046.3,9e-05
2026-07-30 13:47:37,BTCUSDT,BINANCE,TRADE,64046.3,8e-05
2026-07-30 13:47:37,BTCUSDT,BINANCE,TRADE,64046.3,9e-05
2026-07-30 13:47:37,BTCUSDT,BINANCE,TRADE,64046.3,8e-05
2026-07-30 13:47:37,BTCUSDT,BINANCE,TRADE,64046.3,8e-05
2026-07-30 13:47:37,BTCUSDT,BINANCE,TRADE,64046.3,8e-05
2026-07-30 13:47:37,BTCUSDT,BINANCE,TRADE,64046.8,0.00147
2026-07-30 13:47:37,BTCUSDT,BINANCE,TRADE,64046.8,0.00087
2026-07-30 13:47:37,BTCUSDT,BINANCE,TRADE,64046.8,9e-05
2026-07-30 13:47:37,BTCUSDT,BINANCE,TRADE,64046.8,9e-05
2026-07-30 13:47:37,BTCUSDT,BINANCE,TRADE,64046.8,9e-05
2026-07-30 13:47:37,BTCUSDT,BINANCE,TRADE,64046.8,0.00186
2026-07-30 13:47:37,BTCUSDT,BINANCE,TRADE,64046.8,0.003
2026-07-30 13:47:37,BTCUSDT,BINANCE,TRADE,64046.8,0.003
2026-07-30 13:47:37,BTCUSDT,BINANCE,TRADE,64046.8,0.00015
2026-07-30 13:47:37,BTCUSDT,BINANCE,TRADE,64046.8,0.00156
2026-07-30 13:47:37,ETHUSDT,BINANCE,TRADE,1906.36,0.2298
2026-07-30 13:47:37,BTCUSDT,BINANCE,TRADE,64046.8,0.00156
2026-07-30 13:47:37,BTCUSDT,BINANCE,TRADE,64046.8,0.01306
2026-07-30 13:47:37,BTCUSDT,BINANCE,TRADE,64046.8,9e-05
2026-07-30 13:47:37,BTCUSDT,BINANCE,TRADE,64046.8,9e-05
2026-07-30 13:47:37,BTCUSDT,BINANCE,TRADE,64046.8,8e-05
2026-07-30 13:47:37,BTCUSDT,BINANCE,TRADE,64046.8,8e-05
2026-07-30 13:47:37,BTCUSDT,BINANCE,TRADE,64046.8,8e-05
2026-07-30 13:47:37,BTCUSDT,BINANCE,TRADE,64046.8,0.0015
2026-07-30 13:47:37,BTCUSDT,BINANCE,TRADE,64046.8,8e-05
2026-07-30 13:47:37,BTCUSDT,BINANCE,TRADE,64046.8,8e-05
2026-07-30 13:47:37,BTCUSDT,BINANCE,TRADE,64046.8,8e-05
2026-07-30 13:47:37,BTCUSDT,BINANCE,TRADE,64046.8,8e-05
2026-07-30 13:47:37,BTCUSDT,BINANCE,TRADE,64046.8,0.00033
2026-07-30 13:47:37,BTCUSDT,BINANCE,TRADE,64046.8,0.00017
2026-07-30 13:47:37,BTCUSDT,BINANCE,TRADE,64046.8,0.0013
2026-07-30 13:47:37,BTCUSDT,BINANCE,TRADE,64046.8,0.00156
2026-07-30 13:47:37,ETHUSDT,BINANCE,TRADE,1906.37,0.1321
2026-07-30 13:47:37,BTCUSDT,BINANCE,TRADE,64046.8,0.00156
2026-07-30 13:47:37,BTCUSDT,BINANCE,TRADE,64046.8,0.00019
2026-07-30 13:47:37,BTCUSDT,BINANCE,TRADE,64046.8,0.00024
2026-07-30 13:47:37,BTCUSDT,BINANCE,TRADE,64046.8,0.00029
2026-07-30 13:47:37,BTCUSDT,BINANCE,TRADE,64046.8,0.00017
2026-07-30 13:47:37,BTCUSDT,BINANCE,TRADE,64046.8,0.0009
2026-07-30 13:47:37,BTCUSDT,BINANCE,TRADE,64046.8,0.00011
2026-07-30 13:47:37,BTCUSDT,BINANCE,TRADE,64046.8,8e-05
2026-07-30 13:47:37,BTCUSDT,BINANCE,TRADE,64046.8,8e-05
2026-07-30 13:47:37,BTCUSDT,BINANCE,TRADE,64046.8,8e-05
2026-07-30 13:47:37,BTCUSDT,BINANCE,TRADE,64046.8,8e-05
2026-07-30 13:47:37,BTCUSDT,BINANCE,TRADE,64046.8,8e-05
2026-07-30 13:47:37,BTCUSDT,BINANCE,TRADE,64046.8,8e-05
2026-07-30 13:47:37,BTCUSDT,BINANCE,TRADE,64046.8,8e-05
2026-07-30 13:47:37,BTCUSDT,BINANCE,TRADE,64046.8,8e-05
2026-07-30 13:47:37,BTCUSDT,BINANCE,TRADE,64046.8,8e-05
2026-07-30 13:47:37,BTCUSDT,BINANCE,TRADE,64046.8,8e-05
2026-07-30 13:47:37,BTCUSDT,BINANCE,TRADE,64046.8,8e-05
2026-07-30 13:47:37,BTCUSDT,BINANCE,TRADE,64046.8,9e-05
2026-07-30 13:47:37,BTCUSDT,BINANCE,TRADE,64046.8,0.00048
2026-07-30 13:47:37,BTCUSDT,BINANCE,TRADE,64046.8,0.00166
2026-07-30 13:47:37,BTCUSDT,BINANCE,TRADE,64046.8,0.00199
2026-07-30 13:47:37,BTCUSDT,BINANCE,TRADE,64046.8,0.00156
2026-07-30 13:47:37,BTCUSDT,BINANCE,TRADE,64046.8,0.00026
2026-07-30 13:47:37,BTCUSDT,BINANCE,TRADE,64046.8,0.00126
2026-07-30 13:47:37,BTCUSDT,BINANCE,TRADE,64046.8,3e-05
2026-07-30 13:47:37,BTCUSDT,BINANCE,TRADE,64046.8,0.00506
2026-07-30 13:47:37,ETHUSDT,BINANCE,TRADE,1906.36,0.2383
2026-07-30 13:47:37,ETHUSDT,BINANCE,TRADE,1906.37,0.232
2026-07-30 13:47:37,BTCUSDT,BINANCE,TRADE,64046.8,0.00012
2026-07-30 13:47:37,BTCUSDT,BINANCE,TRADE,64046.8,0.00015
2026-07-30 13:47:37,BTCUSDT,BINANCE,TRADE,64046.8,0.002
2026-07-30 13:47:37,BTCUSDT,BINANCE,TRADE,64046.8,0.00156
2026-07-30 13:47:37,BTCUSDT,BINANCE,TRADE,64046.8,0.00156
2026-07-30 13:47:37,BTCUSDT,BINANCE,TRADE,64046.8,0.00141
2026-07-30 13:47:37,BTCUSDT,BINANCE,TRADE,64046.8,0.00156
2026-07-30 13:47:37,BTCUSDT,BINANCE,TRADE,64046.8,0.01561
2026-07-30 13:47:37,BTCUSDT,BINANCE,TRADE,64046.8,0.0013
2026-07-30 13:47:37,BTCUSDT,BINANCE,TRADE,64046.8,0.00156
2026-07-30 13:47:37,BTCUSDT,BINANCE,TRADE,64046.8,0.00156
2026-07-30 13:47:37,BTCUSDT,BINANCE,TRADE,64046.8,0.00314
2026-07-30 13:47:37,BTCUSDT,BINANCE,TRADE,64046.8,0.00013
2026-07-30 13:47:37,BTCUSDT,BINANCE,TRADE,64046.8,0.00156
2026-07-30 13:47:37,ETHUSDT,BINANCE,TRADE,1906.36,0.0135
2026-07-30 13:47:37,BTCUSDT,BINANCE,TRADE,64046.8,0.00018
2026-07-30 13:47:37,BTCUSDT,BINANCE,TRADE,64046.8,8e-05
2026-07-30 13:47:37,BTCUSDT,BINANCE,TRADE,64046.8,8e-05
2026-07-30 13:47:37,BTCUSDT,BINANCE,TRADE,64046.8,8e-05
2026-07-30 13:47:37,BTCUSDT,BINANCE,TRADE,64046.8,5e-05
2026-07-30 13:47:37,BTCUSDT,BINANCE,TRADE,64046.8,3e-05
2026-07-30 13:47:37,BTCUSDT,BINANCE,TRADE,64046.8,9e-05
2026-07-30 13:47:37,BTCUSDT,BINANCE,TRADE,64046.8,7e-05
2026-07-30 13:47:37,BTCUSDT,BINANCE,TRADE,64046.8,2e-05
2026-07-30 13:47:37,BTCUSDT,BINANCE,TRADE,64046.8,8e-05
2026-07-30 13:47:37,BTCUSDT,BINANCE,TRADE,64046.8,8e-05
2026-07-30 13:47:37,BTCUSDT,BINANCE,TRADE,64046.8,8e-05
2026-07-30 13:47:37,BTCUSDT,BINANCE,TRADE,64046.8,8e-05
2026-07-30 13:47:37,BTCUSDT,BINANCE,TRADE,64046.8,0.00122
2026-07-30 13:47:37,BTCUSDT,BINANCE,TRADE,64046.8,0.00063
2026-07-30 13:47:37,BTCUSDT,BINANCE,TRADE,64046.8,0.00156
2026-07-30 13:47:37,ETHUSDT,BINANCE,TRADE,1906.36,0.0027
2026-07-30 13:47:37,BTCUSDT,BINANCE,TRADE,64046.8,0.00312
2026-07-30 13:47:37,BTCUSDT,BINANCE,TRADE,64046.8,0.0013
2026-07-30 13:47:38,BTCUSDT,BINANCE,TRADE,64046.8,0.00017
2026-07-30 13:47:38,ETHUSDT,BINANCE,TRADE,1906.37,0.1724
2026-07-30 13:47:38,BTCUSDT,BINANCE,TRADE,64046.8,0.00652
2026-07-30 13:47:38,ETHUSDT,BINANCE,TRADE,1906.37,0.0338
2026-07-30 13:47:38,BTCUSDT,BINANCE,TRADE,64046.8,0.00156
2026-07-30 13:47:38,ETHUSDT,BINANCE,TRADE,1906.37,0.0036
2026-07-30 13:47:38,BTCUSDT,BINANCE,TRADE,64046.8,0.00156
2026-07-30 13:47:38,BTCUSDT,BINANCE,TRADE,64046.8,0.00164
2026-07-30 13:47:38,BTCUSDT,BINANCE,TRADE,64046.8,0.00156
2026-07-30 13:47:38,BTCUSDT,BINANCE,TRADE,64046.8,0.00024
2026-07-30 13:47:38,BTCUSDT,BINANCE,TRADE,64046.8,0.00167
2026-07-30 13:47:38,BTCUSDT,BINANCE,TRADE,64046.8,0.00156
2026-07-30 13:47:38,BTCUSDT,BINANCE,TRADE,64046.8,0.00156
2026-07-30 13:47:38,BTCUSDT,BINANCE,TRADE,64046.8,0.00019
2026-07-30 13:47:38,BTCUSDT,BINANCE,TRADE,64046.8,0.01563
2026-07-30 13:47:38,BTCUSDT,BINANCE,TRADE,64046.8,0.00156
2026-07-30 13:47:38,SOLUSDT,BINANCE,TRADE,73.45,17.079
2026-07-30 13:47:38,ETHUSDT,BINANCE,TRADE,1906.37,0.0103
2026-07-30 13:47:38,BTCUSDT,BINANCE,TRADE,64046.8,0.00018
2026-07-30 13:47:38,BTCUSDT,BINANCE,TRADE,64046.8,0.003
2026-07-30 13:47:38,BTCUSDT,BINANCE,TRADE,64046.8,0.003
2026-07-30 13:47:38,BTCUSDT,BINANCE,TRADE,64046.8,0.003
2026-07-30 13:47:38,BTCUSDT,BINANCE,TRADE,64046.8,0.003
2026-07-30 13:47:38,BTCUSDT,BINANCE,TRADE,64046.8,0.003
2026-07-30 13:47:38,BTCUSDT,BINANCE,TRADE,64046.8,0.003
2026-07-30 13:47:38,BTCUSDT,BINANCE,TRADE,64046.8,0.003
2026-07-30 13:47:38,BTCUSDT,BINANCE,TRADE,64046.8,0.003
2026-07-30 13:47:38,BTCUSDT,BINANCE,TRADE,64046.8,0.003
2026-07-30 13:47:38,BTCUSDT,BINANCE,TRADE,64046.8,0.003
2026-07-30 13:47:38,BTCUSDT,BINANCE,TRADE,64046.8,0.003
2026-07-30 13:47:38,SOLUSDT,BINANCE,TRADE,73.46,0.069
2026-07-30 13:47:38,SOLUSDT,BINANCE,TRADE,73.46,0.277
2026-07-30 13:47:38,SOLUSDT,BINANCE,TRADE,73.46,0.069
2026-07-30 13:47:38,SOLUSDT,BINANCE,TRADE,73.46,0.075
2026-07-30 13:47:38,SOLUSDT,BINANCE,TRADE,73.46,0.75
2026-07-30 13:47:38,SOLUSDT,BINANCE,TRADE,73.46,0.137
2026-07-30 13:47:38,SOLUSDT,BINANCE,TRADE,73.46,0.072
2026-07-30 13:47:38,SOLUSDT,BINANCE,TRADE,73.46,0.072
2026-07-30 13:47:38,SOLUSDT,BINANCE,TRADE,73.46,0.173
2026-07-30 13:47:38,SOLUSDT,BINANCE,TRADE,73.46,5.028
2026-07-30 13:47:38,SOLUSDT,BINANCE,TRADE,73.46,0.07
2026-07-30 13:47:38,SOLUSDT,BINANCE,TRADE,73.46,0.072
2026-07-30 13:47:38,BTCUSDT,BINANCE,TRADE,64046.8,0.00201
2026-07-30 13:47:38,BTCUSDT,BINANCE,TRADE,64046.8,0.014
2026-07-30 13:47:38,BTCUSDT,BINANCE,TRADE,64046.8,0.23151
2026-07-30 13:47:38,BTCUSDT,BINANCE,TRADE,64046.8,0.00369
2026-07-30 13:47:38,BTCUSDT,BINANCE,TRADE,64046.8,8e-05
2026-07-30 13:47:38,BTCUSDT,BINANCE,TRADE,64046.8,8e-05
2026-07-30 13:47:38,BTCUSDT,BINANCE,TRADE,64046.8,9e-05
2026-07-30 13:47:38,BTCUSDT,BINANCE,TRADE,64046.8,8e-05
2026-07-30 13:47:38,BTCUSDT,BINANCE,TRADE,64046.8,8e-05
2026-07-30 13:47:38,BTCUSDT,BINANCE,TRADE,64046.8,8e-05
2026-07-30 13:47:38,BTCUSDT,BINANCE,TRADE,64046.8,8e-05
2026-07-30 13:47:38,BTCUSDT,BINANCE,TRADE,64046.8,0.0024
2026-07-30 13:47:38,BTCUSDT,BINANCE,TRADE,64046.8,0.00123
2026-07-30 13:47:38,BTCUSDT,BINANCE,TRADE,64046.8,8e-05
2026-07-30 13:47:38,BTCUSDT,BINANCE,TRADE,64046.8,9e-05
2026-07-30 13:47:38,BTCUSDT,BINANCE,TRADE,64046.8,8e-05
2026-07-30 13:47:38,BTCUSDT,BINANCE,TRADE,64046.8,9e-05
2026-07-30 13:47:38,BTCUSDT,BINANCE,TRADE,64046.8,8e-05
2026-07-30 13:47:38,BTCUSDT,BINANCE,TRADE,64046.8,8e-05
2026-07-30 13:47:38,BTCUSDT,BINANCE,TRADE,64046.8,8e-05
2026-07-30 13:47:38,BTCUSDT,BINANCE,TRADE,64046.8,0.00104
2026-07-30 13:47:38,BTCUSDT,BINANCE,TRADE,64046.8,8e-05
2026-07-30 13:47:38,BTCUSDT,BINANCE,TRADE,64046.8,0.00312
2026-07-30 13:47:38,BTCUSDT,BINANCE,TRADE,64046.8,8e-05
2026-07-30 13:47:38,BTCUSDT,BINANCE,TRADE,64046.8,0.0001
2026-07-30 13:47:38,BTCUSDT,BINANCE,TRADE,64046.8,8e-05
2026-07-30 13:47:38,BTCUSDT,BINANCE,TRADE,64046.8,8e-05
2026-07-30 13:47:38,BTCUSDT,BINANCE,TRADE,64046.9,8e-05
2026-07-30 13:47:38,BTCUSDT,BINANCE,TRADE,64046.9,9e-05
2026-07-30 13:47:38,BTCUSDT,BINANCE,TRADE,64046.9,9e-05
2026-07-30 13:47:38,BTCUSDT,BINANCE,TRADE,64046.9,8e-05
2026-07-30 13:47:38,BTCUSDT,BINANCE,TRADE,64046.9,8e-05
2026-07-30 13:47:38,BTCUSDT,BINANCE,TRADE,64046.9,8e-05
2026-07-30 13:47:38,BTCUSDT,BINANCE,TRADE,64046.9,8e-05
2026-07-30 13:47:38,BTCUSDT,BINANCE,TRADE,64046.9,8e-05
2026-07-30 13:47:38,BTCUSDT,BINANCE,TRADE,64046.9,8e-05
2026-07-30 13:47:38,BTCUSDT,BINANCE,TRADE,64048,9e-05
2026-07-30 13:47:38,BTCUSDT,BINANCE,TRADE,64048,9e-05
2026-07-30 13:47:38,BTCUSDT,BINANCE,TRADE,64048,9e-05
2026-07-30 13:47:38,BTCUSDT,BINANCE,TRADE,64048,0.006
2026-07-30 13:47:38,BTCUSDT,BINANCE,TRADE,64048,0.005
2026-07-30 13:47:38,BTCUSDT,BINANCE,TRADE,64048,0.005
2026-07-30 13:47:38,BTCUSDT,BINANCE,TRADE,64048,0.008
2026-07-30 13:47:38,BTCUSDT,BINANCE,TRADE,64048,9e-05
2026-07-30 13:47:38,BTCUSDT,BINANCE,TRADE,64048,9e-05
2026-07-30 13:47:38,BTCUSDT,BINANCE,TRADE,64048.1,8e-05
2026-07-30 13:47:38,BTCUSDT,BINANCE,TRADE,64048.1,8e-05
2026-07-30 13:47:38,BTCUSDT,BINANCE,TRADE,64048.2,9e-05
2026-07-30 13:47:38,BTCUSDT,BINANCE,TRADE,64048.2,9e-05
2026-07-30 13:47:38,BTCUSDT,BINANCE,TRADE,64048.2,9e-05
2026-07-30 13:47:38,BTCUSDT,BINANCE,TRADE,64048.2,0.02107
2026-07-30 13:47:38,BTCUSDT,BINANCE,TRADE,64048.2,9e-05
2026-07-30 13:47:38,BTCUSDT,BINANCE,TRADE,64048.2,9e-05
2026-07-30 13:47:38,BTCUSDT,BINANCE,TRADE,64048.7,8e-05
2026-07-30 13:47:38,BTCUSDT,BINANCE,TRADE,64048.8,9e-05
2026-07-30 13:47:38,BTCUSDT,BINANCE,TRADE,64048.8,9e-05
2026-07-30 13:47:38,BTCUSDT,BINANCE,TRADE,64048.8,9e-05
2026-07-30 13:47:38,BTCUSDT,BINANCE,TRADE,64048.8,0.01636
2026-07-30 13:47:38,BTCUSDT,BINANCE,TRADE,64048.8,9e-05
2026-07-30 13:47:38,BTCUSDT,BINANCE,TRADE,64048.8,9e-05
2026-07-30 13:47:38,BTCUSDT,BINANCE,TRADE,64049,8e-05
2026-07-30 13:47:38,BTCUSDT,BINANCE,TRADE,64049.1,9e-05
2026-07-30 13:47:38,BTCUSDT,BINANCE,TRADE,64049.3,9e-05
2026-07-30 13:47:38,BTCUSDT,BINANCE,TRADE,64049.3,9e-05
2026-07-30 13:47:38,BTCUSDT,BINANCE,TRADE,64049.3,9e-05
2026-07-30 13:47:38,BTCUSDT,BINANCE,TRADE,64049.4,0.00024
2026-07-30 13:47:38,BTCUSDT,BINANCE,TRADE,64049.4,0.00012
2026-07-30 13:47:38,BTCUSDT,BINANCE,TRADE,64049.5,0.00012
2026-07-30 13:47:38,BTCUSDT,BINANCE,TRADE,64050,9e-05
2026-07-30 13:47:38,BTCUSDT,BINANCE,TRADE,64050,9e-05
2026-07-30 13:47:38,BTCUSDT,BINANCE,TRADE,64050,9e-05
2026-07-30 13:47:38,BTCUSDT,BINANCE,TRADE,64050,9e-05
2026-07-30 13:47:38,BTCUSDT,BINANCE,TRADE,64050,0.006
2026-07-30 13:47:38,BTCUSDT,BINANCE,TRADE,64050,0.005
2026-07-30 13:47:38,BTCUSDT,BINANCE,TRADE,64050,0.005
2026-07-30 13:47:38,BTCUSDT,BINANCE,TRADE,64050,0.008
2026-07-30 13:47:38,BTCUSDT,BINANCE,TRADE,64050,0.01
2026-07-30 13:47:38,BTCUSDT,BINANCE,TRADE,64050,8e-05
2026-07-30 13:47:38,BTCUSDT,BINANCE,TRADE,64050,0.00062
2026-07-30 13:47:38,BTCUSDT,BINANCE,TRADE,64050,9e-05
2026-07-30 13:47:38,BTCUSDT,BINANCE,TRADE,64050,9e-05
2026-07-30 13:47:38,BTCUSDT,BINANCE,TRADE,64050.1,8e-05
2026-07-30 13:47:38,BTCUSDT,BINANCE,TRADE,64050.1,8e-05
2026-07-30 13:47:38,BTCUSDT,BINANCE,TRADE,64050.7,0.00234
2026-07-30 13:47:38,BTCUSDT,BINANCE,TRADE,64050.8,8e-05
2026-07-30 13:47:38,BTCUSDT,BINANCE,TRADE,64051.1,0.00032
2026-07-30 13:47:38,BTCUSDT,BINANCE,TRADE,64051.1,0.0015
2026-07-30 13:47:38,BTCUSDT,BINANCE,TRADE,64051.2,9e-05
2026-07-30 13:47:38,BTCUSDT,BINANCE,TRADE,64051.2,8e-05
2026-07-30 13:47:38,BTCUSDT,BINANCE,TRADE,64051.3,0.00372
2026-07-30 13:47:38,BTCUSDT,BINANCE,TRADE,64051.9,9e-05
2026-07-30 13:47:38,BTCUSDT,BINANCE,TRADE,64051.9,0.00023
2026-07-30 13:47:38,BTCUSDT,BINANCE,TRADE,64051.9,0.00039
2026-07-30 13:47:38,BTCUSDT,BINANCE,TRADE,64051.9,8e-05
2026-07-30 13:47:38,BTCUSDT,BINANCE,TRADE,64051.9,8e-05
2026-07-30 13:47:38,BTCUSDT,BINANCE,TRADE,64051.9,8e-05
2026-07-30 13:47:38,BTCUSDT,BINANCE,TRADE,64051.9,0.00016
2026-07-30 13:47:38,BTCUSDT,BINANCE,TRADE,64051.9,8e-05
2026-07-30 13:47:38,BTCUSDT,BINANCE,TRADE,64051.9,8e-05
2026-07-30 13:47:38,BTCUSDT,BINANCE,TRADE,64051.9,8e-05
2026-07-30 13:47:38,BTCUSDT,BINANCE,TRADE,64051.9,8e-05
2026-07-30 13:47:38,BTCUSDT,BINANCE,TRADE,64051.9,8e-05
2026-07-30 13:47:38,BTCUSDT,BINANCE,TRADE,64051.9,8e-05
2026-07-30 13:47:38,BTCUSDT,BINANCE,TRADE,64051.9,2e-05
2026-07-30 13:47:38,ETHUSDT,BINANCE,TRADE,1906.37,0.0027
2026-07-30 13:47:38,ETHUSDT,BINANCE,TRADE,1906.37,0.0028
2026-07-30 13:47:38,ETHUSDT,BINANCE,TRADE,1906.37,0.0027
2026-07-30 13:47:38,ETHUSDT,BINANCE,TRADE,1906.37,0.0053
2026-07-30 13:47:38,ETHUSDT,BINANCE,TRADE,1906.37,0.0027
2026-07-30 13:47:38,ETHUSDT,BINANCE,TRADE,1906.37,0.44
2026-07-30 13:47:38,ETHUSDT,BINANCE,TRADE,1906.37,0.0027
2026-07-30 13:47:38,ETHUSDT,BINANCE,TRADE,1906.37,0.0027
2026-07-30 13:47:38,ETHUSDT,BINANCE,TRADE,1906.37,0.0027
2026-07-30 13:47:38,ETHUSDT,BINANCE,TRADE,1906.37,0.0027
2026-07-30 13:47:38,ETHUSDT,BINANCE,TRADE,1906.37,0.0028
2026-07-30 13:47:38,ETHUSDT,BINANCE,TRADE,1906.37,0.0027
2026-07-30 13:47:38,ETHUSDT,BINANCE,TRADE,1906.37,0.0279
2026-07-30 13:47:38,ETHUSDT,BINANCE,TRADE,1906.37,0.0209
2026-07-30 13:47:38,ETHUSDT,BINANCE,TRADE,1906.37,0.021
2026-07-30 13:47:38,ETHUSDT,BINANCE,TRADE,1906.37,0.0031
2026-07-30 13:47:38,ETHUSDT,BINANCE,TRADE,1906.37,0.0027
2026-07-30 13:47:38,ETHUSDT,BINANCE,TRADE,1906.37,0.0027
2026-07-30 13:47:38,ETHUSDT,BINANCE,TRADE,1906.37,0.021
2026-07-30 13:47:38,ETHUSDT,BINANCE,TRADE,1906.37,0.0031
2026-07-30 13:47:38,ETHUSDT,BINANCE,TRADE,1906.37,0.0027
2026-07-30 13:47:38,ETHUSDT,BINANCE,TRADE,1906.37,0.0027
2026-07-30 13:47:38,ETHUSDT,BINANCE,TRADE,1906.37,0.0027
2026-07-30 13:47:38,ETHUSDT,BINANCE,TRADE,1906.37,0.0027
2026-07-30 13:47:38,ETHUSDT,BINANCE,TRADE,1906.37,0.0027
2026-07-30 13:47:38,ETHUSDT,BINANCE,TRADE,1906.37,0.0027
2026-07-30 13:47:38,ETHUSDT,BINANCE,TRADE,1906.37,0.0027
2026-07-30 13:47:38,ETHUSDT,BINANCE,TRADE,1906.37,0.0027
2026-07-30 13:47:38,ETHUSDT,BINANCE,TRADE,1906.37,0.0027
2026-07-30 13:47:38,ETHUSDT,BINANCE,TRADE,1906.37,0.0027
2026-07-30 13:47:38,ETHUSDT,BINANCE,TRADE,1906.37,0.0027
2026-07-30 13:47:38,ETHUSDT,BINANCE,TRADE,1906.37,0.0027
2026-07-30 13:47:38,ETHUSDT,BINANCE,TRADE,1906.37,0.0027
2026-07-30 13:47:38,ETHUSDT,BINANCE,TRADE,1906.38,0.0027
2026-07-30 13:47:38,ETHUSDT,BINANCE,TRADE,1906.38,0.0053
2026-07-30 13:47:38,ETHUSDT,BINANCE,TRADE,1906.38,0.0028
2026-07-30 13:47:38,ETHUSDT,BINANCE,TRADE,1906.38,0.0027
2026-07-30 13:47:38,ETHUSDT,BINANCE,TRADE,1906.38,0.0027
2026-07-30 13:47:38,ETHUSDT,BINANCE,TRADE,1906.38,0.0027
2026-07-30 13:47:38,ETHUSDT,BINANCE,TRADE,1906.39,0.0053
2026-07-30 13:47:38,ETHUSDT,BINANCE,TRADE,1906.39,0.0028
2026-07-30 13:47:38,ETHUSDT,BINANCE,TRADE,1906.4,0.0028
2026-07-30 13:47:38,ETHUSDT,BINANCE,TRADE,1906.4,0.0027
2026-07-30 13:47:38,ETHUSDT,BINANCE,TRADE,1906.41,0.0028
2026-07-30 13:47:38,ETHUSDT,BINANCE,TRADE,1906.41,0.0027
2026-07-30 13:47:38,ETHUSDT,BINANCE,TRADE,1906.42,0.0027
2026-07-30 13:47:38,ETHUSDT,BINANCE,TRADE,1906.42,0.0028
2026-07-30 13:47:38,ETHUSDT,BINANCE,TRADE,1906.42,0.0027
2026-07-30 13:47:38,ETHUSDT,BINANCE,TRADE,1906.42,0.0027
2026-07-30 13:47:38,ETHUSDT,BINANCE,TRADE,1906.42,0.0027
2026-07-30 13:47:38,ETHUSDT,BINANCE,TRADE,1906.42,0.0027
2026-07-30 13:47:38,ETHUSDT,BINANCE,TRADE,1906.43,0.0027
2026-07-30 13:47:38,ETHUSDT,BINANCE,TRADE,1906.43,0.0027
2026-07-30 13:47:38,ETHUSDT,BINANCE,TRADE,1906.43,0.0028
2026-07-30 13:47:38,ETHUSDT,BINANCE,TRADE,1906.43,0.0027
2026-07-30 13:47:38,ETHUSDT,BINANCE,TRADE,1906.44,0.003
2026-07-30 13:47:38,ETHUSDT,BINANCE,TRADE,1906.44,0.014
2026-07-30 13:47:38,ETHUSDT,BINANCE,TRADE,1906.44,0.0027
2026-07-30 13:47:38,ETHUSDT,BINANCE,TRADE,1906.44,0.0028
2026-07-30 13:47:38,ETHUSDT,BINANCE,TRADE,1906.44,0.0027
2026-07-30 13:47:38,ETHUSDT,BINANCE,TRADE,1906.44,0.0027
2026-07-30 13:47:38,ETHUSDT,BINANCE,TRADE,1906.45,0.0027
2026-07-30 13:47:38,ETHUSDT,BINANCE,TRADE,1906.45,0.0027
2026-07-30 13:47:38,ETHUSDT,BINANCE,TRADE,1906.45,0.0028
2026-07-30 13:47:38,ETHUSDT,BINANCE,TRADE,1906.45,0.0027
2026-07-30 13:47:38,ETHUSDT,BINANCE,TRADE,1906.45,0.0027
2026-07-30 13:47:38,ETHUSDT,BINANCE,TRADE,1906.45,0.0027
2026-07-30 13:47:38,ETHUSDT,BINANCE,TRADE,1906.45,0.0027
2026-07-30 13:47:38,ETHUSDT,BINANCE,TRADE,1906.45,0.0027
2026-07-30 13:47:38,ETHUSDT,BINANCE,TRADE,1906.46,0.0028
2026-07-30 13:47:38,ETHUSDT,BINANCE,TRADE,1906.46,0.0028
2026-07-30 13:47:38,ETHUSDT,BINANCE,TRADE,1906.46,0.0028
2026-07-30 13:47:38,ETHUSDT,BINANCE,TRADE,1906.46,0.0028
2026-07-30 13:47:38,ETHUSDT,BINANCE,TRADE,1906.47,0.0027
2026-07-30 13:47:38,ETHUSDT,BINANCE,TRADE,1906.47,0.1311
2026-07-30 13:47:38,ETHUSDT,BINANCE,TRADE,1906.47,0.0027
2026-07-30 13:47:38,ETHUSDT,BINANCE,TRADE,1906.47,0.0027
2026-07-30 13:47:38,ETHUSDT,BINANCE,TRADE,1906.48,0.0355
2026-07-30 13:47:38,ETHUSDT,BINANCE,TRADE,1906.48,0.0027
2026-07-30 13:47:38,ETHUSDT,BINANCE,TRADE,1906.48,0.0027
2026-07-30 13:47:38,ETHUSDT,BINANCE,TRADE,1906.49,0.0028
2026-07-30 13:47:38,ETHUSDT,BINANCE,TRADE,1906.49,0.0028
2026-07-30 13:47:38,ETHUSDT,BINANCE,TRADE,1906.49,0.0028
2026-07-30 13:47:38,BTCUSDT,BINANCE,TRADE,64051.9,0.0198
2026-07-30 13:47:38,BTCUSDT,BINANCE,TRADE,64051.9,6e-05
2026-07-30 13:47:38,BTCUSDT,BINANCE,TRADE,64051.9,8e-05
2026-07-30 13:47:38,BTCUSDT,BINANCE,TRADE,64051.9,8e-05
2026-07-30 13:47:38,BTCUSDT,BINANCE,TRADE,64051.9,8e-05
2026-07-30 13:47:38,BTCUSDT,BINANCE,TRADE,64051.9,8e-05
2026-07-30 13:47:38,BTCUSDT,BINANCE,TRADE,64051.9,8e-05
2026-07-30 13:47:38,BTCUSDT,BINANCE,TRADE,64051.9,8e-05
2026-07-30 13:47:38,BTCUSDT,BINANCE,TRADE,64051.9,8e-05
2026-07-30 13:47:38,BTCUSDT,BINANCE,TRADE,64051.9,9e-05
2026-07-30 13:47:38,BTCUSDT,BINANCE,TRADE,64051.9,8e-05
2026-07-30 13:47:38,BTCUSDT,BINANCE,TRADE,64051.9,8e-05
2026-07-30 13:47:38,BTCUSDT,BINANCE,TRADE,64051.9,8e-05
2026-07-30 13:47:38,BTCUSDT,BINANCE,TRADE,64051.9,8e-05
2026-07-30 13:47:38,BTCUSDT,BINANCE,TRADE,64051.9,8e-05
2026-07-30 13:47:38,BTCUSDT,BINANCE,TRADE,64051.9,8e-05
2026-07-30 13:47:38,BTCUSDT,BINANCE,TRADE,64051.9,5e-05
2026-07-30 13:47:38,BTCUSDT,BINANCE,TRADE,64051.9,0.00011
2026-07-30 13:47:38,BTCUSDT,BINANCE,TRADE,64051.9,0.00112
2026-07-30 13:47:38,BTCUSDT,BINANCE,TRADE,64051.9,0.00123
2026-07-30 13:47:38,BTCUSDT,BINANCE,TRADE,64051.9,0.00296
2026-07-30 13:47:38,BTCUSDT,BINANCE,TRADE,64051.9,0.00515
2026-07-30 13:47:38,BTCUSDT,BINANCE,TRADE,64051.9,0.00012
2026-07-30 13:47:38,BTCUSDT,BINANCE,TRADE,64051.9,8e-05
2026-07-30 13:47:38,BTCUSDT,BINANCE,TRADE,64051.9,8e-05
2026-07-30 13:47:38,BTCUSDT,BINANCE,TRADE,64051.9,9e-05
2026-07-30 13:47:38,BTCUSDT,BINANCE,TRADE,64051.9,8e-05
2026-07-30 13:47:38,BTCUSDT,BINANCE,TRADE,64051.9,8e-05
2026-07-30 13:47:38,BTCUSDT,BINANCE,TRADE,64051.9,8e-05
2026-07-30 13:47:38,BTCUSDT,BINANCE,TRADE,64051.9,8e-05
2026-07-30 13:47:38,BTCUSDT,BINANCE,TRADE,64051.9,8e-05
2026-07-30 13:47:38,BTCUSDT,BINANCE,TRADE,64051.9,8e-05
2026-07-30 13:47:38,BTCUSDT,BINANCE,TRADE,64051.9,0.00016
2026-07-30 13:47:38,BTCUSDT,BINANCE,TRADE,64051.9,8e-05
2026-07-30 13:47:38,BTCUSDT,BINANCE,TRADE,64051.9,0.00085
2026-07-30 13:47:38,BTCUSDT,BINANCE,TRADE,64051.9,0.00063
2026-07-30 13:47:38,BTCUSDT,BINANCE,TRADE,64051.9,8e-05
2026-07-30 13:47:38,BTCUSDT,BINANCE,TRADE,64051.9,8e-05
2026-07-30 13:47:38,BTCUSDT,BINANCE,TRADE,64051.9,8e-05
2026-07-30 13:47:38,BTCUSDT,BINANCE,TRADE,64051.9,8e-05
2026-07-30 13:47:38,BTCUSDT,BINANCE,TRADE,64051.9,0.00016
2026-07-30 13:47:38,BTCUSDT,BINANCE,TRADE,64051.9,8e-05
2026-07-30 13:47:38,BTCUSDT,BINANCE,TRADE,64051.9,8e-05
2026-07-30 13:47:38,BTCUSDT,BINANCE,TRADE,64051.9,8e-05
2026-07-30 13:47:38,BTCUSDT,BINANCE,TRADE,64051.9,8e-05
2026-07-30 13:47:38,BTCUSDT,BINANCE,TRADE,64051.9,8e-05
2026-07-30 13:47:38,BTCUSDT,BINANCE,TRADE,64051.9,8e-05
2026-07-30 13:47:38,BTCUSDT,BINANCE,TRADE,64051.9,8e-05
2026-07-30 13:47:38,BTCUSDT,BINANCE,TRADE,64051.9,8e-05
2026-07-30 13:47:38,BTCUSDT,BINANCE,TRADE,64051.9,8e-05
2026-07-30 13:47:38,BTCUSDT,BINANCE,TRADE,64051.9,8e-05
2026-07-30 13:47:38,BTCUSDT,BINANCE,TRADE,64051.9,8e-05
2026-07-30 13:47:38,BTCUSDT,BINANCE,TRADE,64052,0.00016
2026-07-30 13:47:38,BTCUSDT,BINANCE,TRADE,64052,4e-05
2026-07-30 13:47:38,BTCUSDT,BINANCE,TRADE,64052,5e-05
2026-07-30 13:47:38,BTCUSDT,BINANCE,TRADE,64052,5e-05
2026-07-30 13:47:38,BTCUSDT,BINANCE,TRADE,64052,4e-05
2026-07-30 13:47:38,BTCUSDT,BINANCE,TRADE,64052,0.00318
2026-07-30 13:47:38,BTCUSDT,BINANCE,TRADE,64052,9e-05
2026-07-30 13:47:38,BTCUSDT,BINANCE,TRADE,64052,9e-05
2026-07-30 13:47:38,BTCUSDT,BINANCE,TRADE,64052,8e-05
2026-07-30 13:47:38,BTCUSDT,BINANCE,TRADE,64052,8e-05
2026-07-30 13:47:38,BTCUSDT,BINANCE,TRADE,64052,8e-05
2026-07-30 13:47:38,BTCUSDT,BINANCE,TRADE,64052,8e-05
2026-07-30 13:47:38,BTCUSDT,BINANCE,TRADE,64052,8e-05
2026-07-30 13:47:38,BTCUSDT,BINANCE,TRADE,64052,8e-05
2026-07-30 13:47:38,BTCUSDT,BINANCE,TRADE,64052,8e-05
2026-07-30 13:47:38,BTCUSDT,BINANCE,TRADE,64052,8e-05
2026-07-30 13:47:38,BTCUSDT,BINANCE,TRADE,64052,8e-05
2026-07-30 13:47:38,BTCUSDT,BINANCE,TRADE,64052,8e-05
2026-07-30 13:47:38,BTCUSDT,BINANCE,TRADE,64052,8e-05
2026-07-30 13:47:38,BTCUSDT,BINANCE,TRADE,64052,8e-05
2026-07-30 13:47:38,BTCUSDT,BINANCE,TRADE,64052,9e-05
2026-07-30 13:47:38,BTCUSDT,BINANCE,TRADE,64052,7e-05
2026-07-30 13:47:38,BTCUSDT,BINANCE,TRADE,64052,0.00228
2026-07-30 13:47:38,BTCUSDT,BINANCE,TRADE,64052,2e-05
2026-07-30 13:47:38,BTCUSDT,BINANCE,TRADE,64052,8e-05
2026-07-30 13:47:38,BTCUSDT,BINANCE,TRADE,64052,8e-05
2026-07-30 13:47:38,BTCUSDT,BINANCE,TRADE,64052,9e-05
2026-07-30 13:47:38,BTCUSDT,BINANCE,TRADE,64052,8e-05
2026-07-30 13:47:38,BTCUSDT,BINANCE,TRADE,64052,9e-05
2026-07-30 13:47:38,BTCUSDT,BINANCE,TRADE,64052,8e-05
2026-07-30 13:47:38,BTCUSDT,BINANCE,TRADE,64052,8e-05
2026-07-30 13:47:38,BTCUSDT,BINANCE,TRADE,64052,8e-05
2026-07-30 13:47:38,BTCUSDT,BINANCE,TRADE,64052,8e-05
2026-07-30 13:47:38,BTCUSDT,BINANCE,TRADE,64052,8e-05
2026-07-30 13:47:38,BTCUSDT,BINANCE,TRADE,64052,8e-05
2026-07-30 13:47:38,BTCUSDT,BINANCE,TRADE,64052,8e-05
2026-07-30 13:47:38,BTCUSDT,BINANCE,TRADE,64052,8e-05
2026-07-30 13:47:38,BTCUSDT,BINANCE,TRADE,64052,8e-05
2026-07-30 13:47:38,BTCUSDT,BINANCE,TRADE,64052,8e-05
2026-07-30 13:47:38,BTCUSDT,BINANCE,TRADE,64052,8e-05
2026-07-30 13:47:38,BTCUSDT,BINANCE,TRADE,64052,8e-05
2026-07-30 13:47:38,BTCUSDT,BINANCE,TRADE,64052,8e-05
2026-07-30 13:47:38,BTCUSDT,BINANCE,TRADE,64052,9e-05
2026-07-30 13:47:38,BTCUSDT,BINANCE,TRADE,64052,8e-05
2026-07-30 13:47:38,BTCUSDT,BINANCE,TRADE,64052,0.00356
2026-07-30 13:47:38,BTCUSDT,BINANCE,TRADE,64052,0.00016
2026-07-30 13:47:38,BTCUSDT,BINANCE,TRADE,64052,0.00138
2026-07-30 13:47:38,BTCUSDT,BINANCE,TRADE,64052,0.00224
2026-07-30 13:47:38,BTCUSDT,BINANCE,TRADE,64052,0.00025
2026-07-30 13:47:38,BTCUSDT,BINANCE,TRADE,64052,0.00033
2026-07-30 13:47:38,ETHUSDT,BINANCE,TRADE,1906.49,0.232
2026-07-30 13:47:38,BTCUSDT,BINANCE,TRADE,64052,0.00019
2026-07-30 13:47:38,BTCUSDT,BINANCE,TRADE,64052,0.0013
2026-07-30 13:47:38,ETHUSDT,BINANCE,TRADE,1906.5,0.003
2026-07-30 13:47:38,ETHUSDT,BINANCE,TRADE,1906.5,0.0133
2026-07-30 13:47:38,ETHUSDT,BINANCE,TRADE,1906.5,0.0027
2026-07-30 13:47:38,ETHUSDT,BINANCE,TRADE,1906.5,0.0027
2026-07-30 13:47:38,ETHUSDT,BINANCE,TRADE,1906.5,0.0028
2026-07-30 13:47:38,ETHUSDT,BINANCE,TRADE,1906.5,0.0031
2026-07-30 13:47:38,ETHUSDT,BINANCE,TRADE,1906.5,0.0031
2026-07-30 13:47:38,ETHUSDT,BINANCE,TRADE,1906.5,0.0027
2026-07-30 13:47:38,ETHUSDT,BINANCE,TRADE,1906.5,0.0027
2026-07-30 13:47:38,ETHUSDT,BINANCE,TRADE,1906.5,0.0028
2026-07-30 13:47:38,ETHUSDT,BINANCE,TRADE,1906.5,0.0027
2026-07-30 13:47:38,ETHUSDT,BINANCE,TRADE,1906.5,0.0027
2026-07-30 13:47:38,ETHUSDT,BINANCE,TRADE,1906.5,0.0027
2026-07-30 13:47:38,ETHUSDT,BINANCE,TRADE,1906.51,0.0027
2026-07-30 13:47:38,ETHUSDT,BINANCE,TRADE,1906.51,0.0028
2026-07-30 13:47:38,ETHUSDT,BINANCE,TRADE,1906.51,0.0027
2026-07-30 13:47:38,ETHUSDT,BINANCE,TRADE,1906.51,0.0027
2026-07-30 13:47:38,ETHUSDT,BINANCE,TRADE,1906.51,0.0027
2026-07-30 13:47:38,ETHUSDT,BINANCE,TRADE,1906.51,0.0027
2026-07-30 13:47:38,ETHUSDT,BINANCE,TRADE,1906.52,0.003
2026-07-30 13:47:38,ETHUSDT,BINANCE,TRADE,1906.52,0.0027
2026-07-30 13:47:38,ETHUSDT,BINANCE,TRADE,1906.52,0.0027
2026-07-30 13:47:38,ETHUSDT,BINANCE,TRADE,1906.52,0.0028
2026-07-30 13:47:38,ETHUSDT,BINANCE,TRADE,1906.52,0.0027
2026-07-30 13:47:38,ETHUSDT,BINANCE,TRADE,1906.52,0.0027
2026-07-30 13:47:38,ETHUSDT,BINANCE,TRADE,1906.52,0.0027
2026-07-30 13:47:38,ETHUSDT,BINANCE,TRADE,1906.52,0.0027
2026-07-30 13:47:38,ETHUSDT,BINANCE,TRADE,1906.53,0.0027
2026-07-30 13:47:38,ETHUSDT,BINANCE,TRADE,1906.53,0.0028
2026-07-30 13:47:38,ETHUSDT,BINANCE,TRADE,1906.53,0.0027
2026-07-30 13:47:38,ETHUSDT,BINANCE,TRADE,1906.54,0.0027
2026-07-30 13:47:38,ETHUSDT,BINANCE,TRADE,1906.54,0.0028
2026-07-30 13:47:38,ETHUSDT,BINANCE,TRADE,1906.54,0.0028
2026-07-30 13:47:38,ETHUSDT,BINANCE,TRADE,1906.54,0.0028
2026-07-30 13:47:38,ETHUSDT,BINANCE,TRADE,1906.54,0.0027
2026-07-30 13:47:38,ETHUSDT,BINANCE,TRADE,1906.54,0.0028
2026-07-30 13:47:38,BTCUSDT,BINANCE,TRADE,64052,0.00219
2026-07-30 13:47:38,BTCUSDT,BINANCE,TRADE,64052,0.00095
2026-07-30 13:47:38,ETHUSDT,BINANCE,TRADE,1906.55,0.0027
2026-07-30 13:47:38,ETHUSDT,BINANCE,TRADE,1906.55,0.0003
2026-07-30 13:47:38,BTCUSDT,BINANCE,TRADE,64052,0.00195
2026-07-30 13:47:38,ETHUSDT,BINANCE,TRADE,1906.54,0.0475
2026-07-30 13:47:38,ETHUSDT,BINANCE,TRADE,1906.55,0.0025
2026-07-30 13:47:38,ETHUSDT,BINANCE,TRADE,1906.55,0.0497
2026-07-30 13:47:38,BTCUSDT,BINANCE,TRADE,64052,0.0021
2026-07-30 13:47:38,BTCUSDT,BINANCE,TRADE,64052,0.005
2026-07-30 13:47:38,BTCUSDT,BINANCE,TRADE,64052,8e-05
2026-07-30 13:47:38,BTCUSDT,BINANCE,TRADE,64052,0.008
2026-07-30 13:47:38,BTCUSDT,BINANCE,TRADE,64052,0.00167
2026-07-30 13:47:38,BTCUSDT,BINANCE,TRADE,64052,9e-05
2026-07-30 13:47:38,BTCUSDT,BINANCE,TRADE,64052,9e-05
2026-07-30 13:47:38,BTCUSDT,BINANCE,TRADE,64052,8e-05
2026-07-30 13:47:38,BTCUSDT,BINANCE,TRADE,64052,8e-05
2026-07-30 13:47:38,BTCUSDT,BINANCE,TRADE,64052,8e-05
2026-07-30 13:47:38,BTCUSDT,BINANCE,TRADE,64052,8e-05
2026-07-30 13:47:38,BTCUSDT,BINANCE,TRADE,64052,8e-05
2026-07-30 13:47:38,BTCUSDT,BINANCE,TRADE,64052,8e-05
2026-07-30 13:47:38,BTCUSDT,BINANCE,TRADE,64052,8e-05
2026-07-30 13:47:38,BTCUSDT,BINANCE,TRADE,64052,8e-05
2026-07-30 13:47:38,BTCUSDT,BINANCE,TRADE,64052,8e-05
2026-07-30 13:47:38,BTCUSDT,BINANCE,TRADE,64052,8e-05
2026-07-30 13:47:38,BTCUSDT,BINANCE,TRADE,64052,8e-05
2026-07-30 13:47:38,BTCUSDT,BINANCE,TRADE,64052,8e-05
2026-07-30 13:47:38,BTCUSDT,BINANCE,TRADE,64052,8e-05
2026-07-30 13:47:38,BTCUSDT,BINANCE,TRADE,64052,8e-05
2026-07-30 13:47:38,BTCUSDT,BINANCE,TRADE,64052,8e-05
2026-07-30 13:47:38,BTCUSDT,BINANCE,TRADE,64052,8e-05
2026-07-30 13:47:38,BTCUSDT,BINANCE,TRADE,64052,8e-05
2026-07-30 13:47:38,BTCUSDT,BINANCE,TRADE,64052,8e-05
2026-07-30 13:47:38,BTCUSDT,BINANCE,TRADE,64052,8e-05
2026-07-30 13:47:38,BTCUSDT,BINANCE,TRADE,64052,9e-05
2026-07-30 13:47:38,BTCUSDT,BINANCE,TRADE,64052,8e-05
2026-07-30 13:47:38,BTCUSDT,BINANCE,TRADE,64052,1e-05
2026-07-30 13:47:38,BTCUSDT,BINANCE,TRADE,64052,0.00077
2026-07-30 13:47:38,BTCUSDT,BINANCE,TRADE,64052,7e-05
2026-07-30 13:47:38,BTCUSDT,BINANCE,TRADE,64052,8e-05
2026-07-30 13:47:38,BTCUSDT,BINANCE,TRADE,64052,8e-05
2026-07-30 13:47:38,BTCUSDT,BINANCE,TRADE,64052,6e-05
2026-07-30 13:47:38,BTCUSDT,BINANCE,TRADE,64052,2e-05
2026-07-30 13:47:38,BTCUSDT,BINANCE,TRADE,64052,8e-05
2026-07-30 13:47:38,BTCUSDT,BINANCE,TRADE,64052,8e-05
2026-07-30 13:47:38,BTCUSDT,BINANCE,TRADE,64052,8e-05
2026-07-30 13:47:38,BTCUSDT,BINANCE,TRADE,64052,9e-05
2026-07-30 13:47:38,BTCUSDT,BINANCE,TRADE,64052,8e-05
2026-07-30 13:47:38,BTCUSDT,BINANCE,TRADE,64052,8e-05
2026-07-30 13:47:38,BTCUSDT,BINANCE,TRADE,64052,8e-05
2026-07-30 13:47:38,BTCUSDT,BINANCE,TRADE,64052,8e-05
2026-07-30 13:47:38,BTCUSDT,BINANCE,TRADE,64052,8e-05
2026-07-30 13:47:38,BTCUSDT,BINANCE,TRADE,64052,8e-05
2026-07-30 13:47:38,BTCUSDT,BINANCE,TRADE,64052,8e-05
2026-07-30 13:47:38,BTCUSDT,BINANCE,TRADE,64052,8e-05
2026-07-30 13:47:38,BTCUSDT,BINANCE,TRADE,64052,8e-05
2026-07-30 13:47:38,BTCUSDT,BINANCE,TRADE,64052,8e-05
2026-07-30 13:47:38,BTCUSDT,BINANCE,TRADE,64052,8e-05
2026-07-30 13:47:38,BTCUSDT,BINANCE,TRADE,64052,8e-05
2026-07-30 13:47:38,BTCUSDT,BINANCE,TRADE,64052,9e-05
2026-07-30 13:47:38,BTCUSDT,BINANCE,TRADE,64052,8e-05
2026-07-30 13:47:38,BTCUSDT,BINANCE,TRADE,64052,8e-05
2026-07-30 13:47:38,BTCUSDT,BINANCE,TRADE,64052,0.00234
2026-07-30 13:47:38,BTCUSDT,BINANCE,TRADE,64052,0.00275
2026-07-30 13:47:39,BTCUSDT,BINANCE,TRADE,64052,8e-05
2026-07-30 13:47:39,BTCUSDT,BINANCE,TRADE,64052,8e-05
2026-07-30 13:47:39,BTCUSDT,BINANCE,TRADE,64052,1e-05
2026-07-30 13:47:39,BTCUSDT,BINANCE,TRADE,64052,7e-05
2026-07-30 13:47:39,BTCUSDT,BINANCE,TRADE,64052,8e-05
2026-07-30 13:47:39,BTCUSDT,BINANCE,TRADE,64052,8e-05
2026-07-30 13:47:39,BTCUSDT,BINANCE,TRADE,64052,8e-05
2026-07-30 13:47:39,BTCUSDT,BINANCE,TRADE,64052,8e-05
2026-07-30 13:47:39,BTCUSDT,BINANCE,TRADE,64052,8e-05
2026-07-30 13:47:39,BTCUSDT,BINANCE,TRADE,64052,8e-05
2026-07-30 13:47:39,BTCUSDT,BINANCE,TRADE,64052,8e-05
2026-07-30 13:47:39,BTCUSDT,BINANCE,TRADE,64052,8e-05
2026-07-30 13:47:39,BTCUSDT,BINANCE,TRADE,64052,8e-05
2026-07-30 13:47:39,BTCUSDT,BINANCE,TRADE,64052,8e-05
2026-07-30 13:47:39,BTCUSDT,BINANCE,TRADE,64052,8e-05
2026-07-30 13:47:39,BTCUSDT,BINANCE,TRADE,64052,0.00016
2026-07-30 13:47:39,BTCUSDT,BINANCE,TRADE,64052,8e-05
2026-07-30 13:47:39,BTCUSDT,BINANCE,TRADE,64052,8e-05
2026-07-30 13:47:39,BTCUSDT,BINANCE,TRADE,64052,3e-05
2026-07-30 13:47:39,BTCUSDT,BINANCE,TRADE,64052,5e-05
2026-07-30 13:47:39,BTCUSDT,BINANCE,TRADE,64052,9e-05
2026-07-30 13:47:39,BTCUSDT,BINANCE,TRADE,64052,8e-05
2026-07-30 13:47:39,BTCUSDT,BINANCE,TRADE,64052,8e-05
2026-07-30 13:47:39,BTCUSDT,BINANCE,TRADE,64052,8e-05
2026-07-30 13:47:39,BTCUSDT,BINANCE,TRADE,64052,8e-05
2026-07-30 13:47:39,BTCUSDT,BINANCE,TRADE,64052,8e-05
2026-07-30 13:47:39,BTCUSDT,BINANCE,TRADE,64052,8e-05
2026-07-30 13:47:39,BTCUSDT,BINANCE,TRADE,64052,8e-05
2026-07-30 13:47:39,BTCUSDT,BINANCE,TRADE,64052,0.00016
2026-07-30 13:47:39,BTCUSDT,BINANCE,TRADE,64052,8e-05
2026-07-30 13:47:39,BTCUSDT,BINANCE,TRADE,64052,8e-05
2026-07-30 13:47:39,BTCUSDT,BINANCE,TRADE,64052,8e-05
2026-07-30 13:47:39,BTCUSDT,BINANCE,TRADE,64052,8e-05
2026-07-30 13:47:39,BTCUSDT,BINANCE,TRADE,64052,8e-05
2026-07-30 13:47:39,BTCUSDT,BINANCE,TRADE,64052,8e-05
2026-07-30 13:47:39,BTCUSDT,BINANCE,TRADE,64052,8e-05
2026-07-30 13:47:39,BTCUSDT,BINANCE,TRADE,64052,9e-05
2026-07-30 13:47:39,BTCUSDT,BINANCE,TRADE,64052,8e-05
2026-07-30 13:47:39,BTCUSDT,BINANCE,TRADE,64052,8e-05
2026-07-30 13:47:39,BTCUSDT,BINANCE,TRADE,64052,8e-05
2026-07-30 13:47:39,BTCUSDT,BINANCE,TRADE,64052,8e-05
2026-07-30 13:47:39,BTCUSDT,BINANCE,TRADE,64052,8e-05
2026-07-30 13:47:39,BTCUSDT,BINANCE,TRADE,64052,8e-05
2026-07-30 13:47:39,BTCUSDT,BINANCE,TRADE,64052,0.00016
2026-07-30 13:47:39,BTCUSDT,BINANCE,TRADE,64052,0.00016
2026-07-30 13:47:39,BTCUSDT,BINANCE,TRADE,64052.2,8e-05
2026-07-30 13:47:39,BTCUSDT,BINANCE,TRADE,64052.3,9e-05
2026-07-30 13:47:39,BTCUSDT,BINANCE,TRADE,64052.7,0.00023
2026-07-30 13:47:39,BTCUSDT,BINANCE,TRADE,64052.7,0.00652
2026-07-30 13:47:39,BTCUSDT,BINANCE,TRADE,64052.7,0.00015
2026-07-30 13:47:39,BTCUSDT,BINANCE,TRADE,64052.7,0.00293
2026-07-30 13:47:39,ETHUSDT,BINANCE,TRADE,1906.55,0.0027
2026-07-30 13:47:39,ETHUSDT,BINANCE,TRADE,1906.55,0.0027
2026-07-30 13:47:39,ETHUSDT,BINANCE,TRADE,1906.55,0.0028
2026-07-30 13:47:39,ETHUSDT,BINANCE,TRADE,1906.55,0.0027
2026-07-30 13:47:39,ETHUSDT,BINANCE,TRADE,1906.55,0.0027
2026-07-30 13:47:39,ETHUSDT,BINANCE,TRADE,1906.55,0.0031
2026-07-30 13:47:39,ETHUSDT,BINANCE,TRADE,1906.55,0.0028
2026-07-30 13:47:39,ETHUSDT,BINANCE,TRADE,1906.55,0.0028
2026-07-30 13:47:39,ETHUSDT,BINANCE,TRADE,1906.55,0.0028
2026-07-30 13:47:39,ETHUSDT,BINANCE,TRADE,1906.55,0.021
2026-07-30 13:47:39,ETHUSDT,BINANCE,TRADE,1906.55,0.0031
2026-07-30 13:47:39,ETHUSDT,BINANCE,TRADE,1906.55,0.0027
2026-07-30 13:47:39,ETHUSDT,BINANCE,TRADE,1906.55,0.02
2026-07-30 13:47:39,ETHUSDT,BINANCE,TRADE,1906.55,0.0027
2026-07-30 13:47:39,ETHUSDT,BINANCE,TRADE,1906.55,0.0027
2026-07-30 13:47:39,ETHUSDT,BINANCE,TRADE,1906.55,0.0028
2026-07-30 13:47:39,ETHUSDT,BINANCE,TRADE,1906.55,0.0459
2026-07-30 13:47:39,BTCUSDT,BINANCE,TRADE,64052.7,0.00018
2026-07-30 13:47:39,BTCUSDT,BINANCE,TRADE,64052.7,0.0013
2026-07-30 13:47:39,BTCUSDT,BINANCE,TRADE,64052.7,0.00014
2026-07-30 13:47:39,BTCUSDT,BINANCE,TRADE,64052.7,9e-05
2026-07-30 13:47:39,ETHUSDT,BINANCE,TRADE,1906.56,0.003
2026-07-30 13:47:39,ETHUSDT,BINANCE,TRADE,1906.56,0.0027
2026-07-30 13:47:39,ETHUSDT,BINANCE,TRADE,1906.56,0.0027
2026-07-30 13:47:39,ETHUSDT,BINANCE,TRADE,1906.56,0.0027
2026-07-30 13:47:39,ETHUSDT,BINANCE,TRADE,1906.56,0.0028
2026-07-30 13:47:39,ETHUSDT,BINANCE,TRADE,1906.56,0.0027
2026-07-30 13:47:39,ETHUSDT,BINANCE,TRADE,1906.56,0.0044
2026-07-30 13:47:39,BTCUSDT,BINANCE,TRADE,64052.7,0.00017
2026-07-30 13:47:39,BTCUSDT,BINANCE,TRADE,64052.7,0.00145
2026-07-30 13:47:39,ETHUSDT,BINANCE,TRADE,1906.55,0.0338
2026-07-30 13:47:39,BTCUSDT,BINANCE,TRADE,64052.7,0.00395
2026-07-30 13:47:39,BTCUSDT,BINANCE,TRADE,64052.7,8e-05
2026-07-30 13:47:39,BTCUSDT,BINANCE,TRADE,64052.7,8e-05
2026-07-30 13:47:39,BTCUSDT,BINANCE,TRADE,64052.7,8e-05
2026-07-30 13:47:39,BTCUSDT,BINANCE,TRADE,64052.7,8e-05
2026-07-30 13:47:39,BTCUSDT,BINANCE,TRADE,64052.7,8e-05
2026-07-30 13:47:39,BTCUSDT,BINANCE,TRADE,64052.7,8e-05
2026-07-30 13:47:39,BTCUSDT,BINANCE,TRADE,64052.7,8e-05
2026-07-30 13:47:39,BTCUSDT,BINANCE,TRADE,64052.7,8e-05
2026-07-30 13:47:39,BTCUSDT,BINANCE,TRADE,64052.7,8e-05
2026-07-30 13:47:39,BTCUSDT,BINANCE,TRADE,64052.7,1e-05
2026-07-30 13:47:39,BTCUSDT,BINANCE,TRADE,64052.7,0.0006
2026-07-30 13:47:39,ETHUSDT,BINANCE,TRADE,1906.56,0.0519
2026-07-30 13:47:39,BTCUSDT,BINANCE,TRADE,64052.7,0.01561
2026-07-30 13:47:39,BTCUSDT,BINANCE,TRADE,64052.7,7e-05
2026-07-30 13:47:39,BTCUSDT,BINANCE,TRADE,64052.7,8e-05
2026-07-30 13:47:39,BTCUSDT,BINANCE,TRADE,64052.7,8e-05
2026-07-30 13:47:39,BTCUSDT,BINANCE,TRADE,64052.7,1e-05
2026-07-30 13:47:39,ETHUSDT,BINANCE,TRADE,1906.56,0.018
2026-07-30 13:47:39,BTCUSDT,BINANCE,TRADE,64052.7,0.00314
2026-07-30 13:47:39,BTCUSDT,BINANCE,TRADE,64052.7,0.00029
2026-07-30 13:47:39,BTCUSDT,BINANCE,TRADE,64052.7,7e-05
2026-07-30 13:47:39,BTCUSDT,BINANCE,TRADE,64052.7,9e-05
2026-07-30 13:47:39,BTCUSDT,BINANCE,TRADE,64052.7,0.00062
2026-07-30 13:47:39,BTCUSDT,BINANCE,TRADE,64052.7,0.00062
2026-07-30 13:47:39,BTCUSDT,BINANCE,TRADE,64052.7,0.00062
2026-07-30 13:47:39,BTCUSDT,BINANCE,TRADE,64052.7,0.00062
2026-07-30 13:47:39,BTCUSDT,BINANCE,TRADE,64052.7,8e-05
2026-07-30 13:47:39,BTCUSDT,BINANCE,TRADE,64052.7,8e-05
2026-07-30 13:47:39,BTCUSDT,BINANCE,TRADE,64052.7,8e-05
2026-07-30 13:47:39,BTCUSDT,BINANCE,TRADE,64052.7,8e-05
2026-07-30 13:47:39,BTCUSDT,BINANCE,TRADE,64052.7,8e-05
2026-07-30 13:47:39,BTCUSDT,BINANCE,TRADE,64052.7,8e-05
2026-07-30 13:47:39,BTCUSDT,BINANCE,TRADE,64052.7,8e-05
2026-07-30 13:47:39,BTCUSDT,BINANCE,TRADE,64052.7,8e-05
2026-07-30 13:47:39,BTCUSDT,BINANCE,TRADE,64052.7,8e-05
2026-07-30 13:47:39,BTCUSDT,BINANCE,TRADE,64052.7,8e-05
2026-07-30 13:47:39,BTCUSDT,BINANCE,TRADE,64052.7,0.00468
2026-07-30 13:47:39,BTCUSDT,BINANCE,TRADE,64052.7,8e-05
2026-07-30 13:47:39,BTCUSDT,BINANCE,TRADE,64052.7,8e-05
2026-07-30 13:47:39,BTCUSDT,BINANCE,TRADE,64052.7,8e-05
2026-07-30 13:47:39,BTCUSDT,BINANCE,TRADE,64052.7,8e-05
2026-07-30 13:47:39,BTCUSDT,BINANCE,TRADE,64052.7,8e-05
2026-07-30 13:47:39,BTCUSDT,BINANCE,TRADE,64052.7,8e-05
2026-07-30 13:47:39,BTCUSDT,BINANCE,TRADE,64052.7,9e-05
2026-07-30 13:47:39,BTCUSDT,BINANCE,TRADE,64052.7,8e-05
2026-07-30 13:47:39,BTCUSDT,BINANCE,TRADE,64052.7,8e-05
2026-07-30 13:47:39,BTCUSDT,BINANCE,TRADE,64052.7,8e-05
2026-07-30 13:47:39,BTCUSDT,BINANCE,TRADE,64052.7,8e-05
2026-07-30 13:47:39,BTCUSDT,BINANCE,TRADE,64052.7,8e-05
2026-07-30 13:47:39,BTCUSDT,BINANCE,TRADE,64052.7,8e-05
2026-07-30 13:47:39,BTCUSDT,BINANCE,TRADE,64052.7,8e-05
2026-07-30 13:47:39,BTCUSDT,BINANCE,TRADE,64052.7,8e-05
2026-07-30 13:47:39,BTCUSDT,BINANCE,TRADE,64052.7,9e-05
2026-07-30 13:47:39,BTCUSDT,BINANCE,TRADE,64052.7,8e-05
2026-07-30 13:47:39,BTCUSDT,BINANCE,TRADE,64052.7,8e-05
2026-07-30 13:47:39,BTCUSDT,BINANCE,TRADE,64053.3,8e-05
2026-07-30 13:47:39,BTCUSDT,BINANCE,TRADE,64053.5,0.0078
2026-07-30 13:47:39,BTCUSDT,BINANCE,TRADE,64053.5,9e-05
2026-07-30 13:47:39,BTCUSDT,BINANCE,TRADE,64053.5,9e-05
2026-07-30 13:47:39,BTCUSDT,BINANCE,TRADE,64054,9e-05
2026-07-30 13:47:39,BTCUSDT,BINANCE,TRADE,64054,9e-05
2026-07-30 13:47:39,BTCUSDT,BINANCE,TRADE,64054,8e-05
2026-07-30 13:47:39,BTCUSDT,BINANCE,TRADE,64054,9e-05
2026-07-30 13:47:39,BTCUSDT,BINANCE,TRADE,64054,0.008
2026-07-30 13:47:39,BTCUSDT,BINANCE,TRADE,64054,0.006
2026-07-30 13:47:39,BTCUSDT,BINANCE,TRADE,64054,0.005
2026-07-30 13:47:39,BTCUSDT,BINANCE,TRADE,64054,0.005
2026-07-30 13:47:39,BTCUSDT,BINANCE,TRADE,64054,9e-05
2026-07-30 13:47:39,BTCUSDT,BINANCE,TRADE,64054.2,9e-05
2026-07-30 13:47:39,BTCUSDT,BINANCE,TRADE,64054.2,9e-05
2026-07-30 13:47:39,BTCUSDT,BINANCE,TRADE,64054.2,9e-05
2026-07-30 13:47:39,BTCUSDT,BINANCE,TRADE,64054.2,0.01551
2026-07-30 13:47:39,BTCUSDT,BINANCE,TRADE,64054.2,0.00013
2026-07-30 13:47:39,BTCUSDT,BINANCE,TRADE,64054.2,0.00029
2026-07-30 13:47:39,BTCUSDT,BINANCE,TRADE,64054.2,0.00521
2026-07-30 13:47:39,BTCUSDT,BINANCE,TRADE,64054.2,8e-05
2026-07-30 13:47:39,BTCUSDT,BINANCE,TRADE,64054.2,8e-05
2026-07-30 13:47:39,BTCUSDT,BINANCE,TRADE,64054.2,8e-05
2026-07-30 13:47:39,BTCUSDT,BINANCE,TRADE,64054.2,8e-05
2026-07-30 13:47:39,BTCUSDT,BINANCE,TRADE,64054.2,8e-05
2026-07-30 13:47:39,BTCUSDT,BINANCE,TRADE,64054.2,8e-05
2026-07-30 13:47:39,BTCUSDT,BINANCE,TRADE,64054.2,8e-05
2026-07-30 13:47:39,BTCUSDT,BINANCE,TRADE,64054.2,0.00016
2026-07-30 13:47:39,BTCUSDT,BINANCE,TRADE,64054.2,8e-05
2026-07-30 13:47:39,BTCUSDT,BINANCE,TRADE,64054.2,8e-05
2026-07-30 13:47:39,BTCUSDT,BINANCE,TRADE,64054.2,8e-05
2026-07-30 13:47:39,BTCUSDT,BINANCE,TRADE,64054.2,8e-05
2026-07-30 13:47:39,BTCUSDT,BINANCE,TRADE,64054.2,8e-05
2026-07-30 13:47:39,BTCUSDT,BINANCE,TRADE,64054.2,8e-05
2026-07-30 13:47:39,BTCUSDT,BINANCE,TRADE,64054.2,8e-05
2026-07-30 13:47:39,BTCUSDT,BINANCE,TRADE,64054.2,8e-05
2026-07-30 13:47:39,BTCUSDT,BINANCE,TRADE,64054.2,9e-05
2026-07-30 13:47:39,BTCUSDT,BINANCE,TRADE,64054.2,8e-05
2026-07-30 13:47:39,BTCUSDT,BINANCE,TRADE,64054.2,8e-05
2026-07-30 13:47:39,BTCUSDT,BINANCE,TRADE,64054.2,8e-05
2026-07-30 13:47:39,BTCUSDT,BINANCE,TRADE,64054.2,8e-05
2026-07-30 13:47:39,BTCUSDT,BINANCE,TRADE,64054.2,8e-05
2026-07-30 13:47:39,BTCUSDT,BINANCE,TRADE,64054.2,8e-05
2026-07-30 13:47:39,BTCUSDT,BINANCE,TRADE,64054.2,8e-05
2026-07-30 13:47:39,BTCUSDT,BINANCE,TRADE,64054.2,0.00016
2026-07-30 13:47:39,BTCUSDT,BINANCE,TRADE,64054.2,8e-05
2026-07-30 13:47:39,BTCUSDT,BINANCE,TRADE,64054.2,8e-05
2026-07-30 13:47:39,BTCUSDT,BINANCE,TRADE,64054.2,8e-05
2026-07-30 13:47:39,BTCUSDT,BINANCE,TRADE,64054.2,8e-05
2026-07-30 13:47:39,BTCUSDT,BINANCE,TRADE,64054.2,0.00016
2026-07-30 13:47:39,BTCUSDT,BINANCE,TRADE,64055,9e-05
2026-07-30 13:47:39,BTCUSDT,BINANCE,TRADE,64055,9e-05
2026-07-30 13:47:39,BTCUSDT,BINANCE,TRADE,64055,9e-05
2026-07-30 13:47:39,BTCUSDT,BINANCE,TRADE,64055,0.01248
2026-07-30 13:47:39,BTCUSDT,BINANCE,TRADE,64055,9e-05
2026-07-30 13:47:39,BTCUSDT,BINANCE,TRADE,64055,8e-05
2026-07-30 13:47:39,BTCUSDT,BINANCE,TRADE,64055,6e-05
2026-07-30 13:47:39,BTCUSDT,BINANCE,TRADE,64055,2e-05
2026-07-30 13:47:39,BTCUSDT,BINANCE,TRADE,64055,8e-05
2026-07-30 13:47:39,BTCUSDT,BINANCE,TRADE,64055,8e-05
2026-07-30 13:47:39,BTCUSDT,BINANCE,TRADE,64055,8e-05
2026-07-30 13:47:39,BTCUSDT,BINANCE,TRADE,64055,8e-05
2026-07-30 13:47:39,BTCUSDT,BINANCE,TRADE,64055,8e-05
2026-07-30 13:47:39,BTCUSDT,BINANCE,TRADE,64055,9e-05
2026-07-30 13:47:39,BTCUSDT,BINANCE,TRADE,64055,8e-05
2026-07-30 13:47:39,BTCUSDT,BINANCE,TRADE,64055,8e-05
2026-07-30 13:47:39,BTCUSDT,BINANCE,TRADE,64055,8e-05
2026-07-30 13:47:39,BTCUSDT,BINANCE,TRADE,64055,8e-05
2026-07-30 13:47:39,BTCUSDT,BINANCE,TRADE,64055,8e-05
2026-07-30 13:47:39,BTCUSDT,BINANCE,TRADE,64055,8e-05
2026-07-30 13:47:39,BTCUSDT,BINANCE,TRADE,64055,8e-05
2026-07-30 13:47:39,BTCUSDT,BINANCE,TRADE,64055,8e-05
2026-07-30 13:47:39,BTCUSDT,BINANCE,TRADE,64055,8e-05
2026-07-30 13:47:39,BTCUSDT,BINANCE,TRADE,64055.1,7e-05
2026-07-30 13:47:39,BTCUSDT,BINANCE,TRADE,64055,0.00046
2026-07-30 13:47:39,BTCUSDT,BINANCE,TRADE,64055,0.00141
2026-07-30 13:47:39,BTCUSDT,BINANCE,TRADE,64055.1,1e-05
2026-07-30 13:47:39,BTCUSDT,BINANCE,TRADE,64055.1,8e-05
2026-07-30 13:47:39,BTCUSDT,BINANCE,TRADE,64055.1,3e-05
2026-07-30 13:47:39,SOLUSDT,BINANCE,TRADE,73.47,0.069
2026-07-30 13:47:39,SOLUSDT,BINANCE,TRADE,73.47,0.075
2026-07-30 13:47:39,SOLUSDT,BINANCE,TRADE,73.47,0.15
2026-07-30 13:47:39,SOLUSDT,BINANCE,TRADE,73.47,0.069
2026-07-30 13:47:39,SOLUSDT,BINANCE,TRADE,73.47,0.277
2026-07-30 13:47:39,SOLUSDT,BINANCE,TRADE,73.47,0.75
2026-07-30 13:47:39,SOLUSDT,BINANCE,TRADE,73.47,0.137
2026-07-30 13:47:39,SOLUSDT,BINANCE,TRADE,73.47,0.072
2026-07-30 13:47:39,SOLUSDT,BINANCE,TRADE,73.47,0.072
2026-07-30 13:47:39,SOLUSDT,BINANCE,TRADE,73.47,0.07
2026-07-30 13:47:39,SOLUSDT,BINANCE,TRADE,73.47,2.011
2026-07-30 13:47:39,SOLUSDT,BINANCE,TRADE,73.47,0.072
2026-07-30 13:47:39,BTCUSDT,BINANCE,TRADE,64055.1,5e-05
2026-07-30 13:47:39,BTCUSDT,BINANCE,TRADE,64055.1,8e-05
2026-07-30 13:47:39,BTCUSDT,BINANCE,TRADE,64055.1,8e-05
2026-07-30 13:47:39,BTCUSDT,BINANCE,TRADE,64055.1,8e-05
2026-07-30 13:47:39,BTCUSDT,BINANCE,TRADE,64055.1,8e-05
2026-07-30 13:47:39,BTCUSDT,BINANCE,TRADE,64055.1,8e-05
2026-07-30 13:47:39,BTCUSDT,BINANCE,TRADE,64055.1,8e-05
2026-07-30 13:47:39,BTCUSDT,BINANCE,TRADE,64055.1,9e-05
2026-07-30 13:47:39,BTCUSDT,BINANCE,TRADE,64055.1,8e-05
2026-07-30 13:47:39,BTCUSDT,BINANCE,TRADE,64055.1,8e-05
2026-07-30 13:47:39,BTCUSDT,BINANCE,TRADE,64055.1,8e-05
2026-07-30 13:47:39,BTCUSDT,BINANCE,TRADE,64055.1,8e-05
2026-07-30 13:47:39,BTCUSDT,BINANCE,TRADE,64055.1,8e-05
2026-07-30 13:47:39,BTCUSDT,BINANCE,TRADE,64055.1,8e-05
2026-07-30 13:47:39,BTCUSDT,BINANCE,TRADE,64055.1,8e-05
2026-07-30 13:47:39,BTCUSDT,BINANCE,TRADE,64055.1,8e-05
2026-07-30 13:47:39,BTCUSDT,BINANCE,TRADE,64055.1,8e-05
2026-07-30 13:47:39,BTCUSDT,BINANCE,TRADE,64055.1,8e-05
2026-07-30 13:47:39,BTCUSDT,BINANCE,TRADE,64055.1,0.00058
2026-07-30 13:47:39,ETHUSDT,BINANCE,TRADE,1906.56,0.232
2026-07-30 13:47:39,BTCUSDT,BINANCE,TRADE,64055,0.0004
2026-07-30 13:47:39,BTCUSDT,BINANCE,TRADE,64055.1,0.00019
2026-07-30 13:47:39,BTCUSDT,BINANCE,TRADE,64055.1,9e-05
2026-07-30 13:47:39,BTCUSDT,BINANCE,TRADE,64055.1,8e-05
2026-07-30 13:47:39,BTCUSDT,BINANCE,TRADE,64055.1,8e-05
2026-07-30 13:47:39,BTCUSDT,BINANCE,TRADE,64055.1,8e-05
2026-07-30 13:47:39,BTCUSDT,BINANCE,TRADE,64055.1,9e-05
2026-07-30 13:47:39,BTCUSDT,BINANCE,TRADE,64055.1,8e-05
2026-07-30 13:47:39,BTCUSDT,BINANCE,TRADE,64055.1,8e-05
2026-07-30 13:47:39,BTCUSDT,BINANCE,TRADE,64055.1,8e-05
2026-07-30 13:47:39,BTCUSDT,BINANCE,TRADE,64055.1,8e-05
2026-07-30 13:47:39,BTCUSDT,BINANCE,TRADE,64055.1,8e-05
2026-07-30 13:47:39,BTCUSDT,BINANCE,TRADE,64055.1,8e-05
2026-07-30 13:47:39,BTCUSDT,BINANCE,TRADE,64055.1,8e-05
2026-07-30 13:47:39,BTCUSDT,BINANCE,TRADE,64055.1,8e-05
2026-07-30 13:47:39,BTCUSDT,BINANCE,TRADE,64055.1,8e-05
2026-07-30 13:47:39,BTCUSDT,BINANCE,TRADE,64055.1,8e-05
2026-07-30 13:47:39,BTCUSDT,BINANCE,TRADE,64055.1,8e-05
2026-07-30 13:47:39,BTCUSDT,BINANCE,TRADE,64055.1,8e-05
2026-07-30 13:47:39,BTCUSDT,BINANCE,TRADE,64055.1,8e-05
2026-07-30 13:47:39,BTCUSDT,BINANCE,TRADE,64055.1,8e-05
2026-07-30 13:47:39,BTCUSDT,BINANCE,TRADE,64055.1,8e-05
2026-07-30 13:47:39,BTCUSDT,BINANCE,TRADE,64055.1,8e-05
2026-07-30 13:47:39,BTCUSDT,BINANCE,TRADE,64055.1,8e-05
2026-07-30 13:47:39,BTCUSDT,BINANCE,TRADE,64055.1,8e-05
2026-07-30 13:47:39,BTCUSDT,BINANCE,TRADE,64055.1,8e-05
2026-07-30 13:47:39,BTCUSDT,BINANCE,TRADE,64055.5,8e-05
2026-07-30 13:47:39,BTCUSDT,BINANCE,TRADE,64055.5,8e-05
2026-07-30 13:47:39,BTCUSDT,BINANCE,TRADE,64055.5,8e-05
2026-07-30 13:47:39,BTCUSDT,BINANCE,TRADE,64055.6,6e-05
2026-07-30 13:47:39,ETHUSDT,BINANCE,TRADE,1906.56,4.9462
2026-07-30 13:47:39,ETHUSDT,BINANCE,TRADE,1906.56,0.0027
2026-07-30 13:47:39,ETHUSDT,BINANCE,TRADE,1906.56,0.0027
2026-07-30 13:47:39,ETHUSDT,BINANCE,TRADE,1906.56,0.0027
2026-07-30 13:47:39,ETHUSDT,BINANCE,TRADE,1906.56,0.0053
2026-07-30 13:47:39,ETHUSDT,BINANCE,TRADE,1906.56,0.0031
2026-07-30 13:47:39,ETHUSDT,BINANCE,TRADE,1906.56,0.0028
2026-07-30 13:47:39,ETHUSDT,BINANCE,TRADE,1906.56,0.0027
2026-07-30 13:47:39,ETHUSDT,BINANCE,TRADE,1906.56,0.0027
2026-07-30 13:47:39,ETHUSDT,BINANCE,TRADE,1906.56,0.0027
2026-07-30 13:47:39,ETHUSDT,BINANCE,TRADE,1906.56,0.15
2026-07-30 13:47:39,ETHUSDT,BINANCE,TRADE,1906.56,0.0027
2026-07-30 13:47:39,ETHUSDT,BINANCE,TRADE,1906.56,0.0027
2026-07-30 13:47:39,ETHUSDT,BINANCE,TRADE,1906.56,0.0027
2026-07-30 13:47:39,ETHUSDT,BINANCE,TRADE,1906.56,0.0028
2026-07-30 13:47:39,ETHUSDT,BINANCE,TRADE,1906.56,0.0027
2026-07-30 13:47:39,BTCUSDT,BINANCE,TRADE,64055.6,3e-05
2026-07-30 13:47:39,BTCUSDT,BINANCE,TRADE,64055.6,8e-05
2026-07-30 13:47:39,BTCUSDT,BINANCE,TRADE,64055.6,8e-05
2026-07-30 13:47:39,BTCUSDT,BINANCE,TRADE,64055.6,8e-05
2026-07-30 13:47:39,BTCUSDT,BINANCE,TRADE,64055.6,8e-05
2026-07-30 13:47:39,BTCUSDT,BINANCE,TRADE,64055.6,8e-05
2026-07-30 13:47:39,BTCUSDT,BINANCE,TRADE,64055.6,8e-05
2026-07-30 13:47:39,BTCUSDT,BINANCE,TRADE,64055.6,8e-05
2026-07-30 13:47:39,BTCUSDT,BINANCE,TRADE,64055.6,8e-05
2026-07-30 13:47:39,BTCUSDT,BINANCE,TRADE,64055.6,8e-05
2026-07-30 13:47:39,BTCUSDT,BINANCE,TRADE,64055.6,8e-05
2026-07-30 13:47:39,BTCUSDT,BINANCE,TRADE,64055.6,8e-05
2026-07-30 13:47:39,BTCUSDT,BINANCE,TRADE,64055.6,8e-05
2026-07-30 13:47:39,BTCUSDT,BINANCE,TRADE,64055.6,8e-05
2026-07-30 13:47:39,BTCUSDT,BINANCE,TRADE,64055.6,9e-05
2026-07-30 13:47:39,BTCUSDT,BINANCE,TRADE,64055.6,8e-05
2026-07-30 13:47:39,BTCUSDT,BINANCE,TRADE,64055.6,8e-05
2026-07-30 13:47:39,BTCUSDT,BINANCE,TRADE,64055.6,8e-05
2026-07-30 13:47:39,BTCUSDT,BINANCE,TRADE,64055.6,8e-05
2026-07-30 13:47:39,BTCUSDT,BINANCE,TRADE,64055.6,3e-05
2026-07-30 13:47:39,ETHUSDT,BINANCE,TRADE,1906.57,0.0028
2026-07-30 13:47:39,ETHUSDT,BINANCE,TRADE,1906.57,0.0027
2026-07-30 13:47:39,ETHUSDT,BINANCE,TRADE,1906.57,0.0053
2026-07-30 13:47:39,ETHUSDT,BINANCE,TRADE,1906.57,0.0027
2026-07-30 13:47:39,ETHUSDT,BINANCE,TRADE,1906.57,0.0027
2026-07-30 13:47:39,ETHUSDT,BINANCE,TRADE,1906.57,0.0027
2026-07-30 13:47:39,ETHUSDT,BINANCE,TRADE,1906.57,0.0027
2026-07-30 13:47:39,ETHUSDT,BINANCE,TRADE,1906.57,0.0027
2026-07-30 13:47:39,ETHUSDT,BINANCE,TRADE,1906.57,0.0027
2026-07-30 13:47:39,ETHUSDT,BINANCE,TRADE,1906.57,0.0027
2026-07-30 13:47:39,ETHUSDT,BINANCE,TRADE,1906.57,0.0027
2026-07-30 13:47:39,ETHUSDT,BINANCE,TRADE,1906.57,0.0027
2026-07-30 13:47:39,ETHUSDT,BINANCE,TRADE,1906.57,0.0031
2026-07-30 13:47:39,ETHUSDT,BINANCE,TRADE,1906.57,0.0031
2026-07-30 13:47:39,ETHUSDT,BINANCE,TRADE,1906.57,0.0028
2026-07-30 13:47:39,ETHUSDT,BINANCE,TRADE,1906.58,0.0028
2026-07-30 13:47:39,ETHUSDT,BINANCE,TRADE,1906.58,0.0053
2026-07-30 13:47:39,ETHUSDT,BINANCE,TRADE,1906.58,0.0027
2026-07-30 13:47:39,ETHUSDT,BINANCE,TRADE,1906.58,0.0027
2026-07-30 13:47:39,ETHUSDT,BINANCE,TRADE,1906.58,0.0027
2026-07-30 13:47:39,ETHUSDT,BINANCE,TRADE,1906.6,0.0027
2026-07-30 13:47:39,ETHUSDT,BINANCE,TRADE,1906.6,0.0028
2026-07-30 13:47:39,ETHUSDT,BINANCE,TRADE,1906.6,0.0027
2026-07-30 13:47:39,ETHUSDT,BINANCE,TRADE,1906.61,0.0027
2026-07-30 13:47:39,ETHUSDT,BINANCE,TRADE,1906.61,0.0027
2026-07-30 13:47:39,ETHUSDT,BINANCE,TRADE,1906.61,0.0028
2026-07-30 13:47:39,ETHUSDT,BINANCE,TRADE,1906.61,0.0027
2026-07-30 13:47:39,ETHUSDT,BINANCE,TRADE,1906.61,0.0027
2026-07-30 13:47:39,ETHUSDT,BINANCE,TRADE,1906.61,0.0027
2026-07-30 13:47:39,ETHUSDT,BINANCE,TRADE,1906.61,0.0027
2026-07-30 13:47:39,ETHUSDT,BINANCE,TRADE,1906.62,0.0028
2026-07-30 13:47:39,ETHUSDT,BINANCE,TRADE,1906.63,0.0027
2026-07-30 13:47:39,ETHUSDT,BINANCE,TRADE,1906.63,0.0028
2026-07-30 13:47:39,ETHUSDT,BINANCE,TRADE,1906.63,0.0027
2026-07-30 13:47:39,ETHUSDT,BINANCE,TRADE,1906.64,0.0027
2026-07-30 13:47:39,ETHUSDT,BINANCE,TRADE,1906.64,0.0028
2026-07-30 13:47:39,ETHUSDT,BINANCE,TRADE,1906.64,0.0028
2026-07-30 13:47:39,ETHUSDT,BINANCE,TRADE,1906.64,0.0028
2026-07-30 13:47:39,ETHUSDT,BINANCE,TRADE,1906.64,0.0027
2026-07-30 13:47:39,ETHUSDT,BINANCE,TRADE,1906.64,0.0028
2026-07-30 13:47:39,ETHUSDT,BINANCE,TRADE,1906.64,0.0027
2026-07-30 13:47:39,ETHUSDT,BINANCE,TRADE,1906.64,0.0027
2026-07-30 13:47:39,ETHUSDT,BINANCE,TRADE,1906.64,0.0027
2026-07-30 13:47:39,ETHUSDT,BINANCE,TRADE,1906.65,0.0027
2026-07-30 13:47:39,ETHUSDT,BINANCE,TRADE,1906.65,0.0027
2026-07-30 13:47:39,ETHUSDT,BINANCE,TRADE,1906.65,0.0027
2026-07-30 13:47:39,ETHUSDT,BINANCE,TRADE,1906.65,0.1311
2026-07-30 13:47:39,ETHUSDT,BINANCE,TRADE,1906.65,0.0028
2026-07-30 13:47:39,ETHUSDT,BINANCE,TRADE,1906.65,0.0027
2026-07-30 13:47:39,ETHUSDT,BINANCE,TRADE,1906.65,0.0027
2026-07-30 13:47:39,ETHUSDT,BINANCE,TRADE,1906.65,0.0027
2026-07-30 13:47:39,ETHUSDT,BINANCE,TRADE,1906.65,0.0027
2026-07-30 13:47:39,ETHUSDT,BINANCE,TRADE,1906.65,0.0027
2026-07-30 13:47:39,ETHUSDT,BINANCE,TRADE,1906.65,0.0027
2026-07-30 13:47:39,ETHUSDT,BINANCE,TRADE,1906.66,0.0028
2026-07-30 13:47:39,ETHUSDT,BINANCE,TRADE,1906.66,0.0028
2026-07-30 13:47:39,ETHUSDT,BINANCE,TRADE,1906.66,0.0028
2026-07-30 13:47:39,ETHUSDT,BINANCE,TRADE,1906.66,0.0028
2026-07-30 13:47:39,ETHUSDT,BINANCE,TRADE,1906.67,0.4813
2026-07-30 13:47:39,ETHUSDT,BINANCE,TRADE,1906.67,0.0028
2026-07-30 13:47:39,ETHUSDT,BINANCE,TRADE,1906.68,0.003
2026-07-30 13:47:39,ETHUSDT,BINANCE,TRADE,1906.68,0.0027
2026-07-30 13:47:39,ETHUSDT,BINANCE,TRADE,1906.68,0.0027
2026-07-30 13:47:39,ETHUSDT,BINANCE,TRADE,1906.68,0.0027
2026-07-30 13:47:39,ETHUSDT,BINANCE,TRADE,1906.69,0.0027
2026-07-30 13:47:39,ETHUSDT,BINANCE,TRADE,1906.69,0.0028
2026-07-30 13:47:39,ETHUSDT,BINANCE,TRADE,1906.69,0.0028
2026-07-30 13:47:39,ETHUSDT,BINANCE,TRADE,1906.69,0.0028
2026-07-30 13:47:39,BTCUSDT,BINANCE,TRADE,64055.6,5e-05
2026-07-30 13:47:39,BTCUSDT,BINANCE,TRADE,64055.6,5e-05
2026-07-30 13:47:39,BTCUSDT,BINANCE,TRADE,64055.6,3e-05
2026-07-30 13:47:39,BTCUSDT,BINANCE,TRADE,64055.6,8e-05
2026-07-30 13:47:39,BTCUSDT,BINANCE,TRADE,64055.6,8e-05
2026-07-30 13:47:39,BTCUSDT,BINANCE,TRADE,64055.6,8e-05
2026-07-30 13:47:39,BTCUSDT,BINANCE,TRADE,64055.6,8e-05
2026-07-30 13:47:39,BTCUSDT,BINANCE,TRADE,64055.6,8e-05
2026-07-30 13:47:39,BTCUSDT,BINANCE,TRADE,64055.6,8e-05
2026-07-30 13:47:39,BTCUSDT,BINANCE,TRADE,64055.6,8e-05
2026-07-30 13:47:39,BTCUSDT,BINANCE,TRADE,64055.6,8e-05
2026-07-30 13:47:39,BTCUSDT,BINANCE,TRADE,64055.6,9e-05
2026-07-30 13:47:39,BTCUSDT,BINANCE,TRADE,64055.6,8e-05
2026-07-30 13:47:39,BTCUSDT,BINANCE,TRADE,64055.6,8e-05
2026-07-30 13:47:39,BTCUSDT,BINANCE,TRADE,64055.6,8e-05
2026-07-30 13:47:39,BTCUSDT,BINANCE,TRADE,64055.6,8e-05
2026-07-30 13:47:39,BTCUSDT,BINANCE,TRADE,64055.6,8e-05
2026-07-30 13:47:39,BTCUSDT,BINANCE,TRADE,64055.6,8e-05
2026-07-30 13:47:39,BTCUSDT,BINANCE,TRADE,64055.6,8e-05
2026-07-30 13:47:39,BTCUSDT,BINANCE,TRADE,64055.6,8e-05
2026-07-30 13:47:39,BTCUSDT,BINANCE,TRADE,64055.6,8e-05
2026-07-30 13:47:39,BTCUSDT,BINANCE,TRADE,64055.6,8e-05
2026-07-30 13:47:39,BTCUSDT,BINANCE,TRADE,64055.6,8e-05
2026-07-30 13:47:39,BTCUSDT,BINANCE,TRADE,64055.6,8e-05
2026-07-30 13:47:39,BTCUSDT,BINANCE,TRADE,64055.6,8e-05
2026-07-30 13:47:39,BTCUSDT,BINANCE,TRADE,64055.9,0.00012
2026-07-30 13:47:39,BTCUSDT,BINANCE,TRADE,64056,8e-05
2026-07-30 13:47:39,BTCUSDT,BINANCE,TRADE,64056,0.00063
2026-07-30 13:47:39,ETHUSDT,BINANCE,TRADE,1906.7,0.0106
2026-07-30 13:47:39,ETHUSDT,BINANCE,TRADE,1906.7,0.0027
2026-07-30 13:47:39,ETHUSDT,BINANCE,TRADE,1906.7,0.0027
2026-07-30 13:47:39,ETHUSDT,BINANCE,TRADE,1906.7,0.0027
2026-07-30 13:47:39,ETHUSDT,BINANCE,TRADE,1906.7,0.0028
2026-07-30 13:47:39,ETHUSDT,BINANCE,TRADE,1906.7,0.0031
2026-07-30 13:47:39,ETHUSDT,BINANCE,TRADE,1906.7,0.0027
2026-07-30 13:47:39,ETHUSDT,BINANCE,TRADE,1906.7,0.0031
2026-07-30 13:47:39,ETHUSDT,BINANCE,TRADE,1906.7,0.0027
2026-07-30 13:47:39,ETHUSDT,BINANCE,TRADE,1906.7,0.0028
2026-07-30 13:47:39,ETHUSDT,BINANCE,TRADE,1906.7,0.0027
2026-07-30 13:47:39,ETHUSDT,BINANCE,TRADE,1906.7,0.0027
2026-07-30 13:47:39,ETHUSDT,BINANCE,TRADE,1906.7,0.0027
2026-07-30 13:47:39,ETHUSDT,BINANCE,TRADE,1906.7,0.0027
2026-07-30 13:47:39,ETHUSDT,BINANCE,TRADE,1906.7,0.0027
2026-07-30 13:47:39,ETHUSDT,BINANCE,TRADE,1906.71,0.0027
2026-07-30 13:47:39,ETHUSDT,BINANCE,TRADE,1906.71,0.0027
2026-07-30 13:47:39,ETHUSDT,BINANCE,TRADE,1906.71,0.0028
2026-07-30 13:47:39,ETHUSDT,BINANCE,TRADE,1906.71,0.0027
2026-07-30 13:47:39,ETHUSDT,BINANCE,TRADE,1906.71,0.0027
2026-07-30 13:47:39,ETHUSDT,BINANCE,TRADE,1906.71,0.0028
2026-07-30 13:47:39,ETHUSDT,BINANCE,TRADE,1906.71,0.0028
2026-07-30 13:47:39,ETHUSDT,BINANCE,TRADE,1906.71,0.0027
2026-07-30 13:47:39,ETHUSDT,BINANCE,TRADE,1906.71,0.0028
2026-07-30 13:47:39,ETHUSDT,BINANCE,TRADE,1906.71,0.0027
2026-07-30 13:47:39,ETHUSDT,BINANCE,TRADE,1906.71,0.0027
2026-07-30 13:47:39,ETHUSDT,BINANCE,TRADE,1906.71,0.0027
2026-07-30 13:47:39,BTCUSDT,BINANCE,TRADE,64056,0.00016
2026-07-30 13:47:39,BTCUSDT,BINANCE,TRADE,64056,9e-05
2026-07-30 13:47:39,BTCUSDT,BINANCE,TRADE,64056,9e-05
2026-07-30 13:47:39,BTCUSDT,BINANCE,TRADE,64056,8e-05
2026-07-30 13:47:39,BTCUSDT,BINANCE,TRADE,64056,8e-05
2026-07-30 13:47:39,BTCUSDT,BINANCE,TRADE,64056,8e-05
2026-07-30 13:47:39,BTCUSDT,BINANCE,TRADE,64056,8e-05
2026-07-30 13:47:39,BTCUSDT,BINANCE,TRADE,64056,8e-05
2026-07-30 13:47:39,BTCUSDT,BINANCE,TRADE,64056,8e-05
2026-07-30 13:47:39,BTCUSDT,BINANCE,TRADE,64056,8e-05
2026-07-30 13:47:39,BTCUSDT,BINANCE,TRADE,64056,8e-05
2026-07-30 13:47:39,BTCUSDT,BINANCE,TRADE,64056,8e-05
2026-07-30 13:47:39,BTCUSDT,BINANCE,TRADE,64056,8e-05
2026-07-30 13:47:39,BTCUSDT,BINANCE,TRADE,64056,8e-05
2026-07-30 13:47:39,BTCUSDT,BINANCE,TRADE,64056,8e-05
2026-07-30 13:47:39,BTCUSDT,BINANCE,TRADE,64056,8e-05
2026-07-30 13:47:39,BTCUSDT,BINANCE,TRADE,64056,9e-05
2026-07-30 13:47:39,BTCUSDT,BINANCE,TRADE,64056,9e-05
2026-07-30 13:47:39,BTCUSDT,BINANCE,TRADE,64056,8e-05
2026-07-30 13:47:39,BTCUSDT,BINANCE,TRADE,64056,8e-05
2026-07-30 13:47:40,BTCUSDT,BINANCE,TRADE,64056,0.003
2026-07-30 13:47:40,BTCUSDT,BINANCE,TRADE,64056,0.003
2026-07-30 13:47:40,BTCUSDT,BINANCE,TRADE,64056,0.005
2026-07-30 13:47:40,BTCUSDT,BINANCE,TRADE,64056,0.005
2026-07-30 13:47:40,BTCUSDT,BINANCE,TRADE,64056,0.008
2026-07-30 13:47:40,BTCUSDT,BINANCE,TRADE,64056,8e-05
2026-07-30 13:47:40,BTCUSDT,BINANCE,TRADE,64056,8e-05
2026-07-30 13:47:40,BTCUSDT,BINANCE,TRADE,64056,8e-05
2026-07-30 13:47:40,BTCUSDT,BINANCE,TRADE,64056,8e-05
2026-07-30 13:47:40,BTCUSDT,BINANCE,TRADE,64056,8e-05
2026-07-30 13:47:40,BTCUSDT,BINANCE,TRADE,64056,8e-05
2026-07-30 13:47:40,BTCUSDT,BINANCE,TRADE,64056,8e-05
2026-07-30 13:47:40,BTCUSDT,BINANCE,TRADE,64056,8e-05
2026-07-30 13:47:40,BTCUSDT,BINANCE,TRADE,64056,8e-05
2026-07-30 13:47:40,BTCUSDT,BINANCE,TRADE,64056,8e-05
2026-07-30 13:47:40,BTCUSDT,BINANCE,TRADE,64056,8e-05
2026-07-30 13:47:40,BTCUSDT,BINANCE,TRADE,64056,8e-05
2026-07-30 13:47:40,BTCUSDT,BINANCE,TRADE,64056,8e-05
2026-07-30 13:47:40,BTCUSDT,BINANCE,TRADE,64056,8e-05
2026-07-30 13:47:40,BTCUSDT,BINANCE,TRADE,64056,8e-05
2026-07-30 13:47:40,BTCUSDT,BINANCE,TRADE,64056,8e-05
2026-07-30 13:47:40,BTCUSDT,BINANCE,TRADE,64056,8e-05
2026-07-30 13:47:40,BTCUSDT,BINANCE,TRADE,64056,8e-05
2026-07-30 13:47:40,BTCUSDT,BINANCE,TRADE,64056,9e-05
2026-07-30 13:47:40,BTCUSDT,BINANCE,TRADE,64056,8e-05
2026-07-30 13:47:40,BTCUSDT,BINANCE,TRADE,64056,8e-05
2026-07-30 13:47:40,BTCUSDT,BINANCE,TRADE,64056,8e-05
2026-07-30 13:47:40,BTCUSDT,BINANCE,TRADE,64056,8e-05
2026-07-30 13:47:40,BTCUSDT,BINANCE,TRADE,64056,8e-05
2026-07-30 13:47:40,BTCUSDT,BINANCE,TRADE,64056,8e-05
2026-07-30 13:47:40,BTCUSDT,BINANCE,TRADE,64056,8e-05
2026-07-30 13:47:40,BTCUSDT,BINANCE,TRADE,64056,8e-05
2026-07-30 13:47:40,BTCUSDT,BINANCE,TRADE,64056,8e-05
2026-07-30 13:47:40,BTCUSDT,BINANCE,TRADE,64056,8e-05
2026-07-30 13:47:40,BTCUSDT,BINANCE,TRADE,64056,8e-05
2026-07-30 13:47:40,BTCUSDT,BINANCE,TRADE,64057.2,0.026
2026-07-30 13:47:40,BTCUSDT,BINANCE,TRADE,64057.2,0.01559
2026-07-30 13:47:40,BTCUSDT,BINANCE,TRADE,64057.2,0.0013
2026-07-30 13:47:40,BTCUSDT,BINANCE,TRADE,64057.2,8e-05
2026-07-30 13:47:40,BTCUSDT,BINANCE,TRADE,64057.2,8e-05
2026-07-30 13:47:40,BTCUSDT,BINANCE,TRADE,64057.2,8e-05
2026-07-30 13:47:40,BTCUSDT,BINANCE,TRADE,64057.2,8e-05
2026-07-30 13:47:40,BTCUSDT,BINANCE,TRADE,64057.2,8e-05
2026-07-30 13:47:40,BTCUSDT,BINANCE,TRADE,64057.2,8e-05
2026-07-30 13:47:40,BTCUSDT,BINANCE,TRADE,64057.2,8e-05
2026-07-30 13:47:40,BTCUSDT,BINANCE,TRADE,64057.2,8e-05
2026-07-30 13:47:40,BTCUSDT,BINANCE,TRADE,64057.2,8e-05
2026-07-30 13:47:40,BTCUSDT,BINANCE,TRADE,64057.2,8e-05
2026-07-30 13:47:40,BTCUSDT,BINANCE,TRADE,64057.2,8e-05
2026-07-30 13:47:40,BTCUSDT,BINANCE,TRADE,64057.2,8e-05
2026-07-30 13:47:40,BTCUSDT,BINANCE,TRADE,64057.2,8e-05
2026-07-30 13:47:40,BTCUSDT,BINANCE,TRADE,64057.2,8e-05
2026-07-30 13:47:40,BTCUSDT,BINANCE,TRADE,64057.2,8e-05
2026-07-30 13:47:40,BTCUSDT,BINANCE,TRADE,64057.2,6e-05
2026-07-30 13:47:40,BTCUSDT,BINANCE,TRADE,64057.2,0.00515
2026-07-30 13:47:40,BTCUSDT,BINANCE,TRADE,64057.2,2e-05
2026-07-30 13:47:40,BTCUSDT,BINANCE,TRADE,64057.2,8e-05
2026-07-30 13:47:40,BTCUSDT,BINANCE,TRADE,64057.2,8e-05
2026-07-30 13:47:40,BTCUSDT,BINANCE,TRADE,64057.2,1e-05
2026-07-30 13:47:40,BTCUSDT,BINANCE,TRADE,64057.2,0.00018
2026-07-30 13:47:40,BTCUSDT,BINANCE,TRADE,64057.2,0.002
2026-07-30 13:47:40,ETHUSDT,BINANCE,TRADE,1906.71,4
2026-07-30 13:47:40,ETHUSDT,BINANCE,TRADE,1906.71,1.1966
2026-07-30 13:47:40,ETHUSDT,BINANCE,TRADE,1906.71,1.1966
2026-07-30 13:47:40,ETHUSDT,BINANCE,TRADE,1906.71,0.3028
2026-07-30 13:47:40,ETHUSDT,BINANCE,TRADE,1906.71,2.5079
2026-07-30 13:47:40,ETHUSDT,BINANCE,TRADE,1906.71,1.2271
2026-07-30 13:47:40,ETHUSDT,BINANCE,TRADE,1906.71,0.0027
2026-07-30 13:47:40,ETHUSDT,BINANCE,TRADE,1906.71,0.0027
2026-07-30 13:47:40,ETHUSDT,BINANCE,TRADE,1906.71,0.0028
2026-07-30 13:47:40,ETHUSDT,BINANCE,TRADE,1906.71,0.0027
2026-07-30 13:47:40,ETHUSDT,BINANCE,TRADE,1906.71,0.0053
2026-07-30 13:47:40,ETHUSDT,BINANCE,TRADE,1906.71,0.0027
2026-07-30 13:47:40,ETHUSDT,BINANCE,TRADE,1906.71,0.0027
2026-07-30 13:47:40,ETHUSDT,BINANCE,TRADE,1906.71,0.0028
2026-07-30 13:47:40,ETHUSDT,BINANCE,TRADE,1906.71,0.0028
2026-07-30 13:47:40,ETHUSDT,BINANCE,TRADE,1906.71,0.0027
2026-07-30 13:47:40,ETHUSDT,BINANCE,TRADE,1906.71,0.0028
2026-07-30 13:47:40,ETHUSDT,BINANCE,TRADE,1906.71,0.1068
2026-07-30 13:47:40,ETHUSDT,BINANCE,TRADE,1906.71,0.0095
2026-07-30 13:47:40,ETHUSDT,BINANCE,TRADE,1906.71,0.0242
2026-07-30 13:47:40,ETHUSDT,BINANCE,TRADE,1906.71,0.0031
2026-07-30 13:47:40,ETHUSDT,BINANCE,TRADE,1906.71,0.0031
2026-07-30 13:47:40,ETHUSDT,BINANCE,TRADE,1906.71,0.0031
2026-07-30 13:47:40,ETHUSDT,BINANCE,TRADE,1906.71,0.0027
2026-07-30 13:47:40,ETHUSDT,BINANCE,TRADE,1906.71,0.0028
2026-07-30 13:47:40,ETHUSDT,BINANCE,TRADE,1906.71,0.0027
2026-07-30 13:47:40,ETHUSDT,BINANCE,TRADE,1906.71,0.0027
2026-07-30 13:47:40,ETHUSDT,BINANCE,TRADE,1906.71,0.0027
2026-07-30 13:47:40,ETHUSDT,BINANCE,TRADE,1906.71,0.0027
2026-07-30 13:47:40,ETHUSDT,BINANCE,TRADE,1906.71,0.0027
2026-07-30 13:47:40,ETHUSDT,BINANCE,TRADE,1906.71,0.0027
2026-07-30 13:47:40,ETHUSDT,BINANCE,TRADE,1906.71,0.0027
2026-07-30 13:47:40,BTCUSDT,BINANCE,TRADE,64057.2,0.00015
2026-07-30 13:47:40,BTCUSDT,BINANCE,TRADE,64057.2,0.002
2026-07-30 13:47:40,ETHUSDT,BINANCE,TRADE,1906.7,0.0028
2026-07-30 13:47:40,ETHUSDT,BINANCE,TRADE,1906.7,0.0002
2026-07-30 13:47:40,ETHUSDT,BINANCE,TRADE,1906.7,0.0026
2026-07-30 13:47:40,ETHUSDT,BINANCE,TRADE,1906.7,0.0053
2026-07-30 13:47:40,ETHUSDT,BINANCE,TRADE,1906.7,0.0028
2026-07-30 13:47:40,ETHUSDT,BINANCE,TRADE,1906.7,0.0031
2026-07-30 13:47:40,ETHUSDT,BINANCE,TRADE,1906.7,0.0031
2026-07-30 13:47:40,ETHUSDT,BINANCE,TRADE,1906.7,0.0031
2026-07-30 13:47:40,ETHUSDT,BINANCE,TRADE,1906.7,0.0027
2026-07-30 13:47:40,ETHUSDT,BINANCE,TRADE,1906.7,0.0027
2026-07-30 13:47:40,ETHUSDT,BINANCE,TRADE,1906.7,0.0028
2026-07-30 13:47:40,ETHUSDT,BINANCE,TRADE,1906.7,0.0028
2026-07-30 13:47:40,ETHUSDT,BINANCE,TRADE,1906.7,0.0028
2026-07-30 13:47:40,ETHUSDT,BINANCE,TRADE,1906.7,0.0027
2026-07-30 13:47:40,ETHUSDT,BINANCE,TRADE,1906.69,0.0027
2026-07-30 13:47:40,ETHUSDT,BINANCE,TRADE,1906.69,0.0053
2026-07-30 13:47:40,ETHUSDT,BINANCE,TRADE,1906.69,0.0027
2026-07-30 13:47:40,ETHUSDT,BINANCE,TRADE,1906.69,0.0027
2026-07-30 13:47:40,ETHUSDT,BINANCE,TRADE,1906.69,0.0028
2026-07-30 13:47:40,ETHUSDT,BINANCE,TRADE,1906.69,0.0027
2026-07-30 13:47:40,ETHUSDT,BINANCE,TRADE,1906.69,0.0027
2026-07-30 13:47:40,ETHUSDT,BINANCE,TRADE,1906.69,0.0027
2026-07-30 13:47:40,ETHUSDT,BINANCE,TRADE,1906.69,0.0027
2026-07-30 13:47:40,ETHUSDT,BINANCE,TRADE,1906.69,0.0027
2026-07-30 13:47:40,ETHUSDT,BINANCE,TRADE,1906.69,0.0027
2026-07-30 13:47:40,ETHUSDT,BINANCE,TRADE,1906.69,0.0027
2026-07-30 13:47:40,ETHUSDT,BINANCE,TRADE,1906.69,0.0027
2026-07-30 13:47:40,ETHUSDT,BINANCE,TRADE,1906.69,0.0027
2026-07-30 13:47:40,ETHUSDT,BINANCE,TRADE,1906.69,0.0027
2026-07-30 13:47:40,ETHUSDT,BINANCE,TRADE,1906.69,0.0027
2026-07-30 13:47:40,ETHUSDT,BINANCE,TRADE,1906.69,0.0027
2026-07-30 13:47:40,ETHUSDT,BINANCE,TRADE,1906.69,0.0027
2026-07-30 13:47:40,ETHUSDT,BINANCE,TRADE,1906.69,0.0027
2026-07-30 13:47:40,ETHUSDT,BINANCE,TRADE,1906.69,0.0027
2026-07-30 13:47:40,ETHUSDT,BINANCE,TRADE,1906.69,0.0027
2026-07-30 13:47:40,ETHUSDT,BINANCE,TRADE,1906.69,0.0027
2026-07-30 13:47:40,ETHUSDT,BINANCE,TRADE,1906.67,0.0031
2026-07-30 13:47:40,ETHUSDT,BINANCE,TRADE,1906.67,0.0031
2026-07-30 13:47:40,ETHUSDT,BINANCE,TRADE,1906.67,0.0031
2026-07-30 13:47:40,ETHUSDT,BINANCE,TRADE,1906.67,0.0027
2026-07-30 13:47:40,ETHUSDT,BINANCE,TRADE,1906.67,0.0027
2026-07-30 13:47:40,ETHUSDT,BINANCE,TRADE,1906.67,0.0012
2026-07-30 13:47:40,ETHUSDT,BINANCE,TRADE,1906.67,0.0016
2026-07-30 13:47:40,ETHUSDT,BINANCE,TRADE,1906.67,0.0028
2026-07-30 13:47:40,ETHUSDT,BINANCE,TRADE,1906.67,0.0027
2026-07-30 13:47:40,ETHUSDT,BINANCE,TRADE,1906.67,0.0031
2026-07-30 13:47:40,ETHUSDT,BINANCE,TRADE,1906.67,0.0031
2026-07-30 13:47:40,ETHUSDT,BINANCE,TRADE,1906.67,0.0031
2026-07-30 13:47:40,ETHUSDT,BINANCE,TRADE,1906.67,0.0027
2026-07-30 13:47:40,ETHUSDT,BINANCE,TRADE,1906.66,0.0028
2026-07-30 13:47:40,ETHUSDT,BINANCE,TRADE,1906.66,0.0028
2026-07-30 13:47:40,ETHUSDT,BINANCE,TRADE,1906.66,0.0028
2026-07-30 13:47:40,ETHUSDT,BINANCE,TRADE,1906.66,0.0027
2026-07-30 13:47:40,ETHUSDT,BINANCE,TRADE,1906.66,0.0028
2026-07-30 13:47:40,ETHUSDT,BINANCE,TRADE,1906.66,0.0027
2026-07-30 13:47:40,ETHUSDT,BINANCE,TRADE,1906.65,0.0025
2026-07-30 13:47:40,ETHUSDT,BINANCE,TRADE,1906.65,0.0028
2026-07-30 13:47:40,ETHUSDT,BINANCE,TRADE,1906.65,0.0027
2026-07-30 13:47:40,ETHUSDT,BINANCE,TRADE,1906.65,0.0031
2026-07-30 13:47:40,ETHUSDT,BINANCE,TRADE,1906.65,0.0031
2026-07-30 13:47:40,ETHUSDT,BINANCE,TRADE,1906.65,0.0027
2026-07-30 13:47:40,ETHUSDT,BINANCE,TRADE,1906.65,0.0004
2026-07-30 13:47:40,ETHUSDT,BINANCE,TRADE,1906.65,0.0027
2026-07-30 13:47:40,ETHUSDT,BINANCE,TRADE,1906.65,0.0028
2026-07-30 13:47:40,ETHUSDT,BINANCE,TRADE,1906.65,0.0027
2026-07-30 13:47:40,ETHUSDT,BINANCE,TRADE,1906.65,0.0028
2026-07-30 13:47:40,ETHUSDT,BINANCE,TRADE,1906.65,0.0031
2026-07-30 13:47:40,ETHUSDT,BINANCE,TRADE,1906.65,0.0031
2026-07-30 13:47:40,ETHUSDT,BINANCE,TRADE,1906.64,0.0027
2026-07-30 13:47:40,ETHUSDT,BINANCE,TRADE,1906.64,0.0027
2026-07-30 13:47:40,ETHUSDT,BINANCE,TRADE,1906.64,0.0028
2026-07-30 13:47:40,ETHUSDT,BINANCE,TRADE,1906.64,0.0027
2026-07-30 13:47:40,ETHUSDT,BINANCE,TRADE,1906.64,0.0027
2026-07-30 13:47:40,ETHUSDT,BINANCE,TRADE,1906.64,0.0027
2026-07-30 13:47:40,ETHUSDT,BINANCE,TRADE,1906.64,0.0027
2026-07-30 13:47:40,ETHUSDT,BINANCE,TRADE,1906.62,0.0027
2026-07-30 13:47:40,ETHUSDT,BINANCE,TRADE,1906.62,0.0027
2026-07-30 13:47:40,ETHUSDT,BINANCE,TRADE,1906.61,0.0028
2026-07-30 13:47:40,ETHUSDT,BINANCE,TRADE,1906.61,0.0027
2026-07-30 13:47:40,ETHUSDT,BINANCE,TRADE,1906.61,0.0031
2026-07-30 13:47:40,ETHUSDT,BINANCE,TRADE,1906.61,0.0027
2026-07-30 13:47:40,ETHUSDT,BINANCE,TRADE,1906.61,0.0031
2026-07-30 13:47:40,ETHUSDT,BINANCE,TRADE,1906.61,0.0031
2026-07-30 13:47:40,ETHUSDT,BINANCE,TRADE,1906.61,0.0027
2026-07-30 13:47:40,ETHUSDT,BINANCE,TRADE,1906.6,0.0028
2026-07-30 13:47:40,ETHUSDT,BINANCE,TRADE,1906.59,0.0028
2026-07-30 13:47:40,ETHUSDT,BINANCE,TRADE,1906.58,0.0027
2026-07-30 13:47:40,ETHUSDT,BINANCE,TRADE,1906.58,0.0028
2026-07-30 13:47:40,ETHUSDT,BINANCE,TRADE,1906.58,0.0027
2026-07-30 13:47:40,ETHUSDT,BINANCE,TRADE,1906.58,0.0027
2026-07-30 13:47:40,ETHUSDT,BINANCE,TRADE,1906.58,0.0027
2026-07-30 13:47:40,ETHUSDT,BINANCE,TRADE,1906.58,0.0027
2026-07-30 13:47:40,ETHUSDT,BINANCE,TRADE,1906.57,0.0028
2026-07-30 13:47:40,ETHUSDT,BINANCE,TRADE,1906.57,0.0028
2026-07-30 13:47:40,ETHUSDT,BINANCE,TRADE,1906.57,0.0028
2026-07-30 13:47:40,ETHUSDT,BINANCE,TRADE,1906.57,0.0028
2026-07-30 13:47:40,ETHUSDT,BINANCE,TRADE,1906.57,0.0027
2026-07-30 13:47:40,BTCUSDT,BINANCE,TRADE,64057.2,0.002
2026-07-30 13:47:40,BTCUSDT,BINANCE,TRADE,64057.2,8e-05
2026-07-30 13:47:40,BTCUSDT,BINANCE,TRADE,64057.2,8e-05
2026-07-30 13:47:40,BTCUSDT,BINANCE,TRADE,64057.2,8e-05
2026-07-30 13:47:40,BTCUSDT,BINANCE,TRADE,64057.2,8e-05
2026-07-30 13:47:40,BTCUSDT,BINANCE,TRADE,64057.2,8e-05
2026-07-30 13:47:40,BTCUSDT,BINANCE,TRADE,64057.2,8e-05
2026-07-30 13:47:40,BTCUSDT,BINANCE,TRADE,64057.2,8e-05
2026-07-30 13:47:40,BTCUSDT,BINANCE,TRADE,64057.2,8e-05
2026-07-30 13:47:40,BTCUSDT,BINANCE,TRADE,64057.2,8e-05
2026-07-30 13:47:40,BTCUSDT,BINANCE,TRADE,64057.2,8e-05
2026-07-30 13:47:40,BTCUSDT,BINANCE,TRADE,64057.2,8e-05
2026-07-30 13:47:40,BTCUSDT,BINANCE,TRADE,64057.2,8e-05
2026-07-30 13:47:40,BTCUSDT,BINANCE,TRADE,64057.2,8e-05
2026-07-30 13:47:40,BTCUSDT,BINANCE,TRADE,64057.2,0.00177
2026-07-30 13:47:40,BTCUSDT,BINANCE,TRADE,64057.2,0.00017
2026-07-30 13:47:40,BTCUSDT,BINANCE,TRADE,64057.2,0.00016
2026-07-30 13:47:40,BTCUSDT,BINANCE,TRADE,64057.2,0.0198
2026-07-30 13:47:40,BTCUSDT,BINANCE,TRADE,64057.2,0.00129
2026-07-30 13:47:40,ETHUSDT,BINANCE,TRADE,1906.56,0.0027
2026-07-30 13:47:40,ETHUSDT,BINANCE,TRADE,1906.56,0.0027
2026-07-30 13:47:40,ETHUSDT,BINANCE,TRADE,1906.56,0.0028
2026-07-30 13:47:40,ETHUSDT,BINANCE,TRADE,1906.56,0.0021
2026-07-30 13:47:40,ETHUSDT,BINANCE,TRADE,1906.56,0.0006
2026-07-30 13:47:40,ETHUSDT,BINANCE,TRADE,1906.56,0.0031
2026-07-30 13:47:40,ETHUSDT,BINANCE,TRADE,1906.56,0.0028
2026-07-30 13:47:40,ETHUSDT,BINANCE,TRADE,1906.56,0.0027
2026-07-30 13:47:40,ETHUSDT,BINANCE,TRADE,1906.56,0.0027
2026-07-30 13:47:40,ETHUSDT,BINANCE,TRADE,1906.56,0.0027
2026-07-30 13:47:40,ETHUSDT,BINANCE,TRADE,1906.56,0.0027
2026-07-30 13:47:40,ETHUSDT,BINANCE,TRADE,1906.56,0.0027
2026-07-30 13:47:40,ETHUSDT,BINANCE,TRADE,1906.56,0.0027
2026-07-30 13:47:40,ETHUSDT,BINANCE,TRADE,1906.56,0.0031
2026-07-30 13:47:40,ETHUSDT,BINANCE,TRADE,1906.56,0.0031
2026-07-30 13:47:40,ETHUSDT,BINANCE,TRADE,1906.56,0.0027
2026-07-30 13:47:40,ETHUSDT,BINANCE,TRADE,1906.56,0.0027
2026-07-30 13:47:40,ETHUSDT,BINANCE,TRADE,1906.56,0.0028
2026-07-30 13:47:40,ETHUSDT,BINANCE,TRADE,1906.56,0.0027
2026-07-30 13:47:40,ETHUSDT,BINANCE,TRADE,1906.56,0.0027
2026-07-30 13:47:40,ETHUSDT,BINANCE,TRADE,1906.56,0.0027
2026-07-30 13:47:40,ETHUSDT,BINANCE,TRADE,1906.55,0.0027
2026-07-30 13:47:40,ETHUSDT,BINANCE,TRADE,1906.55,0.0028
2026-07-30 13:47:40,ETHUSDT,BINANCE,TRADE,1906.55,0.0027
2026-07-30 13:47:40,ETHUSDT,BINANCE,TRADE,1906.55,0.0027
2026-07-30 13:47:40,ETHUSDT,BINANCE,TRADE,1906.55,0.0027
2026-07-30 13:47:40,ETHUSDT,BINANCE,TRADE,1906.55,0.0027
2026-07-30 13:47:40,ETHUSDT,BINANCE,TRADE,1906.55,0.0027
2026-07-30 13:47:40,ETHUSDT,BINANCE,TRADE,1906.55,0.0027
2026-07-30 13:47:40,ETHUSDT,BINANCE,TRADE,1906.55,0.0027
2026-07-30 13:47:40,ETHUSDT,BINANCE,TRADE,1906.55,0.0027
2026-07-30 13:47:40,ETHUSDT,BINANCE,TRADE,1906.54,0.0027
2026-07-30 13:47:40,ETHUSDT,BINANCE,TRADE,1906.54,0.0027
2026-07-30 13:47:40,ETHUSDT,BINANCE,TRADE,1906.54,0.0027
2026-07-30 13:47:40,ETHUSDT,BINANCE,TRADE,1906.54,0.0027
2026-07-30 13:47:40,ETHUSDT,BINANCE,TRADE,1906.54,0.0028
2026-07-30 13:47:40,ETHUSDT,BINANCE,TRADE,1906.54,0.0027
2026-07-30 13:47:40,ETHUSDT,BINANCE,TRADE,1906.54,0.0027
2026-07-30 13:47:40,ETHUSDT,BINANCE,TRADE,1906.54,0.0027
2026-07-30 13:47:40,ETHUSDT,BINANCE,TRADE,1906.54,0.0027
2026-07-30 13:47:40,ETHUSDT,BINANCE,TRADE,1906.54,0.0027
2026-07-30 13:47:40,ETHUSDT,BINANCE,TRADE,1906.54,0.0027
2026-07-30 13:47:40,ETHUSDT,BINANCE,TRADE,1906.54,0.0027
2026-07-30 13:47:40,ETHUSDT,BINANCE,TRADE,1906.54,0.0027
2026-07-30 13:47:40,ETHUSDT,BINANCE,TRADE,1906.54,0.0027
2026-07-30 13:47:40,ETHUSDT,BINANCE,TRADE,1906.54,0.0027
2026-07-30 13:47:40,ETHUSDT,BINANCE,TRADE,1906.54,0.0027
2026-07-30 13:47:40,ETHUSDT,BINANCE,TRADE,1906.54,0.0027
2026-07-30 13:47:40,ETHUSDT,BINANCE,TRADE,1906.54,0.0027
2026-07-30 13:47:40,ETHUSDT,BINANCE,TRADE,1906.54,0.0027
2026-07-30 13:47:40,ETHUSDT,BINANCE,TRADE,1906.54,0.0027
2026-07-30 13:47:40,ETHUSDT,BINANCE,TRADE,1906.54,0.0027
2026-07-30 13:47:40,ETHUSDT,BINANCE,TRADE,1906.54,0.0027
2026-07-30 13:47:40,ETHUSDT,BINANCE,TRADE,1906.54,0.0027
2026-07-30 13:47:40,ETHUSDT,BINANCE,TRADE,1906.53,0.0027
2026-07-30 13:47:40,ETHUSDT,BINANCE,TRADE,1906.53,0.0028
2026-07-30 13:47:40,ETHUSDT,BINANCE,TRADE,1906.52,0.0028
2026-07-30 13:47:40,ETHUSDT,BINANCE,TRADE,1906.51,0.0027
2026-07-30 13:47:40,ETHUSDT,BINANCE,TRADE,1906.51,0.0028
2026-07-30 13:47:40,ETHUSDT,BINANCE,TRADE,1906.5,0.0028
2026-07-30 13:47:40,ETHUSDT,BINANCE,TRADE,1906.5,0.0028
2026-07-30 13:47:40,ETHUSDT,BINANCE,TRADE,1906.5,0.0028
2026-07-30 13:47:40,ETHUSDT,BINANCE,TRADE,1906.5,0.0028
2026-07-30 13:47:40,ETHUSDT,BINANCE,TRADE,1906.49,0.0371
2026-07-30 13:47:40,BTCUSDT,BINANCE,TRADE,64057.2,0.002
2026-07-30 13:47:40,BTCUSDT,BINANCE,TRADE,64057.2,0.10786
2026-07-30 13:47:40,BTCUSDT,BINANCE,TRADE,64057.2,0.11214
2026-07-30 13:47:40,BTCUSDT,BINANCE,TRADE,64057.2,0.25087
2026-07-30 13:47:40,ETHUSDT,BINANCE,TRADE,1906.49,0.0027
2026-07-30 13:47:40,ETHUSDT,BINANCE,TRADE,1906.49,0.0027
2026-07-30 13:47:40,ETHUSDT,BINANCE,TRADE,1906.49,0.0027
2026-07-30 13:47:40,ETHUSDT,BINANCE,TRADE,1906.49,0.0027
2026-07-30 13:47:40,ETHUSDT,BINANCE,TRADE,1906.49,0.0028
2026-07-30 13:47:40,ETHUSDT,BINANCE,TRADE,1906.49,0.0027
2026-07-30 13:47:40,ETHUSDT,BINANCE,TRADE,1906.49,0.0027
2026-07-30 13:47:40,ETHUSDT,BINANCE,TRADE,1906.49,0.0027
2026-07-30 13:47:40,ETHUSDT,BINANCE,TRADE,1906.49,0.0005
2026-07-30 13:47:40,ETHUSDT,BINANCE,TRADE,1906.49,0.0031
2026-07-30 13:47:40,ETHUSDT,BINANCE,TRADE,1906.49,0.0031
2026-07-30 13:47:40,ETHUSDT,BINANCE,TRADE,1906.49,0.0027
2026-07-30 13:47:40,ETHUSDT,BINANCE,TRADE,1906.49,0.0027
2026-07-30 13:47:40,ETHUSDT,BINANCE,TRADE,1906.49,0.0027
2026-07-30 13:47:40,ETHUSDT,BINANCE,TRADE,1906.49,0.0027
2026-07-30 13:47:40,ETHUSDT,BINANCE,TRADE,1906.49,0.0027
2026-07-30 13:47:40,ETHUSDT,BINANCE,TRADE,1906.49,0.0028
2026-07-30 13:47:40,ETHUSDT,BINANCE,TRADE,1906.49,0.0027
2026-07-30 13:47:40,ETHUSDT,BINANCE,TRADE,1906.49,0.0027
2026-07-30 13:47:40,ETHUSDT,BINANCE,TRADE,1906.49,0.0027
2026-07-30 13:47:40,ETHUSDT,BINANCE,TRADE,1906.49,0.0027
2026-07-30 13:47:40,ETHUSDT,BINANCE,TRADE,1906.49,0.0027
2026-07-30 13:47:40,ETHUSDT,BINANCE,TRADE,1906.49,0.0031
2026-07-30 13:47:40,ETHUSDT,BINANCE,TRADE,1906.49,0.0027
2026-07-30 13:47:40,ETHUSDT,BINANCE,TRADE,1906.49,0.0027
2026-07-30 13:47:40,ETHUSDT,BINANCE,TRADE,1906.49,0.0027
2026-07-30 13:47:40,ETHUSDT,BINANCE,TRADE,1906.49,0.0027
2026-07-30 13:47:40,ETHUSDT,BINANCE,TRADE,1906.49,0.0027
2026-07-30 13:47:40,ETHUSDT,BINANCE,TRADE,1906.49,0.0027
2026-07-30 13:47:40,ETHUSDT,BINANCE,TRADE,1906.49,0.0027
2026-07-30 13:47:40,ETHUSDT,BINANCE,TRADE,1906.49,0.0027
2026-07-30 13:47:40,ETHUSDT,BINANCE,TRADE,1906.49,0.0027
2026-07-30 13:47:40,ETHUSDT,BINANCE,TRADE,1906.49,0.0027
2026-07-30 13:47:40,ETHUSDT,BINANCE,TRADE,1906.49,0.0027
2026-07-30 13:47:40,ETHUSDT,BINANCE,TRADE,1906.49,0.0027
2026-07-30 13:47:40,ETHUSDT,BINANCE,TRADE,1906.48,0.0028
2026-07-30 13:47:40,ETHUSDT,BINANCE,TRADE,1906.48,0.0027
2026-07-30 13:47:40,ETHUSDT,BINANCE,TRADE,1906.48,0.0027
2026-07-30 13:47:40,ETHUSDT,BINANCE,TRADE,1906.48,0.0027
2026-07-30 13:47:40,ETHUSDT,BINANCE,TRADE,1906.48,0.0027
2026-07-30 13:47:40,ETHUSDT,BINANCE,TRADE,1906.47,0.0027
2026-07-30 13:47:40,ETHUSDT,BINANCE,TRADE,1906.47,0.0028
2026-07-30 13:47:40,ETHUSDT,BINANCE,TRADE,1906.46,0.0028
2026-07-30 13:47:40,ETHUSDT,BINANCE,TRADE,1906.45,0.0027
2026-07-30 13:47:40,ETHUSDT,BINANCE,TRADE,1906.45,0.0027
2026-07-30 13:47:40,ETHUSDT,BINANCE,TRADE,1906.45,0.0028
2026-07-30 13:47:40,ETHUSDT,BINANCE,TRADE,1906.45,0.0027
2026-07-30 13:47:40,ETHUSDT,BINANCE,TRADE,1906.44,0.0027
2026-07-30 13:47:40,ETHUSDT,BINANCE,TRADE,1906.44,0.0028
2026-07-30 13:47:40,ETHUSDT,BINANCE,TRADE,1906.44,0.0028
2026-07-30 13:47:40,ETHUSDT,BINANCE,TRADE,1906.44,0.0028
2026-07-30 13:47:40,ETHUSDT,BINANCE,TRADE,1906.44,0.0028
2026-07-30 13:47:40,SOLUSDT,BINANCE,TRADE,73.47,5.942
2026-07-30 13:47:40,ETHUSDT,BINANCE,TRADE,1906.44,0.2298
2026-07-30 13:47:40,BTCUSDT,BINANCE,TRADE,64057.2,0.002
2026-07-30 13:47:40,BTCUSDT,BINANCE,TRADE,64057.2,0.00064
2026-07-30 13:47:40,BTCUSDT,BINANCE,TRADE,64057.2,0.00024
2026-07-30 13:47:40,BTCUSDT,BINANCE,TRADE,64057.2,0.00033
2026-07-30 13:47:40,BTCUSDT,BINANCE,TRADE,64057.2,0.0006
2026-07-30 13:47:40,BTCUSDT,BINANCE,TRADE,64057.2,0.0007
2026-07-30 13:47:40,BTCUSDT,BINANCE,TRADE,64057.2,0.00017
2026-07-30 13:47:40,BTCUSDT,BINANCE,TRADE,64057.2,0.01873
2026-07-30 13:47:40,BTCUSDT,BINANCE,TRADE,64057.2,9e-05
2026-07-30 13:47:40,BTCUSDT,BINANCE,TRADE,64057.2,0.00071
2026-07-30 13:47:40,BTCUSDT,BINANCE,TRADE,64057.2,0.00243
2026-07-30 13:47:40,ETHUSDT,BINANCE,TRADE,1906.44,0.2383
2026-07-30 13:47:40,BTCUSDT,BINANCE,TRADE,64057.2,0.00012
2026-07-30 13:47:40,BTCUSDT,BINANCE,TRADE,64057.2,0.00019
2026-07-30 13:47:40,BTCUSDT,BINANCE,TRADE,64057.2,0.0013
2026-07-30 13:47:40,BTCUSDT,BINANCE,TRADE,64057.2,0.00032
2026-07-30 13:47:40,BTCUSDT,BINANCE,TRADE,64057.2,0.01563
2026-07-30 13:47:40,BTCUSDT,BINANCE,TRADE,64057.2,0.00026
2026-07-30 13:47:40,BTCUSDT,BINANCE,TRADE,64057.2,0.00019
2026-07-30 13:47:40,SOLUSDT,BINANCE,TRADE,73.47,1.919
2026-07-30 13:47:40,BTCUSDT,BINANCE,TRADE,64057.2,0.00398
2026-07-30 13:47:41,BTCUSDT,BINANCE,TRADE,64057.2,0.00149
2026-07-30 13:47:41,BTCUSDT,BINANCE,TRADE,64057.2,0.00012
2026-07-30 13:47:41