timestamp,symbol,exchange,event_type,price,quantity
2026-08-03 23:45:14,SOLUSDT,BINANCE,TRADE,74.12,7.53
2026-08-03 23:45:14,BTCUSDT,BINANCE,TRADE,63976,0.0029
2026-08-03 23:45:14,SOLUSDT,BINANCE,TRADE,74.12,7.53
2026-08-03 23:45:14,ETHUSDT,BINANCE,TRADE,1872.62,0.0028
2026-08-03 23:45:14,ETHUSDT,BINANCE,TRADE,1872.62,0.0027
2026-08-03 23:45:14,ETHUSDT,BINANCE,TRADE,1872.62,0.0032
2026-08-03 23:45:14,ETHUSDT,BINANCE,TRADE,1872.62,0.0032
2026-08-03 23:45:14,ETHUSDT,BINANCE,TRADE,1872.62,0.0054
2026-08-03 23:45:14,ETHUSDT,BINANCE,TRADE,1872.62,0.0027
2026-08-03 23:45:14,ETHUSDT,BINANCE,TRADE,1872.62,0.0027
2026-08-03 23:45:14,ETHUSDT,BINANCE,TRADE,1872.62,0.0027
2026-08-03 23:45:14,ETHUSDT,BINANCE,TRADE,1872.62,0.0214
2026-08-03 23:45:14,ETHUSDT,BINANCE,TRADE,1872.62,1.59
2026-08-03 23:45:14,ETHUSDT,BINANCE,TRADE,1872.62,0.0027
2026-08-03 23:45:14,ETHUSDT,BINANCE,TRADE,1872.62,0.0801
2026-08-03 23:45:14,ETHUSDT,BINANCE,TRADE,1872.62,0.0028
2026-08-03 23:45:14,ETHUSDT,BINANCE,TRADE,1872.62,0.0028
2026-08-03 23:45:14,ETHUSDT,BINANCE,TRADE,1872.62,0.0028
2026-08-03 23:45:14,ETHUSDT,BINANCE,TRADE,1872.62,1.0327
2026-08-03 23:45:14,ETHUSDT,BINANCE,TRADE,1872.62,0.0028
2026-08-03 23:45:14,ETHUSDT,BINANCE,TRADE,1872.62,0.0028
2026-08-03 23:45:14,ETHUSDT,BINANCE,TRADE,1872.62,0.0027
2026-08-03 23:45:14,ETHUSDT,BINANCE,TRADE,1872.62,0.0027
2026-08-03 23:45:14,ETHUSDT,BINANCE,TRADE,1872.62,0.0027
2026-08-03 23:45:14,ETHUSDT,BINANCE,TRADE,1872.62,0.0027
2026-08-03 23:45:14,ETHUSDT,BINANCE,TRADE,1872.63,0.0027
2026-08-03 23:45:14,ETHUSDT,BINANCE,TRADE,1872.63,0.0054
2026-08-03 23:45:14,ETHUSDT,BINANCE,TRADE,1872.63,0.0028
2026-08-03 23:45:14,ETHUSDT,BINANCE,TRADE,1872.63,0.0028
2026-08-03 23:45:14,ETHUSDT,BINANCE,TRADE,1872.63,0.0028
2026-08-03 23:45:14,ETHUSDT,BINANCE,TRADE,1872.63,0.0028
2026-08-03 23:45:14,ETHUSDT,BINANCE,TRADE,1872.63,0.0028
2026-08-03 23:45:14,ETHUSDT,BINANCE,TRADE,1872.63,0.1433
2026-08-03 23:45:14,ETHUSDT,BINANCE,TRADE,1872.63,0.0028
2026-08-03 23:45:14,ETHUSDT,BINANCE,TRADE,1872.63,0.0027
2026-08-03 23:45:14,ETHUSDT,BINANCE,TRADE,1872.63,0.0028
2026-08-03 23:45:14,ETHUSDT,BINANCE,TRADE,1872.63,0.0028
2026-08-03 23:45:14,ETHUSDT,BINANCE,TRADE,1872.63,0.0027
2026-08-03 23:45:14,ETHUSDT,BINANCE,TRADE,1872.63,0.0027
2026-08-03 23:45:14,ETHUSDT,BINANCE,TRADE,1872.63,0.0027
2026-08-03 23:45:14,ETHUSDT,BINANCE,TRADE,1872.63,0.0027
2026-08-03 23:45:14,ETHUSDT,BINANCE,TRADE,1872.64,0.0054
2026-08-03 23:45:14,ETHUSDT,BINANCE,TRADE,1872.64,0.0027
2026-08-03 23:45:14,ETHUSDT,BINANCE,TRADE,1872.64,0.0029
2026-08-03 23:45:14,ETHUSDT,BINANCE,TRADE,1872.64,0.0029
2026-08-03 23:45:14,ETHUSDT,BINANCE,TRADE,1872.64,0.0028
2026-08-03 23:45:14,ETHUSDT,BINANCE,TRADE,1872.64,0.0028
2026-08-03 23:45:14,ETHUSDT,BINANCE,TRADE,1872.64,0.0028
2026-08-03 23:45:14,ETHUSDT,BINANCE,TRADE,1872.64,0.0027
2026-08-03 23:45:14,ETHUSDT,BINANCE,TRADE,1872.64,0.0029
2026-08-03 23:45:14,ETHUSDT,BINANCE,TRADE,1872.64,0.0027
2026-08-03 23:45:14,ETHUSDT,BINANCE,TRADE,1872.64,0.0027
2026-08-03 23:45:14,ETHUSDT,BINANCE,TRADE,1872.64,0.0027
2026-08-03 23:45:14,ETHUSDT,BINANCE,TRADE,1872.65,0.0027
2026-08-03 23:45:14,ETHUSDT,BINANCE,TRADE,1872.65,0.0027
2026-08-03 23:45:14,ETHUSDT,BINANCE,TRADE,1872.65,0.089
2026-08-03 23:45:14,ETHUSDT,BINANCE,TRADE,1872.65,0.0027
2026-08-03 23:45:14,ETHUSDT,BINANCE,TRADE,1872.65,0.0028
2026-08-03 23:45:14,ETHUSDT,BINANCE,TRADE,1872.65,0.0027
2026-08-03 23:45:14,ETHUSDT,BINANCE,TRADE,1872.65,0.0027
2026-08-03 23:45:14,ETHUSDT,BINANCE,TRADE,1872.65,0.0027
2026-08-03 23:45:14,ETHUSDT,BINANCE,TRADE,1872.65,0.0027
2026-08-03 23:45:14,ETHUSDT,BINANCE,TRADE,1872.65,0.0027
2026-08-03 23:45:14,ETHUSDT,BINANCE,TRADE,1872.65,0.0027
2026-08-03 23:45:14,ETHUSDT,BINANCE,TRADE,1872.65,0.0027
2026-08-03 23:45:14,ETHUSDT,BINANCE,TRADE,1872.65,0.0027
2026-08-03 23:45:14,ETHUSDT,BINANCE,TRADE,1872.65,0.0027
2026-08-03 23:45:14,ETHUSDT,BINANCE,TRADE,1872.72,0.0028
2026-08-03 23:45:14,ETHUSDT,BINANCE,TRADE,1872.72,0.0028
2026-08-03 23:45:14,ETHUSDT,BINANCE,TRADE,1872.72,0.0032
2026-08-03 23:45:14,ETHUSDT,BINANCE,TRADE,1872.72,0.0032
2026-08-03 23:45:14,ETHUSDT,BINANCE,TRADE,1872.72,0.0027
2026-08-03 23:45:14,ETHUSDT,BINANCE,TRADE,1872.72,0.1026
2026-08-03 23:45:14,ETHUSDT,BINANCE,TRADE,1872.72,0.0028
2026-08-03 23:45:14,ETHUSDT,BINANCE,TRADE,1872.72,0.0028
2026-08-03 23:45:14,ETHUSDT,BINANCE,TRADE,1872.73,0.0029
2026-08-03 23:45:14,ETHUSDT,BINANCE,TRADE,1872.73,0.0029
2026-08-03 23:45:14,ETHUSDT,BINANCE,TRADE,1872.73,0.0028
2026-08-03 23:45:14,ETHUSDT,BINANCE,TRADE,1872.73,0.0028
2026-08-03 23:45:14,ETHUSDT,BINANCE,TRADE,1872.73,0.0032
2026-08-03 23:45:14,ETHUSDT,BINANCE,TRADE,1872.73,0.0032
2026-08-03 23:45:14,ETHUSDT,BINANCE,TRADE,1872.73,0.0028
2026-08-03 23:45:14,ETHUSDT,BINANCE,TRADE,1872.73,0.0028
2026-08-03 23:45:14,ETHUSDT,BINANCE,TRADE,1872.73,0.0028
2026-08-03 23:45:14,ETHUSDT,BINANCE,TRADE,1872.73,0.0028
2026-08-03 23:45:14,ETHUSDT,BINANCE,TRADE,1872.73,0.0028
2026-08-03 23:45:14,ETHUSDT,BINANCE,TRADE,1872.73,0.0028
2026-08-03 23:45:14,ETHUSDT,BINANCE,TRADE,1872.73,0.1228
2026-08-03 23:45:14,ETHUSDT,BINANCE,TRADE,1872.73,0.0027
2026-08-03 23:45:14,ETHUSDT,BINANCE,TRADE,1872.73,0.0028
2026-08-03 23:45:14,ETHUSDT,BINANCE,TRADE,1872.73,0.0028
2026-08-03 23:45:14,ETHUSDT,BINANCE,TRADE,1872.73,0.0029
2026-08-03 23:45:14,BTCUSDT,BINANCE,TRADE,63976,8e-05
2026-08-03 23:45:14,BTCUSDT,BINANCE,TRADE,63976,2e-05
2026-08-03 23:45:14,SOLUSDT,BINANCE,TRADE,74.12,1.194
2026-08-03 23:45:14,SOLUSDT,BINANCE,TRADE,74.12,7.53
2026-08-03 23:45:14,SOLUSDT,BINANCE,TRADE,74.12,78.332
2026-08-03 23:45:14,SOLUSDT,BINANCE,TRADE,74.12,0.073
2026-08-03 23:45:14,SOLUSDT,BINANCE,TRADE,74.12,0.073
2026-08-03 23:45:14,SOLUSDT,BINANCE,TRADE,74.12,0.068
2026-08-03 23:45:14,SOLUSDT,BINANCE,TRADE,74.12,0.278
2026-08-03 23:45:14,SOLUSDT,BINANCE,TRADE,74.12,0.069
2026-08-03 23:45:14,SOLUSDT,BINANCE,TRADE,74.12,0.075
2026-08-03 23:45:14,SOLUSDT,BINANCE,TRADE,74.12,0.135
2026-08-03 23:45:14,SOLUSDT,BINANCE,TRADE,74.12,9.212
2026-08-03 23:45:14,SOLUSDT,BINANCE,TRADE,74.12,0.073
2026-08-03 23:45:14,SOLUSDT,BINANCE,TRADE,74.12,0.073
2026-08-03 23:45:14,SOLUSDT,BINANCE,TRADE,74.12,0.073
2026-08-03 23:45:14,SOLUSDT,BINANCE,TRADE,74.12,0.073
2026-08-03 23:45:14,SOLUSDT,BINANCE,TRADE,74.12,0.073
2026-08-03 23:45:14,SOLUSDT,BINANCE,TRADE,74.12,0.073
2026-08-03 23:45:14,SOLUSDT,BINANCE,TRADE,74.12,2.121
2026-08-03 23:45:14,SOLUSDT,BINANCE,TRADE,74.12,4.451
2026-08-03 23:45:14,SOLUSDT,BINANCE,TRADE,74.12,1.353
2026-08-03 23:45:14,SOLUSDT,BINANCE,TRADE,74.12,11.196
2026-08-03 23:45:14,SOLUSDT,BINANCE,TRADE,74.12,0.07
2026-08-03 23:45:14,SOLUSDT,BINANCE,TRADE,74.12,0.071
2026-08-03 23:45:14,SOLUSDT,BINANCE,TRADE,74.12,0.2
2026-08-03 23:45:14,SOLUSDT,BINANCE,TRADE,74.12,0.073
2026-08-03 23:45:14,SOLUSDT,BINANCE,TRADE,74.12,0.073
2026-08-03 23:45:14,SOLUSDT,BINANCE,TRADE,74.12,0.073
2026-08-03 23:45:14,SOLUSDT,BINANCE,TRADE,74.12,0.073
2026-08-03 23:45:14,SOLUSDT,BINANCE,TRADE,74.12,0.135
2026-08-03 23:45:14,SOLUSDT,BINANCE,TRADE,74.12,0.073
2026-08-03 23:45:14,SOLUSDT,BINANCE,TRADE,74.12,0.073
2026-08-03 23:45:14,SOLUSDT,BINANCE,TRADE,74.12,0.073
2026-08-03 23:45:14,SOLUSDT,BINANCE,TRADE,74.12,0.068
2026-08-03 23:45:14,SOLUSDT,BINANCE,TRADE,74.12,0.073
2026-08-03 23:45:14,SOLUSDT,BINANCE,TRADE,74.12,3.593
2026-08-03 23:45:14,BTCUSDT,BINANCE,TRADE,63976,0.03126
2026-08-03 23:45:14,BTCUSDT,BINANCE,TRADE,63976,7e-05
2026-08-03 23:45:14,BTCUSDT,BINANCE,TRADE,63976,8e-05
2026-08-03 23:45:14,BTCUSDT,BINANCE,TRADE,63976,0.00185
2026-08-03 23:45:14,SOLUSDT,BINANCE,TRADE,74.12,0.273
2026-08-03 23:45:15,SOLUSDT,BINANCE,TRADE,74.12,0.206
2026-08-03 23:45:15,SOLUSDT,BINANCE,TRADE,74.12,0.206
2026-08-03 23:45:15,SOLUSDT,BINANCE,TRADE,74.12,0.206
2026-08-03 23:45:15,SOLUSDT,BINANCE,TRADE,74.12,0.204
2026-08-03 23:45:15,SOLUSDT,BINANCE,TRADE,74.12,0.546
2026-08-03 23:45:15,SOLUSDT,BINANCE,TRADE,74.12,0.479
2026-08-03 23:45:15,SOLUSDT,BINANCE,TRADE,74.12,0.206
2026-08-03 23:45:15,BTCUSDT,BINANCE,TRADE,63976,0.01553
2026-08-03 23:45:15,BTCUSDT,BINANCE,TRADE,63976,0.00265
2026-08-03 23:45:15,BTCUSDT,BINANCE,TRADE,63976,8e-05
2026-08-03 23:45:15,BTCUSDT,BINANCE,TRADE,63976,8e-05
2026-08-03 23:45:15,BTCUSDT,BINANCE,TRADE,63976,8e-05
2026-08-03 23:45:15,BTCUSDT,BINANCE,TRADE,63976,8e-05
2026-08-03 23:45:15,BTCUSDT,BINANCE,TRADE,63976,8e-05
2026-08-03 23:45:15,BTCUSDT,BINANCE,TRADE,63976,0.007
2026-08-03 23:45:15,BTCUSDT,BINANCE,TRADE,63976,0.007
2026-08-03 23:45:15,BTCUSDT,BINANCE,TRADE,63976,0.00016
2026-08-03 23:45:15,BTCUSDT,BINANCE,TRADE,63976,8e-05
2026-08-03 23:45:15,BTCUSDT,BINANCE,TRADE,63976,8e-05
2026-08-03 23:45:15,BTCUSDT,BINANCE,TRADE,63976,8e-05
2026-08-03 23:45:15,BTCUSDT,BINANCE,TRADE,63976,9e-05
2026-08-03 23:45:15,BTCUSDT,BINANCE,TRADE,63976,9e-05
2026-08-03 23:45:15,BTCUSDT,BINANCE,TRADE,63976,9e-05
2026-08-03 23:45:15,BTCUSDT,BINANCE,TRADE,63976,9e-05
2026-08-03 23:45:15,BTCUSDT,BINANCE,TRADE,63976,9e-05
2026-08-03 23:45:15,BTCUSDT,BINANCE,TRADE,63976,9e-05
2026-08-03 23:45:15,BTCUSDT,BINANCE,TRADE,63976,8e-05
2026-08-03 23:45:15,BTCUSDT,BINANCE,TRADE,63976,9e-05
2026-08-03 23:45:15,BTCUSDT,BINANCE,TRADE,63976,9e-05
2026-08-03 23:45:15,BTCUSDT,BINANCE,TRADE,63976,9e-05
2026-08-03 23:45:15,BTCUSDT,BINANCE,TRADE,63976,9e-05
2026-08-03 23:45:15,BTCUSDT,BINANCE,TRADE,63976,9e-05
2026-08-03 23:45:15,BTCUSDT,BINANCE,TRADE,63976,9e-05
2026-08-03 23:45:15,BTCUSDT,BINANCE,TRADE,63976,0.0035
2026-08-03 23:45:15,BTCUSDT,BINANCE,TRADE,63976,0.0264
2026-08-03 23:45:15,BTCUSDT,BINANCE,TRADE,63976,0.0025
2026-08-03 23:45:15,BTCUSDT,BINANCE,TRADE,63976,9e-05
2026-08-03 23:45:15,BTCUSDT,BINANCE,TRADE,63976,0.0015
2026-08-03 23:45:15,BTCUSDT,BINANCE,TRADE,63976,8e-05
2026-08-03 23:45:15,BTCUSDT,BINANCE,TRADE,63976,8e-05
2026-08-03 23:45:15,BTCUSDT,BINANCE,TRADE,63976,8e-05
2026-08-03 23:45:15,BTCUSDT,BINANCE,TRADE,63976,8e-05
2026-08-03 23:45:15,BTCUSDT,BINANCE,TRADE,63976,9e-05
2026-08-03 23:45:15,BTCUSDT,BINANCE,TRADE,63976,9e-05
2026-08-03 23:45:15,BTCUSDT,BINANCE,TRADE,63976,0.00016
2026-08-03 23:45:15,BTCUSDT,BINANCE,TRADE,63976,9e-05
2026-08-03 23:45:15,BTCUSDT,BINANCE,TRADE,63976,9e-05
2026-08-03 23:45:15,BTCUSDT,BINANCE,TRADE,63976,9e-05
2026-08-03 23:45:15,BTCUSDT,BINANCE,TRADE,63976,9e-05
2026-08-03 23:45:15,BTCUSDT,BINANCE,TRADE,63976,9e-05
2026-08-03 23:45:15,BTCUSDT,BINANCE,TRADE,63976,9e-05
2026-08-03 23:45:15,BTCUSDT,BINANCE,TRADE,63976,9e-05
2026-08-03 23:45:15,BTCUSDT,BINANCE,TRADE,63976,0.00016
2026-08-03 23:45:15,BTCUSDT,BINANCE,TRADE,63976.5,8e-05
2026-08-03 23:45:15,BTCUSDT,BINANCE,TRADE,63976.6,8e-05
2026-08-03 23:45:15,SOLUSDT,BINANCE,TRADE,74.13,0.077
2026-08-03 23:45:15,SOLUSDT,BINANCE,TRADE,74.13,0.011
2026-08-03 23:45:15,ETHUSDT,BINANCE,TRADE,1872.73,0.1
2026-08-03 23:45:15,SOLUSDT,BINANCE,TRADE,74.12,0.134
2026-08-03 23:45:16,BTCUSDT,BINANCE,TRADE,63977.5,0.00016
2026-08-03 23:45:16,BTCUSDT,BINANCE,TRADE,63977.5,0.00106
2026-08-03 23:45:16,SOLUSDT,BINANCE,TRADE,74.12,2.27
2026-08-03 23:45:16,BTCUSDT,BINANCE,TRADE,63977.5,8e-05
2026-08-03 23:45:16,BTCUSDT,BINANCE,TRADE,63977.5,9e-05
2026-08-03 23:45:16,BTCUSDT,BINANCE,TRADE,63977.5,6e-05
2026-08-03 23:45:16,BTCUSDT,BINANCE,TRADE,63977.5,0.0001
2026-08-03 23:45:16,SOLUSDT,BINANCE,TRADE,74.12,5
2026-08-03 23:45:16,SOLUSDT,BINANCE,TRADE,74.13,0.091
2026-08-03 23:45:16,SOLUSDT,BINANCE,TRADE,74.13,0.115
2026-08-03 23:45:16,SOLUSDT,BINANCE,TRADE,74.13,0.628
2026-08-03 23:45:16,SOLUSDT,BINANCE,TRADE,74.13,0.144
2026-08-03 23:45:16,SOLUSDT,BINANCE,TRADE,74.13,1.388
2026-08-03 23:45:16,SOLUSDT,BINANCE,TRADE,74.13,0.429
2026-08-03 23:45:16,SOLUSDT,BINANCE,TRADE,74.13,0.216
2026-08-03 23:45:16,SOLUSDT,BINANCE,TRADE,74.13,0.128
2026-08-03 23:45:16,SOLUSDT,BINANCE,TRADE,74.13,0.107
2026-08-03 23:45:16,SOLUSDT,BINANCE,TRADE,74.13,1.611
2026-08-03 23:45:16,SOLUSDT,BINANCE,TRADE,74.13,0.072
2026-08-03 23:45:16,SOLUSDT,BINANCE,TRADE,74.13,0.082
2026-08-03 23:45:16,SOLUSDT,BINANCE,TRADE,74.13,0.148
2026-08-03 23:45:16,SOLUSDT,BINANCE,TRADE,74.13,0.607
2026-08-03 23:45:16,SOLUSDT,BINANCE,TRADE,74.13,0.134
2026-08-03 23:45:16,SOLUSDT,BINANCE,TRADE,74.13,0.069
2026-08-03 23:45:16,SOLUSDT,BINANCE,TRADE,74.13,0.081
2026-08-03 23:45:16,SOLUSDT,BINANCE,TRADE,74.13,0.15
2026-08-03 23:45:16,SOLUSDT,BINANCE,TRADE,74.13,0.075
2026-08-03 23:45:16,SOLUSDT,BINANCE,TRADE,74.13,8.725
2026-08-03 23:45:17,BTCUSDT,BINANCE,TRADE,63977.5,0.00048
2026-08-03 23:45:17,SOLUSDT,BINANCE,TRADE,74.12,0.155
2026-08-03 23:45:17,BTCUSDT,BINANCE,TRADE,63977.5,3e-05
2026-08-03 23:45:17,BTCUSDT,BINANCE,TRADE,63977.5,9e-05
2026-08-03 23:45:17,BTCUSDT,BINANCE,TRADE,63977.5,3e-05
2026-08-03 23:45:17,BTCUSDT,BINANCE,TRADE,63977.5,0.00015
2026-08-03 23:45:17,ETHUSDT,BINANCE,TRADE,1872.74,0.001
2026-08-03 23:45:17,ETHUSDT,BINANCE,TRADE,1872.74,0.002
2026-08-03 23:45:17,SOLUSDT,BINANCE,TRADE,74.12,0.079
2026-08-03 23:45:18,BTCUSDT,BINANCE,TRADE,63977.5,5e-05
2026-08-03 23:45:18,BTCUSDT,BINANCE,TRADE,63977.5,0.0003
2026-08-03 23:45:18,ETHUSDT,BINANCE,TRADE,1872.73,2.2514
2026-08-03 23:45:18,ETHUSDT,BINANCE,TRADE,1872.73,0.0681
2026-08-03 23:45:18,SOLUSDT,BINANCE,TRADE,74.13,7.53
2026-08-03 23:45:18,BTCUSDT,BINANCE,TRADE,63977.5,0.01012
2026-08-03 23:45:18,SOLUSDT,BINANCE,TRADE,74.13,40.04
2026-08-03 23:45:18,SOLUSDT,BINANCE,TRADE,74.13,0.068
2026-08-03 23:45:18,SOLUSDT,BINANCE,TRADE,74.13,0.101
2026-08-03 23:45:18,SOLUSDT,BINANCE,TRADE,74.13,2
2026-08-03 23:45:18,SOLUSDT,BINANCE,TRADE,74.13,0.278
2026-08-03 23:45:18,SOLUSDT,BINANCE,TRADE,74.13,25.033
2026-08-03 23:45:18,BTCUSDT,BINANCE,TRADE,63977.5,0.00022
2026-08-03 23:45:18,BTCUSDT,BINANCE,TRADE,63977.5,0.00123
2026-08-03 23:45:19,SOLUSDT,BINANCE,TRADE,74.12,3
2026-08-03 23:45:19,BTCUSDT,BINANCE,TRADE,63977.5,0.00015
2026-08-03 23:45:19,BTCUSDT,BINANCE,TRADE,63977.5,0.00015
2026-08-03 23:45:19,SOLUSDT,BINANCE,TRADE,74.13,48.677
2026-08-03 23:45:19,SOLUSDT,BINANCE,TRADE,74.13,18.843
2026-08-03 23:45:19,BTCUSDT,BINANCE,TRADE,63977.5,0.00084
2026-08-03 23:45:19,BTCUSDT,BINANCE,TRADE,63977.5,0.25563
2026-08-03 23:45:20,ETHUSDT,BINANCE,TRADE,1872.74,0.003
2026-08-03 23:45:20,SOLUSDT,BINANCE,TRADE,74.12,1.5
2026-08-03 23:45:21,SOLUSDT,BINANCE,TRADE,74.13,7.52
2026-08-03 23:45:21,BTCUSDT,BINANCE,TRADE,63977.5,0.00026
2026-08-03 23:45:21,BTCUSDT,BINANCE,TRADE,63977.5,0.00033
2026-08-03 23:45:21,BTCUSDT,BINANCE,TRADE,63977.5,8e-05
2026-08-03 23:45:21,BTCUSDT,BINANCE,TRADE,63977.5,9e-05
2026-08-03 23:45:21,BTCUSDT,BINANCE,TRADE,63977.5,8e-05
2026-08-03 23:45:21,BTCUSDT,BINANCE,TRADE,63977.5,8e-05
2026-08-03 23:45:21,BTCUSDT,BINANCE,TRADE,63977.5,8e-05
2026-08-03 23:45:21,BTCUSDT,BINANCE,TRADE,63977.5,8e-05
2026-08-03 23:45:21,BTCUSDT,BINANCE,TRADE,63977.5,8e-05
2026-08-03 23:45:21,BTCUSDT,BINANCE,TRADE,63977.5,8e-05
2026-08-03 23:45:21,BTCUSDT,BINANCE,TRADE,63977.5,8e-05
2026-08-03 23:45:21,BTCUSDT,BINANCE,TRADE,63977.5,9e-05
2026-08-03 23:45:21,BTCUSDT,BINANCE,TRADE,63977.5,0.00041
2026-08-03 23:45:21,BTCUSDT,BINANCE,TRADE,63977.5,0.00625
2026-08-03 23:45:21,BTCUSDT,BINANCE,TRADE,63977.5,0.00034
2026-08-03 23:45:21,BTCUSDT,BINANCE,TRADE,63977.5,0.00023
2026-08-03 23:45:21,ETHUSDT,BINANCE,TRADE,1872.74,0.0027
2026-08-03 23:45:21,ETHUSDT,BINANCE,TRADE,1872.74,0.0027
2026-08-03 23:45:21,ETHUSDT,BINANCE,TRADE,1872.74,0.0027
2026-08-03 23:45:21,ETHUSDT,BINANCE,TRADE,1872.74,0.0893
2026-08-03 23:45:21,ETHUSDT,BINANCE,TRADE,1872.74,0.0027
2026-08-03 23:45:21,ETHUSDT,BINANCE,TRADE,1872.74,0.0028
2026-08-03 23:45:21,ETHUSDT,BINANCE,TRADE,1872.74,0.0027
2026-08-03 23:45:21,ETHUSDT,BINANCE,TRADE,1872.74,1.28
2026-08-03 23:45:21,ETHUSDT,BINANCE,TRADE,1872.74,0.0054
2026-08-03 23:45:21,ETHUSDT,BINANCE,TRADE,1872.74,0.0027
2026-08-03 23:45:21,ETHUSDT,BINANCE,TRADE,1872.74,0.0027
2026-08-03 23:45:21,ETHUSDT,BINANCE,TRADE,1872.74,0.0032
2026-08-03 23:45:21,ETHUSDT,BINANCE,TRADE,1872.74,0.0027
2026-08-03 23:45:21,ETHUSDT,BINANCE,TRADE,1872.74,0.0032
2026-08-03 23:45:21,ETHUSDT,BINANCE,TRADE,1872.74,0.0027
2026-08-03 23:45:21,ETHUSDT,BINANCE,TRADE,1872.74,0.0027
2026-08-03 23:45:21,ETHUSDT,BINANCE,TRADE,1872.74,0.0027
2026-08-03 23:45:21,ETHUSDT,BINANCE,TRADE,1872.74,0.0027
2026-08-03 23:45:21,ETHUSDT,BINANCE,TRADE,1872.74,0.0027
2026-08-03 23:45:21,ETHUSDT,BINANCE,TRADE,1872.74,0.0027
2026-08-03 23:45:21,ETHUSDT,BINANCE,TRADE,1872.74,0.0027
2026-08-03 23:45:21,ETHUSDT,BINANCE,TRADE,1872.74,0.0027
2026-08-03 23:45:21,ETHUSDT,BINANCE,TRADE,1872.74,0.0027
2026-08-03 23:45:21,ETHUSDT,BINANCE,TRADE,1872.74,0.0027
2026-08-03 23:45:21,ETHUSDT,BINANCE,TRADE,1872.75,0.0054
2026-08-03 23:45:21,ETHUSDT,BINANCE,TRADE,1872.76,0.0027
2026-08-03 23:45:21,ETHUSDT,BINANCE,TRADE,1872.76,0.0027
2026-08-03 23:45:21,ETHUSDT,BINANCE,TRADE,1872.76,0.0054
2026-08-03 23:45:21,ETHUSDT,BINANCE,TRADE,1872.76,0.0027
2026-08-03 23:45:21,ETHUSDT,BINANCE,TRADE,1872.76,0.0027
2026-08-03 23:45:21,ETHUSDT,BINANCE,TRADE,1872.77,0.0027
2026-08-03 23:45:21,ETHUSDT,BINANCE,TRADE,1872.77,0.0027
2026-08-03 23:45:21,ETHUSDT,BINANCE,TRADE,1872.77,0.0027
2026-08-03 23:45:21,ETHUSDT,BINANCE,TRADE,1872.77,0.0027
2026-08-03 23:45:21,ETHUSDT,BINANCE,TRADE,1872.78,0.0027
2026-08-03 23:45:21,ETHUSDT,BINANCE,TRADE,1872.8,0.0027
2026-08-03 23:45:21,ETHUSDT,BINANCE,TRADE,1872.8,0.0032
2026-08-03 23:45:21,ETHUSDT,BINANCE,TRADE,1872.8,0.0032
2026-08-03 23:45:21,ETHUSDT,BINANCE,TRADE,1872.8,0.0027
2026-08-03 23:45:21,ETHUSDT,BINANCE,TRADE,1872.81,0.0027
2026-08-03 23:45:21,ETHUSDT,BINANCE,TRADE,1872.82,0.011
2026-08-03 23:45:21,ETHUSDT,BINANCE,TRADE,1872.82,0.0027
2026-08-03 23:45:21,ETHUSDT,BINANCE,TRADE,1872.82,0.0032
2026-08-03 23:45:21,ETHUSDT,BINANCE,TRADE,1872.82,0.0032
2026-08-03 23:45:21,ETHUSDT,BINANCE,TRADE,1872.82,0.0028
2026-08-03 23:45:21,ETHUSDT,BINANCE,TRADE,1872.82,0.0028
2026-08-03 23:45:21,ETHUSDT,BINANCE,TRADE,1872.82,0.0028
2026-08-03 23:45:21,ETHUSDT,BINANCE,TRADE,1872.82,0.0957
2026-08-03 23:45:21,ETHUSDT,BINANCE,TRADE,1872.84,0.0027
2026-08-03 23:45:21,ETHUSDT,BINANCE,TRADE,1872.84,0.0027
2026-08-03 23:45:21,ETHUSDT,BINANCE,TRADE,1872.84,0.0027
2026-08-03 23:45:21,ETHUSDT,BINANCE,TRADE,1872.84,0.0027
2026-08-03 23:45:21,ETHUSDT,BINANCE,TRADE,1872.84,0.0027
2026-08-03 23:45:21,ETHUSDT,BINANCE,TRADE,1872.84,0.0027
2026-08-03 23:45:21,ETHUSDT,BINANCE,TRADE,1872.84,0.0027
2026-08-03 23:45:21,ETHUSDT,BINANCE,TRADE,1872.84,0.0027
2026-08-03 23:45:21,ETHUSDT,BINANCE,TRADE,1872.84,0.0027
2026-08-03 23:45:21,ETHUSDT,BINANCE,TRADE,1872.84,0.0027
2026-08-03 23:45:21,ETHUSDT,BINANCE,TRADE,1872.86,0.003
2026-08-03 23:45:21,ETHUSDT,BINANCE,TRADE,1872.86,0.0027
2026-08-03 23:45:21,ETHUSDT,BINANCE,TRADE,1872.87,0.0027
2026-08-03 23:45:21,ETHUSDT,BINANCE,TRADE,1872.87,0.0027
2026-08-03 23:45:21,ETHUSDT,BINANCE,TRADE,1872.87,0.0027
2026-08-03 23:45:21,ETHUSDT,BINANCE,TRADE,1872.87,0.0027
2026-08-03 23:45:21,ETHUSDT,BINANCE,TRADE,1872.87,0.0027
2026-08-03 23:45:21,ETHUSDT,BINANCE,TRADE,1872.9,0.0027
2026-08-03 23:45:21,ETHUSDT,BINANCE,TRADE,1872.9,0.0027
2026-08-03 23:45:21,ETHUSDT,BINANCE,TRADE,1872.9,0.0027
2026-08-03 23:45:21,ETHUSDT,BINANCE,TRADE,1872.9,0.0027
2026-08-03 23:45:21,ETHUSDT,BINANCE,TRADE,1872.9,0.0027
2026-08-03 23:45:21,ETHUSDT,BINANCE,TRADE,1872.9,0.0027
2026-08-03 23:45:21,ETHUSDT,BINANCE,TRADE,1872.91,0.0027
2026-08-03 23:45:21,ETHUSDT,BINANCE,TRADE,1872.91,0.0027
2026-08-03 23:45:21,ETHUSDT,BINANCE,TRADE,1872.91,0.0027
2026-08-03 23:45:21,ETHUSDT,BINANCE,TRADE,1872.91,0.0027
2026-08-03 23:45:21,ETHUSDT,BINANCE,TRADE,1872.91,0.0027
2026-08-03 23:45:21,ETHUSDT,BINANCE,TRADE,1872.92,0.0029
2026-08-03 23:45:21,ETHUSDT,BINANCE,TRADE,1872.92,0.0029
2026-08-03 23:45:21,ETHUSDT,BINANCE,TRADE,1872.92,0.0029
2026-08-03 23:45:21,ETHUSDT,BINANCE,TRADE,1872.92,0.0079
2026-08-03 23:45:21,SOLUSDT,BINANCE,TRADE,74.12,2
2026-08-03 23:45:22,SOLUSDT,BINANCE,TRADE,74.12,0.21
2026-08-03 23:45:22,SOLUSDT,BINANCE,TRADE,74.13,3.231
2026-08-03 23:45:22,SOLUSDT,BINANCE,TRADE,74.13,0.073
2026-08-03 23:45:22,SOLUSDT,BINANCE,TRADE,74.13,0.073
2026-08-03 23:45:22,SOLUSDT,BINANCE,TRADE,74.13,0.273
2026-08-03 23:45:22,SOLUSDT,BINANCE,TRADE,74.13,0.135
2026-08-03 23:45:22,SOLUSDT,BINANCE,TRADE,74.13,0.073
2026-08-03 23:45:22,SOLUSDT,BINANCE,TRADE,74.13,0.073
2026-08-03 23:45:22,SOLUSDT,BINANCE,TRADE,74.13,2.166
2026-08-03 23:45:22,SOLUSDT,BINANCE,TRADE,74.13,0.073
2026-08-03 23:45:22,SOLUSDT,BINANCE,TRADE,74.13,0.073
2026-08-03 23:45:22,SOLUSDT,BINANCE,TRADE,74.13,61.277
2026-08-03 23:45:22,BTCUSDT,BINANCE,TRADE,63977.5,0.00677
2026-08-03 23:45:22,BTCUSDT,BINANCE,TRADE,63977.5,0.00016
2026-08-03 23:45:22,BTCUSDT,BINANCE,TRADE,63977.5,9e-05
2026-08-03 23:45:22,BTCUSDT,BINANCE,TRADE,63977.5,9e-05
2026-08-03 23:45:22,BTCUSDT,BINANCE,TRADE,63977.5,9e-05
2026-08-03 23:45:22,BTCUSDT,BINANCE,TRADE,63977.5,9e-05
2026-08-03 23:45:22,BTCUSDT,BINANCE,TRADE,63977.5,9e-05
2026-08-03 23:45:22,BTCUSDT,BINANCE,TRADE,63977.5,8e-05
2026-08-03 23:45:22,BTCUSDT,BINANCE,TRADE,63977.5,8e-05
2026-08-03 23:45:22,BTCUSDT,BINANCE,TRADE,63977.5,8e-05
2026-08-03 23:45:22,BTCUSDT,BINANCE,TRADE,63977.5,9e-05
2026-08-03 23:45:22,BTCUSDT,BINANCE,TRADE,63977.5,0.00111
2026-08-03 23:45:22,BTCUSDT,BINANCE,TRADE,63977.5,8e-05
2026-08-03 23:45:22,BTCUSDT,BINANCE,TRADE,63977.5,8e-05
2026-08-03 23:45:22,BTCUSDT,BINANCE,TRADE,63977.5,9e-05
2026-08-03 23:45:22,BTCUSDT,BINANCE,TRADE,63977.5,9e-05
2026-08-03 23:45:22,BTCUSDT,BINANCE,TRADE,63977.5,0.00626
2026-08-03 23:45:22,BTCUSDT,BINANCE,TRADE,63977.5,0.0035
2026-08-03 23:45:22,BTCUSDT,BINANCE,TRADE,63977.5,0.0264
2026-08-03 23:45:22,BTCUSDT,BINANCE,TRADE,63977.5,0.0015
2026-08-03 23:45:22,BTCUSDT,BINANCE,TRADE,63977.5,0.00048
2026-08-03 23:45:22,BTCUSDT,BINANCE,TRADE,63977.5,0.0025
2026-08-03 23:45:22,BTCUSDT,BINANCE,TRADE,63977.5,0.0007
2026-08-03 23:45:22,BTCUSDT,BINANCE,TRADE,63977.5,0.02297
2026-08-03 23:45:22,BTCUSDT,BINANCE,TRADE,63977.5,0.00073
2026-08-03 23:45:22,SOLUSDT,BINANCE,TRADE,74.13,3.23
2026-08-03 23:45:23,ETHUSDT,BINANCE,TRADE,1872.92,0.0028
2026-08-03 23:45:23,ETHUSDT,BINANCE,TRADE,1872.92,0.0027
2026-08-03 23:45:23,ETHUSDT,BINANCE,TRADE,1872.92,0.0027
2026-08-03 23:45:23,ETHUSDT,BINANCE,TRADE,1872.92,0.0028
2026-08-03 23:45:23,ETHUSDT,BINANCE,TRADE,1872.92,0.0054
2026-08-03 23:45:23,ETHUSDT,BINANCE,TRADE,1872.92,0.0027
2026-08-03 23:45:23,ETHUSDT,BINANCE,TRADE,1872.92,0.0027
2026-08-03 23:45:23,ETHUSDT,BINANCE,TRADE,1872.92,0.0032
2026-08-03 23:45:23,ETHUSDT,BINANCE,TRADE,1872.92,0.0028
2026-08-03 23:45:23,ETHUSDT,BINANCE,TRADE,1872.92,0.0027
2026-08-03 23:45:23,ETHUSDT,BINANCE,TRADE,1872.92,0.0096
2026-08-03 23:45:23,ETHUSDT,BINANCE,TRADE,1872.92,0.0028
2026-08-03 23:45:23,ETHUSDT,BINANCE,TRADE,1872.92,0.0028
2026-08-03 23:45:23,ETHUSDT,BINANCE,TRADE,1872.92,0.0028
2026-08-03 23:45:23,ETHUSDT,BINANCE,TRADE,1872.92,0.0032
2026-08-03 23:45:23,ETHUSDT,BINANCE,TRADE,1872.92,0.0028
2026-08-03 23:45:23,ETHUSDT,BINANCE,TRADE,1872.92,0.0028
2026-08-03 23:45:23,ETHUSDT,BINANCE,TRADE,1872.92,0.0027
2026-08-03 23:45:23,ETHUSDT,BINANCE,TRADE,1872.92,0.0027
2026-08-03 23:45:23,ETHUSDT,BINANCE,TRADE,1872.92,0.0027
2026-08-03 23:45:23,ETHUSDT,BINANCE,TRADE,1872.92,0.0027
2026-08-03 23:45:23,ETHUSDT,BINANCE,TRADE,1872.92,0.0027
2026-08-03 23:45:23,ETHUSDT,BINANCE,TRADE,1872.92,0.0027
2026-08-03 23:45:23,ETHUSDT,BINANCE,TRADE,1872.92,0.0027
2026-08-03 23:45:23,ETHUSDT,BINANCE,TRADE,1872.92,0.0027
2026-08-03 23:45:23,ETHUSDT,BINANCE,TRADE,1872.92,0.0027
2026-08-03 23:45:23,ETHUSDT,BINANCE,TRADE,1872.92,0.0027
2026-08-03 23:45:23,ETHUSDT,BINANCE,TRADE,1872.92,0.0027
2026-08-03 23:45:23,ETHUSDT,BINANCE,TRADE,1872.92,0.0027
2026-08-03 23:45:24,SOLUSDT,BINANCE,TRADE,74.12,1.494
2026-08-03 23:45:24,BTCUSDT,BINANCE,TRADE,63977.5,0.02627
2026-08-03 23:45:24,BTCUSDT,BINANCE,TRADE,63977.5,0.13515
2026-08-03 23:45:24,BTCUSDT,BINANCE,TRADE,63977.5,0.02392
2026-08-03 23:45:24,BTCUSDT,BINANCE,TRADE,63977.5,0.02313
2026-08-03 23:45:24,BTCUSDT,BINANCE,TRADE,63977.5,0.3
2026-08-03 23:45:24,BTCUSDT,BINANCE,TRADE,63977.5,0.08153
2026-08-03 23:45:24,BTCUSDT,BINANCE,TRADE,63977.5,0.00329
2026-08-03 23:45:24,SOLUSDT,BINANCE,TRADE,74.13,0.377
2026-08-03 23:45:25,SOLUSDT,BINANCE,TRADE,74.13,0.628
2026-08-03 23:45:26,BTCUSDT,BINANCE,TRADE,63977.5,0.00076
2026-08-03 23:45:26,BTCUSDT,BINANCE,TRADE,63977.5,0.00033
2026-08-03 23:45:26,SOLUSDT,BINANCE,TRADE,74.12,1
2026-08-03 23:45:26,SOLUSDT,BINANCE,TRADE,74.13,0.386
2026-08-03 23:45:27,BTCUSDT,BINANCE,TRADE,63977.5,0.0001
2026-08-03 23:45:27,BTCUSDT,BINANCE,TRADE,63977.5,0.00011
2026-08-03 23:45:27,BTCUSDT,BINANCE,TRADE,63977.5,0.00013
2026-08-03 23:45:27,SOLUSDT,BINANCE,TRADE,74.13,0.08
2026-08-03 23:45:27,BTCUSDT,BINANCE,TRADE,63977.5,0.00312
2026-08-03 23:45:27,BTCUSDT,BINANCE,TRADE,63977.5,0.00162
2026-08-03 23:45:27,BTCUSDT,BINANCE,TRADE,63977.5,0.01175
2026-08-03 23:45:27,BTCUSDT,BINANCE,TRADE,63977.5,0.0035
2026-08-03 23:45:27,BTCUSDT,BINANCE,TRADE,63977.5,8e-05
2026-08-03 23:45:27,BTCUSDT,BINANCE,TRADE,63977.5,9e-05
2026-08-03 23:45:27,BTCUSDT,BINANCE,TRADE,63977.5,0.0176
2026-08-03 23:45:27,BTCUSDT,BINANCE,TRADE,63977.5,0.00034
2026-08-03 23:45:27,BTCUSDT,BINANCE,TRADE,63977.5,0.0001
2026-08-03 23:45:27,ETHUSDT,BINANCE,TRADE,1872.91,0.0054
2026-08-03 23:45:27,ETHUSDT,BINANCE,TRADE,1872.91,0.0028
2026-08-03 23:45:27,ETHUSDT,BINANCE,TRADE,1872.91,0.0028
2026-08-03 23:45:27,ETHUSDT,BINANCE,TRADE,1872.91,0.0027
2026-08-03 23:45:27,ETHUSDT,BINANCE,TRADE,1872.91,0.0027
2026-08-03 23:45:27,ETHUSDT,BINANCE,TRADE,1872.91,0.0032
2026-08-03 23:45:27,ETHUSDT,BINANCE,TRADE,1872.91,0.0028
2026-08-03 23:45:27,ETHUSDT,BINANCE,TRADE,1872.91,0.0028
2026-08-03 23:45:27,ETHUSDT,BINANCE,TRADE,1872.91,0.0027
2026-08-03 23:45:27,ETHUSDT,BINANCE,TRADE,1872.91,0.0028
2026-08-03 23:45:27,ETHUSDT,BINANCE,TRADE,1872.91,0.0028
2026-08-03 23:45:27,ETHUSDT,BINANCE,TRADE,1872.91,0.0027
2026-08-03 23:45:27,ETHUSDT,BINANCE,TRADE,1872.91,0.0028
2026-08-03 23:45:27,ETHUSDT,BINANCE,TRADE,1872.91,0.0032
2026-08-03 23:45:27,ETHUSDT,BINANCE,TRADE,1872.91,0.0027
2026-08-03 23:45:27,ETHUSDT,BINANCE,TRADE,1872.91,0.0027
2026-08-03 23:45:27,ETHUSDT,BINANCE,TRADE,1872.91,0.0027
2026-08-03 23:45:27,ETHUSDT,BINANCE,TRADE,1872.91,0.0027
2026-08-03 23:45:27,ETHUSDT,BINANCE,TRADE,1872.9,0.0027
2026-08-03 23:45:27,ETHUSDT,BINANCE,TRADE,1872.9,0.0054
2026-08-03 23:45:27,ETHUSDT,BINANCE,TRADE,1872.9,0.0027
2026-08-03 23:45:27,ETHUSDT,BINANCE,TRADE,1872.9,0.0028
2026-08-03 23:45:27,ETHUSDT,BINANCE,TRADE,1872.9,0.0028
2026-08-03 23:45:27,ETHUSDT,BINANCE,TRADE,1872.9,0.0028
2026-08-03 23:45:27,ETHUSDT,BINANCE,TRADE,1872.9,0.0027
2026-08-03 23:45:27,ETHUSDT,BINANCE,TRADE,1872.9,0.0028
2026-08-03 23:45:27,ETHUSDT,BINANCE,TRADE,1872.9,0.0027
2026-08-03 23:45:27,ETHUSDT,BINANCE,TRADE,1872.9,0.0027
2026-08-03 23:45:27,ETHUSDT,BINANCE,TRADE,1872.9,0.0027
2026-08-03 23:45:27,ETHUSDT,BINANCE,TRADE,1872.9,0.0027
2026-08-03 23:45:27,ETHUSDT,BINANCE,TRADE,1872.9,0.0027
2026-08-03 23:45:27,ETHUSDT,BINANCE,TRADE,1872.89,0.0028
2026-08-03 23:45:27,ETHUSDT,BINANCE,TRADE,1872.89,0.0054
2026-08-03 23:45:27,ETHUSDT,BINANCE,TRADE,1872.88,0.0027
2026-08-03 23:45:27,ETHUSDT,BINANCE,TRADE,1872.88,0.0027
2026-08-03 23:45:27,ETHUSDT,BINANCE,TRADE,1872.88,0.0028
2026-08-03 23:45:27,ETHUSDT,BINANCE,TRADE,1872.88,0.0028
2026-08-03 23:45:27,ETHUSDT,BINANCE,TRADE,1872.88,0.0027
2026-08-03 23:45:27,ETHUSDT,BINANCE,TRADE,1872.88,0.0027
2026-08-03 23:45:27,ETHUSDT,BINANCE,TRADE,1872.87,0.0029
2026-08-03 23:45:27,ETHUSDT,BINANCE,TRADE,1872.87,0.0029
2026-08-03 23:45:27,ETHUSDT,BINANCE,TRADE,1872.87,0.0028
2026-08-03 23:45:27,ETHUSDT,BINANCE,TRADE,1872.87,0.0029
2026-08-03 23:45:27,ETHUSDT,BINANCE,TRADE,1872.86,0.0027
2026-08-03 23:45:27,ETHUSDT,BINANCE,TRADE,1872.86,0.0028
2026-08-03 23:45:27,ETHUSDT,BINANCE,TRADE,1872.86,0.0028
2026-08-03 23:45:27,ETHUSDT,BINANCE,TRADE,1872.86,0.0028
2026-08-03 23:45:27,ETHUSDT,BINANCE,TRADE,1872.86,0.0027
2026-08-03 23:45:27,ETHUSDT,BINANCE,TRADE,1872.86,0.0032
2026-08-03 23:45:27,ETHUSDT,BINANCE,TRADE,1872.86,0.0028
2026-08-03 23:45:27,ETHUSDT,BINANCE,TRADE,1872.86,0.0027
2026-08-03 23:45:27,ETHUSDT,BINANCE,TRADE,1872.86,0.0032
2026-08-03 23:45:27,ETHUSDT,BINANCE,TRADE,1872.86,0.0028
2026-08-03 23:45:27,ETHUSDT,BINANCE,TRADE,1872.86,0.0027
2026-08-03 23:45:27,ETHUSDT,BINANCE,TRADE,1872.86,0.0028
2026-08-03 23:45:27,ETHUSDT,BINANCE,TRADE,1872.86,0.0028
2026-08-03 23:45:27,ETHUSDT,BINANCE,TRADE,1872.86,0.0027
2026-08-03 23:45:27,ETHUSDT,BINANCE,TRADE,1872.86,0.0027
2026-08-03 23:45:27,ETHUSDT,BINANCE,TRADE,1872.86,0.0027
2026-08-03 23:45:27,ETHUSDT,BINANCE,TRADE,1872.85,0.0028
2026-08-03 23:45:27,ETHUSDT,BINANCE,TRADE,1872.85,0.0028
2026-08-03 23:45:27,ETHUSDT,BINANCE,TRADE,1872.85,0.0028
2026-08-03 23:45:27,ETHUSDT,BINANCE,TRADE,1872.85,0.0028
2026-08-03 23:45:27,ETHUSDT,BINANCE,TRADE,1872.84,0.0028
2026-08-03 23:45:27,ETHUSDT,BINANCE,TRADE,1872.84,0.0027
2026-08-03 23:45:27,ETHUSDT,BINANCE,TRADE,1872.84,0.0027
2026-08-03 23:45:27,ETHUSDT,BINANCE,TRADE,1872.84,0.0027
2026-08-03 23:45:27,ETHUSDT,BINANCE,TRADE,1872.84,0.0027
2026-08-03 23:45:27,ETHUSDT,BINANCE,TRADE,1872.83,0.0028
2026-08-03 23:45:27,ETHUSDT,BINANCE,TRADE,1872.83,0.0029
2026-08-03 23:45:27,ETHUSDT,BINANCE,TRADE,1872.83,0.0029
2026-08-03 23:45:27,ETHUSDT,BINANCE,TRADE,1872.83,0.0029
2026-08-03 23:45:27,ETHUSDT,BINANCE,TRADE,1872.82,0.0028
2026-08-03 23:45:27,ETHUSDT,BINANCE,TRADE,1872.81,0.0027
2026-08-03 23:45:27,ETHUSDT,BINANCE,TRADE,1872.81,0.0027
2026-08-03 23:45:27,ETHUSDT,BINANCE,TRADE,1872.81,0.0028
2026-08-03 23:45:27,ETHUSDT,BINANCE,TRADE,1872.81,2.6328
2026-08-03 23:45:27,ETHUSDT,BINANCE,TRADE,1872.81,0.0027
2026-08-03 23:45:27,ETHUSDT,BINANCE,TRADE,1872.81,1.8433
2026-08-03 23:45:27,ETHUSDT,BINANCE,TRADE,1872.81,0.0028
2026-08-03 23:45:27,ETHUSDT,BINANCE,TRADE,1872.81,0.0032
2026-08-03 23:45:27,ETHUSDT,BINANCE,TRADE,1872.81,2.128
2026-08-03 23:45:27,ETHUSDT,BINANCE,TRADE,1872.81,0.0028
2026-08-03 23:45:27,ETHUSDT,BINANCE,TRADE,1872.81,0.0027
2026-08-03 23:45:27,ETHUSDT,BINANCE,TRADE,1872.81,0.0032
2026-08-03 23:45:27,ETHUSDT,BINANCE,TRADE,1872.81,0.0028
2026-08-03 23:45:27,ETHUSDT,BINANCE,TRADE,1872.81,0.0028
2026-08-03 23:45:27,ETHUSDT,BINANCE,TRADE,1872.81,0.0028
2026-08-03 23:45:27,ETHUSDT,BINANCE,TRADE,1872.81,0.0028
2026-08-03 23:45:27,ETHUSDT,BINANCE,TRADE,1872.81,0.0028
2026-08-03 23:45:27,ETHUSDT,BINANCE,TRADE,1872.81,0.0027
2026-08-03 23:45:27,ETHUSDT,BINANCE,TRADE,1872.81,0.0027
2026-08-03 23:45:27,ETHUSDT,BINANCE,TRADE,1872.81,0.0027
2026-08-03 23:45:27,ETHUSDT,BINANCE,TRADE,1872.81,0.0032
2026-08-03 23:45:27,ETHUSDT,BINANCE,TRADE,1872.81,0.0028
2026-08-03 23:45:27,ETHUSDT,BINANCE,TRADE,1872.81,0.0028
2026-08-03 23:45:27,ETHUSDT,BINANCE,TRADE,1872.81,0.0027
2026-08-03 23:45:27,ETHUSDT,BINANCE,TRADE,1872.81,0.0027
2026-08-03 23:45:27,ETHUSDT,BINANCE,TRADE,1872.81,0.0027
2026-08-03 23:45:27,ETHUSDT,BINANCE,TRADE,1872.8,0.0029
2026-08-03 23:45:27,ETHUSDT,BINANCE,TRADE,1872.8,0.0029
2026-08-03 23:45:27,ETHUSDT,BINANCE,TRADE,1872.8,0.0028
2026-08-03 23:45:27,ETHUSDT,BINANCE,TRADE,1872.8,0.0028
2026-08-03 23:45:27,ETHUSDT,BINANCE,TRADE,1872.8,0.0028
2026-08-03 23:45:27,ETHUSDT,BINANCE,TRADE,1872.8,2.6091
2026-08-03 23:45:27,ETHUSDT,BINANCE,TRADE,1872.8,0.0029
2026-08-03 23:45:27,ETHUSDT,BINANCE,TRADE,1872.79,0.003
2026-08-03 23:45:28,ETHUSDT,BINANCE,TRADE,1872.79,0.0027
2026-08-03 23:45:28,ETHUSDT,BINANCE,TRADE,1872.79,0.0027
2026-08-03 23:45:28,ETHUSDT,BINANCE,TRADE,1872.79,0.0028
2026-08-03 23:45:28,ETHUSDT,BINANCE,TRADE,1872.79,0.0027
2026-08-03 23:45:28,ETHUSDT,BINANCE,TRADE,1872.79,0.0028
2026-08-03 23:45:28,ETHUSDT,BINANCE,TRADE,1872.79,0.0027
2026-08-03 23:45:28,ETHUSDT,BINANCE,TRADE,1872.79,0.0027
2026-08-03 23:45:28,ETHUSDT,BINANCE,TRADE,1872.79,0.0028
2026-08-03 23:45:28,ETHUSDT,BINANCE,TRADE,1872.79,0.0032
2026-08-03 23:45:28,ETHUSDT,BINANCE,TRADE,1872.79,0.0032
2026-08-03 23:45:28,ETHUSDT,BINANCE,TRADE,1872.79,0.0028
2026-08-03 23:45:28,ETHUSDT,BINANCE,TRADE,1872.79,0.0027
2026-08-03 23:45:28,ETHUSDT,BINANCE,TRADE,1872.79,0.0027
2026-08-03 23:45:28,ETHUSDT,BINANCE,TRADE,1872.79,0.0027
2026-08-03 23:45:28,ETHUSDT,BINANCE,TRADE,1872.79,0.0027
2026-08-03 23:45:28,ETHUSDT,BINANCE,TRADE,1872.79,0.0027
2026-08-03 23:45:28,ETHUSDT,BINANCE,TRADE,1872.79,0.0027
2026-08-03 23:45:28,ETHUSDT,BINANCE,TRADE,1872.79,0.0027
2026-08-03 23:45:28,ETHUSDT,BINANCE,TRADE,1872.79,0.0027
2026-08-03 23:45:28,ETHUSDT,BINANCE,TRADE,1872.79,0.0027
2026-08-03 23:45:28,ETHUSDT,BINANCE,TRADE,1872.78,0.0027
2026-08-03 23:45:28,ETHUSDT,BINANCE,TRADE,1872.78,0.0028
2026-08-03 23:45:28,ETHUSDT,BINANCE,TRADE,1872.78,0.0028
2026-08-03 23:45:28,ETHUSDT,BINANCE,TRADE,1872.78,0.0028
2026-08-03 23:45:28,ETHUSDT,BINANCE,TRADE,1872.78,0.0028
2026-08-03 23:45:28,ETHUSDT,BINANCE,TRADE,1872.78,0.0032
2026-08-03 23:45:28,ETHUSDT,BINANCE,TRADE,1872.78,0.0027
2026-08-03 23:45:28,ETHUSDT,BINANCE,TRADE,1872.78,0.0027
2026-08-03 23:45:28,ETHUSDT,BINANCE,TRADE,1872.78,0.0027
2026-08-03 23:45:28,ETHUSDT,BINANCE,TRADE,1872.78,0.0027
2026-08-03 23:45:28,ETHUSDT,BINANCE,TRADE,1872.77,0.0028
2026-08-03 23:45:28,ETHUSDT,BINANCE,TRADE,1872.76,0.0028
2026-08-03 23:45:28,ETHUSDT,BINANCE,TRADE,1872.75,0.0028
2026-08-03 23:45:28,ETHUSDT,BINANCE,TRADE,1872.75,0.0032
2026-08-03 23:45:28,ETHUSDT,BINANCE,TRADE,1872.75,0.0032
2026-08-03 23:45:28,ETHUSDT,BINANCE,TRADE,1872.75,0.0027
2026-08-03 23:45:28,ETHUSDT,BINANCE,TRADE,1872.75,0.0028
2026-08-03 23:45:28,ETHUSDT,BINANCE,TRADE,1872.75,0.0028
2026-08-03 23:45:28,ETHUSDT,BINANCE,TRADE,1872.75,0.0028
2026-08-03 23:45:28,ETHUSDT,BINANCE,TRADE,1872.75,0.0027
2026-08-03 23:45:28,ETHUSDT,BINANCE,TRADE,1872.75,0.0028
2026-08-03 23:45:28,ETHUSDT,BINANCE,TRADE,1872.75,0.0027
2026-08-03 23:45:28,ETHUSDT,BINANCE,TRADE,1872.74,0.0027
2026-08-03 23:45:28,ETHUSDT,BINANCE,TRADE,1872.74,0.0028
2026-08-03 23:45:28,ETHUSDT,BINANCE,TRADE,1872.74,0.0028
2026-08-03 23:45:28,ETHUSDT,BINANCE,TRADE,1872.74,0.0028
2026-08-03 23:45:28,ETHUSDT,BINANCE,TRADE,1872.74,0.0028
2026-08-03 23:45:28,ETHUSDT,BINANCE,TRADE,1872.74,0.0027
2026-08-03 23:45:28,ETHUSDT,BINANCE,TRADE,1872.74,0.0027
2026-08-03 23:45:28,ETHUSDT,BINANCE,TRADE,1872.74,0.0027
2026-08-03 23:45:28,ETHUSDT,BINANCE,TRADE,1872.74,0.0027
2026-08-03 23:45:28,ETHUSDT,BINANCE,TRADE,1872.73,0.0027
2026-08-03 23:45:28,ETHUSDT,BINANCE,TRADE,1872.73,0.0028
2026-08-03 23:45:28,ETHUSDT,BINANCE,TRADE,1872.73,0.0027
2026-08-03 23:45:28,ETHUSDT,BINANCE,TRADE,1872.73,0.0027
2026-08-03 23:45:28,ETHUSDT,BINANCE,TRADE,1872.73,0.0027
2026-08-03 23:45:28,ETHUSDT,BINANCE,TRADE,1872.73,0.0027
2026-08-03 23:45:28,ETHUSDT,BINANCE,TRADE,1872.72,0.008
2026-08-03 23:45:28,ETHUSDT,BINANCE,TRADE,1872.72,0.0027
2026-08-03 23:45:28,ETHUSDT,BINANCE,TRADE,1872.72,0.0027
2026-08-03 23:45:28,ETHUSDT,BINANCE,TRADE,1872.72,0.0027
2026-08-03 23:45:28,ETHUSDT,BINANCE,TRADE,1872.72,0.0028
2026-08-03 23:45:28,ETHUSDT,BINANCE,TRADE,1872.72,0.0027
2026-08-03 23:45:28,ETHUSDT,BINANCE,TRADE,1872.72,0.0027
2026-08-03 23:45:28,ETHUSDT,BINANCE,TRADE,1872.72,0.0027
2026-08-03 23:45:28,ETHUSDT,BINANCE,TRADE,1872.72,0.0027
2026-08-03 23:45:28,ETHUSDT,BINANCE,TRADE,1872.72,0.0027
2026-08-03 23:45:28,ETHUSDT,BINANCE,TRADE,1872.71,0.0027
2026-08-03 23:45:28,ETHUSDT,BINANCE,TRADE,1872.71,0.0027
2026-08-03 23:45:28,ETHUSDT,BINANCE,TRADE,1872.71,0.0028
2026-08-03 23:45:28,ETHUSDT,BINANCE,TRADE,1872.71,0.0027
2026-08-03 23:45:28,ETHUSDT,BINANCE,TRADE,1872.71,0.0027
2026-08-03 23:45:28,ETHUSDT,BINANCE,TRADE,1872.71,0.0027
2026-08-03 23:45:28,ETHUSDT,BINANCE,TRADE,1872.71,0.0027
2026-08-03 23:45:28,ETHUSDT,BINANCE,TRADE,1872.71,0.0027
2026-08-03 23:45:28,ETHUSDT,BINANCE,TRADE,1872.71,0.0027
2026-08-03 23:45:28,ETHUSDT,BINANCE,TRADE,1872.71,0.0027
2026-08-03 23:45:28,ETHUSDT,BINANCE,TRADE,1872.71,0.0027
2026-08-03 23:45:28,ETHUSDT,BINANCE,TRADE,1872.7,0.0028
2026-08-03 23:45:28,ETHUSDT,BINANCE,TRADE,1872.7,0.0027
2026-08-03 23:45:28,ETHUSDT,BINANCE,TRADE,1872.7,0.0027
2026-08-03 23:45:28,ETHUSDT,BINANCE,TRADE,1872.68,0.0028
2026-08-03 23:45:28,ETHUSDT,BINANCE,TRADE,1872.67,0.0161
2026-08-03 23:45:28,ETHUSDT,BINANCE,TRADE,1872.67,0.0028
2026-08-03 23:45:28,ETHUSDT,BINANCE,TRADE,1872.66,0.0028
2026-08-03 23:45:28,ETHUSDT,BINANCE,TRADE,1872.65,0.0029
2026-08-03 23:45:28,ETHUSDT,BINANCE,TRADE,1872.65,0.0028
2026-08-03 23:45:28,ETHUSDT,BINANCE,TRADE,1872.64,0.0027
2026-08-03 23:45:28,ETHUSDT,BINANCE,TRADE,1872.64,0.0028
2026-08-03 23:45:28,ETHUSDT,BINANCE,TRADE,1872.64,0.003
2026-08-03 23:45:28,ETHUSDT,BINANCE,TRADE,1872.64,0.0027
2026-08-03 23:45:28,ETHUSDT,BINANCE,TRADE,1872.64,0.0027
2026-08-03 23:45:28,ETHUSDT,BINANCE,TRADE,1872.64,0.0027
2026-08-03 23:45:28,ETHUSDT,BINANCE,TRADE,1872.64,0.0027
2026-08-03 23:45:28,ETHUSDT,BINANCE,TRADE,1872.63,0.0027
2026-08-03 23:45:28,ETHUSDT,BINANCE,TRADE,1872.63,0.0027
2026-08-03 23:45:28,ETHUSDT,BINANCE,TRADE,1872.63,0.0095
2026-08-03 23:45:28,ETHUSDT,BINANCE,TRADE,1872.63,0.0027
2026-08-03 23:45:28,ETHUSDT,BINANCE,TRADE,1872.63,0.0027
2026-08-03 23:45:28,ETHUSDT,BINANCE,TRADE,1872.63,0.0027
2026-08-03 23:45:28,ETHUSDT,BINANCE,TRADE,1872.63,0.0027
2026-08-03 23:45:28,ETHUSDT,BINANCE,TRADE,1872.62,0.0027
2026-08-03 23:45:28,ETHUSDT,BINANCE,TRADE,1872.62,0.011
2026-08-03 23:45:28,ETHUSDT,BINANCE,TRADE,1872.62,0.0027
2026-08-03 23:45:28,ETHUSDT,BINANCE,TRADE,1872.62,0.0027
2026-08-03 23:45:28,ETHUSDT,BINANCE,TRADE,1872.62,0.0027
2026-08-03 23:45:28,ETHUSDT,BINANCE,TRADE,1872.62,0.0027
2026-08-03 23:45:28,ETHUSDT,BINANCE,TRADE,1872.61,0.0027
2026-08-03 23:45:28,ETHUSDT,BINANCE,TRADE,1872.61,0.0027
2026-08-03 23:45:28,ETHUSDT,BINANCE,TRADE,1872.61,0.0027
2026-08-03 23:45:28,ETHUSDT,BINANCE,TRADE,1872.61,0.0027
2026-08-03 23:45:28,ETHUSDT,BINANCE,TRADE,1872.61,0.0027
2026-08-03 23:45:28,ETHUSDT,BINANCE,TRADE,1872.61,0.0027
2026-08-03 23:45:28,ETHUSDT,BINANCE,TRADE,1872.61,0.0027
2026-08-03 23:45:28,ETHUSDT,BINANCE,TRADE,1872.61,0.0027
2026-08-03 23:45:28,ETHUSDT,BINANCE,TRADE,1872.61,0.0027
2026-08-03 23:45:28,ETHUSDT,BINANCE,TRADE,1872.61,0.0027
2026-08-03 23:45:28,ETHUSDT,BINANCE,TRADE,1872.61,0.0027
2026-08-03 23:45:28,ETHUSDT,BINANCE,TRADE,1872.61,0.0027
2026-08-03 23:45:28,ETHUSDT,BINANCE,TRADE,1872.61,0.0027
2026-08-03 23:45:28,ETHUSDT,BINANCE,TRADE,1872.61,0.0027
2026-08-03 23:45:28,ETHUSDT,BINANCE,TRADE,1872.6,0.0027
2026-08-03 23:45:28,ETHUSDT,BINANCE,TRADE,1872.6,0.0028
2026-08-03 23:45:28,ETHUSDT,BINANCE,TRADE,1872.6,0.0029
2026-08-03 23:45:28,ETHUSDT,BINANCE,TRADE,1872.6,0.0029
2026-08-03 23:45:28,ETHUSDT,BINANCE,TRADE,1872.6,0.0027
2026-08-03 23:45:28,ETHUSDT,BINANCE,TRADE,1872.6,0.0029
2026-08-03 23:45:28,ETHUSDT,BINANCE,TRADE,1872.6,0.0027
2026-08-03 23:45:28,ETHUSDT,BINANCE,TRADE,1872.6,0.0027
2026-08-03 23:45:28,ETHUSDT,BINANCE,TRADE,1872.6,0.0027
2026-08-03 23:45:29,BTCUSDT,BINANCE,TRADE,63977.5,0.00253
2026-08-03 23:45:30,BTCUSDT,BINANCE,TRADE,63977.5,8e-05
2026-08-03 23:45:30,BTCUSDT,BINANCE,TRADE,63977.5,0.00016
2026-08-03 23:45:30,BTCUSDT,BINANCE,TRADE,63977.5,8e-05
2026-08-03 23:45:30,BTCUSDT,BINANCE,TRADE,63977.5,8e-05
2026-08-03 23:45:30,BTCUSDT,BINANCE,TRADE,63977.5,0.00781
2026-08-03 23:45:30,BTCUSDT,BINANCE,TRADE,63977.5,8e-05
2026-08-03 23:45:30,BTCUSDT,BINANCE,TRADE,63977.5,0.00106
2026-08-03 23:45:30,ETHUSDT,BINANCE,TRADE,1872.6,0.003
2026-08-03 23:45:30,SOLUSDT,BINANCE,TRADE,74.12,0.274
2026-08-03 23:45:30,ETHUSDT,BINANCE,TRADE,1872.6,0.0785
2026-08-03 23:45:30,ETHUSDT,BINANCE,TRADE,1872.6,0.0027
2026-08-03 23:45:30,ETHUSDT,BINANCE,TRADE,1872.6,0.0027
2026-08-03 23:45:30,ETHUSDT,BINANCE,TRADE,1872.6,0.0028
2026-08-03 23:45:30,ETHUSDT,BINANCE,TRADE,1872.6,0.0054
2026-08-03 23:45:30,ETHUSDT,BINANCE,TRADE,1872.6,0.0027
2026-08-03 23:45:30,ETHUSDT,BINANCE,TRADE,1872.6,0.0027
2026-08-03 23:45:30,ETHUSDT,BINANCE,TRADE,1872.6,0.0027
2026-08-03 23:45:30,ETHUSDT,BINANCE,TRADE,1872.6,0.0027
2026-08-03 23:45:30,ETHUSDT,BINANCE,TRADE,1872.6,0.0027
2026-08-03 23:45:30,ETHUSDT,BINANCE,TRADE,1872.6,0.0695
2026-08-03 23:45:30,ETHUSDT,BINANCE,TRADE,1872.6,1.02
2026-08-03 23:45:30,ETHUSDT,BINANCE,TRADE,1872.6,0.0027
2026-08-03 23:45:30,ETHUSDT,BINANCE,TRADE,1872.6,0.0028
2026-08-03 23:45:30,ETHUSDT,BINANCE,TRADE,1872.6,1.7981
2026-08-03 23:45:30,ETHUSDT,BINANCE,TRADE,1872.6,0.0027
2026-08-03 23:45:30,ETHUSDT,BINANCE,TRADE,1872.6,0.0027
2026-08-03 23:45:30,ETHUSDT,BINANCE,TRADE,1872.6,0.0027
2026-08-03 23:45:30,ETHUSDT,BINANCE,TRADE,1872.6,0.0027
2026-08-03 23:45:30,ETHUSDT,BINANCE,TRADE,1872.6,0.0027
2026-08-03 23:45:30,ETHUSDT,BINANCE,TRADE,1872.6,0.0027
2026-08-03 23:45:30,ETHUSDT,BINANCE,TRADE,1872.6,0.0027
2026-08-03 23:45:30,ETHUSDT,BINANCE,TRADE,1872.6,0.0011
2026-08-03 23:45:30,ETHUSDT,BINANCE,TRADE,1872.6,0.0016
2026-08-03 23:45:30,ETHUSDT,BINANCE,TRADE,1872.6,0.0027
2026-08-03 23:45:30,ETHUSDT,BINANCE,TRADE,1872.6,0.0027
2026-08-03 23:45:30,ETHUSDT,BINANCE,TRADE,1872.6,0.0027
2026-08-03 23:45:30,ETHUSDT,BINANCE,TRADE,1872.6,0.0054
2026-08-03 23:45:30,ETHUSDT,BINANCE,TRADE,1872.6,0.0032
2026-08-03 23:45:30,ETHUSDT,BINANCE,TRADE,1872.6,0.0032
2026-08-03 23:45:30,ETHUSDT,BINANCE,TRADE,1872.6,0.0028
2026-08-03 23:45:30,ETHUSDT,BINANCE,TRADE,1872.6,0.0027
2026-08-03 23:45:30,ETHUSDT,BINANCE,TRADE,1872.6,0.0027
2026-08-03 23:45:30,ETHUSDT,BINANCE,TRADE,1872.6,0.0027
2026-08-03 23:45:30,ETHUSDT,BINANCE,TRADE,1872.6,0.0027
2026-08-03 23:45:30,ETHUSDT,BINANCE,TRADE,1872.6,0.0027
2026-08-03 23:45:30,ETHUSDT,BINANCE,TRADE,1872.61,0.0054
2026-08-03 23:45:30,ETHUSDT,BINANCE,TRADE,1872.61,0.0028
2026-08-03 23:45:30,ETHUSDT,BINANCE,TRADE,1872.62,0.0054
2026-08-03 23:45:30,ETHUSDT,BINANCE,TRADE,1872.63,0.0027
2026-08-03 23:45:30,ETHUSDT,BINANCE,TRADE,1872.63,0.0028
2026-08-03 23:45:30,ETHUSDT,BINANCE,TRADE,1872.71,0.0029
2026-08-03 23:45:30,ETHUSDT,BINANCE,TRADE,1872.71,0.0029
2026-08-03 23:45:30,ETHUSDT,BINANCE,TRADE,1872.71,0.0029
2026-08-03 23:45:30,BTCUSDT,BINANCE,TRADE,63977.5,0.00989
2026-08-03 23:45:31,ETHUSDT,BINANCE,TRADE,1872.72,0.0027
2026-08-03 23:45:31,ETHUSDT,BINANCE,TRADE,1872.72,0.0028
2026-08-03 23:45:31,ETHUSDT,BINANCE,TRADE,1872.72,0.0028
2026-08-03 23:45:31,ETHUSDT,BINANCE,TRADE,1872.72,0.0027
2026-08-03 23:45:31,ETHUSDT,BINANCE,TRADE,1872.72,0.0801
2026-08-03 23:45:31,ETHUSDT,BINANCE,TRADE,1872.72,0.0032
2026-08-03 23:45:31,ETHUSDT,BINANCE,TRADE,1872.72,0.1437
2026-08-03 23:45:31,ETHUSDT,BINANCE,TRADE,1872.72,0.0027
2026-08-03 23:45:31,ETHUSDT,BINANCE,TRADE,1872.72,0.0028
2026-08-03 23:45:31,ETHUSDT,BINANCE,TRADE,1872.72,0.0027
2026-08-03 23:45:31,ETHUSDT,BINANCE,TRADE,1872.72,0.0028
2026-08-03 23:45:31,ETHUSDT,BINANCE,TRADE,1872.72,0.0032
2026-08-03 23:45:31,ETHUSDT,BINANCE,TRADE,1872.72,0.0028
2026-08-03 23:45:31,ETHUSDT,BINANCE,TRADE,1872.72,0.0028
2026-08-03 23:45:31,ETHUSDT,BINANCE,TRADE,1872.72,0.0027
2026-08-03 23:45:31,ETHUSDT,BINANCE,TRADE,1872.72,0.0027
2026-08-03 23:45:31,ETHUSDT,BINANCE,TRADE,1872.72,0.0027
2026-08-03 23:45:31,ETHUSDT,BINANCE,TRADE,1872.72,0.0027
2026-08-03 23:45:31,ETHUSDT,BINANCE,TRADE,1872.72,0.0027
2026-08-03 23:45:31,ETHUSDT,BINANCE,TRADE,1872.73,0.0028
2026-08-03 23:45:31,ETHUSDT,BINANCE,TRADE,1872.73,0.0028
2026-08-03 23:45:31,ETHUSDT,BINANCE,TRADE,1872.73,0.0028
2026-08-03 23:45:31,ETHUSDT,BINANCE,TRADE,1872.74,0.0028
2026-08-03 23:45:31,ETHUSDT,BINANCE,TRADE,1872.76,0.0027
2026-08-03 23:45:31,ETHUSDT,BINANCE,TRADE,1872.76,0.0027
2026-08-03 23:45:31,ETHUSDT,BINANCE,TRADE,1872.76,0.0027
2026-08-03 23:45:31,ETHUSDT,BINANCE,TRADE,1872.76,0.0027
2026-08-03 23:45:31,ETHUSDT,BINANCE,TRADE,1872.76,0.0027
2026-08-03 23:45:31,ETHUSDT,BINANCE,TRADE,1872.76,0.0027
2026-08-03 23:45:31,ETHUSDT,BINANCE,TRADE,1872.76,0.0027
2026-08-03 23:45:31,ETHUSDT,BINANCE,TRADE,1872.76,0.0027
2026-08-03 23:45:31,ETHUSDT,BINANCE,TRADE,1872.76,0.0027
2026-08-03 23:45:31,ETHUSDT,BINANCE,TRADE,1872.76,0.0027
2026-08-03 23:45:31,ETHUSDT,BINANCE,TRADE,1872.78,0.0027
2026-08-03 23:45:31,ETHUSDT,BINANCE,TRADE,1872.79,0.0027
2026-08-03 23:45:31,ETHUSDT,BINANCE,TRADE,1872.79,0.0027
2026-08-03 23:45:31,ETHUSDT,BINANCE,TRADE,1872.79,0.0027
2026-08-03 23:45:31,ETHUSDT,BINANCE,TRADE,1872.79,0.0027
2026-08-03 23:45:31,ETHUSDT,BINANCE,TRADE,1872.79,0.0027
2026-08-03 23:45:31,ETHUSDT,BINANCE,TRADE,1872.8,0.0027
2026-08-03 23:45:31,ETHUSDT,BINANCE,TRADE,1872.8,0.0027
2026-08-03 23:45:31,ETHUSDT,BINANCE,TRADE,1872.8,0.0027
2026-08-03 23:45:31,ETHUSDT,BINANCE,TRADE,1872.8,0.0027
2026-08-03 23:45:31,ETHUSDT,BINANCE,TRADE,1872.8,0.0027
2026-08-03 23:45:31,ETHUSDT,BINANCE,TRADE,1872.81,0.0027
2026-08-03 23:45:31,ETHUSDT,BINANCE,TRADE,1872.81,0.0027
2026-08-03 23:45:31,ETHUSDT,BINANCE,TRADE,1872.81,0.011
2026-08-03 23:45:31,ETHUSDT,BINANCE,TRADE,1872.81,0.0027
2026-08-03 23:45:31,ETHUSDT,BINANCE,TRADE,1872.81,0.0027
2026-08-03 23:45:31,ETHUSDT,BINANCE,TRADE,1872.81,0.0027
2026-08-03 23:45:31,ETHUSDT,BINANCE,TRADE,1872.81,0.0027
2026-08-03 23:45:31,ETHUSDT,BINANCE,TRADE,1872.82,0.0027
2026-08-03 23:45:31,ETHUSDT,BINANCE,TRADE,1872.82,0.0027
2026-08-03 23:45:31,ETHUSDT,BINANCE,TRADE,1872.82,0.0027
2026-08-03 23:45:31,ETHUSDT,BINANCE,TRADE,1872.82,0.0027
2026-08-03 23:45:31,ETHUSDT,BINANCE,TRADE,1872.82,0.0027
2026-08-03 23:45:31,ETHUSDT,BINANCE,TRADE,1872.82,0.0027
2026-08-03 23:45:31,ETHUSDT,BINANCE,TRADE,1872.82,0.0027
2026-08-03 23:45:31,ETHUSDT,BINANCE,TRADE,1872.82,0.0027
2026-08-03 23:45:31,ETHUSDT,BINANCE,TRADE,1872.82,0.0027
2026-08-03 23:45:31,ETHUSDT,BINANCE,TRADE,1872.82,0.0027
2026-08-03 23:45:31,ETHUSDT,BINANCE,TRADE,1872.83,0.0027
2026-08-03 23:45:31,ETHUSDT,BINANCE,TRADE,1872.83,0.0029
2026-08-03 23:45:31,ETHUSDT,BINANCE,TRADE,1872.83,0.0029
2026-08-03 23:45:31,ETHUSDT,BINANCE,TRADE,1872.83,0.0027
2026-08-03 23:45:31,ETHUSDT,BINANCE,TRADE,1872.83,0.0029
2026-08-03 23:45:31,ETHUSDT,BINANCE,TRADE,1872.83,0.0027
2026-08-03 23:45:31,ETHUSDT,BINANCE,TRADE,1872.83,0.0027
2026-08-03 23:45:31,ETHUSDT,BINANCE,TRADE,1872.83,0.0027
2026-08-03 23:45:31,BTCUSDT,BINANCE,TRADE,63977.5,0.02314
2026-08-03 23:45:31,BTCUSDT,BINANCE,TRADE,63977.5,0.01925
2026-08-03 23:45:31,BTCUSDT,BINANCE,TRADE,63977.5,0.00023
2026-08-03 23:45:31,SOLUSDT,BINANCE,TRADE,74.13,0.073
2026-08-03 23:45:31,SOLUSDT,BINANCE,TRADE,74.13,0.073
2026-08-03 23:45:31,SOLUSDT,BINANCE,TRADE,74.13,1.207
2026-08-03 23:45:32,BTCUSDT,BINANCE,TRADE,63977.5,0.00232
2026-08-03 23:45:33,SOLUSDT,BINANCE,TRADE,74.13,1.506
2026-08-03 23:45:33,ETHUSDT,BINANCE,TRADE,1872.84,0.0908
2026-08-03 23:45:33,ETHUSDT,BINANCE,TRADE,1872.84,0.0027
2026-08-03 23:45:33,ETHUSDT,BINANCE,TRADE,1872.84,0.0028
2026-08-03 23:45:33,ETHUSDT,BINANCE,TRADE,1872.84,0.0027
2026-08-03 23:45:33,ETHUSDT,BINANCE,TRADE,1872.84,0.0054
2026-08-03 23:45:33,ETHUSDT,BINANCE,TRADE,1872.84,0.0983
2026-08-03 23:45:33,ETHUSDT,BINANCE,TRADE,1872.84,0.0028
2026-08-03 23:45:33,ETHUSDT,BINANCE,TRADE,1872.84,0.0027
2026-08-03 23:45:33,ETHUSDT,BINANCE,TRADE,1872.84,0.105
2026-08-03 23:45:33,BTCUSDT,BINANCE,TRADE,63977.5,0.00014
2026-08-03 23:45:33,BTCUSDT,BINANCE,TRADE,63977.5,0.00453
2026-08-03 23:45:33,SOLUSDT,BINANCE,TRADE,74.13,11.287
2026-08-03 23:45:33,SOLUSDT,BINANCE,TRADE,74.13,0.071
2026-08-03 23:45:33,SOLUSDT,BINANCE,TRADE,74.13,0.08
2026-08-03 23:45:33,SOLUSDT,BINANCE,TRADE,74.13,0.068
2026-08-03 23:45:33,SOLUSDT,BINANCE,TRADE,74.13,0.134
2026-08-03 23:45:33,SOLUSDT,BINANCE,TRADE,74.13,0.339
2026-08-03 23:45:33,SOLUSDT,BINANCE,TRADE,74.13,0.073
2026-08-03 23:45:33,SOLUSDT,BINANCE,TRADE,74.13,0.135
2026-08-03 23:45:33,SOLUSDT,BINANCE,TRADE,74.13,0.073
2026-08-03 23:45:33,SOLUSDT,BINANCE,TRADE,74.13,0.073
2026-08-03 23:45:33,SOLUSDT,BINANCE,TRADE,74.13,0.073
2026-08-03 23:45:33,SOLUSDT,BINANCE,TRADE,74.13,0.073
2026-08-03 23:45:33,SOLUSDT,BINANCE,TRADE,74.13,0.073
2026-08-03 23:45:33,SOLUSDT,BINANCE,TRADE,74.13,2.97
2026-08-03 23:45:33,SOLUSDT,BINANCE,TRADE,74.13,0.54
2026-08-03 23:45:33,SOLUSDT,BINANCE,TRADE,74.13,0.278
2026-08-03 23:45:33,SOLUSDT,BINANCE,TRADE,74.13,0.07
2026-08-03 23:45:33,SOLUSDT,BINANCE,TRADE,74.13,0.073
2026-08-03 23:45:33,SOLUSDT,BINANCE,TRADE,74.13,0.073
2026-08-03 23:45:33,SOLUSDT,BINANCE,TRADE,74.13,9.99
2026-08-03 23:45:33,ETHUSDT,BINANCE,TRADE,1872.84,0.3036
2026-08-03 23:45:33,ETHUSDT,BINANCE,TRADE,1872.84,0.0032
2026-08-03 23:45:33,ETHUSDT,BINANCE,TRADE,1872.84,0.0028
2026-08-03 23:45:33,ETHUSDT,BINANCE,TRADE,1872.84,0.82
2026-08-03 23:45:33,ETHUSDT,BINANCE,TRADE,1872.84,0.0027
2026-08-03 23:45:33,ETHUSDT,BINANCE,TRADE,1872.84,0.0028
2026-08-03 23:45:33,ETHUSDT,BINANCE,TRADE,1872.84,0.0027
2026-08-03 23:45:33,ETHUSDT,BINANCE,TRADE,1872.84,0.0028
2026-08-03 23:45:33,ETHUSDT,BINANCE,TRADE,1872.84,0.0054
2026-08-03 23:45:33,ETHUSDT,BINANCE,TRADE,1872.84,0.0808
2026-08-03 23:45:33,ETHUSDT,BINANCE,TRADE,1872.84,0.0028
2026-08-03 23:45:33,ETHUSDT,BINANCE,TRADE,1872.84,0.0032
2026-08-03 23:45:33,ETHUSDT,BINANCE,TRADE,1872.84,0.0027
2026-08-03 23:45:33,ETHUSDT,BINANCE,TRADE,1872.84,0.0027
2026-08-03 23:45:33,ETHUSDT,BINANCE,TRADE,1872.84,0.0027
2026-08-03 23:45:33,ETHUSDT,BINANCE,TRADE,1872.85,0.0054
2026-08-03 23:45:33,ETHUSDT,BINANCE,TRADE,1872.85,0.0028
2026-08-03 23:45:33,ETHUSDT,BINANCE,TRADE,1872.85,0.0028
2026-08-03 23:45:33,ETHUSDT,BINANCE,TRADE,1872.85,0.0028
2026-08-03 23:45:33,ETHUSDT,BINANCE,TRADE,1872.85,0.0027
2026-08-03 23:45:33,ETHUSDT,BINANCE,TRADE,1872.85,0.0032
2026-08-03 23:45:33,ETHUSDT,BINANCE,TRADE,1872.85,0.0032
2026-08-03 23:45:33,ETHUSDT,BINANCE,TRADE,1872.85,0.0832
2026-08-03 23:45:33,ETHUSDT,BINANCE,TRADE,1872.85,0.0028
2026-08-03 23:45:33,ETHUSDT,BINANCE,TRADE,1872.85,0.0028
2026-08-03 23:45:33,ETHUSDT,BINANCE,TRADE,1872.85,0.0028
2026-08-03 23:45:33,ETHUSDT,BINANCE,TRADE,1872.86,0.0054
2026-08-03 23:45:33,ETHUSDT,BINANCE,TRADE,1872.86,0.0028
2026-08-03 23:45:33,ETHUSDT,BINANCE,TRADE,1872.86,0.0028
2026-08-03 23:45:33,ETHUSDT,BINANCE,TRADE,1872.86,0.0028
2026-08-03 23:45:33,ETHUSDT,BINANCE,TRADE,1872.87,0.0027
2026-08-03 23:45:33,ETHUSDT,BINANCE,TRADE,1872.87,0.0028
2026-08-03 23:45:33,ETHUSDT,BINANCE,TRADE,1872.87,0.0027
2026-08-03 23:45:33,ETHUSDT,BINANCE,TRADE,1872.87,0.0027
2026-08-03 23:45:33,ETHUSDT,BINANCE,TRADE,1872.87,0.0027
2026-08-03 23:45:33,ETHUSDT,BINANCE,TRADE,1872.87,0.0027
2026-08-03 23:45:33,ETHUSDT,BINANCE,TRADE,1872.88,0.0027
2026-08-03 23:45:33,ETHUSDT,BINANCE,TRADE,1872.88,0.0027
2026-08-03 23:45:33,ETHUSDT,BINANCE,TRADE,1872.88,0.0027
2026-08-03 23:45:33,ETHUSDT,BINANCE,TRADE,1872.88,0.0027
2026-08-03 23:45:33,ETHUSDT,BINANCE,TRADE,1872.88,0.0027
2026-08-03 23:45:33,ETHUSDT,BINANCE,TRADE,1872.89,0.0027
2026-08-03 23:45:33,ETHUSDT,BINANCE,TRADE,1872.89,0.0027
2026-08-03 23:45:33,ETHUSDT,BINANCE,TRADE,1872.89,0.0027
2026-08-03 23:45:33,ETHUSDT,BINANCE,TRADE,1872.89,0.0027
2026-08-03 23:45:33,ETHUSDT,BINANCE,TRADE,1872.89,0.0027
2026-08-03 23:45:33,ETHUSDT,BINANCE,TRADE,1872.9,0.0027
2026-08-03 23:45:33,ETHUSDT,BINANCE,TRADE,1872.9,0.0027
2026-08-03 23:45:33,ETHUSDT,BINANCE,TRADE,1872.9,0.0027
2026-08-03 23:45:33,ETHUSDT,BINANCE,TRADE,1872.9,0.0027
2026-08-03 23:45:33,ETHUSDT,BINANCE,TRADE,1872.9,0.0027
2026-08-03 23:45:33,ETHUSDT,BINANCE,TRADE,1872.9,0.0027
2026-08-03 23:45:33,ETHUSDT,BINANCE,TRADE,1872.91,0.0027
2026-08-03 23:45:33,ETHUSDT,BINANCE,TRADE,1872.91,0.0027
2026-08-03 23:45:33,ETHUSDT,BINANCE,TRADE,1872.91,0.0027
2026-08-03 23:45:33,ETHUSDT,BINANCE,TRADE,1872.91,0.0027
2026-08-03 23:45:33,ETHUSDT,BINANCE,TRADE,1872.91,0.0027
2026-08-03 23:45:33,ETHUSDT,BINANCE,TRADE,1872.92,0.0027
2026-08-03 23:45:33,ETHUSDT,BINANCE,TRADE,1872.92,0.0028
2026-08-03 23:45:33,ETHUSDT,BINANCE,TRADE,1872.92,0.0027
2026-08-03 23:45:33,ETHUSDT,BINANCE,TRADE,1872.92,0.0027
2026-08-03 23:45:33,ETHUSDT,BINANCE,TRADE,1872.92,0.0027
2026-08-03 23:45:33,ETHUSDT,BINANCE,TRADE,1872.92,0.0027
2026-08-03 23:45:33,ETHUSDT,BINANCE,TRADE,1872.93,0.0027
2026-08-03 23:45:33,ETHUSDT,BINANCE,TRADE,1872.93,0.0027
2026-08-03 23:45:33,ETHUSDT,BINANCE,TRADE,1872.93,0.0027
2026-08-03 23:45:33,ETHUSDT,BINANCE,TRADE,1872.93,0.0027
2026-08-03 23:45:33,ETHUSDT,BINANCE,TRADE,1872.93,0.0027
2026-08-03 23:45:33,ETHUSDT,BINANCE,TRADE,1872.94,0.0027
2026-08-03 23:45:33,ETHUSDT,BINANCE,TRADE,1872.94,0.0027
2026-08-03 23:45:33,ETHUSDT,BINANCE,TRADE,1872.94,0.0027
2026-08-03 23:45:33,ETHUSDT,BINANCE,TRADE,1872.94,0.0027
2026-08-03 23:45:33,ETHUSDT,BINANCE,TRADE,1872.94,0.0027
2026-08-03 23:45:33,ETHUSDT,BINANCE,TRADE,1872.95,0.0027
2026-08-03 23:45:33,ETHUSDT,BINANCE,TRADE,1872.95,0.0027
2026-08-03 23:45:33,ETHUSDT,BINANCE,TRADE,1872.95,0.0029
2026-08-03 23:45:33,ETHUSDT,BINANCE,TRADE,1872.95,0.0029
2026-08-03 23:45:33,ETHUSDT,BINANCE,TRADE,1872.95,0.0027
2026-08-03 23:45:33,ETHUSDT,BINANCE,TRADE,1872.95,0.0029
2026-08-03 23:45:33,ETHUSDT,BINANCE,TRADE,1872.95,0.0027
2026-08-03 23:45:33,ETHUSDT,BINANCE,TRADE,1872.95,0.0027
2026-08-03 23:45:33,ETHUSDT,BINANCE,TRADE,1872.95,0.0027
2026-08-03 23:45:33,SOLUSDT,BINANCE,TRADE,74.14,0.116
2026-08-03 23:45:33,SOLUSDT,BINANCE,TRADE,74.14,0.074
2026-08-03 23:45:33,SOLUSDT,BINANCE,TRADE,74.14,0.07
2026-08-03 23:45:33,SOLUSDT,BINANCE,TRADE,74.14,0.082
2026-08-03 23:45:33,SOLUSDT,BINANCE,TRADE,74.14,0.079
2026-08-03 23:45:33,SOLUSDT,BINANCE,TRADE,74.14,0.071
2026-08-03 23:45:33,SOLUSDT,BINANCE,TRADE,74.14,0.14
2026-08-03 23:45:33,SOLUSDT,BINANCE,TRADE,74.14,0.343
2026-08-03 23:45:33,SOLUSDT,BINANCE,TRADE,74.14,0.084
2026-08-03 23:45:33,SOLUSDT,BINANCE,TRADE,74.14,1.441
2026-08-03 23:45:33,SOLUSDT,BINANCE,TRADE,74.14,0.218
2026-08-03 23:45:33,SOLUSDT,BINANCE,TRADE,74.14,0.118
2026-08-03 23:45:33,SOLUSDT,BINANCE,TRADE,74.14,0.115
2026-08-03 23:45:33,SOLUSDT,BINANCE,TRADE,74.14,0.077
2026-08-03 23:45:33,SOLUSDT,BINANCE,TRADE,74.14,0.139
2026-08-03 23:45:33,SOLUSDT,BINANCE,TRADE,74.14,0.26
2026-08-03 23:45:33,SOLUSDT,BINANCE,TRADE,74.14,0.097
2026-08-03 23:45:33,SOLUSDT,BINANCE,TRADE,74.14,0.073
2026-08-03 23:45:33,SOLUSDT,BINANCE,TRADE,74.14,0.27
2026-08-03 23:45:33,SOLUSDT,BINANCE,TRADE,74.14,0.078
2026-08-03 23:45:33,SOLUSDT,BINANCE,TRADE,74.14,3.776
2026-08-03 23:45:33,SOLUSDT,BINANCE,TRADE,74.14,0.103
2026-08-03 23:45:33,SOLUSDT,BINANCE,TRADE,74.14,0.069
2026-08-03 23:45:33,SOLUSDT,BINANCE,TRADE,74.14,0.075
2026-08-03 23:45:33,SOLUSDT,BINANCE,TRADE,74.14,0.068
2026-08-03 23:45:33,SOLUSDT,BINANCE,TRADE,74.14,0.278
2026-08-03 23:45:33,SOLUSDT,BINANCE,TRADE,74.14,0.102
2026-08-03 23:45:33,SOLUSDT,BINANCE,TRADE,74.14,0.67
2026-08-03 23:45:33,SOLUSDT,BINANCE,TRADE,74.14,0.073
2026-08-03 23:45:33,SOLUSDT,BINANCE,TRADE,74.14,0.073
2026-08-03 23:45:33,SOLUSDT,BINANCE,TRADE,74.14,0.135
2026-08-03 23:45:33,SOLUSDT,BINANCE,TRADE,74.14,2.942
2026-08-03 23:45:33,SOLUSDT,BINANCE,TRADE,74.14,1.194
2026-08-03 23:45:33,SOLUSDT,BINANCE,TRADE,74.13,14.99
2026-08-03 23:45:34,SOLUSDT,BINANCE,TRADE,74.14,1.194
2026-08-03 23:45:34,ETHUSDT,BINANCE,TRADE,1872.96,0.0027
2026-08-03 23:45:34,ETHUSDT,BINANCE,TRADE,1872.96,0.0003
2026-08-03 23:45:34,SOLUSDT,BINANCE,TRADE,74.14,0.073
2026-08-03 23:45:34,SOLUSDT,BINANCE,TRADE,74.14,0.073
2026-08-03 23:45:34,SOLUSDT,BINANCE,TRADE,74.14,3.368
2026-08-03 23:45:34,SOLUSDT,BINANCE,TRADE,74.14,0.073
2026-08-03 23:45:34,SOLUSDT,BINANCE,TRADE,74.14,0.073
2026-08-03 23:45:34,SOLUSDT,BINANCE,TRADE,74.14,0.073
2026-08-03 23:45:34,SOLUSDT,BINANCE,TRADE,74.14,0.073
2026-08-03 23:45:34,SOLUSDT,BINANCE,TRADE,74.14,0.07
2026-08-03 23:45:34,SOLUSDT,BINANCE,TRADE,74.14,3.637
2026-08-03 23:45:35,SOLUSDT,BINANCE,TRADE,74.13,0.134
2026-08-03 23:45:35,SOLUSDT,BINANCE,TRADE,74.13,0.385
2026-08-03 23:45:35,SOLUSDT,BINANCE,TRADE,74.13,4.92
2026-08-03 23:45:35,SOLUSDT,BINANCE,TRADE,74.14,1.375
2026-08-03 23:45:35,SOLUSDT,BINANCE,TRADE,74.13,0.5
2026-08-03 23:45:35,ETHUSDT,BINANCE,TRADE,1872.95,0.0213
2026-08-03 23:45:35,SOLUSDT,BINANCE,TRADE,74.14,7.51
2026-08-03 23:45:36,SOLUSDT,BINANCE,TRADE,74.14,2.415
2026-08-03 23:45:36,SOLUSDT,BINANCE,TRADE,74.14,13.503
2026-08-03 23:45:36,SOLUSDT,BINANCE,TRADE,74.14,0.587
2026-08-03 23:45:37,SOLUSDT,BINANCE,TRADE,74.14,7.517
2026-08-03 23:45:37,SOLUSDT,BINANCE,TRADE,74.14,7.517
2026-08-03 23:45:37,BTCUSDT,BINANCE,TRADE,63977.5,0.05683
2026-08-03 23:45:37,ETHUSDT,BINANCE,TRADE,1872.95,0.2685
2026-08-03 23:45:37,BTCUSDT,BINANCE,TRADE,63977.5,0.00038
2026-08-03 23:45:37,ETHUSDT,BINANCE,TRADE,1872.96,0.0025
2026-08-03 23:45:37,ETHUSDT,BINANCE,TRADE,1872.96,0.0005
2026-08-03 23:45:37,SOLUSDT,BINANCE,TRADE,74.14,0.073
2026-08-03 23:45:37,SOLUSDT,BINANCE,TRADE,74.14,0.073
2026-08-03 23:45:37,SOLUSDT,BINANCE,TRADE,74.14,0.068
2026-08-03 23:45:37,SOLUSDT,BINANCE,TRADE,74.14,0.278
2026-08-03 23:45:37,SOLUSDT,BINANCE,TRADE,74.14,0.135
2026-08-03 23:45:37,SOLUSDT,BINANCE,TRADE,74.14,11
2026-08-03 23:45:37,SOLUSDT,BINANCE,TRADE,74.14,0.073
2026-08-03 23:45:37,SOLUSDT,BINANCE,TRADE,74.14,0.073
2026-08-03 23:45:37,SOLUSDT,BINANCE,TRADE,74.14,0.073
2026-08-03 23:45:37,SOLUSDT,BINANCE,TRADE,74.14,0.073
2026-08-03 23:45:37,SOLUSDT,BINANCE,TRADE,74.14,0.073
2026-08-03 23:45:37,SOLUSDT,BINANCE,TRADE,74.14,0.073
2026-08-03 23:45:37,SOLUSDT,BINANCE,TRADE,74.14,0.07
2026-08-03 23:45:37,SOLUSDT,BINANCE,TRADE,74.14,2.081
2026-08-03 23:45:37,SOLUSDT,BINANCE,TRADE,74.14,0.205
2026-08-03 23:45:38,SOLUSDT,BINANCE,TRADE,74.14,0.204
2026-08-03 23:45:38,SOLUSDT,BINANCE,TRADE,74.14,0.204
2026-08-03 23:45:38,BTCUSDT,BINANCE,TRADE,63977.5,8e-05
2026-08-03 23:45:38,BTCUSDT,BINANCE,TRADE,63977.5,8e-05
2026-08-03 23:45:38,BTCUSDT,BINANCE,TRADE,63977.5,9e-05
2026-08-03 23:45:38,BTCUSDT,BINANCE,TRADE,63977.5,0.00234
2026-08-03 23:45:38,BTCUSDT,BINANCE,TRADE,63977.5,8e-05
2026-08-03 23:45:38,BTCUSDT,BINANCE,TRADE,63977.5,8e-05
2026-08-03 23:45:38,BTCUSDT,BINANCE,TRADE,63977.5,0.007
2026-08-03 23:45:38,BTCUSDT,BINANCE,TRADE,63977.5,0.007
2026-08-03 23:45:38,BTCUSDT,BINANCE,TRADE,63977.5,8e-05
2026-08-03 23:45:38,BTCUSDT,BINANCE,TRADE,63977.5,9e-05
2026-08-03 23:45:38,BTCUSDT,BINANCE,TRADE,63977.5,9e-05
2026-08-03 23:45:38,BTCUSDT,BINANCE,TRADE,63977.5,9e-05
2026-08-03 23:45:38,BTCUSDT,BINANCE,TRADE,63977.5,9e-05
2026-08-03 23:45:38,BTCUSDT,BINANCE,TRADE,63977.5,0.00781
2026-08-03 23:45:38,BTCUSDT,BINANCE,TRADE,63977.5,9e-05
2026-08-03 23:45:38,BTCUSDT,BINANCE,TRADE,63977.5,9e-05
2026-08-03 23:45:38,BTCUSDT,BINANCE,TRADE,63977.5,8e-05
2026-08-03 23:45:38,BTCUSDT,BINANCE,TRADE,63977.5,9e-05
2026-08-03 23:45:38,BTCUSDT,BINANCE,TRADE,63977.5,9e-05
2026-08-03 23:45:38,BTCUSDT,BINANCE,TRADE,63977.5,9e-05
2026-08-03 23:45:38,BTCUSDT,BINANCE,TRADE,63977.5,9e-05
2026-08-03 23:45:38,BTCUSDT,BINANCE,TRADE,63977.5,9e-05
2026-08-03 23:45:38,BTCUSDT,BINANCE,TRADE,63977.5,9e-05
2026-08-03 23:45:38,BTCUSDT,BINANCE,TRADE,63977.5,9e-05
2026-08-03 23:45:38,BTCUSDT,BINANCE,TRADE,63977.5,9e-05
2026-08-03 23:45:38,BTCUSDT,BINANCE,TRADE,63977.5,9e-05
2026-08-03 23:45:38,BTCUSDT,BINANCE,TRADE,63977.5,9e-05
2026-08-03 23:45:38,BTCUSDT,BINANCE,TRADE,63977.5,8e-05
2026-08-03 23:45:38,BTCUSDT,BINANCE,TRADE,63977.5,8e-05
2026-08-03 23:45:38,BTCUSDT,BINANCE,TRADE,63977.5,8e-05
2026-08-03 23:45:38,BTCUSDT,BINANCE,TRADE,63977.5,8e-05
2026-08-03 23:45:38,BTCUSDT,BINANCE,TRADE,63977.5,8e-05
2026-08-03 23:45:38,BTCUSDT,BINANCE,TRADE,63977.5,8e-05
2026-08-03 23:45:38,BTCUSDT,BINANCE,TRADE,63977.5,8e-05
2026-08-03 23:45:38,BTCUSDT,BINANCE,TRADE,63977.5,8e-05
2026-08-03 23:45:38,BTCUSDT,BINANCE,TRADE,63977.5,9e-05
2026-08-03 23:45:38,BTCUSDT,BINANCE,TRADE,63977.5,9e-05
2026-08-03 23:45:38,BTCUSDT,BINANCE,TRADE,63977.5,9e-05
2026-08-03 23:45:38,BTCUSDT,BINANCE,TRADE,63977.5,9e-05
2026-08-03 23:45:38,BTCUSDT,BINANCE,TRADE,63977.5,9e-05
2026-08-03 23:45:38,BTCUSDT,BINANCE,TRADE,63977.5,9e-05
2026-08-03 23:45:38,BTCUSDT,BINANCE,TRADE,63977.5,1e-05
2026-08-03 23:45:38,BTCUSDT,BINANCE,TRADE,63977.5,8e-05
2026-08-03 23:45:38,BTCUSDT,BINANCE,TRADE,63977.5,9e-05
2026-08-03 23:45:38,BTCUSDT,BINANCE,TRADE,63977.5,9e-05
2026-08-03 23:45:38,BTCUSDT,BINANCE,TRADE,63977.5,9e-05
2026-08-03 23:45:38,BTCUSDT,BINANCE,TRADE,63977.5,8e-05
2026-08-03 23:45:38,BTCUSDT,BINANCE,TRADE,63977.5,0.00013
2026-08-03 23:45:38,BTCUSDT,BINANCE,TRADE,63977.5,0.00663
2026-08-03 23:45:38,BTCUSDT,BINANCE,TRADE,63977.5,9e-05
2026-08-03 23:45:38,BTCUSDT,BINANCE,TRADE,63977.5,9e-05
2026-08-03 23:45:38,BTCUSDT,BINANCE,TRADE,63977.5,9e-05
2026-08-03 23:45:38,BTCUSDT,BINANCE,TRADE,63977.5,9e-05
2026-08-03 23:45:38,BTCUSDT,BINANCE,TRADE,63977.5,9e-05
2026-08-03 23:45:38,BTCUSDT,BINANCE,TRADE,63977.5,9e-05
2026-08-03 23:45:38,BTCUSDT,BINANCE,TRADE,63977.5,9e-05
2026-08-03 23:45:38,BTCUSDT,BINANCE,TRADE,63977.5,9e-05
2026-08-03 23:45:38,BTCUSDT,BINANCE,TRADE,63977.5,8e-05
2026-08-03 23:45:38,BTCUSDT,BINANCE,TRADE,63977.5,9e-05
2026-08-03 23:45:38,BTCUSDT,BINANCE,TRADE,63977.5,9e-05
2026-08-03 23:45:38,BTCUSDT,BINANCE,TRADE,63977.5,9e-05
2026-08-03 23:45:38,BTCUSDT,BINANCE,TRADE,63977.5,8e-05
2026-08-03 23:45:38,BTCUSDT,BINANCE,TRADE,63977.5,8e-05
2026-08-03 23:45:38,BTCUSDT,BINANCE,TRADE,63977.5,9e-05
2026-08-03 23:45:38,BTCUSDT,BINANCE,TRADE,63977.5,9e-05
2026-08-03 23:45:38,BTCUSDT,BINANCE,TRADE,63977.5,8e-05
2026-08-03 23:45:38,BTCUSDT,BINANCE,TRADE,63977.5,0.00016
2026-08-03 23:45:38,BTCUSDT,BINANCE,TRADE,63977.5,9e-05
2026-08-03 23:45:38,BTCUSDT,BINANCE,TRADE,63977.5,9e-05
2026-08-03 23:45:38,BTCUSDT,BINANCE,TRADE,63977.5,9e-05
2026-08-03 23:45:38,BTCUSDT,BINANCE,TRADE,63977.5,9e-05
2026-08-03 23:45:38,BTCUSDT,BINANCE,TRADE,63977.5,9e-05
2026-08-03 23:45:38,BTCUSDT,BINANCE,TRADE,63977.5,9e-05
2026-08-03 23:45:38,BTCUSDT,BINANCE,TRADE,63977.6,0.01256
2026-08-03 23:45:38,BTCUSDT,BINANCE,TRADE,63977.6,8e-05
2026-08-03 23:45:38,BTCUSDT,BINANCE,TRADE,63977.6,8e-05
2026-08-03 23:45:38,BTCUSDT,BINANCE,TRADE,63977.6,8e-05
2026-08-03 23:45:38,BTCUSDT,BINANCE,TRADE,63977.6,8e-05
2026-08-03 23:45:38,BTCUSDT,BINANCE,TRADE,63977.6,8e-05
2026-08-03 23:45:38,BTCUSDT,BINANCE,TRADE,63977.7,9e-05
2026-08-03 23:45:38,BTCUSDT,BINANCE,TRADE,63977.7,8e-05
2026-08-03 23:45:38,BTCUSDT,BINANCE,TRADE,63977.7,9e-05
2026-08-03 23:45:38,BTCUSDT,BINANCE,TRADE,63977.7,9e-05
2026-08-03 23:45:38,BTCUSDT,BINANCE,TRADE,63977.7,8e-05
2026-08-03 23:45:38,BTCUSDT,BINANCE,TRADE,63977.7,9e-05
2026-08-03 23:45:38,BTCUSDT,BINANCE,TRADE,63977.7,9e-05
2026-08-03 23:45:38,BTCUSDT,BINANCE,TRADE,63977.7,9e-05
2026-08-03 23:45:38,BTCUSDT,BINANCE,TRADE,63977.7,9e-05
2026-08-03 23:45:38,BTCUSDT,BINANCE,TRADE,63977.7,0.00257
2026-08-03 23:45:38,BTCUSDT,BINANCE,TRADE,63977.7,9e-05
2026-08-03 23:45:38,BTCUSDT,BINANCE,TRADE,63977.7,8e-05
2026-08-03 23:45:38,BTCUSDT,BINANCE,TRADE,63977.7,8e-05
2026-08-03 23:45:38,BTCUSDT,BINANCE,TRADE,63977.7,8e-05
2026-08-03 23:45:38,BTCUSDT,BINANCE,TRADE,63977.7,9e-05
2026-08-03 23:45:38,BTCUSDT,BINANCE,TRADE,63977.7,9e-05
2026-08-03 23:45:38,BTCUSDT,BINANCE,TRADE,63977.7,9e-05
2026-08-03 23:45:38,BTCUSDT,BINANCE,TRADE,63977.7,9e-05
2026-08-03 23:45:38,BTCUSDT,BINANCE,TRADE,63977.7,9e-05
2026-08-03 23:45:38,BTCUSDT,BINANCE,TRADE,63977.9,0.00879
2026-08-03 23:45:38,BTCUSDT,BINANCE,TRADE,63977.9,8e-05
2026-08-03 23:45:38,BTCUSDT,BINANCE,TRADE,63978,9e-05
2026-08-03 23:45:38,BTCUSDT,BINANCE,TRADE,63978,9e-05
2026-08-03 23:45:38,BTCUSDT,BINANCE,TRADE,63978,8e-05
2026-08-03 23:45:38,BTCUSDT,BINANCE,TRADE,63978,9e-05
2026-08-03 23:45:38,BTCUSDT,BINANCE,TRADE,63978,8e-05
2026-08-03 23:45:38,BTCUSDT,BINANCE,TRADE,63978,0.0024
2026-08-03 23:45:38,ETHUSDT,BINANCE,TRADE,1872.95,0.003
2026-08-03 23:45:39,ETHUSDT,BINANCE,TRADE,1872.96,0.0023
2026-08-03 23:45:39,ETHUSDT,BINANCE,TRADE,1872.96,0.0027
2026-08-03 23:45:39,ETHUSDT,BINANCE,TRADE,1872.96,0.0032
2026-08-03 23:45:39,ETHUSDT,BINANCE,TRADE,1872.96,0.087
2026-08-03 23:45:39,ETHUSDT,BINANCE,TRADE,1872.96,0.0027
2026-08-03 23:45:39,ETHUSDT,BINANCE,TRADE,1872.96,0.0028
2026-08-03 23:45:39,ETHUSDT,BINANCE,TRADE,1872.96,0.4058
2026-08-03 23:45:39,ETHUSDT,BINANCE,TRADE,1872.96,0.0027
2026-08-03 23:45:39,ETHUSDT,BINANCE,TRADE,1872.96,0.0028
2026-08-03 23:45:39,ETHUSDT,BINANCE,TRADE,1872.96,0.0027
2026-08-03 23:45:39,ETHUSDT,BINANCE,TRADE,1872.96,0.0032
2026-08-03 23:45:39,ETHUSDT,BINANCE,TRADE,1872.96,0.65
2026-08-03 23:45:39,ETHUSDT,BINANCE,TRADE,1872.96,0.0027
2026-08-03 23:45:39,ETHUSDT,BINANCE,TRADE,1872.96,0.0698
2026-08-03 23:45:39,ETHUSDT,BINANCE,TRADE,1872.96,0.0054
2026-08-03 23:45:39,ETHUSDT,BINANCE,TRADE,1872.96,0.0027
2026-08-03 23:45:39,ETHUSDT,BINANCE,TRADE,1872.96,0.0028
2026-08-03 23:45:39,ETHUSDT,BINANCE,TRADE,1872.96,0.0032
2026-08-03 23:45:39,ETHUSDT,BINANCE,TRADE,1872.96,0.0027
2026-08-03 23:45:39,ETHUSDT,BINANCE,TRADE,1872.96,0.0027
2026-08-03 23:45:39,ETHUSDT,BINANCE,TRADE,1872.96,0.0027
2026-08-03 23:45:39,ETHUSDT,BINANCE,TRADE,1872.97,0.0027
2026-08-03 23:45:39,ETHUSDT,BINANCE,TRADE,1872.97,0.0027
2026-08-03 23:45:39,ETHUSDT,BINANCE,TRADE,1872.97,0.0027
2026-08-03 23:45:39,ETHUSDT,BINANCE,TRADE,1872.97,0.0027
2026-08-03 23:45:39,ETHUSDT,BINANCE,TRADE,1872.97,0.003
2026-08-03 23:45:39,ETHUSDT,BINANCE,TRADE,1872.97,0.01
2026-08-03 23:45:39,ETHUSDT,BINANCE,TRADE,1872.97,0.0028
2026-08-03 23:45:39,ETHUSDT,BINANCE,TRADE,1872.97,0.0054
2026-08-03 23:45:39,ETHUSDT,BINANCE,TRADE,1872.97,0.0028
2026-08-03 23:45:39,ETHUSDT,BINANCE,TRADE,1872.97,0.0028
2026-08-03 23:45:39,ETHUSDT,BINANCE,TRADE,1872.97,0.0028
2026-08-03 23:45:39,ETHUSDT,BINANCE,TRADE,1872.97,0.0027
2026-08-03 23:45:39,ETHUSDT,BINANCE,TRADE,1872.97,0.0027
2026-08-03 23:45:39,ETHUSDT,BINANCE,TRADE,1872.97,0.0027
2026-08-03 23:45:39,ETHUSDT,BINANCE,TRADE,1872.97,0.0027
2026-08-03 23:45:39,ETHUSDT,BINANCE,TRADE,1872.97,0.0027
2026-08-03 23:45:39,ETHUSDT,BINANCE,TRADE,1872.97,0.0027
2026-08-03 23:45:39,ETHUSDT,BINANCE,TRADE,1872.97,0.0027
2026-08-03 23:45:39,ETHUSDT,BINANCE,TRADE,1872.97,0.0027
2026-08-03 23:45:39,ETHUSDT,BINANCE,TRADE,1872.97,0.0027
2026-08-03 23:45:39,ETHUSDT,BINANCE,TRADE,1872.97,0.0027
2026-08-03 23:45:39,ETHUSDT,BINANCE,TRADE,1872.97,0.0027
2026-08-03 23:45:39,ETHUSDT,BINANCE,TRADE,1872.97,0.0027
2026-08-03 23:45:39,ETHUSDT,BINANCE,TRADE,1872.97,0.0027
2026-08-03 23:45:39,ETHUSDT,BINANCE,TRADE,1872.97,0.0027
2026-08-03 23:45:39,ETHUSDT,BINANCE,TRADE,1872.97,0.0027
2026-08-03 23:45:39,ETHUSDT,BINANCE,TRADE,1872.97,0.0027
2026-08-03 23:45:39,ETHUSDT,BINANCE,TRADE,1872.98,0.0054
2026-08-03 23:45:39,ETHUSDT,BINANCE,TRADE,1872.99,0.0027
2026-08-03 23:45:39,ETHUSDT,BINANCE,TRADE,1872.99,0.0029
2026-08-03 23:45:39,ETHUSDT,BINANCE,TRADE,1872.99,0.0029
2026-08-03 23:45:39,ETHUSDT,BINANCE,TRADE,1872.99,0.0028
2026-08-03 23:45:39,ETHUSDT,BINANCE,TRADE,1872.99,0.0029
2026-08-03 23:45:39,ETHUSDT,BINANCE,TRADE,1873,0.2618
2026-08-03 23:45:39,ETHUSDT,BINANCE,TRADE,1873,0.2669
2026-08-03 23:45:39,ETHUSDT,BINANCE,TRADE,1873,0.1164
2026-08-03 23:45:39,ETHUSDT,BINANCE,TRADE,1873,0.0028
2026-08-03 23:45:39,ETHUSDT,BINANCE,TRADE,1873.04,0.0027
2026-08-03 23:45:39,ETHUSDT,BINANCE,TRADE,1873.06,0.0027
2026-08-03 23:45:39,ETHUSDT,BINANCE,TRADE,1873.06,0.0029
2026-08-03 23:45:39,ETHUSDT,BINANCE,TRADE,1873.06,0.0029
2026-08-03 23:45:39,ETHUSDT,BINANCE,TRADE,1873.06,0.0027
2026-08-03 23:45:39,ETHUSDT,BINANCE,TRADE,1873.06,0.0029
2026-08-03 23:45:39,ETHUSDT,BINANCE,TRADE,1873.07,0.0027
2026-08-03 23:45:39,ETHUSDT,BINANCE,TRADE,1873.07,0.0027
2026-08-03 23:45:39,ETHUSDT,BINANCE,TRADE,1873.07,0.009
2026-08-03 23:45:39,ETHUSDT,BINANCE,TRADE,1873.07,0.3482
2026-08-03 23:45:39,ETHUSDT,BINANCE,TRADE,1873.07,0.0029
2026-08-03 23:45:39,ETHUSDT,BINANCE,TRADE,1873.07,0.0029
2026-08-03 23:45:39,ETHUSDT,BINANCE,TRADE,1873.07,0.0027
2026-08-03 23:45:39,ETHUSDT,BINANCE,TRADE,1873.07,0.0027
2026-08-03 23:45:39,ETHUSDT,BINANCE,TRADE,1873.07,0.0029
2026-08-03 23:45:39,ETHUSDT,BINANCE,TRADE,1873.07,0.0027
2026-08-03 23:45:39,ETHUSDT,BINANCE,TRADE,1873.07,0.0027
2026-08-03 23:45:39,ETHUSDT,BINANCE,TRADE,1873.07,0.0027
2026-08-03 23:45:39,ETHUSDT,BINANCE,TRADE,1873.07,0.0027
2026-08-03 23:45:39,ETHUSDT,BINANCE,TRADE,1873.07,0.0027
2026-08-03 23:45:39,ETHUSDT,BINANCE,TRADE,1873.07,0.0027
2026-08-03 23:45:39,ETHUSDT,BINANCE,TRADE,1873.08,0.0027
2026-08-03 23:45:39,ETHUSDT,BINANCE,TRADE,1873.08,0.003
2026-08-03 23:45:39,ETHUSDT,BINANCE,TRADE,1873.08,2.132
2026-08-03 23:45:39,ETHUSDT,BINANCE,TRADE,1873.09,0.0027
2026-08-03 23:45:39,ETHUSDT,BINANCE,TRADE,1873.09,0.0027
2026-08-03 23:45:39,ETHUSDT,BINANCE,TRADE,1873.1,0.0027
2026-08-03 23:45:39,ETHUSDT,BINANCE,TRADE,1873.1,0.0027
2026-08-03 23:45:39,ETHUSDT,BINANCE,TRADE,1873.1,0.0027
2026-08-03 23:45:39,ETHUSDT,BINANCE,TRADE,1873.1,0.0027
2026-08-03 23:45:39,ETHUSDT,BINANCE,TRADE,1873.1,0.0027
2026-08-03 23:45:39,ETHUSDT,BINANCE,TRADE,1873.11,0.0027
2026-08-03 23:45:39,ETHUSDT,BINANCE,TRADE,1873.11,0.0027
2026-08-03 23:45:39,ETHUSDT,BINANCE,TRADE,1873.11,0.0027
2026-08-03 23:45:39,ETHUSDT,BINANCE,TRADE,1873.11,0.0027
2026-08-03 23:45:39,ETHUSDT,BINANCE,TRADE,1873.11,0.0027
2026-08-03 23:45:39,ETHUSDT,BINANCE,TRADE,1873.12,0.011
2026-08-03 23:45:39,ETHUSDT,BINANCE,TRADE,1873.12,0.0027
2026-08-03 23:45:39,ETHUSDT,BINANCE,TRADE,1873.12,0.0027
2026-08-03 23:45:39,ETHUSDT,BINANCE,TRADE,1873.13,0.0027
2026-08-03 23:45:39,ETHUSDT,BINANCE,TRADE,1873.13,0.0027
2026-08-03 23:45:39,ETHUSDT,BINANCE,TRADE,1873.13,0.0027
2026-08-03 23:45:39,ETHUSDT,BINANCE,TRADE,1873.13,0.0027
2026-08-03 23:45:39,ETHUSDT,BINANCE,TRADE,1873.13,0.0027
2026-08-03 23:45:39,ETHUSDT,BINANCE,TRADE,1873.13,0.0027
2026-08-03 23:45:39,ETHUSDT,BINANCE,TRADE,1873.13,0.0027
2026-08-03 23:45:39,ETHUSDT,BINANCE,TRADE,1873.14,0.0027
2026-08-03 23:45:39,ETHUSDT,BINANCE,TRADE,1873.14,0.0027
2026-08-03 23:45:39,ETHUSDT,BINANCE,TRADE,1873.14,0.0027
2026-08-03 23:45:39,ETHUSDT,BINANCE,TRADE,1873.14,0.0027
2026-08-03 23:45:39,ETHUSDT,BINANCE,TRADE,1873.14,0.0027
2026-08-03 23:45:39,ETHUSDT,BINANCE,TRADE,1873.15,0.0027
2026-08-03 23:45:39,ETHUSDT,BINANCE,TRADE,1873.15,0.0028
2026-08-03 23:45:39,ETHUSDT,BINANCE,TRADE,1873.15,0.0027
2026-08-03 23:45:39,ETHUSDT,BINANCE,TRADE,1873.15,0.0027
2026-08-03 23:45:39,ETHUSDT,BINANCE,TRADE,1873.15,0.0027
2026-08-03 23:45:39,ETHUSDT,BINANCE,TRADE,1873.15,0.0027
2026-08-03 23:45:39,ETHUSDT,BINANCE,TRADE,1873.16,0.0027
2026-08-03 23:45:39,ETHUSDT,BINANCE,TRADE,1873.16,0.0027
2026-08-03 23:45:39,ETHUSDT,BINANCE,TRADE,1873.16,0.0027
2026-08-03 23:45:39,ETHUSDT,BINANCE,TRADE,1873.16,0.0027
2026-08-03 23:45:39,ETHUSDT,BINANCE,TRADE,1873.16,0.0027
2026-08-03 23:45:39,ETHUSDT,BINANCE,TRADE,1873.17,0.0027
2026-08-03 23:45:39,ETHUSDT,BINANCE,TRADE,1873.17,0.0033
2026-08-03 23:45:39,ETHUSDT,BINANCE,TRADE,1873.17,0.0027
2026-08-03 23:45:39,ETHUSDT,BINANCE,TRADE,1873.17,0.0029
2026-08-03 23:45:39,ETHUSDT,BINANCE,TRADE,1873.17,0.0029
2026-08-03 23:45:39,ETHUSDT,BINANCE,TRADE,1873.17,0.0027
2026-08-03 23:45:39,ETHUSDT,BINANCE,TRADE,1873.17,0.0029
2026-08-03 23:45:39,ETHUSDT,BINANCE,TRADE,1873.17,0.0027
2026-08-03 23:45:39,ETHUSDT,BINANCE,TRADE,1873.17,0.0027
2026-08-03 23:45:39,ETHUSDT,BINANCE,TRADE,1873.17,0.0027
2026-08-03 23:45:39,ETHUSDT,BINANCE,TRADE,1873.18,1.7378
2026-08-03 23:45:39,ETHUSDT,BINANCE,TRADE,1873.18,0.0041
2026-08-03 23:45:39,ETHUSDT,BINANCE,TRADE,1873.18,0.0027
2026-08-03 23:45:39,ETHUSDT,BINANCE,TRADE,1873.18,0.0027
2026-08-03 23:45:39,ETHUSDT,BINANCE,TRADE,1873.18,0.0027
2026-08-03 23:45:39,ETHUSDT,BINANCE,TRADE,1873.18,0.0027
2026-08-03 23:45:39,ETHUSDT,BINANCE,TRADE,1873.18,0.0027
2026-08-03 23:45:39,ETHUSDT,BINANCE,TRADE,1873.19,0.0027
2026-08-03 23:45:39,ETHUSDT,BINANCE,TRADE,1873.19,0.003
2026-08-03 23:45:39,ETHUSDT,BINANCE,TRADE,1873.19,0.0027
2026-08-03 23:45:39,ETHUSDT,BINANCE,TRADE,1873.19,0.0095
2026-08-03 23:45:39,ETHUSDT,BINANCE,TRADE,1873.19,0.0029
2026-08-03 23:45:39,ETHUSDT,BINANCE,TRADE,1873.19,0.0027
2026-08-03 23:45:39,ETHUSDT,BINANCE,TRADE,1873.2,0.0028
2026-08-03 23:45:39,ETHUSDT,BINANCE,TRADE,1873.2,0.0027
2026-08-03 23:45:39,ETHUSDT,BINANCE,TRADE,1873.2,2.665
2026-08-03 23:45:39,ETHUSDT,BINANCE,TRADE,1873.2,0.8673
2026-08-03 23:45:39,BTCUSDT,BINANCE,TRADE,63978,0.0026
2026-08-03 23:45:39,BTCUSDT,BINANCE,TRADE,63978,0.006
2026-08-03 23:45:39,BTCUSDT,BINANCE,TRADE,63978,0.002
2026-08-03 23:45:39,BTCUSDT,BINANCE,TRADE,63978,0.008
2026-08-03 23:45:39,BTCUSDT,BINANCE,TRADE,63978,8e-05
2026-08-03 23:45:39,BTCUSDT,BINANCE,TRADE,63978,8e-05
2026-08-03 23:45:39,BTCUSDT,BINANCE,TRADE,63978,9e-05
2026-08-03 23:45:39,BTCUSDT,BINANCE,TRADE,63978,9e-05
2026-08-03 23:45:39,BTCUSDT,BINANCE,TRADE,63978,9e-05
2026-08-03 23:45:39,BTCUSDT,BINANCE,TRADE,63978,0.00236
2026-08-03 23:45:39,BTCUSDT,BINANCE,TRADE,63978,9e-05
2026-08-03 23:45:39,BTCUSDT,BINANCE,TRADE,63978,9e-05
2026-08-03 23:45:39,BTCUSDT,BINANCE,TRADE,63978,9e-05
2026-08-03 23:45:39,BTCUSDT,BINANCE,TRADE,63978,9e-05
2026-08-03 23:45:39,BTCUSDT,BINANCE,TRADE,63978,9e-05
2026-08-03 23:45:39,BTCUSDT,BINANCE,TRADE,63978,9e-05
2026-08-03 23:45:39,BTCUSDT,BINANCE,TRADE,63978,8e-05
2026-08-03 23:45:39,BTCUSDT,BINANCE,TRADE,63978,9e-05
2026-08-03 23:45:39,BTCUSDT,BINANCE,TRADE,63978,8e-05
2026-08-03 23:45:39,BTCUSDT,BINANCE,TRADE,63978,9e-05
2026-08-03 23:45:39,BTCUSDT,BINANCE,TRADE,63978,9e-05
2026-08-03 23:45:39,BTCUSDT,BINANCE,TRADE,63978,8e-05
2026-08-03 23:45:39,BTCUSDT,BINANCE,TRADE,63978,8e-05
2026-08-03 23:45:39,BTCUSDT,BINANCE,TRADE,63978,8e-05
2026-08-03 23:45:39,BTCUSDT,BINANCE,TRADE,63978,8e-05
2026-08-03 23:45:39,BTCUSDT,BINANCE,TRADE,63978,8e-05
2026-08-03 23:45:39,BTCUSDT,BINANCE,TRADE,63978,9e-05
2026-08-03 23:45:39,BTCUSDT,BINANCE,TRADE,63978,5e-05
2026-08-03 23:45:39,BTCUSDT,BINANCE,TRADE,63978,4e-05
2026-08-03 23:45:39,BTCUSDT,BINANCE,TRADE,63978,9e-05
2026-08-03 23:45:39,BTCUSDT,BINANCE,TRADE,63978,9e-05
2026-08-03 23:45:39,BTCUSDT,BINANCE,TRADE,63978,9e-05
2026-08-03 23:45:39,BTCUSDT,BINANCE,TRADE,63978,8e-05
2026-08-03 23:45:39,BTCUSDT,BINANCE,TRADE,63978,8e-05
2026-08-03 23:45:39,BTCUSDT,BINANCE,TRADE,63978.3,0.00615
2026-08-03 23:45:39,BTCUSDT,BINANCE,TRADE,63978.3,9e-05
2026-08-03 23:45:39,BTCUSDT,BINANCE,TRADE,63978.3,9e-05
2026-08-03 23:45:39,BTCUSDT,BINANCE,TRADE,63978.3,9e-05
2026-08-03 23:45:39,BTCUSDT,BINANCE,TRADE,63978.3,0.00187
2026-08-03 23:45:39,BTCUSDT,BINANCE,TRADE,63978.3,0.00809
2026-08-03 23:45:39,BTCUSDT,BINANCE,TRADE,63978.3,0.00879
2026-08-03 23:45:39,BTCUSDT,BINANCE,TRADE,63978.3,9e-05
2026-08-03 23:45:39,BTCUSDT,BINANCE,TRADE,63978.3,8e-05
2026-08-03 23:45:39,BTCUSDT,BINANCE,TRADE,63978.3,8e-05
2026-08-03 23:45:39,BTCUSDT,BINANCE,TRADE,63978.3,9e-05
2026-08-03 23:45:39,BTCUSDT,BINANCE,TRADE,63978.3,9e-05
2026-08-03 23:45:39,BTCUSDT,BINANCE,TRADE,63978.3,0.00234
2026-08-03 23:45:39,BTCUSDT,BINANCE,TRADE,63978.3,9e-05
2026-08-03 23:45:39,BTCUSDT,BINANCE,TRADE,63978.3,0.00016
2026-08-03 23:45:39,BTCUSDT,BINANCE,TRADE,63978.3,9e-05
2026-08-03 23:45:39,BTCUSDT,BINANCE,TRADE,63978.3,9e-05
2026-08-03 23:45:39,BTCUSDT,BINANCE,TRADE,63978.3,8e-05
2026-08-03 23:45:39,BTCUSDT,BINANCE,TRADE,63978.3,9e-05
2026-08-03 23:45:39,BTCUSDT,BINANCE,TRADE,63978.3,9e-05
2026-08-03 23:45:39,BTCUSDT,BINANCE,TRADE,63978.3,9e-05
2026-08-03 23:45:39,BTCUSDT,BINANCE,TRADE,63978.3,0.00016
2026-08-03 23:45:39,BTCUSDT,BINANCE,TRADE,63978.3,9e-05
2026-08-03 23:45:39,BTCUSDT,BINANCE,TRADE,63978.3,0.00016
2026-08-03 23:45:39,BTCUSDT,BINANCE,TRADE,63978.5,8e-05
2026-08-03 23:45:39,BTCUSDT,BINANCE,TRADE,63978.5,8e-05
2026-08-03 23:45:39,BTCUSDT,BINANCE,TRADE,63978.5,8e-05
2026-08-03 23:45:39,BTCUSDT,BINANCE,TRADE,63978.5,8e-05
2026-08-03 23:45:39,BTCUSDT,BINANCE,TRADE,63978.5,8e-05
2026-08-03 23:45:39,BTCUSDT,BINANCE,TRADE,63978.5,8e-05
2026-08-03 23:45:39,BTCUSDT,BINANCE,TRADE,63978.8,8e-05
2026-08-03 23:45:39,BTCUSDT,BINANCE,TRADE,63978.8,8e-05
2026-08-03 23:45:39,BTCUSDT,BINANCE,TRADE,63978.8,8e-05
2026-08-03 23:45:39,BTCUSDT,BINANCE,TRADE,63978.8,8e-05
2026-08-03 23:45:39,BTCUSDT,BINANCE,TRADE,63978.8,8e-05
2026-08-03 23:45:39,BTCUSDT,BINANCE,TRADE,63978.8,8e-05
2026-08-03 23:45:39,BTCUSDT,BINANCE,TRADE,63978.8,9e-05
2026-08-03 23:45:39,BTCUSDT,BINANCE,TRADE,63978.8,9e-05
2026-08-03 23:45:39,BTCUSDT,BINANCE,TRADE,63978.8,8e-05
2026-08-03 23:45:39,BTCUSDT,BINANCE,TRADE,63978.8,9e-05
2026-08-03 23:45:39,BTCUSDT,BINANCE,TRADE,63978.8,8e-05
2026-08-03 23:45:39,BTCUSDT,BINANCE,TRADE,63978.8,8e-05
2026-08-03 23:45:39,BTCUSDT,BINANCE,TRADE,63978.8,8e-05
2026-08-03 23:45:39,ETHUSDT,BINANCE,TRADE,1873.2,0.0027
2026-08-03 23:45:39,ETHUSDT,BINANCE,TRADE,1873.2,0.0032
2026-08-03 23:45:39,ETHUSDT,BINANCE,TRADE,1873.2,0.0032
2026-08-03 23:45:39,ETHUSDT,BINANCE,TRADE,1873.2,0.0027
2026-08-03 23:45:39,ETHUSDT,BINANCE,TRADE,1873.2,0.0801
2026-08-03 23:45:39,ETHUSDT,BINANCE,TRADE,1873.2,0.0028
2026-08-03 23:45:39,ETHUSDT,BINANCE,TRADE,1873.2,0.0027
2026-08-03 23:45:39,ETHUSDT,BINANCE,TRADE,1873.2,0.0028
2026-08-03 23:45:39,ETHUSDT,BINANCE,TRADE,1873.2,0.0028
2026-08-03 23:45:39,ETHUSDT,BINANCE,TRADE,1873.2,0.0028
2026-08-03 23:45:39,ETHUSDT,BINANCE,TRADE,1873.2,0.0028
2026-08-03 23:45:39,ETHUSDT,BINANCE,TRADE,1873.21,0.0027
2026-08-03 23:45:39,ETHUSDT,BINANCE,TRADE,1873.21,0.0028
2026-08-03 23:45:39,ETHUSDT,BINANCE,TRADE,1873.21,0.0028
2026-08-03 23:45:39,ETHUSDT,BINANCE,TRADE,1873.21,0.0028
2026-08-03 23:45:39,ETHUSDT,BINANCE,TRADE,1873.21,0.0027
2026-08-03 23:45:39,ETHUSDT,BINANCE,TRADE,1873.21,0.0027
2026-08-03 23:45:39,ETHUSDT,BINANCE,TRADE,1873.21,0.0027
2026-08-03 23:45:39,ETHUSDT,BINANCE,TRADE,1873.21,0.0027
2026-08-03 23:45:39,ETHUSDT,BINANCE,TRADE,1873.22,0.0027
2026-08-03 23:45:39,ETHUSDT,BINANCE,TRADE,1873.22,0.0027
2026-08-03 23:45:39,ETHUSDT,BINANCE,TRADE,1873.23,0.0027
2026-08-03 23:45:39,ETHUSDT,BINANCE,TRADE,1873.23,0.0027
2026-08-03 23:45:39,ETHUSDT,BINANCE,TRADE,1873.24,0.0027
2026-08-03 23:45:39,ETHUSDT,BINANCE,TRADE,1873.24,0.0027
2026-08-03 23:45:39,ETHUSDT,BINANCE,TRADE,1873.25,0.0027
2026-08-03 23:45:39,ETHUSDT,BINANCE,TRADE,1873.25,0.0027
2026-08-03 23:45:39,ETHUSDT,BINANCE,TRADE,1873.26,0.0027
2026-08-03 23:45:39,ETHUSDT,BINANCE,TRADE,1873.26,0.0027
2026-08-03 23:45:39,ETHUSDT,BINANCE,TRADE,1873.26,0.0027
2026-08-03 23:45:39,ETHUSDT,BINANCE,TRADE,1873.26,0.0027
2026-08-03 23:45:39,ETHUSDT,BINANCE,TRADE,1873.26,0.0027
2026-08-03 23:45:39,ETHUSDT,BINANCE,TRADE,1873.26,0.0027
2026-08-03 23:45:39,BTCUSDT,BINANCE,TRADE,63978.8,0.02
2026-08-03 23:45:39,BTCUSDT,BINANCE,TRADE,63978.8,0.02
2026-08-03 23:45:39,BTCUSDT,BINANCE,TRADE,63978.8,0.02
2026-08-03 23:45:39,BTCUSDT,BINANCE,TRADE,63978.8,0.02
2026-08-03 23:45:39,BTCUSDT,BINANCE,TRADE,63978.8,0.02
2026-08-03 23:45:39,BTCUSDT,BINANCE,TRADE,63978.8,8e-05
2026-08-03 23:45:39,BTCUSDT,BINANCE,TRADE,63978.8,9e-05
2026-08-03 23:45:39,BTCUSDT,BINANCE,TRADE,63978.8,8e-05
2026-08-03 23:45:39,BTCUSDT,BINANCE,TRADE,63978.8,0.00423
2026-08-03 23:45:39,BTCUSDT,BINANCE,TRADE,63978.8,9e-05
2026-08-03 23:45:39,BTCUSDT,BINANCE,TRADE,63978.8,9e-05
2026-08-03 23:45:39,BTCUSDT,BINANCE,TRADE,63978.8,9e-05
2026-08-03 23:45:39,BTCUSDT,BINANCE,TRADE,63978.8,8e-05
2026-08-03 23:45:39,BTCUSDT,BINANCE,TRADE,63978.8,9e-05
2026-08-03 23:45:39,BTCUSDT,BINANCE,TRADE,63978.8,9e-05
2026-08-03 23:45:39,BTCUSDT,BINANCE,TRADE,63978.8,9e-05
2026-08-03 23:45:39,BTCUSDT,BINANCE,TRADE,63978.8,8e-05
2026-08-03 23:45:39,BTCUSDT,BINANCE,TRADE,63978.8,8e-05
2026-08-03 23:45:39,BTCUSDT,BINANCE,TRADE,63978.8,9e-05
2026-08-03 23:45:39,BTCUSDT,BINANCE,TRADE,63978.8,9e-05
2026-08-03 23:45:39,BTCUSDT,BINANCE,TRADE,63978.8,9e-05
2026-08-03 23:45:39,BTCUSDT,BINANCE,TRADE,63978.8,9e-05
2026-08-03 23:45:39,BTCUSDT,BINANCE,TRADE,63978.8,9e-05
2026-08-03 23:45:39,BTCUSDT,BINANCE,TRADE,63978.9,8e-05
2026-08-03 23:45:39,BTCUSDT,BINANCE,TRADE,63978.9,8e-05
2026-08-03 23:45:39,BTCUSDT,BINANCE,TRADE,63979.2,8e-05
2026-08-03 23:45:39,BTCUSDT,BINANCE,TRADE,63979.4,0.0034
2026-08-03 23:45:39,BTCUSDT,BINANCE,TRADE,63979.4,0.00024
2026-08-03 23:45:39,BTCUSDT,BINANCE,TRADE,63979.7,8e-05
2026-08-03 23:45:39,BTCUSDT,BINANCE,TRADE,63980,9e-05
2026-08-03 23:45:39,BTCUSDT,BINANCE,TRADE,63980,9e-05
2026-08-03 23:45:39,BTCUSDT,BINANCE,TRADE,63980,9e-05
2026-08-03 23:45:39,BTCUSDT,BINANCE,TRADE,63980,0.01
2026-08-03 23:45:39,BTCUSDT,BINANCE,TRADE,63980,0.005
2026-08-03 23:45:39,BTCUSDT,BINANCE,TRADE,63980,0.006
2026-08-03 23:45:39,BTCUSDT,BINANCE,TRADE,63980,0.002
2026-08-03 23:45:39,BTCUSDT,BINANCE,TRADE,63980,0.00757
2026-08-03 23:45:39,BTCUSDT,BINANCE,TRADE,63980,0.00043
2026-08-03 23:45:39,BTCUSDT,BINANCE,TRADE,63980,8e-05
2026-08-03 23:45:39,BTCUSDT,BINANCE,TRADE,63980,9e-05
2026-08-03 23:45:39,BTCUSDT,BINANCE,TRADE,63980,9e-05
2026-08-03 23:45:39,BTCUSDT,BINANCE,TRADE,63980,8e-05
2026-08-03 23:45:39,BTCUSDT,BINANCE,TRADE,63980,0.06737
2026-08-03 23:45:39,BTCUSDT,BINANCE,TRADE,63980,0.0001
2026-08-03 23:45:39,SOLUSDT,BINANCE,TRADE,74.15,5.352
2026-08-03 23:45:39,SOLUSDT,BINANCE,TRADE,74.15,0.367
2026-08-03 23:45:39,SOLUSDT,BINANCE,TRADE,74.15,0.184
2026-08-03 23:45:39,SOLUSDT,BINANCE,TRADE,74.15,0.288
2026-08-03 23:45:39,SOLUSDT,BINANCE,TRADE,74.15,0.106
2026-08-03 23:45:39,SOLUSDT,BINANCE,TRADE,74.15,1.085
2026-08-03 23:45:39,SOLUSDT,BINANCE,TRADE,74.15,0.129
2026-08-03 23:45:39,SOLUSDT,BINANCE,TRADE,74.15,0.11
2026-08-03 23:45:39,SOLUSDT,BINANCE,TRADE,74.15,0.603
2026-08-03 23:45:39,SOLUSDT,BINANCE,TRADE,74.15,0.075
2026-08-03 23:45:39,SOLUSDT,BINANCE,TRADE,74.15,0.142
2026-08-03 23:45:39,SOLUSDT,BINANCE,TRADE,74.15,0.13
2026-08-03 23:45:39,SOLUSDT,BINANCE,TRADE,74.15,0.251
2026-08-03 23:45:39,SOLUSDT,BINANCE,TRADE,74.15,0.106
2026-08-03 23:45:39,SOLUSDT,BINANCE,TRADE,74.15,0.403
2026-08-03 23:45:39,SOLUSDT,BINANCE,TRADE,74.15,1.549
2026-08-03 23:45:39,BTCUSDT,BINANCE,TRADE,63980,0.34462
2026-08-03 23:45:39,BTCUSDT,BINANCE,TRADE,63980,8e-05
2026-08-03 23:45:39,BTCUSDT,BINANCE,TRADE,63980,9e-05
2026-08-03 23:45:39,BTCUSDT,BINANCE,TRADE,63980,9e-05
2026-08-03 23:45:39,BTCUSDT,BINANCE,TRADE,63980,9e-05
2026-08-03 23:45:39,BTCUSDT,BINANCE,TRADE,63980,9e-05
2026-08-03 23:45:39,BTCUSDT,BINANCE,TRADE,63980,9e-05
2026-08-03 23:45:39,BTCUSDT,BINANCE,TRADE,63980,9e-05
2026-08-03 23:45:39,BTCUSDT,BINANCE,TRADE,63980,9e-05
2026-08-03 23:45:39,BTCUSDT,BINANCE,TRADE,63980,8e-05
2026-08-03 23:45:39,BTCUSDT,BINANCE,TRADE,63980,9e-05
2026-08-03 23:45:39,BTCUSDT,BINANCE,TRADE,63980,9e-05
2026-08-03 23:45:39,BTCUSDT,BINANCE,TRADE,63980,8e-05
2026-08-03 23:45:39,BTCUSDT,BINANCE,TRADE,63980,9e-05
2026-08-03 23:45:39,BTCUSDT,BINANCE,TRADE,63980,9e-05
2026-08-03 23:45:39,BTCUSDT,BINANCE,TRADE,63980,9e-05
2026-08-03 23:45:39,BTCUSDT,BINANCE,TRADE,63980,9e-05
2026-08-03 23:45:39,BTCUSDT,BINANCE,TRADE,63980,9e-05
2026-08-03 23:45:39,BTCUSDT,BINANCE,TRADE,63980,9e-05
2026-08-03 23:45:39,BTCUSDT,BINANCE,TRADE,63980,9e-05
2026-08-03 23:45:39,BTCUSDT,BINANCE,TRADE,63980,8e-05
2026-08-03 23:45:39,BTCUSDT,BINANCE,TRADE,63980,8e-05
2026-08-03 23:45:39,BTCUSDT,BINANCE,TRADE,63980,9e-05
2026-08-03 23:45:39,BTCUSDT,BINANCE,TRADE,63980,9e-05
2026-08-03 23:45:39,BTCUSDT,BINANCE,TRADE,63980,9e-05
2026-08-03 23:45:39,BTCUSDT,BINANCE,TRADE,63980,9e-05
2026-08-03 23:45:39,BTCUSDT,BINANCE,TRADE,63980,9e-05
2026-08-03 23:45:39,BTCUSDT,BINANCE,TRADE,63980,9e-05
2026-08-03 23:45:39,BTCUSDT,BINANCE,TRADE,63980,9e-05
2026-08-03 23:45:39,BTCUSDT,BINANCE,TRADE,63980,9e-05
2026-08-03 23:45:39,BTCUSDT,BINANCE,TRADE,63980,9e-05
2026-08-03 23:45:39,BTCUSDT,BINANCE,TRADE,63980,9e-05
2026-08-03 23:45:39,BTCUSDT,BINANCE,TRADE,63980,8e-05
2026-08-03 23:45:39,BTCUSDT,BINANCE,TRADE,63980,9e-05
2026-08-03 23:45:39,BTCUSDT,BINANCE,TRADE,63980,9e-05
2026-08-03 23:45:39,BTCUSDT,BINANCE,TRADE,63980,9e-05
2026-08-03 23:45:39,BTCUSDT,BINANCE,TRADE,63980,9e-05
2026-08-03 23:45:39,BTCUSDT,BINANCE,TRADE,63980,9e-05
2026-08-03 23:45:39,BTCUSDT,BINANCE,TRADE,63980,9e-05
2026-08-03 23:45:39,BTCUSDT,BINANCE,TRADE,63980,8e-05
2026-08-03 23:45:39,BTCUSDT,BINANCE,TRADE,63980,8e-05
2026-08-03 23:45:39,BTCUSDT,BINANCE,TRADE,63980,9e-05
2026-08-03 23:45:39,BTCUSDT,BINANCE,TRADE,63980,9e-05
2026-08-03 23:45:39,BTCUSDT,BINANCE,TRADE,63980,9e-05
2026-08-03 23:45:39,BTCUSDT,BINANCE,TRADE,63980,9e-05
2026-08-03 23:45:39,BTCUSDT,BINANCE,TRADE,63980,9e-05
2026-08-03 23:45:39,BTCUSDT,BINANCE,TRADE,63980,9e-05
2026-08-03 23:45:39,BTCUSDT,BINANCE,TRADE,63980,9e-05
2026-08-03 23:45:39,BTCUSDT,BINANCE,TRADE,63980.2,8e-05
2026-08-03 23:45:39,BTCUSDT,BINANCE,TRADE,63980.2,8e-05
2026-08-03 23:45:39,BTCUSDT,BINANCE,TRADE,63980.2,8e-05
2026-08-03 23:45:39,BTCUSDT,BINANCE,TRADE,63980.2,8e-05
2026-08-03 23:45:39,BTCUSDT,BINANCE,TRADE,63980.8,9e-05
2026-08-03 23:45:39,BTCUSDT,BINANCE,TRADE,63980.9,0.00012
2026-08-03 23:45:39,BTCUSDT,BINANCE,TRADE,63981,8e-05
2026-08-03 23:45:39,BTCUSDT,BINANCE,TRADE,63982,9e-05
2026-08-03 23:45:39,BTCUSDT,BINANCE,TRADE,63982,9e-05
2026-08-03 23:45:39,BTCUSDT,BINANCE,TRADE,63982,9e-05
2026-08-03 23:45:39,BTCUSDT,BINANCE,TRADE,63982,0.002
2026-08-03 23:45:39,BTCUSDT,BINANCE,TRADE,63982,0.008
2026-08-03 23:45:39,BTCUSDT,BINANCE,TRADE,63982,0.005
2026-08-03 23:45:39,BTCUSDT,BINANCE,TRADE,63982,0.006
2026-08-03 23:45:39,BTCUSDT,BINANCE,TRADE,63982,8e-05
2026-08-03 23:45:39,BTCUSDT,BINANCE,TRADE,63982,8e-05
2026-08-03 23:45:39,BTCUSDT,BINANCE,TRADE,63982,8e-05
2026-08-03 23:45:39,BTCUSDT,BINANCE,TRADE,63982,9e-05
2026-08-03 23:45:39,BTCUSDT,BINANCE,TRADE,63982,9e-05
2026-08-03 23:45:39,BTCUSDT,BINANCE,TRADE,63982,9e-05
2026-08-03 23:45:39,BTCUSDT,BINANCE,TRADE,63982,9e-05
2026-08-03 23:45:39,BTCUSDT,BINANCE,TRADE,63982,9e-05
2026-08-03 23:45:39,BTCUSDT,BINANCE,TRADE,63982,9e-05
2026-08-03 23:45:39,BTCUSDT,BINANCE,TRADE,63982,9e-05
2026-08-03 23:45:39,BTCUSDT,BINANCE,TRADE,63982,9e-05
2026-08-03 23:45:39,BTCUSDT,BINANCE,TRADE,63982,8e-05
2026-08-03 23:45:39,BTCUSDT,BINANCE,TRADE,63982,9e-05
2026-08-03 23:45:39,BTCUSDT,BINANCE,TRADE,63982,8e-05
2026-08-03 23:45:39,BTCUSDT,BINANCE,TRADE,63982,8e-05
2026-08-03 23:45:39,BTCUSDT,BINANCE,TRADE,63982,8e-05
2026-08-03 23:45:39,BTCUSDT,BINANCE,TRADE,63982,8e-05
2026-08-03 23:45:39,BTCUSDT,BINANCE,TRADE,63982,9e-05
2026-08-03 23:45:39,BTCUSDT,BINANCE,TRADE,63982,9e-05
2026-08-03 23:45:39,BTCUSDT,BINANCE,TRADE,63982,9e-05
2026-08-03 23:45:39,BTCUSDT,BINANCE,TRADE,63982,9e-05
2026-08-03 23:45:39,BTCUSDT,BINANCE,TRADE,63982,9e-05
2026-08-03 23:45:39,BTCUSDT,BINANCE,TRADE,63982,9e-05
2026-08-03 23:45:39,BTCUSDT,BINANCE,TRADE,63982,9e-05
2026-08-03 23:45:39,BTCUSDT,BINANCE,TRADE,63982.8,8e-05
2026-08-03 23:45:39,BTCUSDT,BINANCE,TRADE,63983.2,8e-05
2026-08-03 23:45:39,ETHUSDT,BINANCE,TRADE,1873.26,2.0617
2026-08-03 23:45:39,BTCUSDT,BINANCE,TRADE,63983.3,0.02158
2026-08-03 23:45:39,BTCUSDT,BINANCE,TRADE,63983.3,8e-05
2026-08-03 23:45:39,BTCUSDT,BINANCE,TRADE,63983.3,8e-05
2026-08-03 23:45:39,BTCUSDT,BINANCE,TRADE,63983.3,9e-05
2026-08-03 23:45:39,BTCUSDT,BINANCE,TRADE,63983.3,9e-05
2026-08-03 23:45:39,BTCUSDT,BINANCE,TRADE,63983.3,9e-05
2026-08-03 23:45:39,BTCUSDT,BINANCE,TRADE,63983.3,9e-05
2026-08-03 23:45:39,BTCUSDT,BINANCE,TRADE,63983.3,9e-05
2026-08-03 23:45:39,BTCUSDT,BINANCE,TRADE,63983.3,9e-05
2026-08-03 23:45:39,BTCUSDT,BINANCE,TRADE,63983.3,9e-05
2026-08-03 23:45:39,BTCUSDT,BINANCE,TRADE,63983.3,9e-05
2026-08-03 23:45:39,BTCUSDT,BINANCE,TRADE,63983.3,8e-05
2026-08-03 23:45:39,BTCUSDT,BINANCE,TRADE,63983.3,8e-05
2026-08-03 23:45:39,BTCUSDT,BINANCE,TRADE,63983.3,9e-05
2026-08-03 23:45:39,BTCUSDT,BINANCE,TRADE,63983.3,8e-05
2026-08-03 23:45:39,BTCUSDT,BINANCE,TRADE,63983.3,8e-05
2026-08-03 23:45:39,BTCUSDT,BINANCE,TRADE,63983.3,9e-05
2026-08-03 23:45:39,BTCUSDT,BINANCE,TRADE,63983.3,9e-05
2026-08-03 23:45:39,BTCUSDT,BINANCE,TRADE,63983.3,9e-05
2026-08-03 23:45:39,BTCUSDT,BINANCE,TRADE,63983.3,9e-05
2026-08-03 23:45:39,BTCUSDT,BINANCE,TRADE,63983.3,9e-05
2026-08-03 23:45:39,BTCUSDT,BINANCE,TRADE,63983.3,9e-05
2026-08-03 23:45:39,BTCUSDT,BINANCE,TRADE,63983.3,8e-05
2026-08-03 23:45:39,BTCUSDT,BINANCE,TRADE,63983.3,8e-05
2026-08-03 23:45:39,BTCUSDT,BINANCE,TRADE,63983.4,8e-05
2026-08-03 23:45:39,BTCUSDT,BINANCE,TRADE,63983.4,8e-05
2026-08-03 23:45:39,BTCUSDT,BINANCE,TRADE,63983.4,8e-05
2026-08-03 23:45:39,BTCUSDT,BINANCE,TRADE,63983.4,8e-05
2026-08-03 23:45:39,BTCUSDT,BINANCE,TRADE,63983.5,8e-05
2026-08-03 23:45:39,BTCUSDT,BINANCE,TRADE,63984,0.00016
2026-08-03 23:45:39,BTCUSDT,BINANCE,TRADE,63984,0.00184
2026-08-03 23:45:39,BTCUSDT,BINANCE,TRADE,63984,0.00016
2026-08-03 23:45:39,BTCUSDT,BINANCE,TRADE,63984,0.04975
2026-08-03 23:45:40,ETHUSDT,BINANCE,TRADE,1873.27,0.0027
2026-08-03 23:45:40,ETHUSDT,BINANCE,TRADE,1873.27,0.0022
2026-08-03 23:45:40,BTCUSDT,BINANCE,TRADE,63984,0.01217
2026-08-03 23:45:40,SOLUSDT,BINANCE,TRADE,74.15,5.249
2026-08-03 23:45:40,SOLUSDT,BINANCE,TRADE,74.15,0.999
2026-08-03 23:45:40,SOLUSDT,BINANCE,TRADE,74.15,0.674
2026-08-03 23:45:40,SOLUSDT,BINANCE,TRADE,74.15,1.22
2026-08-03 23:45:40,SOLUSDT,BINANCE,TRADE,74.15,0.069
2026-08-03 23:45:40,SOLUSDT,BINANCE,TRADE,74.15,5.909
2026-08-03 23:45:40,SOLUSDT,BINANCE,TRADE,74.15,8.215
2026-08-03 23:45:40,SOLUSDT,BINANCE,TRADE,74.15,10.876
2026-08-03 23:45:40,SOLUSDT,BINANCE,TRADE,74.15,0.15
2026-08-03 23:45:40,SOLUSDT,BINANCE,TRADE,74.15,0.075
2026-08-03 23:45:40,SOLUSDT,BINANCE,TRADE,74.15,0.068
2026-08-03 23:45:40,SOLUSDT,BINANCE,TRADE,74.15,0.278
2026-08-03 23:45:40,SOLUSDT,BINANCE,TRADE,74.15,0.073
2026-08-03 23:45:40,SOLUSDT,BINANCE,TRADE,74.15,0.073
2026-08-03 23:45:40,SOLUSDT,BINANCE,TRADE,74.15,15
2026-08-03 23:45:40,SOLUSDT,BINANCE,TRADE,74.15,0.135
2026-08-03 23:45:40,SOLUSDT,BINANCE,TRADE,74.15,0.2
2026-08-03 23:45:40,SOLUSDT,BINANCE,TRADE,74.15,3
2026-08-03 23:45:40,SOLUSDT,BINANCE,TRADE,74.15,0.073
2026-08-03 23:45:40,SOLUSDT,BINANCE,TRADE,74.15,2.386
2026-08-03 23:45:40,SOLUSDT,BINANCE,TRADE,74.15,0.073
2026-08-03 23:45:40,SOLUSDT,BINANCE,TRADE,74.15,0.073
2026-08-03 23:45:40,SOLUSDT,BINANCE,TRADE,74.15,0.073
2026-08-03 23:45:40,SOLUSDT,BINANCE,TRADE,74.15,0.073
2026-08-03 23:45:40,SOLUSDT,BINANCE,TRADE,74.15,0.073
2026-08-03 23:45:40,SOLUSDT,BINANCE,TRADE,74.15,0.07
2026-08-03 23:45:40,SOLUSDT,BINANCE,TRADE,74.15,9
2026-08-03 23:45:40,SOLUSDT,BINANCE,TRADE,74.15,0.073
2026-08-03 23:45:40,SOLUSDT,BINANCE,TRADE,74.15,0.073
2026-08-03 23:45:40,SOLUSDT,BINANCE,TRADE,74.16,0.068
2026-08-03 23:45:40,SOLUSDT,BINANCE,TRADE,74.16,0.079
2026-08-03 23:45:40,SOLUSDT,BINANCE,TRADE,74.16,0.154
2026-08-03 23:45:40,SOLUSDT,BINANCE,TRADE,74.16,0.081
2026-08-03 23:45:40,SOLUSDT,BINANCE,TRADE,74.16,0.15
2026-08-03 23:45:40,SOLUSDT,BINANCE,TRADE,74.16,0.084
2026-08-03 23:45:40,SOLUSDT,BINANCE,TRADE,74.16,0.073
2026-08-03 23:45:40,SOLUSDT,BINANCE,TRADE,74.16,0.1
2026-08-03 23:45:40,SOLUSDT,BINANCE,TRADE,74.16,0.111
2026-08-03 23:45:40,SOLUSDT,BINANCE,TRADE,74.16,0.152
2026-08-03 23:45:40,SOLUSDT,BINANCE,TRADE,74.16,8.799
2026-08-03 23:45:40,SOLUSDT,BINANCE,TRADE,74.16,1.125
2026-08-03 23:45:40,SOLUSDT,BINANCE,TRADE,74.16,0.124
2026-08-03 23:45:40,SOLUSDT,BINANCE,TRADE,74.16,0.072
2026-08-03 23:45:40,SOLUSDT,BINANCE,TRADE,74.16,0.111
2026-08-03 23:45:40,SOLUSDT,BINANCE,TRADE,74.16,0.077
2026-08-03 23:45:40,SOLUSDT,BINANCE,TRADE,74.16,0.077
2026-08-03 23:45:40,SOLUSDT,BINANCE,TRADE,74.16,0.073
2026-08-03 23:45:40,SOLUSDT,BINANCE,TRADE,74.16,0.262
2026-08-03 23:45:40,SOLUSDT,BINANCE,TRADE,74.16,0.293
2026-08-03 23:45:40,SOLUSDT,BINANCE,TRADE,74.16,0.205
2026-08-03 23:45:40,SOLUSDT,BINANCE,TRADE,74.16,0.116
2026-08-03 23:45:40,SOLUSDT,BINANCE,TRADE,74.16,0.164
2026-08-03 23:45:40,SOLUSDT,BINANCE,TRADE,74.16,0.152
2026-08-03 23:45:40,SOLUSDT,BINANCE,TRADE,74.16,0.081
2026-08-03 23:45:40,SOLUSDT,BINANCE,TRADE,74.16,0.081
2026-08-03 23:45:40,SOLUSDT,BINANCE,TRADE,74.16,0.303
2026-08-03 23:45:40,SOLUSDT,BINANCE,TRADE,74.16,0.426
2026-08-03 23:45:40,SOLUSDT,BINANCE,TRADE,74.16,0.181
2026-08-03 23:45:40,SOLUSDT,BINANCE,TRADE,74.16,0.069
2026-08-03 23:45:40,SOLUSDT,BINANCE,TRADE,74.16,0.069
2026-08-03 23:45:40,SOLUSDT,BINANCE,TRADE,74.16,0.15
2026-08-03 23:45:40,SOLUSDT,BINANCE,TRADE,74.16,0.068
2026-08-03 23:45:40,SOLUSDT,BINANCE,TRADE,74.16,0.075
2026-08-03 23:45:40,SOLUSDT,BINANCE,TRADE,74.16,0.07
2026-08-03 23:45:40,SOLUSDT,BINANCE,TRADE,74.16,11.267
2026-08-03 23:45:40,SOLUSDT,BINANCE,TRADE,74.15,4.956
2026-08-03 23:45:40,SOLUSDT,BINANCE,TRADE,74.15,5.427
2026-08-03 23:45:40,ETHUSDT,BINANCE,TRADE,1873.27,0.0005
2026-08-03 23:45:40,ETHUSDT,BINANCE,TRADE,1873.27,0.0027
2026-08-03 23:45:40,ETHUSDT,BINANCE,TRADE,1873.27,0.0027
2026-08-03 23:45:40,ETHUSDT,BINANCE,TRADE,1873.27,0.0028
2026-08-03 23:45:40,ETHUSDT,BINANCE,TRADE,1873.27,0.0032
2026-08-03 23:45:40,ETHUSDT,BINANCE,TRADE,1873.27,0.0775
2026-08-03 23:45:40,SOLUSDT,BINANCE,TRADE,74.15,16.536
2026-08-03 23:45:40,SOLUSDT,BINANCE,TRADE,74.15,8.597
2026-08-03 23:45:40,SOLUSDT,BINANCE,TRADE,74.15,5.55
2026-08-03 23:45:41,BTCUSDT,BINANCE,TRADE,63984,0.03234
2026-08-03 23:45:41,BTCUSDT,BINANCE,TRADE,63984,0.38007
2026-08-03 23:45:41,BTCUSDT,BINANCE,TRADE,63984,0.4
2026-08-03 23:45:41,BTCUSDT,BINANCE,TRADE,63984,0.3
2026-08-03 23:45:41,BTCUSDT,BINANCE,TRADE,63984,0.26217
2026-08-03 23:45:41,BTCUSDT,BINANCE,TRADE,63984,0.21621
2026-08-03 23:45:41,BTCUSDT,BINANCE,TRADE,63984,0.02209
2026-08-03 23:45:41,BTCUSDT,BINANCE,TRADE,63984,0.55657
2026-08-03 23:45:41,BTCUSDT,BINANCE,TRADE,63984,0.15715
2026-08-03 23:45:41,BTCUSDT,BINANCE,TRADE,63984,0.3
2026-08-03 23:45:41,BTCUSDT,BINANCE,TRADE,63984,0.17169
2026-08-03 23:45:41,SOLUSDT,BINANCE,TRADE,74.16,0.068
2026-08-03 23:45:41,SOLUSDT,BINANCE,TRADE,74.16,0.02
2026-08-03 23:45:41,ETHUSDT,BINANCE,TRADE,1873.27,0.1335
2026-08-03 23:45:41,BTCUSDT,BINANCE,TRADE,63984,0.00267
2026-08-03 23:45:41,ETHUSDT,BINANCE,TRADE,1873.26,0.008
2026-08-03 23:45:41,SOLUSDT,BINANCE,TRADE,74.16,0.082
2026-08-03 23:45:41,SOLUSDT,BINANCE,TRADE,74.16,0.073
2026-08-03 23:45:41,SOLUSDT,BINANCE,TRADE,74.16,0.073
2026-08-03 23:45:41,SOLUSDT,BINANCE,TRADE,74.16,0.135
2026-08-03 23:45:41,SOLUSDT,BINANCE,TRADE,74.16,0.073
2026-08-03 23:45:41,SOLUSDT,BINANCE,TRADE,74.16,0.073
2026-08-03 23:45:41,SOLUSDT,BINANCE,TRADE,74.16,0.073
2026-08-03 23:45:41,SOLUSDT,BINANCE,TRADE,74.16,0.073
2026-08-03 23:45:41,SOLUSDT,BINANCE,TRADE,74.16,0.073
2026-08-03 23:45:41,SOLUSDT,BINANCE,TRADE,74.16,0.073
2026-08-03 23:45:41,SOLUSDT,BINANCE,TRADE,74.16,2.022
2026-08-03 23:45:41,SOLUSDT,BINANCE,TRADE,74.16,0.071
2026-08-03 23:45:41,SOLUSDT,BINANCE,TRADE,74.16,4.605
2026-08-03 23:45:41,SOLUSDT,BINANCE,TRADE,74.16,1.353
2026-08-03 23:45:42,SOLUSDT,BINANCE,TRADE,74.15,0.084
2026-08-03 23:45:42,SOLUSDT,BINANCE,TRADE,74.16,7
2026-08-03 23:45:42,SOLUSDT,BINANCE,TRADE,74.16,0.07
2026-08-03 23:45:42,SOLUSDT,BINANCE,TRADE,74.16,0.068
2026-08-03 23:45:42,SOLUSDT,BINANCE,TRADE,74.16,0.073
2026-08-03 23:45:42,SOLUSDT,BINANCE,TRADE,74.16,0.073
2026-08-03 23:45:42,SOLUSDT,BINANCE,TRADE,74.16,0.073
2026-08-03 23:45:42,SOLUSDT,BINANCE,TRADE,74.16,0.135
2026-08-03 23:45:42,SOLUSDT,BINANCE,TRADE,74.16,0.073
2026-08-03 23:45:42,SOLUSDT,BINANCE,TRADE,74.16,0.073
2026-08-03 23:45:42,SOLUSDT,BINANCE,TRADE,74.16,0.071
2026-08-03 23:45:42,SOLUSDT,BINANCE,TRADE,74.16,0.073
2026-08-03 23:45:42,SOLUSDT,BINANCE,TRADE,74.16,0.073
2026-08-03 23:45:42,SOLUSDT,BINANCE,TRADE,74.16,0.073
2026-08-03 23:45:42,SOLUSDT,BINANCE,TRADE,74.16,4.932
2026-08-03 23:45:42,SOLUSDT,BINANCE,TRADE,74.16,12.922
2026-08-03 23:45:42,SOLUSDT,BINANCE,TRADE,74.16,2
2026-08-03 23:45:42,SOLUSDT,BINANCE,TRADE,74.16,0.409
2026-08-03 23:45:42,BTCUSDT,BINANCE,TRADE,63984,0.00625
2026-08-03 23:45:42,BTCUSDT,BINANCE,TRADE,63984,0.017
2026-08-03 23:45:43,SOLUSDT,BINANCE,TRADE,74.17,0.11
2026-08-03 23:45:43,SOLUSDT,BINANCE,TRADE,74.17,0.072
2026-08-03 23:45:43,SOLUSDT,BINANCE,TRADE,74.17,0.201
2026-08-03 23:45:43,SOLUSDT,BINANCE,TRADE,74.17,0.104
2026-08-03 23:45:43,SOLUSDT,BINANCE,TRADE,74.17,0.063
2026-08-03 23:45:43,SOLUSDT,BINANCE,TRADE,74.17,0.228
2026-08-03 23:45:43,SOLUSDT,BINANCE,TRADE,74.17,0.385
2026-08-03 23:45:43,SOLUSDT,BINANCE,TRADE,74.17,0.133
2026-08-03 23:45:43,SOLUSDT,BINANCE,TRADE,74.17,0.169
2026-08-03 23:45:43,SOLUSDT,BINANCE,TRADE,74.17,0.192
2026-08-03 23:45:43,SOLUSDT,BINANCE,TRADE,74.17,0.223
2026-08-03 23:45:43,SOLUSDT,BINANCE,TRADE,74.17,0.128
2026-08-03 23:45:43,SOLUSDT,BINANCE,TRADE,74.17,0.079
2026-08-03 23:45:43,SOLUSDT,BINANCE,TRADE,74.17,5.963
2026-08-03 23:45:43,SOLUSDT,BINANCE,TRADE,74.16,0.068
2026-08-03 23:45:43,SOLUSDT,BINANCE,TRADE,74.16,6.133
2026-08-03 23:45:43,SOLUSDT,BINANCE,TRADE,74.16,0.278
2026-08-03 23:45:43,SOLUSDT,BINANCE,TRADE,74.16,0.073
2026-08-03 23:45:43,SOLUSDT,BINANCE,TRADE,74.16,0.073
2026-08-03 23:45:43,SOLUSDT,BINANCE,TRADE,74.16,0.073
2026-08-03 23:45:43,SOLUSDT,BINANCE,TRADE,74.16,0.073
2026-08-03 23:45:43,SOLUSDT,BINANCE,TRADE,74.16,0.073
2026-08-03 23:45:43,SOLUSDT,BINANCE,TRADE,74.16,0.073
2026-08-03 23:45:43,SOLUSDT,BINANCE,TRADE,74.16,0.073
2026-08-03 23:45:43,SOLUSDT,BINANCE,TRADE,74.16,0.073
2026-08-03 23:45:43,SOLUSDT,BINANCE,TRADE,74.16,0.126
2026-08-03 23:45:43,SOLUSDT,BINANCE,TRADE,74.16,0.009
2026-08-03 23:45:43,SOLUSDT,BINANCE,TRADE,74.16,9.291
2026-08-03 23:45:43,SOLUSDT,BINANCE,TRADE,74.16,0.071
2026-08-03 23:45:43,SOLUSDT,BINANCE,TRADE,74.16,0.07
2026-08-03 23:45:43,SOLUSDT,BINANCE,TRADE,74.16,0.07
2026-08-03 23:45:43,SOLUSDT,BINANCE,TRADE,74.16,0.068
2026-08-03 23:45:43,SOLUSDT,BINANCE,TRADE,74.16,0.073
2026-08-03 23:45:43,SOLUSDT,BINANCE,TRADE,74.16,0.073
2026-08-03 23:45:43,SOLUSDT,BINANCE,TRADE,74.16,0.073
2026-08-03 23:45:43,SOLUSDT,BINANCE,TRADE,74.16,0.073
2026-08-03 23:45:43,SOLUSDT,BINANCE,TRADE,74.16,0.073
2026-08-03 23:45:43,SOLUSDT,BINANCE,TRADE,74.16,0.073
2026-08-03 23:45:43,SOLUSDT,BINANCE,TRADE,74.16,0.073
2026-08-03 23:45:43,SOLUSDT,BINANCE,TRADE,74.16,0.073
2026-08-03 23:45:43,SOLUSDT,BINANCE,TRADE,74.15,1.4
2026-08-03 23:45:43,SOLUSDT,BINANCE,TRADE,74.15,1.353
2026-08-03 23:45:43,SOLUSDT,BINANCE,TRADE,74.15,1.362
2026-08-03 23:45:43,BTCUSDT,BINANCE,TRADE,63984,8e-05
2026-08-03 23:45:43,BTCUSDT,BINANCE,TRADE,63984,0.00336
2026-08-03 23:45:44,ETHUSDT,BINANCE,TRADE,1873.26,0.0027
2026-08-03 23:45:44,ETHUSDT,BINANCE,TRADE,1873.26,0.0003
2026-08-03 23:45:44,SOLUSDT,BINANCE,TRADE,74.15,0.07
2026-08-03 23:45:44,SOLUSDT,BINANCE,TRADE,74.16,0.073
2026-08-03 23:45:44,SOLUSDT,BINANCE,TRADE,74.16,0.073
2026-08-03 23:45:44,SOLUSDT,BINANCE,TRADE,74.16,0.073
2026-08-03 23:45:44,SOLUSDT,BINANCE,TRADE,74.16,0.068
2026-08-03 23:45:44,SOLUSDT,BINANCE,TRADE,74.16,0.073
2026-08-03 23:45:44,SOLUSDT,BINANCE,TRADE,74.16,2.049
2026-08-03 23:45:44,SOLUSDT,BINANCE,TRADE,74.16,0.073
2026-08-03 23:45:44,SOLUSDT,BINANCE,TRADE,74.16,0.073
2026-08-03 23:45:44,SOLUSDT,BINANCE,TRADE,74.16,0.073
2026-08-03 23:45:44,SOLUSDT,BINANCE,TRADE,74.16,0.073
2026-08-03 23:45:44,SOLUSDT,BINANCE,TRADE,74.16,0.135
2026-08-03 23:45:44,SOLUSDT,BINANCE,TRADE,74.16,0.07
2026-08-03 23:45:44,SOLUSDT,BINANCE,TRADE,74.16,0.071
2026-08-03 23:45:44,SOLUSDT,BINANCE,TRADE,74.16,0.073
2026-08-03 23:45:44,SOLUSDT,BINANCE,TRADE,74.16,0.073
2026-08-03 23:45:44,ETHUSDT,BINANCE,TRADE,1873.26,0.0024
2026-08-03 23:45:44,ETHUSDT,BINANCE,TRADE,1873.26,0.5371
2026-08-03 23:45:44,SOLUSDT,BINANCE,TRADE,74.17,17.501
2026-08-03 23:45:45,SOLUSDT,BINANCE,TRADE,74.17,8.015
2026-08-03 23:45:45,SOLUSDT,BINANCE,TRADE,74.17,0.07
2026-08-03 23:45:45,SOLUSDT,BINANCE,TRADE,74.16,1
2026-08-03 23:45:45,BTCUSDT,BINANCE,TRADE,63984,0.00036
2026-08-03 23:45:45,BTCUSDT,BINANCE,TRADE,63984,0.00018
2026-08-03 23:45:45,SOLUSDT,BINANCE,TRADE,74.17,7.5
2026-08-03 23:45:45,BTCUSDT,BINANCE,TRADE,63984,0.00245
2026-08-03 23:45:45,BTCUSDT,BINANCE,TRADE,63984,0.00012
2026-08-03 23:45:45,SOLUSDT,BINANCE,TRADE,74.17,1.72
2026-08-03 23:45:45,SOLUSDT,BINANCE,TRADE,74.17,0.069
2026-08-03 23:45:45,SOLUSDT,BINANCE,TRADE,74.17,5.711
2026-08-03 23:45:45,ETHUSDT,BINANCE,TRADE,1873.26,0.4995
2026-08-03 23:45:46,SOLUSDT,BINANCE,TRADE,74.16,0.545
2026-08-03 23:45:46,ETHUSDT,BINANCE,TRADE,1873.27,0.1456
2026-08-03 23:45:46,ETHUSDT,BINANCE,TRADE,1873.26,0.0028
2026-08-03 23:45:46,ETHUSDT,BINANCE,TRADE,1873.26,0.0002
2026-08-03 23:45:46,ETHUSDT,BINANCE,TRADE,1873.26,0.0025
2026-08-03 23:45:46,ETHUSDT,BINANCE,TRADE,1873.26,0.0005
2026-08-03 23:45:46,ETHUSDT,BINANCE,TRADE,1873.26,0.0031
2026-08-03 23:45:47,ETHUSDT,BINANCE,TRADE,1873.26,0.0018
2026-08-03 23:45:47,ETHUSDT,BINANCE,TRADE,1873.26,0.0012
2026-08-03 23:45:48,ETHUSDT,BINANCE,TRADE,1873.27,0.0225
2026-08-03 23:45:48,ETHUSDT,BINANCE,TRADE,1873.27,0.0027
2026-08-03 23:45:48,ETHUSDT,BINANCE,TRADE,1873.27,0.0281
2026-08-03 23:45:48,ETHUSDT,BINANCE,TRADE,1873.27,0.053
2026-08-03 23:45:48,ETHUSDT,BINANCE,TRADE,1873.27,0.0906
2026-08-03 23:45:49,BTCUSDT,BINANCE,TRADE,63984,9e-05
2026-08-03 23:45:49,BTCUSDT,BINANCE,TRADE,63984,8e-05
2026-08-03 23:45:49,BTCUSDT,BINANCE,TRADE,63984,0.00021
2026-08-03 23:45:49,BTCUSDT,BINANCE,TRADE,63984,0.00157
2026-08-03 23:45:49,BTCUSDT,BINANCE,TRADE,63984,0.0001
2026-08-03 23:45:50,SOLUSDT,BINANCE,TRADE,74.17,0.388
2026-08-03 23:45:50,SOLUSDT,BINANCE,TRADE,74.16,59.335
2026-08-03 23:45:50,SOLUSDT,BINANCE,TRADE,74.16,43.988
2026-08-03 23:45:50,ETHUSDT,BINANCE,TRADE,1873.26,0.0015
2026-08-03 23:45:50,ETHUSDT,BINANCE,TRADE,1873.26,0.0027
2026-08-03 23:45:50,ETHUSDT,BINANCE,TRADE,1873.26,0.0028
2026-08-03 23:45:50,ETHUSDT,BINANCE,TRADE,1873.26,0.0027
2026-08-03 23:45:50,ETHUSDT,BINANCE,TRADE,1873.26,0.0027
2026-08-03 23:45:50,ETHUSDT,BINANCE,TRADE,1873.26,0.0027
2026-08-03 23:45:50,ETHUSDT,BINANCE,TRADE,1873.26,0.0027
2026-08-03 23:45:50,ETHUSDT,BINANCE,TRADE,1873.26,0.2936
2026-08-03 23:45:50,BTCUSDT,BINANCE,TRADE,63984,9e-05
2026-08-03 23:45:50,SOLUSDT,BINANCE,TRADE,74.16,0.044
2026-08-03 23:45:50,SOLUSDT,BINANCE,TRADE,74.16,0.038
2026-08-03 23:45:50,SOLUSDT,BINANCE,TRADE,74.16,0.03
2026-08-03 23:45:50,SOLUSDT,BINANCE,TRADE,74.16,0.278
2026-08-03 23:45:50,SOLUSDT,BINANCE,TRADE,74.16,0.073
2026-08-03 23:45:50,SOLUSDT,BINANCE,TRADE,74.16,0.135
2026-08-03 23:45:50,SOLUSDT,BINANCE,TRADE,74.16,0.073
2026-08-03 23:45:50,SOLUSDT,BINANCE,TRADE,74.16,0.026
2026-08-03 23:45:51,SOLUSDT,BINANCE,TRADE,74.17,6.287
2026-08-03 23:45:51,BTCUSDT,BINANCE,TRADE,63984,7e-05
2026-08-03 23:45:51,BTCUSDT,BINANCE,TRADE,63984,0.00583
2026-08-03 23:45:51,BTCUSDT,BINANCE,TRADE,63984,0.005
2026-08-03 23:45:51,BTCUSDT,BINANCE,TRADE,63984,0.006
2026-08-03 23:45:51,BTCUSDT,BINANCE,TRADE,63984,8e-05
2026-08-03 23:45:51,BTCUSDT,BINANCE,TRADE,63984,8e-05
2026-08-03 23:45:51,BTCUSDT,BINANCE,TRADE,63984,9e-05
2026-08-03 23:45:51,BTCUSDT,BINANCE,TRADE,63984,8e-05
2026-08-03 23:45:51,BTCUSDT,BINANCE,TRADE,63984,9e-05
2026-08-03 23:45:51,BTCUSDT,BINANCE,TRADE,63984,8e-05
2026-08-03 23:45:51,BTCUSDT,BINANCE,TRADE,63984,8e-05
2026-08-03 23:45:51,BTCUSDT,BINANCE,TRADE,63984,0.14569
2026-08-03 23:45:51,BTCUSDT,BINANCE,TRADE,63984,0.00283
2026-08-03 23:45:51,BTCUSDT,BINANCE,TRADE,63984,8e-05
2026-08-03 23:45:51,BTCUSDT,BINANCE,TRADE,63984,8e-05
2026-08-03 23:45:51,BTCUSDT,BINANCE,TRADE,63984,8e-05
2026-08-03 23:45:51,BTCUSDT,BINANCE,TRADE,63984,8e-05
2026-08-03 23:45:51,BTCUSDT,BINANCE,TRADE,63984,8e-05
2026-08-03 23:45:51,BTCUSDT,BINANCE,TRADE,63984,8e-05
2026-08-03 23:45:51,BTCUSDT,BINANCE,TRADE,63984,8e-05
2026-08-03 23:45:51,BTCUSDT,BINANCE,TRADE,63984,9e-05
2026-08-03 23:45:51,BTCUSDT,BINANCE,TRADE,63984,9e-05
2026-08-03 23:45:51,BTCUSDT,BINANCE,TRADE,63984,9e-05
2026-08-03 23:45:51,BTCUSDT,BINANCE,TRADE,63984,9e-05
2026-08-03 23:45:51,BTCUSDT,BINANCE,TRADE,63984,9e-05
2026-08-03 23:45:51,BTCUSDT,BINANCE,TRADE,63984,9e-05
2026-08-03 23:45:51,BTCUSDT,BINANCE,TRADE,63984,9e-05
2026-08-03 23:45:51,BTCUSDT,BINANCE,TRADE,63984,0.0026
2026-08-03 23:45:51,BTCUSDT,BINANCE,TRADE,63984,9e-05
2026-08-03 23:45:51,BTCUSDT,BINANCE,TRADE,63984,8e-05
2026-08-03 23:45:51,BTCUSDT,BINANCE,TRADE,63984,9e-05
2026-08-03 23:45:51,BTCUSDT,BINANCE,TRADE,63984,0.007
2026-08-03 23:45:51,BTCUSDT,BINANCE,TRADE,63984,0.007
2026-08-03 23:45:51,BTCUSDT,BINANCE,TRADE,63984,8e-05
2026-08-03 23:45:51,BTCUSDT,BINANCE,TRADE,63984,8e-05
2026-08-03 23:45:51,BTCUSDT,BINANCE,TRADE,63984,8e-05
2026-08-03 23:45:51,BTCUSDT,BINANCE,TRADE,63984,8e-05
2026-08-03 23:45:51,BTCUSDT,BINANCE,TRADE,63984,8e-05
2026-08-03 23:45:51,BTCUSDT,BINANCE,TRADE,63984,8e-05
2026-08-03 23:45:51,BTCUSDT,BINANCE,TRADE,63984,8e-05
2026-08-03 23:45:51,BTCUSDT,BINANCE,TRADE,63984,8e-05
2026-08-03 23:45:51,BTCUSDT,BINANCE,TRADE,63984,8e-05
2026-08-03 23:45:51,BTCUSDT,BINANCE,TRADE,63984,8e-05
2026-08-03 23:45:51,BTCUSDT,BINANCE,TRADE,63984,8e-05
2026-08-03 23:45:51,BTCUSDT,BINANCE,TRADE,63984,8e-05
2026-08-03 23:45:51,BTCUSDT,BINANCE,TRADE,63984,9e-05
2026-08-03 23:45:51,BTCUSDT,BINANCE,TRADE,63984,6e-05
2026-08-03 23:45:51,BTCUSDT,BINANCE,TRADE,63984,3e-05
2026-08-03 23:45:51,BTCUSDT,BINANCE,TRADE,63984,9e-05
2026-08-03 23:45:51,BTCUSDT,BINANCE,TRADE,63984,9e-05
2026-08-03 23:45:51,BTCUSDT,BINANCE,TRADE,63984,9e-05
2026-08-03 23:45:51,BTCUSDT,BINANCE,TRADE,63984,9e-05
2026-08-03 23:45:51,BTCUSDT,BINANCE,TRADE,63984,8e-05
2026-08-03 23:45:51,BTCUSDT,BINANCE,TRADE,63984,8e-05
2026-08-03 23:45:51,BTCUSDT,BINANCE,TRADE,63984,9e-05
2026-08-03 23:45:51,BTCUSDT,BINANCE,TRADE,63984,9e-05
2026-08-03 23:45:51,BTCUSDT,BINANCE,TRADE,63984,9e-05
2026-08-03 23:45:51,BTCUSDT,BINANCE,TRADE,63984,9e-05
2026-08-03 23:45:51,BTCUSDT,BINANCE,TRADE,63984,9e-05
2026-08-03 23:45:51,BTCUSDT,BINANCE,TRADE,63984,0.00514
2026-08-03 23:45:51,BTCUSDT,BINANCE,TRADE,63984,9e-05
2026-08-03 23:45:51,BTCUSDT,BINANCE,TRADE,63984,8e-05
2026-08-03 23:45:51,BTCUSDT,BINANCE,TRADE,63984,9e-05
2026-08-03 23:45:51,BTCUSDT,BINANCE,TRADE,63984,9e-05
2026-08-03 23:45:51,BTCUSDT,BINANCE,TRADE,63984,9e-05
2026-08-03 23:45:51,BTCUSDT,BINANCE,TRADE,63984,8e-05
2026-08-03 23:45:51,BTCUSDT,BINANCE,TRADE,63984,0.00016
2026-08-03 23:45:51,BTCUSDT,BINANCE,TRADE,63984,9e-05
2026-08-03 23:45:51,BTCUSDT,BINANCE,TRADE,63984,8e-05
2026-08-03 23:45:51,BTCUSDT,BINANCE,TRADE,63984,8e-05
2026-08-03 23:45:51,BTCUSDT,BINANCE,TRADE,63984,0.00016
2026-08-03 23:45:51,BTCUSDT,BINANCE,TRADE,63984,9e-05
2026-08-03 23:45:51,BTCUSDT,BINANCE,TRADE,63984,9e-05
2026-08-03 23:45:51,BTCUSDT,BINANCE,TRADE,63984,9e-05
2026-08-03 23:45:51,BTCUSDT,BINANCE,TRADE,63984,9e-05
2026-08-03 23:45:51,BTCUSDT,BINANCE,TRADE,63984,9e-05
2026-08-03 23:45:51,BTCUSDT,BINANCE,TRADE,63984,9e-05
2026-08-03 23:45:51,BTCUSDT,BINANCE,TRADE,63984,0.00016
2026-08-03 23:45:51,BTCUSDT,BINANCE,TRADE,63984.7,0.00302
2026-08-03 23:45:51,BTCUSDT,BINANCE,TRADE,63984.7,9e-05
2026-08-03 23:45:51,BTCUSDT,BINANCE,TRADE,63984.7,9e-05
2026-08-03 23:45:51,BTCUSDT,BINANCE,TRADE,63984.7,9e-05
2026-08-03 23:45:52,SOLUSDT,BINANCE,TRADE,74.16,0.047
2026-08-03 23:45:52,SOLUSDT,BINANCE,TRADE,74.16,0.073
2026-08-03 23:45:52,SOLUSDT,BINANCE,TRADE,74.16,0.073
2026-08-03 23:45:52,SOLUSDT,BINANCE,TRADE,74.16,0.073
2026-08-03 23:45:52,SOLUSDT,BINANCE,TRADE,74.16,0.073
2026-08-03 23:45:52,SOLUSDT,BINANCE,TRADE,74.16,0.073
2026-08-03 23:45:52,SOLUSDT,BINANCE,TRADE,74.16,0.068
2026-08-03 23:45:52,BTCUSDT,BINANCE,TRADE,63984.7,0.00187
2026-08-03 23:45:52,BTCUSDT,BINANCE,TRADE,63984.7,0.01687
2026-08-03 23:45:52,BTCUSDT,BINANCE,TRADE,63984.7,8e-05
2026-08-03 23:45:52,BTCUSDT,BINANCE,TRADE,63984.7,9e-05
2026-08-03 23:45:52,BTCUSDT,BINANCE,TRADE,63984.7,9e-05
2026-08-03 23:45:52,BTCUSDT,BINANCE,TRADE,63984.7,8e-05
2026-08-03 23:45:52,BTCUSDT,BINANCE,TRADE,63984.7,0.00241
2026-08-03 23:45:52,BTCUSDT,BINANCE,TRADE,63984.7,9e-05
2026-08-03 23:45:52,BTCUSDT,BINANCE,TRADE,63984.7,9e-05
2026-08-03 23:45:52,BTCUSDT,BINANCE,TRADE,63984.7,9e-05
2026-08-03 23:45:52,BTCUSDT,BINANCE,TRADE,63984.7,9e-05
2026-08-03 23:45:52,BTCUSDT,BINANCE,TRADE,63984.7,9e-05
2026-08-03 23:45:52,BTCUSDT,BINANCE,TRADE,63984.7,8e-05
2026-08-03 23:45:52,BTCUSDT,BINANCE,TRADE,63984.7,9e-05
2026-08-03 23:45:52,BTCUSDT,BINANCE,TRADE,63984.7,9e-05
2026-08-03 23:45:52,BTCUSDT,BINANCE,TRADE,63984.7,9e-05
2026-08-03 23:45:52,BTCUSDT,BINANCE,TRADE,63984.7,8e-05
2026-08-03 23:45:52,BTCUSDT,BINANCE,TRADE,63984.7,8e-05
2026-08-03 23:45:52,BTCUSDT,BINANCE,TRADE,63984.7,8e-05
2026-08-03 23:45:52,BTCUSDT,BINANCE,TRADE,63984.7,9e-05
2026-08-03 23:45:52,BTCUSDT,BINANCE,TRADE,63984.7,9e-05
2026-08-03 23:45:52,BTCUSDT,BINANCE,TRADE,63984.7,8e-05
2026-08-03 23:45:52,BTCUSDT,BINANCE,TRADE,63984.7,8e-05
2026-08-03 23:45:52,BTCUSDT,BINANCE,TRADE,63984.7,8e-05
2026-08-03 23:45:52,BTCUSDT,BINANCE,TRADE,63984.7,8e-05
2026-08-03 23:45:52,BTCUSDT,BINANCE,TRADE,63984.7,8e-05
2026-08-03 23:45:52,BTCUSDT,BINANCE,TRADE,63984.7,8e-05
2026-08-03 23:45:52,BTCUSDT,BINANCE,TRADE,63984.7,9e-05
2026-08-03 23:45:52,BTCUSDT,BINANCE,TRADE,63984.7,9e-05
2026-08-03 23:45:52,BTCUSDT,BINANCE,TRADE,63984.7,9e-05
2026-08-03 23:45:52,BTCUSDT,BINANCE,TRADE,63984.7,9e-05
2026-08-03 23:45:52,BTCUSDT,BINANCE,TRADE,63984.7,9e-05
2026-08-03 23:45:52,BTCUSDT,BINANCE,TRADE,63984.7,9e-05
2026-08-03 23:45:52,BTCUSDT,BINANCE,TRADE,63984.9,0.00122
2026-08-03 23:45:52,BTCUSDT,BINANCE,TRADE,63984.9,8e-05
2026-08-03 23:45:52,BTCUSDT,BINANCE,TRADE,63985,0.0025
2026-08-03 23:45:52,BTCUSDT,BINANCE,TRADE,63985,9e-05
2026-08-03 23:45:52,BTCUSDT,BINANCE,TRADE,63985.6,8e-05
2026-08-03 23:45:52,BTCUSDT,BINANCE,TRADE,63985.8,0.00024
2026-08-03 23:45:52,BTCUSDT,BINANCE,TRADE,63985.9,8e-05
2026-08-03 23:45:52,BTCUSDT,BINANCE,TRADE,63986,9e-05
2026-08-03 23:45:52,BTCUSDT,BINANCE,TRADE,63986,9e-05
2026-08-03 23:45:52,BTCUSDT,BINANCE,TRADE,63986,9e-05
2026-08-03 23:45:52,BTCUSDT,BINANCE,TRADE,63986,0.002
2026-08-03 23:45:52,BTCUSDT,BINANCE,TRADE,63986,0.008
2026-08-03 23:45:52,BTCUSDT,BINANCE,TRADE,63986,0.005
2026-08-03 23:45:52,BTCUSDT,BINANCE,TRADE,63986,0.006
2026-08-03 23:45:52,BTCUSDT,BINANCE,TRADE,63986.2,8e-05
2026-08-03 23:45:52,BTCUSDT,BINANCE,TRADE,63987.3,0.00012
2026-08-03 23:45:52,BTCUSDT,BINANCE,TRADE,63988,9e-05
2026-08-03 23:45:52,BTCUSDT,BINANCE,TRADE,63988,9e-05
2026-08-03 23:45:52,BTCUSDT,BINANCE,TRADE,63988,9e-05
2026-08-03 23:45:52,BTCUSDT,BINANCE,TRADE,63988,0.002
2026-08-03 23:45:52,BTCUSDT,BINANCE,TRADE,63988,0.00667
2026-08-03 23:45:52,SOLUSDT,BINANCE,TRADE,74.17,2.599
2026-08-03 23:45:52,SOLUSDT,BINANCE,TRADE,74.17,0.075
2026-08-03 23:45:52,SOLUSDT,BINANCE,TRADE,74.17,1.289
2026-08-03 23:45:52,SOLUSDT,BINANCE,TRADE,74.17,0.068
2026-08-03 23:45:52,SOLUSDT,BINANCE,TRADE,74.17,0.278
2026-08-03 23:45:52,SOLUSDT,BINANCE,TRADE,74.17,0.073
2026-08-03 23:45:52,SOLUSDT,BINANCE,TRADE,74.17,0.073
2026-08-03 23:45:52,SOLUSDT,BINANCE,TRADE,74.17,0.135
2026-08-03 23:45:52,SOLUSDT,BINANCE,TRADE,74.17,17.704
2026-08-03 23:45:52,SOLUSDT,BINANCE,TRADE,74.17,6
2026-08-03 23:45:52,SOLUSDT,BINANCE,TRADE,74.17,39.196
2026-08-03 23:45:52,ETHUSDT,BINANCE,TRADE,1873.27,0.003
2026-08-03 23:45:53,SOLUSDT,BINANCE,TRADE,74.17,0.073
2026-08-03 23:45:53,SOLUSDT,BINANCE,TRADE,74.17,4.69
2026-08-03 23:45:53,SOLUSDT,BINANCE,TRADE,74.17,0.073
2026-08-03 23:45:53,SOLUSDT,BINANCE,TRADE,74.17,0.073
2026-08-03 23:45:53,SOLUSDT,BINANCE,TRADE,74.17,2.581
2026-08-03 23:45:54,SOLUSDT,BINANCE,TRADE,74.17,0.144
2026-08-03 23:45:54,SOLUSDT,BINANCE,TRADE,74.17,0.073
2026-08-03 23:45:54,SOLUSDT,BINANCE,TRADE,74.17,0.073
2026-08-03 23:45:54,SOLUSDT,BINANCE,TRADE,74.17,0.073
2026-08-03 23:45:54,SOLUSDT,BINANCE,TRADE,74.17,7.127
2026-08-03 23:45:54,BTCUSDT,BINANCE,TRADE,63988,0.00754
2026-08-03 23:45:54,BTCUSDT,BINANCE,TRADE,63988,0.00133
2026-08-03 23:45:54,BTCUSDT,BINANCE,TRADE,63988,0.00073
2026-08-03 23:45:54,SOLUSDT,BINANCE,TRADE,74.17,27.265
2026-08-03 23:45:54,SOLUSDT,BINANCE,TRADE,74.17,0.071
2026-08-03 23:45:54,SOLUSDT,BINANCE,TRADE,74.17,0.068
2026-08-03 23:45:54,SOLUSDT,BINANCE,TRADE,74.17,0.073
2026-08-03 23:45:54,SOLUSDT,BINANCE,TRADE,74.17,0.135
2026-08-03 23:45:54,SOLUSDT,BINANCE,TRADE,74.17,0.073
2026-08-03 23:45:54,SOLUSDT,BINANCE,TRADE,74.17,39.805
2026-08-03 23:45:54,ETHUSDT,BINANCE,TRADE,1873.26,0.0071
2026-08-03 23:45:54,SOLUSDT,BINANCE,TRADE,74.17,6.132
2026-08-03 23:45:54,ETHUSDT,BINANCE,TRADE,1873.26,0.1262
2026-08-03 23:45:54,ETHUSDT,BINANCE,TRADE,1873.26,0.0027
2026-08-03 23:45:54,ETHUSDT,BINANCE,TRADE,1873.26,0.0027
2026-08-03 23:45:54,ETHUSDT,BINANCE,TRADE,1873.26,1.7059
2026-08-03 23:45:55,BTCUSDT,BINANCE,TRADE,63988,0.01284
2026-08-03 23:45:55,BTCUSDT,BINANCE,TRADE,63988,0.13866
2026-08-03 23:45:55,BTCUSDT,BINANCE,TRADE,63988,0.15866
2026-08-03 23:45:55,ETHUSDT,BINANCE,TRADE,1873.26,0.003
2026-08-03 23:45:56,BTCUSDT,BINANCE,TRADE,63988,0.00038
2026-08-03 23:45:56,BTCUSDT,BINANCE,TRADE,63988,8e-05
2026-08-03 23:45:56,BTCUSDT,BINANCE,TRADE,63988,8e-05
2026-08-03 23:45:56,BTCUSDT,BINANCE,TRADE,63988,0.0001
2026-08-03 23:45:56,BTCUSDT,BINANCE,TRADE,63988,9e-05
2026-08-03 23:45:56,BTCUSDT,BINANCE,TRADE,63988,8e-05
2026-08-03 23:45:56,BTCUSDT,BINANCE,TRADE,63988,0.00016
2026-08-03 23:45:56,BTCUSDT,BINANCE,TRADE,63988,8e-05
2026-08-03 23:45:56,BTCUSDT,BINANCE,TRADE,63988,8e-05
2026-08-03 23:45:56,BTCUSDT,BINANCE,TRADE,63988,0.00765
2026-08-03 23:45:56,BTCUSDT,BINANCE,TRADE,63988,8e-05
2026-08-03 23:45:56,BTCUSDT,BINANCE,TRADE,63988,1e-05
2026-08-03 23:45:57,ETHUSDT,BINANCE,TRADE,1873.27,0.0179
2026-08-03 23:45:57,SOLUSDT,BINANCE,TRADE,74.16,3.832
2026-08-03 23:45:57,SOLUSDT,BINANCE,TRADE,74.16,0.224
2026-08-03 23:45:57,SOLUSDT,BINANCE,TRADE,74.16,8.688
2026-08-03 23:45:57,SOLUSDT,BINANCE,TRADE,74.16,3.218
2026-08-03 23:45:57,SOLUSDT,BINANCE,TRADE,74.16,34.526
2026-08-03 23:45:57,SOLUSDT,BINANCE,TRADE,74.16,1.419
2026-08-03 23:45:57,SOLUSDT,BINANCE,TRADE,74.16,0.278
2026-08-03 23:45:57,SOLUSDT,BINANCE,TRADE,74.16,0.073
2026-08-03 23:45:57,SOLUSDT,BINANCE,TRADE,74.16,0.135
2026-08-03 23:45:57,SOLUSDT,BINANCE,TRADE,74.16,0.073
2026-08-03 23:45:57,SOLUSDT,BINANCE,TRADE,74.16,0.068
2026-08-03 23:45:57,SOLUSDT,BINANCE,TRADE,74.16,3.219
2026-08-03 23:45:57,SOLUSDT,BINANCE,TRADE,74.16,0.073
2026-08-03 23:45:57,SOLUSDT,BINANCE,TRADE,74.16,0.073
2026-08-03 23:45:57,SOLUSDT,BINANCE,TRADE,74.16,0.073
2026-08-03 23:45:57,SOLUSDT,BINANCE,TRADE,74.16,0.073
2026-08-03 23:45:57,SOLUSDT,BINANCE,TRADE,74.16,0.073
2026-08-03 23:45:57,SOLUSDT,BINANCE,TRADE,74.16,0.073
2026-08-03 23:45:57,SOLUSDT,BINANCE,TRADE,74.16,0.071
2026-08-03 23:45:57,SOLUSDT,BINANCE,TRADE,74.16,10.969
2026-08-03 23:45:57,ETHUSDT,BINANCE,TRADE,1873.27,0.1067
2026-08-03 23:45:57,BTCUSDT,BINANCE,TRADE,63988,0.00282
2026-08-03 23:45:57,SOLUSDT,BINANCE,TRADE,74.17,0.134
2026-08-03 23:45:59,SOLUSDT,BINANCE,TRADE,74.16,4.235
2026-08-03 23:45:59,ETHUSDT,BINANCE,TRADE,1873.26,1.0695
2026-08-03 23:45:59,ETHUSDT,BINANCE,TRADE,1873.26,0.0027
2026-08-03 23:45:59,ETHUSDT,BINANCE,TRADE,1873.26,0.0027
2026-08-03 23:45:59,ETHUSDT,BINANCE,TRADE,1873.26,0.0027
2026-08-03 23:45:59,ETHUSDT,BINANCE,TRADE,1873.26,0.1274
2026-08-03 23:45:59,ETHUSDT,BINANCE,TRADE,1873.26,0.0028
2026-08-03 23:45:59,ETHUSDT,BINANCE,TRADE,1873.26,0.0054
2026-08-03 23:45:59,ETHUSDT,BINANCE,TRADE,1873.26,0.1274
2026-08-03 23:45:59,ETHUSDT,BINANCE,TRADE,1873.26,0.1274
2026-08-03 23:45:59,ETHUSDT,BINANCE,TRADE,1873.26,0.0027
2026-08-03 23:45:59,ETHUSDT,BINANCE,TRADE,1873.26,0.0027
2026-08-03 23:45:59,ETHUSDT,BINANCE,TRADE,1873.26,0.0027
2026-08-03 23:45:59,ETHUSDT,BINANCE,TRADE,1873.26,0.0027
2026-08-03 23:45:59,ETHUSDT,BINANCE,TRADE,1873.26,0.0028
2026-08-03 23:45:59,ETHUSDT,BINANCE,TRADE,1873.26,0.0889
2026-08-03 23:45:59,ETHUSDT,BINANCE,TRADE,1873.26,0.1274
2026-08-03 23:45:59,ETHUSDT,BINANCE,TRADE,1873.26,0.2141
2026-08-03 23:45:59,BTCUSDT,BINANCE,TRADE,63988,8e-05
2026-08-03 23:45:59,BTCUSDT,BINANCE,TRADE,63988,8e-05
2026-08-03 23:45:59,BTCUSDT,BINANCE,TRADE,63988,9e-05
2026-08-03 23:45:59,BTCUSDT,BINANCE,TRADE,63988,9e-05
2026-08-03 23:45:59,BTCUSDT,BINANCE,TRADE,63988,0.00034
2026-08-03 23:45:59,BTCUSDT,BINANCE,TRADE,63988,0.00145
2026-08-03 23:45:59,BTCUSDT,BINANCE,TRADE,63988,0.00086
2026-08-03 23:45:59,SOLUSDT,BINANCE,TRADE,74.17,166.669
2026-08-03 23:45:59,SOLUSDT,BINANCE,TRADE,74.17,67.485
2026-08-03 23:45:59,SOLUSDT,BINANCE,TRADE,74.17,2
2026-08-03 23:45:59,SOLUSDT,BINANCE,TRADE,74.17,0.278
2026-08-03 23:45:59,SOLUSDT,BINANCE,TRADE,74.17,10
2026-08-03 23:45:59,SOLUSDT,BINANCE,TRADE,74.17,5
2026-08-03 23:45:59,SOLUSDT,BINANCE,TRADE,74.17,0.073
2026-08-03 23:45:59,SOLUSDT,BINANCE,TRADE,74.17,0.073
2026-08-03 23:45:59,SOLUSDT,BINANCE,TRADE,74.17,0.073
2026-08-03 23:45:59,SOLUSDT,BINANCE,TRADE,74.17,3.36
2026-08-03 23:45:59,SOLUSDT,BINANCE,TRADE,74.17,0.497
2026-08-03 23:45:59,SOLUSDT,BINANCE,TRADE,74.17,0.073
2026-08-03 23:45:59,SOLUSDT,BINANCE,TRADE,74.17,0.073
2026-08-03 23:45:59,SOLUSDT,BINANCE,TRADE,74.17,0.073
2026-08-03 23:45:59,SOLUSDT,BINANCE,TRADE,74.17,2.022
2026-08-03 23:45:59,SOLUSDT,BINANCE,TRADE,74.17,27.42
2026-08-03 23:45:59,SOLUSDT,BINANCE,TRADE,74.17,0.148
2026-08-03 23:45:59,SOLUSDT,BINANCE,TRADE,74.17,20.905
2026-08-03 23:45:59,SOLUSDT,BINANCE,TRADE,74.17,0.073
2026-08-03 23:45:59,SOLUSDT,BINANCE,TRADE,74.17,0.068
2026-08-03 23:45:59,SOLUSDT,BINANCE,TRADE,74.17,0.073
2026-08-03 23:45:59,SOLUSDT,BINANCE,TRADE,74.17,0.135
2026-08-03 23:45:59,SOLUSDT,BINANCE,TRADE,74.17,6
2026-08-03 23:45:59,SOLUSDT,BINANCE,TRADE,74.17,4.27
2026-08-03 23:45:59,ETHUSDT,BINANCE,TRADE,1873.26,6.7571
2026-08-03 23:45:59,ETHUSDT,BINANCE,TRADE,1873.26,0.0027
2026-08-03 23:45:59,ETHUSDT,BINANCE,TRADE,1873.26,0.3493
2026-08-03 23:45:59,ETHUSDT,BINANCE,TRADE,1873.26,0.0028
2026-08-03 23:45:59,ETHUSDT,BINANCE,TRADE,1873.26,0.0028
2026-08-03 23:45:59,ETHUSDT,BINANCE,TRADE,1873.26,0.0028
2026-08-03 23:45:59,ETHUSDT,BINANCE,TRADE,1873.26,0.0028
2026-08-03 23:45:59,ETHUSDT,BINANCE,TRADE,1873.26,0.0027
2026-08-03 23:45:59,ETHUSDT,BINANCE,TRADE,1873.26,0.1274
2026-08-03 23:45:59,ETHUSDT,BINANCE,TRADE,1873.26,0.1274
2026-08-03 23:45:59,ETHUSDT,BINANCE,TRADE,1873.26,0.1274
2026-08-03 23:45:59,ETHUSDT,BINANCE,TRADE,1873.26,0.0027
2026-08-03 23:45:59,ETHUSDT,BINANCE,TRADE,1873.26,0.0027
2026-08-03 23:45:59,ETHUSDT,BINANCE,TRADE,1873.26,0.0027
2026-08-03 23:45:59,ETHUSDT,BINANCE,TRADE,1873.26,0.0027
2026-08-03 23:45:59,ETHUSDT,BINANCE,TRADE,1873.26,0.1274
2026-08-03 23:45:59,ETHUSDT,BINANCE,TRADE,1873.26,0.0028
2026-08-03 23:45:59,ETHUSDT,BINANCE,TRADE,1873.26,0.0028
2026-08-03 23:45:59,ETHUSDT,BINANCE,TRADE,1873.26,0.0054
2026-08-03 23:45:59,ETHUSDT,BINANCE,TRADE,1873.26,0.0027
2026-08-03 23:45:59,ETHUSDT,BINANCE,TRADE,1873.26,0.0028
2026-08-03 23:45:59,ETHUSDT,BINANCE,TRADE,1873.26,0.0028
2026-08-03 23:45:59,ETHUSDT,BINANCE,TRADE,1873.26,0.0032
2026-08-03 23:45:59,ETHUSDT,BINANCE,TRADE,1873.26,0.0032
2026-08-03 23:45:59,ETHUSDT,BINANCE,TRADE,1873.26,0.0027
2026-08-03 23:45:59,ETHUSDT,BINANCE,TRADE,1873.26,0.0027
2026-08-03 23:45:59,ETHUSDT,BINANCE,TRADE,1873.26,0.1274
2026-08-03 23:45:59,ETHUSDT,BINANCE,TRADE,1873.26,0.1274
2026-08-03 23:45:59,ETHUSDT,BINANCE,TRADE,1873.26,0.1274
2026-08-03 23:45:59,ETHUSDT,BINANCE,TRADE,1873.26,0.0027
2026-08-03 23:45:59,ETHUSDT,BINANCE,TRADE,1873.26,0.0027
2026-08-03 23:45:59,ETHUSDT,BINANCE,TRADE,1873.26,0.0027
2026-08-03 23:45:59,ETHUSDT,BINANCE,TRADE,1873.26,0.0027
2026-08-03 23:45:59,ETHUSDT,BINANCE,TRADE,1873.26,0.1274
2026-08-03 23:45:59,ETHUSDT,BINANCE,TRADE,1873.26,0.0027
2026-08-03 23:45:59,ETHUSDT,BINANCE,TRADE,1873.26,0.0027
2026-08-03 23:45:59,ETHUSDT,BINANCE,TRADE,1873.26,0.1274
2026-08-03 23:45:59,ETHUSDT,BINANCE,TRADE,1873.26,0.1274
2026-08-03 23:45:59,ETHUSDT,BINANCE,TRADE,1873.26,0.1274
2026-08-03 23:45:59,ETHUSDT,BINANCE,TRADE,1873.26,0.0027
2026-08-03 23:45:59,ETHUSDT,BINANCE,TRADE,1873.26,0.0027
2026-08-03 23:45:59,ETHUSDT,BINANCE,TRADE,1873.26,0.0027
2026-08-03 23:45:59,ETHUSDT,BINANCE,TRADE,1873.26,0.0027
2026-08-03 23:45:59,ETHUSDT,BINANCE,TRADE,1873.26,0.1274
2026-08-03 23:45:59,ETHUSDT,BINANCE,TRADE,1873.26,0.0027
2026-08-03 23:45:59,ETHUSDT,BINANCE,TRADE,1873.26,0.0027
2026-08-03 23:45:59,ETHUSDT,BINANCE,TRADE,1873.26,0.1274
2026-08-03 23:45:59,ETHUSDT,BINANCE,TRADE,1873.26,0.0234
2026-08-03 23:45:59,ETHUSDT,BINANCE,TRADE,1873.26,0.1274
2026-08-03 23:45:59,ETHUSDT,BINANCE,TRADE,1873.26,0.1274
2026-08-03 23:45:59,ETHUSDT,BINANCE,TRADE,1873.26,0.1274
2026-08-03 23:45:59,ETHUSDT,BINANCE,TRADE,1873.26,0.1274
2026-08-03 23:45:59,ETHUSDT,BINANCE,TRADE,1873.26,0.1274
2026-08-03 23:45:59,ETHUSDT,BINANCE,TRADE,1873.26,0.1141
2026-08-03 23:45:59,ETHUSDT,BINANCE,TRADE,1873.26,0.1274
2026-08-03 23:45:59,ETHUSDT,BINANCE,TRADE,1873.26,0.0806
2026-08-03 23:45:59,ETHUSDT,BINANCE,TRADE,1873.26,0.1274
2026-08-03 23:45:59,ETHUSDT,BINANCE,TRADE,1873.26,0.1274
2026-08-03 23:45:59,ETHUSDT,BINANCE,TRADE,1873.26,0.1147
2026-08-03 23:45:59,ETHUSDT,BINANCE,TRADE,1873.25,0.0054
2026-08-03 23:45:59,ETHUSDT,BINANCE,TRADE,1873.25,0.0028
2026-08-03 23:45:59,ETHUSDT,BINANCE,TRADE,1873.25,0.0028
2026-08-03 23:45:59,ETHUSDT,BINANCE,TRADE,1873.25,0.0028
2026-08-03 23:45:59,ETHUSDT,BINANCE,TRADE,1873.25,0.0028
2026-08-03 23:45:59,ETHUSDT,BINANCE,TRADE,1873.25,0.0028
2026-08-03 23:45:59,ETHUSDT,BINANCE,TRADE,1873.25,0.0028
2026-08-03 23:45:59,ETHUSDT,BINANCE,TRADE,1873.25,0.0028
2026-08-03 23:45:59,ETHUSDT,BINANCE,TRADE,1873.24,0.0054
2026-08-03 23:45:59,ETHUSDT,BINANCE,TRADE,1873.24,0.0028
2026-08-03 23:45:59,ETHUSDT,BINANCE,TRADE,1873.24,0.0028
2026-08-03 23:45:59,ETHUSDT,BINANCE,TRADE,1873.23,0.0028
2026-08-03 23:45:59,ETHUSDT,BINANCE,TRADE,1873.22,0.0028
2026-08-03 23:45:59,ETHUSDT,BINANCE,TRADE,1873.21,0.0028
2026-08-03 23:45:59,ETHUSDT,BINANCE,TRADE,1873.21,0.0029
2026-08-03 23:45:59,ETHUSDT,BINANCE,TRADE,1873.21,0.0029
2026-08-03 23:45:59,ETHUSDT,BINANCE,TRADE,1873.21,0.0029
2026-08-03 23:45:59,ETHUSDT,BINANCE,TRADE,1873.2,0.0028
2026-08-03 23:45:59,ETHUSDT,BINANCE,TRADE,1873.2,0.0029
2026-08-03 23:45:59,ETHUSDT,BINANCE,TRADE,1873.2,0.5339
2026-08-03 23:45:59,ETHUSDT,BINANCE,TRADE,1873.2,0.0029
2026-08-03 23:45:59,ETHUSDT,BINANCE,TRADE,1873.2,0.0029
2026-08-03 23:45:59,ETHUSDT,BINANCE,TRADE,1873.19,0.0027
2026-08-03 23:45:59,ETHUSDT,BINANCE,TRADE,1873.19,0.0028
2026-08-03 23:45:59,ETHUSDT,BINANCE,TRADE,1873.19,0.0028
2026-08-03 23:45:59,ETHUSDT,BINANCE,TRADE,1873.19,2.2525
2026-08-03 23:45:59,ETHUSDT,BINANCE,TRADE,1873.19,0.0027
2026-08-03 23:45:59,ETHUSDT,BINANCE,TRADE,1873.19,0.0027
2026-08-03 23:45:59,ETHUSDT,BINANCE,TRADE,1873.19,0.0027
2026-08-03 23:45:59,ETHUSDT,BINANCE,TRADE,1873.19,0.0027
2026-08-03 23:45:59,ETHUSDT,BINANCE,TRADE,1873.18,0.0028
2026-08-03 23:45:59,ETHUSDT,BINANCE,TRADE,1873.17,0.0027
2026-08-03 23:45:59,ETHUSDT,BINANCE,TRADE,1873.17,0.0027
2026-08-03 23:45:59,ETHUSDT,BINANCE,TRADE,1873.17,0.0028
2026-08-03 23:45:59,ETHUSDT,BINANCE,TRADE,1873.17,0.0029
2026-08-03 23:45:59,ETHUSDT,BINANCE,TRADE,1873.17,0.0029
2026-08-03 23:45:59,ETHUSDT,BINANCE,TRADE,1873.17,0.0027
2026-08-03 23:45:59,ETHUSDT,BINANCE,TRADE,1873.17,0.0029
2026-08-03 23:45:59,ETHUSDT,BINANCE,TRADE,1873.17,0.0027
2026-08-03 23:45:59,ETHUSDT,BINANCE,TRADE,1873.17,0.0027
2026-08-03 23:45:59,ETHUSDT,BINANCE,TRADE,1873.17,0.0027
2026-08-03 23:45:59,ETHUSDT,BINANCE,TRADE,1873.16,0.0027
2026-08-03 23:45:59,ETHUSDT,BINANCE,TRADE,1873.16,0.0029
2026-08-03 23:45:59,ETHUSDT,BINANCE,TRADE,1873.16,0.0029
2026-08-03 23:45:59,ETHUSDT,BINANCE,TRADE,1873.16,2.2187
2026-08-03 23:45:59,ETHUSDT,BINANCE,TRADE,1873.16,0.0027
2026-08-03 23:45:59,ETHUSDT,BINANCE,TRADE,1873.16,0.0029
2026-08-03 23:45:59,ETHUSDT,BINANCE,TRADE,1873.16,0.0027
2026-08-03 23:45:59,ETHUSDT,BINANCE,TRADE,1873.16,0.0027
2026-08-03 23:45:59,ETHUSDT,BINANCE,TRADE,1873.16,0.0027
2026-08-03 23:45:59,ETHUSDT,BINANCE,TRADE,1873.15,0.0027
2026-08-03 23:45:59,ETHUSDT,BINANCE,TRADE,1873.15,3.69
2026-08-03 23:45:59,ETHUSDT,BINANCE,TRADE,1873.15,0.0027
2026-08-03 23:45:59,ETHUSDT,BINANCE,TRADE,1873.15,0.0027
2026-08-03 23:45:59,ETHUSDT,BINANCE,TRADE,1873.15,0.0027
2026-08-03 23:45:59,ETHUSDT,BINANCE,TRADE,1873.15,0.0027
2026-08-03 23:45:59,ETHUSDT,BINANCE,TRADE,1873.14,0.0027
2026-08-03 23:45:59,ETHUSDT,BINANCE,TRADE,1873.14,0.0027
2026-08-03 23:45:59,ETHUSDT,BINANCE,TRADE,1873.14,0.1189
2026-08-03 23:45:59,ETHUSDT,BINANCE,TRADE,1873.14,0.0027
2026-08-03 23:45:59,ETHUSDT,BINANCE,TRADE,1873.14,0.0027
2026-08-03 23:45:59,ETHUSDT,BINANCE,TRADE,1873.14,0.0027
2026-08-03 23:45:59,ETHUSDT,BINANCE,TRADE,1873.14,0.0027
2026-08-03 23:45:59,ETHUSDT,BINANCE,TRADE,1873.13,0.0027
2026-08-03 23:45:59,ETHUSDT,BINANCE,TRADE,1873.13,0.0027
2026-08-03 23:45:59,ETHUSDT,BINANCE,TRADE,1873.13,0.0027
2026-08-03 23:45:59,ETHUSDT,BINANCE,TRADE,1873.13,0.0027
2026-08-03 23:45:59,ETHUSDT,BINANCE,TRADE,1873.13,0.0027
2026-08-03 23:45:59,ETHUSDT,BINANCE,TRADE,1873.12,0.0027
2026-08-03 23:45:59,ETHUSDT,BINANCE,TRADE,1873.12,0.0027
2026-08-03 23:45:59,ETHUSDT,BINANCE,TRADE,1873.12,0.0027
2026-08-03 23:45:59,ETHUSDT,BINANCE,TRADE,1873.12,0.0027
2026-08-03 23:45:59,ETHUSDT,BINANCE,TRADE,1873.12,0.0027
2026-08-03 23:45:59,ETHUSDT,BINANCE,TRADE,1873.11,0.0027
2026-08-03 23:45:59,ETHUSDT,BINANCE,TRADE,1873.11,0.0029
2026-08-03 23:45:59,ETHUSDT,BINANCE,TRADE,1873.11,0.0029
2026-08-03 23:45:59,ETHUSDT,BINANCE,TRADE,1873.11,0.0027
2026-08-03 23:45:59,ETHUSDT,BINANCE,TRADE,1873.11,0.0029
2026-08-03 23:45:59,ETHUSDT,BINANCE,TRADE,1873.11,0.0027
2026-08-03 23:45:59,ETHUSDT,BINANCE,TRADE,1873.11,0.0027
2026-08-03 23:45:59,ETHUSDT,BINANCE,TRADE,1873.11,0.0027
2026-08-03 23:45:59,ETHUSDT,BINANCE,TRADE,1873.1,0.0027
2026-08-03 23:45:59,ETHUSDT,BINANCE,TRADE,1873.1,1.811
2026-08-03 23:45:59,ETHUSDT,BINANCE,TRADE,1873.1,0.0027
2026-08-03 23:45:59,ETHUSDT,BINANCE,TRADE,1873.1,0.0027
2026-08-03 23:45:59,ETHUSDT,BINANCE,TRADE,1873.1,0.0027
2026-08-03 23:45:59,ETHUSDT,BINANCE,TRADE,1873.1,0.0027
2026-08-03 23:45:59,ETHUSDT,BINANCE,TRADE,1873.09,0.0027
2026-08-03 23:45:59,ETHUSDT,BINANCE,TRADE,1873.09,0.0161
2026-08-03 23:45:59,ETHUSDT,BINANCE,TRADE,1873.09,0.5386
2026-08-03 23:45:59,ETHUSDT,BINANCE,TRADE,1873.09,0.0027
2026-08-03 23:45:59,ETHUSDT,BINANCE,TRADE,1873.09,0.0027
2026-08-03 23:45:59,ETHUSDT,BINANCE,TRADE,1873.09,0.0027
2026-08-03 23:45:59,ETHUSDT,BINANCE,TRADE,1873.09,0.0027
2026-08-03 23:45:59,ETHUSDT,BINANCE,TRADE,1873.08,0.0027
2026-08-03 23:45:59,ETHUSDT,BINANCE,TRADE,1873.08,0.0027
2026-08-03 23:45:59,ETHUSDT,BINANCE,TRADE,1873.08,0.0027
2026-08-03 23:45:59,ETHUSDT,BINANCE,TRADE,1873.08,0.0033
2026-08-03 23:45:59,ETHUSDT,BINANCE,TRADE,1873.08,1.069
2026-08-03 23:45:59,ETHUSDT,BINANCE,TRADE,1873.08,1.2377
2026-08-03 23:45:59,ETHUSDT,BINANCE,TRADE,1873.08,0.0027
2026-08-03 23:45:59,ETHUSDT,BINANCE,TRADE,1873.08,0.0027
2026-08-03 23:45:59,ETHUSDT,BINANCE,TRADE,1873.08,0.0027
2026-08-03 23:45:59,ETHUSDT,BINANCE,TRADE,1873.08,0.0027
2026-08-03 23:45:59,ETHUSDT,BINANCE,TRADE,1873.08,0.0027
2026-08-03 23:45:59,ETHUSDT,BINANCE,TRADE,1873.08,0.0027
2026-08-03 23:45:59,ETHUSDT,BINANCE,TRADE,1873.08,0.0027
2026-08-03 23:45:59,ETHUSDT,BINANCE,TRADE,1873.08,0.0027
2026-08-03 23:45:59,ETHUSDT,BINANCE,TRADE,1873.07,0.0027
2026-08-03 23:45:59,ETHUSDT,BINANCE,TRADE,1873.07,0.0028
2026-08-03 23:45:59,ETHUSDT,BINANCE,TRADE,1873.07,2.3625
2026-08-03 23:45:59,ETHUSDT,BINANCE,TRADE,1873.07,0.5568
2026-08-03 23:45:59,ETHUSDT,BINANCE,TRADE,1873.07,2.8158
2026-08-03 23:45:59,ETHUSDT,BINANCE,TRADE,1873.07,0.0027
2026-08-03 23:45:59,ETHUSDT,BINANCE,TRADE,1873.07,0.0027
2026-08-03 23:45:59,ETHUSDT,BINANCE,TRADE,1873.07,0.0027
2026-08-03 23:45:59,ETHUSDT,BINANCE,TRADE,1873.07,0.0027
2026-08-03 23:45:59,ETHUSDT,BINANCE,TRADE,1873.06,0.0027
2026-08-03 23:45:59,ETHUSDT,BINANCE,TRADE,1873.06,0.0041
2026-08-03 23:45:59,ETHUSDT,BINANCE,TRADE,1873.06,0.7687
2026-08-03 23:45:59,ETHUSDT,BINANCE,TRADE,1873.06,1.1531
2026-08-03 23:45:59,ETHUSDT,BINANCE,TRADE,1873.06,0.0027
2026-08-03 23:45:59,ETHUSDT,BINANCE,TRADE,1873.06,0.0027
2026-08-03 23:45:59,ETHUSDT,BINANCE,TRADE,1873.06,0.0027
2026-08-03 23:45:59,ETHUSDT,BINANCE,TRADE,1873.06,0.0027
2026-08-03 23:45:59,ETHUSDT,BINANCE,TRADE,1873.06,0.0027
2026-08-03 23:45:59,ETHUSDT,BINANCE,TRADE,1873.06,0.0027
2026-08-03 23:45:59,ETHUSDT,BINANCE,TRADE,1873.05,0.0027
2026-08-03 23:45:59,ETHUSDT,BINANCE,TRADE,1873.05,0.0027
2026-08-03 23:45:59,ETHUSDT,BINANCE,TRADE,1873.04,0.0027
2026-08-03 23:45:59,ETHUSDT,BINANCE,TRADE,1873.04,0.0027
2026-08-03 23:45:59,ETHUSDT,BINANCE,TRADE,1873.04,0.0027
2026-08-03 23:45:59,ETHUSDT,BINANCE,TRADE,1873.04,0.04
2026-08-03 23:45:59,ETHUSDT,BINANCE,TRADE,1873.04,0.0027
2026-08-03 23:45:59,ETHUSDT,BINANCE,TRADE,1873.04,0.0027
2026-08-03 23:45:59,ETHUSDT,BINANCE,TRADE,1873.03,0.0027
2026-08-03 23:45:59,ETHUSDT,BINANCE,TRADE,1873.03,0.1
2026-08-03 23:45:59,ETHUSDT,BINANCE,TRADE,1873.03,0.0599
2026-08-03 23:45:59,ETHUSDT,BINANCE,TRADE,1873.03,0.0027
2026-08-03 23:45:59,ETHUSDT,BINANCE,TRADE,1873.03,0.0027
2026-08-03 23:45:59,ETHUSDT,BINANCE,TRADE,1873.03,0.0027
2026-08-03 23:45:59,ETHUSDT,BINANCE,TRADE,1873.03,0.0027
2026-08-03 23:45:59,ETHUSDT,BINANCE,TRADE,1873.02,0.2669
2026-08-03 23:45:59,ETHUSDT,BINANCE,TRADE,1873.01,0.011
2026-08-03 23:45:59,ETHUSDT,BINANCE,TRADE,1873.01,0.0027
2026-08-03 23:45:59,ETHUSDT,BINANCE,TRADE,1873.01,0.0027
2026-08-03 23:45:59,ETHUSDT,BINANCE,TRADE,1873.01,0.0027
2026-08-03 23:45:59,ETHUSDT,BINANCE,TRADE,1873.01,0.0027
2026-08-03 23:45:59,ETHUSDT,BINANCE,TRADE,1873,0.0028
2026-08-03 23:45:59,ETHUSDT,BINANCE,TRADE,1872.99,0.0027
2026-08-03 23:45:59,ETHUSDT,BINANCE,TRADE,1872.99,0.0033
2026-08-03 23:45:59,ETHUSDT,BINANCE,TRADE,1872.99,0.0027
2026-08-03 23:45:59,ETHUSDT,BINANCE,TRADE,1872.99,0.0027
2026-08-03 23:45:59,ETHUSDT,BINANCE,TRADE,1872.99,0.0027
2026-08-03 23:45:59,ETHUSDT,BINANCE,TRADE,1872.99,0.0027
2026-08-03 23:45:59,ETHUSDT,BINANCE,TRADE,1872.98,0.0027
2026-08-03 23:45:59,ETHUSDT,BINANCE,TRADE,1872.98,0.0097
2026-08-03 23:45:59,ETHUSDT,BINANCE,TRADE,1872.97,0.003
2026-08-03 23:45:59,ETHUSDT,BINANCE,TRADE,1872.97,0.0028
2026-08-03 23:45:59,ETHUSDT,BINANCE,TRADE,1872.97,7.8691
2026-08-03 23:45:59,ETHUSDT,BINANCE,TRADE,1872.96,0.008
2026-08-03 23:45:59,ETHUSDT,BINANCE,TRADE,1872.96,0.0027
2026-08-03 23:45:59,ETHUSDT,BINANCE,TRADE,1872.96,0.04
2026-08-03 23:45:59,ETHUSDT,BINANCE,TRADE,1872.96,22.0808
2026-08-03 23:45:59,ETHUSDT,BINANCE,TRADE,1872.96,2.816
2026-08-03 23:45:59,ETHUSDT,BINANCE,TRADE,1872.95,0.0027
2026-08-03 23:45:59,ETHUSDT,BINANCE,TRADE,1872.95,0.0027
2026-08-03 23:45:59,ETHUSDT,BINANCE,TRADE,1872.95,0.0027
2026-08-03 23:45:59,ETHUSDT,BINANCE,TRADE,1872.95,0.0027
2026-08-03 23:45:59,ETHUSDT,BINANCE,TRADE,1872.95,0.0027
2026-08-03 23:45:59,ETHUSDT,BINANCE,TRADE,1872.95,0.0237
2026-08-03 23:45:59,ETHUSDT,BINANCE,TRADE,1872.95,0.0027
2026-08-03 23:45:59,ETHUSDT,BINANCE,TRADE,1872.95,0.0027
2026-08-03 23:45:59,ETHUSDT,BINANCE,TRADE,1872.95,0.0027
2026-08-03 23:45:59,ETHUSDT,BINANCE,TRADE,1872.95,0.0027
2026-08-03 23:45:59,ETHUSDT,BINANCE,TRADE,1872.95,0.0027
2026-08-03 23:45:59,ETHUSDT,BINANCE,TRADE,1872.95,0.0027
2026-08-03 23:45:59,ETHUSDT,BINANCE,TRADE,1872.95,0.0027
2026-08-03 23:45:59,ETHUSDT,BINANCE,TRADE,1872.95,0.0027
2026-08-03 23:45:59,ETHUSDT,BINANCE,TRADE,1872.95,0.0027
2026-08-03 23:45:59,ETHUSDT,BINANCE,TRADE,1872.95,0.0027
2026-08-03 23:45:59,ETHUSDT,BINANCE,TRADE,1872.95,0.0027
2026-08-03 23:45:59,ETHUSDT,BINANCE,TRADE,1872.95,0.0027
2026-08-03 23:45:59,ETHUSDT,BINANCE,TRADE,1872.94,0.0028
2026-08-03 23:45:59,ETHUSDT,BINANCE,TRADE,1872.92,0.0027
2026-08-03 23:45:59,ETHUSDT,BINANCE,TRADE,1872.92,0.0027
2026-08-03 23:45:59,ETHUSDT,BINANCE,TRADE,1872.92,0.0027
2026-08-03 23:45:59,ETHUSDT,BINANCE,TRADE,1872.92,0.0027
2026-08-03 23:45:59,ETHUSDT,BINANCE,TRADE,1872.92,0.0027
2026-08-03 23:45:59,ETHUSDT,BINANCE,TRADE,1872.92,0.0027
2026-08-03 23:45:59,ETHUSDT,BINANCE,TRADE,1872.92,0.0027
2026-08-03 23:45:59,ETHUSDT,BINANCE,TRADE,1872.92,0.0027
2026-08-03 23:45:59,ETHUSDT,BINANCE,TRADE,1872.92,0.0027
2026-08-03 23:45:59,ETHUSDT,BINANCE,TRADE,1872.92,0.0027
2026-08-03 23:45:59,ETHUSDT,BINANCE,TRADE,1872.92,0.0027
2026-08-03 23:45:59,ETHUSDT,BINANCE,TRADE,1872.92,0.0027
2026-08-03 23:45:59,ETHUSDT,BINANCE,TRADE,1872.92,0.0027
2026-08-03 23:45:59,ETHUSDT,BINANCE,TRADE,1872.92,0.0027
2026-08-03 23:45:59,ETHUSDT,BINANCE,TRADE,1872.92,0.0027
2026-08-03 23:45:59,ETHUSDT,BINANCE,TRADE,1872.92,0.0027
2026-08-03 23:45:59,ETHUSDT,BINANCE,TRADE,1872.92,0.0027
2026-08-03 23:45:59,ETHUSDT,BINANCE,TRADE,1872.91,0.0027
2026-08-03 23:45:59,ETHUSDT,BINANCE,TRADE,1872.9,0.0027
2026-08-03 23:45:59,ETHUSDT,BINANCE,TRADE,1872.9,0.0033
2026-08-03 23:45:59,ETHUSDT,BINANCE,TRADE,1872.9,0.0027
2026-08-03 23:45:59,ETHUSDT,BINANCE,TRADE,1872.9,0.0027
2026-08-03 23:45:59,ETHUSDT,BINANCE,TRADE,1872.9,0.0027
2026-08-03 23:45:59,ETHUSDT,BINANCE,TRADE,1872.9,0.0027
2026-08-03 23:45:59,ETHUSDT,BINANCE,TRADE,1872.9,0.0027
2026-08-03 23:45:59,ETHUSDT,BINANCE,TRADE,1872.89,0.2
2026-08-03 23:45:59,ETHUSDT,BINANCE,TRADE,1872.88,0.04
2026-08-03 23:45:59,ETHUSDT,BINANCE,TRADE,1872.88,0.0027
2026-08-03 23:45:59,ETHUSDT,BINANCE,TRADE,1872.88,0.0041
2026-08-03 23:45:59,ETHUSDT,BINANCE,TRADE,1872.88,0.1
2026-08-03 23:45:59,ETHUSDT,BINANCE,TRADE,1872.88,0.1
2026-08-03 23:45:59,ETHUSDT,BINANCE,TRADE,1872.88,0.1
2026-08-03 23:45:59,ETHUSDT,BINANCE,TRADE,1872.88,0.1
2026-08-03 23:45:59,ETHUSDT,BINANCE,TRADE,1872.88,0.1
2026-08-03 23:45:59,ETHUSDT,BINANCE,TRADE,1872.88,0.1
2026-08-03 23:45:59,ETHUSDT,BINANCE,TRADE,1872.88,0.1
2026-08-03 23:45:59,ETHUSDT,BINANCE,TRADE,1872.88,0.1
2026-08-03 23:45:59,ETHUSDT,BINANCE,TRADE,1872.88,0.0027
2026-08-03 23:45:59,ETHUSDT,BINANCE,TRADE,1872.87,0.0027
2026-08-03 23:45:59,ETHUSDT,BINANCE,TRADE,1872.86,0.003
2026-08-03 23:45:59,ETHUSDT,BINANCE,TRADE,1872.85,0.008
2026-08-03 23:45:59,ETHUSDT,BINANCE,TRADE,1872.85,0.0028
2026-08-03 23:45:59,ETHUSDT,BINANCE,TRADE,1872.85,3.3751
2026-08-03 23:45:59,ETHUSDT,BINANCE,TRADE,1872.85,3.3794
2026-08-03 23:45:59,ETHUSDT,BINANCE,TRADE,1872.84,2.3625
2026-08-03 23:45:59,ETHUSDT,BINANCE,TRADE,1872.84,0.0027
2026-08-03 23:45:59,ETHUSDT,BINANCE,TRADE,1872.84,2.2424
2026-08-03 23:45:59,ETHUSDT,BINANCE,TRADE,1872.84,0.0027
2026-08-03 23:45:59,ETHUSDT,BINANCE,TRADE,1872.84,0.0027
2026-08-03 23:45:59,ETHUSDT,BINANCE,TRADE,1872.84,0.0027
2026-08-03 23:45:59,ETHUSDT,BINANCE,TRADE,1872.84,0.0027
2026-08-03 23:45:59,ETHUSDT,BINANCE,TRADE,1872.84,0.0027
2026-08-03 23:45:59,ETHUSDT,BINANCE,TRADE,1872.84,0.0027
2026-08-03 23:45:59,ETHUSDT,BINANCE,TRADE,1872.83,4.8536
2026-08-03 23:45:59,ETHUSDT,BINANCE,TRADE,1872.83,0.0027
2026-08-03 23:45:59,ETHUSDT,BINANCE,TRADE,1872.83,0.0027
2026-08-03 23:45:59,ETHUSDT,BINANCE,TRADE,1872.83,0.28
2026-08-03 23:45:59,ETHUSDT,BINANCE,TRADE,1872.83,0.28
2026-08-03 23:45:59,ETHUSDT,BINANCE,TRADE,1872.83,0.0027
2026-08-03 23:45:59,ETHUSDT,BINANCE,TRADE,1872.83,0.0027
2026-08-03 23:45:59,ETHUSDT,BINANCE,TRADE,1872.83,0.0027
2026-08-03 23:45:59,ETHUSDT,BINANCE,TRADE,1872.83,0.0027
2026-08-03 23:45:59,ETHUSDT,BINANCE,TRADE,1872.83,0.0027
2026-08-03 23:45:59,ETHUSDT,BINANCE,TRADE,1872.83,0.0027
2026-08-03 23:45:59,ETHUSDT,BINANCE,TRADE,1872.83,0.0027
2026-08-03 23:45:59,ETHUSDT,BINANCE,TRADE,1872.83,0.0027
2026-08-03 23:45:59,ETHUSDT,BINANCE,TRADE,1872.82,0.0028
2026-08-03 23:45:59,ETHUSDT,BINANCE,TRADE,1872.81,0.0027
2026-08-03 23:45:59,ETHUSDT,BINANCE,TRADE,1872.81,0.0033
2026-08-03 23:45:59,ETHUSDT,BINANCE,TRADE,1872.81,0.1461
2026-08-03 23:45:59,ETHUSDT,BINANCE,TRADE,1872.81,0.28
2026-08-03 23:45:59,ETHUSDT,BINANCE,TRADE,1872.81,0.28
2026-08-03 23:45:59,ETHUSDT,BINANCE,TRADE,1872.81,0.28
2026-08-03 23:45:59,ETHUSDT,BINANCE,TRADE,1872.81,0.28
2026-08-03 23:45:59,ETHUSDT,BINANCE,TRADE,1872.8,0.04
2026-08-03 23:45:59,ETHUSDT,BINANCE,TRADE,1872.8,0.0027
2026-08-03 23:45:59,ETHUSDT,BINANCE,TRADE,1872.8,0.0027
2026-08-03 23:45:59,ETHUSDT,BINANCE,TRADE,1872.8,0.0028
2026-08-03 23:45:59,ETHUSDT,BINANCE,TRADE,1872.8,0.0027
2026-08-03 23:45:59,ETHUSDT,BINANCE,TRADE,1872.8,0.0027
2026-08-03 23:45:59,ETHUSDT,BINANCE,TRADE,1872.79,0.0027
2026-08-03 23:45:59,ETHUSDT,BINANCE,TRADE,1872.78,0.1779
2026-08-03 23:45:59,ETHUSDT,BINANCE,TRADE,1872.77,0.0027
2026-08-03 23:45:59,ETHUSDT,BINANCE,TRADE,1872.77,8.8971
2026-08-03 23:45:59,ETHUSDT,BINANCE,TRADE,1872.76,0.28
2026-08-03 23:45:59,ETHUSDT,BINANCE,TRADE,1872.76,0.28
2026-08-03 23:45:59,ETHUSDT,BINANCE,TRADE,1872.76,4.6829
2026-08-03 23:45:59,ETHUSDT,BINANCE,TRADE,1872.77,0.0066
2026-08-03 23:45:59,ETHUSDT,BINANCE,TRADE,1872.77,1.604
2026-08-03 23:45:59,ETHUSDT,BINANCE,TRADE,1872.77,1.604
2026-08-03 23:46:00,ETHUSDT,BINANCE,TRADE,1872.77,0.0032
2026-08-03 23:46:00,ETHUSDT,BINANCE,TRADE,1872.77,0.0027
2026-08-03 23:46:00,ETHUSDT,BINANCE,TRADE,1872.77,0.0032
2026-08-03 23:46:00,ETHUSDT,BINANCE,TRADE,1872.77,0.0027
2026-08-03 23:46:00,ETHUSDT,BINANCE,TRADE,1872.77,0.0054
2026-08-03 23:46:00,ETHUSDT,BINANCE,TRADE,1872.77,0.0027
2026-08-03 23:46:00,ETHUSDT,BINANCE,TRADE,1872.77,0.0028
2026-08-03 23:46:00,ETHUSDT,BINANCE,TRADE,1872.77,0.0028
2026-08-03 23:46:00,ETHUSDT,BINANCE,TRADE,1872.77,1.5785
2026-08-03 23:46:00,ETHUSDT,BINANCE,TRADE,1872.77,0.0027
2026-08-03 23:46:00,ETHUSDT,BINANCE,TRADE,1872.77,0.0028
2026-08-03 23:46:00,ETHUSDT,BINANCE,TRADE,1872.77,0.0028
2026-08-03 23:46:00,ETHUSDT,BINANCE,TRADE,1872.77,0.0032
2026-08-03 23:46:00,ETHUSDT,BINANCE,TRADE,1872.77,0.0054
2026-08-03 23:46:00,ETHUSDT,BINANCE,TRADE,1872.77,0.0032
2026-08-03 23:46:00,ETHUSDT,BINANCE,TRADE,1872.77,0.0027
2026-08-03 23:46:00,ETHUSDT,BINANCE,TRADE,1872.77,0.0027
2026-08-03 23:46:00,ETHUSDT,BINANCE,TRADE,1872.77,0.0028
2026-08-03 23:46:00,ETHUSDT,BINANCE,TRADE,1872.77,0.0054
2026-08-03 23:46:00,ETHUSDT,BINANCE,TRADE,1872.77,0.0028
2026-08-03 23:46:00,ETHUSDT,BINANCE,TRADE,1872.77,0.0028
2026-08-03 23:46:00,ETHUSDT,BINANCE,TRADE,1872.77,0.0032
2026-08-03 23:46:00,ETHUSDT,BINANCE,TRADE,1872.77,0.0032
2026-08-03 23:46:00,ETHUSDT,BINANCE,TRADE,1872.77,0.0027
2026-08-03 23:46:00,ETHUSDT,BINANCE,TRADE,1872.77,0.0027
2026-08-03 23:46:00,ETHUSDT,BINANCE,TRADE,1872.78,0.0027
2026-08-03 23:46:00,ETHUSDT,BINANCE,TRADE,1872.78,0.0054
2026-08-03 23:46:00,ETHUSDT,BINANCE,TRADE,1872.78,0.0028
2026-08-03 23:46:00,ETHUSDT,BINANCE,TRADE,1872.78,0.0027
2026-08-03 23:46:00,ETHUSDT,BINANCE,TRADE,1872.78,0.0027
2026-08-03 23:46:00,ETHUSDT,BINANCE,TRADE,1872.78,0.0027
2026-08-03 23:46:00,ETHUSDT,BINANCE,TRADE,1872.78,0.0027
2026-08-03 23:46:00,ETHUSDT,BINANCE,TRADE,1872.79,0.0054
2026-08-03 23:46:00,ETHUSDT,BINANCE,TRADE,1872.79,0.0028
2026-08-03 23:46:00,ETHUSDT,BINANCE,TRADE,1872.81,0.0027
2026-08-03 23:46:00,ETHUSDT,BINANCE,TRADE,1872.81,0.0027
2026-08-03 23:46:00,ETHUSDT,BINANCE,TRADE,1872.81,0.0028
2026-08-03 23:46:00,ETHUSDT,BINANCE,TRADE,1872.81,0.0027
2026-08-03 23:46:00,ETHUSDT,BINANCE,TRADE,1872.81,0.0027
2026-08-03 23:46:00,ETHUSDT,BINANCE,TRADE,1872.81,0.0027
2026-08-03 23:46:00,ETHUSDT,BINANCE,TRADE,1872.81,0.0027
2026-08-03 23:46:00,ETHUSDT,BINANCE,TRADE,1872.84,0.0801
2026-08-03 23:46:00,ETHUSDT,BINANCE,TRADE,1872.84,0.0027
2026-08-03 23:46:00,ETHUSDT,BINANCE,TRADE,1872.84,0.0027
2026-08-03 23:46:00,ETHUSDT,BINANCE,TRADE,1872.84,0.0028
2026-08-03 23:46:00,ETHUSDT,BINANCE,TRADE,1872.84,0.0027
2026-08-03 23:46:00,ETHUSDT,BINANCE,TRADE,1872.84,0.0027
2026-08-03 23:46:00,ETHUSDT,BINANCE,TRADE,1872.84,0.0027
2026-08-03 23:46:00,ETHUSDT,BINANCE,TRADE,1872.84,0.0027
2026-08-03 23:46:00,ETHUSDT,BINANCE,TRADE,1872.84,0.0027
2026-08-03 23:46:00,ETHUSDT,BINANCE,TRADE,1872.9,0.0027
2026-08-03 23:46:00,ETHUSDT,BINANCE,TRADE,1872.9,0.0028
2026-08-03 23:46:00,ETHUSDT,BINANCE,TRADE,1872.96,0.0372
2026-08-03 23:46:00,ETHUSDT,BINANCE,TRADE,1872.96,0.0027
2026-08-03 23:46:00,ETHUSDT,BINANCE,TRADE,1872.96,0.0028
2026-08-03 23:46:00,ETHUSDT,BINANCE,TRADE,1872.96,0.0027
2026-08-03 23:46:00,ETHUSDT,BINANCE,TRADE,1872.96,0.0028
2026-08-03 23:46:00,ETHUSDT,BINANCE,TRADE,1872.96,0.0027
2026-08-03 23:46:00,ETHUSDT,BINANCE,TRADE,1872.99,0.0027
2026-08-03 23:46:00,ETHUSDT,BINANCE,TRADE,1872.99,0.0028
2026-08-03 23:46:00,ETHUSDT,BINANCE,TRADE,1873,0.011
2026-08-03 23:46:00,ETHUSDT,BINANCE,TRADE,1873,0.0027
2026-08-03 23:46:00,ETHUSDT,BINANCE,TRADE,1873,0.0027
2026-08-03 23:46:00,ETHUSDT,BINANCE,TRADE,1873,0.0028
2026-08-03 23:46:00,ETHUSDT,BINANCE,TRADE,1873,0.0027
2026-08-03 23:46:00,ETHUSDT,BINANCE,TRADE,1873,0.0027
2026-08-03 23:46:00,ETHUSDT,BINANCE,TRADE,1873.03,0.0027
2026-08-03 23:46:00,ETHUSDT,BINANCE,TRADE,1873.03,0.0028
2026-08-03 23:46:00,ETHUSDT,BINANCE,TRADE,1873.04,0.0027
2026-08-03 23:46:00,ETHUSDT,BINANCE,TRADE,1873.04,0.0028
2026-08-03 23:46:00,ETHUSDT,BINANCE,TRADE,1873.04,0.0396
2026-08-03 23:46:00,ETHUSDT,BINANCE,TRADE,1873.04,0.0029
2026-08-03 23:46:00,ETHUSDT,BINANCE,TRADE,1873.04,0.0027
2026-08-03 23:46:00,ETHUSDT,BINANCE,TRADE,1873.04,0.0029
2026-08-03 23:46:00,ETHUSDT,BINANCE,TRADE,1873.04,0.0027
2026-08-03 23:46:00,ETHUSDT,BINANCE,TRADE,1873.04,0.0029
2026-08-03 23:46:00,ETHUSDT,BINANCE,TRADE,1873.05,0.0228
2026-08-03 23:46:00,ETHUSDT,BINANCE,TRADE,1873.05,0.0049
2026-08-03 23:46:00,SOLUSDT,BINANCE,TRADE,74.16,0.081
2026-08-03 23:46:00,SOLUSDT,BINANCE,TRADE,74.17,2.401
2026-08-03 23:46:00,BTCUSDT,BINANCE,TRADE,63988,0.00011
2026-08-03 23:46:00,SOLUSDT,BINANCE,TRADE,74.16,0.081
2026-08-03 23:46:00,SOLUSDT,BINANCE,TRADE,74.16,10
2026-08-03 23:46:00,SOLUSDT,BINANCE,TRADE,74.17,4.047
2026-08-03 23:46:00,SOLUSDT,BINANCE,TRADE,74.16,0.095
2026-08-03 23:46:01,SOLUSDT,BINANCE,TRADE,74.17,0.35
2026-08-03 23:46:01,SOLUSDT,BINANCE,TRADE,74.17,0.855
2026-08-03 23:46:01,SOLUSDT,BINANCE,TRADE,74.16,2.001
2026-08-03 23:46:01,BTCUSDT,BINANCE,TRADE,63988,0.001
2026-08-03 23:46:01,ETHUSDT,BINANCE,TRADE,1873.04,0.5864
2026-08-03 23:46:02,BTCUSDT,BINANCE,TRADE,63988,0.00403
2026-08-03 23:46:02,BTCUSDT,BINANCE,TRADE,63988,0.0096
2026-08-03 23:46:02,SOLUSDT,BINANCE,TRADE,74.16,0.46
2026-08-03 23:46:02,SOLUSDT,BINANCE,TRADE,74.16,1.379
2026-08-03 23:46:02,ETHUSDT,BINANCE,TRADE,1873.05,0.0032
2026-08-03 23:46:03,SOLUSDT,BINANCE,TRADE,74.16,2
2026-08-03 23:46:03,ETHUSDT,BINANCE,TRADE,1873.05,0.0027
2026-08-03 23:46:03,ETHUSDT,BINANCE,TRADE,1873.05,0.0003
2026-08-03 23:46:03,SOLUSDT,BINANCE,TRADE,74.16,0.102
2026-08-03 23:46:03,ETHUSDT,BINANCE,TRADE,1873.05,0.0024
2026-08-03 23:46:03,ETHUSDT,BINANCE,TRADE,1873.05,0.0027
2026-08-03 23:46:03,ETHUSDT,BINANCE,TRADE,1873.05,0.0027
2026-08-03 23:46:03,ETHUSDT,BINANCE,TRADE,1873.05,0.0823
2026-08-03 23:46:03,ETHUSDT,BINANCE,TRADE,1873.05,0.0028
2026-08-03 23:46:03,ETHUSDT,BINANCE,TRADE,1873.05,0.0027
2026-08-03 23:46:03,ETHUSDT,BINANCE,TRADE,1873.05,0.0027
2026-08-03 23:46:03,ETHUSDT,BINANCE,TRADE,1873.05,0.1687
2026-08-03 23:46:03,BTCUSDT,BINANCE,TRADE,63988,0.00076
2026-08-03 23:46:03,SOLUSDT,BINANCE,TRADE,74.16,0.165
2026-08-03 23:46:03,SOLUSDT,BINANCE,TRADE,74.17,0.071
2026-08-03 23:46:03,SOLUSDT,BINANCE,TRADE,74.17,1.229
2026-08-03 23:46:03,BTCUSDT,BINANCE,TRADE,63988,0.00036
2026-08-03 23:46:03,BTCUSDT,BINANCE,TRADE,63988,0.00048
2026-08-03 23:46:03,BTCUSDT,BINANCE,TRADE,63988,0.00206
2026-08-03 23:46:03,SOLUSDT,BINANCE,TRADE,74.17,0.133
2026-08-03 23:46:03,SOLUSDT,BINANCE,TRADE,74.16,10.206
2026-08-03 23:46:03,BTCUSDT,BINANCE,TRADE,63988,0.00398
2026-08-03 23:46:04,BTCUSDT,BINANCE,TRADE,63988,0.0001
2026-08-03 23:46:04,SOLUSDT,BINANCE,TRADE,74.16,1.082
2026-08-03 23:46:04,SOLUSDT,BINANCE,TRADE,74.17,0.991
2026-08-03 23:46:04,BTCUSDT,BINANCE,TRADE,63988,0.00034
2026-08-03 23:46:05,SOLUSDT,BINANCE,TRADE,74.17,1.758
2026-08-03 23:46:05,BTCUSDT,BINANCE,TRADE,63988,0.00157
2026-08-03 23:46:06,SOLUSDT,BINANCE,TRADE,74.17,1.097
2026-08-03 23:46:06,SOLUSDT,BINANCE,TRADE,74.17,0.175
2026-08-03 23:46:06,SOLUSDT,BINANCE,TRADE,74.17,0.068
2026-08-03 23:46:06,SOLUSDT,BINANCE,TRADE,74.17,0.135
2026-08-03 23:46:06,SOLUSDT,BINANCE,TRADE,74.17,0.278
2026-08-03 23:46:06,SOLUSDT,BINANCE,TRADE,74.17,0.073
2026-08-03 23:46:06,SOLUSDT,BINANCE,TRADE,74.17,0.073
2026-08-03 23:46:06,SOLUSDT,BINANCE,TRADE,74.17,0.073
2026-08-03 23:46:06,SOLUSDT,BINANCE,TRADE,74.17,0.073
2026-08-03 23:46:06,SOLUSDT,BINANCE,TRADE,74.17,0.073
2026-08-03 23:46:06,SOLUSDT,BINANCE,TRADE,74.17,0.073
2026-08-03 23:46:06,SOLUSDT,BINANCE,TRADE,74.17,0.073
2026-08-03 23:46:06,SOLUSDT,BINANCE,TRADE,74.17,0.407
2026-08-03 23:46:07,BTCUSDT,BINANCE,TRADE,63988,0.00046
2026-08-03 23:46:07,BTCUSDT,BINANCE,TRADE,63988,0.00077
2026-08-03 23:46:07,BTCUSDT,BINANCE,TRADE,63988,0.00012
2026-08-03 23:46:07,BTCUSDT,BINANCE,TRADE,63988,0.03132
2026-08-03 23:46:07,BTCUSDT,BINANCE,TRADE,63988,0.00676
2026-08-03 23:46:07,SOLUSDT,BINANCE,TRADE,74.17,4.464
2026-08-03 23:46:07,SOLUSDT,BINANCE,TRADE,74.17,0.073
2026-08-03 23:46:07,SOLUSDT,BINANCE,TRADE,74.17,4
2026-08-03 23:46:07,SOLUSDT,BINANCE,TRADE,74.17,2.04
2026-08-03 23:46:07,SOLUSDT,BINANCE,TRADE,74.17,0.073
2026-08-03 23:46:07,SOLUSDT,BINANCE,TRADE,74.17,0.073
2026-08-03 23:46:07,SOLUSDT,BINANCE,TRADE,74.17,0.068
2026-08-03 23:46:07,SOLUSDT,BINANCE,TRADE,74.17,0.073
2026-08-03 23:46:07,SOLUSDT,BINANCE,TRADE,74.17,0.073
2026-08-03 23:46:07,SOLUSDT,BINANCE,TRADE,74.17,0.073
2026-08-03 23:46:07,SOLUSDT,BINANCE,TRADE,74.17,0.073
2026-08-03 23:46:07,SOLUSDT,BINANCE,TRADE,74.17,0.073
2026-08-03 23:46:07,SOLUSDT,BINANCE,TRADE,74.17,0.135
2026-08-03 23:46:07,SOLUSDT,BINANCE,TRADE,74.17,0.07
2026-08-03 23:46:07,SOLUSDT,BINANCE,TRADE,74.17,0.07
2026-08-03 23:46:07,SOLUSDT,BINANCE,TRADE,74.18,0.075
2026-08-03 23:46:07,SOLUSDT,BINANCE,TRADE,74.18,2.248
2026-08-03 23:46:07,SOLUSDT,BINANCE,TRADE,74.18,0.117
2026-08-03 23:46:07,SOLUSDT,BINANCE,TRADE,74.18,0.141
2026-08-03 23:46:07,SOLUSDT,BINANCE,TRADE,74.18,0.106
2026-08-03 23:46:07,SOLUSDT,BINANCE,TRADE,74.18,1.441
2026-08-03 23:46:08,SOLUSDT,BINANCE,TRADE,74.18,7.074
2026-08-03 23:46:08,SOLUSDT,BINANCE,TRADE,74.18,2.615
2026-08-03 23:46:08,SOLUSDT,BINANCE,TRADE,74.18,0.159
2026-08-03 23:46:08,SOLUSDT,BINANCE,TRADE,74.18,0.352
2026-08-03 23:46:08,SOLUSDT,BINANCE,TRADE,74.18,0.228
2026-08-03 23:46:08,SOLUSDT,BINANCE,TRADE,74.18,0.425
2026-08-03 23:46:08,SOLUSDT,BINANCE,TRADE,74.18,0.073
2026-08-03 23:46:08,SOLUSDT,BINANCE,TRADE,74.18,0.741
2026-08-03 23:46:08,SOLUSDT,BINANCE,TRADE,74.18,0.069
2026-08-03 23:46:08,SOLUSDT,BINANCE,TRADE,74.18,0.15
2026-08-03 23:46:08,SOLUSDT,BINANCE,TRADE,74.18,0.075
2026-08-03 23:46:08,SOLUSDT,BINANCE,TRADE,74.18,0.068
2026-08-03 23:46:08,SOLUSDT,BINANCE,TRADE,74.18,0.278
2026-08-03 23:46:08,SOLUSDT,BINANCE,TRADE,74.18,0.073
2026-08-03 23:46:08,SOLUSDT,BINANCE,TRADE,74.18,0.073
2026-08-03 23:46:08,SOLUSDT,BINANCE,TRADE,74.18,0.1
2026-08-03 23:46:08,SOLUSDT,BINANCE,TRADE,74.18,0.135
2026-08-03 23:46:08,SOLUSDT,BINANCE,TRADE,74.18,0.07
2026-08-03 23:46:08,SOLUSDT,BINANCE,TRADE,74.18,0.073
2026-08-03 23:46:08,SOLUSDT,BINANCE,TRADE,74.18,0.073
2026-08-03 23:46:08,SOLUSDT,BINANCE,TRADE,74.18,0.073
2026-08-03 23:46:08,SOLUSDT,BINANCE,TRADE,74.18,2.695
2026-08-03 23:46:08,SOLUSDT,BINANCE,TRADE,74.18,0.073
2026-08-03 23:46:08,SOLUSDT,BINANCE,TRADE,74.18,0.073
2026-08-03 23:46:08,SOLUSDT,BINANCE,TRADE,74.18,0.073
2026-08-03 23:46:08,SOLUSDT,BINANCE,TRADE,74.18,0.071
2026-08-03 23:46:08,SOLUSDT,BINANCE,TRADE,74.18,0.071
2026-08-03 23:46:08,SOLUSDT,BINANCE,TRADE,74.18,0.07
2026-08-03 23:46:08,SOLUSDT,BINANCE,TRADE,74.18,0.073
2026-08-03 23:46:08,SOLUSDT,BINANCE,TRADE,74.18,0.073
2026-08-03 23:46:08,SOLUSDT,BINANCE,TRADE,74.18,0.071
2026-08-03 23:46:08,BTCUSDT,BINANCE,TRADE,63988,0.00019
2026-08-03 23:46:08,ETHUSDT,BINANCE,TRADE,1873.04,0.0063
2026-08-03 23:46:08,SOLUSDT,BINANCE,TRADE,74.18,0.16
2026-08-03 23:46:08,ETHUSDT,BINANCE,TRADE,1873.05,3.3515
2026-08-03 23:46:08,ETHUSDT,BINANCE,TRADE,1873.05,0.0027
2026-08-03 23:46:08,ETHUSDT,BINANCE,TRADE,1873.05,0.3927
2026-08-03 23:46:08,ETHUSDT,BINANCE,TRADE,1873.05,0.1871
2026-08-03 23:46:08,ETHUSDT,BINANCE,TRADE,1873.05,0.0449
2026-08-03 23:46:08,ETHUSDT,BINANCE,TRADE,1873.05,0.48
2026-08-03 23:46:08,ETHUSDT,BINANCE,TRADE,1873.05,0.0027
2026-08-03 23:46:08,ETHUSDT,BINANCE,TRADE,1873.05,0.0027
2026-08-03 23:46:08,ETHUSDT,BINANCE,TRADE,1873.05,0.0028
2026-08-03 23:46:08,ETHUSDT,BINANCE,TRADE,1873.05,0.0054
2026-08-03 23:46:08,ETHUSDT,BINANCE,TRADE,1873.05,0.0889
2026-08-03 23:46:08,ETHUSDT,BINANCE,TRADE,1873.05,0.0032
2026-08-03 23:46:08,ETHUSDT,BINANCE,TRADE,1873.05,0.0028
2026-08-03 23:46:08,ETHUSDT,BINANCE,TRADE,1873.05,0.0027
2026-08-03 23:46:08,ETHUSDT,BINANCE,TRADE,1873.05,0.0027
2026-08-03 23:46:08,ETHUSDT,BINANCE,TRADE,1873.05,0.0028
2026-08-03 23:46:08,ETHUSDT,BINANCE,TRADE,1873.05,0.0809
2026-08-03 23:46:08,ETHUSDT,BINANCE,TRADE,1873.05,0.0032
2026-08-03 23:46:08,ETHUSDT,BINANCE,TRADE,1873.05,0.0027
2026-08-03 23:46:08,ETHUSDT,BINANCE,TRADE,1873.05,0.0027
2026-08-03 23:46:08,ETHUSDT,BINANCE,TRADE,1873.05,0.0027
2026-08-03 23:46:08,ETHUSDT,BINANCE,TRADE,1873.05,0.0027
2026-08-03 23:46:08,ETHUSDT,BINANCE,TRADE,1873.05,0.0027
2026-08-03 23:46:08,ETHUSDT,BINANCE,TRADE,1873.05,0.0027
2026-08-03 23:46:08,ETHUSDT,BINANCE,TRADE,1873.05,0.0027
2026-08-03 23:46:08,ETHUSDT,BINANCE,TRADE,1873.05,0.0027
2026-08-03 23:46:08,ETHUSDT,BINANCE,TRADE,1873.06,0.0028
2026-08-03 23:46:08,ETHUSDT,BINANCE,TRADE,1873.06,0.0054
2026-08-03 23:46:08,ETHUSDT,BINANCE,TRADE,1873.06,0.0028
2026-08-03 23:46:08,ETHUSDT,BINANCE,TRADE,1873.07,0.0027
2026-08-03 23:46:08,ETHUSDT,BINANCE,TRADE,1873.07,0.0028
2026-08-03 23:46:08,ETHUSDT,BINANCE,TRADE,1873.07,0.0054
2026-08-03 23:46:08,ETHUSDT,BINANCE,TRADE,1873.07,0.0027
2026-08-03 23:46:08,ETHUSDT,BINANCE,TRADE,1873.07,0.0027
2026-08-03 23:46:08,ETHUSDT,BINANCE,TRADE,1873.07,0.0027
2026-08-03 23:46:08,ETHUSDT,BINANCE,TRADE,1873.07,0.0027
2026-08-03 23:46:08,ETHUSDT,BINANCE,TRADE,1873.08,0.003
2026-08-03 23:46:08,ETHUSDT,BINANCE,TRADE,1873.08,0.0028
2026-08-03 23:46:08,ETHUSDT,BINANCE,TRADE,1873.08,0.0028
2026-08-03 23:46:08,ETHUSDT,BINANCE,TRADE,1873.08,0.0027
2026-08-03 23:46:08,ETHUSDT,BINANCE,TRADE,1873.08,0.0032
2026-08-03 23:46:08,ETHUSDT,BINANCE,TRADE,1873.08,0.0032
2026-08-03 23:46:08,ETHUSDT,BINANCE,TRADE,1873.09,0.0028
2026-08-03 23:46:08,ETHUSDT,BINANCE,TRADE,1873.1,0.0028
2026-08-03 23:46:08,ETHUSDT,BINANCE,TRADE,1873.11,0.0027
2026-08-03 23:46:08,ETHUSDT,BINANCE,TRADE,1873.11,0.0028
2026-08-03 23:46:08,ETHUSDT,BINANCE,TRADE,1873.11,0.0027
2026-08-03 23:46:08,ETHUSDT,BINANCE,TRADE,1873.11,0.0027
2026-08-03 23:46:08,ETHUSDT,BINANCE,TRADE,1873.11,0.0027
2026-08-03 23:46:08,ETHUSDT,BINANCE,TRADE,1873.11,0.0027
2026-08-03 23:46:08,ETHUSDT,BINANCE,TRADE,1873.12,0.0027
2026-08-03 23:46:08,ETHUSDT,BINANCE,TRADE,1873.12,0.0028
2026-08-03 23:46:08,ETHUSDT,BINANCE,TRADE,1873.12,0.0027
2026-08-03 23:46:08,ETHUSDT,BINANCE,TRADE,1873.13,0.0027
2026-08-03 23:46:08,ETHUSDT,BINANCE,TRADE,1873.13,0.0028
2026-08-03 23:46:08,ETHUSDT,BINANCE,TRADE,1873.15,0.0028
2026-08-03 23:46:08,ETHUSDT,BINANCE,TRADE,1873.16,0.0027
2026-08-03 23:46:08,ETHUSDT,BINANCE,TRADE,1873.16,0.0029
2026-08-03 23:46:08,ETHUSDT,BINANCE,TRADE,1873.16,0.0029
2026-08-03 23:46:08,ETHUSDT,BINANCE,TRADE,1873.16,0.0027
2026-08-03 23:46:08,ETHUSDT,BINANCE,TRADE,1873.16,0.0029
2026-08-03 23:46:08,ETHUSDT,BINANCE,TRADE,1873.17,0.0027
2026-08-03 23:46:08,ETHUSDT,BINANCE,TRADE,1873.17,0.0027
2026-08-03 23:46:08,ETHUSDT,BINANCE,TRADE,1873.17,0.2563
2026-08-03 23:46:08,ETHUSDT,BINANCE,TRADE,1873.17,0.0027
2026-08-03 23:46:08,ETHUSDT,BINANCE,TRADE,1873.17,0.0028
2026-08-03 23:46:08,ETHUSDT,BINANCE,TRADE,1873.17,0.0028
2026-08-03 23:46:08,ETHUSDT,BINANCE,TRADE,1873.17,0.0032
2026-08-03 23:46:08,ETHUSDT,BINANCE,TRADE,1873.17,0.0027
2026-08-03 23:46:08,ETHUSDT,BINANCE,TRADE,1873.17,0.0028
2026-08-03 23:46:08,ETHUSDT,BINANCE,TRADE,1873.17,0.0028
2026-08-03 23:46:08,ETHUSDT,BINANCE,TRADE,1873.17,0.1245
2026-08-03 23:46:08,ETHUSDT,BINANCE,TRADE,1873.17,0.0028
2026-08-03 23:46:08,ETHUSDT,BINANCE,TRADE,1873.17,0.0032
2026-08-03 23:46:08,ETHUSDT,BINANCE,TRADE,1873.17,0.0028
2026-08-03 23:46:08,ETHUSDT,BINANCE,TRADE,1873.17,0.0029
2026-08-03 23:46:08,ETHUSDT,BINANCE,TRADE,1873.17,0.0029
2026-08-03 23:46:08,ETHUSDT,BINANCE,TRADE,1873.17,0.0029
2026-08-03 23:46:08,ETHUSDT,BINANCE,TRADE,1873.18,0.0028
2026-08-03 23:46:08,ETHUSDT,BINANCE,TRADE,1873.18,0.0028
2026-08-03 23:46:08,ETHUSDT,BINANCE,TRADE,1873.18,0.0028
2026-08-03 23:46:08,ETHUSDT,BINANCE,TRADE,1873.18,0.3501
2026-08-03 23:46:08,ETHUSDT,BINANCE,TRADE,1873.18,0.0028
2026-08-03 23:46:08,ETHUSDT,BINANCE,TRADE,1873.2,0.0027
2026-08-03 23:46:08,ETHUSDT,BINANCE,TRADE,1873.2,0.0027
2026-08-03 23:46:08,ETHUSDT,BINANCE,TRADE,1873.2,0.0027
2026-08-03 23:46:08,ETHUSDT,BINANCE,TRADE,1873.2,0.0028
2026-08-03 23:46:08,ETHUSDT,BINANCE,TRADE,1873.2,0.0027
2026-08-03 23:46:08,ETHUSDT,BINANCE,TRADE,1873.2,0.0027
2026-08-03 23:46:08,ETHUSDT,BINANCE,TRADE,1873.2,0.0027
2026-08-03 23:46:08,ETHUSDT,BINANCE,TRADE,1873.21,0.0028
2026-08-03 23:46:08,ETHUSDT,BINANCE,TRADE,1873.22,0.0027
2026-08-03 23:46:08,ETHUSDT,BINANCE,TRADE,1873.22,0.0028
2026-08-03 23:46:08,ETHUSDT,BINANCE,TRADE,1873.24,0.0028
2026-08-03 23:46:08,ETHUSDT,BINANCE,TRADE,1873.25,0.0028
2026-08-03 23:46:08,ETHUSDT,BINANCE,TRADE,1873.26,0.0027
2026-08-03 23:46:08,ETHUSDT,BINANCE,TRADE,1873.26,0.0028
2026-08-03 23:46:08,ETHUSDT,BINANCE,TRADE,1873.26,0.29
2026-08-03 23:46:08,ETHUSDT,BINANCE,TRADE,1873.26,0.0028
2026-08-03 23:46:08,ETHUSDT,BINANCE,TRADE,1873.26,0.0027
2026-08-03 23:46:08,ETHUSDT,BINANCE,TRADE,1873.27,0.0027
2026-08-03 23:46:08,ETHUSDT,BINANCE,TRADE,1873.27,0.0446
2026-08-03 23:46:08,ETHUSDT,BINANCE,TRADE,1873.27,0.0027
2026-08-03 23:46:08,ETHUSDT,BINANCE,TRADE,1873.27,0.0252
2026-08-03 23:46:08,ETHUSDT,BINANCE,TRADE,1873.27,0.0029
2026-08-03 23:46:08,ETHUSDT,BINANCE,TRADE,1873.27,0.0029
2026-08-03 23:46:08,ETHUSDT,BINANCE,TRADE,1873.27,0.0028
2026-08-03 23:46:08,ETHUSDT,BINANCE,TRADE,1873.27,0.0027
2026-08-03 23:46:08,ETHUSDT,BINANCE,TRADE,1873.27,0.0029
2026-08-03 23:46:08,ETHUSDT,BINANCE,TRADE,1873.27,0.0027
2026-08-03 23:46:08,ETHUSDT,BINANCE,TRADE,1873.27,0.0027
2026-08-03 23:46:08,ETHUSDT,BINANCE,TRADE,1873.27,0.0027
2026-08-03 23:46:08,SOLUSDT,BINANCE,TRADE,74.19,0.139
2026-08-03 23:46:08,SOLUSDT,BINANCE,TRADE,74.19,0.071
2026-08-03 23:46:08,SOLUSDT,BINANCE,TRADE,74.19,0.077
2026-08-03 23:46:08,SOLUSDT,BINANCE,TRADE,74.19,0.122
2026-08-03 23:46:08,SOLUSDT,BINANCE,TRADE,74.19,0.121
2026-08-03 23:46:08,SOLUSDT,BINANCE,TRADE,74.19,0.361
2026-08-03 23:46:08,SOLUSDT,BINANCE,TRADE,74.19,0.469
2026-08-03 23:46:08,SOLUSDT,BINANCE,TRADE,74.19,0.219
2026-08-03 23:46:08,SOLUSDT,BINANCE,TRADE,74.19,0.391
2026-08-03 23:46:08,SOLUSDT,BINANCE,TRADE,74.19,0.098
2026-08-03 23:46:08,SOLUSDT,BINANCE,TRADE,74.19,0.509
2026-08-03 23:46:08,SOLUSDT,BINANCE,TRADE,74.19,5.752
2026-08-03 23:46:08,SOLUSDT,BINANCE,TRADE,74.19,0.156
2026-08-03 23:46:08,SOLUSDT,BINANCE,TRADE,74.19,7.433
2026-08-03 23:46:08,SOLUSDT,BINANCE,TRADE,74.19,5.585
2026-08-03 23:46:08,SOLUSDT,BINANCE,TRADE,74.19,0.14
2026-08-03 23:46:08,SOLUSDT,BINANCE,TRADE,74.19,4.995
2026-08-03 23:46:08,SOLUSDT,BINANCE,TRADE,74.19,0.081
2026-08-03 23:46:08,SOLUSDT,BINANCE,TRADE,74.19,0.846
2026-08-03 23:46:08,SOLUSDT,BINANCE,TRADE,74.19,0.069
2026-08-03 23:46:08,SOLUSDT,BINANCE,TRADE,74.19,0.075
2026-08-03 23:46:08,SOLUSDT,BINANCE,TRADE,74.19,20
2026-08-03 23:46:08,SOLUSDT,BINANCE,TRADE,74.19,0.068
2026-08-03 23:46:08,SOLUSDT,BINANCE,TRADE,74.19,0.278
2026-08-03 23:46:08,SOLUSDT,BINANCE,TRADE,74.19,0.073
2026-08-03 23:46:08,SOLUSDT,BINANCE,TRADE,74.19,0.073
2026-08-03 23:46:08,SOLUSDT,BINANCE,TRADE,74.19,0.135
2026-08-03 23:46:08,SOLUSDT,BINANCE,TRADE,74.19,39.549
2026-08-03 23:46:08,SOLUSDT,BINANCE,TRADE,74.19,2.098
2026-08-03 23:46:08,SOLUSDT,BINANCE,TRADE,74.19,0.073
2026-08-03 23:46:08,SOLUSDT,BINANCE,TRADE,74.19,0.073
2026-08-03 23:46:08,SOLUSDT,BINANCE,TRADE,74.19,0.073
2026-08-03 23:46:08,SOLUSDT,BINANCE,TRADE,74.19,0.073
2026-08-03 23:46:08,SOLUSDT,BINANCE,TRADE,74.19,0.073
2026-08-03 23:46:08,SOLUSDT,BINANCE,TRADE,74.19,0.073
2026-08-03 23:46:08,SOLUSDT,BINANCE,TRADE,74.19,0.071
2026-08-03 23:46:08,SOLUSDT,BINANCE,TRADE,74.19,0.07
2026-08-03 23:46:08,SOLUSDT,BINANCE,TRADE,74.19,3.335
2026-08-03 23:46:08,SOLUSDT,BINANCE,TRADE,74.19,0.071
2026-08-03 23:46:08,SOLUSDT,BINANCE,TRADE,74.19,0.07
2026-08-03 23:46:08,SOLUSDT,BINANCE,TRADE,74.19,0.073
2026-08-03 23:46:08,SOLUSDT,BINANCE,TRADE,74.19,0.073
2026-08-03 23:46:08,SOLUSDT,BINANCE,TRADE,74.19,0.071
2026-08-03 23:46:09,SOLUSDT,BINANCE,TRADE,74.19,0.818
2026-08-03 23:46:10,ETHUSDT,BINANCE,TRADE,1873.28,0.0027
2026-08-03 23:46:10,ETHUSDT,BINANCE,TRADE,1873.28,0.0028
2026-08-03 23:46:10,ETHUSDT,BINANCE,TRADE,1873.28,0.0045
2026-08-03 23:46:10,ETHUSDT,BINANCE,TRADE,1873.28,0.0028
2026-08-03 23:46:10,ETHUSDT,BINANCE,TRADE,1873.28,0.0027
2026-08-03 23:46:10,ETHUSDT,BINANCE,TRADE,1873.28,0.0028
2026-08-03 23:46:10,ETHUSDT,BINANCE,TRADE,1873.28,0.0244
2026-08-03 23:46:10,SOLUSDT,BINANCE,TRADE,74.19,0.549
2026-08-03 23:46:10,SOLUSDT,BINANCE,TRADE,74.19,0.777
2026-08-03 23:46:10,ETHUSDT,BINANCE,TRADE,1873.27,0.0392
2026-08-03 23:46:10,SOLUSDT,BINANCE,TRADE,74.19,0.114
2026-08-03 23:46:10,ETHUSDT,BINANCE,TRADE,1873.28,0.0556
2026-08-03 23:46:10,ETHUSDT,BINANCE,TRADE,1873.28,0.0027
2026-08-03 23:46:10,ETHUSDT,BINANCE,TRADE,1873.28,0.0027
2026-08-03 23:46:10,ETHUSDT,BINANCE,TRADE,1873.28,0.0028
2026-08-03 23:46:10,ETHUSDT,BINANCE,TRADE,1873.28,0.2513
2026-08-03 23:46:11,SOLUSDT,BINANCE,TRADE,74.2,0.072
2026-08-03 23:46:11,SOLUSDT,BINANCE,TRADE,74.2,0.075
2026-08-03 23:46:11,SOLUSDT,BINANCE,TRADE,74.2,0.095
2026-08-03 23:46:11,SOLUSDT,BINANCE,TRADE,74.2,0.133
2026-08-03 23:46:11,SOLUSDT,BINANCE,TRADE,74.2,2.715
2026-08-03 23:46:11,SOLUSDT,BINANCE,TRADE,74.2,1.26
2026-08-03 23:46:11,SOLUSDT,BINANCE,TRADE,74.2,0.084
2026-08-03 23:46:11,SOLUSDT,BINANCE,TRADE,74.2,0.121
2026-08-03 23:46:11,SOLUSDT,BINANCE,TRADE,74.2,0.105
2026-08-03 23:46:11,SOLUSDT,BINANCE,TRADE,74.2,1.257
2026-08-03 23:46:11,SOLUSDT,BINANCE,TRADE,74.2,0.696
2026-08-03 23:46:11,SOLUSDT,BINANCE,TRADE,74.19,0.208
2026-08-03 23:46:11,SOLUSDT,BINANCE,TRADE,74.2,0.168
2026-08-03 23:46:11,SOLUSDT,BINANCE,TRADE,74.2,0.362
2026-08-03 23:46:11,SOLUSDT,BINANCE,TRADE,74.2,4.099
2026-08-03 23:46:11,SOLUSDT,BINANCE,TRADE,74.2,0.123
2026-08-03 23:46:11,SOLUSDT,BINANCE,TRADE,74.2,0.093
2026-08-03 23:46:11,SOLUSDT,BINANCE,TRADE,74.2,0.069
2026-08-03 23:46:11,SOLUSDT,BINANCE,TRADE,74.2,0.087
2026-08-03 23:46:11,SOLUSDT,BINANCE,TRADE,74.2,0.117
2026-08-03 23:46:11,SOLUSDT,BINANCE,TRADE,74.2,0.202
2026-08-03 23:46:11,SOLUSDT,BINANCE,TRADE,74.2,0.533
2026-08-03 23:46:11,SOLUSDT,BINANCE,TRADE,74.2,0.602
2026-08-03 23:46:11,SOLUSDT,BINANCE,TRADE,74.2,0.431
2026-08-03 23:46:11,SOLUSDT,BINANCE,TRADE,74.2,0.077
2026-08-03 23:46:11,SOLUSDT,BINANCE,TRADE,74.2,0.261
2026-08-03 23:46:11,SOLUSDT,BINANCE,TRADE,74.2,0.117
2026-08-03 23:46:11,SOLUSDT,BINANCE,TRADE,74.2,0.059
2026-08-03 23:46:11,SOLUSDT,BINANCE,TRADE,74.19,10
2026-08-03 23:46:11,ETHUSDT,BINANCE,TRADE,1873.28,0.003
2026-08-03 23:46:11,BTCUSDT,BINANCE,TRADE,63988,0.00906
2026-08-03 23:46:11,ETHUSDT,BINANCE,TRADE,1873.27,0.0481
2026-08-03 23:46:11,SOLUSDT,BINANCE,TRADE,74.19,0.976
2026-08-03 23:46:11,SOLUSDT,BINANCE,TRADE,74.19,0.419
2026-08-03 23:46:12,SOLUSDT,BINANCE,TRADE,74.19,1.712
2026-08-03 23:46:12,SOLUSDT,BINANCE,TRADE,74.19,0.068
2026-08-03 23:46:12,SOLUSDT,BINANCE,TRADE,74.19,0.278
2026-08-03 23:46:12,SOLUSDT,BINANCE,TRADE,74.19,0.073
2026-08-03 23:46:12,SOLUSDT,BINANCE,TRADE,74.19,0.073
2026-08-03 23:46:12,SOLUSDT,BINANCE,TRADE,74.19,0.073
2026-08-03 23:46:12,SOLUSDT,BINANCE,TRADE,74.19,0.135
2026-08-03 23:46:12,SOLUSDT,BINANCE,TRADE,74.19,0.073
2026-08-03 23:46:12,SOLUSDT,BINANCE,TRADE,74.19,0.073
2026-08-03 23:46:12,SOLUSDT,BINANCE,TRADE,74.19,0.073
2026-08-03 23:46:12,SOLUSDT,BINANCE,TRADE,74.19,0.073
2026-08-03 23:46:12,SOLUSDT,BINANCE,TRADE,74.19,0.073
2026-08-03 23:46:12,SOLUSDT,BINANCE,TRADE,74.19,0.734
2026-08-03 23:46:12,SOLUSDT,BINANCE,TRADE,74.19,0.262
2026-08-03 23:46:12,SOLUSDT,BINANCE,TRADE,74.19,1.982
2026-08-03 23:46:12,SOLUSDT,BINANCE,TRADE,74.19,1.708
2026-08-03 23:46:12,SOLUSDT,BINANCE,TRADE,74.19,3.147
2026-08-03 23:46:12,SOLUSDT,BINANCE,TRADE,74.19,0.071
2026-08-03 23:46:12,SOLUSDT,BINANCE,TRADE,74.19,0.07
2026-08-03 23:46:12,SOLUSDT,BINANCE,TRADE,74.19,0.073
2026-08-03 23:46:12,SOLUSDT,BINANCE,TRADE,74.19,0.073
2026-08-03 23:46:12,SOLUSDT,BINANCE,TRADE,74.19,0.068
2026-08-03 23:46:12,SOLUSDT,BINANCE,TRADE,74.19,0.073
2026-08-03 23:46:12,SOLUSDT,BINANCE,TRADE,74.19,0.073
2026-08-03 23:46:12,SOLUSDT,BINANCE,TRADE,74.19,0.073
2026-08-03 23:46:12,SOLUSDT,BINANCE,TRADE,74.19,0.073
2026-08-03 23:46:12,SOLUSDT,BINANCE,TRADE,74.19,0.135
2026-08-03 23:46:12,SOLUSDT,BINANCE,TRADE,74.19,0.073
2026-08-03 23:46:12,SOLUSDT,BINANCE,TRADE,74.19,0.073
2026-08-03 23:46:12,SOLUSDT,BINANCE,TRADE,74.19,1.763
2026-08-03 23:46:13,SOLUSDT,BINANCE,TRADE,74.19,0.797
2026-08-03 23:46:13,SOLUSDT,BINANCE,TRADE,74.19,8.273
2026-08-03 23:46:13,BTCUSDT,BINANCE,TRADE,63988,0.00094
2026-08-03 23:46:14,ETHUSDT,BINANCE,TRADE,1873.28,0.0723
2026-08-03 23:46:14,SOLUSDT,BINANCE,TRADE,74.18,1
2026-08-03 23:46:14,BTCUSDT,BINANCE,TRADE,63988,0.00141
2026-08-03 23:46:14,BTCUSDT,BINANCE,TRADE,63988,0.00116
2026-08-03 23:46:15,ETHUSDT,BINANCE,TRADE,1873.27,0.0027
2026-08-03 23:46:15,ETHUSDT,BINANCE,TRADE,1873.27,0.0003
2026-08-03 23:46:15,SOLUSDT,BINANCE,TRADE,74.18,0.068
2026-08-03 23:46:15,SOLUSDT,BINANCE,TRADE,74.18,0.073
2026-08-03 23:46:15,SOLUSDT,BINANCE,TRADE,74.18,0.073
2026-08-03 23:46:15,SOLUSDT,BINANCE,TRADE,74.18,0.278
2026-08-03 23:46:15,SOLUSDT,BINANCE,TRADE,74.18,0.135
2026-08-03 23:46:15,SOLUSDT,BINANCE,TRADE,74.18,0.069
2026-08-03 23:46:15,SOLUSDT,BINANCE,TRADE,74.18,0.068
2026-08-03 23:46:15,SOLUSDT,BINANCE,TRADE,74.18,0.073
2026-08-03 23:46:15,SOLUSDT,BINANCE,TRADE,74.18,0.073
2026-08-03 23:46:15,SOLUSDT,BINANCE,TRADE,74.18,0.073
2026-08-03 23:46:15,SOLUSDT,BINANCE,TRADE,74.18,0.073
2026-08-03 23:46:15,SOLUSDT,BINANCE,TRADE,74.18,0.073
2026-08-03 23:46:15,SOLUSDT,BINANCE,TRADE,74.18,0.073
2026-08-03 23:46:15,SOLUSDT,BINANCE,TRADE,74.18,0.071
2026-08-03 23:46:15,SOLUSDT,BINANCE,TRADE,74.18,0.07
2026-08-03 23:46:15,SOLUSDT,BINANCE,TRADE,74.18,0.265
2026-08-03 23:46:15,SOLUSDT,BINANCE,TRADE,74.18,0.503
2026-08-03 23:46:15,SOLUSDT,BINANCE,TRADE,74.18,0.07
2026-08-03 23:46:15,SOLUSDT,BINANCE,TRADE,74.18,0.073
2026-08-03 23:46:15,SOLUSDT,BINANCE,TRADE,74.18,0.073
2026-08-03 23:46:15,BTCUSDT,BINANCE,TRADE,63988,0.14244
2026-08-03 23:46:15,BTCUSDT,BINANCE,TRADE,63988,8e-05
2026-08-03 23:46:15,BTCUSDT,BINANCE,TRADE,63988,8e-05
2026-08-03 23:46:15,BTCUSDT,BINANCE,TRADE,63988,8e-05
2026-08-03 23:46:15,BTCUSDT,BINANCE,TRADE,63988,0.01935
2026-08-03 23:46:15,BTCUSDT,BINANCE,TRADE,63988,0.1
2026-08-03 23:46:15,BTCUSDT,BINANCE,TRADE,63988,0.007
2026-08-03 23:46:15,BTCUSDT,BINANCE,TRADE,63988,0.0001
2026-08-03 23:46:15,BTCUSDT,BINANCE,TRADE,63988,0.0026
2026-08-03 23:46:15,BTCUSDT,BINANCE,TRADE,63988,8e-05
2026-08-03 23:46:15,BTCUSDT,BINANCE,TRADE,63988,9e-05
2026-08-03 23:46:15,BTCUSDT,BINANCE,TRADE,63988,0.00016
2026-08-03 23:46:15,BTCUSDT,BINANCE,TRADE,63988,8e-05
2026-08-03 23:46:15,BTCUSDT,BINANCE,TRADE,63988,8e-05
2026-08-03 23:46:15,BTCUSDT,BINANCE,TRADE,63988,9e-05
2026-08-03 23:46:15,BTCUSDT,BINANCE,TRADE,63988,9e-05
2026-08-03 23:46:15,BTCUSDT,BINANCE,TRADE,63988,9e-05
2026-08-03 23:46:15,BTCUSDT,BINANCE,TRADE,63988,9e-05
2026-08-03 23:46:15,BTCUSDT,BINANCE,TRADE,63988,0.00187
2026-08-03 23:46:15,BTCUSDT,BINANCE,TRADE,63988,9e-05
2026-08-03 23:46:15,BTCUSDT,BINANCE,TRADE,63988,9e-05
2026-08-03 23:46:15,BTCUSDT,BINANCE,TRADE,63988,9e-05
2026-08-03 23:46:15,BTCUSDT,BINANCE,TRADE,63988,9e-05
2026-08-03 23:46:15,BTCUSDT,BINANCE,TRADE,63988,9e-05
2026-08-03 23:46:15,BTCUSDT,BINANCE,TRADE,63988,9e-05
2026-08-03 23:46:15,BTCUSDT,BINANCE,TRADE,63988,9e-05
2026-08-03 23:46:15,BTCUSDT,BINANCE,TRADE,63988,9e-05
2026-08-03 23:46:15,BTCUSDT,BINANCE,TRADE,63988,9e-05
2026-08-03 23:46:15,BTCUSDT,BINANCE,TRADE,63988,9e-05
2026-08-03 23:46:15,BTCUSDT,BINANCE,TRADE,63988,0.3
2026-08-03 23:46:15,BTCUSDT,BINANCE,TRADE,63988,9e-05
2026-08-03 23:46:15,BTCUSDT,BINANCE,TRADE,63988,9e-05
2026-08-03 23:46:15,BTCUSDT,BINANCE,TRADE,63988,8e-05
2026-08-03 23:46:15,BTCUSDT,BINANCE,TRADE,63988,8e-05
2026-08-03 23:46:15,BTCUSDT,BINANCE,TRADE,63988,8e-05
2026-08-03 23:46:15,BTCUSDT,BINANCE,TRADE,63988,8e-05
2026-08-03 23:46:15,BTCUSDT,BINANCE,TRADE,63988,8e-05
2026-08-03 23:46:15,BTCUSDT,BINANCE,TRADE,63988,8e-05
2026-08-03 23:46:15,BTCUSDT,BINANCE,TRADE,63988,8e-05
2026-08-03 23:46:15,BTCUSDT,BINANCE,TRADE,63988,8e-05
2026-08-03 23:46:15,BTCUSDT,BINANCE,TRADE,63988,8e-05
2026-08-03 23:46:15,BTCUSDT,BINANCE,TRADE,63988,8e-05
2026-08-03 23:46:15,BTCUSDT,BINANCE,TRADE,63988,8e-05
2026-08-03 23:46:15,BTCUSDT,BINANCE,TRADE,63988,8e-05
2026-08-03 23:46:15,BTCUSDT,BINANCE,TRADE,63988,8e-05
2026-08-03 23:46:15,BTCUSDT,BINANCE,TRADE,63988,8e-05
2026-08-03 23:46:15,BTCUSDT,BINANCE,TRADE,63988,9e-05
2026-08-03 23:46:15,BTCUSDT,BINANCE,TRADE,63988,9e-05
2026-08-03 23:46:15,BTCUSDT,BINANCE,TRADE,63988,0.00016
2026-08-03 23:46:15,BTCUSDT,BINANCE,TRADE,63988,9e-05
2026-08-03 23:46:15,BTCUSDT,BINANCE,TRADE,63988,9e-05
2026-08-03 23:46:15,BTCUSDT,BINANCE,TRADE,63988,9e-05
2026-08-03 23:46:15,BTCUSDT,BINANCE,TRADE,63988,9e-05
2026-08-03 23:46:15,BTCUSDT,BINANCE,TRADE,63988,9e-05
2026-08-03 23:46:15,BTCUSDT,BINANCE,TRADE,63988,9e-05
2026-08-03 23:46:15,BTCUSDT,BINANCE,TRADE,63988,9e-05
2026-08-03 23:46:15,BTCUSDT,BINANCE,TRADE,63988,9e-05
2026-08-03 23:46:15,BTCUSDT,BINANCE,TRADE,63988,0.00016
2026-08-03 23:46:15,BTCUSDT,BINANCE,TRADE,63987.9,9e-05
2026-08-03 23:46:15,BTCUSDT,BINANCE,TRADE,63987.9,9e-05
2026-08-03 23:46:15,BTCUSDT,BINANCE,TRADE,63987.9,9e-05
2026-08-03 23:46:15,BTCUSDT,BINANCE,TRADE,63987.9,0.01687
2026-08-03 23:46:15,BTCUSDT,BINANCE,TRADE,63987.9,9e-05
2026-08-03 23:46:15,BTCUSDT,BINANCE,TRADE,63987.9,9e-05
2026-08-03 23:46:15,ETHUSDT,BINANCE,TRADE,1873.27,0.0024
2026-08-03 23:46:15,ETHUSDT,BINANCE,TRADE,1873.27,0.0054
2026-08-03 23:46:15,ETHUSDT,BINANCE,TRADE,1873.27,0.0022
2026-08-03 23:46:15,ETHUSDT,BINANCE,TRADE,1873.27,0.0006
2026-08-03 23:46:15,ETHUSDT,BINANCE,TRADE,1873.27,0.0027
2026-08-03 23:46:15,ETHUSDT,BINANCE,TRADE,1873.27,0.0027
2026-08-03 23:46:15,ETHUSDT,BINANCE,TRADE,1873.27,0.0027
2026-08-03 23:46:15,ETHUSDT,BINANCE,TRADE,1873.27,0.0013
2026-08-03 23:46:15,ETHUSDT,BINANCE,TRADE,1873.27,0.0015
2026-08-03 23:46:15,ETHUSDT,BINANCE,TRADE,1873.27,0.0027
2026-08-03 23:46:15,ETHUSDT,BINANCE,TRADE,1873.27,0.0058
2026-08-03 23:46:15,ETHUSDT,BINANCE,TRADE,1873.27,0.01
2026-08-03 23:46:15,ETHUSDT,BINANCE,TRADE,1873.27,0.2321
2026-08-03 23:46:15,ETHUSDT,BINANCE,TRADE,1873.27,0.01
2026-08-03 23:46:15,ETHUSDT,BINANCE,TRADE,1873.27,0.01
2026-08-03 23:46:15,ETHUSDT,BINANCE,TRADE,1873.27,0.01
2026-08-03 23:46:15,ETHUSDT,BINANCE,TRADE,1873.27,0.01
2026-08-03 23:46:15,ETHUSDT,BINANCE,TRADE,1873.27,0.01
2026-08-03 23:46:15,BTCUSDT,BINANCE,TRADE,63986,9e-05
2026-08-03 23:46:15,BTCUSDT,BINANCE,TRADE,63986,9e-05
2026-08-03 23:46:15,BTCUSDT,BINANCE,TRADE,63986,9e-05
2026-08-03 23:46:15,BTCUSDT,BINANCE,TRADE,63986,9e-05
2026-08-03 23:46:15,BTCUSDT,BINANCE,TRADE,63986,9e-05
2026-08-03 23:46:15,BTCUSDT,BINANCE,TRADE,63986,8e-05
2026-08-03 23:46:15,BTCUSDT,BINANCE,TRADE,63986,0.02266
2026-08-03 23:46:15,BTCUSDT,BINANCE,TRADE,63986,8e-05
2026-08-03 23:46:15,BTCUSDT,BINANCE,TRADE,63986,9e-05
2026-08-03 23:46:15,BTCUSDT,BINANCE,TRADE,63986,8e-05
2026-08-03 23:46:15,BTCUSDT,BINANCE,TRADE,63986,8e-05
2026-08-03 23:46:15,BTCUSDT,BINANCE,TRADE,63986,0.002
2026-08-03 23:46:15,BTCUSDT,BINANCE,TRADE,63986,0.008
2026-08-03 23:46:15,BTCUSDT,BINANCE,TRADE,63986,0.005
2026-08-03 23:46:15,BTCUSDT,BINANCE,TRADE,63986,0.006
2026-08-03 23:46:15,BTCUSDT,BINANCE,TRADE,63986,9e-05
2026-08-03 23:46:15,BTCUSDT,BINANCE,TRADE,63986,9e-05
2026-08-03 23:46:15,BTCUSDT,BINANCE,TRADE,63985.4,9e-05
2026-08-03 23:46:15,BTCUSDT,BINANCE,TRADE,63985.4,9e-05
2026-08-03 23:46:15,BTCUSDT,BINANCE,TRADE,63985.4,9e-05
2026-08-03 23:46:15,BTCUSDT,BINANCE,TRADE,63985.4,0.0315
2026-08-03 23:46:15,ETHUSDT,BINANCE,TRADE,1873.27,0.1163
2026-08-03 23:46:15,ETHUSDT,BINANCE,TRADE,1873.27,0.0027
2026-08-03 23:46:15,ETHUSDT,BINANCE,TRADE,1873.27,0.0027
2026-08-03 23:46:15,ETHUSDT,BINANCE,TRADE,1873.27,0.0027
2026-08-03 23:46:15,ETHUSDT,BINANCE,TRADE,1873.27,0.0028
2026-08-03 23:46:15,ETHUSDT,BINANCE,TRADE,1873.27,0.0032
2026-08-03 23:46:15,ETHUSDT,BINANCE,TRADE,1873.27,0.0032
2026-08-03 23:46:15,ETHUSDT,BINANCE,TRADE,1873.27,0.0028
2026-08-03 23:46:15,ETHUSDT,BINANCE,TRADE,1873.27,0.0028
2026-08-03 23:46:15,ETHUSDT,BINANCE,TRADE,1873.27,0.0027
2026-08-03 23:46:15,ETHUSDT,BINANCE,TRADE,1873.27,0.0027
2026-08-03 23:46:15,ETHUSDT,BINANCE,TRADE,1873.27,0.0028
2026-08-03 23:46:15,ETHUSDT,BINANCE,TRADE,1873.27,0.0028
2026-08-03 23:46:15,ETHUSDT,BINANCE,TRADE,1873.27,0.0054
2026-08-03 23:46:15,ETHUSDT,BINANCE,TRADE,1873.27,0.0027
2026-08-03 23:46:15,ETHUSDT,BINANCE,TRADE,1873.27,0.0018
2026-08-03 23:46:15,ETHUSDT,BINANCE,TRADE,1873.27,0.0009
2026-08-03 23:46:15,ETHUSDT,BINANCE,TRADE,1873.27,0.0027
2026-08-03 23:46:15,ETHUSDT,BINANCE,TRADE,1873.27,0.0028
2026-08-03 23:46:15,ETHUSDT,BINANCE,TRADE,1873.27,0.0028
2026-08-03 23:46:15,ETHUSDT,BINANCE,TRADE,1873.27,0.0028
2026-08-03 23:46:15,ETHUSDT,BINANCE,TRADE,1873.27,0.0027
2026-08-03 23:46:15,ETHUSDT,BINANCE,TRADE,1873.27,0.0027
2026-08-03 23:46:15,ETHUSDT,BINANCE,TRADE,1873.27,0.0027
2026-08-03 23:46:15,ETHUSDT,BINANCE,TRADE,1873.26,0.0027
2026-08-03 23:46:15,ETHUSDT,BINANCE,TRADE,1873.26,0.0054
2026-08-03 23:46:15,ETHUSDT,BINANCE,TRADE,1873.26,0.0028
2026-08-03 23:46:15,ETHUSDT,BINANCE,TRADE,1873.26,0.0028
2026-08-03 23:46:15,ETHUSDT,BINANCE,TRADE,1873.26,0.0028
2026-08-03 23:46:15,ETHUSDT,BINANCE,TRADE,1873.26,0.0028
2026-08-03 23:46:15,ETHUSDT,BINANCE,TRADE,1873.25,0.0027
2026-08-03 23:46:15,ETHUSDT,BINANCE,TRADE,1873.25,0.0054
2026-08-03 23:46:15,ETHUSDT,BINANCE,TRADE,1873.25,0.0027
2026-08-03 23:46:15,ETHUSDT,BINANCE,TRADE,1873.25,0.0027
2026-08-03 23:46:15,ETHUSDT,BINANCE,TRADE,1873.25,0.0028
2026-08-03 23:46:15,ETHUSDT,BINANCE,TRADE,1873.25,0.0027
2026-08-03 23:46:15,ETHUSDT,BINANCE,TRADE,1873.25,0.0027
2026-08-03 23:46:15,ETHUSDT,BINANCE,TRADE,1873.25,0.0027
2026-08-03 23:46:15,ETHUSDT,BINANCE,TRADE,1873.25,0.0027
2026-08-03 23:46:15,ETHUSDT,BINANCE,TRADE,1873.25,0.0027
2026-08-03 23:46:15,ETHUSDT,BINANCE,TRADE,1873.25,0.0027
2026-08-03 23:46:15,ETHUSDT,BINANCE,TRADE,1873.25,0.0027
2026-08-03 23:46:15,ETHUSDT,BINANCE,TRADE,1873.25,0.0027
2026-08-03 23:46:15,BTCUSDT,BINANCE,TRADE,63985.4,0.026
2026-08-03 23:46:15,BTCUSDT,BINANCE,TRADE,63985.4,0.026
2026-08-03 23:46:15,ETHUSDT,BINANCE,TRADE,1873.24,0.0028
2026-08-03 23:46:15,ETHUSDT,BINANCE,TRADE,1873.24,0.0027
2026-08-03 23:46:15,ETHUSDT,BINANCE,TRADE,1873.24,0.0027
2026-08-03 23:46:15,ETHUSDT,BINANCE,TRADE,1873.24,0.0032
2026-08-03 23:46:15,ETHUSDT,BINANCE,TRADE,1873.24,0.0032
2026-08-03 23:46:15,ETHUSDT,BINANCE,TRADE,1873.24,0.0027
2026-08-03 23:46:15,ETHUSDT,BINANCE,TRADE,1873.24,0.0027
2026-08-03 23:46:15,ETHUSDT,BINANCE,TRADE,1873.23,0.0028
2026-08-03 23:46:15,BTCUSDT,BINANCE,TRADE,63985.4,0.01
2026-08-03 23:46:15,BTCUSDT,BINANCE,TRADE,63985.4,0.026
2026-08-03 23:46:15,BTCUSDT,BINANCE,TRADE,63985.4,0.012
2026-08-03 23:46:15,BTCUSDT,BINANCE,TRADE,63985.4,0.003
2026-08-03 23:46:15,BTCUSDT,BINANCE,TRADE,63985.4,0.01
2026-08-03 23:46:15,BTCUSDT,BINANCE,TRADE,63985.4,0.01
2026-08-03 23:46:15,BTCUSDT,BINANCE,TRADE,63985.4,0.001
2026-08-03 23:46:15,BTCUSDT,BINANCE,TRADE,63985.4,0.01
2026-08-03 23:46:15,BTCUSDT,BINANCE,TRADE,63985.4,0.01
2026-08-03 23:46:15,BTCUSDT,BINANCE,TRADE,63985.4,0.01
2026-08-03 23:46:15,ETHUSDT,BINANCE,TRADE,1873.22,0.0028
2026-08-03 23:46:15,ETHUSDT,BINANCE,TRADE,1873.22,0.0027
2026-08-03 23:46:15,ETHUSDT,BINANCE,TRADE,1873.22,0.0028
2026-08-03 23:46:15,ETHUSDT,BINANCE,TRADE,1873.22,0.0028
2026-08-03 23:46:15,ETHUSDT,BINANCE,TRADE,1873.22,0.0032
2026-08-03 23:46:15,ETHUSDT,BINANCE,TRADE,1873.22,0.0028
2026-08-03 23:46:15,ETHUSDT,BINANCE,TRADE,1873.22,0.0032
2026-08-03 23:46:15,ETHUSDT,BINANCE,TRADE,1873.22,0.0028
2026-08-03 23:46:15,ETHUSDT,BINANCE,TRADE,1873.22,0.0028
2026-08-03 23:46:15,ETHUSDT,BINANCE,TRADE,1873.22,0.0027
2026-08-03 23:46:15,BTCUSDT,BINANCE,TRADE,63985.4,0.00494
2026-08-03 23:46:15,BTCUSDT,BINANCE,TRADE,63985.4,9e-05
2026-08-03 23:46:15,BTCUSDT,BINANCE,TRADE,63985.4,9e-05
2026-08-03 23:46:15,BTCUSDT,BINANCE,TRADE,63985.4,9e-05
2026-08-03 23:46:15,BTCUSDT,BINANCE,TRADE,63985.4,9e-05
2026-08-03 23:46:15,BTCUSDT,BINANCE,TRADE,63985.4,8e-05
2026-08-03 23:46:15,BTCUSDT,BINANCE,TRADE,63985.4,9e-05
2026-08-03 23:46:15,BTCUSDT,BINANCE,TRADE,63985.4,9e-05
2026-08-03 23:46:15,BTCUSDT,BINANCE,TRADE,63985.4,9e-05
2026-08-03 23:46:15,BTCUSDT,BINANCE,TRADE,63985.4,9e-05
2026-08-03 23:46:15,BTCUSDT,BINANCE,TRADE,63985.4,9e-05
2026-08-03 23:46:15,BTCUSDT,BINANCE,TRADE,63985.4,0.00417
2026-08-03 23:46:15,BTCUSDT,BINANCE,TRADE,63985.4,0.01
2026-08-03 23:46:15,BTCUSDT,BINANCE,TRADE,63985.4,0.00849
2026-08-03 23:46:15,BTCUSDT,BINANCE,TRADE,63985.4,9e-05
2026-08-03 23:46:15,BTCUSDT,BINANCE,TRADE,63985.4,9e-05
2026-08-03 23:46:15,BTCUSDT,BINANCE,TRADE,63985.4,9e-05
2026-08-03 23:46:15,BTCUSDT,BINANCE,TRADE,63985.4,9e-05
2026-08-03 23:46:15,BTCUSDT,BINANCE,TRADE,63985.4,9e-05
2026-08-03 23:46:15,BTCUSDT,BINANCE,TRADE,63985.4,9e-05
2026-08-03 23:46:15,BTCUSDT,BINANCE,TRADE,63985.4,9e-05
2026-08-03 23:46:15,BTCUSDT,BINANCE,TRADE,63985.4,9e-05
2026-08-03 23:46:15,BTCUSDT,BINANCE,TRADE,63985.4,9e-05
2026-08-03 23:46:15,BTCUSDT,BINANCE,TRADE,63985.4,8e-05
2026-08-03 23:46:15,BTCUSDT,BINANCE,TRADE,63985.4,8e-05
2026-08-03 23:46:15,BTCUSDT,BINANCE,TRADE,63985.4,8e-05
2026-08-03 23:46:15,BTCUSDT,BINANCE,TRADE,63985.4,9e-05
2026-08-03 23:46:15,BTCUSDT,BINANCE,TRADE,63985.4,9e-05
2026-08-03 23:46:15,BTCUSDT,BINANCE,TRADE,63985.4,9e-05
2026-08-03 23:46:15,BTCUSDT,BINANCE,TRADE,63985.4,9e-05
2026-08-03 23:46:15,BTCUSDT,BINANCE,TRADE,63985.4,9e-05
2026-08-03 23:46:15,BTCUSDT,BINANCE,TRADE,63985.4,9e-05
2026-08-03 23:46:15,BTCUSDT,BINANCE,TRADE,63985.4,9e-05
2026-08-03 23:46:15,BTCUSDT,BINANCE,TRADE,63985.4,9e-05
2026-08-03 23:46:15,BTCUSDT,BINANCE,TRADE,63985.4,9e-05
2026-08-03 23:46:15,BTCUSDT,BINANCE,TRADE,63985.4,9e-05
2026-08-03 23:46:15,BTCUSDT,BINANCE,TRADE,63985.3,8e-05
2026-08-03 23:46:15,BTCUSDT,BINANCE,TRADE,63985.3,8e-05
2026-08-03 23:46:15,BTCUSDT,BINANCE,TRADE,63984.7,8e-05
2026-08-03 23:46:15,BTCUSDT,BINANCE,TRADE,63984.7,8e-05
2026-08-03 23:46:15,BTCUSDT,BINANCE,TRADE,63984.7,8e-05
2026-08-03 23:46:15,BTCUSDT,BINANCE,TRADE,63984.7,8e-05
2026-08-03 23:46:15,BTCUSDT,BINANCE,TRADE,63984.7,8e-05
2026-08-03 23:46:15,BTCUSDT,BINANCE,TRADE,63984.2,9e-05
2026-08-03 23:46:15,BTCUSDT,BINANCE,TRADE,63984.2,9e-05
2026-08-03 23:46:15,BTCUSDT,BINANCE,TRADE,63984.2,9e-05
2026-08-03 23:46:15,BTCUSDT,BINANCE,TRADE,63984,9e-05
2026-08-03 23:46:15,BTCUSDT,BINANCE,TRADE,63984,9e-05
2026-08-03 23:46:15,BTCUSDT,BINANCE,TRADE,63984,9e-05
2026-08-03 23:46:15,BTCUSDT,BINANCE,TRADE,63984,8e-05
2026-08-03 23:46:15,BTCUSDT,BINANCE,TRADE,63984,0.002
2026-08-03 23:46:15,BTCUSDT,BINANCE,TRADE,63984,0.005
2026-08-03 23:46:15,BTCUSDT,BINANCE,TRADE,63984,0.006
2026-08-03 23:46:15,BTCUSDT,BINANCE,TRADE,63984,0.00138
2026-08-03 23:46:15,BTCUSDT,BINANCE,TRADE,63984,0.003
2026-08-03 23:46:15,BTCUSDT,BINANCE,TRADE,63984,0.003
2026-08-03 23:46:15,BTCUSDT,BINANCE,TRADE,63984,0.00062
2026-08-03 23:46:15,BTCUSDT,BINANCE,TRADE,63984,9e-05
2026-08-03 23:46:15,BTCUSDT,BINANCE,TRADE,63984,9e-05
2026-08-03 23:46:15,BTCUSDT,BINANCE,TRADE,63984,9e-05
2026-08-03 23:46:15,BTCUSDT,BINANCE,TRADE,63984,9e-05
2026-08-03 23:46:15,BTCUSDT,BINANCE,TRADE,63984,8e-05
2026-08-03 23:46:15,BTCUSDT,BINANCE,TRADE,63984,9e-05
2026-08-03 23:46:15,BTCUSDT,BINANCE,TRADE,63984,9e-05
2026-08-03 23:46:15,BTCUSDT,BINANCE,TRADE,63984,0.02476
2026-08-03 23:46:15,BTCUSDT,BINANCE,TRADE,63984,0.24274
2026-08-03 23:46:15,BTCUSDT,BINANCE,TRADE,63984,9e-05
2026-08-03 23:46:15,BTCUSDT,BINANCE,TRADE,63984,8e-05
2026-08-03 23:46:15,BTCUSDT,BINANCE,TRADE,63984,9e-05
2026-08-03 23:46:15,BTCUSDT,BINANCE,TRADE,63984,9e-05
2026-08-03 23:46:15,BTCUSDT,BINANCE,TRADE,63984,8e-05
2026-08-03 23:46:15,BTCUSDT,BINANCE,TRADE,63984,8e-05
2026-08-03 23:46:15,ETHUSDT,BINANCE,TRADE,1873.21,0.0028
2026-08-03 23:46:15,ETHUSDT,BINANCE,TRADE,1873.21,0.0028
2026-08-03 23:46:15,ETHUSDT,BINANCE,TRADE,1873.21,0.0028
2026-08-03 23:46:15,ETHUSDT,BINANCE,TRADE,1873.21,0.0027
2026-08-03 23:46:15,ETHUSDT,BINANCE,TRADE,1873.21,0.0028
2026-08-03 23:46:15,ETHUSDT,BINANCE,TRADE,1873.21,0.0032
2026-08-03 23:46:15,ETHUSDT,BINANCE,TRADE,1873.21,0.0032
2026-08-03 23:46:15,ETHUSDT,BINANCE,TRADE,1873.21,0.0028
2026-08-03 23:46:15,ETHUSDT,BINANCE,TRADE,1873.21,0.0028
2026-08-03 23:46:15,ETHUSDT,BINANCE,TRADE,1873.21,0.0027
2026-08-03 23:46:15,ETHUSDT,BINANCE,TRADE,1873.21,0.0028
2026-08-03 23:46:15,ETHUSDT,BINANCE,TRADE,1873.21,0.0028
2026-08-03 23:46:15,ETHUSDT,BINANCE,TRADE,1873.21,0.0027
2026-08-03 23:46:15,ETHUSDT,BINANCE,TRADE,1873.21,0.0028
2026-08-03 23:46:15,ETHUSDT,BINANCE,TRADE,1873.21,0.0027
2026-08-03 23:46:15,ETHUSDT,BINANCE,TRADE,1873.21,0.0027
2026-08-03 23:46:15,ETHUSDT,BINANCE,TRADE,1873.21,0.0027
2026-08-03 23:46:15,ETHUSDT,BINANCE,TRADE,1873.21,0.0027
2026-08-03 23:46:15,ETHUSDT,BINANCE,TRADE,1873.2,0.0028
2026-08-03 23:46:15,ETHUSDT,BINANCE,TRADE,1873.2,0.0028
2026-08-03 23:46:15,ETHUSDT,BINANCE,TRADE,1873.2,0.0028
2026-08-03 23:46:15,ETHUSDT,BINANCE,TRADE,1873.2,0.0028
2026-08-03 23:46:15,ETHUSDT,BINANCE,TRADE,1873.19,0.0028
2026-08-03 23:46:15,ETHUSDT,BINANCE,TRADE,1873.19,0.0028
2026-08-03 23:46:15,ETHUSDT,BINANCE,TRADE,1873.18,0.0028
2026-08-03 23:46:15,ETHUSDT,BINANCE,TRADE,1873.17,0.0027
2026-08-03 23:46:15,ETHUSDT,BINANCE,TRADE,1873.17,0.0029
2026-08-03 23:46:15,ETHUSDT,BINANCE,TRADE,1873.17,0.0029
2026-08-03 23:46:15,ETHUSDT,BINANCE,TRADE,1873.17,0.0028
2026-08-03 23:46:15,ETHUSDT,BINANCE,TRADE,1873.17,0.0029
2026-08-03 23:46:15,SOLUSDT,BINANCE,TRADE,74.17,0.068
2026-08-03 23:46:15,SOLUSDT,BINANCE,TRADE,74.17,0.278
2026-08-03 23:46:15,SOLUSDT,BINANCE,TRADE,74.17,0.073
2026-08-03 23:46:15,SOLUSDT,BINANCE,TRADE,74.17,0.073
2026-08-03 23:46:15,SOLUSDT,BINANCE,TRADE,74.17,0.135
2026-08-03 23:46:15,SOLUSDT,BINANCE,TRADE,74.17,33.592
2026-08-03 23:46:15,SOLUSDT,BINANCE,TRADE,74.17,0.102
2026-08-03 23:46:15,SOLUSDT,BINANCE,TRADE,74.17,0.069
2026-08-03 23:46:15,SOLUSDT,BINANCE,TRADE,74.17,0.081
2026-08-03 23:46:15,SOLUSDT,BINANCE,TRADE,74.17,0.075
2026-08-03 23:46:15,SOLUSDT,BINANCE,TRADE,74.17,0.07
2026-08-03 23:46:15,SOLUSDT,BINANCE,TRADE,74.17,0.071
2026-08-03 23:46:15,SOLUSDT,BINANCE,TRADE,74.17,0.073
2026-08-03 23:46:15,SOLUSDT,BINANCE,TRADE,74.17,0.073
2026-08-03 23:46:15,SOLUSDT,BINANCE,TRADE,74.17,0.073
2026-08-03 23:46:15,SOLUSDT,BINANCE,TRADE,74.17,0.073
2026-08-03 23:46:15,SOLUSDT,BINANCE,TRADE,74.17,0.073
2026-08-03 23:46:15,SOLUSDT,BINANCE,TRADE,74.17,0.073
2026-08-03 23:46:15,SOLUSDT,BINANCE,TRADE,74.17,0.216
2026-08-03 23:46:15,SOLUSDT,BINANCE,TRADE,74.17,0.073
2026-08-03 23:46:15,SOLUSDT,BINANCE,TRADE,74.17,0.073
2026-08-03 23:46:15,SOLUSDT,BINANCE,TRADE,74.16,1.367
2026-08-03 23:46:15,BTCUSDT,BINANCE,TRADE,63984,0.01533
2026-08-03 23:46:15,BTCUSDT,BINANCE,TRADE,63984,0.06467
2026-08-03 23:46:15,BTCUSDT,BINANCE,TRADE,63984,0.02019
2026-08-03 23:46:15,ETHUSDT,BINANCE,TRADE,1873.16,0.0027
2026-08-03 23:46:15,ETHUSDT,BINANCE,TRADE,1873.16,0.0027
2026-08-03 23:46:15,ETHUSDT,BINANCE,TRADE,1873.16,0.0046
2026-08-03 23:46:15,ETHUSDT,BINANCE,TRADE,1873.16,0.01
2026-08-03 23:46:15,ETHUSDT,BINANCE,TRADE,1873.16,0.01
2026-08-03 23:46:15,ETHUSDT,BINANCE,TRADE,1873.16,0.01
2026-08-03 23:46:15,ETHUSDT,BINANCE,TRADE,1873.16,0.089
2026-08-03 23:46:15,ETHUSDT,BINANCE,TRADE,1873.16,0.0027
2026-08-03 23:46:15,ETHUSDT,BINANCE,TRADE,1873.16,0.0027
2026-08-03 23:46:15,ETHUSDT,BINANCE,TRADE,1873.16,0.0028
2026-08-03 23:46:15,ETHUSDT,BINANCE,TRADE,1873.16,0.4395
2026-08-03 23:46:15,ETHUSDT,BINANCE,TRADE,1873.16,0.01
2026-08-03 23:46:15,ETHUSDT,BINANCE,TRADE,1873.16,0.01
2026-08-03 23:46:15,ETHUSDT,BINANCE,TRADE,1873.16,0.01
2026-08-03 23:46:15,ETHUSDT,BINANCE,TRADE,1873.16,0.01
2026-08-03 23:46:15,ETHUSDT,BINANCE,TRADE,1873.16,0.01
2026-08-03 23:46:15,ETHUSDT,BINANCE,TRADE,1873.16,0.01
2026-08-03 23:46:15,ETHUSDT,BINANCE,TRADE,1873.16,0.01
2026-08-03 23:46:15,ETHUSDT,BINANCE,TRADE,1873.16,0.01
2026-08-03 23:46:15,ETHUSDT,BINANCE,TRADE,1873.16,0.01
2026-08-03 23:46:15,ETHUSDT,BINANCE,TRADE,1873.16,0.01
2026-08-03 23:46:15,ETHUSDT,BINANCE,TRADE,1873.16,0.0865
2026-08-03 23:46:15,ETHUSDT,BINANCE,TRADE,1873.16,0.0028
2026-08-03 23:46:15,ETHUSDT,BINANCE,TRADE,1873.16,0.0027
2026-08-03 23:46:15,ETHUSDT,BINANCE,TRADE,1873.16,0.0028
2026-08-03 23:46:15,ETHUSDT,BINANCE,TRADE,1873.16,0.0028
2026-08-03 23:46:15,ETHUSDT,BINANCE,TRADE,1873.16,0.0028
2026-08-03 23:46:15,ETHUSDT,BINANCE,TRADE,1873.16,0.0028
2026-08-03 23:46:15,ETHUSDT,BINANCE,TRADE,1873.16,0.2516
2026-08-03 23:46:15,ETHUSDT,BINANCE,TRADE,1873.16,0.01
2026-08-03 23:46:15,ETHUSDT,BINANCE,TRADE,1873.16,0.01
2026-08-03 23:46:15,ETHUSDT,BINANCE,TRADE,1873.16,0.01
2026-08-03 23:46:15,ETHUSDT,BINANCE,TRADE,1873.16,0.01
2026-08-03 23:46:15,ETHUSDT,BINANCE,TRADE,1873.16,0.01
2026-08-03 23:46:15,ETHUSDT,BINANCE,TRADE,1873.16,0.01
2026-08-03 23:46:15,ETHUSDT,BINANCE,TRADE,1873.16,0.01
2026-08-03 23:46:15,ETHUSDT,BINANCE,TRADE,1873.16,0.01
2026-08-03 23:46:15,ETHUSDT,BINANCE,TRADE,1873.16,0.01
2026-08-03 23:46:15,ETHUSDT,BINANCE,TRADE,1873.16,0.01
2026-08-03 23:46:15,ETHUSDT,BINANCE,TRADE,1873.16,0.0151
2026-08-03 23:46:15,ETHUSDT,BINANCE,TRADE,1873.16,0.0028
2026-08-03 23:46:15,ETHUSDT,BINANCE,TRADE,1873.16,0.0027
2026-08-03 23:46:15,ETHUSDT,BINANCE,TRADE,1873.16,0.0027
2026-08-03 23:46:15,ETHUSDT,BINANCE,TRADE,1873.16,0.0027
2026-08-03 23:46:15,ETHUSDT,BINANCE,TRADE,1873.16,0.0027
2026-08-03 23:46:15,ETHUSDT,BINANCE,TRADE,1873.16,0.0028
2026-08-03 23:46:15,ETHUSDT,BINANCE,TRADE,1873.16,0.0028
2026-08-03 23:46:15,ETHUSDT,BINANCE,TRADE,1873.16,0.0028
2026-08-03 23:46:15,ETHUSDT,BINANCE,TRADE,1873.16,0.0027
2026-08-03 23:46:15,ETHUSDT,BINANCE,TRADE,1873.16,0.0027
2026-08-03 23:46:15,ETHUSDT,BINANCE,TRADE,1873.16,0.0027
2026-08-03 23:46:15,ETHUSDT,BINANCE,TRADE,1873.16,0.0027
2026-08-03 23:46:15,ETHUSDT,BINANCE,TRADE,1873.16,0.0027
2026-08-03 23:46:15,ETHUSDT,BINANCE,TRADE,1873.16,0.0027
2026-08-03 23:46:15,ETHUSDT,BINANCE,TRADE,1873.15,0.0028
2026-08-03 23:46:15,ETHUSDT,BINANCE,TRADE,1873.15,0.0028
2026-08-03 23:46:15,ETHUSDT,BINANCE,TRADE,1873.15,0.0028
2026-08-03 23:46:15,ETHUSDT,BINANCE,TRADE,1873.15,0.0028
2026-08-03 23:46:15,ETHUSDT,BINANCE,TRADE,1873.14,0.0027
2026-08-03 23:46:15,ETHUSDT,BINANCE,TRADE,1873.14,0.0028
2026-08-03 23:46:15,ETHUSDT,BINANCE,TRADE,1873.14,0.0027
2026-08-03 23:46:15,ETHUSDT,BINANCE,TRADE,1873.14,0.0027
2026-08-03 23:46:15,ETHUSDT,BINANCE,TRADE,1873.12,0.0027
2026-08-03 23:46:15,ETHUSDT,BINANCE,TRADE,1873.12,0.0028
2026-08-03 23:46:15,ETHUSDT,BINANCE,TRADE,1873.12,0.0029
2026-08-03 23:46:15,ETHUSDT,BINANCE,TRADE,1873.12,0.0029
2026-08-03 23:46:15,ETHUSDT,BINANCE,TRADE,1873.12,0.0027
2026-08-03 23:46:15,ETHUSDT,BINANCE,TRADE,1873.12,0.0029
2026-08-03 23:46:15,ETHUSDT,BINANCE,TRADE,1873.11,0.0028
2026-08-03 23:46:15,ETHUSDT,BINANCE,TRADE,1873.11,0.827
2026-08-03 23:46:15,ETHUSDT,BINANCE,TRADE,1873.11,0.0029
2026-08-03 23:46:15,ETHUSDT,BINANCE,TRADE,1873.11,0.0029
2026-08-03 23:46:15,ETHUSDT,BINANCE,TRADE,1873.11,0.0029
2026-08-03 23:46:15,ETHUSDT,BINANCE,TRADE,1873.1,0.0028
2026-08-03 23:46:15,ETHUSDT,BINANCE,TRADE,1873.1,0.0027
2026-08-03 23:46:15,ETHUSDT,BINANCE,TRADE,1873.1,0.0028
2026-08-03 23:46:15,ETHUSDT,BINANCE,TRADE,1873.1,0.0017
2026-08-03 23:46:15,ETHUSDT,BINANCE,TRADE,1873.1,0.001
2026-08-03 23:46:15,ETHUSDT,BINANCE,TRADE,1873.1,0.0028
2026-08-03 23:46:15,ETHUSDT,BINANCE,TRADE,1873.1,0.0028
2026-08-03 23:46:15,ETHUSDT,BINANCE,TRADE,1873.1,0.0028
2026-08-03 23:46:15,ETHUSDT,BINANCE,TRADE,1873.1,0.0006
2026-08-03 23:46:15,ETHUSDT,BINANCE,TRADE,1873.1,0.0022
2026-08-03 23:46:15,ETHUSDT,BINANCE,TRADE,1873.1,0.0028
2026-08-03 23:46:15,ETHUSDT,BINANCE,TRADE,1873.1,0.0028
2026-08-03 23:46:15,ETHUSDT,BINANCE,TRADE,1873.1,0.0022
2026-08-03 23:46:15,ETHUSDT,BINANCE,TRADE,1873.1,0.0006
2026-08-03 23:46:15,ETHUSDT,BINANCE,TRADE,1873.1,0.0028
2026-08-03 23:46:15,ETHUSDT,BINANCE,TRADE,1873.1,0.0028
2026-08-03 23:46:15,ETHUSDT,BINANCE,TRADE,1873.1,0.0027
2026-08-03 23:46:15,ETHUSDT,BINANCE,TRADE,1873.1,0.0011
2026-08-03 23:46:15,ETHUSDT,BINANCE,TRADE,1873.1,0.0016
2026-08-03 23:46:15,ETHUSDT,BINANCE,TRADE,1873.1,0.0027
2026-08-03 23:46:15,ETHUSDT,BINANCE,TRADE,1873.1,0.0027
2026-08-03 23:46:15,ETHUSDT,BINANCE,TRADE,1873.1,0.0027
2026-08-03 23:46:15,ETHUSDT,BINANCE,TRADE,1873.1,0.0027
2026-08-03 23:46:15,ETHUSDT,BINANCE,TRADE,1873.1,0.0027
2026-08-03 23:46:15,ETHUSDT,BINANCE,TRADE,1873.1,0.0027
2026-08-03 23:46:15,ETHUSDT,BINANCE,TRADE,1873.09,0.0028
2026-08-03 23:46:15,ETHUSDT,BINANCE,TRADE,1873.09,0.0028
2026-08-03 23:46:15,ETHUSDT,BINANCE,TRADE,1873.09,0.0028
2026-08-03 23:46:15,ETHUSDT,BINANCE,TRADE,1873.09,0.0028
2026-08-03 23:46:15,ETHUSDT,BINANCE,TRADE,1873.08,0.0027
2026-08-03 23:46:15,ETHUSDT,BINANCE,TRADE,1873.08,0.0029
2026-08-03 23:46:15,ETHUSDT,BINANCE,TRADE,1873.08,0.0029
2026-08-03 23:46:15,ETHUSDT,BINANCE,TRADE,1873.08,0.0028
2026-08-03 23:46:15,ETHUSDT,BINANCE,TRADE,1873.08,0.0027
2026-08-03 23:46:15,ETHUSDT,BINANCE,TRADE,1873.08,0.0029
2026-08-03 23:46:15,ETHUSDT,BINANCE,TRADE,1873.08,0.0027
2026-08-03 23:46:15,ETHUSDT,BINANCE,TRADE,1873.07,0.0027
2026-08-03 23:46:15,ETHUSDT,BINANCE,TRADE,1873.07,0.0027
2026-08-03 23:46:15,ETHUSDT,BINANCE,TRADE,1873.07,0.0004
2026-08-03 23:46:15,ETHUSDT,BINANCE,TRADE,1873.07,0.0023
2026-08-03 23:46:15,ETHUSDT,BINANCE,TRADE,1873.07,0.0077
2026-08-03 23:46:15,ETHUSDT,BINANCE,TRADE,1873.07,0.01
2026-08-03 23:46:15,ETHUSDT,BINANCE,TRADE,1873.07,0.01
2026-08-03 23:46:15,ETHUSDT,BINANCE,TRADE,1873.07,0.01
2026-08-03 23:46:15,ETHUSDT,BINANCE,TRADE,1873.07,0.01
2026-08-03 23:46:15,ETHUSDT,BINANCE,TRADE,1873.07,0.01
2026-08-03 23:46:15,ETHUSDT,BINANCE,TRADE,1873.07,0.01
2026-08-03 23:46:15,ETHUSDT,BINANCE,TRADE,1873.07,0.01
2026-08-03 23:46:15,ETHUSDT,BINANCE,TRADE,1873.07,0.5763
2026-08-03 23:46:15,ETHUSDT,BINANCE,TRADE,1873.07,0.01
2026-08-03 23:46:15,ETHUSDT,BINANCE,TRADE,1873.07,0.01
2026-08-03 23:46:15,ETHUSDT,BINANCE,TRADE,1873.07,0.01
2026-08-03 23:46:15,ETHUSDT,BINANCE,TRADE,1873.07,0.01
2026-08-03 23:46:15,ETHUSDT,BINANCE,TRADE,1873.07,0.01
2026-08-03 23:46:15,ETHUSDT,BINANCE,TRADE,1873.07,0.01
2026-08-03 23:46:15,ETHUSDT,BINANCE,TRADE,1873.07,0.0547
2026-08-03 23:46:15,ETHUSDT,BINANCE,TRADE,1873.07,0.0028
2026-08-03 23:46:15,ETHUSDT,BINANCE,TRADE,1873.07,0.0027
2026-08-03 23:46:15,ETHUSDT,BINANCE,TRADE,1873.07,0.0027
2026-08-03 23:46:15,ETHUSDT,BINANCE,TRADE,1873.07,0.0027
2026-08-03 23:46:15,ETHUSDT,BINANCE,TRADE,1873.07,0.0028
2026-08-03 23:46:15,ETHUSDT,BINANCE,TRADE,1873.07,0.0032
2026-08-03 23:46:15,ETHUSDT,BINANCE,TRADE,1873.07,0.0032
2026-08-03 23:46:15,ETHUSDT,BINANCE,TRADE,1873.07,0.0028
2026-08-03 23:46:15,ETHUSDT,BINANCE,TRADE,1873.07,0.0027
2026-08-03 23:46:15,ETHUSDT,BINANCE,TRADE,1873.07,0.0028
2026-08-03 23:46:15,ETHUSDT,BINANCE,TRADE,1873.07,0.0028
2026-08-03 23:46:15,ETHUSDT,BINANCE,TRADE,1873.07,0.0028
2026-08-03 23:46:15,ETHUSDT,BINANCE,TRADE,1873.07,0.0028
2026-08-03 23:46:15,ETHUSDT,BINANCE,TRADE,1873.07,0.0028
2026-08-03 23:46:15,ETHUSDT,BINANCE,TRADE,1873.07,0.0027
2026-08-03 23:46:15,ETHUSDT,BINANCE,TRADE,1873.07,0.0027
2026-08-03 23:46:15,ETHUSDT,BINANCE,TRADE,1873.07,0.0027
2026-08-03 23:46:15,ETHUSDT,BINANCE,TRADE,1873.07,0.0027
2026-08-03 23:46:15,ETHUSDT,BINANCE,TRADE,1873.07,0.0027
2026-08-03 23:46:15,ETHUSDT,BINANCE,TRADE,1873.07,0.0027
2026-08-03 23:46:15,ETHUSDT,BINANCE,TRADE,1873.07,0.0027
2026-08-03 23:46:15,ETHUSDT,BINANCE,TRADE,1873.07,0.0027
2026-08-03 23:46:15,ETHUSDT,BINANCE,TRADE,1873.07,0.0027
2026-08-03 23:46:15,ETHUSDT,BINANCE,TRADE,1873.06,0.0041
2026-08-03 23:46:15,ETHUSDT,BINANCE,TRADE,1873.06,0.0028
2026-08-03 23:46:15,ETHUSDT,BINANCE,TRADE,1873.06,0.0028
2026-08-03 23:46:15,ETHUSDT,BINANCE,TRADE,1873.06,0.0028
2026-08-03 23:46:15,ETHUSDT,BINANCE,TRADE,1873.06,0.0028
2026-08-03 23:46:15,ETHUSDT,BINANCE,TRADE,1873.06,0.5447
2026-08-03 23:46:15,ETHUSDT,BINANCE,TRADE,1873.05,0.0027
2026-08-03 23:46:15,ETHUSDT,BINANCE,TRADE,1873.05,0.0029
2026-08-03 23:46:15,ETHUSDT,BINANCE,TRADE,1873.05,0.0029
2026-08-03 23:46:15,ETHUSDT,BINANCE,TRADE,1873.05,0.0028
2026-08-03 23:46:15,ETHUSDT,BINANCE,TRADE,1873.05,0.0029
2026-08-03 23:46:15,BTCUSDT,BINANCE,TRADE,63984,0.006
2026-08-03 23:46:15,BTCUSDT,BINANCE,TRADE,63984,0.004
2026-08-03 23:46:15,BTCUSDT,BINANCE,TRADE,63984,0.003
2026-08-03 23:46:15,ETHUSDT,BINANCE,TRADE,1873.04,0.0027
2026-08-03 23:46:15,ETHUSDT,BINANCE,TRADE,1873.04,0.0027
2026-08-03 23:46:15,ETHUSDT,BINANCE,TRADE,1873.04,0.0027
2026-08-03 23:46:15,ETHUSDT,BINANCE,TRADE,1873.04,0.0027
2026-08-03 23:46:15,ETHUSDT,BINANCE,TRADE,1873.04,0.0889
2026-08-03 23:46:15,ETHUSDT,BINANCE,TRADE,1873.04,0.0919
2026-08-03 23:46:15,ETHUSDT,BINANCE,TRADE,1873.04,0.0028
2026-08-03 23:46:15,ETHUSDT,BINANCE,TRADE,1873.04,0.0032
2026-08-03 23:46:15,ETHUSDT,BINANCE,TRADE,1873.04,0.0032
2026-08-03 23:46:15,ETHUSDT,BINANCE,TRADE,1873.04,0.0027
2026-08-03 23:46:15,ETHUSDT,BINANCE,TRADE,1873.04,0.0028
2026-08-03 23:46:15,ETHUSDT,BINANCE,TRADE,1873.04,0.0028
2026-08-03 23:46:15,ETHUSDT,BINANCE,TRADE,1873.04,0.0028
2026-08-03 23:46:15,ETHUSDT,BINANCE,TRADE,1873.04,0.0028
2026-08-03 23:46:15,ETHUSDT,BINANCE,TRADE,1873.04,0.0028
2026-08-03 23:46:15,ETHUSDT,BINANCE,TRADE,1873.04,0.0027
2026-08-03 23:46:15,ETHUSDT,BINANCE,TRADE,1873.04,0.0027
2026-08-03 23:46:15,ETHUSDT,BINANCE,TRADE,1873.04,0.0027
2026-08-03 23:46:15,ETHUSDT,BINANCE,TRADE,1873.04,0.0027
2026-08-03 23:46:15,ETHUSDT,BINANCE,TRADE,1873.04,0.0027
2026-08-03 23:46:15,ETHUSDT,BINANCE,TRADE,1873.04,0.0027
2026-08-03 23:46:15,ETHUSDT,BINANCE,TRADE,1873.04,0.0027
2026-08-03 23:46:15,ETHUSDT,BINANCE,TRADE,1873.04,0.0027
2026-08-03 23:46:15,ETHUSDT,BINANCE,TRADE,1873.04,0.0027
2026-08-03 23:46:15,ETHUSDT,BINANCE,TRADE,1873.04,0.0027
2026-08-03 23:46:15,ETHUSDT,BINANCE,TRADE,1873.04,0.0027
2026-08-03 23:46:15,ETHUSDT,BINANCE,TRADE,1873.04,0.0027
2026-08-03 23:46:15,ETHUSDT,BINANCE,TRADE,1873.04,0.0027
2026-08-03 23:46:15,ETHUSDT,BINANCE,TRADE,1873.04,0.0027
2026-08-03 23:46:15,ETHUSDT,BINANCE,TRADE,1873.04,0.0027
2026-08-03 23:46:15,ETHUSDT,BINANCE,TRADE,1873.04,0.0027
2026-08-03 23:46:15,ETHUSDT,BINANCE,TRADE,1873.03,0.0028
2026-08-03 23:46:15,ETHUSDT,BINANCE,TRADE,1873.03,0.0028
2026-08-03 23:46:15,ETHUSDT,BINANCE,TRADE,1873.03,0.0028
2026-08-03 23:46:15,ETHUSDT,BINANCE,TRADE,1873.03,0.0028
2026-08-03 23:46:15,ETHUSDT,BINANCE,TRADE,1873.02,0.0028
2026-08-03 23:46:15,BTCUSDT,BINANCE,TRADE,63984,0.037
2026-08-03 23:46:15,BTCUSDT,BINANCE,TRADE,63984,0.06514
2026-08-03 23:46:15,BTCUSDT,BINANCE,TRADE,63984,0.01486
2026-08-03 23:46:15,BTCUSDT,BINANCE,TRADE,63984,0.008
2026-08-03 23:46:15,BTCUSDT,BINANCE,TRADE,63984,0.10647
2026-08-03 23:46:15,BTCUSDT,BINANCE,TRADE,63984,0.13598
2026-08-03 23:46:15,BTCUSDT,BINANCE,TRADE,63984,0.03469
2026-08-03 23:46:15,BTCUSDT,BINANCE,TRADE,63984,8e-05
2026-08-03 23:46:15,BTCUSDT,BINANCE,TRADE,63984,8e-05
2026-08-03 23:46:15,BTCUSDT,BINANCE,TRADE,63984,9e-05
2026-08-03 23:46:15,BTCUSDT,BINANCE,TRADE,63984,9e-05
2026-08-03 23:46:15,BTCUSDT,BINANCE,TRADE,63984,9e-05
2026-08-03 23:46:15,BTCUSDT,BINANCE,TRADE,63984,9e-05
2026-08-03 23:46:15,BTCUSDT,BINANCE,TRADE,63984,9e-05
2026-08-03 23:46:15,BTCUSDT,BINANCE,TRADE,63984,9e-05
2026-08-03 23:46:15,BTCUSDT,BINANCE,TRADE,63984,9e-05
2026-08-03 23:46:15,BTCUSDT,BINANCE,TRADE,63984,9e-05
2026-08-03 23:46:15,BTCUSDT,BINANCE,TRADE,63984,9e-05
2026-08-03 23:46:15,BTCUSDT,BINANCE,TRADE,63984,9e-05
2026-08-03 23:46:15,BTCUSDT,BINANCE,TRADE,63984,9e-05
2026-08-03 23:46:15,BTCUSDT,BINANCE,TRADE,63984,8e-05
2026-08-03 23:46:15,BTCUSDT,BINANCE,TRADE,63984,8e-05
2026-08-03 23:46:15,BTCUSDT,BINANCE,TRADE,63984,9e-05
2026-08-03 23:46:15,BTCUSDT,BINANCE,TRADE,63984,9e-05
2026-08-03 23:46:15,BTCUSDT,BINANCE,TRADE,63984,9e-05
2026-08-03 23:46:15,BTCUSDT,BINANCE,TRADE,63984,9e-05
2026-08-03 23:46:15,BTCUSDT,BINANCE,TRADE,63984,8e-05
2026-08-03 23:46:15,BTCUSDT,BINANCE,TRADE,63984,8e-05
2026-08-03 23:46:15,BTCUSDT,BINANCE,TRADE,63984,8e-05
2026-08-03 23:46:15,BTCUSDT,BINANCE,TRADE,63984,8e-05
2026-08-03 23:46:15,BTCUSDT,BINANCE,TRADE,63984,8e-05
2026-08-03 23:46:15,BTCUSDT,BINANCE,TRADE,63984,8e-05
2026-08-03 23:46:15,BTCUSDT,BINANCE,TRADE,63984,8e-05
2026-08-03 23:46:15,BTCUSDT,BINANCE,TRADE,63984,8e-05
2026-08-03 23:46:15,BTCUSDT,BINANCE,TRADE,63984,8e-05
2026-08-03 23:46:15,BTCUSDT,BINANCE,TRADE,63984,8e-05
2026-08-03 23:46:15,BTCUSDT,BINANCE,TRADE,63984,8e-05
2026-08-03 23:46:15,BTCUSDT,BINANCE,TRADE,63984,9e-05
2026-08-03 23:46:15,BTCUSDT,BINANCE,TRADE,63984,9e-05
2026-08-03 23:46:15,BTCUSDT,BINANCE,TRADE,63984,9e-05
2026-08-03 23:46:15,BTCUSDT,BINANCE,TRADE,63984,9e-05
2026-08-03 23:46:15,BTCUSDT,BINANCE,TRADE,63984,9e-05
2026-08-03 23:46:15,BTCUSDT,BINANCE,TRADE,63984,9e-05
2026-08-03 23:46:15,BTCUSDT,BINANCE,TRADE,63984,9e-05
2026-08-03 23:46:15,BTCUSDT,BINANCE,TRADE,63984,9e-05
2026-08-03 23:46:15,BTCUSDT,BINANCE,TRADE,63984,9e-05
2026-08-03 23:46:15,BTCUSDT,BINANCE,TRADE,63983.6,0.01191
2026-08-03 23:46:15,BTCUSDT,BINANCE,TRADE,63983.3,8e-05
2026-08-03 23:46:15,BTCUSDT,BINANCE,TRADE,63983.3,9e-05
2026-08-03 23:46:15,BTCUSDT,BINANCE,TRADE,63983.3,9e-05
2026-08-03 23:46:15,BTCUSDT,BINANCE,TRADE,63983.3,8e-05
2026-08-03 23:46:15,BTCUSDT,BINANCE,TRADE,63983.3,9e-05
2026-08-03 23:46:15,BTCUSDT,BINANCE,TRADE,63983.3,8e-05
2026-08-03 23:46:15,BTCUSDT,BINANCE,TRADE,63983.3,8e-05
2026-08-03 23:46:15,BTCUSDT,BINANCE,TRADE,63983.3,8e-05
2026-08-03 23:46:15,BTCUSDT,BINANCE,TRADE,63983.2,8e-05
2026-08-03 23:46:15,BTCUSDT,BINANCE,TRADE,63983.2,0.01417
2026-08-03 23:46:15,BTCUSDT,BINANCE,TRADE,63983.2,9e-05
2026-08-03 23:46:15,BTCUSDT,BINANCE,TRADE,63983.2,9e-05
2026-08-03 23:46:15,BTCUSDT,BINANCE,TRADE,63983.2,9e-05
2026-08-03 23:46:15,BTCUSDT,BINANCE,TRADE,63983.2,9e-05
2026-08-03 23:46:15,BTCUSDT,BINANCE,TRADE,63983.2,9e-05
2026-08-03 23:46:15,BTCUSDT,BINANCE,TRADE,63983.2,8e-05
2026-08-03 23:46:15,BTCUSDT,BINANCE,TRADE,63983.2,9e-05
2026-08-03 23:46:15,BTCUSDT,BINANCE,TRADE,63983.2,9e-05
2026-08-03 23:46:15,BTCUSDT,BINANCE,TRADE,63983.2,9e-05
2026-08-03 23:46:15,BTCUSDT,BINANCE,TRADE,63983.2,9e-05
2026-08-03 23:46:15,BTCUSDT,BINANCE,TRADE,63983.2,8e-05
2026-08-03 23:46:15,BTCUSDT,BINANCE,TRADE,63983.2,9e-05
2026-08-03 23:46:15,BTCUSDT,BINANCE,TRADE,63983.2,9e-05
2026-08-03 23:46:15,BTCUSDT,BINANCE,TRADE,63983.2,9e-05
2026-08-03 23:46:15,BTCUSDT,BINANCE,TRADE,63983.2,9e-05
2026-08-03 23:46:15,BTCUSDT,BINANCE,TRADE,63983.2,9e-05
2026-08-03 23:46:15,BTCUSDT,BINANCE,TRADE,63983.2,8e-05
2026-08-03 23:46:15,BTCUSDT,BINANCE,TRADE,63983.2,8e-05
2026-08-03 23:46:15,BTCUSDT,BINANCE,TRADE,63983.2,8e-05
2026-08-03 23:46:15,BTCUSDT,BINANCE,TRADE,63983.2,8e-05
2026-08-03 23:46:15,BTCUSDT,BINANCE,TRADE,63983.2,8e-05
2026-08-03 23:46:15,BTCUSDT,BINANCE,TRADE,63983.2,9e-05
2026-08-03 23:46:15,BTCUSDT,BINANCE,TRADE,63983.2,9e-05
2026-08-03 23:46:15,BTCUSDT,BINANCE,TRADE,63983.2,9e-05
2026-08-03 23:46:15,BTCUSDT,BINANCE,TRADE,63983.2,9e-05
2026-08-03 23:46:15,BTCUSDT,BINANCE,TRADE,63983.2,9e-05
2026-08-03 23:46:15,BTCUSDT,BINANCE,TRADE,63983.2,9e-05
2026-08-03 23:46:15,BTCUSDT,BINANCE,TRADE,63983.2,9e-05
2026-08-03 23:46:15,BTCUSDT,BINANCE,TRADE,63983.2,9e-05
2026-08-03 23:46:15,BTCUSDT,BINANCE,TRADE,63983.2,9e-05
2026-08-03 23:46:15,BTCUSDT,BINANCE,TRADE,63982.9,8e-05
2026-08-03 23:46:15,BTCUSDT,BINANCE,TRADE,63982.9,8e-05
2026-08-03 23:46:15,BTCUSDT,BINANCE,TRADE,63982.8,8e-05
2026-08-03 23:46:15,BTCUSDT,BINANCE,TRADE,63982.6,9e-05
2026-08-03 23:46:15,BTCUSDT,BINANCE,TRADE,63982.6,9e-05
2026-08-03 23:46:15,BTCUSDT,BINANCE,TRADE,63982.6,9e-05
2026-08-03 23:46:15,BTCUSDT,BINANCE,TRADE,63982.5,8e-05
2026-08-03 23:46:15,BTCUSDT,BINANCE,TRADE,63982.5,8e-05
2026-08-03 23:46:15,BTCUSDT,BINANCE,TRADE,63982.5,9e-05
2026-08-03 23:46:15,BTCUSDT,BINANCE,TRADE,63982.5,8e-05
2026-08-03 23:46:15,BTCUSDT,BINANCE,TRADE,63982.5,9e-05
2026-08-03 23:46:15,BTCUSDT,BINANCE,TRADE,63982.5,9e-05
2026-08-03 23:46:15,BTCUSDT,BINANCE,TRADE,63982.5,9e-05
2026-08-03 23:46:15,BTCUSDT,BINANCE,TRADE,63982.5,9e-05
2026-08-03 23:46:15,BTCUSDT,BINANCE,TRADE,63982.5,9e-05
2026-08-03 23:46:15,BTCUSDT,BINANCE,TRADE,63982.5,9e-05
2026-08-03 23:46:15,BTCUSDT,BINANCE,TRADE,63982.5,8e-05
2026-08-03 23:46:15,BTCUSDT,BINANCE,TRADE,63982.5,9e-05
2026-08-03 23:46:15,BTCUSDT,BINANCE,TRADE,63982.5,9e-05
2026-08-03 23:46:15,BTCUSDT,BINANCE,TRADE,63982.5,8e-05
2026-08-03 23:46:15,BTCUSDT,BINANCE,TRADE,63982.5,8e-05
2026-08-03 23:46:15,BTCUSDT,BINANCE,TRADE,63982.5,9e-05
2026-08-03 23:46:15,BTCUSDT,BINANCE,TRADE,63982.5,9e-05
2026-08-03 23:46:15,BTCUSDT,BINANCE,TRADE,63982.5,9e-05
2026-08-03 23:46:15,BTCUSDT,BINANCE,TRADE,63982.5,9e-05
2026-08-03 23:46:15,BTCUSDT,BINANCE,TRADE,63982.5,9e-05
2026-08-03 23:46:15,BTCUSDT,BINANCE,TRADE,63982.5,9e-05
2026-08-03 23:46:15,BTCUSDT,BINANCE,TRADE,63982.5,9e-05
2026-08-03 23:46:15,BTCUSDT,BINANCE,TRADE,63982.5,9e-05
2026-08-03 23:46:15,BTCUSDT,BINANCE,TRADE,63982.5,9e-05
2026-08-03 23:46:15,BTCUSDT,BINANCE,TRADE,63982,9e-05
2026-08-03 23:46:15,BTCUSDT,BINANCE,TRADE,63982,9e-05
2026-08-03 23:46:15,BTCUSDT,BINANCE,TRADE,63982,9e-05
2026-08-03 23:46:15,SOLUSDT,BINANCE,TRADE,74.16,2.353
2026-08-03 23:46:15,BTCUSDT,BINANCE,TRADE,63982,0.00079
2026-08-03 23:46:15,BTCUSDT,BINANCE,TRADE,63982,0.00957
2026-08-03 23:46:15,SOLUSDT,BINANCE,TRADE,74.17,1.197
2026-08-03 23:46:16,BTCUSDT,BINANCE,TRADE,63982,0.002
2026-08-03 23:46:16,BTCUSDT,BINANCE,TRADE,63982,0.00023
2026-08-03 23:46:16,BTCUSDT,BINANCE,TRADE,63982,0.00245
2026-08-03 23:46:16,BTCUSDT,BINANCE,TRADE,63982,0.01533
2026-08-03 23:46:16,BTCUSDT,BINANCE,TRADE,63982,0.00113
2026-08-03 23:46:16,BTCUSDT,BINANCE,TRADE,63982,0.00011
2026-08-03 23:46:16,BTCUSDT,BINANCE,TRADE,63982,0.00431
2026-08-03 23:46:16,BTCUSDT,BINANCE,TRADE,63982,0.005
2026-08-03 23:46:16,BTCUSDT,BINANCE,TRADE,63982,0.006
2026-08-03 23:46:16,BTCUSDT,BINANCE,TRADE,63982,8e-05
2026-08-03 23:46:16,BTCUSDT,BINANCE,TRADE,63982,8e-05
2026-08-03 23:46:16,BTCUSDT,BINANCE,TRADE,63982,9e-05
2026-08-03 23:46:16,BTCUSDT,BINANCE,TRADE,63982,0.01044
2026-08-03 23:46:16,BTCUSDT,BINANCE,TRADE,63982,0.012
2026-08-03 23:46:16,BTCUSDT,BINANCE,TRADE,63982,0.003
2026-08-03 23:46:16,BTCUSDT,BINANCE,TRADE,63982,0.01
2026-08-03 23:46:16,BTCUSDT,BINANCE,TRADE,63982,0.01
2026-08-03 23:46:16,BTCUSDT,BINANCE,TRADE,63982,0.01
2026-08-03 23:46:16,BTCUSDT,BINANCE,TRADE,63982,0.01581
2026-08-03 23:46:16,SOLUSDT,BINANCE,TRADE,74.16,0.865
2026-08-03 23:46:16,SOLUSDT,BINANCE,TRADE,74.16,0.117
2026-08-03 23:46:16,BTCUSDT,BINANCE,TRADE,63982,0.00016
2026-08-03 23:46:17,BTCUSDT,BINANCE,TRADE,63982,0.026
2026-08-03 23:46:17,BTCUSDT,BINANCE,TRADE,63982,0.026
2026-08-03 23:46:17,BTCUSDT,BINANCE,TRADE,63982,0.026
2026-08-03 23:46:17,BTCUSDT,BINANCE,TRADE,63982,0.01
2026-08-03 23:46:17,BTCUSDT,BINANCE,TRADE,63982,0.01
2026-08-03 23:46:17,BTCUSDT,BINANCE,TRADE,63982,0.01
2026-08-03 23:46:17,BTCUSDT,BINANCE,TRADE,63982,0.001
2026-08-03 23:46:17,BTCUSDT,BINANCE,TRADE,63982,0.026
2026-08-03 23:46:17,BTCUSDT,BINANCE,TRADE,63982,0.01
2026-08-03 23:46:17,BTCUSDT,BINANCE,TRADE,63982,0.01
2026-08-03 23:46:17,BTCUSDT,BINANCE,TRADE,63982,0.003
2026-08-03 23:46:17,BTCUSDT,BINANCE,TRADE,63982,0.00011
2026-08-03 23:46:17,BTCUSDT,BINANCE,TRADE,63982,0.02371
2026-08-03 23:46:18,SOLUSDT,BINANCE,TRADE,74.17,0.073
2026-08-03 23:46:18,SOLUSDT,BINANCE,TRADE,74.17,0.073
2026-08-03 23:46:18,SOLUSDT,BINANCE,TRADE,74.17,0.073
2026-08-03 23:46:18,SOLUSDT,BINANCE,TRADE,74.17,0.073
2026-08-03 23:46:18,SOLUSDT,BINANCE,TRADE,74.17,0.073
2026-08-03 23:46:18,SOLUSDT,BINANCE,TRADE,74.17,0.073
2026-08-03 23:46:18,SOLUSDT,BINANCE,TRADE,74.17,0.073
2026-08-03 23:46:18,SOLUSDT,BINANCE,TRADE,74.17,0.073
2026-08-03 23:46:18,SOLUSDT,BINANCE,TRADE,74.17,0.135
2026-08-03 23:46:18,SOLUSDT,BINANCE,TRADE,74.17,4.442
2026-08-03 23:46:18,SOLUSDT,BINANCE,TRADE,74.17,0.278
2026-08-03 23:46:18,SOLUSDT,BINANCE,TRADE,74.17,0.218
2026-08-03 23:46:18,SOLUSDT,BINANCE,TRADE,74.17,2.727
2026-08-03 23:46:18,SOLUSDT,BINANCE,TRADE,74.17,3
2026-08-03 23:46:18,SOLUSDT,BINANCE,TRADE,74.17,0.071
2026-08-03 23:46:18,SOLUSDT,BINANCE,TRADE,74.17,0.07
2026-08-03 23:46:18,SOLUSDT,BINANCE,TRADE,74.17,0.073
2026-08-03 23:46:18,SOLUSDT,BINANCE,TRADE,74.17,0.073
2026-08-03 23:46:18,ETHUSDT,BINANCE,TRADE,1873.01,0.0028
2026-08-03 23:46:18,ETHUSDT,BINANCE,TRADE,1873.01,1.3663
2026-08-03 23:46:18,SOLUSDT,BINANCE,TRADE,74.18,1.163
2026-08-03 23:46:19,BTCUSDT,BINANCE,TRADE,63982,9e-05
2026-08-03 23:46:19,ETHUSDT,BINANCE,TRADE,1873.01,0.4588
2026-08-03 23:46:19,ETHUSDT,BINANCE,TRADE,1873.01,0.0027
2026-08-03 23:46:19,ETHUSDT,BINANCE,TRADE,1873.01,0.0027
2026-08-03 23:46:19,ETHUSDT,BINANCE,TRADE,1873.01,0.0027
2026-08-03 23:46:19,ETHUSDT,BINANCE,TRADE,1873.01,0.0027
2026-08-03 23:46:19,ETHUSDT,BINANCE,TRADE,1873.01,0.0028
2026-08-03 23:46:19,ETHUSDT,BINANCE,TRADE,1873.01,0.0276
2026-08-03 23:46:19,SOLUSDT,BINANCE,TRADE,74.18,7.48
2026-08-03 23:46:20,BTCUSDT,BINANCE,TRADE,63982,0.00107
2026-08-03 23:46:20,SOLUSDT,BINANCE,TRADE,74.17,0.927
2026-08-03 23:46:20,ETHUSDT,BINANCE,TRADE,1873.01,0.0113
2026-08-03 23:46:20,SOLUSDT,BINANCE,TRADE,74.18,4.924
2026-08-03 23:46:20,SOLUSDT,BINANCE,TRADE,74.18,0.071
2026-08-03 23:46:20,SOLUSDT,BINANCE,TRADE,74.18,0.071
2026-08-03 23:46:20,SOLUSDT,BINANCE,TRADE,74.18,0.073
2026-08-03 23:46:20,SOLUSDT,BINANCE,TRADE,74.18,0.073
2026-08-03 23:46:20,SOLUSDT,BINANCE,TRADE,74.18,0.135
2026-08-03 23:46:20,SOLUSDT,BINANCE,TRADE,74.18,0.278
2026-08-03 23:46:20,SOLUSDT,BINANCE,TRADE,74.18,0.102
2026-08-03 23:46:20,SOLUSDT,BINANCE,TRADE,74.18,0.069
2026-08-03 23:46:20,SOLUSDT,BINANCE,TRADE,74.18,4.803
2026-08-03 23:46:20,SOLUSDT,BINANCE,TRADE,74.18,46.881
2026-08-03 23:46:20,SOLUSDT,BINANCE,TRADE,74.18,20.6
2026-08-03 23:46:20,SOLUSDT,BINANCE,TRADE,74.18,0.073
2026-08-03 23:46:20,SOLUSDT,BINANCE,TRADE,74.18,0.073
2026-08-03 23:46:20,SOLUSDT,BINANCE,TRADE,74.18,0.073
2026-08-03 23:46:20,SOLUSDT,BINANCE,TRADE,74.18,0.073
2026-08-03 23:46:20,SOLUSDT,BINANCE,TRADE,74.18,33.694
2026-08-03 23:46:20,SOLUSDT,BINANCE,TRADE,74.18,2.373
2026-08-03 23:46:20,SOLUSDT,BINANCE,TRADE,74.18,0.073
2026-08-03 23:46:20,SOLUSDT,BINANCE,TRADE,74.18,0.073
2026-08-03 23:46:20,SOLUSDT,BINANCE,TRADE,74.18,0.07
2026-08-03 23:46:20,SOLUSDT,BINANCE,TRADE,74.18,0.227
2026-08-03 23:46:20,SOLUSDT,BINANCE,TRADE,74.18,0.078
2026-08-03 23:46:20,BTCUSDT,BINANCE,TRADE,63982,0.0001
2026-08-03 23:46:20,BTCUSDT,BINANCE,TRADE,63982,0.01
2026-08-03 23:46:20,ETHUSDT,BINANCE,TRADE,1873.01,0.003
2026-08-03 23:46:20,BTCUSDT,BINANCE,TRADE,63982,0.0027
2026-08-03 23:46:20,BTCUSDT,BINANCE,TRADE,63982,0.00159
2026-08-03 23:46:20,BTCUSDT,BINANCE,TRADE,63982,0.0552
2026-08-03 23:46:20,BTCUSDT,BINANCE,TRADE,63982,9e-05
2026-08-03 23:46:20,BTCUSDT,BINANCE,TRADE,63982,9e-05
2026-08-03 23:46:20,BTCUSDT,BINANCE,TRADE,63982,9e-05
2026-08-03 23:46:20,BTCUSDT,BINANCE,TRADE,63982,8e-05
2026-08-03 23:46:20,BTCUSDT,BINANCE,TRADE,63982,9e-05
2026-08-03 23:46:20,BTCUSDT,BINANCE,TRADE,63982,8e-05
2026-08-03 23:46:20,BTCUSDT,BINANCE,TRADE,63982,0.01574
2026-08-03 23:46:20,BTCUSDT,BINANCE,TRADE,63982,9e-05
2026-08-03 23:46:20,BTCUSDT,BINANCE,TRADE,63982,9e-05
2026-08-03 23:46:20,BTCUSDT,BINANCE,TRADE,63982,8e-05
2026-08-03 23:46:20,BTCUSDT,BINANCE,TRADE,63982,9e-05
2026-08-03 23:46:20,BTCUSDT,BINANCE,TRADE,63982,8e-05
2026-08-03 23:46:20,BTCUSDT,BINANCE,TRADE,63982,8e-05
2026-08-03 23:46:20,BTCUSDT,BINANCE,TRADE,63982,8e-05
2026-08-03 23:46:20,BTCUSDT,BINANCE,TRADE,63982,0.00223
2026-08-03 23:46:20,BTCUSDT,BINANCE,TRADE,63982,0.00235
2026-08-03 23:46:20,BTCUSDT,BINANCE,TRADE,63982,0.02
2026-08-03 23:46:20,BTCUSDT,BINANCE,TRADE,63982,0.07777
2026-08-03 23:46:20,BTCUSDT,BINANCE,TRADE,63982,0.00023
2026-08-03 23:46:20,BTCUSDT,BINANCE,TRADE,63982,8e-05
2026-08-03 23:46:20,BTCUSDT,BINANCE,TRADE,63982,9e-05
2026-08-03 23:46:20,BTCUSDT,BINANCE,TRADE,63982,0.08183
2026-08-03 23:46:20,BTCUSDT,BINANCE,TRADE,63982,0.04
2026-08-03 23:46:20,BTCUSDT,BINANCE,TRADE,63982,0.077
2026-08-03 23:46:20,SOLUSDT,BINANCE,TRADE,74.18,0.081
2026-08-03 23:46:21,SOLUSDT,BINANCE,TRADE,74.18,6.293
2026-08-03 23:46:21,SOLUSDT,BINANCE,TRADE,74.18,59.124
2026-08-03 23:46:21,BTCUSDT,BINANCE,TRADE,63982,0.08
2026-08-03 23:46:21,BTCUSDT,BINANCE,TRADE,63982,0.02117
2026-08-03 23:46:21,BTCUSDT,BINANCE,TRADE,63982,8e-05
2026-08-03 23:46:21,BTCUSDT,BINANCE,TRADE,63982,0.00016
2026-08-03 23:46:21,BTCUSDT,BINANCE,TRADE,63982,0.0001
2026-08-03 23:46:21,BTCUSDT,BINANCE,TRADE,63982,0.00018
2026-08-03 23:46:21,BTCUSDT,BINANCE,TRADE,63982,0.00019
2026-08-03 23:46:21,BTCUSDT,BINANCE,TRADE,63982,8e-05
2026-08-03 23:46:21,BTCUSDT,BINANCE,TRADE,63982,9e-05
2026-08-03 23:46:21,BTCUSDT,BINANCE,TRADE,63982,9e-05
2026-08-03 23:46:21,BTCUSDT,BINANCE,TRADE,63982,9e-05
2026-08-03 23:46:21,BTCUSDT,BINANCE,TRADE,63982,9e-05
2026-08-03 23:46:21,BTCUSDT,BINANCE,TRADE,63982,9e-05
2026-08-03 23:46:21,BTCUSDT,BINANCE,TRADE,63982,9e-05
2026-08-03 23:46:21,BTCUSDT,BINANCE,TRADE,63982,8e-05
2026-08-03 23:46:21,BTCUSDT,BINANCE,TRADE,63982,9e-05
2026-08-03 23:46:21,BTCUSDT,BINANCE,TRADE,63982,9e-05
2026-08-03 23:46:21,BTCUSDT,BINANCE,TRADE,63982,9e-05
2026-08-03 23:46:21,BTCUSDT,BINANCE,TRADE,63982,9e-05
2026-08-03 23:46:21,BTCUSDT,BINANCE,TRADE,63982,9e-05
2026-08-03 23:46:21,BTCUSDT,BINANCE,TRADE,63982,9e-05
2026-08-03 23:46:21,BTCUSDT,BINANCE,TRADE,63982,9e-05
2026-08-03 23:46:21,BTCUSDT,BINANCE,TRADE,63982,9e-05
2026-08-03 23:46:21,BTCUSDT,BINANCE,TRADE,63982,9e-05
2026-08-03 23:46:21,BTCUSDT,BINANCE,TRADE,63982,0.01661
2026-08-03 23:46:21,BTCUSDT,BINANCE,TRADE,63982,0.02
2026-08-03 23:46:21,BTCUSDT,BINANCE,TRADE,63982,0.16
2026-08-03 23:46:21,BTCUSDT,BINANCE,TRADE,63982,0.00468
2026-08-03 23:46:21,BTCUSDT,BINANCE,TRADE,63982,0.01
2026-08-03 23:46:21,BTCUSDT,BINANCE,TRADE,63982,0.026
2026-08-03 23:46:21,BTCUSDT,BINANCE,TRADE,63982,0.026
2026-08-03 23:46:21,BTCUSDT,BINANCE,TRADE,63982,0.026
2026-08-03 23:46:21,BTCUSDT,BINANCE,TRADE,63982,0.01071
2026-08-03 23:46:21,BTCUSDT,BINANCE,TRADE,63982,9e-05
2026-08-03 23:46:21,BTCUSDT,BINANCE,TRADE,63982,8e-05
2026-08-03 23:46:21,BTCUSDT,BINANCE,TRADE,63982,9e-05
2026-08-03 23:46:21,BTCUSDT,BINANCE,TRADE,63982,9e-05
2026-08-03 23:46:21,BTCUSDT,BINANCE,TRADE,63982,9e-05
2026-08-03 23:46:21,BTCUSDT,BINANCE,TRADE,63982,9e-05
2026-08-03 23:46:21,BTCUSDT,BINANCE,TRADE,63982,9e-05
2026-08-03 23:46:21,BTCUSDT,BINANCE,TRADE,63982,0.00016
2026-08-03 23:46:21,BTCUSDT,BINANCE,TRADE,63982,8e-05
2026-08-03 23:46:21,BTCUSDT,BINANCE,TRADE,63982,9e-05
2026-08-03 23:46:21,BTCUSDT,BINANCE,TRADE,63982,9e-05
2026-08-03 23:46:21,BTCUSDT,BINANCE,TRADE,63982,0.01425
2026-08-03 23:46:21,BTCUSDT,BINANCE,TRADE,63982,0.01
2026-08-03 23:46:21,BTCUSDT,BINANCE,TRADE,63982,0.003
2026-08-03 23:46:21,BTCUSDT,BINANCE,TRADE,63982,0.01
2026-08-03 23:46:21,BTCUSDT,BINANCE,TRADE,63982,0.003
2026-08-03 23:46:21,BTCUSDT,BINANCE,TRADE,63982,0.01
2026-08-03 23:46:21,BTCUSDT,BINANCE,TRADE,63982,0.012
2026-08-03 23:46:21,BTCUSDT,BINANCE,TRADE,63982,0.026
2026-08-03 23:46:21,BTCUSDT,BINANCE,TRADE,63982,0.01
2026-08-03 23:46:21,BTCUSDT,BINANCE,TRADE,63982,0.01
2026-08-03 23:46:21,BTCUSDT,BINANCE,TRADE,63982,0.01
2026-08-03 23:46:21,BTCUSDT,BINANCE,TRADE,63982,0.001
2026-08-03 23:46:21,BTCUSDT,BINANCE,TRADE,63982,0.01
2026-08-03 23:46:21,BTCUSDT,BINANCE,TRADE,63982,0.00016
2026-08-03 23:46:21,ETHUSDT,BINANCE,TRADE,1873.01,0.0027
2026-08-03 23:46:21,ETHUSDT,BINANCE,TRADE,1873.01,0.0027
2026-08-03 23:46:21,ETHUSDT,BINANCE,TRADE,1873.01,0.0054
2026-08-03 23:46:21,ETHUSDT,BINANCE,TRADE,1873.01,0.0027
2026-08-03 23:46:21,ETHUSDT,BINANCE,TRADE,1873.01,0.0027
2026-08-03 23:46:21,ETHUSDT,BINANCE,TRADE,1873.01,0.0027
2026-08-03 23:46:21,ETHUSDT,BINANCE,TRADE,1873.01,0.0028
2026-08-03 23:46:21,ETHUSDT,BINANCE,TRADE,1873.01,0.0027
2026-08-03 23:46:21,ETHUSDT,BINANCE,TRADE,1873.01,0.0027
2026-08-03 23:46:21,ETHUSDT,BINANCE,TRADE,1873.01,0.0027
2026-08-03 23:46:21,ETHUSDT,BINANCE,TRADE,1873.01,0.0028
2026-08-03 23:46:21,ETHUSDT,BINANCE,TRADE,1873.01,0.0028
2026-08-03 23:46:21,ETHUSDT,BINANCE,TRADE,1873.01,0.0028
2026-08-03 23:46:21,ETHUSDT,BINANCE,TRADE,1873.01,0.0032
2026-08-03 23:46:21,ETHUSDT,BINANCE,TRADE,1873.01,0.0032
2026-08-03 23:46:21,ETHUSDT,BINANCE,TRADE,1873.01,0.0028
2026-08-03 23:46:21,ETHUSDT,BINANCE,TRADE,1873,0.0028
2026-08-03 23:46:21,ETHUSDT,BINANCE,TRADE,1873,0.0029
2026-08-03 23:46:21,ETHUSDT,BINANCE,TRADE,1873,0.0029
2026-08-03 23:46:21,ETHUSDT,BINANCE,TRADE,1873,0.0028
2026-08-03 23:46:21,ETHUSDT,BINANCE,TRADE,1873,0.0054
2026-08-03 23:46:21,ETHUSDT,BINANCE,TRADE,1873,0.0028
2026-08-03 23:46:21,ETHUSDT,BINANCE,TRADE,1873,0.0028
2026-08-03 23:46:21,ETHUSDT,BINANCE,TRADE,1873,0.0028
2026-08-03 23:46:21,ETHUSDT,BINANCE,TRADE,1873,0.0029
2026-08-03 23:46:21,BTCUSDT,BINANCE,TRADE,63982,0.00271
2026-08-03 23:46:21,SOLUSDT,BINANCE,TRADE,74.18,0.134
2026-08-03 23:46:21,SOLUSDT,BINANCE,TRADE,74.17,0.14
2026-08-03 23:46:22,BTCUSDT,BINANCE,TRADE,63982,0.00852
2026-08-03 23:46:22,SOLUSDT,BINANCE,TRADE,74.18,6.823
2026-08-03 23:46:22,BTCUSDT,BINANCE,TRADE,63982,0.00072
2026-08-03 23:46:22,ETHUSDT,BINANCE,TRADE,1872.99,0.0027
2026-08-03 23:46:22,ETHUSDT,BINANCE,TRADE,1872.99,0.0027
2026-08-03 23:46:22,ETHUSDT,BINANCE,TRADE,1872.99,0.0027
2026-08-03 23:46:22,ETHUSDT,BINANCE,TRADE,1872.99,0.0028
2026-08-03 23:46:22,ETHUSDT,BINANCE,TRADE,1872.99,0.3509
2026-08-03 23:46:22,ETHUSDT,BINANCE,TRADE,1872.99,0.0054
2026-08-03 23:46:22,ETHUSDT,BINANCE,TRADE,1872.99,0.0027
2026-08-03 23:46:22,ETHUSDT,BINANCE,TRADE,1872.99,0.0028
2026-08-03 23:46:22,ETHUSDT,BINANCE,TRADE,1872.99,0.0028
2026-08-03 23:46:22,ETHUSDT,BINANCE,TRADE,1872.99,0.0032
2026-08-03 23:46:22,ETHUSDT,BINANCE,TRADE,1872.99,0.0028
2026-08-03 23:46:22,ETHUSDT,BINANCE,TRADE,1872.99,0.0027
2026-08-03 23:46:22,ETHUSDT,BINANCE,TRADE,1872.99,0.0028
2026-08-03 23:46:22,ETHUSDT,BINANCE,TRADE,1872.99,0.0032
2026-08-03 23:46:22,ETHUSDT,BINANCE,TRADE,1872.99,0.0028
2026-08-03 23:46:22,ETHUSDT,BINANCE,TRADE,1872.99,0.0027
2026-08-03 23:46:22,ETHUSDT,BINANCE,TRADE,1872.99,0.0027
2026-08-03 23:46:22,ETHUSDT,BINANCE,TRADE,1872.99,0.0027
2026-08-03 23:46:22,ETHUSDT,BINANCE,TRADE,1872.98,0.0028
2026-08-03 23:46:22,ETHUSDT,BINANCE,TRADE,1872.98,0.0028
2026-08-03 23:46:22,ETHUSDT,BINANCE,TRADE,1872.98,0.0028
2026-08-03 23:46:22,ETHUSDT,BINANCE,TRADE,1872.98,0.0028
2026-08-03 23:46:22,ETHUSDT,BINANCE,TRADE,1872.98,0.0028
2026-08-03 23:46:22,ETHUSDT,BINANCE,TRADE,1872.97,0.003
2026-08-03 23:46:22,ETHUSDT,BINANCE,TRADE,1872.97,0.0028
2026-08-03 23:46:22,ETHUSDT,BINANCE,TRADE,1872.96,0.0027
2026-08-03 23:46:22,ETHUSDT,BINANCE,TRADE,1872.96,0.0027
2026-08-03 23:46:22,ETHUSDT,BINANCE,TRADE,1872.96,0.0027
2026-08-03 23:46:22,ETHUSDT,BINANCE,TRADE,1872.96,0.0028
2026-08-03 23:46:22,ETHUSDT,BINANCE,TRADE,1872.96,0.0027
2026-08-03 23:46:22,ETHUSDT,BINANCE,TRADE,1872.96,0.0028
2026-08-03 23:46:22,ETHUSDT,BINANCE,TRADE,1872.96,0.0027
2026-08-03 23:46:22,ETHUSDT,BINANCE,TRADE,1872.96,0.0027
2026-08-03 23:46:22,ETHUSDT,BINANCE,TRADE,1872.96,0.0027
2026-08-03 23:46:22,ETHUSDT,BINANCE,TRADE,1872.95,0.0028
2026-08-03 23:46:22,ETHUSDT,BINANCE,TRADE,1872.94,0.0028
2026-08-03 23:46:22,ETHUSDT,BINANCE,TRADE,1872.94,0.0029
2026-08-03 23:46:22,ETHUSDT,BINANCE,TRADE,1872.94,0.0029
2026-08-03 23:46:22,ETHUSDT,BINANCE,TRADE,1872.94,0.0029
2026-08-03 23:46:22,BTCUSDT,BINANCE,TRADE,63982,0.00013
2026-08-03 23:46:23,BTCUSDT,BINANCE,TRADE,63982,8e-05
2026-08-03 23:46:23,SOLUSDT,BINANCE,TRADE,74.18,67.48
2026-08-03 23:46:23,ETHUSDT,BINANCE,TRADE,1872.93,0.0027
2026-08-03 23:46:23,ETHUSDT,BINANCE,TRADE,1872.93,0.0027
2026-08-03 23:46:23,ETHUSDT,BINANCE,TRADE,1872.93,0.0028
2026-08-03 23:46:23,ETHUSDT,BINANCE,TRADE,1872.93,0.0587
2026-08-03 23:46:23,BTCUSDT,BINANCE,TRADE,63982,0.002
2026-08-03 23:46:23,BTCUSDT,BINANCE,TRADE,63982,0.001
2026-08-03 23:46:23,BTCUSDT,BINANCE,TRADE,63982,0.00079
2026-08-03 23:46:23,BTCUSDT,BINANCE,TRADE,63982,0.00078
2026-08-03 23:46:23,BTCUSDT,BINANCE,TRADE,63982,0.00157
2026-08-03 23:46:23,BTCUSDT,BINANCE,TRADE,63982,0.00027
2026-08-03 23:46:24,BTCUSDT,BINANCE,TRADE,63982,0.002
2026-08-03 23:46:24,BTCUSDT,BINANCE,TRADE,63982,0.00062
2026-08-03 23:46:24,BTCUSDT,BINANCE,TRADE,63982,0.035
2026-08-03 23:46:24,BTCUSDT,BINANCE,TRADE,63982,0.08
2026-08-03 23:46:24,BTCUSDT,BINANCE,TRADE,63982,0.0374
2026-08-03 23:46:24,BTCUSDT,BINANCE,TRADE,63982,9e-05
2026-08-03 23:46:24,BTCUSDT,BINANCE,TRADE,63982,9e-05
2026-08-03 23:46:24,BTCUSDT,BINANCE,TRADE,63982,9e-05
2026-08-03 23:46:24,BTCUSDT,BINANCE,TRADE,63982,9e-05
2026-08-03 23:46:24,BTCUSDT,BINANCE,TRADE,63982,9e-05
2026-08-03 23:46:24,BTCUSDT,BINANCE,TRADE,63982,8e-05
2026-08-03 23:46:24,BTCUSDT,BINANCE,TRADE,63982,8e-05
2026-08-03 23:46:24,BTCUSDT,BINANCE,TRADE,63982,9e-05
2026-08-03 23:46:24,BTCUSDT,BINANCE,TRADE,63982,9e-05
2026-08-03 23:46:24,BTCUSDT,BINANCE,TRADE,63982,9e-05
2026-08-03 23:46:24,BTCUSDT,BINANCE,TRADE,63982,9e-05
2026-08-03 23:46:24,BTCUSDT,BINANCE,TRADE,63982,9e-05
2026-08-03 23:46:24,BTCUSDT,BINANCE,TRADE,63982,9e-05
2026-08-03 23:46:24,BTCUSDT,BINANCE,TRADE,63982,0.00016
2026-08-03 23:46:24,BTCUSDT,BINANCE,TRADE,63982,0.12129
2026-08-03 23:46:24,BTCUSDT,BINANCE,TRADE,63982,0.02
2026-08-03 23:46:24,ETHUSDT,BINANCE,TRADE,1872.93,0.0027
2026-08-03 23:46:24,ETHUSDT,BINANCE,TRADE,1872.93,0.0032
2026-08-03 23:46:24,ETHUSDT,BINANCE,TRADE,1872.93,0.0032
2026-08-03 23:46:24,ETHUSDT,BINANCE,TRADE,1872.93,0.0028
2026-08-03 23:46:24,ETHUSDT,BINANCE,TRADE,1872.93,0.0027
2026-08-03 23:46:24,ETHUSDT,BINANCE,TRADE,1872.93,0.0028
2026-08-03 23:46:24,ETHUSDT,BINANCE,TRADE,1872.93,0.0028
2026-08-03 23:46:24,ETHUSDT,BINANCE,TRADE,1872.93,0.0028
2026-08-03 23:46:24,ETHUSDT,BINANCE,TRADE,1872.93,0.0028
2026-08-03 23:46:24,ETHUSDT,BINANCE,TRADE,1872.93,0.0027
2026-08-03 23:46:24,ETHUSDT,BINANCE,TRADE,1872.93,0.0028
2026-08-03 23:46:24,ETHUSDT,BINANCE,TRADE,1872.93,0.0028
2026-08-03 23:46:24,ETHUSDT,BINANCE,TRADE,1872.93,0.0028
2026-08-03 23:46:24,ETHUSDT,BINANCE,TRADE,1872.93,0.1232
2026-08-03 23:46:24,ETHUSDT,BINANCE,TRADE,1872.93,0.003
2026-08-03 23:46:24,ETHUSDT,BINANCE,TRADE,1872.93,0.0027
2026-08-03 23:46:24,ETHUSDT,BINANCE,TRADE,1872.93,0.0027
2026-08-03 23:46:24,ETHUSDT,BINANCE,TRADE,1872.93,0.0028
2026-08-03 23:46:24,ETHUSDT,BINANCE,TRADE,1872.93,0.0054
2026-08-03 23:46:24,ETHUSDT,BINANCE,TRADE,1872.93,0.0027
2026-08-03 23:46:24,ETHUSDT,BINANCE,TRADE,1872.93,0.0028
2026-08-03 23:46:24,ETHUSDT,BINANCE,TRADE,1872.93,0.0028
2026-08-03 23:46:24,ETHUSDT,BINANCE,TRADE,1872.93,0.0028
2026-08-03 23:46:24,ETHUSDT,BINANCE,TRADE,1872.93,0.0028
2026-08-03 23:46:24,ETHUSDT,BINANCE,TRADE,1872.93,0.0032
2026-08-03 23:46:24,ETHUSDT,BINANCE,TRADE,1872.93,0.0032
2026-08-03 23:46:24,ETHUSDT,BINANCE,TRADE,1872.93,0.0028
2026-08-03 23:46:24,ETHUSDT,BINANCE,TRADE,1872.93,0.0028
2026-08-03 23:46:24,ETHUSDT,BINANCE,TRADE,1872.93,0.0027
2026-08-03 23:46:24,ETHUSDT,BINANCE,TRADE,1872.93,0.0027
2026-08-03 23:46:24,ETHUSDT,BINANCE,TRADE,1872.93,0.0027
2026-08-03 23:46:24,ETHUSDT,BINANCE,TRADE,1872.93,0.0027
2026-08-03 23:46:24,ETHUSDT,BINANCE,TRADE,1872.93,0.0027
2026-08-03 23:46:24,ETHUSDT,BINANCE,TRADE,1872.93,0.0027
2026-08-03 23:46:24,ETHUSDT,BINANCE,TRADE,1872.93,0.0027
2026-08-03 23:46:24,ETHUSDT,BINANCE,TRADE,1872.92,0.0027
2026-08-03 23:46:24,ETHUSDT,BINANCE,TRADE,1872.92,0.0028
2026-08-03 23:46:24,ETHUSDT,BINANCE,TRADE,1872.92,0.0028
2026-08-03 23:46:24,ETHUSDT,BINANCE,TRADE,1872.92,0.0028
2026-08-03 23:46:24,ETHUSDT,BINANCE,TRADE,1872.92,0.0028
2026-08-03 23:46:24,ETHUSDT,BINANCE,TRADE,1872.92,0.0054
2026-08-03 23:46:24,ETHUSDT,BINANCE,TRADE,1872.92,0.0029
2026-08-03 23:46:24,ETHUSDT,BINANCE,TRADE,1872.92,0.0029
2026-08-03 23:46:24,ETHUSDT,BINANCE,TRADE,1872.92,0.0027
2026-08-03 23:46:24,ETHUSDT,BINANCE,TRADE,1872.92,0.0029
2026-08-03 23:46:24,ETHUSDT,BINANCE,TRADE,1872.91,0.0028
2026-08-03 23:46:24,ETHUSDT,BINANCE,TRADE,1872.91,0.0054
2026-08-03 23:46:24,ETHUSDT,BINANCE,TRADE,1872.91,0.0027
2026-08-03 23:46:24,ETHUSDT,BINANCE,TRADE,1872.9,0.0027
2026-08-03 23:46:24,ETHUSDT,BINANCE,TRADE,1872.9,0.0028
2026-08-03 23:46:24,ETHUSDT,BINANCE,TRADE,1872.9,0.0029
2026-08-03 23:46:24,ETHUSDT,BINANCE,TRADE,1872.9,0.0029
2026-08-03 23:46:24,ETHUSDT,BINANCE,TRADE,1872.9,0.0027
2026-08-03 23:46:24,ETHUSDT,BINANCE,TRADE,1872.9,0.0029
2026-08-03 23:46:24,ETHUSDT,BINANCE,TRADE,1872.9,0.0027
2026-08-03 23:46:25,ETHUSDT,BINANCE,TRADE,1872.89,0.1137
2026-08-03 23:46:25,ETHUSDT,BINANCE,TRADE,1872.89,0.0028
2026-08-03 23:46:25,ETHUSDT,BINANCE,TRADE,1872.89,0.0027
2026-08-03 23:46:25,ETHUSDT,BINANCE,TRADE,1872.89,0.0027
2026-08-03 23:46:25,ETHUSDT,BINANCE,TRADE,1872.89,0.0032
2026-08-03 23:46:25,ETHUSDT,BINANCE,TRADE,1872.89,0.0028
2026-08-03 23:46:25,ETHUSDT,BINANCE,TRADE,1872.89,0.0028
2026-08-03 23:46:25,ETHUSDT,BINANCE,TRADE,1872.89,0.0028
2026-08-03 23:46:25,ETHUSDT,BINANCE,TRADE,1872.89,0.0028
2026-08-03 23:46:25,ETHUSDT,BINANCE,TRADE,1872.89,0.0028
2026-08-03 23:46:25,ETHUSDT,BINANCE,TRADE,1872.89,0.0028
2026-08-03 23:46:25,ETHUSDT,BINANCE,TRADE,1872.89,0.0054
2026-08-03 23:46:25,ETHUSDT,BINANCE,TRADE,1872.89,0.0027
2026-08-03 23:46:25,ETHUSDT,BINANCE,TRADE,1872.89,0.0028
2026-08-03 23:46:25,ETHUSDT,BINANCE,TRADE,1872.89,0.0032
2026-08-03 23:46:25,ETHUSDT,BINANCE,TRADE,1872.89,0.0027
2026-08-03 23:46:25,ETHUSDT,BINANCE,TRADE,1872.88,0.0027
2026-08-03 23:46:25,ETHUSDT,BINANCE,TRADE,1872.88,0.0027
2026-08-03 23:46:25,ETHUSDT,BINANCE,TRADE,1872.88,0.0041
2026-08-03 23:46:25,ETHUSDT,BINANCE,TRADE,1872.88,0.0028
2026-08-03 23:46:25,ETHUSDT,BINANCE,TRADE,1872.88,0.0028
2026-08-03 23:46:25,ETHUSDT,BINANCE,TRADE,1872.88,0.0028
2026-08-03 23:46:25,ETHUSDT,BINANCE,TRADE,1872.88,0.0028
2026-08-03 23:46:25,ETHUSDT,BINANCE,TRADE,1872.88,0.0054
2026-08-03 23:46:25,ETHUSDT,BINANCE,TRADE,1872.88,0.0027
2026-08-03 23:46:25,ETHUSDT,BINANCE,TRADE,1872.88,0.0027
2026-08-03 23:46:25,ETHUSDT,BINANCE,TRADE,1872.87,0.0028
2026-08-03 23:46:25,ETHUSDT,BINANCE,TRADE,1872.87,0.0054
2026-08-03 23:46:25,ETHUSDT,BINANCE,TRADE,1872.87,0.0028
2026-08-03 23:46:25,ETHUSDT,BINANCE,TRADE,1872.86,0.0027
2026-08-03 23:46:25,ETHUSDT,BINANCE,TRADE,1872.86,0.0027
2026-08-03 23:46:25,ETHUSDT,BINANCE,TRADE,1872.86,0.0027
2026-08-03 23:46:25,ETHUSDT,BINANCE,TRADE,1872.86,0.0027
2026-08-03 23:46:25,ETHUSDT,BINANCE,TRADE,1872.86,0.0028
2026-08-03 23:46:25,ETHUSDT,BINANCE,TRADE,1872.86,0.0028
2026-08-03 23:46:25,ETHUSDT,BINANCE,TRADE,1872.86,0.0032
2026-08-03 23:46:25,ETHUSDT,BINANCE,TRADE,1872.86,0.0032
2026-08-03 23:46:25,ETHUSDT,BINANCE,TRADE,1872.86,0.0028
2026-08-03 23:46:25,ETHUSDT,BINANCE,TRADE,1872.86,0.0027
2026-08-03 23:46:25,ETHUSDT,BINANCE,TRADE,1872.86,0.0028
2026-08-03 23:46:25,ETHUSDT,BINANCE,TRADE,1872.86,0.0028
2026-08-03 23:46:25,ETHUSDT,BINANCE,TRADE,1872.86,0.0028
2026-08-03 23:46:25,ETHUSDT,BINANCE,TRADE,1872.86,0.0054
2026-08-03 23:46:25,ETHUSDT,BINANCE,TRADE,1872.86,0.0028
2026-08-03 23:46:25,ETHUSDT,BINANCE,TRADE,1872.86,0.0028
2026-08-03 23:46:25,ETHUSDT,BINANCE,TRADE,1872.86,0.0028
2026-08-03 23:46:25,ETHUSDT,BINANCE,TRADE,1872.86,0.0028
2026-08-03 23:46:25,ETHUSDT,BINANCE,TRADE,1872.86,0.0028
2026-08-03 23:46:25,ETHUSDT,BINANCE,TRADE,1872.86,0.0027
2026-08-03 23:46:25,ETHUSDT,BINANCE,TRADE,1872.86,0.0027
2026-08-03 23:46:25,ETHUSDT,BINANCE,TRADE,1872.86,0.0027
2026-08-03 23:46:25,ETHUSDT,BINANCE,TRADE,1872.86,0.0027
2026-08-03 23:46:25,ETHUSDT,BINANCE,TRADE,1872.85,0.0027
2026-08-03 23:46:25,ETHUSDT,BINANCE,TRADE,1872.85,0.0029
2026-08-03 23:46:25,ETHUSDT,BINANCE,TRADE,1872.85,0.0029
2026-08-03 23:46:25,ETHUSDT,BINANCE,TRADE,1872.85,0.0027
2026-08-03 23:46:25,ETHUSDT,BINANCE,TRADE,1872.85,0.0028
2026-08-03 23:46:25,ETHUSDT,BINANCE,TRADE,1872.85,0.0028
2026-08-03 23:46:25,ETHUSDT,BINANCE,TRADE,1872.85,0.0028
2026-08-03 23:46:25,ETHUSDT,BINANCE,TRADE,1872.85,0.0028
2026-08-03 23:46:25,ETHUSDT,BINANCE,TRADE,1872.85,0.0027
2026-08-03 23:46:25,ETHUSDT,BINANCE,TRADE,1872.85,0.0029
2026-08-03 23:46:25,ETHUSDT,BINANCE,TRADE,1872.85,0.0027
2026-08-03 23:46:25,ETHUSDT,BINANCE,TRADE,1872.84,0.0029
2026-08-03 23:46:25,ETHUSDT,BINANCE,TRADE,1872.84,0.0029
2026-08-03 23:46:25,ETHUSDT,BINANCE,TRADE,1872.84,0.0028
2026-08-03 23:46:25,ETHUSDT,BINANCE,TRADE,1872.84,0.0032
2026-08-03 23:46:25,ETHUSDT,BINANCE,TRADE,1872.84,0.0032
2026-08-03 23:46:25,ETHUSDT,BINANCE,TRADE,1872.84,0.0028
2026-08-03 23:46:25,ETHUSDT,BINANCE,TRADE,1872.84,0.0027
2026-08-03 23:46:25,ETHUSDT,BINANCE,TRADE,1872.84,0.0027
2026-08-03 23:46:25,ETHUSDT,BINANCE,TRADE,1872.84,0.0028
2026-08-03 23:46:25,ETHUSDT,BINANCE,TRADE,1872.84,0.0028
2026-08-03 23:46:25,ETHUSDT,BINANCE,TRADE,1872.84,0.0028
2026-08-03 23:46:25,ETHUSDT,BINANCE,TRADE,1872.84,0.0028
2026-08-03 23:46:25,ETHUSDT,BINANCE,TRADE,1872.84,0.0028
2026-08-03 23:46:25,ETHUSDT,BINANCE,TRADE,1872.84,0.0028
2026-08-03 23:46:25,ETHUSDT,BINANCE,TRADE,1872.84,0.0028
2026-08-03 23:46:25,ETHUSDT,BINANCE,TRADE,1872.84,0.0028
2026-08-03 23:46:25,ETHUSDT,BINANCE,TRADE,1872.84,0.0028
2026-08-03 23:46:25,ETHUSDT,BINANCE,TRADE,1872.84,0.0029
2026-08-03 23:46:25,ETHUSDT,BINANCE,TRADE,1872.84,0.0027
2026-08-03 23:46:25,ETHUSDT,BINANCE,TRADE,1872.83,0.0028
2026-08-03 23:46:25,ETHUSDT,BINANCE,TRADE,1872.83,0.0027
2026-08-03 23:46:25,ETHUSDT,BINANCE,TRADE,1872.83,0.0028
2026-08-03 23:46:25,ETHUSDT,BINANCE,TRADE,1872.83,0.0028
2026-08-03 23:46:25,ETHUSDT,BINANCE,TRADE,1872.83,0.0028
2026-08-03 23:46:25,ETHUSDT,BINANCE,TRADE,1872.83,0.0027
2026-08-03 23:46:25,ETHUSDT,BINANCE,TRADE,1872.83,0.0032
2026-08-03 23:46:25,ETHUSDT,BINANCE,TRADE,1872.83,0.0032
2026-08-03 23:46:25,ETHUSDT,BINANCE,TRADE,1872.83,0.0027
2026-08-03 23:46:25,ETHUSDT,BINANCE,TRADE,1872.83,0.0028
2026-08-03 23:46:25,ETHUSDT,BINANCE,TRADE,1872.83,0.0028
2026-08-03 23:46:25,ETHUSDT,BINANCE,TRADE,1872.83,0.0028
2026-08-03 23:46:25,ETHUSDT,BINANCE,TRADE,1872.83,0.0028
2026-08-03 23:46:25,ETHUSDT,BINANCE,TRADE,1872.83,0.0028
2026-08-03 23:46:25,ETHUSDT,BINANCE,TRADE,1872.83,0.0028
2026-08-03 23:46:25,ETHUSDT,BINANCE,TRADE,1872.83,0.0027
2026-08-03 23:46:25,ETHUSDT,BINANCE,TRADE,1872.83,0.0027
2026-08-03 23:46:25,ETHUSDT,BINANCE,TRADE,1872.82,0.0028
2026-08-03 23:46:25,ETHUSDT,BINANCE,TRADE,1872.82,0.0028
2026-08-03 23:46:25,ETHUSDT,BINANCE,TRADE,1872.82,0.0028
2026-08-03 23:46:25,ETHUSDT,BINANCE,TRADE,1872.82,0.0028
2026-08-03 23:46:25,ETHUSDT,BINANCE,TRADE,1872.81,0.0027
2026-08-03 23:46:25,ETHUSDT,BINANCE,TRADE,1872.81,0.0028
2026-08-03 23:46:25,ETHUSDT,BINANCE,TRADE,1872.8,0.0027
2026-08-03 23:46:25,ETHUSDT,BINANCE,TRADE,1872.8,0.0029
2026-08-03 23:46:25,ETHUSDT,BINANCE,TRADE,1872.8,0.0029
2026-08-03 23:46:25,ETHUSDT,BINANCE,TRADE,1872.8,0.0028
2026-08-03 23:46:25,ETHUSDT,BINANCE,TRADE,1872.8,0.0027
2026-08-03 23:46:25,ETHUSDT,BINANCE,TRADE,1872.8,0.0029
2026-08-03 23:46:25,BTCUSDT,BINANCE,TRADE,63982,0.0109
2026-08-03 23:46:25,BTCUSDT,BINANCE,TRADE,63982,0.00157
2026-08-03 23:46:25,BTCUSDT,BINANCE,TRADE,63982,0.04
2026-08-03 23:46:25,BTCUSDT,BINANCE,TRADE,63982,0.08
2026-08-03 23:46:25,BTCUSDT,BINANCE,TRADE,63982,0.02
2026-08-03 23:46:25,BTCUSDT,BINANCE,TRADE,63982,0.01871
2026-08-03 23:46:25,BTCUSDT,BINANCE,TRADE,63982,9e-05
2026-08-03 23:46:25,BTCUSDT,BINANCE,TRADE,63982,9e-05
2026-08-03 23:46:25,BTCUSDT,BINANCE,TRADE,63982,0.06111
2026-08-03 23:46:25,BTCUSDT,BINANCE,TRADE,63982,0.02889
2026-08-03 23:46:25,BTCUSDT,BINANCE,TRADE,63982,8e-05
2026-08-03 23:46:25,BTCUSDT,BINANCE,TRADE,63982,0.0001
2026-08-03 23:46:25,BTCUSDT,BINANCE,TRADE,63982,9e-05
2026-08-03 23:46:25,BTCUSDT,BINANCE,TRADE,63982,8e-05
2026-08-03 23:46:25,BTCUSDT,BINANCE,TRADE,63982,9e-05
2026-08-03 23:46:25,BTCUSDT,BINANCE,TRADE,63982,9e-05
2026-08-03 23:46:25,BTCUSDT,BINANCE,TRADE,63982,9e-05
2026-08-03 23:46:25,BTCUSDT,BINANCE,TRADE,63982,0.00016
2026-08-03 23:46:25,BTCUSDT,BINANCE,TRADE,63982,9e-05
2026-08-03 23:46:25,BTCUSDT,BINANCE,TRADE,63982,9e-05
2026-08-03 23:46:25,BTCUSDT,BINANCE,TRADE,63982,9e-05
2026-08-03 23:46:25,BTCUSDT,BINANCE,TRADE,63982,9e-05
2026-08-03 23:46:25,BTCUSDT,BINANCE,TRADE,63982,9e-05
2026-08-03 23:46:25,BTCUSDT,BINANCE,TRADE,63982,9e-05
2026-08-03 23:46:25,BTCUSDT,BINANCE,TRADE,63982,9e-05
2026-08-03 23:46:25,BTCUSDT,BINANCE,TRADE,63982,9e-05
2026-08-03 23:46:25,BTCUSDT,BINANCE,TRADE,63982,9e-05
2026-08-03 23:46:25,BTCUSDT,BINANCE,TRADE,63982,9e-05
2026-08-03 23:46:25,BTCUSDT,BINANCE,TRADE,63982,8e-05
2026-08-03 23:46:25,BTCUSDT,BINANCE,TRADE,63982,8e-05
2026-08-03 23:46:25,BTCUSDT,BINANCE,TRADE,63982,8e-05
2026-08-03 23:46:25,BTCUSDT,BINANCE,TRADE,63982,8e-05
2026-08-03 23:46:25,BTCUSDT,BINANCE,TRADE,63982,9e-05
2026-08-03 23:46:25,BTCUSDT,BINANCE,TRADE,63982,9e-05
2026-08-03 23:46:25,BTCUSDT,BINANCE,TRADE,63982,9e-05
2026-08-03 23:46:25,BTCUSDT,BINANCE,TRADE,63982,9e-05
2026-08-03 23:46:25,BTCUSDT,BINANCE,TRADE,63982,9e-05
2026-08-03 23:46:25,BTCUSDT,BINANCE,TRADE,63982,0.00016
2026-08-03 23:46:25,BTCUSDT,BINANCE,TRADE,63982,9e-05
2026-08-03 23:46:25,BTCUSDT,BINANCE,TRADE,63982,9e-05
2026-08-03 23:46:25,BTCUSDT,BINANCE,TRADE,63982,9e-05
2026-08-03 23:46:25,BTCUSDT,BINANCE,TRADE,63982,9e-05
2026-08-03 23:46:25,BTCUSDT,BINANCE,TRADE,63982,0.00016
2026-08-03 23:46:25,BTCUSDT,BINANCE,TRADE,63981.7,8e-05
2026-08-03 23:46:25,BTCUSDT,BINANCE,TRADE,63981.3,8e-05
2026-08-03 23:46:25,BTCUSDT,BINANCE,TRADE,63981.3,8e-05
2026-08-03 23:46:25,BTCUSDT,BINANCE,TRADE,63981.3,8e-05
2026-08-03 23:46:25,BTCUSDT,BINANCE,TRADE,63981.3,8e-05
2026-08-03 23:46:25,BTCUSDT,BINANCE,TRADE,63981.3,8e-05
2026-08-03 23:46:25,BTCUSDT,BINANCE,TRADE,63981.1,0.01074
2026-08-03 23:46:25,BTCUSDT,BINANCE,TRADE,63981.1,8e-05
2026-08-03 23:46:25,BTCUSDT,BINANCE,TRADE,63981.1,9e-05
2026-08-03 23:46:25,BTCUSDT,BINANCE,TRADE,63981.1,9e-05
2026-08-03 23:46:25,BTCUSDT,BINANCE,TRADE,63980.4,0.00781
2026-08-03 23:46:25,BTCUSDT,BINANCE,TRADE,63980.4,9e-05
2026-08-03 23:46:25,BTCUSDT,BINANCE,TRADE,63980.4,9e-05
2026-08-03 23:46:25,BTCUSDT,BINANCE,TRADE,63980.3,8e-05
2026-08-03 23:46:25,BTCUSDT,BINANCE,TRADE,63980.3,8e-05
2026-08-03 23:46:25,BTCUSDT,BINANCE,TRADE,63980.3,8e-05
2026-08-03 23:46:25,BTCUSDT,BINANCE,TRADE,63980.3,8e-05
2026-08-03 23:46:25,BTCUSDT,BINANCE,TRADE,63980,9e-05
2026-08-03 23:46:25,BTCUSDT,BINANCE,TRADE,63980,9e-05
2026-08-03 23:46:25,BTCUSDT,BINANCE,TRADE,63980,9e-05
2026-08-03 23:46:25,BTCUSDT,BINANCE,TRADE,63980,0.0001
2026-08-03 23:46:25,BTCUSDT,BINANCE,TRADE,63980,0.0079
2026-08-03 23:46:25,BTCUSDT,BINANCE,TRADE,63980,0.002
2026-08-03 23:46:25,BTCUSDT,BINANCE,TRADE,63980,0.005
2026-08-03 23:46:25,BTCUSDT,BINANCE,TRADE,63980,0.006
2026-08-03 23:46:25,BTCUSDT,BINANCE,TRADE,63980,9e-05
2026-08-03 23:46:25,BTCUSDT,BINANCE,TRADE,63980,9e-05
2026-08-03 23:46:25,BTCUSDT,BINANCE,TRADE,63980,8e-05
2026-08-03 23:46:25,BTCUSDT,BINANCE,TRADE,63980,8e-05
2026-08-03 23:46:25,BTCUSDT,BINANCE,TRADE,63980,9e-05
2026-08-03 23:46:25,BTCUSDT,BINANCE,TRADE,63980,9e-05
2026-08-03 23:46:25,BTCUSDT,BINANCE,TRADE,63980,9e-05
2026-08-03 23:46:25,BTCUSDT,BINANCE,TRADE,63980,9e-05
2026-08-03 23:46:25,BTCUSDT,BINANCE,TRADE,63980,9e-05
2026-08-03 23:46:25,BTCUSDT,BINANCE,TRADE,63980,9e-05
2026-08-03 23:46:25,BTCUSDT,BINANCE,TRADE,63980,9e-05
2026-08-03 23:46:25,BTCUSDT,BINANCE,TRADE,63980,9e-05
2026-08-03 23:46:25,BTCUSDT,BINANCE,TRADE,63980,9e-05
2026-08-03 23:46:25,BTCUSDT,BINANCE,TRADE,63980,9e-05
2026-08-03 23:46:25,BTCUSDT,BINANCE,TRADE,63980,9e-05
2026-08-03 23:46:25,BTCUSDT,BINANCE,TRADE,63980,8e-05
2026-08-03 23:46:25,BTCUSDT,BINANCE,TRADE,63980,9e-05
2026-08-03 23:46:25,BTCUSDT,BINANCE,TRADE,63980,9e-05
2026-08-03 23:46:25,BTCUSDT,BINANCE,TRADE,63980,9e-05
2026-08-03 23:46:25,BTCUSDT,BINANCE,TRADE,63980,9e-05
2026-08-03 23:46:25,BTCUSDT,BINANCE,TRADE,63980,9e-05
2026-08-03 23:46:25,BTCUSDT,BINANCE,TRADE,63980,9e-05
2026-08-03 23:46:25,BTCUSDT,BINANCE,TRADE,63980,8e-05
2026-08-03 23:46:25,BTCUSDT,BINANCE,TRADE,63980,8e-05
2026-08-03 23:46:25,BTCUSDT,BINANCE,TRADE,63980,9e-05
2026-08-03 23:46:25,BTCUSDT,BINANCE,TRADE,63980,9e-05
2026-08-03 23:46:25,BTCUSDT,BINANCE,TRADE,63980,9e-05
2026-08-03 23:46:25,BTCUSDT,BINANCE,TRADE,63980,9e-05
2026-08-03 23:46:25,BTCUSDT,BINANCE,TRADE,63980,9e-05
2026-08-03 23:46:25,BTCUSDT,BINANCE,TRADE,63980,9e-05
2026-08-03 23:46:25,BTCUSDT,BINANCE,TRADE,63980,9e-05
2026-08-03 23:46:25,BTCUSDT,BINANCE,TRADE,63979.7,8e-05
2026-08-03 23:46:25,BTCUSDT,BINANCE,TRADE,63979.7,8e-05
2026-08-03 23:46:25,BTCUSDT,BINANCE,TRADE,63979.4,0.00024
2026-08-03 23:46:25,BTCUSDT,BINANCE,TRADE,63978.6,9e-05
2026-08-03 23:46:25,BTCUSDT,BINANCE,TRADE,63978,9e-05
2026-08-03 23:46:25,BTCUSDT,BINANCE,TRADE,63978,9e-05
2026-08-03 23:46:25,BTCUSDT,BINANCE,TRADE,63978,9e-05
2026-08-03 23:46:25,BTCUSDT,BINANCE,TRADE,63978,0.0016
2026-08-03 23:46:25,BTCUSDT,BINANCE,TRADE,63978,0.0064
2026-08-03 23:46:25,BTCUSDT,BINANCE,TRADE,63978,0.002
2026-08-03 23:46:25,BTCUSDT,BINANCE,TRADE,63978,0.005
2026-08-03 23:46:25,BTCUSDT,BINANCE,TRADE,63978,0.006
2026-08-03 23:46:25,BTCUSDT,BINANCE,TRADE,63978,9e-05
2026-08-03 23:46:25,BTCUSDT,BINANCE,TRADE,63978,9e-05
2026-08-03 23:46:25,BTCUSDT,BINANCE,TRADE,63977.5,8e-05
2026-08-03 23:46:25,BTCUSDT,BINANCE,TRADE,63977.5,8e-05
2026-08-03 23:46:25,BTCUSDT,BINANCE,TRADE,63977.5,8e-05
2026-08-03 23:46:25,BTCUSDT,BINANCE,TRADE,63977.5,8e-05
2026-08-03 23:46:25,BTCUSDT,BINANCE,TRADE,63977.5,0.00097
2026-08-03 23:46:25,BTCUSDT,BINANCE,TRADE,63977.5,8e-05
2026-08-03 23:46:25,BTCUSDT,BINANCE,TRADE,63977.5,0.00234
2026-08-03 23:46:25,BTCUSDT,BINANCE,TRADE,63977.5,0.00122
2026-08-03 23:46:25,BTCUSDT,BINANCE,TRADE,63977.5,8e-05
2026-08-03 23:46:25,BTCUSDT,BINANCE,TRADE,63977.5,4e-05
2026-08-03 23:46:25,BTCUSDT,BINANCE,TRADE,63977.5,5e-05
2026-08-03 23:46:25,BTCUSDT,BINANCE,TRADE,63976.9,9e-05
2026-08-03 23:46:25,BTCUSDT,BINANCE,TRADE,63976.9,9e-05
2026-08-03 23:46:25,BTCUSDT,BINANCE,TRADE,63976.9,9e-05
2026-08-03 23:46:25,BTCUSDT,BINANCE,TRADE,63976.9,0.00105
2026-08-03 23:46:25,BTCUSDT,BINANCE,TRADE,63976.9,0.01
2026-08-03 23:46:25,BTCUSDT,BINANCE,TRADE,63976.9,0.026
2026-08-03 23:46:25,BTCUSDT,BINANCE,TRADE,63976.9,0.026
2026-08-03 23:46:25,BTCUSDT,BINANCE,TRADE,63976.9,0.001
2026-08-03 23:46:25,BTCUSDT,BINANCE,TRADE,63976.9,0.003
2026-08-03 23:46:25,BTCUSDT,BINANCE,TRADE,63976.9,0.01133
2026-08-03 23:46:25,BTCUSDT,BINANCE,TRADE,63976.9,9e-05
2026-08-03 23:46:25,BTCUSDT,BINANCE,TRADE,63976.9,9e-05
2026-08-03 23:46:25,BTCUSDT,BINANCE,TRADE,63976.9,8e-05
2026-08-03 23:46:25,BTCUSDT,BINANCE,TRADE,63976.9,9e-05
2026-08-03 23:46:25,BTCUSDT,BINANCE,TRADE,63976.9,0.00032
2026-08-03 23:46:25,BTCUSDT,BINANCE,TRADE,63976.9,0.01
2026-08-03 23:46:25,BTCUSDT,BINANCE,TRADE,63976.9,0.003
2026-08-03 23:46:25,BTCUSDT,BINANCE,TRADE,63976.9,0.01
2026-08-03 23:46:25,BTCUSDT,BINANCE,TRADE,63976.9,0.01
2026-08-03 23:46:25,BTCUSDT,BINANCE,TRADE,63976.9,0.01
2026-08-03 23:46:25,BTCUSDT,BINANCE,TRADE,63976.9,0.01
2026-08-03 23:46:25,BTCUSDT,BINANCE,TRADE,63976.9,0.01
2026-08-03 23:46:25,BTCUSDT,BINANCE,TRADE,63976.9,0.01
2026-08-03 23:46:25,BTCUSDT,BINANCE,TRADE,63976.9,0.00341
2026-08-03 23:46:25,BTCUSDT,BINANCE,TRADE,63976.9,8e-05
2026-08-03 23:46:25,BTCUSDT,BINANCE,TRADE,63976.9,9e-05
2026-08-03 23:46:25,BTCUSDT,BINANCE,TRADE,63976.9,9e-05
2026-08-03 23:46:25,BTCUSDT,BINANCE,TRADE,63976.9,9e-05
2026-08-03 23:46:25,BTCUSDT,BINANCE,TRADE,63976.9,0.00624
2026-08-03 23:46:25,BTCUSDT,BINANCE,TRADE,63976.9,0.026
2026-08-03 23:46:25,BTCUSDT,BINANCE,TRADE,63976.9,0.01271
2026-08-03 23:46:25,ETHUSDT,BINANCE,TRADE,1872.79,0.0027
2026-08-03 23:46:25,ETHUSDT,BINANCE,TRADE,1872.79,0.2669
2026-08-03 23:46:25,ETHUSDT,BINANCE,TRADE,1872.79,0.0028
2026-08-03 23:46:25,ETHUSDT,BINANCE,TRADE,1872.79,0.0027
2026-08-03 23:46:25,ETHUSDT,BINANCE,TRADE,1872.79,0.0028
2026-08-03 23:46:25,ETHUSDT,BINANCE,TRADE,1872.79,0.0028
2026-08-03 23:46:25,ETHUSDT,BINANCE,TRADE,1872.79,0.0028
2026-08-03 23:46:25,ETHUSDT,BINANCE,TRADE,1872.79,0.0028
2026-08-03 23:46:25,ETHUSDT,BINANCE,TRADE,1872.79,0.0028
2026-08-03 23:46:25,ETHUSDT,BINANCE,TRADE,1872.79,0.0029
2026-08-03 23:46:25,ETHUSDT,BINANCE,TRADE,1872.79,0.0027
2026-08-03 23:46:25,ETHUSDT,BINANCE,TRADE,1872.79,0.0032
2026-08-03 23:46:25,ETHUSDT,BINANCE,TRADE,1872.79,0.0032
2026-08-03 23:46:25,ETHUSDT,BINANCE,TRADE,1872.79,0.0028
2026-08-03 23:46:25,ETHUSDT,BINANCE,TRADE,1872.79,0.0027
2026-08-03 23:46:25,ETHUSDT,BINANCE,TRADE,1872.78,0.0027
2026-08-03 23:46:25,ETHUSDT,BINANCE,TRADE,1872.78,0.0028
2026-08-03 23:46:25,ETHUSDT,BINANCE,TRADE,1872.78,0.0028
2026-08-03 23:46:25,ETHUSDT,BINANCE,TRADE,1872.78,0.0028
2026-08-03 23:46:25,ETHUSDT,BINANCE,TRADE,1872.78,0.0028
2026-08-03 23:46:25,ETHUSDT,BINANCE,TRADE,1872.78,0.0027
2026-08-03 23:46:25,ETHUSDT,BINANCE,TRADE,1872.77,0.008
2026-08-03 23:46:25,ETHUSDT,BINANCE,TRADE,1872.77,0.0027
2026-08-03 23:46:25,ETHUSDT,BINANCE,TRADE,1872.77,0.0028
2026-08-03 23:46:25,ETHUSDT,BINANCE,TRADE,1872.77,0.0027
2026-08-03 23:46:25,ETHUSDT,BINANCE,TRADE,1872.77,0.0027
2026-08-03 23:46:25,ETHUSDT,BINANCE,TRADE,1872.77,0.0027
2026-08-03 23:46:25,ETHUSDT,BINANCE,TRADE,1872.77,0.0027
2026-08-03 23:46:25,ETHUSDT,BINANCE,TRADE,1872.76,0.0027
2026-08-03 23:46:25,ETHUSDT,BINANCE,TRADE,1872.76,0.0028
2026-08-03 23:46:25,ETHUSDT,BINANCE,TRADE,1872.76,0.0027
2026-08-03 23:46:25,ETHUSDT,BINANCE,TRADE,1872.76,0.0027
2026-08-03 23:46:25,ETHUSDT,BINANCE,TRADE,1872.76,0.0027
2026-08-03 23:46:25,ETHUSDT,BINANCE,TRADE,1872.76,0.0027
2026-08-03 23:46:25,ETHUSDT,BINANCE,TRADE,1872.75,0.003
2026-08-03 23:46:25,ETHUSDT,BINANCE,TRADE,1872.75,0.0027
2026-08-03 23:46:25,ETHUSDT,BINANCE,TRADE,1872.75,0.0028
2026-08-03 23:46:25,ETHUSDT,BINANCE,TRADE,1872.75,0.0027
2026-08-03 23:46:25,ETHUSDT,BINANCE,TRADE,1872.75,0.0027
2026-08-03 23:46:25,ETHUSDT,BINANCE,TRADE,1872.75,0.0027
2026-08-03 23:46:25,ETHUSDT,BINANCE,TRADE,1872.75,0.0027
2026-08-03 23:46:25,ETHUSDT,BINANCE,TRADE,1872.74,0.0027
2026-08-03 23:46:25,ETHUSDT,BINANCE,TRADE,1872.74,0.0029
2026-08-03 23:46:25,ETHUSDT,BINANCE,TRADE,1872.74,0.0029
2026-08-03 23:46:25,ETHUSDT,BINANCE,TRADE,1872.74,0.0028
2026-08-03 23:46:25,ETHUSDT,BINANCE,TRADE,1872.74,0.0027
2026-08-03 23:46:25,ETHUSDT,BINANCE,TRADE,1872.74,0.0029
2026-08-03 23:46:25,ETHUSDT,BINANCE,TRADE,1872.74,0.0027
2026-08-03 23:46:25,ETHUSDT,BINANCE,TRADE,1872.74,0.0027
2026-08-03 23:46:25,ETHUSDT,BINANCE,TRADE,1872.74,0.0027
2026-08-03 23:46:25,ETHUSDT,BINANCE,TRADE,1872.74,0.1233
2026-08-03 23:46:25,BTCUSDT,BINANCE,TRADE,63976.9,0.00158
2026-08-03 23:46:25,BTCUSDT,BINANCE,TRADE,63976.9,0.07759
2026-08-03 23:46:25,SOLUSDT,BINANCE,TRADE,74.18,1.322
2026-08-03 23:46:25,BTCUSDT,BINANCE,TRADE,63976.9,0.00016
2026-08-03 23:46:26,SOLUSDT,BINANCE,TRADE,74.18,0.635
2026-08-03 23:46:26,BTCUSDT,BINANCE,TRADE,63976.9,0.00299
2026-08-03 23:46:27,SOLUSDT,BINANCE,TRADE,74.18,7.47
2026-08-03 23:46:27,SOLUSDT,BINANCE,TRADE,74.18,7.47
2026-08-03 23:46:27,ETHUSDT,BINANCE,TRADE,1872.74,2.3087
2026-08-03 23:46:27,ETHUSDT,BINANCE,TRADE,1872.74,6.422
2026-08-03 23:46:27,ETHUSDT,BINANCE,TRADE,1872.74,5.3398
2026-08-03 23:46:27,ETHUSDT,BINANCE,TRADE,1872.74,1.3663
2026-08-03 23:46:27,ETHUSDT,BINANCE,TRADE,1872.74,4
2026-08-03 23:46:27,ETHUSDT,BINANCE,TRADE,1872.74,1.3663
2026-08-03 23:46:27,ETHUSDT,BINANCE,TRADE,1872.74,3
2026-08-03 23:46:27,ETHUSDT,BINANCE,TRADE,1872.74,10.1025
2026-08-03 23:46:27,ETHUSDT,BINANCE,TRADE,1872.74,1.0677
2026-08-03 23:46:27,ETHUSDT,BINANCE,TRADE,1872.74,2.7899
2026-08-03 23:46:27,SOLUSDT,BINANCE,TRADE,74.18,7.47
2026-08-03 23:46:28,ETHUSDT,BINANCE,TRADE,1872.73,0.0027
2026-08-03 23:46:28,ETHUSDT,BINANCE,TRADE,1872.73,0.3373
2026-08-03 23:46:28,ETHUSDT,BINANCE,TRADE,1872.74,0.0132
2026-08-03 23:46:28,BTCUSDT,BINANCE,TRADE,63976.9,0.0034
2026-08-03 23:46:28,SOLUSDT,BINANCE,TRADE,74.18,19.272
2026-08-03 23:46:28,SOLUSDT,BINANCE,TRADE,74.18,3
2026-08-03 23:46:28,SOLUSDT,BINANCE,TRADE,74.18,8.78
2026-08-03 23:46:28,SOLUSDT,BINANCE,TRADE,74.18,0.071
2026-08-03 23:46:28,SOLUSDT,BINANCE,TRADE,74.18,0.073
2026-08-03 23:46:28,SOLUSDT,BINANCE,TRADE,74.18,0.073
2026-08-03 23:46:28,SOLUSDT,BINANCE,TRADE,74.18,0.071
2026-08-03 23:46:28,SOLUSDT,BINANCE,TRADE,74.18,0.135
2026-08-03 23:46:28,SOLUSDT,BINANCE,TRADE,74.18,0.073
2026-08-03 23:46:28,SOLUSDT,BINANCE,TRADE,74.18,0.073
2026-08-03 23:46:28,SOLUSDT,BINANCE,TRADE,74.18,0.073
2026-08-03 23:46:28,SOLUSDT,BINANCE,TRADE,74.18,0.073
2026-08-03 23:46:28,SOLUSDT,BINANCE,TRADE,74.18,0.07
2026-08-03 23:46:28,SOLUSDT,BINANCE,TRADE,74.18,0.073
2026-08-03 23:46:28,SOLUSDT,BINANCE,TRADE,74.18,5.532
2026-08-03 23:46:28,SOLUSDT,BINANCE,TRADE,74.18,0.073
2026-08-03 23:46:28,SOLUSDT,BINANCE,TRADE,74.18,2.076
2026-08-03 23:46:28,SOLUSDT,BINANCE,TRADE,74.18,0.222
2026-08-03 23:46:28,SOLUSDT,BINANCE,TRADE,74.18,0.278
2026-08-03 23:46:28,SOLUSDT,BINANCE,TRADE,74.18,7.378
2026-08-03 23:46:28,ETHUSDT,BINANCE,TRADE,1872.73,0.0989
2026-08-03 23:46:29,SOLUSDT,BINANCE,TRADE,74.18,0.209
2026-08-03 23:46:29,ETHUSDT,BINANCE,TRADE,1872.73,0.0099
2026-08-03 23:46:29,BTCUSDT,BINANCE,TRADE,63976.9,0.026
2026-08-03 23:46:29,BTCUSDT,BINANCE,TRADE,63976.9,0.003
2026-08-03 23:46:29,BTCUSDT,BINANCE,TRADE,63976.9,0.003
2026-08-03 23:46:29,BTCUSDT,BINANCE,TRADE,63976.9,0.01
2026-08-03 23:46:29,BTCUSDT,BINANCE,TRADE,63976.9,0.01
2026-08-03 23:46:29,BTCUSDT,BINANCE,TRADE,63976.9,0.01
2026-08-03 23:46:29,BTCUSDT,BINANCE,TRADE,63976.9,0.0002
2026-08-03 23:46:30,SOLUSDT,BINANCE,TRADE,74.18,57.47
2026-08-03 23:46:30,SOLUSDT,BINANCE,TRADE,74.17,0.34
2026-08-03 23:46:30,BTCUSDT,BINANCE,TRADE,63976.9,0.026
2026-08-03 23:46:30,BTCUSDT,BINANCE,TRADE,63976.9,0.026
2026-08-03 23:46:31,SOLUSDT,BINANCE,TRADE,74.18,7.029
2026-08-03 23:46:31,SOLUSDT,BINANCE,TRADE,74.18,0.539
2026-08-03 23:46:31,SOLUSDT,BINANCE,TRADE,74.18,2.581
2026-08-03 23:46:31,SOLUSDT,BINANCE,TRADE,74.18,0.071
2026-08-03 23:46:31,SOLUSDT,BINANCE,TRADE,74.18,0.071
2026-08-03 23:46:31,SOLUSDT,BINANCE,TRADE,74.18,0.073
2026-08-03 23:46:31,SOLUSDT,BINANCE,TRADE,74.18,0.073
2026-08-03 23:46:31,SOLUSDT,BINANCE,TRADE,74.18,0.073
2026-08-03 23:46:31,SOLUSDT,BINANCE,TRADE,74.18,0.073
2026-08-03 23:46:31,SOLUSDT,BINANCE,TRADE,74.18,0.073
2026-08-03 23:46:31,SOLUSDT,BINANCE,TRADE,74.18,0.073
2026-08-03 23:46:31,SOLUSDT,BINANCE,TRADE,74.18,0.073
2026-08-03 23:46:31,SOLUSDT,BINANCE,TRADE,74.18,0.073
2026-08-03 23:46:31,SOLUSDT,BINANCE,TRADE,74.18,0.135
2026-08-03 23:46:31,SOLUSDT,BINANCE,TRADE,74.18,1.62
2026-08-03 23:46:31,SOLUSDT,BINANCE,TRADE,74.18,1.873
2026-08-03 23:46:31,SOLUSDT,BINANCE,TRADE,74.18,0.152
2026-08-03 23:46:31,SOLUSDT,BINANCE,TRADE,74.18,0.116
2026-08-03 23:46:31,SOLUSDT,BINANCE,TRADE,74.18,2
2026-08-03 23:46:31,SOLUSDT,BINANCE,TRADE,74.18,2.699
2026-08-03 23:46:31,SOLUSDT,BINANCE,TRADE,74.18,8.528
2026-08-03 23:46:31,BTCUSDT,BINANCE,TRADE,63976.9,0.02548
2026-08-03 23:46:31,BTCUSDT,BINANCE,TRADE,63976.9,0.01031
2026-08-03 23:46:31,ETHUSDT,BINANCE,TRADE,1872.74,0.0027
2026-08-03 23:46:31,ETHUSDT,BINANCE,TRADE,1872.74,0.0028
2026-08-03 23:46:31,ETHUSDT,BINANCE,TRADE,1872.74,0.0027
2026-08-03 23:46:31,ETHUSDT,BINANCE,TRADE,1872.74,0.0027
2026-08-03 23:46:31,ETHUSDT,BINANCE,TRADE,1872.74,0.0054
2026-08-03 23:46:31,ETHUSDT,BINANCE,TRADE,1872.74,0.0027
2026-08-03 23:46:31,ETHUSDT,BINANCE,TRADE,1872.74,0.0027
2026-08-03 23:46:31,ETHUSDT,BINANCE,TRADE,1872.74,0.2392
2026-08-03 23:46:31,ETHUSDT,BINANCE,TRADE,1872.74,0.0028
2026-08-03 23:46:31,ETHUSDT,BINANCE,TRADE,1872.74,0.2003
2026-08-03 23:46:31,BTCUSDT,BINANCE,TRADE,63976.9,0.026
2026-08-03 23:46:31,BTCUSDT,BINANCE,TRADE,63976.9,0.01
2026-08-03 23:46:31,BTCUSDT,BINANCE,TRADE,63976.9,0.001
2026-08-03 23:46:31,BTCUSDT,BINANCE,TRADE,63976.9,0.012
2026-08-03 23:46:31,BTCUSDT,BINANCE,TRADE,63976.9,0.026
2026-08-03 23:46:31,BTCUSDT,BINANCE,TRADE,63976.9,0.01
2026-08-03 23:46:31,BTCUSDT,BINANCE,TRADE,63976.9,0.01
2026-08-03 23:46:31,BTCUSDT,BINANCE,TRADE,63976.9,0.00367
2026-08-03 23:46:31,BTCUSDT,BINANCE,TRADE,63976.9,9e-05
2026-08-03 23:46:31,BTCUSDT,BINANCE,TRADE,63976.9,9e-05
2026-08-03 23:46:31,BTCUSDT,BINANCE,TRADE,63976.9,8e-05
2026-08-03 23:46:31,BTCUSDT,BINANCE,TRADE,63976.9,9e-05
2026-08-03 23:46:31,BTCUSDT,BINANCE,TRADE,63976.9,9e-05
2026-08-03 23:46:31,BTCUSDT,BINANCE,TRADE,63976.9,9e-05
2026-08-03 23:46:31,BTCUSDT,BINANCE,TRADE,63976.9,9e-05
2026-08-03 23:46:31,BTCUSDT,BINANCE,TRADE,63976.9,8e-05
2026-08-03 23:46:31,BTCUSDT,BINANCE,TRADE,63976.9,9e-05
2026-08-03 23:46:31,BTCUSDT,BINANCE,TRADE,63976.9,0.00554
2026-08-03 23:46:32,SOLUSDT,BINANCE,TRADE,74.18,58.953
2026-08-03 23:46:32,SOLUSDT,BINANCE,TRADE,74.18,0.071
2026-08-03 23:46:32,SOLUSDT,BINANCE,TRADE,74.18,0.073
2026-08-03 23:46:32,SOLUSDT,BINANCE,TRADE,74.18,0.073
2026-08-03 23:46:32,SOLUSDT,BINANCE,TRADE,74.18,0.073
2026-08-03 23:46:32,SOLUSDT,BINANCE,TRADE,74.18,0.071
2026-08-03 23:46:32,SOLUSDT,BINANCE,TRADE,74.18,0.135
2026-08-03 23:46:32,SOLUSDT,BINANCE,TRADE,74.18,0.073
2026-08-03 23:46:32,SOLUSDT,BINANCE,TRADE,74.18,0.073
2026-08-03 23:46:32,SOLUSDT,BINANCE,TRADE,74.18,0.226
2026-08-03 23:46:32,SOLUSDT,BINANCE,TRADE,74.18,0.073
2026-08-03 23:46:32,SOLUSDT,BINANCE,TRADE,74.18,0.073
2026-08-03 23:46:32,SOLUSDT,BINANCE,TRADE,74.18,0.073
2026-08-03 23:46:32,SOLUSDT,BINANCE,TRADE,74.18,4.276
2026-08-03 23:46:32,SOLUSDT,BINANCE,TRADE,74.18,1.032
2026-08-03 23:46:32,SOLUSDT,BINANCE,TRADE,74.18,2.126
2026-08-03 23:46:32,BTCUSDT,BINANCE,TRADE,63976.9,0.01
2026-08-03 23:46:32,BTCUSDT,BINANCE,TRADE,63976.9,0.2369
2026-08-03 23:46:32,SOLUSDT,BINANCE,TRADE,74.18,0.133
2026-08-03 23:46:32,SOLUSDT,BINANCE,TRADE,74.18,13.362
2026-08-03 23:46:32,SOLUSDT,BINANCE,TRADE,74.18,7.5
2026-08-03 23:46:32,SOLUSDT,BINANCE,TRADE,74.18,0.071
2026-08-03 23:46:32,SOLUSDT,BINANCE,TRADE,74.18,0.071
2026-08-03 23:46:32,SOLUSDT,BINANCE,TRADE,74.18,0.073
2026-08-03 23:46:32,SOLUSDT,BINANCE,TRADE,74.18,0.073
2026-08-03 23:46:32,SOLUSDT,BINANCE,TRADE,74.18,0.073
2026-08-03 23:46:32,SOLUSDT,BINANCE,TRADE,74.18,32.062
2026-08-03 23:46:32,SOLUSDT,BINANCE,TRADE,74.18,0.073
2026-08-03 23:46:32,SOLUSDT,BINANCE,TRADE,74.18,0.073
2026-08-03 23:46:32,SOLUSDT,BINANCE,TRADE,74.18,0.135
2026-08-03 23:46:32,SOLUSDT,BINANCE,TRADE,74.18,0.073
2026-08-03 23:46:32,SOLUSDT,BINANCE,TRADE,74.18,0.073
2026-08-03 23:46:32,SOLUSDT,BINANCE,TRADE,74.18,0.073
2026-08-03 23:46:32,SOLUSDT,BINANCE,TRADE,74.18,0.413
2026-08-03 23:46:32,SOLUSDT,BINANCE,TRADE,74.18,1.269
2026-08-03 23:46:33,SOLUSDT,BINANCE,TRADE,74.17,28.79
2026-08-03 23:46:33,SOLUSDT,BINANCE,TRADE,74.17,44.3
2026-08-03 23:46:33,SOLUSDT,BINANCE,TRADE,74.17,58.516
2026-08-03 23:46:33,SOLUSDT,BINANCE,TRADE,74.17,16.543
2026-08-03 23:46:33,BTCUSDT,BINANCE,TRADE,63976.9,0.00925
2026-08-03 23:46:33,ETHUSDT,BINANCE,TRADE,1872.74,0.267
2026-08-03 23:46:33,SOLUSDT,BINANCE,TRADE,74.18,8.731
2026-08-03 23:46:33,SOLUSDT,BINANCE,TRADE,74.18,3.012
2026-08-03 23:46:33,SOLUSDT,BINANCE,TRADE,74.18,2
2026-08-03 23:46:33,SOLUSDT,BINANCE,TRADE,74.18,0.071
2026-08-03 23:46:33,SOLUSDT,BINANCE,TRADE,74.18,0.073
2026-08-03 23:46:33,SOLUSDT,BINANCE,TRADE,74.18,0.073
2026-08-03 23:46:33,SOLUSDT,BINANCE,TRADE,74.18,0.071
2026-08-03 23:46:33,SOLUSDT,BINANCE,TRADE,74.18,0.073
2026-08-03 23:46:33,SOLUSDT,BINANCE,TRADE,74.18,0.073
2026-08-03 23:46:33,SOLUSDT,BINANCE,TRADE,74.18,0.073
2026-08-03 23:46:33,SOLUSDT,BINANCE,TRADE,74.18,0.073
2026-08-03 23:46:33,SOLUSDT,BINANCE,TRADE,74.18,32.062
2026-08-03 23:46:33,SOLUSDT,BINANCE,TRADE,74.18,0.073
2026-08-03 23:46:33,SOLUSDT,BINANCE,TRADE,74.18,0.073
2026-08-03 23:46:33,SOLUSDT,BINANCE,TRADE,74.18,0.135
2026-08-03 23:46:33,SOLUSDT,BINANCE,TRADE,74.18,20.81
2026-08-03 23:46:33,SOLUSDT,BINANCE,TRADE,74.18,8.73
2026-08-03 23:46:33,BTCUSDT,BINANCE,TRADE,63976.9,0.00409
2026-08-03 23:46:34,SOLUSDT,BINANCE,TRADE,74.17,0.242
2026-08-03 23:46:34,SOLUSDT,BINANCE,TRADE,74.18,37.941
2026-08-03 23:46:34,SOLUSDT,BINANCE,TRADE,74.18,14.563
2026-08-03 23:46:34,SOLUSDT,BINANCE,TRADE,74.18,0.278
2026-08-03 23:46:34,SOLUSDT,BINANCE,TRADE,74.18,0.071
2026-08-03 23:46:34,SOLUSDT,BINANCE,TRADE,74.18,0.071
2026-08-03 23:46:34,SOLUSDT,BINANCE,TRADE,74.18,0.073
2026-08-03 23:46:34,SOLUSDT,BINANCE,TRADE,74.18,0.073
2026-08-03 23:46:34,SOLUSDT,BINANCE,TRADE,74.18,0.073
2026-08-03 23:46:34,SOLUSDT,BINANCE,TRADE,74.18,0.073
2026-08-03 23:46:34,SOLUSDT,BINANCE,TRADE,74.18,0.073
2026-08-03 23:46:34,SOLUSDT,BINANCE,TRADE,74.18,0.135
2026-08-03 23:46:34,SOLUSDT,BINANCE,TRADE,74.18,0.073
2026-08-03 23:46:34,SOLUSDT,BINANCE,TRADE,74.18,0.073
2026-08-03 23:46:34,SOLUSDT,BINANCE,TRADE,74.18,0.073
2026-08-03 23:46:34,SOLUSDT,BINANCE,TRADE,74.18,2.022
2026-08-03 23:46:34,SOLUSDT,BINANCE,TRADE,74.18,2
2026-08-03 23:46:34,SOLUSDT,BINANCE,TRADE,74.18,0.071
2026-08-03 23:46:34,SOLUSDT,BINANCE,TRADE,74.18,0.073
2026-08-03 23:46:34,SOLUSDT,BINANCE,TRADE,74.18,0.073
2026-08-03 23:46:34,SOLUSDT,BINANCE,TRADE,74.19,9.588
2026-08-03 23:46:34,BTCUSDT,BINANCE,TRADE,63976.9,0.00162
2026-08-03 23:46:35,ETHUSDT,BINANCE,TRADE,1872.74,0.003
2026-08-03 23:46:35,ETHUSDT,BINANCE,TRADE,1872.74,2.3348
2026-08-03 23:46:35,ETHUSDT,BINANCE,TRADE,1872.74,0.0027
2026-08-03 23:46:35,ETHUSDT,BINANCE,TRADE,1872.74,0.0909
2026-08-03 23:46:35,ETHUSDT,BINANCE,TRADE,1872.74,0.4236
2026-08-03 23:46:35,ETHUSDT,BINANCE,TRADE,1872.74,0.0585
2026-08-03 23:46:35,ETHUSDT,BINANCE,TRADE,1872.74,0.3215
2026-08-03 23:46:35,ETHUSDT,BINANCE,TRADE,1872.74,0.0028
2026-08-03 23:46:35,ETHUSDT,BINANCE,TRADE,1872.74,0.0028
2026-08-03 23:46:35,ETHUSDT,BINANCE,TRADE,1872.74,0.0028
2026-08-03 23:46:35,ETHUSDT,BINANCE,TRADE,1872.74,0.0028
2026-08-03 23:46:35,ETHUSDT,BINANCE,TRADE,1872.74,0.0028
2026-08-03 23:46:35,ETHUSDT,BINANCE,TRADE,1872.74,0.0028
2026-08-03 23:46:35,ETHUSDT,BINANCE,TRADE,1872.74,0.0032
2026-08-03 23:46:35,ETHUSDT,BINANCE,TRADE,1872.74,0.0037
2026-08-03 23:46:35,ETHUSDT,BINANCE,TRADE,1872.74,0.0032
2026-08-03 23:46:35,ETHUSDT,BINANCE,TRADE,1872.74,0.0027
2026-08-03 23:46:35,ETHUSDT,BINANCE,TRADE,1872.74,0.0027
2026-08-03 23:46:35,ETHUSDT,BINANCE,TRADE,1872.74,0.0054
2026-08-03 23:46:35,ETHUSDT,BINANCE,TRADE,1872.74,0.0028
2026-08-03 23:46:35,ETHUSDT,BINANCE,TRADE,1872.74,0.0028
2026-08-03 23:46:35,ETHUSDT,BINANCE,TRADE,1872.74,0.0098
2026-08-03 23:46:35,ETHUSDT,BINANCE,TRADE,1872.74,0.0032
2026-08-03 23:46:35,ETHUSDT,BINANCE,TRADE,1872.74,0.0584
2026-08-03 23:46:35,ETHUSDT,BINANCE,TRADE,1872.74,0.0027
2026-08-03 23:46:35,ETHUSDT,BINANCE,TRADE,1872.74,0.0027
2026-08-03 23:46:35,ETHUSDT,BINANCE,TRADE,1872.74,0.0027
2026-08-03 23:46:35,ETHUSDT,BINANCE,TRADE,1872.74,0.0027
2026-08-03 23:46:35,ETHUSDT,BINANCE,TRADE,1872.74,0.0027
2026-08-03 23:46:35,ETHUSDT,BINANCE,TRADE,1872.74,0.0027
2026-08-03 23:46:35,ETHUSDT,BINANCE,TRADE,1872.75,0.0054
2026-08-03 23:46:35,ETHUSDT,BINANCE,TRADE,1872.75,0.0027
2026-08-03 23:46:35,ETHUSDT,BINANCE,TRADE,1872.75,0.0028
2026-08-03 23:46:35,ETHUSDT,BINANCE,TRADE,1872.75,0.0028
2026-08-03 23:46:35,ETHUSDT,BINANCE,TRADE,1872.75,0.0028
2026-08-03 23:46:35,ETHUSDT,BINANCE,TRADE,1872.75,0.0028
2026-08-03 23:46:35,ETHUSDT,BINANCE,TRADE,1872.75,0.0027
2026-08-03 23:46:35,ETHUSDT,BINANCE,TRADE,1872.76,0.0054
2026-08-03 23:46:35,ETHUSDT,BINANCE,TRADE,1872.76,0.0027
2026-08-03 23:46:35,ETHUSDT,BINANCE,TRADE,1872.76,0.0028
2026-08-03 23:46:35,ETHUSDT,BINANCE,TRADE,1872.76,0.0027
2026-08-03 23:46:35,ETHUSDT,BINANCE,TRADE,1872.76,0.0027
2026-08-03 23:46:35,ETHUSDT,BINANCE,TRADE,1872.76,0.0027
2026-08-03 23:46:35,ETHUSDT,BINANCE,TRADE,1872.76,0.0027
2026-08-03 23:46:35,ETHUSDT,BINANCE,TRADE,1872.77,0.0028
2026-08-03 23:46:35,ETHUSDT,BINANCE,TRADE,1872.78,0.0028
2026-08-03 23:46:35,ETHUSDT,BINANCE,TRADE,1872.79,0.0029
2026-08-03 23:46:35,ETHUSDT,BINANCE,TRADE,1872.79,0.0029
2026-08-03 23:46:35,ETHUSDT,BINANCE,TRADE,1872.79,0.0028
2026-08-03 23:46:35,ETHUSDT,BINANCE,TRADE,1872.79,0.0029
2026-08-03 23:46:35,ETHUSDT,BINANCE,TRADE,1872.8,0.0027
2026-08-03 23:46:35,ETHUSDT,BINANCE,TRADE,1872.8,0.0027
2026-08-03 23:46:35,ETHUSDT,BINANCE,TRADE,1872.8,0.0028
2026-08-03 23:46:35,ETHUSDT,BINANCE,TRADE,1872.8,0.0027
2026-08-03 23:46:35,ETHUSDT,BINANCE,TRADE,1872.8,0.0032
2026-08-03 23:46:35,ETHUSDT,BINANCE,TRADE,1872.8,0.0028
2026-08-03 23:46:35,ETHUSDT,BINANCE,TRADE,1872.8,0.0032
2026-08-03 23:46:35,ETHUSDT,BINANCE,TRADE,1872.8,0.0028
2026-08-03 23:46:35,ETHUSDT,BINANCE,TRADE,1872.8,0.0027
2026-08-03 23:46:35,ETHUSDT,BINANCE,TRADE,1872.8,0.0028
2026-08-03 23:46:35,ETHUSDT,BINANCE,TRADE,1872.8,0.0028
2026-08-03 23:46:35,ETHUSDT,BINANCE,TRADE,1872.8,0.0028
2026-08-03 23:46:35,ETHUSDT,BINANCE,TRADE,1872.8,0.1036
2026-08-03 23:46:35,ETHUSDT,BINANCE,TRADE,1872.8,0.0028
2026-08-03 23:46:35,ETHUSDT,BINANCE,TRADE,1872.8,0.0028
2026-08-03 23:46:35,ETHUSDT,BINANCE,TRADE,1872.8,0.0028
2026-08-03 23:46:35,ETHUSDT,BINANCE,TRADE,1872.8,0.0028
2026-08-03 23:46:35,ETHUSDT,BINANCE,TRADE,1872.8,0.0027
2026-08-03 23:46:35,ETHUSDT,BINANCE,TRADE,1872.8,0.0027
2026-08-03 23:46:35,ETHUSDT,BINANCE,TRADE,1872.8,0.0027
2026-08-03 23:46:35,ETHUSDT,BINANCE,TRADE,1872.8,0.0027
2026-08-03 23:46:35,ETHUSDT,BINANCE,TRADE,1872.8,0.0027
2026-08-03 23:46:35,ETHUSDT,BINANCE,TRADE,1872.8,0.0027
2026-08-03 23:46:35,ETHUSDT,BINANCE,TRADE,1872.8,0.0027
2026-08-03 23:46:35,ETHUSDT,BINANCE,TRADE,1872.8,0.0027
2026-08-03 23:46:35,ETHUSDT,BINANCE,TRADE,1872.8,0.0027
2026-08-03 23:46:35,ETHUSDT,BINANCE,TRADE,1872.81,0.0027
2026-08-03 23:46:35,ETHUSDT,BINANCE,TRADE,1872.81,0.0028
2026-08-03 23:46:35,ETHUSDT,BINANCE,TRADE,1872.81,0.0028
2026-08-03 23:46:35,ETHUSDT,BINANCE,TRADE,1872.81,0.0028
2026-08-03 23:46:35,ETHUSDT,BINANCE,TRADE,1872.81,0.0028
2026-08-03 23:46:35,ETHUSDT,BINANCE,TRADE,1872.81,0.0028
2026-08-03 23:46:35,ETHUSDT,BINANCE,TRADE,1872.82,0.0028
2026-08-03 23:46:35,ETHUSDT,BINANCE,TRADE,1872.83,0.0028
2026-08-03 23:46:35,BTCUSDT,BINANCE,TRADE,63976.9,8e-05
2026-08-03 23:46:35,BTCUSDT,BINANCE,TRADE,63976.9,2e-05
2026-08-03 23:46:35,ETHUSDT,BINANCE,TRADE,1872.84,0.0027
2026-08-03 23:46:35,ETHUSDT,BINANCE,TRADE,1872.84,0.0028
2026-08-03 23:46:35,ETHUSDT,BINANCE,TRADE,1872.84,0.0027
2026-08-03 23:46:35,ETHUSDT,BINANCE,TRADE,1872.84,0.1418
2026-08-03 23:46:35,ETHUSDT,BINANCE,TRADE,1872.84,0.0028
2026-08-03 23:46:35,ETHUSDT,BINANCE,TRADE,1872.84,0.0032
2026-08-03 23:46:35,ETHUSDT,BINANCE,TRADE,1872.84,0.3415
2026-08-03 23:46:35,ETHUSDT,BINANCE,TRADE,1872.84,0.0028
2026-08-03 23:46:35,ETHUSDT,BINANCE,TRADE,1872.84,0.38
2026-08-03 23:46:35,ETHUSDT,BINANCE,TRADE,1872.84,0.0027
2026-08-03 23:46:35,ETHUSDT,BINANCE,TRADE,1872.84,0.0027
2026-08-03 23:46:35,ETHUSDT,BINANCE,TRADE,1872.84,0.0028
2026-08-03 23:46:35,ETHUSDT,BINANCE,TRADE,1872.84,0.0032
2026-08-03 23:46:35,ETHUSDT,BINANCE,TRADE,1872.84,0.0027
2026-08-03 23:46:35,ETHUSDT,BINANCE,TRADE,1872.84,0.0027
2026-08-03 23:46:35,ETHUSDT,BINANCE,TRADE,1872.84,0.0027
2026-08-03 23:46:35,ETHUSDT,BINANCE,TRADE,1872.84,0.0027
2026-08-03 23:46:35,ETHUSDT,BINANCE,TRADE,1872.85,0.0027
2026-08-03 23:46:35,ETHUSDT,BINANCE,TRADE,1872.85,0.0027
2026-08-03 23:46:35,ETHUSDT,BINANCE,TRADE,1872.85,0.0028
2026-08-03 23:46:35,ETHUSDT,BINANCE,TRADE,1872.85,0.0028
2026-08-03 23:46:35,ETHUSDT,BINANCE,TRADE,1872.85,0.0028
2026-08-03 23:46:35,ETHUSDT,BINANCE,TRADE,1872.85,0.0027
2026-08-03 23:46:35,ETHUSDT,BINANCE,TRADE,1872.85,0.0027
2026-08-03 23:46:35,ETHUSDT,BINANCE,TRADE,1872.85,0.0027
2026-08-03 23:46:35,ETHUSDT,BINANCE,TRADE,1872.85,0.0027
2026-08-03 23:46:35,ETHUSDT,BINANCE,TRADE,1872.85,0.0027
2026-08-03 23:46:35,ETHUSDT,BINANCE,TRADE,1872.85,0.0027
2026-08-03 23:46:35,ETHUSDT,BINANCE,TRADE,1872.85,0.0027
2026-08-03 23:46:35,ETHUSDT,BINANCE,TRADE,1872.85,0.0027
2026-08-03 23:46:35,ETHUSDT,BINANCE,TRADE,1872.86,0.0027
2026-08-03 23:46:35,ETHUSDT,BINANCE,TRADE,1872.86,0.0028
2026-08-03 23:46:35,ETHUSDT,BINANCE,TRADE,1872.87,0.0027
2026-08-03 23:46:35,ETHUSDT,BINANCE,TRADE,1872.87,0.0028
2026-08-03 23:46:35,ETHUSDT,BINANCE,TRADE,1872.87,0.0027
2026-08-03 23:46:35,ETHUSDT,BINANCE,TRADE,1872.87,0.0027
2026-08-03 23:46:35,ETHUSDT,BINANCE,TRADE,1872.87,0.0027
2026-08-03 23:46:35,ETHUSDT,BINANCE,TRADE,1872.87,0.0027
2026-08-03 23:46:35,ETHUSDT,BINANCE,TRADE,1872.88,0.0027
2026-08-03 23:46:35,ETHUSDT,BINANCE,TRADE,1872.88,0.0028
2026-08-03 23:46:35,ETHUSDT,BINANCE,TRADE,1872.88,0.0027
2026-08-03 23:46:35,ETHUSDT,BINANCE,TRADE,1872.88,0.0027
2026-08-03 23:46:35,ETHUSDT,BINANCE,TRADE,1872.88,0.0027
2026-08-03 23:46:35,ETHUSDT,BINANCE,TRADE,1872.88,0.0027
2026-08-03 23:46:35,ETHUSDT,BINANCE,TRADE,1872.89,0.0028
2026-08-03 23:46:35,ETHUSDT,BINANCE,TRADE,1872.9,0.0027
2026-08-03 23:46:35,ETHUSDT,BINANCE,TRADE,1872.9,0.0027
2026-08-03 23:46:35,ETHUSDT,BINANCE,TRADE,1872.9,0.0028
2026-08-03 23:46:35,ETHUSDT,BINANCE,TRADE,1872.9,0.0027
2026-08-03 23:46:35,ETHUSDT,BINANCE,TRADE,1872.9,0.0027
2026-08-03 23:46:35,ETHUSDT,BINANCE,TRADE,1872.9,0.0027
2026-08-03 23:46:35,ETHUSDT,BINANCE,TRADE,1872.9,0.0027
2026-08-03 23:46:35,ETHUSDT,BINANCE,TRADE,1872.91,0.0027
2026-08-03 23:46:35,ETHUSDT,BINANCE,TRADE,1872.91,0.0028
2026-08-03 23:46:35,ETHUSDT,BINANCE,TRADE,1872.91,0.0027
2026-08-03 23:46:35,ETHUSDT,BINANCE,TRADE,1872.92,0.0027
2026-08-03 23:46:35,ETHUSDT,BINANCE,TRADE,1872.92,0.0028
2026-08-03 23:46:35,ETHUSDT,BINANCE,TRADE,1872.92,0.0028
2026-08-03 23:46:35,ETHUSDT,BINANCE,TRADE,1872.92,0.0027
2026-08-03 23:46:35,ETHUSDT,BINANCE,TRADE,1872.92,0.0027
2026-08-03 23:46:35,ETHUSDT,BINANCE,TRADE,1872.92,0.0027
2026-08-03 23:46:35,ETHUSDT,BINANCE,TRADE,1872.92,0.0027
2026-08-03 23:46:35,ETHUSDT,BINANCE,TRADE,1872.93,0.0027
2026-08-03 23:46:35,ETHUSDT,BINANCE,TRADE,1872.93,0.0029
2026-08-03 23:46:35,ETHUSDT,BINANCE,TRADE,1872.93,0.0029
2026-08-03 23:46:35,ETHUSDT,BINANCE,TRADE,1872.93,0.0028
2026-08-03 23:46:35,ETHUSDT,BINANCE,TRADE,1872.93,0.0027
2026-08-03 23:46:35,ETHUSDT,BINANCE,TRADE,1872.93,0.0029
2026-08-03 23:46:35,ETHUSDT,BINANCE,TRADE,1872.93,0.0027
2026-08-03 23:46:35,ETHUSDT,BINANCE,TRADE,1872.93,0.0027
2026-08-03 23:46:35,ETHUSDT,BINANCE,TRADE,1872.93,0.0027
2026-08-03 23:46:35,ETHUSDT,BINANCE,TRADE,1872.93,2.7196
2026-08-03 23:46:35,ETHUSDT,BINANCE,TRADE,1872.93,0.5262
2026-08-03 23:46:35,BTCUSDT,BINANCE,TRADE,63976.9,6e-05
2026-08-03 23:46:35,BTCUSDT,BINANCE,TRADE,63976.9,0.00194
2026-08-03 23:46:36,BTCUSDT,BINANCE,TRADE,63976.9,0.0001
2026-08-03 23:46:36,ETHUSDT,BINANCE,TRADE,1872.94,0.0027
2026-08-03 23:46:36,ETHUSDT,BINANCE,TRADE,1872.94,0.0027
2026-08-03 23:46:36,ETHUSDT,BINANCE,TRADE,1872.94,0.0027
2026-08-03 23:46:36,ETHUSDT,BINANCE,TRADE,1872.94,0.0027
2026-08-03 23:46:36,ETHUSDT,BINANCE,TRADE,1872.94,0.0028
2026-08-03 23:46:36,ETHUSDT,BINANCE,TRADE,1872.94,0.0027
2026-08-03 23:46:36,ETHUSDT,BINANCE,TRADE,1872.94,0.0028
2026-08-03 23:46:36,ETHUSDT,BINANCE,TRADE,1872.94,0.0032
2026-08-03 23:46:36,ETHUSDT,BINANCE,TRADE,1872.94,0.0028
2026-08-03 23:46:36,ETHUSDT,BINANCE,TRADE,1872.94,0.0027
2026-08-03 23:46:36,ETHUSDT,BINANCE,TRADE,1872.94,0.0873
2026-08-03 23:46:36,ETHUSDT,BINANCE,TRADE,1872.94,0.0027
2026-08-03 23:46:36,ETHUSDT,BINANCE,TRADE,1872.94,0.0028
2026-08-03 23:46:36,ETHUSDT,BINANCE,TRADE,1872.94,0.0027
2026-08-03 23:46:36,ETHUSDT,BINANCE,TRADE,1872.94,0.0032
2026-08-03 23:46:36,ETHUSDT,BINANCE,TRADE,1872.94,0.4186
2026-08-03 23:46:36,ETHUSDT,BINANCE,TRADE,1872.94,0.0037
2026-08-03 23:46:36,ETHUSDT,BINANCE,TRADE,1872.94,0.0028
2026-08-03 23:46:36,ETHUSDT,BINANCE,TRADE,1872.94,0.0027
2026-08-03 23:46:36,ETHUSDT,BINANCE,TRADE,1872.94,0.0027
2026-08-03 23:46:36,ETHUSDT,BINANCE,TRADE,1872.94,0.0027
2026-08-03 23:46:36,ETHUSDT,BINANCE,TRADE,1872.94,0.0027
2026-08-03 23:46:36,ETHUSDT,BINANCE,TRADE,1872.94,0.0027
2026-08-03 23:46:36,ETHUSDT,BINANCE,TRADE,1872.94,0.0027
2026-08-03 23:46:36,ETHUSDT,BINANCE,TRADE,1872.94,0.0027
2026-08-03 23:46:36,ETHUSDT,BINANCE,TRADE,1872.94,0.0027
2026-08-03 23:46:36,ETHUSDT,BINANCE,TRADE,1872.94,0.0027
2026-08-03 23:46:36,ETHUSDT,BINANCE,TRADE,1872.94,0.0027
2026-08-03 23:46:36,ETHUSDT,BINANCE,TRADE,1872.94,0.0027
2026-08-03 23:46:36,ETHUSDT,BINANCE,TRADE,1872.94,0.0027
2026-08-03 23:46:36,ETHUSDT,BINANCE,TRADE,1872.94,0.0027
2026-08-03 23:46:36,ETHUSDT,BINANCE,TRADE,1872.94,0.0027
2026-08-03 23:46:36,ETHUSDT,BINANCE,TRADE,1872.94,0.0027
2026-08-03 23:46:36,ETHUSDT,BINANCE,TRADE,1872.94,0.0027
2026-08-03 23:46:36,ETHUSDT,BINANCE,TRADE,1872.94,0.0027
2026-08-03 23:46:36,ETHUSDT,BINANCE,TRADE,1872.95,0.0028
2026-08-03 23:46:36,ETHUSDT,BINANCE,TRADE,1872.95,0.0028
2026-08-03 23:46:36,ETHUSDT,BINANCE,TRADE,1872.95,0.0028
2026-08-03 23:46:36,ETHUSDT,BINANCE,TRADE,1872.95,0.0028
2026-08-03 23:46:36,ETHUSDT,BINANCE,TRADE,1872.96,0.0027
2026-08-03 23:46:36,ETHUSDT,BINANCE,TRADE,1872.96,0.0028
2026-08-03 23:46:36,ETHUSDT,BINANCE,TRADE,1872.96,0.0027
2026-08-03 23:46:36,ETHUSDT,BINANCE,TRADE,1872.97,0.003
2026-08-03 23:46:36,ETHUSDT,BINANCE,TRADE,1872.97,0.0028
2026-08-03 23:46:36,ETHUSDT,BINANCE,TRADE,1872.97,0.0028
2026-08-03 23:46:36,ETHUSDT,BINANCE,TRADE,1872.98,0.0028
2026-08-03 23:46:36,ETHUSDT,BINANCE,TRADE,1872.99,0.0027
2026-08-03 23:46:36,ETHUSDT,BINANCE,TRADE,1872.99,0.0028
2026-08-03 23:46:36,ETHUSDT,BINANCE,TRADE,1873,0.0027
2026-08-03 23:46:36,ETHUSDT,BINANCE,TRADE,1873,0.0028
2026-08-03 23:46:36,ETHUSDT,BINANCE,TRADE,1873,0.0027
2026-08-03 23:46:36,ETHUSDT,BINANCE,TRADE,1873,0.0027
2026-08-03 23:46:36,ETHUSDT,BINANCE,TRADE,1873,0.0027
2026-08-03 23:46:36,ETHUSDT,BINANCE,TRADE,1873,0.0027
2026-08-03 23:46:36,ETHUSDT,BINANCE,TRADE,1873.01,0.0029
2026-08-03 23:46:36,ETHUSDT,BINANCE,TRADE,1873.01,0.0029
2026-08-03 23:46:36,ETHUSDT,BINANCE,TRADE,1873.01,0.0028
2026-08-03 23:46:36,ETHUSDT,BINANCE,TRADE,1873.01,0.0029
2026-08-03 23:46:36,ETHUSDT,BINANCE,TRADE,1873.02,0.0027
2026-08-03 23:46:36,ETHUSDT,BINANCE,TRADE,1873.02,0.0027
2026-08-03 23:46:36,ETHUSDT,BINANCE,TRADE,1873.02,0.0028
2026-08-03 23:46:36,ETHUSDT,BINANCE,TRADE,1873.02,0.0028
2026-08-03 23:46:36,ETHUSDT,BINANCE,TRADE,1873.02,0.0027
2026-08-03 23:46:36,ETHUSDT,BINANCE,TRADE,1873.02,0.0032
2026-08-03 23:46:36,ETHUSDT,BINANCE,TRADE,1873.02,0.0032
2026-08-03 23:46:36,ETHUSDT,BINANCE,TRADE,1873.02,0.0028
2026-08-03 23:46:36,ETHUSDT,BINANCE,TRADE,1873.02,0.0054
2026-08-03 23:46:36,ETHUSDT,BINANCE,TRADE,1873.02,0.0028
2026-08-03 23:46:36,ETHUSDT,BINANCE,TRADE,1873.02,0.0862
2026-08-03 23:46:36,ETHUSDT,BINANCE,TRADE,1873.02,0.0028
2026-08-03 23:46:36,ETHUSDT,BINANCE,TRADE,1873.02,0.0028
2026-08-03 23:46:36,ETHUSDT,BINANCE,TRADE,1873.02,0.0028
2026-08-03 23:46:36,ETHUSDT,BINANCE,TRADE,1873.02,0.0028
2026-08-03 23:46:36,ETHUSDT,BINANCE,TRADE,1873.02,0.0027
2026-08-03 23:46:36,ETHUSDT,BINANCE,TRADE,1873.02,0.0027
2026-08-03 23:46:36,ETHUSDT,BINANCE,TRADE,1873.02,0.0027
2026-08-03 23:46:36,ETHUSDT,BINANCE,TRADE,1873.02,0.0027
2026-08-03 23:46:36,ETHUSDT,BINANCE,TRADE,1873.02,0.0027
2026-08-03 23:46:36,ETHUSDT,BINANCE,TRADE,1873.02,0.0027
2026-08-03 23:46:36,ETHUSDT,BINANCE,TRADE,1873.02,0.0027
2026-08-03 23:46:36,ETHUSDT,BINANCE,TRADE,1873.02,0.0027
2026-08-03 23:46:36,SOLUSDT,BINANCE,TRADE,74.19,0.073
2026-08-03 23:46:36,SOLUSDT,BINANCE,TRADE,74.19,0.073
2026-08-03 23:46:36,SOLUSDT,BINANCE,TRADE,74.19,0.135
2026-08-03 23:46:36,SOLUSDT,BINANCE,TRADE,74.19,0.069
2026-08-03 23:46:36,SOLUSDT,BINANCE,TRADE,74.19,0.075
2026-08-03 23:46:36,SOLUSDT,BINANCE,TRADE,74.19,0.071
2026-08-03 23:46:36,SOLUSDT,BINANCE,TRADE,74.19,2.712
2026-08-03 23:46:36,SOLUSDT,BINANCE,TRADE,74.19,0.071
2026-08-03 23:46:36,SOLUSDT,BINANCE,TRADE,74.19,0.073
2026-08-03 23:46:36,SOLUSDT,BINANCE,TRADE,74.19,0.073
2026-08-03 23:46:36,SOLUSDT,BINANCE,TRADE,74.19,0.073
2026-08-03 23:46:36,SOLUSDT,BINANCE,TRADE,74.19,0.073
2026-08-03 23:46:36,SOLUSDT,BINANCE,TRADE,74.19,2.044
2026-08-03 23:46:36,SOLUSDT,BINANCE,TRADE,74.19,0.073
2026-08-03 23:46:36,SOLUSDT,BINANCE,TRADE,74.19,0.073
2026-08-03 23:46:36,SOLUSDT,BINANCE,TRADE,74.19,1
2026-08-03 23:46:36,SOLUSDT,BINANCE,TRADE,74.19,0.07
2026-08-03 23:46:36,SOLUSDT,BINANCE,TRADE,74.19,0.07
2026-08-03 23:46:36,SOLUSDT,BINANCE,TRADE,74.19,0.071
2026-08-03 23:46:36,SOLUSDT,BINANCE,TRADE,74.19,0.073
2026-08-03 23:46:36,SOLUSDT,BINANCE,TRADE,74.19,0.073
2026-08-03 23:46:36,SOLUSDT,BINANCE,TRADE,74.19,40.543
2026-08-03 23:46:36,ETHUSDT,BINANCE,TRADE,1873.03,0.0027
2026-08-03 23:46:36,ETHUSDT,BINANCE,TRADE,1873.03,0.0028
2026-08-03 23:46:36,ETHUSDT,BINANCE,TRADE,1873.03,0.0054
2026-08-03 23:46:36,ETHUSDT,BINANCE,TRADE,1873.03,0.643
2026-08-03 23:46:36,ETHUSDT,BINANCE,TRADE,1873.03,0.0027
2026-08-03 23:46:36,ETHUSDT,BINANCE,TRADE,1873.03,0.0804
2026-08-03 23:46:36,ETHUSDT,BINANCE,TRADE,1873.03,0.0032
2026-08-03 23:46:36,ETHUSDT,BINANCE,TRADE,1873.03,0.0032
2026-08-03 23:46:36,ETHUSDT,BINANCE,TRADE,1873.03,0.0028
2026-08-03 23:46:36,ETHUSDT,BINANCE,TRADE,1873.03,0.0027
2026-08-03 23:46:36,ETHUSDT,BINANCE,TRADE,1873.03,0.0028
2026-08-03 23:46:36,ETHUSDT,BINANCE,TRADE,1873.03,0.0027
2026-08-03 23:46:36,ETHUSDT,BINANCE,TRADE,1873.04,0.0028
2026-08-03 23:46:36,ETHUSDT,BINANCE,TRADE,1873.04,0.0054
2026-08-03 23:46:36,ETHUSDT,BINANCE,TRADE,1873.04,0.0028
2026-08-03 23:46:36,ETHUSDT,BINANCE,TRADE,1873.05,0.0027
2026-08-03 23:46:36,ETHUSDT,BINANCE,TRADE,1873.05,0.0028
2026-08-03 23:46:36,ETHUSDT,BINANCE,TRADE,1873.05,0.0027
2026-08-03 23:46:36,ETHUSDT,BINANCE,TRADE,1873.05,0.0027
2026-08-03 23:46:36,ETHUSDT,BINANCE,TRADE,1873.05,0.0027
2026-08-03 23:46:36,ETHUSDT,BINANCE,TRADE,1873.05,0.0027
2026-08-03 23:46:36,ETHUSDT,BINANCE,TRADE,1873.05,0.0027
2026-08-03 23:46:36,ETHUSDT,BINANCE,TRADE,1873.05,0.0027
2026-08-03 23:46:36,ETHUSDT,BINANCE,TRADE,1873.07,0.0028
2026-08-03 23:46:36,ETHUSDT,BINANCE,TRADE,1873.08,0.0027
2026-08-03 23:46:36,ETHUSDT,BINANCE,TRADE,1873.08,0.0027
2026-08-03 23:46:36,ETHUSDT,BINANCE,TRADE,1873.08,0.0027
2026-08-03 23:46:36,ETHUSDT,BINANCE,TRADE,1873.08,0.003
2026-08-03 23:46:36,ETHUSDT,BINANCE,TRADE,1873.08,0.0027
2026-08-03 23:46:36,ETHUSDT,BINANCE,TRADE,1873.08,0.0028
2026-08-03 23:46:36,ETHUSDT,BINANCE,TRADE,1873.08,0.0027
2026-08-03 23:46:36,ETHUSDT,BINANCE,TRADE,1873.08,0.0027
2026-08-03 23:46:36,ETHUSDT,BINANCE,TRADE,1873.08,0.0027
2026-08-03 23:46:36,ETHUSDT,BINANCE,TRADE,1873.08,0.0027
2026-08-03 23:46:36,ETHUSDT,BINANCE,TRADE,1873.08,0.0027
2026-08-03 23:46:36,ETHUSDT,BINANCE,TRADE,1873.08,0.0027
2026-08-03 23:46:36,ETHUSDT,BINANCE,TRADE,1873.09,0.0028
2026-08-03 23:46:36,ETHUSDT,BINANCE,TRADE,1873.1,0.0028
2026-08-03 23:46:36,ETHUSDT,BINANCE,TRADE,1873.11,0.0027
2026-08-03 23:46:36,ETHUSDT,BINANCE,TRADE,1873.11,0.0029
2026-08-03 23:46:36,ETHUSDT,BINANCE,TRADE,1873.11,0.0029
2026-08-03 23:46:36,ETHUSDT,BINANCE,TRADE,1873.11,0.0028
2026-08-03 23:46:36,ETHUSDT,BINANCE,TRADE,1873.11,0.0027
2026-08-03 23:46:36,ETHUSDT,BINANCE,TRADE,1873.11,0.0029
2026-08-03 23:46:36,BTCUSDT,BINANCE,TRADE,63976.9,0.00145
2026-08-03 23:46:36,BTCUSDT,BINANCE,TRADE,63976.9,9e-05
2026-08-03 23:46:36,BTCUSDT,BINANCE,TRADE,63976.9,8e-05
2026-08-03 23:46:36,BTCUSDT,BINANCE,TRADE,63976.9,0.00016
2026-08-03 23:46:36,BTCUSDT,BINANCE,TRADE,63976.9,8e-05
2026-08-03 23:46:36,BTCUSDT,BINANCE,TRADE,63976.9,8e-05
2026-08-03 23:46:36,BTCUSDT,BINANCE,TRADE,63976.9,0.0027
2026-08-03 23:46:36,BTCUSDT,BINANCE,TRADE,63976.9,0.00127
2026-08-03 23:46:36,BTCUSDT,BINANCE,TRADE,63976.9,0.00127
2026-08-03 23:46:36,BTCUSDT,BINANCE,TRADE,63976.9,0.00127
2026-08-03 23:46:36,SOLUSDT,BINANCE,TRADE,74.19,1.427
2026-08-03 23:46:37,BTCUSDT,BINANCE,TRADE,63976.9,0.0013
2026-08-03 23:46:37,BTCUSDT,BINANCE,TRADE,63976.9,8e-05
2026-08-03 23:46:37,BTCUSDT,BINANCE,TRADE,63976.9,8e-05
2026-08-03 23:46:37,BTCUSDT,BINANCE,TRADE,63976.9,8e-05
2026-08-03 23:46:37,BTCUSDT,BINANCE,TRADE,63976.9,0.03075
2026-08-03 23:46:37,BTCUSDT,BINANCE,TRADE,63976.9,0.00011
2026-08-03 23:46:37,SOLUSDT,BINANCE,TRADE,74.2,0.567
2026-08-03 23:46:37,SOLUSDT,BINANCE,TRADE,74.2,0.082
2026-08-03 23:46:37,SOLUSDT,BINANCE,TRADE,74.2,0.403
2026-08-03 23:46:37,SOLUSDT,BINANCE,TRADE,74.2,0.265
2026-08-03 23:46:37,SOLUSDT,BINANCE,TRADE,74.2,0.071
2026-08-03 23:46:37,SOLUSDT,BINANCE,TRADE,74.2,0.083
2026-08-03 23:46:37,SOLUSDT,BINANCE,TRADE,74.2,0.095
2026-08-03 23:46:37,SOLUSDT,BINANCE,TRADE,74.2,0.131
2026-08-03 23:46:37,SOLUSDT,BINANCE,TRADE,74.2,0.771
2026-08-03 23:46:37,SOLUSDT,BINANCE,TRADE,74.2,0.079
2026-08-03 23:46:37,SOLUSDT,BINANCE,TRADE,74.2,0.238
2026-08-03 23:46:37,SOLUSDT,BINANCE,TRADE,74.2,4
2026-08-03 23:46:37,SOLUSDT,BINANCE,TRADE,74.2,14.234
2026-08-03 23:46:37,SOLUSDT,BINANCE,TRADE,74.2,0.081
2026-08-03 23:46:37,SOLUSDT,BINANCE,TRADE,74.2,10
2026-08-03 23:46:37,SOLUSDT,BINANCE,TRADE,74.2,0.211
2026-08-03 23:46:37,SOLUSDT,BINANCE,TRADE,74.2,0.118
2026-08-03 23:46:37,SOLUSDT,BINANCE,TRADE,74.2,0.13
2026-08-03 23:46:37,SOLUSDT,BINANCE,TRADE,74.2,1.276
2026-08-03 23:46:37,SOLUSDT,BINANCE,TRADE,74.2,0.853
2026-08-03 23:46:37,SOLUSDT,BINANCE,TRADE,74.2,0.124
2026-08-03 23:46:37,SOLUSDT,BINANCE,TRADE,74.2,0.22
2026-08-03 23:46:37,SOLUSDT,BINANCE,TRADE,74.2,33.438
2026-08-03 23:46:37,SOLUSDT,BINANCE,TRADE,74.2,0.57
2026-08-03 23:46:38,ETHUSDT,BINANCE,TRADE,1873.11,1.0481
2026-08-03 23:46:38,ETHUSDT,BINANCE,TRADE,1873.11,1.5514
2026-08-03 23:46:38,ETHUSDT,BINANCE,TRADE,1873.11,1.3717
2026-08-03 23:46:38,ETHUSDT,BINANCE,TRADE,1873.11,0.4643
2026-08-03 23:46:39,SOLUSDT,BINANCE,TRADE,74.2,0.2
2026-08-03 23:46:39,SOLUSDT,BINANCE,TRADE,74.19,0.083
2026-08-03 23:46:39,ETHUSDT,BINANCE,TRADE,1873.11,0.0027
2026-08-03 23:46:39,ETHUSDT,BINANCE,TRADE,1873.11,0.0307
2026-08-03 23:46:39,BTCUSDT,BINANCE,TRADE,63976.9,0.00037
2026-08-03 23:46:39,BTCUSDT,BINANCE,TRADE,63976.9,0.00095
2026-08-03 23:46:39,BTCUSDT,BINANCE,TRADE,63976.9,0.00464
2026-08-03 23:46:39,SOLUSDT,BINANCE,TRADE,74.2,5.391
2026-08-03 23:46:39,SOLUSDT,BINANCE,TRADE,74.2,14.87
2026-08-03 23:46:40,SOLUSDT,BINANCE,TRADE,74.2,1.492
2026-08-03 23:46:40,ETHUSDT,BINANCE,TRADE,1873.11,1.7202
2026-08-03 23:46:40,ETHUSDT,BINANCE,TRADE,1873.11,0.0028
2026-08-03 23:46:40,ETHUSDT,BINANCE,TRADE,1873.11,0.0027
2026-08-03 23:46:40,ETHUSDT,BINANCE,TRADE,1873.11,0.0054
2026-08-03 23:46:40,ETHUSDT,BINANCE,TRADE,1873.11,0.0027
2026-08-03 23:46:40,ETHUSDT,BINANCE,TRADE,1873.11,0.0028
2026-08-03 23:46:40,ETHUSDT,BINANCE,TRADE,1873.11,0.0027
2026-08-03 23:46:40,ETHUSDT,BINANCE,TRADE,1873.11,0.0027
2026-08-03 23:46:40,ETHUSDT,BINANCE,TRADE,1873.11,0.0027
2026-08-03 23:46:40,ETHUSDT,BINANCE,TRADE,1873.11,0.0027
2026-08-03 23:46:40,ETHUSDT,BINANCE,TRADE,1873.11,0.0028
2026-08-03 23:46:40,ETHUSDT,BINANCE,TRADE,1873.11,0.0027
2026-08-03 23:46:40,ETHUSDT,BINANCE,TRADE,1873.11,0.112
2026-08-03 23:46:40,ETHUSDT,BINANCE,TRADE,1873.11,0.0027
2026-08-03 23:46:40,ETHUSDT,BINANCE,TRADE,1873.11,0.0027
2026-08-03 23:46:40,ETHUSDT,BINANCE,TRADE,1873.11,0.0028
2026-08-03 23:46:40,ETHUSDT,BINANCE,TRADE,1873.11,0.0028
2026-08-03 23:46:40,ETHUSDT,BINANCE,TRADE,1873.11,0.0028
2026-08-03 23:46:40,ETHUSDT,BINANCE,TRADE,1873.11,0.0032
2026-08-03 23:46:40,ETHUSDT,BINANCE,TRADE,1873.11,2.1189
2026-08-03 23:46:40,BTCUSDT,BINANCE,TRADE,63976.9,0.00049
2026-08-03 23:46:40,SOLUSDT,BINANCE,TRADE,74.19,1
2026-08-03 23:46:41,SOLUSDT,BINANCE,TRADE,74.19,1.75
2026-08-03 23:46:41,BTCUSDT,BINANCE,TRADE,63976.9,0.03017
2026-08-03 23:46:41,SOLUSDT,BINANCE,TRADE,74.19,1
2026-08-03 23:46:41,ETHUSDT,BINANCE,TRADE,1873.12,0.6074
2026-08-03 23:46:42,BTCUSDT,BINANCE,TRADE,63976.9,0.00368
2026-08-03 23:46:42,BTCUSDT,BINANCE,TRADE,63976.9,8e-05
2026-08-03 23:46:42,BTCUSDT,BINANCE,TRADE,63976.9,9e-05
2026-08-03 23:46:42,BTCUSDT,BINANCE,TRADE,63976.9,0.01731
2026-08-03 23:46:42,BTCUSDT,BINANCE,TRADE,63976.9,8e-05
2026-08-03 23:46:42,BTCUSDT,BINANCE,TRADE,63976.9,0.00998
2026-08-03 23:46:42,ETHUSDT,BINANCE,TRADE,1873.12,1.0642
2026-08-03 23:46:42,SOLUSDT,BINANCE,TRADE,74.2,0.137
2026-08-03 23:46:42,BTCUSDT,BINANCE,TRADE,63976.9,0.0007
2026-08-03 23:46:42,ETHUSDT,BINANCE,TRADE,1873.11,0.1458
2026-08-03 23:46:42,ETHUSDT,BINANCE,TRADE,1873.11,0.0028
2026-08-03 23:46:42,ETHUSDT,BINANCE,TRADE,1873.11,0.0032
2026-08-03 23:46:42,ETHUSDT,BINANCE,TRADE,1873.11,0.0083
2026-08-03 23:46:42,ETHUSDT,BINANCE,TRADE,1873.11,0.0027
2026-08-03 23:46:42,ETHUSDT,BINANCE,TRADE,1873.11,0.0027
2026-08-03 23:46:42,ETHUSDT,BINANCE,TRADE,1873.11,0.0027
2026-08-03 23:46:42,ETHUSDT,BINANCE,TRADE,1873.11,0.0027
2026-08-03 23:46:42,ETHUSDT,BINANCE,TRADE,1873.11,0.0027
2026-08-03 23:46:42,ETHUSDT,BINANCE,TRADE,1873.11,0.0028
2026-08-03 23:46:42,ETHUSDT,BINANCE,TRADE,1873.11,0.0028
2026-08-03 23:46:42,ETHUSDT,BINANCE,TRADE,1873.11,0.0054
2026-08-03 23:46:42,ETHUSDT,BINANCE,TRADE,1873.11,0.0028
2026-08-03 23:46:42,ETHUSDT,BINANCE,TRADE,1873.11,0.0032
2026-08-03 23:46:42,ETHUSDT,BINANCE,TRADE,1873.11,0.0028
2026-08-03 23:46:42,ETHUSDT,BINANCE,TRADE,1873.11,0.0028
2026-08-03 23:46:42,ETHUSDT,BINANCE,TRADE,1873.11,0.0027
2026-08-03 23:46:42,ETHUSDT,BINANCE,TRADE,1873.11,0.0027
2026-08-03 23:46:42,ETHUSDT,BINANCE,TRADE,1873.11,0.0029
2026-08-03 23:46:42,ETHUSDT,BINANCE,TRADE,1873.11,0.0029
2026-08-03 23:46:42,ETHUSDT,BINANCE,TRADE,1873.11,0.0028
2026-08-03 23:46:42,ETHUSDT,BINANCE,TRADE,1873.11,0.0028
2026-08-03 23:46:42,ETHUSDT,BINANCE,TRADE,1873.11,0.0028
2026-08-03 23:46:42,ETHUSDT,BINANCE,TRADE,1873.11,0.0028
2026-08-03 23:46:42,ETHUSDT,BINANCE,TRADE,1873.11,0.0028
2026-08-03 23:46:42,ETHUSDT,BINANCE,TRADE,1873.11,0.0032
2026-08-03 23:46:42,ETHUSDT,BINANCE,TRADE,1873.11,0.0027
2026-08-03 23:46:42,ETHUSDT,BINANCE,TRADE,1873.11,0.0027
2026-08-03 23:46:42,ETHUSDT,BINANCE,TRADE,1873.11,0.0027
2026-08-03 23:46:42,ETHUSDT,BINANCE,TRADE,1873.11,0.0027
2026-08-03 23:46:42,ETHUSDT,BINANCE,TRADE,1873.11,0.0027
2026-08-03 23:46:42,ETHUSDT,BINANCE,TRADE,1873.11,0.0029
2026-08-03 23:46:42,ETHUSDT,BINANCE,TRADE,1873.11,0.0027
2026-08-03 23:46:42,ETHUSDT,BINANCE,TRADE,1873.11,0.0027
2026-08-03 23:46:42,ETHUSDT,BINANCE,TRADE,1873.11,0.0027
2026-08-03 23:46:42,ETHUSDT,BINANCE,TRADE,1873.11,0.0027
2026-08-03 23:46:42,ETHUSDT,BINANCE,TRADE,1873.11,0.0027
2026-08-03 23:46:42,ETHUSDT,BINANCE,TRADE,1873.11,0.0027
2026-08-03 23:46:42,ETHUSDT,BINANCE,TRADE,1873.11,0.0027
2026-08-03 23:46:42,ETHUSDT,BINANCE,TRADE,1873.11,0.0027
2026-08-03 23:46:42,ETHUSDT,BINANCE,TRADE,1873.11,0.0027
2026-08-03 23:46:42,ETHUSDT,BINANCE,TRADE,1873.11,0.0027
2026-08-03 23:46:42,ETHUSDT,BINANCE,TRADE,1873.11,0.0098
2026-08-03 23:46:42,BTCUSDT,BINANCE,TRADE,63976.9,0.0001
2026-08-03 23:46:42,SOLUSDT,BINANCE,TRADE,74.19,0.278
2026-08-03 23:46:42,SOLUSDT,BINANCE,TRADE,74.19,0.073
2026-08-03 23:46:42,SOLUSDT,BINANCE,TRADE,74.19,0.073
2026-08-03 23:46:42,SOLUSDT,BINANCE,TRADE,74.19,0.073
2026-08-03 23:46:42,SOLUSDT,BINANCE,TRADE,74.19,0.073
2026-08-03 23:46:42,SOLUSDT,BINANCE,TRADE,74.19,0.073
2026-08-03 23:46:42,SOLUSDT,BINANCE,TRADE,74.19,0.073
2026-08-03 23:46:42,SOLUSDT,BINANCE,TRADE,74.19,0.073
2026-08-03 23:46:42,SOLUSDT,BINANCE,TRADE,74.19,0.073
2026-08-03 23:46:42,SOLUSDT,BINANCE,TRADE,74.19,0.135
2026-08-03 23:46:42,SOLUSDT,BINANCE,TRADE,74.19,0.251
2026-08-03 23:46:42,SOLUSDT,BINANCE,TRADE,74.19,2.795
2026-08-03 23:46:42,ETHUSDT,BINANCE,TRADE,1873.1,0.003
2026-08-03 23:46:42,ETHUSDT,BINANCE,TRADE,1873.1,0.0024
2026-08-03 23:46:42,ETHUSDT,BINANCE,TRADE,1873.1,0.0028
2026-08-03 23:46:42,ETHUSDT,BINANCE,TRADE,1873.1,0.0028
2026-08-03 23:46:42,ETHUSDT,BINANCE,TRADE,1873.1,0.0028
2026-08-03 23:46:42,ETHUSDT,BINANCE,TRADE,1873.1,0.0028
2026-08-03 23:46:42,ETHUSDT,BINANCE,TRADE,1873.1,0.1267
2026-08-03 23:46:42,ETHUSDT,BINANCE,TRADE,1873.1,0.0027
2026-08-03 23:46:42,ETHUSDT,BINANCE,TRADE,1873.1,0.0027
2026-08-03 23:46:42,ETHUSDT,BINANCE,TRADE,1873.1,0.0028
2026-08-03 23:46:42,ETHUSDT,BINANCE,TRADE,1873.1,0.0028
2026-08-03 23:46:42,ETHUSDT,BINANCE,TRADE,1873.1,0.0032
2026-08-03 23:46:42,ETHUSDT,BINANCE,TRADE,1873.1,0.0028
2026-08-03 23:46:42,ETHUSDT,BINANCE,TRADE,1873.1,0.0028
2026-08-03 23:46:42,ETHUSDT,BINANCE,TRADE,1873.1,0.0028
2026-08-03 23:46:42,ETHUSDT,BINANCE,TRADE,1873.1,0.0028
2026-08-03 23:46:42,ETHUSDT,BINANCE,TRADE,1873.1,0.0088
2026-08-03 23:46:42,ETHUSDT,BINANCE,TRADE,1873.1,0.0028
2026-08-03 23:46:42,ETHUSDT,BINANCE,TRADE,1873.1,0.0032
2026-08-03 23:46:42,ETHUSDT,BINANCE,TRADE,1873.1,0.1267
2026-08-03 23:46:42,ETHUSDT,BINANCE,TRADE,1873.1,0.0027
2026-08-03 23:46:42,ETHUSDT,BINANCE,TRADE,1873.1,0.1267
2026-08-03 23:46:42,ETHUSDT,BINANCE,TRADE,1873.1,0.1267
2026-08-03 23:46:42,ETHUSDT,BINANCE,TRADE,1873.1,0.1267
2026-08-03 23:46:42,ETHUSDT,BINANCE,TRADE,1873.1,0.1267
2026-08-03 23:46:42,ETHUSDT,BINANCE,TRADE,1873.1,0.1267
2026-08-03 23:46:42,ETHUSDT,BINANCE,TRADE,1873.1,0.1267
2026-08-03 23:46:42,ETHUSDT,BINANCE,TRADE,1873.1,0.1267
2026-08-03 23:46:42,ETHUSDT,BINANCE,TRADE,1873.1,0.0299
2026-08-03 23:46:42,ETHUSDT,BINANCE,TRADE,1873.09,0.0054
2026-08-03 23:46:42,ETHUSDT,BINANCE,TRADE,1873.09,0.0028
2026-08-03 23:46:42,ETHUSDT,BINANCE,TRADE,1873.09,0.0028
2026-08-03 23:46:42,ETHUSDT,BINANCE,TRADE,1873.09,0.0027
2026-08-03 23:46:42,ETHUSDT,BINANCE,TRADE,1873.09,0.0027
2026-08-03 23:46:42,ETHUSDT,BINANCE,TRADE,1873.09,0.0028
2026-08-03 23:46:42,ETHUSDT,BINANCE,TRADE,1873.09,0.0028
2026-08-03 23:46:42,ETHUSDT,BINANCE,TRADE,1873.09,0.0028
2026-08-03 23:46:42,ETHUSDT,BINANCE,TRADE,1873.09,0.0027
2026-08-03 23:46:42,ETHUSDT,BINANCE,TRADE,1873.09,0.0027
2026-08-03 23:46:42,ETHUSDT,BINANCE,TRADE,1873.08,0.0027
2026-08-03 23:46:42,ETHUSDT,BINANCE,TRADE,1873.08,0.0029
2026-08-03 23:46:42,ETHUSDT,BINANCE,TRADE,1873.08,0.0029
2026-08-03 23:46:42,ETHUSDT,BINANCE,TRADE,1873.08,0.0028
2026-08-03 23:46:42,ETHUSDT,BINANCE,TRADE,1873.08,0.0029
2026-08-03 23:46:42,ETHUSDT,BINANCE,TRADE,1873.07,0.5317
2026-08-03 23:46:42,ETHUSDT,BINANCE,TRADE,1873.07,0.0028
2026-08-03 23:46:42,ETHUSDT,BINANCE,TRADE,1873.07,0.0028
2026-08-03 23:46:42,ETHUSDT,BINANCE,TRADE,1873.07,0.0027
2026-08-03 23:46:42,ETHUSDT,BINANCE,TRADE,1873.07,0.0027
2026-08-03 23:46:42,ETHUSDT,BINANCE,TRADE,1873.06,0.0028
2026-08-03 23:46:42,ETHUSDT,BINANCE,TRADE,1873.05,0.0029
2026-08-03 23:46:42,ETHUSDT,BINANCE,TRADE,1873.05,0.0029
2026-08-03 23:46:42,ETHUSDT,BINANCE,TRADE,1873.05,0.0028
2026-08-03 23:46:42,ETHUSDT,BINANCE,TRADE,1873.05,0.0029
2026-08-03 23:46:42,SOLUSDT,BINANCE,TRADE,74.19,4.862
2026-08-03 23:46:42,SOLUSDT,BINANCE,TRADE,74.19,0.071
2026-08-03 23:46:42,SOLUSDT,BINANCE,TRADE,74.19,0.071
2026-08-03 23:46:42,SOLUSDT,BINANCE,TRADE,74.19,0.07
2026-08-03 23:46:42,SOLUSDT,BINANCE,TRADE,74.19,0.068
2026-08-03 23:46:42,SOLUSDT,BINANCE,TRADE,74.19,0.073
2026-08-03 23:46:42,SOLUSDT,BINANCE,TRADE,74.19,0.073
2026-08-03 23:46:42,SOLUSDT,BINANCE,TRADE,74.19,0.135
2026-08-03 23:46:42,SOLUSDT,BINANCE,TRADE,74.19,0.073
2026-08-03 23:46:42,SOLUSDT,BINANCE,TRADE,74.19,0.073
2026-08-03 23:46:42,SOLUSDT,BINANCE,TRADE,74.19,0.073
2026-08-03 23:46:42,SOLUSDT,BINANCE,TRADE,74.19,0.073
2026-08-03 23:46:42,SOLUSDT,BINANCE,TRADE,74.19,0.073
2026-08-03 23:46:42,SOLUSDT,BINANCE,TRADE,74.19,0.073
2026-08-03 23:46:42,SOLUSDT,BINANCE,TRADE,74.19,0.071
2026-08-03 23:46:42,SOLUSDT,BINANCE,TRADE,74.19,0.736
2026-08-03 23:46:43,BTCUSDT,BINANCE,TRADE,63976.9,0.00013
2026-08-03 23:46:43,SOLUSDT,BINANCE,TRADE,74.19,0.141
2026-08-03 23:46:43,SOLUSDT,BINANCE,TRADE,74.19,0.394
2026-08-03 23:46:44,ETHUSDT,BINANCE,TRADE,1873.04,0.0027
2026-08-03 23:46:44,ETHUSDT,BINANCE,TRADE,1873.04,0.0028
2026-08-03 23:46:44,ETHUSDT,BINANCE,TRADE,1873.04,0.0027
2026-08-03 23:46:44,ETHUSDT,BINANCE,TRADE,1873.04,0.0028
2026-08-03 23:46:44,ETHUSDT,BINANCE,TRADE,1873.04,0.0027
2026-08-03 23:46:44,ETHUSDT,BINANCE,TRADE,1873.04,0.0028
2026-08-03 23:46:44,ETHUSDT,BINANCE,TRADE,1873.04,0.0028
2026-08-03 23:46:44,ETHUSDT,BINANCE,TRADE,1873.04,0.0027
2026-08-03 23:46:44,ETHUSDT,BINANCE,TRADE,1873.04,0.0028
2026-08-03 23:46:44,ETHUSDT,BINANCE,TRADE,1873.04,0.0028
2026-08-03 23:46:44,ETHUSDT,BINANCE,TRADE,1873.04,0.0032
2026-08-03 23:46:44,ETHUSDT,BINANCE,TRADE,1873.04,0.0032
2026-08-03 23:46:44,ETHUSDT,BINANCE,TRADE,1873.04,0.0027
2026-08-03 23:46:44,ETHUSDT,BINANCE,TRADE,1873.04,0.0027
2026-08-03 23:46:44,ETHUSDT,BINANCE,TRADE,1873.04,0.0027
2026-08-03 23:46:44,ETHUSDT,BINANCE,TRADE,1873.04,0.0027
2026-08-03 23:46:44,ETHUSDT,BINANCE,TRADE,1873.04,0.0027
2026-08-03 23:46:44,ETHUSDT,BINANCE,TRADE,1873.04,0.0027
2026-08-03 23:46:44,ETHUSDT,BINANCE,TRADE,1873.04,0.0027
2026-08-03 23:46:44,ETHUSDT,BINANCE,TRADE,1873.04,0.0027
2026-08-03 23:46:44,ETHUSDT,BINANCE,TRADE,1873.03,0.0028
2026-08-03 23:46:44,ETHUSDT,BINANCE,TRADE,1873.03,0.0028
2026-08-03 23:46:44,ETHUSDT,BINANCE,TRADE,1873.03,0.0028
2026-08-03 23:46:44,ETHUSDT,BINANCE,TRADE,1873.03,0.0028
2026-08-03 23:46:44,ETHUSDT,BINANCE,TRADE,1873.02,0.0027
2026-08-03 23:46:44,ETHUSDT,BINANCE,TRADE,1873.02,0.0028
2026-08-03 23:46:44,ETHUSDT,BINANCE,TRADE,1873.02,0.0027
2026-08-03 23:46:44,ETHUSDT,BINANCE,TRADE,1873.02,0.0027
2026-08-03 23:46:44,ETHUSDT,BINANCE,TRADE,1873.02,0.0027
2026-08-03 23:46:44,ETHUSDT,BINANCE,TRADE,1873.02,0.0027
2026-08-03 23:46:44,ETHUSDT,BINANCE,TRADE,1873.01,0.0027
2026-08-03 23:46:44,ETHUSDT,BINANCE,TRADE,1873.01,0.0027
2026-08-03 23:46:44,ETHUSDT,BINANCE,TRADE,1873.01,0.0027
2026-08-03 23:46:44,ETHUSDT,BINANCE,TRADE,1873.01,0.0028
2026-08-03 23:46:44,ETHUSDT,BINANCE,TRADE,1873.01,0.0027
2026-08-03 23:46:44,ETHUSDT,BINANCE,TRADE,1873.01,0.0028
2026-08-03 23:46:44,ETHUSDT,BINANCE,TRADE,1873.01,0.0027
2026-08-03 23:46:44,ETHUSDT,BINANCE,TRADE,1873.01,0.0027
2026-08-03 23:46:44,ETHUSDT,BINANCE,TRADE,1873.01,0.0027
2026-08-03 23:46:44,ETHUSDT,BINANCE,TRADE,1873.01,0.0027
2026-08-03 23:46:44,ETHUSDT,BINANCE,TRADE,1873.01,0.0027
2026-08-03 23:46:44,ETHUSDT,BINANCE,TRADE,1873.01,0.0027
2026-08-03 23:46:44,ETHUSDT,BINANCE,TRADE,1873.01,0.0027
2026-08-03 23:46:44,ETHUSDT,BINANCE,TRADE,1873.01,0.0027
2026-08-03 23:46:44,ETHUSDT,BINANCE,TRADE,1873.01,0.0027
2026-08-03 23:46:44,ETHUSDT,BINANCE,TRADE,1873.01,0.0027
2026-08-03 23:46:44,ETHUSDT,BINANCE,TRADE,1873,0.0029
2026-08-03 23:46:44,ETHUSDT,BINANCE,TRADE,1873,0.0029
2026-08-03 23:46:44,ETHUSDT,BINANCE,TRADE,1873,0.0028
2026-08-03 23:46:44,ETHUSDT,BINANCE,TRADE,1873,0.0029
2026-08-03 23:46:44,BTCUSDT,BINANCE,TRADE,63976.9,8e-05
2026-08-03 23:46:44,BTCUSDT,BINANCE,TRADE,63976.9,0.07992
2026-08-03 23:46:44,BTCUSDT,BINANCE,TRADE,63976.9,0.01008
2026-08-03 23:46:44,BTCUSDT,BINANCE,TRADE,63976.9,0.00016
2026-08-03 23:46:44,BTCUSDT,BINANCE,TRADE,63976.9,0.0001
2026-08-03 23:46:44,BTCUSDT,BINANCE,TRADE,63976.9,8e-05
2026-08-03 23:46:44,BTCUSDT,BINANCE,TRADE,63976.9,8e-05
2026-08-03 23:46:44,BTCUSDT,BINANCE,TRADE,63976.9,8e-05
2026-08-03 23:46:44,BTCUSDT,BINANCE,TRADE,63976.9,8e-05
2026-08-03 23:46:44,BTCUSDT,BINANCE,TRADE,63976.9,0.01334
2026-08-03 23:46:44,BTCUSDT,BINANCE,TRADE,63976.9,0.01
2026-08-03 23:46:44,BTCUSDT,BINANCE,TRADE,63976.9,0.026
2026-08-03 23:46:44,BTCUSDT,BINANCE,TRADE,63976.9,0.01
2026-08-03 23:46:44,BTCUSDT,BINANCE,TRADE,63976.9,0.026
2026-08-03 23:46:44,BTCUSDT,BINANCE,TRADE,63976.9,0.026
2026-08-03 23:46:44,BTCUSDT,BINANCE,TRADE,63976.9,0.026
2026-08-03 23:46:44,BTCUSDT,BINANCE,TRADE,63976.9,0.016
2026-08-03 23:46:44,BTCUSDT,BINANCE,TRADE,63976.9,0.02
2026-08-03 23:46:44,BTCUSDT,BINANCE,TRADE,63976.9,0.0001
2026-08-03 23:46:44,BTCUSDT,BINANCE,TRADE,63976.9,0.012
2026-08-03 23:46:44,BTCUSDT,BINANCE,TRADE,63976.9,0.01
2026-08-03 23:46:44,BTCUSDT,BINANCE,TRADE,63976.9,0.01
2026-08-03 23:46:44,BTCUSDT,BINANCE,TRADE,63976.9,0.026
2026-08-03 23:46:44,BTCUSDT,BINANCE,TRADE,63976.9,0.01
2026-08-03 23:46:44,BTCUSDT,BINANCE,TRADE,63976.9,0.003
2026-08-03 23:46:44,BTCUSDT,BINANCE,TRADE,63976.9,0.001
2026-08-03 23:46:44,BTCUSDT,BINANCE,TRADE,63976.9,0.01
2026-08-03 23:46:44,BTCUSDT,BINANCE,TRADE,63976.9,0.003
2026-08-03 23:46:44,BTCUSDT,BINANCE,TRADE,63976.9,0.01
2026-08-03 23:46:44,BTCUSDT,BINANCE,TRADE,63976.9,0.01
2026-08-03 23:46:44,BTCUSDT,BINANCE,TRADE,63976.9,0.01
2026-08-03 23:46:44,BTCUSDT,BINANCE,TRADE,63976.9,0.00468
2026-08-03 23:46:44,BTCUSDT,BINANCE,TRADE,63976.9,0.00688
2026-08-03 23:46:44,BTCUSDT,BINANCE,TRADE,63976.9,8e-05
2026-08-03 23:46:44,BTCUSDT,BINANCE,TRADE,63976.9,8e-05
2026-08-03 23:46:44,BTCUSDT,BINANCE,TRADE,63976.9,8e-05
2026-08-03 23:46:44,BTCUSDT,BINANCE,TRADE,63976.9,8e-05
2026-08-03 23:46:44,BTCUSDT,BINANCE,TRADE,63976.9,0.007
2026-08-03 23:46:44,BTCUSDT,BINANCE,TRADE,63976.9,8e-05
2026-08-03 23:46:44,BTCUSDT,BINANCE,TRADE,63976.9,0.00781
2026-08-03 23:46:44,BTCUSDT,BINANCE,TRADE,63976.9,0.00088
2026-08-03 23:46:44,BTCUSDT,BINANCE,TRADE,63976.9,9e-05
2026-08-03 23:46:44,BTCUSDT,BINANCE,TRADE,63976.9,9e-05
2026-08-03 23:46:44,BTCUSDT,BINANCE,TRADE,63976.9,9e-05
2026-08-03 23:46:44,BTCUSDT,BINANCE,TRADE,63976.9,9e-05
2026-08-03 23:46:44,BTCUSDT,BINANCE,TRADE,63976.9,9e-05
2026-08-03 23:46:44,BTCUSDT,BINANCE,TRADE,63976.9,9e-05
2026-08-03 23:46:44,BTCUSDT,BINANCE,TRADE,63976.9,8e-05
2026-08-03 23:46:44,BTCUSDT,BINANCE,TRADE,63976.9,9e-05
2026-08-03 23:46:44,BTCUSDT,BINANCE,TRADE,63976.9,9e-05
2026-08-03 23:46:44,BTCUSDT,BINANCE,TRADE,63976.9,9e-05
2026-08-03 23:46:44,BTCUSDT,BINANCE,TRADE,63976.9,9e-05
2026-08-03 23:46:44,BTCUSDT,BINANCE,TRADE,63976.9,9e-05
2026-08-03 23:46:44,BTCUSDT,BINANCE,TRADE,63976.9,9e-05
2026-08-03 23:46:44,BTCUSDT,BINANCE,TRADE,63976.9,8e-05
2026-08-03 23:46:44,BTCUSDT,BINANCE,TRADE,63976.9,0.00016
2026-08-03 23:46:44,BTCUSDT,BINANCE,TRADE,63976.9,9e-05
2026-08-03 23:46:44,BTCUSDT,BINANCE,TRADE,63976.9,8e-05
2026-08-03 23:46:44,BTCUSDT,BINANCE,TRADE,63976.9,1e-05
2026-08-03 23:46:44,BTCUSDT,BINANCE,TRADE,63976.9,8e-05
2026-08-03 23:46:44,BTCUSDT,BINANCE,TRADE,63976.9,8e-05
2026-08-03 23:46:44,BTCUSDT,BINANCE,TRADE,63976.9,8e-05
2026-08-03 23:46:44,BTCUSDT,BINANCE,TRADE,63976.9,8e-05
2026-08-03 23:46:44,BTCUSDT,BINANCE,TRADE,63976.9,8e-05
2026-08-03 23:46:44,BTCUSDT,BINANCE,TRADE,63976.9,8e-05
2026-08-03 23:46:44,BTCUSDT,BINANCE,TRADE,63976.9,9e-05
2026-08-03 23:46:44,BTCUSDT,BINANCE,TRADE,63976.9,9e-05
2026-08-03 23:46:44,BTCUSDT,BINANCE,TRADE,63976.9,0.00016
2026-08-03 23:46:44,BTCUSDT,BINANCE,TRADE,63976.9,9e-05
2026-08-03 23:46:44,BTCUSDT,BINANCE,TRADE,63976.9,9e-05
2026-08-03 23:46:44,BTCUSDT,BINANCE,TRADE,63976.9,9e-05
2026-08-03 23:46:44,BTCUSDT,BINANCE,TRADE,63976.9,9e-05
2026-08-03 23:46:44,BTCUSDT,BINANCE,TRADE,63976.9,9e-05
2026-08-03 23:46:44,BTCUSDT,BINANCE,TRADE,63976.9,9e-05
2026-08-03 23:46:44,BTCUSDT,BINANCE,TRADE,63976.9,0.00016
2026-08-03 23:46:44,BTCUSDT,BINANCE,TRADE,63976.6,8e-05
2026-08-03 23:46:44,BTCUSDT,BINANCE,TRADE,63976.5,8e-05
2026-08-03 23:46:44,BTCUSDT,BINANCE,TRADE,63976.5,0.00077
2026-08-03 23:46:44,BTCUSDT,BINANCE,TRADE,63976,9e-05
2026-08-03 23:46:44,BTCUSDT,BINANCE,TRADE,63976,9e-05
2026-08-03 23:46:44,BTCUSDT,BINANCE,TRADE,63976,9e-05
2026-08-03 23:46:44,BTCUSDT,BINANCE,TRADE,63976,0.01
2026-08-03 23:46:44,BTCUSDT,BINANCE,TRADE,63976,0.01
2026-08-03 23:46:44,ETHUSDT,BINANCE,TRADE,1872.99,0.11
2026-08-03 23:46:44,ETHUSDT,BINANCE,TRADE,1872.99,0.0028
2026-08-03 23:46:44,ETHUSDT,BINANCE,TRADE,1872.99,0.0032
2026-08-03 23:46:44,ETHUSDT,BINANCE,TRADE,1872.99,0.0027
2026-08-03 23:46:44,ETHUSDT,BINANCE,TRADE,1872.99,0.0027
2026-08-03 23:46:44,ETHUSDT,BINANCE,TRADE,1872.99,0.0027
2026-08-03 23:46:44,ETHUSDT,BINANCE,TRADE,1872.99,0.0054
2026-08-03 23:46:44,ETHUSDT,BINANCE,TRADE,1872.99,0.0028
2026-08-03 23:46:44,ETHUSDT,BINANCE,TRADE,1872.99,0.0032
2026-08-03 23:46:44,ETHUSDT,BINANCE,TRADE,1872.99,0.0032
2026-08-03 23:46:44,ETHUSDT,BINANCE,TRADE,1872.99,0.0027
2026-08-03 23:46:44,ETHUSDT,BINANCE,TRADE,1872.99,0.0028
2026-08-03 23:46:44,ETHUSDT,BINANCE,TRADE,1872.99,0.0028
2026-08-03 23:46:44,ETHUSDT,BINANCE,TRADE,1872.99,0.0027
2026-08-03 23:46:44,ETHUSDT,BINANCE,TRADE,1872.99,0.0027
2026-08-03 23:46:44,ETHUSDT,BINANCE,TRADE,1872.99,0.0027
2026-08-03 23:46:44,ETHUSDT,BINANCE,TRADE,1872.98,0.0028
2026-08-03 23:46:44,ETHUSDT,BINANCE,TRADE,1872.98,0.0054
2026-08-03 23:46:44,ETHUSDT,BINANCE,TRADE,1872.98,0.0028
2026-08-03 23:46:44,ETHUSDT,BINANCE,TRADE,1872.98,0.0028
2026-08-03 23:46:44,ETHUSDT,BINANCE,TRADE,1872.98,0.0028
2026-08-03 23:46:44,ETHUSDT,BINANCE,TRADE,1872.97,0.0028
2026-08-03 23:46:44,ETHUSDT,BINANCE,TRADE,1872.97,0.0054
2026-08-03 23:46:44,ETHUSDT,BINANCE,TRADE,1872.96,0.0027
2026-08-03 23:46:44,ETHUSDT,BINANCE,TRADE,1872.96,0.0027
2026-08-03 23:46:44,ETHUSDT,BINANCE,TRADE,1872.96,0.0028
2026-08-03 23:46:44,ETHUSDT,BINANCE,TRADE,1872.96,0.0027
2026-08-03 23:46:44,ETHUSDT,BINANCE,TRADE,1872.95,0.0027
2026-08-03 23:46:44,ETHUSDT,BINANCE,TRADE,1872.95,0.0027
2026-08-03 23:46:44,ETHUSDT,BINANCE,TRADE,1872.95,0.0028
2026-08-03 23:46:44,ETHUSDT,BINANCE,TRADE,1872.95,0.0027
2026-08-03 23:46:44,ETHUSDT,BINANCE,TRADE,1872.95,0.0027
2026-08-03 23:46:44,ETHUSDT,BINANCE,TRADE,1872.94,0.0029
2026-08-03 23:46:44,ETHUSDT,BINANCE,TRADE,1872.94,0.0029
2026-08-03 23:46:44,ETHUSDT,BINANCE,TRADE,1872.94,0.0028
2026-08-03 23:46:44,ETHUSDT,BINANCE,TRADE,1872.94,0.0029
2026-08-03 23:46:44,BTCUSDT,BINANCE,TRADE,63976,0.00749
2026-08-03 23:46:44,BTCUSDT,BINANCE,TRADE,63976,0.008
2026-08-03 23:46:44,BTCUSDT,BINANCE,TRADE,63976,0.002
2026-08-03 23:46:44,BTCUSDT,BINANCE,TRADE,63976,0.005
2026-08-03 23:46:44,BTCUSDT,BINANCE,TRADE,63976,0.006
2026-08-03 23:46:44,BTCUSDT,BINANCE,TRADE,63976,8e-05
2026-08-03 23:46:44,BTCUSDT,BINANCE,TRADE,63976,8e-05
2026-08-03 23:46:44,BTCUSDT,BINANCE,TRADE,63976,9e-05
2026-08-03 23:46:44,BTCUSDT,BINANCE,TRADE,63976,9e-05
2026-08-03 23:46:44,BTCUSDT,BINANCE,TRADE,63976,9e-05
2026-08-03 23:46:44,BTCUSDT,BINANCE,TRADE,63976,8e-05
2026-08-03 23:46:44,BTCUSDT,BINANCE,TRADE,63976,9e-05
2026-08-03 23:46:44,BTCUSDT,BINANCE,TRADE,63976,9e-05
2026-08-03 23:46:44,BTCUSDT,BINANCE,TRADE,63976,9e-05
2026-08-03 23:46:44,BTCUSDT,BINANCE,TRADE,63976,9e-05
2026-08-03 23:46:44,BTCUSDT,BINANCE,TRADE,63976,8e-05
2026-08-03 23:46:44,BTCUSDT,BINANCE,TRADE,63976,9e-05
2026-08-03 23:46:44,BTCUSDT,BINANCE,TRADE,63976,9e-05
2026-08-03 23:46:44,BTCUSDT,BINANCE,TRADE,63976,9e-05
2026-08-03 23:46:44,BTCUSDT,BINANCE,TRADE,63976,9e-05
2026-08-03 23:46:44,BTCUSDT,BINANCE,TRADE,63976,9e-05
2026-08-03 23:46:44,BTCUSDT,BINANCE,TRADE,63976,8e-05
2026-08-03 23:46:44,BTCUSDT,BINANCE,TRADE,63976,0.07
2026-08-03 23:46:44,BTCUSDT,BINANCE,TRADE,63976,8e-05
2026-08-03 23:46:44,BTCUSDT,BINANCE,TRADE,63976,8e-05
2026-08-03 23:46:44,BTCUSDT,BINANCE,TRADE,63976,8e-05
2026-08-03 23:46:44,BTCUSDT,BINANCE,TRADE,63976,8e-05
2026-08-03 23:46:44,BTCUSDT,BINANCE,TRADE,63976,9e-05
2026-08-03 23:46:44,BTCUSDT,BINANCE,TRADE,63976,9e-05
2026-08-03 23:46:44,BTCUSDT,BINANCE,TRADE,63976,9e-05
2026-08-03 23:46:44,BTCUSDT,BINANCE,TRADE,63976,9e-05
2026-08-03 23:46:44,BTCUSDT,BINANCE,TRADE,63976,9e-05
2026-08-03 23:46:44,BTCUSDT,BINANCE,TRADE,63976,9e-05
2026-08-03 23:46:44,BTCUSDT,BINANCE,TRADE,63976,9e-05
2026-08-03 23:46:44,BTCUSDT,BINANCE,TRADE,63976,9e-05
2026-08-03 23:46:44,BTCUSDT,BINANCE,TRADE,63975.4,9e-05
2026-08-03 23:46:44,BTCUSDT,BINANCE,TRADE,63975.2,0.00915
2026-08-03 23:46:44,BTCUSDT,BINANCE,TRADE,63975.2,9e-05
2026-08-03 23:46:44,BTCUSDT,BINANCE,TRADE,63975.2,9e-05
2026-08-03 23:46:44,BTCUSDT,BINANCE,TRADE,63974.9,0.00071
2026-08-03 23:46:44,BTCUSDT,BINANCE,TRADE,63974.8,8e-05
2026-08-03 23:46:44,ETHUSDT,BINANCE,TRADE,1872.93,0.0027
2026-08-03 23:46:44,ETHUSDT,BINANCE,TRADE,1872.93,0.0027
2026-08-03 23:46:44,ETHUSDT,BINANCE,TRADE,1872.93,0.0027
2026-08-03 23:46:44,ETHUSDT,BINANCE,TRADE,1872.93,0.3533
2026-08-03 23:46:44,ETHUSDT,BINANCE,TRADE,1872.93,5
2026-08-03 23:46:44,ETHUSDT,BINANCE,TRADE,1872.93,0.0028
2026-08-03 23:46:44,ETHUSDT,BINANCE,TRADE,1872.93,0.0028
2026-08-03 23:46:44,ETHUSDT,BINANCE,TRADE,1872.93,0.0027
2026-08-03 23:46:44,ETHUSDT,BINANCE,TRADE,1872.93,0.0027
2026-08-03 23:46:44,ETHUSDT,BINANCE,TRADE,1872.93,0.0028
2026-08-03 23:46:44,ETHUSDT,BINANCE,TRADE,1872.93,0.0028
2026-08-03 23:46:44,ETHUSDT,BINANCE,TRADE,1872.93,0.0028
2026-08-03 23:46:44,ETHUSDT,BINANCE,TRADE,1872.93,0.0028
2026-08-03 23:46:44,ETHUSDT,BINANCE,TRADE,1872.93,0.0028
2026-08-03 23:46:44,ETHUSDT,BINANCE,TRADE,1872.93,0.0032
2026-08-03 23:46:44,ETHUSDT,BINANCE,TRADE,1872.93,0.0032
2026-08-03 23:46:44,ETHUSDT,BINANCE,TRADE,1872.93,0.0027
2026-08-03 23:46:44,ETHUSDT,BINANCE,TRADE,1872.93,0.0027
2026-08-03 23:46:44,ETHUSDT,BINANCE,TRADE,1872.93,0.0027
2026-08-03 23:46:44,ETHUSDT,BINANCE,TRADE,1872.93,0.0027
2026-08-03 23:46:44,ETHUSDT,BINANCE,TRADE,1872.93,0.0027
2026-08-03 23:46:44,ETHUSDT,BINANCE,TRADE,1872.93,0.0027
2026-08-03 23:46:44,ETHUSDT,BINANCE,TRADE,1872.93,0.0027
2026-08-03 23:46:44,ETHUSDT,BINANCE,TRADE,1872.93,0.0027
2026-08-03 23:46:44,ETHUSDT,BINANCE,TRADE,1872.93,0.0027
2026-08-03 23:46:44,ETHUSDT,BINANCE,TRADE,1872.93,0.0027
2026-08-03 23:46:44,ETHUSDT,BINANCE,TRADE,1872.93,0.0027
2026-08-03 23:46:44,ETHUSDT,BINANCE,TRADE,1872.93,0.0027
2026-08-03 23:46:44,ETHUSDT,BINANCE,TRADE,1872.93,0.0027
2026-08-03 23:46:44,ETHUSDT,BINANCE,TRADE,1872.93,0.0027
2026-08-03 23:46:44,ETHUSDT,BINANCE,TRADE,1872.93,0.0027
2026-08-03 23:46:44,ETHUSDT,BINANCE,TRADE,1872.93,0.0027
2026-08-03 23:46:44,ETHUSDT,BINANCE,TRADE,1872.93,0.0027
2026-08-03 23:46:44,ETHUSDT,BINANCE,TRADE,1872.93,0.0027
2026-08-03 23:46:44,ETHUSDT,BINANCE,TRADE,1872.93,0.0027
2026-08-03 23:46:44,ETHUSDT,BINANCE,TRADE,1872.93,0.0027
2026-08-03 23:46:44,ETHUSDT,BINANCE,TRADE,1872.93,0.0027
2026-08-03 23:46:44,ETHUSDT,BINANCE,TRADE,1872.92,0.0028
2026-08-03 23:46:44,ETHUSDT,BINANCE,TRADE,1872.92,0.0028
2026-08-03 23:46:44,ETHUSDT,BINANCE,TRADE,1872.92,0.0028
2026-08-03 23:46:44,ETHUSDT,BINANCE,TRADE,1872.91,0.0028
2026-08-03 23:46:44,BTCUSDT,BINANCE,TRADE,63974.4,9e-05
2026-08-03 23:46:44,BTCUSDT,BINANCE,TRADE,63974.4,8e-05
2026-08-03 23:46:44,BTCUSDT,BINANCE,TRADE,63974.4,8e-05
2026-08-03 23:46:44,BTCUSDT,BINANCE,TRADE,63974.4,8e-05
2026-08-03 23:46:44,BTCUSDT,BINANCE,TRADE,63974.4,8e-05
2026-08-03 23:46:44,BTCUSDT,BINANCE,TRADE,63974,9e-05
2026-08-03 23:46:44,BTCUSDT,BINANCE,TRADE,63974,9e-05
2026-08-03 23:46:44,BTCUSDT,BINANCE,TRADE,63974,9e-05
2026-08-03 23:46:44,ETHUSDT,BINANCE,TRADE,1872.9,0.0027
2026-08-03 23:46:44,ETHUSDT,BINANCE,TRADE,1872.9,0.0027
2026-08-03 23:46:44,ETHUSDT,BINANCE,TRADE,1872.9,0.0028
2026-08-03 23:46:44,ETHUSDT,BINANCE,TRADE,1872.9,0.0027
2026-08-03 23:46:44,ETHUSDT,BINANCE,TRADE,1872.89,0.0028
2026-08-03 23:46:44,ETHUSDT,BINANCE,TRADE,1872.88,0.0027
2026-08-03 23:46:44,ETHUSDT,BINANCE,TRADE,1872.88,0.0041
2026-08-03 23:46:44,ETHUSDT,BINANCE,TRADE,1872.88,0.0027
2026-08-03 23:46:44,ETHUSDT,BINANCE,TRADE,1872.88,0.0028
2026-08-03 23:46:44,ETHUSDT,BINANCE,TRADE,1872.88,0.0032
2026-08-03 23:46:44,ETHUSDT,BINANCE,TRADE,1872.88,0.0032
2026-08-03 23:46:44,ETHUSDT,BINANCE,TRADE,1872.88,0.0027
2026-08-03 23:46:44,ETHUSDT,BINANCE,TRADE,1872.88,0.0027
2026-08-03 23:46:44,BTCUSDT,BINANCE,TRADE,63974,0.0001
2026-08-03 23:46:44,SOLUSDT,BINANCE,TRADE,74.18,0.073
2026-08-03 23:46:44,SOLUSDT,BINANCE,TRADE,74.18,0.278
2026-08-03 23:46:44,SOLUSDT,BINANCE,TRADE,74.18,0.073
2026-08-03 23:46:44,SOLUSDT,BINANCE,TRADE,74.18,0.068
2026-08-03 23:46:44,SOLUSDT,BINANCE,TRADE,74.18,0.135
2026-08-03 23:46:44,SOLUSDT,BINANCE,TRADE,74.18,0.069
2026-08-03 23:46:44,SOLUSDT,BINANCE,TRADE,74.18,0.081
2026-08-03 23:46:44,SOLUSDT,BINANCE,TRADE,74.18,9.388
2026-08-03 23:46:44,SOLUSDT,BINANCE,TRADE,74.18,0.071
2026-08-03 23:46:44,SOLUSDT,BINANCE,TRADE,74.18,0.073
2026-08-03 23:46:44,SOLUSDT,BINANCE,TRADE,74.18,0.073
2026-08-03 23:46:44,SOLUSDT,BINANCE,TRADE,74.18,0.073
2026-08-03 23:46:44,SOLUSDT,BINANCE,TRADE,74.18,0.073
2026-08-03 23:46:44,SOLUSDT,BINANCE,TRADE,74.18,0.073
2026-08-03 23:46:44,SOLUSDT,BINANCE,TRADE,74.18,0.073
2026-08-03 23:46:44,SOLUSDT,BINANCE,TRADE,74.18,0.07
2026-08-03 23:46:44,SOLUSDT,BINANCE,TRADE,74.18,0.208
2026-08-03 23:46:44,SOLUSDT,BINANCE,TRADE,74.18,9.434
2026-08-03 23:46:44,SOLUSDT,BINANCE,TRADE,74.18,0.073
2026-08-03 23:46:44,SOLUSDT,BINANCE,TRADE,74.18,0.073
2026-08-03 23:46:44,SOLUSDT,BINANCE,TRADE,74.17,1.367
2026-08-03 23:46:44,SOLUSDT,BINANCE,TRADE,74.17,0.999
2026-08-03 23:46:44,ETHUSDT,BINANCE,TRADE,1872.87,0.0028
2026-08-03 23:46:44,ETHUSDT,BINANCE,TRADE,1872.87,0.0032
2026-08-03 23:46:44,ETHUSDT,BINANCE,TRADE,1872.87,0.0027
2026-08-03 23:46:44,ETHUSDT,BINANCE,TRADE,1872.87,0.0032
2026-08-03 23:46:44,ETHUSDT,BINANCE,TRADE,1872.87,0.0028
2026-08-03 23:46:44,ETHUSDT,BINANCE,TRADE,1872.87,0.0028
2026-08-03 23:46:44,ETHUSDT,BINANCE,TRADE,1872.87,0.0028
2026-08-03 23:46:44,ETHUSDT,BINANCE,TRADE,1872.87,0.0028
2026-08-03 23:46:44,ETHUSDT,BINANCE,TRADE,1872.87,0.0028
2026-08-03 23:46:44,ETHUSDT,BINANCE,TRADE,1872.87,0.0027
2026-08-03 23:46:44,ETHUSDT,BINANCE,TRADE,1872.87,0.0028
2026-08-03 23:46:44,ETHUSDT,BINANCE,TRADE,1872.87,0.0028
2026-08-03 23:46:44,ETHUSDT,BINANCE,TRADE,1872.87,0.0028
2026-08-03 23:46:44,ETHUSDT,BINANCE,TRADE,1872.87,0.0028
2026-08-03 23:46:44,ETHUSDT,BINANCE,TRADE,1872.87,0.0028
2026-08-03 23:46:44,ETHUSDT,BINANCE,TRADE,1872.87,0.0027
2026-08-03 23:46:44,ETHUSDT,BINANCE,TRADE,1872.87,0.0027
2026-08-03 23:46:44,ETHUSDT,BINANCE,TRADE,1872.86,0.0028
2026-08-03 23:46:44,ETHUSDT,BINANCE,TRADE,1872.86,0.0028
2026-08-03 23:46:44,ETHUSDT,BINANCE,TRADE,1872.86,0.0028
2026-08-03 23:46:44,ETHUSDT,BINANCE,TRADE,1872.86,0.0028
2026-08-03 23:46:44,ETHUSDT,BINANCE,TRADE,1872.85,0.0028
2026-08-03 23:46:44,ETHUSDT,BINANCE,TRADE,1872.83,0.0027
2026-08-03 23:46:44,ETHUSDT,BINANCE,TRADE,1872.83,0.0027
2026-08-03 23:46:44,ETHUSDT,BINANCE,TRADE,1872.83,0.0027
2026-08-03 23:46:44,ETHUSDT,BINANCE,TRADE,1872.83,0.0028
2026-08-03 23:46:44,ETHUSDT,BINANCE,TRADE,1872.83,0.0027
2026-08-03 23:46:44,ETHUSDT,BINANCE,TRADE,1872.83,0.0027
2026-08-03 23:46:44,ETHUSDT,BINANCE,TRADE,1872.83,0.0027
2026-08-03 23:46:44,ETHUSDT,BINANCE,TRADE,1872.83,0.0027
2026-08-03 23:46:44,ETHUSDT,BINANCE,TRADE,1872.83,0.0027
2026-08-03 23:46:44,ETHUSDT,BINANCE,TRADE,1872.83,0.0027
2026-08-03 23:46:44,ETHUSDT,BINANCE,TRADE,1872.83,0.0027
2026-08-03 23:46:44,ETHUSDT,BINANCE,TRADE,1872.83,0.0027
2026-08-03 23:46:44,ETHUSDT,BINANCE,TRADE,1872.82,0.0027
2026-08-03 23:46:44,ETHUSDT,BINANCE,TRADE,1872.82,0.0028
2026-08-03 23:46:44,ETHUSDT,BINANCE,TRADE,1872.82,0.0027
2026-08-03 23:46:44,ETHUSDT,BINANCE,TRADE,1872.82,0.0027
2026-08-03 23:46:44,ETHUSDT,BINANCE,TRADE,1872.82,0.0027
2026-08-03 23:46:44,ETHUSDT,BINANCE,TRADE,1872.82,0.0027
2026-08-03 23:46:44,ETHUSDT,BINANCE,TRADE,1872.81,0.0027
2026-08-03 23:46:44,ETHUSDT,BINANCE,TRADE,1872.81,0.0027
2026-08-03 23:46:44,ETHUSDT,BINANCE,TRADE,1872.81,0.0028
2026-08-03 23:46:44,ETHUSDT,BINANCE,TRADE,1872.81,0.0027
2026-08-03 23:46:44,ETHUSDT,BINANCE,TRADE,1872.8,0.008
2026-08-03 23:46:44,ETHUSDT,BINANCE,TRADE,1872.8,0.0029
2026-08-03 23:46:44,ETHUSDT,BINANCE,TRADE,1872.8,0.0029
2026-08-03 23:46:44,ETHUSDT,BINANCE,TRADE,1872.8,0.0028
2026-08-03 23:46:44,ETHUSDT,BINANCE,TRADE,1872.8,0.0029
2026-08-03 23:46:44,BTCUSDT,BINANCE,TRADE,63974,0.0019
2026-08-03 23:46:44,BTCUSDT,BINANCE,TRADE,63974,0.008
2026-08-03 23:46:44,BTCUSDT,BINANCE,TRADE,63974,0.005
2026-08-03 23:46:44,BTCUSDT,BINANCE,TRADE,63974,0.006
2026-08-03 23:46:44,BTCUSDT,BINANCE,TRADE,63974,9e-05
2026-08-03 23:46:44,BTCUSDT,BINANCE,TRADE,63974,9e-05
2026-08-03 23:46:44,BTCUSDT,BINANCE,TRADE,63974,9e-05
2026-08-03 23:46:44,BTCUSDT,BINANCE,TRADE,63974,8e-05
2026-08-03 23:46:44,BTCUSDT,BINANCE,TRADE,63974,9e-05
2026-08-03 23:46:44,BTCUSDT,BINANCE,TRADE,63974,9e-05
2026-08-03 23:46:44,BTCUSDT,BINANCE,TRADE,63974,8e-05
2026-08-03 23:46:44,BTCUSDT,BINANCE,TRADE,63974,9e-05
2026-08-03 23:46:44,BTCUSDT,BINANCE,TRADE,63974,9e-05
2026-08-03 23:46:44,BTCUSDT,BINANCE,TRADE,63974,9e-05
2026-08-03 23:46:44,BTCUSDT,BINANCE,TRADE,63974,9e-05
2026-08-03 23:46:44,BTCUSDT,BINANCE,TRADE,63974,8e-05
2026-08-03 23:46:44,BTCUSDT,BINANCE,TRADE,63974,9e-05
2026-08-03 23:46:44,BTCUSDT,BINANCE,TRADE,63974,9e-05
2026-08-03 23:46:44,BTCUSDT,BINANCE,TRADE,63974,9e-05
2026-08-03 23:46:44,BTCUSDT,BINANCE,TRADE,63974,9e-05
2026-08-03 23:46:44,BTCUSDT,BINANCE,TRADE,63974,0.0001
2026-08-03 23:46:44,BTCUSDT,BINANCE,TRADE,63974,9e-05
2026-08-03 23:46:44,BTCUSDT,BINANCE,TRADE,63974,8e-05
2026-08-03 23:46:44,BTCUSDT,BINANCE,TRADE,63974,8e-05
2026-08-03 23:46:44,BTCUSDT,BINANCE,TRADE,63974,8e-05
2026-08-03 23:46:44,BTCUSDT,BINANCE,TRADE,63974,8e-05
2026-08-03 23:46:44,BTCUSDT,BINANCE,TRADE,63974,8e-05
2026-08-03 23:46:44,BTCUSDT,BINANCE,TRADE,63974,9e-05
2026-08-03 23:46:44,BTCUSDT,BINANCE,TRADE,63974,9e-05
2026-08-03 23:46:44,BTCUSDT,BINANCE,TRADE,63974,9e-05
2026-08-03 23:46:44,BTCUSDT,BINANCE,TRADE,63974,9e-05
2026-08-03 23:46:44,BTCUSDT,BINANCE,TRADE,63974,9e-05
2026-08-03 23:46:44,BTCUSDT,BINANCE,TRADE,63974,9e-05
2026-08-03 23:46:44,BTCUSDT,BINANCE,TRADE,63974,9e-05
2026-08-03 23:46:44,BTCUSDT,BINANCE,TRADE,63974,9e-05
2026-08-03 23:46:44,BTCUSDT,BINANCE,TRADE,63974,9e-05
2026-08-03 23:46:44,BTCUSDT,BINANCE,TRADE,63973.3,8e-05
2026-08-03 23:46:44,BTCUSDT,BINANCE,TRADE,63973.1,0.00024
2026-08-03 23:46:44,BTCUSDT,BINANCE,TRADE,63972.8,0.00521
2026-08-03 23:46:44,BTCUSDT,BINANCE,TRADE,63972.8,9e-05
2026-08-03 23:46:44,BTCUSDT,BINANCE,TRADE,63972.8,9e-05
2026-08-03 23:46:44,BTCUSDT,BINANCE,TRADE,63972.7,8e-05
2026-08-03 23:46:44,BTCUSDT,BINANCE,TRADE,63972.7,8e-05
2026-08-03 23:46:44,BTCUSDT,BINANCE,TRADE,63972.7,8e-05
2026-08-03 23:46:44,BTCUSDT,BINANCE,TRADE,63972.7,8e-05
2026-08-03 23:46:44,BTCUSDT,BINANCE,TRADE,63972.7,8e-05
2026-08-03 23:46:44,BTCUSDT,BINANCE,TRADE,63972,8e-05
2026-08-03 23:46:44,BTCUSDT,BINANCE,TRADE,63972,8e-05
2026-08-03 23:46:44,BTCUSDT,BINANCE,TRADE,63972,9e-05
2026-08-03 23:46:44,BTCUSDT,BINANCE,TRADE,63972,9e-05
2026-08-03 23:46:44,BTCUSDT,BINANCE,TRADE,63972,9e-05
2026-08-03 23:46:44,BTCUSDT,BINANCE,TRADE,63972,0.006
2026-08-03 23:46:44,BTCUSDT,BINANCE,TRADE,63972,0.002
2026-08-03 23:46:44,BTCUSDT,BINANCE,TRADE,63972,0.008
2026-08-03 23:46:44,BTCUSDT,BINANCE,TRADE,63972,0.005
2026-08-03 23:46:44,BTCUSDT,BINANCE,TRADE,63972,9e-05
2026-08-03 23:46:44,BTCUSDT,BINANCE,TRADE,63972,9e-05
2026-08-03 23:46:44,BTCUSDT,BINANCE,TRADE,63972,0.05919
2026-08-03 23:46:44,BTCUSDT,BINANCE,TRADE,63972,8e-05
2026-08-03 23:46:44,BTCUSDT,BINANCE,TRADE,63972,8e-05
2026-08-03 23:46:44,BTCUSDT,BINANCE,TRADE,63972,0.00543
2026-08-03 23:46:44,BTCUSDT,BINANCE,TRADE,63972,9e-05
2026-08-03 23:46:44,BTCUSDT,BINANCE,TRADE,63972,9e-05
2026-08-03 23:46:44,BTCUSDT,BINANCE,TRADE,63972,9e-05
2026-08-03 23:46:44,BTCUSDT,BINANCE,TRADE,63972,8e-05
2026-08-03 23:46:44,BTCUSDT,BINANCE,TRADE,63972,9e-05
2026-08-03 23:46:44,BTCUSDT,BINANCE,TRADE,63972,9e-05
2026-08-03 23:46:44,BTCUSDT,BINANCE,TRADE,63972,9e-05
2026-08-03 23:46:44,BTCUSDT,BINANCE,TRADE,63972,9e-05
2026-08-03 23:46:44,BTCUSDT,BINANCE,TRADE,63972,9e-05
2026-08-03 23:46:44,BTCUSDT,BINANCE,TRADE,63972,9e-05
2026-08-03 23:46:44,BTCUSDT,BINANCE,TRADE,63972,9e-05
2026-08-03 23:46:44,BTCUSDT,BINANCE,TRADE,63972,9e-05
2026-08-03 23:46:44,BTCUSDT,BINANCE,TRADE,63972,9e-05
2026-08-03 23:46:44,BTCUSDT,BINANCE,TRADE,63972,9e-05
2026-08-03 23:46:44,BTCUSDT,BINANCE,TRADE,63972,9e-05
2026-08-03 23:46:44,BTCUSDT,BINANCE,TRADE,63972,9e-05
2026-08-03 23:46:44,BTCUSDT,BINANCE,TRADE,63972,9e-05
2026-08-03 23:46:44,BTCUSDT,BINANCE,TRADE,63972,9e-05
2026-08-03 23:46:44,BTCUSDT,BINANCE,TRADE,63972,9e-05
2026-08-03 23:46:44,BTCUSDT,BINANCE,TRADE,63972,9e-05
2026-08-03 23:46:44,BTCUSDT,BINANCE,TRADE,63972,9e-05
2026-08-03 23:46:44,BTCUSDT,BINANCE,TRADE,63972,9e-05
2026-08-03 23:46:44,BTCUSDT,BINANCE,TRADE,63972,9e-05
2026-08-03 23:46:44,BTCUSDT,BINANCE,TRADE,63972,9e-05
2026-08-03 23:46:44,BTCUSDT,BINANCE,TRADE,63972,8e-05
2026-08-03 23:46:44,BTCUSDT,BINANCE,TRADE,63972,8e-05
2026-08-03 23:46:44,BTCUSDT,BINANCE,TRADE,63972,9e-05
2026-08-03 23:46:44,BTCUSDT,BINANCE,TRADE,63972,9e-05
2026-08-03 23:46:44,BTCUSDT,BINANCE,TRADE,63972,9e-05
2026-08-03 23:46:44,BTCUSDT,BINANCE,TRADE,63972,9e-05
2026-08-03 23:46:44,BTCUSDT,BINANCE,TRADE,63972,9e-05
2026-08-03 23:46:44,BTCUSDT,BINANCE,TRADE,63972,9e-05
2026-08-03 23:46:44,BTCUSDT,BINANCE,TRADE,63972,9e-05
2026-08-03 23:46:44,BTCUSDT,BINANCE,TRADE,63972,9e-05
2026-08-03 23:46:44,BTCUSDT,BINANCE,TRADE,63972,9e-05
2026-08-03 23:46:44,BTCUSDT,BINANCE,TRADE,63971.6,9e-05
2026-08-03 23:46:44,BTCUSDT,BINANCE,TRADE,63971.6,9e-05
2026-08-03 23:46:44,BTCUSDT,BINANCE,TRADE,63971.6,9e-05
2026-08-03 23:46:44,BTCUSDT,BINANCE,TRADE,63971.6,9e-05
2026-08-03 23:46:44,BTCUSDT,BINANCE,TRADE,63971.6,9e-05
2026-08-03 23:46:44,BTCUSDT,BINANCE,TRADE,63971.6,8e-05
2026-08-03 23:46:44,BTCUSDT,BINANCE,TRADE,63971.6,8e-05
2026-08-03 23:46:44,BTCUSDT,BINANCE,TRADE,63970.6,8e-05
2026-08-03 23:46:44,BTCUSDT,BINANCE,TRADE,63970.2,8e-05
2026-08-03 23:46:44,BTCUSDT,BINANCE,TRADE,63970,9e-05
2026-08-03 23:46:44,BTCUSDT,BINANCE,TRADE,63970,9e-05
2026-08-03 23:46:44,BTCUSDT,BINANCE,TRADE,63970,9e-05
2026-08-03 23:46:44,BTCUSDT,BINANCE,TRADE,63970,0.006
2026-08-03 23:46:44,BTCUSDT,BINANCE,TRADE,63970,0.002
2026-08-03 23:46:44,BTCUSDT,BINANCE,TRADE,63970,0.008
2026-08-03 23:46:44,BTCUSDT,BINANCE,TRADE,63970,0.005
2026-08-03 23:46:44,BTCUSDT,BINANCE,TRADE,63970,0.01
2026-08-03 23:46:44,BTCUSDT,BINANCE,TRADE,63970,9e-05
2026-08-03 23:46:44,BTCUSDT,BINANCE,TRADE,63970,9e-05
2026-08-03 23:46:44,BTCUSDT,BINANCE,TRADE,63969.9,0.0003
2026-08-03 23:46:44,BTCUSDT,BINANCE,TRADE,63969.9,0.0022
2026-08-03 23:46:44,BTCUSDT,BINANCE,TRADE,63969.9,9e-05
2026-08-03 23:46:44,BTCUSDT,BINANCE,TRADE,63969.9,8e-05
2026-08-03 23:46:44,BTCUSDT,BINANCE,TRADE,63969.9,9e-05
2026-08-03 23:46:44,BTCUSDT,BINANCE,TRADE,63969.9,9e-05
2026-08-03 23:46:44,BTCUSDT,BINANCE,TRADE,63969.9,8e-05
2026-08-03 23:46:44,BTCUSDT,BINANCE,TRADE,63969.9,9e-05
2026-08-03 23:46:44,BTCUSDT,BINANCE,TRADE,63969.9,9e-05
2026-08-03 23:46:44,BTCUSDT,BINANCE,TRADE,63969.9,9e-05
2026-08-03 23:46:44,BTCUSDT,BINANCE,TRADE,63969.9,9e-05
2026-08-03 23:46:44,BTCUSDT,BINANCE,TRADE,63969.9,9e-05
2026-08-03 23:46:44,BTCUSDT,BINANCE,TRADE,63969.9,9e-05
2026-08-03 23:46:44,BTCUSDT,BINANCE,TRADE,63969.9,9e-05
2026-08-03 23:46:44,BTCUSDT,BINANCE,TRADE,63969.9,9e-05
2026-08-03 23:46:44,BTCUSDT,BINANCE,TRADE,63969.9,8e-05
2026-08-03 23:46:44,BTCUSDT,BINANCE,TRADE,63969.9,9e-05
2026-08-03 23:46:44,BTCUSDT,BINANCE,TRADE,63969.9,9e-05
2026-08-03 23:46:44,BTCUSDT,BINANCE,TRADE,63969.9,9e-05
2026-08-03 23:46:44,BTCUSDT,BINANCE,TRADE,63969.9,8e-05
2026-08-03 23:46:44,BTCUSDT,BINANCE,TRADE,63969.9,9e-05
2026-08-03 23:46:44,BTCUSDT,BINANCE,TRADE,63969.9,8e-05
2026-08-03 23:46:44,BTCUSDT,BINANCE,TRADE,63969.9,9e-05
2026-08-03 23:46:44,BTCUSDT,BINANCE,TRADE,63969.9,8e-05
2026-08-03 23:46:44,BTCUSDT,BINANCE,TRADE,63969.9,9e-05
2026-08-03 23:46:44,BTCUSDT,BINANCE,TRADE,63969.9,9e-05
2026-08-03 23:46:44,BTCUSDT,BINANCE,TRADE,63969.9,9e-05
2026-08-03 23:46:44,BTCUSDT,BINANCE,TRADE,63969.9,8e-05
2026-08-03 23:46:44,BTCUSDT,BINANCE,TRADE,63969.9,8e-05
2026-08-03 23:46:44,BTCUSDT,BINANCE,TRADE,63969.9,8e-05
2026-08-03 23:46:44,BTCUSDT,BINANCE,TRADE,63969.9,9e-05
2026-08-03 23:46:44,BTCUSDT,BINANCE,TRADE,63969.9,9e-05
2026-08-03 23:46:44,BTCUSDT,BINANCE,TRADE,63969.9,9e-05
2026-08-03 23:46:44,BTCUSDT,BINANCE,TRADE,63969.9,9e-05
2026-08-03 23:46:44,BTCUSDT,BINANCE,TRADE,63969.9,9e-05
2026-08-03 23:46:44,BTCUSDT,BINANCE,TRADE,63969.9,9e-05
2026-08-03 23:46:44,BTCUSDT,BINANCE,TRADE,63969.9,9e-05
2026-08-03 23:46:44,BTCUSDT,BINANCE,TRADE,63969.9,9e-05
2026-08-03 23:46:44,BTCUSDT,BINANCE,TRADE,63969.9,9e-05
2026-08-03 23:46:44,BTCUSDT,BINANCE,TRADE,63969.5,0.00048
2026-08-03 23:46:44,BTCUSDT,BINANCE,TRADE,63969.2,0.00048
2026-08-03 23:46:44,BTCUSDT,BINANCE,TRADE,63969.1,0.00023
2026-08-03 23:46:44,BTCUSDT,BINANCE,TRADE,63969.1,0.00023
2026-08-03 23:46:44,BTCUSDT,BINANCE,TRADE,63969.1,0.00977
2026-08-03 23:46:44,BTCUSDT,BINANCE,TRADE,63969.1,0.026
2026-08-03 23:46:44,BTCUSDT,BINANCE,TRADE,63969.1,0.026
2026-08-03 23:46:44,BTCUSDT,BINANCE,TRADE,63969.1,0.026
2026-08-03 23:46:44,BTCUSDT,BINANCE,TRADE,63969.1,0.001
2026-08-03 23:46:44,BTCUSDT,BINANCE,TRADE,63969.1,0.026
2026-08-03 23:46:44,BTCUSDT,BINANCE,TRADE,63969.1,0.01
2026-08-03 23:46:44,BTCUSDT,BINANCE,TRADE,63969.1,0.003
2026-08-03 23:46:44,BTCUSDT,BINANCE,TRADE,63969.1,0.003
2026-08-03 23:46:44,BTCUSDT,BINANCE,TRADE,63969.1,0.012
2026-08-03 23:46:44,BTCUSDT,BINANCE,TRADE,63969.1,0.026
2026-08-03 23:46:44,BTCUSDT,BINANCE,TRADE,63969.1,0.01
2026-08-03 23:46:44,BTCUSDT,BINANCE,TRADE,63969.1,0.01
2026-08-03 23:46:44,BTCUSDT,BINANCE,TRADE,63969.1,0.01
2026-08-03 23:46:44,BTCUSDT,BINANCE,TRADE,63969.1,0.00973
2026-08-03 23:46:44,BTCUSDT,BINANCE,TRADE,63969.1,8e-05
2026-08-03 23:46:44,BTCUSDT,BINANCE,TRADE,63969.1,0.00019
2026-08-03 23:46:44,BTCUSDT,BINANCE,TRADE,63969.1,0.01
2026-08-03 23:46:44,BTCUSDT,BINANCE,TRADE,63969.1,0.01
2026-08-03 23:46:44,BTCUSDT,BINANCE,TRADE,63969.1,9e-05
2026-08-03 23:46:44,BTCUSDT,BINANCE,TRADE,63969.1,9e-05
2026-08-03 23:46:44,BTCUSDT,BINANCE,TRADE,63969.1,8e-05
2026-08-03 23:46:44,BTCUSDT,BINANCE,TRADE,63969.1,9e-05
2026-08-03 23:46:44,BTCUSDT,BINANCE,TRADE,63969.1,9e-05
2026-08-03 23:46:44,BTCUSDT,BINANCE,TRADE,63969.1,9e-05
2026-08-03 23:46:44,BTCUSDT,BINANCE,TRADE,63969.1,9e-05
2026-08-03 23:46:44,BTCUSDT,BINANCE,TRADE,63969.1,9e-05
2026-08-03 23:46:44,BTCUSDT,BINANCE,TRADE,63969.1,9e-05
2026-08-03 23:46:44,BTCUSDT,BINANCE,TRADE,63969.1,9e-05
2026-08-03 23:46:44,BTCUSDT,BINANCE,TRADE,63969.1,9e-05
2026-08-03 23:46:44,BTCUSDT,BINANCE,TRADE,63969.1,9e-05
2026-08-03 23:46:44,BTCUSDT,BINANCE,TRADE,63969.1,9e-05
2026-08-03 23:46:44,BTCUSDT,BINANCE,TRADE,63969.1,9e-05
2026-08-03 23:46:44,BTCUSDT,BINANCE,TRADE,63969.1,9e-05
2026-08-03 23:46:44,BTCUSDT,BINANCE,TRADE,63969.1,9e-05
2026-08-03 23:46:44,BTCUSDT,BINANCE,TRADE,63969.1,8e-05
2026-08-03 23:46:44,BTCUSDT,BINANCE,TRADE,63969.1,9e-05
2026-08-03 23:46:44,BTCUSDT,BINANCE,TRADE,63969.1,9e-05
2026-08-03 23:46:44,BTCUSDT,BINANCE,TRADE,63969.1,8e-05
2026-08-03 23:46:44,BTCUSDT,BINANCE,TRADE,63969.1,8e-05
2026-08-03 23:46:44,BTCUSDT,BINANCE,TRADE,63969.1,9e-05
2026-08-03 23:46:44,BTCUSDT,BINANCE,TRADE,63969.1,9e-05
2026-08-03 23:46:44,BTCUSDT,BINANCE,TRADE,63969.1,8e-05
2026-08-03 23:46:44,BTCUSDT,BINANCE,TRADE,63969.1,9e-05
2026-08-03 23:46:44,BTCUSDT,BINANCE,TRADE,63969.1,9e-05
2026-08-03 23:46:44,BTCUSDT,BINANCE,TRADE,63969.1,9e-05
2026-08-03 23:46:44,BTCUSDT,BINANCE,TRADE,63969.1,9e-05
2026-08-03 23:46:44,BTCUSDT,BINANCE,TRADE,63969.1,8e-05
2026-08-03 23:46:44,BTCUSDT,BINANCE,TRADE,63969.1,8e-05
2026-08-03 23:46:44,BTCUSDT,BINANCE,TRADE,63969.1,8e-05
2026-08-03 23:46:44,BTCUSDT,BINANCE,TRADE,63969.1,8e-05
2026-08-03 23:46:44,BTCUSDT,BINANCE,TRADE,63969.1,9e-05
2026-08-03 23:46:44,BTCUSDT,BINANCE,TRADE,63969.1,9e-05
2026-08-03 23:46:44,BTCUSDT,BINANCE,TRADE,63969.1,9e-05
2026-08-03 23:46:44,BTCUSDT,BINANCE,TRADE,63969.1,9e-05
2026-08-03 23:46:44,BTCUSDT,BINANCE,TRADE,63969.1,9e-05
2026-08-03 23:46:44,BTCUSDT,BINANCE,TRADE,63969.1,9e-05
2026-08-03 23:46:44,BTCUSDT,BINANCE,TRADE,63969.1,9e-05
2026-08-03 23:46:44,BTCUSDT,BINANCE,TRADE,63969.1,9e-05
2026-08-03 23:46:44,BTCUSDT,BINANCE,TRADE,63969.1,9e-05
2026-08-03 23:46:44,BTCUSDT,BINANCE,TRADE,63969,8e-05
2026-08-03 23:46:44,BTCUSDT,BINANCE,TRADE,63969,8e-05
2026-08-03 23:46:44,BTCUSDT,BINANCE,TRADE,63968,9e-05
2026-08-03 23:46:44,BTCUSDT,BINANCE,TRADE,63968,9e-05
2026-08-03 23:46:44,BTCUSDT,BINANCE,TRADE,63968,9e-05
2026-08-03 23:46:44,SOLUSDT,BINANCE,TRADE,74.18,2.111
2026-08-03 23:46:44,SOLUSDT,BINANCE,TRADE,74.18,13.49
2026-08-03 23:46:44,ETHUSDT,BINANCE,TRADE,1872.79,0.0027
2026-08-03 23:46:44,ETHUSDT,BINANCE,TRADE,1872.79,0.0003
2026-08-03 23:46:44,ETHUSDT,BINANCE,TRADE,1872.79,0.0024
2026-08-03 23:46:44,ETHUSDT,BINANCE,TRADE,1872.79,0.0028
2026-08-03 23:46:44,ETHUSDT,BINANCE,TRADE,1872.79,0.0027
2026-08-03 23:46:44,ETHUSDT,BINANCE,TRADE,1872.79,0.0028
2026-08-03 23:46:44,ETHUSDT,BINANCE,TRADE,1872.79,0.0028
2026-08-03 23:46:44,ETHUSDT,BINANCE,TRADE,1872.79,0.0028
2026-08-03 23:46:44,ETHUSDT,BINANCE,TRADE,1872.79,0.0028
2026-08-03 23:46:44,ETHUSDT,BINANCE,TRADE,1872.79,0.0032
2026-08-03 23:46:44,ETHUSDT,BINANCE,TRADE,1872.79,0.0028
2026-08-03 23:46:44,ETHUSDT,BINANCE,TRADE,1872.79,0.0032
2026-08-03 23:46:44,ETHUSDT,BINANCE,TRADE,1872.79,0.0027
2026-08-03 23:46:44,ETHUSDT,BINANCE,TRADE,1872.79,0.0027
2026-08-03 23:46:44,ETHUSDT,BINANCE,TRADE,1872.79,0.0027
2026-08-03 23:46:44,ETHUSDT,BINANCE,TRADE,1872.79,0.0027
2026-08-03 23:46:44,ETHUSDT,BINANCE,TRADE,1872.79,0.0027
2026-08-03 23:46:44,ETHUSDT,BINANCE,TRADE,1872.79,0.0027
2026-08-03 23:46:44,ETHUSDT,BINANCE,TRADE,1872.79,0.0027
2026-08-03 23:46:44,ETHUSDT,BINANCE,TRADE,1872.79,0.0027
2026-08-03 23:46:44,ETHUSDT,BINANCE,TRADE,1872.78,0.0028
2026-08-03 23:46:44,ETHUSDT,BINANCE,TRADE,1872.78,0.0028
2026-08-03 23:46:44,ETHUSDT,BINANCE,TRADE,1872.78,0.0028
2026-08-03 23:46:44,ETHUSDT,BINANCE,TRADE,1872.78,0.0028
2026-08-03 23:46:44,ETHUSDT,BINANCE,TRADE,1872.77,0.0027
2026-08-03 23:46:44,ETHUSDT,BINANCE,TRADE,1872.77,0.0028
2026-08-03 23:46:44,ETHUSDT,BINANCE,TRADE,1872.77,0.0027
2026-08-03 23:46:44,ETHUSDT,BINANCE,TRADE,1872.77,0.0027
2026-08-03 23:46:44,ETHUSDT,BINANCE,TRADE,1872.77,0.0027
2026-08-03 23:46:44,ETHUSDT,BINANCE,TRADE,1872.77,0.0027
2026-08-03 23:46:44,ETHUSDT,BINANCE,TRADE,1872.76,0.0027
2026-08-03 23:46:44,ETHUSDT,BINANCE,TRADE,1872.76,0.0028
2026-08-03 23:46:44,ETHUSDT,BINANCE,TRADE,1872.76,0.0027
2026-08-03 23:46:44,ETHUSDT,BINANCE,TRADE,1872.76,0.0027
2026-08-03 23:46:44,ETHUSDT,BINANCE,TRADE,1872.76,0.0027
2026-08-03 23:46:44,ETHUSDT,BINANCE,TRADE,1872.76,0.0027
2026-08-03 23:46:44,ETHUSDT,BINANCE,TRADE,1872.75,0.0027
2026-08-03 23:46:44,ETHUSDT,BINANCE,TRADE,1872.75,0.0027
2026-08-03 23:46:44,ETHUSDT,BINANCE,TRADE,1872.75,0.0028
2026-08-03 23:46:44,ETHUSDT,BINANCE,TRADE,1872.75,0.0027
2026-08-03 23:46:44,ETHUSDT,BINANCE,TRADE,1872.75,0.0027
2026-08-03 23:46:44,ETHUSDT,BINANCE,TRADE,1872.75,0.0027
2026-08-03 23:46:44,ETHUSDT,BINANCE,TRADE,1872.75,0.0027
2026-08-03 23:46:44,ETHUSDT,BINANCE,TRADE,1872.75,0.0027
2026-08-03 23:46:44,ETHUSDT,BINANCE,TRADE,1872.75,0.0027
2026-08-03 23:46:44,ETHUSDT,BINANCE,TRADE,1872.75,0.0027
2026-08-03 23:46:44,ETHUSDT,BINANCE,TRADE,1872.75,0.0027
2026-08-03 23:46:44,ETHUSDT,BINANCE,TRADE,1872.74,0.008
2026-08-03 23:46:44,ETHUSDT,BINANCE,TRADE,1872.74,0.0029
2026-08-03 23:46:44,ETHUSDT,BINANCE,TRADE,1872.74,0.0029
2026-08-03 23:46:44,ETHUSDT,BINANCE,TRADE,1872.74,0.0028
2026-08-03 23:46:44,ETHUSDT,BINANCE,TRADE,1872.74,0.0029
2026-08-03 23:46:44,ETHUSDT,BINANCE,TRADE,1872.74,0.0138
2026-08-03 23:46:45,ETHUSDT,BINANCE,TRADE,1872.73,0.0027
2026-08-03 23:46:45,ETHUSDT,BINANCE,TRADE,1872.73,0.04
2026-08-03 23:46:45,SOLUSDT,BINANCE,TRADE,74.17,0.278
2026-08-03 23:46:45,SOLUSDT,BINANCE,TRADE,74.17,0.068
2026-08-03 23:46:45,SOLUSDT,BINANCE,TRADE,74.17,0.073
2026-08-03 23:46:45,SOLUSDT,BINANCE,TRADE,74.17,0.073
2026-08-03 23:46:45,SOLUSDT,BINANCE,TRADE,74.17,0.135
2026-08-03 23:46:45,SOLUSDT,BINANCE,TRADE,74.17,0.766
2026-08-03 23:46:45,SOLUSDT,BINANCE,TRADE,74.17,0.16
2026-08-03 23:46:45,BTCUSDT,BINANCE,TRADE,63968,0.0026
2026-08-03 23:46:45,BTCUSDT,BINANCE,TRADE,63968,0.0034
2026-08-03 23:46:45,BTCUSDT,BINANCE,TRADE,63968,0.002
2026-08-03 23:46:45,BTCUSDT,BINANCE,TRADE,63968,0.008
2026-08-03 23:46:45,BTCUSDT,BINANCE,TRADE,63968,0.005
2026-08-03 23:46:45,BTCUSDT,BINANCE,TRADE,63968,9e-05
2026-08-03 23:46:45,BTCUSDT,BINANCE,TRADE,63968,9e-05
2026-08-03 23:46:45,BTCUSDT,BINANCE,TRADE,63968,9e-05
2026-08-03 23:46:45,BTCUSDT,BINANCE,TRADE,63968,0.00733
2026-08-03 23:46:45,BTCUSDT,BINANCE,TRADE,63968,0.026
2026-08-03 23:46:45,BTCUSDT,BINANCE,TRADE,63968,0.01
2026-08-03 23:46:45,BTCUSDT,BINANCE,TRADE,63968,0.01
2026-08-03 23:46:45,BTCUSDT,BINANCE,TRADE,63968,0.003
2026-08-03 23:46:45,BTCUSDT,BINANCE,TRADE,63968,0.003
2026-08-03 23:46:45,BTCUSDT,BINANCE,TRADE,63968,0.01
2026-08-03 23:46:45,BTCUSDT,BINANCE,TRADE,63968,0.026
2026-08-03 23:46:45,BTCUSDT,BINANCE,TRADE,63968,0.01
2026-08-03 23:46:45,BTCUSDT,BINANCE,TRADE,63968,0.001
2026-08-03 23:46:45,ETHUSDT,BINANCE,TRADE,1872.74,0.0252
2026-08-03 23:46:45,ETHUSDT,BINANCE,TRADE,1872.74,0.0108
2026-08-03 23:46:45,ETHUSDT,BINANCE,TRADE,1872.73,0.0052
2026-08-03 23:46:45,BTCUSDT,BINANCE,TRADE,63968,0.00017
2026-08-03 23:46:46,BTCUSDT,BINANCE,TRADE,63968,0.01164
2026-08-03 23:46:47,BTCUSDT,BINANCE,TRADE,63968,0.026
2026-08-03 23:46:47,BTCUSDT,BINANCE,TRADE,63968,0.00331
2026-08-03 23:46:47,BTCUSDT,BINANCE,TRADE,63968,8e-05
2026-08-03 23:46:47,BTCUSDT,BINANCE,TRADE,63968,9e-05
2026-08-03 23:46:47,BTCUSDT,BINANCE,TRADE,63968,8e-05
2026-08-03 23:46:47,BTCUSDT,BINANCE,TRADE,63968,9e-05
2026-08-03 23:46:47,BTCUSDT,BINANCE,TRADE,63968,9e-05
2026-08-03 23:46:47,BTCUSDT,BINANCE,TRADE,63968,8e-05
2026-08-03 23:46:47,BTCUSDT,BINANCE,TRADE,63968,8e-05
2026-08-03 23:46:47,BTCUSDT,BINANCE,TRADE,63968,9e-05
2026-08-03 23:46:47,BTCUSDT,BINANCE,TRADE,63968,9e-05
2026-08-03 23:46:47,BTCUSDT,BINANCE,TRADE,63968,0.02192
2026-08-03 23:46:47,BTCUSDT,BINANCE,TRADE,63968,0.012
2026-08-03 23:46:47,BTCUSDT,BINANCE,TRADE,63968,0.01
2026-08-03 23:46:47,BTCUSDT,BINANCE,TRADE,63968,0.01
2026-08-03 23:46:47,BTCUSDT,BINANCE,TRADE,63968,0.01391
2026-08-03 23:46:47,BTCUSDT,BINANCE,TRADE,63968,0.01
2026-08-03 23:46:47,BTCUSDT,BINANCE,TRADE,63968,0.01
2026-08-03 23:46:47,SOLUSDT,BINANCE,TRADE,74.17,0.089
2026-08-03 23:46:48,ETHUSDT,BINANCE,TRADE,1872.73,0.3219
2026-08-03 23:46:48,ETHUSDT,BINANCE,TRADE,1872.73,0.0028
2026-08-03 23:46:48,ETHUSDT,BINANCE,TRADE,1872.73,0.0027
2026-08-03 23:46:48,ETHUSDT,BINANCE,TRADE,1872.73,0.0027
2026-08-03 23:46:48,ETHUSDT,BINANCE,TRADE,1872.73,0.0028
2026-08-03 23:46:48,ETHUSDT,BINANCE,TRADE,1872.73,0.0048
2026-08-03 23:46:48,ETHUSDT,BINANCE,TRADE,1872.73,0.0027
2026-08-03 23:46:48,ETHUSDT,BINANCE,TRADE,1872.73,0.0027
2026-08-03 23:46:48,ETHUSDT,BINANCE,TRADE,1872.73,0.0027
2026-08-03 23:46:48,ETHUSDT,BINANCE,TRADE,1872.73,0.0027
2026-08-03 23:46:48,ETHUSDT,BINANCE,TRADE,1872.73,1.9872
2026-08-03 23:46:48,ETHUSDT,BINANCE,TRADE,1872.73,0.0027
2026-08-03 23:46:48,ETHUSDT,BINANCE,TRADE,1872.73,0.0054
2026-08-03 23:46:48,ETHUSDT,BINANCE,TRADE,1872.73,1.642
2026-08-03 23:46:48,ETHUSDT,BINANCE,TRADE,1872.73,0.583
2026-08-03 23:46:48,ETHUSDT,BINANCE,TRADE,1872.73,3.287
2026-08-03 23:46:48,ETHUSDT,BINANCE,TRADE,1872.73,3.889
2026-08-03 23:46:48,ETHUSDT,BINANCE,TRADE,1872.73,0.0027
2026-08-03 23:46:48,ETHUSDT,BINANCE,TRADE,1872.73,0.2867
2026-08-03 23:46:48,ETHUSDT,BINANCE,TRADE,1872.73,1.3363
2026-08-03 23:46:48,ETHUSDT,BINANCE,TRADE,1872.73,2.227
2026-08-03 23:46:48,ETHUSDT,BINANCE,TRADE,1872.73,0.0027
2026-08-03 23:46:48,ETHUSDT,BINANCE,TRADE,1872.73,0.0027
2026-08-03 23:46:48,ETHUSDT,BINANCE,TRADE,1872.73,2.3625
2026-08-03 23:46:48,ETHUSDT,BINANCE,TRADE,1872.73,0.0028
2026-08-03 23:46:48,ETHUSDT,BINANCE,TRADE,1872.73,0.0028
2026-08-03 23:46:48,ETHUSDT,BINANCE,TRADE,1872.73,0.0028
2026-08-03 23:46:48,ETHUSDT,BINANCE,TRADE,1872.73,0.0032
2026-08-03 23:46:48,ETHUSDT,BINANCE,TRADE,1872.73,0.0029
2026-08-03 23:46:48,ETHUSDT,BINANCE,TRADE,1872.73,0.0029
2026-08-03 23:46:48,ETHUSDT,BINANCE,TRADE,1872.73,0.0032
2026-08-03 23:46:48,ETHUSDT,BINANCE,TRADE,1872.73,0.0028
2026-08-03 23:46:48,ETHUSDT,BINANCE,TRADE,1872.73,0.0027
2026-08-03 23:46:48,ETHUSDT,BINANCE,TRADE,1872.73,0.0027
2026-08-03 23:46:48,ETHUSDT,BINANCE,TRADE,1872.73,0.0029
2026-08-03 23:46:48,ETHUSDT,BINANCE,TRADE,1872.72,0.0027
2026-08-03 23:46:48,ETHUSDT,BINANCE,TRADE,1872.72,0.0027
2026-08-03 23:46:48,ETHUSDT,BINANCE,TRADE,1872.72,0.0028
2026-08-03 23:46:48,ETHUSDT,BINANCE,TRADE,1872.72,0.0054
2026-08-03 23:46:48,ETHUSDT,BINANCE,TRADE,1872.72,0.0028
2026-08-03 23:46:48,ETHUSDT,BINANCE,TRADE,1872.72,0.0028
2026-08-03 23:46:48,ETHUSDT,BINANCE,TRADE,1872.72,0.0028
2026-08-03 23:46:48,ETHUSDT,BINANCE,TRADE,1872.72,0.4144
2026-08-03 23:46:48,ETHUSDT,BINANCE,TRADE,1872.72,0.1269
2026-08-03 23:46:48,ETHUSDT,BINANCE,TRADE,1872.72,0.0028
2026-08-03 23:46:48,ETHUSDT,BINANCE,TRADE,1872.72,0.0027
2026-08-03 23:46:48,ETHUSDT,BINANCE,TRADE,1872.72,0.1269
2026-08-03 23:46:48,ETHUSDT,BINANCE,TRADE,1872.72,0.0027
2026-08-03 23:46:48,ETHUSDT,BINANCE,TRADE,1872.72,0.1269
2026-08-03 23:46:48,ETHUSDT,BINANCE,TRADE,1872.72,0.0027
2026-08-03 23:46:48,ETHUSDT,BINANCE,TRADE,1872.72,0.1269
2026-08-03 23:46:48,ETHUSDT,BINANCE,TRADE,1872.72,0.0027
2026-08-03 23:46:48,ETHUSDT,BINANCE,TRADE,1872.72,0.1269
2026-08-03 23:46:48,ETHUSDT,BINANCE,TRADE,1872.72,0.0802
2026-08-03 23:46:48,ETHUSDT,BINANCE,TRADE,1872.71,0.0027
2026-08-03 23:46:48,ETHUSDT,BINANCE,TRADE,1872.71,0.0027
2026-08-03 23:46:48,ETHUSDT,BINANCE,TRADE,1872.71,0.0028
2026-08-03 23:46:48,ETHUSDT,BINANCE,TRADE,1872.71,0.0054
2026-08-03 23:46:48,ETHUSDT,BINANCE,TRADE,1872.71,0.0027
2026-08-03 23:46:48,ETHUSDT,BINANCE,TRADE,1872.71,0.0029
2026-08-03 23:46:48,ETHUSDT,BINANCE,TRADE,1872.71,0.0029
2026-08-03 23:46:48,ETHUSDT,BINANCE,TRADE,1872.71,0.0027
2026-08-03 23:46:48,ETHUSDT,BINANCE,TRADE,1872.71,0.0027
2026-08-03 23:46:48,ETHUSDT,BINANCE,TRADE,1872.71,0.0027
2026-08-03 23:46:48,ETHUSDT,BINANCE,TRADE,1872.71,0.0029
2026-08-03 23:46:48,ETHUSDT,BINANCE,TRADE,1872.71,0.0027
2026-08-03 23:46:48,ETHUSDT,BINANCE,TRADE,1872.71,0.0027
2026-08-03 23:46:48,ETHUSDT,BINANCE,TRADE,1872.71,0.0027
2026-08-03 23:46:48,ETHUSDT,BINANCE,TRADE,1872.71,0.0027
2026-08-03 23:46:48,ETHUSDT,BINANCE,TRADE,1872.71,0.0027
2026-08-03 23:46:48,ETHUSDT,BINANCE,TRADE,1872.71,0.0027
2026-08-03 23:46:48,ETHUSDT,BINANCE,TRADE,1872.7,0.0027
2026-08-03 23:46:48,ETHUSDT,BINANCE,TRADE,1872.7,0.7916
2026-08-03 23:46:48,ETHUSDT,BINANCE,TRADE,1872.7,0.5642
2026-08-03 23:46:48,ETHUSDT,BINANCE,TRADE,1872.7,0.0029
2026-08-03 23:46:48,ETHUSDT,BINANCE,TRADE,1872.7,0.0029
2026-08-03 23:46:48,ETHUSDT,BINANCE,TRADE,1872.7,0.0028
2026-08-03 23:46:48,ETHUSDT,BINANCE,TRADE,1872.7,0.0029
2026-08-03 23:46:48,ETHUSDT,BINANCE,TRADE,1872.69,3.69
2026-08-03 23:46:48,ETHUSDT,BINANCE,TRADE,1872.69,0.0028
2026-08-03 23:46:48,ETHUSDT,BINANCE,TRADE,1872.67,0.0028
2026-08-03 23:46:48,ETHUSDT,BINANCE,TRADE,1872.66,0.1066
2026-08-03 23:46:48,ETHUSDT,BINANCE,TRADE,1872.66,0.0028
2026-08-03 23:46:48,ETHUSDT,BINANCE,TRADE,1872.65,0.011
2026-08-03 23:46:48,ETHUSDT,BINANCE,TRADE,1872.65,0.0027
2026-08-03 23:46:48,ETHUSDT,BINANCE,TRADE,1872.65,0.0028
2026-08-03 23:46:48,ETHUSDT,BINANCE,TRADE,1872.65,0.0029
2026-08-03 23:46:48,ETHUSDT,BINANCE,TRADE,1872.65,0.0029
2026-08-03 23:46:48,ETHUSDT,BINANCE,TRADE,1872.65,0.0027
2026-08-03 23:46:48,ETHUSDT,BINANCE,TRADE,1872.65,0.0029
2026-08-03 23:46:48,ETHUSDT,BINANCE,TRADE,1872.64,0.003
2026-08-03 23:46:48,ETHUSDT,BINANCE,TRADE,1872.64,0.0027
2026-08-03 23:46:48,ETHUSDT,BINANCE,TRADE,1872.64,0.0028
2026-08-03 23:46:48,ETHUSDT,BINANCE,TRADE,1872.64,0.5455
2026-08-03 23:46:48,ETHUSDT,BINANCE,TRADE,1872.64,0.0027
2026-08-03 23:46:48,ETHUSDT,BINANCE,TRADE,1872.63,0.0027
2026-08-03 23:46:48,ETHUSDT,BINANCE,TRADE,1872.63,0.0027
2026-08-03 23:46:48,ETHUSDT,BINANCE,TRADE,1872.63,0.1467
2026-08-03 23:46:48,ETHUSDT,BINANCE,TRADE,1872.63,0.0027
2026-08-03 23:46:48,ETHUSDT,BINANCE,TRADE,1872.63,0.0027
2026-08-03 23:46:48,ETHUSDT,BINANCE,TRADE,1872.63,0.0027
2026-08-03 23:46:48,ETHUSDT,BINANCE,TRADE,1872.63,0.0027
2026-08-03 23:46:48,ETHUSDT,BINANCE,TRADE,1872.63,0.0027
2026-08-03 23:46:48,ETHUSDT,BINANCE,TRADE,1872.63,0.0027
2026-08-03 23:46:48,ETHUSDT,BINANCE,TRADE,1872.62,0.62
2026-08-03 23:46:48,ETHUSDT,BINANCE,TRADE,1872.61,0.0027
2026-08-03 23:46:48,ETHUSDT,BINANCE,TRADE,1872.61,0.0027
2026-08-03 23:46:48,ETHUSDT,BINANCE,TRADE,1872.61,0.0029
2026-08-03 23:46:48,ETHUSDT,BINANCE,TRADE,1872.61,0.0161
2026-08-03 23:46:48,ETHUSDT,BINANCE,TRADE,1872.61,0.0027
2026-08-03 23:46:48,ETHUSDT,BINANCE,TRADE,1872.6,0.0027
2026-08-03 23:46:48,ETHUSDT,BINANCE,TRADE,1872.6,1.6955
2026-08-03 23:46:48,ETHUSDT,BINANCE,TRADE,1872.6,0.0027
2026-08-03 23:46:48,ETHUSDT,BINANCE,TRADE,1872.59,1.9575
2026-08-03 23:46:48,ETHUSDT,BINANCE,TRADE,1872.59,0.0027
2026-08-03 23:46:48,ETHUSDT,BINANCE,TRADE,1872.59,0.5528
2026-08-03 23:46:49,SOLUSDT,BINANCE,TRADE,74.17,0.146
2026-08-03 23:46:49,BTCUSDT,BINANCE,TRADE,63968,0.00044
2026-08-03 23:46:50,SOLUSDT,BINANCE,TRADE,74.17,4.534
2026-08-03 23:46:50,ETHUSDT,BINANCE,TRADE,1872.6,0.1713
2026-08-03 23:46:50,SOLUSDT,BINANCE,TRADE,74.18,3.708
2026-08-03 23:46:51,BTCUSDT,BINANCE,TRADE,63968,0.00125
2026-08-03 23:46:51,BTCUSDT,BINANCE,TRADE,63968,0.02709
2026-08-03 23:46:51,SOLUSDT,BINANCE,TRADE,74.18,0.12
2026-08-03 23:46:51,SOLUSDT,BINANCE,TRADE,74.17,0.134
2026-08-03 23:46:51,BTCUSDT,BINANCE,TRADE,63968,0.00915
2026-08-03 23:46:51,ETHUSDT,BINANCE,TRADE,1872.59,0.0299
2026-08-03 23:46:51,SOLUSDT,BINANCE,TRADE,74.18,0.202
2026-08-03 23:46:52,ETHUSDT,BINANCE,TRADE,1872.59,0.5022
2026-08-03 23:46:52,ETHUSDT,BINANCE,TRADE,1872.59,0.0027
2026-08-03 23:46:52,ETHUSDT,BINANCE,TRADE,1872.59,0.0315
2026-08-03 23:46:52,BTCUSDT,BINANCE,TRADE,63968,0.0502
2026-08-03 23:46:52,BTCUSDT,BINANCE,TRADE,63968,0.00012
2026-08-03 23:46:53,ETHUSDT,BINANCE,TRADE,1872.6,0.0027
2026-08-03 23:46:53,ETHUSDT,BINANCE,TRADE,1872.6,0.0027
2026-08-03 23:46:53,ETHUSDT,BINANCE,TRADE,1872.6,0.0027
2026-08-03 23:46:53,ETHUSDT,BINANCE,TRADE,1872.6,0.0028
2026-08-03 23:46:53,ETHUSDT,BINANCE,TRADE,1872.6,0.0054
2026-08-03 23:46:53,ETHUSDT,BINANCE,TRADE,1872.6,0.0027
2026-08-03 23:46:53,ETHUSDT,BINANCE,TRADE,1872.6,0.0027
2026-08-03 23:46:53,ETHUSDT,BINANCE,TRADE,1872.6,0.0028
2026-08-03 23:46:53,ETHUSDT,BINANCE,TRADE,1872.6,0.0028
2026-08-03 23:46:53,ETHUSDT,BINANCE,TRADE,1872.6,0.0028
2026-08-03 23:46:53,ETHUSDT,BINANCE,TRADE,1872.6,0.0856
2026-08-03 23:46:53,ETHUSDT,BINANCE,TRADE,1872.6,0.23
2026-08-03 23:46:53,ETHUSDT,BINANCE,TRADE,1872.6,0.0032
2026-08-03 23:46:53,ETHUSDT,BINANCE,TRADE,1872.6,0.0712
2026-08-03 23:46:53,ETHUSDT,BINANCE,TRADE,1872.6,0.0032
2026-08-03 23:46:53,ETHUSDT,BINANCE,TRADE,1872.6,0.089
2026-08-03 23:46:53,ETHUSDT,BINANCE,TRADE,1872.6,0.0028
2026-08-03 23:46:53,ETHUSDT,BINANCE,TRADE,1872.6,0.0032
2026-08-03 23:46:53,ETHUSDT,BINANCE,TRADE,1872.6,0.0028
2026-08-03 23:46:53,ETHUSDT,BINANCE,TRADE,1872.6,0.0027
2026-08-03 23:46:53,ETHUSDT,BINANCE,TRADE,1872.6,0.0027
2026-08-03 23:46:53,ETHUSDT,BINANCE,TRADE,1872.6,0.0027
2026-08-03 23:46:53,ETHUSDT,BINANCE,TRADE,1872.6,0.0027
2026-08-03 23:46:53,ETHUSDT,BINANCE,TRADE,1872.61,0.0028
2026-08-03 23:46:53,ETHUSDT,BINANCE,TRADE,1872.61,0.0027
2026-08-03 23:46:53,ETHUSDT,BINANCE,TRADE,1872.61,0.0054
2026-08-03 23:46:53,ETHUSDT,BINANCE,TRADE,1872.61,0.0028
2026-08-03 23:46:53,ETHUSDT,BINANCE,TRADE,1872.61,0.0028
2026-08-03 23:46:53,ETHUSDT,BINANCE,TRADE,1872.61,0.0028
2026-08-03 23:46:53,ETHUSDT,BINANCE,TRADE,1872.61,0.0027
2026-08-03 23:46:53,ETHUSDT,BINANCE,TRADE,1872.61,0.0027
2026-08-03 23:46:53,ETHUSDT,BINANCE,TRADE,1872.61,0.0027
2026-08-03 23:46:53,ETHUSDT,BINANCE,TRADE,1872.61,0.0027
2026-08-03 23:46:53,ETHUSDT,BINANCE,TRADE,1872.62,0.0027
2026-08-03 23:46:53,ETHUSDT,BINANCE,TRADE,1872.62,0.0028
2026-08-03 23:46:53,ETHUSDT,BINANCE,TRADE,1872.62,0.0054
2026-08-03 23:46:53,ETHUSDT,BINANCE,TRADE,1872.62,0.0027
2026-08-03 23:46:53,ETHUSDT,BINANCE,TRADE,1872.62,0.0027
2026-08-03 23:46:53,ETHUSDT,BINANCE,TRADE,1872.62,0.0027
2026-08-03 23:46:53,ETHUSDT,BINANCE,TRADE,1872.62,0.0027
2026-08-03 23:46:53,ETHUSDT,BINANCE,TRADE,1872.63,0.0027
2026-08-03 23:46:53,ETHUSDT,BINANCE,TRADE,1872.63,0.0028
2026-08-03 23:46:53,ETHUSDT,BINANCE,TRADE,1872.63,0.0027
2026-08-03 23:46:53,ETHUSDT,BINANCE,TRADE,1872.63,0.0028
2026-08-03 23:46:53,ETHUSDT,BINANCE,TRADE,1872.63,0.0027
2026-08-03 23:46:53,ETHUSDT,BINANCE,TRADE,1872.63,0.0027
2026-08-03 23:46:53,ETHUSDT,BINANCE,TRADE,1872.63,0.0027
2026-08-03 23:46:53,ETHUSDT,BINANCE,TRADE,1872.63,0.0027
2026-08-03 23:46:53,ETHUSDT,BINANCE,TRADE,1872.64,0.0028
2026-08-03 23:46:53,ETHUSDT,BINANCE,TRADE,1872.64,0.0027
2026-08-03 23:46:53,ETHUSDT,BINANCE,TRADE,1872.64,0.0027
2026-08-03 23:46:53,ETHUSDT,BINANCE,TRADE,1872.64,0.0027
2026-08-03 23:46:53,ETHUSDT,BINANCE,TRADE,1872.64,0.0027
2026-08-03 23:46:53,ETHUSDT,BINANCE,TRADE,1872.64,0.0027
2026-08-03 23:46:53,ETHUSDT,BINANCE,TRADE,1872.65,0.0028
2026-08-03 23:46:53,ETHUSDT,BINANCE,TRADE,1872.65,0.0027
2026-08-03 23:46:53,ETHUSDT,BINANCE,TRADE,1872.65,0.0029
2026-08-03 23:46:53,ETHUSDT,BINANCE,TRADE,1872.65,0.0029
2026-08-03 23:46:53,ETHUSDT,BINANCE,TRADE,1872.65,0.0028
2026-08-03 23:46:53,ETHUSDT,BINANCE,TRADE,1872.65,0.0027
2026-08-03 23:46:53,ETHUSDT,BINANCE,TRADE,1872.65,0.0029
2026-08-03 23:46:53,ETHUSDT,BINANCE,TRADE,1872.65,0.0027
2026-08-03 23:46:53,ETHUSDT,BINANCE,TRADE,1872.65,0.0027
2026-08-03 23:46:53,ETHUSDT,BINANCE,TRADE,1872.65,0.0027
2026-08-03 23:46:53,ETHUSDT,BINANCE,TRADE,1872.66,0.0028
2026-08-03 23:46:53,ETHUSDT,BINANCE,TRADE,1872.66,0.0002
2026-08-03 23:46:53,ETHUSDT,BINANCE,TRADE,1872.66,0.0025
2026-08-03 23:46:53,ETHUSDT,BINANCE,TRADE,1872.66,0.0028
2026-08-03 23:46:53,ETHUSDT,BINANCE,TRADE,1872.66,0.0028
2026-08-03 23:46:53,ETHUSDT,BINANCE,TRADE,1872.66,0.0027
2026-08-03 23:46:53,ETHUSDT,BINANCE,TRADE,1872.66,0.1862
2026-08-03 23:46:53,ETHUSDT,BINANCE,TRADE,1872.66,0.0032
2026-08-03 23:46:53,ETHUSDT,BINANCE,TRADE,1872.66,0.0028
2026-08-03 23:46:53,ETHUSDT,BINANCE,TRADE,1872.66,0.0028
2026-08-03 23:46:53,ETHUSDT,BINANCE,TRADE,1872.66,0.0028
2026-08-03 23:46:53,ETHUSDT,BINANCE,TRADE,1872.66,0.0028
2026-08-03 23:46:53,ETHUSDT,BINANCE,TRADE,1872.66,0.0028
2026-08-03 23:46:53,ETHUSDT,BINANCE,TRADE,1872.66,0.0027
2026-08-03 23:46:53,ETHUSDT,BINANCE,TRADE,1872.66,0.0028
2026-08-03 23:46:53,ETHUSDT,BINANCE,TRADE,1872.66,0.0027
2026-08-03 23:46:53,ETHUSDT,BINANCE,TRADE,1872.66,0.0028
2026-08-03 23:46:53,ETHUSDT,BINANCE,TRADE,1872.66,0.0032
2026-08-03 23:46:53,ETHUSDT,BINANCE,TRADE,1872.66,0.0028
2026-08-03 23:46:53,ETHUSDT,BINANCE,TRADE,1872.66,0.0027
2026-08-03 23:46:53,ETHUSDT,BINANCE,TRADE,1872.66,0.0027
2026-08-03 23:46:53,ETHUSDT,BINANCE,TRADE,1872.66,0.0027
2026-08-03 23:46:53,ETHUSDT,BINANCE,TRADE,1872.66,0.0027
2026-08-03 23:46:53,ETHUSDT,BINANCE,TRADE,1872.67,0.0027
2026-08-03 23:46:53,ETHUSDT,BINANCE,TRADE,1872.67,0.0027
2026-08-03 23:46:53,ETHUSDT,BINANCE,TRADE,1872.67,0.0027
2026-08-03 23:46:53,ETHUSDT,BINANCE,TRADE,1872.67,0.0028
2026-08-03 23:46:53,ETHUSDT,BINANCE,TRADE,1872.67,0.0027
2026-08-03 23:46:53,ETHUSDT,BINANCE,TRADE,1872.67,0.0027
2026-08-03 23:46:53,ETHUSDT,BINANCE,TRADE,1872.67,0.0028
2026-08-03 23:46:53,ETHUSDT,BINANCE,TRADE,1872.67,0.0028
2026-08-03 23:46:53,ETHUSDT,BINANCE,TRADE,1872.67,0.0028
2026-08-03 23:46:53,ETHUSDT,BINANCE,TRADE,1872.67,0.0027
2026-08-03 23:46:53,ETHUSDT,BINANCE,TRADE,1872.67,0.0027
2026-08-03 23:46:53,ETHUSDT,BINANCE,TRADE,1872.67,0.0027
2026-08-03 23:46:53,ETHUSDT,BINANCE,TRADE,1872.67,0.0027
2026-08-03 23:46:53,ETHUSDT,BINANCE,TRADE,1872.67,0.0027
2026-08-03 23:46:53,ETHUSDT,BINANCE,TRADE,1872.67,0.0027
2026-08-03 23:46:53,ETHUSDT,BINANCE,TRADE,1872.67,0.0027
2026-08-03 23:46:53,ETHUSDT,BINANCE,TRADE,1872.67,0.0027
2026-08-03 23:46:53,ETHUSDT,BINANCE,TRADE,1872.68,0.0028
2026-08-03 23:46:53,ETHUSDT,BINANCE,TRADE,1872.69,0.0028
2026-08-03 23:46:53,ETHUSDT,BINANCE,TRADE,1872.72,0.0027
2026-08-03 23:46:53,ETHUSDT,BINANCE,TRADE,1872.72,0.0028
2026-08-03 23:46:53,ETHUSDT,BINANCE,TRADE,1872.73,0.0029
2026-08-03 23:46:53,ETHUSDT,BINANCE,TRADE,1872.73,0.0029
2026-08-03 23:46:53,ETHUSDT,BINANCE,TRADE,1872.73,0.0028
2026-08-03 23:46:53,ETHUSDT,BINANCE,TRADE,1872.73,0.0029
2026-08-03 23:46:53,SOLUSDT,BINANCE,TRADE,74.18,0.069
2026-08-03 23:46:53,ETHUSDT,BINANCE,TRADE,1872.74,0.0027
2026-08-03 23:46:53,ETHUSDT,BINANCE,TRADE,1872.74,0.0027
2026-08-03 23:46:53,ETHUSDT,BINANCE,TRADE,1872.74,0.3704
2026-08-03 23:46:53,ETHUSDT,BINANCE,TRADE,1872.74,0.0028
2026-08-03 23:46:53,ETHUSDT,BINANCE,TRADE,1872.74,0.0032
2026-08-03 23:46:53,ETHUSDT,BINANCE,TRADE,1872.74,0.0027
2026-08-03 23:46:53,ETHUSDT,BINANCE,TRADE,1872.74,0.1866
2026-08-03 23:46:53,ETHUSDT,BINANCE,TRADE,1872.74,0.0028
2026-08-03 23:46:53,ETHUSDT,BINANCE,TRADE,1872.74,0.0028
2026-08-03 23:46:53,ETHUSDT,BINANCE,TRADE,1872.74,0.0027
2026-08-03 23:46:53,ETHUSDT,BINANCE,TRADE,1872.74,0.0028
2026-08-03 23:46:53,ETHUSDT,BINANCE,TRADE,1872.74,0.0032
2026-08-03 23:46:53,ETHUSDT,BINANCE,TRADE,1872.74,0.0032
2026-08-03 23:46:53,ETHUSDT,BINANCE,TRADE,1872.74,0.0889
2026-08-03 23:46:53,ETHUSDT,BINANCE,TRADE,1872.74,0.0027
2026-08-03 23:46:53,ETHUSDT,BINANCE,TRADE,1872.74,0.0027
2026-08-03 23:46:53,ETHUSDT,BINANCE,TRADE,1872.74,0.0027
2026-08-03 23:46:53,ETHUSDT,BINANCE,TRADE,1872.74,0.0027
2026-08-03 23:46:53,ETHUSDT,BINANCE,TRADE,1872.74,0.0027
2026-08-03 23:46:53,ETHUSDT,BINANCE,TRADE,1872.74,0.0027
2026-08-03 23:46:53,ETHUSDT,BINANCE,TRADE,1872.74,0.0027
2026-08-03 23:46:53,ETHUSDT,BINANCE,TRADE,1872.74,0.0027
2026-08-03 23:46:53,ETHUSDT,BINANCE,TRADE,1872.75,0.0027
2026-08-03 23:46:53,ETHUSDT,BINANCE,TRADE,1872.75,0.0027
2026-08-03 23:46:53,ETHUSDT,BINANCE,TRADE,1872.75,0.0028
2026-08-03 23:46:53,ETHUSDT,BINANCE,TRADE,1872.75,0.0028
2026-08-03 23:46:53,ETHUSDT,BINANCE,TRADE,1872.75,0.0028
2026-08-03 23:46:53,ETHUSDT,BINANCE,TRADE,1872.75,0.0028
2026-08-03 23:46:53,ETHUSDT,BINANCE,TRADE,1872.75,0.0027
2026-08-03 23:46:53,ETHUSDT,BINANCE,TRADE,1872.75,0.0027
2026-08-03 23:46:53,ETHUSDT,BINANCE,TRADE,1872.75,0.0027
2026-08-03 23:46:53,ETHUSDT,BINANCE,TRADE,1872.75,0.0027
2026-08-03 23:46:53,ETHUSDT,BINANCE,TRADE,1872.75,0.0027
2026-08-03 23:46:53,ETHUSDT,BINANCE,TRADE,1872.75,0.0027
2026-08-03 23:46:53,ETHUSDT,BINANCE,TRADE,1872.75,0.0027
2026-08-03 23:46:53,ETHUSDT,BINANCE,TRADE,1872.75,0.0027
2026-08-03 23:46:53,ETHUSDT,BINANCE,TRADE,1872.77,0.0028
2026-08-03 23:46:53,ETHUSDT,BINANCE,TRADE,1872.78,0.0027
2026-08-03 23:46:53,ETHUSDT,BINANCE,TRADE,1872.78,0.0028
2026-08-03 23:46:53,ETHUSDT,BINANCE,TRADE,1872.79,0.0029
2026-08-03 23:46:53,ETHUSDT,BINANCE,TRADE,1872.79,0.0029
2026-08-03 23:46:53,ETHUSDT,BINANCE,TRADE,1872.79,0.0028
2026-08-03 23:46:53,ETHUSDT,BINANCE,TRADE,1872.79,0.0029
2026-08-03 23:46:53,SOLUSDT,BINANCE,TRADE,74.18,0.073
2026-08-03 23:46:53,SOLUSDT,BINANCE,TRADE,74.18,0.073
2026-08-03 23:46:53,SOLUSDT,BINANCE,TRADE,74.18,0.073
2026-08-03 23:46:53,SOLUSDT,BINANCE,TRADE,74.18,0.073
2026-08-03 23:46:53,SOLUSDT,BINANCE,TRADE,74.18,0.073
2026-08-03 23:46:53,SOLUSDT,BINANCE,TRADE,74.18,0.073
2026-08-03 23:46:53,SOLUSDT,BINANCE,TRADE,74.18,0.073
2026-08-03 23:46:53,SOLUSDT,BINANCE,TRADE,74.18,0.073
2026-08-03 23:46:53,SOLUSDT,BINANCE,TRADE,74.18,0.135
2026-08-03 23:46:53,SOLUSDT,BINANCE,TRADE,74.18,0.255
2026-08-03 23:46:53,SOLUSDT,BINANCE,TRADE,74.18,1
2026-08-03 23:46:53,SOLUSDT,BINANCE,TRADE,74.18,6.978
2026-08-03 23:46:53,SOLUSDT,BINANCE,TRADE,74.18,0.07
2026-08-03 23:46:53,SOLUSDT,BINANCE,TRADE,74.18,0.073
2026-08-03 23:46:53,SOLUSDT,BINANCE,TRADE,74.18,0.073
2026-08-03 23:46:53,SOLUSDT,BINANCE,TRADE,74.19,0.073
2026-08-03 23:46:53,SOLUSDT,BINANCE,TRADE,74.19,0.073
2026-08-03 23:46:53,SOLUSDT,BINANCE,TRADE,74.19,0.135
2026-08-03 23:46:53,SOLUSDT,BINANCE,TRADE,74.19,0.231
2026-08-03 23:46:53,SOLUSDT,BINANCE,TRADE,74.19,0.102
2026-08-03 23:46:53,SOLUSDT,BINANCE,TRADE,74.19,0.069
2026-08-03 23:46:53,SOLUSDT,BINANCE,TRADE,74.19,0.134
2026-08-03 23:46:53,SOLUSDT,BINANCE,TRADE,74.19,4.73
2026-08-03 23:46:53,SOLUSDT,BINANCE,TRADE,74.19,4.77
2026-08-03 23:46:53,SOLUSDT,BINANCE,TRADE,74.19,0.073
2026-08-03 23:46:53,SOLUSDT,BINANCE,TRADE,74.19,0.073
2026-08-03 23:46:53,SOLUSDT,BINANCE,TRADE,74.19,0.073
2026-08-03 23:46:53,SOLUSDT,BINANCE,TRADE,74.19,0.073
2026-08-03 23:46:53,SOLUSDT,BINANCE,TRADE,74.19,0.071
2026-08-03 23:46:53,SOLUSDT,BINANCE,TRADE,74.19,0.071
2026-08-03 23:46:53,SOLUSDT,BINANCE,TRADE,74.19,3.826
2026-08-03 23:46:53,SOLUSDT,BINANCE,TRADE,74.19,0.073
2026-08-03 23:46:53,SOLUSDT,BINANCE,TRADE,74.19,0.073
2026-08-03 23:46:53,SOLUSDT,BINANCE,TRADE,74.19,0.07
2026-08-03 23:46:53,SOLUSDT,BINANCE,TRADE,74.19,0.169
2026-08-03 23:46:53,SOLUSDT,BINANCE,TRADE,74.19,6.233
2026-08-03 23:46:53,SOLUSDT,BINANCE,TRADE,74.19,0.073
2026-08-03 23:46:53,SOLUSDT,BINANCE,TRADE,74.19,0.073
2026-08-03 23:46:53,SOLUSDT,BINANCE,TRADE,74.19,0.071
2026-08-03 23:46:53,SOLUSDT,BINANCE,TRADE,74.19,0.073
2026-08-03 23:46:53,SOLUSDT,BINANCE,TRADE,74.19,0.073
2026-08-03 23:46:54,SOLUSDT,BINANCE,TRADE,74.2,0.831
2026-08-03 23:46:54,BTCUSDT,BINANCE,TRADE,63968,9e-05
2026-08-03 23:46:54,SOLUSDT,BINANCE,TRADE,74.2,0.12
2026-08-03 23:46:54,SOLUSDT,BINANCE,TRADE,74.2,7.47
2026-08-03 23:46:54,SOLUSDT,BINANCE,TRADE,74.2,60
2026-08-03 23:46:54,SOLUSDT,BINANCE,TRADE,74.19,0.254
2026-08-03 23:46:54,SOLUSDT,BINANCE,TRADE,74.2,13.477
2026-08-03 23:46:54,SOLUSDT,BINANCE,TRADE,74.2,0.486
2026-08-03 23:46:54,SOLUSDT,BINANCE,TRADE,74.2,67.47
2026-08-03 23:46:55,ETHUSDT,BINANCE,TRADE,1872.8,0.0027
2026-08-03 23:46:55,ETHUSDT,BINANCE,TRADE,1872.8,0.0027
2026-08-03 23:46:55,ETHUSDT,BINANCE,TRADE,1872.8,0.011
2026-08-03 23:46:55,ETHUSDT,BINANCE,TRADE,1872.8,0.0028
2026-08-03 23:46:55,ETHUSDT,BINANCE,TRADE,1872.8,0.0027
2026-08-03 23:46:55,ETHUSDT,BINANCE,TRADE,1872.8,0.0028
2026-08-03 23:46:55,ETHUSDT,BINANCE,TRADE,1872.8,0.0027
2026-08-03 23:46:55,ETHUSDT,BINANCE,TRADE,1872.8,0.0027
2026-08-03 23:46:55,ETHUSDT,BINANCE,TRADE,1872.8,0.0028
2026-08-03 23:46:55,ETHUSDT,BINANCE,TRADE,1872.8,0.0027
2026-08-03 23:46:55,ETHUSDT,BINANCE,TRADE,1872.8,0.0027
2026-08-03 23:46:55,ETHUSDT,BINANCE,TRADE,1872.8,0.3367
2026-08-03 23:46:55,ETHUSDT,BINANCE,TRADE,1872.8,0.0028
2026-08-03 23:46:55,ETHUSDT,BINANCE,TRADE,1872.8,0.0032
2026-08-03 23:46:55,ETHUSDT,BINANCE,TRADE,1872.8,0.19
2026-08-03 23:46:55,ETHUSDT,BINANCE,TRADE,1872.8,0.0054
2026-08-03 23:46:55,ETHUSDT,BINANCE,TRADE,1872.8,0.0027
2026-08-03 23:46:55,ETHUSDT,BINANCE,TRADE,1872.8,0.0027
2026-08-03 23:46:55,ETHUSDT,BINANCE,TRADE,1872.8,0.0027
2026-08-03 23:46:55,ETHUSDT,BINANCE,TRADE,1872.8,0.0027
2026-08-03 23:46:55,ETHUSDT,BINANCE,TRADE,1872.8,0.0027
2026-08-03 23:46:55,ETHUSDT,BINANCE,TRADE,1872.8,0.0027
2026-08-03 23:46:55,ETHUSDT,BINANCE,TRADE,1872.8,0.0027
2026-08-03 23:46:55,ETHUSDT,BINANCE,TRADE,1872.8,0.0027
2026-08-03 23:46:55,ETHUSDT,BINANCE,TRADE,1872.81,0.0027
2026-08-03 23:46:55,ETHUSDT,BINANCE,TRADE,1872.81,0.0027
2026-08-03 23:46:55,ETHUSDT,BINANCE,TRADE,1872.81,0.0028
2026-08-03 23:46:55,ETHUSDT,BINANCE,TRADE,1872.81,0.0027
2026-08-03 23:46:55,ETHUSDT,BINANCE,TRADE,1872.81,0.0028
2026-08-03 23:46:55,ETHUSDT,BINANCE,TRADE,1872.81,0.0028
2026-08-03 23:46:55,ETHUSDT,BINANCE,TRADE,1872.81,0.0028
2026-08-03 23:46:55,ETHUSDT,BINANCE,TRADE,1872.81,0.0054
2026-08-03 23:46:55,ETHUSDT,BINANCE,TRADE,1872.81,0.0027
2026-08-03 23:46:55,ETHUSDT,BINANCE,TRADE,1872.81,0.0027
2026-08-03 23:46:55,ETHUSDT,BINANCE,TRADE,1872.82,0.0028
2026-08-03 23:46:55,ETHUSDT,BINANCE,TRADE,1872.82,0.0028
2026-08-03 23:46:55,ETHUSDT,BINANCE,TRADE,1872.82,0.0054
2026-08-03 23:46:55,ETHUSDT,BINANCE,TRADE,1872.84,0.0028
2026-08-03 23:46:55,ETHUSDT,BINANCE,TRADE,1872.85,0.0028
2026-08-03 23:46:55,ETHUSDT,BINANCE,TRADE,1872.86,0.0027
2026-08-03 23:46:55,ETHUSDT,BINANCE,TRADE,1872.86,0.003
2026-08-03 23:46:55,ETHUSDT,BINANCE,TRADE,1872.86,0.0028
2026-08-03 23:46:55,ETHUSDT,BINANCE,TRADE,1872.87,0.0028
2026-08-03 23:46:55,ETHUSDT,BINANCE,TRADE,1872.88,0.0027
2026-08-03 23:46:55,ETHUSDT,BINANCE,TRADE,1872.88,0.0028
2026-08-03 23:46:55,ETHUSDT,BINANCE,TRADE,1872.88,0.0027
2026-08-03 23:46:55,ETHUSDT,BINANCE,TRADE,1872.88,0.0027
2026-08-03 23:46:55,ETHUSDT,BINANCE,TRADE,1872.88,0.0027
2026-08-03 23:46:55,ETHUSDT,BINANCE,TRADE,1872.88,0.0027
2026-08-03 23:46:55,ETHUSDT,BINANCE,TRADE,1872.89,0.0027
2026-08-03 23:46:55,ETHUSDT,BINANCE,TRADE,1872.89,0.0027
2026-08-03 23:46:55,ETHUSDT,BINANCE,TRADE,1872.89,0.0028
2026-08-03 23:46:55,ETHUSDT,BINANCE,TRADE,1872.89,0.0027
2026-08-03 23:46:55,ETHUSDT,BINANCE,TRADE,1872.89,0.0027
2026-08-03 23:46:55,ETHUSDT,BINANCE,TRADE,1872.89,0.0027
2026-08-03 23:46:55,ETHUSDT,BINANCE,TRADE,1872.89,0.0027
2026-08-03 23:46:55,ETHUSDT,BINANCE,TRADE,1872.89,0.0027
2026-08-03 23:46:55,ETHUSDT,BINANCE,TRADE,1872.89,0.0027
2026-08-03 23:46:55,ETHUSDT,BINANCE,TRADE,1872.89,0.0027
2026-08-03 23:46:55,ETHUSDT,BINANCE,TRADE,1872.89,0.0027
2026-08-03 23:46:55,ETHUSDT,BINANCE,TRADE,1872.9,0.0033
2026-08-03 23:46:55,ETHUSDT,BINANCE,TRADE,1872.9,0.0027
2026-08-03 23:46:55,ETHUSDT,BINANCE,TRADE,1872.9,0.0028
2026-08-03 23:46:55,ETHUSDT,BINANCE,TRADE,1872.9,0.0029
2026-08-03 23:46:55,ETHUSDT,BINANCE,TRADE,1872.9,0.0029
2026-08-03 23:46:55,ETHUSDT,BINANCE,TRADE,1872.9,0.0029
2026-08-03 23:46:55,SOLUSDT,BINANCE,TRADE,74.2,7.47
2026-08-03 23:46:55,BTCUSDT,BINANCE,TRADE,63968,0.00454
2026-08-03 23:46:55,SOLUSDT,BINANCE,TRADE,74.19,0.134
2026-08-03 23:46:55,ETHUSDT,BINANCE,TRADE,1872.9,0.252
2026-08-03 23:46:55,BTCUSDT,BINANCE,TRADE,63968,0.00062
2026-08-03 23:46:56,SOLUSDT,BINANCE,TRADE,74.2,39.75
2026-08-03 23:46:56,SOLUSDT,BINANCE,TRADE,74.2,0.272
2026-08-03 23:46:56,SOLUSDT,BINANCE,TRADE,74.2,0.673
2026-08-03 23:46:56,SOLUSDT,BINANCE,TRADE,74.2,14.628
2026-08-03 23:46:56,SOLUSDT,BINANCE,TRADE,74.2,3.369
2026-08-03 23:46:56,SOLUSDT,BINANCE,TRADE,74.2,0.095
2026-08-03 23:46:56,SOLUSDT,BINANCE,TRADE,74.2,8.663
2026-08-03 23:46:56,BTCUSDT,BINANCE,TRADE,63968,0.07799
2026-08-03 23:46:56,SOLUSDT,BINANCE,TRADE,74.19,3.188
2026-08-03 23:46:57,BTCUSDT,BINANCE,TRADE,63968,0.00012
2026-08-03 23:46:57,BTCUSDT,BINANCE,TRADE,63968,0.00134
2026-08-03 23:46:57,SOLUSDT,BINANCE,TRADE,74.19,2.086
2026-08-03 23:46:58,BTCUSDT,BINANCE,TRADE,63968,0.00091
2026-08-03 23:46:58,SOLUSDT,BINANCE,TRADE,74.2,2.47
2026-08-03 23:46:58,SOLUSDT,BINANCE,TRADE,74.2,3.53
2026-08-03 23:46:59,SOLUSDT,BINANCE,TRADE,74.19,0.406
2026-08-03 23:46:59,ETHUSDT,BINANCE,TRADE,1872.9,0.003
2026-08-03 23:46:59,ETHUSDT,BINANCE,TRADE,1872.9,6.4459
2026-08-03 23:46:59,ETHUSDT,BINANCE,TRADE,1872.9,2.6697
2026-08-03 23:46:59,ETHUSDT,BINANCE,TRADE,1872.9,2.6014
2026-08-03 23:46:59,ETHUSDT,BINANCE,TRADE,1872.9,0.3986
2026-08-03 23:46:59,ETHUSDT,BINANCE,TRADE,1872.9,1.1638
2026-08-03 23:46:59,BTCUSDT,BINANCE,TRADE,63968,0.00089
2026-08-03 23:46:59,SOLUSDT,BINANCE,TRADE,74.19,0.167
2026-08-03 23:46:59,ETHUSDT,BINANCE,TRADE,1872.9,0.0027
2026-08-03 23:46:59,ETHUSDT,BINANCE,TRADE,1872.9,0.0027
2026-08-03 23:46:59,ETHUSDT,BINANCE,TRADE,1872.9,0.0028
2026-08-03 23:46:59,ETHUSDT,BINANCE,TRADE,1872.9,0.0018
2026-08-03 23:46:59,ETHUSDT,BINANCE,TRADE,1872.9,0.0009
2026-08-03 23:46:59,ETHUSDT,BINANCE,TRADE,1872.9,0.0028
2026-08-03 23:46:59,ETHUSDT,BINANCE,TRADE,1872.9,0.0054
2026-08-03 23:46:59,ETHUSDT,BINANCE,TRADE,1872.9,0.0027
2026-08-03 23:46:59,ETHUSDT,BINANCE,TRADE,1872.9,0.0027
2026-08-03 23:46:59,ETHUSDT,BINANCE,TRADE,1872.9,0.0028
2026-08-03 23:46:59,ETHUSDT,BINANCE,TRADE,1872.9,0.0825
2026-08-03 23:46:59,ETHUSDT,BINANCE,TRADE,1872.9,0.0064
2026-08-03 23:46:59,ETHUSDT,BINANCE,TRADE,1872.9,0.0028
2026-08-03 23:46:59,ETHUSDT,BINANCE,TRADE,1872.9,0.0008
2026-08-03 23:46:59,ETHUSDT,BINANCE,TRADE,1872.9,0.01
2026-08-03 23:46:59,ETHUSDT,BINANCE,TRADE,1872.9,0.01
2026-08-03 23:46:59,ETHUSDT,BINANCE,TRADE,1872.9,1.6345
2026-08-03 23:46:59,ETHUSDT,BINANCE,TRADE,1872.9,1.6486
2026-08-03 23:46:59,ETHUSDT,BINANCE,TRADE,1872.9,0.01
2026-08-03 23:46:59,ETHUSDT,BINANCE,TRADE,1872.9,0.01
2026-08-03 23:46:59,ETHUSDT,BINANCE,TRADE,1872.9,1.6772
2026-08-03 23:46:59,ETHUSDT,BINANCE,TRADE,1872.9,0.01
2026-08-03 23:46:59,ETHUSDT,BINANCE,TRADE,1872.9,0.01
2026-08-03 23:46:59,ETHUSDT,BINANCE,TRADE,1872.9,0.01
2026-08-03 23:46:59,ETHUSDT,BINANCE,TRADE,1872.9,0.5994
2026-08-03 23:46:59,ETHUSDT,BINANCE,TRADE,1872.9,0.0028
2026-08-03 23:46:59,ETHUSDT,BINANCE,TRADE,1872.9,0.0028
2026-08-03 23:46:59,ETHUSDT,BINANCE,TRADE,1872.9,0.0028
2026-08-03 23:46:59,ETHUSDT,BINANCE,TRADE,1872.9,0.0028
2026-08-03 23:46:59,ETHUSDT,BINANCE,TRADE,1872.9,0.0028
2026-08-03 23:46:59,ETHUSDT,BINANCE,TRADE,1872.9,0.0028
2026-08-03 23:46:59,ETHUSDT,BINANCE,TRADE,1872.9,0.0027
2026-08-03 23:46:59,ETHUSDT,BINANCE,TRADE,1872.9,0.0027
2026-08-03 23:46:59,ETHUSDT,BINANCE,TRADE,1872.9,0.0027
2026-08-03 23:46:59,ETHUSDT,BINANCE,TRADE,1872.9,0.0028
2026-08-03 23:46:59,ETHUSDT,BINANCE,TRADE,1872.9,0.0054
2026-08-03 23:46:59,ETHUSDT,BINANCE,TRADE,1872.9,0.0027
2026-08-03 23:46:59,ETHUSDT,BINANCE,TRADE,1872.9,0.0027
2026-08-03 23:46:59,ETHUSDT,BINANCE,TRADE,1872.9,0.0027
2026-08-03 23:46:59,ETHUSDT,BINANCE,TRADE,1872.9,0.0027
2026-08-03 23:46:59,ETHUSDT,BINANCE,TRADE,1872.9,0.0027
2026-08-03 23:46:59,ETHUSDT,BINANCE,TRADE,1872.9,0.0027
2026-08-03 23:46:59,ETHUSDT,BINANCE,TRADE,1872.9,0.0027
2026-08-03 23:46:59,ETHUSDT,BINANCE,TRADE,1872.9,0.0027
2026-08-03 23:46:59,ETHUSDT,BINANCE,TRADE,1872.9,0.0027
2026-08-03 23:46:59,ETHUSDT,BINANCE,TRADE,1872.89,0.0054
2026-08-03 23:46:59,ETHUSDT,BINANCE,TRADE,1872.89,0.0028
2026-08-03 23:46:59,ETHUSDT,BINANCE,TRADE,1872.89,0.0018
2026-08-03 23:46:59,ETHUSDT,BINANCE,TRADE,1872.89,0.001
2026-08-03 23:46:59,ETHUSDT,BINANCE,TRADE,1872.89,0.0028
2026-08-03 23:46:59,ETHUSDT,BINANCE,TRADE,1872.89,0.0028
2026-08-03 23:46:59,ETHUSDT,BINANCE,TRADE,1872.88,0.0054
2026-08-03 23:46:59,ETHUSDT,BINANCE,TRADE,1872.88,0.0027
2026-08-03 23:46:59,ETHUSDT,BINANCE,TRADE,1872.88,0.0027
2026-08-03 23:46:59,ETHUSDT,BINANCE,TRADE,1872.88,0.0028
2026-08-03 23:46:59,ETHUSDT,BINANCE,TRADE,1872.88,0.0027
2026-08-03 23:46:59,ETHUSDT,BINANCE,TRADE,1872.88,0.0028
2026-08-03 23:46:59,ETHUSDT,BINANCE,TRADE,1872.88,0.0027
2026-08-03 23:46:59,ETHUSDT,BINANCE,TRADE,1872.88,0.0027
2026-08-03 23:46:59,ETHUSDT,BINANCE,TRADE,1872.88,0.0027
2026-08-03 23:46:59,ETHUSDT,BINANCE,TRADE,1872.87,0.0028
2026-08-03 23:46:59,ETHUSDT,BINANCE,TRADE,1872.86,0.0028
2026-08-03 23:46:59,ETHUSDT,BINANCE,TRADE,1872.86,0.0027
2026-08-03 23:46:59,ETHUSDT,BINANCE,TRADE,1872.86,0.0032
2026-08-03 23:46:59,ETHUSDT,BINANCE,TRADE,1872.86,0.0032
2026-08-03 23:46:59,ETHUSDT,BINANCE,TRADE,1872.86,0.0027
2026-08-03 23:46:59,ETHUSDT,BINANCE,TRADE,1872.86,0.0027
2026-08-03 23:46:59,ETHUSDT,BINANCE,TRADE,1872.86,0.0027
2026-08-03 23:46:59,ETHUSDT,BINANCE,TRADE,1872.84,0.0028
2026-08-03 23:46:59,ETHUSDT,BINANCE,TRADE,1872.83,0.0028
2026-08-03 23:46:59,ETHUSDT,BINANCE,TRADE,1872.82,0.0027
2026-08-03 23:46:59,ETHUSDT,BINANCE,TRADE,1872.82,0.0028
2026-08-03 23:46:59,ETHUSDT,BINANCE,TRADE,1872.82,0.0027
2026-08-03 23:46:59,ETHUSDT,BINANCE,TRADE,1872.82,0.0028
2026-08-03 23:46:59,ETHUSDT,BINANCE,TRADE,1872.82,0.0027
2026-08-03 23:46:59,ETHUSDT,BINANCE,TRADE,1872.82,0.0028
2026-08-03 23:46:59,ETHUSDT,BINANCE,TRADE,1872.82,0.0032
2026-08-03 23:46:59,ETHUSDT,BINANCE,TRADE,1872.82,0.0032
2026-08-03 23:46:59,ETHUSDT,BINANCE,TRADE,1872.82,0.0028
2026-08-03 23:46:59,ETHUSDT,BINANCE,TRADE,1872.82,0.0028
2026-08-03 23:46:59,ETHUSDT,BINANCE,TRADE,1872.82,0.0028
2026-08-03 23:46:59,ETHUSDT,BINANCE,TRADE,1872.82,0.0028
2026-08-03 23:46:59,ETHUSDT,BINANCE,TRADE,1872.82,0.0028
2026-08-03 23:46:59,ETHUSDT,BINANCE,TRADE,1872.82,0.0027
2026-08-03 23:46:59,ETHUSDT,BINANCE,TRADE,1872.82,0.0027
2026-08-03 23:46:59,ETHUSDT,BINANCE,TRADE,1872.82,0.0027
2026-08-03 23:46:59,ETHUSDT,BINANCE,TRADE,1872.82,0.0027
2026-08-03 23:46:59,ETHUSDT,BINANCE,TRADE,1872.82,0.0027
2026-08-03 23:46:59,ETHUSDT,BINANCE,TRADE,1872.82,0.0027
2026-08-03 23:46:59,ETHUSDT,BINANCE,TRADE,1872.82,0.0027
2026-08-03 23:46:59,ETHUSDT,BINANCE,TRADE,1872.82,0.0027
2026-08-03 23:46:59,ETHUSDT,BINANCE,TRADE,1872.82,0.0027
2026-08-03 23:46:59,ETHUSDT,BINANCE,TRADE,1872.82,0.0027
2026-08-03 23:46:59,ETHUSDT,BINANCE,TRADE,1872.82,0.0027
2026-08-03 23:46:59,ETHUSDT,BINANCE,TRADE,1872.81,0.0027
2026-08-03 23:46:59,ETHUSDT,BINANCE,TRADE,1872.81,0.0028
2026-08-03 23:46:59,ETHUSDT,BINANCE,TRADE,1872.81,0.0028
2026-08-03 23:46:59,ETHUSDT,BINANCE,TRADE,1872.81,0.0028
2026-08-03 23:46:59,ETHUSDT,BINANCE,TRADE,1872.81,0.0028
2026-08-03 23:46:59,ETHUSDT,BINANCE,TRADE,1872.8,0.0029
2026-08-03 23:46:59,ETHUSDT,BINANCE,TRADE,1872.8,0.0029
2026-08-03 23:46:59,ETHUSDT,BINANCE,TRADE,1872.8,0.0028
2026-08-03 23:46:59,ETHUSDT,BINANCE,TRADE,1872.8,0.0028
2026-08-03 23:46:59,ETHUSDT,BINANCE,TRADE,1872.8,0.0028
2026-08-03 23:46:59,ETHUSDT,BINANCE,TRADE,1872.8,0.0027
2026-08-03 23:46:59,ETHUSDT,BINANCE,TRADE,1872.8,0.0028
2026-08-03 23:46:59,ETHUSDT,BINANCE,TRADE,1872.8,0.0032
2026-08-03 23:46:59,ETHUSDT,BINANCE,TRADE,1872.8,0.0032
2026-08-03 23:46:59,ETHUSDT,BINANCE,TRADE,1872.8,0.0027
2026-08-03 23:46:59,ETHUSDT,BINANCE,TRADE,1872.8,0.0028
2026-08-03 23:46:59,ETHUSDT,BINANCE,TRADE,1872.8,0.0028
2026-08-03 23:46:59,ETHUSDT,BINANCE,TRADE,1872.8,0.0028
2026-08-03 23:46:59,ETHUSDT,BINANCE,TRADE,1872.8,0.0028
2026-08-03 23:46:59,ETHUSDT,BINANCE,TRADE,1872.8,0.0029
2026-08-03 23:46:59,ETHUSDT,BINANCE,TRADE,1872.8,0.0027
2026-08-03 23:46:59,ETHUSDT,BINANCE,TRADE,1872.79,0.0027
2026-08-03 23:46:59,ETHUSDT,BINANCE,TRADE,1872.79,0.0005
2026-08-03 23:46:59,ETHUSDT,BINANCE,TRADE,1872.79,0.0022
2026-08-03 23:46:59,ETHUSDT,BINANCE,TRADE,1872.79,0.4035
2026-08-03 23:46:59,ETHUSDT,BINANCE,TRADE,1872.79,0.0029
2026-08-03 23:46:59,ETHUSDT,BINANCE,TRADE,1872.79,0.0029
2026-08-03 23:46:59,ETHUSDT,BINANCE,TRADE,1872.79,0.0028
2026-08-03 23:46:59,ETHUSDT,BINANCE,TRADE,1872.79,0.0028
2026-08-03 23:46:59,ETHUSDT,BINANCE,TRADE,1872.79,0.0028
2026-08-03 23:46:59,ETHUSDT,BINANCE,TRADE,1872.79,0.0032
2026-08-03 23:46:59,ETHUSDT,BINANCE,TRADE,1872.79,0.0027
2026-08-03 23:46:59,ETHUSDT,BINANCE,TRADE,1872.79,0.0028
2026-08-03 23:46:59,ETHUSDT,BINANCE,TRADE,1872.79,0.0028
2026-08-03 23:46:59,ETHUSDT,BINANCE,TRADE,1872.79,0.0028
2026-08-03 23:46:59,ETHUSDT,BINANCE,TRADE,1872.79,0.0028
2026-08-03 23:46:59,ETHUSDT,BINANCE,TRADE,1872.79,0.0027
2026-08-03 23:46:59,ETHUSDT,BINANCE,TRADE,1872.79,0.0028
2026-08-03 23:46:59,ETHUSDT,BINANCE,TRADE,1872.79,0.0028
2026-08-03 23:46:59,ETHUSDT,BINANCE,TRADE,1872.79,0.0027
2026-08-03 23:46:59,ETHUSDT,BINANCE,TRADE,1872.79,0.0029
2026-08-03 23:46:59,ETHUSDT,BINANCE,TRADE,1872.79,0.0027
2026-08-03 23:46:59,ETHUSDT,BINANCE,TRADE,1872.79,0.0027
2026-08-03 23:46:59,ETHUSDT,BINANCE,TRADE,1872.79,0.0027
2026-08-03 23:46:59,ETHUSDT,BINANCE,TRADE,1872.79,0.0027
2026-08-03 23:46:59,ETHUSDT,BINANCE,TRADE,1872.79,0.0027
2026-08-03 23:46:59,ETHUSDT,BINANCE,TRADE,1872.79,0.0027
2026-08-03 23:46:59,ETHUSDT,BINANCE,TRADE,1872.78,0.0027
2026-08-03 23:46:59,ETHUSDT,BINANCE,TRADE,1872.78,0.0028
2026-08-03 23:46:59,ETHUSDT,BINANCE,TRADE,1872.78,0.0028
2026-08-03 23:46:59,ETHUSDT,BINANCE,TRADE,1872.78,0.0028
2026-08-03 23:46:59,ETHUSDT,BINANCE,TRADE,1872.78,0.0028
2026-08-03 23:46:59,ETHUSDT,BINANCE,TRADE,1872.78,0.0029
2026-08-03 23:46:59,ETHUSDT,BINANCE,TRADE,1872.78,0.0029
2026-08-03 23:46:59,ETHUSDT,BINANCE,TRADE,1872.78,0.0032
2026-08-03 23:46:59,ETHUSDT,BINANCE,TRADE,1872.78,0.0032
2026-08-03 23:46:59,ETHUSDT,BINANCE,TRADE,1872.78,0.0028
2026-08-03 23:46:59,ETHUSDT,BINANCE,TRADE,1872.78,0.0028
2026-08-03 23:46:59,ETHUSDT,BINANCE,TRADE,1872.78,0.0028
2026-08-03 23:46:59,ETHUSDT,BINANCE,TRADE,1872.78,0.0028
2026-08-03 23:46:59,ETHUSDT,BINANCE,TRADE,1872.78,0.0028
2026-08-03 23:46:59,ETHUSDT,BINANCE,TRADE,1872.78,0.0027
2026-08-03 23:46:59,ETHUSDT,BINANCE,TRADE,1872.78,0.0028
2026-08-03 23:46:59,ETHUSDT,BINANCE,TRADE,1872.78,0.0028
2026-08-03 23:46:59,ETHUSDT,BINANCE,TRADE,1872.78,0.0027
2026-08-03 23:46:59,ETHUSDT,BINANCE,TRADE,1872.78,0.0029
2026-08-03 23:46:59,ETHUSDT,BINANCE,TRADE,1872.77,0.0027
2026-08-03 23:46:59,ETHUSDT,BINANCE,TRADE,1872.77,0.0028
2026-08-03 23:46:59,ETHUSDT,BINANCE,TRADE,1872.77,0.0028
2026-08-03 23:46:59,ETHUSDT,BINANCE,TRADE,1872.77,0.0027
2026-08-03 23:46:59,ETHUSDT,BINANCE,TRADE,1872.77,0.0028
2026-08-03 23:46:59,ETHUSDT,BINANCE,TRADE,1872.77,0.0028
2026-08-03 23:46:59,ETHUSDT,BINANCE,TRADE,1872.77,0.0027
2026-08-03 23:46:59,ETHUSDT,BINANCE,TRADE,1872.77,0.0032
2026-08-03 23:46:59,ETHUSDT,BINANCE,TRADE,1872.77,0.0032
2026-08-03 23:46:59,ETHUSDT,BINANCE,TRADE,1872.77,0.0028
2026-08-03 23:46:59,ETHUSDT,BINANCE,TRADE,1872.77,0.0028
2026-08-03 23:46:59,ETHUSDT,BINANCE,TRADE,1872.77,0.0028
2026-08-03 23:46:59,ETHUSDT,BINANCE,TRADE,1872.77,0.0027
2026-08-03 23:46:59,ETHUSDT,BINANCE,TRADE,1872.77,0.0027
2026-08-03 23:46:59,ETHUSDT,BINANCE,TRADE,1872.76,0.0028
2026-08-03 23:46:59,ETHUSDT,BINANCE,TRADE,1872.76,0.0028
2026-08-03 23:46:59,ETHUSDT,BINANCE,TRADE,1872.76,0.0028
2026-08-03 23:46:59,ETHUSDT,BINANCE,TRADE,1872.76,0.0028
2026-08-03 23:46:59,ETHUSDT,BINANCE,TRADE,1872.75,0.0028
2026-08-03 23:46:59,ETHUSDT,BINANCE,TRADE,1872.74,0.0029
2026-08-03 23:46:59,ETHUSDT,BINANCE,TRADE,1872.74,0.0029
2026-08-03 23:46:59,ETHUSDT,BINANCE,TRADE,1872.74,0.0029
2026-08-03 23:46:59,SOLUSDT,BINANCE,TRADE,74.19,0.134
2026-08-03 23:46:59,ETHUSDT,BINANCE,TRADE,1872.73,0.0027
2026-08-03 23:46:59,ETHUSDT,BINANCE,TRADE,1872.73,0.0027
2026-08-03 23:46:59,ETHUSDT,BINANCE,TRADE,1872.73,0.0027
2026-08-03 23:46:59,ETHUSDT,BINANCE,TRADE,1872.73,0.1468
2026-08-03 23:46:59,ETHUSDT,BINANCE,TRADE,1872.73,0.0028
2026-08-03 23:46:59,ETHUSDT,BINANCE,TRADE,1872.73,0.0032
2026-08-03 23:46:59,ETHUSDT,BINANCE,TRADE,1872.73,0.0027
2026-08-03 23:46:59,ETHUSDT,BINANCE,TRADE,1872.73,0.0028
2026-08-03 23:46:59,ETHUSDT,BINANCE,TRADE,1872.73,0.0028
2026-08-03 23:46:59,ETHUSDT,BINANCE,TRADE,1872.73,0.0028
2026-08-03 23:46:59,ETHUSDT,BINANCE,TRADE,1872.73,0.0028
2026-08-03 23:46:59,ETHUSDT,BINANCE,TRADE,1872.73,0.0028
2026-08-03 23:46:59,ETHUSDT,BINANCE,TRADE,1872.73,0.0028
2026-08-03 23:46:59,ETHUSDT,BINANCE,TRADE,1872.73,0.0028
2026-08-03 23:46:59,ETHUSDT,BINANCE,TRADE,1872.73,0.0028
2026-08-03 23:46:59,ETHUSDT,BINANCE,TRADE,1872.73,0.0032
2026-08-03 23:46:59,ETHUSDT,BINANCE,TRADE,1872.73,0.0028
2026-08-03 23:46:59,ETHUSDT,BINANCE,TRADE,1872.73,0.0028
2026-08-03 23:46:59,ETHUSDT,BINANCE,TRADE,1872.73,0.0028
2026-08-03 23:46:59,ETHUSDT,BINANCE,TRADE,1872.73,0.0027
2026-08-03 23:46:59,ETHUSDT,BINANCE,TRADE,1872.73,0.0027
2026-08-03 23:46:59,ETHUSDT,BINANCE,TRADE,1872.73,0.0027
2026-08-03 23:46:59,ETHUSDT,BINANCE,TRADE,1872.73,0.0027
2026-08-03 23:46:59,ETHUSDT,BINANCE,TRADE,1872.73,0.0027
2026-08-03 23:46:59,ETHUSDT,BINANCE,TRADE,1872.73,0.0027
2026-08-03 23:46:59,ETHUSDT,BINANCE,TRADE,1872.73,0.0027
2026-08-03 23:46:59,ETHUSDT,BINANCE,TRADE,1872.73,0.0027
2026-08-03 23:46:59,ETHUSDT,BINANCE,TRADE,1872.73,0.0027
2026-08-03 23:46:59,ETHUSDT,BINANCE,TRADE,1872.73,0.0027
2026-08-03 23:46:59,ETHUSDT,BINANCE,TRADE,1872.73,0.0027
2026-08-03 23:46:59,ETHUSDT,BINANCE,TRADE,1872.73,0.0027
2026-08-03 23:46:59,ETHUSDT,BINANCE,TRADE,1872.72,0.0027
2026-08-03 23:46:59,ETHUSDT,BINANCE,TRADE,1872.72,0.0027
2026-08-03 23:46:59,ETHUSDT,BINANCE,TRADE,1872.72,0.0027
2026-08-03 23:46:59,ETHUSDT,BINANCE,TRADE,1872.72,0.0028
2026-08-03 23:46:59,ETHUSDT,BINANCE,TRADE,1872.72,0.0028
2026-08-03 23:46:59,ETHUSDT,BINANCE,TRADE,1872.72,0.0028
2026-08-03 23:46:59,ETHUSDT,BINANCE,TRADE,1872.72,0.0028
2026-08-03 23:46:59,ETHUSDT,BINANCE,TRADE,1872.72,0.0029
2026-08-03 23:46:59,ETHUSDT,BINANCE,TRADE,1872.72,0.0029
2026-08-03 23:46:59,ETHUSDT,BINANCE,TRADE,1872.72,0.0028
2026-08-03 23:46:59,ETHUSDT,BINANCE,TRADE,1872.72,0.0027
2026-08-03 23:46:59,ETHUSDT,BINANCE,TRADE,1872.72,0.0027
2026-08-03 23:46:59,ETHUSDT,BINANCE,TRADE,1872.72,0.0029
2026-08-03 23:47:00,BTCUSDT,BINANCE,TRADE,63968,0.0003
2026-08-03 23:47:00,ETHUSDT,BINANCE,TRADE,1872.71,0.0028
2026-08-03 23:47:00,ETHUSDT,BINANCE,TRADE,1872.71,0.3482
2026-08-03 23:47:00,ETHUSDT,BINANCE,TRADE,1872.71,0.0027
2026-08-03 23:47:00,ETHUSDT,BINANCE,TRADE,1872.71,0.0027
2026-08-03 23:47:00,ETHUSDT,BINANCE,TRADE,1872.71,0.0028
2026-08-03 23:47:00,ETHUSDT,BINANCE,TRADE,1872.71,0.0028
2026-08-03 23:47:00,ETHUSDT,BINANCE,TRADE,1872.71,0.0028
2026-08-03 23:47:00,ETHUSDT,BINANCE,TRADE,1872.71,0.0028
2026-08-03 23:47:00,ETHUSDT,BINANCE,TRADE,1872.71,0.0028
2026-08-03 23:47:00,ETHUSDT,BINANCE,TRADE,1872.71,0.0028
2026-08-03 23:47:00,ETHUSDT,BINANCE,TRADE,1872.71,0.0028
2026-08-03 23:47:00,ETHUSDT,BINANCE,TRADE,1872.71,0.0028
2026-08-03 23:47:00,ETHUSDT,BINANCE,TRADE,1872.71,0.0032
2026-08-03 23:47:00,ETHUSDT,BINANCE,TRADE,1872.71,0.0027
2026-08-03 23:47:00,ETHUSDT,BINANCE,TRADE,1872.7,0.0028
2026-08-03 23:47:00,ETHUSDT,BINANCE,TRADE,1872.7,0.0027
2026-08-03 23:47:00,ETHUSDT,BINANCE,TRADE,1872.7,0.0028
2026-08-03 23:47:00,ETHUSDT,BINANCE,TRADE,1872.7,0.0028
2026-08-03 23:47:00,ETHUSDT,BINANCE,TRADE,1872.7,0.0028
2026-08-03 23:47:00,ETHUSDT,BINANCE,TRADE,1872.7,0.0027
2026-08-03 23:47:00,ETHUSDT,BINANCE,TRADE,1872.68,0.0027
2026-08-03 23:47:00,ETHUSDT,BINANCE,TRADE,1872.68,0.0028
2026-08-03 23:47:00,ETHUSDT,BINANCE,TRADE,1872.67,0.0028
2026-08-03 23:47:00,ETHUSDT,BINANCE,TRADE,1872.66,0.0028
2026-08-03 23:47:00,ETHUSDT,BINANCE,TRADE,1872.65,0.0027
2026-08-03 23:47:00,ETHUSDT,BINANCE,TRADE,1872.65,0.0027
2026-08-03 23:47:00,ETHUSDT,BINANCE,TRADE,1872.65,0.0029
2026-08-03 23:47:00,ETHUSDT,BINANCE,TRADE,1872.65,0.0029
2026-08-03 23:47:00,ETHUSDT,BINANCE,TRADE,1872.65,0.0028
2026-08-03 23:47:00,ETHUSDT,BINANCE,TRADE,1872.65,0.0027
2026-08-03 23:47:00,ETHUSDT,BINANCE,TRADE,1872.65,0.0027
2026-08-03 23:47:00,ETHUSDT,BINANCE,TRADE,1872.65,0.0029
2026-08-03 23:47:00,ETHUSDT,BINANCE,TRADE,1872.65,0.0027
2026-08-03 23:47:00,ETHUSDT,BINANCE,TRADE,1872.65,0.0027
2026-08-03 23:47:00,ETHUSDT,BINANCE,TRADE,1872.65,0.0027
2026-08-03 23:47:00,ETHUSDT,BINANCE,TRADE,1872.65,0.0027
2026-08-03 23:47:00,ETHUSDT,BINANCE,TRADE,1872.65,0.0027
2026-08-03 23:47:00,ETHUSDT,BINANCE,TRADE,1872.65,0.0027
2026-08-03 23:47:00,ETHUSDT,BINANCE,TRADE,1872.65,0.0235
2026-08-03 23:47:01,ETHUSDT,BINANCE,TRADE,1872.65,0.0028
2026-08-03 23:47:01,BTCUSDT,BINANCE,TRADE,63968,0.00688
2026-08-03 23:47:01,ETHUSDT,BINANCE,TRADE,1872.65,0.534
2026-08-03 23:47:01,ETHUSDT,BINANCE,TRADE,1872.65,0.4391
2026-08-03 23:47:01,ETHUSDT,BINANCE,TRADE,1872.65,0.4391
2026-08-03 23:47:01,ETHUSDT,BINANCE,TRADE,1872.65,0.4348
2026-08-03 23:47:01,ETHUSDT,BINANCE,TRADE,1872.65,0.003
2026-08-03 23:47:02,BTCUSDT,BINANCE,TRADE,63968,0.00052
2026-08-03 23:47:02,SOLUSDT,BINANCE,TRADE,74.2,0.114
2026-08-03 23:47:02,BTCUSDT,BINANCE,TRADE,63968,0.00281
2026-08-03 23:47:04,SOLUSDT,BINANCE,TRADE,74.19,13.478
2026-08-03 23:47:04,ETHUSDT,BINANCE,TRADE,1872.65,0.0336
2026-08-03 23:47:05,ETHUSDT,BINANCE,TRADE,1872.65,0.0302
2026-08-03 23:47:05,ETHUSDT,BINANCE,TRADE,1872.65,0.0032
2026-08-03 23:47:05,ETHUSDT,BINANCE,TRADE,1872.65,0.0027
2026-08-03 23:47:05,ETHUSDT,BINANCE,TRADE,1872.65,0.0028
2026-08-03 23:47:05,ETHUSDT,BINANCE,TRADE,1872.65,0.0028
2026-08-03 23:47:05,ETHUSDT,BINANCE,TRADE,1872.65,0.0054
2026-08-03 23:47:05,ETHUSDT,BINANCE,TRADE,1872.65,0.0027
2026-08-03 23:47:05,ETHUSDT,BINANCE,TRADE,1872.65,0.0027
2026-08-03 23:47:05,ETHUSDT,BINANCE,TRADE,1872.65,0.0027
2026-08-03 23:47:05,ETHUSDT,BINANCE,TRADE,1872.65,0.0028
2026-08-03 23:47:05,ETHUSDT,BINANCE,TRADE,1872.65,0.0481
2026-08-03 23:47:05,ETHUSDT,BINANCE,TRADE,1872.65,0.15
2026-08-03 23:47:05,ETHUSDT,BINANCE,TRADE,1872.65,0.0027
2026-08-03 23:47:05,ETHUSDT,BINANCE,TRADE,1872.65,0.089
2026-08-03 23:47:05,ETHUSDT,BINANCE,TRADE,1872.65,0.0028
2026-08-03 23:47:05,ETHUSDT,BINANCE,TRADE,1872.65,0.0028
2026-08-03 23:47:05,ETHUSDT,BINANCE,TRADE,1872.65,0.0028
2026-08-03 23:47:05,ETHUSDT,BINANCE,TRADE,1872.65,0.0028
2026-08-03 23:47:05,ETHUSDT,BINANCE,TRADE,1872.65,0.0028
2026-08-03 23:47:05,ETHUSDT,BINANCE,TRADE,1872.65,0.0028
2026-08-03 23:47:05,ETHUSDT,BINANCE,TRADE,1872.65,0.0032
2026-08-03 23:47:05,ETHUSDT,BINANCE,TRADE,1872.65,0.0028
2026-08-03 23:47:05,ETHUSDT,BINANCE,TRADE,1872.65,0.0027
2026-08-03 23:47:05,ETHUSDT,BINANCE,TRADE,1872.65,0.0027
2026-08-03 23:47:05,ETHUSDT,BINANCE,TRADE,1872.65,0.0027
2026-08-03 23:47:05,ETHUSDT,BINANCE,TRADE,1872.65,0.0027
2026-08-03 23:47:05,ETHUSDT,BINANCE,TRADE,1872.65,0.0027
2026-08-03 23:47:05,ETHUSDT,BINANCE,TRADE,1872.65,0.0027
2026-08-03 23:47:05,ETHUSDT,BINANCE,TRADE,1872.65,0.0027
2026-08-03 23:47:05,ETHUSDT,BINANCE,TRADE,1872.65,0.0027
2026-08-03 23:47:05,ETHUSDT,BINANCE,TRADE,1872.65,0.0027
2026-08-03 23:47:05,ETHUSDT,BINANCE,TRADE,1872.65,0.0027
2026-08-03 23:47:05,ETHUSDT,BINANCE,TRADE,1872.65,0.0027
2026-08-03 23:47:05,ETHUSDT,BINANCE,TRADE,1872.65,0.0027
2026-08-03 23:47:05,ETHUSDT,BINANCE,TRADE,1872.66,0.0054
2026-08-03 23:47:05,ETHUSDT,BINANCE,TRADE,1872.66,0.0028
2026-08-03 23:47:05,ETHUSDT,BINANCE,TRADE,1872.66,0.0028
2026-08-03 23:47:05,ETHUSDT,BINANCE,TRADE,1872.66,0.0028
2026-08-03 23:47:05,ETHUSDT,BINANCE,TRADE,1872.66,0.0028
2026-08-03 23:47:05,ETHUSDT,BINANCE,TRADE,1872.67,0.0054
2026-08-03 23:47:05,ETHUSDT,BINANCE,TRADE,1872.67,0.0028
2026-08-03 23:47:05,ETHUSDT,BINANCE,TRADE,1872.67,0.0028
2026-08-03 23:47:05,ETHUSDT,BINANCE,TRADE,1872.7,0.0028
2026-08-03 23:47:05,ETHUSDT,BINANCE,TRADE,1872.71,0.0029
2026-08-03 23:47:05,ETHUSDT,BINANCE,TRADE,1872.71,0.0029
2026-08-03 23:47:05,ETHUSDT,BINANCE,TRADE,1872.71,0.0027
2026-08-03 23:47:05,ETHUSDT,BINANCE,TRADE,1872.71,0.0028
2026-08-03 23:47:05,ETHUSDT,BINANCE,TRADE,1872.71,0.0029
2026-08-03 23:47:05,ETHUSDT,BINANCE,TRADE,1872.71,0.0027
2026-08-03 23:47:05,ETHUSDT,BINANCE,TRADE,1872.72,0.0027
2026-08-03 23:47:05,ETHUSDT,BINANCE,TRADE,1872.72,0.0027
2026-08-03 23:47:05,ETHUSDT,BINANCE,TRADE,1872.72,0.0028
2026-08-03 23:47:05,ETHUSDT,BINANCE,TRADE,1872.72,0.0028
2026-08-03 23:47:05,ETHUSDT,BINANCE,TRADE,1872.72,0.0028
2026-08-03 23:47:05,ETHUSDT,BINANCE,TRADE,1872.72,0.0032
2026-08-03 23:47:05,ETHUSDT,BINANCE,TRADE,1872.72,0.0032
2026-08-03 23:47:05,ETHUSDT,BINANCE,TRADE,1872.72,0.0027
2026-08-03 23:47:05,ETHUSDT,BINANCE,TRADE,1872.72,0.0028
2026-08-03 23:47:05,ETHUSDT,BINANCE,TRADE,1872.72,0.0028
2026-08-03 23:47:05,ETHUSDT,BINANCE,TRADE,1872.72,0.0028
2026-08-03 23:47:05,ETHUSDT,BINANCE,TRADE,1872.72,0.0028
2026-08-03 23:47:05,ETHUSDT,BINANCE,TRADE,1872.72,0.0028
2026-08-03 23:47:05,ETHUSDT,BINANCE,TRADE,1872.72,0.0028
2026-08-03 23:47:05,ETHUSDT,BINANCE,TRADE,1872.72,0.0027
2026-08-03 23:47:05,ETHUSDT,BINANCE,TRADE,1872.72,0.0027
2026-08-03 23:47:05,ETHUSDT,BINANCE,TRADE,1872.72,0.0027
2026-08-03 23:47:05,ETHUSDT,BINANCE,TRADE,1872.72,0.0027
2026-08-03 23:47:05,ETHUSDT,BINANCE,TRADE,1872.72,0.0027
2026-08-03 23:47:05,ETHUSDT,BINANCE,TRADE,1872.72,0.0027
2026-08-03 23:47:05,ETHUSDT,BINANCE,TRADE,1872.72,0.0027
2026-08-03 23:47:05,ETHUSDT,BINANCE,TRADE,1872.72,0.0027
2026-08-03 23:47:05,ETHUSDT,BINANCE,TRADE,1872.73,0.0029
2026-08-03 23:47:05,ETHUSDT,BINANCE,TRADE,1872.73,0.0029
2026-08-03 23:47:05,ETHUSDT,BINANCE,TRADE,1872.73,0.0028
2026-08-03 23:47:05,ETHUSDT,BINANCE,TRADE,1872.73,0.0028
2026-08-03 23:47:05,ETHUSDT,BINANCE,TRADE,1872.73,0.0028
2026-08-03 23:47:05,ETHUSDT,BINANCE,TRADE,1872.73,0.0028
2026-08-03 23:47:05,ETHUSDT,BINANCE,TRADE,1872.73,0.0029
2026-08-03 23:47:05,ETHUSDT,BINANCE,TRADE,1872.74,0.0027
2026-08-03 23:47:05,ETHUSDT,BINANCE,TRADE,1872.74,0.0028
2026-08-03 23:47:05,ETHUSDT,BINANCE,TRADE,1872.74,0.0027
2026-08-03 23:47:05,ETHUSDT,BINANCE,TRADE,1872.74,0.0027
2026-08-03 23:47:05,ETHUSDT,BINANCE,TRADE,1872.74,0.0032
2026-08-03 23:47:05,ETHUSDT,BINANCE,TRADE,1872.74,0.0032
2026-08-03 23:47:05,ETHUSDT,BINANCE,TRADE,1872.74,0.0028
2026-08-03 23:47:05,ETHUSDT,BINANCE,TRADE,1872.74,0.0028
2026-08-03 23:47:05,ETHUSDT,BINANCE,TRADE,1872.74,0.0027
2026-08-03 23:47:05,ETHUSDT,BINANCE,TRADE,1872.74,0.0027
2026-08-03 23:47:05,ETHUSDT,BINANCE,TRADE,1872.74,0.0027
2026-08-03 23:47:05,ETHUSDT,BINANCE,TRADE,1872.74,0.0027
2026-08-03 23:47:05,ETHUSDT,BINANCE,TRADE,1872.74,0.0027
2026-08-03 23:47:05,ETHUSDT,BINANCE,TRADE,1872.74,0.0027
2026-08-03 23:47:05,ETHUSDT,BINANCE,TRADE,1872.74,0.0027
2026-08-03 23:47:05,ETHUSDT,BINANCE,TRADE,1872.74,0.0027
2026-08-03 23:47:05,ETHUSDT,BINANCE,TRADE,1872.74,0.0027
2026-08-03 23:47:05,ETHUSDT,BINANCE,TRADE,1872.74,0.0027
2026-08-03 23:47:05,ETHUSDT,BINANCE,TRADE,1872.75,0.0028
2026-08-03 23:47:05,ETHUSDT,BINANCE,TRADE,1872.75,0.0029
2026-08-03 23:47:05,ETHUSDT,BINANCE,TRADE,1872.75,0.0029
2026-08-03 23:47:05,ETHUSDT,BINANCE,TRADE,1872.75,0.0029
2026-08-03 23:47:05,BTCUSDT,BINANCE,TRADE,63968,0.0001
2026-08-03 23:47:05,ETHUSDT,BINANCE,TRADE,1872.76,0.0028
2026-08-03 23:47:05,ETHUSDT,BINANCE,TRADE,1872.76,0.0027
2026-08-03 23:47:05,ETHUSDT,BINANCE,TRADE,1872.76,0.0028
2026-08-03 23:47:05,ETHUSDT,BINANCE,TRADE,1872.76,0.0028
2026-08-03 23:47:05,ETHUSDT,BINANCE,TRADE,1872.76,0.0028
2026-08-03 23:47:05,ETHUSDT,BINANCE,TRADE,1872.76,0.0028
2026-08-03 23:47:05,ETHUSDT,BINANCE,TRADE,1872.76,0.0028
2026-08-03 23:47:05,ETHUSDT,BINANCE,TRADE,1872.76,0.0028
2026-08-03 23:47:05,ETHUSDT,BINANCE,TRADE,1872.76,0.0027
2026-08-03 23:47:05,ETHUSDT,BINANCE,TRADE,1872.76,0.0028
2026-08-03 23:47:05,ETHUSDT,BINANCE,TRADE,1872.76,0.0027
2026-08-03 23:47:05,ETHUSDT,BINANCE,TRADE,1872.76,0.0028
2026-08-03 23:47:05,ETHUSDT,BINANCE,TRADE,1872.76,0.0032
2026-08-03 23:47:05,ETHUSDT,BINANCE,TRADE,1872.76,0.0032
2026-08-03 23:47:05,ETHUSDT,BINANCE,TRADE,1872.76,0.0027
2026-08-03 23:47:05,ETHUSDT,BINANCE,TRADE,1872.77,0.0028
2026-08-03 23:47:05,ETHUSDT,BINANCE,TRADE,1872.77,0.0028
2026-08-03 23:47:05,ETHUSDT,BINANCE,TRADE,1872.77,0.0028
2026-08-03 23:47:05,ETHUSDT,BINANCE,TRADE,1872.77,0.0028
2026-08-03 23:47:05,ETHUSDT,BINANCE,TRADE,1872.78,0.0027
2026-08-03 23:47:05,ETHUSDT,BINANCE,TRADE,1872.78,0.0027
2026-08-03 23:47:05,ETHUSDT,BINANCE,TRADE,1872.78,0.0028
2026-08-03 23:47:05,ETHUSDT,BINANCE,TRADE,1872.78,0.0027
2026-08-03 23:47:05,ETHUSDT,BINANCE,TRADE,1872.79,0.0027
2026-08-03 23:47:05,ETHUSDT,BINANCE,TRADE,1872.79,0.0029
2026-08-03 23:47:05,ETHUSDT,BINANCE,TRADE,1872.79,0.0028
2026-08-03 23:47:05,ETHUSDT,BINANCE,TRADE,1872.79,0.0029
2026-08-03 23:47:05,ETHUSDT,BINANCE,TRADE,1872.79,0.0027
2026-08-03 23:47:05,ETHUSDT,BINANCE,TRADE,1872.79,0.0029
2026-08-03 23:47:05,ETHUSDT,BINANCE,TRADE,1872.79,0.0027
2026-08-03 23:47:05,ETHUSDT,BINANCE,TRADE,1872.79,0.0027
2026-08-03 23:47:05,ETHUSDT,BINANCE,TRADE,1872.79,0.0027
2026-08-03 23:47:05,BTCUSDT,BINANCE,TRADE,63968,8e-05
2026-08-03 23:47:05,BTCUSDT,BINANCE,TRADE,63968,8e-05
2026-08-03 23:47:05,BTCUSDT,BINANCE,TRADE,63968,0.00016
2026-08-03 23:47:05,BTCUSDT,BINANCE,TRADE,63968,9e-05
2026-08-03 23:47:05,BTCUSDT,BINANCE,TRADE,63968,8e-05
2026-08-03 23:47:05,BTCUSDT,BINANCE,TRADE,63968,8e-05
2026-08-03 23:47:05,BTCUSDT,BINANCE,TRADE,63968,8e-05
2026-08-03 23:47:05,BTCUSDT,BINANCE,TRADE,63968,8e-05
2026-08-03 23:47:05,BTCUSDT,BINANCE,TRADE,63968,0.01022
2026-08-03 23:47:05,BTCUSDT,BINANCE,TRADE,63968,0.02033
2026-08-03 23:47:06,SOLUSDT,BINANCE,TRADE,74.2,26.356
2026-08-03 23:47:06,SOLUSDT,BINANCE,TRADE,74.2,0.783
2026-08-03 23:47:06,SOLUSDT,BINANCE,TRADE,74.2,5
2026-08-03 23:47:06,SOLUSDT,BINANCE,TRADE,74.2,7.755
2026-08-03 23:47:06,SOLUSDT,BINANCE,TRADE,74.2,0.08
2026-08-03 23:47:06,SOLUSDT,BINANCE,TRADE,74.2,23.052
2026-08-03 23:47:06,BTCUSDT,BINANCE,TRADE,63968,0.00017
2026-08-03 23:47:06,BTCUSDT,BINANCE,TRADE,63968,0.00293
2026-08-03 23:47:06,ETHUSDT,BINANCE,TRADE,1872.79,0.1106
2026-08-03 23:47:06,SOLUSDT,BINANCE,TRADE,74.2,63.03
2026-08-03 23:47:06,SOLUSDT,BINANCE,TRADE,74.2,0.321
2026-08-03 23:47:07,BTCUSDT,BINANCE,TRADE,63968,0.03109
2026-08-03 23:47:07,SOLUSDT,BINANCE,TRADE,74.2,62.005
2026-08-03 23:47:07,SOLUSDT,BINANCE,TRADE,74.2,5.445
2026-08-03 23:47:07,BTCUSDT,BINANCE,TRADE,63968,0.00025
2026-08-03 23:47:07,SOLUSDT,BINANCE,TRADE,74.2,22.907
2026-08-03 23:47:07,SOLUSDT,BINANCE,TRADE,74.2,1
2026-08-03 23:47:07,SOLUSDT,BINANCE,TRADE,74.2,13.712
2026-08-03 23:47:07,SOLUSDT,BINANCE,TRADE,74.2,0.27
2026-08-03 23:47:07,SOLUSDT,BINANCE,TRADE,74.2,2
2026-08-03 23:47:07,SOLUSDT,BINANCE,TRADE,74.2,27.561
2026-08-03 23:47:08,ETHUSDT,BINANCE,TRADE,1872.8,0.0027
2026-08-03 23:47:08,ETHUSDT,BINANCE,TRADE,1872.8,0.0613
2026-08-03 23:47:08,BTCUSDT,BINANCE,TRADE,63968,0.00035
2026-08-03 23:47:08,BTCUSDT,BINANCE,TRADE,63968,0.00104
2026-08-03 23:47:09,BTCUSDT,BINANCE,TRADE,63968,0.10506
2026-08-03 23:47:09,BTCUSDT,BINANCE,TRADE,63968,0.03751
2026-08-03 23:47:10,SOLUSDT,BINANCE,TRADE,74.19,0.5
2026-08-03 23:47:10,BTCUSDT,BINANCE,TRADE,63968,0.12613
2026-08-03 23:47:10,ETHUSDT,BINANCE,TRADE,1872.8,0.2651
2026-08-03 23:47:10,BTCUSDT,BINANCE,TRADE,63968,0.00195
2026-08-03 23:47:11,SOLUSDT,BINANCE,TRADE,74.19,0.406
2026-08-03 23:47:11,BTCUSDT,BINANCE,TRADE,63968,0.001
2026-08-03 23:47:12,SOLUSDT,BINANCE,TRADE,74.2,26.96
2026-08-03 23:47:12,SOLUSDT,BINANCE,TRADE,74.2,12.888
2026-08-03 23:47:12,SOLUSDT,BINANCE,TRADE,74.2,1.585
2026-08-03 23:47:12,SOLUSDT,BINANCE,TRADE,74.2,0.069
2026-08-03 23:47:12,SOLUSDT,BINANCE,TRADE,74.2,8.18
2026-08-03 23:47:12,SOLUSDT,BINANCE,TRADE,74.2,12.895
2026-08-03 23:47:12,SOLUSDT,BINANCE,TRADE,74.2,1
2026-08-03 23:47:12,SOLUSDT,BINANCE,TRADE,74.2,0.229
2026-08-03 23:47:12,SOLUSDT,BINANCE,TRADE,74.2,1
2026-08-03 23:47:12,SOLUSDT,BINANCE,TRADE,74.2,1.443
2026-08-03 23:47:12,SOLUSDT,BINANCE,TRADE,74.2,0.12
2026-08-03 23:47:12,SOLUSDT,BINANCE,TRADE,74.2,12.99
2026-08-03 23:47:12,SOLUSDT,BINANCE,TRADE,74.2,0.15
2026-08-03 23:47:12,SOLUSDT,BINANCE,TRADE,74.2,0.075
2026-08-03 23:47:12,SOLUSDT,BINANCE,TRADE,74.2,8
2026-08-03 23:47:12,SOLUSDT,BINANCE,TRADE,74.2,0.134
2026-08-03 23:47:12,SOLUSDT,BINANCE,TRADE,74.2,0.068
2026-08-03 23:47:12,SOLUSDT,BINANCE,TRADE,74.2,0.278
2026-08-03 23:47:12,SOLUSDT,BINANCE,TRADE,74.2,27.556
2026-08-03 23:47:12,SOLUSDT,BINANCE,TRADE,74.2,1
2026-08-03 23:47:12,SOLUSDT,BINANCE,TRADE,74.2,0.073
2026-08-03 23:47:12,SOLUSDT,BINANCE,TRADE,74.2,0.073
2026-08-03 23:47:12,SOLUSDT,BINANCE,TRADE,74.2,0.2
2026-08-03 23:47:12,SOLUSDT,BINANCE,TRADE,74.2,1
2026-08-03 23:47:12,SOLUSDT,BINANCE,TRADE,74.2,0.135
2026-08-03 23:47:12,SOLUSDT,BINANCE,TRADE,74.2,8.291
2026-08-03 23:47:12,SOLUSDT,BINANCE,TRADE,74.2,0.071
2026-08-03 23:47:12,SOLUSDT,BINANCE,TRADE,74.2,0.071
2026-08-03 23:47:12,SOLUSDT,BINANCE,TRADE,74.2,0.073
2026-08-03 23:47:12,SOLUSDT,BINANCE,TRADE,74.2,0.073
2026-08-03 23:47:12,SOLUSDT,BINANCE,TRADE,74.2,4.009
2026-08-03 23:47:12,SOLUSDT,BINANCE,TRADE,74.2,0.073
2026-08-03 23:47:12,SOLUSDT,BINANCE,TRADE,74.2,0.073
2026-08-03 23:47:12,SOLUSDT,BINANCE,TRADE,74.2,0.073
2026-08-03 23:47:12,SOLUSDT,BINANCE,TRADE,74.2,0.073
2026-08-03 23:47:12,SOLUSDT,BINANCE,TRADE,74.2,1
2026-08-03 23:47:12,SOLUSDT,BINANCE,TRADE,74.2,0.539
2026-08-03 23:47:12,SOLUSDT,BINANCE,TRADE,74.2,2.473
2026-08-03 23:47:12,SOLUSDT,BINANCE,TRADE,74.2,0.134
2026-08-03 23:47:12,SOLUSDT,BINANCE,TRADE,74.2,0.07
2026-08-03 23:47:12,SOLUSDT,BINANCE,TRADE,74.2,67.457
2026-08-03 23:47:12,SOLUSDT,BINANCE,TRADE,74.2,0.134
2026-08-03 23:47:12,SOLUSDT,BINANCE,TRADE,74.2,4.01
2026-08-03 23:47:12,SOLUSDT,BINANCE,TRADE,74.2,0.071
2026-08-03 23:47:12,SOLUSDT,BINANCE,TRADE,74.2,0.073
2026-08-03 23:47:12,SOLUSDT,BINANCE,TRADE,74.2,0.073
2026-08-03 23:47:12,SOLUSDT,BINANCE,TRADE,74.21,0.11
2026-08-03 23:47:12,SOLUSDT,BINANCE,TRADE,74.21,0.153
2026-08-03 23:47:12,SOLUSDT,BINANCE,TRADE,74.21,0.112
2026-08-03 23:47:12,SOLUSDT,BINANCE,TRADE,74.21,0.303
2026-08-03 23:47:12,SOLUSDT,BINANCE,TRADE,74.21,0.404
2026-08-03 23:47:12,SOLUSDT,BINANCE,TRADE,74.21,0.113
2026-08-03 23:47:12,SOLUSDT,BINANCE,TRADE,74.21,0.107
2026-08-03 23:47:12,SOLUSDT,BINANCE,TRADE,74.21,15.777
2026-08-03 23:47:12,SOLUSDT,BINANCE,TRADE,74.21,0.084
2026-08-03 23:47:12,SOLUSDT,BINANCE,TRADE,74.21,0.159
2026-08-03 23:47:12,SOLUSDT,BINANCE,TRADE,74.21,0.103
2026-08-03 23:47:12,SOLUSDT,BINANCE,TRADE,74.21,0.12
2026-08-03 23:47:12,SOLUSDT,BINANCE,TRADE,74.21,8.725
2026-08-03 23:47:12,SOLUSDT,BINANCE,TRADE,74.21,0.69
2026-08-03 23:47:12,SOLUSDT,BINANCE,TRADE,74.21,0.118
2026-08-03 23:47:12,SOLUSDT,BINANCE,TRADE,74.21,0.282
2026-08-03 23:47:12,SOLUSDT,BINANCE,TRADE,74.21,0.069
2026-08-03 23:47:12,SOLUSDT,BINANCE,TRADE,74.21,0.15
2026-08-03 23:47:12,SOLUSDT,BINANCE,TRADE,74.21,0.069
2026-08-03 23:47:12,SOLUSDT,BINANCE,TRADE,74.21,0.075
2026-08-03 23:47:12,SOLUSDT,BINANCE,TRADE,74.21,9.357
2026-08-03 23:47:12,SOLUSDT,BINANCE,TRADE,74.21,10.12
2026-08-03 23:47:12,SOLUSDT,BINANCE,TRADE,74.21,10.12
2026-08-03 23:47:12,SOLUSDT,BINANCE,TRADE,74.21,2.465
2026-08-03 23:47:12,SOLUSDT,BINANCE,TRADE,74.21,0.068
2026-08-03 23:47:12,SOLUSDT,BINANCE,TRADE,74.21,0.278
2026-08-03 23:47:12,SOLUSDT,BINANCE,TRADE,74.21,0.073
2026-08-03 23:47:12,SOLUSDT,BINANCE,TRADE,74.21,0.073
2026-08-03 23:47:12,SOLUSDT,BINANCE,TRADE,74.21,0.102
2026-08-03 23:47:12,SOLUSDT,BINANCE,TRADE,74.21,0.069
2026-08-03 23:47:12,SOLUSDT,BINANCE,TRADE,74.21,0.068
2026-08-03 23:47:12,SOLUSDT,BINANCE,TRADE,74.21,23.764
2026-08-03 23:47:12,SOLUSDT,BINANCE,TRADE,74.21,10.12
2026-08-03 23:47:12,SOLUSDT,BINANCE,TRADE,74.21,26.96
2026-08-03 23:47:12,SOLUSDT,BINANCE,TRADE,74.21,10.12
2026-08-03 23:47:12,SOLUSDT,BINANCE,TRADE,74.21,5.012
2026-08-03 23:47:12,SOLUSDT,BINANCE,TRADE,74.21,0.075
2026-08-03 23:47:12,SOLUSDT,BINANCE,TRADE,74.21,2.739
2026-08-03 23:47:12,SOLUSDT,BINANCE,TRADE,74.21,0.135
2026-08-03 23:47:12,SOLUSDT,BINANCE,TRADE,74.21,2
2026-08-03 23:47:12,SOLUSDT,BINANCE,TRADE,74.21,0.159
2026-08-03 23:47:12,SOLUSDT,BINANCE,TRADE,74.21,10.12
2026-08-03 23:47:12,SOLUSDT,BINANCE,TRADE,74.21,8.698
2026-08-03 23:47:12,SOLUSDT,BINANCE,TRADE,74.21,1.422
2026-08-03 23:47:12,SOLUSDT,BINANCE,TRADE,74.21,3.463
2026-08-03 23:47:12,SOLUSDT,BINANCE,TRADE,74.21,0.071
2026-08-03 23:47:12,SOLUSDT,BINANCE,TRADE,74.21,9.641
2026-08-03 23:47:12,SOLUSDT,BINANCE,TRADE,74.21,0.997
2026-08-03 23:47:12,SOLUSDT,BINANCE,TRADE,74.21,1.828
2026-08-03 23:47:12,SOLUSDT,BINANCE,TRADE,74.21,1.172
2026-08-03 23:47:12,SOLUSDT,BINANCE,TRADE,74.21,0.148
2026-08-03 23:47:12,SOLUSDT,BINANCE,TRADE,74.21,0.5
2026-08-03 23:47:12,SOLUSDT,BINANCE,TRADE,74.21,6
2026-08-03 23:47:12,SOLUSDT,BINANCE,TRADE,74.22,0.093
2026-08-03 23:47:12,SOLUSDT,BINANCE,TRADE,74.22,0.236
2026-08-03 23:47:12,SOLUSDT,BINANCE,TRADE,74.22,0.072
2026-08-03 23:47:12,SOLUSDT,BINANCE,TRADE,74.22,0.07
2026-08-03 23:47:12,SOLUSDT,BINANCE,TRADE,74.22,0.561
2026-08-03 23:47:12,SOLUSDT,BINANCE,TRADE,74.22,0.874
2026-08-03 23:47:12,SOLUSDT,BINANCE,TRADE,74.22,0.126
2026-08-03 23:47:12,SOLUSDT,BINANCE,TRADE,74.22,0.268
2026-08-03 23:47:12,SOLUSDT,BINANCE,TRADE,74.22,0.057
2026-08-03 23:47:12,SOLUSDT,BINANCE,TRADE,74.22,0.345
2026-08-03 23:47:12,SOLUSDT,BINANCE,TRADE,74.22,0.081
2026-08-03 23:47:12,SOLUSDT,BINANCE,TRADE,74.22,0.103
2026-08-03 23:47:12,SOLUSDT,BINANCE,TRADE,74.22,0.069
2026-08-03 23:47:12,SOLUSDT,BINANCE,TRADE,74.22,0.068
2026-08-03 23:47:12,SOLUSDT,BINANCE,TRADE,74.22,0.075
2026-08-03 23:47:12,SOLUSDT,BINANCE,TRADE,74.22,0.069
2026-08-03 23:47:12,SOLUSDT,BINANCE,TRADE,74.22,0.069
2026-08-03 23:47:12,SOLUSDT,BINANCE,TRADE,74.22,3.064
2026-08-03 23:47:12,SOLUSDT,BINANCE,TRADE,74.22,8
2026-08-03 23:47:12,SOLUSDT,BINANCE,TRADE,74.22,10.12
2026-08-03 23:47:12,SOLUSDT,BINANCE,TRADE,74.22,0.075
2026-08-03 23:47:12,SOLUSDT,BINANCE,TRADE,74.21,0.9
2026-08-03 23:47:12,SOLUSDT,BINANCE,TRADE,74.21,0.307
2026-08-03 23:47:12,SOLUSDT,BINANCE,TRADE,74.21,0.57
2026-08-03 23:47:12,SOLUSDT,BINANCE,TRADE,74.21,0.272
2026-08-03 23:47:12,BTCUSDT,BINANCE,TRADE,63968,0.00015
2026-08-03 23:47:12,ETHUSDT,BINANCE,TRADE,1872.8,0.0172
2026-08-03 23:47:12,ETHUSDT,BINANCE,TRADE,1872.8,0.0028
2026-08-03 23:47:12,ETHUSDT,BINANCE,TRADE,1872.8,0.0027
2026-08-03 23:47:12,ETHUSDT,BINANCE,TRADE,1872.8,0.0028
2026-08-03 23:47:12,ETHUSDT,BINANCE,TRADE,1872.8,0.0028
2026-08-03 23:47:12,ETHUSDT,BINANCE,TRADE,1872.8,0.0222
2026-08-03 23:47:12,SOLUSDT,BINANCE,TRADE,74.21,0.273
2026-08-03 23:47:12,SOLUSDT,BINANCE,TRADE,74.21,0.204
2026-08-03 23:47:12,SOLUSDT,BINANCE,TRADE,74.22,0.211
2026-08-03 23:47:13,ETHUSDT,BINANCE,TRADE,1872.8,0.0339
2026-08-03 23:47:13,SOLUSDT,BINANCE,TRADE,74.21,0.616
2026-08-03 23:47:13,BTCUSDT,BINANCE,TRADE,63968,0.00107
2026-08-03 23:47:13,BTCUSDT,BINANCE,TRADE,63968,0.00822
2026-08-03 23:47:13,BTCUSDT,BINANCE,TRADE,63968,0.01434
2026-08-03 23:47:13,SOLUSDT,BINANCE,TRADE,74.22,10.592
2026-08-03 23:47:13,SOLUSDT,BINANCE,TRADE,74.22,0.068
2026-08-03 23:47:13,SOLUSDT,BINANCE,TRADE,74.22,0.102
2026-08-03 23:47:13,SOLUSDT,BINANCE,TRADE,74.22,0.278
2026-08-03 23:47:13,SOLUSDT,BINANCE,TRADE,74.22,0.765
2026-08-03 23:47:13,SOLUSDT,BINANCE,TRADE,74.22,0.5
2026-08-03 23:47:13,SOLUSDT,BINANCE,TRADE,74.22,6
2026-08-03 23:47:13,SOLUSDT,BINANCE,TRADE,74.22,28.262
2026-08-03 23:47:13,SOLUSDT,BINANCE,TRADE,74.22,0.073
2026-08-03 23:47:13,SOLUSDT,BINANCE,TRADE,74.22,0.073
2026-08-03 23:47:13,SOLUSDT,BINANCE,TRADE,74.22,1.993
2026-08-03 23:47:14,BTCUSDT,BINANCE,TRADE,63968,0.00561
2026-08-03 23:47:14,BTCUSDT,BINANCE,TRADE,63968,0.00116
2026-08-03 23:47:14,BTCUSDT,BINANCE,TRADE,63968,8e-05
2026-08-03 23:47:14,BTCUSDT,BINANCE,TRADE,63968,0.00056
2026-08-03 23:47:14,BTCUSDT,BINANCE,TRADE,63968,0.0016
2026-08-03 23:47:14,SOLUSDT,BINANCE,TRADE,74.21,6.886
2026-08-03 23:47:14,BTCUSDT,BINANCE,TRADE,63968,0.01452
2026-08-03 23:47:14,BTCUSDT,BINANCE,TRADE,63968,0.007
2026-08-03 23:47:14,BTCUSDT,BINANCE,TRADE,63968,0.007
2026-08-03 23:47:14,BTCUSDT,BINANCE,TRADE,63968,8e-05
2026-08-03 23:47:14,BTCUSDT,BINANCE,TRADE,63968,0.0026
2026-08-03 23:47:14,BTCUSDT,BINANCE,TRADE,63968,0.07479
2026-08-03 23:47:14,BTCUSDT,BINANCE,TRADE,63968,9e-05
2026-08-03 23:47:14,BTCUSDT,BINANCE,TRADE,63968,9e-05
2026-08-03 23:47:14,BTCUSDT,BINANCE,TRADE,63968,9e-05
2026-08-03 23:47:14,BTCUSDT,BINANCE,TRADE,63968,9e-05
2026-08-03 23:47:14,BTCUSDT,BINANCE,TRADE,63968,9e-05
2026-08-03 23:47:14,BTCUSDT,BINANCE,TRADE,63968,9e-05
2026-08-03 23:47:14,BTCUSDT,BINANCE,TRADE,63968,9e-05
2026-08-03 23:47:14,BTCUSDT,BINANCE,TRADE,63968,8e-05
2026-08-03 23:47:14,BTCUSDT,BINANCE,TRADE,63968,8e-05
2026-08-03 23:47:14,BTCUSDT,BINANCE,TRADE,63968,9e-05
2026-08-03 23:47:14,BTCUSDT,BINANCE,TRADE,63968,0.00016
2026-08-03 23:47:14,BTCUSDT,BINANCE,TRADE,63968,8e-05
2026-08-03 23:47:14,BTCUSDT,BINANCE,TRADE,63968,9e-05
2026-08-03 23:47:14,BTCUSDT,BINANCE,TRADE,63968,9e-05
2026-08-03 23:47:14,BTCUSDT,BINANCE,TRADE,63968,8e-05
2026-08-03 23:47:14,BTCUSDT,BINANCE,TRADE,63968,9e-05
2026-08-03 23:47:14,BTCUSDT,BINANCE,TRADE,63968,0.00012
2026-08-03 23:47:14,BTCUSDT,BINANCE,TRADE,63968,0.00017
2026-08-03 23:47:14,BTCUSDT,BINANCE,TRADE,63968,9e-05
2026-08-03 23:47:14,BTCUSDT,BINANCE,TRADE,63968,8e-05
2026-08-03 23:47:14,BTCUSDT,BINANCE,TRADE,63968,8e-05
2026-08-03 23:47:14,BTCUSDT,BINANCE,TRADE,63968,8e-05
2026-08-03 23:47:14,BTCUSDT,BINANCE,TRADE,63968,8e-05
2026-08-03 23:47:14,BTCUSDT,BINANCE,TRADE,63968,8e-05
2026-08-03 23:47:14,BTCUSDT,BINANCE,TRADE,63968,8e-05
2026-08-03 23:47:14,BTCUSDT,BINANCE,TRADE,63968,8e-05
2026-08-03 23:47:14,BTCUSDT,BINANCE,TRADE,63968,8e-05
2026-08-03 23:47:14,BTCUSDT,BINANCE,TRADE,63968,0.00016
2026-08-03 23:47:14,BTCUSDT,BINANCE,TRADE,63968,9e-05
2026-08-03 23:47:14,BTCUSDT,BINANCE,TRADE,63968,9e-05
2026-08-03 23:47:14,BTCUSDT,BINANCE,TRADE,63968,9e-05
2026-08-03 23:47:14,BTCUSDT,BINANCE,TRADE,63968,9e-05
2026-08-03 23:47:14,BTCUSDT,BINANCE,TRADE,63968,9e-05
2026-08-03 23:47:14,BTCUSDT,BINANCE,TRADE,63968,9e-05
2026-08-03 23:47:14,BTCUSDT,BINANCE,TRADE,63968,0.00016
2026-08-03 23:47:14,BTCUSDT,BINANCE,TRADE,63969.1,8e-05
2026-08-03 23:47:14,BTCUSDT,BINANCE,TRADE,63969.1,8e-05
2026-08-03 23:47:14,BTCUSDT,BINANCE,TRADE,63969.1,9e-05
2026-08-03 23:47:14,BTCUSDT,BINANCE,TRADE,63969.1,8e-05
2026-08-03 23:47:14,BTCUSDT,BINANCE,TRADE,63969.1,9e-05
2026-08-03 23:47:14,BTCUSDT,BINANCE,TRADE,63969.1,0.00594
2026-08-03 23:47:14,BTCUSDT,BINANCE,TRADE,63969.1,8e-05
2026-08-03 23:47:14,BTCUSDT,BINANCE,TRADE,63969.1,8e-05
2026-08-03 23:47:14,BTCUSDT,BINANCE,TRADE,63969.1,8e-05
2026-08-03 23:47:14,BTCUSDT,BINANCE,TRADE,63969.1,8e-05
2026-08-03 23:47:14,BTCUSDT,BINANCE,TRADE,63969.4,9e-05
2026-08-03 23:47:14,BTCUSDT,BINANCE,TRADE,63969.4,9e-05
2026-08-03 23:47:14,BTCUSDT,BINANCE,TRADE,63969.4,9e-05
2026-08-03 23:47:14,BTCUSDT,BINANCE,TRADE,63969.4,0.09645
2026-08-03 23:47:14,BTCUSDT,BINANCE,TRADE,63969.4,0.0001
2026-08-03 23:47:14,BTCUSDT,BINANCE,TRADE,63969.4,0.00253
2026-08-03 23:47:14,BTCUSDT,BINANCE,TRADE,63969.4,9e-05
2026-08-03 23:47:14,BTCUSDT,BINANCE,TRADE,63969.4,9e-05
2026-08-03 23:47:14,BTCUSDT,BINANCE,TRADE,63969.4,8e-05
2026-08-03 23:47:14,BTCUSDT,BINANCE,TRADE,63969.4,9e-05
2026-08-03 23:47:14,BTCUSDT,BINANCE,TRADE,63969.4,9e-05
2026-08-03 23:47:14,BTCUSDT,BINANCE,TRADE,63969.4,0.40384
2026-08-03 23:47:14,BTCUSDT,BINANCE,TRADE,63969.4,9e-05
2026-08-03 23:47:14,BTCUSDT,BINANCE,TRADE,63969.4,9e-05
2026-08-03 23:47:14,BTCUSDT,BINANCE,TRADE,63969.4,8e-05
2026-08-03 23:47:14,BTCUSDT,BINANCE,TRADE,63969.4,9e-05
2026-08-03 23:47:14,BTCUSDT,BINANCE,TRADE,63969.4,9e-05
2026-08-03 23:47:14,BTCUSDT,BINANCE,TRADE,63969.4,9e-05
2026-08-03 23:47:14,BTCUSDT,BINANCE,TRADE,63969.4,9e-05
2026-08-03 23:47:14,BTCUSDT,BINANCE,TRADE,63969.4,8e-05
2026-08-03 23:47:14,BTCUSDT,BINANCE,TRADE,63969.4,0.01672
2026-08-03 23:47:14,BTCUSDT,BINANCE,TRADE,63969.4,8e-05
2026-08-03 23:47:14,BTCUSDT,BINANCE,TRADE,63969.4,8e-05
2026-08-03 23:47:14,BTCUSDT,BINANCE,TRADE,63969.4,8e-05
2026-08-03 23:47:14,BTCUSDT,BINANCE,TRADE,63969.4,8e-05
2026-08-03 23:47:14,BTCUSDT,BINANCE,TRADE,63969.4,9e-05
2026-08-03 23:47:14,BTCUSDT,BINANCE,TRADE,63969.4,9e-05
2026-08-03 23:47:14,BTCUSDT,BINANCE,TRADE,63969.4,9e-05
2026-08-03 23:47:14,BTCUSDT,BINANCE,TRADE,63969.4,9e-05
2026-08-03 23:47:14,BTCUSDT,BINANCE,TRADE,63969.4,9e-05
2026-08-03 23:47:14,BTCUSDT,BINANCE,TRADE,63969.9,8e-05
2026-08-03 23:47:14,BTCUSDT,BINANCE,TRADE,63969.9,8e-05
2026-08-03 23:47:14,BTCUSDT,BINANCE,TRADE,63969.9,8e-05
2026-08-03 23:47:14,BTCUSDT,BINANCE,TRADE,63969.9,8e-05
2026-08-03 23:47:14,BTCUSDT,BINANCE,TRADE,63969.9,8e-05
2026-08-03 23:47:14,BTCUSDT,BINANCE,TRADE,63969.9,8e-05
2026-08-03 23:47:14,BTCUSDT,BINANCE,TRADE,63969.9,8e-05
2026-08-03 23:47:14,BTCUSDT,BINANCE,TRADE,63969.9,8e-05
2026-08-03 23:47:14,BTCUSDT,BINANCE,TRADE,63969.9,8e-05
2026-08-03 23:47:14,BTCUSDT,BINANCE,TRADE,63969.9,8e-05
2026-08-03 23:47:14,BTCUSDT,BINANCE,TRADE,63969.9,8e-05
2026-08-03 23:47:14,BTCUSDT,BINANCE,TRADE,63969.9,8e-05
2026-08-03 23:47:14,BTCUSDT,BINANCE,TRADE,63969.9,8e-05
2026-08-03 23:47:14,BTCUSDT,BINANCE,TRADE,63969.9,8e-05
2026-08-03 23:47:14,BTCUSDT,BINANCE,TRADE,63969.9,8e-05
2026-08-03 23:47:14,BTCUSDT,BINANCE,TRADE,63970,9e-05
2026-08-03 23:47:14,BTCUSDT,BINANCE,TRADE,63970,9e-05
2026-08-03 23:47:14,BTCUSDT,BINANCE,TRADE,63970,9e-05
2026-08-03 23:47:14,BTCUSDT,BINANCE,TRADE,63970,0.005
2026-08-03 23:47:14,BTCUSDT,BINANCE,TRADE,63970,0.008
2026-08-03 23:47:14,BTCUSDT,BINANCE,TRADE,63970,0.002
2026-08-03 23:47:14,BTCUSDT,BINANCE,TRADE,63970,0.00479
2026-08-03 23:47:14,BTCUSDT,BINANCE,TRADE,63970,0.00121
2026-08-03 23:47:14,BTCUSDT,BINANCE,TRADE,63970,9e-05
2026-08-03 23:47:14,BTCUSDT,BINANCE,TRADE,63970,8e-05
2026-08-03 23:47:14,BTCUSDT,BINANCE,TRADE,63970,9e-05
2026-08-03 23:47:14,BTCUSDT,BINANCE,TRADE,63970,8e-05
2026-08-03 23:47:14,BTCUSDT,BINANCE,TRADE,63970,9e-05
2026-08-03 23:47:14,BTCUSDT,BINANCE,TRADE,63970,9e-05
2026-08-03 23:47:14,BTCUSDT,BINANCE,TRADE,63970,9e-05
2026-08-03 23:47:14,BTCUSDT,BINANCE,TRADE,63970,9e-05
2026-08-03 23:47:14,BTCUSDT,BINANCE,TRADE,63970,9e-05
2026-08-03 23:47:14,BTCUSDT,BINANCE,TRADE,63970,8e-05
2026-08-03 23:47:14,BTCUSDT,BINANCE,TRADE,63970,0.00236
2026-08-03 23:47:14,BTCUSDT,BINANCE,TRADE,63970,8e-05
2026-08-03 23:47:14,BTCUSDT,BINANCE,TRADE,63970,8e-05
2026-08-03 23:47:14,BTCUSDT,BINANCE,TRADE,63970,8e-05
2026-08-03 23:47:14,BTCUSDT,BINANCE,TRADE,63970,9e-05
2026-08-03 23:47:14,BTCUSDT,BINANCE,TRADE,63970,9e-05
2026-08-03 23:47:14,BTCUSDT,BINANCE,TRADE,63970,9e-05
2026-08-03 23:47:14,BTCUSDT,BINANCE,TRADE,63970,9e-05
2026-08-03 23:47:14,BTCUSDT,BINANCE,TRADE,63970,9e-05
2026-08-03 23:47:14,BTCUSDT,BINANCE,TRADE,63970,9e-05
2026-08-03 23:47:14,BTCUSDT,BINANCE,TRADE,63970.2,8e-05
2026-08-03 23:47:14,BTCUSDT,BINANCE,TRADE,63970.6,8e-05
2026-08-03 23:47:14,BTCUSDT,BINANCE,TRADE,63970.6,8e-05
2026-08-03 23:47:14,BTCUSDT,BINANCE,TRADE,63971.4,8e-05
2026-08-03 23:47:14,BTCUSDT,BINANCE,TRADE,63971.4,8e-05
2026-08-03 23:47:14,BTCUSDT,BINANCE,TRADE,63971.9,9e-05
2026-08-03 23:47:14,BTCUSDT,BINANCE,TRADE,63971.9,9e-05
2026-08-03 23:47:14,BTCUSDT,BINANCE,TRADE,63971.9,9e-05
2026-08-03 23:47:14,BTCUSDT,BINANCE,TRADE,63971.9,8e-05
2026-08-03 23:47:14,BTCUSDT,BINANCE,TRADE,63971.9,9e-05
2026-08-03 23:47:14,BTCUSDT,BINANCE,TRADE,63971.9,8e-05
2026-08-03 23:47:14,BTCUSDT,BINANCE,TRADE,63971.9,9e-05
2026-08-03 23:47:14,BTCUSDT,BINANCE,TRADE,63971.9,9e-05
2026-08-03 23:47:14,BTCUSDT,BINANCE,TRADE,63971.9,9e-05
2026-08-03 23:47:14,BTCUSDT,BINANCE,TRADE,63971.9,9e-05
2026-08-03 23:47:14,BTCUSDT,BINANCE,TRADE,63971.9,9e-05
2026-08-03 23:47:14,BTCUSDT,BINANCE,TRADE,63971.9,9e-05
2026-08-03 23:47:14,BTCUSDT,BINANCE,TRADE,63971.9,9e-05
2026-08-03 23:47:14,BTCUSDT,BINANCE,TRADE,63971.9,9e-05
2026-08-03 23:47:14,BTCUSDT,BINANCE,TRADE,63971.9,9e-05
2026-08-03 23:47:14,BTCUSDT,BINANCE,TRADE,63971.9,9e-05
2026-08-03 23:47:14,BTCUSDT,BINANCE,TRADE,63971.9,0.0031
2026-08-03 23:47:14,BTCUSDT,BINANCE,TRADE,63971.9,9e-05
2026-08-03 23:47:14,BTCUSDT,BINANCE,TRADE,63971.9,9e-05
2026-08-03 23:47:14,BTCUSDT,BINANCE,TRADE,63971.9,9e-05
2026-08-03 23:47:14,BTCUSDT,BINANCE,TRADE,63971.9,8e-05
2026-08-03 23:47:14,BTCUSDT,BINANCE,TRADE,63971.9,9e-05
2026-08-03 23:47:14,BTCUSDT,BINANCE,TRADE,63971.9,9e-05
2026-08-03 23:47:14,BTCUSDT,BINANCE,TRADE,63971.9,8e-05
2026-08-03 23:47:14,BTCUSDT,BINANCE,TRADE,63972,9e-05
2026-08-03 23:47:14,BTCUSDT,BINANCE,TRADE,63972,9e-05
2026-08-03 23:47:14,BTCUSDT,BINANCE,TRADE,63972,9e-05
2026-08-03 23:47:14,BTCUSDT,BINANCE,TRADE,63972,9e-05
2026-08-03 23:47:14,BTCUSDT,BINANCE,TRADE,63972,9e-05
2026-08-03 23:47:14,BTCUSDT,BINANCE,TRADE,63972,9e-05
2026-08-03 23:47:14,BTCUSDT,BINANCE,TRADE,63972,9e-05
2026-08-03 23:47:14,BTCUSDT,BINANCE,TRADE,63972,9e-05
2026-08-03 23:47:14,BTCUSDT,BINANCE,TRADE,63972,0.02088
2026-08-03 23:47:14,BTCUSDT,BINANCE,TRADE,63972,0.006
2026-08-03 23:47:14,BTCUSDT,BINANCE,TRADE,63972,0.005
2026-08-03 23:47:14,BTCUSDT,BINANCE,TRADE,63972,0.008
2026-08-03 23:47:14,BTCUSDT,BINANCE,TRADE,63972,0.002
2026-08-03 23:47:14,BTCUSDT,BINANCE,TRADE,63972,9e-05
2026-08-03 23:47:14,BTCUSDT,BINANCE,TRADE,63972,9e-05
2026-08-03 23:47:14,BTCUSDT,BINANCE,TRADE,63972,9e-05
2026-08-03 23:47:14,BTCUSDT,BINANCE,TRADE,63972,8e-05
2026-08-03 23:47:14,BTCUSDT,BINANCE,TRADE,63972,0.04883
2026-08-03 23:47:14,BTCUSDT,BINANCE,TRADE,63972,0.00034
2026-08-03 23:47:14,BTCUSDT,BINANCE,TRADE,63972,0.00065
2026-08-03 23:47:14,BTCUSDT,BINANCE,TRADE,63972,0.00031
2026-08-03 23:47:14,BTCUSDT,BINANCE,TRADE,63972,0.0031
2026-08-03 23:47:14,BTCUSDT,BINANCE,TRADE,63972,8e-05
2026-08-03 23:47:14,BTCUSDT,BINANCE,TRADE,63972,9e-05
2026-08-03 23:47:14,BTCUSDT,BINANCE,TRADE,63972,9e-05
2026-08-03 23:47:14,BTCUSDT,BINANCE,TRADE,63972,9e-05
2026-08-03 23:47:14,BTCUSDT,BINANCE,TRADE,63972,9e-05
2026-08-03 23:47:14,BTCUSDT,BINANCE,TRADE,63972,8e-05
2026-08-03 23:47:14,BTCUSDT,BINANCE,TRADE,63972,8e-05
2026-08-03 23:47:14,BTCUSDT,BINANCE,TRADE,63972,9e-05
2026-08-03 23:47:14,BTCUSDT,BINANCE,TRADE,63972,9e-05
2026-08-03 23:47:14,BTCUSDT,BINANCE,TRADE,63972,9e-05
2026-08-03 23:47:14,BTCUSDT,BINANCE,TRADE,63972,9e-05
2026-08-03 23:47:14,BTCUSDT,BINANCE,TRADE,63972,8e-05
2026-08-03 23:47:14,BTCUSDT,BINANCE,TRADE,63972,8e-05
2026-08-03 23:47:14,BTCUSDT,BINANCE,TRADE,63972,8e-05
2026-08-03 23:47:14,BTCUSDT,BINANCE,TRADE,63972,9e-05
2026-08-03 23:47:14,BTCUSDT,BINANCE,TRADE,63972,9e-05
2026-08-03 23:47:14,BTCUSDT,BINANCE,TRADE,63972,9e-05
2026-08-03 23:47:14,BTCUSDT,BINANCE,TRADE,63972,9e-05
2026-08-03 23:47:14,BTCUSDT,BINANCE,TRADE,63972,9e-05
2026-08-03 23:47:14,BTCUSDT,BINANCE,TRADE,63972,9e-05
2026-08-03 23:47:14,BTCUSDT,BINANCE,TRADE,63972,8e-05
2026-08-03 23:47:14,BTCUSDT,BINANCE,TRADE,63972,8e-05
2026-08-03 23:47:14,BTCUSDT,BINANCE,TRADE,63972,8e-05
2026-08-03 23:47:14,BTCUSDT,BINANCE,TRADE,63973.1,8e-05
2026-08-03 23:47:14,BTCUSDT,BINANCE,TRADE,63973.1,8e-05
2026-08-03 23:47:14,BTCUSDT,BINANCE,TRADE,63973.3,8e-05
2026-08-03 23:47:14,BTCUSDT,BINANCE,TRADE,63973.4,8e-05
2026-08-03 23:47:14,BTCUSDT,BINANCE,TRADE,63973.4,8e-05
2026-08-03 23:47:14,BTCUSDT,BINANCE,TRADE,63974,8e-05
2026-08-03 23:47:14,BTCUSDT,BINANCE,TRADE,63974,8e-05
2026-08-03 23:47:14,BTCUSDT,BINANCE,TRADE,63974,8e-05
2026-08-03 23:47:14,BTCUSDT,BINANCE,TRADE,63974,8e-05
2026-08-03 23:47:14,BTCUSDT,BINANCE,TRADE,63974,0.00238
2026-08-03 23:47:14,BTCUSDT,BINANCE,TRADE,63974,9e-05
2026-08-03 23:47:14,BTCUSDT,BINANCE,TRADE,63974,9e-05
2026-08-03 23:47:14,BTCUSDT,BINANCE,TRADE,63974,9e-05
2026-08-03 23:47:14,BTCUSDT,BINANCE,TRADE,63974,9e-05
2026-08-03 23:47:14,BTCUSDT,BINANCE,TRADE,63974,9e-05
2026-08-03 23:47:14,BTCUSDT,BINANCE,TRADE,63974,8e-05
2026-08-03 23:47:14,BTCUSDT,BINANCE,TRADE,63974,9e-05
2026-08-03 23:47:14,BTCUSDT,BINANCE,TRADE,63974,9e-05
2026-08-03 23:47:14,BTCUSDT,BINANCE,TRADE,63974,9e-05
2026-08-03 23:47:14,BTCUSDT,BINANCE,TRADE,63974,9e-05
2026-08-03 23:47:14,BTCUSDT,BINANCE,TRADE,63974,8e-05
2026-08-03 23:47:14,BTCUSDT,BINANCE,TRADE,63974,9e-05
2026-08-03 23:47:14,BTCUSDT,BINANCE,TRADE,63974,8e-05
2026-08-03 23:47:14,BTCUSDT,BINANCE,TRADE,63974,8e-05
2026-08-03 23:47:14,BTCUSDT,BINANCE,TRADE,63974,8e-05
2026-08-03 23:47:14,BTCUSDT,BINANCE,TRADE,63974,8e-05
2026-08-03 23:47:14,BTCUSDT,BINANCE,TRADE,63974,8e-05
2026-08-03 23:47:14,BTCUSDT,BINANCE,TRADE,63974,8e-05
2026-08-03 23:47:14,BTCUSDT,BINANCE,TRADE,63974,8e-05
2026-08-03 23:47:14,BTCUSDT,BINANCE,TRADE,63974,8e-05
2026-08-03 23:47:14,BTCUSDT,BINANCE,TRADE,63974,9e-05
2026-08-03 23:47:14,BTCUSDT,BINANCE,TRADE,63974,9e-05
2026-08-03 23:47:14,BTCUSDT,BINANCE,TRADE,63974,9e-05
2026-08-03 23:47:14,BTCUSDT,BINANCE,TRADE,63974,9e-05
2026-08-03 23:47:14,BTCUSDT,BINANCE,TRADE,63974,9e-05
2026-08-03 23:47:14,BTCUSDT,BINANCE,TRADE,63974,9e-05
2026-08-03 23:47:14,BTCUSDT,BINANCE,TRADE,63974,9e-05
2026-08-03 23:47:14,BTCUSDT,BINANCE,TRADE,63974,9e-05
2026-08-03 23:47:14,BTCUSDT,BINANCE,TRADE,63974,9e-05
2026-08-03 23:47:14,SOLUSDT,BINANCE,TRADE,74.21,5.549
2026-08-03 23:47:14,SOLUSDT,BINANCE,TRADE,74.21,0.338
2026-08-03 23:47:15,SOLUSDT,BINANCE,TRADE,74.22,0.791
2026-08-03 23:47:15,SOLUSDT,BINANCE,TRADE,74.22,0.135
2026-08-03 23:47:15,SOLUSDT,BINANCE,TRADE,74.22,2
2026-08-03 23:47:15,SOLUSDT,BINANCE,TRADE,74.22,4.514
2026-08-03 23:47:15,ETHUSDT,BINANCE,TRADE,1872.79,0.0811
2026-08-03 23:47:15,SOLUSDT,BINANCE,TRADE,74.21,0.27
2026-08-03 23:47:15,BTCUSDT,BINANCE,TRADE,63974,0.006
2026-08-03 23:47:15,BTCUSDT,BINANCE,TRADE,63974,0.005
2026-08-03 23:47:15,BTCUSDT,BINANCE,TRADE,63974,0.008
2026-08-03 23:47:15,BTCUSDT,BINANCE,TRADE,63974,0.002
2026-08-03 23:47:15,BTCUSDT,BINANCE,TRADE,63974,8e-05
2026-08-03 23:47:15,BTCUSDT,BINANCE,TRADE,63974,9e-05
2026-08-03 23:47:15,BTCUSDT,BINANCE,TRADE,63974,0.00274
2026-08-03 23:47:15,BTCUSDT,BINANCE,TRADE,63974,8e-05
2026-08-03 23:47:15,BTCUSDT,BINANCE,TRADE,63974,9e-05
2026-08-03 23:47:15,BTCUSDT,BINANCE,TRADE,63974,9e-05
2026-08-03 23:47:15,BTCUSDT,BINANCE,TRADE,63974,9e-05
2026-08-03 23:47:15,BTCUSDT,BINANCE,TRADE,63974,9e-05
2026-08-03 23:47:15,BTCUSDT,BINANCE,TRADE,63974,8e-05
2026-08-03 23:47:15,BTCUSDT,BINANCE,TRADE,63974,9e-05
2026-08-03 23:47:15,BTCUSDT,BINANCE,TRADE,63974,9e-05
2026-08-03 23:47:15,BTCUSDT,BINANCE,TRADE,63974,8e-05
2026-08-03 23:47:15,BTCUSDT,BINANCE,TRADE,63974,9e-05
2026-08-03 23:47:15,BTCUSDT,BINANCE,TRADE,63974,9e-05
2026-08-03 23:47:15,BTCUSDT,BINANCE,TRADE,63974,0.007
2026-08-03 23:47:15,BTCUSDT,BINANCE,TRADE,63974,8e-05
2026-08-03 23:47:15,BTCUSDT,BINANCE,TRADE,63974,8e-05
2026-08-03 23:47:15,BTCUSDT,BINANCE,TRADE,63974,9e-05
2026-08-03 23:47:15,BTCUSDT,BINANCE,TRADE,63974,9e-05
2026-08-03 23:47:15,BTCUSDT,BINANCE,TRADE,63974,9e-05
2026-08-03 23:47:15,BTCUSDT,BINANCE,TRADE,63974,9e-05
2026-08-03 23:47:15,BTCUSDT,BINANCE,TRADE,63974,9e-05
2026-08-03 23:47:15,BTCUSDT,BINANCE,TRADE,63974,2e-05
2026-08-03 23:47:15,ETHUSDT,BINANCE,TRADE,1872.8,0.0028
2026-08-03 23:47:15,ETHUSDT,BINANCE,TRADE,1872.8,0.0002
2026-08-03 23:47:15,ETHUSDT,BINANCE,TRADE,1872.8,0.0025
2026-08-03 23:47:15,ETHUSDT,BINANCE,TRADE,1872.8,0.0028
2026-08-03 23:47:15,ETHUSDT,BINANCE,TRADE,1872.8,0.0027
2026-08-03 23:47:15,ETHUSDT,BINANCE,TRADE,1872.8,0.0054
2026-08-03 23:47:15,ETHUSDT,BINANCE,TRADE,1872.8,0.0027
2026-08-03 23:47:15,ETHUSDT,BINANCE,TRADE,1872.8,0.12
2026-08-03 23:47:15,ETHUSDT,BINANCE,TRADE,1872.8,0.0027
2026-08-03 23:47:15,ETHUSDT,BINANCE,TRADE,1872.8,0.0027
2026-08-03 23:47:15,ETHUSDT,BINANCE,TRADE,1872.8,0.0027
2026-08-03 23:47:15,ETHUSDT,BINANCE,TRADE,1872.8,0.0028
2026-08-03 23:47:15,ETHUSDT,BINANCE,TRADE,1872.8,0.0028
2026-08-03 23:47:15,ETHUSDT,BINANCE,TRADE,1872.8,0.3509
2026-08-03 23:47:15,ETHUSDT,BINANCE,TRADE,1872.8,0.358
2026-08-03 23:47:15,ETHUSDT,BINANCE,TRADE,1872.8,0.0032
2026-08-03 23:47:15,ETHUSDT,BINANCE,TRADE,1872.8,0.0032
2026-08-03 23:47:15,ETHUSDT,BINANCE,TRADE,1872.8,0.0028
2026-08-03 23:47:15,ETHUSDT,BINANCE,TRADE,1872.8,0.0027
2026-08-03 23:47:15,ETHUSDT,BINANCE,TRADE,1872.8,0.0027
2026-08-03 23:47:15,ETHUSDT,BINANCE,TRADE,1872.8,0.0027
2026-08-03 23:47:15,ETHUSDT,BINANCE,TRADE,1872.81,0.011
2026-08-03 23:47:15,ETHUSDT,BINANCE,TRADE,1872.81,0.0027
2026-08-03 23:47:15,ETHUSDT,BINANCE,TRADE,1872.81,0.0027
2026-08-03 23:47:15,ETHUSDT,BINANCE,TRADE,1872.81,0.0028
2026-08-03 23:47:15,ETHUSDT,BINANCE,TRADE,1872.81,0.0028
2026-08-03 23:47:15,ETHUSDT,BINANCE,TRADE,1872.81,0.0054
2026-08-03 23:47:15,ETHUSDT,BINANCE,TRADE,1872.81,0.0028
2026-08-03 23:47:15,ETHUSDT,BINANCE,TRADE,1872.81,0.0027
2026-08-03 23:47:15,ETHUSDT,BINANCE,TRADE,1872.81,0.0027
2026-08-03 23:47:15,ETHUSDT,BINANCE,TRADE,1872.81,0.0027
2026-08-03 23:47:15,ETHUSDT,BINANCE,TRADE,1872.81,0.0027
2026-08-03 23:47:15,ETHUSDT,BINANCE,TRADE,1872.82,0.0027
2026-08-03 23:47:15,ETHUSDT,BINANCE,TRADE,1872.82,0.0028
2026-08-03 23:47:15,ETHUSDT,BINANCE,TRADE,1872.82,0.0054
2026-08-03 23:47:15,ETHUSDT,BINANCE,TRADE,1872.82,0.0027
2026-08-03 23:47:15,ETHUSDT,BINANCE,TRADE,1872.82,0.0027
2026-08-03 23:47:15,ETHUSDT,BINANCE,TRADE,1872.82,0.0027
2026-08-03 23:47:15,ETHUSDT,BINANCE,TRADE,1872.82,0.0027
2026-08-03 23:47:15,ETHUSDT,BINANCE,TRADE,1872.83,0.0027
2026-08-03 23:47:15,ETHUSDT,BINANCE,TRADE,1872.83,0.0027
2026-08-03 23:47:15,ETHUSDT,BINANCE,TRADE,1872.83,0.0027
2026-08-03 23:47:15,ETHUSDT,BINANCE,TRADE,1872.83,0.0028
2026-08-03 23:47:15,ETHUSDT,BINANCE,TRADE,1872.83,0.0027
2026-08-03 23:47:15,ETHUSDT,BINANCE,TRADE,1872.83,0.0015
2026-08-03 23:47:15,ETHUSDT,BINANCE,TRADE,1872.83,0.0012
2026-08-03 23:47:15,ETHUSDT,BINANCE,TRADE,1872.83,0.0027
2026-08-03 23:47:15,ETHUSDT,BINANCE,TRADE,1872.83,0.0027
2026-08-03 23:47:15,ETHUSDT,BINANCE,TRADE,1872.83,0.0027
2026-08-03 23:47:15,ETHUSDT,BINANCE,TRADE,1872.83,0.0027
2026-08-03 23:47:15,ETHUSDT,BINANCE,TRADE,1872.83,0.0027
2026-08-03 23:47:15,ETHUSDT,BINANCE,TRADE,1872.83,0.0027
2026-08-03 23:47:15,ETHUSDT,BINANCE,TRADE,1872.83,0.0027
2026-08-03 23:47:15,ETHUSDT,BINANCE,TRADE,1872.83,0.0027
2026-08-03 23:47:15,ETHUSDT,BINANCE,TRADE,1872.83,0.0027
2026-08-03 23:47:15,ETHUSDT,BINANCE,TRADE,1872.83,0.0027
2026-08-03 23:47:15,BTCUSDT,BINANCE,TRADE,63974,7e-05
2026-08-03 23:47:15,BTCUSDT,BINANCE,TRADE,63974,9e-05
2026-08-03 23:47:15,BTCUSDT,BINANCE,TRADE,63974,8e-05
2026-08-03 23:47:15,BTCUSDT,BINANCE,TRADE,63974,9e-05
2026-08-03 23:47:15,BTCUSDT,BINANCE,TRADE,63974,9e-05
2026-08-03 23:47:15,BTCUSDT,BINANCE,TRADE,63974,8e-05
2026-08-03 23:47:15,BTCUSDT,BINANCE,TRADE,63974,9e-05
2026-08-03 23:47:15,BTCUSDT,BINANCE,TRADE,63974.8,0.00781
2026-08-03 23:47:15,BTCUSDT,BINANCE,TRADE,63974.8,8e-05
2026-08-03 23:47:15,BTCUSDT,BINANCE,TRADE,63974.8,1e-05
2026-08-03 23:47:15,ETHUSDT,BINANCE,TRADE,1872.84,0.0028
2026-08-03 23:47:15,ETHUSDT,BINANCE,TRADE,1872.85,0.0027
2026-08-03 23:47:15,ETHUSDT,BINANCE,TRADE,1872.85,0.0028
2026-08-03 23:47:15,ETHUSDT,BINANCE,TRADE,1872.85,0.0027
2026-08-03 23:47:15,ETHUSDT,BINANCE,TRADE,1872.86,0.0027
2026-08-03 23:47:15,ETHUSDT,BINANCE,TRADE,1872.86,0.0294
2026-08-03 23:47:15,ETHUSDT,BINANCE,TRADE,1872.86,0.0028
2026-08-03 23:47:15,ETHUSDT,BINANCE,TRADE,1872.87,0.0027
2026-08-03 23:47:15,ETHUSDT,BINANCE,TRADE,1872.87,0.0028
2026-08-03 23:47:15,ETHUSDT,BINANCE,TRADE,1872.87,0.0027
2026-08-03 23:47:15,ETHUSDT,BINANCE,TRADE,1872.87,0.0027
2026-08-03 23:47:15,ETHUSDT,BINANCE,TRADE,1872.87,0.0027
2026-08-03 23:47:15,ETHUSDT,BINANCE,TRADE,1872.87,0.0027
2026-08-03 23:47:15,ETHUSDT,BINANCE,TRADE,1872.88,0.0027
2026-08-03 23:47:15,ETHUSDT,BINANCE,TRADE,1872.88,0.0028
2026-08-03 23:47:15,ETHUSDT,BINANCE,TRADE,1872.88,0.0028
2026-08-03 23:47:15,ETHUSDT,BINANCE,TRADE,1872.88,0.0027
2026-08-03 23:47:15,ETHUSDT,BINANCE,TRADE,1872.88,0.0027
2026-08-03 23:47:15,ETHUSDT,BINANCE,TRADE,1872.88,0.0027
2026-08-03 23:47:15,ETHUSDT,BINANCE,TRADE,1872.88,0.0027
2026-08-03 23:47:15,ETHUSDT,BINANCE,TRADE,1872.89,0.0027
2026-08-03 23:47:15,ETHUSDT,BINANCE,TRADE,1872.89,0.0028
2026-08-03 23:47:15,ETHUSDT,BINANCE,TRADE,1872.89,0.0027
2026-08-03 23:47:15,ETHUSDT,BINANCE,TRADE,1872.89,0.0027
2026-08-03 23:47:15,ETHUSDT,BINANCE,TRADE,1872.89,0.0027
2026-08-03 23:47:15,ETHUSDT,BINANCE,TRADE,1872.89,0.0027
2026-08-03 23:47:15,ETHUSDT,BINANCE,TRADE,1872.9,0.0027
2026-08-03 23:47:15,ETHUSDT,BINANCE,TRADE,1872.9,0.0027
2026-08-03 23:47:15,ETHUSDT,BINANCE,TRADE,1872.9,0.0029
2026-08-03 23:47:15,ETHUSDT,BINANCE,TRADE,1872.9,0.0029
2026-08-03 23:47:15,ETHUSDT,BINANCE,TRADE,1872.9,0.0027
2026-08-03 23:47:15,ETHUSDT,BINANCE,TRADE,1872.9,0.0029
2026-08-03 23:47:15,ETHUSDT,BINANCE,TRADE,1872.9,0.0027
2026-08-03 23:47:15,ETHUSDT,BINANCE,TRADE,1872.9,0.0027
2026-08-03 23:47:15,ETHUSDT,BINANCE,TRADE,1872.9,0.0027
2026-08-03 23:47:15,BTCUSDT,BINANCE,TRADE,63974.8,7e-05
2026-08-03 23:47:15,BTCUSDT,BINANCE,TRADE,63974.8,8e-05
2026-08-03 23:47:15,BTCUSDT,BINANCE,TRADE,63974.8,8e-05
2026-08-03 23:47:15,BTCUSDT,BINANCE,TRADE,63974.8,9e-05
2026-08-03 23:47:15,BTCUSDT,BINANCE,TRADE,63974.8,8e-05
2026-08-03 23:47:15,BTCUSDT,BINANCE,TRADE,63974.8,8e-05
2026-08-03 23:47:15,BTCUSDT,BINANCE,TRADE,63974.8,8e-05
2026-08-03 23:47:15,BTCUSDT,BINANCE,TRADE,63975.4,9e-05
2026-08-03 23:47:15,BTCUSDT,BINANCE,TRADE,63976,0.006
2026-08-03 23:47:15,BTCUSDT,BINANCE,TRADE,63976,0.005
2026-08-03 23:47:15,BTCUSDT,BINANCE,TRADE,63976,0.008
2026-08-03 23:47:15,BTCUSDT,BINANCE,TRADE,63976,0.002
2026-08-03 23:47:15,BTCUSDT,BINANCE,TRADE,63976,9e-05
2026-08-03 23:47:15,BTCUSDT,BINANCE,TRADE,63976,8e-05
2026-08-03 23:47:15,BTCUSDT,BINANCE,TRADE,63976,8e-05
2026-08-03 23:47:15,BTCUSDT,BINANCE,TRADE,63976,9e-05
2026-08-03 23:47:15,BTCUSDT,BINANCE,TRADE,63976,9e-05
2026-08-03 23:47:15,BTCUSDT,BINANCE,TRADE,63976,9e-05
2026-08-03 23:47:15,BTCUSDT,BINANCE,TRADE,63976,9e-05
2026-08-03 23:47:15,BTCUSDT,BINANCE,TRADE,63976,9e-05
2026-08-03 23:47:15,BTCUSDT,BINANCE,TRADE,63976,9e-05
2026-08-03 23:47:15,BTCUSDT,BINANCE,TRADE,63976,9e-05
2026-08-03 23:47:15,BTCUSDT,BINANCE,TRADE,63976,8e-05
2026-08-03 23:47:15,BTCUSDT,BINANCE,TRADE,63976,9e-05
2026-08-03 23:47:15,BTCUSDT,BINANCE,TRADE,63976,8e-05
2026-08-03 23:47:15,BTCUSDT,BINANCE,TRADE,63976,8e-05
2026-08-03 23:47:15,BTCUSDT,BINANCE,TRADE,63976,9e-05
2026-08-03 23:47:15,BTCUSDT,BINANCE,TRADE,63976,9e-05
2026-08-03 23:47:15,BTCUSDT,BINANCE,TRADE,63976,9e-05
2026-08-03 23:47:15,BTCUSDT,BINANCE,TRADE,63976,9e-05
2026-08-03 23:47:15,BTCUSDT,BINANCE,TRADE,63976,9e-05
2026-08-03 23:47:15,BTCUSDT,BINANCE,TRADE,63976.5,8e-05
2026-08-03 23:47:15,BTCUSDT,BINANCE,TRADE,63977.1,8e-05
2026-08-03 23:47:15,BTCUSDT,BINANCE,TRADE,63977.1,8e-05
2026-08-03 23:47:15,BTCUSDT,BINANCE,TRADE,63977.1,9e-05
2026-08-03 23:47:15,BTCUSDT,BINANCE,TRADE,63977.1,9e-05
2026-08-03 23:47:15,BTCUSDT,BINANCE,TRADE,63977.1,8e-05
2026-08-03 23:47:15,BTCUSDT,BINANCE,TRADE,63977.1,9e-05
2026-08-03 23:47:15,BTCUSDT,BINANCE,TRADE,63977.1,9e-05
2026-08-03 23:47:15,BTCUSDT,BINANCE,TRADE,63977.1,9e-05
2026-08-03 23:47:15,BTCUSDT,BINANCE,TRADE,63977.1,9e-05
2026-08-03 23:47:15,BTCUSDT,BINANCE,TRADE,63977.1,8e-05
2026-08-03 23:47:15,BTCUSDT,BINANCE,TRADE,63977.1,8e-05
2026-08-03 23:47:15,BTCUSDT,BINANCE,TRADE,63977.1,9e-05
2026-08-03 23:47:15,BTCUSDT,BINANCE,TRADE,63977.1,9e-05
2026-08-03 23:47:15,BTCUSDT,BINANCE,TRADE,63977.1,9e-05
2026-08-03 23:47:15,BTCUSDT,BINANCE,TRADE,63977.1,9e-05
2026-08-03 23:47:15,BTCUSDT,BINANCE,TRADE,63977.1,8e-05
2026-08-03 23:47:15,BTCUSDT,BINANCE,TRADE,63978,9e-05
2026-08-03 23:47:15,BTCUSDT,BINANCE,TRADE,63978,9e-05
2026-08-03 23:47:15,BTCUSDT,BINANCE,TRADE,63978,0.01292
2026-08-03 23:47:15,BTCUSDT,BINANCE,TRADE,63978,9e-05
2026-08-03 23:47:15,BTCUSDT,BINANCE,TRADE,63978,0.006
2026-08-03 23:47:15,BTCUSDT,BINANCE,TRADE,63978,0.005
2026-08-03 23:47:15,BTCUSDT,BINANCE,TRADE,63978,0.008
2026-08-03 23:47:15,BTCUSDT,BINANCE,TRADE,63978,0.002
2026-08-03 23:47:15,BTCUSDT,BINANCE,TRADE,63978,9e-05
2026-08-03 23:47:15,BTCUSDT,BINANCE,TRADE,63978,8e-05
2026-08-03 23:47:15,BTCUSDT,BINANCE,TRADE,63978,8e-05
2026-08-03 23:47:15,BTCUSDT,BINANCE,TRADE,63978,9e-05
2026-08-03 23:47:15,BTCUSDT,BINANCE,TRADE,63978,9e-05
2026-08-03 23:47:15,BTCUSDT,BINANCE,TRADE,63978,9e-05
2026-08-03 23:47:15,BTCUSDT,BINANCE,TRADE,63978,9e-05
2026-08-03 23:47:15,BTCUSDT,BINANCE,TRADE,63978,9e-05
2026-08-03 23:47:15,BTCUSDT,BINANCE,TRADE,63978,9e-05
2026-08-03 23:47:15,BTCUSDT,BINANCE,TRADE,63978,8e-05
2026-08-03 23:47:15,BTCUSDT,BINANCE,TRADE,63978,9e-05
2026-08-03 23:47:15,BTCUSDT,BINANCE,TRADE,63978,9e-05
2026-08-03 23:47:15,BTCUSDT,BINANCE,TRADE,63978,9e-05
2026-08-03 23:47:15,BTCUSDT,BINANCE,TRADE,63978,9e-05
2026-08-03 23:47:15,BTCUSDT,BINANCE,TRADE,63978,9e-05
2026-08-03 23:47:15,BTCUSDT,BINANCE,TRADE,63978,9e-05
2026-08-03 23:47:15,BTCUSDT,BINANCE,TRADE,63978,9e-05
2026-08-03 23:47:15,BTCUSDT,BINANCE,TRADE,63978.6,8e-05
2026-08-03 23:47:15,BTCUSDT,BINANCE,TRADE,63978.6,8e-05
2026-08-03 23:47:15,BTCUSDT,BINANCE,TRADE,63978.7,8e-05
2026-08-03 23:47:15,BTCUSDT,BINANCE,TRADE,63978.7,8e-05
2026-08-03 23:47:15,BTCUSDT,BINANCE,TRADE,63978.7,8e-05
2026-08-03 23:47:15,BTCUSDT,BINANCE,TRADE,63978.7,8e-05
2026-08-03 23:47:15,BTCUSDT,BINANCE,TRADE,63978.7,8e-05
2026-08-03 23:47:15,BTCUSDT,BINANCE,TRADE,63978.7,8e-05
2026-08-03 23:47:15,BTCUSDT,BINANCE,TRADE,63978.7,8e-05
2026-08-03 23:47:15,BTCUSDT,BINANCE,TRADE,63979.4,0.00024
2026-08-03 23:47:15,BTCUSDT,BINANCE,TRADE,63979.7,8e-05
2026-08-03 23:47:15,BTCUSDT,BINANCE,TRADE,63980,9e-05
2026-08-03 23:47:15,BTCUSDT,BINANCE,TRADE,63980,9e-05
2026-08-03 23:47:15,BTCUSDT,BINANCE,TRADE,63980,9e-05
2026-08-03 23:47:15,ETHUSDT,BINANCE,TRADE,1872.91,0.0027
2026-08-03 23:47:15,ETHUSDT,BINANCE,TRADE,1872.91,0.0027
2026-08-03 23:47:15,ETHUSDT,BINANCE,TRADE,1872.91,0.0027
2026-08-03 23:47:15,ETHUSDT,BINANCE,TRADE,1872.91,0.2669
2026-08-03 23:47:15,ETHUSDT,BINANCE,TRADE,1872.91,0.0029
2026-08-03 23:47:15,ETHUSDT,BINANCE,TRADE,1872.91,0.0029
2026-08-03 23:47:15,ETHUSDT,BINANCE,TRADE,1872.91,0.0028
2026-08-03 23:47:15,ETHUSDT,BINANCE,TRADE,1872.91,0.0032
2026-08-03 23:47:15,ETHUSDT,BINANCE,TRADE,1872.91,0.0028
2026-08-03 23:47:15,ETHUSDT,BINANCE,TRADE,1872.91,0.0028
2026-08-03 23:47:15,ETHUSDT,BINANCE,TRADE,1872.91,0.0027
2026-08-03 23:47:15,ETHUSDT,BINANCE,TRADE,1872.91,0.0028
2026-08-03 23:47:15,ETHUSDT,BINANCE,TRADE,1872.91,0.0028
2026-08-03 23:47:15,ETHUSDT,BINANCE,TRADE,1872.91,0.0032
2026-08-03 23:47:15,ETHUSDT,BINANCE,TRADE,1872.91,0.3925
2026-08-03 23:47:15,ETHUSDT,BINANCE,TRADE,1872.91,0.0027
2026-08-03 23:47:15,ETHUSDT,BINANCE,TRADE,1872.91,0.0027
2026-08-03 23:47:15,ETHUSDT,BINANCE,TRADE,1872.91,0.0027
2026-08-03 23:47:15,ETHUSDT,BINANCE,TRADE,1872.91,0.0029
2026-08-03 23:47:15,ETHUSDT,BINANCE,TRADE,1872.91,0.0027
2026-08-03 23:47:15,ETHUSDT,BINANCE,TRADE,1872.91,0.0027
2026-08-03 23:47:15,ETHUSDT,BINANCE,TRADE,1872.91,0.0027
2026-08-03 23:47:15,ETHUSDT,BINANCE,TRADE,1872.91,0.0027
2026-08-03 23:47:15,ETHUSDT,BINANCE,TRADE,1872.91,0.0027
2026-08-03 23:47:15,ETHUSDT,BINANCE,TRADE,1872.91,0.0027
2026-08-03 23:47:15,ETHUSDT,BINANCE,TRADE,1872.91,0.0027
2026-08-03 23:47:15,ETHUSDT,BINANCE,TRADE,1872.91,0.0027
2026-08-03 23:47:15,ETHUSDT,BINANCE,TRADE,1872.91,0.0027
2026-08-03 23:47:15,BTCUSDT,BINANCE,TRADE,63980,0.002
2026-08-03 23:47:15,BTCUSDT,BINANCE,TRADE,63980,0.008
2026-08-03 23:47:15,BTCUSDT,BINANCE,TRADE,63980,0.005
2026-08-03 23:47:15,BTCUSDT,BINANCE,TRADE,63980,0.006
2026-08-03 23:47:15,BTCUSDT,BINANCE,TRADE,63980,0.01
2026-08-03 23:47:15,BTCUSDT,BINANCE,TRADE,63980,8e-05
2026-08-03 23:47:15,BTCUSDT,BINANCE,TRADE,63980,8e-05
2026-08-03 23:47:15,BTCUSDT,BINANCE,TRADE,63980,9e-05
2026-08-03 23:47:15,BTCUSDT,BINANCE,TRADE,63980,8e-05
2026-08-03 23:47:15,BTCUSDT,BINANCE,TRADE,63980,9e-05
2026-08-03 23:47:15,BTCUSDT,BINANCE,TRADE,63980,9e-05
2026-08-03 23:47:15,BTCUSDT,BINANCE,TRADE,63980,9e-05
2026-08-03 23:47:15,BTCUSDT,BINANCE,TRADE,63980,8e-05
2026-08-03 23:47:15,BTCUSDT,BINANCE,TRADE,63980,9e-05
2026-08-03 23:47:15,BTCUSDT,BINANCE,TRADE,63980,9e-05
2026-08-03 23:47:15,BTCUSDT,BINANCE,TRADE,63980,8e-05
2026-08-03 23:47:15,BTCUSDT,BINANCE,TRADE,63980,8e-05
2026-08-03 23:47:15,BTCUSDT,BINANCE,TRADE,63980,8e-05
2026-08-03 23:47:15,BTCUSDT,BINANCE,TRADE,63980,8e-05
2026-08-03 23:47:15,BTCUSDT,BINANCE,TRADE,63980,9e-05
2026-08-03 23:47:15,BTCUSDT,BINANCE,TRADE,63980,9e-05
2026-08-03 23:47:15,BTCUSDT,BINANCE,TRADE,63980,9e-05
2026-08-03 23:47:15,BTCUSDT,BINANCE,TRADE,63980,9e-05
2026-08-03 23:47:15,BTCUSDT,BINANCE,TRADE,63980,8e-05
2026-08-03 23:47:15,BTCUSDT,BINANCE,TRADE,63980,8e-05
2026-08-03 23:47:15,BTCUSDT,BINANCE,TRADE,63980.8,8e-05
2026-08-03 23:47:15,BTCUSDT,BINANCE,TRADE,63980.8,8e-05
2026-08-03 23:47:15,BTCUSDT,BINANCE,TRADE,63981.1,8e-05
2026-08-03 23:47:15,BTCUSDT,BINANCE,TRADE,63981.6,0.0052
2026-08-03 23:47:15,BTCUSDT,BINANCE,TRADE,63981.8,9e-05
2026-08-03 23:47:15,BTCUSDT,BINANCE,TRADE,63982,9e-05
2026-08-03 23:47:15,BTCUSDT,BINANCE,TRADE,63982,9e-05
2026-08-03 23:47:15,BTCUSDT,BINANCE,TRADE,63982,9e-05
2026-08-03 23:47:15,BTCUSDT,BINANCE,TRADE,63982,0.002
2026-08-03 23:47:15,BTCUSDT,BINANCE,TRADE,63982,0.008
2026-08-03 23:47:15,BTCUSDT,BINANCE,TRADE,63982,0.005
2026-08-03 23:47:15,BTCUSDT,BINANCE,TRADE,63982,0.006
2026-08-03 23:47:15,BTCUSDT,BINANCE,TRADE,63982,0.00044
2026-08-03 23:47:15,BTCUSDT,BINANCE,TRADE,63982,0.00846
2026-08-03 23:47:15,BTCUSDT,BINANCE,TRADE,63982,0.0036
2026-08-03 23:47:15,BTCUSDT,BINANCE,TRADE,63982,8e-05
2026-08-03 23:47:15,BTCUSDT,BINANCE,TRADE,63982,8e-05
2026-08-03 23:47:15,BTCUSDT,BINANCE,TRADE,63982,8e-05
2026-08-03 23:47:15,BTCUSDT,BINANCE,TRADE,63982,8e-05
2026-08-03 23:47:15,BTCUSDT,BINANCE,TRADE,63982,8e-05
2026-08-03 23:47:15,BTCUSDT,BINANCE,TRADE,63982,8e-05
2026-08-03 23:47:15,BTCUSDT,BINANCE,TRADE,63982,8e-05
2026-08-03 23:47:15,BTCUSDT,BINANCE,TRADE,63982.6,8e-05
2026-08-03 23:47:15,BTCUSDT,BINANCE,TRADE,63982.6,8e-05
2026-08-03 23:47:15,BTCUSDT,BINANCE,TRADE,63982.6,8e-05
2026-08-03 23:47:15,BTCUSDT,BINANCE,TRADE,63982.6,8e-05
2026-08-03 23:47:15,BTCUSDT,BINANCE,TRADE,63982.6,0.00048
2026-08-03 23:47:15,BTCUSDT,BINANCE,TRADE,63982.8,8e-05
2026-08-03 23:47:15,BTCUSDT,BINANCE,TRADE,63983,0.00069
2026-08-03 23:47:15,BTCUSDT,BINANCE,TRADE,63983.2,8e-05
2026-08-03 23:47:15,BTCUSDT,BINANCE,TRADE,63983.6,0.00047
2026-08-03 23:47:15,BTCUSDT,BINANCE,TRADE,63984,9e-05
2026-08-03 23:47:15,BTCUSDT,BINANCE,TRADE,63984,9e-05
2026-08-03 23:47:15,BTCUSDT,BINANCE,TRADE,63984,9e-05
2026-08-03 23:47:15,BTCUSDT,BINANCE,TRADE,63984,0.00158
2026-08-03 23:47:16,BTCUSDT,BINANCE,TRADE,63984,0.00056
2026-08-03 23:47:16,ETHUSDT,BINANCE,TRADE,1872.91,0.1915
2026-08-03 23:47:16,BTCUSDT,BINANCE,TRADE,63984,0.006
2026-08-03 23:47:16,BTCUSDT,BINANCE,TRADE,63984,0.002
2026-08-03 23:47:16,BTCUSDT,BINANCE,TRADE,63984,0.008
2026-08-03 23:47:16,BTCUSDT,BINANCE,TRADE,63984,0.005
2026-08-03 23:47:16,BTCUSDT,BINANCE,TRADE,63984,8e-05
2026-08-03 23:47:16,BTCUSDT,BINANCE,TRADE,63984,9e-05
2026-08-03 23:47:16,BTCUSDT,BINANCE,TRADE,63984,8e-05
2026-08-03 23:47:16,BTCUSDT,BINANCE,TRADE,63984,9e-05
2026-08-03 23:47:16,BTCUSDT,BINANCE,TRADE,63984,9e-05
2026-08-03 23:47:16,BTCUSDT,BINANCE,TRADE,63984,0.0035
2026-08-03 23:47:16,BTCUSDT,BINANCE,TRADE,63984,9e-05
2026-08-03 23:47:16,BTCUSDT,BINANCE,TRADE,63984,9e-05
2026-08-03 23:47:16,BTCUSDT,BINANCE,TRADE,63984,9e-05
2026-08-03 23:47:16,BTCUSDT,BINANCE,TRADE,63984,8e-05
2026-08-03 23:47:16,BTCUSDT,BINANCE,TRADE,63984,8e-05
2026-08-03 23:47:16,BTCUSDT,BINANCE,TRADE,63984,9e-05
2026-08-03 23:47:16,BTCUSDT,BINANCE,TRADE,63984,8e-05
2026-08-03 23:47:16,BTCUSDT,BINANCE,TRADE,63984,9e-05
2026-08-03 23:47:16,BTCUSDT,BINANCE,TRADE,63984,8e-05
2026-08-03 23:47:16,BTCUSDT,BINANCE,TRADE,63984,8e-05
2026-08-03 23:47:16,BTCUSDT,BINANCE,TRADE,63984,0.0015
2026-08-03 23:47:16,BTCUSDT,BINANCE,TRADE,63984,9e-05
2026-08-03 23:47:16,BTCUSDT,BINANCE,TRADE,63984,9e-05
2026-08-03 23:47:16,BTCUSDT,BINANCE,TRADE,63984,8e-05
2026-08-03 23:47:16,BTCUSDT,BINANCE,TRADE,63984,8e-05
2026-08-03 23:47:16,BTCUSDT,BINANCE,TRADE,63984,8e-05
2026-08-03 23:47:16,BTCUSDT,BINANCE,TRADE,63984,8e-05
2026-08-03 23:47:16,BTCUSDT,BINANCE,TRADE,63984,8e-05
2026-08-03 23:47:16,BTCUSDT,BINANCE,TRADE,63984,8e-05
2026-08-03 23:47:16,BTCUSDT,BINANCE,TRADE,63984,8e-05
2026-08-03 23:47:16,BTCUSDT,BINANCE,TRADE,63984,8e-05
2026-08-03 23:47:16,BTCUSDT,BINANCE,TRADE,63984,8e-05
2026-08-03 23:47:16,BTCUSDT,BINANCE,TRADE,63984,8e-05
2026-08-03 23:47:16,BTCUSDT,BINANCE,TRADE,63984,8e-05
2026-08-03 23:47:16,BTCUSDT,BINANCE,TRADE,63984,8e-05
2026-08-03 23:47:16,BTCUSDT,BINANCE,TRADE,63984,9e-05
2026-08-03 23:47:16,BTCUSDT,BINANCE,TRADE,63984,9e-05
2026-08-03 23:47:16,BTCUSDT,BINANCE,TRADE,63984,9e-05
2026-08-03 23:47:16,BTCUSDT,BINANCE,TRADE,63984,9e-05
2026-08-03 23:47:16,BTCUSDT,BINANCE,TRADE,63984,9e-05
2026-08-03 23:47:16,BTCUSDT,BINANCE,TRADE,63985,9e-05
2026-08-03 23:47:16,BTCUSDT,BINANCE,TRADE,63985,9e-05
2026-08-03 23:47:16,BTCUSDT,BINANCE,TRADE,63985,9e-05
2026-08-03 23:47:16,SOLUSDT,BINANCE,TRADE,74.22,0.071
2026-08-03 23:47:16,SOLUSDT,BINANCE,TRADE,74.22,0.073
2026-08-03 23:47:16,SOLUSDT,BINANCE,TRADE,74.22,0.073
2026-08-03 23:47:16,SOLUSDT,BINANCE,TRADE,74.22,0.073
2026-08-03 23:47:16,SOLUSDT,BINANCE,TRADE,74.22,0.073
2026-08-03 23:47:16,SOLUSDT,BINANCE,TRADE,74.22,5.263
2026-08-03 23:47:16,SOLUSDT,BINANCE,TRADE,74.22,0.073
2026-08-03 23:47:16,SOLUSDT,BINANCE,TRADE,74.22,0.071
2026-08-03 23:47:16,SOLUSDT,BINANCE,TRADE,74.22,0.073
2026-08-03 23:47:16,SOLUSDT,BINANCE,TRADE,74.22,1.895
2026-08-03 23:47:16,SOLUSDT,BINANCE,TRADE,74.22,1
2026-08-03 23:47:16,SOLUSDT,BINANCE,TRADE,74.22,0.073
2026-08-03 23:47:16,SOLUSDT,BINANCE,TRADE,74.22,0.073
2026-08-03 23:47:16,SOLUSDT,BINANCE,TRADE,74.22,0.278
2026-08-03 23:47:16,SOLUSDT,BINANCE,TRADE,74.22,0.135
2026-08-03 23:47:16,SOLUSDT,BINANCE,TRADE,74.22,33.592
2026-08-03 23:47:16,SOLUSDT,BINANCE,TRADE,74.22,14.55
2026-08-03 23:47:16,BTCUSDT,BINANCE,TRADE,63985,9e-05
2026-08-03 23:47:16,BTCUSDT,BINANCE,TRADE,63985,9e-05
2026-08-03 23:47:16,BTCUSDT,BINANCE,TRADE,63985,5e-05
2026-08-03 23:47:16,ETHUSDT,BINANCE,TRADE,1872.92,1.1534
2026-08-03 23:47:16,ETHUSDT,BINANCE,TRADE,1872.92,0.0028
2026-08-03 23:47:16,ETHUSDT,BINANCE,TRADE,1872.92,0.0027
2026-08-03 23:47:16,ETHUSDT,BINANCE,TRADE,1872.92,0.0027
2026-08-03 23:47:16,ETHUSDT,BINANCE,TRADE,1872.92,0.0027
2026-08-03 23:47:16,ETHUSDT,BINANCE,TRADE,1872.92,0.0028
2026-08-03 23:47:16,ETHUSDT,BINANCE,TRADE,1872.92,0.0028
2026-08-03 23:47:16,ETHUSDT,BINANCE,TRADE,1872.92,0.0027
2026-08-03 23:47:16,ETHUSDT,BINANCE,TRADE,1872.92,0.0032
2026-08-03 23:47:16,ETHUSDT,BINANCE,TRADE,1872.92,0.0032
2026-08-03 23:47:16,ETHUSDT,BINANCE,TRADE,1872.92,0.0027
2026-08-03 23:47:16,ETHUSDT,BINANCE,TRADE,1872.92,0.0027
2026-08-03 23:47:16,ETHUSDT,BINANCE,TRADE,1872.93,0.0028
2026-08-03 23:47:16,ETHUSDT,BINANCE,TRADE,1872.93,0.0028
2026-08-03 23:47:16,ETHUSDT,BINANCE,TRADE,1872.94,0.0027
2026-08-03 23:47:16,ETHUSDT,BINANCE,TRADE,1872.94,0.0027
2026-08-03 23:47:16,ETHUSDT,BINANCE,TRADE,1872.94,0.0027
2026-08-03 23:47:16,ETHUSDT,BINANCE,TRADE,1872.94,0.0028
2026-08-03 23:47:16,ETHUSDT,BINANCE,TRADE,1872.94,0.0027
2026-08-03 23:47:16,ETHUSDT,BINANCE,TRADE,1872.94,0.0027
2026-08-03 23:47:16,ETHUSDT,BINANCE,TRADE,1872.94,0.0027
2026-08-03 23:47:16,ETHUSDT,BINANCE,TRADE,1872.94,0.0027
2026-08-03 23:47:16,ETHUSDT,BINANCE,TRADE,1872.94,0.0027
2026-08-03 23:47:16,ETHUSDT,BINANCE,TRADE,1872.94,0.0027
2026-08-03 23:47:16,ETHUSDT,BINANCE,TRADE,1872.94,0.0027
2026-08-03 23:47:16,ETHUSDT,BINANCE,TRADE,1872.94,0.0027
2026-08-03 23:47:16,ETHUSDT,BINANCE,TRADE,1872.94,0.0027
2026-08-03 23:47:16,ETHUSDT,BINANCE,TRADE,1872.94,0.0027
2026-08-03 23:47:16,ETHUSDT,BINANCE,TRADE,1872.94,0.0027
2026-08-03 23:47:16,ETHUSDT,BINANCE,TRADE,1872.94,0.0027
2026-08-03 23:47:16,ETHUSDT,BINANCE,TRADE,1872.95,0.0027
2026-08-03 23:47:16,ETHUSDT,BINANCE,TRADE,1872.95,0.0027
2026-08-03 23:47:16,ETHUSDT,BINANCE,TRADE,1872.95,0.0028
2026-08-03 23:47:16,ETHUSDT,BINANCE,TRADE,1872.95,0.0027
2026-08-03 23:47:16,ETHUSDT,BINANCE,TRADE,1872.95,0.0027
2026-08-03 23:47:16,ETHUSDT,BINANCE,TRADE,1872.95,0.0027
2026-08-03 23:47:16,ETHUSDT,BINANCE,TRADE,1872.95,0.0027
2026-08-03 23:47:16,ETHUSDT,BINANCE,TRADE,1872.96,0.0027
2026-08-03 23:47:16,ETHUSDT,BINANCE,TRADE,1872.96,0.0028
2026-08-03 23:47:16,ETHUSDT,BINANCE,TRADE,1872.96,0.0027
2026-08-03 23:47:16,ETHUSDT,BINANCE,TRADE,1872.96,0.0027
2026-08-03 23:47:16,ETHUSDT,BINANCE,TRADE,1872.96,0.0027
2026-08-03 23:47:16,ETHUSDT,BINANCE,TRADE,1872.96,0.0027
2026-08-03 23:47:16,ETHUSDT,BINANCE,TRADE,1872.97,0.003
2026-08-03 23:47:16,ETHUSDT,BINANCE,TRADE,1872.97,0.0028
2026-08-03 23:47:16,ETHUSDT,BINANCE,TRADE,1872.99,0.0027
2026-08-03 23:47:16,ETHUSDT,BINANCE,TRADE,1872.99,0.0028
2026-08-03 23:47:16,ETHUSDT,BINANCE,TRADE,1872.99,0.0032
2026-08-03 23:47:16,ETHUSDT,BINANCE,TRADE,1872.99,0.0032
2026-08-03 23:47:16,ETHUSDT,BINANCE,TRADE,1873,0.0027
2026-08-03 23:47:16,ETHUSDT,BINANCE,TRADE,1873,0.0027
2026-08-03 23:47:16,ETHUSDT,BINANCE,TRADE,1873,0.002
2026-08-03 23:47:16,ETHUSDT,BINANCE,TRADE,1873,0.0007
2026-08-03 23:47:16,ETHUSDT,BINANCE,TRADE,1873,0.0028
2026-08-03 23:47:16,ETHUSDT,BINANCE,TRADE,1873,0.0028
2026-08-03 23:47:16,ETHUSDT,BINANCE,TRADE,1873,0.0027
2026-08-03 23:47:16,ETHUSDT,BINANCE,TRADE,1873,0.0027
2026-08-03 23:47:16,ETHUSDT,BINANCE,TRADE,1873,0.0028
2026-08-03 23:47:16,ETHUSDT,BINANCE,TRADE,1873,0.0027
2026-08-03 23:47:16,ETHUSDT,BINANCE,TRADE,1873,0.0027
2026-08-03 23:47:16,ETHUSDT,BINANCE,TRADE,1873,0.0027
2026-08-03 23:47:16,ETHUSDT,BINANCE,TRADE,1873,0.0027
2026-08-03 23:47:16,ETHUSDT,BINANCE,TRADE,1873,0.0027
2026-08-03 23:47:16,ETHUSDT,BINANCE,TRADE,1873,0.0027
2026-08-03 23:47:16,ETHUSDT,BINANCE,TRADE,1873,0.0027
2026-08-03 23:47:16,ETHUSDT,BINANCE,TRADE,1873,0.0027
2026-08-03 23:47:16,ETHUSDT,BINANCE,TRADE,1873,0.0027
2026-08-03 23:47:16,ETHUSDT,BINANCE,TRADE,1873,0.0027
2026-08-03 23:47:16,ETHUSDT,BINANCE,TRADE,1873.01,0.0028
2026-08-03 23:47:16,ETHUSDT,BINANCE,TRADE,1873.02,0.0028
2026-08-03 23:47:16,ETHUSDT,BINANCE,TRADE,1873.04,0.0028
2026-08-03 23:47:16,ETHUSDT,BINANCE,TRADE,1873.05,0.0027
2026-08-03 23:47:16,ETHUSDT,BINANCE,TRADE,1873.05,0.0027
2026-08-03 23:47:16,ETHUSDT,BINANCE,TRADE,1873.05,0.0028
2026-08-03 23:47:16,ETHUSDT,BINANCE,TRADE,1873.05,0.0027
2026-08-03 23:47:16,ETHUSDT,BINANCE,TRADE,1873.05,0.0027
2026-08-03 23:47:16,ETHUSDT,BINANCE,TRADE,1873.05,0.0027
2026-08-03 23:47:16,ETHUSDT,BINANCE,TRADE,1873.05,0.0027
2026-08-03 23:47:16,ETHUSDT,BINANCE,TRADE,1873.05,0.0027
2026-08-03 23:47:16,ETHUSDT,BINANCE,TRADE,1873.05,0.0027
2026-08-03 23:47:16,ETHUSDT,BINANCE,TRADE,1873.05,0.0027
2026-08-03 23:47:16,ETHUSDT,BINANCE,TRADE,1873.05,0.0027
2026-08-03 23:47:16,ETHUSDT,BINANCE,TRADE,1873.06,0.0027
2026-08-03 23:47:16,ETHUSDT,BINANCE,TRADE,1873.06,0.0027
2026-08-03 23:47:16,ETHUSDT,BINANCE,TRADE,1873.07,0.0029
2026-08-03 23:47:16,ETHUSDT,BINANCE,TRADE,1873.07,0.0029
2026-08-03 23:47:16,ETHUSDT,BINANCE,TRADE,1873.07,0.0029
2026-08-03 23:47:16,ETHUSDT,BINANCE,TRADE,1873.08,0.0027
2026-08-03 23:47:16,ETHUSDT,BINANCE,TRADE,1873.08,0.003
2026-08-03 23:47:16,ETHUSDT,BINANCE,TRADE,1873.08,0.1466
2026-08-03 23:47:16,BTCUSDT,BINANCE,TRADE,63985,4e-05
2026-08-03 23:47:16,BTCUSDT,BINANCE,TRADE,63985,8e-05
2026-08-03 23:47:16,BTCUSDT,BINANCE,TRADE,63985,9e-05
2026-08-03 23:47:16,BTCUSDT,BINANCE,TRADE,63985,9e-05
2026-08-03 23:47:16,BTCUSDT,BINANCE,TRADE,63985,8e-05
2026-08-03 23:47:16,BTCUSDT,BINANCE,TRADE,63985,9e-05
2026-08-03 23:47:16,BTCUSDT,BINANCE,TRADE,63985,9e-05
2026-08-03 23:47:16,BTCUSDT,BINANCE,TRADE,63985,8e-05
2026-08-03 23:47:16,BTCUSDT,BINANCE,TRADE,63985,0.00016
2026-08-03 23:47:16,BTCUSDT,BINANCE,TRADE,63985,8e-05
2026-08-03 23:47:16,BTCUSDT,BINANCE,TRADE,63985,9e-05
2026-08-03 23:47:16,BTCUSDT,BINANCE,TRADE,63985,8e-05
2026-08-03 23:47:16,BTCUSDT,BINANCE,TRADE,63985,9e-05
2026-08-03 23:47:16,BTCUSDT,BINANCE,TRADE,63985,9e-05
2026-08-03 23:47:16,BTCUSDT,BINANCE,TRADE,63985,9e-05
2026-08-03 23:47:16,BTCUSDT,BINANCE,TRADE,63985,9e-05
2026-08-03 23:47:16,BTCUSDT,BINANCE,TRADE,63985,0.00399
2026-08-03 23:47:16,BTCUSDT,BINANCE,TRADE,63985,9e-05
2026-08-03 23:47:16,BTCUSDT,BINANCE,TRADE,63985,8e-05
2026-08-03 23:47:16,BTCUSDT,BINANCE,TRADE,63985,9e-05
2026-08-03 23:47:16,ETHUSDT,BINANCE,TRADE,1873.08,0.003
2026-08-03 23:47:16,ETHUSDT,BINANCE,TRADE,1873.08,0.0028
2026-08-03 23:47:16,ETHUSDT,BINANCE,TRADE,1873.08,0.0032
2026-08-03 23:47:16,ETHUSDT,BINANCE,TRADE,1873.08,0.0027
2026-08-03 23:47:16,ETHUSDT,BINANCE,TRADE,1873.08,0.0027
2026-08-03 23:47:16,ETHUSDT,BINANCE,TRADE,1873.08,0.0028
2026-08-03 23:47:16,ETHUSDT,BINANCE,TRADE,1873.08,0.0028
2026-08-03 23:47:16,ETHUSDT,BINANCE,TRADE,1873.08,0.0027
2026-08-03 23:47:16,ETHUSDT,BINANCE,TRADE,1873.08,0.0028
2026-08-03 23:47:16,ETHUSDT,BINANCE,TRADE,1873.08,0.0028
2026-08-03 23:47:16,ETHUSDT,BINANCE,TRADE,1873.08,0.0027
2026-08-03 23:47:16,ETHUSDT,BINANCE,TRADE,1873.08,0.0028
2026-08-03 23:47:16,ETHUSDT,BINANCE,TRADE,1873.08,0.0032
2026-08-03 23:47:16,ETHUSDT,BINANCE,TRADE,1873.08,0.0028
2026-08-03 23:47:16,ETHUSDT,BINANCE,TRADE,1873.08,0.0027
2026-08-03 23:47:16,ETHUSDT,BINANCE,TRADE,1873.08,0.0027
2026-08-03 23:47:16,ETHUSDT,BINANCE,TRADE,1873.09,0.0028
2026-08-03 23:47:16,ETHUSDT,BINANCE,TRADE,1873.09,0.0028
2026-08-03 23:47:16,ETHUSDT,BINANCE,TRADE,1873.09,0.0028
2026-08-03 23:47:16,ETHUSDT,BINANCE,TRADE,1873.09,0.0028
2026-08-03 23:47:16,ETHUSDT,BINANCE,TRADE,1873.1,0.0029
2026-08-03 23:47:16,ETHUSDT,BINANCE,TRADE,1873.1,0.0029
2026-08-03 23:47:16,ETHUSDT,BINANCE,TRADE,1873.1,0.0028
2026-08-03 23:47:16,ETHUSDT,BINANCE,TRADE,1873.1,0.0029
2026-08-03 23:47:16,BTCUSDT,BINANCE,TRADE,63985,0.00011
2026-08-03 23:47:16,ETHUSDT,BINANCE,TRADE,1873.11,0.0027
2026-08-03 23:47:16,ETHUSDT,BINANCE,TRADE,1873.11,0.0028
2026-08-03 23:47:16,ETHUSDT,BINANCE,TRADE,1873.11,0.0028
2026-08-03 23:47:16,ETHUSDT,BINANCE,TRADE,1873.11,0.0027
2026-08-03 23:47:16,ETHUSDT,BINANCE,TRADE,1873.11,0.0032
2026-08-03 23:47:16,ETHUSDT,BINANCE,TRADE,1873.11,0.0028
2026-08-03 23:47:16,ETHUSDT,BINANCE,TRADE,1873.11,0.0027
2026-08-03 23:47:16,ETHUSDT,BINANCE,TRADE,1873.11,0.0028
2026-08-03 23:47:16,ETHUSDT,BINANCE,TRADE,1873.11,0.0032
2026-08-03 23:47:16,ETHUSDT,BINANCE,TRADE,1873.11,0.0027
2026-08-03 23:47:16,ETHUSDT,BINANCE,TRADE,1873.11,0.0027
2026-08-03 23:47:16,ETHUSDT,BINANCE,TRADE,1873.11,0.0027
2026-08-03 23:47:16,ETHUSDT,BINANCE,TRADE,1873.11,0.0027
2026-08-03 23:47:16,ETHUSDT,BINANCE,TRADE,1873.12,0.0027
2026-08-03 23:47:16,ETHUSDT,BINANCE,TRADE,1873.12,0.0027
2026-08-03 23:47:16,ETHUSDT,BINANCE,TRADE,1873.12,0.0027
2026-08-03 23:47:16,ETHUSDT,BINANCE,TRADE,1873.12,0.0028
2026-08-03 23:47:16,ETHUSDT,BINANCE,TRADE,1873.12,0.0028
2026-08-03 23:47:16,ETHUSDT,BINANCE,TRADE,1873.12,0.0028
2026-08-03 23:47:16,ETHUSDT,BINANCE,TRADE,1873.12,0.0027
2026-08-03 23:47:16,ETHUSDT,BINANCE,TRADE,1873.12,0.0027
2026-08-03 23:47:16,ETHUSDT,BINANCE,TRADE,1873.12,0.0027
2026-08-03 23:47:16,ETHUSDT,BINANCE,TRADE,1873.12,0.0027
2026-08-03 23:47:16,ETHUSDT,BINANCE,TRADE,1873.12,0.0027
2026-08-03 23:47:16,ETHUSDT,BINANCE,TRADE,1873.12,0.0027
2026-08-03 23:47:16,ETHUSDT,BINANCE,TRADE,1873.12,0.0027
2026-08-03 23:47:16,ETHUSDT,BINANCE,TRADE,1873.12,0.0027
2026-08-03 23:47:16,ETHUSDT,BINANCE,TRADE,1873.12,0.0027
2026-08-03 23:47:16,ETHUSDT,BINANCE,TRADE,1873.13,0.0028
2026-08-03 23:47:16,ETHUSDT,BINANCE,TRADE,1873.14,0.0028
2026-08-03 23:47:16,ETHUSDT,BINANCE,TRADE,1873.15,0.0029
2026-08-03 23:47:16,ETHUSDT,BINANCE,TRADE,1873.15,0.0029
2026-08-03 23:47:16,ETHUSDT,BINANCE,TRADE,1873.15,0.0028
2026-08-03 23:47:16,ETHUSDT,BINANCE,TRADE,1873.15,0.0029
2026-08-03 23:47:17,SOLUSDT,BINANCE,TRADE,74.21,1.994
2026-08-03 23:47:17,SOLUSDT,BINANCE,TRADE,74.22,0.073
2026-08-03 23:47:17,SOLUSDT,BINANCE,TRADE,74.22,0.073
2026-08-03 23:47:17,SOLUSDT,BINANCE,TRADE,74.22,0.071
2026-08-03 23:47:17,SOLUSDT,BINANCE,TRADE,74.22,0.073
2026-08-03 23:47:17,SOLUSDT,BINANCE,TRADE,74.22,0.073
2026-08-03 23:47:17,SOLUSDT,BINANCE,TRADE,74.22,0.073
2026-08-03 23:47:17,SOLUSDT,BINANCE,TRADE,74.22,0.073
2026-08-03 23:47:17,SOLUSDT,BINANCE,TRADE,74.22,0.073
2026-08-03 23:47:17,SOLUSDT,BINANCE,TRADE,74.22,0.135
2026-08-03 23:47:17,SOLUSDT,BINANCE,TRADE,74.22,0.071
2026-08-03 23:47:17,SOLUSDT,BINANCE,TRADE,74.22,0.073
2026-08-03 23:47:17,SOLUSDT,BINANCE,TRADE,74.22,2.305
2026-08-03 23:47:17,SOLUSDT,BINANCE,TRADE,74.22,0.069
2026-08-03 23:47:17,SOLUSDT,BINANCE,TRADE,74.22,5
2026-08-03 23:47:17,SOLUSDT,BINANCE,TRADE,74.22,0.071
2026-08-03 23:47:17,ETHUSDT,BINANCE,TRADE,1873.15,0.2643
2026-08-03 23:47:17,ETHUSDT,BINANCE,TRADE,1873.16,0.1779
2026-08-03 23:47:17,ETHUSDT,BINANCE,TRADE,1873.16,0.0027
2026-08-03 23:47:17,ETHUSDT,BINANCE,TRADE,1873.16,0.0028
2026-08-03 23:47:17,ETHUSDT,BINANCE,TRADE,1873.16,0.0027
2026-08-03 23:47:17,ETHUSDT,BINANCE,TRADE,1873.16,0.0032
2026-08-03 23:47:17,ETHUSDT,BINANCE,TRADE,1873.16,0.0028
2026-08-03 23:47:17,ETHUSDT,BINANCE,TRADE,1873.16,0.0027
2026-08-03 23:47:17,ETHUSDT,BINANCE,TRADE,1873.16,0.0028
2026-08-03 23:47:17,ETHUSDT,BINANCE,TRADE,1873.16,0.0032
2026-08-03 23:47:17,ETHUSDT,BINANCE,TRADE,1873.16,0.0032
2026-08-03 23:47:17,ETHUSDT,BINANCE,TRADE,1873.16,0.0027
2026-08-03 23:47:17,ETHUSDT,BINANCE,TRADE,1873.17,0.0027
2026-08-03 23:47:17,ETHUSDT,BINANCE,TRADE,1873.17,0.0027
2026-08-03 23:47:17,ETHUSDT,BINANCE,TRADE,1873.17,0.0028
2026-08-03 23:47:17,ETHUSDT,BINANCE,TRADE,1873.17,0.0028
2026-08-03 23:47:17,ETHUSDT,BINANCE,TRADE,1873.17,0.0027
2026-08-03 23:47:17,ETHUSDT,BINANCE,TRADE,1873.18,0.0027
2026-08-03 23:47:17,ETHUSDT,BINANCE,TRADE,1873.18,0.0028
2026-08-03 23:47:17,ETHUSDT,BINANCE,TRADE,1873.18,0.0027
2026-08-03 23:47:17,ETHUSDT,BINANCE,TRADE,1873.19,0.003
2026-08-03 23:47:17,ETHUSDT,BINANCE,TRADE,1873.19,0.0028
2026-08-03 23:47:17,ETHUSDT,BINANCE,TRADE,1873.2,0.0027
2026-08-03 23:47:17,ETHUSDT,BINANCE,TRADE,1873.2,0.0028
2026-08-03 23:47:17,ETHUSDT,BINANCE,TRADE,1873.2,0.0027
2026-08-03 23:47:17,ETHUSDT,BINANCE,TRADE,1873.22,0.0027
2026-08-03 23:47:17,ETHUSDT,BINANCE,TRADE,1873.22,0.0028
2026-08-03 23:47:17,ETHUSDT,BINANCE,TRADE,1873.22,0.0027
2026-08-03 23:47:17,ETHUSDT,BINANCE,TRADE,1873.22,0.0027
2026-08-03 23:47:17,ETHUSDT,BINANCE,TRADE,1873.22,0.0027
2026-08-03 23:47:17,ETHUSDT,BINANCE,TRADE,1873.22,0.0027
2026-08-03 23:47:17,ETHUSDT,BINANCE,TRADE,1873.23,0.0027
2026-08-03 23:47:17,ETHUSDT,BINANCE,TRADE,1873.23,0.0028
2026-08-03 23:47:17,ETHUSDT,BINANCE,TRADE,1873.23,0.0027
2026-08-03 23:47:17,ETHUSDT,BINANCE,TRADE,1873.23,0.0027
2026-08-03 23:47:17,ETHUSDT,BINANCE,TRADE,1873.23,0.0027
2026-08-03 23:47:17,ETHUSDT,BINANCE,TRADE,1873.23,0.0027
2026-08-03 23:47:17,ETHUSDT,BINANCE,TRADE,1873.24,0.0027
2026-08-03 23:47:17,ETHUSDT,BINANCE,TRADE,1873.24,0.0028
2026-08-03 23:47:17,ETHUSDT,BINANCE,TRADE,1873.24,0.0027
2026-08-03 23:47:17,ETHUSDT,BINANCE,TRADE,1873.25,0.0027
2026-08-03 23:47:17,ETHUSDT,BINANCE,TRADE,1873.25,0.0028
2026-08-03 23:47:17,ETHUSDT,BINANCE,TRADE,1873.25,0.0027
2026-08-03 23:47:17,ETHUSDT,BINANCE,TRADE,1873.25,0.0027
2026-08-03 23:47:17,ETHUSDT,BINANCE,TRADE,1873.25,0.0027
2026-08-03 23:47:17,ETHUSDT,BINANCE,TRADE,1873.25,0.0027
2026-08-03 23:47:17,ETHUSDT,BINANCE,TRADE,1873.26,0.0027
2026-08-03 23:47:17,ETHUSDT,BINANCE,TRADE,1873.26,0.0027
2026-08-03 23:47:17,ETHUSDT,BINANCE,TRADE,1873.26,0.0028
2026-08-03 23:47:17,ETHUSDT,BINANCE,TRADE,1873.26,0.0027
2026-08-03 23:47:17,ETHUSDT,BINANCE,TRADE,1873.26,0.0027
2026-08-03 23:47:17,ETHUSDT,BINANCE,TRADE,1873.26,0.0027
2026-08-03 23:47:17,ETHUSDT,BINANCE,TRADE,1873.26,0.0027
2026-08-03 23:47:17,ETHUSDT,BINANCE,TRADE,1873.27,0.0072
2026-08-03 23:47:17,ETHUSDT,BINANCE,TRADE,1873.27,0.003
2026-08-03 23:47:17,ETHUSDT,BINANCE,TRADE,1873.27,0.0027
2026-08-03 23:47:17,ETHUSDT,BINANCE,TRADE,1873.27,0.0029
2026-08-03 23:47:17,ETHUSDT,BINANCE,TRADE,1873.27,0.0029
2026-08-03 23:47:17,ETHUSDT,BINANCE,TRADE,1873.27,0.0027
2026-08-03 23:47:17,ETHUSDT,BINANCE,TRADE,1873.27,0.0029
2026-08-03 23:47:17,ETHUSDT,BINANCE,TRADE,1873.28,0.0027
2026-08-03 23:47:17,ETHUSDT,BINANCE,TRADE,1873.28,0.0003
2026-08-03 23:47:17,SOLUSDT,BINANCE,TRADE,74.22,0.206
2026-08-03 23:47:17,BTCUSDT,BINANCE,TRADE,63985,0.00772
2026-08-03 23:47:17,SOLUSDT,BINANCE,TRADE,74.23,0.101
2026-08-03 23:47:17,SOLUSDT,BINANCE,TRADE,74.23,0.073
2026-08-03 23:47:17,SOLUSDT,BINANCE,TRADE,74.23,0.072
2026-08-03 23:47:17,SOLUSDT,BINANCE,TRADE,74.23,0.367
2026-08-03 23:47:17,SOLUSDT,BINANCE,TRADE,74.23,0.153
2026-08-03 23:47:17,SOLUSDT,BINANCE,TRADE,74.23,0.123
2026-08-03 23:47:17,SOLUSDT,BINANCE,TRADE,74.23,0.075
2026-08-03 23:47:17,SOLUSDT,BINANCE,TRADE,74.23,0.075
2026-08-03 23:47:17,SOLUSDT,BINANCE,TRADE,74.23,0.086
2026-08-03 23:47:17,SOLUSDT,BINANCE,TRADE,74.23,0.126
2026-08-03 23:47:17,SOLUSDT,BINANCE,TRADE,74.23,0.08
2026-08-03 23:47:17,SOLUSDT,BINANCE,TRADE,74.23,0.069
2026-08-03 23:47:17,SOLUSDT,BINANCE,TRADE,74.23,0.15
2026-08-03 23:47:17,SOLUSDT,BINANCE,TRADE,74.23,0.075
2026-08-03 23:47:17,SOLUSDT,BINANCE,TRADE,74.23,32.062
2026-08-03 23:47:17,SOLUSDT,BINANCE,TRADE,74.23,0.068
2026-08-03 23:47:17,SOLUSDT,BINANCE,TRADE,74.23,0.278
2026-08-03 23:47:17,SOLUSDT,BINANCE,TRADE,74.23,23.499
2026-08-03 23:47:18,SOLUSDT,BINANCE,TRADE,74.22,0.488
2026-08-03 23:47:18,ETHUSDT,BINANCE,TRADE,1873.28,0.0027
2026-08-03 23:47:18,ETHUSDT,BINANCE,TRADE,1873.28,0.0027
2026-08-03 23:47:18,ETHUSDT,BINANCE,TRADE,1873.28,0.0028
2026-08-03 23:47:18,ETHUSDT,BINANCE,TRADE,1873.28,0.0027
2026-08-03 23:47:18,ETHUSDT,BINANCE,TRADE,1873.28,0.0054
2026-08-03 23:47:18,ETHUSDT,BINANCE,TRADE,1873.28,0.0028
2026-08-03 23:47:18,ETHUSDT,BINANCE,TRADE,1873.28,0.0027
2026-08-03 23:47:18,ETHUSDT,BINANCE,TRADE,1873.28,0.0028
2026-08-03 23:47:18,ETHUSDT,BINANCE,TRADE,1873.28,0.0032
2026-08-03 23:47:18,ETHUSDT,BINANCE,TRADE,1873.28,0.0032
2026-08-03 23:47:18,ETHUSDT,BINANCE,TRADE,1873.28,0.09
2026-08-03 23:47:18,ETHUSDT,BINANCE,TRADE,1873.28,0.0032
2026-08-03 23:47:18,ETHUSDT,BINANCE,TRADE,1873.28,0.0027
2026-08-03 23:47:18,ETHUSDT,BINANCE,TRADE,1873.28,0.0027
2026-08-03 23:47:18,ETHUSDT,BINANCE,TRADE,1873.28,0.0027
2026-08-03 23:47:18,ETHUSDT,BINANCE,TRADE,1873.29,0.0027
2026-08-03 23:47:18,ETHUSDT,BINANCE,TRADE,1873.29,0.0027
2026-08-03 23:47:18,ETHUSDT,BINANCE,TRADE,1873.29,0.0027
2026-08-03 23:47:18,ETHUSDT,BINANCE,TRADE,1873.29,0.0028
2026-08-03 23:47:18,ETHUSDT,BINANCE,TRADE,1873.29,0.0028
2026-08-03 23:47:18,ETHUSDT,BINANCE,TRADE,1873.29,0.0054
2026-08-03 23:47:18,ETHUSDT,BINANCE,TRADE,1873.29,0.0027
2026-08-03 23:47:18,ETHUSDT,BINANCE,TRADE,1873.29,0.0027
2026-08-03 23:47:18,ETHUSDT,BINANCE,TRADE,1873.29,0.0027
2026-08-03 23:47:18,ETHUSDT,BINANCE,TRADE,1873.3,0.0028
2026-08-03 23:47:18,ETHUSDT,BINANCE,TRADE,1873.3,0.0054
2026-08-03 23:47:18,ETHUSDT,BINANCE,TRADE,1873.31,0.0028
2026-08-03 23:47:18,ETHUSDT,BINANCE,TRADE,1873.32,0.0027
2026-08-03 23:47:18,ETHUSDT,BINANCE,TRADE,1873.32,0.0028
2026-08-03 23:47:18,ETHUSDT,BINANCE,TRADE,1873.32,0.0027
2026-08-03 23:47:18,ETHUSDT,BINANCE,TRADE,1873.32,0.0027
2026-08-03 23:47:18,ETHUSDT,BINANCE,TRADE,1873.32,0.0027
2026-08-03 23:47:18,ETHUSDT,BINANCE,TRADE,1873.32,0.0027
2026-08-03 23:47:18,ETHUSDT,BINANCE,TRADE,1873.33,0.0027
2026-08-03 23:47:18,ETHUSDT,BINANCE,TRADE,1873.33,0.0027
2026-08-03 23:47:18,ETHUSDT,BINANCE,TRADE,1873.33,0.0028
2026-08-03 23:47:18,ETHUSDT,BINANCE,TRADE,1873.33,0.0027
2026-08-03 23:47:18,ETHUSDT,BINANCE,TRADE,1873.33,0.0027
2026-08-03 23:47:18,ETHUSDT,BINANCE,TRADE,1873.33,0.0027
2026-08-03 23:47:18,ETHUSDT,BINANCE,TRADE,1873.33,0.0027
2026-08-03 23:47:18,ETHUSDT,BINANCE,TRADE,1873.33,0.0027
2026-08-03 23:47:18,ETHUSDT,BINANCE,TRADE,1873.34,0.0028
2026-08-03 23:47:18,ETHUSDT,BINANCE,TRADE,1873.35,0.0027
2026-08-03 23:47:18,ETHUSDT,BINANCE,TRADE,1873.35,0.0003
2026-08-03 23:47:18,ETHUSDT,BINANCE,TRADE,1873.35,0.0025
2026-08-03 23:47:18,ETHUSDT,BINANCE,TRADE,1873.35,0.527
2026-08-03 23:47:18,ETHUSDT,BINANCE,TRADE,1873.35,0.0027
2026-08-03 23:47:18,ETHUSDT,BINANCE,TRADE,1873.35,0.0028
2026-08-03 23:47:18,ETHUSDT,BINANCE,TRADE,1873.35,0.0032
2026-08-03 23:47:18,ETHUSDT,BINANCE,TRADE,1873.35,0.0028
2026-08-03 23:47:18,ETHUSDT,BINANCE,TRADE,1873.35,0.0027
2026-08-03 23:47:18,ETHUSDT,BINANCE,TRADE,1873.35,0.0027
2026-08-03 23:47:18,ETHUSDT,BINANCE,TRADE,1873.35,0.0027
2026-08-03 23:47:18,ETHUSDT,BINANCE,TRADE,1873.35,0.0032
2026-08-03 23:47:18,ETHUSDT,BINANCE,TRADE,1873.35,0.0028
2026-08-03 23:47:18,ETHUSDT,BINANCE,TRADE,1873.35,0.0027
2026-08-03 23:47:18,ETHUSDT,BINANCE,TRADE,1873.35,0.0027
2026-08-03 23:47:18,ETHUSDT,BINANCE,TRADE,1873.35,0.0027
2026-08-03 23:47:18,ETHUSDT,BINANCE,TRADE,1873.36,0.0027
2026-08-03 23:47:18,ETHUSDT,BINANCE,TRADE,1873.36,0.0028
2026-08-03 23:47:18,ETHUSDT,BINANCE,TRADE,1873.36,0.0028
2026-08-03 23:47:18,ETHUSDT,BINANCE,TRADE,1873.36,0.0028
2026-08-03 23:47:18,ETHUSDT,BINANCE,TRADE,1873.36,0.0027
2026-08-03 23:47:18,ETHUSDT,BINANCE,TRADE,1873.37,0.0027
2026-08-03 23:47:18,ETHUSDT,BINANCE,TRADE,1873.37,0.0028
2026-08-03 23:47:18,ETHUSDT,BINANCE,TRADE,1873.37,0.0028
2026-08-03 23:47:18,ETHUSDT,BINANCE,TRADE,1873.37,0.0027
2026-08-03 23:47:18,ETHUSDT,BINANCE,TRADE,1873.37,0.0027
2026-08-03 23:47:18,ETHUSDT,BINANCE,TRADE,1873.37,0.0027
2026-08-03 23:47:18,ETHUSDT,BINANCE,TRADE,1873.37,0.0027
2026-08-03 23:47:18,ETHUSDT,BINANCE,TRADE,1873.38,0.0027
2026-08-03 23:47:18,ETHUSDT,BINANCE,TRADE,1873.38,0.0028
2026-08-03 23:47:18,ETHUSDT,BINANCE,TRADE,1873.38,0.0027
2026-08-03 23:47:18,ETHUSDT,BINANCE,TRADE,1873.38,0.0027
2026-08-03 23:47:18,ETHUSDT,BINANCE,TRADE,1873.38,0.0027
2026-08-03 23:47:18,ETHUSDT,BINANCE,TRADE,1873.38,0.0027
2026-08-03 23:47:18,ETHUSDT,BINANCE,TRADE,1873.4,0.0027
2026-08-03 23:47:18,ETHUSDT,BINANCE,TRADE,1873.4,0.0029
2026-08-03 23:47:18,ETHUSDT,BINANCE,TRADE,1873.4,0.0029
2026-08-03 23:47:18,ETHUSDT,BINANCE,TRADE,1873.4,0.0028
2026-08-03 23:47:18,ETHUSDT,BINANCE,TRADE,1873.4,0.0027
2026-08-03 23:47:18,ETHUSDT,BINANCE,TRADE,1873.4,0.0029
2026-08-03 23:47:18,ETHUSDT,BINANCE,TRADE,1873.41,3.9629
2026-08-03 23:47:18,ETHUSDT,BINANCE,TRADE,1873.41,0.6523
2026-08-03 23:47:18,ETHUSDT,BINANCE,TRADE,1873.41,0.003
2026-08-03 23:47:18,ETHUSDT,BINANCE,TRADE,1873.41,0.1779
2026-08-03 23:47:18,ETHUSDT,BINANCE,TRADE,1873.41,0.0027
2026-08-03 23:47:18,ETHUSDT,BINANCE,TRADE,1873.41,0.0028
2026-08-03 23:47:18,ETHUSDT,BINANCE,TRADE,1873.41,0.0028
2026-08-03 23:47:18,ETHUSDT,BINANCE,TRADE,1873.41,0.0027
2026-08-03 23:47:18,ETHUSDT,BINANCE,TRADE,1873.41,0.0027
2026-08-03 23:47:18,ETHUSDT,BINANCE,TRADE,1873.41,0.0028
2026-08-03 23:47:18,ETHUSDT,BINANCE,TRADE,1873.41,1.9412
2026-08-03 23:47:18,ETHUSDT,BINANCE,TRADE,1873.41,0.0032
2026-08-03 23:47:18,ETHUSDT,BINANCE,TRADE,1873.41,0.0032
2026-08-03 23:47:18,ETHUSDT,BINANCE,TRADE,1873.41,0.0027
2026-08-03 23:47:18,ETHUSDT,BINANCE,TRADE,1873.41,0.0027
2026-08-03 23:47:18,ETHUSDT,BINANCE,TRADE,1873.41,0.0027
2026-08-03 23:47:18,ETHUSDT,BINANCE,TRADE,1873.41,0.0027
2026-08-03 23:47:18,ETHUSDT,BINANCE,TRADE,1873.42,0.0027
2026-08-03 23:47:18,ETHUSDT,BINANCE,TRADE,1873.42,0.0028
2026-08-03 23:47:18,ETHUSDT,BINANCE,TRADE,1873.42,0.0028
2026-08-03 23:47:18,ETHUSDT,BINANCE,TRADE,1873.42,0.0027
2026-08-03 23:47:18,ETHUSDT,BINANCE,TRADE,1873.42,0.0027
2026-08-03 23:47:18,ETHUSDT,BINANCE,TRADE,1873.42,0.0027
2026-08-03 23:47:18,ETHUSDT,BINANCE,TRADE,1873.42,0.0027
2026-08-03 23:47:18,ETHUSDT,BINANCE,TRADE,1873.43,0.0028
2026-08-03 23:47:18,ETHUSDT,BINANCE,TRADE,1873.44,0.0027
2026-08-03 23:47:18,ETHUSDT,BINANCE,TRADE,1873.44,0.0027
2026-08-03 23:47:18,ETHUSDT,BINANCE,TRADE,1873.44,0.0028
2026-08-03 23:47:18,ETHUSDT,BINANCE,TRADE,1873.44,0.0027
2026-08-03 23:47:18,ETHUSDT,BINANCE,TRADE,1873.45,0.05
2026-08-03 23:47:18,ETHUSDT,BINANCE,TRADE,1873.45,0.0027
2026-08-03 23:47:18,ETHUSDT,BINANCE,TRADE,1873.45,0.0005
2026-08-03 23:47:18,ETHUSDT,BINANCE,TRADE,1873.45,0.0023
2026-08-03 23:47:18,ETHUSDT,BINANCE,TRADE,1873.45,0.0027
2026-08-03 23:47:18,ETHUSDT,BINANCE,TRADE,1873.45,0.0027
2026-08-03 23:47:18,ETHUSDT,BINANCE,TRADE,1873.45,0.0032
2026-08-03 23:47:18,ETHUSDT,BINANCE,TRADE,1873.45,0.0032
2026-08-03 23:47:18,ETHUSDT,BINANCE,TRADE,1873.45,0.0028
2026-08-03 23:47:18,ETHUSDT,BINANCE,TRADE,1873.45,0.0027
2026-08-03 23:47:18,ETHUSDT,BINANCE,TRADE,1873.45,0.0027
2026-08-03 23:47:18,ETHUSDT,BINANCE,TRADE,1873.45,0.0027
2026-08-03 23:47:18,ETHUSDT,BINANCE,TRADE,1873.45,0.0027
2026-08-03 23:47:18,ETHUSDT,BINANCE,TRADE,1873.46,0.0027
2026-08-03 23:47:18,ETHUSDT,BINANCE,TRADE,1873.46,0.0028
2026-08-03 23:47:18,ETHUSDT,BINANCE,TRADE,1873.46,0.0028
2026-08-03 23:47:18,ETHUSDT,BINANCE,TRADE,1873.46,0.0027
2026-08-03 23:47:18,ETHUSDT,BINANCE,TRADE,1873.47,0.0027
2026-08-03 23:47:18,ETHUSDT,BINANCE,TRADE,1873.47,0.0028
2026-08-03 23:47:18,ETHUSDT,BINANCE,TRADE,1873.47,0.0027
2026-08-03 23:47:18,ETHUSDT,BINANCE,TRADE,1873.48,0.0027
2026-08-03 23:47:18,ETHUSDT,BINANCE,TRADE,1873.48,0.0027
2026-08-03 23:47:18,ETHUSDT,BINANCE,TRADE,1873.48,0.0028
2026-08-03 23:47:18,ETHUSDT,BINANCE,TRADE,1873.48,0.0027
2026-08-03 23:47:18,ETHUSDT,BINANCE,TRADE,1873.49,0.0027
2026-08-03 23:47:18,ETHUSDT,BINANCE,TRADE,1873.49,0.0028
2026-08-03 23:47:18,ETHUSDT,BINANCE,TRADE,1873.49,0.0027
2026-08-03 23:47:18,ETHUSDT,BINANCE,TRADE,1873.5,0.0027
2026-08-03 23:47:18,ETHUSDT,BINANCE,TRADE,1873.5,0.0028
2026-08-03 23:47:18,ETHUSDT,BINANCE,TRADE,1873.5,0.0027
2026-08-03 23:47:18,ETHUSDT,BINANCE,TRADE,1873.51,0.0027
2026-08-03 23:47:18,ETHUSDT,BINANCE,TRADE,1873.51,0.0028
2026-08-03 23:47:18,ETHUSDT,BINANCE,TRADE,1873.51,0.0027
2026-08-03 23:47:18,ETHUSDT,BINANCE,TRADE,1873.51,0.0027
2026-08-03 23:47:18,ETHUSDT,BINANCE,TRADE,1873.51,0.0027
2026-08-03 23:47:18,ETHUSDT,BINANCE,TRADE,1873.51,0.0027
2026-08-03 23:47:18,ETHUSDT,BINANCE,TRADE,1873.52,0.0027
2026-08-03 23:47:18,ETHUSDT,BINANCE,TRADE,1873.52,0.0027
2026-08-03 23:47:18,ETHUSDT,BINANCE,TRADE,1873.52,0.0028
2026-08-03 23:47:18,ETHUSDT,BINANCE,TRADE,1873.52,0.0027
2026-08-03 23:47:18,ETHUSDT,BINANCE,TRADE,1873.52,0.0027
2026-08-03 23:47:18,ETHUSDT,BINANCE,TRADE,1873.52,0.0027
2026-08-03 23:47:18,ETHUSDT,BINANCE,TRADE,1873.52,0.0027
2026-08-03 23:47:18,ETHUSDT,BINANCE,TRADE,1873.52,0.0027
2026-08-03 23:47:18,ETHUSDT,BINANCE,TRADE,1873.53,0.0027
2026-08-03 23:47:18,ETHUSDT,BINANCE,TRADE,1873.53,0.0029
2026-08-03 23:47:18,ETHUSDT,BINANCE,TRADE,1873.53,0.0029
2026-08-03 23:47:18,ETHUSDT,BINANCE,TRADE,1873.53,0.0028
2026-08-03 23:47:18,ETHUSDT,BINANCE,TRADE,1873.53,0.0029
2026-08-03 23:47:18,SOLUSDT,BINANCE,TRADE,74.23,0.073
2026-08-03 23:47:18,SOLUSDT,BINANCE,TRADE,74.23,0.073
2026-08-03 23:47:18,SOLUSDT,BINANCE,TRADE,74.23,0.071
2026-08-03 23:47:18,SOLUSDT,BINANCE,TRADE,74.23,0.071
2026-08-03 23:47:18,SOLUSDT,BINANCE,TRADE,74.23,0.135
2026-08-03 23:47:18,SOLUSDT,BINANCE,TRADE,74.23,0.073
2026-08-03 23:47:18,SOLUSDT,BINANCE,TRADE,74.23,0.073
2026-08-03 23:47:18,SOLUSDT,BINANCE,TRADE,74.23,0.073
2026-08-03 23:47:18,SOLUSDT,BINANCE,TRADE,74.23,0.073
2026-08-03 23:47:18,SOLUSDT,BINANCE,TRADE,74.23,0.073
2026-08-03 23:47:18,SOLUSDT,BINANCE,TRADE,74.23,0.073
2026-08-03 23:47:18,SOLUSDT,BINANCE,TRADE,74.23,2.373
2026-08-03 23:47:18,SOLUSDT,BINANCE,TRADE,74.23,0.758
2026-08-03 23:47:18,SOLUSDT,BINANCE,TRADE,74.23,0.071
2026-08-03 23:47:18,SOLUSDT,BINANCE,TRADE,74.23,0.073
2026-08-03 23:47:18,SOLUSDT,BINANCE,TRADE,74.23,0.073
2026-08-03 23:47:18,SOLUSDT,BINANCE,TRADE,74.23,0.273
2026-08-03 23:47:18,SOLUSDT,BINANCE,TRADE,74.24,0.246
2026-08-03 23:47:18,SOLUSDT,BINANCE,TRADE,74.24,0.033
2026-08-03 23:47:18,BTCUSDT,BINANCE,TRADE,63985,0.00252
2026-08-03 23:47:18,ETHUSDT,BINANCE,TRADE,1873.54,0.0027
2026-08-03 23:47:18,ETHUSDT,BINANCE,TRADE,1873.54,0.0028
2026-08-03 23:47:18,ETHUSDT,BINANCE,TRADE,1873.54,0.0028
2026-08-03 23:47:18,ETHUSDT,BINANCE,TRADE,1873.54,0.0028
2026-08-03 23:47:18,ETHUSDT,BINANCE,TRADE,1873.54,0.0027
2026-08-03 23:47:18,ETHUSDT,BINANCE,TRADE,1873.54,0.0028
2026-08-03 23:47:18,ETHUSDT,BINANCE,TRADE,1873.54,0.0028
2026-08-03 23:47:18,ETHUSDT,BINANCE,TRADE,1873.54,0.0028
2026-08-03 23:47:18,ETHUSDT,BINANCE,TRADE,1873.54,0.0027
2026-08-03 23:47:18,ETHUSDT,BINANCE,TRADE,1873.54,0.0028
2026-08-03 23:47:18,ETHUSDT,BINANCE,TRADE,1873.54,0.0027
2026-08-03 23:47:18,ETHUSDT,BINANCE,TRADE,1873.54,0.0028
2026-08-03 23:47:18,ETHUSDT,BINANCE,TRADE,1873.54,0.0032
2026-08-03 23:47:18,ETHUSDT,BINANCE,TRADE,1873.54,0.0032
2026-08-03 23:47:18,ETHUSDT,BINANCE,TRADE,1873.54,0.0027
2026-08-03 23:47:18,ETHUSDT,BINANCE,TRADE,1873.55,0.0027
2026-08-03 23:47:18,ETHUSDT,BINANCE,TRADE,1873.55,0.0028
2026-08-03 23:47:18,ETHUSDT,BINANCE,TRADE,1873.55,0.0028
2026-08-03 23:47:18,ETHUSDT,BINANCE,TRADE,1873.55,0.0028
2026-08-03 23:47:18,ETHUSDT,BINANCE,TRADE,1873.55,0.0028
2026-08-03 23:47:18,ETHUSDT,BINANCE,TRADE,1873.55,0.0027
2026-08-03 23:47:18,ETHUSDT,BINANCE,TRADE,1873.56,0.0213
2026-08-03 23:47:18,ETHUSDT,BINANCE,TRADE,1873.56,0.0027
2026-08-03 23:47:18,ETHUSDT,BINANCE,TRADE,1873.56,0.0028
2026-08-03 23:47:18,ETHUSDT,BINANCE,TRADE,1873.56,0.0027
2026-08-03 23:47:18,ETHUSDT,BINANCE,TRADE,1873.57,0.0027
2026-08-03 23:47:18,ETHUSDT,BINANCE,TRADE,1873.57,0.0027
2026-08-03 23:47:18,ETHUSDT,BINANCE,TRADE,1873.57,0.0028
2026-08-03 23:47:18,ETHUSDT,BINANCE,TRADE,1873.57,0.0027
2026-08-03 23:47:18,ETHUSDT,BINANCE,TRADE,1873.57,0.0027
2026-08-03 23:47:18,ETHUSDT,BINANCE,TRADE,1873.57,0.0027
2026-08-03 23:47:18,ETHUSDT,BINANCE,TRADE,1873.57,0.0027
2026-08-03 23:47:18,ETHUSDT,BINANCE,TRADE,1873.58,0.0027
2026-08-03 23:47:18,ETHUSDT,BINANCE,TRADE,1873.58,0.0028
2026-08-03 23:47:18,ETHUSDT,BINANCE,TRADE,1873.58,0.0027
2026-08-03 23:47:18,ETHUSDT,BINANCE,TRADE,1873.59,0.0029
2026-08-03 23:47:18,ETHUSDT,BINANCE,TRADE,1873.59,0.0029
2026-08-03 23:47:18,ETHUSDT,BINANCE,TRADE,1873.59,0.0028
2026-08-03 23:47:18,ETHUSDT,BINANCE,TRADE,1873.59,0.0029
2026-08-03 23:47:18,BTCUSDT,BINANCE,TRADE,63985,0.35813
2026-08-03 23:47:18,BTCUSDT,BINANCE,TRADE,63985,8e-05
2026-08-03 23:47:18,BTCUSDT,BINANCE,TRADE,63985,9e-05
2026-08-03 23:47:18,BTCUSDT,BINANCE,TRADE,63985,9e-05
2026-08-03 23:47:18,BTCUSDT,BINANCE,TRADE,63985,9e-05
2026-08-03 23:47:18,BTCUSDT,BINANCE,TRADE,63985,8e-05
2026-08-03 23:47:18,BTCUSDT,BINANCE,TRADE,63985,8e-05
2026-08-03 23:47:18,BTCUSDT,BINANCE,TRADE,63985,8e-05
2026-08-03 23:47:18,BTCUSDT,BINANCE,TRADE,63985,9e-05
2026-08-03 23:47:18,BTCUSDT,BINANCE,TRADE,63985,9e-05
2026-08-03 23:47:18,BTCUSDT,BINANCE,TRADE,63985,9e-05
2026-08-03 23:47:18,BTCUSDT,BINANCE,TRADE,63985,9e-05
2026-08-03 23:47:18,BTCUSDT,BINANCE,TRADE,63985,9e-05
2026-08-03 23:47:18,BTCUSDT,BINANCE,TRADE,63985,0.00234
2026-08-03 23:47:18,BTCUSDT,BINANCE,TRADE,63985,8e-05
2026-08-03 23:47:18,BTCUSDT,BINANCE,TRADE,63985,9e-05
2026-08-03 23:47:18,BTCUSDT,BINANCE,TRADE,63985,0.007
2026-08-03 23:47:18,BTCUSDT,BINANCE,TRADE,63985,9e-05
2026-08-03 23:47:18,BTCUSDT,BINANCE,TRADE,63985,9e-05
2026-08-03 23:47:18,BTCUSDT,BINANCE,TRADE,63985,8e-05
2026-08-03 23:47:18,BTCUSDT,BINANCE,TRADE,63985,8e-05
2026-08-03 23:47:18,BTCUSDT,BINANCE,TRADE,63985,8e-05
2026-08-03 23:47:18,BTCUSDT,BINANCE,TRADE,63985,9e-05
2026-08-03 23:47:18,BTCUSDT,BINANCE,TRADE,63985,9e-05
2026-08-03 23:47:18,BTCUSDT,BINANCE,TRADE,63985,9e-05
2026-08-03 23:47:18,BTCUSDT,BINANCE,TRADE,63985,9e-05
2026-08-03 23:47:18,BTCUSDT,BINANCE,TRADE,63985,9e-05
2026-08-03 23:47:18,BTCUSDT,BINANCE,TRADE,63985,9e-05
2026-08-03 23:47:18,BTCUSDT,BINANCE,TRADE,63985.1,8e-05
2026-08-03 23:47:18,BTCUSDT,BINANCE,TRADE,63985.1,9e-05
2026-08-03 23:47:18,BTCUSDT,BINANCE,TRADE,63985.1,0.0036
2026-08-03 23:47:18,BTCUSDT,BINANCE,TRADE,63985.1,9e-05
2026-08-03 23:47:18,BTCUSDT,BINANCE,TRADE,63985.1,8e-05
2026-08-03 23:47:18,BTCUSDT,BINANCE,TRADE,63985.1,9e-05
2026-08-03 23:47:18,BTCUSDT,BINANCE,TRADE,63985.1,8e-05
2026-08-03 23:47:18,BTCUSDT,BINANCE,TRADE,63985.2,9e-05
2026-08-03 23:47:18,BTCUSDT,BINANCE,TRADE,63985.2,9e-05
2026-08-03 23:47:18,BTCUSDT,BINANCE,TRADE,63985.4,8e-05
2026-08-03 23:47:18,BTCUSDT,BINANCE,TRADE,63985.4,8e-05
2026-08-03 23:47:18,BTCUSDT,BINANCE,TRADE,63985.4,8e-05
2026-08-03 23:47:18,BTCUSDT,BINANCE,TRADE,63985.4,8e-05
2026-08-03 23:47:18,BTCUSDT,BINANCE,TRADE,63985.6,8e-05
2026-08-03 23:47:18,BTCUSDT,BINANCE,TRADE,63985.8,0.00024
2026-08-03 23:47:18,BTCUSDT,BINANCE,TRADE,63985.9,8e-05
2026-08-03 23:47:18,SOLUSDT,BINANCE,TRADE,74.23,0.205
2026-08-03 23:47:18,SOLUSDT,BINANCE,TRADE,74.23,0.205
2026-08-03 23:47:18,BTCUSDT,BINANCE,TRADE,63986,0.008
2026-08-03 23:47:18,BTCUSDT,BINANCE,TRADE,63986,0.005
2026-08-03 23:47:18,BTCUSDT,BINANCE,TRADE,63986,0.006
2026-08-03 23:47:18,BTCUSDT,BINANCE,TRADE,63986,0.002
2026-08-03 23:47:18,BTCUSDT,BINANCE,TRADE,63986,8e-05
2026-08-03 23:47:18,BTCUSDT,BINANCE,TRADE,63986,8e-05
2026-08-03 23:47:18,BTCUSDT,BINANCE,TRADE,63986,8e-05
2026-08-03 23:47:18,BTCUSDT,BINANCE,TRADE,63986,0.00333
2026-08-03 23:47:18,BTCUSDT,BINANCE,TRADE,63986,9e-05
2026-08-03 23:47:18,BTCUSDT,BINANCE,TRADE,63986,9e-05
2026-08-03 23:47:18,BTCUSDT,BINANCE,TRADE,63986,9e-05
2026-08-03 23:47:18,BTCUSDT,BINANCE,TRADE,63986,9e-05
2026-08-03 23:47:18,BTCUSDT,BINANCE,TRADE,63986,9e-05
2026-08-03 23:47:18,BTCUSDT,BINANCE,TRADE,63986,9e-05
2026-08-03 23:47:18,BTCUSDT,BINANCE,TRADE,63986,9e-05
2026-08-03 23:47:18,BTCUSDT,BINANCE,TRADE,63986,9e-05
2026-08-03 23:47:18,BTCUSDT,BINANCE,TRADE,63986,8e-05
2026-08-03 23:47:18,BTCUSDT,BINANCE,TRADE,63986,8e-05
2026-08-03 23:47:18,BTCUSDT,BINANCE,TRADE,63986,8e-05
2026-08-03 23:47:18,BTCUSDT,BINANCE,TRADE,63986,8e-05
2026-08-03 23:47:18,BTCUSDT,BINANCE,TRADE,63986,9e-05
2026-08-03 23:47:18,BTCUSDT,BINANCE,TRADE,63986,9e-05
2026-08-03 23:47:18,BTCUSDT,BINANCE,TRADE,63986,2e-05
2026-08-03 23:47:18,BTCUSDT,BINANCE,TRADE,63986,7e-05
2026-08-03 23:47:18,BTCUSDT,BINANCE,TRADE,63986,9e-05
2026-08-03 23:47:18,BTCUSDT,BINANCE,TRADE,63986,9e-05
2026-08-03 23:47:18,BTCUSDT,BINANCE,TRADE,63986,9e-05
2026-08-03 23:47:18,BTCUSDT,BINANCE,TRADE,63986,9e-05
2026-08-03 23:47:18,BTCUSDT,BINANCE,TRADE,63986,9e-05
2026-08-03 23:47:18,BTCUSDT,BINANCE,TRADE,63986,8e-05
2026-08-03 23:47:18,BTCUSDT,BINANCE,TRADE,63986,0.0055
2026-08-03 23:47:18,BTCUSDT,BINANCE,TRADE,63986,8e-05
2026-08-03 23:47:18,BTCUSDT,BINANCE,TRADE,63986,9e-05
2026-08-03 23:47:18,BTCUSDT,BINANCE,TRADE,63986,9e-05
2026-08-03 23:47:18,BTCUSDT,BINANCE,TRADE,63986,9e-05
2026-08-03 23:47:18,BTCUSDT,BINANCE,TRADE,63986,9e-05
2026-08-03 23:47:18,BTCUSDT,BINANCE,TRADE,63986,9e-05
2026-08-03 23:47:18,BTCUSDT,BINANCE,TRADE,63986,9e-05
2026-08-03 23:47:18,BTCUSDT,BINANCE,TRADE,63986,8e-05
2026-08-03 23:47:18,BTCUSDT,BINANCE,TRADE,63986,8e-05
2026-08-03 23:47:18,BTCUSDT,BINANCE,TRADE,63986,8e-05
2026-08-03 23:47:18,BTCUSDT,BINANCE,TRADE,63986,9e-05
2026-08-03 23:47:18,BTCUSDT,BINANCE,TRADE,63986,9e-05
2026-08-03 23:47:18,BTCUSDT,BINANCE,TRADE,63986,9e-05
2026-08-03 23:47:18,BTCUSDT,BINANCE,TRADE,63986,9e-05
2026-08-03 23:47:18,BTCUSDT,BINANCE,TRADE,63986,9e-05
2026-08-03 23:47:18,BTCUSDT,BINANCE,TRADE,63986,9e-05
2026-08-03 23:47:18,BTCUSDT,BINANCE,TRADE,63986.2,8e-05
2026-08-03 23:47:18,BTCUSDT,BINANCE,TRADE,63987.2,3e-05
2026-08-03 23:47:18,SOLUSDT,BINANCE,TRADE,74.24,0.588
2026-08-03 23:47:18,SOLUSDT,BINANCE,TRADE,74.24,0.073
2026-08-03 23:47:18,SOLUSDT,BINANCE,TRADE,74.24,0.102
2026-08-03 23:47:18,SOLUSDT,BINANCE,TRADE,74.24,0.078
2026-08-03 23:47:18,SOLUSDT,BINANCE,TRADE,74.24,0.548
2026-08-03 23:47:18,SOLUSDT,BINANCE,TRADE,74.24,0.121
2026-08-03 23:47:18,SOLUSDT,BINANCE,TRADE,74.24,0.093
2026-08-03 23:47:18,SOLUSDT,BINANCE,TRADE,74.24,0.106
2026-08-03 23:47:18,SOLUSDT,BINANCE,TRADE,74.24,0.162
2026-08-03 23:47:18,SOLUSDT,BINANCE,TRADE,74.24,0.24
2026-08-03 23:47:18,SOLUSDT,BINANCE,TRADE,74.24,1.243
2026-08-03 23:47:18,SOLUSDT,BINANCE,TRADE,74.24,0.109
2026-08-03 23:47:18,SOLUSDT,BINANCE,TRADE,74.24,0.088
2026-08-03 23:47:18,SOLUSDT,BINANCE,TRADE,74.24,43.968
2026-08-03 23:47:18,SOLUSDT,BINANCE,TRADE,74.24,0.14
2026-08-03 23:47:18,SOLUSDT,BINANCE,TRADE,74.24,0.23
2026-08-03 23:47:18,SOLUSDT,BINANCE,TRADE,74.24,0.875
2026-08-03 23:47:18,SOLUSDT,BINANCE,TRADE,74.24,0.094
2026-08-03 23:47:18,SOLUSDT,BINANCE,TRADE,74.24,0.069
2026-08-03 23:47:18,SOLUSDT,BINANCE,TRADE,74.24,0.169
2026-08-03 23:47:18,SOLUSDT,BINANCE,TRADE,74.24,0.075
2026-08-03 23:47:18,SOLUSDT,BINANCE,TRADE,74.24,8.598
2026-08-03 23:47:18,SOLUSDT,BINANCE,TRADE,74.24,10.11
2026-08-03 23:47:18,SOLUSDT,BINANCE,TRADE,74.24,10.11
2026-08-03 23:47:18,SOLUSDT,BINANCE,TRADE,74.24,10.11
2026-08-03 23:47:18,SOLUSDT,BINANCE,TRADE,74.24,11.072
2026-08-03 23:47:18,SOLUSDT,BINANCE,TRADE,74.24,0.068
2026-08-03 23:47:18,SOLUSDT,BINANCE,TRADE,74.24,0.278
2026-08-03 23:47:18,SOLUSDT,BINANCE,TRADE,74.24,1.662
2026-08-03 23:47:18,SOLUSDT,BINANCE,TRADE,74.24,0.338
2026-08-03 23:47:18,SOLUSDT,BINANCE,TRADE,74.24,0.073
2026-08-03 23:47:18,SOLUSDT,BINANCE,TRADE,74.24,0.073
2026-08-03 23:47:18,SOLUSDT,BINANCE,TRADE,74.24,0.135
2026-08-03 23:47:18,SOLUSDT,BINANCE,TRADE,74.24,0.071
2026-08-03 23:47:18,SOLUSDT,BINANCE,TRADE,74.24,0.071
2026-08-03 23:47:18,SOLUSDT,BINANCE,TRADE,74.24,0.073
2026-08-03 23:47:18,SOLUSDT,BINANCE,TRADE,74.24,0.073
2026-08-03 23:47:18,SOLUSDT,BINANCE,TRADE,74.24,0.073
2026-08-03 23:47:18,SOLUSDT,BINANCE,TRADE,74.24,0.073
2026-08-03 23:47:18,SOLUSDT,BINANCE,TRADE,74.24,2.065
2026-08-03 23:47:18,SOLUSDT,BINANCE,TRADE,74.24,0.073
2026-08-03 23:47:18,SOLUSDT,BINANCE,TRADE,74.24,0.073
2026-08-03 23:47:18,SOLUSDT,BINANCE,TRADE,74.24,0.069
2026-08-03 23:47:18,SOLUSDT,BINANCE,TRADE,74.24,0.071
2026-08-03 23:47:18,SOLUSDT,BINANCE,TRADE,74.24,0.073
2026-08-03 23:47:18,SOLUSDT,BINANCE,TRADE,74.24,0.073
2026-08-03 23:47:18,SOLUSDT,BINANCE,TRADE,74.25,0.288
2026-08-03 23:47:18,SOLUSDT,BINANCE,TRADE,74.25,0.124
2026-08-03 23:47:18,SOLUSDT,BINANCE,TRADE,74.25,0.073
2026-08-03 23:47:18,SOLUSDT,BINANCE,TRADE,74.25,0.594
2026-08-03 23:47:18,SOLUSDT,BINANCE,TRADE,74.25,0.076
2026-08-03 23:47:18,SOLUSDT,BINANCE,TRADE,74.25,0.113
2026-08-03 23:47:18,SOLUSDT,BINANCE,TRADE,74.25,0.249
2026-08-03 23:47:18,SOLUSDT,BINANCE,TRADE,74.25,0.093
2026-08-03 23:47:18,SOLUSDT,BINANCE,TRADE,74.25,0.096
2026-08-03 23:47:18,SOLUSDT,BINANCE,TRADE,74.25,0.073
2026-08-03 23:47:18,SOLUSDT,BINANCE,TRADE,74.25,0.159
2026-08-03 23:47:18,SOLUSDT,BINANCE,TRADE,74.25,0.074
2026-08-03 23:47:18,SOLUSDT,BINANCE,TRADE,74.25,0.091
2026-08-03 23:47:18,SOLUSDT,BINANCE,TRADE,74.25,0.264
2026-08-03 23:47:18,SOLUSDT,BINANCE,TRADE,74.25,0.208
2026-08-03 23:47:18,SOLUSDT,BINANCE,TRADE,74.25,0.283
2026-08-03 23:47:18,SOLUSDT,BINANCE,TRADE,74.25,0.097
2026-08-03 23:47:18,SOLUSDT,BINANCE,TRADE,74.25,0.384
2026-08-03 23:47:18,SOLUSDT,BINANCE,TRADE,74.25,2.145
2026-08-03 23:47:18,SOLUSDT,BINANCE,TRADE,74.25,0.087
2026-08-03 23:47:18,SOLUSDT,BINANCE,TRADE,74.25,0.989
2026-08-03 23:47:18,SOLUSDT,BINANCE,TRADE,74.25,7.663
2026-08-03 23:47:18,SOLUSDT,BINANCE,TRADE,74.25,0.069
2026-08-03 23:47:18,SOLUSDT,BINANCE,TRADE,74.25,3
2026-08-03 23:47:18,SOLUSDT,BINANCE,TRADE,74.25,2.348
2026-08-03 23:47:18,SOLUSDT,BINANCE,TRADE,74.25,1.82
2026-08-03 23:47:18,SOLUSDT,BINANCE,TRADE,74.25,4
2026-08-03 23:47:18,SOLUSDT,BINANCE,TRADE,74.25,0.266
2026-08-03 23:47:18,SOLUSDT,BINANCE,TRADE,74.25,0.069
2026-08-03 23:47:18,SOLUSDT,BINANCE,TRADE,74.25,0.15
2026-08-03 23:47:18,SOLUSDT,BINANCE,TRADE,74.25,0.068
2026-08-03 23:47:18,SOLUSDT,BINANCE,TRADE,74.25,1.519
2026-08-03 23:47:18,SOLUSDT,BINANCE,TRADE,74.25,0.069
2026-08-03 23:47:18,SOLUSDT,BINANCE,TRADE,74.25,0.075
2026-08-03 23:47:18,SOLUSDT,BINANCE,TRADE,74.25,0.068
2026-08-03 23:47:18,SOLUSDT,BINANCE,TRADE,74.25,0.278
2026-08-03 23:47:18,SOLUSDT,BINANCE,TRADE,74.25,0.102
2026-08-03 23:47:18,SOLUSDT,BINANCE,TRADE,74.25,0.134
2026-08-03 23:47:18,SOLUSDT,BINANCE,TRADE,74.25,0.211
2026-08-03 23:47:18,SOLUSDT,BINANCE,TRADE,74.25,0.069
2026-08-03 23:47:18,SOLUSDT,BINANCE,TRADE,74.25,0.073
2026-08-03 23:47:18,SOLUSDT,BINANCE,TRADE,74.25,0.073
2026-08-03 23:47:18,SOLUSDT,BINANCE,TRADE,74.25,0.075
2026-08-03 23:47:18,SOLUSDT,BINANCE,TRADE,74.25,0.2
2026-08-03 23:47:18,SOLUSDT,BINANCE,TRADE,74.25,0.135
2026-08-03 23:47:18,SOLUSDT,BINANCE,TRADE,74.25,0.071
2026-08-03 23:47:18,SOLUSDT,BINANCE,TRADE,74.25,0.071
2026-08-03 23:47:18,SOLUSDT,BINANCE,TRADE,74.25,0.069
2026-08-03 23:47:18,SOLUSDT,BINANCE,TRADE,74.25,0.445
2026-08-03 23:47:18,SOLUSDT,BINANCE,TRADE,74.25,10.11
2026-08-03 23:47:18,SOLUSDT,BINANCE,TRADE,74.25,10.11
2026-08-03 23:47:18,SOLUSDT,BINANCE,TRADE,74.25,13.08
2026-08-03 23:47:18,SOLUSDT,BINANCE,TRADE,74.25,10.11
2026-08-03 23:47:18,SOLUSDT,BINANCE,TRADE,74.25,0.071
2026-08-03 23:47:18,SOLUSDT,BINANCE,TRADE,74.26,0.127
2026-08-03 23:47:18,SOLUSDT,BINANCE,TRADE,74.26,0.131
2026-08-03 23:47:18,SOLUSDT,BINANCE,TRADE,74.26,0.071
2026-08-03 23:47:18,SOLUSDT,BINANCE,TRADE,74.26,0.076
2026-08-03 23:47:18,SOLUSDT,BINANCE,TRADE,74.26,0.289
2026-08-03 23:47:18,SOLUSDT,BINANCE,TRADE,74.26,0.077
2026-08-03 23:47:18,SOLUSDT,BINANCE,TRADE,74.26,0.108
2026-08-03 23:47:18,SOLUSDT,BINANCE,TRADE,74.26,0.118
2026-08-03 23:47:18,SOLUSDT,BINANCE,TRADE,74.26,0.128
2026-08-03 23:47:18,SOLUSDT,BINANCE,TRADE,74.26,0.117
2026-08-03 23:47:18,SOLUSDT,BINANCE,TRADE,74.26,0.103
2026-08-03 23:47:18,SOLUSDT,BINANCE,TRADE,74.26,5.758
2026-08-03 23:47:18,SOLUSDT,BINANCE,TRADE,74.26,0.069
2026-08-03 23:47:18,SOLUSDT,BINANCE,TRADE,74.26,0.15
2026-08-03 23:47:18,SOLUSDT,BINANCE,TRADE,74.26,0.069
2026-08-03 23:47:18,SOLUSDT,BINANCE,TRADE,74.26,0.075
2026-08-03 23:47:18,SOLUSDT,BINANCE,TRADE,74.26,2.573
2026-08-03 23:47:18,SOLUSDT,BINANCE,TRADE,74.26,13.08
2026-08-03 23:47:18,SOLUSDT,BINANCE,TRADE,74.26,0.075
2026-08-03 23:47:18,SOLUSDT,BINANCE,TRADE,74.25,6.733
2026-08-03 23:47:18,SOLUSDT,BINANCE,TRADE,74.25,16.16
2026-08-03 23:47:18,SOLUSDT,BINANCE,TRADE,74.25,6.733
2026-08-03 23:47:18,SOLUSDT,BINANCE,TRADE,74.25,5.713
2026-08-03 23:47:18,BTCUSDT,BINANCE,TRADE,63987.2,0.00667
2026-08-03 23:47:18,BTCUSDT,BINANCE,TRADE,63987.2,6e-05
2026-08-03 23:47:18,BTCUSDT,BINANCE,TRADE,63987.2,8e-05
2026-08-03 23:47:18,BTCUSDT,BINANCE,TRADE,63987.2,9e-05
2026-08-03 23:47:18,BTCUSDT,BINANCE,TRADE,63987.2,9e-05
2026-08-03 23:47:18,BTCUSDT,BINANCE,TRADE,63987.2,0.00268
2026-08-03 23:47:18,BTCUSDT,BINANCE,TRADE,63987.2,9e-05
2026-08-03 23:47:18,BTCUSDT,BINANCE,TRADE,63987.2,9e-05
2026-08-03 23:47:18,BTCUSDT,BINANCE,TRADE,63987.2,9e-05
2026-08-03 23:47:18,BTCUSDT,BINANCE,TRADE,63987.2,8e-05
2026-08-03 23:47:18,BTCUSDT,BINANCE,TRADE,63987.2,9e-05
2026-08-03 23:47:18,BTCUSDT,BINANCE,TRADE,63987.2,9e-05
2026-08-03 23:47:18,BTCUSDT,BINANCE,TRADE,63987.2,9e-05
2026-08-03 23:47:18,BTCUSDT,BINANCE,TRADE,63987.2,9e-05
2026-08-03 23:47:18,BTCUSDT,BINANCE,TRADE,63987.2,8e-05
2026-08-03 23:47:18,BTCUSDT,BINANCE,TRADE,63987.2,8e-05
2026-08-03 23:47:18,BTCUSDT,BINANCE,TRADE,63987.2,8e-05
2026-08-03 23:47:18,BTCUSDT,BINANCE,TRADE,63987.2,8e-05
2026-08-03 23:47:18,BTCUSDT,BINANCE,TRADE,63987.2,8e-05
2026-08-03 23:47:18,BTCUSDT,BINANCE,TRADE,63987.2,9e-05
2026-08-03 23:47:18,BTCUSDT,BINANCE,TRADE,63987.2,9e-05
2026-08-03 23:47:18,BTCUSDT,BINANCE,TRADE,63987.2,9e-05
2026-08-03 23:47:18,BTCUSDT,BINANCE,TRADE,63987.2,9e-05
2026-08-03 23:47:18,BTCUSDT,BINANCE,TRADE,63987.2,9e-05
2026-08-03 23:47:18,BTCUSDT,BINANCE,TRADE,63987.2,9e-05
2026-08-03 23:47:18,BTCUSDT,BINANCE,TRADE,63987.6,0.0001
2026-08-03 23:47:18,BTCUSDT,BINANCE,TRADE,63988,9e-05
2026-08-03 23:47:18,BTCUSDT,BINANCE,TRADE,63988,9e-05
2026-08-03 23:47:18,BTCUSDT,BINANCE,TRADE,63988,9e-05
2026-08-03 23:47:19,SOLUSDT,BINANCE,TRADE,74.25,0.206
2026-08-03 23:47:19,SOLUSDT,BINANCE,TRADE,74.25,0.206
2026-08-03 23:47:19,SOLUSDT,BINANCE,TRADE,74.25,6.189
2026-08-03 23:47:19,ETHUSDT,BINANCE,TRADE,1873.6,0.003
2026-08-03 23:47:19,SOLUSDT,BINANCE,TRADE,74.26,0.545
2026-08-03 23:47:19,SOLUSDT,BINANCE,TRADE,74.26,7.435
2026-08-03 23:47:20,SOLUSDT,BINANCE,TRADE,74.25,0.393
2026-08-03 23:47:20,BTCUSDT,BINANCE,TRADE,63988,0.00109
2026-08-03 23:47:20,SOLUSDT,BINANCE,TRADE,74.25,1.429
2026-08-03 23:47:20,SOLUSDT,BINANCE,TRADE,74.25,27.84
2026-08-03 23:47:20,SOLUSDT,BINANCE,TRADE,74.25,0.5
2026-08-03 23:47:20,SOLUSDT,BINANCE,TRADE,74.25,27.54
2026-08-03 23:47:20,SOLUSDT,BINANCE,TRADE,74.25,0.278
2026-08-03 23:47:20,SOLUSDT,BINANCE,TRADE,74.25,0.073
2026-08-03 23:47:20,SOLUSDT,BINANCE,TRADE,74.25,0.068
2026-08-03 23:47:20,SOLUSDT,BINANCE,TRADE,74.25,0.073
2026-08-03 23:47:20,SOLUSDT,BINANCE,TRADE,74.25,0.073
2026-08-03 23:47:20,SOLUSDT,BINANCE,TRADE,74.25,0.073
2026-08-03 23:47:20,SOLUSDT,BINANCE,TRADE,74.25,0.135
2026-08-03 23:47:20,SOLUSDT,BINANCE,TRADE,74.25,75
2026-08-03 23:47:20,SOLUSDT,BINANCE,TRADE,74.25,0.073
2026-08-03 23:47:20,SOLUSDT,BINANCE,TRADE,74.25,0.073
2026-08-03 23:47:20,SOLUSDT,BINANCE,TRADE,74.25,0.073
2026-08-03 23:47:20,SOLUSDT,BINANCE,TRADE,74.25,0.073
2026-08-03 23:47:20,SOLUSDT,BINANCE,TRADE,74.25,25
2026-08-03 23:47:20,SOLUSDT,BINANCE,TRADE,74.25,0.218
2026-08-03 23:47:20,SOLUSDT,BINANCE,TRADE,74.25,7.544
2026-08-03 23:47:20,SOLUSDT,BINANCE,TRADE,74.25,3.458
2026-08-03 23:47:20,SOLUSDT,BINANCE,TRADE,74.25,0.071
2026-08-03 23:47:20,SOLUSDT,BINANCE,TRADE,74.25,0.073
2026-08-03 23:47:20,SOLUSDT,BINANCE,TRADE,74.25,0.073
2026-08-03 23:47:20,BTCUSDT,BINANCE,TRADE,63988,0.00691
2026-08-03 23:47:20,BTCUSDT,BINANCE,TRADE,63988,0.005
2026-08-03 23:47:20,BTCUSDT,BINANCE,TRADE,63988,0.006
2026-08-03 23:47:20,BTCUSDT,BINANCE,TRADE,63988,0.002
2026-08-03 23:47:20,BTCUSDT,BINANCE,TRADE,63988,0.0025
2026-08-03 23:47:20,BTCUSDT,BINANCE,TRADE,63988,8e-05
2026-08-03 23:47:20,BTCUSDT,BINANCE,TRADE,63988,8e-05
2026-08-03 23:47:20,BTCUSDT,BINANCE,TRADE,63988,9e-05
2026-08-03 23:47:20,BTCUSDT,BINANCE,TRADE,63988,9e-05
2026-08-03 23:47:20,BTCUSDT,BINANCE,TRADE,63988,0.0024
2026-08-03 23:47:20,BTCUSDT,BINANCE,TRADE,63988,9e-05
2026-08-03 23:47:20,BTCUSDT,BINANCE,TRADE,63988,9e-05
2026-08-03 23:47:20,BTCUSDT,BINANCE,TRADE,63988,8e-05
2026-08-03 23:47:20,BTCUSDT,BINANCE,TRADE,63988,8e-05
2026-08-03 23:47:20,BTCUSDT,BINANCE,TRADE,63988,8e-05
2026-08-03 23:47:20,BTCUSDT,BINANCE,TRADE,63988,8e-05
2026-08-03 23:47:20,BTCUSDT,BINANCE,TRADE,63988,0.007
2026-08-03 23:47:20,BTCUSDT,BINANCE,TRADE,63988,0.00016
2026-08-03 23:47:20,BTCUSDT,BINANCE,TRADE,63988,0.02073
2026-08-03 23:47:20,SOLUSDT,BINANCE,TRADE,74.24,0.41
2026-08-03 23:47:20,BTCUSDT,BINANCE,TRADE,63988,0.0004
2026-08-03 23:47:20,ETHUSDT,BINANCE,TRADE,1873.6,0.0193
2026-08-03 23:47:20,BTCUSDT,BINANCE,TRADE,63988,0.009
2026-08-03 23:47:20,SOLUSDT,BINANCE,TRADE,74.24,1.79
2026-08-03 23:47:20,SOLUSDT,BINANCE,TRADE,74.24,0.22
2026-08-03 23:47:20,SOLUSDT,BINANCE,TRADE,74.24,0.27
2026-08-03 23:47:20,SOLUSDT,BINANCE,TRADE,74.24,1.082
2026-08-03 23:47:20,BTCUSDT,BINANCE,TRADE,63988,0.00053
2026-08-03 23:47:20,SOLUSDT,BINANCE,TRADE,74.24,0.51
2026-08-03 23:47:20,ETHUSDT,BINANCE,TRADE,1873.59,0.017
2026-08-03 23:47:20,ETHUSDT,BINANCE,TRADE,1873.59,2.0269
2026-08-03 23:47:20,ETHUSDT,BINANCE,TRADE,1873.59,3.4948
2026-08-03 23:47:20,BTCUSDT,BINANCE,TRADE,63988,0.02272
2026-08-03 23:47:20,SOLUSDT,BINANCE,TRADE,74.25,0.073
2026-08-03 23:47:20,SOLUSDT,BINANCE,TRADE,74.25,0.073
2026-08-03 23:47:20,SOLUSDT,BINANCE,TRADE,74.25,0.073
2026-08-03 23:47:20,SOLUSDT,BINANCE,TRADE,74.25,2.421
2026-08-03 23:47:20,SOLUSDT,BINANCE,TRADE,74.25,0.073
2026-08-03 23:47:20,SOLUSDT,BINANCE,TRADE,74.25,0.073
2026-08-03 23:47:20,SOLUSDT,BINANCE,TRADE,74.25,23.553
2026-08-03 23:47:21,SOLUSDT,BINANCE,TRADE,74.25,33.083
2026-08-03 23:47:21,SOLUSDT,BINANCE,TRADE,74.25,0.073
2026-08-03 23:47:21,SOLUSDT,BINANCE,TRADE,74.25,0.073
2026-08-03 23:47:21,SOLUSDT,BINANCE,TRADE,74.25,0.073
2026-08-03 23:47:21,SOLUSDT,BINANCE,TRADE,74.25,0.135
2026-08-03 23:47:21,SOLUSDT,BINANCE,TRADE,74.25,0.758
2026-08-03 23:47:21,SOLUSDT,BINANCE,TRADE,74.25,0.071
2026-08-03 23:47:21,SOLUSDT,BINANCE,TRADE,74.25,0.073
2026-08-03 23:47:21,SOLUSDT,BINANCE,TRADE,74.25,0.073
2026-08-03 23:47:21,SOLUSDT,BINANCE,TRADE,74.25,0.073
2026-08-03 23:47:21,SOLUSDT,BINANCE,TRADE,74.25,0.073
2026-08-03 23:47:21,SOLUSDT,BINANCE,TRADE,74.25,0.073
2026-08-03 23:47:21,SOLUSDT,BINANCE,TRADE,74.25,4.819
2026-08-03 23:47:21,SOLUSDT,BINANCE,TRADE,74.25,0.069
2026-08-03 23:47:21,SOLUSDT,BINANCE,TRADE,74.25,0.073
2026-08-03 23:47:21,SOLUSDT,BINANCE,TRADE,74.25,0.073
2026-08-03 23:47:21,BTCUSDT,BINANCE,TRADE,63988,0.0001
2026-08-03 23:47:21,BTCUSDT,BINANCE,TRADE,63988,0.00135
2026-08-03 23:47:21,SOLUSDT,BINANCE,TRADE,74.25,5
2026-08-03 23:47:22,ETHUSDT,BINANCE,TRADE,1873.6,0.003
2026-08-03 23:47:22,ETHUSDT,BINANCE,TRADE,1873.6,0.1884
2026-08-03 23:47:22,ETHUSDT,BINANCE,TRADE,1873.6,0.0027
2026-08-03 23:47:22,ETHUSDT,BINANCE,TRADE,1873.6,0.0028
2026-08-03 23:47:22,ETHUSDT,BINANCE,TRADE,1873.6,0.0027
2026-08-03 23:47:22,ETHUSDT,BINANCE,TRADE,1873.6,0.0027
2026-08-03 23:47:22,ETHUSDT,BINANCE,TRADE,1873.6,0.0027
2026-08-03 23:47:22,ETHUSDT,BINANCE,TRADE,1873.6,0.0028
2026-08-03 23:47:22,ETHUSDT,BINANCE,TRADE,1873.6,0.08
2026-08-03 23:47:22,ETHUSDT,BINANCE,TRADE,1873.6,0.0054
2026-08-03 23:47:22,ETHUSDT,BINANCE,TRADE,1873.6,0.0027
2026-08-03 23:47:22,ETHUSDT,BINANCE,TRADE,1873.6,0.0027
2026-08-03 23:47:22,ETHUSDT,BINANCE,TRADE,1873.6,0.0028
2026-08-03 23:47:22,ETHUSDT,BINANCE,TRADE,1873.6,0.0032
2026-08-03 23:47:22,ETHUSDT,BINANCE,TRADE,1873.6,0.0032
2026-08-03 23:47:22,ETHUSDT,BINANCE,TRADE,1873.6,0.0027
2026-08-03 23:47:22,ETHUSDT,BINANCE,TRADE,1873.61,0.0027
2026-08-03 23:47:22,ETHUSDT,BINANCE,TRADE,1873.61,0.0028
2026-08-03 23:47:22,ETHUSDT,BINANCE,TRADE,1873.61,0.0054
2026-08-03 23:47:22,ETHUSDT,BINANCE,TRADE,1873.61,0.0028
2026-08-03 23:47:22,ETHUSDT,BINANCE,TRADE,1873.61,0.0027
2026-08-03 23:47:22,ETHUSDT,BINANCE,TRADE,1873.62,0.0204
2026-08-03 23:47:22,ETHUSDT,BINANCE,TRADE,1873.62,0.0027
2026-08-03 23:47:22,ETHUSDT,BINANCE,TRADE,1873.62,0.0027
2026-08-03 23:47:22,ETHUSDT,BINANCE,TRADE,1873.62,0.0028
2026-08-03 23:47:22,ETHUSDT,BINANCE,TRADE,1873.62,0.0054
2026-08-03 23:47:22,ETHUSDT,BINANCE,TRADE,1873.62,0.0028
2026-08-03 23:47:22,ETHUSDT,BINANCE,TRADE,1873.62,0.0027
2026-08-03 23:47:22,ETHUSDT,BINANCE,TRADE,1873.63,0.003
2026-08-03 23:47:22,ETHUSDT,BINANCE,TRADE,1873.63,0.0027
2026-08-03 23:47:22,ETHUSDT,BINANCE,TRADE,1873.63,0.0028
2026-08-03 23:47:22,ETHUSDT,BINANCE,TRADE,1873.63,0.0027
2026-08-03 23:47:22,ETHUSDT,BINANCE,TRADE,1873.63,0.0027
2026-08-03 23:47:22,ETHUSDT,BINANCE,TRADE,1873.63,0.0027
2026-08-03 23:47:22,ETHUSDT,BINANCE,TRADE,1873.63,0.0027
2026-08-03 23:47:22,ETHUSDT,BINANCE,TRADE,1873.64,0.0028
2026-08-03 23:47:22,ETHUSDT,BINANCE,TRADE,1873.64,0.0028
2026-08-03 23:47:22,ETHUSDT,BINANCE,TRADE,1873.65,0.0027
2026-08-03 23:47:22,ETHUSDT,BINANCE,TRADE,1873.65,0.0028
2026-08-03 23:47:22,ETHUSDT,BINANCE,TRADE,1873.65,0.0029
2026-08-03 23:47:22,ETHUSDT,BINANCE,TRADE,1873.65,0.0029
2026-08-03 23:47:22,ETHUSDT,BINANCE,TRADE,1873.65,0.0027
2026-08-03 23:47:22,ETHUSDT,BINANCE,TRADE,1873.65,0.0029
2026-08-03 23:47:22,ETHUSDT,BINANCE,TRADE,1873.65,0.0027
2026-08-03 23:47:22,ETHUSDT,BINANCE,TRADE,1873.65,0.0027
2026-08-03 23:47:22,ETHUSDT,BINANCE,TRADE,1873.65,0.0027
2026-08-03 23:47:22,ETHUSDT,BINANCE,TRADE,1873.66,0.005
2026-08-03 23:47:22,ETHUSDT,BINANCE,TRADE,1873.66,0.0027
2026-08-03 23:47:22,ETHUSDT,BINANCE,TRADE,1873.66,0.0889
2026-08-03 23:47:22,ETHUSDT,BINANCE,TRADE,1873.66,0.0027
2026-08-03 23:47:22,ETHUSDT,BINANCE,TRADE,1873.66,0.0028
2026-08-03 23:47:22,ETHUSDT,BINANCE,TRADE,1873.66,0.0027
2026-08-03 23:47:22,ETHUSDT,BINANCE,TRADE,1873.67,0.0027
2026-08-03 23:47:22,ETHUSDT,BINANCE,TRADE,1873.67,0.0028
2026-08-03 23:47:22,ETHUSDT,BINANCE,TRADE,1873.67,0.0027
2026-08-03 23:47:22,ETHUSDT,BINANCE,TRADE,1873.68,0.0027
2026-08-03 23:47:22,ETHUSDT,BINANCE,TRADE,1873.68,0.0028
2026-08-03 23:47:22,ETHUSDT,BINANCE,TRADE,1873.68,0.0027
2026-08-03 23:47:22,ETHUSDT,BINANCE,TRADE,1873.69,0.0027
2026-08-03 23:47:22,ETHUSDT,BINANCE,TRADE,1873.69,0.0028
2026-08-03 23:47:22,ETHUSDT,BINANCE,TRADE,1873.69,0.0027
2026-08-03 23:47:22,ETHUSDT,BINANCE,TRADE,1873.69,0.0027
2026-08-03 23:47:22,ETHUSDT,BINANCE,TRADE,1873.69,0.0027
2026-08-03 23:47:22,ETHUSDT,BINANCE,TRADE,1873.69,0.0027
2026-08-03 23:47:22,ETHUSDT,BINANCE,TRADE,1873.71,0.0033
2026-08-03 23:47:22,ETHUSDT,BINANCE,TRADE,1873.71,0.0027
2026-08-03 23:47:22,ETHUSDT,BINANCE,TRADE,1873.71,0.0027
2026-08-03 23:47:22,ETHUSDT,BINANCE,TRADE,1873.71,0.0027
2026-08-03 23:47:22,ETHUSDT,BINANCE,TRADE,1873.71,0.0027
2026-08-03 23:47:22,ETHUSDT,BINANCE,TRADE,1873.71,0.0027
2026-08-03 23:47:22,ETHUSDT,BINANCE,TRADE,1873.71,0.0027
2026-08-03 23:47:22,ETHUSDT,BINANCE,TRADE,1873.72,0.0073
2026-08-03 23:47:22,ETHUSDT,BINANCE,TRADE,1873.72,0.011
2026-08-03 23:47:22,ETHUSDT,BINANCE,TRADE,1873.72,0.0027
2026-08-03 23:47:22,ETHUSDT,BINANCE,TRADE,1873.72,0.0027
2026-08-03 23:47:22,ETHUSDT,BINANCE,TRADE,1873.72,0.0027
2026-08-03 23:47:22,ETHUSDT,BINANCE,TRADE,1873.72,0.0027
2026-08-03 23:47:22,ETHUSDT,BINANCE,TRADE,1873.72,0.0027
2026-08-03 23:47:22,ETHUSDT,BINANCE,TRADE,1873.73,0.0027
2026-08-03 23:47:22,ETHUSDT,BINANCE,TRADE,1873.73,0.0027
2026-08-03 23:47:22,ETHUSDT,BINANCE,TRADE,1873.73,0.0027
2026-08-03 23:47:22,ETHUSDT,BINANCE,TRADE,1873.73,0.0027
2026-08-03 23:47:22,ETHUSDT,BINANCE,TRADE,1873.74,0.003
2026-08-03 23:47:22,ETHUSDT,BINANCE,TRADE,1873.74,0.0027
2026-08-03 23:47:22,ETHUSDT,BINANCE,TRADE,1873.75,0.0064
2026-08-03 23:47:22,ETHUSDT,BINANCE,TRADE,1873.75,0.0038
2026-08-03 23:47:22,ETHUSDT,BINANCE,TRADE,1873.75,0.003
2026-08-03 23:47:22,ETHUSDT,BINANCE,TRADE,1873.75,0.0027
2026-08-03 23:47:22,ETHUSDT,BINANCE,TRADE,1873.75,0.0027
2026-08-03 23:47:22,ETHUSDT,BINANCE,TRADE,1873.76,0.0027
2026-08-03 23:47:22,ETHUSDT,BINANCE,TRADE,1873.76,0.0027
2026-08-03 23:47:22,ETHUSDT,BINANCE,TRADE,1873.79,0.0476
2026-08-03 23:47:22,ETHUSDT,BINANCE,TRADE,1873.79,0.0027
2026-08-03 23:47:22,ETHUSDT,BINANCE,TRADE,1873.79,0.0028
2026-08-03 23:47:22,ETHUSDT,BINANCE,TRADE,1873.79,0.0027
2026-08-03 23:47:22,ETHUSDT,BINANCE,TRADE,1873.79,0.0027
2026-08-03 23:47:22,ETHUSDT,BINANCE,TRADE,1873.79,0.0027
2026-08-03 23:47:22,ETHUSDT,BINANCE,TRADE,1873.79,0.0027
2026-08-03 23:47:22,ETHUSDT,BINANCE,TRADE,1873.8,0.0033
2026-08-03 23:47:22,ETHUSDT,BINANCE,TRADE,1873.8,0.0479
2026-08-03 23:47:22,ETHUSDT,BINANCE,TRADE,1873.8,0.008
2026-08-03 23:47:22,ETHUSDT,BINANCE,TRADE,1873.8,0.0027
2026-08-03 23:47:22,ETHUSDT,BINANCE,TRADE,1873.8,0.0027
2026-08-03 23:47:22,ETHUSDT,BINANCE,TRADE,1873.8,0.0027
2026-08-03 23:47:22,ETHUSDT,BINANCE,TRADE,1873.8,0.0027
2026-08-03 23:47:22,ETHUSDT,BINANCE,TRADE,1873.8,0.0027
2026-08-03 23:47:22,ETHUSDT,BINANCE,TRADE,1873.8,0.0027
2026-08-03 23:47:22,ETHUSDT,BINANCE,TRADE,1873.81,0.0124
2026-08-03 23:47:22,ETHUSDT,BINANCE,TRADE,1873.81,0.0027
2026-08-03 23:47:22,ETHUSDT,BINANCE,TRADE,1873.81,0.0029
2026-08-03 23:47:22,ETHUSDT,BINANCE,TRADE,1873.81,0.0029
2026-08-03 23:47:22,ETHUSDT,BINANCE,TRADE,1873.81,0.0027
2026-08-03 23:47:22,ETHUSDT,BINANCE,TRADE,1873.81,0.0029
2026-08-03 23:47:22,ETHUSDT,BINANCE,TRADE,1873.82,0.0027
2026-08-03 23:47:22,ETHUSDT,BINANCE,TRADE,1873.82,0.0003
2026-08-03 23:47:22,ETHUSDT,BINANCE,TRADE,1873.82,0.0027
2026-08-03 23:47:22,ETHUSDT,BINANCE,TRADE,1873.82,0.0032
2026-08-03 23:47:22,ETHUSDT,BINANCE,TRADE,1873.82,0.0063
2026-08-03 23:47:22,BTCUSDT,BINANCE,TRADE,63988,8e-05
2026-08-03 23:47:22,BTCUSDT,BINANCE,TRADE,63988,2e-05
2026-08-03 23:47:22,BTCUSDT,BINANCE,TRADE,63988,0.00016
2026-08-03 23:47:22,SOLUSDT,BINANCE,TRADE,74.25,38.848
2026-08-03 23:47:22,SOLUSDT,BINANCE,TRADE,74.25,15.008
2026-08-03 23:47:22,SOLUSDT,BINANCE,TRADE,74.25,2.764
2026-08-03 23:47:22,BTCUSDT,BINANCE,TRADE,63988,0.00046
2026-08-03 23:47:22,ETHUSDT,BINANCE,TRADE,1873.81,0.0035
2026-08-03 23:47:22,SOLUSDT,BINANCE,TRADE,74.26,0.068
2026-08-03 23:47:22,SOLUSDT,BINANCE,TRADE,74.26,0.278
2026-08-03 23:47:22,SOLUSDT,BINANCE,TRADE,74.26,0.012
2026-08-03 23:47:23,SOLUSDT,BINANCE,TRADE,74.26,0.061
2026-08-03 23:47:23,SOLUSDT,BINANCE,TRADE,74.26,0.073
2026-08-03 23:47:23,SOLUSDT,BINANCE,TRADE,74.26,7.296
2026-08-03 23:47:23,BTCUSDT,BINANCE,TRADE,63988,0.06425
2026-08-03 23:47:23,BTCUSDT,BINANCE,TRADE,63988,0.00861
2026-08-03 23:47:23,SOLUSDT,BINANCE,TRADE,74.25,1.706
2026-08-03 23:47:23,SOLUSDT,BINANCE,TRADE,74.25,0.22
2026-08-03 23:47:23,SOLUSDT,BINANCE,TRADE,74.26,7.43
2026-08-03 23:47:23,SOLUSDT,BINANCE,TRADE,74.25,0.25
2026-08-03 23:47:23,ETHUSDT,BINANCE,TRADE,1873.81,1
2026-08-03 23:47:24,SOLUSDT,BINANCE,TRADE,74.26,0.071
2026-08-03 23:47:24,SOLUSDT,BINANCE,TRADE,74.26,0.071
2026-08-03 23:47:24,SOLUSDT,BINANCE,TRADE,74.26,0.135
2026-08-03 23:47:24,SOLUSDT,BINANCE,TRADE,74.26,0.069
2026-08-03 23:47:24,SOLUSDT,BINANCE,TRADE,74.26,0.073
2026-08-03 23:47:24,SOLUSDT,BINANCE,TRADE,74.26,0.073
2026-08-03 23:47:24,SOLUSDT,BINANCE,TRADE,74.26,0.073
2026-08-03 23:47:24,SOLUSDT,BINANCE,TRADE,74.26,0.073
2026-08-03 23:47:24,SOLUSDT,BINANCE,TRADE,74.26,0.073
2026-08-03 23:47:24,SOLUSDT,BINANCE,TRADE,74.26,0.289
2026-08-03 23:47:24,SOLUSDT,BINANCE,TRADE,74.26,2.992
2026-08-03 23:47:24,SOLUSDT,BINANCE,TRADE,74.26,0.073
2026-08-03 23:47:24,SOLUSDT,BINANCE,TRADE,74.26,0.758
2026-08-03 23:47:24,SOLUSDT,BINANCE,TRADE,74.26,0.069
2026-08-03 23:47:24,SOLUSDT,BINANCE,TRADE,74.26,67.402
2026-08-03 23:47:24,SOLUSDT,BINANCE,TRADE,74.26,0.073
2026-08-03 23:47:24,SOLUSDT,BINANCE,TRADE,74.26,0.073
2026-08-03 23:47:24,SOLUSDT,BINANCE,TRADE,74.26,3
2026-08-03 23:47:24,SOLUSDT,BINANCE,TRADE,74.26,0.073
2026-08-03 23:47:24,SOLUSDT,BINANCE,TRADE,74.26,6.544
2026-08-03 23:47:24,SOLUSDT,BINANCE,TRADE,74.26,0.146
2026-08-03 23:47:24,SOLUSDT,BINANCE,TRADE,74.26,0.05
2026-08-03 23:47:24,SOLUSDT,BINANCE,TRADE,74.26,0.073
2026-08-03 23:47:24,SOLUSDT,BINANCE,TRADE,74.26,0.073
2026-08-03 23:47:24,SOLUSDT,BINANCE,TRADE,74.26,0.135
2026-08-03 23:47:24,SOLUSDT,BINANCE,TRADE,74.26,0.071
2026-08-03 23:47:24,SOLUSDT,BINANCE,TRADE,74.26,0.073
2026-08-03 23:47:24,SOLUSDT,BINANCE,TRADE,74.26,0.073
2026-08-03 23:47:24,SOLUSDT,BINANCE,TRADE,74.26,0.071
2026-08-03 23:47:24,SOLUSDT,BINANCE,TRADE,74.26,0.073
2026-08-03 23:47:24,SOLUSDT,BINANCE,TRADE,74.26,0.071
2026-08-03 23:47:24,SOLUSDT,BINANCE,TRADE,74.27,0.07
2026-08-03 23:47:24,SOLUSDT,BINANCE,TRADE,74.27,0.076
2026-08-03 23:47:24,SOLUSDT,BINANCE,TRADE,74.27,0.44
2026-08-03 23:47:24,SOLUSDT,BINANCE,TRADE,74.27,0.122
2026-08-03 23:47:24,SOLUSDT,BINANCE,TRADE,74.27,0.071
2026-08-03 23:47:24,SOLUSDT,BINANCE,TRADE,74.27,0.077
2026-08-03 23:47:24,SOLUSDT,BINANCE,TRADE,74.27,0.237
2026-08-03 23:47:24,SOLUSDT,BINANCE,TRADE,74.27,0.26
2026-08-03 23:47:24,SOLUSDT,BINANCE,TRADE,74.27,0.018
2026-08-03 23:47:24,SOLUSDT,BINANCE,TRADE,74.27,0.131
2026-08-03 23:47:24,SOLUSDT,BINANCE,TRADE,74.27,0.09
2026-08-03 23:47:24,SOLUSDT,BINANCE,TRADE,74.27,0.107
2026-08-03 23:47:24,SOLUSDT,BINANCE,TRADE,74.27,0.071
2026-08-03 23:47:24,SOLUSDT,BINANCE,TRADE,74.27,2.52
2026-08-03 23:47:24,SOLUSDT,BINANCE,TRADE,74.27,0.942
2026-08-03 23:47:24,SOLUSDT,BINANCE,TRADE,74.27,0.069
2026-08-03 23:47:24,SOLUSDT,BINANCE,TRADE,74.27,0.075
2026-08-03 23:47:24,SOLUSDT,BINANCE,TRADE,74.27,32.062
2026-08-03 23:47:24,SOLUSDT,BINANCE,TRADE,74.27,0.068
2026-08-03 23:47:24,SOLUSDT,BINANCE,TRADE,74.27,0.278
2026-08-03 23:47:24,SOLUSDT,BINANCE,TRADE,74.27,0.102
2026-08-03 23:47:24,SOLUSDT,BINANCE,TRADE,74.27,6
2026-08-03 23:47:24,SOLUSDT,BINANCE,TRADE,74.27,0.073
2026-08-03 23:47:24,SOLUSDT,BINANCE,TRADE,74.27,0.073
2026-08-03 23:47:24,SOLUSDT,BINANCE,TRADE,74.27,0.135
2026-08-03 23:47:24,SOLUSDT,BINANCE,TRADE,74.27,0.071
2026-08-03 23:47:24,SOLUSDT,BINANCE,TRADE,74.27,0.073
2026-08-03 23:47:24,SOLUSDT,BINANCE,TRADE,74.27,17.434
2026-08-03 23:47:24,SOLUSDT,BINANCE,TRADE,74.27,49.959
2026-08-03 23:47:24,SOLUSDT,BINANCE,TRADE,74.27,11.257
2026-08-03 23:47:24,SOLUSDT,BINANCE,TRADE,74.27,0.073
2026-08-03 23:47:24,SOLUSDT,BINANCE,TRADE,74.27,0.073
2026-08-03 23:47:24,SOLUSDT,BINANCE,TRADE,74.27,2.657
2026-08-03 23:47:24,SOLUSDT,BINANCE,TRADE,74.27,0.073
2026-08-03 23:47:24,SOLUSDT,BINANCE,TRADE,74.27,0.073
2026-08-03 23:47:24,SOLUSDT,BINANCE,TRADE,74.27,0.073
2026-08-03 23:47:24,SOLUSDT,BINANCE,TRADE,74.27,0.071
2026-08-03 23:47:24,SOLUSDT,BINANCE,TRADE,74.27,3.92
2026-08-03 23:47:24,SOLUSDT,BINANCE,TRADE,74.27,0.069
2026-08-03 23:47:24,SOLUSDT,BINANCE,TRADE,74.27,0.073
2026-08-03 23:47:24,SOLUSDT,BINANCE,TRADE,74.27,0.073
2026-08-03 23:47:24,SOLUSDT,BINANCE,TRADE,74.27,0.071
2026-08-03 23:47:24,SOLUSDT,BINANCE,TRADE,74.27,0.071
2026-08-03 23:47:24,SOLUSDT,BINANCE,TRADE,74.27,0.073
2026-08-03 23:47:24,SOLUSDT,BINANCE,TRADE,74.27,0.073
2026-08-03 23:47:24,SOLUSDT,BINANCE,TRADE,74.27,0.073
2026-08-03 23:47:24,SOLUSDT,BINANCE,TRADE,74.27,0.073
2026-08-03 23:47:24,SOLUSDT,BINANCE,TRADE,74.27,0.073
2026-08-03 23:47:24,SOLUSDT,BINANCE,TRADE,74.27,1.674
2026-08-03 23:47:24,BTCUSDT,BINANCE,TRADE,63988,0.00464
2026-08-03 23:47:24,SOLUSDT,BINANCE,TRADE,74.27,0.454
2026-08-03 23:47:24,SOLUSDT,BINANCE,TRADE,74.27,0.073
2026-08-03 23:47:24,SOLUSDT,BINANCE,TRADE,74.27,0.071
2026-08-03 23:47:24,SOLUSDT,BINANCE,TRADE,74.27,0.073
2026-08-03 23:47:24,SOLUSDT,BINANCE,TRADE,74.27,0.071
2026-08-03 23:47:24,SOLUSDT,BINANCE,TRADE,74.27,0.073
2026-08-03 23:47:24,SOLUSDT,BINANCE,TRADE,74.27,0.073
2026-08-03 23:47:24,SOLUSDT,BINANCE,TRADE,74.27,0.073
2026-08-03 23:47:24,SOLUSDT,BINANCE,TRADE,74.27,0.073
2026-08-03 23:47:24,SOLUSDT,BINANCE,TRADE,74.27,0.073
2026-08-03 23:47:24,SOLUSDT,BINANCE,TRADE,74.27,0.073
2026-08-03 23:47:24,SOLUSDT,BINANCE,TRADE,74.27,0.069
2026-08-03 23:47:24,SOLUSDT,BINANCE,TRADE,74.27,32.062
2026-08-03 23:47:24,SOLUSDT,BINANCE,TRADE,74.27,0.073
2026-08-03 23:47:24,SOLUSDT,BINANCE,TRADE,74.27,0.071
2026-08-03 23:47:24,SOLUSDT,BINANCE,TRADE,74.27,0.073
2026-08-03 23:47:24,SOLUSDT,BINANCE,TRADE,74.27,3.445
2026-08-03 23:47:24,SOLUSDT,BINANCE,TRADE,74.27,3.445
2026-08-03 23:47:24,SOLUSDT,BINANCE,TRADE,74.27,0.273
2026-08-03 23:47:24,SOLUSDT,BINANCE,TRADE,74.27,0.271
2026-08-03 23:47:24,SOLUSDT,BINANCE,TRADE,74.27,47.945
2026-08-03 23:47:24,SOLUSDT,BINANCE,TRADE,74.27,0.555
2026-08-03 23:47:24,ETHUSDT,BINANCE,TRADE,1873.82,0.1253
2026-08-03 23:47:25,SOLUSDT,BINANCE,TRADE,74.28,0.247
2026-08-03 23:47:25,SOLUSDT,BINANCE,TRADE,74.28,0.09
2026-08-03 23:47:25,SOLUSDT,BINANCE,TRADE,74.28,0.081
2026-08-03 23:47:25,SOLUSDT,BINANCE,TRADE,74.28,1.314
2026-08-03 23:47:25,SOLUSDT,BINANCE,TRADE,74.28,0.084
2026-08-03 23:47:25,SOLUSDT,BINANCE,TRADE,74.28,0.072
2026-08-03 23:47:25,SOLUSDT,BINANCE,TRADE,74.28,0.127
2026-08-03 23:47:25,SOLUSDT,BINANCE,TRADE,74.28,0.173
2026-08-03 23:47:25,SOLUSDT,BINANCE,TRADE,74.28,0.288
2026-08-03 23:47:25,SOLUSDT,BINANCE,TRADE,74.28,0.628
2026-08-03 23:47:25,SOLUSDT,BINANCE,TRADE,74.28,0.074
2026-08-03 23:47:25,SOLUSDT,BINANCE,TRADE,74.28,4.068
2026-08-03 23:47:25,SOLUSDT,BINANCE,TRADE,74.28,0.351
2026-08-03 23:47:25,SOLUSDT,BINANCE,TRADE,74.28,0.217
2026-08-03 23:47:25,SOLUSDT,BINANCE,TRADE,74.28,0.108
2026-08-03 23:47:25,SOLUSDT,BINANCE,TRADE,74.28,0.169
2026-08-03 23:47:25,SOLUSDT,BINANCE,TRADE,74.28,0.129
2026-08-03 23:47:25,SOLUSDT,BINANCE,TRADE,74.28,0.076
2026-08-03 23:47:25,SOLUSDT,BINANCE,TRADE,74.28,0.2
2026-08-03 23:47:25,SOLUSDT,BINANCE,TRADE,74.28,0.126
2026-08-03 23:47:25,SOLUSDT,BINANCE,TRADE,74.28,7.842
2026-08-03 23:47:25,SOLUSDT,BINANCE,TRADE,74.28,3.379
2026-08-03 23:47:25,SOLUSDT,BINANCE,TRADE,74.28,0.073
2026-08-03 23:47:25,SOLUSDT,BINANCE,TRADE,74.28,0.071
2026-08-03 23:47:25,SOLUSDT,BINANCE,TRADE,74.28,0.072
2026-08-03 23:47:25,SOLUSDT,BINANCE,TRADE,74.28,3.44
2026-08-03 23:47:25,SOLUSDT,BINANCE,TRADE,74.28,0.069
2026-08-03 23:47:25,SOLUSDT,BINANCE,TRADE,74.28,0.15
2026-08-03 23:47:25,SOLUSDT,BINANCE,TRADE,74.28,0.075
2026-08-03 23:47:25,SOLUSDT,BINANCE,TRADE,74.28,0.189
2026-08-03 23:47:25,ETHUSDT,BINANCE,TRADE,1873.82,0.0027
2026-08-03 23:47:25,ETHUSDT,BINANCE,TRADE,1873.82,0.0028
2026-08-03 23:47:25,ETHUSDT,BINANCE,TRADE,1873.82,0.0027
2026-08-03 23:47:25,ETHUSDT,BINANCE,TRADE,1873.82,0.0054
2026-08-03 23:47:25,ETHUSDT,BINANCE,TRADE,1873.82,0.0058
2026-08-03 23:47:25,SOLUSDT,BINANCE,TRADE,74.27,0.272
2026-08-03 23:47:26,SOLUSDT,BINANCE,TRADE,74.28,10.897
2026-08-03 23:47:26,SOLUSDT,BINANCE,TRADE,74.28,13.515
2026-08-03 23:47:26,SOLUSDT,BINANCE,TRADE,74.28,7.461
2026-08-03 23:47:26,SOLUSDT,BINANCE,TRADE,74.28,0.068
2026-08-03 23:47:26,SOLUSDT,BINANCE,TRADE,74.28,20.965
2026-08-03 23:47:26,SOLUSDT,BINANCE,TRADE,74.28,0.628
2026-08-03 23:47:26,SOLUSDT,BINANCE,TRADE,74.28,0.073
2026-08-03 23:47:26,SOLUSDT,BINANCE,TRADE,74.28,0.073
2026-08-03 23:47:26,SOLUSDT,BINANCE,TRADE,74.28,0.135
2026-08-03 23:47:26,SOLUSDT,BINANCE,TRADE,74.28,0.071
2026-08-03 23:47:26,SOLUSDT,BINANCE,TRADE,74.28,0.073
2026-08-03 23:47:26,SOLUSDT,BINANCE,TRADE,74.28,0.073
2026-08-03 23:47:26,SOLUSDT,BINANCE,TRADE,74.28,0.073
2026-08-03 23:47:26,SOLUSDT,BINANCE,TRADE,74.28,0.307
2026-08-03 23:47:26,SOLUSDT,BINANCE,TRADE,74.28,1.722
2026-08-03 23:47:26,SOLUSDT,BINANCE,TRADE,74.28,0.073
2026-08-03 23:47:26,SOLUSDT,BINANCE,TRADE,74.28,0.073
2026-08-03 23:47:26,SOLUSDT,BINANCE,TRADE,74.28,0.073
2026-08-03 23:47:26,SOLUSDT,BINANCE,TRADE,74.28,0.071
2026-08-03 23:47:26,SOLUSDT,BINANCE,TRADE,74.28,0.069
2026-08-03 23:47:26,SOLUSDT,BINANCE,TRADE,74.28,67.384
2026-08-03 23:47:26,SOLUSDT,BINANCE,TRADE,74.28,4.351
2026-08-03 23:47:26,SOLUSDT,BINANCE,TRADE,74.28,0.073
2026-08-03 23:47:26,SOLUSDT,BINANCE,TRADE,74.28,0.073
2026-08-03 23:47:26,SOLUSDT,BINANCE,TRADE,74.28,0.071
2026-08-03 23:47:26,BTCUSDT,BINANCE,TRADE,63988,0.00464
2026-08-03 23:47:26,ETHUSDT,BINANCE,TRADE,1873.82,0.0028
2026-08-03 23:47:26,ETHUSDT,BINANCE,TRADE,1873.82,0.0002
2026-08-03 23:47:26,ETHUSDT,BINANCE,TRADE,1873.82,0.0798
2026-08-03 23:47:26,ETHUSDT,BINANCE,TRADE,1873.82,0.0027
2026-08-03 23:47:26,ETHUSDT,BINANCE,TRADE,1873.82,0.0027
2026-08-03 23:47:26,ETHUSDT,BINANCE,TRADE,1873.82,0.16
2026-08-03 23:47:26,ETHUSDT,BINANCE,TRADE,1873.82,0.0029
2026-08-03 23:47:26,ETHUSDT,BINANCE,TRADE,1873.82,0.0029
2026-08-03 23:47:26,ETHUSDT,BINANCE,TRADE,1873.82,0.0028
2026-08-03 23:47:26,ETHUSDT,BINANCE,TRADE,1873.82,0.0028
2026-08-03 23:47:26,ETHUSDT,BINANCE,TRADE,1873.82,0.0032
2026-08-03 23:47:26,ETHUSDT,BINANCE,TRADE,1873.82,0.0028
2026-08-03 23:47:26,ETHUSDT,BINANCE,TRADE,1873.82,0.0054
2026-08-03 23:47:26,ETHUSDT,BINANCE,TRADE,1873.82,0.29
2026-08-03 23:47:26,ETHUSDT,BINANCE,TRADE,1873.82,0.0032
2026-08-03 23:47:26,ETHUSDT,BINANCE,TRADE,1873.82,0.0028
2026-08-03 23:47:26,ETHUSDT,BINANCE,TRADE,1873.82,0.0028
2026-08-03 23:47:26,ETHUSDT,BINANCE,TRADE,1873.82,0.0029
2026-08-03 23:47:26,ETHUSDT,BINANCE,TRADE,1873.83,0.0097
2026-08-03 23:47:26,ETHUSDT,BINANCE,TRADE,1873.83,0.0027
2026-08-03 23:47:26,ETHUSDT,BINANCE,TRADE,1873.83,0.0028
2026-08-03 23:47:26,ETHUSDT,BINANCE,TRADE,1873.83,0.0054
2026-08-03 23:47:26,ETHUSDT,BINANCE,TRADE,1873.83,0.3513
2026-08-03 23:47:26,ETHUSDT,BINANCE,TRADE,1873.83,0.0028
2026-08-03 23:47:26,ETHUSDT,BINANCE,TRADE,1873.83,0.0028
2026-08-03 23:47:26,ETHUSDT,BINANCE,TRADE,1873.83,0.0028
2026-08-03 23:47:26,ETHUSDT,BINANCE,TRADE,1873.83,0.0027
2026-08-03 23:47:26,ETHUSDT,BINANCE,TRADE,1873.83,0.0027
2026-08-03 23:47:26,ETHUSDT,BINANCE,TRADE,1873.83,0.0027
2026-08-03 23:47:26,ETHUSDT,BINANCE,TRADE,1873.83,0.0027
2026-08-03 23:47:26,ETHUSDT,BINANCE,TRADE,1873.84,0.007
2026-08-03 23:47:26,ETHUSDT,BINANCE,TRADE,1873.84,0.003
2026-08-03 23:47:26,ETHUSDT,BINANCE,TRADE,1873.84,0.0027
2026-08-03 23:47:26,ETHUSDT,BINANCE,TRADE,1873.84,0.0028
2026-08-03 23:47:26,ETHUSDT,BINANCE,TRADE,1873.84,0.0054
2026-08-03 23:47:26,ETHUSDT,BINANCE,TRADE,1873.84,0.0027
2026-08-03 23:47:26,ETHUSDT,BINANCE,TRADE,1873.85,0.0027
2026-08-03 23:47:26,ETHUSDT,BINANCE,TRADE,1873.85,0.0028
2026-08-03 23:47:26,ETHUSDT,BINANCE,TRADE,1873.85,0.0027
2026-08-03 23:47:26,ETHUSDT,BINANCE,TRADE,1873.85,0.0032
2026-08-03 23:47:26,ETHUSDT,BINANCE,TRADE,1873.85,0.0032
2026-08-03 23:47:26,ETHUSDT,BINANCE,TRADE,1873.85,0.0028
2026-08-03 23:47:26,ETHUSDT,BINANCE,TRADE,1873.85,0.0028
2026-08-03 23:47:26,ETHUSDT,BINANCE,TRADE,1873.85,0.0028
2026-08-03 23:47:26,ETHUSDT,BINANCE,TRADE,1873.85,0.0027
2026-08-03 23:47:26,ETHUSDT,BINANCE,TRADE,1873.86,0.0031
2026-08-03 23:47:26,ETHUSDT,BINANCE,TRADE,1873.86,0.0045
2026-08-03 23:47:26,ETHUSDT,BINANCE,TRADE,1873.86,0.0027
2026-08-03 23:47:26,ETHUSDT,BINANCE,TRADE,1873.86,0.0028
2026-08-03 23:47:26,ETHUSDT,BINANCE,TRADE,1873.86,0.0028
2026-08-03 23:47:26,ETHUSDT,BINANCE,TRADE,1873.86,0.0028
2026-08-03 23:47:26,ETHUSDT,BINANCE,TRADE,1873.86,0.0028
2026-08-03 23:47:26,ETHUSDT,BINANCE,TRADE,1873.86,0.0032
2026-08-03 23:47:26,ETHUSDT,BINANCE,TRADE,1873.86,0.0032
2026-08-03 23:47:26,ETHUSDT,BINANCE,TRADE,1873.86,0.0027
2026-08-03 23:47:26,ETHUSDT,BINANCE,TRADE,1873.86,0.0028
2026-08-03 23:47:26,ETHUSDT,BINANCE,TRADE,1873.86,0.0028
2026-08-03 23:47:26,ETHUSDT,BINANCE,TRADE,1873.86,0.0028
2026-08-03 23:47:26,ETHUSDT,BINANCE,TRADE,1873.86,0.0028
2026-08-03 23:47:26,ETHUSDT,BINANCE,TRADE,1873.86,0.0027
2026-08-03 23:47:26,ETHUSDT,BINANCE,TRADE,1873.86,0.0027
2026-08-03 23:47:26,ETHUSDT,BINANCE,TRADE,1873.86,0.0027
2026-08-03 23:47:26,ETHUSDT,BINANCE,TRADE,1873.86,0.0027
2026-08-03 23:47:26,ETHUSDT,BINANCE,TRADE,1873.87,0.0027
2026-08-03 23:47:26,ETHUSDT,BINANCE,TRADE,1873.87,0.0028
2026-08-03 23:47:26,ETHUSDT,BINANCE,TRADE,1873.87,0.0028
2026-08-03 23:47:26,ETHUSDT,BINANCE,TRADE,1873.87,0.0028
2026-08-03 23:47:26,ETHUSDT,BINANCE,TRADE,1873.87,0.0028
2026-08-03 23:47:26,ETHUSDT,BINANCE,TRADE,1873.87,0.0032
2026-08-03 23:47:26,ETHUSDT,BINANCE,TRADE,1873.87,0.0032
2026-08-03 23:47:26,ETHUSDT,BINANCE,TRADE,1873.87,0.0028
2026-08-03 23:47:26,ETHUSDT,BINANCE,TRADE,1873.87,0.0027
2026-08-03 23:47:26,ETHUSDT,BINANCE,TRADE,1873.87,0.0028
2026-08-03 23:47:26,ETHUSDT,BINANCE,TRADE,1873.87,0.0028
2026-08-03 23:47:26,ETHUSDT,BINANCE,TRADE,1873.87,0.0028
2026-08-03 23:47:26,ETHUSDT,BINANCE,TRADE,1873.87,0.0027
2026-08-03 23:47:26,ETHUSDT,BINANCE,TRADE,1873.87,0.0027
2026-08-03 23:47:26,ETHUSDT,BINANCE,TRADE,1873.87,0.0027
2026-08-03 23:47:26,ETHUSDT,BINANCE,TRADE,1873.87,0.0027
2026-08-03 23:47:26,ETHUSDT,BINANCE,TRADE,1873.88,0.0214
2026-08-03 23:47:26,ETHUSDT,BINANCE,TRADE,1873.88,0.0027
2026-08-03 23:47:26,ETHUSDT,BINANCE,TRADE,1873.88,0.0028
2026-08-03 23:47:26,ETHUSDT,BINANCE,TRADE,1873.88,0.0028
2026-08-03 23:47:26,ETHUSDT,BINANCE,TRADE,1873.88,0.0028
2026-08-03 23:47:26,ETHUSDT,BINANCE,TRADE,1873.88,0.0028
2026-08-03 23:47:26,ETHUSDT,BINANCE,TRADE,1873.88,0.0032
2026-08-03 23:47:26,ETHUSDT,BINANCE,TRADE,1873.88,0.0028
2026-08-03 23:47:26,ETHUSDT,BINANCE,TRADE,1873.88,0.0032
2026-08-03 23:47:26,ETHUSDT,BINANCE,TRADE,1873.88,0.0027
2026-08-03 23:47:26,ETHUSDT,BINANCE,TRADE,1873.88,0.0028
2026-08-03 23:47:26,ETHUSDT,BINANCE,TRADE,1873.88,0.0028
2026-08-03 23:47:26,ETHUSDT,BINANCE,TRADE,1873.88,0.0028
2026-08-03 23:47:26,ETHUSDT,BINANCE,TRADE,1873.88,0.0027
2026-08-03 23:47:26,ETHUSDT,BINANCE,TRADE,1873.89,0.0041
2026-08-03 23:47:26,ETHUSDT,BINANCE,TRADE,1873.89,0.0027
2026-08-03 23:47:26,ETHUSDT,BINANCE,TRADE,1873.89,0.0027
2026-08-03 23:47:26,ETHUSDT,BINANCE,TRADE,1873.89,0.0028
2026-08-03 23:47:26,ETHUSDT,BINANCE,TRADE,1873.89,0.0028
2026-08-03 23:47:26,ETHUSDT,BINANCE,TRADE,1873.89,0.0028
2026-08-03 23:47:26,ETHUSDT,BINANCE,TRADE,1873.89,0.0028
2026-08-03 23:47:26,ETHUSDT,BINANCE,TRADE,1873.89,0.0027
2026-08-03 23:47:26,ETHUSDT,BINANCE,TRADE,1873.9,0.05
2026-08-03 23:47:26,ETHUSDT,BINANCE,TRADE,1873.9,0.0027
2026-08-03 23:47:26,ETHUSDT,BINANCE,TRADE,1873.9,0.0027
2026-08-03 23:47:26,ETHUSDT,BINANCE,TRADE,1873.9,0.0028
2026-08-03 23:47:26,ETHUSDT,BINANCE,TRADE,1873.9,0.0027
2026-08-03 23:47:26,ETHUSDT,BINANCE,TRADE,1873.9,0.0027
2026-08-03 23:47:26,ETHUSDT,BINANCE,TRADE,1873.9,0.0027
2026-08-03 23:47:26,ETHUSDT,BINANCE,TRADE,1873.9,0.0027
2026-08-03 23:47:26,ETHUSDT,BINANCE,TRADE,1873.9,0.0027
2026-08-03 23:47:26,ETHUSDT,BINANCE,TRADE,1873.91,0.0028
2026-08-03 23:47:26,ETHUSDT,BINANCE,TRADE,1873.93,0.0027
2026-08-03 23:47:26,ETHUSDT,BINANCE,TRADE,1873.93,0.0027
2026-08-03 23:47:26,ETHUSDT,BINANCE,TRADE,1873.93,0.0028
2026-08-03 23:47:26,ETHUSDT,BINANCE,TRADE,1873.93,0.0028
2026-08-03 23:47:26,ETHUSDT,BINANCE,TRADE,1873.93,0.0027
2026-08-03 23:47:26,ETHUSDT,BINANCE,TRADE,1873.93,0.0027
2026-08-03 23:47:26,ETHUSDT,BINANCE,TRADE,1873.93,0.0027
2026-08-03 23:47:26,ETHUSDT,BINANCE,TRADE,1873.93,0.0027
2026-08-03 23:47:26,ETHUSDT,BINANCE,TRADE,1873.93,0.0027
2026-08-03 23:47:26,ETHUSDT,BINANCE,TRADE,1873.93,0.0027
2026-08-03 23:47:26,ETHUSDT,BINANCE,TRADE,1873.93,0.0027
2026-08-03 23:47:26,ETHUSDT,BINANCE,TRADE,1873.93,0.0027
2026-08-03 23:47:26,ETHUSDT,BINANCE,TRADE,1873.94,0.0027
2026-08-03 23:47:26,ETHUSDT,BINANCE,TRADE,1873.94,0.0028
2026-08-03 23:47:26,ETHUSDT,BINANCE,TRADE,1873.94,0.0027
2026-08-03 23:47:26,ETHUSDT,BINANCE,TRADE,1873.95,0.0027
2026-08-03 23:47:26,ETHUSDT,BINANCE,TRADE,1873.95,0.0028
2026-08-03 23:47:26,ETHUSDT,BINANCE,TRADE,1873.95,0.0027
2026-08-03 23:47:26,ETHUSDT,BINANCE,TRADE,1873.95,0.0027
2026-08-03 23:47:26,ETHUSDT,BINANCE,TRADE,1873.95,0.0027
2026-08-03 23:47:26,ETHUSDT,BINANCE,TRADE,1873.95,0.0027
2026-08-03 23:47:26,ETHUSDT,BINANCE,TRADE,1873.96,0.003
2026-08-03 23:47:26,ETHUSDT,BINANCE,TRADE,1873.96,0.0028
2026-08-03 23:47:26,ETHUSDT,BINANCE,TRADE,1873.97,0.0027
2026-08-03 23:47:26,ETHUSDT,BINANCE,TRADE,1873.97,0.0028
2026-08-03 23:47:26,ETHUSDT,BINANCE,TRADE,1873.97,0.0027
2026-08-03 23:47:26,ETHUSDT,BINANCE,TRADE,1873.97,0.0027
2026-08-03 23:47:26,ETHUSDT,BINANCE,TRADE,1873.97,0.0027
2026-08-03 23:47:26,ETHUSDT,BINANCE,TRADE,1873.97,0.0027
2026-08-03 23:47:26,ETHUSDT,BINANCE,TRADE,1873.98,0.0027
2026-08-03 23:47:26,ETHUSDT,BINANCE,TRADE,1873.98,0.0027
2026-08-03 23:47:26,ETHUSDT,BINANCE,TRADE,1873.98,0.0028
2026-08-03 23:47:26,ETHUSDT,BINANCE,TRADE,1873.98,0.0027
2026-08-03 23:47:26,ETHUSDT,BINANCE,TRADE,1873.98,0.0027
2026-08-03 23:47:26,ETHUSDT,BINANCE,TRADE,1873.98,0.0027
2026-08-03 23:47:26,ETHUSDT,BINANCE,TRADE,1873.98,0.0027
2026-08-03 23:47:26,ETHUSDT,BINANCE,TRADE,1873.99,0.0027
2026-08-03 23:47:26,ETHUSDT,BINANCE,TRADE,1873.99,0.0027
2026-08-03 23:47:26,ETHUSDT,BINANCE,TRADE,1873.99,0.0029
2026-08-03 23:47:26,ETHUSDT,BINANCE,TRADE,1873.99,0.0029
2026-08-03 23:47:26,ETHUSDT,BINANCE,TRADE,1873.99,0.0027
2026-08-03 23:47:26,ETHUSDT,BINANCE,TRADE,1873.99,0.0029
2026-08-03 23:47:26,ETHUSDT,BINANCE,TRADE,1873.99,0.0027
2026-08-03 23:47:26,ETHUSDT,BINANCE,TRADE,1873.99,0.0027
2026-08-03 23:47:26,ETHUSDT,BINANCE,TRADE,1873.99,0.0027
2026-08-03 23:47:26,SOLUSDT,BINANCE,TRADE,74.28,0.204
2026-08-03 23:47:26,SOLUSDT,BINANCE,TRADE,74.28,0.205
2026-08-03 23:47:26,SOLUSDT,BINANCE,TRADE,74.28,0.952
2026-08-03 23:47:26,SOLUSDT,BINANCE,TRADE,74.28,0.205
2026-08-03 23:47:26,BTCUSDT,BINANCE,TRADE,63988,0.00038
2026-08-03 23:47:27,SOLUSDT,BINANCE,TRADE,74.28,0.073
2026-08-03 23:47:27,SOLUSDT,BINANCE,TRADE,74.28,0.073
2026-08-03 23:47:27,SOLUSDT,BINANCE,TRADE,74.28,0.073
2026-08-03 23:47:27,SOLUSDT,BINANCE,TRADE,74.28,0.073
2026-08-03 23:47:27,SOLUSDT,BINANCE,TRADE,74.28,0.073
2026-08-03 23:47:27,SOLUSDT,BINANCE,TRADE,74.28,0.073
2026-08-03 23:47:27,SOLUSDT,BINANCE,TRADE,74.28,0.073
2026-08-03 23:47:27,SOLUSDT,BINANCE,TRADE,74.28,0.073
2026-08-03 23:47:27,SOLUSDT,BINANCE,TRADE,74.28,0.135
2026-08-03 23:47:27,SOLUSDT,BINANCE,TRADE,74.28,3.9
2026-08-03 23:47:27,SOLUSDT,BINANCE,TRADE,74.28,0.258
2026-08-03 23:47:27,SOLUSDT,BINANCE,TRADE,74.28,7.685
2026-08-03 23:47:27,SOLUSDT,BINANCE,TRADE,74.28,0.071
2026-08-03 23:47:27,SOLUSDT,BINANCE,TRADE,74.28,0.068
2026-08-03 23:47:27,SOLUSDT,BINANCE,TRADE,74.28,0.071
2026-08-03 23:47:27,SOLUSDT,BINANCE,TRADE,74.28,0.073
2026-08-03 23:47:27,SOLUSDT,BINANCE,TRADE,74.28,0.073
2026-08-03 23:47:27,SOLUSDT,BINANCE,TRADE,74.28,0.071
2026-08-03 23:47:27,BTCUSDT,BINANCE,TRADE,63988,0.03844
2026-08-03 23:47:27,BTCUSDT,BINANCE,TRADE,63988,0.06355
2026-08-03 23:47:27,BTCUSDT,BINANCE,TRADE,63988,0.07813
2026-08-03 23:47:27,BTCUSDT,BINANCE,TRADE,63988,0.0005
2026-08-03 23:47:28,BTCUSDT,BINANCE,TRADE,63988,0.00069
2026-08-03 23:47:28,BTCUSDT,BINANCE,TRADE,63988,0.00015
2026-08-03 23:47:29,SOLUSDT,BINANCE,TRADE,74.27,0.142
2026-08-03 23:47:29,SOLUSDT,BINANCE,TRADE,74.28,0.628
2026-08-03 23:47:30,BTCUSDT,BINANCE,TRADE,63988,0.01018
2026-08-03 23:47:30,BTCUSDT,BINANCE,TRADE,63988,8e-05
2026-08-03 23:47:30,BTCUSDT,BINANCE,TRADE,63988,8e-05
2026-08-03 23:47:30,BTCUSDT,BINANCE,TRADE,63988,9e-05
2026-08-03 23:47:30,BTCUSDT,BINANCE,TRADE,63988,0.00016
2026-08-03 23:47:30,BTCUSDT,BINANCE,TRADE,63988,8e-05
2026-08-03 23:47:30,BTCUSDT,BINANCE,TRADE,63988,8e-05
2026-08-03 23:47:30,BTCUSDT,BINANCE,TRADE,63988,8e-05
2026-08-03 23:47:30,BTCUSDT,BINANCE,TRADE,63988,0.00781
2026-08-03 23:47:30,BTCUSDT,BINANCE,TRADE,63988,8e-05
2026-08-03 23:47:30,BTCUSDT,BINANCE,TRADE,63988,0.0001
2026-08-03 23:47:30,BTCUSDT,BINANCE,TRADE,63988,0.00073
2026-08-03 23:47:30,SOLUSDT,BINANCE,TRADE,74.28,7.346
2026-08-03 23:47:31,SOLUSDT,BINANCE,TRADE,74.27,1
2026-08-03 23:47:31,BTCUSDT,BINANCE,TRADE,63988,0.00033
2026-08-03 23:47:31,SOLUSDT,BINANCE,TRADE,74.27,0.278
2026-08-03 23:47:31,SOLUSDT,BINANCE,TRADE,74.27,0.073
2026-08-03 23:47:31,SOLUSDT,BINANCE,TRADE,74.27,0.073
2026-08-03 23:47:31,SOLUSDT,BINANCE,TRADE,74.27,0.135
2026-08-03 23:47:31,SOLUSDT,BINANCE,TRADE,74.27,0.069
2026-08-03 23:47:31,SOLUSDT,BINANCE,TRADE,74.27,0.069
2026-08-03 23:47:31,SOLUSDT,BINANCE,TRADE,74.27,0.081
2026-08-03 23:47:31,SOLUSDT,BINANCE,TRADE,74.27,0.068
2026-08-03 23:47:31,SOLUSDT,BINANCE,TRADE,74.27,0.071
2026-08-03 23:47:31,SOLUSDT,BINANCE,TRADE,74.27,0.073
2026-08-03 23:47:31,SOLUSDT,BINANCE,TRADE,74.27,0.046
2026-08-03 23:47:31,BTCUSDT,BINANCE,TRADE,63988,0.0001
2026-08-03 23:47:31,ETHUSDT,BINANCE,TRADE,1873.99,0.0031
2026-08-03 23:47:32,SOLUSDT,BINANCE,TRADE,74.27,0.027
2026-08-03 23:47:32,SOLUSDT,BINANCE,TRADE,74.27,0.073
2026-08-03 23:47:32,SOLUSDT,BINANCE,TRADE,74.27,0.073
2026-08-03 23:47:32,SOLUSDT,BINANCE,TRADE,74.27,0.073
2026-08-03 23:47:32,SOLUSDT,BINANCE,TRADE,74.27,0.025
2026-08-03 23:47:32,ETHUSDT,BINANCE,TRADE,1873.99,0.004
2026-08-03 23:47:32,BTCUSDT,BINANCE,TRADE,63988,0.0001
2026-08-03 23:47:32,BTCUSDT,BINANCE,TRADE,63988,0.00048
2026-08-03 23:47:32,SOLUSDT,BINANCE,TRADE,74.27,0.048
2026-08-03 23:47:32,SOLUSDT,BINANCE,TRADE,74.27,0.226
2026-08-03 23:47:32,SOLUSDT,BINANCE,TRADE,74.27,0.215
2026-08-03 23:47:32,SOLUSDT,BINANCE,TRADE,74.27,0.081
2026-08-03 23:47:32,ETHUSDT,BINANCE,TRADE,1873.99,0.0179
2026-08-03 23:47:33,SOLUSDT,BINANCE,TRADE,74.27,0.201
2026-08-03 23:47:34,SOLUSDT,BINANCE,TRADE,74.27,7.455
2026-08-03 23:47:34,SOLUSDT,BINANCE,TRADE,74.27,0.069
2026-08-03 23:47:34,SOLUSDT,BINANCE,TRADE,74.27,0.071
2026-08-03 23:47:34,SOLUSDT,BINANCE,TRADE,74.27,0.071
2026-08-03 23:47:34,SOLUSDT,BINANCE,TRADE,74.27,0.073
2026-08-03 23:47:34,SOLUSDT,BINANCE,TRADE,74.27,0.073
2026-08-03 23:47:34,SOLUSDT,BINANCE,TRADE,74.27,0.135
2026-08-03 23:47:34,SOLUSDT,BINANCE,TRADE,74.27,0.073
2026-08-03 23:47:34,SOLUSDT,BINANCE,TRADE,74.27,0.278
2026-08-03 23:47:34,SOLUSDT,BINANCE,TRADE,74.27,0.073
2026-08-03 23:47:34,SOLUSDT,BINANCE,TRADE,74.27,0.073
2026-08-03 23:47:34,SOLUSDT,BINANCE,TRADE,74.27,0.073
2026-08-03 23:47:34,SOLUSDT,BINANCE,TRADE,74.27,0.073
2026-08-03 23:47:34,SOLUSDT,BINANCE,TRADE,74.27,0.068
2026-08-03 23:47:34,SOLUSDT,BINANCE,TRADE,74.27,0.073
2026-08-03 23:47:34,SOLUSDT,BINANCE,TRADE,74.27,0.2
2026-08-03 23:47:34,SOLUSDT,BINANCE,TRADE,74.27,0.267
2026-08-03 23:47:34,SOLUSDT,BINANCE,TRADE,74.27,0.257
2026-08-03 23:47:34,SOLUSDT,BINANCE,TRADE,74.27,0.071
2026-08-03 23:47:34,SOLUSDT,BINANCE,TRADE,74.26,9.455
2026-08-03 23:47:34,BTCUSDT,BINANCE,TRADE,63988,0.00548
2026-08-03 23:47:34,ETHUSDT,BINANCE,TRADE,1874,0.01
2026-08-03 23:47:34,ETHUSDT,BINANCE,TRADE,1874,0.139
2026-08-03 23:47:34,ETHUSDT,BINANCE,TRADE,1873.99,0.0027
2026-08-03 23:47:34,ETHUSDT,BINANCE,TRADE,1873.99,0.0911
2026-08-03 23:47:34,ETHUSDT,BINANCE,TRADE,1873.99,0.0027
2026-08-03 23:47:34,ETHUSDT,BINANCE,TRADE,1873.99,0.0028
2026-08-03 23:47:34,ETHUSDT,BINANCE,TRADE,1873.99,0.0027
2026-08-03 23:47:34,ETHUSDT,BINANCE,TRADE,1873.99,0.0054
2026-08-03 23:47:34,ETHUSDT,BINANCE,TRADE,1873.99,0.0027
2026-08-03 23:47:34,ETHUSDT,BINANCE,TRADE,1873.99,0.0027
2026-08-03 23:47:34,ETHUSDT,BINANCE,TRADE,1873.99,0.0028
2026-08-03 23:47:34,ETHUSDT,BINANCE,TRADE,1873.99,0.0027
2026-08-03 23:47:34,ETHUSDT,BINANCE,TRADE,1873.99,0.2271
2026-08-03 23:47:34,SOLUSDT,BINANCE,TRADE,74.27,2.715
2026-08-03 23:47:34,ETHUSDT,BINANCE,TRADE,1873.99,0.003
2026-08-03 23:47:34,ETHUSDT,BINANCE,TRADE,1873.99,0.1023
2026-08-03 23:47:34,ETHUSDT,BINANCE,TRADE,1873.99,0.1494
2026-08-03 23:47:34,ETHUSDT,BINANCE,TRADE,1873.99,1
2026-08-03 23:47:34,ETHUSDT,BINANCE,TRADE,1873.99,0.0032
2026-08-03 23:47:34,ETHUSDT,BINANCE,TRADE,1873.99,0.0028
2026-08-03 23:47:34,ETHUSDT,BINANCE,TRADE,1873.99,0.0028
2026-08-03 23:47:34,ETHUSDT,BINANCE,TRADE,1873.99,0.0027
2026-08-03 23:47:34,ETHUSDT,BINANCE,TRADE,1873.99,0.0027
2026-08-03 23:47:34,ETHUSDT,BINANCE,TRADE,1873.99,0.0028
2026-08-03 23:47:34,ETHUSDT,BINANCE,TRADE,1873.99,0.0054
2026-08-03 23:47:34,ETHUSDT,BINANCE,TRADE,1873.99,0.0028
2026-08-03 23:47:34,ETHUSDT,BINANCE,TRADE,1873.99,0.0027
2026-08-03 23:47:34,ETHUSDT,BINANCE,TRADE,1873.99,0.0028
2026-08-03 23:47:34,ETHUSDT,BINANCE,TRADE,1873.99,0.0032
2026-08-03 23:47:34,ETHUSDT,BINANCE,TRADE,1873.99,0.0028
2026-08-03 23:47:34,ETHUSDT,BINANCE,TRADE,1873.99,0.0027
2026-08-03 23:47:34,ETHUSDT,BINANCE,TRADE,1873.99,0.0027
2026-08-03 23:47:34,ETHUSDT,BINANCE,TRADE,1873.99,0.0027
2026-08-03 23:47:34,ETHUSDT,BINANCE,TRADE,1873.99,0.0027
2026-08-03 23:47:34,ETHUSDT,BINANCE,TRADE,1873.99,0.0027
2026-08-03 23:47:34,ETHUSDT,BINANCE,TRADE,1873.99,0.0027
2026-08-03 23:47:34,ETHUSDT,BINANCE,TRADE,1873.98,0.0027
2026-08-03 23:47:34,ETHUSDT,BINANCE,TRADE,1873.98,0.0054
2026-08-03 23:47:34,ETHUSDT,BINANCE,TRADE,1873.98,0.0027
2026-08-03 23:47:34,ETHUSDT,BINANCE,TRADE,1873.98,0.0028
2026-08-03 23:47:34,ETHUSDT,BINANCE,TRADE,1873.98,0.0027
2026-08-03 23:47:34,ETHUSDT,BINANCE,TRADE,1873.98,0.0028
2026-08-03 23:47:34,ETHUSDT,BINANCE,TRADE,1873.98,0.0028
2026-08-03 23:47:34,ETHUSDT,BINANCE,TRADE,1873.98,0.0028
2026-08-03 23:47:34,ETHUSDT,BINANCE,TRADE,1873.98,0.0027
2026-08-03 23:47:34,ETHUSDT,BINANCE,TRADE,1873.98,0.0027
2026-08-03 23:47:34,ETHUSDT,BINANCE,TRADE,1873.97,0.0054
2026-08-03 23:47:34,ETHUSDT,BINANCE,TRADE,1873.97,0.0027
2026-08-03 23:47:34,ETHUSDT,BINANCE,TRADE,1873.97,0.0028
2026-08-03 23:47:34,ETHUSDT,BINANCE,TRADE,1873.97,0.0027
2026-08-03 23:47:34,ETHUSDT,BINANCE,TRADE,1873.95,0.0028
2026-08-03 23:47:34,ETHUSDT,BINANCE,TRADE,1873.94,0.0028
2026-08-03 23:47:34,ETHUSDT,BINANCE,TRADE,1873.92,0.0027
2026-08-03 23:47:34,ETHUSDT,BINANCE,TRADE,1873.92,0.0027
2026-08-03 23:47:34,ETHUSDT,BINANCE,TRADE,1873.92,0.0028
2026-08-03 23:47:34,ETHUSDT,BINANCE,TRADE,1873.92,0.0027
2026-08-03 23:47:34,ETHUSDT,BINANCE,TRADE,1873.92,0.0027
2026-08-03 23:47:34,ETHUSDT,BINANCE,TRADE,1873.91,0.0028
2026-08-03 23:47:34,ETHUSDT,BINANCE,TRADE,1873.9,0.0029
2026-08-03 23:47:34,ETHUSDT,BINANCE,TRADE,1873.9,0.008
2026-08-03 23:47:34,ETHUSDT,BINANCE,TRADE,1873.9,0.0029
2026-08-03 23:47:34,ETHUSDT,BINANCE,TRADE,1873.9,0.0028
2026-08-03 23:47:34,ETHUSDT,BINANCE,TRADE,1873.9,0.0029
2026-08-03 23:47:34,ETHUSDT,BINANCE,TRADE,1873.89,0.0027
2026-08-03 23:47:34,ETHUSDT,BINANCE,TRADE,1873.89,0.0027
2026-08-03 23:47:34,ETHUSDT,BINANCE,TRADE,1873.89,0.0027
2026-08-03 23:47:34,ETHUSDT,BINANCE,TRADE,1873.89,1.991
2026-08-03 23:47:34,ETHUSDT,BINANCE,TRADE,1873.89,0.0028
2026-08-03 23:47:34,ETHUSDT,BINANCE,TRADE,1873.89,0.0027
2026-08-03 23:47:34,ETHUSDT,BINANCE,TRADE,1873.89,0.0027
2026-08-03 23:47:34,ETHUSDT,BINANCE,TRADE,1873.89,0.0027
2026-08-03 23:47:34,ETHUSDT,BINANCE,TRADE,1873.89,0.0027
2026-08-03 23:47:34,ETHUSDT,BINANCE,TRADE,1873.87,0.0027
2026-08-03 23:47:34,ETHUSDT,BINANCE,TRADE,1873.87,0.0027
2026-08-03 23:47:34,ETHUSDT,BINANCE,TRADE,1873.87,0.0028
2026-08-03 23:47:34,ETHUSDT,BINANCE,TRADE,1873.87,0.0027
2026-08-03 23:47:34,ETHUSDT,BINANCE,TRADE,1873.87,0.0032
2026-08-03 23:47:34,ETHUSDT,BINANCE,TRADE,1873.87,0.0028
2026-08-03 23:47:34,ETHUSDT,BINANCE,TRADE,1873.87,0.0032
2026-08-03 23:47:34,ETHUSDT,BINANCE,TRADE,1873.87,0.0028
2026-08-03 23:47:34,ETHUSDT,BINANCE,TRADE,1873.87,0.0027
2026-08-03 23:47:34,ETHUSDT,BINANCE,TRADE,1873.87,0.0027
2026-08-03 23:47:34,ETHUSDT,BINANCE,TRADE,1873.87,0.0027
2026-08-03 23:47:34,ETHUSDT,BINANCE,TRADE,1873.87,0.0027
2026-08-03 23:47:34,ETHUSDT,BINANCE,TRADE,1873.86,0.0027
2026-08-03 23:47:34,ETHUSDT,BINANCE,TRADE,1873.86,0.0028
2026-08-03 23:47:34,ETHUSDT,BINANCE,TRADE,1873.86,0.0028
2026-08-03 23:47:34,ETHUSDT,BINANCE,TRADE,1873.86,0.0028
2026-08-03 23:47:34,ETHUSDT,BINANCE,TRADE,1873.86,0.0027
2026-08-03 23:47:34,ETHUSDT,BINANCE,TRADE,1873.86,0.0027
2026-08-03 23:47:34,ETHUSDT,BINANCE,TRADE,1873.86,0.0027
2026-08-03 23:47:34,ETHUSDT,BINANCE,TRADE,1873.86,0.0027
2026-08-03 23:47:34,ETHUSDT,BINANCE,TRADE,1873.85,0.0027
2026-08-03 23:47:34,ETHUSDT,BINANCE,TRADE,1873.85,0.0028
2026-08-03 23:47:34,ETHUSDT,BINANCE,TRADE,1873.85,0.0027
2026-08-03 23:47:34,ETHUSDT,BINANCE,TRADE,1873.85,0.0027
2026-08-03 23:47:34,ETHUSDT,BINANCE,TRADE,1873.85,0.0027
2026-08-03 23:47:34,ETHUSDT,BINANCE,TRADE,1873.85,0.0027
2026-08-03 23:47:34,BTCUSDT,BINANCE,TRADE,63988,0.026
2026-08-03 23:47:34,ETHUSDT,BINANCE,TRADE,1873.84,0.0027
2026-08-03 23:47:34,ETHUSDT,BINANCE,TRADE,1873.84,0.0027
2026-08-03 23:47:34,ETHUSDT,BINANCE,TRADE,1873.84,0.0028
2026-08-03 23:47:34,ETHUSDT,BINANCE,TRADE,1873.84,0.0032
2026-08-03 23:47:34,ETHUSDT,BINANCE,TRADE,1873.84,0.0032
2026-08-03 23:47:34,ETHUSDT,BINANCE,TRADE,1873.84,0.0027
2026-08-03 23:47:34,ETHUSDT,BINANCE,TRADE,1873.84,0.0028
2026-08-03 23:47:34,ETHUSDT,BINANCE,TRADE,1873.84,0.0028
2026-08-03 23:47:34,ETHUSDT,BINANCE,TRADE,1873.84,0.0028
2026-08-03 23:47:34,ETHUSDT,BINANCE,TRADE,1873.84,0.0028
2026-08-03 23:47:34,ETHUSDT,BINANCE,TRADE,1873.84,0.0027
2026-08-03 23:47:34,ETHUSDT,BINANCE,TRADE,1873.84,0.0027
2026-08-03 23:47:34,ETHUSDT,BINANCE,TRADE,1873.84,0.0027
2026-08-03 23:47:34,ETHUSDT,BINANCE,TRADE,1873.84,0.0027
2026-08-03 23:47:34,ETHUSDT,BINANCE,TRADE,1873.84,0.0027
2026-08-03 23:47:34,ETHUSDT,BINANCE,TRADE,1873.84,0.0027
2026-08-03 23:47:34,ETHUSDT,BINANCE,TRADE,1873.84,0.0027
2026-08-03 23:47:34,ETHUSDT,BINANCE,TRADE,1873.84,0.0027
2026-08-03 23:47:34,BTCUSDT,BINANCE,TRADE,63988,0.01678
2026-08-03 23:47:34,BTCUSDT,BINANCE,TRADE,63988,0.0007
2026-08-03 23:47:34,BTCUSDT,BINANCE,TRADE,63988,0.007
2026-08-03 23:47:34,BTCUSDT,BINANCE,TRADE,63988,9e-05
2026-08-03 23:47:34,BTCUSDT,BINANCE,TRADE,63988,9e-05
2026-08-03 23:47:34,BTCUSDT,BINANCE,TRADE,63988,9e-05
2026-08-03 23:47:34,BTCUSDT,BINANCE,TRADE,63988,9e-05
2026-08-03 23:47:34,BTCUSDT,BINANCE,TRADE,63988,9e-05
2026-08-03 23:47:34,BTCUSDT,BINANCE,TRADE,63988,9e-05
2026-08-03 23:47:34,BTCUSDT,BINANCE,TRADE,63988,9e-05
2026-08-03 23:47:34,BTCUSDT,BINANCE,TRADE,63988,9e-05
2026-08-03 23:47:34,BTCUSDT,BINANCE,TRADE,63988,9e-05
2026-08-03 23:47:34,BTCUSDT,BINANCE,TRADE,63988,9e-05
2026-08-03 23:47:34,BTCUSDT,BINANCE,TRADE,63988,9e-05
2026-08-03 23:47:34,BTCUSDT,BINANCE,TRADE,63988,9e-05
2026-08-03 23:47:34,BTCUSDT,BINANCE,TRADE,63988,9e-05
2026-08-03 23:47:34,BTCUSDT,BINANCE,TRADE,63988,9e-05
2026-08-03 23:47:34,BTCUSDT,BINANCE,TRADE,63988,8e-05
2026-08-03 23:47:34,BTCUSDT,BINANCE,TRADE,63988,8e-05
2026-08-03 23:47:34,BTCUSDT,BINANCE,TRADE,63988,9e-05
2026-08-03 23:47:34,BTCUSDT,BINANCE,TRADE,63988,1e-05
2026-08-03 23:47:34,BTCUSDT,BINANCE,TRADE,63988,0.00015
2026-08-03 23:47:34,BTCUSDT,BINANCE,TRADE,63988,8e-05
2026-08-03 23:47:34,BTCUSDT,BINANCE,TRADE,63988,9e-05
2026-08-03 23:47:34,BTCUSDT,BINANCE,TRADE,63988,9e-05
2026-08-03 23:47:34,BTCUSDT,BINANCE,TRADE,63988,0.0001
2026-08-03 23:47:34,BTCUSDT,BINANCE,TRADE,63988,8e-05
2026-08-03 23:47:34,BTCUSDT,BINANCE,TRADE,63988,9e-05
2026-08-03 23:47:34,BTCUSDT,BINANCE,TRADE,63988,9e-05
2026-08-03 23:47:34,BTCUSDT,BINANCE,TRADE,63988,8e-05
2026-08-03 23:47:34,BTCUSDT,BINANCE,TRADE,63988,8e-05
2026-08-03 23:47:34,BTCUSDT,BINANCE,TRADE,63988,0.00015
2026-08-03 23:47:34,BTCUSDT,BINANCE,TRADE,63988,9e-05
2026-08-03 23:47:34,BTCUSDT,BINANCE,TRADE,63988,9e-05
2026-08-03 23:47:34,BTCUSDT,BINANCE,TRADE,63988,8e-05
2026-08-03 23:47:34,BTCUSDT,BINANCE,TRADE,63988,8e-05
2026-08-03 23:47:34,BTCUSDT,BINANCE,TRADE,63988,8e-05
2026-08-03 23:47:34,BTCUSDT,BINANCE,TRADE,63988,8e-05
2026-08-03 23:47:34,BTCUSDT,BINANCE,TRADE,63988,8e-05
2026-08-03 23:47:34,BTCUSDT,BINANCE,TRADE,63988,8e-05
2026-08-03 23:47:34,BTCUSDT,BINANCE,TRADE,63988,9e-05
2026-08-03 23:47:34,BTCUSDT,BINANCE,TRADE,63988,9e-05
2026-08-03 23:47:34,BTCUSDT,BINANCE,TRADE,63988,0.00016
2026-08-03 23:47:34,BTCUSDT,BINANCE,TRADE,63988,9e-05
2026-08-03 23:47:34,BTCUSDT,BINANCE,TRADE,63988,9e-05
2026-08-03 23:47:34,BTCUSDT,BINANCE,TRADE,63988,9e-05
2026-08-03 23:47:34,BTCUSDT,BINANCE,TRADE,63988,9e-05
2026-08-03 23:47:34,BTCUSDT,BINANCE,TRADE,63988,9e-05
2026-08-03 23:47:34,BTCUSDT,BINANCE,TRADE,63988,9e-05
2026-08-03 23:47:34,BTCUSDT,BINANCE,TRADE,63988,9e-05
2026-08-03 23:47:34,BTCUSDT,BINANCE,TRADE,63988,0.00016
2026-08-03 23:47:34,BTCUSDT,BINANCE,TRADE,63987.2,8e-05
2026-08-03 23:47:34,BTCUSDT,BINANCE,TRADE,63987.2,8e-05
2026-08-03 23:47:34,BTCUSDT,BINANCE,TRADE,63987.2,8e-05
2026-08-03 23:47:34,BTCUSDT,BINANCE,TRADE,63987.2,8e-05
2026-08-03 23:47:34,BTCUSDT,BINANCE,TRADE,63987.2,8e-05
2026-08-03 23:47:34,BTCUSDT,BINANCE,TRADE,63986.2,0.00023
2026-08-03 23:47:34,BTCUSDT,BINANCE,TRADE,63986.2,8e-05
2026-08-03 23:47:34,BTCUSDT,BINANCE,TRADE,63986.2,8e-05
2026-08-03 23:47:34,BTCUSDT,BINANCE,TRADE,63986.1,8e-05
2026-08-03 23:47:34,BTCUSDT,BINANCE,TRADE,63986,9e-05
2026-08-03 23:47:34,BTCUSDT,BINANCE,TRADE,63986,9e-05
2026-08-03 23:47:34,BTCUSDT,BINANCE,TRADE,63986,9e-05
2026-08-03 23:47:34,BTCUSDT,BINANCE,TRADE,63986,8e-05
2026-08-03 23:47:34,BTCUSDT,BINANCE,TRADE,63986,0.006
2026-08-03 23:47:34,BTCUSDT,BINANCE,TRADE,63986,9e-05
2026-08-03 23:47:34,BTCUSDT,BINANCE,TRADE,63986,9e-05
2026-08-03 23:47:34,BTCUSDT,BINANCE,TRADE,63986,0.002
2026-08-03 23:47:34,BTCUSDT,BINANCE,TRADE,63986,0.005
2026-08-03 23:47:34,BTCUSDT,BINANCE,TRADE,63986,0.008
2026-08-03 23:47:34,BTCUSDT,BINANCE,TRADE,63986,8e-05
2026-08-03 23:47:34,BTCUSDT,BINANCE,TRADE,63986,8e-05
2026-08-03 23:47:34,BTCUSDT,BINANCE,TRADE,63986,8e-05
2026-08-03 23:47:34,BTCUSDT,BINANCE,TRADE,63986,8e-05
2026-08-03 23:47:34,BTCUSDT,BINANCE,TRADE,63986,8e-05
2026-08-03 23:47:34,BTCUSDT,BINANCE,TRADE,63986,8e-05
2026-08-03 23:47:34,BTCUSDT,BINANCE,TRADE,63986,8e-05
2026-08-03 23:47:34,BTCUSDT,BINANCE,TRADE,63986,8e-05
2026-08-03 23:47:34,BTCUSDT,BINANCE,TRADE,63986,8e-05
2026-08-03 23:47:34,BTCUSDT,BINANCE,TRADE,63986,8e-05
2026-08-03 23:47:34,BTCUSDT,BINANCE,TRADE,63986,8e-05
2026-08-03 23:47:34,BTCUSDT,BINANCE,TRADE,63985.9,8e-05
2026-08-03 23:47:34,BTCUSDT,BINANCE,TRADE,63985.7,0.00825
2026-08-03 23:47:34,BTCUSDT,BINANCE,TRADE,63985.7,9e-05
2026-08-03 23:47:34,BTCUSDT,BINANCE,TRADE,63985.7,9e-05
2026-08-03 23:47:34,BTCUSDT,BINANCE,TRADE,63985.1,8e-05
2026-08-03 23:47:34,BTCUSDT,BINANCE,TRADE,63985.1,8e-05
2026-08-03 23:47:34,BTCUSDT,BINANCE,TRADE,63985.1,8e-05
2026-08-03 23:47:34,BTCUSDT,BINANCE,TRADE,63985.1,8e-05
2026-08-03 23:47:34,BTCUSDT,BINANCE,TRADE,63985.1,8e-05
2026-08-03 23:47:34,BTCUSDT,BINANCE,TRADE,63985,0.00023
2026-08-03 23:47:34,BTCUSDT,BINANCE,TRADE,63985,0.00152
2026-08-03 23:47:34,BTCUSDT,BINANCE,TRADE,63985,8e-05
2026-08-03 23:47:34,BTCUSDT,BINANCE,TRADE,63985,8e-05
2026-08-03 23:47:34,BTCUSDT,BINANCE,TRADE,63985,8e-05
2026-08-03 23:47:34,BTCUSDT,BINANCE,TRADE,63985,8e-05
2026-08-03 23:47:34,BTCUSDT,BINANCE,TRADE,63985,8e-05
2026-08-03 23:47:34,BTCUSDT,BINANCE,TRADE,63985,8e-05
2026-08-03 23:47:34,BTCUSDT,BINANCE,TRADE,63985,8e-05
2026-08-03 23:47:34,BTCUSDT,BINANCE,TRADE,63985,8e-05
2026-08-03 23:47:34,BTCUSDT,BINANCE,TRADE,63985,8e-05
2026-08-03 23:47:34,BTCUSDT,BINANCE,TRADE,63985,8e-05
2026-08-03 23:47:34,BTCUSDT,BINANCE,TRADE,63985,8e-05
2026-08-03 23:47:34,BTCUSDT,BINANCE,TRADE,63985,8e-05
2026-08-03 23:47:34,BTCUSDT,BINANCE,TRADE,63984,8e-05
2026-08-03 23:47:34,BTCUSDT,BINANCE,TRADE,63984,9e-05
2026-08-03 23:47:34,BTCUSDT,BINANCE,TRADE,63984,9e-05
2026-08-03 23:47:34,BTCUSDT,BINANCE,TRADE,63984,8e-05
2026-08-03 23:47:34,BTCUSDT,BINANCE,TRADE,63984,9e-05
2026-08-03 23:47:34,BTCUSDT,BINANCE,TRADE,63984,8e-05
2026-08-03 23:47:34,BTCUSDT,BINANCE,TRADE,63984,8e-05
2026-08-03 23:47:34,BTCUSDT,BINANCE,TRADE,63984,8e-05
2026-08-03 23:47:34,BTCUSDT,BINANCE,TRADE,63984,8e-05
2026-08-03 23:47:34,BTCUSDT,BINANCE,TRADE,63984,0.008
2026-08-03 23:47:34,BTCUSDT,BINANCE,TRADE,63984,0.006
2026-08-03 23:47:34,BTCUSDT,BINANCE,TRADE,63984,9e-05
2026-08-03 23:47:34,BTCUSDT,BINANCE,TRADE,63984,9e-05
2026-08-03 23:47:34,BTCUSDT,BINANCE,TRADE,63984,0.002
2026-08-03 23:47:34,BTCUSDT,BINANCE,TRADE,63984,0.005
2026-08-03 23:47:34,BTCUSDT,BINANCE,TRADE,63984,0.01332
2026-08-03 23:47:34,BTCUSDT,BINANCE,TRADE,63984,8e-05
2026-08-03 23:47:34,BTCUSDT,BINANCE,TRADE,63984,8e-05
2026-08-03 23:47:34,BTCUSDT,BINANCE,TRADE,63984,9e-05
2026-08-03 23:47:34,BTCUSDT,BINANCE,TRADE,63984,9e-05
2026-08-03 23:47:34,BTCUSDT,BINANCE,TRADE,63984,8e-05
2026-08-03 23:47:34,BTCUSDT,BINANCE,TRADE,63984,8e-05
2026-08-03 23:47:34,BTCUSDT,BINANCE,TRADE,63984,8e-05
2026-08-03 23:47:34,BTCUSDT,BINANCE,TRADE,63984,8e-05
2026-08-03 23:47:34,BTCUSDT,BINANCE,TRADE,63984,8e-05
2026-08-03 23:47:34,BTCUSDT,BINANCE,TRADE,63984,8e-05
2026-08-03 23:47:34,BTCUSDT,BINANCE,TRADE,63983.3,9e-05
2026-08-03 23:47:34,BTCUSDT,BINANCE,TRADE,63983.3,9e-05
2026-08-03 23:47:34,BTCUSDT,BINANCE,TRADE,63983.3,9e-05
2026-08-03 23:47:34,BTCUSDT,BINANCE,TRADE,63983.3,0.00433
2026-08-03 23:47:34,BTCUSDT,BINANCE,TRADE,63983.3,0.02313
2026-08-03 23:47:34,ETHUSDT,BINANCE,TRADE,1873.83,0.0028
2026-08-03 23:47:34,ETHUSDT,BINANCE,TRADE,1873.83,0.0028
2026-08-03 23:47:34,ETHUSDT,BINANCE,TRADE,1873.83,0.0028
2026-08-03 23:47:34,ETHUSDT,BINANCE,TRADE,1873.83,0.452
2026-08-03 23:47:34,ETHUSDT,BINANCE,TRADE,1873.83,0.0032
2026-08-03 23:47:34,ETHUSDT,BINANCE,TRADE,1873.83,0.0032
2026-08-03 23:47:34,ETHUSDT,BINANCE,TRADE,1873.83,0.0028
2026-08-03 23:47:34,ETHUSDT,BINANCE,TRADE,1873.83,0.0027
2026-08-03 23:47:34,ETHUSDT,BINANCE,TRADE,1873.83,0.0027
2026-08-03 23:47:34,ETHUSDT,BINANCE,TRADE,1873.83,0.0028
2026-08-03 23:47:34,ETHUSDT,BINANCE,TRADE,1873.83,0.0028
2026-08-03 23:47:34,ETHUSDT,BINANCE,TRADE,1873.83,0.0028
2026-08-03 23:47:34,ETHUSDT,BINANCE,TRADE,1873.83,0.0028
2026-08-03 23:47:34,ETHUSDT,BINANCE,TRADE,1873.83,0.0028
2026-08-03 23:47:34,ETHUSDT,BINANCE,TRADE,1873.83,0.0027
2026-08-03 23:47:34,ETHUSDT,BINANCE,TRADE,1873.82,0.0029
2026-08-03 23:47:34,ETHUSDT,BINANCE,TRADE,1873.82,0.0029
2026-08-03 23:47:34,ETHUSDT,BINANCE,TRADE,1873.82,0.0028
2026-08-03 23:47:34,ETHUSDT,BINANCE,TRADE,1873.82,0.0027
2026-08-03 23:47:34,ETHUSDT,BINANCE,TRADE,1873.82,0.0028
2026-08-03 23:47:34,ETHUSDT,BINANCE,TRADE,1873.82,0.0028
2026-08-03 23:47:34,ETHUSDT,BINANCE,TRADE,1873.82,0.0029
2026-08-03 23:47:34,ETHUSDT,BINANCE,TRADE,1873.82,0.0027
2026-08-03 23:47:34,BTCUSDT,BINANCE,TRADE,63983.3,0.01
2026-08-03 23:47:34,BTCUSDT,BINANCE,TRADE,63983.3,0.001
2026-08-03 23:47:34,BTCUSDT,BINANCE,TRADE,63983.3,0.00297
2026-08-03 23:47:34,BTCUSDT,BINANCE,TRADE,63983.3,9e-05
2026-08-03 23:47:34,BTCUSDT,BINANCE,TRADE,63983.3,9e-05
2026-08-03 23:47:34,BTCUSDT,BINANCE,TRADE,63983.3,9e-05
2026-08-03 23:47:34,BTCUSDT,BINANCE,TRADE,63983.3,9e-05
2026-08-03 23:47:34,BTCUSDT,BINANCE,TRADE,63983.3,8e-05
2026-08-03 23:47:34,BTCUSDT,BINANCE,TRADE,63983.3,0.02259
2026-08-03 23:47:34,BTCUSDT,BINANCE,TRADE,63983.3,0.01
2026-08-03 23:47:34,BTCUSDT,BINANCE,TRADE,63983.3,0.003
2026-08-03 23:47:34,BTCUSDT,BINANCE,TRADE,63983.3,0.01
2026-08-03 23:47:34,BTCUSDT,BINANCE,TRADE,63983.3,0.012
2026-08-03 23:47:34,BTCUSDT,BINANCE,TRADE,63983.3,0.01
2026-08-03 23:47:34,BTCUSDT,BINANCE,TRADE,63983.3,0.003
2026-08-03 23:47:34,BTCUSDT,BINANCE,TRADE,63983.3,0.01
2026-08-03 23:47:34,BTCUSDT,BINANCE,TRADE,63983.3,0.026
2026-08-03 23:47:34,BTCUSDT,BINANCE,TRADE,63983.3,0.01
2026-08-03 23:47:34,BTCUSDT,BINANCE,TRADE,63983.3,0.01
2026-08-03 23:47:34,BTCUSDT,BINANCE,TRADE,63983.3,0.01
2026-08-03 23:47:34,ETHUSDT,BINANCE,TRADE,1873.81,0.0027
2026-08-03 23:47:34,ETHUSDT,BINANCE,TRADE,1873.81,0.0027
2026-08-03 23:47:34,ETHUSDT,BINANCE,TRADE,1873.81,0.0027
2026-08-03 23:47:34,ETHUSDT,BINANCE,TRADE,1873.81,0.0028
2026-08-03 23:47:34,ETHUSDT,BINANCE,TRADE,1873.81,0.0028
2026-08-03 23:47:34,ETHUSDT,BINANCE,TRADE,1873.81,0.0032
2026-08-03 23:47:34,ETHUSDT,BINANCE,TRADE,1873.81,0.0032
2026-08-03 23:47:34,ETHUSDT,BINANCE,TRADE,1873.81,0.0027
2026-08-03 23:47:34,ETHUSDT,BINANCE,TRADE,1873.81,0.0028
2026-08-03 23:47:34,ETHUSDT,BINANCE,TRADE,1873.81,0.0028
2026-08-03 23:47:34,ETHUSDT,BINANCE,TRADE,1873.81,0.0028
2026-08-03 23:47:34,ETHUSDT,BINANCE,TRADE,1873.81,0.0028
2026-08-03 23:47:34,ETHUSDT,BINANCE,TRADE,1873.81,0.0027
2026-08-03 23:47:34,ETHUSDT,BINANCE,TRADE,1873.81,0.0027
2026-08-03 23:47:34,ETHUSDT,BINANCE,TRADE,1873.81,0.0027
2026-08-03 23:47:34,ETHUSDT,BINANCE,TRADE,1873.81,0.0027
2026-08-03 23:47:34,ETHUSDT,BINANCE,TRADE,1873.81,0.0027
2026-08-03 23:47:34,ETHUSDT,BINANCE,TRADE,1873.81,0.0027
2026-08-03 23:47:34,ETHUSDT,BINANCE,TRADE,1873.81,0.0027
2026-08-03 23:47:34,ETHUSDT,BINANCE,TRADE,1873.81,0.0027
2026-08-03 23:47:34,ETHUSDT,BINANCE,TRADE,1873.81,0.0027
2026-08-03 23:47:34,ETHUSDT,BINANCE,TRADE,1873.81,0.0027
2026-08-03 23:47:34,ETHUSDT,BINANCE,TRADE,1873.81,0.0027
2026-08-03 23:47:34,ETHUSDT,BINANCE,TRADE,1873.81,0.0027
2026-08-03 23:47:34,ETHUSDT,BINANCE,TRADE,1873.8,0.0027
2026-08-03 23:47:34,ETHUSDT,BINANCE,TRADE,1873.8,0.0027
2026-08-03 23:47:34,ETHUSDT,BINANCE,TRADE,1873.8,0.0027
2026-08-03 23:47:34,ETHUSDT,BINANCE,TRADE,1873.8,0.0028
2026-08-03 23:47:34,ETHUSDT,BINANCE,TRADE,1873.8,0.0028
2026-08-03 23:47:34,ETHUSDT,BINANCE,TRADE,1873.8,0.0028
2026-08-03 23:47:34,ETHUSDT,BINANCE,TRADE,1873.8,0.0028
2026-08-03 23:47:34,ETHUSDT,BINANCE,TRADE,1873.8,0.0027
2026-08-03 23:47:34,ETHUSDT,BINANCE,TRADE,1873.8,0.0027
2026-08-03 23:47:34,ETHUSDT,BINANCE,TRADE,1873.79,0.0027
2026-08-03 23:47:34,ETHUSDT,BINANCE,TRADE,1873.79,0.0028
2026-08-03 23:47:34,ETHUSDT,BINANCE,TRADE,1873.79,0.0029
2026-08-03 23:47:34,ETHUSDT,BINANCE,TRADE,1873.79,0.0029
2026-08-03 23:47:34,ETHUSDT,BINANCE,TRADE,1873.79,0.0027
2026-08-03 23:47:34,ETHUSDT,BINANCE,TRADE,1873.79,0.0029
2026-08-03 23:47:34,ETHUSDT,BINANCE,TRADE,1873.78,0.0041
2026-08-03 23:47:34,ETHUSDT,BINANCE,TRADE,1873.78,0.0028
2026-08-03 23:47:34,ETHUSDT,BINANCE,TRADE,1873.78,0.0027
2026-08-03 23:47:34,ETHUSDT,BINANCE,TRADE,1873.78,0.0032
2026-08-03 23:47:34,ETHUSDT,BINANCE,TRADE,1873.78,0.0028
2026-08-03 23:47:34,ETHUSDT,BINANCE,TRADE,1873.78,0.0032
2026-08-03 23:47:34,ETHUSDT,BINANCE,TRADE,1873.78,0.0028
2026-08-03 23:47:34,ETHUSDT,BINANCE,TRADE,1873.78,0.0028
2026-08-03 23:47:34,ETHUSDT,BINANCE,TRADE,1873.78,0.0027
2026-08-03 23:47:34,ETHUSDT,BINANCE,TRADE,1873.78,0.0027
2026-08-03 23:47:34,ETHUSDT,BINANCE,TRADE,1873.78,0.0028
2026-08-03 23:47:34,ETHUSDT,BINANCE,TRADE,1873.78,0.0028
2026-08-03 23:47:34,ETHUSDT,BINANCE,TRADE,1873.78,0.0028
2026-08-03 23:47:34,ETHUSDT,BINANCE,TRADE,1873.78,0.0028
2026-08-03 23:47:34,ETHUSDT,BINANCE,TRADE,1873.78,0.0027
2026-08-03 23:47:34,ETHUSDT,BINANCE,TRADE,1873.78,0.0027
2026-08-03 23:47:34,ETHUSDT,BINANCE,TRADE,1873.77,0.0028
2026-08-03 23:47:34,ETHUSDT,BINANCE,TRADE,1873.77,0.0028
2026-08-03 23:47:34,ETHUSDT,BINANCE,TRADE,1873.77,0.0028
2026-08-03 23:47:34,ETHUSDT,BINANCE,TRADE,1873.77,0.0028
2026-08-03 23:47:34,ETHUSDT,BINANCE,TRADE,1873.77,0.0028
2026-08-03 23:47:34,ETHUSDT,BINANCE,TRADE,1873.76,0.0027
2026-08-03 23:47:34,ETHUSDT,BINANCE,TRADE,1873.76,0.0027
2026-08-03 23:47:34,ETHUSDT,BINANCE,TRADE,1873.76,0.0027
2026-08-03 23:47:34,ETHUSDT,BINANCE,TRADE,1873.76,0.0028
2026-08-03 23:47:34,ETHUSDT,BINANCE,TRADE,1873.76,0.0029
2026-08-03 23:47:34,ETHUSDT,BINANCE,TRADE,1873.76,0.0029
2026-08-03 23:47:34,ETHUSDT,BINANCE,TRADE,1873.76,0.0027
2026-08-03 23:47:34,ETHUSDT,BINANCE,TRADE,1873.76,0.0027
2026-08-03 23:47:34,ETHUSDT,BINANCE,TRADE,1873.76,0.0027
2026-08-03 23:47:34,ETHUSDT,BINANCE,TRADE,1873.76,0.0029
2026-08-03 23:47:34,ETHUSDT,BINANCE,TRADE,1873.76,0.0027
2026-08-03 23:47:34,ETHUSDT,BINANCE,TRADE,1873.76,0.0027
2026-08-03 23:47:34,ETHUSDT,BINANCE,TRADE,1873.76,0.0027
2026-08-03 23:47:34,ETHUSDT,BINANCE,TRADE,1873.76,0.0027
2026-08-03 23:47:34,ETHUSDT,BINANCE,TRADE,1873.76,0.0027
2026-08-03 23:47:34,ETHUSDT,BINANCE,TRADE,1873.76,0.0027
2026-08-03 23:47:34,ETHUSDT,BINANCE,TRADE,1873.75,0.0028
2026-08-03 23:47:34,ETHUSDT,BINANCE,TRADE,1873.75,0.0027
2026-08-03 23:47:34,ETHUSDT,BINANCE,TRADE,1873.75,0.0027
2026-08-03 23:47:34,ETHUSDT,BINANCE,TRADE,1873.74,0.0028
2026-08-03 23:47:34,ETHUSDT,BINANCE,TRADE,1873.72,0.0027
2026-08-03 23:47:34,ETHUSDT,BINANCE,TRADE,1873.72,0.0028
2026-08-03 23:47:34,ETHUSDT,BINANCE,TRADE,1873.72,0.0029
2026-08-03 23:47:34,ETHUSDT,BINANCE,TRADE,1873.72,0.0029
2026-08-03 23:47:34,ETHUSDT,BINANCE,TRADE,1873.72,0.0027
2026-08-03 23:47:34,ETHUSDT,BINANCE,TRADE,1873.72,0.0029
2026-08-03 23:47:34,ETHUSDT,BINANCE,TRADE,1873.72,0.0027
2026-08-03 23:47:34,ETHUSDT,BINANCE,TRADE,1873.72,0.0027
2026-08-03 23:47:34,ETHUSDT,BINANCE,TRADE,1873.72,0.0027
2026-08-03 23:47:34,BTCUSDT,BINANCE,TRADE,63983.3,9e-05
2026-08-03 23:47:34,BTCUSDT,BINANCE,TRADE,63983.3,8e-05
2026-08-03 23:47:34,BTCUSDT,BINANCE,TRADE,63983.3,9e-05
2026-08-03 23:47:34,BTCUSDT,BINANCE,TRADE,63983.3,9e-05
2026-08-03 23:47:34,BTCUSDT,BINANCE,TRADE,63983.3,0.00016
2026-08-03 23:47:34,BTCUSDT,BINANCE,TRADE,63983.3,9e-05
2026-08-03 23:47:34,BTCUSDT,BINANCE,TRADE,63983.3,9e-05
2026-08-03 23:47:34,BTCUSDT,BINANCE,TRADE,63983.3,8e-05
2026-08-03 23:47:34,BTCUSDT,BINANCE,TRADE,63983.3,9e-05
2026-08-03 23:47:34,BTCUSDT,BINANCE,TRADE,63983.3,9e-05
2026-08-03 23:47:34,BTCUSDT,BINANCE,TRADE,63983.3,9e-05
2026-08-03 23:47:34,BTCUSDT,BINANCE,TRADE,63983.3,8e-05
2026-08-03 23:47:34,BTCUSDT,BINANCE,TRADE,63983.3,9e-05
2026-08-03 23:47:34,BTCUSDT,BINANCE,TRADE,63983.3,9e-05
2026-08-03 23:47:34,BTCUSDT,BINANCE,TRADE,63983.3,9e-05
2026-08-03 23:47:34,BTCUSDT,BINANCE,TRADE,63983.3,8e-05
2026-08-03 23:47:34,BTCUSDT,BINANCE,TRADE,63983.3,9e-05
2026-08-03 23:47:34,BTCUSDT,BINANCE,TRADE,63983.3,9e-05
2026-08-03 23:47:34,BTCUSDT,BINANCE,TRADE,63983.3,9e-05
2026-08-03 23:47:34,BTCUSDT,BINANCE,TRADE,63983.3,9e-05
2026-08-03 23:47:34,BTCUSDT,BINANCE,TRADE,63983.3,9e-05
2026-08-03 23:47:34,BTCUSDT,BINANCE,TRADE,63983.3,9e-05
2026-08-03 23:47:34,BTCUSDT,BINANCE,TRADE,63983.3,9e-05
2026-08-03 23:47:34,BTCUSDT,BINANCE,TRADE,63983.3,8e-05
2026-08-03 23:47:34,BTCUSDT,BINANCE,TRADE,63983.3,9e-05
2026-08-03 23:47:34,BTCUSDT,BINANCE,TRADE,63983.3,0.0007
2026-08-03 23:47:34,BTCUSDT,BINANCE,TRADE,63983.3,8e-05
2026-08-03 23:47:34,BTCUSDT,BINANCE,TRADE,63983.3,9e-05
2026-08-03 23:47:34,BTCUSDT,BINANCE,TRADE,63983.3,0.00047
2026-08-03 23:47:34,BTCUSDT,BINANCE,TRADE,63983.3,8e-05
2026-08-03 23:47:34,BTCUSDT,BINANCE,TRADE,63983.3,8e-05
2026-08-03 23:47:34,BTCUSDT,BINANCE,TRADE,63983.3,8e-05
2026-08-03 23:47:34,BTCUSDT,BINANCE,TRADE,63983.3,8e-05
2026-08-03 23:47:34,BTCUSDT,BINANCE,TRADE,63983.3,9e-05
2026-08-03 23:47:34,BTCUSDT,BINANCE,TRADE,63983.3,9e-05
2026-08-03 23:47:34,BTCUSDT,BINANCE,TRADE,63983.3,9e-05
2026-08-03 23:47:34,BTCUSDT,BINANCE,TRADE,63983.3,0.00016
2026-08-03 23:47:34,BTCUSDT,BINANCE,TRADE,63983.3,9e-05
2026-08-03 23:47:34,BTCUSDT,BINANCE,TRADE,63983.3,9e-05
2026-08-03 23:47:34,BTCUSDT,BINANCE,TRADE,63983.3,9e-05
2026-08-03 23:47:34,BTCUSDT,BINANCE,TRADE,63983.3,9e-05
2026-08-03 23:47:34,BTCUSDT,BINANCE,TRADE,63983.3,9e-05
2026-08-03 23:47:34,BTCUSDT,BINANCE,TRADE,63983.3,9e-05
2026-08-03 23:47:34,BTCUSDT,BINANCE,TRADE,63983.3,0.00016
2026-08-03 23:47:34,BTCUSDT,BINANCE,TRADE,63982.8,9e-05
2026-08-03 23:47:34,BTCUSDT,BINANCE,TRADE,63982.8,9e-05
2026-08-03 23:47:34,BTCUSDT,BINANCE,TRADE,63982.8,8e-05
2026-08-03 23:47:34,BTCUSDT,BINANCE,TRADE,63982,9e-05
2026-08-03 23:47:34,BTCUSDT,BINANCE,TRADE,63982,9e-05
2026-08-03 23:47:34,BTCUSDT,BINANCE,TRADE,63982,9e-05
2026-08-03 23:47:34,BTCUSDT,BINANCE,TRADE,63982,0.0001
2026-08-03 23:47:34,SOLUSDT,BINANCE,TRADE,74.27,4.126
2026-08-03 23:47:34,BTCUSDT,BINANCE,TRADE,63982,0.0019
2026-08-03 23:47:34,BTCUSDT,BINANCE,TRADE,63982,0.005
2026-08-03 23:47:34,BTCUSDT,BINANCE,TRADE,63982,0.008
2026-08-03 23:47:34,BTCUSDT,BINANCE,TRADE,63982,0.006
2026-08-03 23:47:34,BTCUSDT,BINANCE,TRADE,63982,8e-05
2026-08-03 23:47:34,BTCUSDT,BINANCE,TRADE,63982,8e-05
2026-08-03 23:47:34,BTCUSDT,BINANCE,TRADE,63982,9e-05
2026-08-03 23:47:34,BTCUSDT,BINANCE,TRADE,63982,9e-05
2026-08-03 23:47:34,BTCUSDT,BINANCE,TRADE,63982,9e-05
2026-08-03 23:47:34,BTCUSDT,BINANCE,TRADE,63982,9e-05
2026-08-03 23:47:34,BTCUSDT,BINANCE,TRADE,63982,9e-05
2026-08-03 23:47:34,BTCUSDT,BINANCE,TRADE,63982,8e-05
2026-08-03 23:47:34,BTCUSDT,BINANCE,TRADE,63982,9e-05
2026-08-03 23:47:34,BTCUSDT,BINANCE,TRADE,63982,9e-05
2026-08-03 23:47:34,BTCUSDT,BINANCE,TRADE,63982,9e-05
2026-08-03 23:47:34,BTCUSDT,BINANCE,TRADE,63982,9e-05
2026-08-03 23:47:34,BTCUSDT,BINANCE,TRADE,63982,9e-05
2026-08-03 23:47:34,BTCUSDT,BINANCE,TRADE,63982,0.00396
2026-08-03 23:47:34,BTCUSDT,BINANCE,TRADE,63982,0.00937
2026-08-03 23:47:34,BTCUSDT,BINANCE,TRADE,63982,8e-05
2026-08-03 23:47:34,BTCUSDT,BINANCE,TRADE,63982,9e-05
2026-08-03 23:47:34,BTCUSDT,BINANCE,TRADE,63982,9e-05
2026-08-03 23:47:34,BTCUSDT,BINANCE,TRADE,63982,9e-05
2026-08-03 23:47:34,BTCUSDT,BINANCE,TRADE,63982,9e-05
2026-08-03 23:47:34,BTCUSDT,BINANCE,TRADE,63982,8e-05
2026-08-03 23:47:34,BTCUSDT,BINANCE,TRADE,63982,9e-05
2026-08-03 23:47:34,BTCUSDT,BINANCE,TRADE,63982,9e-05
2026-08-03 23:47:34,BTCUSDT,BINANCE,TRADE,63982,9e-05
2026-08-03 23:47:34,BTCUSDT,BINANCE,TRADE,63982,0.01584
2026-08-03 23:47:34,BTCUSDT,BINANCE,TRADE,63982,0.026
2026-08-03 23:47:34,BTCUSDT,BINANCE,TRADE,63982,0.01
2026-08-03 23:47:34,BTCUSDT,BINANCE,TRADE,63982,0.026
2026-08-03 23:47:34,BTCUSDT,BINANCE,TRADE,63982,0.001
2026-08-03 23:47:35,ETHUSDT,BINANCE,TRADE,1873.71,0.0028
2026-08-03 23:47:35,ETHUSDT,BINANCE,TRADE,1873.71,0.0893
2026-08-03 23:47:35,BTCUSDT,BINANCE,TRADE,63982,0.00023
2026-08-03 23:47:35,BTCUSDT,BINANCE,TRADE,63982,0.00023
2026-08-03 23:47:35,SOLUSDT,BINANCE,TRADE,74.27,0.106
2026-08-03 23:47:36,BTCUSDT,BINANCE,TRADE,63982,0.00989
2026-08-03 23:47:36,SOLUSDT,BINANCE,TRADE,74.26,10
2026-08-03 23:47:36,SOLUSDT,BINANCE,TRADE,74.26,0.093
2026-08-03 23:47:36,BTCUSDT,BINANCE,TRADE,63982,0.00204
2026-08-03 23:47:37,BTCUSDT,BINANCE,TRADE,63982,0.05074
2026-08-03 23:47:37,ETHUSDT,BINANCE,TRADE,1873.72,0.0046
2026-08-03 23:47:37,BTCUSDT,BINANCE,TRADE,63982,0.0001
2026-08-03 23:47:38,SOLUSDT,BINANCE,TRADE,74.26,0.073
2026-08-03 23:47:38,SOLUSDT,BINANCE,TRADE,74.26,0.278
2026-08-03 23:47:38,SOLUSDT,BINANCE,TRADE,74.26,0.073
2026-08-03 23:47:38,SOLUSDT,BINANCE,TRADE,74.26,0.135
2026-08-03 23:47:38,SOLUSDT,BINANCE,TRADE,74.26,0.069
2026-08-03 23:47:38,SOLUSDT,BINANCE,TRADE,74.26,0.081
2026-08-03 23:47:38,SOLUSDT,BINANCE,TRADE,74.26,0.075
2026-08-03 23:47:38,SOLUSDT,BINANCE,TRADE,74.26,0.068
2026-08-03 23:47:38,SOLUSDT,BINANCE,TRADE,74.26,0.071
2026-08-03 23:47:38,SOLUSDT,BINANCE,TRADE,74.26,0.073
2026-08-03 23:47:38,SOLUSDT,BINANCE,TRADE,74.26,0.073
2026-08-03 23:47:38,SOLUSDT,BINANCE,TRADE,74.26,0.073
2026-08-03 23:47:38,SOLUSDT,BINANCE,TRADE,74.26,0.073
2026-08-03 23:47:38,SOLUSDT,BINANCE,TRADE,74.26,0.073
2026-08-03 23:47:38,SOLUSDT,BINANCE,TRADE,74.26,0.073
2026-08-03 23:47:38,SOLUSDT,BINANCE,TRADE,74.26,0.266
2026-08-03 23:47:38,SOLUSDT,BINANCE,TRADE,74.26,0.069
2026-08-03 23:47:38,SOLUSDT,BINANCE,TRADE,74.26,0.257
2026-08-03 23:47:38,SOLUSDT,BINANCE,TRADE,74.26,0.073
2026-08-03 23:47:38,SOLUSDT,BINANCE,TRADE,74.26,0.073
2026-08-03 23:47:38,SOLUSDT,BINANCE,TRADE,74.25,0.202
2026-08-03 23:47:38,ETHUSDT,BINANCE,TRADE,1873.71,0.2377
2026-08-03 23:47:38,ETHUSDT,BINANCE,TRADE,1873.71,0.0027
2026-08-03 23:47:38,ETHUSDT,BINANCE,TRADE,1873.71,0.0027
2026-08-03 23:47:38,ETHUSDT,BINANCE,TRADE,1873.71,0.0027
2026-08-03 23:47:38,ETHUSDT,BINANCE,TRADE,1873.71,0.0027
2026-08-03 23:47:38,ETHUSDT,BINANCE,TRADE,1873.71,0.0028
2026-08-03 23:47:38,ETHUSDT,BINANCE,TRADE,1873.71,0.4141
2026-08-03 23:47:38,ETHUSDT,BINANCE,TRADE,1873.71,0.0027
2026-08-03 23:47:38,ETHUSDT,BINANCE,TRADE,1873.71,0.0028
2026-08-03 23:47:38,ETHUSDT,BINANCE,TRADE,1873.71,6.4962
2026-08-03 23:47:38,ETHUSDT,BINANCE,TRADE,1873.71,1.2128
2026-08-03 23:47:38,ETHUSDT,BINANCE,TRADE,1873.71,0.0027
2026-08-03 23:47:38,ETHUSDT,BINANCE,TRADE,1873.71,0.0027
2026-08-03 23:47:38,ETHUSDT,BINANCE,TRADE,1873.71,0.0028
2026-08-03 23:47:38,ETHUSDT,BINANCE,TRADE,1873.71,0.0027
2026-08-03 23:47:38,ETHUSDT,BINANCE,TRADE,1873.71,0.0032
2026-08-03 23:47:38,ETHUSDT,BINANCE,TRADE,1873.71,0.0054
2026-08-03 23:47:38,ETHUSDT,BINANCE,TRADE,1873.71,0.0028
2026-08-03 23:47:38,ETHUSDT,BINANCE,TRADE,1873.71,0.0032
2026-08-03 23:47:38,ETHUSDT,BINANCE,TRADE,1873.71,0.0028
2026-08-03 23:47:38,ETHUSDT,BINANCE,TRADE,1873.71,0.0027
2026-08-03 23:47:38,ETHUSDT,BINANCE,TRADE,1873.71,0.0027
2026-08-03 23:47:38,ETHUSDT,BINANCE,TRADE,1873.7,0.0028
2026-08-03 23:47:38,ETHUSDT,BINANCE,TRADE,1873.7,0.0028
2026-08-03 23:47:38,ETHUSDT,BINANCE,TRADE,1873.7,0.0027
2026-08-03 23:47:38,ETHUSDT,BINANCE,TRADE,1873.7,0.0054
2026-08-03 23:47:38,ETHUSDT,BINANCE,TRADE,1873.7,0.0028
2026-08-03 23:47:38,ETHUSDT,BINANCE,TRADE,1873.7,0.0028
2026-08-03 23:47:38,ETHUSDT,BINANCE,TRADE,1873.7,0.0027
2026-08-03 23:47:38,ETHUSDT,BINANCE,TRADE,1873.69,0.0028
2026-08-03 23:47:38,ETHUSDT,BINANCE,TRADE,1873.69,0.0054
2026-08-03 23:47:38,ETHUSDT,BINANCE,TRADE,1873.68,0.0027
2026-08-03 23:47:38,ETHUSDT,BINANCE,TRADE,1873.68,0.0027
2026-08-03 23:47:38,ETHUSDT,BINANCE,TRADE,1873.68,0.0028
2026-08-03 23:47:38,ETHUSDT,BINANCE,TRADE,1873.68,0.0027
2026-08-03 23:47:38,ETHUSDT,BINANCE,TRADE,1873.68,0.0027
2026-08-03 23:47:38,ETHUSDT,BINANCE,TRADE,1873.67,0.0027
2026-08-03 23:47:38,ETHUSDT,BINANCE,TRADE,1873.67,0.0027
2026-08-03 23:47:38,ETHUSDT,BINANCE,TRADE,1873.67,0.0028
2026-08-03 23:47:38,ETHUSDT,BINANCE,TRADE,1873.67,0.0027
2026-08-03 23:47:38,ETHUSDT,BINANCE,TRADE,1873.67,0.0027
2026-08-03 23:47:38,ETHUSDT,BINANCE,TRADE,1873.67,0.0027
2026-08-03 23:47:38,ETHUSDT,BINANCE,TRADE,1873.66,0.0028
2026-08-03 23:47:38,ETHUSDT,BINANCE,TRADE,1873.66,0.0029
2026-08-03 23:47:38,ETHUSDT,BINANCE,TRADE,1873.66,0.0029
2026-08-03 23:47:38,ETHUSDT,BINANCE,TRADE,1873.66,0.0029
2026-08-03 23:47:38,ETHUSDT,BINANCE,TRADE,1873.65,0.0029
2026-08-03 23:47:38,ETHUSDT,BINANCE,TRADE,1873.65,0.0029
2026-08-03 23:47:38,ETHUSDT,BINANCE,TRADE,1873.65,0.0028
2026-08-03 23:47:38,ETHUSDT,BINANCE,TRADE,1873.65,0.0029
2026-08-03 23:47:38,ETHUSDT,BINANCE,TRADE,1873.64,0.0028
2026-08-03 23:47:38,ETHUSDT,BINANCE,TRADE,1873.63,0.0027
2026-08-03 23:47:38,ETHUSDT,BINANCE,TRADE,1873.63,0.0027
2026-08-03 23:47:38,ETHUSDT,BINANCE,TRADE,1873.63,0.003
2026-08-03 23:47:38,ETHUSDT,BINANCE,TRADE,1873.63,0.0028
2026-08-03 23:47:38,ETHUSDT,BINANCE,TRADE,1873.63,0.0027
2026-08-03 23:47:38,ETHUSDT,BINANCE,TRADE,1873.63,0.0027
2026-08-03 23:47:38,ETHUSDT,BINANCE,TRADE,1873.62,0.0027
2026-08-03 23:47:38,ETHUSDT,BINANCE,TRADE,1873.62,3.69
2026-08-03 23:47:38,ETHUSDT,BINANCE,TRADE,1873.6,0.0041
2026-08-03 23:47:38,ETHUSDT,BINANCE,TRADE,1873.6,0.0027
2026-08-03 23:47:38,ETHUSDT,BINANCE,TRADE,1873.6,0.0032
2026-08-03 23:47:38,ETHUSDT,BINANCE,TRADE,1873.6,0.0032
2026-08-03 23:47:38,ETHUSDT,BINANCE,TRADE,1873.6,0.0027
2026-08-03 23:47:38,ETHUSDT,BINANCE,TRADE,1873.59,0.0027
2026-08-03 23:47:38,ETHUSDT,BINANCE,TRADE,1873.59,0.0027
2026-08-03 23:47:38,ETHUSDT,BINANCE,TRADE,1873.59,0.0027
2026-08-03 23:47:38,ETHUSDT,BINANCE,TRADE,1873.59,0.0027
2026-08-03 23:47:38,ETHUSDT,BINANCE,TRADE,1873.59,0.0029
2026-08-03 23:47:38,ETHUSDT,BINANCE,TRADE,1873.59,0.0029
2026-08-03 23:47:38,ETHUSDT,BINANCE,TRADE,1873.59,0.0028
2026-08-03 23:47:38,ETHUSDT,BINANCE,TRADE,1873.59,0.0028
2026-08-03 23:47:38,ETHUSDT,BINANCE,TRADE,1873.59,0.0032
2026-08-03 23:47:38,ETHUSDT,BINANCE,TRADE,1873.59,0.0028
2026-08-03 23:47:38,ETHUSDT,BINANCE,TRADE,1873.59,0.0028
2026-08-03 23:47:38,ETHUSDT,BINANCE,TRADE,1873.59,0.0032
2026-08-03 23:47:38,ETHUSDT,BINANCE,TRADE,1873.59,0.0028
2026-08-03 23:47:38,ETHUSDT,BINANCE,TRADE,1873.59,0.0027
2026-08-03 23:47:38,ETHUSDT,BINANCE,TRADE,1873.59,0.0028
2026-08-03 23:47:38,ETHUSDT,BINANCE,TRADE,1873.59,0.0028
2026-08-03 23:47:38,ETHUSDT,BINANCE,TRADE,1873.59,0.0028
2026-08-03 23:47:38,ETHUSDT,BINANCE,TRADE,1873.59,0.0028
2026-08-03 23:47:38,ETHUSDT,BINANCE,TRADE,1873.59,0.0028
2026-08-03 23:47:38,ETHUSDT,BINANCE,TRADE,1873.59,0.0027
2026-08-03 23:47:38,ETHUSDT,BINANCE,TRADE,1873.59,0.0027
2026-08-03 23:47:38,ETHUSDT,BINANCE,TRADE,1873.59,0.0027
2026-08-03 23:47:38,ETHUSDT,BINANCE,TRADE,1873.59,0.0029
2026-08-03 23:47:38,ETHUSDT,BINANCE,TRADE,1873.59,0.0027
2026-08-03 23:47:38,ETHUSDT,BINANCE,TRADE,1873.59,0.0027
2026-08-03 23:47:38,ETHUSDT,BINANCE,TRADE,1873.59,0.0027
2026-08-03 23:47:38,ETHUSDT,BINANCE,TRADE,1873.59,0.0027
2026-08-03 23:47:38,ETHUSDT,BINANCE,TRADE,1873.59,0.0027
2026-08-03 23:47:38,ETHUSDT,BINANCE,TRADE,1873.59,0.0027
2026-08-03 23:47:38,SOLUSDT,BINANCE,TRADE,74.25,0.076
2026-08-03 23:47:38,SOLUSDT,BINANCE,TRADE,74.25,0.073
2026-08-03 23:47:38,SOLUSDT,BINANCE,TRADE,74.25,0.073
2026-08-03 23:47:38,SOLUSDT,BINANCE,TRADE,74.25,0.273
2026-08-03 23:47:38,SOLUSDT,BINANCE,TRADE,74.25,0.081
2026-08-03 23:47:38,SOLUSDT,BINANCE,TRADE,74.25,0.069
2026-08-03 23:47:38,SOLUSDT,BINANCE,TRADE,74.25,0.075
2026-08-03 23:47:38,SOLUSDT,BINANCE,TRADE,74.25,0.068
2026-08-03 23:47:38,SOLUSDT,BINANCE,TRADE,74.25,0.135
2026-08-03 23:47:38,SOLUSDT,BINANCE,TRADE,74.25,0.15
2026-08-03 23:47:38,SOLUSDT,BINANCE,TRADE,74.25,0.071
2026-08-03 23:47:38,SOLUSDT,BINANCE,TRADE,74.25,0.073
2026-08-03 23:47:38,SOLUSDT,BINANCE,TRADE,74.25,0.073
2026-08-03 23:47:38,SOLUSDT,BINANCE,TRADE,74.25,0.249
2026-08-03 23:47:38,SOLUSDT,BINANCE,TRADE,74.25,0.073
2026-08-03 23:47:38,SOLUSDT,BINANCE,TRADE,74.25,0.073
2026-08-03 23:47:38,SOLUSDT,BINANCE,TRADE,74.25,0.073
2026-08-03 23:47:38,SOLUSDT,BINANCE,TRADE,74.25,0.073
2026-08-03 23:47:38,SOLUSDT,BINANCE,TRADE,74.25,3.84
2026-08-03 23:47:38,SOLUSDT,BINANCE,TRADE,74.25,0.069
2026-08-03 23:47:38,SOLUSDT,BINANCE,TRADE,74.25,0.073
2026-08-03 23:47:38,SOLUSDT,BINANCE,TRADE,74.25,0.073
2026-08-03 23:47:38,BTCUSDT,BINANCE,TRADE,63982,0.00017
2026-08-03 23:47:38,ETHUSDT,BINANCE,TRADE,1873.58,0.0027
2026-08-03 23:47:38,ETHUSDT,BINANCE,TRADE,1873.58,0.1032
2026-08-03 23:47:38,ETHUSDT,BINANCE,TRADE,1873.58,0.0028
2026-08-03 23:47:38,ETHUSDT,BINANCE,TRADE,1873.58,0.0028
2026-08-03 23:47:38,ETHUSDT,BINANCE,TRADE,1873.58,0.0028
2026-08-03 23:47:38,ETHUSDT,BINANCE,TRADE,1873.58,0.0028
2026-08-03 23:47:38,ETHUSDT,BINANCE,TRADE,1873.58,0.0027
2026-08-03 23:47:38,ETHUSDT,BINANCE,TRADE,1873.58,0.0032
2026-08-03 23:47:38,ETHUSDT,BINANCE,TRADE,1873.58,0.0032
2026-08-03 23:47:38,ETHUSDT,BINANCE,TRADE,1873.58,0.0027
2026-08-03 23:47:38,ETHUSDT,BINANCE,TRADE,1873.58,0.0028
2026-08-03 23:47:38,ETHUSDT,BINANCE,TRADE,1873.58,0.0028
2026-08-03 23:47:38,ETHUSDT,BINANCE,TRADE,1873.58,0.0028
2026-08-03 23:47:38,ETHUSDT,BINANCE,TRADE,1873.58,0.0028
2026-08-03 23:47:38,ETHUSDT,BINANCE,TRADE,1873.58,0.0027
2026-08-03 23:47:38,ETHUSDT,BINANCE,TRADE,1873.58,0.0028
2026-08-03 23:47:38,ETHUSDT,BINANCE,TRADE,1873.58,0.0027
2026-08-03 23:47:38,ETHUSDT,BINANCE,TRADE,1873.58,0.0027
2026-08-03 23:47:38,ETHUSDT,BINANCE,TRADE,1873.58,0.0027
2026-08-03 23:47:38,ETHUSDT,BINANCE,TRADE,1873.57,0.0028
2026-08-03 23:47:38,ETHUSDT,BINANCE,TRADE,1873.57,0.0028
2026-08-03 23:47:38,ETHUSDT,BINANCE,TRADE,1873.57,0.0028
2026-08-03 23:47:38,ETHUSDT,BINANCE,TRADE,1873.55,0.0028
2026-08-03 23:47:38,ETHUSDT,BINANCE,TRADE,1873.54,0.011
2026-08-03 23:47:38,ETHUSDT,BINANCE,TRADE,1873.54,0.0028
2026-08-03 23:47:38,ETHUSDT,BINANCE,TRADE,1873.54,0.0027
2026-08-03 23:47:38,ETHUSDT,BINANCE,TRADE,1873.54,0.0027
2026-08-03 23:47:38,ETHUSDT,BINANCE,TRADE,1873.54,1
2026-08-03 23:47:38,SOLUSDT,BINANCE,TRADE,74.24,4.826
2026-08-03 23:47:38,ETHUSDT,BINANCE,TRADE,1873.53,0.0027
2026-08-03 23:47:38,ETHUSDT,BINANCE,TRADE,1873.53,0.0027
2026-08-03 23:47:38,ETHUSDT,BINANCE,TRADE,1873.53,0.0028
2026-08-03 23:47:38,ETHUSDT,BINANCE,TRADE,1873.53,0.0028
2026-08-03 23:47:38,ETHUSDT,BINANCE,TRADE,1873.53,0.0027
2026-08-03 23:47:38,ETHUSDT,BINANCE,TRADE,1873.53,0.0028
2026-08-03 23:47:38,ETHUSDT,BINANCE,TRADE,1873.53,0.0032
2026-08-03 23:47:38,ETHUSDT,BINANCE,TRADE,1873.53,0.0032
2026-08-03 23:47:38,ETHUSDT,BINANCE,TRADE,1873.53,0.0028
2026-08-03 23:47:38,ETHUSDT,BINANCE,TRADE,1873.53,0.1146
2026-08-03 23:47:38,BTCUSDT,BINANCE,TRADE,63982,0.21862
2026-08-03 23:47:38,BTCUSDT,BINANCE,TRADE,63982,8e-05
2026-08-03 23:47:38,BTCUSDT,BINANCE,TRADE,63982,8e-05
2026-08-03 23:47:38,BTCUSDT,BINANCE,TRADE,63982,8e-05
2026-08-03 23:47:38,BTCUSDT,BINANCE,TRADE,63982,9e-05
2026-08-03 23:47:38,BTCUSDT,BINANCE,TRADE,63982,9e-05
2026-08-03 23:47:38,BTCUSDT,BINANCE,TRADE,63982,9e-05
2026-08-03 23:47:38,BTCUSDT,BINANCE,TRADE,63982,9e-05
2026-08-03 23:47:38,BTCUSDT,BINANCE,TRADE,63982,9e-05
2026-08-03 23:47:38,BTCUSDT,BINANCE,TRADE,63982,9e-05
2026-08-03 23:47:38,BTCUSDT,BINANCE,TRADE,63982,8e-05
2026-08-03 23:47:38,BTCUSDT,BINANCE,TRADE,63982,9e-05
2026-08-03 23:47:38,BTCUSDT,BINANCE,TRADE,63982,0.0181
2026-08-03 23:47:38,BTCUSDT,BINANCE,TRADE,63982,8e-05
2026-08-03 23:47:38,BTCUSDT,BINANCE,TRADE,63982,9e-05
2026-08-03 23:47:38,BTCUSDT,BINANCE,TRADE,63982,0.05
2026-08-03 23:47:38,BTCUSDT,BINANCE,TRADE,63982,0.00016
2026-08-03 23:47:38,BTCUSDT,BINANCE,TRADE,63982,0.0001
2026-08-03 23:47:38,BTCUSDT,BINANCE,TRADE,63982,9e-05
2026-08-03 23:47:38,BTCUSDT,BINANCE,TRADE,63982,9e-05
2026-08-03 23:47:38,BTCUSDT,BINANCE,TRADE,63982,9e-05
2026-08-03 23:47:38,BTCUSDT,BINANCE,TRADE,63982,9e-05
2026-08-03 23:47:38,BTCUSDT,BINANCE,TRADE,63982,8e-05
2026-08-03 23:47:38,BTCUSDT,BINANCE,TRADE,63982,8e-05
2026-08-03 23:47:38,BTCUSDT,BINANCE,TRADE,63982,8e-05
2026-08-03 23:47:38,BTCUSDT,BINANCE,TRADE,63982,8e-05
2026-08-03 23:47:38,BTCUSDT,BINANCE,TRADE,63982,8e-05
2026-08-03 23:47:38,BTCUSDT,BINANCE,TRADE,63982,9e-05
2026-08-03 23:47:38,BTCUSDT,BINANCE,TRADE,63982,9e-05
2026-08-03 23:47:38,BTCUSDT,BINANCE,TRADE,63982,9e-05
2026-08-03 23:47:38,BTCUSDT,BINANCE,TRADE,63982,9e-05
2026-08-03 23:47:38,BTCUSDT,BINANCE,TRADE,63982,9e-05
2026-08-03 23:47:38,BTCUSDT,BINANCE,TRADE,63982,0.00016
2026-08-03 23:47:38,BTCUSDT,BINANCE,TRADE,63982,9e-05
2026-08-03 23:47:38,BTCUSDT,BINANCE,TRADE,63982,1e-05
2026-08-03 23:47:38,BTCUSDT,BINANCE,TRADE,63982,8e-05
2026-08-03 23:47:38,BTCUSDT,BINANCE,TRADE,63982,0.00016
2026-08-03 23:47:38,BTCUSDT,BINANCE,TRADE,63981.7,8e-05
2026-08-03 23:47:38,BTCUSDT,BINANCE,TRADE,63982,8e-05
2026-08-03 23:47:38,BTCUSDT,BINANCE,TRADE,63982,9e-05
2026-08-03 23:47:38,BTCUSDT,BINANCE,TRADE,63982,9e-05
2026-08-03 23:47:38,BTCUSDT,BINANCE,TRADE,63982,9e-05
2026-08-03 23:47:38,BTCUSDT,BINANCE,TRADE,63982,9e-05
2026-08-03 23:47:38,BTCUSDT,BINANCE,TRADE,63982,9e-05
2026-08-03 23:47:38,BTCUSDT,BINANCE,TRADE,63982,8e-05
2026-08-03 23:47:38,BTCUSDT,BINANCE,TRADE,63982,0.17527
2026-08-03 23:47:38,BTCUSDT,BINANCE,TRADE,63982,9e-05
2026-08-03 23:47:38,BTCUSDT,BINANCE,TRADE,63982,8e-05
2026-08-03 23:47:38,BTCUSDT,BINANCE,TRADE,63980.6,8e-05
2026-08-03 23:47:38,BTCUSDT,BINANCE,TRADE,63980.6,9e-05
2026-08-03 23:47:38,BTCUSDT,BINANCE,TRADE,63980.6,9e-05
2026-08-03 23:47:38,BTCUSDT,BINANCE,TRADE,63980.6,8e-05
2026-08-03 23:47:38,BTCUSDT,BINANCE,TRADE,63980.5,8e-05
2026-08-03 23:47:38,BTCUSDT,BINANCE,TRADE,63980.5,8e-05
2026-08-03 23:47:38,BTCUSDT,BINANCE,TRADE,63980.5,8e-05
2026-08-03 23:47:38,BTCUSDT,BINANCE,TRADE,63980.5,8e-05
2026-08-03 23:47:38,BTCUSDT,BINANCE,TRADE,63980,9e-05
2026-08-03 23:47:38,BTCUSDT,BINANCE,TRADE,63980,9e-05
2026-08-03 23:47:38,BTCUSDT,BINANCE,TRADE,63980,9e-05
2026-08-03 23:47:38,BTCUSDT,BINANCE,TRADE,63980,0.006
2026-08-03 23:47:38,BTCUSDT,BINANCE,TRADE,63980,0.002
2026-08-03 23:47:38,BTCUSDT,BINANCE,TRADE,63980,0.005
2026-08-03 23:47:38,BTCUSDT,BINANCE,TRADE,63980,0.00023
2026-08-03 23:47:38,BTCUSDT,BINANCE,TRADE,63980,0.008
2026-08-03 23:47:38,BTCUSDT,BINANCE,TRADE,63980,9e-05
2026-08-03 23:47:38,BTCUSDT,BINANCE,TRADE,63980,9e-05
2026-08-03 23:47:38,BTCUSDT,BINANCE,TRADE,63980,8e-05
2026-08-03 23:47:38,BTCUSDT,BINANCE,TRADE,63980,8e-05
2026-08-03 23:47:38,BTCUSDT,BINANCE,TRADE,63979.7,8e-05
2026-08-03 23:47:38,BTCUSDT,BINANCE,TRADE,63979.7,8e-05
2026-08-03 23:47:38,BTCUSDT,BINANCE,TRADE,63979.4,0.00024
2026-08-03 23:47:38,BTCUSDT,BINANCE,TRADE,63979.4,0.00782
2026-08-03 23:47:38,BTCUSDT,BINANCE,TRADE,63979.4,9e-05
2026-08-03 23:47:38,BTCUSDT,BINANCE,TRADE,63979.4,9e-05
2026-08-03 23:47:38,BTCUSDT,BINANCE,TRADE,63979,8e-05
2026-08-03 23:47:38,BTCUSDT,BINANCE,TRADE,63978.6,9e-05
2026-08-03 23:47:38,BTCUSDT,BINANCE,TRADE,63978.1,8e-05
2026-08-03 23:47:38,BTCUSDT,BINANCE,TRADE,63978.1,8e-05
2026-08-03 23:47:38,BTCUSDT,BINANCE,TRADE,63978.1,8e-05
2026-08-03 23:47:38,BTCUSDT,BINANCE,TRADE,63978.1,8e-05
2026-08-03 23:47:38,BTCUSDT,BINANCE,TRADE,63978.1,8e-05
2026-08-03 23:47:38,BTCUSDT,BINANCE,TRADE,63978,9e-05
2026-08-03 23:47:38,BTCUSDT,BINANCE,TRADE,63978,9e-05
2026-08-03 23:47:38,BTCUSDT,BINANCE,TRADE,63978,9e-05
2026-08-03 23:47:38,BTCUSDT,BINANCE,TRADE,63978,0.006
2026-08-03 23:47:38,BTCUSDT,BINANCE,TRADE,63978,0.002
2026-08-03 23:47:38,BTCUSDT,BINANCE,TRADE,63978,0.002
2026-08-03 23:47:38,BTCUSDT,BINANCE,TRADE,63978,0.003
2026-08-03 23:47:38,BTCUSDT,BINANCE,TRADE,63978,0.008
2026-08-03 23:47:38,BTCUSDT,BINANCE,TRADE,63978,9e-05
2026-08-03 23:47:38,BTCUSDT,BINANCE,TRADE,63978,9e-05
2026-08-03 23:47:38,BTCUSDT,BINANCE,TRADE,63978,8e-05
2026-08-03 23:47:38,BTCUSDT,BINANCE,TRADE,63978,9e-05
2026-08-03 23:47:38,BTCUSDT,BINANCE,TRADE,63978,9e-05
2026-08-03 23:47:38,BTCUSDT,BINANCE,TRADE,63978,9e-05
2026-08-03 23:47:38,BTCUSDT,BINANCE,TRADE,63978,9e-05
2026-08-03 23:47:38,BTCUSDT,BINANCE,TRADE,63978,9e-05
2026-08-03 23:47:38,BTCUSDT,BINANCE,TRADE,63978,9e-05
2026-08-03 23:47:38,BTCUSDT,BINANCE,TRADE,63978,8e-05
2026-08-03 23:47:38,BTCUSDT,BINANCE,TRADE,63978,9e-05
2026-08-03 23:47:38,BTCUSDT,BINANCE,TRADE,63978,9e-05
2026-08-03 23:47:38,BTCUSDT,BINANCE,TRADE,63978,9e-05
2026-08-03 23:47:38,BTCUSDT,BINANCE,TRADE,63978,9e-05
2026-08-03 23:47:38,BTCUSDT,BINANCE,TRADE,63978,8e-05
2026-08-03 23:47:38,BTCUSDT,BINANCE,TRADE,63978,8e-05
2026-08-03 23:47:38,BTCUSDT,BINANCE,TRADE,63978,9e-05
2026-08-03 23:47:38,BTCUSDT,BINANCE,TRADE,63978,9e-05
2026-08-03 23:47:38,BTCUSDT,BINANCE,TRADE,63978,9e-05
2026-08-03 23:47:38,BTCUSDT,BINANCE,TRADE,63978,9e-05
2026-08-03 23:47:38,BTCUSDT,BINANCE,TRADE,63978,9e-05
2026-08-03 23:47:38,BTCUSDT,BINANCE,TRADE,63978,9e-05
2026-08-03 23:47:38,BTCUSDT,BINANCE,TRADE,63978,9e-05
2026-08-03 23:47:38,BTCUSDT,BINANCE,TRADE,63978,9e-05
2026-08-03 23:47:38,BTCUSDT,BINANCE,TRADE,63978,9e-05
2026-08-03 23:47:38,BTCUSDT,BINANCE,TRADE,63978,8e-05
2026-08-03 23:47:38,BTCUSDT,BINANCE,TRADE,63977.8,8e-05
2026-08-03 23:47:38,BTCUSDT,BINANCE,TRADE,63977.8,8e-05
2026-08-03 23:47:38,BTCUSDT,BINANCE,TRADE,63977.6,8e-05
2026-08-03 23:47:38,BTCUSDT,BINANCE,TRADE,63977.6,8e-05
2026-08-03 23:47:38,BTCUSDT,BINANCE,TRADE,63976.9,8e-05
2026-08-03 23:47:38,BTCUSDT,BINANCE,TRADE,63976.5,8e-05
2026-08-03 23:47:38,BTCUSDT,BINANCE,TRADE,63976,8e-05
2026-08-03 23:47:38,BTCUSDT,BINANCE,TRADE,63976,9e-05
2026-08-03 23:47:38,BTCUSDT,BINANCE,TRADE,63976,9e-05
2026-08-03 23:47:38,BTCUSDT,BINANCE,TRADE,63976,9e-05
2026-08-03 23:47:38,BTCUSDT,BINANCE,TRADE,63976,0.006
2026-08-03 23:47:38,BTCUSDT,BINANCE,TRADE,63976,0.002
2026-08-03 23:47:38,BTCUSDT,BINANCE,TRADE,63976,0.005
2026-08-03 23:47:38,BTCUSDT,BINANCE,TRADE,63976,0.008
2026-08-03 23:47:38,BTCUSDT,BINANCE,TRADE,63976,9e-05
2026-08-03 23:47:38,BTCUSDT,BINANCE,TRADE,63976,9e-05
2026-08-03 23:47:38,BTCUSDT,BINANCE,TRADE,63976,9e-05
2026-08-03 23:47:38,BTCUSDT,BINANCE,TRADE,63976,9e-05
2026-08-03 23:47:38,BTCUSDT,BINANCE,TRADE,63976,0.00464
2026-08-03 23:47:38,BTCUSDT,BINANCE,TRADE,63976,0.01
2026-08-03 23:47:38,BTCUSDT,BINANCE,TRADE,63976,0.026
2026-08-03 23:47:38,BTCUSDT,BINANCE,TRADE,63976,0.026
2026-08-03 23:47:38,BTCUSDT,BINANCE,TRADE,63976,0.00341
2026-08-03 23:47:38,BTCUSDT,BINANCE,TRADE,63976,9e-05
2026-08-03 23:47:38,BTCUSDT,BINANCE,TRADE,63976,9e-05
2026-08-03 23:47:38,BTCUSDT,BINANCE,TRADE,63976,9e-05
2026-08-03 23:47:38,BTCUSDT,BINANCE,TRADE,63976,9e-05
2026-08-03 23:47:38,BTCUSDT,BINANCE,TRADE,63976,9e-05
2026-08-03 23:47:38,BTCUSDT,BINANCE,TRADE,63976,0.02214
2026-08-03 23:47:38,BTCUSDT,BINANCE,TRADE,63976,0.001
2026-08-03 23:47:38,BTCUSDT,BINANCE,TRADE,63976,0.01
2026-08-03 23:47:38,BTCUSDT,BINANCE,TRADE,63976,0.003
2026-08-03 23:47:38,BTCUSDT,BINANCE,TRADE,63976,0.012
2026-08-03 23:47:38,BTCUSDT,BINANCE,TRADE,63976,0.01
2026-08-03 23:47:38,BTCUSDT,BINANCE,TRADE,63976,0.003
2026-08-03 23:47:38,BTCUSDT,BINANCE,TRADE,63976,0.01
2026-08-03 23:47:38,BTCUSDT,BINANCE,TRADE,63976,0.01
2026-08-03 23:47:38,BTCUSDT,BINANCE,TRADE,63976,0.01
2026-08-03 23:47:38,BTCUSDT,BINANCE,TRADE,63976,0.00409
2026-08-03 23:47:38,BTCUSDT,BINANCE,TRADE,63976,9e-05
2026-08-03 23:47:38,BTCUSDT,BINANCE,TRADE,63976,0.02182
2026-08-03 23:47:38,BTCUSDT,BINANCE,TRADE,63976,0.01
2026-08-03 23:47:38,BTCUSDT,BINANCE,TRADE,63976,0.01
2026-08-03 23:47:38,BTCUSDT,BINANCE,TRADE,63976,9e-05
2026-08-03 23:47:38,BTCUSDT,BINANCE,TRADE,63976,9e-05
2026-08-03 23:47:38,BTCUSDT,BINANCE,TRADE,63976,9e-05
2026-08-03 23:47:38,BTCUSDT,BINANCE,TRADE,63976,9e-05
2026-08-03 23:47:38,BTCUSDT,BINANCE,TRADE,63976,8e-05
2026-08-03 23:47:38,BTCUSDT,BINANCE,TRADE,63976,9e-05
2026-08-03 23:47:38,BTCUSDT,BINANCE,TRADE,63976,9e-05
2026-08-03 23:47:38,BTCUSDT,BINANCE,TRADE,63976,9e-05
2026-08-03 23:47:38,BTCUSDT,BINANCE,TRADE,63976,9e-05
2026-08-03 23:47:38,BTCUSDT,BINANCE,TRADE,63976,9e-05
2026-08-03 23:47:38,BTCUSDT,BINANCE,TRADE,63976,8e-05
2026-08-03 23:47:38,BTCUSDT,BINANCE,TRADE,63976,9e-05
2026-08-03 23:47:38,BTCUSDT,BINANCE,TRADE,63976,8e-05
2026-08-03 23:47:38,BTCUSDT,BINANCE,TRADE,63976,9e-05
2026-08-03 23:47:38,BTCUSDT,BINANCE,TRADE,63976,9e-05
2026-08-03 23:47:38,BTCUSDT,BINANCE,TRADE,63976,9e-05
2026-08-03 23:47:38,BTCUSDT,BINANCE,TRADE,63976,9e-05
2026-08-03 23:47:38,BTCUSDT,BINANCE,TRADE,63976,9e-05
2026-08-03 23:47:38,BTCUSDT,BINANCE,TRADE,63976,9e-05
2026-08-03 23:47:38,BTCUSDT,BINANCE,TRADE,63976,9e-05
2026-08-03 23:47:38,BTCUSDT,BINANCE,TRADE,63976,9e-05
2026-08-03 23:47:38,BTCUSDT,BINANCE,TRADE,63976,8e-05
2026-08-03 23:47:38,BTCUSDT,BINANCE,TRADE,63976,8e-05
2026-08-03 23:47:38,BTCUSDT,BINANCE,TRADE,63976,9e-05
2026-08-03 23:47:38,BTCUSDT,BINANCE,TRADE,63976,9e-05
2026-08-03 23:47:38,BTCUSDT,BINANCE,TRADE,63976,9e-05
2026-08-03 23:47:38,BTCUSDT,BINANCE,TRADE,63976,9e-05
2026-08-03 23:47:38,BTCUSDT,BINANCE,TRADE,63976,9e-05
2026-08-03 23:47:38,BTCUSDT,BINANCE,TRADE,63976,9e-05
2026-08-03 23:47:38,BTCUSDT,BINANCE,TRADE,63976,9e-05
2026-08-03 23:47:38,BTCUSDT,BINANCE,TRADE,63976,9e-05
2026-08-03 23:47:38,BTCUSDT,BINANCE,TRADE,63976,8e-05
2026-08-03 23:47:38,BTCUSDT,BINANCE,TRADE,63974.8,8e-05
2026-08-03 23:47:38,BTCUSDT,BINANCE,TRADE,63974.5,0.00048
2026-08-03 23:47:38,BTCUSDT,BINANCE,TRADE,63974.4,9e-05
2026-08-03 23:47:38,BTCUSDT,BINANCE,TRADE,63974,9e-05
2026-08-03 23:47:38,BTCUSDT,BINANCE,TRADE,63974,9e-05
2026-08-03 23:47:38,BTCUSDT,BINANCE,TRADE,63974,9e-05
2026-08-03 23:47:38,BTCUSDT,BINANCE,TRADE,63974,0.006
2026-08-03 23:47:38,BTCUSDT,BINANCE,TRADE,63974,0.002
2026-08-03 23:47:38,BTCUSDT,BINANCE,TRADE,63974,0.005
2026-08-03 23:47:38,BTCUSDT,BINANCE,TRADE,63974,0.008
2026-08-03 23:47:38,BTCUSDT,BINANCE,TRADE,63974,9e-05
2026-08-03 23:47:38,BTCUSDT,BINANCE,TRADE,63974,9e-05
2026-08-03 23:47:38,BTCUSDT,BINANCE,TRADE,63973.7,0.02
2026-08-03 23:47:38,BTCUSDT,BINANCE,TRADE,63973.7,0.04
2026-08-03 23:47:38,BTCUSDT,BINANCE,TRADE,63973.7,0.01
2026-08-03 23:47:38,ETHUSDT,BINANCE,TRADE,1873.53,0.2915
2026-08-03 23:47:38,ETHUSDT,BINANCE,TRADE,1873.53,0.0028
2026-08-03 23:47:38,ETHUSDT,BINANCE,TRADE,1873.53,0.0027
2026-08-03 23:47:38,ETHUSDT,BINANCE,TRADE,1873.53,0.0027
2026-08-03 23:47:38,ETHUSDT,BINANCE,TRADE,1873.53,0.0027
2026-08-03 23:47:38,ETHUSDT,BINANCE,TRADE,1873.53,0.0028
2026-08-03 23:47:38,ETHUSDT,BINANCE,TRADE,1873.53,0.0028
2026-08-03 23:47:38,ETHUSDT,BINANCE,TRADE,1873.53,0.0028
2026-08-03 23:47:38,ETHUSDT,BINANCE,TRADE,1873.53,0.0028
2026-08-03 23:47:38,ETHUSDT,BINANCE,TRADE,1873.53,0.0032
2026-08-03 23:47:38,ETHUSDT,BINANCE,TRADE,1873.53,0.0032
2026-08-03 23:47:38,ETHUSDT,BINANCE,TRADE,1873.53,0.0027
2026-08-03 23:47:38,ETHUSDT,BINANCE,TRADE,1873.53,0.0027
2026-08-03 23:47:38,ETHUSDT,BINANCE,TRADE,1873.53,0.0027
2026-08-03 23:47:38,ETHUSDT,BINANCE,TRADE,1873.53,0.0027
2026-08-03 23:47:38,ETHUSDT,BINANCE,TRADE,1873.53,0.0027
2026-08-03 23:47:38,ETHUSDT,BINANCE,TRADE,1873.53,0.0027
2026-08-03 23:47:38,ETHUSDT,BINANCE,TRADE,1873.52,0.0027
2026-08-03 23:47:38,ETHUSDT,BINANCE,TRADE,1873.52,0.0027
2026-08-03 23:47:38,ETHUSDT,BINANCE,TRADE,1873.52,0.003
2026-08-03 23:47:38,ETHUSDT,BINANCE,TRADE,1873.52,0.0028
2026-08-03 23:47:38,ETHUSDT,BINANCE,TRADE,1873.52,0.0028
2026-08-03 23:47:38,ETHUSDT,BINANCE,TRADE,1873.52,0.0028
2026-08-03 23:47:38,ETHUSDT,BINANCE,TRADE,1873.52,0.0028
2026-08-03 23:47:38,ETHUSDT,BINANCE,TRADE,1873.52,0.0027
2026-08-03 23:47:38,ETHUSDT,BINANCE,TRADE,1873.52,0.0027
2026-08-03 23:47:38,ETHUSDT,BINANCE,TRADE,1873.51,0.0027
2026-08-03 23:47:38,ETHUSDT,BINANCE,TRADE,1873.51,0.0028
2026-08-03 23:47:38,ETHUSDT,BINANCE,TRADE,1873.51,0.0027
2026-08-03 23:47:38,ETHUSDT,BINANCE,TRADE,1873.51,0.0027
2026-08-03 23:47:38,ETHUSDT,BINANCE,TRADE,1873.51,0.0027
2026-08-03 23:47:38,ETHUSDT,BINANCE,TRADE,1873.51,0.0027
2026-08-03 23:47:38,ETHUSDT,BINANCE,TRADE,1873.5,0.0027
2026-08-03 23:47:38,ETHUSDT,BINANCE,TRADE,1873.5,0.0027
2026-08-03 23:47:38,ETHUSDT,BINANCE,TRADE,1873.5,0.0028
2026-08-03 23:47:38,ETHUSDT,BINANCE,TRADE,1873.5,0.0027
2026-08-03 23:47:38,ETHUSDT,BINANCE,TRADE,1873.5,0.0027
2026-08-03 23:47:38,ETHUSDT,BINANCE,TRADE,1873.5,0.0027
2026-08-03 23:47:38,ETHUSDT,BINANCE,TRADE,1873.5,0.0027
2026-08-03 23:47:38,ETHUSDT,BINANCE,TRADE,1873.5,0.0027
2026-08-03 23:47:38,ETHUSDT,BINANCE,TRADE,1873.49,0.0027
2026-08-03 23:47:38,ETHUSDT,BINANCE,TRADE,1873.49,0.0028
2026-08-03 23:47:38,ETHUSDT,BINANCE,TRADE,1873.49,0.0027
2026-08-03 23:47:38,ETHUSDT,BINANCE,TRADE,1873.49,0.0027
2026-08-03 23:47:38,ETHUSDT,BINANCE,TRADE,1873.49,0.0027
2026-08-03 23:47:38,ETHUSDT,BINANCE,TRADE,1873.49,0.0027
2026-08-03 23:47:38,ETHUSDT,BINANCE,TRADE,1873.48,0.0028
2026-08-03 23:47:38,ETHUSDT,BINANCE,TRADE,1873.47,0.0028
2026-08-03 23:47:38,ETHUSDT,BINANCE,TRADE,1873.47,0.0027
2026-08-03 23:47:38,ETHUSDT,BINANCE,TRADE,1873.47,0.0027
2026-08-03 23:47:38,ETHUSDT,BINANCE,TRADE,1873.46,0.0028
2026-08-03 23:47:38,ETHUSDT,BINANCE,TRADE,1873.46,0.0028
2026-08-03 23:47:38,ETHUSDT,BINANCE,TRADE,1873.46,0.0027
2026-08-03 23:47:38,ETHUSDT,BINANCE,TRADE,1873.46,0.0032
2026-08-03 23:47:38,ETHUSDT,BINANCE,TRADE,1873.46,0.0032
2026-08-03 23:47:38,ETHUSDT,BINANCE,TRADE,1873.46,0.0028
2026-08-03 23:47:38,ETHUSDT,BINANCE,TRADE,1873.46,0.0027
2026-08-03 23:47:38,ETHUSDT,BINANCE,TRADE,1873.46,0.0028
2026-08-03 23:47:38,ETHUSDT,BINANCE,TRADE,1873.46,0.0028
2026-08-03 23:47:38,ETHUSDT,BINANCE,TRADE,1873.46,0.0027
2026-08-03 23:47:38,ETHUSDT,BINANCE,TRADE,1873.45,0.0028
2026-08-03 23:47:38,ETHUSDT,BINANCE,TRADE,1873.45,0.0027
2026-08-03 23:47:38,ETHUSDT,BINANCE,TRADE,1873.45,0.0028
2026-08-03 23:47:38,ETHUSDT,BINANCE,TRADE,1873.45,0.0028
2026-08-03 23:47:38,ETHUSDT,BINANCE,TRADE,1873.45,0.0028
2026-08-03 23:47:38,ETHUSDT,BINANCE,TRADE,1873.45,0.0027
2026-08-03 23:47:38,ETHUSDT,BINANCE,TRADE,1873.44,0.0027
2026-08-03 23:47:38,ETHUSDT,BINANCE,TRADE,1873.44,0.0027
2026-08-03 23:47:38,ETHUSDT,BINANCE,TRADE,1873.44,0.0028
2026-08-03 23:47:38,ETHUSDT,BINANCE,TRADE,1873.44,0.0027
2026-08-03 23:47:38,SOLUSDT,BINANCE,TRADE,74.24,0.278
2026-08-03 23:47:38,SOLUSDT,BINANCE,TRADE,74.24,0.081
2026-08-03 23:47:38,SOLUSDT,BINANCE,TRADE,74.24,0.069
2026-08-03 23:47:38,SOLUSDT,BINANCE,TRADE,74.24,0.073
2026-08-03 23:47:38,SOLUSDT,BINANCE,TRADE,74.24,0.073
2026-08-03 23:47:38,SOLUSDT,BINANCE,TRADE,74.24,0.068
2026-08-03 23:47:38,SOLUSDT,BINANCE,TRADE,74.24,0.075
2026-08-03 23:47:38,SOLUSDT,BINANCE,TRADE,74.24,0.135
2026-08-03 23:47:38,SOLUSDT,BINANCE,TRADE,74.24,0.073
2026-08-03 23:47:38,SOLUSDT,BINANCE,TRADE,74.24,0.073
2026-08-03 23:47:38,SOLUSDT,BINANCE,TRADE,74.24,0.073
2026-08-03 23:47:38,SOLUSDT,BINANCE,TRADE,74.24,0.073
2026-08-03 23:47:38,SOLUSDT,BINANCE,TRADE,74.24,0.073
2026-08-03 23:47:38,SOLUSDT,BINANCE,TRADE,74.24,0.073
2026-08-03 23:47:38,SOLUSDT,BINANCE,TRADE,74.24,0.233
2026-08-03 23:47:38,SOLUSDT,BINANCE,TRADE,74.24,0.069
2026-08-03 23:47:38,SOLUSDT,BINANCE,TRADE,74.24,0.071
2026-08-03 23:47:38,SOLUSDT,BINANCE,TRADE,74.24,0.073
2026-08-03 23:47:38,SOLUSDT,BINANCE,TRADE,74.24,0.073
2026-08-03 23:47:38,BTCUSDT,BINANCE,TRADE,63973.7,3e-05
2026-08-03 23:47:38,BTCUSDT,BINANCE,TRADE,63973.7,9e-05
2026-08-03 23:47:38,BTCUSDT,BINANCE,TRADE,63973.7,9e-05
2026-08-03 23:47:38,BTCUSDT,BINANCE,TRADE,63973.7,9e-05
2026-08-03 23:47:38,BTCUSDT,BINANCE,TRADE,63973.7,9e-05
2026-08-03 23:47:38,BTCUSDT,BINANCE,TRADE,63973.7,8e-05
2026-08-03 23:47:38,BTCUSDT,BINANCE,TRADE,63973.7,8e-05
2026-08-03 23:47:38,BTCUSDT,BINANCE,TRADE,63973.7,9e-05
2026-08-03 23:47:38,BTCUSDT,BINANCE,TRADE,63973.7,9e-05
2026-08-03 23:47:38,BTCUSDT,BINANCE,TRADE,63973.7,9e-05
2026-08-03 23:47:38,BTCUSDT,BINANCE,TRADE,63973.7,9e-05
2026-08-03 23:47:38,BTCUSDT,BINANCE,TRADE,63973.7,9e-05
2026-08-03 23:47:38,BTCUSDT,BINANCE,TRADE,63973.7,9e-05
2026-08-03 23:47:38,BTCUSDT,BINANCE,TRADE,63973.7,8e-05
2026-08-03 23:47:38,BTCUSDT,BINANCE,TRADE,63973.7,9e-05
2026-08-03 23:47:38,BTCUSDT,BINANCE,TRADE,63973.7,9e-05
2026-08-03 23:47:38,BTCUSDT,BINANCE,TRADE,63973.7,8e-05
2026-08-03 23:47:38,BTCUSDT,BINANCE,TRADE,63973.7,8e-05
2026-08-03 23:47:38,BTCUSDT,BINANCE,TRADE,63973.7,9e-05
2026-08-03 23:47:38,BTCUSDT,BINANCE,TRADE,63973.7,9e-05
2026-08-03 23:47:38,BTCUSDT,BINANCE,TRADE,63973.7,9e-05
2026-08-03 23:47:38,BTCUSDT,BINANCE,TRADE,63973.7,9e-05
2026-08-03 23:47:38,BTCUSDT,BINANCE,TRADE,63973.7,0.00047
2026-08-03 23:47:38,BTCUSDT,BINANCE,TRADE,63973.7,8e-05
2026-08-03 23:47:38,BTCUSDT,BINANCE,TRADE,63973.7,8e-05
2026-08-03 23:47:38,BTCUSDT,BINANCE,TRADE,63973.7,8e-05
2026-08-03 23:47:38,BTCUSDT,BINANCE,TRADE,63973.7,8e-05
2026-08-03 23:47:38,BTCUSDT,BINANCE,TRADE,63973.7,8e-05
2026-08-03 23:47:38,BTCUSDT,BINANCE,TRADE,63973.6,9e-05
2026-08-03 23:47:38,BTCUSDT,BINANCE,TRADE,63973.6,9e-05
2026-08-03 23:47:38,BTCUSDT,BINANCE,TRADE,63973.6,9e-05
2026-08-03 23:47:38,BTCUSDT,BINANCE,TRADE,63973.6,9e-05
2026-08-03 23:47:38,BTCUSDT,BINANCE,TRADE,63973.6,9e-05
2026-08-03 23:47:38,BTCUSDT,BINANCE,TRADE,63973.6,9e-05
2026-08-03 23:47:38,BTCUSDT,BINANCE,TRADE,63973.6,9e-05
2026-08-03 23:47:38,BTCUSDT,BINANCE,TRADE,63973.6,9e-05
2026-08-03 23:47:38,BTCUSDT,BINANCE,TRADE,63973.6,9e-05
2026-08-03 23:47:38,BTCUSDT,BINANCE,TRADE,63973.5,0.00012
2026-08-03 23:47:38,BTCUSDT,BINANCE,TRADE,63973.3,8e-05
2026-08-03 23:47:38,BTCUSDT,BINANCE,TRADE,63973.1,0.00024
2026-08-03 23:47:38,BTCUSDT,BINANCE,TRADE,63972.3,9e-05
2026-08-03 23:47:38,BTCUSDT,BINANCE,TRADE,63972.2,0.00048
2026-08-03 23:47:38,BTCUSDT,BINANCE,TRADE,63972,9e-05
2026-08-03 23:47:38,BTCUSDT,BINANCE,TRADE,63972,9e-05
2026-08-03 23:47:38,BTCUSDT,BINANCE,TRADE,63972,9e-05
2026-08-03 23:47:38,BTCUSDT,BINANCE,TRADE,63972,0.006
2026-08-03 23:47:38,BTCUSDT,BINANCE,TRADE,63972,0.002
2026-08-03 23:47:38,BTCUSDT,BINANCE,TRADE,63972,0.005
2026-08-03 23:47:38,BTCUSDT,BINANCE,TRADE,63972,0.008
2026-08-03 23:47:38,BTCUSDT,BINANCE,TRADE,63972,9e-05
2026-08-03 23:47:38,BTCUSDT,BINANCE,TRADE,63972,9e-05
2026-08-03 23:47:38,BTCUSDT,BINANCE,TRADE,63972,9e-05
2026-08-03 23:47:38,BTCUSDT,BINANCE,TRADE,63971.4,0.00188
2026-08-03 23:47:38,ETHUSDT,BINANCE,TRADE,1873.43,0.0028
2026-08-03 23:47:38,ETHUSDT,BINANCE,TRADE,1873.43,0.0027
2026-08-03 23:47:38,ETHUSDT,BINANCE,TRADE,1873.43,0.0027
2026-08-03 23:47:38,ETHUSDT,BINANCE,TRADE,1873.43,0.0028
2026-08-03 23:47:38,ETHUSDT,BINANCE,TRADE,1873.43,0.0028
2026-08-03 23:47:38,ETHUSDT,BINANCE,TRADE,1873.43,0.0032
2026-08-03 23:47:38,ETHUSDT,BINANCE,TRADE,1873.43,0.0032
2026-08-03 23:47:38,ETHUSDT,BINANCE,TRADE,1873.43,0.0028
2026-08-03 23:47:38,ETHUSDT,BINANCE,TRADE,1873.43,0.0028
2026-08-03 23:47:38,ETHUSDT,BINANCE,TRADE,1873.43,0.0028
2026-08-03 23:47:38,ETHUSDT,BINANCE,TRADE,1873.43,0.0028
2026-08-03 23:47:38,ETHUSDT,BINANCE,TRADE,1873.43,0.0028
2026-08-03 23:47:38,ETHUSDT,BINANCE,TRADE,1873.43,0.0027
2026-08-03 23:47:38,ETHUSDT,BINANCE,TRADE,1873.42,0.0041
2026-08-03 23:47:38,ETHUSDT,BINANCE,TRADE,1873.42,0.0027
2026-08-03 23:47:38,ETHUSDT,BINANCE,TRADE,1873.42,0.0028
2026-08-03 23:47:38,ETHUSDT,BINANCE,TRADE,1873.42,0.0028
2026-08-03 23:47:38,ETHUSDT,BINANCE,TRADE,1873.42,0.0028
2026-08-03 23:47:38,ETHUSDT,BINANCE,TRADE,1873.42,0.0028
2026-08-03 23:47:38,ETHUSDT,BINANCE,TRADE,1873.42,0.0027
2026-08-03 23:47:38,ETHUSDT,BINANCE,TRADE,1873.42,0.0027
2026-08-03 23:47:38,ETHUSDT,BINANCE,TRADE,1873.42,0.0027
2026-08-03 23:47:38,ETHUSDT,BINANCE,TRADE,1873.42,0.0027
2026-08-03 23:47:38,ETHUSDT,BINANCE,TRADE,1873.41,0.0027
2026-08-03 23:47:38,ETHUSDT,BINANCE,TRADE,1873.41,0.0028
2026-08-03 23:47:38,ETHUSDT,BINANCE,TRADE,1873.41,0.0027
2026-08-03 23:47:38,ETHUSDT,BINANCE,TRADE,1873.41,0.0027
2026-08-03 23:47:38,ETHUSDT,BINANCE,TRADE,1873.41,0.0027
2026-08-03 23:47:38,ETHUSDT,BINANCE,TRADE,1873.41,0.0027
2026-08-03 23:47:38,ETHUSDT,BINANCE,TRADE,1873.4,0.0027
2026-08-03 23:47:38,ETHUSDT,BINANCE,TRADE,1873.4,0.0027
2026-08-03 23:47:38,ETHUSDT,BINANCE,TRADE,1873.4,0.0027
2026-08-03 23:47:38,ETHUSDT,BINANCE,TRADE,1873.4,0.0028
2026-08-03 23:47:38,ETHUSDT,BINANCE,TRADE,1873.4,0.0027
2026-08-03 23:47:38,ETHUSDT,BINANCE,TRADE,1873.4,0.0027
2026-08-03 23:47:38,ETHUSDT,BINANCE,TRADE,1873.4,0.0027
2026-08-03 23:47:38,ETHUSDT,BINANCE,TRADE,1873.4,0.0027
2026-08-03 23:47:38,ETHUSDT,BINANCE,TRADE,1873.4,0.0027
2026-08-03 23:47:38,ETHUSDT,BINANCE,TRADE,1873.38,0.0028
2026-08-03 23:47:38,ETHUSDT,BINANCE,TRADE,1873.38,0.0028
2026-08-03 23:47:38,ETHUSDT,BINANCE,TRADE,1873.38,0.0028
2026-08-03 23:47:38,ETHUSDT,BINANCE,TRADE,1873.38,0.0032
2026-08-03 23:47:38,ETHUSDT,BINANCE,TRADE,1873.38,0.0032
2026-08-03 23:47:38,ETHUSDT,BINANCE,TRADE,1873.38,0.0027
2026-08-03 23:47:38,ETHUSDT,BINANCE,TRADE,1873.38,0.0027
2026-08-03 23:47:38,ETHUSDT,BINANCE,TRADE,1873.38,0.0028
2026-08-03 23:47:38,ETHUSDT,BINANCE,TRADE,1873.38,0.0027
2026-08-03 23:47:38,ETHUSDT,BINANCE,TRADE,1873.38,0.0027
2026-08-03 23:47:38,ETHUSDT,BINANCE,TRADE,1873.38,0.0027
2026-08-03 23:47:38,ETHUSDT,BINANCE,TRADE,1873.37,0.0027
2026-08-03 23:47:38,ETHUSDT,BINANCE,TRADE,1873.37,0.0029
2026-08-03 23:47:38,ETHUSDT,BINANCE,TRADE,1873.37,0.0029
2026-08-03 23:47:38,ETHUSDT,BINANCE,TRADE,1873.37,0.0028
2026-08-03 23:47:38,ETHUSDT,BINANCE,TRADE,1873.37,0.0028
2026-08-03 23:47:38,ETHUSDT,BINANCE,TRADE,1873.37,0.0028
2026-08-03 23:47:38,ETHUSDT,BINANCE,TRADE,1873.37,0.0028
2026-08-03 23:47:38,ETHUSDT,BINANCE,TRADE,1873.37,0.0029
2026-08-03 23:47:38,ETHUSDT,BINANCE,TRADE,1873.36,0.004
2026-08-03 23:47:38,SOLUSDT,BINANCE,TRADE,74.23,0.278
2026-08-03 23:47:38,SOLUSDT,BINANCE,TRADE,74.23,0.068
2026-08-03 23:47:38,SOLUSDT,BINANCE,TRADE,74.23,0.102
2026-08-03 23:47:38,SOLUSDT,BINANCE,TRADE,74.23,0.081
2026-08-03 23:47:38,SOLUSDT,BINANCE,TRADE,74.23,0.069
2026-08-03 23:47:38,SOLUSDT,BINANCE,TRADE,74.23,0.068
2026-08-03 23:47:38,SOLUSDT,BINANCE,TRADE,74.23,0.075
2026-08-03 23:47:38,SOLUSDT,BINANCE,TRADE,74.23,0.1
2026-08-03 23:47:38,SOLUSDT,BINANCE,TRADE,74.23,0.073
2026-08-03 23:47:38,SOLUSDT,BINANCE,TRADE,74.23,0.073
2026-08-03 23:47:38,SOLUSDT,BINANCE,TRADE,74.23,0.15
2026-08-03 23:47:38,SOLUSDT,BINANCE,TRADE,74.23,3.689
2026-08-03 23:47:38,SOLUSDT,BINANCE,TRADE,74.23,7.611
2026-08-03 23:47:38,SOLUSDT,BINANCE,TRADE,74.23,0.073
2026-08-03 23:47:38,SOLUSDT,BINANCE,TRADE,74.23,0.073
2026-08-03 23:47:38,SOLUSDT,BINANCE,TRADE,74.23,0.073
2026-08-03 23:47:38,SOLUSDT,BINANCE,TRADE,74.23,0.073
2026-08-03 23:47:38,SOLUSDT,BINANCE,TRADE,74.23,0.073
2026-08-03 23:47:38,SOLUSDT,BINANCE,TRADE,74.23,0.073
2026-08-03 23:47:38,SOLUSDT,BINANCE,TRADE,74.23,0.071
2026-08-03 23:47:38,SOLUSDT,BINANCE,TRADE,74.23,0.207
2026-08-03 23:47:38,SOLUSDT,BINANCE,TRADE,74.23,0.069
2026-08-03 23:47:38,SOLUSDT,BINANCE,TRADE,74.23,0.073
2026-08-03 23:47:38,SOLUSDT,BINANCE,TRADE,74.23,0.073
2026-08-03 23:47:38,SOLUSDT,BINANCE,TRADE,74.23,0.068
2026-08-03 23:47:38,SOLUSDT,BINANCE,TRADE,74.23,0.073
2026-08-03 23:47:38,SOLUSDT,BINANCE,TRADE,74.23,0.073
2026-08-03 23:47:38,BTCUSDT,BINANCE,TRADE,63970.5,9e-05
2026-08-03 23:47:38,BTCUSDT,BINANCE,TRADE,63970.5,1e-05
2026-08-03 23:47:38,ETHUSDT,BINANCE,TRADE,1873.36,0.003
2026-08-03 23:47:39,BTCUSDT,BINANCE,TRADE,63970.5,9e-05
2026-08-03 23:47:39,BTCUSDT,BINANCE,TRADE,63970.5,0.0003
2026-08-03 23:47:40,SOLUSDT,BINANCE,TRADE,74.22,2.735
2026-08-03 23:47:41,SOLUSDT,BINANCE,TRADE,74.22,22.504
2026-08-03 23:47:41,SOLUSDT,BINANCE,TRADE,74.23,1.347
2026-08-03 23:47:41,ETHUSDT,BINANCE,TRADE,1873.36,0.8604
2026-08-03 23:47:41,ETHUSDT,BINANCE,TRADE,1873.36,0.0027
2026-08-03 23:47:41,ETHUSDT,BINANCE,TRADE,1873.36,0.0028
2026-08-03 23:47:41,ETHUSDT,BINANCE,TRADE,1873.36,0.0027
2026-08-03 23:47:41,ETHUSDT,BINANCE,TRADE,1873.36,0.0028
2026-08-03 23:47:41,ETHUSDT,BINANCE,TRADE,1873.36,0.0032
2026-08-03 23:47:41,ETHUSDT,BINANCE,TRADE,1873.36,0.0028
2026-08-03 23:47:41,ETHUSDT,BINANCE,TRADE,1873.36,0.0054
2026-08-03 23:47:41,ETHUSDT,BINANCE,TRADE,1873.36,0.0028
2026-08-03 23:47:41,ETHUSDT,BINANCE,TRADE,1873.36,0.0028
2026-08-03 23:47:41,ETHUSDT,BINANCE,TRADE,1873.36,0.0032
2026-08-03 23:47:41,ETHUSDT,BINANCE,TRADE,1873.36,0.0027
2026-08-03 23:47:41,ETHUSDT,BINANCE,TRADE,1873.36,0.0027
2026-08-03 23:47:41,ETHUSDT,BINANCE,TRADE,1873.36,0.0027
2026-08-03 23:47:41,ETHUSDT,BINANCE,TRADE,1873.36,0.0027
2026-08-03 23:47:41,ETHUSDT,BINANCE,TRADE,1873.35,0.0027
2026-08-03 23:47:41,ETHUSDT,BINANCE,TRADE,1873.35,0.0027
2026-08-03 23:47:41,ETHUSDT,BINANCE,TRADE,1873.35,0.0027
2026-08-03 23:47:41,ETHUSDT,BINANCE,TRADE,1873.35,0.0027
2026-08-03 23:47:41,ETHUSDT,BINANCE,TRADE,1873.35,0.0028
2026-08-03 23:47:41,ETHUSDT,BINANCE,TRADE,1873.35,0.0027
2026-08-03 23:47:41,ETHUSDT,BINANCE,TRADE,1873.35,0.0027
2026-08-03 23:47:41,ETHUSDT,BINANCE,TRADE,1873.35,0.0028
2026-08-03 23:47:41,ETHUSDT,BINANCE,TRADE,1873.35,0.0028
2026-08-03 23:47:41,ETHUSDT,BINANCE,TRADE,1873.35,0.0054
2026-08-03 23:47:41,ETHUSDT,BINANCE,TRADE,1873.35,0.0028
2026-08-03 23:47:41,ETHUSDT,BINANCE,TRADE,1873.35,0.0028
2026-08-03 23:47:41,ETHUSDT,BINANCE,TRADE,1873.35,0.0027
2026-08-03 23:47:41,ETHUSDT,BINANCE,TRADE,1873.35,0.0027
2026-08-03 23:47:41,ETHUSDT,BINANCE,TRADE,1873.35,0.0027
2026-08-03 23:47:41,ETHUSDT,BINANCE,TRADE,1873.35,0.0027
2026-08-03 23:47:41,ETHUSDT,BINANCE,TRADE,1873.35,0.0027
2026-08-03 23:47:41,ETHUSDT,BINANCE,TRADE,1873.34,0.0028
2026-08-03 23:47:41,ETHUSDT,BINANCE,TRADE,1873.34,0.0054
2026-08-03 23:47:41,ETHUSDT,BINANCE,TRADE,1873.33,0.0028
2026-08-03 23:47:41,ETHUSDT,BINANCE,TRADE,1873.33,0.0028
2026-08-03 23:47:41,ETHUSDT,BINANCE,TRADE,1873.32,0.0027
2026-08-03 23:47:41,ETHUSDT,BINANCE,TRADE,1873.32,0.0028
2026-08-03 23:47:41,ETHUSDT,BINANCE,TRADE,1873.32,0.0027
2026-08-03 23:47:41,ETHUSDT,BINANCE,TRADE,1873.31,0.0027
2026-08-03 23:47:41,ETHUSDT,BINANCE,TRADE,1873.31,0.0027
2026-08-03 23:47:41,ETHUSDT,BINANCE,TRADE,1873.31,0.0028
2026-08-03 23:47:41,ETHUSDT,BINANCE,TRADE,1873.31,0.0028
2026-08-03 23:47:41,ETHUSDT,BINANCE,TRADE,1873.31,0.0027
2026-08-03 23:47:41,ETHUSDT,BINANCE,TRADE,1873.3,0.003
2026-08-03 23:47:41,ETHUSDT,BINANCE,TRADE,1873.3,0.0028
2026-08-03 23:47:41,ETHUSDT,BINANCE,TRADE,1873.28,0.0027
2026-08-03 23:47:41,ETHUSDT,BINANCE,TRADE,1873.28,0.0028
2026-08-03 23:47:41,ETHUSDT,BINANCE,TRADE,1873.28,0.0027
2026-08-03 23:47:41,ETHUSDT,BINANCE,TRADE,1873.27,0.0028
2026-08-03 23:47:41,ETHUSDT,BINANCE,TRADE,1873.27,0.0028
2026-08-03 23:47:41,ETHUSDT,BINANCE,TRADE,1873.26,0.0027
2026-08-03 23:47:41,ETHUSDT,BINANCE,TRADE,1873.26,0.0027
2026-08-03 23:47:41,ETHUSDT,BINANCE,TRADE,1873.26,0.0027
2026-08-03 23:47:41,ETHUSDT,BINANCE,TRADE,1873.26,0.0027
2026-08-03 23:47:41,ETHUSDT,BINANCE,TRADE,1873.26,0.0027
2026-08-03 23:47:41,ETHUSDT,BINANCE,TRADE,1873.26,0.0027
2026-08-03 23:47:41,ETHUSDT,BINANCE,TRADE,1873.24,0.011
2026-08-03 23:47:41,ETHUSDT,BINANCE,TRADE,1873.24,0.0027
2026-08-03 23:47:41,ETHUSDT,BINANCE,TRADE,1873.24,0.0027
2026-08-03 23:47:41,ETHUSDT,BINANCE,TRADE,1873.24,0.0029
2026-08-03 23:47:41,ETHUSDT,BINANCE,TRADE,1873.24,0.0029
2026-08-03 23:47:41,ETHUSDT,BINANCE,TRADE,1873.24,0.0027
2026-08-03 23:47:41,ETHUSDT,BINANCE,TRADE,1873.24,0.0027
2026-08-03 23:47:41,ETHUSDT,BINANCE,TRADE,1873.24,0.0029
2026-08-03 23:47:41,ETHUSDT,BINANCE,TRADE,1873.24,0.0027
2026-08-03 23:47:41,ETHUSDT,BINANCE,TRADE,1873.24,0.0027
2026-08-03 23:47:41,ETHUSDT,BINANCE,TRADE,1873.24,0.0027
2026-08-03 23:47:42,BTCUSDT,BINANCE,TRADE,63970.5,0.01555
2026-08-03 23:47:42,BTCUSDT,BINANCE,TRADE,63970.5,0.00013
2026-08-03 23:47:42,BTCUSDT,BINANCE,TRADE,63970.5,0.00755
2026-08-03 23:47:42,BTCUSDT,BINANCE,TRADE,63970.5,0.00128
2026-08-03 23:47:43,BTCUSDT,BINANCE,TRADE,63970.5,0.00626
2026-08-03 23:47:43,SOLUSDT,BINANCE,TRADE,74.23,7.43
2026-08-03 23:47:43,BTCUSDT,BINANCE,TRADE,63970.5,9e-05
2026-08-03 23:47:45,SOLUSDT,BINANCE,TRADE,74.22,18.529
2026-08-03 23:47:45,SOLUSDT,BINANCE,TRADE,74.22,14.467
2026-08-03 23:47:45,ETHUSDT,BINANCE,TRADE,1873.23,0.0027
2026-08-03 23:47:45,ETHUSDT,BINANCE,TRADE,1873.23,0.0003
2026-08-03 23:47:45,ETHUSDT,BINANCE,TRADE,1873.24,4.184
2026-08-03 23:47:45,ETHUSDT,BINANCE,TRADE,1873.24,3.816
2026-08-03 23:47:45,ETHUSDT,BINANCE,TRADE,1873.23,0.0024
2026-08-03 23:47:45,ETHUSDT,BINANCE,TRADE,1873.23,0.0027
2026-08-03 23:47:45,ETHUSDT,BINANCE,TRADE,1873.23,0.0028
2026-08-03 23:47:45,ETHUSDT,BINANCE,TRADE,1873.23,0.0027
2026-08-03 23:47:45,ETHUSDT,BINANCE,TRADE,1873.23,0.0028
2026-08-03 23:47:45,ETHUSDT,BINANCE,TRADE,1873.23,0.3259
2026-08-03 23:47:45,ETHUSDT,BINANCE,TRADE,1873.23,0.0028
2026-08-03 23:47:45,ETHUSDT,BINANCE,TRADE,1873.23,0.0028
2026-08-03 23:47:45,ETHUSDT,BINANCE,TRADE,1873.23,0.0028
2026-08-03 23:47:45,ETHUSDT,BINANCE,TRADE,1873.23,0.1273
2026-08-03 23:47:45,ETHUSDT,BINANCE,TRADE,1873.23,0.0054
2026-08-03 23:47:45,ETHUSDT,BINANCE,TRADE,1873.23,0.0032
2026-08-03 23:47:45,ETHUSDT,BINANCE,TRADE,1873.23,0.0027
2026-08-03 23:47:45,ETHUSDT,BINANCE,TRADE,1873.23,0.0032
2026-08-03 23:47:45,ETHUSDT,BINANCE,TRADE,1873.23,1.8378
2026-08-03 23:47:45,ETHUSDT,BINANCE,TRADE,1873.23,0.0028
2026-08-03 23:47:45,ETHUSDT,BINANCE,TRADE,1873.23,0.0027
2026-08-03 23:47:45,ETHUSDT,BINANCE,TRADE,1873.23,0.0558
2026-08-03 23:47:45,ETHUSDT,BINANCE,TRADE,1873.23,0.0715
2026-08-03 23:47:45,ETHUSDT,BINANCE,TRADE,1873.23,0.0028
2026-08-03 23:47:45,ETHUSDT,BINANCE,TRADE,1873.23,0.0028
2026-08-03 23:47:45,ETHUSDT,BINANCE,TRADE,1873.23,0.0028
2026-08-03 23:47:45,ETHUSDT,BINANCE,TRADE,1873.23,0.1273
2026-08-03 23:47:45,ETHUSDT,BINANCE,TRADE,1873.23,0.1273
2026-08-03 23:47:45,ETHUSDT,BINANCE,TRADE,1873.23,0.1273
2026-08-03 23:47:45,ETHUSDT,BINANCE,TRADE,1873.23,0.1273
2026-08-03 23:47:45,ETHUSDT,BINANCE,TRADE,1873.23,0.1273
2026-08-03 23:47:45,ETHUSDT,BINANCE,TRADE,1873.23,0.1273
2026-08-03 23:47:45,ETHUSDT,BINANCE,TRADE,1873.23,0.1273
2026-08-03 23:47:45,ETHUSDT,BINANCE,TRADE,1873.23,0.0879
2026-08-03 23:47:45,ETHUSDT,BINANCE,TRADE,1873.22,0.0027
2026-08-03 23:47:45,ETHUSDT,BINANCE,TRADE,1873.22,0.0028
2026-08-03 23:47:45,ETHUSDT,BINANCE,TRADE,1873.22,0.0028
2026-08-03 23:47:45,ETHUSDT,BINANCE,TRADE,1873.22,0.0054
2026-08-03 23:47:45,ETHUSDT,BINANCE,TRADE,1873.22,0.0028
2026-08-03 23:47:45,ETHUSDT,BINANCE,TRADE,1873.22,0.0028
2026-08-03 23:47:45,ETHUSDT,BINANCE,TRADE,1873.22,0.0027
2026-08-03 23:47:45,ETHUSDT,BINANCE,TRADE,1873.21,0.0028
2026-08-03 23:47:45,ETHUSDT,BINANCE,TRADE,1873.21,0.0054
2026-08-03 23:47:45,ETHUSDT,BINANCE,TRADE,1873.2,0.0027
2026-08-03 23:47:45,ETHUSDT,BINANCE,TRADE,1873.2,0.0028
2026-08-03 23:47:45,ETHUSDT,BINANCE,TRADE,1873.2,0.0028
2026-08-03 23:47:45,ETHUSDT,BINANCE,TRADE,1873.2,0.0027
2026-08-03 23:47:45,ETHUSDT,BINANCE,TRADE,1873.19,0.0027
2026-08-03 23:47:45,ETHUSDT,BINANCE,TRADE,1873.19,0.0028
2026-08-03 23:47:45,ETHUSDT,BINANCE,TRADE,1873.19,0.0027
2026-08-03 23:47:45,ETHUSDT,BINANCE,TRADE,1873.18,0.0027
2026-08-03 23:47:45,ETHUSDT,BINANCE,TRADE,1873.18,0.0028
2026-08-03 23:47:45,ETHUSDT,BINANCE,TRADE,1873.18,0.0028
2026-08-03 23:47:45,ETHUSDT,BINANCE,TRADE,1873.18,0.0027
2026-08-03 23:47:45,ETHUSDT,BINANCE,TRADE,1873.17,0.0027
2026-08-03 23:47:45,ETHUSDT,BINANCE,TRADE,1873.17,0.0027
2026-08-03 23:47:45,ETHUSDT,BINANCE,TRADE,1873.17,0.0028
2026-08-03 23:47:45,ETHUSDT,BINANCE,TRADE,1873.17,0.0027
2026-08-03 23:47:45,ETHUSDT,BINANCE,TRADE,1873.17,0.0027
2026-08-03 23:47:45,ETHUSDT,BINANCE,TRADE,1873.17,0.0027
2026-08-03 23:47:45,ETHUSDT,BINANCE,TRADE,1873.17,0.0027
2026-08-03 23:47:45,ETHUSDT,BINANCE,TRADE,1873.15,0.0027
2026-08-03 23:47:45,ETHUSDT,BINANCE,TRADE,1873.15,0.0028
2026-08-03 23:47:45,ETHUSDT,BINANCE,TRADE,1873.15,0.0027
2026-08-03 23:47:45,ETHUSDT,BINANCE,TRADE,1873.15,0.0027
2026-08-03 23:47:45,ETHUSDT,BINANCE,TRADE,1873.15,0.0027
2026-08-03 23:47:45,ETHUSDT,BINANCE,TRADE,1873.15,0.0027
2026-08-03 23:47:45,ETHUSDT,BINANCE,TRADE,1873.14,0.0027
2026-08-03 23:47:45,ETHUSDT,BINANCE,TRADE,1873.14,0.0027
2026-08-03 23:47:45,ETHUSDT,BINANCE,TRADE,1873.14,0.0028
2026-08-03 23:47:45,ETHUSDT,BINANCE,TRADE,1873.14,0.0027
2026-08-03 23:47:45,ETHUSDT,BINANCE,TRADE,1873.14,0.0027
2026-08-03 23:47:45,ETHUSDT,BINANCE,TRADE,1873.14,0.0027
2026-08-03 23:47:45,ETHUSDT,BINANCE,TRADE,1873.14,0.0027
2026-08-03 23:47:45,ETHUSDT,BINANCE,TRADE,1873.13,0.003
2026-08-03 23:47:45,ETHUSDT,BINANCE,TRADE,1873.13,0.0027
2026-08-03 23:47:45,ETHUSDT,BINANCE,TRADE,1873.13,0.0028
2026-08-03 23:47:45,ETHUSDT,BINANCE,TRADE,1873.13,0.0027
2026-08-03 23:47:45,ETHUSDT,BINANCE,TRADE,1873.12,0.0027
2026-08-03 23:47:45,ETHUSDT,BINANCE,TRADE,1873.12,0.0027
2026-08-03 23:47:45,ETHUSDT,BINANCE,TRADE,1873.12,0.0027
2026-08-03 23:47:45,ETHUSDT,BINANCE,TRADE,1873.12,0.0027
2026-08-03 23:47:45,ETHUSDT,BINANCE,TRADE,1873.12,0.0027
2026-08-03 23:47:45,ETHUSDT,BINANCE,TRADE,1873.12,0.0027
2026-08-03 23:47:45,ETHUSDT,BINANCE,TRADE,1873.11,0.0027
2026-08-03 23:47:45,ETHUSDT,BINANCE,TRADE,1873.11,0.0029
2026-08-03 23:47:45,ETHUSDT,BINANCE,TRADE,1873.11,0.0029
2026-08-03 23:47:45,ETHUSDT,BINANCE,TRADE,1873.11,0.0027
2026-08-03 23:47:45,ETHUSDT,BINANCE,TRADE,1873.11,0.0029
2026-08-03 23:47:45,ETHUSDT,BINANCE,TRADE,1873.1,0.003
2026-08-03 23:47:45,BTCUSDT,BINANCE,TRADE,63970.5,0.01985
2026-08-03 23:47:45,BTCUSDT,BINANCE,TRADE,63970.5,0.07904
2026-08-03 23:47:45,BTCUSDT,BINANCE,TRADE,63970.5,0.0009
2026-08-03 23:47:45,SOLUSDT,BINANCE,TRADE,74.22,9.186
2026-08-03 23:47:45,BTCUSDT,BINANCE,TRADE,63970.5,0.012
2026-08-03 23:47:45,BTCUSDT,BINANCE,TRADE,63970.5,0.003
2026-08-03 23:47:45,BTCUSDT,BINANCE,TRADE,63970.5,0.01
2026-08-03 23:47:45,BTCUSDT,BINANCE,TRADE,63970.5,0.026
2026-08-03 23:47:45,BTCUSDT,BINANCE,TRADE,63970.5,0.026
2026-08-03 23:47:45,BTCUSDT,BINANCE,TRADE,63970.5,0.01
2026-08-03 23:47:45,BTCUSDT,BINANCE,TRADE,63970.5,0.003
2026-08-03 23:47:45,BTCUSDT,BINANCE,TRADE,63970.5,0.001
2026-08-03 23:47:45,BTCUSDT,BINANCE,TRADE,63970.5,0.026
2026-08-03 23:47:45,BTCUSDT,BINANCE,TRADE,63970.5,0.026
2026-08-03 23:47:46,SOLUSDT,BINANCE,TRADE,74.22,0.442
2026-08-03 23:47:46,ETHUSDT,BINANCE,TRADE,1873.1,0.0029
2026-08-03 23:47:46,ETHUSDT,BINANCE,TRADE,1873.1,0.0029
2026-08-03 23:47:46,ETHUSDT,BINANCE,TRADE,1873.1,0.0032
2026-08-03 23:47:46,ETHUSDT,BINANCE,TRADE,1873.1,0.0028
2026-08-03 23:47:46,ETHUSDT,BINANCE,TRADE,1873.1,0.0028
2026-08-03 23:47:46,ETHUSDT,BINANCE,TRADE,1873.1,0.0027
2026-08-03 23:47:46,ETHUSDT,BINANCE,TRADE,1873.1,0.0028
2026-08-03 23:47:46,ETHUSDT,BINANCE,TRADE,1873.1,0.0028
2026-08-03 23:47:46,ETHUSDT,BINANCE,TRADE,1873.1,0.0028
2026-08-03 23:47:46,ETHUSDT,BINANCE,TRADE,1873.1,0.0028
2026-08-03 23:47:46,ETHUSDT,BINANCE,TRADE,1873.1,0.0027
2026-08-03 23:47:46,ETHUSDT,BINANCE,TRADE,1873.1,0.0028
2026-08-03 23:47:46,ETHUSDT,BINANCE,TRADE,1873.1,0.0028
2026-08-03 23:47:46,ETHUSDT,BINANCE,TRADE,1873.1,0.0028
2026-08-03 23:47:46,ETHUSDT,BINANCE,TRADE,1873.1,0.0028
2026-08-03 23:47:46,ETHUSDT,BINANCE,TRADE,1873.1,0.0032
2026-08-03 23:47:46,ETHUSDT,BINANCE,TRADE,1873.1,0.0029
2026-08-03 23:47:46,ETHUSDT,BINANCE,TRADE,1873.1,0.0027
2026-08-03 23:47:46,ETHUSDT,BINANCE,TRADE,1873.09,0.0027
2026-08-03 23:47:46,ETHUSDT,BINANCE,TRADE,1873.09,0.0028
2026-08-03 23:47:46,ETHUSDT,BINANCE,TRADE,1873.09,0.0028
2026-08-03 23:47:46,ETHUSDT,BINANCE,TRADE,1873.09,0.1274
2026-08-03 23:47:46,ETHUSDT,BINANCE,TRADE,1873.09,0.0027
2026-08-03 23:47:46,ETHUSDT,BINANCE,TRADE,1873.09,0.0028
2026-08-03 23:47:46,ETHUSDT,BINANCE,TRADE,1873.09,0.0028
2026-08-03 23:47:46,ETHUSDT,BINANCE,TRADE,1873.09,0.0032
2026-08-03 23:47:46,ETHUSDT,BINANCE,TRADE,1873.09,0.0028
2026-08-03 23:47:46,ETHUSDT,BINANCE,TRADE,1873.09,0.0028
2026-08-03 23:47:46,ETHUSDT,BINANCE,TRADE,1873.09,0.0054
2026-08-03 23:47:46,ETHUSDT,BINANCE,TRADE,1873.09,0.0028
2026-08-03 23:47:46,ETHUSDT,BINANCE,TRADE,1873.09,0.0028
2026-08-03 23:47:46,ETHUSDT,BINANCE,TRADE,1873.09,0.0032
2026-08-03 23:47:46,ETHUSDT,BINANCE,TRADE,1873.09,0.0028
2026-08-03 23:47:46,ETHUSDT,BINANCE,TRADE,1873.09,0.0028
2026-08-03 23:47:46,ETHUSDT,BINANCE,TRADE,1873.09,0.0027
2026-08-03 23:47:46,ETHUSDT,BINANCE,TRADE,1873.09,0.1274
2026-08-03 23:47:46,ETHUSDT,BINANCE,TRADE,1873.09,0.1274
2026-08-03 23:47:46,ETHUSDT,BINANCE,TRADE,1873.09,0.1274
2026-08-03 23:47:46,ETHUSDT,BINANCE,TRADE,1873.09,0.1274
2026-08-03 23:47:46,ETHUSDT,BINANCE,TRADE,1873.09,0.1274
2026-08-03 23:47:46,ETHUSDT,BINANCE,TRADE,1873.09,0.1274
2026-08-03 23:47:46,ETHUSDT,BINANCE,TRADE,1873.09,0.1274
2026-08-03 23:47:46,ETHUSDT,BINANCE,TRADE,1873.09,0.1274
2026-08-03 23:47:46,ETHUSDT,BINANCE,TRADE,1873.09,0.1274
2026-08-03 23:47:46,ETHUSDT,BINANCE,TRADE,1873.09,0.1274
2026-08-03 23:47:46,ETHUSDT,BINANCE,TRADE,1873.09,0.1274
2026-08-03 23:47:46,ETHUSDT,BINANCE,TRADE,1873.09,0.1274
2026-08-03 23:47:46,ETHUSDT,BINANCE,TRADE,1873.09,0.0505
2026-08-03 23:47:46,ETHUSDT,BINANCE,TRADE,1873.08,0.0027
2026-08-03 23:47:46,ETHUSDT,BINANCE,TRADE,1873.08,0.003
2026-08-03 23:47:46,ETHUSDT,BINANCE,TRADE,1873.08,0.0027
2026-08-03 23:47:46,ETHUSDT,BINANCE,TRADE,1873.08,0.0028
2026-08-03 23:47:46,ETHUSDT,BINANCE,TRADE,1873.08,0.0028
2026-08-03 23:47:46,ETHUSDT,BINANCE,TRADE,1873.08,0.0028
2026-08-03 23:47:46,ETHUSDT,BINANCE,TRADE,1873.08,0.0054
2026-08-03 23:47:46,ETHUSDT,BINANCE,TRADE,1873.08,0.0028
2026-08-03 23:47:46,ETHUSDT,BINANCE,TRADE,1873.08,0.0027
2026-08-03 23:47:46,ETHUSDT,BINANCE,TRADE,1873.08,0.0027
2026-08-03 23:47:46,ETHUSDT,BINANCE,TRADE,1873.08,0.0027
2026-08-03 23:47:46,ETHUSDT,BINANCE,TRADE,1873.08,0.0027
2026-08-03 23:47:46,ETHUSDT,BINANCE,TRADE,1873.07,0.0027
2026-08-03 23:47:46,ETHUSDT,BINANCE,TRADE,1873.07,0.0027
2026-08-03 23:47:46,ETHUSDT,BINANCE,TRADE,1873.07,0.0029
2026-08-03 23:47:46,ETHUSDT,BINANCE,TRADE,1873.07,0.0029
2026-08-03 23:47:46,ETHUSDT,BINANCE,TRADE,1873.07,0.0028
2026-08-03 23:47:46,ETHUSDT,BINANCE,TRADE,1873.07,0.0028
2026-08-03 23:47:46,ETHUSDT,BINANCE,TRADE,1873.07,0.0054
2026-08-03 23:47:46,ETHUSDT,BINANCE,TRADE,1873.07,0.0027
2026-08-03 23:47:46,ETHUSDT,BINANCE,TRADE,1873.07,0.0027
2026-08-03 23:47:46,ETHUSDT,BINANCE,TRADE,1873.07,0.0029
2026-08-03 23:47:46,ETHUSDT,BINANCE,TRADE,1873.06,0.0041
2026-08-03 23:47:46,ETHUSDT,BINANCE,TRADE,1873.06,0.0028
2026-08-03 23:47:46,ETHUSDT,BINANCE,TRADE,1873.06,0.0027
2026-08-03 23:47:46,ETHUSDT,BINANCE,TRADE,1873.06,0.0027
2026-08-03 23:47:46,ETHUSDT,BINANCE,TRADE,1873.06,0.0032
2026-08-03 23:47:46,ETHUSDT,BINANCE,TRADE,1873.06,0.0032
2026-08-03 23:47:46,ETHUSDT,BINANCE,TRADE,1873.06,0.0028
2026-08-03 23:47:46,ETHUSDT,BINANCE,TRADE,1873.06,0.0028
2026-08-03 23:47:46,ETHUSDT,BINANCE,TRADE,1873.06,0.0028
2026-08-03 23:47:46,ETHUSDT,BINANCE,TRADE,1873.06,0.0028
2026-08-03 23:47:46,ETHUSDT,BINANCE,TRADE,1873.06,0.0028
2026-08-03 23:47:46,ETHUSDT,BINANCE,TRADE,1873.06,0.0028
2026-08-03 23:47:46,ETHUSDT,BINANCE,TRADE,1873.06,0.0028
2026-08-03 23:47:46,ETHUSDT,BINANCE,TRADE,1873.06,0.0028
2026-08-03 23:47:46,ETHUSDT,BINANCE,TRADE,1873.06,0.0027
2026-08-03 23:47:46,ETHUSDT,BINANCE,TRADE,1873.06,0.0027
2026-08-03 23:47:46,ETHUSDT,BINANCE,TRADE,1873.06,0.0027
2026-08-03 23:47:46,ETHUSDT,BINANCE,TRADE,1873.06,0.0027
2026-08-03 23:47:46,ETHUSDT,BINANCE,TRADE,1873.05,0.0027
2026-08-03 23:47:46,ETHUSDT,BINANCE,TRADE,1873.05,0.0033
2026-08-03 23:47:46,ETHUSDT,BINANCE,TRADE,1873.05,0.0027
2026-08-03 23:47:46,ETHUSDT,BINANCE,TRADE,1873.05,0.0028
2026-08-03 23:47:46,ETHUSDT,BINANCE,TRADE,1873.05,0.0028
2026-08-03 23:47:46,ETHUSDT,BINANCE,TRADE,1873.05,0.0028
2026-08-03 23:47:46,ETHUSDT,BINANCE,TRADE,1873.05,0.0028
2026-08-03 23:47:46,ETHUSDT,BINANCE,TRADE,1873.05,0.0028
2026-08-03 23:47:46,ETHUSDT,BINANCE,TRADE,1873.05,0.0027
2026-08-03 23:47:46,ETHUSDT,BINANCE,TRADE,1873.05,0.0027
2026-08-03 23:47:46,ETHUSDT,BINANCE,TRADE,1873.05,0.0027
2026-08-03 23:47:46,ETHUSDT,BINANCE,TRADE,1873.05,0.0027
2026-08-03 23:47:46,ETHUSDT,BINANCE,TRADE,1873.04,0.0027
2026-08-03 23:47:46,ETHUSDT,BINANCE,TRADE,1873.04,0.0027
2026-08-03 23:47:46,ETHUSDT,BINANCE,TRADE,1873.04,0.0027
2026-08-03 23:47:46,ETHUSDT,BINANCE,TRADE,1873.04,0.0028
2026-08-03 23:47:46,ETHUSDT,BINANCE,TRADE,1873.04,0.0029
2026-08-03 23:47:46,ETHUSDT,BINANCE,TRADE,1873.04,0.0029
2026-08-03 23:47:46,ETHUSDT,BINANCE,TRADE,1873.04,0.0027
2026-08-03 23:47:46,ETHUSDT,BINANCE,TRADE,1873.04,0.0027
2026-08-03 23:47:46,ETHUSDT,BINANCE,TRADE,1873.04,0.0027
2026-08-03 23:47:46,ETHUSDT,BINANCE,TRADE,1873.04,0.0029
2026-08-03 23:47:46,ETHUSDT,BINANCE,TRADE,1873.03,0.003
2026-08-03 23:47:46,ETHUSDT,BINANCE,TRADE,1873.04,0.1264
2026-08-03 23:47:46,BTCUSDT,BINANCE,TRADE,63970.5,0.019
2026-08-03 23:47:46,BTCUSDT,BINANCE,TRADE,63970.5,0.00713
2026-08-03 23:47:46,BTCUSDT,BINANCE,TRADE,63970.5,0.0001
2026-08-03 23:47:47,ETHUSDT,BINANCE,TRADE,1873.04,0.0444
2026-08-03 23:47:47,ETHUSDT,BINANCE,TRADE,1873.03,0.003
2026-08-03 23:47:47,SOLUSDT,BINANCE,TRADE,74.23,5.311
2026-08-03 23:47:47,BTCUSDT,BINANCE,TRADE,63970.5,0.00213
2026-08-03 23:47:47,BTCUSDT,BINANCE,TRADE,63970.5,8e-05
2026-08-03 23:47:47,BTCUSDT,BINANCE,TRADE,63970.5,9e-05
2026-08-03 23:47:47,BTCUSDT,BINANCE,TRADE,63970.5,9e-05
2026-08-03 23:47:47,BTCUSDT,BINANCE,TRADE,63970.5,9e-05
2026-08-03 23:47:47,BTCUSDT,BINANCE,TRADE,63970.5,9e-05
2026-08-03 23:47:47,BTCUSDT,BINANCE,TRADE,63970.5,9e-05
2026-08-03 23:47:47,BTCUSDT,BINANCE,TRADE,63970.5,8e-05
2026-08-03 23:47:47,BTCUSDT,BINANCE,TRADE,63970.5,8e-05
2026-08-03 23:47:47,BTCUSDT,BINANCE,TRADE,63970.5,8e-05
2026-08-03 23:47:47,BTCUSDT,BINANCE,TRADE,63970.5,9e-05
2026-08-03 23:47:47,BTCUSDT,BINANCE,TRADE,63970.5,8e-05
2026-08-03 23:47:47,BTCUSDT,BINANCE,TRADE,63970.5,9e-05
2026-08-03 23:47:47,BTCUSDT,BINANCE,TRADE,63970.5,9e-05
2026-08-03 23:47:47,BTCUSDT,BINANCE,TRADE,63970.5,9e-05
2026-08-03 23:47:47,BTCUSDT,BINANCE,TRADE,63970.5,9e-05
2026-08-03 23:47:47,BTCUSDT,BINANCE,TRADE,63970.5,9e-05
2026-08-03 23:47:47,BTCUSDT,BINANCE,TRADE,63970.5,0.00016
2026-08-03 23:47:47,BTCUSDT,BINANCE,TRADE,63970.5,8e-05
2026-08-03 23:47:47,BTCUSDT,BINANCE,TRADE,63970.5,0.0001
2026-08-03 23:47:47,BTCUSDT,BINANCE,TRADE,63970.5,0.01092
2026-08-03 23:47:48,BTCUSDT,BINANCE,TRADE,63970.5,0.14769
2026-08-03 23:47:48,BTCUSDT,BINANCE,TRADE,63970.5,0.147
2026-08-03 23:47:48,BTCUSDT,BINANCE,TRADE,63970.5,0.01795
2026-08-03 23:47:48,ETHUSDT,BINANCE,TRADE,1873.03,0.003
2026-08-03 23:47:48,ETHUSDT,BINANCE,TRADE,1873.03,0.1521
2026-08-03 23:47:48,SOLUSDT,BINANCE,TRADE,74.22,0.278
2026-08-03 23:47:48,SOLUSDT,BINANCE,TRADE,74.22,0.069
2026-08-03 23:47:48,SOLUSDT,BINANCE,TRADE,74.22,0.081
2026-08-03 23:47:48,SOLUSDT,BINANCE,TRADE,74.22,0.068
2026-08-03 23:47:48,SOLUSDT,BINANCE,TRADE,74.22,0.075
2026-08-03 23:47:48,SOLUSDT,BINANCE,TRADE,74.22,0.073
2026-08-03 23:47:48,SOLUSDT,BINANCE,TRADE,74.22,0.073
2026-08-03 23:47:48,SOLUSDT,BINANCE,TRADE,74.22,0.073
2026-08-03 23:47:48,SOLUSDT,BINANCE,TRADE,74.22,0.073
2026-08-03 23:47:48,SOLUSDT,BINANCE,TRADE,74.22,0.011
2026-08-03 23:47:48,BTCUSDT,BINANCE,TRADE,63970.5,0.0025
2026-08-03 23:47:48,BTCUSDT,BINANCE,TRADE,63970.5,0.00201
2026-08-03 23:47:48,BTCUSDT,BINANCE,TRADE,63970.5,0.00077
2026-08-03 23:47:49,SOLUSDT,BINANCE,TRADE,74.22,0.062
2026-08-03 23:47:49,SOLUSDT,BINANCE,TRADE,74.22,0.072
2026-08-03 23:47:49,BTCUSDT,BINANCE,TRADE,63970.5,0.00078
2026-08-03 23:47:50,ETHUSDT,BINANCE,TRADE,1873.04,0.0246
2026-08-03 23:47:51,BTCUSDT,BINANCE,TRADE,63970.5,0.05408
2026-08-03 23:47:51,SOLUSDT,BINANCE,TRADE,74.22,0.001
2026-08-03 23:47:51,SOLUSDT,BINANCE,TRADE,74.22,0.073
2026-08-03 23:47:51,SOLUSDT,BINANCE,TRADE,74.22,0.073
2026-08-03 23:47:51,SOLUSDT,BINANCE,TRADE,74.22,0.259
2026-08-03 23:47:51,SOLUSDT,BINANCE,TRADE,74.22,0.135
2026-08-03 23:47:51,SOLUSDT,BINANCE,TRADE,74.22,0.257
2026-08-03 23:47:51,SOLUSDT,BINANCE,TRADE,74.22,0.071
2026-08-03 23:47:51,SOLUSDT,BINANCE,TRADE,74.22,2.131
2026-08-03 23:47:51,ETHUSDT,BINANCE,TRADE,1873.03,0.2003
2026-08-03 23:47:51,BTCUSDT,BINANCE,TRADE,63970.5,0.009
2026-08-03 23:47:52,ETHUSDT,BINANCE,TRADE,1873.03,0.7917
2026-08-03 23:47:52,ETHUSDT,BINANCE,TRADE,1873.03,0.0027
2026-08-03 23:47:52,ETHUSDT,BINANCE,TRADE,1873.03,0.0028
2026-08-03 23:47:52,ETHUSDT,BINANCE,TRADE,1873.03,0.0027
2026-08-03 23:47:52,ETHUSDT,BINANCE,TRADE,1873.03,0.0027
2026-08-03 23:47:52,ETHUSDT,BINANCE,TRADE,1873.03,0.0027
2026-08-03 23:47:52,ETHUSDT,BINANCE,TRADE,1873.03,0.0028
2026-08-03 23:47:52,ETHUSDT,BINANCE,TRADE,1873.03,0.0027
2026-08-03 23:47:52,ETHUSDT,BINANCE,TRADE,1873.03,0.0028
2026-08-03 23:47:52,ETHUSDT,BINANCE,TRADE,1873.03,0.0027
2026-08-03 23:47:52,ETHUSDT,BINANCE,TRADE,1873.03,0.0028
2026-08-03 23:47:52,ETHUSDT,BINANCE,TRADE,1873.03,0.0027
2026-08-03 23:47:52,ETHUSDT,BINANCE,TRADE,1873.03,0.0054
2026-08-03 23:47:52,ETHUSDT,BINANCE,TRADE,1873.03,0.0032
2026-08-03 23:47:52,ETHUSDT,BINANCE,TRADE,1873.03,0.1275
2026-08-03 23:47:52,ETHUSDT,BINANCE,TRADE,1873.03,0.0889
2026-08-03 23:47:52,ETHUSDT,BINANCE,TRADE,1873.03,0.0032
2026-08-03 23:47:52,ETHUSDT,BINANCE,TRADE,1873.03,0.0027
2026-08-03 23:47:52,ETHUSDT,BINANCE,TRADE,1873.03,0.0027
2026-08-03 23:47:52,ETHUSDT,BINANCE,TRADE,1873.03,0.0027
2026-08-03 23:47:52,ETHUSDT,BINANCE,TRADE,1873.03,0.1275
2026-08-03 23:47:52,ETHUSDT,BINANCE,TRADE,1873.03,0.1275
2026-08-03 23:47:52,ETHUSDT,BINANCE,TRADE,1873.03,0.1275
2026-08-03 23:47:52,ETHUSDT,BINANCE,TRADE,1873.03,0.1275
2026-08-03 23:47:52,ETHUSDT,BINANCE,TRADE,1873.03,0.1275
2026-08-03 23:47:52,ETHUSDT,BINANCE,TRADE,1873.03,0.1275
2026-08-03 23:47:52,ETHUSDT,BINANCE,TRADE,1873.03,0.1275
2026-08-03 23:47:52,ETHUSDT,BINANCE,TRADE,1873.03,0.1154
2026-08-03 23:47:52,ETHUSDT,BINANCE,TRADE,1873.02,0.0028
2026-08-03 23:47:52,ETHUSDT,BINANCE,TRADE,1873.02,0.0028
2026-08-03 23:47:52,ETHUSDT,BINANCE,TRADE,1873.02,0.0054
2026-08-03 23:47:52,ETHUSDT,BINANCE,TRADE,1873.02,0.0028
2026-08-03 23:47:52,ETHUSDT,BINANCE,TRADE,1873.01,0.0028
2026-08-03 23:47:52,ETHUSDT,BINANCE,TRADE,1873.01,0.0054
2026-08-03 23:47:52,ETHUSDT,BINANCE,TRADE,1873,0.0028
2026-08-03 23:47:52,ETHUSDT,BINANCE,TRADE,1873,0.0027
2026-08-03 23:47:52,ETHUSDT,BINANCE,TRADE,1873,0.0027
2026-08-03 23:47:52,ETHUSDT,BINANCE,TRADE,1872.99,0.0027
2026-08-03 23:47:52,ETHUSDT,BINANCE,TRADE,1872.99,0.0027
2026-08-03 23:47:52,ETHUSDT,BINANCE,TRADE,1872.99,0.0027
2026-08-03 23:47:52,ETHUSDT,BINANCE,TRADE,1872.99,0.0028
2026-08-03 23:47:52,ETHUSDT,BINANCE,TRADE,1872.99,0.0027
2026-08-03 23:47:52,ETHUSDT,BINANCE,TRADE,1872.99,0.0027
2026-08-03 23:47:52,ETHUSDT,BINANCE,TRADE,1872.99,0.0027
2026-08-03 23:47:52,ETHUSDT,BINANCE,TRADE,1872.99,0.0027
2026-08-03 23:47:52,ETHUSDT,BINANCE,TRADE,1872.99,0.0027
2026-08-03 23:47:52,ETHUSDT,BINANCE,TRADE,1872.99,0.0027
2026-08-03 23:47:52,ETHUSDT,BINANCE,TRADE,1872.99,0.0027
2026-08-03 23:47:52,ETHUSDT,BINANCE,TRADE,1872.99,0.0027
2026-08-03 23:47:52,ETHUSDT,BINANCE,TRADE,1872.98,0.0027
2026-08-03 23:47:52,ETHUSDT,BINANCE,TRADE,1872.98,0.0028
2026-08-03 23:47:52,ETHUSDT,BINANCE,TRADE,1872.98,0.0029
2026-08-03 23:47:52,ETHUSDT,BINANCE,TRADE,1872.98,0.0029
2026-08-03 23:47:52,ETHUSDT,BINANCE,TRADE,1872.98,0.0027
2026-08-03 23:47:52,ETHUSDT,BINANCE,TRADE,1872.98,0.0029
2026-08-03 23:47:52,ETHUSDT,BINANCE,TRADE,1872.98,0.0027
2026-08-03 23:47:52,ETHUSDT,BINANCE,TRADE,1872.98,0.0027
2026-08-03 23:47:52,ETHUSDT,BINANCE,TRADE,1872.98,0.0027
2026-08-03 23:47:52,ETHUSDT,BINANCE,TRADE,1872.97,0.003
2026-08-03 23:47:52,ETHUSDT,BINANCE,TRADE,1872.97,0.0999
2026-08-03 23:47:52,ETHUSDT,BINANCE,TRADE,1872.97,0.0028
2026-08-03 23:47:52,ETHUSDT,BINANCE,TRADE,1872.97,0.0028
2026-08-03 23:47:52,ETHUSDT,BINANCE,TRADE,1872.97,0.0028
2026-08-03 23:47:52,ETHUSDT,BINANCE,TRADE,1872.97,0.0027
2026-08-03 23:47:52,ETHUSDT,BINANCE,TRADE,1872.97,0.0032
2026-08-03 23:47:52,ETHUSDT,BINANCE,TRADE,1872.97,0.0032
2026-08-03 23:47:52,ETHUSDT,BINANCE,TRADE,1872.96,0.0027
2026-08-03 23:47:52,ETHUSDT,BINANCE,TRADE,1872.96,0.0027
2026-08-03 23:47:52,ETHUSDT,BINANCE,TRADE,1872.96,0.0027
2026-08-03 23:47:52,ETHUSDT,BINANCE,TRADE,1872.96,0.0028
2026-08-03 23:47:52,ETHUSDT,BINANCE,TRADE,1872.96,0.0027
2026-08-03 23:47:52,ETHUSDT,BINANCE,TRADE,1872.96,0.0027
2026-08-03 23:47:52,ETHUSDT,BINANCE,TRADE,1872.96,0.0027
2026-08-03 23:47:52,ETHUSDT,BINANCE,TRADE,1872.96,0.0027
2026-08-03 23:47:52,ETHUSDT,BINANCE,TRADE,1872.96,0.0027
2026-08-03 23:47:52,ETHUSDT,BINANCE,TRADE,1872.94,0.0028
2026-08-03 23:47:52,ETHUSDT,BINANCE,TRADE,1872.93,0.011
2026-08-03 23:47:52,ETHUSDT,BINANCE,TRADE,1872.93,0.0027
2026-08-03 23:47:52,ETHUSDT,BINANCE,TRADE,1872.93,0.0027
2026-08-03 23:47:52,ETHUSDT,BINANCE,TRADE,1872.93,0.0027
2026-08-03 23:47:52,ETHUSDT,BINANCE,TRADE,1872.93,0.0027
2026-08-03 23:47:52,ETHUSDT,BINANCE,TRADE,1872.93,0.0027
2026-08-03 23:47:52,ETHUSDT,BINANCE,TRADE,1872.92,0.008
2026-08-03 23:47:52,ETHUSDT,BINANCE,TRADE,1872.92,0.0027
2026-08-03 23:47:52,ETHUSDT,BINANCE,TRADE,1872.92,0.0027
2026-08-03 23:47:52,ETHUSDT,BINANCE,TRADE,1872.91,0.0027
2026-08-03 23:47:52,ETHUSDT,BINANCE,TRADE,1872.91,0.0027
2026-08-03 23:47:52,ETHUSDT,BINANCE,TRADE,1872.91,0.0027
2026-08-03 23:47:52,ETHUSDT,BINANCE,TRADE,1872.91,0.0027
2026-08-03 23:47:52,ETHUSDT,BINANCE,TRADE,1872.91,0.0027
2026-08-03 23:47:52,ETHUSDT,BINANCE,TRADE,1872.9,0.0027
2026-08-03 23:47:52,ETHUSDT,BINANCE,TRADE,1872.9,0.0027
2026-08-03 23:47:52,ETHUSDT,BINANCE,TRADE,1872.9,0.0029
2026-08-03 23:47:52,ETHUSDT,BINANCE,TRADE,1872.9,0.0029
2026-08-03 23:47:52,ETHUSDT,BINANCE,TRADE,1872.9,0.0027
2026-08-03 23:47:52,ETHUSDT,BINANCE,TRADE,1872.9,0.0029
2026-08-03 23:47:52,ETHUSDT,BINANCE,TRADE,1872.9,0.0027
2026-08-03 23:47:52,ETHUSDT,BINANCE,TRADE,1872.9,0.0027
2026-08-03 23:47:52,ETHUSDT,BINANCE,TRADE,1872.9,0.0027
2026-08-03 23:47:52,ETHUSDT,BINANCE,TRADE,1872.89,0.0027
2026-08-03 23:47:52,ETHUSDT,BINANCE,TRADE,1872.89,0.5464
2026-08-03 23:47:52,ETHUSDT,BINANCE,TRADE,1872.89,0.2182
2026-08-03 23:47:52,BTCUSDT,BINANCE,TRADE,63970.5,0.00833
2026-08-03 23:47:52,BTCUSDT,BINANCE,TRADE,63970.5,0.02123
2026-08-03 23:47:52,BTCUSDT,BINANCE,TRADE,63970.5,0.01
2026-08-03 23:47:52,BTCUSDT,BINANCE,TRADE,63970.5,0.04
2026-08-03 23:47:52,BTCUSDT,BINANCE,TRADE,63970.5,0.08
2026-08-03 23:47:52,BTCUSDT,BINANCE,TRADE,63970.5,0.02
2026-08-03 23:47:52,BTCUSDT,BINANCE,TRADE,63970.5,9e-05
2026-08-03 23:47:52,BTCUSDT,BINANCE,TRADE,63970.5,1e-05
2026-08-03 23:47:52,BTCUSDT,BINANCE,TRADE,63970.5,7e-05
2026-08-03 23:47:52,BTCUSDT,BINANCE,TRADE,63970.5,8e-05
2026-08-03 23:47:52,BTCUSDT,BINANCE,TRADE,63970.5,8e-05
2026-08-03 23:47:52,BTCUSDT,BINANCE,TRADE,63970.5,9e-05
2026-08-03 23:47:52,BTCUSDT,BINANCE,TRADE,63970.5,9e-05
2026-08-03 23:47:52,BTCUSDT,BINANCE,TRADE,63970.5,9e-05
2026-08-03 23:47:52,BTCUSDT,BINANCE,TRADE,63970.5,9e-05
2026-08-03 23:47:52,BTCUSDT,BINANCE,TRADE,63970.5,9e-05
2026-08-03 23:47:52,BTCUSDT,BINANCE,TRADE,63970.5,9e-05
2026-08-03 23:47:52,BTCUSDT,BINANCE,TRADE,63970.5,0.00016
2026-08-03 23:47:52,BTCUSDT,BINANCE,TRADE,63970.5,9e-05
2026-08-03 23:47:52,BTCUSDT,BINANCE,TRADE,63970.5,9e-05
2026-08-03 23:47:52,BTCUSDT,BINANCE,TRADE,63970.5,9e-05
2026-08-03 23:47:52,BTCUSDT,BINANCE,TRADE,63970.5,9e-05
2026-08-03 23:47:52,BTCUSDT,BINANCE,TRADE,63970.5,8e-05
2026-08-03 23:47:52,BTCUSDT,BINANCE,TRADE,63970.5,9e-05
2026-08-03 23:47:52,BTCUSDT,BINANCE,TRADE,63970.5,0.0001
2026-08-03 23:47:52,BTCUSDT,BINANCE,TRADE,63970.5,0.0026
2026-08-03 23:47:52,BTCUSDT,BINANCE,TRADE,63970.5,9e-05
2026-08-03 23:47:52,BTCUSDT,BINANCE,TRADE,63970.5,8e-05
2026-08-03 23:47:52,BTCUSDT,BINANCE,TRADE,63970.5,9e-05
2026-08-03 23:47:52,BTCUSDT,BINANCE,TRADE,63970.5,2e-05
2026-08-03 23:47:52,BTCUSDT,BINANCE,TRADE,63970.5,8e-05
2026-08-03 23:47:52,BTCUSDT,BINANCE,TRADE,63970.5,8e-05
2026-08-03 23:47:52,BTCUSDT,BINANCE,TRADE,63970.5,8e-05
2026-08-03 23:47:52,BTCUSDT,BINANCE,TRADE,63970.5,8e-05
2026-08-03 23:47:52,BTCUSDT,BINANCE,TRADE,63970.5,8e-05
2026-08-03 23:47:52,BTCUSDT,BINANCE,TRADE,63970.5,8e-05
2026-08-03 23:47:52,BTCUSDT,BINANCE,TRADE,63970.5,8e-05
2026-08-03 23:47:52,BTCUSDT,BINANCE,TRADE,63970.5,8e-05
2026-08-03 23:47:52,BTCUSDT,BINANCE,TRADE,63970.5,8e-05
2026-08-03 23:47:52,BTCUSDT,BINANCE,TRADE,63970.5,8e-05
2026-08-03 23:47:52,BTCUSDT,BINANCE,TRADE,63970.5,9e-05
2026-08-03 23:47:52,BTCUSDT,BINANCE,TRADE,63970.5,9e-05
2026-08-03 23:47:52,BTCUSDT,BINANCE,TRADE,63970.5,9e-05
2026-08-03 23:47:52,BTCUSDT,BINANCE,TRADE,63970.5,9e-05
2026-08-03 23:47:52,BTCUSDT,BINANCE,TRADE,63970.5,9e-05
2026-08-03 23:47:52,BTCUSDT,BINANCE,TRADE,63970.5,9e-05
2026-08-03 23:47:52,BTCUSDT,BINANCE,TRADE,63970.5,9e-05
2026-08-03 23:47:52,BTCUSDT,BINANCE,TRADE,63970.5,9e-05
2026-08-03 23:47:52,BTCUSDT,BINANCE,TRADE,63970.5,0.00016
2026-08-03 23:47:52,BTCUSDT,BINANCE,TRADE,63970.5,9e-05
2026-08-03 23:47:52,BTCUSDT,BINANCE,TRADE,63970.5,0.00016
2026-08-03 23:47:52,BTCUSDT,BINANCE,TRADE,63970.5,0.00703
2026-08-03 23:47:52,BTCUSDT,BINANCE,TRADE,63970.5,9e-05
2026-08-03 23:47:52,BTCUSDT,BINANCE,TRADE,63970.5,9e-05
2026-08-03 23:47:52,BTCUSDT,BINANCE,TRADE,63970.3,8e-05
2026-08-03 23:47:52,BTCUSDT,BINANCE,TRADE,63970.2,8e-05
2026-08-03 23:47:52,BTCUSDT,BINANCE,TRADE,63970,8e-05
2026-08-03 23:47:52,BTCUSDT,BINANCE,TRADE,63970,8e-05
2026-08-03 23:47:52,BTCUSDT,BINANCE,TRADE,63970,8e-05
2026-08-03 23:47:52,BTCUSDT,BINANCE,TRADE,63970,8e-05
2026-08-03 23:47:52,BTCUSDT,BINANCE,TRADE,63970,8e-05
2026-08-03 23:47:52,BTCUSDT,BINANCE,TRADE,63970,9e-05
2026-08-03 23:47:52,BTCUSDT,BINANCE,TRADE,63970,9e-05
2026-08-03 23:47:52,BTCUSDT,BINANCE,TRADE,63970,9e-05
2026-08-03 23:47:52,BTCUSDT,BINANCE,TRADE,63970,0.01
2026-08-03 23:47:52,BTCUSDT,BINANCE,TRADE,63970,0.008
2026-08-03 23:47:52,BTCUSDT,BINANCE,TRADE,63970,0.006
2026-08-03 23:47:52,BTCUSDT,BINANCE,TRADE,63970,0.002
2026-08-03 23:47:52,BTCUSDT,BINANCE,TRADE,63970,0.005
2026-08-03 23:47:52,BTCUSDT,BINANCE,TRADE,63970,9e-05
2026-08-03 23:47:52,BTCUSDT,BINANCE,TRADE,63970,9e-05
2026-08-03 23:47:52,BTCUSDT,BINANCE,TRADE,63969.9,0.0025
2026-08-03 23:47:52,BTCUSDT,BINANCE,TRADE,63969.6,8e-05
2026-08-03 23:47:52,BTCUSDT,BINANCE,TRADE,63969.6,8e-05
2026-08-03 23:47:52,BTCUSDT,BINANCE,TRADE,63969.6,8e-05
2026-08-03 23:47:52,BTCUSDT,BINANCE,TRADE,63969.1,9e-05
2026-08-03 23:47:52,BTCUSDT,BINANCE,TRADE,63968.5,8e-05
2026-08-03 23:47:52,BTCUSDT,BINANCE,TRADE,63968,9e-05
2026-08-03 23:47:52,BTCUSDT,BINANCE,TRADE,63968,9e-05
2026-08-03 23:47:52,BTCUSDT,BINANCE,TRADE,63968,9e-05
2026-08-03 23:47:52,BTCUSDT,BINANCE,TRADE,63968,0.005
2026-08-03 23:47:52,BTCUSDT,BINANCE,TRADE,63968,9e-05
2026-08-03 23:47:52,BTCUSDT,BINANCE,TRADE,63968,0.00733
2026-08-03 23:47:52,BTCUSDT,BINANCE,TRADE,63968,0.00067
2026-08-03 23:47:52,BTCUSDT,BINANCE,TRADE,63968,0.006
2026-08-03 23:47:52,BTCUSDT,BINANCE,TRADE,63968,0.002
2026-08-03 23:47:52,BTCUSDT,BINANCE,TRADE,63968,9e-05
2026-08-03 23:47:52,BTCUSDT,BINANCE,TRADE,63968,9e-05
2026-08-03 23:47:52,BTCUSDT,BINANCE,TRADE,63968,0.01715
2026-08-03 23:47:52,BTCUSDT,BINANCE,TRADE,63968,0.026
2026-08-03 23:47:52,BTCUSDT,BINANCE,TRADE,63968,0.026
2026-08-03 23:47:52,BTCUSDT,BINANCE,TRADE,63968,0.01
2026-08-03 23:47:52,BTCUSDT,BINANCE,TRADE,63968,0.001
2026-08-03 23:47:52,BTCUSDT,BINANCE,TRADE,63968,0.01
2026-08-03 23:47:52,BTCUSDT,BINANCE,TRADE,63968,0.012
2026-08-03 23:47:52,BTCUSDT,BINANCE,TRADE,63968,0.003
2026-08-03 23:47:52,BTCUSDT,BINANCE,TRADE,63968,0.003
2026-08-03 23:47:52,BTCUSDT,BINANCE,TRADE,63968,0.01
2026-08-03 23:47:52,BTCUSDT,BINANCE,TRADE,63968,0.01
2026-08-03 23:47:52,BTCUSDT,BINANCE,TRADE,63968,0.01
2026-08-03 23:47:52,BTCUSDT,BINANCE,TRADE,63968,0.01
2026-08-03 23:47:52,BTCUSDT,BINANCE,TRADE,63968,0.01
2026-08-03 23:47:52,BTCUSDT,BINANCE,TRADE,63968,0.026
2026-08-03 23:47:52,BTCUSDT,BINANCE,TRADE,63968,0.01
2026-08-03 23:47:53,SOLUSDT,BINANCE,TRADE,74.22,1.064
2026-08-03 23:47:53,SOLUSDT,BINANCE,TRADE,74.22,0.021
2026-08-03 23:47:53,SOLUSDT,BINANCE,TRADE,74.22,9.979
2026-08-03 23:47:54,BTCUSDT,BINANCE,TRADE,63968,8e-05
2026-08-03 23:47:54,BTCUSDT,BINANCE,TRADE,63968,8e-05
2026-08-03 23:47:54,BTCUSDT,BINANCE,TRADE,63968,8e-05
2026-08-03 23:47:54,BTCUSDT,BINANCE,TRADE,63968,9e-05
2026-08-03 23:47:54,BTCUSDT,BINANCE,TRADE,63968,8e-05
2026-08-03 23:47:54,BTCUSDT,BINANCE,TRADE,63968,9e-05
2026-08-03 23:47:54,BTCUSDT,BINANCE,TRADE,63968,9e-05
2026-08-03 23:47:54,BTCUSDT,BINANCE,TRADE,63968,9e-05
2026-08-03 23:47:54,BTCUSDT,BINANCE,TRADE,63968,9e-05
2026-08-03 23:47:54,BTCUSDT,BINANCE,TRADE,63968,9e-05
2026-08-03 23:47:54,BTCUSDT,BINANCE,TRADE,63968,9e-05
2026-08-03 23:47:54,BTCUSDT,BINANCE,TRADE,63968,0.00105
2026-08-03 23:47:54,BTCUSDT,BINANCE,TRADE,63968,0.02586
2026-08-03 23:47:54,BTCUSDT,BINANCE,TRADE,63968,0.18
2026-08-03 23:47:54,BTCUSDT,BINANCE,TRADE,63968,0.008
2026-08-03 23:47:54,BTCUSDT,BINANCE,TRADE,63968,0.02
2026-08-03 23:47:54,SOLUSDT,BINANCE,TRADE,74.22,6.993
2026-08-03 23:47:55,BTCUSDT,BINANCE,TRADE,63968,0.004
2026-08-03 23:47:55,BTCUSDT,BINANCE,TRADE,63968,0.016
2026-08-03 23:47:55,BTCUSDT,BINANCE,TRADE,63968,0.04509
2026-08-03 23:47:55,BTCUSDT,BINANCE,TRADE,63968,9e-05
2026-08-03 23:47:55,BTCUSDT,BINANCE,TRADE,63968,9e-05
2026-08-03 23:47:55,BTCUSDT,BINANCE,TRADE,63968,9e-05
2026-08-03 23:47:55,BTCUSDT,BINANCE,TRADE,63968,9e-05
2026-08-03 23:47:55,BTCUSDT,BINANCE,TRADE,63968,8e-05
2026-08-03 23:47:55,BTCUSDT,BINANCE,TRADE,63968,9e-05
2026-08-03 23:47:55,BTCUSDT,BINANCE,TRADE,63968,9e-05
2026-08-03 23:47:55,BTCUSDT,BINANCE,TRADE,63968,8e-05
2026-08-03 23:47:55,BTCUSDT,BINANCE,TRADE,63968,8e-05
2026-08-03 23:47:55,BTCUSDT,BINANCE,TRADE,63968,9e-05
2026-08-03 23:47:55,BTCUSDT,BINANCE,TRADE,63968,9e-05
2026-08-03 23:47:55,BTCUSDT,BINANCE,TRADE,63968,8e-05
2026-08-03 23:47:55,BTCUSDT,BINANCE,TRADE,63968,9e-05
2026-08-03 23:47:55,BTCUSDT,BINANCE,TRADE,63968,0.00016
2026-08-03 23:47:55,BTCUSDT,BINANCE,TRADE,63968,8e-05
2026-08-03 23:47:55,BTCUSDT,BINANCE,TRADE,63968,8e-05
2026-08-03 23:47:55,BTCUSDT,BINANCE,TRADE,63968,9e-05
2026-08-03 23:47:55,BTCUSDT,BINANCE,TRADE,63968,9e-05
2026-08-03 23:47:55,BTCUSDT,BINANCE,TRADE,63968,0.03328
2026-08-03 23:47:55,BTCUSDT,BINANCE,TRADE,63968,0.01
2026-08-03 23:47:55,BTCUSDT,BINANCE,TRADE,63968,0.04
2026-08-03 23:47:55,BTCUSDT,BINANCE,TRADE,63968,0.026
2026-08-03 23:47:55,BTCUSDT,BINANCE,TRADE,63968,0.026
2026-08-03 23:47:55,BTCUSDT,BINANCE,TRADE,63968,0.01
2026-08-03 23:47:55,BTCUSDT,BINANCE,TRADE,63968,0.026
2026-08-03 23:47:55,BTCUSDT,BINANCE,TRADE,63968,0.026
2026-08-03 23:47:55,BTCUSDT,BINANCE,TRADE,63968,0.012
2026-08-03 23:47:55,BTCUSDT,BINANCE,TRADE,63968,0.01
2026-08-03 23:47:55,BTCUSDT,BINANCE,TRADE,63968,0.01
2026-08-03 23:47:55,BTCUSDT,BINANCE,TRADE,63968,0.026
2026-08-03 23:47:55,BTCUSDT,BINANCE,TRADE,63968,0.003
2026-08-03 23:47:55,BTCUSDT,BINANCE,TRADE,63968,0.01
2026-08-03 23:47:55,BTCUSDT,BINANCE,TRADE,63968,0.01
2026-08-03 23:47:55,BTCUSDT,BINANCE,TRADE,63968,0.01
2026-08-03 23:47:55,BTCUSDT,BINANCE,TRADE,63968,0.001
2026-08-03 23:47:55,BTCUSDT,BINANCE,TRADE,63968,0.01
2026-08-03 23:47:55,BTCUSDT,BINANCE,TRADE,63968,0.00072
2026-08-03 23:47:55,BTCUSDT,BINANCE,TRADE,63968,9e-05
2026-08-03 23:47:55,BTCUSDT,BINANCE,TRADE,63968,9e-05
2026-08-03 23:47:55,BTCUSDT,BINANCE,TRADE,63968,0.0001
2026-08-03 23:47:55,BTCUSDT,BINANCE,TRADE,63968,8e-05
2026-08-03 23:47:55,BTCUSDT,BINANCE,TRADE,63968,9e-05
2026-08-03 23:47:55,BTCUSDT,BINANCE,TRADE,63968,9e-05
2026-08-03 23:47:55,BTCUSDT,BINANCE,TRADE,63968,8e-05
2026-08-03 23:47:55,BTCUSDT,BINANCE,TRADE,63968,9e-05
2026-08-03 23:47:55,BTCUSDT,BINANCE,TRADE,63968,8e-05
2026-08-03 23:47:55,BTCUSDT,BINANCE,TRADE,63968,9e-05
2026-08-03 23:47:55,BTCUSDT,BINANCE,TRADE,63968,9e-05
2026-08-03 23:47:55,BTCUSDT,BINANCE,TRADE,63968,9e-05
2026-08-03 23:47:55,BTCUSDT,BINANCE,TRADE,63968,9e-05
2026-08-03 23:47:55,BTCUSDT,BINANCE,TRADE,63968,9e-05
2026-08-03 23:47:55,BTCUSDT,BINANCE,TRADE,63968,9e-05
2026-08-03 23:47:55,BTCUSDT,BINANCE,TRADE,63968,0.00016
2026-08-03 23:47:55,BTCUSDT,BINANCE,TRADE,63968,0.00779
2026-08-03 23:47:55,BTCUSDT,BINANCE,TRADE,63968,0.003
2026-08-03 23:47:55,ETHUSDT,BINANCE,TRADE,1872.89,0.0028
2026-08-03 23:47:55,ETHUSDT,BINANCE,TRADE,1872.89,0.0002
2026-08-03 23:47:55,ETHUSDT,BINANCE,TRADE,1872.89,0.0026
2026-08-03 23:47:55,ETHUSDT,BINANCE,TRADE,1872.89,0.0027
2026-08-03 23:47:55,ETHUSDT,BINANCE,TRADE,1872.89,0.0028
2026-08-03 23:47:55,ETHUSDT,BINANCE,TRADE,1872.89,0.0027
2026-08-03 23:47:55,ETHUSDT,BINANCE,TRADE,1872.89,0.0028
2026-08-03 23:47:55,ETHUSDT,BINANCE,TRADE,1872.89,0.0027
2026-08-03 23:47:55,ETHUSDT,BINANCE,TRADE,1872.89,0.0028
2026-08-03 23:47:55,ETHUSDT,BINANCE,TRADE,1872.89,0.0028
2026-08-03 23:47:55,ETHUSDT,BINANCE,TRADE,1872.89,0.0889
2026-08-03 23:47:55,ETHUSDT,BINANCE,TRADE,1872.89,0.0054
2026-08-03 23:47:55,ETHUSDT,BINANCE,TRADE,1872.89,0.0028
2026-08-03 23:47:55,ETHUSDT,BINANCE,TRADE,1872.89,0.1276
2026-08-03 23:47:55,ETHUSDT,BINANCE,TRADE,1872.89,0.0032
2026-08-03 23:47:55,ETHUSDT,BINANCE,TRADE,1872.89,0.0032
2026-08-03 23:47:55,ETHUSDT,BINANCE,TRADE,1872.89,0.0028
2026-08-03 23:47:55,ETHUSDT,BINANCE,TRADE,1872.89,0.1276
2026-08-03 23:47:55,ETHUSDT,BINANCE,TRADE,1872.89,0.1276
2026-08-03 23:47:55,ETHUSDT,BINANCE,TRADE,1872.89,0.1276
2026-08-03 23:47:55,ETHUSDT,BINANCE,TRADE,1872.89,0.1276
2026-08-03 23:47:55,ETHUSDT,BINANCE,TRADE,1872.89,0.1276
2026-08-03 23:47:55,ETHUSDT,BINANCE,TRADE,1872.89,0.1276
2026-08-03 23:47:55,ETHUSDT,BINANCE,TRADE,1872.89,0.1276
2026-08-03 23:47:55,ETHUSDT,BINANCE,TRADE,1872.89,0.1276
2026-08-03 23:47:55,ETHUSDT,BINANCE,TRADE,1872.89,0.1276
2026-08-03 23:47:55,ETHUSDT,BINANCE,TRADE,1872.89,0.1276
2026-08-03 23:47:55,ETHUSDT,BINANCE,TRADE,1872.89,0.1276
2026-08-03 23:47:55,ETHUSDT,BINANCE,TRADE,1872.89,0.1276
2026-08-03 23:47:55,ETHUSDT,BINANCE,TRADE,1872.89,0.1276
2026-08-03 23:47:55,ETHUSDT,BINANCE,TRADE,1872.89,0.0522
2026-08-03 23:47:55,ETHUSDT,BINANCE,TRADE,1872.88,0.0027
2026-08-03 23:47:55,ETHUSDT,BINANCE,TRADE,1872.88,0.0028
2026-08-03 23:47:55,ETHUSDT,BINANCE,TRADE,1872.88,0.0028
2026-08-03 23:47:55,ETHUSDT,BINANCE,TRADE,1872.88,0.0028
2026-08-03 23:47:55,ETHUSDT,BINANCE,TRADE,1872.88,0.0028
2026-08-03 23:47:55,ETHUSDT,BINANCE,TRADE,1872.88,0.0054
2026-08-03 23:47:55,ETHUSDT,BINANCE,TRADE,1872.88,0.0028
2026-08-03 23:47:55,ETHUSDT,BINANCE,TRADE,1872.88,0.0027
2026-08-03 23:47:55,ETHUSDT,BINANCE,TRADE,1872.87,0.0027
2026-08-03 23:47:55,ETHUSDT,BINANCE,TRADE,1872.87,0.0027
2026-08-03 23:47:55,ETHUSDT,BINANCE,TRADE,1872.87,0.0027
2026-08-03 23:47:55,ETHUSDT,BINANCE,TRADE,1872.87,0.0027
2026-08-03 23:47:55,ETHUSDT,BINANCE,TRADE,1872.87,0.0028
2026-08-03 23:47:55,ETHUSDT,BINANCE,TRADE,1872.87,0.0054
2026-08-03 23:47:55,ETHUSDT,BINANCE,TRADE,1872.87,0.0029
2026-08-03 23:47:55,ETHUSDT,BINANCE,TRADE,1872.87,0.0029
2026-08-03 23:47:55,ETHUSDT,BINANCE,TRADE,1872.87,0.0027
2026-08-03 23:47:55,ETHUSDT,BINANCE,TRADE,1872.87,0.0027
2026-08-03 23:47:55,ETHUSDT,BINANCE,TRADE,1872.87,0.0027
2026-08-03 23:47:55,ETHUSDT,BINANCE,TRADE,1872.87,0.0029
2026-08-03 23:47:55,ETHUSDT,BINANCE,TRADE,1872.86,0.0028
2026-08-03 23:47:55,ETHUSDT,BINANCE,TRADE,1872.86,0.0032
2026-08-03 23:47:55,ETHUSDT,BINANCE,TRADE,1872.86,0.0032
2026-08-03 23:47:55,ETHUSDT,BINANCE,TRADE,1872.86,0.0027
2026-08-03 23:47:55,ETHUSDT,BINANCE,TRADE,1872.86,0.0028
2026-08-03 23:47:55,ETHUSDT,BINANCE,TRADE,1872.86,0.0027
2026-08-03 23:47:55,ETHUSDT,BINANCE,TRADE,1872.86,0.0028
2026-08-03 23:47:55,ETHUSDT,BINANCE,TRADE,1872.86,0.0028
2026-08-03 23:47:55,ETHUSDT,BINANCE,TRADE,1872.86,0.0028
2026-08-03 23:47:55,ETHUSDT,BINANCE,TRADE,1872.86,0.0028
2026-08-03 23:47:55,ETHUSDT,BINANCE,TRADE,1872.86,0.0028
2026-08-03 23:47:55,ETHUSDT,BINANCE,TRADE,1872.86,0.0027
2026-08-03 23:47:55,ETHUSDT,BINANCE,TRADE,1872.86,0.0027
2026-08-03 23:47:55,ETHUSDT,BINANCE,TRADE,1872.86,0.0027
2026-08-03 23:47:55,ETHUSDT,BINANCE,TRADE,1872.86,0.0027
2026-08-03 23:47:55,ETHUSDT,BINANCE,TRADE,1872.85,0.0028
2026-08-03 23:47:55,ETHUSDT,BINANCE,TRADE,1872.85,0.0028
2026-08-03 23:47:55,ETHUSDT,BINANCE,TRADE,1872.85,0.0028
2026-08-03 23:47:55,ETHUSDT,BINANCE,TRADE,1872.85,0.0028
2026-08-03 23:47:55,ETHUSDT,BINANCE,TRADE,1872.85,0.0028
2026-08-03 23:47:55,ETHUSDT,BINANCE,TRADE,1872.85,0.0028
2026-08-03 23:47:55,BTCUSDT,BINANCE,TRADE,63968,0.08
2026-08-03 23:47:55,BTCUSDT,BINANCE,TRADE,63968,0.04
2026-08-03 23:47:55,BTCUSDT,BINANCE,TRADE,63968,0.01
2026-08-03 23:47:55,BTCUSDT,BINANCE,TRADE,63968,0.02
2026-08-03 23:47:55,BTCUSDT,BINANCE,TRADE,63968,0.0044
2026-08-03 23:47:55,BTCUSDT,BINANCE,TRADE,63968,0.10369
2026-08-03 23:47:55,BTCUSDT,BINANCE,TRADE,63968,0.03112
2026-08-03 23:47:55,BTCUSDT,BINANCE,TRADE,63968,9e-05
2026-08-03 23:47:55,BTCUSDT,BINANCE,TRADE,63968,9e-05
2026-08-03 23:47:55,BTCUSDT,BINANCE,TRADE,63968,9e-05
2026-08-03 23:47:55,BTCUSDT,BINANCE,TRADE,63968,9e-05
2026-08-03 23:47:55,BTCUSDT,BINANCE,TRADE,63968,9e-05
2026-08-03 23:47:55,BTCUSDT,BINANCE,TRADE,63968,8e-05
2026-08-03 23:47:55,BTCUSDT,BINANCE,TRADE,63968,9e-05
2026-08-03 23:47:55,BTCUSDT,BINANCE,TRADE,63968,9e-05
2026-08-03 23:47:55,BTCUSDT,BINANCE,TRADE,63968,9e-05
2026-08-03 23:47:55,BTCUSDT,BINANCE,TRADE,63968,9e-05
2026-08-03 23:47:55,BTCUSDT,BINANCE,TRADE,63968,9e-05
2026-08-03 23:47:55,BTCUSDT,BINANCE,TRADE,63968,9e-05
2026-08-03 23:47:55,BTCUSDT,BINANCE,TRADE,63968,0.00016
2026-08-03 23:47:55,BTCUSDT,BINANCE,TRADE,63968,8e-05
2026-08-03 23:47:55,BTCUSDT,BINANCE,TRADE,63968,9e-05
2026-08-03 23:47:55,BTCUSDT,BINANCE,TRADE,63968,8e-05
2026-08-03 23:47:55,BTCUSDT,BINANCE,TRADE,63968,9e-05
2026-08-03 23:47:55,BTCUSDT,BINANCE,TRADE,63968,9e-05
2026-08-03 23:47:55,BTCUSDT,BINANCE,TRADE,63968,9e-05
2026-08-03 23:47:55,BTCUSDT,BINANCE,TRADE,63968,9e-05
2026-08-03 23:47:55,BTCUSDT,BINANCE,TRADE,63968,9e-05
2026-08-03 23:47:55,BTCUSDT,BINANCE,TRADE,63968,9e-05
2026-08-03 23:47:55,BTCUSDT,BINANCE,TRADE,63968,9e-05
2026-08-03 23:47:55,BTCUSDT,BINANCE,TRADE,63968,9e-05
2026-08-03 23:47:55,BTCUSDT,BINANCE,TRADE,63968,0.00016
2026-08-03 23:47:55,BTCUSDT,BINANCE,TRADE,63968,9e-05
2026-08-03 23:47:55,BTCUSDT,BINANCE,TRADE,63968,0.00016
2026-08-03 23:47:55,BTCUSDT,BINANCE,TRADE,63967.7,8e-05
2026-08-03 23:47:55,BTCUSDT,BINANCE,TRADE,63967.5,0.00064
2026-08-03 23:47:55,BTCUSDT,BINANCE,TRADE,63967.1,8e-05
2026-08-03 23:47:55,BTCUSDT,BINANCE,TRADE,63967.1,8e-05
2026-08-03 23:47:55,BTCUSDT,BINANCE,TRADE,63967.1,0.00037
2026-08-03 23:47:55,BTCUSDT,BINANCE,TRADE,63966.7,0.00024
2026-08-03 23:47:55,BTCUSDT,BINANCE,TRADE,63966.4,8e-05
2026-08-03 23:47:55,BTCUSDT,BINANCE,TRADE,63966.4,8e-05
2026-08-03 23:47:55,BTCUSDT,BINANCE,TRADE,63966.1,0.00157
2026-08-03 23:47:55,BTCUSDT,BINANCE,TRADE,63966.1,9e-05
2026-08-03 23:47:55,BTCUSDT,BINANCE,TRADE,63966.1,9e-05
2026-08-03 23:47:55,BTCUSDT,BINANCE,TRADE,63966.1,9e-05
2026-08-03 23:47:55,BTCUSDT,BINANCE,TRADE,63966.1,0.02051
2026-08-03 23:47:55,BTCUSDT,BINANCE,TRADE,63966.1,9e-05
2026-08-03 23:47:55,BTCUSDT,BINANCE,TRADE,63966.1,9e-05
2026-08-03 23:47:55,BTCUSDT,BINANCE,TRADE,63966.1,0.00961
2026-08-03 23:47:55,BTCUSDT,BINANCE,TRADE,63966,9e-05
2026-08-03 23:47:55,BTCUSDT,BINANCE,TRADE,63966,9e-05
2026-08-03 23:47:55,BTCUSDT,BINANCE,TRADE,63966,9e-05
2026-08-03 23:47:55,ETHUSDT,BINANCE,TRADE,1872.84,0.0027
2026-08-03 23:47:55,ETHUSDT,BINANCE,TRADE,1872.84,0.0028
2026-08-03 23:47:55,ETHUSDT,BINANCE,TRADE,1872.84,0.0028
2026-08-03 23:47:55,ETHUSDT,BINANCE,TRADE,1872.84,0.0028
2026-08-03 23:47:55,ETHUSDT,BINANCE,TRADE,1872.84,0.0032
2026-08-03 23:47:55,ETHUSDT,BINANCE,TRADE,1872.84,0.0027
2026-08-03 23:47:55,ETHUSDT,BINANCE,TRADE,1872.84,0.0032
2026-08-03 23:47:55,ETHUSDT,BINANCE,TRADE,1872.84,0.0028
2026-08-03 23:47:55,ETHUSDT,BINANCE,TRADE,1872.84,0.0027
2026-08-03 23:47:55,ETHUSDT,BINANCE,TRADE,1872.84,0.0028
2026-08-03 23:47:55,ETHUSDT,BINANCE,TRADE,1872.84,0.0028
2026-08-03 23:47:55,ETHUSDT,BINANCE,TRADE,1872.84,0.0028
2026-08-03 23:47:55,ETHUSDT,BINANCE,TRADE,1872.84,0.0028
2026-08-03 23:47:55,ETHUSDT,BINANCE,TRADE,1872.84,0.0028
2026-08-03 23:47:55,ETHUSDT,BINANCE,TRADE,1872.84,0.0027
2026-08-03 23:47:55,ETHUSDT,BINANCE,TRADE,1872.84,0.0027
2026-08-03 23:47:55,ETHUSDT,BINANCE,TRADE,1872.84,0.0027
2026-08-03 23:47:55,ETHUSDT,BINANCE,TRADE,1872.84,0.0027
2026-08-03 23:47:55,ETHUSDT,BINANCE,TRADE,1872.84,0.0027
2026-08-03 23:47:55,BTCUSDT,BINANCE,TRADE,63966,0.005
2026-08-03 23:47:55,ETHUSDT,BINANCE,TRADE,1872.83,0.0027
2026-08-03 23:47:55,ETHUSDT,BINANCE,TRADE,1872.83,0.0028
2026-08-03 23:47:55,ETHUSDT,BINANCE,TRADE,1872.83,0.0028
2026-08-03 23:47:55,ETHUSDT,BINANCE,TRADE,1872.83,0.0028
2026-08-03 23:47:55,ETHUSDT,BINANCE,TRADE,1872.83,0.0028
2026-08-03 23:47:55,ETHUSDT,BINANCE,TRADE,1872.83,0.0028
2026-08-03 23:47:55,ETHUSDT,BINANCE,TRADE,1872.83,0.0027
2026-08-03 23:47:55,ETHUSDT,BINANCE,TRADE,1872.83,0.0032
2026-08-03 23:47:55,ETHUSDT,BINANCE,TRADE,1872.83,0.0032
2026-08-03 23:47:55,ETHUSDT,BINANCE,TRADE,1872.83,0.0028
2026-08-03 23:47:55,ETHUSDT,BINANCE,TRADE,1872.83,0.0027
2026-08-03 23:47:55,ETHUSDT,BINANCE,TRADE,1872.83,0.0027
2026-08-03 23:47:55,ETHUSDT,BINANCE,TRADE,1872.83,0.0027
2026-08-03 23:47:55,ETHUSDT,BINANCE,TRADE,1872.83,0.0027
2026-08-03 23:47:55,ETHUSDT,BINANCE,TRADE,1872.82,0.0027
2026-08-03 23:47:55,ETHUSDT,BINANCE,TRADE,1872.82,0.0028
2026-08-03 23:47:55,ETHUSDT,BINANCE,TRADE,1872.82,0.0028
2026-08-03 23:47:55,ETHUSDT,BINANCE,TRADE,1872.82,0.0029
2026-08-03 23:47:55,ETHUSDT,BINANCE,TRADE,1872.82,0.0029
2026-08-03 23:47:55,ETHUSDT,BINANCE,TRADE,1872.82,0.0027
2026-08-03 23:47:55,ETHUSDT,BINANCE,TRADE,1872.82,0.0029
2026-08-03 23:47:55,ETHUSDT,BINANCE,TRADE,1872.82,0.0027
2026-08-03 23:47:55,ETHUSDT,BINANCE,TRADE,1872.82,0.0027
2026-08-03 23:47:55,ETHUSDT,BINANCE,TRADE,1872.82,0.0027
2026-08-03 23:47:55,BTCUSDT,BINANCE,TRADE,63966,0.001
2026-08-03 23:47:55,BTCUSDT,BINANCE,TRADE,63966,0.005
2026-08-03 23:47:55,BTCUSDT,BINANCE,TRADE,63966,0.002
2026-08-03 23:47:55,BTCUSDT,BINANCE,TRADE,63966,0.008
2026-08-03 23:47:55,BTCUSDT,BINANCE,TRADE,63966,9e-05
2026-08-03 23:47:55,BTCUSDT,BINANCE,TRADE,63966,9e-05
2026-08-03 23:47:55,BTCUSDT,BINANCE,TRADE,63966,8e-05
2026-08-03 23:47:55,BTCUSDT,BINANCE,TRADE,63966,9e-05
2026-08-03 23:47:55,BTCUSDT,BINANCE,TRADE,63966,9e-05
2026-08-03 23:47:55,BTCUSDT,BINANCE,TRADE,63966,9e-05
2026-08-03 23:47:55,BTCUSDT,BINANCE,TRADE,63966,9e-05
2026-08-03 23:47:55,BTCUSDT,BINANCE,TRADE,63966,9e-05
2026-08-03 23:47:55,BTCUSDT,BINANCE,TRADE,63966,8e-05
2026-08-03 23:47:55,BTCUSDT,BINANCE,TRADE,63966,9e-05
2026-08-03 23:47:55,BTCUSDT,BINANCE,TRADE,63966,9e-05
2026-08-03 23:47:55,BTCUSDT,BINANCE,TRADE,63966,9e-05
2026-08-03 23:47:55,BTCUSDT,BINANCE,TRADE,63966,9e-05
2026-08-03 23:47:55,BTCUSDT,BINANCE,TRADE,63965.9,8e-05
2026-08-03 23:47:55,BTCUSDT,BINANCE,TRADE,63965.9,8e-05
2026-08-03 23:47:55,BTCUSDT,BINANCE,TRADE,63965.9,9e-05
2026-08-03 23:47:55,BTCUSDT,BINANCE,TRADE,63964.5,0.0026
2026-08-03 23:47:55,ETHUSDT,BINANCE,TRADE,1872.81,0.0027
2026-08-03 23:47:55,ETHUSDT,BINANCE,TRADE,1872.81,0.0028
2026-08-03 23:47:55,ETHUSDT,BINANCE,TRADE,1872.81,0.0029
2026-08-03 23:47:55,ETHUSDT,BINANCE,TRADE,1872.81,0.0029
2026-08-03 23:47:55,ETHUSDT,BINANCE,TRADE,1872.81,0.0032
2026-08-03 23:47:55,ETHUSDT,BINANCE,TRADE,1872.81,0.0028
2026-08-03 23:47:55,ETHUSDT,BINANCE,TRADE,1872.81,0.0032
2026-08-03 23:47:55,ETHUSDT,BINANCE,TRADE,1872.81,0.0028
2026-08-03 23:47:55,ETHUSDT,BINANCE,TRADE,1872.81,0.0028
2026-08-03 23:47:55,ETHUSDT,BINANCE,TRADE,1872.81,0.0028
2026-08-03 23:47:55,ETHUSDT,BINANCE,TRADE,1872.81,0.0028
2026-08-03 23:47:55,ETHUSDT,BINANCE,TRADE,1872.81,0.0028
2026-08-03 23:47:55,ETHUSDT,BINANCE,TRADE,1872.81,0.0028
2026-08-03 23:47:55,ETHUSDT,BINANCE,TRADE,1872.81,0.0027
2026-08-03 23:47:55,ETHUSDT,BINANCE,TRADE,1872.81,0.0027
2026-08-03 23:47:55,ETHUSDT,BINANCE,TRADE,1872.81,0.0029
2026-08-03 23:47:55,ETHUSDT,BINANCE,TRADE,1872.81,0.0027
2026-08-03 23:47:55,ETHUSDT,BINANCE,TRADE,1872.81,0.0027
2026-08-03 23:47:55,ETHUSDT,BINANCE,TRADE,1872.81,0.0027
2026-08-03 23:47:55,ETHUSDT,BINANCE,TRADE,1872.8,0.008
2026-08-03 23:47:55,ETHUSDT,BINANCE,TRADE,1872.8,0.0027
2026-08-03 23:47:55,ETHUSDT,BINANCE,TRADE,1872.8,0.0027
2026-08-03 23:47:55,ETHUSDT,BINANCE,TRADE,1872.8,0.0028
2026-08-03 23:47:55,ETHUSDT,BINANCE,TRADE,1872.8,0.0028
2026-08-03 23:47:55,ETHUSDT,BINANCE,TRADE,1872.8,0.0028
2026-08-03 23:47:55,ETHUSDT,BINANCE,TRADE,1872.8,0.0028
2026-08-03 23:47:55,ETHUSDT,BINANCE,TRADE,1872.8,0.0027
2026-08-03 23:47:55,ETHUSDT,BINANCE,TRADE,1872.8,0.0027
2026-08-03 23:47:55,ETHUSDT,BINANCE,TRADE,1872.8,0.0027
2026-08-03 23:47:55,ETHUSDT,BINANCE,TRADE,1872.8,0.0027
2026-08-03 23:47:55,ETHUSDT,BINANCE,TRADE,1872.8,0.0027
2026-08-03 23:47:55,ETHUSDT,BINANCE,TRADE,1872.8,0.0027
2026-08-03 23:47:55,ETHUSDT,BINANCE,TRADE,1872.8,0.0027
2026-08-03 23:47:55,ETHUSDT,BINANCE,TRADE,1872.8,0.0027
2026-08-03 23:47:55,ETHUSDT,BINANCE,TRADE,1872.79,0.0027
2026-08-03 23:47:55,ETHUSDT,BINANCE,TRADE,1872.79,0.0028
2026-08-03 23:47:55,ETHUSDT,BINANCE,TRADE,1872.77,0.0027
2026-08-03 23:47:55,ETHUSDT,BINANCE,TRADE,1872.77,0.0027
2026-08-03 23:47:55,ETHUSDT,BINANCE,TRADE,1872.77,0.0029
2026-08-03 23:47:55,ETHUSDT,BINANCE,TRADE,1872.77,0.0029
2026-08-03 23:47:55,ETHUSDT,BINANCE,TRADE,1872.77,0.0028
2026-08-03 23:47:55,ETHUSDT,BINANCE,TRADE,1872.77,0.0027
2026-08-03 23:47:55,ETHUSDT,BINANCE,TRADE,1872.77,0.0027
2026-08-03 23:47:55,ETHUSDT,BINANCE,TRADE,1872.77,0.0029
2026-08-03 23:47:55,BTCUSDT,BINANCE,TRADE,63964.5,0.00398
2026-08-03 23:47:55,BTCUSDT,BINANCE,TRADE,63964.5,9e-05
2026-08-03 23:47:55,BTCUSDT,BINANCE,TRADE,63964.5,9e-05
2026-08-03 23:47:55,BTCUSDT,BINANCE,TRADE,63964.5,8e-05
2026-08-03 23:47:55,BTCUSDT,BINANCE,TRADE,63964.5,9e-05
2026-08-03 23:47:55,BTCUSDT,BINANCE,TRADE,63964.5,0.01567
2026-08-03 23:47:55,BTCUSDT,BINANCE,TRADE,63964.5,0.01
2026-08-03 23:47:55,BTCUSDT,BINANCE,TRADE,63964.5,0.00974
2026-08-03 23:47:55,BTCUSDT,BINANCE,TRADE,63964.5,9e-05
2026-08-03 23:47:55,BTCUSDT,BINANCE,TRADE,63964.5,8e-05
2026-08-03 23:47:55,BTCUSDT,BINANCE,TRADE,63964.5,8e-05
2026-08-03 23:47:55,BTCUSDT,BINANCE,TRADE,63964.5,9e-05
2026-08-03 23:47:55,BTCUSDT,BINANCE,TRADE,63964.5,9e-05
2026-08-03 23:47:55,BTCUSDT,BINANCE,TRADE,63964.5,9e-05
2026-08-03 23:47:55,BTCUSDT,BINANCE,TRADE,63964.5,9e-05
2026-08-03 23:47:55,BTCUSDT,BINANCE,TRADE,63964.5,9e-05
2026-08-03 23:47:55,BTCUSDT,BINANCE,TRADE,63964.5,9e-05
2026-08-03 23:47:55,BTCUSDT,BINANCE,TRADE,63964.5,9e-05
2026-08-03 23:47:55,BTCUSDT,BINANCE,TRADE,63964.5,9e-05
2026-08-03 23:47:55,BTCUSDT,BINANCE,TRADE,63964.5,9e-05
2026-08-03 23:47:55,BTCUSDT,BINANCE,TRADE,63964.5,8e-05
2026-08-03 23:47:55,BTCUSDT,BINANCE,TRADE,63964.5,8e-05
2026-08-03 23:47:55,BTCUSDT,BINANCE,TRADE,63964.5,9e-05
2026-08-03 23:47:55,BTCUSDT,BINANCE,TRADE,63964.5,9e-05
2026-08-03 23:47:55,BTCUSDT,BINANCE,TRADE,63964.5,9e-05
2026-08-03 23:47:55,BTCUSDT,BINANCE,TRADE,63964.5,8e-05
2026-08-03 23:47:55,BTCUSDT,BINANCE,TRADE,63964.5,9e-05
2026-08-03 23:47:55,BTCUSDT,BINANCE,TRADE,63964.5,9e-05
2026-08-03 23:47:55,BTCUSDT,BINANCE,TRADE,63964.5,9e-05
2026-08-03 23:47:55,BTCUSDT,BINANCE,TRADE,63964.5,9e-05
2026-08-03 23:47:55,BTCUSDT,BINANCE,TRADE,63964.5,9e-05
2026-08-03 23:47:55,BTCUSDT,BINANCE,TRADE,63964.5,9e-05
2026-08-03 23:47:55,BTCUSDT,BINANCE,TRADE,63964.5,9e-05
2026-08-03 23:47:55,BTCUSDT,BINANCE,TRADE,63964.5,9e-05
2026-08-03 23:47:55,BTCUSDT,BINANCE,TRADE,63964.5,9e-05
2026-08-03 23:47:55,BTCUSDT,BINANCE,TRADE,63964,9e-05
2026-08-03 23:47:55,BTCUSDT,BINANCE,TRADE,63964,9e-05
2026-08-03 23:47:55,BTCUSDT,BINANCE,TRADE,63964,9e-05
2026-08-03 23:47:55,BTCUSDT,BINANCE,TRADE,63964,0.003
2026-08-03 23:47:55,ETHUSDT,BINANCE,TRADE,1872.76,0.0028
2026-08-03 23:47:55,ETHUSDT,BINANCE,TRADE,1872.76,0.0029
2026-08-03 23:47:55,ETHUSDT,BINANCE,TRADE,1872.76,0.0027
2026-08-03 23:47:55,ETHUSDT,BINANCE,TRADE,1872.76,0.0029
2026-08-03 23:47:55,ETHUSDT,BINANCE,TRADE,1872.76,0.0027
2026-08-03 23:47:55,ETHUSDT,BINANCE,TRADE,1872.76,0.0028
2026-08-03 23:47:55,ETHUSDT,BINANCE,TRADE,1872.76,0.0028
2026-08-03 23:47:55,ETHUSDT,BINANCE,TRADE,1872.76,0.0027
2026-08-03 23:47:55,ETHUSDT,BINANCE,TRADE,1872.76,0.0028
2026-08-03 23:47:55,ETHUSDT,BINANCE,TRADE,1872.76,0.0028
2026-08-03 23:47:55,ETHUSDT,BINANCE,TRADE,1872.76,0.0028
2026-08-03 23:47:55,ETHUSDT,BINANCE,TRADE,1872.76,0.0032
2026-08-03 23:47:55,ETHUSDT,BINANCE,TRADE,1872.76,0.0032
2026-08-03 23:47:55,ETHUSDT,BINANCE,TRADE,1872.76,0.0028
2026-08-03 23:47:55,ETHUSDT,BINANCE,TRADE,1872.76,0.0028
2026-08-03 23:47:55,ETHUSDT,BINANCE,TRADE,1872.76,0.0029
2026-08-03 23:47:55,ETHUSDT,BINANCE,TRADE,1872.76,0.0027
2026-08-03 23:47:55,BTCUSDT,BINANCE,TRADE,63964,0.013
2026-08-03 23:47:55,BTCUSDT,BINANCE,TRADE,63964,0.012
2026-08-03 23:47:55,SOLUSDT,BINANCE,TRADE,74.22,0.073
2026-08-03 23:47:55,SOLUSDT,BINANCE,TRADE,74.22,0.073
2026-08-03 23:47:55,SOLUSDT,BINANCE,TRADE,74.22,0.278
2026-08-03 23:47:55,SOLUSDT,BINANCE,TRADE,74.22,0.073
2026-08-03 23:47:55,SOLUSDT,BINANCE,TRADE,74.22,0.073
2026-08-03 23:47:55,SOLUSDT,BINANCE,TRADE,74.22,0.068
2026-08-03 23:47:55,SOLUSDT,BINANCE,TRADE,74.22,0.073
2026-08-03 23:47:55,SOLUSDT,BINANCE,TRADE,74.22,3.218
2026-08-03 23:47:55,SOLUSDT,BINANCE,TRADE,74.22,10.766
2026-08-03 23:47:55,SOLUSDT,BINANCE,TRADE,74.22,0.073
2026-08-03 23:47:55,SOLUSDT,BINANCE,TRADE,74.22,0.073
2026-08-03 23:47:55,SOLUSDT,BINANCE,TRADE,74.22,0.073
2026-08-03 23:47:55,SOLUSDT,BINANCE,TRADE,74.22,0.071
2026-08-03 23:47:55,SOLUSDT,BINANCE,TRADE,74.22,0.135
2026-08-03 23:47:55,SOLUSDT,BINANCE,TRADE,74.22,13.38
2026-08-03 23:47:55,SOLUSDT,BINANCE,TRADE,74.22,0.257
2026-08-03 23:47:55,SOLUSDT,BINANCE,TRADE,74.22,3.216
2026-08-03 23:47:55,SOLUSDT,BINANCE,TRADE,74.22,2.732
2026-08-03 23:47:55,SOLUSDT,BINANCE,TRADE,74.22,0.069
2026-08-03 23:47:55,SOLUSDT,BINANCE,TRADE,74.22,3.218
2026-08-03 23:47:55,SOLUSDT,BINANCE,TRADE,74.22,3.216
2026-08-03 23:47:55,SOLUSDT,BINANCE,TRADE,74.22,3.218
2026-08-03 23:47:55,SOLUSDT,BINANCE,TRADE,74.22,3.216
2026-08-03 23:47:55,SOLUSDT,BINANCE,TRADE,74.22,3.218
2026-08-03 23:47:55,SOLUSDT,BINANCE,TRADE,74.22,3.216
2026-08-03 23:47:55,SOLUSDT,BINANCE,TRADE,74.22,3.218
2026-08-03 23:47:55,SOLUSDT,BINANCE,TRADE,74.22,3.216
2026-08-03 23:47:55,SOLUSDT,BINANCE,TRADE,74.22,3.218
2026-08-03 23:47:55,SOLUSDT,BINANCE,TRADE,74.22,3.216
2026-08-03 23:47:55,SOLUSDT,BINANCE,TRADE,74.22,3.218
2026-08-03 23:47:55,SOLUSDT,BINANCE,TRADE,74.22,2.006
2026-08-03 23:47:55,SOLUSDT,BINANCE,TRADE,74.22,1.21
2026-08-03 23:47:55,SOLUSDT,BINANCE,TRADE,74.22,3.218
2026-08-03 23:47:55,SOLUSDT,BINANCE,TRADE,74.22,3.216
2026-08-03 23:47:55,SOLUSDT,BINANCE,TRADE,74.22,3.218
2026-08-03 23:47:55,SOLUSDT,BINANCE,TRADE,74.22,3.216
2026-08-03 23:47:55,SOLUSDT,BINANCE,TRADE,74.22,3.218
2026-08-03 23:47:55,SOLUSDT,BINANCE,TRADE,74.22,3.216
2026-08-03 23:47:55,SOLUSDT,BINANCE,TRADE,74.22,3.218
2026-08-03 23:47:55,SOLUSDT,BINANCE,TRADE,74.22,3.216
2026-08-03 23:47:55,SOLUSDT,BINANCE,TRADE,74.22,3.218
2026-08-03 23:47:55,SOLUSDT,BINANCE,TRADE,74.22,3.216
2026-08-03 23:47:55,SOLUSDT,BINANCE,TRADE,74.22,3.218
2026-08-03 23:47:55,SOLUSDT,BINANCE,TRADE,74.22,3.216
2026-08-03 23:47:55,SOLUSDT,BINANCE,TRADE,74.22,3.218
2026-08-03 23:47:55,SOLUSDT,BINANCE,TRADE,74.22,3.216
2026-08-03 23:47:55,SOLUSDT,BINANCE,TRADE,74.22,3.218
2026-08-03 23:47:55,SOLUSDT,BINANCE,TRADE,74.22,3.216
2026-08-03 23:47:55,SOLUSDT,BINANCE,TRADE,74.22,3.218
2026-08-03 23:47:55,SOLUSDT,BINANCE,TRADE,74.22,3.216
2026-08-03 23:47:55,SOLUSDT,BINANCE,TRADE,74.22,3.218
2026-08-03 23:47:55,SOLUSDT,BINANCE,TRADE,74.22,3.216
2026-08-03 23:47:55,SOLUSDT,BINANCE,TRADE,74.22,3.218
2026-08-03 23:47:55,SOLUSDT,BINANCE,TRADE,74.22,3.216
2026-08-03 23:47:55,SOLUSDT,BINANCE,TRADE,74.22,3.218
2026-08-03 23:47:55,SOLUSDT,BINANCE,TRADE,74.22,3.216
2026-08-03 23:47:55,SOLUSDT,BINANCE,TRADE,74.22,3.218
2026-08-03 23:47:55,SOLUSDT,BINANCE,TRADE,74.22,0.943
2026-08-03 23:47:55,SOLUSDT,BINANCE,TRADE,74.22,3.218
2026-08-03 23:47:55,SOLUSDT,BINANCE,TRADE,74.22,3.218
2026-08-03 23:47:55,SOLUSDT,BINANCE,TRADE,74.22,3.218
2026-08-03 23:47:55,SOLUSDT,BINANCE,TRADE,74.22,1.76
2026-08-03 23:47:55,SOLUSDT,BINANCE,TRADE,74.21,0.278
2026-08-03 23:47:55,SOLUSDT,BINANCE,TRADE,74.21,0.102
2026-08-03 23:47:55,SOLUSDT,BINANCE,TRADE,74.21,0.069
2026-08-03 23:47:55,SOLUSDT,BINANCE,TRADE,74.21,0.081
2026-08-03 23:47:55,SOLUSDT,BINANCE,TRADE,74.21,0.075
2026-08-03 23:47:55,SOLUSDT,BINANCE,TRADE,74.21,0.068
2026-08-03 23:47:55,SOLUSDT,BINANCE,TRADE,74.21,0.102
2026-08-03 23:47:55,SOLUSDT,BINANCE,TRADE,74.21,0.15
2026-08-03 23:47:55,SOLUSDT,BINANCE,TRADE,74.21,0.073
2026-08-03 23:47:55,SOLUSDT,BINANCE,TRADE,74.21,0.073
2026-08-03 23:47:55,SOLUSDT,BINANCE,TRADE,74.21,0.135
2026-08-03 23:47:55,SOLUSDT,BINANCE,TRADE,74.21,0.071
2026-08-03 23:47:55,SOLUSDT,BINANCE,TRADE,74.21,0.329
2026-08-03 23:47:55,ETHUSDT,BINANCE,TRADE,1872.75,0.003
2026-08-03 23:47:55,ETHUSDT,BINANCE,TRADE,1872.75,0.0027
2026-08-03 23:47:55,ETHUSDT,BINANCE,TRADE,1872.75,0.0028
2026-08-03 23:47:55,ETHUSDT,BINANCE,TRADE,1872.75,0.0028
2026-08-03 23:47:55,ETHUSDT,BINANCE,TRADE,1872.75,0.0027
2026-08-03 23:47:55,ETHUSDT,BINANCE,TRADE,1872.75,0.0028
2026-08-03 23:47:55,ETHUSDT,BINANCE,TRADE,1872.75,0.0027
2026-08-03 23:47:55,ETHUSDT,BINANCE,TRADE,1872.75,0.0028
2026-08-03 23:47:55,ETHUSDT,BINANCE,TRADE,1872.75,0.0028
2026-08-03 23:47:55,ETHUSDT,BINANCE,TRADE,1872.75,0.0028
2026-08-03 23:47:55,ETHUSDT,BINANCE,TRADE,1872.75,0.0027
2026-08-03 23:47:55,ETHUSDT,BINANCE,TRADE,1872.75,0.0028
2026-08-03 23:47:55,ETHUSDT,BINANCE,TRADE,1872.75,0.0027
2026-08-03 23:47:55,ETHUSDT,BINANCE,TRADE,1872.75,0.0028
2026-08-03 23:47:55,ETHUSDT,BINANCE,TRADE,1872.75,0.0032
2026-08-03 23:47:55,ETHUSDT,BINANCE,TRADE,1872.75,0.0032
2026-08-03 23:47:55,ETHUSDT,BINANCE,TRADE,1872.75,0.0028
2026-08-03 23:47:55,ETHUSDT,BINANCE,TRADE,1872.75,0.0027
2026-08-03 23:47:55,ETHUSDT,BINANCE,TRADE,1872.75,0.0027
2026-08-03 23:47:55,ETHUSDT,BINANCE,TRADE,1872.74,0.0029
2026-08-03 23:47:55,ETHUSDT,BINANCE,TRADE,1872.74,0.0028
2026-08-03 23:47:55,ETHUSDT,BINANCE,TRADE,1872.74,0.0029
2026-08-03 23:47:55,ETHUSDT,BINANCE,TRADE,1872.74,0.0028
2026-08-03 23:47:55,ETHUSDT,BINANCE,TRADE,1872.74,0.0028
2026-08-03 23:47:55,ETHUSDT,BINANCE,TRADE,1872.74,0.0028
2026-08-03 23:47:55,ETHUSDT,BINANCE,TRADE,1872.74,0.0028
2026-08-03 23:47:55,ETHUSDT,BINANCE,TRADE,1872.74,0.0029
2026-08-03 23:47:55,BTCUSDT,BINANCE,TRADE,63964,0.00068
2026-08-03 23:47:56,BTCUSDT,BINANCE,TRADE,63964,0.0681
2026-08-03 23:47:56,BTCUSDT,BINANCE,TRADE,63964,0.03045
2026-08-03 23:47:56,BTCUSDT,BINANCE,TRADE,63964,0.09477
2026-08-03 23:47:56,BTCUSDT,BINANCE,TRADE,63964,0.006
2026-08-03 23:47:56,BTCUSDT,BINANCE,TRADE,63964,0.005
2026-08-03 23:47:56,BTCUSDT,BINANCE,TRADE,63964,0.002
2026-08-03 23:47:56,BTCUSDT,BINANCE,TRADE,63964,0.008
2026-08-03 23:47:56,BTCUSDT,BINANCE,TRADE,63964,9e-05
2026-08-03 23:47:56,BTCUSDT,BINANCE,TRADE,63964,9e-05
2026-08-03 23:47:56,BTCUSDT,BINANCE,TRADE,63964,8e-05
2026-08-03 23:47:56,BTCUSDT,BINANCE,TRADE,63964,9e-05
2026-08-03 23:47:56,BTCUSDT,BINANCE,TRADE,63964,9e-05
2026-08-03 23:47:56,BTCUSDT,BINANCE,TRADE,63964,9e-05
2026-08-03 23:47:56,BTCUSDT,BINANCE,TRADE,63964,8e-05
2026-08-03 23:47:56,BTCUSDT,BINANCE,TRADE,63964,9e-05
2026-08-03 23:47:56,BTCUSDT,BINANCE,TRADE,63964,9e-05
2026-08-03 23:47:56,BTCUSDT,BINANCE,TRADE,63964,9e-05
2026-08-03 23:47:56,BTCUSDT,BINANCE,TRADE,63964,8e-05
2026-08-03 23:47:56,BTCUSDT,BINANCE,TRADE,63964,9e-05
2026-08-03 23:47:56,BTCUSDT,BINANCE,TRADE,63964,8e-05
2026-08-03 23:47:56,BTCUSDT,BINANCE,TRADE,63964,9e-05
2026-08-03 23:47:56,BTCUSDT,BINANCE,TRADE,63964,8e-05
2026-08-03 23:47:56,BTCUSDT,BINANCE,TRADE,63964,8e-05
2026-08-03 23:47:56,BTCUSDT,BINANCE,TRADE,63964,8e-05
2026-08-03 23:47:56,BTCUSDT,BINANCE,TRADE,63964,8e-05
2026-08-03 23:47:56,BTCUSDT,BINANCE,TRADE,63964,9e-05
2026-08-03 23:47:56,BTCUSDT,BINANCE,TRADE,63964,9e-05
2026-08-03 23:47:56,BTCUSDT,BINANCE,TRADE,63964,9e-05
2026-08-03 23:47:56,BTCUSDT,BINANCE,TRADE,63964,9e-05
2026-08-03 23:47:56,BTCUSDT,BINANCE,TRADE,63964,9e-05
2026-08-03 23:47:56,BTCUSDT,BINANCE,TRADE,63964,9e-05
2026-08-03 23:47:56,BTCUSDT,BINANCE,TRADE,63964,9e-05
2026-08-03 23:47:56,BTCUSDT,BINANCE,TRADE,63964,9e-05
2026-08-03 23:47:56,BTCUSDT,BINANCE,TRADE,63963.9,8e-05
2026-08-03 23:47:56,BTCUSDT,BINANCE,TRADE,63963.4,0.00781
2026-08-03 23:47:56,BTCUSDT,BINANCE,TRADE,63963.4,9e-05
2026-08-03 23:47:56,BTCUSDT,BINANCE,TRADE,63963.4,9e-05
2026-08-03 23:47:56,BTCUSDT,BINANCE,TRADE,63963.4,8e-05
2026-08-03 23:47:56,BTCUSDT,BINANCE,TRADE,63963.4,8e-05
2026-08-03 23:47:56,BTCUSDT,BINANCE,TRADE,63963.4,0.00818
2026-08-03 23:47:56,BTCUSDT,BINANCE,TRADE,63963.4,9e-05
2026-08-03 23:47:56,BTCUSDT,BINANCE,TRADE,63963.4,8e-05
2026-08-03 23:47:56,BTCUSDT,BINANCE,TRADE,63963.4,8e-05
2026-08-03 23:47:56,BTCUSDT,BINANCE,TRADE,63962.7,9e-05
2026-08-03 23:47:56,BTCUSDT,BINANCE,TRADE,63962.1,0.00023
2026-08-03 23:47:56,BTCUSDT,BINANCE,TRADE,63962,9e-05
2026-08-03 23:47:56,BTCUSDT,BINANCE,TRADE,63962,9e-05
2026-08-03 23:47:56,BTCUSDT,BINANCE,TRADE,63962,9e-05
2026-08-03 23:47:56,BTCUSDT,BINANCE,TRADE,63962,0.006
2026-08-03 23:47:56,BTCUSDT,BINANCE,TRADE,63962,0.005
2026-08-03 23:47:56,BTCUSDT,BINANCE,TRADE,63962,0.008
2026-08-03 23:47:56,BTCUSDT,BINANCE,TRADE,63962,0.002
2026-08-03 23:47:56,BTCUSDT,BINANCE,TRADE,63962,9e-05
2026-08-03 23:47:56,BTCUSDT,BINANCE,TRADE,63962,9e-05
2026-08-03 23:47:56,BTCUSDT,BINANCE,TRADE,63961.9,9e-05
2026-08-03 23:47:56,BTCUSDT,BINANCE,TRADE,63961.9,9e-05
2026-08-03 23:47:56,BTCUSDT,BINANCE,TRADE,63961.9,9e-05
2026-08-03 23:47:56,ETHUSDT,BINANCE,TRADE,1872.73,0.1464
2026-08-03 23:47:56,ETHUSDT,BINANCE,TRADE,1872.73,0.0027
2026-08-03 23:47:56,ETHUSDT,BINANCE,TRADE,1872.73,0.0028
2026-08-03 23:47:56,ETHUSDT,BINANCE,TRADE,1872.73,0.0032
2026-08-03 23:47:56,ETHUSDT,BINANCE,TRADE,1872.73,0.0027
2026-08-03 23:47:56,ETHUSDT,BINANCE,TRADE,1872.73,0.0028
2026-08-03 23:47:56,ETHUSDT,BINANCE,TRADE,1872.73,0.0028
2026-08-03 23:47:56,ETHUSDT,BINANCE,TRADE,1872.73,0.0028
2026-08-03 23:47:56,ETHUSDT,BINANCE,TRADE,1872.73,0.0027
2026-08-03 23:47:56,ETHUSDT,BINANCE,TRADE,1872.73,0.0028
2026-08-03 23:47:56,ETHUSDT,BINANCE,TRADE,1872.73,0.0032
2026-08-03 23:47:56,ETHUSDT,BINANCE,TRADE,1872.73,0.0032
2026-08-03 23:47:56,ETHUSDT,BINANCE,TRADE,1872.73,0.0028
2026-08-03 23:47:56,ETHUSDT,BINANCE,TRADE,1872.73,0.0027
2026-08-03 23:47:56,ETHUSDT,BINANCE,TRADE,1872.72,0.0027
2026-08-03 23:47:56,ETHUSDT,BINANCE,TRADE,1872.72,0.0027
2026-08-03 23:47:56,ETHUSDT,BINANCE,TRADE,1872.72,0.0027
2026-08-03 23:47:56,ETHUSDT,BINANCE,TRADE,1872.72,0.0028
2026-08-03 23:47:56,ETHUSDT,BINANCE,TRADE,1872.72,0.0027
2026-08-03 23:47:56,ETHUSDT,BINANCE,TRADE,1872.72,0.0028
2026-08-03 23:47:56,ETHUSDT,BINANCE,TRADE,1872.72,0.0028
2026-08-03 23:47:56,ETHUSDT,BINANCE,TRADE,1872.72,0.0028
2026-08-03 23:47:56,ETHUSDT,BINANCE,TRADE,1872.72,0.0027
2026-08-03 23:47:56,ETHUSDT,BINANCE,TRADE,1872.72,0.0027
2026-08-03 23:47:56,ETHUSDT,BINANCE,TRADE,1872.72,0.0027
2026-08-03 23:47:56,ETHUSDT,BINANCE,TRADE,1872.72,0.0027
2026-08-03 23:47:56,ETHUSDT,BINANCE,TRADE,1872.72,0.0027
2026-08-03 23:47:56,ETHUSDT,BINANCE,TRADE,1872.72,0.0027
2026-08-03 23:47:56,ETHUSDT,BINANCE,TRADE,1872.72,0.0027
2026-08-03 23:47:56,ETHUSDT,BINANCE,TRADE,1872.72,0.0027
2026-08-03 23:47:56,ETHUSDT,BINANCE,TRADE,1872.72,0.0027
2026-08-03 23:47:56,ETHUSDT,BINANCE,TRADE,1872.71,0.0028
2026-08-03 23:47:56,ETHUSDT,BINANCE,TRADE,1872.71,0.0029
2026-08-03 23:47:56,ETHUSDT,BINANCE,TRADE,1872.71,0.0029
2026-08-03 23:47:56,ETHUSDT,BINANCE,TRADE,1872.71,0.0029
2026-08-03 23:47:56,BTCUSDT,BINANCE,TRADE,63961.9,9e-05
2026-08-03 23:47:56,BTCUSDT,BINANCE,TRADE,63961.9,9e-05
2026-08-03 23:47:56,BTCUSDT,BINANCE,TRADE,63961.9,8e-05
2026-08-03 23:47:56,BTCUSDT,BINANCE,TRADE,63961.9,9e-05
2026-08-03 23:47:56,BTCUSDT,BINANCE,TRADE,63961.9,0.00965
2026-08-03 23:47:56,BTCUSDT,BINANCE,TRADE,63961.9,0.026
2026-08-03 23:47:56,BTCUSDT,BINANCE,TRADE,63961.9,0.01
2026-08-03 23:47:56,BTCUSDT,BINANCE,TRADE,63961.9,0.012
2026-08-03 23:47:56,BTCUSDT,BINANCE,TRADE,63961.9,0.003
2026-08-03 23:47:56,BTCUSDT,BINANCE,TRADE,63961.9,0.01
2026-08-03 23:47:56,BTCUSDT,BINANCE,TRADE,63961.9,0.01
2026-08-03 23:47:56,ETHUSDT,BINANCE,TRADE,1872.71,0.0435
2026-08-03 23:47:56,BTCUSDT,BINANCE,TRADE,63961.9,0.00058
2026-08-03 23:47:56,BTCUSDT,BINANCE,TRADE,63961.9,0.00062
2026-08-03 23:47:56,SOLUSDT,BINANCE,TRADE,74.21,2.528
2026-08-03 23:47:56,ETHUSDT,BINANCE,TRADE,1872.7,0.0027
2026-08-03 23:47:56,ETHUSDT,BINANCE,TRADE,1872.7,0.0003
2026-08-03 23:47:56,BTCUSDT,BINANCE,TRADE,63961.9,0.0001
2026-08-03 23:47:56,BTCUSDT,BINANCE,TRADE,63961.9,0.01
2026-08-03 23:47:56,BTCUSDT,BINANCE,TRADE,63961.9,0.026
2026-08-03 23:47:56,BTCUSDT,BINANCE,TRADE,63961.9,0.026
2026-08-03 23:47:56,BTCUSDT,BINANCE,TRADE,63961.9,0.026
2026-08-03 23:47:56,BTCUSDT,BINANCE,TRADE,63961.9,0.026
2026-08-03 23:47:56,BTCUSDT,BINANCE,TRADE,63961.9,0.012
2026-08-03 23:47:56,BTCUSDT,BINANCE,TRADE,63961.9,0.003
2026-08-03 23:47:56,BTCUSDT,BINANCE,TRADE,63961.9,0.01
2026-08-03 23:47:56,BTCUSDT,BINANCE,TRADE,63961.9,0.026
2026-08-03 23:47:56,BTCUSDT,BINANCE,TRADE,63961.9,0.01
2026-08-03 23:47:56,BTCUSDT,BINANCE,TRADE,63961.9,0.01
2026-08-03 23:47:56,BTCUSDT,BINANCE,TRADE,63961.9,0.01
2026-08-03 23:47:56,BTCUSDT,BINANCE,TRADE,63961.9,0.01
2026-08-03 23:47:56,BTCUSDT,BINANCE,TRADE,63961.9,0.01
2026-08-03 23:47:56,BTCUSDT,BINANCE,TRADE,63961.9,0.00367
2026-08-03 23:47:56,BTCUSDT,BINANCE,TRADE,63961.9,8e-05
2026-08-03 23:47:56,BTCUSDT,BINANCE,TRADE,63961.9,9e-05
2026-08-03 23:47:56,BTCUSDT,BINANCE,TRADE,63961.9,8e-05
2026-08-03 23:47:56,BTCUSDT,BINANCE,TRADE,63961.9,9e-05
2026-08-03 23:47:56,BTCUSDT,BINANCE,TRADE,63961.9,9e-05
2026-08-03 23:47:56,BTCUSDT,BINANCE,TRADE,63961.9,9e-05
2026-08-03 23:47:56,BTCUSDT,BINANCE,TRADE,63961.9,9e-05
2026-08-03 23:47:56,BTCUSDT,BINANCE,TRADE,63961.9,8e-05
2026-08-03 23:47:56,BTCUSDT,BINANCE,TRADE,63961.9,8e-05
2026-08-03 23:47:56,BTCUSDT,BINANCE,TRADE,63961.9,0.0026
2026-08-03 23:47:56,BTCUSDT,BINANCE,TRADE,63961.9,8e-05
2026-08-03 23:47:56,BTCUSDT,BINANCE,TRADE,63961.9,9e-05
2026-08-03 23:47:56,BTCUSDT,BINANCE,TRADE,63961.9,9e-05
2026-08-03 23:47:56,BTCUSDT,BINANCE,TRADE,63961.9,9e-05
2026-08-03 23:47:56,BTCUSDT,BINANCE,TRADE,63961.9,8e-05
2026-08-03 23:47:56,BTCUSDT,BINANCE,TRADE,63961.9,8e-05
2026-08-03 23:47:56,BTCUSDT,BINANCE,TRADE,63961.9,8e-05
2026-08-03 23:47:56,BTCUSDT,BINANCE,TRADE,63961.9,9e-05
2026-08-03 23:47:56,BTCUSDT,BINANCE,TRADE,63961.9,0.00016
2026-08-03 23:47:56,BTCUSDT,BINANCE,TRADE,63961.9,9e-05
2026-08-03 23:47:56,BTCUSDT,BINANCE,TRADE,63961.9,8e-05
2026-08-03 23:47:56,BTCUSDT,BINANCE,TRADE,63961.9,8e-05
2026-08-03 23:47:56,BTCUSDT,BINANCE,TRADE,63961.9,8e-05
2026-08-03 23:47:56,BTCUSDT,BINANCE,TRADE,63961.9,8e-05
2026-08-03 23:47:56,BTCUSDT,BINANCE,TRADE,63961.9,8e-05
2026-08-03 23:47:56,BTCUSDT,BINANCE,TRADE,63961.9,8e-05
2026-08-03 23:47:56,BTCUSDT,BINANCE,TRADE,63961.9,9e-05
2026-08-03 23:47:56,BTCUSDT,BINANCE,TRADE,63961.9,9e-05
2026-08-03 23:47:56,BTCUSDT,BINANCE,TRADE,63961.9,9e-05
2026-08-03 23:47:56,BTCUSDT,BINANCE,TRADE,63961.9,9e-05
2026-08-03 23:47:56,BTCUSDT,BINANCE,TRADE,63961.9,9e-05
2026-08-03 23:47:56,BTCUSDT,BINANCE,TRADE,63961.9,9e-05
2026-08-03 23:47:56,BTCUSDT,BINANCE,TRADE,63961.9,9e-05
2026-08-03 23:47:56,BTCUSDT,BINANCE,TRADE,63961.9,0.00016
2026-08-03 23:47:56,BTCUSDT,BINANCE,TRADE,63961.9,0.00016
2026-08-03 23:47:56,BTCUSDT,BINANCE,TRADE,63961.6,9e-05
2026-08-03 23:47:56,BTCUSDT,BINANCE,TRADE,63961.6,8e-05
2026-08-03 23:47:56,BTCUSDT,BINANCE,TRADE,63961.6,8e-05
2026-08-03 23:47:56,BTCUSDT,BINANCE,TRADE,63961.6,8e-05
2026-08-03 23:47:56,BTCUSDT,BINANCE,TRADE,63961.6,8e-05
2026-08-03 23:47:56,BTCUSDT,BINANCE,TRADE,63961.3,8e-05
2026-08-03 23:47:56,BTCUSDT,BINANCE,TRADE,63960.8,8e-05
2026-08-03 23:47:56,BTCUSDT,BINANCE,TRADE,63960.3,0.00625
2026-08-03 23:47:56,BTCUSDT,BINANCE,TRADE,63960.3,9e-05
2026-08-03 23:47:56,BTCUSDT,BINANCE,TRADE,63960.3,9e-05
2026-08-03 23:47:56,BTCUSDT,BINANCE,TRADE,63960.3,0.00024
2026-08-03 23:47:56,BTCUSDT,BINANCE,TRADE,63960.1,8e-05
2026-08-03 23:47:56,BTCUSDT,BINANCE,TRADE,63960,8e-05
2026-08-03 23:47:56,BTCUSDT,BINANCE,TRADE,63960,9e-05
2026-08-03 23:47:56,BTCUSDT,BINANCE,TRADE,63960,9e-05
2026-08-03 23:47:56,BTCUSDT,BINANCE,TRADE,63960,9e-05
2026-08-03 23:47:56,BTCUSDT,BINANCE,TRADE,63960,0.001
2026-08-03 23:47:56,BTCUSDT,BINANCE,TRADE,63960,0.0006
2026-08-03 23:47:56,BTCUSDT,BINANCE,TRADE,63960,0.003
2026-08-03 23:47:56,ETHUSDT,BINANCE,TRADE,1872.7,0.0025
2026-08-03 23:47:56,ETHUSDT,BINANCE,TRADE,1872.7,0.0027
2026-08-03 23:47:56,ETHUSDT,BINANCE,TRADE,1872.7,0.0027
2026-08-03 23:47:56,ETHUSDT,BINANCE,TRADE,1872.7,0.0028
2026-08-03 23:47:56,ETHUSDT,BINANCE,TRADE,1872.7,0.0028
2026-08-03 23:47:56,ETHUSDT,BINANCE,TRADE,1872.7,0.0027
2026-08-03 23:47:56,ETHUSDT,BINANCE,TRADE,1872.7,0.0028
2026-08-03 23:47:56,ETHUSDT,BINANCE,TRADE,1872.7,0.0032
2026-08-03 23:47:56,ETHUSDT,BINANCE,TRADE,1872.7,0.0889
2026-08-03 23:47:56,ETHUSDT,BINANCE,TRADE,1872.7,0.0028
2026-08-03 23:47:56,ETHUSDT,BINANCE,TRADE,1872.7,0.0032
2026-08-03 23:47:56,ETHUSDT,BINANCE,TRADE,1872.7,0.0027
2026-08-03 23:47:56,ETHUSDT,BINANCE,TRADE,1872.7,0.0027
2026-08-03 23:47:56,ETHUSDT,BINANCE,TRADE,1872.7,0.0027
2026-08-03 23:47:56,ETHUSDT,BINANCE,TRADE,1872.7,0.0027
2026-08-03 23:47:56,ETHUSDT,BINANCE,TRADE,1872.7,0.0027
2026-08-03 23:47:56,ETHUSDT,BINANCE,TRADE,1872.69,0.0027
2026-08-03 23:47:56,ETHUSDT,BINANCE,TRADE,1872.69,0.0028
2026-08-03 23:47:56,ETHUSDT,BINANCE,TRADE,1872.69,0.0028
2026-08-03 23:47:56,ETHUSDT,BINANCE,TRADE,1872.69,0.0028
2026-08-03 23:47:56,ETHUSDT,BINANCE,TRADE,1872.69,0.0028
2026-08-03 23:47:56,ETHUSDT,BINANCE,TRADE,1872.69,0.0027
2026-08-03 23:47:56,ETHUSDT,BINANCE,TRADE,1872.68,0.0028
2026-08-03 23:47:56,ETHUSDT,BINANCE,TRADE,1872.67,0.0027
2026-08-03 23:47:56,ETHUSDT,BINANCE,TRADE,1872.67,0.0027
2026-08-03 23:47:56,ETHUSDT,BINANCE,TRADE,1872.67,0.0028
2026-08-03 23:47:56,ETHUSDT,BINANCE,TRADE,1872.67,0.0029
2026-08-03 23:47:56,ETHUSDT,BINANCE,TRADE,1872.67,0.0029
2026-08-03 23:47:56,ETHUSDT,BINANCE,TRADE,1872.67,0.0027
2026-08-03 23:47:56,ETHUSDT,BINANCE,TRADE,1872.67,0.0027
2026-08-03 23:47:56,ETHUSDT,BINANCE,TRADE,1872.67,0.0029
2026-08-03 23:47:56,ETHUSDT,BINANCE,TRADE,1872.67,0.0027
2026-08-03 23:47:56,ETHUSDT,BINANCE,TRADE,1872.67,0.0027
2026-08-03 23:47:56,ETHUSDT,BINANCE,TRADE,1872.67,0.0027
2026-08-03 23:47:56,ETHUSDT,BINANCE,TRADE,1872.67,0.0027
2026-08-03 23:47:56,ETHUSDT,BINANCE,TRADE,1872.67,0.0027
2026-08-03 23:47:56,ETHUSDT,BINANCE,TRADE,1872.67,0.0027
2026-08-03 23:47:57,BTCUSDT,BINANCE,TRADE,63960,0.0034
2026-08-03 23:47:57,BTCUSDT,BINANCE,TRADE,63960,0.01
2026-08-03 23:47:57,BTCUSDT,BINANCE,TRADE,63960,0.002
2026-08-03 23:47:57,BTCUSDT,BINANCE,TRADE,63960,0.006
2026-08-03 23:47:57,BTCUSDT,BINANCE,TRADE,63960,0.005
2026-08-03 23:47:57,BTCUSDT,BINANCE,TRADE,63960,9e-05
2026-08-03 23:47:57,BTCUSDT,BINANCE,TRADE,63960,9e-05
2026-08-03 23:47:57,BTCUSDT,BINANCE,TRADE,63960,8e-05
2026-08-03 23:47:57,BTCUSDT,BINANCE,TRADE,63960,9e-05
2026-08-03 23:47:57,BTCUSDT,BINANCE,TRADE,63960,9e-05
2026-08-03 23:47:57,BTCUSDT,BINANCE,TRADE,63960,9e-05
2026-08-03 23:47:57,BTCUSDT,BINANCE,TRADE,63960,9e-05
2026-08-03 23:47:57,BTCUSDT,BINANCE,TRADE,63960,9e-05
2026-08-03 23:47:57,BTCUSDT,BINANCE,TRADE,63960,9e-05
2026-08-03 23:47:57,BTCUSDT,BINANCE,TRADE,63960,9e-05
2026-08-03 23:47:57,BTCUSDT,BINANCE,TRADE,63960,9e-05
2026-08-03 23:47:57,BTCUSDT,BINANCE,TRADE,63960,9e-05
2026-08-03 23:47:57,BTCUSDT,BINANCE,TRADE,63960,9e-05
2026-08-03 23:47:57,BTCUSDT,BINANCE,TRADE,63960,8e-05
2026-08-03 23:47:57,BTCUSDT,BINANCE,TRADE,63960,9e-05
2026-08-03 23:47:57,BTCUSDT,BINANCE,TRADE,63960,9e-05
2026-08-03 23:47:57,BTCUSDT,BINANCE,TRADE,63960,9e-05
2026-08-03 23:47:57,BTCUSDT,BINANCE,TRADE,63960,9e-05
2026-08-03 23:47:57,BTCUSDT,BINANCE,TRADE,63960,9e-05
2026-08-03 23:47:57,BTCUSDT,BINANCE,TRADE,63960,8e-05
2026-08-03 23:47:57,BTCUSDT,BINANCE,TRADE,63960,8e-05
2026-08-03 23:47:57,BTCUSDT,BINANCE,TRADE,63960,9e-05
2026-08-03 23:47:57,BTCUSDT,BINANCE,TRADE,63960,0.13601
2026-08-03 23:47:57,BTCUSDT,BINANCE,TRADE,63960,0.01355
2026-08-03 23:47:57,BTCUSDT,BINANCE,TRADE,63960,0.01478
2026-08-03 23:47:57,BTCUSDT,BINANCE,TRADE,63960,0.13566
2026-08-03 23:47:57,BTCUSDT,BINANCE,TRADE,63960,8e-05
2026-08-03 23:47:57,BTCUSDT,BINANCE,TRADE,63960,8e-05
2026-08-03 23:47:57,BTCUSDT,BINANCE,TRADE,63960,8e-05
2026-08-03 23:47:57,BTCUSDT,BINANCE,TRADE,63960,8e-05
2026-08-03 23:47:57,BTCUSDT,BINANCE,TRADE,63960,9e-05
2026-08-03 23:47:57,BTCUSDT,BINANCE,TRADE,63960,9e-05
2026-08-03 23:47:57,BTCUSDT,BINANCE,TRADE,63960,9e-05
2026-08-03 23:47:57,BTCUSDT,BINANCE,TRADE,63960,9e-05
2026-08-03 23:47:57,BTCUSDT,BINANCE,TRADE,63960,9e-05
2026-08-03 23:47:57,BTCUSDT,BINANCE,TRADE,63960,9e-05
2026-08-03 23:47:57,BTCUSDT,BINANCE,TRADE,63960,9e-05
2026-08-03 23:47:57,BTCUSDT,BINANCE,TRADE,63960,9e-05
2026-08-03 23:47:57,BTCUSDT,BINANCE,TRADE,63960,9e-05
2026-08-03 23:47:57,BTCUSDT,BINANCE,TRADE,63960,9e-05
2026-08-03 23:47:57,BTCUSDT,BINANCE,TRADE,63959.5,9e-05
2026-08-03 23:47:57,BTCUSDT,BINANCE,TRADE,63958,9e-05
2026-08-03 23:47:57,BTCUSDT,BINANCE,TRADE,63958,9e-05
2026-08-03 23:47:57,BTCUSDT,BINANCE,TRADE,63958,9e-05
2026-08-03 23:47:57,BTCUSDT,BINANCE,TRADE,63958,0.005
2026-08-03 23:47:57,BTCUSDT,BINANCE,TRADE,63958,0.002
2026-08-03 23:47:57,BTCUSDT,BINANCE,TRADE,63958,0.006
2026-08-03 23:47:57,BTCUSDT,BINANCE,TRADE,63958,0.008
2026-08-03 23:47:57,BTCUSDT,BINANCE,TRADE,63958,9e-05
2026-08-03 23:47:57,BTCUSDT,BINANCE,TRADE,63958,9e-05
2026-08-03 23:47:57,BTCUSDT,BINANCE,TRADE,63957.6,8e-05
2026-08-03 23:47:57,BTCUSDT,BINANCE,TRADE,63956.3,9e-05
2026-08-03 23:47:57,BTCUSDT,BINANCE,TRADE,63956,9e-05
2026-08-03 23:47:57,BTCUSDT,BINANCE,TRADE,63956,9e-05
2026-08-03 23:47:57,BTCUSDT,BINANCE,TRADE,63956,9e-05
2026-08-03 23:47:57,BTCUSDT,BINANCE,TRADE,63956,0.005
2026-08-03 23:47:57,BTCUSDT,BINANCE,TRADE,63956,0.002
2026-08-03 23:47:57,BTCUSDT,BINANCE,TRADE,63956,0.006
2026-08-03 23:47:57,BTCUSDT,BINANCE,TRADE,63956,0.008
2026-08-03 23:47:57,BTCUSDT,BINANCE,TRADE,63956,9e-05
2026-08-03 23:47:57,BTCUSDT,BINANCE,TRADE,63956,9e-05
2026-08-03 23:47:57,BTCUSDT,BINANCE,TRADE,63955.8,8e-05
2026-08-03 23:47:57,BTCUSDT,BINANCE,TRADE,63955.8,0.0007
2026-08-03 23:47:57,BTCUSDT,BINANCE,TRADE,63955.8,0.00079
2026-08-03 23:47:57,BTCUSDT,BINANCE,TRADE,63955.5,0.00023
2026-08-03 23:47:57,BTCUSDT,BINANCE,TRADE,63955.2,9e-05
2026-08-03 23:47:57,BTCUSDT,BINANCE,TRADE,63955.2,9e-05
2026-08-03 23:47:57,BTCUSDT,BINANCE,TRADE,63955.2,9e-05
2026-08-03 23:47:57,BTCUSDT,BINANCE,TRADE,63955.2,9e-05
2026-08-03 23:47:57,BTCUSDT,BINANCE,TRADE,63955.2,9e-05
2026-08-03 23:47:57,BTCUSDT,BINANCE,TRADE,63955.2,0.02
2026-08-03 23:47:57,BTCUSDT,BINANCE,TRADE,63955.2,9e-05
2026-08-03 23:47:57,BTCUSDT,BINANCE,TRADE,63955.2,9e-05
2026-08-03 23:47:57,BTCUSDT,BINANCE,TRADE,63955.2,8e-05
2026-08-03 23:47:57,BTCUSDT,BINANCE,TRADE,63955.1,9e-05
2026-08-03 23:47:57,BTCUSDT,BINANCE,TRADE,63955.1,9e-05
2026-08-03 23:47:57,BTCUSDT,BINANCE,TRADE,63955.1,9e-05
2026-08-03 23:47:57,BTCUSDT,BINANCE,TRADE,63955.1,0.01406
2026-08-03 23:47:57,BTCUSDT,BINANCE,TRADE,63955.1,0.00594
2026-08-03 23:47:57,BTCUSDT,BINANCE,TRADE,63955.1,9e-05
2026-08-03 23:47:57,BTCUSDT,BINANCE,TRADE,63955.1,9e-05
2026-08-03 23:47:57,BTCUSDT,BINANCE,TRADE,63954.9,0.0025
2026-08-03 23:47:57,BTCUSDT,BINANCE,TRADE,63954.7,0.00012
2026-08-03 23:47:57,BTCUSDT,BINANCE,TRADE,63954.7,9e-05
2026-08-03 23:47:57,BTCUSDT,BINANCE,TRADE,63954.7,0.01117
2026-08-03 23:47:57,BTCUSDT,BINANCE,TRADE,63954.7,0.00571
2026-08-03 23:47:57,BTCUSDT,BINANCE,TRADE,63954.7,0.00187
2026-08-03 23:47:57,BTCUSDT,BINANCE,TRADE,63954.7,9e-05
2026-08-03 23:47:57,BTCUSDT,BINANCE,TRADE,63954.7,9e-05
2026-08-03 23:47:57,BTCUSDT,BINANCE,TRADE,63954.6,0.02
2026-08-03 23:47:57,BTCUSDT,BINANCE,TRADE,63954.6,9e-05
2026-08-03 23:47:57,BTCUSDT,BINANCE,TRADE,63954.6,9e-05
2026-08-03 23:47:57,BTCUSDT,BINANCE,TRADE,63954.6,0.00781
2026-08-03 23:47:57,BTCUSDT,BINANCE,TRADE,63954.6,9e-05
2026-08-03 23:47:57,BTCUSDT,BINANCE,TRADE,63954.6,9e-05
2026-08-03 23:47:57,BTCUSDT,BINANCE,TRADE,63954.4,8e-05
2026-08-03 23:47:57,BTCUSDT,BINANCE,TRADE,63954.3,8e-05
2026-08-03 23:47:57,BTCUSDT,BINANCE,TRADE,63954,0.002
2026-08-03 23:47:57,BTCUSDT,BINANCE,TRADE,63954,0.00191
2026-08-03 23:47:57,BTCUSDT,BINANCE,TRADE,63954,9e-05
2026-08-03 23:47:57,BTCUSDT,BINANCE,TRADE,63954,0.004
2026-08-03 23:47:57,BTCUSDT,BINANCE,TRADE,63954,0.006
2026-08-03 23:47:57,ETHUSDT,BINANCE,TRADE,1872.66,0.0027
2026-08-03 23:47:57,ETHUSDT,BINANCE,TRADE,1872.66,0.0028
2026-08-03 23:47:57,ETHUSDT,BINANCE,TRADE,1872.66,0.0028
2026-08-03 23:47:57,ETHUSDT,BINANCE,TRADE,1872.66,0.0028
2026-08-03 23:47:57,ETHUSDT,BINANCE,TRADE,1872.66,0.0027
2026-08-03 23:47:57,ETHUSDT,BINANCE,TRADE,1872.66,0.0054
2026-08-03 23:47:57,ETHUSDT,BINANCE,TRADE,1872.66,0.0027
2026-08-03 23:47:57,ETHUSDT,BINANCE,TRADE,1872.66,0.0028
2026-08-03 23:47:57,ETHUSDT,BINANCE,TRADE,1872.66,0.0027
2026-08-03 23:47:57,ETHUSDT,BINANCE,TRADE,1872.66,0.0032
2026-08-03 23:47:57,ETHUSDT,BINANCE,TRADE,1872.66,0.0032
2026-08-03 23:47:57,ETHUSDT,BINANCE,TRADE,1872.66,0.0027
2026-08-03 23:47:57,ETHUSDT,BINANCE,TRADE,1872.66,0.0027
2026-08-03 23:47:57,ETHUSDT,BINANCE,TRADE,1872.66,0.0027
2026-08-03 23:47:57,ETHUSDT,BINANCE,TRADE,1872.66,0.0027
2026-08-03 23:47:57,ETHUSDT,BINANCE,TRADE,1872.66,0.0027
2026-08-03 23:47:57,ETHUSDT,BINANCE,TRADE,1872.66,0.0027
2026-08-03 23:47:57,ETHUSDT,BINANCE,TRADE,1872.66,0.0027
2026-08-03 23:47:57,ETHUSDT,BINANCE,TRADE,1872.66,0.0027
2026-08-03 23:47:57,ETHUSDT,BINANCE,TRADE,1872.65,0.0028
2026-08-03 23:47:57,ETHUSDT,BINANCE,TRADE,1872.65,0.0028
2026-08-03 23:47:57,ETHUSDT,BINANCE,TRADE,1872.65,0.0028
2026-08-03 23:47:57,ETHUSDT,BINANCE,TRADE,1872.65,0.0054
2026-08-03 23:47:57,ETHUSDT,BINANCE,TRADE,1872.64,0.003
2026-08-03 23:47:57,ETHUSDT,BINANCE,TRADE,1872.64,0.0027
2026-08-03 23:47:57,ETHUSDT,BINANCE,TRADE,1872.64,0.0028
2026-08-03 23:47:57,ETHUSDT,BINANCE,TRADE,1872.64,0.0054
2026-08-03 23:47:57,ETHUSDT,BINANCE,TRADE,1872.64,0.0027
2026-08-03 23:47:57,ETHUSDT,BINANCE,TRADE,1872.63,0.0027
2026-08-03 23:47:57,ETHUSDT,BINANCE,TRADE,1872.63,0.0027
2026-08-03 23:47:57,ETHUSDT,BINANCE,TRADE,1872.63,0.0028
2026-08-03 23:47:57,ETHUSDT,BINANCE,TRADE,1872.63,0.0027
2026-08-03 23:47:57,ETHUSDT,BINANCE,TRADE,1872.62,0.0027
2026-08-03 23:47:57,ETHUSDT,BINANCE,TRADE,1872.62,0.0028
2026-08-03 23:47:57,ETHUSDT,BINANCE,TRADE,1872.62,0.0029
2026-08-03 23:47:57,ETHUSDT,BINANCE,TRADE,1872.62,0.0029
2026-08-03 23:47:57,ETHUSDT,BINANCE,TRADE,1872.62,0.0027
2026-08-03 23:47:57,ETHUSDT,BINANCE,TRADE,1872.62,0.0029
2026-08-03 23:47:57,ETHUSDT,BINANCE,TRADE,1872.61,0.0027
2026-08-03 23:47:57,ETHUSDT,BINANCE,TRADE,1872.61,0.0968
2026-08-03 23:47:57,ETHUSDT,BINANCE,TRADE,1872.61,0.0028
2026-08-03 23:47:57,ETHUSDT,BINANCE,TRADE,1872.61,0.0032
2026-08-03 23:47:57,ETHUSDT,BINANCE,TRADE,1872.61,0.0032
2026-08-03 23:47:57,ETHUSDT,BINANCE,TRADE,1872.61,0.0028
2026-08-03 23:47:57,ETHUSDT,BINANCE,TRADE,1872.61,0.0027
2026-08-03 23:47:57,ETHUSDT,BINANCE,TRADE,1872.61,0.0028
2026-08-03 23:47:57,ETHUSDT,BINANCE,TRADE,1872.61,0.0027
2026-08-03 23:47:57,ETHUSDT,BINANCE,TRADE,1872.61,0.0027
2026-08-03 23:47:57,ETHUSDT,BINANCE,TRADE,1872.61,0.0027
2026-08-03 23:47:57,ETHUSDT,BINANCE,TRADE,1872.61,0.0027
2026-08-03 23:47:57,ETHUSDT,BINANCE,TRADE,1872.6,0.0027
2026-08-03 23:47:57,ETHUSDT,BINANCE,TRADE,1872.6,0.0028
2026-08-03 23:47:57,ETHUSDT,BINANCE,TRADE,1872.6,0.0027
2026-08-03 23:47:57,ETHUSDT,BINANCE,TRADE,1872.6,0.0027
2026-08-03 23:47:57,ETHUSDT,BINANCE,TRADE,1872.6,0.0027
2026-08-03 23:47:57,ETHUSDT,BINANCE,TRADE,1872.6,0.0027
2026-08-03 23:47:57,ETHUSDT,BINANCE,TRADE,1872.59,0.0027
2026-08-03 23:47:57,ETHUSDT,BINANCE,TRADE,1872.59,0.0028
2026-08-03 23:47:57,ETHUSDT,BINANCE,TRADE,1872.59,0.0027
2026-08-03 23:47:57,ETHUSDT,BINANCE,TRADE,1872.59,0.0027
2026-08-03 23:47:57,ETHUSDT,BINANCE,TRADE,1872.59,0.0027
2026-08-03 23:47:57,ETHUSDT,BINANCE,TRADE,1872.59,0.0027
2026-08-03 23:47:57,ETHUSDT,BINANCE,TRADE,1872.58,0.0027
2026-08-03 23:47:57,ETHUSDT,BINANCE,TRADE,1872.58,0.0027
2026-08-03 23:47:57,ETHUSDT,BINANCE,TRADE,1872.58,0.0028
2026-08-03 23:47:57,ETHUSDT,BINANCE,TRADE,1872.58,0.0027
2026-08-03 23:47:57,ETHUSDT,BINANCE,TRADE,1872.58,0.0027
2026-08-03 23:47:57,ETHUSDT,BINANCE,TRADE,1872.57,0.0028
2026-08-03 23:47:57,ETHUSDT,BINANCE,TRADE,1872.57,0.0029
2026-08-03 23:47:57,ETHUSDT,BINANCE,TRADE,1872.57,0.0029
2026-08-03 23:47:57,ETHUSDT,BINANCE,TRADE,1872.57,0.0029
2026-08-03 23:47:57,SOLUSDT,BINANCE,TRADE,74.21,0.839
2026-08-03 23:47:57,BTCUSDT,BINANCE,TRADE,63954,0.002
2026-08-03 23:47:57,BTCUSDT,BINANCE,TRADE,63954,0.005
2026-08-03 23:47:57,BTCUSDT,BINANCE,TRADE,63954,9e-05
2026-08-03 23:47:57,BTCUSDT,BINANCE,TRADE,63954,9e-05
2026-08-03 23:47:57,BTCUSDT,BINANCE,TRADE,63954,8e-05
2026-08-03 23:47:57,BTCUSDT,BINANCE,TRADE,63954,8e-05
2026-08-03 23:47:57,BTCUSDT,BINANCE,TRADE,63954,9e-05
2026-08-03 23:47:57,BTCUSDT,BINANCE,TRADE,63954,8e-05
2026-08-03 23:47:57,BTCUSDT,BINANCE,TRADE,63954,9e-05
2026-08-03 23:47:57,BTCUSDT,BINANCE,TRADE,63954,9e-05
2026-08-03 23:47:57,BTCUSDT,BINANCE,TRADE,63954,9e-05
2026-08-03 23:47:57,BTCUSDT,BINANCE,TRADE,63954,9e-05
2026-08-03 23:47:57,BTCUSDT,BINANCE,TRADE,63954,9e-05
2026-08-03 23:47:57,BTCUSDT,BINANCE,TRADE,63954,9e-05
2026-08-03 23:47:57,BTCUSDT,BINANCE,TRADE,63954,8e-05
2026-08-03 23:47:57,BTCUSDT,BINANCE,TRADE,63954,9e-05
2026-08-03 23:47:57,BTCUSDT,BINANCE,TRADE,63954,0.0035
2026-08-03 23:47:57,BTCUSDT,BINANCE,TRADE,63954,0.02828
2026-08-03 23:47:57,BTCUSDT,BINANCE,TRADE,63954,0.08
2026-08-03 23:47:57,BTCUSDT,BINANCE,TRADE,63954,0.01
2026-08-03 23:47:57,BTCUSDT,BINANCE,TRADE,63954,0.02
2026-08-03 23:47:57,BTCUSDT,BINANCE,TRADE,63954,0.035
2026-08-03 23:47:57,BTCUSDT,BINANCE,TRADE,63954,0.005
2026-08-03 23:47:57,BTCUSDT,BINANCE,TRADE,63954,0.08
2026-08-03 23:47:57,BTCUSDT,BINANCE,TRADE,63954,0.001
2026-08-03 23:47:57,SOLUSDT,BINANCE,TRADE,74.21,10.573
2026-08-03 23:47:58,ETHUSDT,BINANCE,TRADE,1872.56,0.0027
2026-08-03 23:47:58,ETHUSDT,BINANCE,TRADE,1872.56,0.0027
2026-08-03 23:47:58,ETHUSDT,BINANCE,TRADE,1872.56,0.0027
2026-08-03 23:47:58,ETHUSDT,BINANCE,TRADE,1872.56,0.1919
2026-08-03 23:47:58,SOLUSDT,BINANCE,TRADE,74.22,0.706
2026-08-03 23:47:58,BTCUSDT,BINANCE,TRADE,63954,0.001
2026-08-03 23:47:58,ETHUSDT,BINANCE,TRADE,1872.57,0.0028
2026-08-03 23:47:58,ETHUSDT,BINANCE,TRADE,1872.57,0.0027
2026-08-03 23:47:58,ETHUSDT,BINANCE,TRADE,1872.57,0.0027
2026-08-03 23:47:58,ETHUSDT,BINANCE,TRADE,1872.57,0.0027
2026-08-03 23:47:58,ETHUSDT,BINANCE,TRADE,1872.57,0.0054
2026-08-03 23:47:58,ETHUSDT,BINANCE,TRADE,1872.57,0.0027
2026-08-03 23:47:58,ETHUSDT,BINANCE,TRADE,1872.57,0.0027
2026-08-03 23:47:58,ETHUSDT,BINANCE,TRADE,1872.57,0.0028
2026-08-03 23:47:58,ETHUSDT,BINANCE,TRADE,1872.57,0.0029
2026-08-03 23:47:58,ETHUSDT,BINANCE,TRADE,1872.57,0.0029
2026-08-03 23:47:58,ETHUSDT,BINANCE,TRADE,1872.57,0.0027
2026-08-03 23:47:58,ETHUSDT,BINANCE,TRADE,1872.57,0.2351
2026-08-03 23:47:58,ETHUSDT,BINANCE,TRADE,1872.57,0.0032
2026-08-03 23:47:58,ETHUSDT,BINANCE,TRADE,1872.57,0.04
2026-08-03 23:47:58,ETHUSDT,BINANCE,TRADE,1872.57,0.0032
2026-08-03 23:47:58,ETHUSDT,BINANCE,TRADE,1872.57,0.0027
2026-08-03 23:47:58,ETHUSDT,BINANCE,TRADE,1872.57,0.0027
2026-08-03 23:47:58,ETHUSDT,BINANCE,TRADE,1872.57,0.0029
2026-08-03 23:47:58,ETHUSDT,BINANCE,TRADE,1872.57,0.0027
2026-08-03 23:47:58,ETHUSDT,BINANCE,TRADE,1872.57,0.0027
2026-08-03 23:47:58,ETHUSDT,BINANCE,TRADE,1872.57,0.0027
2026-08-03 23:47:58,ETHUSDT,BINANCE,TRADE,1872.57,0.0027
2026-08-03 23:47:58,ETHUSDT,BINANCE,TRADE,1872.57,0.0027
2026-08-03 23:47:58,ETHUSDT,BINANCE,TRADE,1872.57,0.0027
2026-08-03 23:47:58,ETHUSDT,BINANCE,TRADE,1872.57,0.0027
2026-08-03 23:47:58,ETHUSDT,BINANCE,TRADE,1872.57,0.0027
2026-08-03 23:47:58,ETHUSDT,BINANCE,TRADE,1872.57,0.0027
2026-08-03 23:47:58,ETHUSDT,BINANCE,TRADE,1872.57,0.0027
2026-08-03 23:47:58,ETHUSDT,BINANCE,TRADE,1872.58,0.0054
2026-08-03 23:47:58,ETHUSDT,BINANCE,TRADE,1872.58,0.0028
2026-08-03 23:47:58,ETHUSDT,BINANCE,TRADE,1872.58,0.0027
2026-08-03 23:47:58,ETHUSDT,BINANCE,TRADE,1872.58,0.0027
2026-08-03 23:47:58,ETHUSDT,BINANCE,TRADE,1872.58,0.1731
2026-08-03 23:47:58,ETHUSDT,BINANCE,TRADE,1872.58,0.0027
2026-08-03 23:47:58,ETHUSDT,BINANCE,TRADE,1872.58,0.0028
2026-08-03 23:47:58,ETHUSDT,BINANCE,TRADE,1872.58,0.0032
2026-08-03 23:47:58,ETHUSDT,BINANCE,TRADE,1872.58,0.0027
2026-08-03 23:47:58,ETHUSDT,BINANCE,TRADE,1872.58,0.0027
2026-08-03 23:47:58,ETHUSDT,BINANCE,TRADE,1872.59,0.0054
2026-08-03 23:47:58,ETHUSDT,BINANCE,TRADE,1872.59,0.0028
2026-08-03 23:47:58,ETHUSDT,BINANCE,TRADE,1872.59,0.0028
2026-08-03 23:47:58,ETHUSDT,BINANCE,TRADE,1872.59,0.0027
2026-08-03 23:47:58,ETHUSDT,BINANCE,TRADE,1872.59,0.0027
2026-08-03 23:47:58,ETHUSDT,BINANCE,TRADE,1872.6,0.0028
2026-08-03 23:47:58,ETHUSDT,BINANCE,TRADE,1872.61,0.0028
2026-08-03 23:47:58,ETHUSDT,BINANCE,TRADE,1872.61,0.0028
2026-08-03 23:47:58,ETHUSDT,BINANCE,TRADE,1872.62,0.0027
2026-08-03 23:47:58,ETHUSDT,BINANCE,TRADE,1872.62,0.0028
2026-08-03 23:47:58,ETHUSDT,BINANCE,TRADE,1872.62,0.0027
2026-08-03 23:47:58,ETHUSDT,BINANCE,TRADE,1872.62,0.0027
2026-08-03 23:47:58,ETHUSDT,BINANCE,TRADE,1872.62,0.0027
2026-08-03 23:47:58,ETHUSDT,BINANCE,TRADE,1872.62,0.0027
2026-08-03 23:47:58,ETHUSDT,BINANCE,TRADE,1872.63,0.0027
2026-08-03 23:47:58,ETHUSDT,BINANCE,TRADE,1872.63,0.0027
2026-08-03 23:47:58,ETHUSDT,BINANCE,TRADE,1872.63,0.0033
2026-08-03 23:47:58,ETHUSDT,BINANCE,TRADE,1872.63,0.0028
2026-08-03 23:47:58,ETHUSDT,BINANCE,TRADE,1872.63,0.0027
2026-08-03 23:47:58,ETHUSDT,BINANCE,TRADE,1872.63,0.0027
2026-08-03 23:47:58,ETHUSDT,BINANCE,TRADE,1872.63,0.0027
2026-08-03 23:47:58,ETHUSDT,BINANCE,TRADE,1872.63,0.0027
2026-08-03 23:47:58,ETHUSDT,BINANCE,TRADE,1872.64,0.0027
2026-08-03 23:47:58,ETHUSDT,BINANCE,TRADE,1872.64,0.0028
2026-08-03 23:47:58,ETHUSDT,BINANCE,TRADE,1872.64,0.0027
2026-08-03 23:47:58,ETHUSDT,BINANCE,TRADE,1872.64,0.0027
2026-08-03 23:47:58,ETHUSDT,BINANCE,TRADE,1872.64,0.0027
2026-08-03 23:47:58,ETHUSDT,BINANCE,TRADE,1872.64,0.0027
2026-08-03 23:47:58,ETHUSDT,BINANCE,TRADE,1872.65,0.0027
2026-08-03 23:47:58,ETHUSDT,BINANCE,TRADE,1872.65,0.0028
2026-08-03 23:47:58,ETHUSDT,BINANCE,TRADE,1872.65,0.0027
2026-08-03 23:47:58,ETHUSDT,BINANCE,TRADE,1872.65,0.0027
2026-08-03 23:47:58,ETHUSDT,BINANCE,TRADE,1872.65,0.0027
2026-08-03 23:47:58,ETHUSDT,BINANCE,TRADE,1872.65,0.0027
2026-08-03 23:47:58,ETHUSDT,BINANCE,TRADE,1872.66,0.0027
2026-08-03 23:47:58,ETHUSDT,BINANCE,TRADE,1872.66,0.0028
2026-08-03 23:47:58,ETHUSDT,BINANCE,TRADE,1872.66,0.0028
2026-08-03 23:47:58,ETHUSDT,BINANCE,TRADE,1872.66,0.0027
2026-08-03 23:47:58,ETHUSDT,BINANCE,TRADE,1872.66,0.0027
2026-08-03 23:47:58,ETHUSDT,BINANCE,TRADE,1872.66,0.0027
2026-08-03 23:47:58,ETHUSDT,BINANCE,TRADE,1872.66,0.0027
2026-08-03 23:47:58,ETHUSDT,BINANCE,TRADE,1872.67,0.0027
2026-08-03 23:47:58,ETHUSDT,BINANCE,TRADE,1872.67,0.0027
2026-08-03 23:47:58,ETHUSDT,BINANCE,TRADE,1872.67,0.0028
2026-08-03 23:47:58,ETHUSDT,BINANCE,TRADE,1872.67,0.0027
2026-08-03 23:47:58,ETHUSDT,BINANCE,TRADE,1872.67,0.0027
2026-08-03 23:47:58,ETHUSDT,BINANCE,TRADE,1872.67,0.0027
2026-08-03 23:47:58,ETHUSDT,BINANCE,TRADE,1872.67,0.0027
2026-08-03 23:47:58,ETHUSDT,BINANCE,TRADE,1872.67,0.0027
2026-08-03 23:47:58,ETHUSDT,BINANCE,TRADE,1872.67,0.0027
2026-08-03 23:47:58,ETHUSDT,BINANCE,TRADE,1872.67,0.0027
2026-08-03 23:47:58,ETHUSDT,BINANCE,TRADE,1872.67,0.0027
2026-08-03 23:47:58,ETHUSDT,BINANCE,TRADE,1872.69,0.0027
2026-08-03 23:47:58,ETHUSDT,BINANCE,TRADE,1872.7,0.0029
2026-08-03 23:47:58,ETHUSDT,BINANCE,TRADE,1872.7,0.0029
2026-08-03 23:47:58,ETHUSDT,BINANCE,TRADE,1872.7,0.0029
2026-08-03 23:47:58,BTCUSDT,BINANCE,TRADE,63954,0.008
2026-08-03 23:47:58,BTCUSDT,BINANCE,TRADE,63954,0.02
2026-08-03 23:48:00,SOLUSDT,BINANCE,TRADE,74.21,0.567
2026-08-03 23:48:00,SOLUSDT,BINANCE,TRADE,74.21,0.577
2026-08-03 23:48:01,BTCUSDT,BINANCE,TRADE,63954,0.00072
2026-08-03 23:48:01,SOLUSDT,BINANCE,TRADE,74.22,0.269
2026-08-03 23:48:01,BTCUSDT,BINANCE,TRADE,63954,0.00348
2026-08-03 23:48:01,ETHUSDT,BINANCE,TRADE,1872.71,0.0027
2026-08-03 23:48:01,ETHUSDT,BINANCE,TRADE,1872.71,0.4225
2026-08-03 23:48:01,ETHUSDT,BINANCE,TRADE,1872.71,0.0027
2026-08-03 23:48:01,ETHUSDT,BINANCE,TRADE,1872.71,0.0889
2026-08-03 23:48:01,ETHUSDT,BINANCE,TRADE,1872.71,0.0027
2026-08-03 23:48:01,ETHUSDT,BINANCE,TRADE,1872.71,0.0032
2026-08-03 23:48:01,ETHUSDT,BINANCE,TRADE,1872.71,0.0028
2026-08-03 23:48:01,ETHUSDT,BINANCE,TRADE,1872.71,0.0027
2026-08-03 23:48:01,ETHUSDT,BINANCE,TRADE,1872.71,0.0028
2026-08-03 23:48:01,ETHUSDT,BINANCE,TRADE,1872.71,0.0027
2026-08-03 23:48:01,ETHUSDT,BINANCE,TRADE,1872.71,0.0028
2026-08-03 23:48:01,ETHUSDT,BINANCE,TRADE,1872.71,0.0029
2026-08-03 23:48:01,ETHUSDT,BINANCE,TRADE,1872.71,0.0029
2026-08-03 23:48:01,ETHUSDT,BINANCE,TRADE,1872.71,0.0028
2026-08-03 23:48:01,ETHUSDT,BINANCE,TRADE,1872.71,0.0032
2026-08-03 23:48:01,ETHUSDT,BINANCE,TRADE,1872.71,0.0027
2026-08-03 23:48:01,ETHUSDT,BINANCE,TRADE,1872.71,0.0054
2026-08-03 23:48:01,ETHUSDT,BINANCE,TRADE,1872.71,0.04
2026-08-03 23:48:01,ETHUSDT,BINANCE,TRADE,1872.71,0.0028
2026-08-03 23:48:01,ETHUSDT,BINANCE,TRADE,1872.71,0.0032
2026-08-03 23:48:01,ETHUSDT,BINANCE,TRADE,1872.71,0.0028
2026-08-03 23:48:01,ETHUSDT,BINANCE,TRADE,1872.71,0.0028
2026-08-03 23:48:01,ETHUSDT,BINANCE,TRADE,1872.71,0.0027
2026-08-03 23:48:01,ETHUSDT,BINANCE,TRADE,1872.71,0.0027
2026-08-03 23:48:01,ETHUSDT,BINANCE,TRADE,1872.71,0.0029
2026-08-03 23:48:01,ETHUSDT,BINANCE,TRADE,1872.71,0.0027
2026-08-03 23:48:01,ETHUSDT,BINANCE,TRADE,1872.71,0.0027
2026-08-03 23:48:01,ETHUSDT,BINANCE,TRADE,1872.71,0.0027
2026-08-03 23:48:01,ETHUSDT,BINANCE,TRADE,1872.71,0.0027
2026-08-03 23:48:01,ETHUSDT,BINANCE,TRADE,1872.71,0.0027
2026-08-03 23:48:01,ETHUSDT,BINANCE,TRADE,1872.71,0.0027
2026-08-03 23:48:01,ETHUSDT,BINANCE,TRADE,1872.72,0.0027
2026-08-03 23:48:01,ETHUSDT,BINANCE,TRADE,1872.72,0.0028
2026-08-03 23:48:01,ETHUSDT,BINANCE,TRADE,1872.72,0.0028
2026-08-03 23:48:01,ETHUSDT,BINANCE,TRADE,1872.72,0.1212
2026-08-03 23:48:01,ETHUSDT,BINANCE,TRADE,1872.72,0.0028
2026-08-03 23:48:01,ETHUSDT,BINANCE,TRADE,1872.72,0.0054
2026-08-03 23:48:01,ETHUSDT,BINANCE,TRADE,1872.72,0.0028
2026-08-03 23:48:01,ETHUSDT,BINANCE,TRADE,1872.72,0.0032
2026-08-03 23:48:01,ETHUSDT,BINANCE,TRADE,1872.72,0.0028
2026-08-03 23:48:01,ETHUSDT,BINANCE,TRADE,1872.72,0.0028
2026-08-03 23:48:01,ETHUSDT,BINANCE,TRADE,1872.72,0.0032
2026-08-03 23:48:01,ETHUSDT,BINANCE,TRADE,1872.72,0.0028
2026-08-03 23:48:01,ETHUSDT,BINANCE,TRADE,1872.72,0.0028
2026-08-03 23:48:01,ETHUSDT,BINANCE,TRADE,1872.72,0.0027
2026-08-03 23:48:01,ETHUSDT,BINANCE,TRADE,1872.72,0.0027
2026-08-03 23:48:01,ETHUSDT,BINANCE,TRADE,1872.73,0.0028
2026-08-03 23:48:01,ETHUSDT,BINANCE,TRADE,1872.73,0.0054
2026-08-03 23:48:01,ETHUSDT,BINANCE,TRADE,1872.74,0.0027
2026-08-03 23:48:01,ETHUSDT,BINANCE,TRADE,1872.74,0.0028
2026-08-03 23:48:01,ETHUSDT,BINANCE,TRADE,1872.74,0.0054
2026-08-03 23:48:01,ETHUSDT,BINANCE,TRADE,1872.74,0.0027
2026-08-03 23:48:01,ETHUSDT,BINANCE,TRADE,1872.75,0.0028
2026-08-03 23:48:01,ETHUSDT,BINANCE,TRADE,1872.76,0.0027
2026-08-03 23:48:01,ETHUSDT,BINANCE,TRADE,1872.76,0.0029
2026-08-03 23:48:01,ETHUSDT,BINANCE,TRADE,1872.76,0.0029
2026-08-03 23:48:01,ETHUSDT,BINANCE,TRADE,1872.76,0.0028
2026-08-03 23:48:01,ETHUSDT,BINANCE,TRADE,1872.76,0.0028
2026-08-03 23:48:01,ETHUSDT,BINANCE,TRADE,1872.76,0.0027
2026-08-03 23:48:01,ETHUSDT,BINANCE,TRADE,1872.76,0.0029
2026-08-03 23:48:01,ETHUSDT,BINANCE,TRADE,1872.76,0.0027
2026-08-03 23:48:01,ETHUSDT,BINANCE,TRADE,1872.76,0.0027
2026-08-03 23:48:01,ETHUSDT,BINANCE,TRADE,1872.76,0.0027
2026-08-03 23:48:01,BTCUSDT,BINANCE,TRADE,63954,8e-05
2026-08-03 23:48:01,BTCUSDT,BINANCE,TRADE,63954,2e-05
2026-08-03 23:48:01,SOLUSDT,BINANCE,TRADE,74.21,1
2026-08-03 23:48:01,ETHUSDT,BINANCE,TRADE,1872.77,0.0027
2026-08-03 23:48:01,ETHUSDT,BINANCE,TRADE,1872.77,0.0027
2026-08-03 23:48:01,ETHUSDT,BINANCE,TRADE,1872.77,0.0027
2026-08-03 23:48:01,ETHUSDT,BINANCE,TRADE,1872.77,1.1535
2026-08-03 23:48:01,ETHUSDT,BINANCE,TRADE,1872.77,0.0028
2026-08-03 23:48:01,ETHUSDT,BINANCE,TRADE,1872.77,0.0027
2026-08-03 23:48:01,ETHUSDT,BINANCE,TRADE,1872.77,0.0027
2026-08-03 23:48:01,ETHUSDT,BINANCE,TRADE,1872.77,0.0028
2026-08-03 23:48:01,ETHUSDT,BINANCE,TRADE,1872.77,0.0027
2026-08-03 23:48:01,ETHUSDT,BINANCE,TRADE,1872.77,0.0028
2026-08-03 23:48:01,ETHUSDT,BINANCE,TRADE,1872.77,0.0027
2026-08-03 23:48:01,ETHUSDT,BINANCE,TRADE,1872.77,0.0027
2026-08-03 23:48:01,ETHUSDT,BINANCE,TRADE,1872.77,0.0032
2026-08-03 23:48:01,ETHUSDT,BINANCE,TRADE,1872.77,0.0032
2026-08-03 23:48:01,ETHUSDT,BINANCE,TRADE,1872.77,0.0032
2026-08-03 23:48:01,ETHUSDT,BINANCE,TRADE,1872.77,0.0027
2026-08-03 23:48:01,ETHUSDT,BINANCE,TRADE,1872.77,0.0027
2026-08-03 23:48:01,ETHUSDT,BINANCE,TRADE,1872.77,0.0027
2026-08-03 23:48:01,ETHUSDT,BINANCE,TRADE,1872.77,0.0027
2026-08-03 23:48:01,ETHUSDT,BINANCE,TRADE,1872.77,0.0027
2026-08-03 23:48:01,ETHUSDT,BINANCE,TRADE,1872.77,0.0027
2026-08-03 23:48:01,ETHUSDT,BINANCE,TRADE,1872.77,0.0027
2026-08-03 23:48:01,ETHUSDT,BINANCE,TRADE,1872.77,0.0027
2026-08-03 23:48:01,ETHUSDT,BINANCE,TRADE,1872.77,0.0027
2026-08-03 23:48:01,ETHUSDT,BINANCE,TRADE,1872.77,0.0027
2026-08-03 23:48:01,ETHUSDT,BINANCE,TRADE,1872.77,0.0027
2026-08-03 23:48:01,ETHUSDT,BINANCE,TRADE,1872.77,0.0027
2026-08-03 23:48:01,ETHUSDT,BINANCE,TRADE,1872.77,0.0027
2026-08-03 23:48:01,ETHUSDT,BINANCE,TRADE,1872.77,0.0027
2026-08-03 23:48:01,ETHUSDT,BINANCE,TRADE,1872.78,0.0028
2026-08-03 23:48:01,ETHUSDT,BINANCE,TRADE,1872.78,0.0028
2026-08-03 23:48:01,ETHUSDT,BINANCE,TRADE,1872.79,0.0027
2026-08-03 23:48:01,ETHUSDT,BINANCE,TRADE,1872.79,0.0028
2026-08-03 23:48:01,ETHUSDT,BINANCE,TRADE,1872.79,0.0027
2026-08-03 23:48:01,ETHUSDT,BINANCE,TRADE,1872.8,0.0028
2026-08-03 23:48:01,ETHUSDT,BINANCE,TRADE,1872.81,0.0027
2026-08-03 23:48:01,ETHUSDT,BINANCE,TRADE,1872.81,0.0028
2026-08-03 23:48:01,ETHUSDT,BINANCE,TRADE,1872.82,0.0027
2026-08-03 23:48:01,ETHUSDT,BINANCE,TRADE,1872.82,0.0028
2026-08-03 23:48:01,ETHUSDT,BINANCE,TRADE,1872.82,0.0027
2026-08-03 23:48:01,ETHUSDT,BINANCE,TRADE,1872.82,0.0027
2026-08-03 23:48:01,ETHUSDT,BINANCE,TRADE,1872.82,0.0027
2026-08-03 23:48:01,ETHUSDT,BINANCE,TRADE,1872.82,0.0027
2026-08-03 23:48:01,ETHUSDT,BINANCE,TRADE,1872.83,0.0028
2026-08-03 23:48:01,ETHUSDT,BINANCE,TRADE,1872.84,0.0027
2026-08-03 23:48:01,ETHUSDT,BINANCE,TRADE,1872.84,0.0028
2026-08-03 23:48:01,ETHUSDT,BINANCE,TRADE,1872.84,0.0027
2026-08-03 23:48:01,ETHUSDT,BINANCE,TRADE,1872.84,0.0027
2026-08-03 23:48:01,ETHUSDT,BINANCE,TRADE,1872.84,0.0027
2026-08-03 23:48:01,ETHUSDT,BINANCE,TRADE,1872.84,0.0027
2026-08-03 23:48:01,ETHUSDT,BINANCE,TRADE,1872.85,0.0027
2026-08-03 23:48:01,ETHUSDT,BINANCE,TRADE,1872.85,0.0028
2026-08-03 23:48:01,ETHUSDT,BINANCE,TRADE,1872.85,0.0028
2026-08-03 23:48:01,ETHUSDT,BINANCE,TRADE,1872.85,0.0027
2026-08-03 23:48:01,ETHUSDT,BINANCE,TRADE,1872.86,0.0027
2026-08-03 23:48:01,ETHUSDT,BINANCE,TRADE,1872.86,0.003
2026-08-03 23:48:01,ETHUSDT,BINANCE,TRADE,1872.86,0.0028
2026-08-03 23:48:01,ETHUSDT,BINANCE,TRADE,1872.86,0.0027
2026-08-03 23:48:01,ETHUSDT,BINANCE,TRADE,1872.86,0.0027
2026-08-03 23:48:01,ETHUSDT,BINANCE,TRADE,1872.86,0.0027
2026-08-03 23:48:01,ETHUSDT,BINANCE,TRADE,1872.86,0.0027
2026-08-03 23:48:01,ETHUSDT,BINANCE,TRADE,1872.87,0.0027
2026-08-03 23:48:01,ETHUSDT,BINANCE,TRADE,1872.87,0.0027
2026-08-03 23:48:01,ETHUSDT,BINANCE,TRADE,1872.87,0.0027
2026-08-03 23:48:01,ETHUSDT,BINANCE,TRADE,1872.87,0.0027
2026-08-03 23:48:01,ETHUSDT,BINANCE,TRADE,1872.87,0.0027
2026-08-03 23:48:01,ETHUSDT,BINANCE,TRADE,1872.9,0.0027
2026-08-03 23:48:01,ETHUSDT,BINANCE,TRADE,1872.9,0.0027
2026-08-03 23:48:01,ETHUSDT,BINANCE,TRADE,1872.9,0.0027
2026-08-03 23:48:01,ETHUSDT,BINANCE,TRADE,1872.9,0.0029
2026-08-03 23:48:01,ETHUSDT,BINANCE,TRADE,1872.9,0.0029
2026-08-03 23:48:01,ETHUSDT,BINANCE,TRADE,1872.9,0.0027
2026-08-03 23:48:01,ETHUSDT,BINANCE,TRADE,1872.9,0.0027
2026-08-03 23:48:01,ETHUSDT,BINANCE,TRADE,1872.9,0.0029
2026-08-03 23:48:01,ETHUSDT,BINANCE,TRADE,1872.9,0.0027
2026-08-03 23:48:01,ETHUSDT,BINANCE,TRADE,1872.9,0.0027
2026-08-03 23:48:01,ETHUSDT,BINANCE,TRADE,1872.9,0.0027
2026-08-03 23:48:01,ETHUSDT,BINANCE,TRADE,1872.9,0.0027
2026-08-03 23:48:01,ETHUSDT,BINANCE,TRADE,1872.9,0.0027
2026-08-03 23:48:01,ETHUSDT,BINANCE,TRADE,1872.9,0.0027
2026-08-03 23:48:01,ETHUSDT,BINANCE,TRADE,1872.91,0.0027
2026-08-03 23:48:01,ETHUSDT,BINANCE,TRADE,1872.91,0.6797
2026-08-03 23:48:01,ETHUSDT,BINANCE,TRADE,1872.91,0.0892
2026-08-03 23:48:01,ETHUSDT,BINANCE,TRADE,1872.91,0.0027
2026-08-03 23:48:01,ETHUSDT,BINANCE,TRADE,1872.91,0.0027
2026-08-03 23:48:01,ETHUSDT,BINANCE,TRADE,1872.91,0.0027
2026-08-03 23:48:01,ETHUSDT,BINANCE,TRADE,1872.91,0.0027
2026-08-03 23:48:01,ETHUSDT,BINANCE,TRADE,1872.92,0.0027
2026-08-03 23:48:01,ETHUSDT,BINANCE,TRADE,1872.92,0.0027
2026-08-03 23:48:01,ETHUSDT,BINANCE,TRADE,1872.92,0.0027
2026-08-03 23:48:01,ETHUSDT,BINANCE,TRADE,1872.92,0.0027
2026-08-03 23:48:01,ETHUSDT,BINANCE,TRADE,1872.92,0.0027
2026-08-03 23:48:01,ETHUSDT,BINANCE,TRADE,1872.93,0.0027
2026-08-03 23:48:01,ETHUSDT,BINANCE,TRADE,1872.93,0.0027
2026-08-03 23:48:01,ETHUSDT,BINANCE,TRADE,1872.93,0.0027
2026-08-03 23:48:01,ETHUSDT,BINANCE,TRADE,1872.93,0.0027
2026-08-03 23:48:01,ETHUSDT,BINANCE,TRADE,1872.93,0.0027
2026-08-03 23:48:01,ETHUSDT,BINANCE,TRADE,1872.94,0.0027
2026-08-03 23:48:01,ETHUSDT,BINANCE,TRADE,1872.94,0.0027
2026-08-03 23:48:01,ETHUSDT,BINANCE,TRADE,1872.94,0.0028
2026-08-03 23:48:01,ETHUSDT,BINANCE,TRADE,1872.94,0.0027
2026-08-03 23:48:01,ETHUSDT,BINANCE,TRADE,1872.94,0.0027
2026-08-03 23:48:01,ETHUSDT,BINANCE,TRADE,1872.94,0.0027
2026-08-03 23:48:01,ETHUSDT,BINANCE,TRADE,1872.94,0.0027
2026-08-03 23:48:01,ETHUSDT,BINANCE,TRADE,1872.95,0.0027
2026-08-03 23:48:01,ETHUSDT,BINANCE,TRADE,1872.95,0.0027
2026-08-03 23:48:01,ETHUSDT,BINANCE,TRADE,1872.95,0.0027
2026-08-03 23:48:01,ETHUSDT,BINANCE,TRADE,1872.95,0.0027
2026-08-03 23:48:01,ETHUSDT,BINANCE,TRADE,1872.95,0.0027
2026-08-03 23:48:01,ETHUSDT,BINANCE,TRADE,1872.95,0.0027
2026-08-03 23:48:01,ETHUSDT,BINANCE,TRADE,1872.96,0.0028
2026-08-03 23:48:01,ETHUSDT,BINANCE,TRADE,1872.97,0.0027
2026-08-03 23:48:01,ETHUSDT,BINANCE,TRADE,1872.97,0.003
2026-08-03 23:48:01,ETHUSDT,BINANCE,TRADE,1872.97,0.0029
2026-08-03 23:48:01,ETHUSDT,BINANCE,TRADE,1872.97,0.0029
2026-08-03 23:48:01,ETHUSDT,BINANCE,TRADE,1872.97,0.0027
2026-08-03 23:48:01,ETHUSDT,BINANCE,TRADE,1872.97,0.0029
2026-08-03 23:48:01,ETHUSDT,BINANCE,TRADE,1872.97,0.0027
2026-08-03 23:48:01,ETHUSDT,BINANCE,TRADE,1872.97,0.0027
2026-08-03 23:48:01,ETHUSDT,BINANCE,TRADE,1872.97,0.0027
2026-08-03 23:48:01,ETHUSDT,BINANCE,TRADE,1872.98,0.2098
2026-08-03 23:48:01,ETHUSDT,BINANCE,TRADE,1872.98,0.1
2026-08-03 23:48:01,ETHUSDT,BINANCE,TRADE,1872.98,0.2
2026-08-03 23:48:01,ETHUSDT,BINANCE,TRADE,1872.98,0.0027
2026-08-03 23:48:01,ETHUSDT,BINANCE,TRADE,1872.98,0.0027
2026-08-03 23:48:01,ETHUSDT,BINANCE,TRADE,1872.98,0.2669
2026-08-03 23:48:01,ETHUSDT,BINANCE,TRADE,1872.98,0.0032
2026-08-03 23:48:01,ETHUSDT,BINANCE,TRADE,1872.98,0.0032
2026-08-03 23:48:01,ETHUSDT,BINANCE,TRADE,1872.98,0.0027
2026-08-03 23:48:01,ETHUSDT,BINANCE,TRADE,1872.98,0.0028
2026-08-03 23:48:01,ETHUSDT,BINANCE,TRADE,1872.98,0.0027
2026-08-03 23:48:01,ETHUSDT,BINANCE,TRADE,1872.98,0.0028
2026-08-03 23:48:01,ETHUSDT,BINANCE,TRADE,1872.98,0.0028
2026-08-03 23:48:01,ETHUSDT,BINANCE,TRADE,1872.98,0.0027
2026-08-03 23:48:01,ETHUSDT,BINANCE,TRADE,1872.98,0.0027
2026-08-03 23:48:01,ETHUSDT,BINANCE,TRADE,1872.98,0.0027
2026-08-03 23:48:01,ETHUSDT,BINANCE,TRADE,1872.98,0.0027
2026-08-03 23:48:01,ETHUSDT,BINANCE,TRADE,1872.98,0.0027
2026-08-03 23:48:01,ETHUSDT,BINANCE,TRADE,1872.98,0.0027
2026-08-03 23:48:01,ETHUSDT,BINANCE,TRADE,1872.98,0.0027
2026-08-03 23:48:01,ETHUSDT,BINANCE,TRADE,1872.98,0.0027
2026-08-03 23:48:01,ETHUSDT,BINANCE,TRADE,1872.99,0.0027
2026-08-03 23:48:01,ETHUSDT,BINANCE,TRADE,1872.99,0.0028
2026-08-03 23:48:01,ETHUSDT,BINANCE,TRADE,1872.99,0.0028
2026-08-03 23:48:01,ETHUSDT,BINANCE,TRADE,1872.99,0.0028
2026-08-03 23:48:01,ETHUSDT,BINANCE,TRADE,1873.04,0.0027
2026-08-03 23:48:01,ETHUSDT,BINANCE,TRADE,1873.04,0.0027
2026-08-03 23:48:01,ETHUSDT,BINANCE,TRADE,1873.04,0.0028
2026-08-03 23:48:01,ETHUSDT,BINANCE,TRADE,1873.04,0.0027
2026-08-03 23:48:01,ETHUSDT,BINANCE,TRADE,1873.04,0.0027
2026-08-03 23:48:01,ETHUSDT,BINANCE,TRADE,1873.04,0.0027
2026-08-03 23:48:01,ETHUSDT,BINANCE,TRADE,1873.04,0.0027
2026-08-03 23:48:01,ETHUSDT,BINANCE,TRADE,1873.06,0.0029
2026-08-03 23:48:01,ETHUSDT,BINANCE,TRADE,1873.07,0.0027
2026-08-03 23:48:01,ETHUSDT,BINANCE,TRADE,1873.07,0.0027
2026-08-03 23:48:01,ETHUSDT,BINANCE,TRADE,1873.07,0.0028
2026-08-03 23:48:01,ETHUSDT,BINANCE,TRADE,1873.07,0.0027
2026-08-03 23:48:01,ETHUSDT,BINANCE,TRADE,1873.07,0.0027
2026-08-03 23:48:01,ETHUSDT,BINANCE,TRADE,1873.07,0.0027
2026-08-03 23:48:01,ETHUSDT,BINANCE,TRADE,1873.07,0.0027
2026-08-03 23:48:01,ETHUSDT,BINANCE,TRADE,1873.07,0.0027
2026-08-03 23:48:01,ETHUSDT,BINANCE,TRADE,1873.07,0.0027
2026-08-03 23:48:01,ETHUSDT,BINANCE,TRADE,1873.07,0.0027
2026-08-03 23:48:01,ETHUSDT,BINANCE,TRADE,1873.07,0.0027
2026-08-03 23:48:01,ETHUSDT,BINANCE,TRADE,1873.08,0.0027
2026-08-03 23:48:01,ETHUSDT,BINANCE,TRADE,1873.08,0.0027
2026-08-03 23:48:01,ETHUSDT,BINANCE,TRADE,1873.08,0.003
2026-08-03 23:48:01,ETHUSDT,BINANCE,TRADE,1873.08,0.0028
2026-08-03 23:48:01,ETHUSDT,BINANCE,TRADE,1873.08,0.0027
2026-08-03 23:48:01,ETHUSDT,BINANCE,TRADE,1873.09,0.011
2026-08-03 23:48:01,ETHUSDT,BINANCE,TRADE,1873.09,0.0028
2026-08-03 23:48:01,ETHUSDT,BINANCE,TRADE,1873.1,0.0027
2026-08-03 23:48:01,ETHUSDT,BINANCE,TRADE,1873.1,0.0029
2026-08-03 23:48:01,ETHUSDT,BINANCE,TRADE,1873.1,0.0028
2026-08-03 23:48:01,ETHUSDT,BINANCE,TRADE,1873.1,0.0029
2026-08-03 23:48:01,ETHUSDT,BINANCE,TRADE,1873.1,0.0027
2026-08-03 23:48:01,ETHUSDT,BINANCE,TRADE,1873.1,0.0029
2026-08-03 23:48:01,ETHUSDT,BINANCE,TRADE,1873.1,0.0027
2026-08-03 23:48:01,ETHUSDT,BINANCE,TRADE,1873.1,0.0027
2026-08-03 23:48:01,ETHUSDT,BINANCE,TRADE,1873.1,0.0027
2026-08-03 23:48:01,BTCUSDT,BINANCE,TRADE,63954,6e-05
2026-08-03 23:48:01,BTCUSDT,BINANCE,TRADE,63954,9e-05
2026-08-03 23:48:01,BTCUSDT,BINANCE,TRADE,63954,8e-05
2026-08-03 23:48:01,BTCUSDT,BINANCE,TRADE,63954,8e-05
2026-08-03 23:48:01,BTCUSDT,BINANCE,TRADE,63954,0.00462
2026-08-03 23:48:01,BTCUSDT,BINANCE,TRADE,63954,8e-05
2026-08-03 23:48:01,BTCUSDT,BINANCE,TRADE,63954,8e-05
2026-08-03 23:48:01,BTCUSDT,BINANCE,TRADE,63954,8e-05
2026-08-03 23:48:01,BTCUSDT,BINANCE,TRADE,63954,0.00781
2026-08-03 23:48:01,BTCUSDT,BINANCE,TRADE,63954,0.00069
2026-08-03 23:48:01,BTCUSDT,BINANCE,TRADE,63954,0.00048
2026-08-03 23:48:01,BTCUSDT,BINANCE,TRADE,63954,8e-05
2026-08-03 23:48:01,BTCUSDT,BINANCE,TRADE,63954,8e-05
2026-08-03 23:48:01,BTCUSDT,BINANCE,TRADE,63954,0.00335
2026-08-03 23:48:01,BTCUSDT,BINANCE,TRADE,63954,0.007
2026-08-03 23:48:01,BTCUSDT,BINANCE,TRADE,63954,9e-05
2026-08-03 23:48:01,BTCUSDT,BINANCE,TRADE,63954,9e-05
2026-08-03 23:48:01,BTCUSDT,BINANCE,TRADE,63954,0.0026
2026-08-03 23:48:01,BTCUSDT,BINANCE,TRADE,63954,9e-05
2026-08-03 23:48:01,BTCUSDT,BINANCE,TRADE,63954,9e-05
2026-08-03 23:48:01,BTCUSDT,BINANCE,TRADE,63954,9e-05
2026-08-03 23:48:01,BTCUSDT,BINANCE,TRADE,63954,9e-05
2026-08-03 23:48:01,BTCUSDT,BINANCE,TRADE,63954,9e-05
2026-08-03 23:48:01,BTCUSDT,BINANCE,TRADE,63954,9e-05
2026-08-03 23:48:01,BTCUSDT,BINANCE,TRADE,63954,0.007
2026-08-03 23:48:01,BTCUSDT,BINANCE,TRADE,63954,8e-05
2026-08-03 23:48:01,BTCUSDT,BINANCE,TRADE,63954,8e-05
2026-08-03 23:48:01,BTCUSDT,BINANCE,TRADE,63954,0.00017
2026-08-03 23:48:01,BTCUSDT,BINANCE,TRADE,63954,9e-05
2026-08-03 23:48:01,BTCUSDT,BINANCE,TRADE,63954,8e-05
2026-08-03 23:48:01,BTCUSDT,BINANCE,TRADE,63954,8e-05
2026-08-03 23:48:01,BTCUSDT,BINANCE,TRADE,63954,8e-05
2026-08-03 23:48:01,BTCUSDT,BINANCE,TRADE,63954,8e-05
2026-08-03 23:48:01,BTCUSDT,BINANCE,TRADE,63954,8e-05
2026-08-03 23:48:01,BTCUSDT,BINANCE,TRADE,63954,8e-05
2026-08-03 23:48:01,BTCUSDT,BINANCE,TRADE,63954,8e-05
2026-08-03 23:48:01,BTCUSDT,BINANCE,TRADE,63954,8e-05
2026-08-03 23:48:01,BTCUSDT,BINANCE,TRADE,63954,8e-05
2026-08-03 23:48:01,BTCUSDT,BINANCE,TRADE,63954,8e-05
2026-08-03 23:48:01,BTCUSDT,BINANCE,TRADE,63954,8e-05
2026-08-03 23:48:01,BTCUSDT,BINANCE,TRADE,63954,7e-05
2026-08-03 23:48:01,BTCUSDT,BINANCE,TRADE,63954,1e-05
2026-08-03 23:48:01,BTCUSDT,BINANCE,TRADE,63954,8e-05
2026-08-03 23:48:01,BTCUSDT,BINANCE,TRADE,63954,8e-05
2026-08-03 23:48:01,BTCUSDT,BINANCE,TRADE,63954,9e-05
2026-08-03 23:48:01,BTCUSDT,BINANCE,TRADE,63954,9e-05
2026-08-03 23:48:01,BTCUSDT,BINANCE,TRADE,63954,9e-05
2026-08-03 23:48:01,BTCUSDT,BINANCE,TRADE,63954,0.00016
2026-08-03 23:48:01,BTCUSDT,BINANCE,TRADE,63954,8e-05
2026-08-03 23:48:01,BTCUSDT,BINANCE,TRADE,63954,0.00016
2026-08-03 23:48:01,BTCUSDT,BINANCE,TRADE,63954,9e-05
2026-08-03 23:48:01,BTCUSDT,BINANCE,TRADE,63954,9e-05
2026-08-03 23:48:01,BTCUSDT,BINANCE,TRADE,63954,9e-05
2026-08-03 23:48:01,BTCUSDT,BINANCE,TRADE,63954,9e-05
2026-08-03 23:48:01,BTCUSDT,BINANCE,TRADE,63954,9e-05
2026-08-03 23:48:01,BTCUSDT,BINANCE,TRADE,63954,8e-05
2026-08-03 23:48:01,BTCUSDT,BINANCE,TRADE,63954,0.05627
2026-08-03 23:48:01,ETHUSDT,BINANCE,TRADE,1873.11,0.0027
2026-08-03 23:48:01,ETHUSDT,BINANCE,TRADE,1873.11,0.0003
2026-08-03 23:48:02,ETHUSDT,BINANCE,TRADE,1873.11,0.0025
2026-08-03 23:48:02,ETHUSDT,BINANCE,TRADE,1873.11,0.0027
2026-08-03 23:48:02,ETHUSDT,BINANCE,TRADE,1873.11,0.0027
2026-08-03 23:48:02,ETHUSDT,BINANCE,TRADE,1873.11,0.0027
2026-08-03 23:48:02,ETHUSDT,BINANCE,TRADE,1873.11,0.0028
2026-08-03 23:48:02,ETHUSDT,BINANCE,TRADE,1873.11,0.0028
2026-08-03 23:48:02,ETHUSDT,BINANCE,TRADE,1873.11,0.4049
2026-08-03 23:48:02,ETHUSDT,BINANCE,TRADE,1873.11,0.0027
2026-08-03 23:48:02,ETHUSDT,BINANCE,TRADE,1873.11,0.0028
2026-08-03 23:48:02,ETHUSDT,BINANCE,TRADE,1873.11,0.0032
2026-08-03 23:48:02,ETHUSDT,BINANCE,TRADE,1873.11,0.0028
2026-08-03 23:48:02,ETHUSDT,BINANCE,TRADE,1873.11,1.876
2026-08-03 23:48:02,ETHUSDT,BINANCE,TRADE,1873.11,3.889
2026-08-03 23:48:02,ETHUSDT,BINANCE,TRADE,1873.11,3.287
2026-08-03 23:48:02,ETHUSDT,BINANCE,TRADE,1873.11,0.0028
2026-08-03 23:48:02,ETHUSDT,BINANCE,TRADE,1873.11,0.0032
2026-08-03 23:48:02,ETHUSDT,BINANCE,TRADE,1873.11,0.0027
2026-08-03 23:48:02,ETHUSDT,BINANCE,TRADE,1873.11,0.0027
2026-08-03 23:48:02,ETHUSDT,BINANCE,TRADE,1873.11,0.0027
2026-08-03 23:48:02,ETHUSDT,BINANCE,TRADE,1873.12,0.0027
2026-08-03 23:48:02,ETHUSDT,BINANCE,TRADE,1873.12,0.0027
2026-08-03 23:48:02,ETHUSDT,BINANCE,TRADE,1873.12,0.0028
2026-08-03 23:48:02,ETHUSDT,BINANCE,TRADE,1873.12,0.0487
2026-08-03 23:48:02,ETHUSDT,BINANCE,TRADE,1873.12,0.0028
2026-08-03 23:48:02,ETHUSDT,BINANCE,TRADE,1873.12,0.0028
2026-08-03 23:48:02,ETHUSDT,BINANCE,TRADE,1873.12,0.0028
2026-08-03 23:48:02,ETHUSDT,BINANCE,TRADE,1873.12,0.0028
2026-08-03 23:48:02,ETHUSDT,BINANCE,TRADE,1873.12,0.0027
2026-08-03 23:48:02,ETHUSDT,BINANCE,TRADE,1873.12,0.0002
2026-08-03 23:48:02,ETHUSDT,BINANCE,TRADE,1873.12,0.0025
2026-08-03 23:48:02,ETHUSDT,BINANCE,TRADE,1873.13,0.0027
2026-08-03 23:48:02,ETHUSDT,BINANCE,TRADE,1873.13,0.0028
2026-08-03 23:48:02,ETHUSDT,BINANCE,TRADE,1873.14,0.0027
2026-08-03 23:48:02,ETHUSDT,BINANCE,TRADE,1873.14,0.0028
2026-08-03 23:48:02,ETHUSDT,BINANCE,TRADE,1873.14,0.0027
2026-08-03 23:48:02,ETHUSDT,BINANCE,TRADE,1873.15,0.0028
2026-08-03 23:48:02,ETHUSDT,BINANCE,TRADE,1873.15,0.0032
2026-08-03 23:48:02,ETHUSDT,BINANCE,TRADE,1873.15,0.0032
2026-08-03 23:48:02,ETHUSDT,BINANCE,TRADE,1873.15,0.0027
2026-08-03 23:48:02,ETHUSDT,BINANCE,TRADE,1873.15,0.0028
2026-08-03 23:48:02,ETHUSDT,BINANCE,TRADE,1873.15,0.0028
2026-08-03 23:48:02,ETHUSDT,BINANCE,TRADE,1873.15,0.0027
2026-08-03 23:48:02,ETHUSDT,BINANCE,TRADE,1873.15,0.0028
2026-08-03 23:48:02,ETHUSDT,BINANCE,TRADE,1873.15,0.0028
2026-08-03 23:48:02,ETHUSDT,BINANCE,TRADE,1873.15,0.0054
2026-08-03 23:48:02,ETHUSDT,BINANCE,TRADE,1873.15,0.0027
2026-08-03 23:48:02,ETHUSDT,BINANCE,TRADE,1873.16,0.0028
2026-08-03 23:48:02,ETHUSDT,BINANCE,TRADE,1873.16,0.0028
2026-08-03 23:48:02,ETHUSDT,BINANCE,TRADE,1873.16,0.0028
2026-08-03 23:48:02,ETHUSDT,BINANCE,TRADE,1873.16,0.0054
2026-08-03 23:48:02,ETHUSDT,BINANCE,TRADE,1873.17,0.0027
2026-08-03 23:48:02,ETHUSDT,BINANCE,TRADE,1873.17,0.0028
2026-08-03 23:48:02,ETHUSDT,BINANCE,TRADE,1873.18,0.0041
2026-08-03 23:48:02,ETHUSDT,BINANCE,TRADE,1873.18,0.0028
2026-08-03 23:48:02,ETHUSDT,BINANCE,TRADE,1873.19,0.0028
2026-08-03 23:48:02,ETHUSDT,BINANCE,TRADE,1873.19,0.0029
2026-08-03 23:48:02,ETHUSDT,BINANCE,TRADE,1873.19,0.0029
2026-08-03 23:48:02,ETHUSDT,BINANCE,TRADE,1873.19,0.0027
2026-08-03 23:48:02,ETHUSDT,BINANCE,TRADE,1873.19,0.0029
2026-08-03 23:48:02,ETHUSDT,BINANCE,TRADE,1873.19,0.0027
2026-08-03 23:48:02,BTCUSDT,BINANCE,TRADE,63954,8e-05
2026-08-03 23:48:02,BTCUSDT,BINANCE,TRADE,63954,9e-05
2026-08-03 23:48:02,BTCUSDT,BINANCE,TRADE,63954,9e-05
2026-08-03 23:48:02,BTCUSDT,BINANCE,TRADE,63954,9e-05
2026-08-03 23:48:02,BTCUSDT,BINANCE,TRADE,63954,8e-05
2026-08-03 23:48:02,BTCUSDT,BINANCE,TRADE,63954,9e-05
2026-08-03 23:48:02,BTCUSDT,BINANCE,TRADE,63954,0.00235
2026-08-03 23:48:02,BTCUSDT,BINANCE,TRADE,63954,9e-05
2026-08-03 23:48:02,BTCUSDT,BINANCE,TRADE,63954,9e-05
2026-08-03 23:48:02,BTCUSDT,BINANCE,TRADE,63954,9e-05
2026-08-03 23:48:02,BTCUSDT,BINANCE,TRADE,63954,8e-05
2026-08-03 23:48:02,BTCUSDT,BINANCE,TRADE,63954,9e-05
2026-08-03 23:48:02,BTCUSDT,BINANCE,TRADE,63954,8e-05
2026-08-03 23:48:02,BTCUSDT,BINANCE,TRADE,63954,9e-05
2026-08-03 23:48:02,BTCUSDT,BINANCE,TRADE,63954,9e-05
2026-08-03 23:48:02,BTCUSDT,BINANCE,TRADE,63954,8e-05
2026-08-03 23:48:02,BTCUSDT,BINANCE,TRADE,63954,0.00016
2026-08-03 23:48:02,BTCUSDT,BINANCE,TRADE,63954,9e-05
2026-08-03 23:48:02,BTCUSDT,BINANCE,TRADE,63954,9e-05
2026-08-03 23:48:02,BTCUSDT,BINANCE,TRADE,63954,9e-05
2026-08-03 23:48:02,BTCUSDT,BINANCE,TRADE,63954,9e-05
2026-08-03 23:48:02,BTCUSDT,BINANCE,TRADE,63954,9e-05
2026-08-03 23:48:02,BTCUSDT,BINANCE,TRADE,63954,9e-05
2026-08-03 23:48:02,BTCUSDT,BINANCE,TRADE,63954.3,0.00413
2026-08-03 23:48:02,BTCUSDT,BINANCE,TRADE,63954.3,8e-05
2026-08-03 23:48:02,BTCUSDT,BINANCE,TRADE,63954.4,8e-05
2026-08-03 23:48:02,BTCUSDT,BINANCE,TRADE,63954.6,8e-05
2026-08-03 23:48:02,BTCUSDT,BINANCE,TRADE,63954.6,8e-05
2026-08-03 23:48:02,BTCUSDT,BINANCE,TRADE,63954.6,8e-05
2026-08-03 23:48:02,BTCUSDT,BINANCE,TRADE,63954.6,8e-05
2026-08-03 23:48:02,BTCUSDT,BINANCE,TRADE,63954.6,8e-05
2026-08-03 23:48:02,BTCUSDT,BINANCE,TRADE,63955,8e-05
2026-08-03 23:48:02,BTCUSDT,BINANCE,TRADE,63956,9e-05
2026-08-03 23:48:02,BTCUSDT,BINANCE,TRADE,63956,9e-05
2026-08-03 23:48:02,BTCUSDT,BINANCE,TRADE,63956,9e-05
2026-08-03 23:48:02,SOLUSDT,BINANCE,TRADE,74.21,1.367
2026-08-03 23:48:02,ETHUSDT,BINANCE,TRADE,1873.2,0.0027
2026-08-03 23:48:02,ETHUSDT,BINANCE,TRADE,1873.2,0.0003
2026-08-03 23:48:02,ETHUSDT,BINANCE,TRADE,1873.2,0.0025
2026-08-03 23:48:02,ETHUSDT,BINANCE,TRADE,1873.2,0.546
2026-08-03 23:48:02,ETHUSDT,BINANCE,TRADE,1873.2,1.8047
2026-08-03 23:48:02,ETHUSDT,BINANCE,TRADE,1873.2,0.0027
2026-08-03 23:48:02,ETHUSDT,BINANCE,TRADE,1873.2,0.0032
2026-08-03 23:48:02,ETHUSDT,BINANCE,TRADE,1873.2,0.0028
2026-08-03 23:48:02,ETHUSDT,BINANCE,TRADE,1873.2,0.0028
2026-08-03 23:48:02,ETHUSDT,BINANCE,TRADE,1873.2,0.0027
2026-08-03 23:48:02,ETHUSDT,BINANCE,TRADE,1873.2,0.0027
2026-08-03 23:48:02,ETHUSDT,BINANCE,TRADE,1873.2,0.0028
2026-08-03 23:48:02,ETHUSDT,BINANCE,TRADE,1873.2,0.0028
2026-08-03 23:48:02,ETHUSDT,BINANCE,TRADE,1873.2,0.0027
2026-08-03 23:48:02,ETHUSDT,BINANCE,TRADE,1873.2,0.0032
2026-08-03 23:48:02,ETHUSDT,BINANCE,TRADE,1873.2,0.0027
2026-08-03 23:48:02,ETHUSDT,BINANCE,TRADE,1873.21,0.0027
2026-08-03 23:48:02,ETHUSDT,BINANCE,TRADE,1873.21,0.0028
2026-08-03 23:48:02,ETHUSDT,BINANCE,TRADE,1873.21,0.0028
2026-08-03 23:48:02,ETHUSDT,BINANCE,TRADE,1873.21,0.0028
2026-08-03 23:48:02,ETHUSDT,BINANCE,TRADE,1873.21,0.0027
2026-08-03 23:48:02,ETHUSDT,BINANCE,TRADE,1873.22,0.0027
2026-08-03 23:48:02,ETHUSDT,BINANCE,TRADE,1873.22,0.0028
2026-08-03 23:48:02,ETHUSDT,BINANCE,TRADE,1873.22,0.0027
2026-08-03 23:48:02,ETHUSDT,BINANCE,TRADE,1873.23,0.0027
2026-08-03 23:48:02,ETHUSDT,BINANCE,TRADE,1873.23,0.0028
2026-08-03 23:48:02,ETHUSDT,BINANCE,TRADE,1873.23,0.0029
2026-08-03 23:48:02,ETHUSDT,BINANCE,TRADE,1873.23,0.0029
2026-08-03 23:48:02,ETHUSDT,BINANCE,TRADE,1873.23,0.0027
2026-08-03 23:48:02,ETHUSDT,BINANCE,TRADE,1873.23,0.0029
2026-08-03 23:48:02,ETHUSDT,BINANCE,TRADE,1873.24,0.1779
2026-08-03 23:48:02,ETHUSDT,BINANCE,TRADE,1873.24,0.0027
2026-08-03 23:48:02,ETHUSDT,BINANCE,TRADE,1873.24,0.0027
2026-08-03 23:48:02,ETHUSDT,BINANCE,TRADE,1873.24,0.0028
2026-08-03 23:48:02,ETHUSDT,BINANCE,TRADE,1873.24,0.0027
2026-08-03 23:48:02,ETHUSDT,BINANCE,TRADE,1873.24,0.0027
2026-08-03 23:48:02,ETHUSDT,BINANCE,TRADE,1873.26,0.0027
2026-08-03 23:48:02,ETHUSDT,BINANCE,TRADE,1873.26,0.0028
2026-08-03 23:48:02,ETHUSDT,BINANCE,TRADE,1873.27,0.0028
2026-08-03 23:48:02,ETHUSDT,BINANCE,TRADE,1873.27,0.0027
2026-08-03 23:48:02,ETHUSDT,BINANCE,TRADE,1873.27,0.0028
2026-08-03 23:48:02,ETHUSDT,BINANCE,TRADE,1873.27,0.0027
2026-08-03 23:48:02,ETHUSDT,BINANCE,TRADE,1873.28,0.0027
2026-08-03 23:48:02,ETHUSDT,BINANCE,TRADE,1873.28,0.0028
2026-08-03 23:48:02,ETHUSDT,BINANCE,TRADE,1873.28,0.0027
2026-08-03 23:48:02,ETHUSDT,BINANCE,TRADE,1873.29,0.0027
2026-08-03 23:48:02,ETHUSDT,BINANCE,TRADE,1873.29,0.0028
2026-08-03 23:48:02,ETHUSDT,BINANCE,TRADE,1873.29,0.0027
2026-08-03 23:48:02,ETHUSDT,BINANCE,TRADE,1873.29,0.0027
2026-08-03 23:48:02,ETHUSDT,BINANCE,TRADE,1873.29,0.0027
2026-08-03 23:48:02,ETHUSDT,BINANCE,TRADE,1873.29,0.0027
2026-08-03 23:48:02,ETHUSDT,BINANCE,TRADE,1873.3,0.003
2026-08-03 23:48:02,ETHUSDT,BINANCE,TRADE,1873.3,0.0027
2026-08-03 23:48:02,ETHUSDT,BINANCE,TRADE,1873.3,0.0028
2026-08-03 23:48:02,ETHUSDT,BINANCE,TRADE,1873.3,0.0027
2026-08-03 23:48:02,ETHUSDT,BINANCE,TRADE,1873.31,0.0028
2026-08-03 23:48:02,ETHUSDT,BINANCE,TRADE,1873.31,0.0027
2026-08-03 23:48:02,ETHUSDT,BINANCE,TRADE,1873.31,0.0027
2026-08-03 23:48:02,ETHUSDT,BINANCE,TRADE,1873.31,0.0027
2026-08-03 23:48:02,ETHUSDT,BINANCE,TRADE,1873.31,0.0027
2026-08-03 23:48:02,ETHUSDT,BINANCE,TRADE,1873.31,0.0027
2026-08-03 23:48:02,ETHUSDT,BINANCE,TRADE,1873.32,0.0027
2026-08-03 23:48:02,ETHUSDT,BINANCE,TRADE,1873.32,0.0027
2026-08-03 23:48:02,ETHUSDT,BINANCE,TRADE,1873.32,0.0027
2026-08-03 23:48:02,ETHUSDT,BINANCE,TRADE,1873.32,0.0027
2026-08-03 23:48:02,ETHUSDT,BINANCE,TRADE,1873.32,0.0027
2026-08-03 23:48:02,ETHUSDT,BINANCE,TRADE,1873.33,0.0027
2026-08-03 23:48:02,ETHUSDT,BINANCE,TRADE,1873.33,0.0029
2026-08-03 23:48:02,ETHUSDT,BINANCE,TRADE,1873.33,0.0029
2026-08-03 23:48:02,ETHUSDT,BINANCE,TRADE,1873.33,0.0027
2026-08-03 23:48:02,ETHUSDT,BINANCE,TRADE,1873.33,0.0029
2026-08-03 23:48:02,ETHUSDT,BINANCE,TRADE,1873.34,0.0027
2026-08-03 23:48:02,ETHUSDT,BINANCE,TRADE,1873.34,0.0027
2026-08-03 23:48:02,ETHUSDT,BINANCE,TRADE,1873.34,0.2
2026-08-03 23:48:02,ETHUSDT,BINANCE,TRADE,1873.34,0.0027
2026-08-03 23:48:02,ETHUSDT,BINANCE,TRADE,1873.34,0.0027
2026-08-03 23:48:02,ETHUSDT,BINANCE,TRADE,1873.35,0.0027
2026-08-03 23:48:02,ETHUSDT,BINANCE,TRADE,1873.36,0.0027
2026-08-03 23:48:02,ETHUSDT,BINANCE,TRADE,1873.36,0.0027
2026-08-03 23:48:02,ETHUSDT,BINANCE,TRADE,1873.36,0.0027
2026-08-03 23:48:02,ETHUSDT,BINANCE,TRADE,1873.36,0.0027
2026-08-03 23:48:02,ETHUSDT,BINANCE,TRADE,1873.36,0.0027
2026-08-03 23:48:02,ETHUSDT,BINANCE,TRADE,1873.37,0.0027
2026-08-03 23:48:02,ETHUSDT,BINANCE,TRADE,1873.37,0.0041
2026-08-03 23:48:02,ETHUSDT,BINANCE,TRADE,1873.37,0.0027
2026-08-03 23:48:02,ETHUSDT,BINANCE,TRADE,1873.37,0.0027
2026-08-03 23:48:02,ETHUSDT,BINANCE,TRADE,1873.37,0.0027
2026-08-03 23:48:02,ETHUSDT,BINANCE,TRADE,1873.37,0.0027
2026-08-03 23:48:02,ETHUSDT,BINANCE,TRADE,1873.37,0.0027
2026-08-03 23:48:02,BTCUSDT,BINANCE,TRADE,63956,0.005
2026-08-03 23:48:02,BTCUSDT,BINANCE,TRADE,63956,0.00086
2026-08-03 23:48:02,ETHUSDT,BINANCE,TRADE,1873.39,0.0027
2026-08-03 23:48:02,ETHUSDT,BINANCE,TRADE,1873.39,0.0028
2026-08-03 23:48:02,ETHUSDT,BINANCE,TRADE,1873.39,0.0029
2026-08-03 23:48:02,ETHUSDT,BINANCE,TRADE,1873.39,0.0029
2026-08-03 23:48:02,ETHUSDT,BINANCE,TRADE,1873.39,0.2239
2026-08-03 23:48:02,ETHUSDT,BINANCE,TRADE,1873.39,0.0179
2026-08-03 23:48:02,BTCUSDT,BINANCE,TRADE,63956,0.00036
2026-08-03 23:48:02,ETHUSDT,BINANCE,TRADE,1873.38,0.3206
2026-08-03 23:48:03,ETHUSDT,BINANCE,TRADE,1873.38,0.0027
2026-08-03 23:48:03,ETHUSDT,BINANCE,TRADE,1873.38,0.0003
2026-08-03 23:48:03,ETHUSDT,BINANCE,TRADE,1873.38,0.0024
2026-08-03 23:48:03,ETHUSDT,BINANCE,TRADE,1873.38,0.0054
2026-08-03 23:48:03,ETHUSDT,BINANCE,TRADE,1873.38,0.0022
2026-08-03 23:48:03,ETHUSDT,BINANCE,TRADE,1873.38,0.0006
2026-08-03 23:48:03,ETHUSDT,BINANCE,TRADE,1873.38,0.0027
2026-08-03 23:48:03,ETHUSDT,BINANCE,TRADE,1873.38,0.0027
2026-08-03 23:48:03,ETHUSDT,BINANCE,TRADE,1873.38,0.0027
2026-08-03 23:48:03,ETHUSDT,BINANCE,TRADE,1873.38,0.0013
2026-08-03 23:48:03,ETHUSDT,BINANCE,TRADE,1873.38,0.0014
2026-08-03 23:48:03,ETHUSDT,BINANCE,TRADE,1873.38,0.0028
2026-08-03 23:48:03,ETHUSDT,BINANCE,TRADE,1873.38,0.0058
2026-08-03 23:48:03,ETHUSDT,BINANCE,TRADE,1873.38,0.01
2026-08-03 23:48:03,ETHUSDT,BINANCE,TRADE,1873.38,0.0731
2026-08-03 23:48:03,ETHUSDT,BINANCE,TRADE,1873.38,0.058
2026-08-03 23:48:03,ETHUSDT,BINANCE,TRADE,1873.38,0.01
2026-08-03 23:48:03,ETHUSDT,BINANCE,TRADE,1873.38,0.01
2026-08-03 23:48:03,ETHUSDT,BINANCE,TRADE,1873.38,0.01
2026-08-03 23:48:03,ETHUSDT,BINANCE,TRADE,1873.38,0.01
2026-08-03 23:48:03,ETHUSDT,BINANCE,TRADE,1873.38,0.01
2026-08-03 23:48:03,ETHUSDT,BINANCE,TRADE,1873.38,0.1037
2026-08-03 23:48:03,ETHUSDT,BINANCE,TRADE,1873.38,0.1255
2026-08-03 23:48:03,ETHUSDT,BINANCE,TRADE,1873.38,0.0027
2026-08-03 23:48:03,ETHUSDT,BINANCE,TRADE,1873.38,0.0032
2026-08-03 23:48:03,ETHUSDT,BINANCE,TRADE,1873.38,0.0027
2026-08-03 23:48:03,ETHUSDT,BINANCE,TRADE,1873.38,0.0027
2026-08-03 23:48:03,ETHUSDT,BINANCE,TRADE,1873.38,0.0027
2026-08-03 23:48:03,ETHUSDT,BINANCE,TRADE,1873.38,0.0032
2026-08-03 23:48:03,ETHUSDT,BINANCE,TRADE,1873.38,0.0028
2026-08-03 23:48:03,ETHUSDT,BINANCE,TRADE,1873.38,0.0028
2026-08-03 23:48:03,ETHUSDT,BINANCE,TRADE,1873.38,0.0054
2026-08-03 23:48:03,ETHUSDT,BINANCE,TRADE,1873.38,0.0027
2026-08-03 23:48:03,ETHUSDT,BINANCE,TRADE,1873.38,0.0027
2026-08-03 23:48:03,ETHUSDT,BINANCE,TRADE,1873.38,0.0027
2026-08-03 23:48:03,ETHUSDT,BINANCE,TRADE,1873.38,0.0027
2026-08-03 23:48:03,ETHUSDT,BINANCE,TRADE,1873.38,0.0027
2026-08-03 23:48:03,ETHUSDT,BINANCE,TRADE,1873.38,0.0027
2026-08-03 23:48:03,ETHUSDT,BINANCE,TRADE,1873.38,0.0027
2026-08-03 23:48:03,ETHUSDT,BINANCE,TRADE,1873.38,0.0027
2026-08-03 23:48:03,ETHUSDT,BINANCE,TRADE,1873.38,0.0027
2026-08-03 23:48:03,ETHUSDT,BINANCE,TRADE,1873.37,0.0054
2026-08-03 23:48:03,ETHUSDT,BINANCE,TRADE,1873.37,0.0028
2026-08-03 23:48:03,ETHUSDT,BINANCE,TRADE,1873.36,0.0054
2026-08-03 23:48:03,ETHUSDT,BINANCE,TRADE,1873.36,0.0027
2026-08-03 23:48:03,ETHUSDT,BINANCE,TRADE,1873.36,0.0028
2026-08-03 23:48:03,ETHUSDT,BINANCE,TRADE,1873.36,0.0027
2026-08-03 23:48:03,ETHUSDT,BINANCE,TRADE,1873.36,0.0027
2026-08-03 23:48:03,ETHUSDT,BINANCE,TRADE,1873.36,0.0027
2026-08-03 23:48:03,ETHUSDT,BINANCE,TRADE,1873.36,0.0027
2026-08-03 23:48:03,ETHUSDT,BINANCE,TRADE,1873.36,0.0027
2026-08-03 23:48:03,ETHUSDT,BINANCE,TRADE,1873.36,0.0027
2026-08-03 23:48:03,ETHUSDT,BINANCE,TRADE,1873.36,0.0027
2026-08-03 23:48:03,ETHUSDT,BINANCE,TRADE,1873.36,0.0027
2026-08-03 23:48:03,ETHUSDT,BINANCE,TRADE,1873.36,0.0027
2026-08-03 23:48:03,ETHUSDT,BINANCE,TRADE,1873.36,0.0027
2026-08-03 23:48:03,ETHUSDT,BINANCE,TRADE,1873.36,0.0027
2026-08-03 23:48:03,ETHUSDT,BINANCE,TRADE,1873.36,0.0027
2026-08-03 23:48:03,ETHUSDT,BINANCE,TRADE,1873.36,0.0027
2026-08-03 23:48:03,ETHUSDT,BINANCE,TRADE,1873.36,0.0027
2026-08-03 23:48:03,ETHUSDT,BINANCE,TRADE,1873.35,0.0028
2026-08-03 23:48:03,ETHUSDT,BINANCE,TRADE,1873.35,0.0027
2026-08-03 23:48:03,ETHUSDT,BINANCE,TRADE,1873.35,0.0032
2026-08-03 23:48:03,ETHUSDT,BINANCE,TRADE,1873.35,0.0032
2026-08-03 23:48:03,ETHUSDT,BINANCE,TRADE,1873.35,0.0027
2026-08-03 23:48:03,ETHUSDT,BINANCE,TRADE,1873.35,0.0027
2026-08-03 23:48:03,ETHUSDT,BINANCE,TRADE,1873.33,0.0028
2026-08-03 23:48:03,ETHUSDT,BINANCE,TRADE,1873.33,0.0027
2026-08-03 23:48:03,ETHUSDT,BINANCE,TRADE,1873.33,0.0027
2026-08-03 23:48:03,ETHUSDT,BINANCE,TRADE,1873.33,0.0032
2026-08-03 23:48:03,ETHUSDT,BINANCE,TRADE,1873.33,0.0032
2026-08-03 23:48:03,ETHUSDT,BINANCE,TRADE,1873.33,0.0027
2026-08-03 23:48:03,ETHUSDT,BINANCE,TRADE,1873.33,0.0027
2026-08-03 23:48:03,ETHUSDT,BINANCE,TRADE,1873.33,0.0054
2026-08-03 23:48:03,ETHUSDT,BINANCE,TRADE,1873.33,0.0027
2026-08-03 23:48:03,ETHUSDT,BINANCE,TRADE,1873.33,0.0027
2026-08-03 23:48:03,ETHUSDT,BINANCE,TRADE,1873.33,0.0027
2026-08-03 23:48:03,ETHUSDT,BINANCE,TRADE,1873.33,0.0028
2026-08-03 23:48:03,ETHUSDT,BINANCE,TRADE,1873.28,0.0028
2026-08-03 23:48:03,ETHUSDT,BINANCE,TRADE,1873.26,0.0027
2026-08-03 23:48:03,ETHUSDT,BINANCE,TRADE,1873.26,0.0028
2026-08-03 23:48:03,ETHUSDT,BINANCE,TRADE,1873.25,0.0029
2026-08-03 23:48:03,ETHUSDT,BINANCE,TRADE,1873.25,0.0029
2026-08-03 23:48:03,ETHUSDT,BINANCE,TRADE,1873.25,0.0028
2026-08-03 23:48:03,ETHUSDT,BINANCE,TRADE,1873.25,0.0029
2026-08-03 23:48:03,ETHUSDT,BINANCE,TRADE,1873.24,0.0027
2026-08-03 23:48:03,ETHUSDT,BINANCE,TRADE,1873.24,0.0028
2026-08-03 23:48:03,ETHUSDT,BINANCE,TRADE,1873.24,0.0027
2026-08-03 23:48:03,ETHUSDT,BINANCE,TRADE,1873.24,0.0032
2026-08-03 23:48:03,ETHUSDT,BINANCE,TRADE,1873.24,0.0032
2026-08-03 23:48:03,ETHUSDT,BINANCE,TRADE,1873.24,0.0027
2026-08-03 23:48:03,ETHUSDT,BINANCE,TRADE,1873.23,0.0027
2026-08-03 23:48:03,ETHUSDT,BINANCE,TRADE,1873.23,0.0028
2026-08-03 23:48:03,ETHUSDT,BINANCE,TRADE,1873.23,0.0027
2026-08-03 23:48:03,ETHUSDT,BINANCE,TRADE,1873.23,0.0027
2026-08-03 23:48:03,ETHUSDT,BINANCE,TRADE,1873.23,0.0027
2026-08-03 23:48:03,ETHUSDT,BINANCE,TRADE,1873.23,0.0027
2026-08-03 23:48:03,ETHUSDT,BINANCE,TRADE,1873.22,0.0028
2026-08-03 23:48:03,ETHUSDT,BINANCE,TRADE,1873.21,0.0027
2026-08-03 23:48:03,ETHUSDT,BINANCE,TRADE,1873.21,0.0028
2026-08-03 23:48:03,ETHUSDT,BINANCE,TRADE,1873.21,0.0027
2026-08-03 23:48:03,ETHUSDT,BINANCE,TRADE,1873.21,0.0032
2026-08-03 23:48:03,ETHUSDT,BINANCE,TRADE,1873.21,0.0032
2026-08-03 23:48:03,ETHUSDT,BINANCE,TRADE,1873.21,0.0027
2026-08-03 23:48:03,ETHUSDT,BINANCE,TRADE,1873.21,0.0027
2026-08-03 23:48:03,ETHUSDT,BINANCE,TRADE,1873.21,0.0027
2026-08-03 23:48:03,ETHUSDT,BINANCE,TRADE,1873.21,0.0027
2026-08-03 23:48:03,ETHUSDT,BINANCE,TRADE,1873.19,0.0027
2026-08-03 23:48:03,ETHUSDT,BINANCE,TRADE,1873.19,0.0027
2026-08-03 23:48:03,ETHUSDT,BINANCE,TRADE,1873.19,0.0027
2026-08-03 23:48:03,ETHUSDT,BINANCE,TRADE,1873.19,0.0029
2026-08-03 23:48:03,ETHUSDT,BINANCE,TRADE,1873.19,0.0029
2026-08-03 23:48:03,ETHUSDT,BINANCE,TRADE,1873.19,0.0028
2026-08-03 23:48:03,ETHUSDT,BINANCE,TRADE,1873.19,0.036
2026-08-03 23:48:03,ETHUSDT,BINANCE,TRADE,1873.19,0.0027
2026-08-03 23:48:03,ETHUSDT,BINANCE,TRADE,1873.19,0.0032
2026-08-03 23:48:03,ETHUSDT,BINANCE,TRADE,1873.19,0.0032
2026-08-03 23:48:03,ETHUSDT,BINANCE,TRADE,1873.19,0.0028
2026-08-03 23:48:03,ETHUSDT,BINANCE,TRADE,1873.19,0.0027
2026-08-03 23:48:03,ETHUSDT,BINANCE,TRADE,1873.19,0.0027
2026-08-03 23:48:03,ETHUSDT,BINANCE,TRADE,1873.19,0.0029
2026-08-03 23:48:03,ETHUSDT,BINANCE,TRADE,1873.19,0.0027
2026-08-03 23:48:03,ETHUSDT,BINANCE,TRADE,1873.19,0.0027
2026-08-03 23:48:03,ETHUSDT,BINANCE,TRADE,1873.19,0.0027
2026-08-03 23:48:03,ETHUSDT,BINANCE,TRADE,1873.19,0.0027
2026-08-03 23:48:03,ETHUSDT,BINANCE,TRADE,1873.19,0.0027
2026-08-03 23:48:03,ETHUSDT,BINANCE,TRADE,1873.19,0.0027
2026-08-03 23:48:03,ETHUSDT,BINANCE,TRADE,1873.18,0.0027
2026-08-03 23:48:03,ETHUSDT,BINANCE,TRADE,1873.18,0.0027
2026-08-03 23:48:03,ETHUSDT,BINANCE,TRADE,1873.18,0.7687
2026-08-03 23:48:03,ETHUSDT,BINANCE,TRADE,1873.18,0.0028
2026-08-03 23:48:03,ETHUSDT,BINANCE,TRADE,1873.18,0.0027
2026-08-03 23:48:03,ETHUSDT,BINANCE,TRADE,1873.18,0.0027
2026-08-03 23:48:03,ETHUSDT,BINANCE,TRADE,1873.18,0.0027
2026-08-03 23:48:03,ETHUSDT,BINANCE,TRADE,1873.18,0.0027
2026-08-03 23:48:03,ETHUSDT,BINANCE,TRADE,1873.18,0.0027
2026-08-03 23:48:03,ETHUSDT,BINANCE,TRADE,1873.18,0.0027
2026-08-03 23:48:03,ETHUSDT,BINANCE,TRADE,1873.18,0.0027
2026-08-03 23:48:03,ETHUSDT,BINANCE,TRADE,1873.18,0.0027
2026-08-03 23:48:03,ETHUSDT,BINANCE,TRADE,1873.17,0.0027
2026-08-03 23:48:03,ETHUSDT,BINANCE,TRADE,1873.17,0.0028
2026-08-03 23:48:03,ETHUSDT,BINANCE,TRADE,1873.16,0.0027
2026-08-03 23:48:03,ETHUSDT,BINANCE,TRADE,1873.16,0.0028
2026-08-03 23:48:03,ETHUSDT,BINANCE,TRADE,1873.16,0.0027
2026-08-03 23:48:03,ETHUSDT,BINANCE,TRADE,1873.15,0.03
2026-08-03 23:48:03,ETHUSDT,BINANCE,TRADE,1873.15,0.0028
2026-08-03 23:48:03,ETHUSDT,BINANCE,TRADE,1873.14,0.0027
2026-08-03 23:48:03,ETHUSDT,BINANCE,TRADE,1873.14,0.0027
2026-08-03 23:48:03,ETHUSDT,BINANCE,TRADE,1873.14,0.0028
2026-08-03 23:48:03,ETHUSDT,BINANCE,TRADE,1873.14,0.0028
2026-08-03 23:48:03,ETHUSDT,BINANCE,TRADE,1873.14,0.0027
2026-08-03 23:48:03,ETHUSDT,BINANCE,TRADE,1873.14,0.0027
2026-08-03 23:48:03,ETHUSDT,BINANCE,TRADE,1873.14,0.0027
2026-08-03 23:48:03,ETHUSDT,BINANCE,TRADE,1873.14,0.0027
2026-08-03 23:48:03,ETHUSDT,BINANCE,TRADE,1873.14,0.0027
2026-08-03 23:48:03,ETHUSDT,BINANCE,TRADE,1873.14,0.0027
2026-08-03 23:48:03,ETHUSDT,BINANCE,TRADE,1873.13,0.0028
2026-08-03 23:48:03,ETHUSDT,BINANCE,TRADE,1873.12,0.0029
2026-08-03 23:48:03,ETHUSDT,BINANCE,TRADE,1873.12,0.0029
2026-08-03 23:48:03,ETHUSDT,BINANCE,TRADE,1873.12,0.0029
2026-08-03 23:48:03,ETHUSDT,BINANCE,TRADE,1873.11,0.0029
2026-08-03 23:48:03,ETHUSDT,BINANCE,TRADE,1873.11,0.0029
2026-08-03 23:48:03,ETHUSDT,BINANCE,TRADE,1873.11,3.1814
2026-08-03 23:48:03,ETHUSDT,BINANCE,TRADE,1873.11,0.0028
2026-08-03 23:48:03,ETHUSDT,BINANCE,TRADE,1873.11,0.0002
2026-08-03 23:48:04,ETHUSDT,BINANCE,TRADE,1873.11,0.0027
2026-08-03 23:48:04,ETHUSDT,BINANCE,TRADE,1873.11,0.0029
2026-08-03 23:48:04,ETHUSDT,BINANCE,TRADE,1873.11,0.0027
2026-08-03 23:48:04,ETHUSDT,BINANCE,TRADE,1873.11,0.0032
2026-08-03 23:48:04,ETHUSDT,BINANCE,TRADE,1873.11,0.0027
2026-08-03 23:48:04,ETHUSDT,BINANCE,TRADE,1873.11,0.0027
2026-08-03 23:48:04,ETHUSDT,BINANCE,TRADE,1873.11,0.3982
2026-08-03 23:48:04,ETHUSDT,BINANCE,TRADE,1873.11,0.0028
2026-08-03 23:48:04,ETHUSDT,BINANCE,TRADE,1873.11,0.0028
2026-08-03 23:48:04,ETHUSDT,BINANCE,TRADE,1873.11,0.0032
2026-08-03 23:48:04,ETHUSDT,BINANCE,TRADE,1873.11,0.0029
2026-08-03 23:48:04,ETHUSDT,BINANCE,TRADE,1873.11,0.0027
2026-08-03 23:48:04,SOLUSDT,BINANCE,TRADE,74.22,1.524
2026-08-03 23:48:04,ETHUSDT,BINANCE,TRADE,1873.11,0.1206
2026-08-03 23:48:04,BTCUSDT,BINANCE,TRADE,63956,0.00078
2026-08-03 23:48:04,BTCUSDT,BINANCE,TRADE,63956,0.008
2026-08-03 23:48:04,BTCUSDT,BINANCE,TRADE,63956,0.006
2026-08-03 23:48:04,BTCUSDT,BINANCE,TRADE,63956,9e-05
2026-08-03 23:48:04,BTCUSDT,BINANCE,TRADE,63956,8e-05
2026-08-03 23:48:04,BTCUSDT,BINANCE,TRADE,63956,0.00312
2026-08-03 23:48:04,BTCUSDT,BINANCE,TRADE,63956,8e-05
2026-08-03 23:48:04,BTCUSDT,BINANCE,TRADE,63956,9e-05
2026-08-03 23:48:04,BTCUSDT,BINANCE,TRADE,63956,8e-05
2026-08-03 23:48:04,BTCUSDT,BINANCE,TRADE,63956,8e-05
2026-08-03 23:48:04,BTCUSDT,BINANCE,TRADE,63956,9e-05
2026-08-03 23:48:04,BTCUSDT,BINANCE,TRADE,63956,9e-05
2026-08-03 23:48:04,BTCUSDT,BINANCE,TRADE,63956,0.00487
2026-08-03 23:48:05,SOLUSDT,BINANCE,TRADE,74.22,11.203
2026-08-03 23:48:05,SOLUSDT,BINANCE,TRADE,74.21,0.073
2026-08-03 23:48:05,SOLUSDT,BINANCE,TRADE,74.21,0.061
2026-08-03 23:48:06,BTCUSDT,BINANCE,TRADE,63956,0.00011
2026-08-03 23:48:06,SOLUSDT,BINANCE,TRADE,74.21,0.012
2026-08-03 23:48:06,SOLUSDT,BINANCE,TRADE,74.21,0.071
2026-08-03 23:48:06,SOLUSDT,BINANCE,TRADE,74.21,0.073
2026-08-03 23:48:06,SOLUSDT,BINANCE,TRADE,74.21,0.073
2026-08-03 23:48:06,SOLUSDT,BINANCE,TRADE,74.21,0.073
2026-08-03 23:48:06,SOLUSDT,BINANCE,TRADE,74.21,0.073
2026-08-03 23:48:06,SOLUSDT,BINANCE,TRADE,74.21,0.071
2026-08-03 23:48:06,SOLUSDT,BINANCE,TRADE,74.21,0.073
2026-08-03 23:48:06,SOLUSDT,BINANCE,TRADE,74.21,0.073
2026-08-03 23:48:06,SOLUSDT,BINANCE,TRADE,74.21,0.278
2026-08-03 23:48:06,SOLUSDT,BINANCE,TRADE,74.21,0.135
2026-08-03 23:48:06,SOLUSDT,BINANCE,TRADE,74.21,0.069
2026-08-03 23:48:06,SOLUSDT,BINANCE,TRADE,74.21,0.068
2026-08-03 23:48:06,SOLUSDT,BINANCE,TRADE,74.21,0.073
2026-08-03 23:48:06,SOLUSDT,BINANCE,TRADE,74.21,0.073
2026-08-03 23:48:06,SOLUSDT,BINANCE,TRADE,74.21,0.071
2026-08-03 23:48:06,SOLUSDT,BINANCE,TRADE,74.21,0.073
2026-08-03 23:48:06,ETHUSDT,BINANCE,TRADE,1873.1,0.0027
2026-08-03 23:48:06,ETHUSDT,BINANCE,TRADE,1873.1,0.0003
2026-08-03 23:48:06,BTCUSDT,BINANCE,TRADE,63956,8e-05
2026-08-03 23:48:06,BTCUSDT,BINANCE,TRADE,63956,2e-05
2026-08-03 23:48:06,BTCUSDT,BINANCE,TRADE,63956,8e-05
2026-08-03 23:48:06,BTCUSDT,BINANCE,TRADE,63956,8e-05
2026-08-03 23:48:06,BTCUSDT,BINANCE,TRADE,63956,9e-05
2026-08-03 23:48:06,BTCUSDT,BINANCE,TRADE,63956,0.00016
2026-08-03 23:48:06,BTCUSDT,BINANCE,TRADE,63956,8e-05
2026-08-03 23:48:06,BTCUSDT,BINANCE,TRADE,63956,8e-05
2026-08-03 23:48:06,BTCUSDT,BINANCE,TRADE,63956,8e-05
2026-08-03 23:48:06,BTCUSDT,BINANCE,TRADE,63956,8e-05
2026-08-03 23:48:06,BTCUSDT,BINANCE,TRADE,63956,8e-05
2026-08-03 23:48:06,BTCUSDT,BINANCE,TRADE,63956,0.0001
2026-08-03 23:48:06,BTCUSDT,BINANCE,TRADE,63956,0.007
2026-08-03 23:48:06,BTCUSDT,BINANCE,TRADE,63956,9e-05
2026-08-03 23:48:06,BTCUSDT,BINANCE,TRADE,63956,9e-05
2026-08-03 23:48:06,BTCUSDT,BINANCE,TRADE,63956,9e-05
2026-08-03 23:48:06,BTCUSDT,BINANCE,TRADE,63956,9e-05
2026-08-03 23:48:06,BTCUSDT,BINANCE,TRADE,63956,9e-05
2026-08-03 23:48:06,BTCUSDT,BINANCE,TRADE,63956,9e-05
2026-08-03 23:48:06,BTCUSDT,BINANCE,TRADE,63956,9e-05
2026-08-03 23:48:06,BTCUSDT,BINANCE,TRADE,63956,9e-05
2026-08-03 23:48:06,BTCUSDT,BINANCE,TRADE,63956,9e-05
2026-08-03 23:48:06,BTCUSDT,BINANCE,TRADE,63956,9e-05
2026-08-03 23:48:06,BTCUSDT,BINANCE,TRADE,63956,9e-05
2026-08-03 23:48:06,BTCUSDT,BINANCE,TRADE,63956,9e-05
2026-08-03 23:48:06,BTCUSDT,BINANCE,TRADE,63956,9e-05
2026-08-03 23:48:06,BTCUSDT,BINANCE,TRADE,63956,8e-05
2026-08-03 23:48:06,BTCUSDT,BINANCE,TRADE,63956,9e-05
2026-08-03 23:48:06,BTCUSDT,BINANCE,TRADE,63956,8e-05
2026-08-03 23:48:06,BTCUSDT,BINANCE,TRADE,63956,8e-05
2026-08-03 23:48:06,BTCUSDT,BINANCE,TRADE,63956,8e-05
2026-08-03 23:48:06,BTCUSDT,BINANCE,TRADE,63956,8e-05
2026-08-03 23:48:06,BTCUSDT,BINANCE,TRADE,63956,8e-05
2026-08-03 23:48:06,BTCUSDT,BINANCE,TRADE,63956,8e-05
2026-08-03 23:48:06,BTCUSDT,BINANCE,TRADE,63956,8e-05
2026-08-03 23:48:06,BTCUSDT,BINANCE,TRADE,63956,8e-05
2026-08-03 23:48:06,BTCUSDT,BINANCE,TRADE,63956,8e-05
2026-08-03 23:48:06,BTCUSDT,BINANCE,TRADE,63956,8e-05
2026-08-03 23:48:06,BTCUSDT,BINANCE,TRADE,63956,8e-05
2026-08-03 23:48:06,BTCUSDT,BINANCE,TRADE,63956,8e-05
2026-08-03 23:48:06,BTCUSDT,BINANCE,TRADE,63956,9e-05
2026-08-03 23:48:06,BTCUSDT,BINANCE,TRADE,63956,0.00016
2026-08-03 23:48:06,BTCUSDT,BINANCE,TRADE,63956,9e-05
2026-08-03 23:48:06,BTCUSDT,BINANCE,TRADE,63956,9e-05
2026-08-03 23:48:06,BTCUSDT,BINANCE,TRADE,63956,9e-05
2026-08-03 23:48:06,BTCUSDT,BINANCE,TRADE,63956,9e-05
2026-08-03 23:48:06,BTCUSDT,BINANCE,TRADE,63956,9e-05
2026-08-03 23:48:06,BTCUSDT,BINANCE,TRADE,63956,9e-05
2026-08-03 23:48:06,BTCUSDT,BINANCE,TRADE,63956,9e-05
2026-08-03 23:48:06,BTCUSDT,BINANCE,TRADE,63956,9e-05
2026-08-03 23:48:06,BTCUSDT,BINANCE,TRADE,63956,0.00016
2026-08-03 23:48:06,BTCUSDT,BINANCE,TRADE,63954.4,8e-05
2026-08-03 23:48:06,BTCUSDT,BINANCE,TRADE,63954,8e-05
2026-08-03 23:48:06,BTCUSDT,BINANCE,TRADE,63954,8e-05
2026-08-03 23:48:06,BTCUSDT,BINANCE,TRADE,63954,8e-05
2026-08-03 23:48:06,BTCUSDT,BINANCE,TRADE,63954,8e-05
2026-08-03 23:48:06,BTCUSDT,BINANCE,TRADE,63954,8e-05
2026-08-03 23:48:06,BTCUSDT,BINANCE,TRADE,63954,8e-05
2026-08-03 23:48:06,BTCUSDT,BINANCE,TRADE,63954,8e-05
2026-08-03 23:48:06,BTCUSDT,BINANCE,TRADE,63954,0.0026
2026-08-03 23:48:06,BTCUSDT,BINANCE,TRADE,63953.9,0.00024
2026-08-03 23:48:06,BTCUSDT,BINANCE,TRADE,63952,9e-05
2026-08-03 23:48:06,BTCUSDT,BINANCE,TRADE,63952,9e-05
2026-08-03 23:48:06,BTCUSDT,BINANCE,TRADE,63952,9e-05
2026-08-03 23:48:06,ETHUSDT,BINANCE,TRADE,1873.1,0.126
2026-08-03 23:48:06,BTCUSDT,BINANCE,TRADE,63952,0.00844
2026-08-03 23:48:07,BTCUSDT,BINANCE,TRADE,63952,0.00034
2026-08-03 23:48:07,BTCUSDT,BINANCE,TRADE,63952,0.02484
2026-08-03 23:48:07,ETHUSDT,BINANCE,TRADE,1873.1,0.15
2026-08-03 23:48:07,BTCUSDT,BINANCE,TRADE,63952,0.00353
2026-08-03 23:48:07,SOLUSDT,BINANCE,TRADE,74.21,0.141
2026-08-03 23:48:07,BTCUSDT,BINANCE,TRADE,63952,0.00104
2026-08-03 23:48:08,BTCUSDT,BINANCE,TRADE,63952,0.00079
2026-08-03 23:48:08,ETHUSDT,BINANCE,TRADE,1873.1,0.5841
2026-08-03 23:48:08,ETHUSDT,BINANCE,TRADE,1873.1,4.1326
2026-08-03 23:48:08,ETHUSDT,BINANCE,TRADE,1873.1,0.003
2026-08-03 23:48:08,ETHUSDT,BINANCE,TRADE,1873.1,0.004
2026-08-03 23:48:08,ETHUSDT,BINANCE,TRADE,1873.1,0.0028
2026-08-03 23:48:08,ETHUSDT,BINANCE,TRADE,1873.1,0.0027
2026-08-03 23:48:08,ETHUSDT,BINANCE,TRADE,1873.1,0.0028
2026-08-03 23:48:08,ETHUSDT,BINANCE,TRADE,1873.1,0.0027
2026-08-03 23:48:08,ETHUSDT,BINANCE,TRADE,1873.1,0.0027
2026-08-03 23:48:08,ETHUSDT,BINANCE,TRADE,1873.1,0.0027
2026-08-03 23:48:08,ETHUSDT,BINANCE,TRADE,1873.1,0.0027
2026-08-03 23:48:08,ETHUSDT,BINANCE,TRADE,1873.1,0.0027
2026-08-03 23:48:08,ETHUSDT,BINANCE,TRADE,1873.1,0.0027
2026-08-03 23:48:08,ETHUSDT,BINANCE,TRADE,1873.1,0.0889
2026-08-03 23:48:08,ETHUSDT,BINANCE,TRADE,1873.1,0.0054
2026-08-03 23:48:08,ETHUSDT,BINANCE,TRADE,1873.1,0.0027
2026-08-03 23:48:08,ETHUSDT,BINANCE,TRADE,1873.1,0.0028
2026-08-03 23:48:08,ETHUSDT,BINANCE,TRADE,1873.1,0.0028
2026-08-03 23:48:08,ETHUSDT,BINANCE,TRADE,1873.1,0.0028
2026-08-03 23:48:08,ETHUSDT,BINANCE,TRADE,1873.1,0.0027
2026-08-03 23:48:08,ETHUSDT,BINANCE,TRADE,1873.1,0.0032
2026-08-03 23:48:08,ETHUSDT,BINANCE,TRADE,1873.1,0.0032
2026-08-03 23:48:08,ETHUSDT,BINANCE,TRADE,1873.1,0.0186
2026-08-03 23:48:08,ETHUSDT,BINANCE,TRADE,1873.1,0.003
2026-08-03 23:48:08,ETHUSDT,BINANCE,TRADE,1873.1,0.1047
2026-08-03 23:48:08,ETHUSDT,BINANCE,TRADE,1873.1,0.0032
2026-08-03 23:48:08,ETHUSDT,BINANCE,TRADE,1873.1,0.0028
2026-08-03 23:48:08,ETHUSDT,BINANCE,TRADE,1873.1,0.15
2026-08-03 23:48:08,ETHUSDT,BINANCE,TRADE,1873.1,0.0027
2026-08-03 23:48:08,ETHUSDT,BINANCE,TRADE,1873.1,0.0027
2026-08-03 23:48:08,ETHUSDT,BINANCE,TRADE,1873.1,0.0028
2026-08-03 23:48:08,ETHUSDT,BINANCE,TRADE,1873.1,0.0028
2026-08-03 23:48:08,ETHUSDT,BINANCE,TRADE,1873.1,0.0028
2026-08-03 23:48:08,ETHUSDT,BINANCE,TRADE,1873.1,0.0028
2026-08-03 23:48:08,ETHUSDT,BINANCE,TRADE,1873.1,0.0032
2026-08-03 23:48:08,ETHUSDT,BINANCE,TRADE,1873.1,0.0028
2026-08-03 23:48:08,ETHUSDT,BINANCE,TRADE,1873.1,0.0054
2026-08-03 23:48:08,ETHUSDT,BINANCE,TRADE,1873.1,0.0027
2026-08-03 23:48:08,ETHUSDT,BINANCE,TRADE,1873.1,0.0027
2026-08-03 23:48:08,ETHUSDT,BINANCE,TRADE,1873.1,0.0027
2026-08-03 23:48:08,ETHUSDT,BINANCE,TRADE,1873.1,0.0027
2026-08-03 23:48:08,ETHUSDT,BINANCE,TRADE,1873.1,0.0027
2026-08-03 23:48:08,ETHUSDT,BINANCE,TRADE,1873.09,0.0027
2026-08-03 23:48:08,ETHUSDT,BINANCE,TRADE,1873.09,0.0027
2026-08-03 23:48:08,ETHUSDT,BINANCE,TRADE,1873.09,0.0028
2026-08-03 23:48:08,ETHUSDT,BINANCE,TRADE,1873.09,0.0029
2026-08-03 23:48:08,ETHUSDT,BINANCE,TRADE,1873.09,0.0029
2026-08-03 23:48:08,ETHUSDT,BINANCE,TRADE,1873.09,0.0054
2026-08-03 23:48:08,ETHUSDT,BINANCE,TRADE,1873.09,0.0028
2026-08-03 23:48:08,ETHUSDT,BINANCE,TRADE,1873.09,0.0028
2026-08-03 23:48:08,ETHUSDT,BINANCE,TRADE,1873.09,0.0028
2026-08-03 23:48:08,ETHUSDT,BINANCE,TRADE,1873.09,0.0028
2026-08-03 23:48:08,ETHUSDT,BINANCE,TRADE,1873.09,0.0027
2026-08-03 23:48:08,ETHUSDT,BINANCE,TRADE,1873.09,0.0027
2026-08-03 23:48:08,ETHUSDT,BINANCE,TRADE,1873.09,0.0029
2026-08-03 23:48:08,ETHUSDT,BINANCE,TRADE,1873.09,0.0027
2026-08-03 23:48:08,ETHUSDT,BINANCE,TRADE,1873.09,0.0027
2026-08-03 23:48:08,ETHUSDT,BINANCE,TRADE,1873.09,0.0027
2026-08-03 23:48:08,ETHUSDT,BINANCE,TRADE,1873.09,0.0027
2026-08-03 23:48:08,ETHUSDT,BINANCE,TRADE,1873.09,0.0027
2026-08-03 23:48:08,ETHUSDT,BINANCE,TRADE,1873.09,0.0027
2026-08-03 23:48:08,ETHUSDT,BINANCE,TRADE,1873.08,0.0027
2026-08-03 23:48:08,ETHUSDT,BINANCE,TRADE,1873.08,0.003
2026-08-03 23:48:08,ETHUSDT,BINANCE,TRADE,1873.08,0.0027
2026-08-03 23:48:08,ETHUSDT,BINANCE,TRADE,1873.08,0.0027
2026-08-03 23:48:08,ETHUSDT,BINANCE,TRADE,1873.08,0.0028
2026-08-03 23:48:08,ETHUSDT,BINANCE,TRADE,1873.08,0.3244
2026-08-03 23:48:08,ETHUSDT,BINANCE,TRADE,1873.08,0.0054
2026-08-03 23:48:08,ETHUSDT,BINANCE,TRADE,1873.08,0.0027
2026-08-03 23:48:08,ETHUSDT,BINANCE,TRADE,1873.08,0.0027
2026-08-03 23:48:08,ETHUSDT,BINANCE,TRADE,1873.07,0.0027
2026-08-03 23:48:08,ETHUSDT,BINANCE,TRADE,1873.07,0.0028
2026-08-03 23:48:08,ETHUSDT,BINANCE,TRADE,1873.07,0.0027
2026-08-03 23:48:08,ETHUSDT,BINANCE,TRADE,1873.06,0.0028
2026-08-03 23:48:08,ETHUSDT,BINANCE,TRADE,1873.05,0.0027
2026-08-03 23:48:08,ETHUSDT,BINANCE,TRADE,1873.05,0.0028
2026-08-03 23:48:08,ETHUSDT,BINANCE,TRADE,1873.04,0.0027
2026-08-03 23:48:08,ETHUSDT,BINANCE,TRADE,1873.04,0.0027
2026-08-03 23:48:08,ETHUSDT,BINANCE,TRADE,1873.04,0.0027
2026-08-03 23:48:08,ETHUSDT,BINANCE,TRADE,1873.04,0.0028
2026-08-03 23:48:08,ETHUSDT,BINANCE,TRADE,1873.04,0.0027
2026-08-03 23:48:08,ETHUSDT,BINANCE,TRADE,1873.04,0.0027
2026-08-03 23:48:08,ETHUSDT,BINANCE,TRADE,1873.04,0.0027
2026-08-03 23:48:08,ETHUSDT,BINANCE,TRADE,1873.04,0.0027
2026-08-03 23:48:08,ETHUSDT,BINANCE,TRADE,1873.04,0.0027
2026-08-03 23:48:08,ETHUSDT,BINANCE,TRADE,1873.02,0.0028
2026-08-03 23:48:08,ETHUSDT,BINANCE,TRADE,1873,0.0028
2026-08-03 23:48:08,ETHUSDT,BINANCE,TRADE,1873,0.0029
2026-08-03 23:48:08,ETHUSDT,BINANCE,TRADE,1873,0.0029
2026-08-03 23:48:08,ETHUSDT,BINANCE,TRADE,1873,0.0029
2026-08-03 23:48:08,ETHUSDT,BINANCE,TRADE,1872.99,0.0027
2026-08-03 23:48:08,ETHUSDT,BINANCE,TRADE,1872.99,0.0029
2026-08-03 23:48:08,ETHUSDT,BINANCE,TRADE,1872.99,0.0029
2026-08-03 23:48:08,ETHUSDT,BINANCE,TRADE,1872.99,0.0028
2026-08-03 23:48:08,ETHUSDT,BINANCE,TRADE,1872.99,0.0029
2026-08-03 23:48:08,ETHUSDT,BINANCE,TRADE,1872.98,0.0027
2026-08-03 23:48:08,ETHUSDT,BINANCE,TRADE,1872.98,0.0027
2026-08-03 23:48:08,ETHUSDT,BINANCE,TRADE,1872.98,0.0027
2026-08-03 23:48:08,ETHUSDT,BINANCE,TRADE,1872.98,0.0027
2026-08-03 23:48:08,ETHUSDT,BINANCE,TRADE,1872.98,0.0027
2026-08-03 23:48:08,ETHUSDT,BINANCE,TRADE,1872.97,0.0027
2026-08-03 23:48:08,ETHUSDT,BINANCE,TRADE,1872.97,0.0027
2026-08-03 23:48:08,ETHUSDT,BINANCE,TRADE,1872.97,0.0027
2026-08-03 23:48:08,ETHUSDT,BINANCE,TRADE,1872.97,0.003
2026-08-03 23:48:08,ETHUSDT,BINANCE,TRADE,1872.97,0.0027
2026-08-03 23:48:08,ETHUSDT,BINANCE,TRADE,1872.97,0.0027
2026-08-03 23:48:08,ETHUSDT,BINANCE,TRADE,1872.97,0.0027
2026-08-03 23:48:08,ETHUSDT,BINANCE,TRADE,1872.97,0.0027
2026-08-03 23:48:08,ETHUSDT,BINANCE,TRADE,1872.97,0.0027
2026-08-03 23:48:08,ETHUSDT,BINANCE,TRADE,1872.97,0.0027
2026-08-03 23:48:08,ETHUSDT,BINANCE,TRADE,1872.97,0.0027
2026-08-03 23:48:08,ETHUSDT,BINANCE,TRADE,1872.97,0.0027
2026-08-03 23:48:08,ETHUSDT,BINANCE,TRADE,1872.96,0.0027
2026-08-03 23:48:08,ETHUSDT,BINANCE,TRADE,1872.96,0.0027
2026-08-03 23:48:08,ETHUSDT,BINANCE,TRADE,1872.96,0.0027
2026-08-03 23:48:08,ETHUSDT,BINANCE,TRADE,1872.96,0.02
2026-08-03 23:48:08,BTCUSDT,BINANCE,TRADE,63952,0.00109
2026-08-03 23:48:08,BTCUSDT,BINANCE,TRADE,63952,0.00439
2026-08-03 23:48:08,BTCUSDT,BINANCE,TRADE,63952,9e-05
2026-08-03 23:48:08,BTCUSDT,BINANCE,TRADE,63952,9e-05
2026-08-03 23:48:08,BTCUSDT,BINANCE,TRADE,63952,9e-05
2026-08-03 23:48:08,BTCUSDT,BINANCE,TRADE,63952,8e-05
2026-08-03 23:48:08,BTCUSDT,BINANCE,TRADE,63952,9e-05
2026-08-03 23:48:08,BTCUSDT,BINANCE,TRADE,63952,9e-05
2026-08-03 23:48:08,BTCUSDT,BINANCE,TRADE,63952,9e-05
2026-08-03 23:48:08,BTCUSDT,BINANCE,TRADE,63952,9e-05
2026-08-03 23:48:08,BTCUSDT,BINANCE,TRADE,63952,8e-05
2026-08-03 23:48:08,BTCUSDT,BINANCE,TRADE,63952,8e-05
2026-08-03 23:48:08,BTCUSDT,BINANCE,TRADE,63952,9e-05
2026-08-03 23:48:08,BTCUSDT,BINANCE,TRADE,63952,8e-05
2026-08-03 23:48:08,BTCUSDT,BINANCE,TRADE,63952,9e-05
2026-08-03 23:48:08,BTCUSDT,BINANCE,TRADE,63952,8e-05
2026-08-03 23:48:08,BTCUSDT,BINANCE,TRADE,63952,9e-05
2026-08-03 23:48:08,BTCUSDT,BINANCE,TRADE,63952,0.0007
2026-08-03 23:48:08,BTCUSDT,BINANCE,TRADE,63952,0.00047
2026-08-03 23:48:08,BTCUSDT,BINANCE,TRADE,63952,0.00205
2026-08-03 23:48:08,BTCUSDT,BINANCE,TRADE,63952,0.00795
2026-08-03 23:48:08,BTCUSDT,BINANCE,TRADE,63952,0.004
2026-08-03 23:48:08,BTCUSDT,BINANCE,TRADE,63952,8e-05
2026-08-03 23:48:08,BTCUSDT,BINANCE,TRADE,63952,8e-05
2026-08-03 23:48:08,BTCUSDT,BINANCE,TRADE,63952,9e-05
2026-08-03 23:48:08,BTCUSDT,BINANCE,TRADE,63952,9e-05
2026-08-03 23:48:08,BTCUSDT,BINANCE,TRADE,63952,9e-05
2026-08-03 23:48:08,BTCUSDT,BINANCE,TRADE,63952,9e-05
2026-08-03 23:48:08,BTCUSDT,BINANCE,TRADE,63952,9e-05
2026-08-03 23:48:08,BTCUSDT,BINANCE,TRADE,63952,9e-05
2026-08-03 23:48:08,BTCUSDT,BINANCE,TRADE,63952,0.00781
2026-08-03 23:48:08,BTCUSDT,BINANCE,TRADE,63952,9e-05
2026-08-03 23:48:08,BTCUSDT,BINANCE,TRADE,63952,0.00545
2026-08-03 23:48:08,BTCUSDT,BINANCE,TRADE,63952,0.01055
2026-08-03 23:48:08,BTCUSDT,BINANCE,TRADE,63952,0.00016
2026-08-03 23:48:08,BTCUSDT,BINANCE,TRADE,63952,9e-05
2026-08-03 23:48:08,BTCUSDT,BINANCE,TRADE,63952,9e-05
2026-08-03 23:48:08,BTCUSDT,BINANCE,TRADE,63952,9e-05
2026-08-03 23:48:08,BTCUSDT,BINANCE,TRADE,63952,8e-05
2026-08-03 23:48:08,BTCUSDT,BINANCE,TRADE,63952,8e-05
2026-08-03 23:48:08,BTCUSDT,BINANCE,TRADE,63952,8e-05
2026-08-03 23:48:08,BTCUSDT,BINANCE,TRADE,63952,8e-05
2026-08-03 23:48:08,BTCUSDT,BINANCE,TRADE,63952,8e-05
2026-08-03 23:48:08,BTCUSDT,BINANCE,TRADE,63952,9e-05
2026-08-03 23:48:08,BTCUSDT,BINANCE,TRADE,63952,9e-05
2026-08-03 23:48:08,BTCUSDT,BINANCE,TRADE,63952,9e-05
2026-08-03 23:48:08,BTCUSDT,BINANCE,TRADE,63952,9e-05
2026-08-03 23:48:08,BTCUSDT,BINANCE,TRADE,63952,9e-05
2026-08-03 23:48:08,BTCUSDT,BINANCE,TRADE,63952,9e-05
2026-08-03 23:48:08,BTCUSDT,BINANCE,TRADE,63952,9e-05
2026-08-03 23:48:08,BTCUSDT,BINANCE,TRADE,63952,9e-05
2026-08-03 23:48:08,BTCUSDT,BINANCE,TRADE,63952,0.00016
2026-08-03 23:48:08,BTCUSDT,BINANCE,TRADE,63952,9e-05
2026-08-03 23:48:08,BTCUSDT,BINANCE,TRADE,63952,0.00016
2026-08-03 23:48:08,BTCUSDT,BINANCE,TRADE,63951.3,8e-05
2026-08-03 23:48:08,BTCUSDT,BINANCE,TRADE,63951.3,8e-05
2026-08-03 23:48:08,BTCUSDT,BINANCE,TRADE,63951.3,8e-05
2026-08-03 23:48:08,BTCUSDT,BINANCE,TRADE,63951.3,0.05518
2026-08-03 23:48:08,BTCUSDT,BINANCE,TRADE,63951.3,8e-05
2026-08-03 23:48:08,BTCUSDT,BINANCE,TRADE,63951.3,8e-05
2026-08-03 23:48:08,SOLUSDT,BINANCE,TRADE,74.2,0.278
2026-08-03 23:48:08,SOLUSDT,BINANCE,TRADE,74.2,0.081
2026-08-03 23:48:08,SOLUSDT,BINANCE,TRADE,74.2,0.069
2026-08-03 23:48:08,SOLUSDT,BINANCE,TRADE,74.2,0.075
2026-08-03 23:48:08,SOLUSDT,BINANCE,TRADE,74.2,0.068
2026-08-03 23:48:08,SOLUSDT,BINANCE,TRADE,74.2,0.15
2026-08-03 23:48:08,SOLUSDT,BINANCE,TRADE,74.2,0.073
2026-08-03 23:48:08,SOLUSDT,BINANCE,TRADE,74.2,0.073
2026-08-03 23:48:08,SOLUSDT,BINANCE,TRADE,74.2,0.135
2026-08-03 23:48:08,SOLUSDT,BINANCE,TRADE,74.2,0.073
2026-08-03 23:48:08,SOLUSDT,BINANCE,TRADE,74.2,0.073
2026-08-03 23:48:08,SOLUSDT,BINANCE,TRADE,74.2,0.073
2026-08-03 23:48:08,SOLUSDT,BINANCE,TRADE,74.2,0.073
2026-08-03 23:48:08,SOLUSDT,BINANCE,TRADE,74.2,0.073
2026-08-03 23:48:08,SOLUSDT,BINANCE,TRADE,74.2,0.073
2026-08-03 23:48:08,SOLUSDT,BINANCE,TRADE,74.2,0.147
2026-08-03 23:48:08,SOLUSDT,BINANCE,TRADE,74.2,22.477
2026-08-03 23:48:08,SOLUSDT,BINANCE,TRADE,74.2,0.069
2026-08-03 23:48:08,SOLUSDT,BINANCE,TRADE,74.2,0.071
2026-08-03 23:48:08,BTCUSDT,BINANCE,TRADE,63950.1,0.00595
2026-08-03 23:48:08,BTCUSDT,BINANCE,TRADE,63950.1,9e-05
2026-08-03 23:48:08,BTCUSDT,BINANCE,TRADE,63950.1,9e-05
2026-08-03 23:48:08,BTCUSDT,BINANCE,TRADE,63950.1,8e-05
2026-08-03 23:48:08,BTCUSDT,BINANCE,TRADE,63950.1,0.00122
2026-08-03 23:48:08,BTCUSDT,BINANCE,TRADE,63950.1,9e-05
2026-08-03 23:48:08,BTCUSDT,BINANCE,TRADE,63950.1,9e-05
2026-08-03 23:48:08,BTCUSDT,BINANCE,TRADE,63950.1,8e-05
2026-08-03 23:48:08,BTCUSDT,BINANCE,TRADE,63950.1,8e-05
2026-08-03 23:48:08,BTCUSDT,BINANCE,TRADE,63950.1,8e-05
2026-08-03 23:48:08,BTCUSDT,BINANCE,TRADE,63950.1,9e-05
2026-08-03 23:48:08,BTCUSDT,BINANCE,TRADE,63950.1,9e-05
2026-08-03 23:48:08,BTCUSDT,BINANCE,TRADE,63950,9e-05
2026-08-03 23:48:08,BTCUSDT,BINANCE,TRADE,63950,9e-05
2026-08-03 23:48:08,BTCUSDT,BINANCE,TRADE,63950,9e-05
2026-08-03 23:48:08,BTCUSDT,BINANCE,TRADE,63950,0.006
2026-08-03 23:48:08,BTCUSDT,BINANCE,TRADE,63950,0.002
2026-08-03 23:48:08,BTCUSDT,BINANCE,TRADE,63950,0.008
2026-08-03 23:48:08,BTCUSDT,BINANCE,TRADE,63950,0.0017
2026-08-03 23:48:08,SOLUSDT,BINANCE,TRADE,74.2,0.073
2026-08-03 23:48:08,SOLUSDT,BINANCE,TRADE,74.2,0.073
2026-08-03 23:48:08,SOLUSDT,BINANCE,TRADE,74.2,0.069
2026-08-03 23:48:08,BTCUSDT,BINANCE,TRADE,63950,0.0033
2026-08-03 23:48:08,BTCUSDT,BINANCE,TRADE,63950,0.01
2026-08-03 23:48:08,BTCUSDT,BINANCE,TRADE,63950,0.00019
2026-08-03 23:48:08,BTCUSDT,BINANCE,TRADE,63950,0.001
2026-08-03 23:48:08,BTCUSDT,BINANCE,TRADE,63950,0.00193
2026-08-03 23:48:08,BTCUSDT,BINANCE,TRADE,63950,9e-05
2026-08-03 23:48:08,BTCUSDT,BINANCE,TRADE,63950,9e-05
2026-08-03 23:48:08,BTCUSDT,BINANCE,TRADE,63950,8e-05
2026-08-03 23:48:08,BTCUSDT,BINANCE,TRADE,63950,0.00024
2026-08-03 23:48:08,BTCUSDT,BINANCE,TRADE,63950,9e-05
2026-08-03 23:48:08,BTCUSDT,BINANCE,TRADE,63950,9e-05
2026-08-03 23:48:08,BTCUSDT,BINANCE,TRADE,63950,8e-05
2026-08-03 23:48:08,BTCUSDT,BINANCE,TRADE,63950,9e-05
2026-08-03 23:48:08,BTCUSDT,BINANCE,TRADE,63950,8e-05
2026-08-03 23:48:08,BTCUSDT,BINANCE,TRADE,63950,8e-05
2026-08-03 23:48:08,BTCUSDT,BINANCE,TRADE,63950,6e-05
2026-08-03 23:48:08,BTCUSDT,BINANCE,TRADE,63950,2e-05
2026-08-03 23:48:08,BTCUSDT,BINANCE,TRADE,63950,8e-05
2026-08-03 23:48:08,BTCUSDT,BINANCE,TRADE,63950,8e-05
2026-08-03 23:48:08,BTCUSDT,BINANCE,TRADE,63950,9e-05
2026-08-03 23:48:08,BTCUSDT,BINANCE,TRADE,63949.9,9e-05
2026-08-03 23:48:08,BTCUSDT,BINANCE,TRADE,63949.1,0.00023
2026-08-03 23:48:08,BTCUSDT,BINANCE,TRADE,63949.1,8e-05
2026-08-03 23:48:08,BTCUSDT,BINANCE,TRADE,63949.1,9e-05
2026-08-03 23:48:08,BTCUSDT,BINANCE,TRADE,63949.1,9e-05
2026-08-03 23:48:08,BTCUSDT,BINANCE,TRADE,63949.1,9e-05
2026-08-03 23:48:08,BTCUSDT,BINANCE,TRADE,63949.1,9e-05
2026-08-03 23:48:08,BTCUSDT,BINANCE,TRADE,63949.1,9e-05
2026-08-03 23:48:08,BTCUSDT,BINANCE,TRADE,63949,9e-05
2026-08-03 23:48:08,BTCUSDT,BINANCE,TRADE,63949,9e-05
2026-08-03 23:48:08,BTCUSDT,BINANCE,TRADE,63949,9e-05
2026-08-03 23:48:08,BTCUSDT,BINANCE,TRADE,63949,0.01061
2026-08-03 23:48:08,BTCUSDT,BINANCE,TRADE,63949,0.00939
2026-08-03 23:48:08,BTCUSDT,BINANCE,TRADE,63949,9e-05
2026-08-03 23:48:08,BTCUSDT,BINANCE,TRADE,63949,9e-05
2026-08-03 23:48:08,BTCUSDT,BINANCE,TRADE,63948.9,9e-05
2026-08-03 23:48:08,BTCUSDT,BINANCE,TRADE,63948.9,9e-05
2026-08-03 23:48:08,BTCUSDT,BINANCE,TRADE,63948.9,9e-05
2026-08-03 23:48:08,BTCUSDT,BINANCE,TRADE,63948.9,0.00016
2026-08-03 23:48:08,BTCUSDT,BINANCE,TRADE,63948.9,0.01
2026-08-03 23:48:08,BTCUSDT,BINANCE,TRADE,63948.9,0.00984
2026-08-03 23:48:08,BTCUSDT,BINANCE,TRADE,63948.9,9e-05
2026-08-03 23:48:08,BTCUSDT,BINANCE,TRADE,63948.9,7e-05
2026-08-03 23:48:08,BTCUSDT,BINANCE,TRADE,63948.9,2e-05
2026-08-03 23:48:08,BTCUSDT,BINANCE,TRADE,63948.8,0.00012
2026-08-03 23:48:08,BTCUSDT,BINANCE,TRADE,63948.8,9e-05
2026-08-03 23:48:08,BTCUSDT,BINANCE,TRADE,63948.8,0.00277
2026-08-03 23:48:08,BTCUSDT,BINANCE,TRADE,63948.8,0.00123
2026-08-03 23:48:08,BTCUSDT,BINANCE,TRADE,63948.4,0.00012
2026-08-03 23:48:08,BTCUSDT,BINANCE,TRADE,63948.4,9e-05
2026-08-03 23:48:08,BTCUSDT,BINANCE,TRADE,63948.4,9e-05
2026-08-03 23:48:08,BTCUSDT,BINANCE,TRADE,63948.4,9e-05
2026-08-03 23:48:08,BTCUSDT,BINANCE,TRADE,63948.4,0.00838
2026-08-03 23:48:08,BTCUSDT,BINANCE,TRADE,63948.4,0.01
2026-08-03 23:48:08,BTCUSDT,BINANCE,TRADE,63948.4,0.00162
2026-08-03 23:48:08,BTCUSDT,BINANCE,TRADE,63948.4,9e-05
2026-08-03 23:48:08,BTCUSDT,BINANCE,TRADE,63948.4,9e-05
2026-08-03 23:48:08,BTCUSDT,BINANCE,TRADE,63948.4,8e-05
2026-08-03 23:48:08,BTCUSDT,BINANCE,TRADE,63948.4,8e-05
2026-08-03 23:48:08,BTCUSDT,BINANCE,TRADE,63948.4,8e-05
2026-08-03 23:48:08,BTCUSDT,BINANCE,TRADE,63948.4,8e-05
2026-08-03 23:48:08,BTCUSDT,BINANCE,TRADE,63948.4,8e-05
2026-08-03 23:48:08,BTCUSDT,BINANCE,TRADE,63948.4,8e-05
2026-08-03 23:48:08,BTCUSDT,BINANCE,TRADE,63948.2,8e-05
2026-08-03 23:48:08,BTCUSDT,BINANCE,TRADE,63948.1,0.00048
2026-08-03 23:48:08,BTCUSDT,BINANCE,TRADE,63948,9e-05
2026-08-03 23:48:08,BTCUSDT,BINANCE,TRADE,63948,9e-05
2026-08-03 23:48:08,BTCUSDT,BINANCE,TRADE,63948,9e-05
2026-08-03 23:48:08,BTCUSDT,BINANCE,TRADE,63948,0.006
2026-08-03 23:48:08,BTCUSDT,BINANCE,TRADE,63948,0.002
2026-08-03 23:48:08,BTCUSDT,BINANCE,TRADE,63948,0.008
2026-08-03 23:48:08,BTCUSDT,BINANCE,TRADE,63948,0.005
2026-08-03 23:48:08,BTCUSDT,BINANCE,TRADE,63948,9e-05
2026-08-03 23:48:08,BTCUSDT,BINANCE,TRADE,63948,9e-05
2026-08-03 23:48:08,BTCUSDT,BINANCE,TRADE,63948,0.00089
2026-08-03 23:48:08,BTCUSDT,BINANCE,TRADE,63948,0.00082
2026-08-03 23:48:08,BTCUSDT,BINANCE,TRADE,63947.6,0.00048
2026-08-03 23:48:08,BTCUSDT,BINANCE,TRADE,63947.5,0.00024
2026-08-03 23:48:08,BTCUSDT,BINANCE,TRADE,63947.4,8e-05
2026-08-03 23:48:08,BTCUSDT,BINANCE,TRADE,63947.2,0.004
2026-08-03 23:48:08,BTCUSDT,BINANCE,TRADE,63947,0.00191
2026-08-03 23:48:08,BTCUSDT,BINANCE,TRADE,63946.7,9e-05
2026-08-03 23:48:08,BTCUSDT,BINANCE,TRADE,63946.7,8e-05
2026-08-03 23:48:08,BTCUSDT,BINANCE,TRADE,63946.6,0.00781
2026-08-03 23:48:08,BTCUSDT,BINANCE,TRADE,63946.6,9e-05
2026-08-03 23:48:08,BTCUSDT,BINANCE,TRADE,63946.6,9e-05
2026-08-03 23:48:08,BTCUSDT,BINANCE,TRADE,63946.2,0.00218
2026-08-03 23:48:08,BTCUSDT,BINANCE,TRADE,63946,9e-05
2026-08-03 23:48:08,BTCUSDT,BINANCE,TRADE,63946,9e-05
2026-08-03 23:48:08,BTCUSDT,BINANCE,TRADE,63946,9e-05
2026-08-03 23:48:08,BTCUSDT,BINANCE,TRADE,63946,0.006
2026-08-03 23:48:08,BTCUSDT,BINANCE,TRADE,63946,0.002
2026-08-03 23:48:08,BTCUSDT,BINANCE,TRADE,63946,0.00068
2026-08-03 23:48:08,BTCUSDT,BINANCE,TRADE,63946,0.00732
2026-08-03 23:48:08,BTCUSDT,BINANCE,TRADE,63946,0.00268
2026-08-03 23:48:08,BTCUSDT,BINANCE,TRADE,63946,0.00232
2026-08-03 23:48:08,BTCUSDT,BINANCE,TRADE,63946,9e-05
2026-08-03 23:48:08,BTCUSDT,BINANCE,TRADE,63946,9e-05
2026-08-03 23:48:08,BTCUSDT,BINANCE,TRADE,63946,8e-05
2026-08-03 23:48:08,BTCUSDT,BINANCE,TRADE,63946,0.00742
2026-08-03 23:48:08,ETHUSDT,BINANCE,TRADE,1872.96,0.01
2026-08-03 23:48:08,ETHUSDT,BINANCE,TRADE,1872.96,0.01
2026-08-03 23:48:08,ETHUSDT,BINANCE,TRADE,1872.96,0.01
2026-08-03 23:48:08,ETHUSDT,BINANCE,TRADE,1872.96,0.0408
2026-08-03 23:48:08,ETHUSDT,BINANCE,TRADE,1872.96,0.0027
2026-08-03 23:48:08,ETHUSDT,BINANCE,TRADE,1872.96,0.0027
2026-08-03 23:48:08,ETHUSDT,BINANCE,TRADE,1872.96,0.0027
2026-08-03 23:48:08,ETHUSDT,BINANCE,TRADE,1872.96,0.0028
2026-08-03 23:48:08,ETHUSDT,BINANCE,TRADE,1872.96,0.0028
2026-08-03 23:48:08,ETHUSDT,BINANCE,TRADE,1872.96,0.0028
2026-08-03 23:48:08,ETHUSDT,BINANCE,TRADE,1872.96,0.0028
2026-08-03 23:48:08,ETHUSDT,BINANCE,TRADE,1872.96,0.0028
2026-08-03 23:48:08,ETHUSDT,BINANCE,TRADE,1872.96,0.0027
2026-08-03 23:48:08,ETHUSDT,BINANCE,TRADE,1872.96,0.0028
2026-08-03 23:48:08,ETHUSDT,BINANCE,TRADE,1872.96,0.0027
2026-08-03 23:48:08,ETHUSDT,BINANCE,TRADE,1872.96,0.0027
2026-08-03 23:48:08,ETHUSDT,BINANCE,TRADE,1872.96,0.0027
2026-08-03 23:48:08,ETHUSDT,BINANCE,TRADE,1872.95,0.0028
2026-08-03 23:48:08,ETHUSDT,BINANCE,TRADE,1872.95,0.0028
2026-08-03 23:48:08,ETHUSDT,BINANCE,TRADE,1872.95,0.0028
2026-08-03 23:48:08,ETHUSDT,BINANCE,TRADE,1872.95,0.0028
2026-08-03 23:48:08,ETHUSDT,BINANCE,TRADE,1872.95,0.0028
2026-08-03 23:48:08,ETHUSDT,BINANCE,TRADE,1872.95,0.0027
2026-08-03 23:48:08,ETHUSDT,BINANCE,TRADE,1872.95,0.0028
2026-08-03 23:48:08,ETHUSDT,BINANCE,TRADE,1872.95,0.0032
2026-08-03 23:48:08,ETHUSDT,BINANCE,TRADE,1872.95,0.0032
2026-08-03 23:48:08,ETHUSDT,BINANCE,TRADE,1872.95,0.0027
2026-08-03 23:48:08,ETHUSDT,BINANCE,TRADE,1872.95,0.0028
2026-08-03 23:48:08,ETHUSDT,BINANCE,TRADE,1872.95,0.0028
2026-08-03 23:48:08,ETHUSDT,BINANCE,TRADE,1872.95,0.0028
2026-08-03 23:48:08,ETHUSDT,BINANCE,TRADE,1872.95,0.0027
2026-08-03 23:48:08,ETHUSDT,BINANCE,TRADE,1872.95,0.0028
2026-08-03 23:48:08,ETHUSDT,BINANCE,TRADE,1872.95,0.0027
2026-08-03 23:48:08,ETHUSDT,BINANCE,TRADE,1872.95,0.0027
2026-08-03 23:48:08,ETHUSDT,BINANCE,TRADE,1872.94,0.0028
2026-08-03 23:48:08,ETHUSDT,BINANCE,TRADE,1872.94,0.0028
2026-08-03 23:48:08,ETHUSDT,BINANCE,TRADE,1872.94,0.0028
2026-08-03 23:48:08,ETHUSDT,BINANCE,TRADE,1872.94,0.0028
2026-08-03 23:48:08,ETHUSDT,BINANCE,TRADE,1872.93,0.0028
2026-08-03 23:48:08,ETHUSDT,BINANCE,TRADE,1872.92,0.0027
2026-08-03 23:48:08,ETHUSDT,BINANCE,TRADE,1872.92,0.0029
2026-08-03 23:48:08,ETHUSDT,BINANCE,TRADE,1872.92,0.0029
2026-08-03 23:48:08,ETHUSDT,BINANCE,TRADE,1872.92,0.0028
2026-08-03 23:48:08,ETHUSDT,BINANCE,TRADE,1872.92,0.0027
2026-08-03 23:48:08,ETHUSDT,BINANCE,TRADE,1872.92,0.0029
2026-08-03 23:48:08,ETHUSDT,BINANCE,TRADE,1872.91,0.7688
2026-08-03 23:48:08,ETHUSDT,BINANCE,TRADE,1872.91,0.0029
2026-08-03 23:48:08,ETHUSDT,BINANCE,TRADE,1872.91,0.0029
2026-08-03 23:48:08,ETHUSDT,BINANCE,TRADE,1872.91,0.0027
2026-08-03 23:48:08,ETHUSDT,BINANCE,TRADE,1872.91,0.0028
2026-08-03 23:48:08,ETHUSDT,BINANCE,TRADE,1872.91,0.0029
2026-08-03 23:48:08,ETHUSDT,BINANCE,TRADE,1872.91,0.0027
2026-08-03 23:48:08,BTCUSDT,BINANCE,TRADE,63946,8e-05
2026-08-03 23:48:08,BTCUSDT,BINANCE,TRADE,63946,8e-05
2026-08-03 23:48:08,BTCUSDT,BINANCE,TRADE,63946,9e-05
2026-08-03 23:48:08,BTCUSDT,BINANCE,TRADE,63946,8e-05
2026-08-03 23:48:08,BTCUSDT,BINANCE,TRADE,63946,8e-05
2026-08-03 23:48:08,BTCUSDT,BINANCE,TRADE,63946,9e-05
2026-08-03 23:48:08,BTCUSDT,BINANCE,TRADE,63946,8e-05
2026-08-03 23:48:08,BTCUSDT,BINANCE,TRADE,63946,9e-05
2026-08-03 23:48:08,BTCUSDT,BINANCE,TRADE,63946,9e-05
2026-08-03 23:48:08,BTCUSDT,BINANCE,TRADE,63946,9e-05
2026-08-03 23:48:08,BTCUSDT,BINANCE,TRADE,63946,9e-05
2026-08-03 23:48:08,BTCUSDT,BINANCE,TRADE,63946,9e-05
2026-08-03 23:48:08,BTCUSDT,BINANCE,TRADE,63946,9e-05
2026-08-03 23:48:08,BTCUSDT,BINANCE,TRADE,63946,8e-05
2026-08-03 23:48:08,BTCUSDT,BINANCE,TRADE,63946,9e-05
2026-08-03 23:48:08,BTCUSDT,BINANCE,TRADE,63946,9e-05
2026-08-03 23:48:08,BTCUSDT,BINANCE,TRADE,63946,9e-05
2026-08-03 23:48:08,BTCUSDT,BINANCE,TRADE,63946,9e-05
2026-08-03 23:48:08,BTCUSDT,BINANCE,TRADE,63946,0.00048
2026-08-03 23:48:08,BTCUSDT,BINANCE,TRADE,63946,0.00187
2026-08-03 23:48:08,BTCUSDT,BINANCE,TRADE,63946,0.0035
2026-08-03 23:48:08,BTCUSDT,BINANCE,TRADE,63946,8e-05
2026-08-03 23:48:08,BTCUSDT,BINANCE,TRADE,63946,8e-05
2026-08-03 23:48:08,BTCUSDT,BINANCE,TRADE,63946,8e-05
2026-08-03 23:48:08,BTCUSDT,BINANCE,TRADE,63946,8e-05
2026-08-03 23:48:08,BTCUSDT,BINANCE,TRADE,63946,8e-05
2026-08-03 23:48:08,SOLUSDT,BINANCE,TRADE,74.19,1.353
2026-08-03 23:48:08,ETHUSDT,BINANCE,TRADE,1872.9,0.0027
2026-08-03 23:48:08,ETHUSDT,BINANCE,TRADE,1872.9,0.0027
2026-08-03 23:48:08,ETHUSDT,BINANCE,TRADE,1872.9,0.0046
2026-08-03 23:48:08,ETHUSDT,BINANCE,TRADE,1872.9,0.01
2026-08-03 23:48:08,ETHUSDT,BINANCE,TRADE,1872.9,0.01
2026-08-03 23:48:08,ETHUSDT,BINANCE,TRADE,1872.9,0.1929
2026-08-03 23:48:08,ETHUSDT,BINANCE,TRADE,1872.9,0.01
2026-08-03 23:48:08,ETHUSDT,BINANCE,TRADE,1872.9,0.01
2026-08-03 23:48:08,ETHUSDT,BINANCE,TRADE,1872.9,0.01
2026-08-03 23:48:08,ETHUSDT,BINANCE,TRADE,1872.9,0.01
2026-08-03 23:48:08,ETHUSDT,BINANCE,TRADE,1872.9,0.01
2026-08-03 23:48:08,ETHUSDT,BINANCE,TRADE,1872.9,0.01
2026-08-03 23:48:08,ETHUSDT,BINANCE,TRADE,1872.9,0.01
2026-08-03 23:48:08,ETHUSDT,BINANCE,TRADE,1872.9,0.01
2026-08-03 23:48:08,ETHUSDT,BINANCE,TRADE,1872.9,0.01
2026-08-03 23:48:08,ETHUSDT,BINANCE,TRADE,1872.9,0.01
2026-08-03 23:48:08,ETHUSDT,BINANCE,TRADE,1872.9,0.01
2026-08-03 23:48:08,ETHUSDT,BINANCE,TRADE,1872.9,0.644
2026-08-03 23:48:08,ETHUSDT,BINANCE,TRADE,1872.9,0.01
2026-08-03 23:48:08,ETHUSDT,BINANCE,TRADE,1872.9,0.01
2026-08-03 23:48:08,ETHUSDT,BINANCE,TRADE,1872.9,0.01
2026-08-03 23:48:08,ETHUSDT,BINANCE,TRADE,1872.9,0.01
2026-08-03 23:48:08,ETHUSDT,BINANCE,TRADE,1872.9,0.01
2026-08-03 23:48:08,ETHUSDT,BINANCE,TRADE,1872.9,0.01
2026-08-03 23:48:08,ETHUSDT,BINANCE,TRADE,1872.9,0.01
2026-08-03 23:48:08,ETHUSDT,BINANCE,TRADE,1872.9,0.01
2026-08-03 23:48:08,ETHUSDT,BINANCE,TRADE,1872.9,0.1017
2026-08-03 23:48:08,ETHUSDT,BINANCE,TRADE,1872.9,0.0028
2026-08-03 23:48:08,ETHUSDT,BINANCE,TRADE,1872.9,0.0028
2026-08-03 23:48:08,ETHUSDT,BINANCE,TRADE,1872.9,0.0028
2026-08-03 23:48:08,ETHUSDT,BINANCE,TRADE,1872.9,0.0027
2026-08-03 23:48:08,ETHUSDT,BINANCE,TRADE,1872.9,0.0028
2026-08-03 23:48:08,ETHUSDT,BINANCE,TRADE,1872.9,0.0028
2026-08-03 23:48:08,ETHUSDT,BINANCE,TRADE,1872.9,0.0028
2026-08-03 23:48:08,ETHUSDT,BINANCE,TRADE,1872.9,0.0027
2026-08-03 23:48:08,ETHUSDT,BINANCE,TRADE,1872.9,0.0027
2026-08-03 23:48:08,ETHUSDT,BINANCE,TRADE,1872.9,0.0027
2026-08-03 23:48:08,ETHUSDT,BINANCE,TRADE,1872.9,0.0027
2026-08-03 23:48:08,ETHUSDT,BINANCE,TRADE,1872.9,0.0027
2026-08-03 23:48:08,ETHUSDT,BINANCE,TRADE,1872.9,0.0027
2026-08-03 23:48:08,ETHUSDT,BINANCE,TRADE,1872.9,0.0027
2026-08-03 23:48:08,ETHUSDT,BINANCE,TRADE,1872.9,0.0027
2026-08-03 23:48:08,ETHUSDT,BINANCE,TRADE,1872.89,0.0027
2026-08-03 23:48:08,ETHUSDT,BINANCE,TRADE,1872.89,0.0028
2026-08-03 23:48:08,ETHUSDT,BINANCE,TRADE,1872.89,0.0028
2026-08-03 23:48:08,ETHUSDT,BINANCE,TRADE,1872.89,0.0028
2026-08-03 23:48:08,ETHUSDT,BINANCE,TRADE,1872.89,0.0028
2026-08-03 23:48:08,ETHUSDT,BINANCE,TRADE,1872.89,0.0027
2026-08-03 23:48:08,ETHUSDT,BINANCE,TRADE,1872.89,0.0027
2026-08-03 23:48:08,ETHUSDT,BINANCE,TRADE,1872.89,0.0027
2026-08-03 23:48:08,ETHUSDT,BINANCE,TRADE,1872.89,0.0027
2026-08-03 23:48:08,ETHUSDT,BINANCE,TRADE,1872.88,0.0041
2026-08-03 23:48:08,ETHUSDT,BINANCE,TRADE,1872.88,0.0027
2026-08-03 23:48:08,ETHUSDT,BINANCE,TRADE,1872.88,0.0027
2026-08-03 23:48:08,ETHUSDT,BINANCE,TRADE,1872.88,0.0028
2026-08-03 23:48:08,ETHUSDT,BINANCE,TRADE,1872.88,0.0027
2026-08-03 23:48:08,ETHUSDT,BINANCE,TRADE,1872.87,0.0027
2026-08-03 23:48:08,ETHUSDT,BINANCE,TRADE,1872.87,0.0028
2026-08-03 23:48:08,ETHUSDT,BINANCE,TRADE,1872.86,0.0027
2026-08-03 23:48:08,ETHUSDT,BINANCE,TRADE,1872.86,0.003
2026-08-03 23:48:08,ETHUSDT,BINANCE,TRADE,1872.86,0.0028
2026-08-03 23:48:08,ETHUSDT,BINANCE,TRADE,1872.86,0.0027
2026-08-03 23:48:08,ETHUSDT,BINANCE,TRADE,1872.86,0.0027
2026-08-03 23:48:08,ETHUSDT,BINANCE,TRADE,1872.86,0.0027
2026-08-03 23:48:08,ETHUSDT,BINANCE,TRADE,1872.86,0.0027
2026-08-03 23:48:08,SOLUSDT,BINANCE,TRADE,74.19,0.278
2026-08-03 23:48:08,SOLUSDT,BINANCE,TRADE,74.19,0.075
2026-08-03 23:48:08,SOLUSDT,BINANCE,TRADE,74.19,0.102
2026-08-03 23:48:08,SOLUSDT,BINANCE,TRADE,74.19,0.081
2026-08-03 23:48:08,SOLUSDT,BINANCE,TRADE,74.19,0.069
2026-08-03 23:48:08,SOLUSDT,BINANCE,TRADE,74.19,0.068
2026-08-03 23:48:08,SOLUSDT,BINANCE,TRADE,74.19,4.043
2026-08-03 23:48:08,SOLUSDT,BINANCE,TRADE,74.19,0.073
2026-08-03 23:48:08,SOLUSDT,BINANCE,TRADE,74.19,0.073
2026-08-03 23:48:08,SOLUSDT,BINANCE,TRADE,74.19,0.273
2026-08-03 23:48:08,SOLUSDT,BINANCE,TRADE,74.19,0.135
2026-08-03 23:48:08,SOLUSDT,BINANCE,TRADE,74.19,0.071
2026-08-03 23:48:08,SOLUSDT,BINANCE,TRADE,74.19,0.073
2026-08-03 23:48:08,SOLUSDT,BINANCE,TRADE,74.19,0.073
2026-08-03 23:48:08,SOLUSDT,BINANCE,TRADE,74.19,0.073
2026-08-03 23:48:08,SOLUSDT,BINANCE,TRADE,74.19,0.073
2026-08-03 23:48:08,SOLUSDT,BINANCE,TRADE,74.19,0.073
2026-08-03 23:48:08,SOLUSDT,BINANCE,TRADE,74.19,0.073
2026-08-03 23:48:08,SOLUSDT,BINANCE,TRADE,74.19,0.069
2026-08-03 23:48:08,SOLUSDT,BINANCE,TRADE,74.19,0.071
2026-08-03 23:48:08,SOLUSDT,BINANCE,TRADE,74.19,0.073
2026-08-03 23:48:08,SOLUSDT,BINANCE,TRADE,74.19,0.073
2026-08-03 23:48:08,SOLUSDT,BINANCE,TRADE,74.19,0.071
2026-08-03 23:48:08,ETHUSDT,BINANCE,TRADE,1872.85,0.0027
2026-08-03 23:48:08,ETHUSDT,BINANCE,TRADE,1872.85,0.0028
2026-08-03 23:48:08,ETHUSDT,BINANCE,TRADE,1872.85,0.0028
2026-08-03 23:48:08,ETHUSDT,BINANCE,TRADE,1872.85,0.0032
2026-08-03 23:48:08,ETHUSDT,BINANCE,TRADE,1872.85,0.0032
2026-08-03 23:48:08,ETHUSDT,BINANCE,TRADE,1872.85,0.0028
2026-08-03 23:48:08,ETHUSDT,BINANCE,TRADE,1872.85,0.0028
2026-08-03 23:48:08,ETHUSDT,BINANCE,TRADE,1872.85,0.0027
2026-08-03 23:48:08,ETHUSDT,BINANCE,TRADE,1872.85,0.0028
2026-08-03 23:48:08,ETHUSDT,BINANCE,TRADE,1872.85,0.0028
2026-08-03 23:48:08,ETHUSDT,BINANCE,TRADE,1872.85,0.0028
2026-08-03 23:48:08,ETHUSDT,BINANCE,TRADE,1872.85,0.0028
2026-08-03 23:48:08,ETHUSDT,BINANCE,TRADE,1872.85,0.0028
2026-08-03 23:48:08,ETHUSDT,BINANCE,TRADE,1872.85,0.0028
2026-08-03 23:48:08,ETHUSDT,BINANCE,TRADE,1872.85,0.0027
2026-08-03 23:48:08,ETHUSDT,BINANCE,TRADE,1872.85,0.0027
2026-08-03 23:48:08,ETHUSDT,BINANCE,TRADE,1872.85,0.0027
2026-08-03 23:48:08,ETHUSDT,BINANCE,TRADE,1872.85,0.0027
2026-08-03 23:48:08,ETHUSDT,BINANCE,TRADE,1872.84,0.0027
2026-08-03 23:48:08,ETHUSDT,BINANCE,TRADE,1872.84,0.0028
2026-08-03 23:48:08,ETHUSDT,BINANCE,TRADE,1872.84,0.0028
2026-08-03 23:48:08,ETHUSDT,BINANCE,TRADE,1872.84,0.0028
2026-08-03 23:48:08,ETHUSDT,BINANCE,TRADE,1872.84,0.0028
2026-08-03 23:48:08,ETHUSDT,BINANCE,TRADE,1872.84,0.0027
2026-08-03 23:48:08,ETHUSDT,BINANCE,TRADE,1872.84,0.0027
2026-08-03 23:48:08,ETHUSDT,BINANCE,TRADE,1872.84,0.0027
2026-08-03 23:48:08,ETHUSDT,BINANCE,TRADE,1872.84,0.0027
2026-08-03 23:48:08,ETHUSDT,BINANCE,TRADE,1872.83,0.0027
2026-08-03 23:48:08,ETHUSDT,BINANCE,TRADE,1872.83,0.0029
2026-08-03 23:48:08,ETHUSDT,BINANCE,TRADE,1872.83,0.0029
2026-08-03 23:48:08,ETHUSDT,BINANCE,TRADE,1872.83,0.0028
2026-08-03 23:48:08,ETHUSDT,BINANCE,TRADE,1872.83,0.0027
2026-08-03 23:48:08,ETHUSDT,BINANCE,TRADE,1872.83,0.0029
2026-08-03 23:48:08,ETHUSDT,BINANCE,TRADE,1872.83,0.0027
2026-08-03 23:48:08,ETHUSDT,BINANCE,TRADE,1872.83,0.0027
2026-08-03 23:48:08,ETHUSDT,BINANCE,TRADE,1872.83,0.0027
2026-08-03 23:48:08,ETHUSDT,BINANCE,TRADE,1872.82,0.0027
2026-08-03 23:48:08,ETHUSDT,BINANCE,TRADE,1872.82,0.2669
2026-08-03 23:48:08,ETHUSDT,BINANCE,TRADE,1872.82,0.0028
2026-08-03 23:48:08,ETHUSDT,BINANCE,TRADE,1872.82,0.0027
2026-08-03 23:48:08,ETHUSDT,BINANCE,TRADE,1872.82,0.0028
2026-08-03 23:48:08,ETHUSDT,BINANCE,TRADE,1872.82,0.0032
2026-08-03 23:48:08,ETHUSDT,BINANCE,TRADE,1872.82,0.0032
2026-08-03 23:48:08,ETHUSDT,BINANCE,TRADE,1872.82,0.0028
2026-08-03 23:48:08,ETHUSDT,BINANCE,TRADE,1872.82,0.0028
2026-08-03 23:48:08,ETHUSDT,BINANCE,TRADE,1872.82,0.0028
2026-08-03 23:48:08,ETHUSDT,BINANCE,TRADE,1872.82,0.0028
2026-08-03 23:48:08,ETHUSDT,BINANCE,TRADE,1872.82,0.0027
2026-08-03 23:48:08,ETHUSDT,BINANCE,TRADE,1872.82,0.0027
2026-08-03 23:48:08,ETHUSDT,BINANCE,TRADE,1872.82,0.0027
2026-08-03 23:48:08,ETHUSDT,BINANCE,TRADE,1872.82,0.0027
2026-08-03 23:48:08,ETHUSDT,BINANCE,TRADE,1872.81,0.0027
2026-08-03 23:48:08,ETHUSDT,BINANCE,TRADE,1872.81,0.0027
2026-08-03 23:48:08,ETHUSDT,BINANCE,TRADE,1872.81,0.0028
2026-08-03 23:48:08,ETHUSDT,BINANCE,TRADE,1872.81,0.0028
2026-08-03 23:48:08,ETHUSDT,BINANCE,TRADE,1872.81,0.0028
2026-08-03 23:48:08,ETHUSDT,BINANCE,TRADE,1872.81,0.0028
2026-08-03 23:48:08,ETHUSDT,BINANCE,TRADE,1872.81,0.0027
2026-08-03 23:48:08,ETHUSDT,BINANCE,TRADE,1872.81,0.0027
2026-08-03 23:48:08,ETHUSDT,BINANCE,TRADE,1872.81,0.0027
2026-08-03 23:48:08,ETHUSDT,BINANCE,TRADE,1872.81,0.0027
2026-08-03 23:48:08,ETHUSDT,BINANCE,TRADE,1872.8,0.0027
2026-08-03 23:48:08,ETHUSDT,BINANCE,TRADE,1872.8,0.0028
2026-08-03 23:48:08,ETHUSDT,BINANCE,TRADE,1872.8,0.0027
2026-08-03 23:48:08,ETHUSDT,BINANCE,TRADE,1872.8,0.0027
2026-08-03 23:48:08,ETHUSDT,BINANCE,TRADE,1872.8,0.0027
2026-08-03 23:48:08,ETHUSDT,BINANCE,TRADE,1872.8,0.0027
2026-08-03 23:48:08,ETHUSDT,BINANCE,TRADE,1872.79,0.0027
2026-08-03 23:48:08,ETHUSDT,BINANCE,TRADE,1872.79,0.0027
2026-08-03 23:48:08,ETHUSDT,BINANCE,TRADE,1872.79,0.0028
2026-08-03 23:48:08,ETHUSDT,BINANCE,TRADE,1872.79,0.0027
2026-08-03 23:48:08,ETHUSDT,BINANCE,TRADE,1872.79,0.0027
2026-08-03 23:48:08,ETHUSDT,BINANCE,TRADE,1872.79,0.0027
2026-08-03 23:48:08,ETHUSDT,BINANCE,TRADE,1872.79,0.0027
2026-08-03 23:48:08,ETHUSDT,BINANCE,TRADE,1872.78,0.0013
2026-08-03 23:48:08,ETHUSDT,BINANCE,TRADE,1872.78,0.0014
2026-08-03 23:48:08,ETHUSDT,BINANCE,TRADE,1872.78,0.0027
2026-08-03 23:48:08,ETHUSDT,BINANCE,TRADE,1872.78,0.0028
2026-08-03 23:48:08,ETHUSDT,BINANCE,TRADE,1872.78,0.0027
2026-08-03 23:48:08,ETHUSDT,BINANCE,TRADE,1872.78,0.0027
2026-08-03 23:48:08,ETHUSDT,BINANCE,TRADE,1872.77,0.0027
2026-08-03 23:48:08,ETHUSDT,BINANCE,TRADE,1872.77,0.0028
2026-08-03 23:48:08,ETHUSDT,BINANCE,TRADE,1872.77,0.0027
2026-08-03 23:48:08,ETHUSDT,BINANCE,TRADE,1872.76,0.0027
2026-08-03 23:48:08,ETHUSDT,BINANCE,TRADE,1872.76,0.0027
2026-08-03 23:48:08,ETHUSDT,BINANCE,TRADE,1872.76,0.0028
2026-08-03 23:48:08,ETHUSDT,BINANCE,TRADE,1872.76,0.0027
2026-08-03 23:48:08,ETHUSDT,BINANCE,TRADE,1872.76,0.0027
2026-08-03 23:48:08,ETHUSDT,BINANCE,TRADE,1872.76,0.0027
2026-08-03 23:48:08,ETHUSDT,BINANCE,TRADE,1872.76,0.0027
2026-08-03 23:48:08,ETHUSDT,BINANCE,TRADE,1872.76,0.0027
2026-08-03 23:48:08,ETHUSDT,BINANCE,TRADE,1872.76,0.0027
2026-08-03 23:48:08,ETHUSDT,BINANCE,TRADE,1872.76,0.0027
2026-08-03 23:48:08,ETHUSDT,BINANCE,TRADE,1872.76,0.0027
2026-08-03 23:48:08,ETHUSDT,BINANCE,TRADE,1872.75,0.003
2026-08-03 23:48:08,ETHUSDT,BINANCE,TRADE,1872.75,0.0028
2026-08-03 23:48:08,BTCUSDT,BINANCE,TRADE,63946,9e-05
2026-08-03 23:48:08,BTCUSDT,BINANCE,TRADE,63946,1e-05
2026-08-03 23:48:08,SOLUSDT,BINANCE,TRADE,74.18,0.93
2026-08-03 23:48:08,SOLUSDT,BINANCE,TRADE,74.19,1.718
2026-08-03 23:48:08,ETHUSDT,BINANCE,TRADE,1872.74,0.0028
2026-08-03 23:48:08,ETHUSDT,BINANCE,TRADE,1872.74,0.0032
2026-08-03 23:48:08,ETHUSDT,BINANCE,TRADE,1872.74,0.0027
2026-08-03 23:48:08,ETHUSDT,BINANCE,TRADE,1872.74,0.0028
2026-08-03 23:48:08,ETHUSDT,BINANCE,TRADE,1872.74,0.0028
2026-08-03 23:48:08,ETHUSDT,BINANCE,TRADE,1872.74,0.0028
2026-08-03 23:48:08,ETHUSDT,BINANCE,TRADE,1872.74,0.0027
2026-08-03 23:48:08,ETHUSDT,BINANCE,TRADE,1872.74,0.0028
2026-08-03 23:48:08,ETHUSDT,BINANCE,TRADE,1872.74,0.0027
2026-08-03 23:48:08,ETHUSDT,BINANCE,TRADE,1872.74,0.0028
2026-08-03 23:48:08,ETHUSDT,BINANCE,TRADE,1872.74,0.0032
2026-08-03 23:48:08,ETHUSDT,BINANCE,TRADE,1872.74,0.0027
2026-08-03 23:48:08,ETHUSDT,BINANCE,TRADE,1872.74,0.0027
2026-08-03 23:48:08,ETHUSDT,BINANCE,TRADE,1872.73,0.0028
2026-08-03 23:48:08,ETHUSDT,BINANCE,TRADE,1872.73,0.0028
2026-08-03 23:48:08,ETHUSDT,BINANCE,TRADE,1872.73,0.0028
2026-08-03 23:48:08,ETHUSDT,BINANCE,TRADE,1872.73,0.0028
2026-08-03 23:48:08,ETHUSDT,BINANCE,TRADE,1872.72,0.0027
2026-08-03 23:48:08,ETHUSDT,BINANCE,TRADE,1872.72,0.0027
2026-08-03 23:48:08,ETHUSDT,BINANCE,TRADE,1872.72,0.0028
2026-08-03 23:48:08,ETHUSDT,BINANCE,TRADE,1872.72,0.0027
2026-08-03 23:48:08,ETHUSDT,BINANCE,TRADE,1872.72,0.0027
2026-08-03 23:48:08,ETHUSDT,BINANCE,TRADE,1872.72,0.0027
2026-08-03 23:48:08,ETHUSDT,BINANCE,TRADE,1872.72,0.0027
2026-08-03 23:48:08,ETHUSDT,BINANCE,TRADE,1872.71,0.0027
2026-08-03 23:48:08,ETHUSDT,BINANCE,TRADE,1872.71,0.0028
2026-08-03 23:48:08,ETHUSDT,BINANCE,TRADE,1872.71,0.0029
2026-08-03 23:48:08,ETHUSDT,BINANCE,TRADE,1872.71,0.0029
2026-08-03 23:48:08,ETHUSDT,BINANCE,TRADE,1872.71,0.0028
2026-08-03 23:48:08,ETHUSDT,BINANCE,TRADE,1872.71,0.0027
2026-08-03 23:48:08,ETHUSDT,BINANCE,TRADE,1872.71,0.0029
2026-08-03 23:48:08,ETHUSDT,BINANCE,TRADE,1872.71,0.0027
2026-08-03 23:48:08,ETHUSDT,BINANCE,TRADE,1872.71,0.0027
2026-08-03 23:48:08,ETHUSDT,BINANCE,TRADE,1872.71,0.0027
2026-08-03 23:48:08,SOLUSDT,BINANCE,TRADE,74.18,0.278
2026-08-03 23:48:08,SOLUSDT,BINANCE,TRADE,74.18,0.081
2026-08-03 23:48:08,SOLUSDT,BINANCE,TRADE,74.18,0.069
2026-08-03 23:48:08,SOLUSDT,BINANCE,TRADE,74.18,0.075
2026-08-03 23:48:08,SOLUSDT,BINANCE,TRADE,74.18,0.068
2026-08-03 23:48:08,SOLUSDT,BINANCE,TRADE,74.18,0.134
2026-08-03 23:48:08,SOLUSDT,BINANCE,TRADE,74.18,0.15
2026-08-03 23:48:08,SOLUSDT,BINANCE,TRADE,74.18,0.073
2026-08-03 23:48:08,SOLUSDT,BINANCE,TRADE,74.18,0.073
2026-08-03 23:48:08,SOLUSDT,BINANCE,TRADE,74.18,0.135
2026-08-03 23:48:08,SOLUSDT,BINANCE,TRADE,74.18,1.884
2026-08-03 23:48:09,BTCUSDT,BINANCE,TRADE,63946,8e-05
2026-08-03 23:48:09,BTCUSDT,BINANCE,TRADE,63946,9e-05
2026-08-03 23:48:09,BTCUSDT,BINANCE,TRADE,63946,9e-05
2026-08-03 23:48:09,BTCUSDT,BINANCE,TRADE,63946,9e-05
2026-08-03 23:48:09,BTCUSDT,BINANCE,TRADE,63946,8e-05
2026-08-03 23:48:09,BTCUSDT,BINANCE,TRADE,63946,9e-05
2026-08-03 23:48:09,BTCUSDT,BINANCE,TRADE,63946,9e-05
2026-08-03 23:48:09,BTCUSDT,BINANCE,TRADE,63946,9e-05
2026-08-03 23:48:09,BTCUSDT,BINANCE,TRADE,63946,8e-05
2026-08-03 23:48:09,BTCUSDT,BINANCE,TRADE,63946,8e-05
2026-08-03 23:48:09,BTCUSDT,BINANCE,TRADE,63946,9e-05
2026-08-03 23:48:09,BTCUSDT,BINANCE,TRADE,63946,8e-05
2026-08-03 23:48:09,BTCUSDT,BINANCE,TRADE,63946,9e-05
2026-08-03 23:48:09,BTCUSDT,BINANCE,TRADE,63946,9e-05
2026-08-03 23:48:09,BTCUSDT,BINANCE,TRADE,63946,8e-05
2026-08-03 23:48:09,BTCUSDT,BINANCE,TRADE,63946,9e-05
2026-08-03 23:48:09,BTCUSDT,BINANCE,TRADE,63946,9e-05
2026-08-03 23:48:09,BTCUSDT,BINANCE,TRADE,63946,9e-05
2026-08-03 23:48:09,BTCUSDT,BINANCE,TRADE,63946,9e-05
2026-08-03 23:48:09,BTCUSDT,BINANCE,TRADE,63946,9e-05
2026-08-03 23:48:09,BTCUSDT,BINANCE,TRADE,63946,9e-05
2026-08-03 23:48:09,BTCUSDT,BINANCE,TRADE,63946,9e-05
2026-08-03 23:48:09,BTCUSDT,BINANCE,TRADE,63946,0.00808
2026-08-03 23:48:10,SOLUSDT,BINANCE,TRADE,74.18,0.073
2026-08-03 23:48:10,SOLUSDT,BINANCE,TRADE,74.18,0.073
2026-08-03 23:48:10,SOLUSDT,BINANCE,TRADE,74.18,0.073
2026-08-03 23:48:10,SOLUSDT,BINANCE,TRADE,74.18,0.071
2026-08-03 23:48:10,SOLUSDT,BINANCE,TRADE,74.18,0.073
2026-08-03 23:48:10,SOLUSDT,BINANCE,TRADE,74.18,0.073
2026-08-03 23:48:10,SOLUSDT,BINANCE,TRADE,74.18,0.073
2026-08-03 23:48:10,SOLUSDT,BINANCE,TRADE,74.18,0.069
2026-08-03 23:48:10,SOLUSDT,BINANCE,TRADE,74.18,0.073
2026-08-03 23:48:10,SOLUSDT,BINANCE,TRADE,74.18,0.073
2026-08-03 23:48:10,SOLUSDT,BINANCE,TRADE,74.18,0.278
2026-08-03 23:48:10,SOLUSDT,BINANCE,TRADE,74.18,0.118
2026-08-03 23:48:10,SOLUSDT,BINANCE,TRADE,74.18,0.068
2026-08-03 23:48:10,SOLUSDT,BINANCE,TRADE,74.18,0.135
2026-08-03 23:48:10,SOLUSDT,BINANCE,TRADE,74.18,0.073
2026-08-03 23:48:10,SOLUSDT,BINANCE,TRADE,74.18,0.073
2026-08-03 23:48:10,ETHUSDT,BINANCE,TRADE,1872.7,0.1462
2026-08-03 23:48:10,ETHUSDT,BINANCE,TRADE,1872.7,0.0027
2026-08-03 23:48:10,ETHUSDT,BINANCE,TRADE,1872.7,0.0027
2026-08-03 23:48:10,ETHUSDT,BINANCE,TRADE,1872.7,0.4
2026-08-03 23:48:10,ETHUSDT,BINANCE,TRADE,1872.7,0.0028
2026-08-03 23:48:10,ETHUSDT,BINANCE,TRADE,1872.7,0.0028
2026-08-03 23:48:10,ETHUSDT,BINANCE,TRADE,1872.7,0.0027
2026-08-03 23:48:10,ETHUSDT,BINANCE,TRADE,1872.7,0.0028
2026-08-03 23:48:10,ETHUSDT,BINANCE,TRADE,1872.7,0.0027
2026-08-03 23:48:10,ETHUSDT,BINANCE,TRADE,1872.7,0.0032
2026-08-03 23:48:10,ETHUSDT,BINANCE,TRADE,1872.7,0.0028
2026-08-03 23:48:10,ETHUSDT,BINANCE,TRADE,1872.7,0.0054
2026-08-03 23:48:10,ETHUSDT,BINANCE,TRADE,1872.7,0.0028
2026-08-03 23:48:10,ETHUSDT,BINANCE,TRADE,1872.7,0.0032
2026-08-03 23:48:10,ETHUSDT,BINANCE,TRADE,1872.7,0.0027
2026-08-03 23:48:10,ETHUSDT,BINANCE,TRADE,1872.7,0.0027
2026-08-03 23:48:10,ETHUSDT,BINANCE,TRADE,1872.69,0.0027
2026-08-03 23:48:10,ETHUSDT,BINANCE,TRADE,1872.69,0.0028
2026-08-03 23:48:10,ETHUSDT,BINANCE,TRADE,1872.69,0.0028
2026-08-03 23:48:10,ETHUSDT,BINANCE,TRADE,1872.69,0.0028
2026-08-03 23:48:10,ETHUSDT,BINANCE,TRADE,1872.69,0.0028
2026-08-03 23:48:10,ETHUSDT,BINANCE,TRADE,1872.69,0.0054
2026-08-03 23:48:10,ETHUSDT,BINANCE,TRADE,1872.69,0.0027
2026-08-03 23:48:10,ETHUSDT,BINANCE,TRADE,1872.68,0.0027
2026-08-03 23:48:10,ETHUSDT,BINANCE,TRADE,1872.68,0.0028
2026-08-03 23:48:10,ETHUSDT,BINANCE,TRADE,1872.68,0.0054
2026-08-03 23:48:10,ETHUSDT,BINANCE,TRADE,1872.68,0.0027
2026-08-03 23:48:10,ETHUSDT,BINANCE,TRADE,1872.67,0.0028
2026-08-03 23:48:10,ETHUSDT,BINANCE,TRADE,1872.66,0.0028
2026-08-03 23:48:10,ETHUSDT,BINANCE,TRADE,1872.64,0.003
2026-08-03 23:48:10,ETHUSDT,BINANCE,TRADE,1872.64,0.0027
2026-08-03 23:48:10,ETHUSDT,BINANCE,TRADE,1872.64,0.0028
2026-08-03 23:48:10,ETHUSDT,BINANCE,TRADE,1872.64,0.0027
2026-08-03 23:48:10,ETHUSDT,BINANCE,TRADE,1872.63,0.0027
2026-08-03 23:48:10,ETHUSDT,BINANCE,TRADE,1872.63,0.0027
2026-08-03 23:48:10,ETHUSDT,BINANCE,TRADE,1872.63,0.0028
2026-08-03 23:48:10,ETHUSDT,BINANCE,TRADE,1872.63,0.0028
2026-08-03 23:48:10,ETHUSDT,BINANCE,TRADE,1872.63,0.0027
2026-08-03 23:48:10,ETHUSDT,BINANCE,TRADE,1872.62,0.011
2026-08-03 23:48:10,ETHUSDT,BINANCE,TRADE,1872.62,0.0027
2026-08-03 23:48:10,ETHUSDT,BINANCE,TRADE,1872.62,0.0028
2026-08-03 23:48:10,ETHUSDT,BINANCE,TRADE,1872.62,0.0027
2026-08-03 23:48:10,ETHUSDT,BINANCE,TRADE,1872.61,0.0027
2026-08-03 23:48:10,ETHUSDT,BINANCE,TRADE,1872.61,0.0027
2026-08-03 23:48:10,ETHUSDT,BINANCE,TRADE,1872.61,0.0028
2026-08-03 23:48:10,ETHUSDT,BINANCE,TRADE,1872.61,0.0027
2026-08-03 23:48:10,ETHUSDT,BINANCE,TRADE,1872.61,0.0027
2026-08-03 23:48:10,ETHUSDT,BINANCE,TRADE,1872.61,0.0027
2026-08-03 23:48:10,ETHUSDT,BINANCE,TRADE,1872.61,0.0027
2026-08-03 23:48:10,ETHUSDT,BINANCE,TRADE,1872.6,0.0027
2026-08-03 23:48:10,ETHUSDT,BINANCE,TRADE,1872.6,0.0027
2026-08-03 23:48:10,BTCUSDT,BINANCE,TRADE,63946,0.0001
2026-08-03 23:48:10,ETHUSDT,BINANCE,TRADE,1872.59,0.0027
2026-08-03 23:48:10,ETHUSDT,BINANCE,TRADE,1872.59,0.0852
2026-08-03 23:48:10,ETHUSDT,BINANCE,TRADE,1872.59,0.0029
2026-08-03 23:48:10,ETHUSDT,BINANCE,TRADE,1872.59,0.0029
2026-08-03 23:48:10,ETHUSDT,BINANCE,TRADE,1872.59,0.0032
2026-08-03 23:48:10,ETHUSDT,BINANCE,TRADE,1872.59,0.0032
2026-08-03 23:48:10,ETHUSDT,BINANCE,TRADE,1872.59,0.0027
2026-08-03 23:48:10,ETHUSDT,BINANCE,TRADE,1872.59,0.0027
2026-08-03 23:48:10,ETHUSDT,BINANCE,TRADE,1872.59,0.0028
2026-08-03 23:48:10,ETHUSDT,BINANCE,TRADE,1872.59,0.0054
2026-08-03 23:48:10,ETHUSDT,BINANCE,TRADE,1872.59,0.0028
2026-08-03 23:48:10,ETHUSDT,BINANCE,TRADE,1872.59,0.0028
2026-08-03 23:48:10,ETHUSDT,BINANCE,TRADE,1872.59,0.0028
2026-08-03 23:48:10,ETHUSDT,BINANCE,TRADE,1872.59,0.0028
2026-08-03 23:48:10,ETHUSDT,BINANCE,TRADE,1872.59,0.0027
2026-08-03 23:48:10,ETHUSDT,BINANCE,TRADE,1872.59,0.0029
2026-08-03 23:48:10,ETHUSDT,BINANCE,TRADE,1872.59,0.0027
2026-08-03 23:48:10,ETHUSDT,BINANCE,TRADE,1872.58,0.0028
2026-08-03 23:48:10,ETHUSDT,BINANCE,TRADE,1872.58,0.0054
2026-08-03 23:48:10,ETHUSDT,BINANCE,TRADE,1872.58,0.0028
2026-08-03 23:48:10,ETHUSDT,BINANCE,TRADE,1872.58,0.0028
2026-08-03 23:48:10,ETHUSDT,BINANCE,TRADE,1872.57,0.0027
2026-08-03 23:48:10,ETHUSDT,BINANCE,TRADE,1872.57,0.0029
2026-08-03 23:48:10,ETHUSDT,BINANCE,TRADE,1872.57,0.0029
2026-08-03 23:48:10,ETHUSDT,BINANCE,TRADE,1872.57,0.0054
2026-08-03 23:48:10,ETHUSDT,BINANCE,TRADE,1872.57,0.0028
2026-08-03 23:48:10,ETHUSDT,BINANCE,TRADE,1872.57,0.0027
2026-08-03 23:48:10,ETHUSDT,BINANCE,TRADE,1872.57,0.0029
2026-08-03 23:48:10,ETHUSDT,BINANCE,TRADE,1872.57,0.0027
2026-08-03 23:48:10,ETHUSDT,BINANCE,TRADE,1872.57,0.0027
2026-08-03 23:48:10,ETHUSDT,BINANCE,TRADE,1872.57,0.0027
2026-08-03 23:48:10,ETHUSDT,BINANCE,TRADE,1872.56,0.0027
2026-08-03 23:48:10,ETHUSDT,BINANCE,TRADE,1872.56,0.0028
2026-08-03 23:48:10,ETHUSDT,BINANCE,TRADE,1872.56,0.0027
2026-08-03 23:48:10,ETHUSDT,BINANCE,TRADE,1872.55,0.0027
2026-08-03 23:48:10,ETHUSDT,BINANCE,TRADE,1872.55,0.0028
2026-08-03 23:48:10,ETHUSDT,BINANCE,TRADE,1872.55,0.0027
2026-08-03 23:48:10,ETHUSDT,BINANCE,TRADE,1872.55,0.0027
2026-08-03 23:48:10,ETHUSDT,BINANCE,TRADE,1872.55,0.0027
2026-08-03 23:48:10,ETHUSDT,BINANCE,TRADE,1872.55,0.0027
2026-08-03 23:48:10,ETHUSDT,BINANCE,TRADE,1872.54,0.0027
2026-08-03 23:48:10,ETHUSDT,BINANCE,TRADE,1872.54,0.0507
2026-08-03 23:48:10,SOLUSDT,BINANCE,TRADE,74.17,0.069
2026-08-03 23:48:10,SOLUSDT,BINANCE,TRADE,74.17,0.081
2026-08-03 23:48:10,SOLUSDT,BINANCE,TRADE,74.17,0.075
2026-08-03 23:48:10,SOLUSDT,BINANCE,TRADE,74.17,0.278
2026-08-03 23:48:10,SOLUSDT,BINANCE,TRADE,74.17,0.068
2026-08-03 23:48:10,SOLUSDT,BINANCE,TRADE,74.17,0.304
2026-08-03 23:48:10,SOLUSDT,BINANCE,TRADE,74.17,0.073
2026-08-03 23:48:10,SOLUSDT,BINANCE,TRADE,74.17,0.073
2026-08-03 23:48:10,SOLUSDT,BINANCE,TRADE,74.17,0.1
2026-08-03 23:48:10,SOLUSDT,BINANCE,TRADE,74.17,13.509
2026-08-03 23:48:10,SOLUSDT,BINANCE,TRADE,74.17,0.135
2026-08-03 23:48:10,SOLUSDT,BINANCE,TRADE,74.17,0.073
2026-08-03 23:48:10,SOLUSDT,BINANCE,TRADE,74.17,0.073
2026-08-03 23:48:10,SOLUSDT,BINANCE,TRADE,74.17,0.073
2026-08-03 23:48:10,SOLUSDT,BINANCE,TRADE,74.17,0.073
2026-08-03 23:48:10,SOLUSDT,BINANCE,TRADE,74.17,0.073
2026-08-03 23:48:10,SOLUSDT,BINANCE,TRADE,74.17,0.073
2026-08-03 23:48:10,SOLUSDT,BINANCE,TRADE,74.17,0.07
2026-08-03 23:48:10,SOLUSDT,BINANCE,TRADE,74.17,0.073
2026-08-03 23:48:10,SOLUSDT,BINANCE,TRADE,74.17,0.073
2026-08-03 23:48:10,ETHUSDT,BINANCE,TRADE,1872.54,0.003
2026-08-03 23:48:10,ETHUSDT,BINANCE,TRADE,1872.54,0.1243
2026-08-03 23:48:10,ETHUSDT,BINANCE,TRADE,1872.54,0.0017
2026-08-03 23:48:10,ETHUSDT,BINANCE,TRADE,1872.55,0.0057
2026-08-03 23:48:10,SOLUSDT,BINANCE,TRADE,74.16,0.278
2026-08-03 23:48:10,SOLUSDT,BINANCE,TRADE,74.16,0.068
2026-08-03 23:48:10,SOLUSDT,BINANCE,TRADE,74.16,0.069
2026-08-03 23:48:10,SOLUSDT,BINANCE,TRADE,74.16,0.081
2026-08-03 23:48:10,SOLUSDT,BINANCE,TRADE,74.16,0.075
2026-08-03 23:48:10,SOLUSDT,BINANCE,TRADE,74.16,160.89
2026-08-03 23:48:10,SOLUSDT,BINANCE,TRADE,74.17,5.393
2026-08-03 23:48:11,SOLUSDT,BINANCE,TRADE,74.16,10
2026-08-03 23:48:11,ETHUSDT,BINANCE,TRADE,1872.55,0.0522
2026-08-03 23:48:11,SOLUSDT,BINANCE,TRADE,74.16,5
2026-08-03 23:48:11,SOLUSDT,BINANCE,TRADE,74.16,1
2026-08-03 23:48:11,SOLUSDT,BINANCE,TRADE,74.16,1.335
2026-08-03 23:48:11,SOLUSDT,BINANCE,TRADE,74.17,0.136
2026-08-03 23:48:12,ETHUSDT,BINANCE,TRADE,1872.54,0.001
2026-08-03 23:48:12,ETHUSDT,BINANCE,TRADE,1872.54,0.0027
2026-08-03 23:48:12,ETHUSDT,BINANCE,TRADE,1872.54,0.0027
2026-08-03 23:48:12,ETHUSDT,BINANCE,TRADE,1872.54,0.0028
2026-08-03 23:48:12,ETHUSDT,BINANCE,TRADE,1872.54,0.0008
2026-08-03 23:48:12,ETHUSDT,BINANCE,TRADE,1872.54,0.0019
2026-08-03 23:48:12,ETHUSDT,BINANCE,TRADE,1872.54,0.0028
2026-08-03 23:48:12,ETHUSDT,BINANCE,TRADE,1872.54,0.0028
2026-08-03 23:48:12,ETHUSDT,BINANCE,TRADE,1872.54,0.0025
2026-08-03 23:48:12,ETHUSDT,BINANCE,TRADE,1872.54,0.0002
2026-08-03 23:48:12,ETHUSDT,BINANCE,TRADE,1872.54,0.0027
2026-08-03 23:48:12,ETHUSDT,BINANCE,TRADE,1872.54,0.0027
2026-08-03 23:48:12,ETHUSDT,BINANCE,TRADE,1872.54,0.0027
2026-08-03 23:48:12,ETHUSDT,BINANCE,TRADE,1872.54,0.0027
2026-08-03 23:48:12,ETHUSDT,BINANCE,TRADE,1872.54,0.1
2026-08-03 23:48:12,ETHUSDT,BINANCE,TRADE,1872.54,0.0054
2026-08-03 23:48:12,ETHUSDT,BINANCE,TRADE,1872.54,0.0027
2026-08-03 23:48:12,ETHUSDT,BINANCE,TRADE,1872.54,0.0027
2026-08-03 23:48:12,ETHUSDT,BINANCE,TRADE,1872.54,0.0027
2026-08-03 23:48:12,ETHUSDT,BINANCE,TRADE,1872.54,0.0027
2026-08-03 23:48:12,ETHUSDT,BINANCE,TRADE,1872.54,0.0027
2026-08-03 23:48:12,ETHUSDT,BINANCE,TRADE,1872.54,0.0027
2026-08-03 23:48:12,ETHUSDT,BINANCE,TRADE,1872.53,0.003
2026-08-03 23:48:12,ETHUSDT,BINANCE,TRADE,1872.53,0.0028
2026-08-03 23:48:12,ETHUSDT,BINANCE,TRADE,1872.53,0.0028
2026-08-03 23:48:12,ETHUSDT,BINANCE,TRADE,1872.53,0.0054
2026-08-03 23:48:12,ETHUSDT,BINANCE,TRADE,1872.52,0.0028
2026-08-03 23:48:12,ETHUSDT,BINANCE,TRADE,1872.52,0.0054
2026-08-03 23:48:12,ETHUSDT,BINANCE,TRADE,1872.52,0.0027
2026-08-03 23:48:12,ETHUSDT,BINANCE,TRADE,1872.52,0.0032
2026-08-03 23:48:12,ETHUSDT,BINANCE,TRADE,1872.52,0.0028
2026-08-03 23:48:12,ETHUSDT,BINANCE,TRADE,1872.52,0.0027
2026-08-03 23:48:12,ETHUSDT,BINANCE,TRADE,1872.52,0.0027
2026-08-03 23:48:12,ETHUSDT,BINANCE,TRADE,1872.52,0.0032
2026-08-03 23:48:12,ETHUSDT,BINANCE,TRADE,1872.52,0.0028
2026-08-03 23:48:12,ETHUSDT,BINANCE,TRADE,1872.52,0.0028
2026-08-03 23:48:12,ETHUSDT,BINANCE,TRADE,1872.52,0.0028
2026-08-03 23:48:12,ETHUSDT,BINANCE,TRADE,1872.52,0.0027
2026-08-03 23:48:12,ETHUSDT,BINANCE,TRADE,1872.52,0.0027
2026-08-03 23:48:12,ETHUSDT,BINANCE,TRADE,1872.51,0.0027
2026-08-03 23:48:12,ETHUSDT,BINANCE,TRADE,1872.51,0.0028
2026-08-03 23:48:12,ETHUSDT,BINANCE,TRADE,1872.51,0.0028
2026-08-03 23:48:12,ETHUSDT,BINANCE,TRADE,1872.51,0.0028
2026-08-03 23:48:12,ETHUSDT,BINANCE,TRADE,1872.51,0.0028
2026-08-03 23:48:12,ETHUSDT,BINANCE,TRADE,1872.51,0.0027
2026-08-03 23:48:12,ETHUSDT,BINANCE,TRADE,1872.51,0.0028
2026-08-03 23:48:12,ETHUSDT,BINANCE,TRADE,1872.51,0.0027
2026-08-03 23:48:12,ETHUSDT,BINANCE,TRADE,1872.5,0.0027
2026-08-03 23:48:12,ETHUSDT,BINANCE,TRADE,1872.5,0.0028
2026-08-03 23:48:12,ETHUSDT,BINANCE,TRADE,1872.5,0.0028
2026-08-03 23:48:12,ETHUSDT,BINANCE,TRADE,1872.5,0.0028
2026-08-03 23:48:12,ETHUSDT,BINANCE,TRADE,1872.5,0.0028
2026-08-03 23:48:12,ETHUSDT,BINANCE,TRADE,1872.5,0.0027
2026-08-03 23:48:12,ETHUSDT,BINANCE,TRADE,1872.49,0.0027
2026-08-03 23:48:12,ETHUSDT,BINANCE,TRADE,1872.49,0.0027
2026-08-03 23:48:12,ETHUSDT,BINANCE,TRADE,1872.49,0.0028
2026-08-03 23:48:12,ETHUSDT,BINANCE,TRADE,1872.49,0.0028
2026-08-03 23:48:12,ETHUSDT,BINANCE,TRADE,1872.49,0.0028
2026-08-03 23:48:12,ETHUSDT,BINANCE,TRADE,1872.49,0.0028
2026-08-03 23:48:12,ETHUSDT,BINANCE,TRADE,1872.49,0.0028
2026-08-03 23:48:12,ETHUSDT,BINANCE,TRADE,1872.49,0.0032
2026-08-03 23:48:12,ETHUSDT,BINANCE,TRADE,1872.49,0.0032
2026-08-03 23:48:12,ETHUSDT,BINANCE,TRADE,1872.49,0.0027
2026-08-03 23:48:12,ETHUSDT,BINANCE,TRADE,1872.49,0.0028
2026-08-03 23:48:12,ETHUSDT,BINANCE,TRADE,1872.49,0.0028
2026-08-03 23:48:12,ETHUSDT,BINANCE,TRADE,1872.49,0.0028
2026-08-03 23:48:12,ETHUSDT,BINANCE,TRADE,1872.49,0.0027
2026-08-03 23:48:12,ETHUSDT,BINANCE,TRADE,1872.49,0.0027
2026-08-03 23:48:12,ETHUSDT,BINANCE,TRADE,1872.49,0.0027
2026-08-03 23:48:12,ETHUSDT,BINANCE,TRADE,1872.49,0.0027
2026-08-03 23:48:12,ETHUSDT,BINANCE,TRADE,1872.49,0.0027
2026-08-03 23:48:12,ETHUSDT,BINANCE,TRADE,1872.48,0.0027
2026-08-03 23:48:12,ETHUSDT,BINANCE,TRADE,1872.48,0.0027
2026-08-03 23:48:12,ETHUSDT,BINANCE,TRADE,1872.48,0.0028
2026-08-03 23:48:12,ETHUSDT,BINANCE,TRADE,1872.48,0.0028
2026-08-03 23:48:12,ETHUSDT,BINANCE,TRADE,1872.48,0.0028
2026-08-03 23:48:12,ETHUSDT,BINANCE,TRADE,1872.48,0.0028
2026-08-03 23:48:12,ETHUSDT,BINANCE,TRADE,1872.48,0.0027
2026-08-03 23:48:12,ETHUSDT,BINANCE,TRADE,1872.48,0.0027
2026-08-03 23:48:12,ETHUSDT,BINANCE,TRADE,1872.48,0.0027
2026-08-03 23:48:12,ETHUSDT,BINANCE,TRADE,1872.48,0.0027
2026-08-03 23:48:12,ETHUSDT,BINANCE,TRADE,1872.48,0.0027
2026-08-03 23:48:12,ETHUSDT,BINANCE,TRADE,1872.47,0.0027
2026-08-03 23:48:12,ETHUSDT,BINANCE,TRADE,1872.47,0.0028
2026-08-03 23:48:12,ETHUSDT,BINANCE,TRADE,1872.47,0.0027
2026-08-03 23:48:12,ETHUSDT,BINANCE,TRADE,1872.47,0.0028
2026-08-03 23:48:12,ETHUSDT,BINANCE,TRADE,1872.47,0.0028
2026-08-03 23:48:12,ETHUSDT,BINANCE,TRADE,1872.47,0.0032
2026-08-03 23:48:12,ETHUSDT,BINANCE,TRADE,1872.47,0.0032
2026-08-03 23:48:12,ETHUSDT,BINANCE,TRADE,1872.47,0.0027
2026-08-03 23:48:12,ETHUSDT,BINANCE,TRADE,1872.47,0.0027
2026-08-03 23:48:12,ETHUSDT,BINANCE,TRADE,1872.47,0.0027
2026-08-03 23:48:12,ETHUSDT,BINANCE,TRADE,1872.47,0.0027
2026-08-03 23:48:12,ETHUSDT,BINANCE,TRADE,1872.47,0.0027
2026-08-03 23:48:12,ETHUSDT,BINANCE,TRADE,1872.47,0.0027
2026-08-03 23:48:12,ETHUSDT,BINANCE,TRADE,1872.46,0.0028
2026-08-03 23:48:12,ETHUSDT,BINANCE,TRADE,1872.46,0.0028
2026-08-03 23:48:12,ETHUSDT,BINANCE,TRADE,1872.45,0.0027
2026-08-03 23:48:12,ETHUSDT,BINANCE,TRADE,1872.45,0.0028
2026-08-03 23:48:12,ETHUSDT,BINANCE,TRADE,1872.45,0.0027
2026-08-03 23:48:12,ETHUSDT,BINANCE,TRADE,1872.45,0.0028
2026-08-03 23:48:12,ETHUSDT,BINANCE,TRADE,1872.45,0.0032
2026-08-03 23:48:12,ETHUSDT,BINANCE,TRADE,1872.45,0.0032
2026-08-03 23:48:12,ETHUSDT,BINANCE,TRADE,1872.45,0.0028
2026-08-03 23:48:12,ETHUSDT,BINANCE,TRADE,1872.45,0.0027
2026-08-03 23:48:12,ETHUSDT,BINANCE,TRADE,1872.45,0.0027
2026-08-03 23:48:12,ETHUSDT,BINANCE,TRADE,1872.44,0.0027
2026-08-03 23:48:12,ETHUSDT,BINANCE,TRADE,1872.44,0.0003
2026-08-03 23:48:12,ETHUSDT,BINANCE,TRADE,1872.44,0.0025
2026-08-03 23:48:12,ETHUSDT,BINANCE,TRADE,1872.44,0.0028
2026-08-03 23:48:12,ETHUSDT,BINANCE,TRADE,1872.44,0.0028
2026-08-03 23:48:12,ETHUSDT,BINANCE,TRADE,1872.44,0.0028
2026-08-03 23:48:12,ETHUSDT,BINANCE,TRADE,1872.44,0.0032
2026-08-03 23:48:12,ETHUSDT,BINANCE,TRADE,1872.44,0.0032
2026-08-03 23:48:12,ETHUSDT,BINANCE,TRADE,1872.44,0.0027
2026-08-03 23:48:12,ETHUSDT,BINANCE,TRADE,1872.44,0.0028
2026-08-03 23:48:12,ETHUSDT,BINANCE,TRADE,1872.44,0.0027
2026-08-03 23:48:12,ETHUSDT,BINANCE,TRADE,1872.44,0.0027
2026-08-03 23:48:12,ETHUSDT,BINANCE,TRADE,1872.44,0.0028
2026-08-03 23:48:12,ETHUSDT,BINANCE,TRADE,1872.44,0.0027
2026-08-03 23:48:12,ETHUSDT,BINANCE,TRADE,1872.43,0.0028
2026-08-03 23:48:12,ETHUSDT,BINANCE,TRADE,1872.43,0.0028
2026-08-03 23:48:12,ETHUSDT,BINANCE,TRADE,1872.43,0.0028
2026-08-03 23:48:12,ETHUSDT,BINANCE,TRADE,1872.42,0.003
2026-08-03 23:48:12,ETHUSDT,BINANCE,TRADE,1872.42,0.0028
2026-08-03 23:48:12,ETHUSDT,BINANCE,TRADE,1872.41,0.0027
2026-08-03 23:48:12,ETHUSDT,BINANCE,TRADE,1872.41,0.0028
2026-08-03 23:48:12,ETHUSDT,BINANCE,TRADE,1872.41,0.0027
2026-08-03 23:48:12,ETHUSDT,BINANCE,TRADE,1872.4,0.0027
2026-08-03 23:48:12,ETHUSDT,BINANCE,TRADE,1872.4,0.0028
2026-08-03 23:48:12,ETHUSDT,BINANCE,TRADE,1872.4,0.0027
2026-08-03 23:48:12,BTCUSDT,BINANCE,TRADE,63946,0.00626
2026-08-03 23:48:12,ETHUSDT,BINANCE,TRADE,1872.39,0.0027
2026-08-03 23:48:12,ETHUSDT,BINANCE,TRADE,1872.39,0.0028
2026-08-03 23:48:12,ETHUSDT,BINANCE,TRADE,1872.39,0.0027
2026-08-03 23:48:12,ETHUSDT,BINANCE,TRADE,1872.39,0.0032
2026-08-03 23:48:12,ETHUSDT,BINANCE,TRADE,1872.39,0.0032
2026-08-03 23:48:12,ETHUSDT,BINANCE,TRADE,1872.39,0.0028
2026-08-03 23:48:12,ETHUSDT,BINANCE,TRADE,1872.39,0.0027
2026-08-03 23:48:12,ETHUSDT,BINANCE,TRADE,1872.39,0.0028
2026-08-03 23:48:12,ETHUSDT,BINANCE,TRADE,1872.39,0.0027
2026-08-03 23:48:12,ETHUSDT,BINANCE,TRADE,1872.39,0.0027
2026-08-03 23:48:12,ETHUSDT,BINANCE,TRADE,1872.38,0.0028
2026-08-03 23:48:12,ETHUSDT,BINANCE,TRADE,1872.36,0.0027
2026-08-03 23:48:12,ETHUSDT,BINANCE,TRADE,1872.36,0.0027
2026-08-03 23:48:12,ETHUSDT,BINANCE,TRADE,1872.36,0.0028
2026-08-03 23:48:12,ETHUSDT,BINANCE,TRADE,1872.36,0.0027
2026-08-03 23:48:12,ETHUSDT,BINANCE,TRADE,1872.36,0.0027
2026-08-03 23:48:12,BTCUSDT,BINANCE,TRADE,63946,0.00112
2026-08-03 23:48:12,BTCUSDT,BINANCE,TRADE,63946,0.0236
2026-08-03 23:48:12,BTCUSDT,BINANCE,TRADE,63946,0.003
2026-08-03 23:48:12,ETHUSDT,BINANCE,TRADE,1872.35,0.0027
2026-08-03 23:48:12,ETHUSDT,BINANCE,TRADE,1872.35,0.0028
2026-08-03 23:48:12,ETHUSDT,BINANCE,TRADE,1872.35,0.0028
2026-08-03 23:48:12,ETHUSDT,BINANCE,TRADE,1872.35,0.0027
2026-08-03 23:48:12,ETHUSDT,BINANCE,TRADE,1872.35,0.0028
2026-08-03 23:48:12,ETHUSDT,BINANCE,TRADE,1872.35,0.0027
2026-08-03 23:48:12,ETHUSDT,BINANCE,TRADE,1872.35,0.0027
2026-08-03 23:48:12,ETHUSDT,BINANCE,TRADE,1872.35,0.0028
2026-08-03 23:48:12,ETHUSDT,BINANCE,TRADE,1872.35,0.0028
2026-08-03 23:48:12,ETHUSDT,BINANCE,TRADE,1872.35,0.0027
2026-08-03 23:48:12,ETHUSDT,BINANCE,TRADE,1872.35,0.0032
2026-08-03 23:48:12,ETHUSDT,BINANCE,TRADE,1872.35,0.0032
2026-08-03 23:48:12,ETHUSDT,BINANCE,TRADE,1872.35,0.0028
2026-08-03 23:48:12,ETHUSDT,BINANCE,TRADE,1872.35,0.0027
2026-08-03 23:48:12,ETHUSDT,BINANCE,TRADE,1872.35,0.0027
2026-08-03 23:48:12,ETHUSDT,BINANCE,TRADE,1872.35,0.0027
2026-08-03 23:48:12,ETHUSDT,BINANCE,TRADE,1872.35,0.0027
2026-08-03 23:48:12,ETHUSDT,BINANCE,TRADE,1872.35,0.0027
2026-08-03 23:48:12,ETHUSDT,BINANCE,TRADE,1872.35,0.0027
2026-08-03 23:48:12,ETHUSDT,BINANCE,TRADE,1872.34,0.0028
2026-08-03 23:48:12,ETHUSDT,BINANCE,TRADE,1872.34,0.0028
2026-08-03 23:48:12,ETHUSDT,BINANCE,TRADE,1872.34,0.0028
2026-08-03 23:48:12,ETHUSDT,BINANCE,TRADE,1872.34,0.0028
2026-08-03 23:48:12,ETHUSDT,BINANCE,TRADE,1872.33,0.0028
2026-08-03 23:48:12,ETHUSDT,BINANCE,TRADE,1872.32,0.011
2026-08-03 23:48:12,ETHUSDT,BINANCE,TRADE,1872.32,0.0027
2026-08-03 23:48:12,ETHUSDT,BINANCE,TRADE,1872.32,0.0027
2026-08-03 23:48:12,ETHUSDT,BINANCE,TRADE,1872.32,0.0028
2026-08-03 23:48:12,ETHUSDT,BINANCE,TRADE,1872.32,0.0027
2026-08-03 23:48:12,ETHUSDT,BINANCE,TRADE,1872.32,0.0027
2026-08-03 23:48:12,ETHUSDT,BINANCE,TRADE,1872.31,0.003
2026-08-03 23:48:12,ETHUSDT,BINANCE,TRADE,1872.31,0.0028
2026-08-03 23:48:12,ETHUSDT,BINANCE,TRADE,1872.29,0.0027
2026-08-03 23:48:12,ETHUSDT,BINANCE,TRADE,1872.29,0.0028
2026-08-03 23:48:12,ETHUSDT,BINANCE,TRADE,1872.29,0.0028
2026-08-03 23:48:12,ETHUSDT,BINANCE,TRADE,1872.29,0.0027
2026-08-03 23:48:12,ETHUSDT,BINANCE,TRADE,1872.28,0.0028
2026-08-03 23:48:12,ETHUSDT,BINANCE,TRADE,1872.28,0.0029
2026-08-03 23:48:12,ETHUSDT,BINANCE,TRADE,1872.28,0.0029
2026-08-03 23:48:12,ETHUSDT,BINANCE,TRADE,1872.28,0.0029
2026-08-03 23:48:12,SOLUSDT,BINANCE,TRADE,74.16,0.15
2026-08-03 23:48:12,SOLUSDT,BINANCE,TRADE,74.16,0.073
2026-08-03 23:48:12,SOLUSDT,BINANCE,TRADE,74.16,0.073
2026-08-03 23:48:12,SOLUSDT,BINANCE,TRADE,74.16,0.135
2026-08-03 23:48:12,SOLUSDT,BINANCE,TRADE,74.16,0.073
2026-08-03 23:48:12,SOLUSDT,BINANCE,TRADE,74.16,0.424
2026-08-03 23:48:13,ETHUSDT,BINANCE,TRADE,1872.27,0.0027
2026-08-03 23:48:13,ETHUSDT,BINANCE,TRADE,1872.27,0.0014
2026-08-03 23:48:13,ETHUSDT,BINANCE,TRADE,1872.28,0.0027
2026-08-03 23:48:13,ETHUSDT,BINANCE,TRADE,1872.28,0.0003
2026-08-03 23:48:13,BTCUSDT,BINANCE,TRADE,63946,0.00015
2026-08-03 23:48:13,ETHUSDT,BINANCE,TRADE,1872.28,0.0025
2026-08-03 23:48:13,ETHUSDT,BINANCE,TRADE,1872.28,0.0027
2026-08-03 23:48:13,ETHUSDT,BINANCE,TRADE,1872.28,0.0027
2026-08-03 23:48:13,ETHUSDT,BINANCE,TRADE,1872.28,0.0054
2026-08-03 23:48:13,ETHUSDT,BINANCE,TRADE,1872.28,0.0028
2026-08-03 23:48:13,ETHUSDT,BINANCE,TRADE,1872.28,0.0009
2026-08-03 23:48:13,SOLUSDT,BINANCE,TRADE,74.16,2.34
2026-08-03 23:48:13,BTCUSDT,BINANCE,TRADE,63946,0.0001
2026-08-03 23:48:14,ETHUSDT,BINANCE,TRADE,1872.28,0.0686
2026-08-03 23:48:14,ETHUSDT,BINANCE,TRADE,1872.28,0.3882
2026-08-03 23:48:14,ETHUSDT,BINANCE,TRADE,1872.28,0.0032
2026-08-03 23:48:14,ETHUSDT,BINANCE,TRADE,1872.28,0.0032
2026-08-03 23:48:14,ETHUSDT,BINANCE,TRADE,1872.28,0.0027
2026-08-03 23:48:14,ETHUSDT,BINANCE,TRADE,1872.28,0.0028
2026-08-03 23:48:14,ETHUSDT,BINANCE,TRADE,1872.28,0.0054
2026-08-03 23:48:14,ETHUSDT,BINANCE,TRADE,1872.28,0.0028
2026-08-03 23:48:14,ETHUSDT,BINANCE,TRADE,1872.28,0.0027
2026-08-03 23:48:14,ETHUSDT,BINANCE,TRADE,1872.28,0.03
2026-08-03 23:48:14,ETHUSDT,BINANCE,TRADE,1872.28,0.0027
2026-08-03 23:48:14,ETHUSDT,BINANCE,TRADE,1872.28,0.0027
2026-08-03 23:48:14,ETHUSDT,BINANCE,TRADE,1872.28,0.0027
2026-08-03 23:48:14,ETHUSDT,BINANCE,TRADE,1872.29,0.0027
2026-08-03 23:48:14,ETHUSDT,BINANCE,TRADE,1872.29,0.0054
2026-08-03 23:48:14,ETHUSDT,BINANCE,TRADE,1872.29,0.0028
2026-08-03 23:48:14,ETHUSDT,BINANCE,TRADE,1872.29,0.0027
2026-08-03 23:48:14,ETHUSDT,BINANCE,TRADE,1872.29,0.0027
2026-08-03 23:48:14,ETHUSDT,BINANCE,TRADE,1872.29,0.0027
2026-08-03 23:48:14,ETHUSDT,BINANCE,TRADE,1872.29,0.0027
2026-08-03 23:48:14,ETHUSDT,BINANCE,TRADE,1872.3,0.0027
2026-08-03 23:48:14,ETHUSDT,BINANCE,TRADE,1872.3,0.0054
2026-08-03 23:48:14,ETHUSDT,BINANCE,TRADE,1872.3,0.0028
2026-08-03 23:48:14,ETHUSDT,BINANCE,TRADE,1872.3,0.0027
2026-08-03 23:48:14,ETHUSDT,BINANCE,TRADE,1872.3,0.0032
2026-08-03 23:48:14,ETHUSDT,BINANCE,TRADE,1872.3,0.0032
2026-08-03 23:48:14,ETHUSDT,BINANCE,TRADE,1872.3,0.0027
2026-08-03 23:48:14,ETHUSDT,BINANCE,TRADE,1872.3,0.0027
2026-08-03 23:48:14,ETHUSDT,BINANCE,TRADE,1872.3,0.0027
2026-08-03 23:48:14,ETHUSDT,BINANCE,TRADE,1872.3,0.0027
2026-08-03 23:48:14,ETHUSDT,BINANCE,TRADE,1872.31,0.0028
2026-08-03 23:48:14,ETHUSDT,BINANCE,TRADE,1872.31,0.0028
2026-08-03 23:48:14,ETHUSDT,BINANCE,TRADE,1872.32,0.0027
2026-08-03 23:48:14,ETHUSDT,BINANCE,TRADE,1872.32,0.0027
2026-08-03 23:48:14,ETHUSDT,BINANCE,TRADE,1872.32,0.0028
2026-08-03 23:48:14,ETHUSDT,BINANCE,TRADE,1872.32,0.0027
2026-08-03 23:48:14,ETHUSDT,BINANCE,TRADE,1872.32,0.0027
2026-08-03 23:48:14,ETHUSDT,BINANCE,TRADE,1872.32,0.0027
2026-08-03 23:48:14,ETHUSDT,BINANCE,TRADE,1872.32,0.0027
2026-08-03 23:48:14,ETHUSDT,BINANCE,TRADE,1872.32,0.0027
2026-08-03 23:48:14,ETHUSDT,BINANCE,TRADE,1872.33,0.0028
2026-08-03 23:48:14,ETHUSDT,BINANCE,TRADE,1872.34,0.0028
2026-08-03 23:48:14,ETHUSDT,BINANCE,TRADE,1872.35,0.0027
2026-08-03 23:48:14,ETHUSDT,BINANCE,TRADE,1872.35,0.0028
2026-08-03 23:48:14,ETHUSDT,BINANCE,TRADE,1872.35,0.0027
2026-08-03 23:48:14,ETHUSDT,BINANCE,TRADE,1872.35,0.0027
2026-08-03 23:48:14,ETHUSDT,BINANCE,TRADE,1872.35,0.0027
2026-08-03 23:48:14,ETHUSDT,BINANCE,TRADE,1872.35,0.0027
2026-08-03 23:48:14,ETHUSDT,BINANCE,TRADE,1872.36,0.0028
2026-08-03 23:48:14,ETHUSDT,BINANCE,TRADE,1872.36,0.0027
2026-08-03 23:48:14,ETHUSDT,BINANCE,TRADE,1872.36,0.0027
2026-08-03 23:48:14,ETHUSDT,BINANCE,TRADE,1872.36,0.0028
2026-08-03 23:48:14,ETHUSDT,BINANCE,TRADE,1872.36,0.0027
2026-08-03 23:48:14,ETHUSDT,BINANCE,TRADE,1872.36,0.0027
2026-08-03 23:48:14,ETHUSDT,BINANCE,TRADE,1872.36,0.0027
2026-08-03 23:48:14,ETHUSDT,BINANCE,TRADE,1872.36,0.0027
2026-08-03 23:48:14,ETHUSDT,BINANCE,TRADE,1872.37,0.0027
2026-08-03 23:48:14,ETHUSDT,BINANCE,TRADE,1872.37,0.0028
2026-08-03 23:48:14,ETHUSDT,BINANCE,TRADE,1872.37,0.0027
2026-08-03 23:48:14,ETHUSDT,BINANCE,TRADE,1872.37,0.0027
2026-08-03 23:48:14,ETHUSDT,BINANCE,TRADE,1872.37,0.0027
2026-08-03 23:48:14,ETHUSDT,BINANCE,TRADE,1872.37,0.0027
2026-08-03 23:48:14,ETHUSDT,BINANCE,TRADE,1872.4,0.0027
2026-08-03 23:48:14,ETHUSDT,BINANCE,TRADE,1872.4,0.0028
2026-08-03 23:48:14,ETHUSDT,BINANCE,TRADE,1872.4,0.0027
2026-08-03 23:48:14,ETHUSDT,BINANCE,TRADE,1872.4,0.0027
2026-08-03 23:48:14,ETHUSDT,BINANCE,TRADE,1872.4,0.0027
2026-08-03 23:48:14,ETHUSDT,BINANCE,TRADE,1872.4,0.0027
2026-08-03 23:48:14,ETHUSDT,BINANCE,TRADE,1872.42,0.0027
2026-08-03 23:48:14,ETHUSDT,BINANCE,TRADE,1872.42,0.0028
2026-08-03 23:48:14,ETHUSDT,BINANCE,TRADE,1872.44,0.0027
2026-08-03 23:48:14,ETHUSDT,BINANCE,TRADE,1872.44,0.0027
2026-08-03 23:48:14,ETHUSDT,BINANCE,TRADE,1872.44,0.0027
2026-08-03 23:48:14,ETHUSDT,BINANCE,TRADE,1872.44,0.0027
2026-08-03 23:48:14,ETHUSDT,BINANCE,TRADE,1872.44,0.0027
2026-08-03 23:48:14,ETHUSDT,BINANCE,TRADE,1872.45,0.0027
2026-08-03 23:48:14,ETHUSDT,BINANCE,TRADE,1872.45,0.0027
2026-08-03 23:48:14,ETHUSDT,BINANCE,TRADE,1872.45,0.0033
2026-08-03 23:48:14,ETHUSDT,BINANCE,TRADE,1872.45,0.0027
2026-08-03 23:48:14,ETHUSDT,BINANCE,TRADE,1872.45,0.0027
2026-08-03 23:48:14,ETHUSDT,BINANCE,TRADE,1872.45,0.0027
2026-08-03 23:48:14,ETHUSDT,BINANCE,TRADE,1872.45,0.0027
2026-08-03 23:48:14,ETHUSDT,BINANCE,TRADE,1872.46,0.0027
2026-08-03 23:48:14,ETHUSDT,BINANCE,TRADE,1872.46,0.0027
2026-08-03 23:48:14,ETHUSDT,BINANCE,TRADE,1872.46,0.0027
2026-08-03 23:48:14,ETHUSDT,BINANCE,TRADE,1872.46,0.0027
2026-08-03 23:48:14,ETHUSDT,BINANCE,TRADE,1872.46,0.0027
2026-08-03 23:48:14,ETHUSDT,BINANCE,TRADE,1872.47,0.0027
2026-08-03 23:48:14,ETHUSDT,BINANCE,TRADE,1872.47,0.0028
2026-08-03 23:48:14,ETHUSDT,BINANCE,TRADE,1872.47,0.0029
2026-08-03 23:48:14,ETHUSDT,BINANCE,TRADE,1872.47,0.0029
2026-08-03 23:48:14,ETHUSDT,BINANCE,TRADE,1872.47,0.0027
2026-08-03 23:48:14,ETHUSDT,BINANCE,TRADE,1872.47,0.0029
2026-08-03 23:48:14,ETHUSDT,BINANCE,TRADE,1872.47,0.0027
2026-08-03 23:48:14,ETHUSDT,BINANCE,TRADE,1872.47,0.0027
2026-08-03 23:48:14,ETHUSDT,BINANCE,TRADE,1872.47,0.0027
2026-08-03 23:48:14,SOLUSDT,BINANCE,TRADE,74.16,0.478
2026-08-03 23:48:15,BTCUSDT,BINANCE,TRADE,63946,0.08
2026-08-03 23:48:15,BTCUSDT,BINANCE,TRADE,63946,0.04
2026-08-03 23:48:15,BTCUSDT,BINANCE,TRADE,63946,0.02
2026-08-03 23:48:15,BTCUSDT,BINANCE,TRADE,63946,0.01
2026-08-03 23:48:15,BTCUSDT,BINANCE,TRADE,63946,0.003
2026-08-03 23:48:15,BTCUSDT,BINANCE,TRADE,63946,0.01
2026-08-03 23:48:15,BTCUSDT,BINANCE,TRADE,63946,0.026
2026-08-03 23:48:15,BTCUSDT,BINANCE,TRADE,63946,0.026
2026-08-03 23:48:15,BTCUSDT,BINANCE,TRADE,63946,0.026
2026-08-03 23:48:15,ETHUSDT,BINANCE,TRADE,1872.48,0.0027
2026-08-03 23:48:15,ETHUSDT,BINANCE,TRADE,1872.48,0.0027
2026-08-03 23:48:15,ETHUSDT,BINANCE,TRADE,1872.48,1.1396
2026-08-03 23:48:16,BTCUSDT,BINANCE,TRADE,63946,0.012
2026-08-03 23:48:16,BTCUSDT,BINANCE,TRADE,63946,0.01
2026-08-03 23:48:16,BTCUSDT,BINANCE,TRADE,63946,0.01
2026-08-03 23:48:16,BTCUSDT,BINANCE,TRADE,63946,0.00819
2026-08-03 23:48:16,BTCUSDT,BINANCE,TRADE,63946,9e-05
2026-08-03 23:48:16,BTCUSDT,BINANCE,TRADE,63946,8e-05
2026-08-03 23:48:16,BTCUSDT,BINANCE,TRADE,63946,9e-05
2026-08-03 23:48:16,BTCUSDT,BINANCE,TRADE,63946,9e-05
2026-08-03 23:48:16,BTCUSDT,BINANCE,TRADE,63946,9e-05
2026-08-03 23:48:16,BTCUSDT,BINANCE,TRADE,63946,9e-05
2026-08-03 23:48:16,BTCUSDT,BINANCE,TRADE,63946,9e-05
2026-08-03 23:48:16,BTCUSDT,BINANCE,TRADE,63946,9e-05
2026-08-03 23:48:16,BTCUSDT,BINANCE,TRADE,63946,9e-05
2026-08-03 23:48:16,BTCUSDT,BINANCE,TRADE,63946,8e-05
2026-08-03 23:48:16,BTCUSDT,BINANCE,TRADE,63946,0.00016
2026-08-03 23:48:16,BTCUSDT,BINANCE,TRADE,63946,9e-05
2026-08-03 23:48:16,BTCUSDT,BINANCE,TRADE,63946,8e-05
2026-08-03 23:48:16,BTCUSDT,BINANCE,TRADE,63946,8e-05
2026-08-03 23:48:16,BTCUSDT,BINANCE,TRADE,63946,8e-05
2026-08-03 23:48:16,BTCUSDT,BINANCE,TRADE,63946,0.0001
2026-08-03 23:48:16,BTCUSDT,BINANCE,TRADE,63946,9e-05
2026-08-03 23:48:16,BTCUSDT,BINANCE,TRADE,63946,8e-05
2026-08-03 23:48:16,BTCUSDT,BINANCE,TRADE,63946,8e-05
2026-08-03 23:48:16,BTCUSDT,BINANCE,TRADE,63946,9e-05
2026-08-03 23:48:16,BTCUSDT,BINANCE,TRADE,63946,0.026
2026-08-03 23:48:16,BTCUSDT,BINANCE,TRADE,63946,0.026
2026-08-03 23:48:16,BTCUSDT,BINANCE,TRADE,63946,0.01
2026-08-03 23:48:16,BTCUSDT,BINANCE,TRADE,63946,0.01
2026-08-03 23:48:16,BTCUSDT,BINANCE,TRADE,63946,0.01
2026-08-03 23:48:16,BTCUSDT,BINANCE,TRADE,63946,0.003
2026-08-03 23:48:16,BTCUSDT,BINANCE,TRADE,63946,0.001
2026-08-03 23:48:16,BTCUSDT,BINANCE,TRADE,63946,0.01
2026-08-03 23:48:16,BTCUSDT,BINANCE,TRADE,63946,0.00024
2026-08-03 23:48:16,BTCUSDT,BINANCE,TRADE,63946,0.00957
2026-08-03 23:48:17,ETHUSDT,BINANCE,TRADE,1872.48,0.0027
2026-08-03 23:48:17,ETHUSDT,BINANCE,TRADE,1872.48,0.0003
2026-08-03 23:48:17,ETHUSDT,BINANCE,TRADE,1872.47,0.1866
2026-08-03 23:48:17,SOLUSDT,BINANCE,TRADE,74.17,9.492
2026-08-03 23:48:18,BTCUSDT,BINANCE,TRADE,63946,0.00038
2026-08-03 23:48:18,ETHUSDT,BINANCE,TRADE,1872.48,0.0025
2026-08-03 23:48:18,ETHUSDT,BINANCE,TRADE,1872.48,0.0027
2026-08-03 23:48:18,ETHUSDT,BINANCE,TRADE,1872.48,0.0001
2026-08-03 23:48:18,BTCUSDT,BINANCE,TRADE,63946,0.00412
2026-08-03 23:48:18,SOLUSDT,BINANCE,TRADE,74.16,0.108
2026-08-03 23:48:19,ETHUSDT,BINANCE,TRADE,1872.47,0.003
2026-08-03 23:48:19,ETHUSDT,BINANCE,TRADE,1872.47,1.4494
2026-08-03 23:48:19,SOLUSDT,BINANCE,TRADE,74.17,0.302
2026-08-03 23:48:19,BTCUSDT,BINANCE,TRADE,63946,0.01981
2026-08-03 23:48:19,ETHUSDT,BINANCE,TRADE,1872.47,0.023
2026-08-03 23:48:19,BTCUSDT,BINANCE,TRADE,63946,0.01509
2026-08-03 23:48:20,BTCUSDT,BINANCE,TRADE,63946,0.00024
2026-08-03 23:48:20,ETHUSDT,BINANCE,TRADE,1872.48,0.0027
2026-08-03 23:48:20,ETHUSDT,BINANCE,TRADE,1872.48,0.0027
2026-08-03 23:48:20,ETHUSDT,BINANCE,TRADE,1872.48,0.0268
2026-08-03 23:48:21,ETHUSDT,BINANCE,TRADE,1872.48,0.2671
2026-08-03 23:48:22,BTCUSDT,BINANCE,TRADE,63946,0.00015
2026-08-03 23:48:22,SOLUSDT,BINANCE,TRADE,74.17,0.073
2026-08-03 23:48:22,SOLUSDT,BINANCE,TRADE,74.17,0.029
2026-08-03 23:48:22,SOLUSDT,BINANCE,TRADE,74.17,0.044
2026-08-03 23:48:22,SOLUSDT,BINANCE,TRADE,74.17,0.058
2026-08-03 23:48:22,SOLUSDT,BINANCE,TRADE,74.17,0.015
2026-08-03 23:48:22,SOLUSDT,BINANCE,TRADE,74.17,0.073
2026-08-03 23:48:22,SOLUSDT,BINANCE,TRADE,74.17,0.014
2026-08-03 23:48:22,SOLUSDT,BINANCE,TRADE,74.17,0.102
2026-08-03 23:48:22,SOLUSDT,BINANCE,TRADE,74.17,0.019
2026-08-03 23:48:22,SOLUSDT,BINANCE,TRADE,74.17,0.083
2026-08-03 23:48:22,SOLUSDT,BINANCE,TRADE,74.17,0.102
2026-08-03 23:48:22,SOLUSDT,BINANCE,TRADE,74.17,6.836
2026-08-03 23:48:22,SOLUSDT,BINANCE,TRADE,74.17,0.267
2026-08-03 23:48:22,SOLUSDT,BINANCE,TRADE,74.17,0.068
2026-08-03 23:48:22,SOLUSDT,BINANCE,TRADE,74.17,0.179
2026-08-03 23:48:22,SOLUSDT,BINANCE,TRADE,74.17,0.07
2026-08-03 23:48:22,SOLUSDT,BINANCE,TRADE,74.17,0.073
2026-08-03 23:48:22,SOLUSDT,BINANCE,TRADE,74.17,0.073
2026-08-03 23:48:22,SOLUSDT,BINANCE,TRADE,74.17,0.135
2026-08-03 23:48:22,SOLUSDT,BINANCE,TRADE,74.17,0.073
2026-08-03 23:48:22,SOLUSDT,BINANCE,TRADE,74.17,0.073
2026-08-03 23:48:22,SOLUSDT,BINANCE,TRADE,74.17,13.196
2026-08-03 23:48:22,SOLUSDT,BINANCE,TRADE,74.17,0.047
2026-08-03 23:48:22,SOLUSDT,BINANCE,TRADE,74.17,0.023
2026-08-03 23:48:22,SOLUSDT,BINANCE,TRADE,74.18,43.232
2026-08-03 23:48:22,SOLUSDT,BINANCE,TRADE,74.18,0.073
2026-08-03 23:48:22,SOLUSDT,BINANCE,TRADE,74.18,0.135
2026-08-03 23:48:22,SOLUSDT,BINANCE,TRADE,74.18,0.278
2026-08-03 23:48:22,SOLUSDT,BINANCE,TRADE,74.18,0.069
2026-08-03 23:48:22,SOLUSDT,BINANCE,TRADE,74.18,0.068
2026-08-03 23:48:22,SOLUSDT,BINANCE,TRADE,74.18,0.068
2026-08-03 23:48:22,SOLUSDT,BINANCE,TRADE,74.18,0.069
2026-08-03 23:48:22,SOLUSDT,BINANCE,TRADE,74.18,0.102
2026-08-03 23:48:22,SOLUSDT,BINANCE,TRADE,74.18,0.068
2026-08-03 23:48:22,SOLUSDT,BINANCE,TRADE,74.18,52.317
2026-08-03 23:48:22,SOLUSDT,BINANCE,TRADE,74.18,67.482
2026-08-03 23:48:22,SOLUSDT,BINANCE,TRADE,74.18,0.069
2026-08-03 23:48:22,SOLUSDT,BINANCE,TRADE,74.19,1
2026-08-03 23:48:22,SOLUSDT,BINANCE,TRADE,74.19,0.073
2026-08-03 23:48:22,SOLUSDT,BINANCE,TRADE,74.19,0.135
2026-08-03 23:48:22,SOLUSDT,BINANCE,TRADE,74.19,0.266
2026-08-03 23:48:22,SOLUSDT,BINANCE,TRADE,74.19,0.278
2026-08-03 23:48:22,SOLUSDT,BINANCE,TRADE,74.19,28.081
2026-08-03 23:48:22,SOLUSDT,BINANCE,TRADE,74.19,0.069
2026-08-03 23:48:22,SOLUSDT,BINANCE,TRADE,74.19,0.102
2026-08-03 23:48:22,SOLUSDT,BINANCE,TRADE,74.19,0.081
2026-08-03 23:48:22,SOLUSDT,BINANCE,TRADE,74.19,0.075
2026-08-03 23:48:22,SOLUSDT,BINANCE,TRADE,74.19,0.068
2026-08-03 23:48:22,SOLUSDT,BINANCE,TRADE,74.19,0.068
2026-08-03 23:48:22,SOLUSDT,BINANCE,TRADE,74.19,8
2026-08-03 23:48:22,SOLUSDT,BINANCE,TRADE,74.19,4
2026-08-03 23:48:22,SOLUSDT,BINANCE,TRADE,74.19,2
2026-08-03 23:48:22,SOLUSDT,BINANCE,TRADE,74.19,3
2026-08-03 23:48:22,SOLUSDT,BINANCE,TRADE,74.19,0.071
2026-08-03 23:48:22,SOLUSDT,BINANCE,TRADE,74.19,26.953
2026-08-03 23:48:22,SOLUSDT,BINANCE,TRADE,74.19,0.073
2026-08-03 23:48:22,SOLUSDT,BINANCE,TRADE,74.19,67.466
2026-08-03 23:48:22,SOLUSDT,BINANCE,TRADE,74.19,0.073
2026-08-03 23:48:22,SOLUSDT,BINANCE,TRADE,74.19,0.073
2026-08-03 23:48:22,SOLUSDT,BINANCE,TRADE,74.19,0.071
2026-08-03 23:48:22,SOLUSDT,BINANCE,TRADE,74.19,18.837
2026-08-03 23:48:22,SOLUSDT,BINANCE,TRADE,74.19,0.073
2026-08-03 23:48:22,SOLUSDT,BINANCE,TRADE,74.19,0.07
2026-08-03 23:48:22,SOLUSDT,BINANCE,TRADE,74.2,0.073
2026-08-03 23:48:22,SOLUSDT,BINANCE,TRADE,74.2,0.278
2026-08-03 23:48:22,SOLUSDT,BINANCE,TRADE,74.2,0.069
2026-08-03 23:48:22,SOLUSDT,BINANCE,TRADE,74.2,0.102
2026-08-03 23:48:22,SOLUSDT,BINANCE,TRADE,74.2,0.068
2026-08-03 23:48:22,SOLUSDT,BINANCE,TRADE,74.2,0.075
2026-08-03 23:48:22,SOLUSDT,BINANCE,TRADE,74.2,0.15
2026-08-03 23:48:22,SOLUSDT,BINANCE,TRADE,74.2,0.071
2026-08-03 23:48:22,SOLUSDT,BINANCE,TRADE,74.2,3
2026-08-03 23:48:22,SOLUSDT,BINANCE,TRADE,74.2,0.071
2026-08-03 23:48:22,SOLUSDT,BINANCE,TRADE,74.2,0.073
2026-08-03 23:48:22,SOLUSDT,BINANCE,TRADE,74.2,0.073
2026-08-03 23:48:22,SOLUSDT,BINANCE,TRADE,74.2,0.073
2026-08-03 23:48:22,SOLUSDT,BINANCE,TRADE,74.2,0.07
2026-08-03 23:48:22,SOLUSDT,BINANCE,TRADE,74.2,6.848
2026-08-03 23:48:22,SOLUSDT,BINANCE,TRADE,74.2,0.229
2026-08-03 23:48:22,SOLUSDT,BINANCE,TRADE,74.2,0.071
2026-08-03 23:48:22,SOLUSDT,BINANCE,TRADE,74.2,0.073
2026-08-03 23:48:22,ETHUSDT,BINANCE,TRADE,1872.48,0.1239
2026-08-03 23:48:22,ETHUSDT,BINANCE,TRADE,1872.48,0.0027
2026-08-03 23:48:22,ETHUSDT,BINANCE,TRADE,1872.48,0.0027
2026-08-03 23:48:22,ETHUSDT,BINANCE,TRADE,1872.48,0.0027
2026-08-03 23:48:22,ETHUSDT,BINANCE,TRADE,1872.48,0.0027
2026-08-03 23:48:22,ETHUSDT,BINANCE,TRADE,1872.48,0.0054
2026-08-03 23:48:22,ETHUSDT,BINANCE,TRADE,1872.48,0.02
2026-08-03 23:48:22,ETHUSDT,BINANCE,TRADE,1872.48,0.0027
2026-08-03 23:48:22,ETHUSDT,BINANCE,TRADE,1872.48,0.0027
2026-08-03 23:48:22,ETHUSDT,BINANCE,TRADE,1872.48,0.0099
2026-08-03 23:48:22,ETHUSDT,BINANCE,TRADE,1872.48,0.0028
2026-08-03 23:48:22,ETHUSDT,BINANCE,TRADE,1872.48,0.0032
2026-08-03 23:48:22,ETHUSDT,BINANCE,TRADE,1872.48,0.0028
2026-08-03 23:48:22,ETHUSDT,BINANCE,TRADE,1872.48,0.0032
2026-08-03 23:48:22,ETHUSDT,BINANCE,TRADE,1872.49,0.0028
2026-08-03 23:48:22,ETHUSDT,BINANCE,TRADE,1872.49,0.0054
2026-08-03 23:48:22,ETHUSDT,BINANCE,TRADE,1872.5,0.0027
2026-08-03 23:48:22,ETHUSDT,BINANCE,TRADE,1872.5,0.0028
2026-08-03 23:48:22,ETHUSDT,BINANCE,TRADE,1872.5,0.0028
2026-08-03 23:48:22,ETHUSDT,BINANCE,TRADE,1872.5,0.0054
2026-08-03 23:48:22,ETHUSDT,BINANCE,TRADE,1872.5,0.0027
2026-08-03 23:48:22,ETHUSDT,BINANCE,TRADE,1872.5,0.0027
2026-08-03 23:48:22,ETHUSDT,BINANCE,TRADE,1872.5,0.0027
2026-08-03 23:48:22,ETHUSDT,BINANCE,TRADE,1872.5,0.0027
2026-08-03 23:48:22,ETHUSDT,BINANCE,TRADE,1872.51,0.0027
2026-08-03 23:48:22,ETHUSDT,BINANCE,TRADE,1872.51,0.0027
2026-08-03 23:48:22,ETHUSDT,BINANCE,TRADE,1872.51,0.0028
2026-08-03 23:48:22,ETHUSDT,BINANCE,TRADE,1872.51,0.0027
2026-08-03 23:48:22,ETHUSDT,BINANCE,TRADE,1872.51,0.0027
2026-08-03 23:48:22,ETHUSDT,BINANCE,TRADE,1872.51,0.0027
2026-08-03 23:48:22,ETHUSDT,BINANCE,TRADE,1872.51,0.0027
2026-08-03 23:48:22,ETHUSDT,BINANCE,TRADE,1872.52,0.0027
2026-08-03 23:48:22,ETHUSDT,BINANCE,TRADE,1872.52,0.0028
2026-08-03 23:48:22,ETHUSDT,BINANCE,TRADE,1872.52,0.0028
2026-08-03 23:48:22,ETHUSDT,BINANCE,TRADE,1872.52,0.0027
2026-08-03 23:48:22,ETHUSDT,BINANCE,TRADE,1872.52,0.0027
2026-08-03 23:48:22,ETHUSDT,BINANCE,TRADE,1872.52,0.0027
2026-08-03 23:48:22,ETHUSDT,BINANCE,TRADE,1872.52,0.0027
2026-08-03 23:48:22,ETHUSDT,BINANCE,TRADE,1872.53,0.0027
2026-08-03 23:48:22,ETHUSDT,BINANCE,TRADE,1872.53,0.003
2026-08-03 23:48:22,ETHUSDT,BINANCE,TRADE,1872.53,0.0028
2026-08-03 23:48:22,ETHUSDT,BINANCE,TRADE,1872.53,0.0027
2026-08-03 23:48:22,ETHUSDT,BINANCE,TRADE,1872.53,0.0027
2026-08-03 23:48:22,ETHUSDT,BINANCE,TRADE,1872.53,0.0027
2026-08-03 23:48:22,ETHUSDT,BINANCE,TRADE,1872.53,0.0027
2026-08-03 23:48:22,ETHUSDT,BINANCE,TRADE,1872.54,0.0027
2026-08-03 23:48:22,ETHUSDT,BINANCE,TRADE,1872.54,0.0027
2026-08-03 23:48:22,ETHUSDT,BINANCE,TRADE,1872.54,0.0028
2026-08-03 23:48:22,ETHUSDT,BINANCE,TRADE,1872.54,0.0027
2026-08-03 23:48:22,ETHUSDT,BINANCE,TRADE,1872.54,0.0027
2026-08-03 23:48:22,ETHUSDT,BINANCE,TRADE,1872.54,0.0027
2026-08-03 23:48:22,ETHUSDT,BINANCE,TRADE,1872.54,0.0027
2026-08-03 23:48:22,ETHUSDT,BINANCE,TRADE,1872.55,0.0027
2026-08-03 23:48:22,ETHUSDT,BINANCE,TRADE,1872.55,0.0027
2026-08-03 23:48:22,ETHUSDT,BINANCE,TRADE,1872.55,0.0028
2026-08-03 23:48:22,ETHUSDT,BINANCE,TRADE,1872.55,0.0027
2026-08-03 23:48:22,ETHUSDT,BINANCE,TRADE,1872.55,0.0027
2026-08-03 23:48:22,ETHUSDT,BINANCE,TRADE,1872.55,0.0027
2026-08-03 23:48:22,ETHUSDT,BINANCE,TRADE,1872.55,0.0027
2026-08-03 23:48:22,ETHUSDT,BINANCE,TRADE,1872.55,0.0027
2026-08-03 23:48:22,ETHUSDT,BINANCE,TRADE,1872.55,0.0027
2026-08-03 23:48:22,ETHUSDT,BINANCE,TRADE,1872.55,0.0027
2026-08-03 23:48:22,ETHUSDT,BINANCE,TRADE,1872.55,0.0027
2026-08-03 23:48:22,ETHUSDT,BINANCE,TRADE,1872.56,0.0027
2026-08-03 23:48:22,ETHUSDT,BINANCE,TRADE,1872.56,0.0028
2026-08-03 23:48:22,ETHUSDT,BINANCE,TRADE,1872.56,0.0027
2026-08-03 23:48:22,ETHUSDT,BINANCE,TRADE,1872.57,0.0028
2026-08-03 23:48:22,ETHUSDT,BINANCE,TRADE,1872.59,0.0027
2026-08-03 23:48:22,ETHUSDT,BINANCE,TRADE,1872.59,0.0027
2026-08-03 23:48:22,ETHUSDT,BINANCE,TRADE,1872.59,0.0027
2026-08-03 23:48:22,ETHUSDT,BINANCE,TRADE,1872.59,0.0027
2026-08-03 23:48:22,ETHUSDT,BINANCE,TRADE,1872.59,0.0027
2026-08-03 23:48:22,ETHUSDT,BINANCE,TRADE,1872.6,0.0027
2026-08-03 23:48:22,ETHUSDT,BINANCE,TRADE,1872.6,0.0027
2026-08-03 23:48:22,ETHUSDT,BINANCE,TRADE,1872.6,0.0027
2026-08-03 23:48:22,ETHUSDT,BINANCE,TRADE,1872.6,0.0027
2026-08-03 23:48:22,ETHUSDT,BINANCE,TRADE,1872.6,0.0027
2026-08-03 23:48:22,ETHUSDT,BINANCE,TRADE,1872.6,0.0027
2026-08-03 23:48:22,ETHUSDT,BINANCE,TRADE,1872.6,0.0027
2026-08-03 23:48:22,ETHUSDT,BINANCE,TRADE,1872.6,0.0027
2026-08-03 23:48:22,ETHUSDT,BINANCE,TRADE,1872.6,0.0027
2026-08-03 23:48:22,ETHUSDT,BINANCE,TRADE,1872.6,0.0027
2026-08-03 23:48:22,ETHUSDT,BINANCE,TRADE,1872.6,0.0027
2026-08-03 23:48:22,ETHUSDT,BINANCE,TRADE,1872.6,0.0027
2026-08-03 23:48:22,ETHUSDT,BINANCE,TRADE,1872.6,0.0027
2026-08-03 23:48:22,ETHUSDT,BINANCE,TRADE,1872.6,0.0027
2026-08-03 23:48:22,ETHUSDT,BINANCE,TRADE,1872.6,0.0027
2026-08-03 23:48:22,ETHUSDT,BINANCE,TRADE,1872.6,0.0027
2026-08-03 23:48:22,ETHUSDT,BINANCE,TRADE,1872.61,0.0027
2026-08-03 23:48:22,ETHUSDT,BINANCE,TRADE,1872.61,0.0027
2026-08-03 23:48:22,ETHUSDT,BINANCE,TRADE,1872.61,0.0027
2026-08-03 23:48:22,ETHUSDT,BINANCE,TRADE,1872.61,0.0027
2026-08-03 23:48:22,ETHUSDT,BINANCE,TRADE,1872.61,0.0027
2026-08-03 23:48:22,ETHUSDT,BINANCE,TRADE,1872.63,0.0027
2026-08-03 23:48:22,ETHUSDT,BINANCE,TRADE,1872.63,0.0033
2026-08-03 23:48:22,ETHUSDT,BINANCE,TRADE,1872.64,0.003
2026-08-03 23:48:22,ETHUSDT,BINANCE,TRADE,1872.64,0.0029
2026-08-03 23:48:22,ETHUSDT,BINANCE,TRADE,1872.64,0.0029
2026-08-03 23:48:22,ETHUSDT,BINANCE,TRADE,1872.64,0.0201
2026-08-03 23:48:22,ETHUSDT,BINANCE,TRADE,1872.64,0.0029
2026-08-03 23:48:22,BTCUSDT,BINANCE,TRADE,63946,9e-05
2026-08-03 23:48:22,SOLUSDT,BINANCE,TRADE,74.21,0.073
2026-08-03 23:48:22,SOLUSDT,BINANCE,TRADE,74.21,0.278
2026-08-03 23:48:22,SOLUSDT,BINANCE,TRADE,74.21,0.069
2026-08-03 23:48:22,SOLUSDT,BINANCE,TRADE,74.21,0.102
2026-08-03 23:48:22,SOLUSDT,BINANCE,TRADE,74.21,0.075
2026-08-03 23:48:22,SOLUSDT,BINANCE,TRADE,74.21,0.068
2026-08-03 23:48:22,SOLUSDT,BINANCE,TRADE,74.21,0.15
2026-08-03 23:48:22,SOLUSDT,BINANCE,TRADE,74.21,1.89
2026-08-03 23:48:22,SOLUSDT,BINANCE,TRADE,74.21,1.644
2026-08-03 23:48:22,SOLUSDT,BINANCE,TRADE,74.21,0.071
2026-08-03 23:48:22,SOLUSDT,BINANCE,TRADE,74.21,0.073
2026-08-03 23:48:22,SOLUSDT,BINANCE,TRADE,74.21,0.073
2026-08-03 23:48:22,SOLUSDT,BINANCE,TRADE,74.21,0.073
2026-08-03 23:48:22,SOLUSDT,BINANCE,TRADE,74.21,0.071
2026-08-03 23:48:22,SOLUSDT,BINANCE,TRADE,74.21,0.07
2026-08-03 23:48:22,SOLUSDT,BINANCE,TRADE,74.21,0.268
2026-08-03 23:48:22,SOLUSDT,BINANCE,TRADE,74.21,0.068
2026-08-03 23:48:22,SOLUSDT,BINANCE,TRADE,74.21,0.073
2026-08-03 23:48:22,SOLUSDT,BINANCE,TRADE,74.21,0.073
2026-08-03 23:48:22,SOLUSDT,BINANCE,TRADE,74.21,0.071
2026-08-03 23:48:22,BTCUSDT,BINANCE,TRADE,63946,0.00619
2026-08-03 23:48:22,ETHUSDT,BINANCE,TRADE,1872.65,0.0027
2026-08-03 23:48:22,ETHUSDT,BINANCE,TRADE,1872.65,0.0003
2026-08-03 23:48:22,SOLUSDT,BINANCE,TRADE,74.21,7.158
2026-08-03 23:48:22,ETHUSDT,BINANCE,TRADE,1872.65,0.0025
2026-08-03 23:48:22,ETHUSDT,BINANCE,TRADE,1872.65,0.0005
2026-08-03 23:48:23,ETHUSDT,BINANCE,TRADE,1872.65,0.0027
2026-08-03 23:48:23,ETHUSDT,BINANCE,TRADE,1872.65,0.0027
2026-08-03 23:48:23,ETHUSDT,BINANCE,TRADE,1872.65,0.0028
2026-08-03 23:48:23,ETHUSDT,BINANCE,TRADE,1872.65,0.0027
2026-08-03 23:48:23,ETHUSDT,BINANCE,TRADE,1872.65,0.0027
2026-08-03 23:48:23,ETHUSDT,BINANCE,TRADE,1872.65,0.0027
2026-08-03 23:48:23,ETHUSDT,BINANCE,TRADE,1872.65,0.0028
2026-08-03 23:48:23,ETHUSDT,BINANCE,TRADE,1872.65,0.4184
2026-08-03 23:48:23,ETHUSDT,BINANCE,TRADE,1872.65,0.0028
2026-08-03 23:48:23,ETHUSDT,BINANCE,TRADE,1872.65,0.0028
2026-08-03 23:48:23,ETHUSDT,BINANCE,TRADE,1872.65,0.0027
2026-08-03 23:48:23,ETHUSDT,BINANCE,TRADE,1872.65,0.0032
2026-08-03 23:48:23,ETHUSDT,BINANCE,TRADE,1872.65,0.0056
2026-08-03 23:48:23,ETHUSDT,BINANCE,TRADE,1872.65,0.1254
2026-08-03 23:48:23,ETHUSDT,BINANCE,TRADE,1872.65,0.0028
2026-08-03 23:48:23,ETHUSDT,BINANCE,TRADE,1872.65,0.0027
2026-08-03 23:48:23,ETHUSDT,BINANCE,TRADE,1872.65,0.0027
2026-08-03 23:48:23,ETHUSDT,BINANCE,TRADE,1872.65,0.0027
2026-08-03 23:48:23,ETHUSDT,BINANCE,TRADE,1872.66,0.0027
2026-08-03 23:48:23,ETHUSDT,BINANCE,TRADE,1872.66,0.0028
2026-08-03 23:48:23,ETHUSDT,BINANCE,TRADE,1872.66,0.0028
2026-08-03 23:48:23,ETHUSDT,BINANCE,TRADE,1872.66,0.0028
2026-08-03 23:48:23,ETHUSDT,BINANCE,TRADE,1872.66,0.0028
2026-08-03 23:48:23,ETHUSDT,BINANCE,TRADE,1872.66,0.0027
2026-08-03 23:48:23,ETHUSDT,BINANCE,TRADE,1872.66,0.0027
2026-08-03 23:48:23,ETHUSDT,BINANCE,TRADE,1872.66,0.0027
2026-08-03 23:48:23,ETHUSDT,BINANCE,TRADE,1872.66,0.0027
2026-08-03 23:48:23,ETHUSDT,BINANCE,TRADE,1872.67,0.0027
2026-08-03 23:48:23,ETHUSDT,BINANCE,TRADE,1872.67,0.0029
2026-08-03 23:48:23,ETHUSDT,BINANCE,TRADE,1872.67,0.0029
2026-08-03 23:48:23,ETHUSDT,BINANCE,TRADE,1872.67,0.0028
2026-08-03 23:48:23,ETHUSDT,BINANCE,TRADE,1872.67,0.0027
2026-08-03 23:48:23,ETHUSDT,BINANCE,TRADE,1872.67,0.0029
2026-08-03 23:48:23,ETHUSDT,BINANCE,TRADE,1872.67,0.0027
2026-08-03 23:48:23,ETHUSDT,BINANCE,TRADE,1872.67,0.0027
2026-08-03 23:48:23,ETHUSDT,BINANCE,TRADE,1872.67,0.0027
2026-08-03 23:48:23,BTCUSDT,BINANCE,TRADE,63946,9e-05
2026-08-03 23:48:23,BTCUSDT,BINANCE,TRADE,63946,1e-05
2026-08-03 23:48:23,ETHUSDT,BINANCE,TRADE,1872.68,0.0027
2026-08-03 23:48:23,ETHUSDT,BINANCE,TRADE,1872.68,0.769
2026-08-03 23:48:23,ETHUSDT,BINANCE,TRADE,1872.68,0.0028
2026-08-03 23:48:23,ETHUSDT,BINANCE,TRADE,1872.68,0.0032
2026-08-03 23:48:23,ETHUSDT,BINANCE,TRADE,1872.68,0.0032
2026-08-03 23:48:23,ETHUSDT,BINANCE,TRADE,1872.68,0.0027
2026-08-03 23:48:23,ETHUSDT,BINANCE,TRADE,1872.68,0.0028
2026-08-03 23:48:23,ETHUSDT,BINANCE,TRADE,1872.68,0.0028
2026-08-03 23:48:23,ETHUSDT,BINANCE,TRADE,1872.68,0.0028
2026-08-03 23:48:23,ETHUSDT,BINANCE,TRADE,1872.68,0.0028
2026-08-03 23:48:23,ETHUSDT,BINANCE,TRADE,1872.68,0.0028
2026-08-03 23:48:23,ETHUSDT,BINANCE,TRADE,1872.68,0.0054
2026-08-03 23:48:23,ETHUSDT,BINANCE,TRADE,1872.68,0.0028
2026-08-03 23:48:23,ETHUSDT,BINANCE,TRADE,1872.68,0.0027
2026-08-03 23:48:23,ETHUSDT,BINANCE,TRADE,1872.68,0.0027
2026-08-03 23:48:23,ETHUSDT,BINANCE,TRADE,1872.68,0.0027
2026-08-03 23:48:23,ETHUSDT,BINANCE,TRADE,1872.68,0.0027
2026-08-03 23:48:23,ETHUSDT,BINANCE,TRADE,1872.69,0.0027
2026-08-03 23:48:23,ETHUSDT,BINANCE,TRADE,1872.69,0.0028
2026-08-03 23:48:23,ETHUSDT,BINANCE,TRADE,1872.69,0.0028
2026-08-03 23:48:23,ETHUSDT,BINANCE,TRADE,1872.69,0.0028
2026-08-03 23:48:23,ETHUSDT,BINANCE,TRADE,1872.69,0.0028
2026-08-03 23:48:23,ETHUSDT,BINANCE,TRADE,1872.69,0.0054
2026-08-03 23:48:23,ETHUSDT,BINANCE,TRADE,1872.69,0.0027
2026-08-03 23:48:23,ETHUSDT,BINANCE,TRADE,1872.69,0.0027
2026-08-03 23:48:23,ETHUSDT,BINANCE,TRADE,1872.69,0.0027
2026-08-03 23:48:23,ETHUSDT,BINANCE,TRADE,1872.69,0.0027
2026-08-03 23:48:23,ETHUSDT,BINANCE,TRADE,1872.7,0.0027
2026-08-03 23:48:23,ETHUSDT,BINANCE,TRADE,1872.7,0.0028
2026-08-03 23:48:23,ETHUSDT,BINANCE,TRADE,1872.7,0.0054
2026-08-03 23:48:23,ETHUSDT,BINANCE,TRADE,1872.7,0.0027
2026-08-03 23:48:23,ETHUSDT,BINANCE,TRADE,1872.7,0.0027
2026-08-03 23:48:23,ETHUSDT,BINANCE,TRADE,1872.7,0.0027
2026-08-03 23:48:23,ETHUSDT,BINANCE,TRADE,1872.7,0.0027
2026-08-03 23:48:23,ETHUSDT,BINANCE,TRADE,1872.71,0.0027
2026-08-03 23:48:23,ETHUSDT,BINANCE,TRADE,1872.71,0.0027
2026-08-03 23:48:23,ETHUSDT,BINANCE,TRADE,1872.71,0.0028
2026-08-03 23:48:23,ETHUSDT,BINANCE,TRADE,1872.71,0.0027
2026-08-03 23:48:23,ETHUSDT,BINANCE,TRADE,1872.71,0.0027
2026-08-03 23:48:23,ETHUSDT,BINANCE,TRADE,1872.71,0.0027
2026-08-03 23:48:23,ETHUSDT,BINANCE,TRADE,1872.71,0.0027
2026-08-03 23:48:23,ETHUSDT,BINANCE,TRADE,1872.71,0.0027
2026-08-03 23:48:23,ETHUSDT,BINANCE,TRADE,1872.71,0.0027
2026-08-03 23:48:23,ETHUSDT,BINANCE,TRADE,1872.71,0.0027
2026-08-03 23:48:23,ETHUSDT,BINANCE,TRADE,1872.71,0.0027
2026-08-03 23:48:23,ETHUSDT,BINANCE,TRADE,1872.72,0.0027
2026-08-03 23:48:23,ETHUSDT,BINANCE,TRADE,1872.72,0.0028
2026-08-03 23:48:23,ETHUSDT,BINANCE,TRADE,1872.73,0.0028
2026-08-03 23:48:23,ETHUSDT,BINANCE,TRADE,1872.73,0.0028
2026-08-03 23:48:23,ETHUSDT,BINANCE,TRADE,1872.74,0.0029
2026-08-03 23:48:23,ETHUSDT,BINANCE,TRADE,1872.74,0.0029
2026-08-03 23:48:23,ETHUSDT,BINANCE,TRADE,1872.74,0.0028
2026-08-03 23:48:23,ETHUSDT,BINANCE,TRADE,1872.74,0.0029
2026-08-03 23:48:23,ETHUSDT,BINANCE,TRADE,1872.75,0.0027
2026-08-03 23:48:23,ETHUSDT,BINANCE,TRADE,1872.75,0.016
2026-08-03 23:48:23,SOLUSDT,BINANCE,TRADE,74.22,0.102
2026-08-03 23:48:23,BTCUSDT,BINANCE,TRADE,63946,7e-05
2026-08-03 23:48:23,BTCUSDT,BINANCE,TRADE,63946,5e-05
2026-08-03 23:48:23,ETHUSDT,BINANCE,TRADE,1872.75,0.0027
2026-08-03 23:48:23,ETHUSDT,BINANCE,TRADE,1872.75,0.0032
2026-08-03 23:48:23,ETHUSDT,BINANCE,TRADE,1872.75,0.0027
2026-08-03 23:48:23,ETHUSDT,BINANCE,TRADE,1872.75,0.0028
2026-08-03 23:48:23,ETHUSDT,BINANCE,TRADE,1872.75,0.0028
2026-08-03 23:48:23,ETHUSDT,BINANCE,TRADE,1872.75,0.0028
2026-08-03 23:48:23,ETHUSDT,BINANCE,TRADE,1872.75,0.0028
2026-08-03 23:48:23,ETHUSDT,BINANCE,TRADE,1872.75,0.0028
2026-08-03 23:48:23,ETHUSDT,BINANCE,TRADE,1872.75,0.0028
2026-08-03 23:48:23,ETHUSDT,BINANCE,TRADE,1872.75,0.0027
2026-08-03 23:48:23,ETHUSDT,BINANCE,TRADE,1872.75,0.0027
2026-08-03 23:48:23,ETHUSDT,BINANCE,TRADE,1872.75,0.02
2026-08-03 23:48:23,ETHUSDT,BINANCE,TRADE,1872.75,0.0027
2026-08-03 23:48:23,ETHUSDT,BINANCE,TRADE,1872.75,0.0032
2026-08-03 23:48:23,ETHUSDT,BINANCE,TRADE,1872.75,0.0027
2026-08-03 23:48:23,ETHUSDT,BINANCE,TRADE,1872.75,0.0027
2026-08-03 23:48:23,ETHUSDT,BINANCE,TRADE,1872.75,0.0027
2026-08-03 23:48:23,ETHUSDT,BINANCE,TRADE,1872.75,0.0027
2026-08-03 23:48:23,ETHUSDT,BINANCE,TRADE,1872.75,0.0027
2026-08-03 23:48:23,ETHUSDT,BINANCE,TRADE,1872.76,0.0028
2026-08-03 23:48:23,ETHUSDT,BINANCE,TRADE,1872.76,0.0028
2026-08-03 23:48:23,ETHUSDT,BINANCE,TRADE,1872.76,0.0028
2026-08-03 23:48:23,ETHUSDT,BINANCE,TRADE,1872.76,0.0028
2026-08-03 23:48:23,ETHUSDT,BINANCE,TRADE,1872.77,0.0028
2026-08-03 23:48:23,ETHUSDT,BINANCE,TRADE,1872.78,0.0027
2026-08-03 23:48:23,ETHUSDT,BINANCE,TRADE,1872.78,0.0028
2026-08-03 23:48:23,ETHUSDT,BINANCE,TRADE,1872.78,0.0027
2026-08-03 23:48:23,ETHUSDT,BINANCE,TRADE,1872.78,0.0027
2026-08-03 23:48:23,ETHUSDT,BINANCE,TRADE,1872.78,0.0027
2026-08-03 23:48:23,ETHUSDT,BINANCE,TRADE,1872.78,0.0027
2026-08-03 23:48:23,ETHUSDT,BINANCE,TRADE,1872.79,0.0027
2026-08-03 23:48:23,ETHUSDT,BINANCE,TRADE,1872.79,0.011
2026-08-03 23:48:23,ETHUSDT,BINANCE,TRADE,1872.79,0.0028
2026-08-03 23:48:23,ETHUSDT,BINANCE,TRADE,1872.79,0.0027
2026-08-03 23:48:23,ETHUSDT,BINANCE,TRADE,1872.79,0.0027
2026-08-03 23:48:23,ETHUSDT,BINANCE,TRADE,1872.79,0.0027
2026-08-03 23:48:23,ETHUSDT,BINANCE,TRADE,1872.79,0.0027
2026-08-03 23:48:23,ETHUSDT,BINANCE,TRADE,1872.8,0.0027
2026-08-03 23:48:23,ETHUSDT,BINANCE,TRADE,1872.8,0.0027
2026-08-03 23:48:23,ETHUSDT,BINANCE,TRADE,1872.8,0.0028
2026-08-03 23:48:23,ETHUSDT,BINANCE,TRADE,1872.8,0.0027
2026-08-03 23:48:23,ETHUSDT,BINANCE,TRADE,1872.8,0.0027
2026-08-03 23:48:23,ETHUSDT,BINANCE,TRADE,1872.81,0.0027
2026-08-03 23:48:23,ETHUSDT,BINANCE,TRADE,1872.81,0.0028
2026-08-03 23:48:23,ETHUSDT,BINANCE,TRADE,1872.82,0.0027
2026-08-03 23:48:23,ETHUSDT,BINANCE,TRADE,1872.82,0.0028
2026-08-03 23:48:23,ETHUSDT,BINANCE,TRADE,1872.82,0.0027
2026-08-03 23:48:23,ETHUSDT,BINANCE,TRADE,1872.84,0.0027
2026-08-03 23:48:23,ETHUSDT,BINANCE,TRADE,1872.84,0.0028
2026-08-03 23:48:23,ETHUSDT,BINANCE,TRADE,1872.84,0.0027
2026-08-03 23:48:23,ETHUSDT,BINANCE,TRADE,1872.84,0.0027
2026-08-03 23:48:23,ETHUSDT,BINANCE,TRADE,1872.84,0.0027
2026-08-03 23:48:23,ETHUSDT,BINANCE,TRADE,1872.84,0.0027
2026-08-03 23:48:23,ETHUSDT,BINANCE,TRADE,1872.85,0.0027
2026-08-03 23:48:23,ETHUSDT,BINANCE,TRADE,1872.85,0.0029
2026-08-03 23:48:23,ETHUSDT,BINANCE,TRADE,1872.85,0.0029
2026-08-03 23:48:23,ETHUSDT,BINANCE,TRADE,1872.85,0.0028
2026-08-03 23:48:23,ETHUSDT,BINANCE,TRADE,1872.85,0.0027
2026-08-03 23:48:23,ETHUSDT,BINANCE,TRADE,1872.85,0.0029
2026-08-03 23:48:23,ETHUSDT,BINANCE,TRADE,1872.85,0.0027
2026-08-03 23:48:23,ETHUSDT,BINANCE,TRADE,1872.85,0.0027
2026-08-03 23:48:23,ETHUSDT,BINANCE,TRADE,1872.85,0.0027
2026-08-03 23:48:23,BTCUSDT,BINANCE,TRADE,63946,0.00011
2026-08-03 23:48:23,BTCUSDT,BINANCE,TRADE,63946,8e-05
2026-08-03 23:48:23,BTCUSDT,BINANCE,TRADE,63946,2e-05
2026-08-03 23:48:23,BTCUSDT,BINANCE,TRADE,63946,6e-05
2026-08-03 23:48:23,BTCUSDT,BINANCE,TRADE,63946,8e-05
2026-08-03 23:48:23,BTCUSDT,BINANCE,TRADE,63946,7e-05
2026-08-03 23:48:23,BTCUSDT,BINANCE,TRADE,63946,0.00052
2026-08-03 23:48:23,SOLUSDT,BINANCE,TRADE,74.22,0.161
2026-08-03 23:48:24,BTCUSDT,BINANCE,TRADE,63946,0.00079
2026-08-03 23:48:24,SOLUSDT,BINANCE,TRADE,74.21,0.098
2026-08-03 23:48:24,BTCUSDT,BINANCE,TRADE,63946,0.00081
2026-08-03 23:48:25,ETHUSDT,BINANCE,TRADE,1872.85,0.075
2026-08-03 23:48:25,ETHUSDT,BINANCE,TRADE,1872.85,1.8216
2026-08-03 23:48:25,ETHUSDT,BINANCE,TRADE,1872.85,0.8343
2026-08-03 23:48:25,ETHUSDT,BINANCE,TRADE,1872.85,1.8354
2026-08-03 23:48:25,ETHUSDT,BINANCE,TRADE,1872.85,5.6716
2026-08-03 23:48:25,ETHUSDT,BINANCE,TRADE,1872.85,1.3537
2026-08-03 23:48:25,ETHUSDT,BINANCE,TRADE,1872.85,3.5681
2026-08-03 23:48:25,ETHUSDT,BINANCE,TRADE,1872.85,1.8488
2026-08-03 23:48:25,ETHUSDT,BINANCE,TRADE,1872.85,1.0407
2026-08-03 23:48:25,ETHUSDT,BINANCE,TRADE,1872.85,4.2758
2026-08-03 23:48:25,ETHUSDT,BINANCE,TRADE,1872.85,1.9958
2026-08-03 23:48:25,ETHUSDT,BINANCE,TRADE,1872.85,0.0027
2026-08-03 23:48:25,ETHUSDT,BINANCE,TRADE,1872.85,3.69
2026-08-03 23:48:25,ETHUSDT,BINANCE,TRADE,1872.85,0.0028
2026-08-03 23:48:25,ETHUSDT,BINANCE,TRADE,1872.85,0.0027
2026-08-03 23:48:25,ETHUSDT,BINANCE,TRADE,1872.85,0.0054
2026-08-03 23:48:25,ETHUSDT,BINANCE,TRADE,1872.85,0.0027
2026-08-03 23:48:25,ETHUSDT,BINANCE,TRADE,1872.85,0.0027
2026-08-03 23:48:25,ETHUSDT,BINANCE,TRADE,1872.85,0.0027
2026-08-03 23:48:25,ETHUSDT,BINANCE,TRADE,1872.85,0.0027
2026-08-03 23:48:25,ETHUSDT,BINANCE,TRADE,1872.85,0.0027
2026-08-03 23:48:25,ETHUSDT,BINANCE,TRADE,1872.85,0.0096
2026-08-03 23:48:25,ETHUSDT,BINANCE,TRADE,1872.85,0.0032
2026-08-03 23:48:25,ETHUSDT,BINANCE,TRADE,1872.85,0.0028
2026-08-03 23:48:25,ETHUSDT,BINANCE,TRADE,1872.85,7.8659
2026-08-03 23:48:25,ETHUSDT,BINANCE,TRADE,1872.85,0.0027
2026-08-03 23:48:25,ETHUSDT,BINANCE,TRADE,1872.85,0.0032
2026-08-03 23:48:25,ETHUSDT,BINANCE,TRADE,1872.85,0.0027
2026-08-03 23:48:25,ETHUSDT,BINANCE,TRADE,1872.85,0.0027
2026-08-03 23:48:25,ETHUSDT,BINANCE,TRADE,1872.85,0.0027
2026-08-03 23:48:25,ETHUSDT,BINANCE,TRADE,1872.85,0.0027
2026-08-03 23:48:25,ETHUSDT,BINANCE,TRADE,1872.85,0.0027
2026-08-03 23:48:25,ETHUSDT,BINANCE,TRADE,1872.85,0.0027
2026-08-03 23:48:25,ETHUSDT,BINANCE,TRADE,1872.85,0.0027
2026-08-03 23:48:25,ETHUSDT,BINANCE,TRADE,1872.85,0.0027
2026-08-03 23:48:25,ETHUSDT,BINANCE,TRADE,1872.85,0.0027
2026-08-03 23:48:25,ETHUSDT,BINANCE,TRADE,1872.85,0.0027
2026-08-03 23:48:25,ETHUSDT,BINANCE,TRADE,1872.85,0.0027
2026-08-03 23:48:25,ETHUSDT,BINANCE,TRADE,1872.85,0.0027
2026-08-03 23:48:25,ETHUSDT,BINANCE,TRADE,1872.84,0.0054
2026-08-03 23:48:25,ETHUSDT,BINANCE,TRADE,1872.84,0.0028
2026-08-03 23:48:25,ETHUSDT,BINANCE,TRADE,1872.84,0.5418
2026-08-03 23:48:25,ETHUSDT,BINANCE,TRADE,1872.84,0.0027
2026-08-03 23:48:25,ETHUSDT,BINANCE,TRADE,1872.84,0.0032
2026-08-03 23:48:25,ETHUSDT,BINANCE,TRADE,1872.84,0.0032
2026-08-03 23:48:25,ETHUSDT,BINANCE,TRADE,1872.84,0.0027
2026-08-03 23:48:25,ETHUSDT,BINANCE,TRADE,1872.84,0.0028
2026-08-03 23:48:25,ETHUSDT,BINANCE,TRADE,1872.84,0.0028
2026-08-03 23:48:25,ETHUSDT,BINANCE,TRADE,1872.84,0.0027
2026-08-03 23:48:25,ETHUSDT,BINANCE,TRADE,1872.84,0.0027
2026-08-03 23:48:25,ETHUSDT,BINANCE,TRADE,1872.84,1.8402
2026-08-03 23:48:25,ETHUSDT,BINANCE,TRADE,1872.84,0.0269
2026-08-03 23:48:25,ETHUSDT,BINANCE,TRADE,1872.84,0.0027
2026-08-03 23:48:25,ETHUSDT,BINANCE,TRADE,1872.84,0.0028
2026-08-03 23:48:25,ETHUSDT,BINANCE,TRADE,1872.84,0.0028
2026-08-03 23:48:25,ETHUSDT,BINANCE,TRADE,1872.84,0.0032
2026-08-03 23:48:25,ETHUSDT,BINANCE,TRADE,1872.84,0.0032
2026-08-03 23:48:25,ETHUSDT,BINANCE,TRADE,1872.84,0.0027
2026-08-03 23:48:25,ETHUSDT,BINANCE,TRADE,1872.83,0.0054
2026-08-03 23:48:25,ETHUSDT,BINANCE,TRADE,1872.83,0.0027
2026-08-03 23:48:25,ETHUSDT,BINANCE,TRADE,1872.83,0.0027
2026-08-03 23:48:25,ETHUSDT,BINANCE,TRADE,1872.83,0.0028
2026-08-03 23:48:25,ETHUSDT,BINANCE,TRADE,1872.83,0.0027
2026-08-03 23:48:25,ETHUSDT,BINANCE,TRADE,1872.83,0.0027
2026-08-03 23:48:25,ETHUSDT,BINANCE,TRADE,1872.83,0.0027
2026-08-03 23:48:25,ETHUSDT,BINANCE,TRADE,1872.83,0.0027
2026-08-03 23:48:25,ETHUSDT,BINANCE,TRADE,1872.81,0.0027
2026-08-03 23:48:25,ETHUSDT,BINANCE,TRADE,1872.81,0.0028
2026-08-03 23:48:25,ETHUSDT,BINANCE,TRADE,1872.81,0.0028
2026-08-03 23:48:25,BTCUSDT,BINANCE,TRADE,63946,0.0001
2026-08-03 23:48:25,SOLUSDT,BINANCE,TRADE,74.21,2.105
2026-08-03 23:48:25,ETHUSDT,BINANCE,TRADE,1872.8,0.0027
2026-08-03 23:48:25,ETHUSDT,BINANCE,TRADE,1872.8,0.0003
2026-08-03 23:48:25,SOLUSDT,BINANCE,TRADE,74.21,0.068
2026-08-03 23:48:25,SOLUSDT,BINANCE,TRADE,74.21,0.073
2026-08-03 23:48:25,SOLUSDT,BINANCE,TRADE,74.21,0.073
2026-08-03 23:48:25,SOLUSDT,BINANCE,TRADE,74.21,0.073
2026-08-03 23:48:25,SOLUSDT,BINANCE,TRADE,74.21,0.073
2026-08-03 23:48:25,SOLUSDT,BINANCE,TRADE,74.21,0.073
2026-08-03 23:48:25,SOLUSDT,BINANCE,TRADE,74.21,0.073
2026-08-03 23:48:25,SOLUSDT,BINANCE,TRADE,74.21,0.073
2026-08-03 23:48:25,SOLUSDT,BINANCE,TRADE,74.21,0.073
2026-08-03 23:48:25,SOLUSDT,BINANCE,TRADE,74.21,0.135
2026-08-03 23:48:25,SOLUSDT,BINANCE,TRADE,74.21,0.071
2026-08-03 23:48:25,SOLUSDT,BINANCE,TRADE,74.21,0.071
2026-08-03 23:48:25,SOLUSDT,BINANCE,TRADE,74.21,0.061
2026-08-03 23:48:25,SOLUSDT,BINANCE,TRADE,74.22,0.015
2026-08-03 23:48:25,SOLUSDT,BINANCE,TRADE,74.22,0.069
2026-08-03 23:48:25,SOLUSDT,BINANCE,TRADE,74.22,0.075
2026-08-03 23:48:25,SOLUSDT,BINANCE,TRADE,74.22,0.068
2026-08-03 23:48:25,SOLUSDT,BINANCE,TRADE,74.22,0.073
2026-08-03 23:48:25,SOLUSDT,BINANCE,TRADE,74.22,0.073
2026-08-03 23:48:25,SOLUSDT,BINANCE,TRADE,74.22,0.073
2026-08-03 23:48:25,SOLUSDT,BINANCE,TRADE,74.22,0.073
2026-08-03 23:48:25,SOLUSDT,BINANCE,TRADE,74.22,0.261
2026-08-03 23:48:25,SOLUSDT,BINANCE,TRADE,74.22,1.109
2026-08-03 23:48:25,ETHUSDT,BINANCE,TRADE,1872.8,0.0024
2026-08-03 23:48:25,ETHUSDT,BINANCE,TRADE,1872.8,0.0028
2026-08-03 23:48:25,ETHUSDT,BINANCE,TRADE,1872.8,0.0032
2026-08-03 23:48:25,ETHUSDT,BINANCE,TRADE,1872.8,0.0027
2026-08-03 23:48:25,ETHUSDT,BINANCE,TRADE,1872.8,0.0028
2026-08-03 23:48:25,ETHUSDT,BINANCE,TRADE,1872.8,0.0027
2026-08-03 23:48:25,ETHUSDT,BINANCE,TRADE,1872.8,0.0027
2026-08-03 23:48:25,ETHUSDT,BINANCE,TRADE,1872.8,0.0032
2026-08-03 23:48:25,ETHUSDT,BINANCE,TRADE,1872.8,0.0027
2026-08-03 23:48:25,ETHUSDT,BINANCE,TRADE,1872.79,0.0029
2026-08-03 23:48:25,ETHUSDT,BINANCE,TRADE,1872.79,0.0029
2026-08-03 23:48:25,ETHUSDT,BINANCE,TRADE,1872.79,0.0028
2026-08-03 23:48:25,ETHUSDT,BINANCE,TRADE,1872.79,0.0029
2026-08-03 23:48:25,SOLUSDT,BINANCE,TRADE,74.21,0.154
2026-08-03 23:48:25,SOLUSDT,BINANCE,TRADE,74.21,9.377
2026-08-03 23:48:25,SOLUSDT,BINANCE,TRADE,74.21,3.9
2026-08-03 23:48:25,SOLUSDT,BINANCE,TRADE,74.21,0.097
2026-08-03 23:48:25,SOLUSDT,BINANCE,TRADE,74.21,0.073
2026-08-03 23:48:25,SOLUSDT,BINANCE,TRADE,74.21,0.073
2026-08-03 23:48:25,SOLUSDT,BINANCE,TRADE,74.21,0.071
2026-08-03 23:48:25,SOLUSDT,BINANCE,TRADE,74.21,0.135
2026-08-03 23:48:25,SOLUSDT,BINANCE,TRADE,74.21,0.073
2026-08-03 23:48:25,SOLUSDT,BINANCE,TRADE,74.21,0.073
2026-08-03 23:48:25,SOLUSDT,BINANCE,TRADE,74.21,0.073
2026-08-03 23:48:25,SOLUSDT,BINANCE,TRADE,74.21,0.068
2026-08-03 23:48:25,SOLUSDT,BINANCE,TRADE,74.21,0.073
2026-08-03 23:48:25,SOLUSDT,BINANCE,TRADE,74.21,0.073
2026-08-03 23:48:25,SOLUSDT,BINANCE,TRADE,74.21,0.071
2026-08-03 23:48:25,SOLUSDT,BINANCE,TRADE,74.21,0.073
2026-08-03 23:48:25,SOLUSDT,BINANCE,TRADE,74.21,0.071
2026-08-03 23:48:25,ETHUSDT,BINANCE,TRADE,1872.78,0.0028
2026-08-03 23:48:25,ETHUSDT,BINANCE,TRADE,1872.78,0.0027
2026-08-03 23:48:25,ETHUSDT,BINANCE,TRADE,1872.78,0.0027
2026-08-03 23:48:25,ETHUSDT,BINANCE,TRADE,1872.78,0.0032
2026-08-03 23:48:25,ETHUSDT,BINANCE,TRADE,1872.78,0.0032
2026-08-03 23:48:25,ETHUSDT,BINANCE,TRADE,1872.78,0.0028
2026-08-03 23:48:25,ETHUSDT,BINANCE,TRADE,1872.78,0.0028
2026-08-03 23:48:25,ETHUSDT,BINANCE,TRADE,1872.78,0.0028
2026-08-03 23:48:25,ETHUSDT,BINANCE,TRADE,1872.78,0.0028
2026-08-03 23:48:25,ETHUSDT,BINANCE,TRADE,1872.78,0.0028
2026-08-03 23:48:25,ETHUSDT,BINANCE,TRADE,1872.78,0.0028
2026-08-03 23:48:25,ETHUSDT,BINANCE,TRADE,1872.78,0.0028
2026-08-03 23:48:25,ETHUSDT,BINANCE,TRADE,1872.78,0.0027
2026-08-03 23:48:25,ETHUSDT,BINANCE,TRADE,1872.77,0.0028
2026-08-03 23:48:25,ETHUSDT,BINANCE,TRADE,1872.77,0.0028
2026-08-03 23:48:25,ETHUSDT,BINANCE,TRADE,1872.77,0.0028
2026-08-03 23:48:25,ETHUSDT,BINANCE,TRADE,1872.75,0.0029
2026-08-03 23:48:25,ETHUSDT,BINANCE,TRADE,1872.75,0.0029
2026-08-03 23:48:25,ETHUSDT,BINANCE,TRADE,1872.75,0.0028
2026-08-03 23:48:25,ETHUSDT,BINANCE,TRADE,1872.75,0.0029
2026-08-03 23:48:25,ETHUSDT,BINANCE,TRADE,1872.74,0.0027
2026-08-03 23:48:25,ETHUSDT,BINANCE,TRADE,1872.74,0.0027
2026-08-03 23:48:25,ETHUSDT,BINANCE,TRADE,1872.74,0.0027
2026-08-03 23:48:25,ETHUSDT,BINANCE,TRADE,1872.74,0.0028
2026-08-03 23:48:25,ETHUSDT,BINANCE,TRADE,1872.74,0.345
2026-08-03 23:48:25,ETHUSDT,BINANCE,TRADE,1872.74,0.0027
2026-08-03 23:48:25,ETHUSDT,BINANCE,TRADE,1872.74,0.0027
2026-08-03 23:48:25,ETHUSDT,BINANCE,TRADE,1872.74,0.0028
2026-08-03 23:48:25,ETHUSDT,BINANCE,TRADE,1872.74,0.0028
2026-08-03 23:48:25,ETHUSDT,BINANCE,TRADE,1872.74,0.0032
2026-08-03 23:48:25,ETHUSDT,BINANCE,TRADE,1872.74,0.0028
2026-08-03 23:48:25,ETHUSDT,BINANCE,TRADE,1872.74,0.0032
2026-08-03 23:48:25,ETHUSDT,BINANCE,TRADE,1872.74,0.0027
2026-08-03 23:48:25,ETHUSDT,BINANCE,TRADE,1872.74,0.0027
2026-08-03 23:48:25,ETHUSDT,BINANCE,TRADE,1872.74,0.0027
2026-08-03 23:48:25,ETHUSDT,BINANCE,TRADE,1872.74,0.0027
2026-08-03 23:48:25,ETHUSDT,BINANCE,TRADE,1872.74,0.0027
2026-08-03 23:48:25,ETHUSDT,BINANCE,TRADE,1872.74,0.0027
2026-08-03 23:48:25,ETHUSDT,BINANCE,TRADE,1872.74,0.0027
2026-08-03 23:48:25,ETHUSDT,BINANCE,TRADE,1872.74,0.0027
2026-08-03 23:48:25,ETHUSDT,BINANCE,TRADE,1872.74,0.0027
2026-08-03 23:48:25,ETHUSDT,BINANCE,TRADE,1872.73,0.0028
2026-08-03 23:48:25,ETHUSDT,BINANCE,TRADE,1872.73,0.0028
2026-08-03 23:48:25,ETHUSDT,BINANCE,TRADE,1872.73,0.0028
2026-08-03 23:48:25,ETHUSDT,BINANCE,TRADE,1872.72,0.0027
2026-08-03 23:48:25,ETHUSDT,BINANCE,TRADE,1872.72,0.0027
2026-08-03 23:48:25,ETHUSDT,BINANCE,TRADE,1872.72,0.0027
2026-08-03 23:48:25,ETHUSDT,BINANCE,TRADE,1872.72,0.0028
2026-08-03 23:48:25,ETHUSDT,BINANCE,TRADE,1872.72,0.0027
2026-08-03 23:48:25,ETHUSDT,BINANCE,TRADE,1872.72,0.0027
2026-08-03 23:48:25,ETHUSDT,BINANCE,TRADE,1872.71,0.0028
2026-08-03 23:48:25,ETHUSDT,BINANCE,TRADE,1872.71,0.0027
2026-08-03 23:48:25,ETHUSDT,BINANCE,TRADE,1872.71,0.0027
2026-08-03 23:48:25,ETHUSDT,BINANCE,TRADE,1872.71,0.0027
2026-08-03 23:48:25,ETHUSDT,BINANCE,TRADE,1872.71,0.0027
2026-08-03 23:48:25,ETHUSDT,BINANCE,TRADE,1872.71,0.0027
2026-08-03 23:48:25,ETHUSDT,BINANCE,TRADE,1872.7,0.0027
2026-08-03 23:48:25,ETHUSDT,BINANCE,TRADE,1872.7,0.0028
2026-08-03 23:48:25,ETHUSDT,BINANCE,TRADE,1872.69,0.0027
2026-08-03 23:48:25,ETHUSDT,BINANCE,TRADE,1872.69,0.0028
2026-08-03 23:48:25,ETHUSDT,BINANCE,TRADE,1872.69,0.0027
2026-08-03 23:48:25,ETHUSDT,BINANCE,TRADE,1872.68,0.0028
2026-08-03 23:48:25,ETHUSDT,BINANCE,TRADE,1872.67,0.0027
2026-08-03 23:48:25,ETHUSDT,BINANCE,TRADE,1872.67,0.0027
2026-08-03 23:48:25,ETHUSDT,BINANCE,TRADE,1872.67,0.0027
2026-08-03 23:48:25,ETHUSDT,BINANCE,TRADE,1872.67,0.0028
2026-08-03 23:48:25,ETHUSDT,BINANCE,TRADE,1872.67,0.0027
2026-08-03 23:48:25,ETHUSDT,BINANCE,TRADE,1872.67,0.0027
2026-08-03 23:48:25,ETHUSDT,BINANCE,TRADE,1872.67,0.0027
2026-08-03 23:48:25,ETHUSDT,BINANCE,TRADE,1872.67,0.0027
2026-08-03 23:48:25,ETHUSDT,BINANCE,TRADE,1872.67,0.0027
2026-08-03 23:48:25,ETHUSDT,BINANCE,TRADE,1872.67,0.0027
2026-08-03 23:48:25,ETHUSDT,BINANCE,TRADE,1872.67,0.0027
2026-08-03 23:48:25,ETHUSDT,BINANCE,TRADE,1872.67,0.0027
2026-08-03 23:48:25,ETHUSDT,BINANCE,TRADE,1872.67,0.0027
2026-08-03 23:48:25,ETHUSDT,BINANCE,TRADE,1872.67,0.0027
2026-08-03 23:48:25,ETHUSDT,BINANCE,TRADE,1872.67,0.0027
2026-08-03 23:48:25,ETHUSDT,BINANCE,TRADE,1872.67,0.0027
2026-08-03 23:48:25,ETHUSDT,BINANCE,TRADE,1872.66,0.0028
2026-08-03 23:48:25,ETHUSDT,BINANCE,TRADE,1872.65,0.008
2026-08-03 23:48:25,ETHUSDT,BINANCE,TRADE,1872.65,0.0028
2026-08-03 23:48:25,ETHUSDT,BINANCE,TRADE,1872.64,0.0027
2026-08-03 23:48:25,ETHUSDT,BINANCE,TRADE,1872.64,0.0027
2026-08-03 23:48:25,ETHUSDT,BINANCE,TRADE,1872.64,0.0027
2026-08-03 23:48:25,ETHUSDT,BINANCE,TRADE,1872.64,0.0027
2026-08-03 23:48:25,ETHUSDT,BINANCE,TRADE,1872.64,0.0027
2026-08-03 23:48:25,ETHUSDT,BINANCE,TRADE,1872.64,0.0027
2026-08-03 23:48:25,ETHUSDT,BINANCE,TRADE,1872.64,0.0027
2026-08-03 23:48:25,ETHUSDT,BINANCE,TRADE,1872.64,0.0027
2026-08-03 23:48:25,ETHUSDT,BINANCE,TRADE,1872.64,0.0027
2026-08-03 23:48:25,ETHUSDT,BINANCE,TRADE,1872.64,0.0027
2026-08-03 23:48:25,ETHUSDT,BINANCE,TRADE,1872.64,0.0027
2026-08-03 23:48:25,ETHUSDT,BINANCE,TRADE,1872.64,0.0027
2026-08-03 23:48:25,ETHUSDT,BINANCE,TRADE,1872.64,0.0027
2026-08-03 23:48:25,ETHUSDT,BINANCE,TRADE,1872.64,0.0027
2026-08-03 23:48:25,ETHUSDT,BINANCE,TRADE,1872.64,0.0027
2026-08-03 23:48:25,ETHUSDT,BINANCE,TRADE,1872.64,0.0027
2026-08-03 23:48:25,ETHUSDT,BINANCE,TRADE,1872.64,0.0027
2026-08-03 23:48:25,ETHUSDT,BINANCE,TRADE,1872.64,0.0027
2026-08-03 23:48:25,ETHUSDT,BINANCE,TRADE,1872.64,0.0027
2026-08-03 23:48:25,ETHUSDT,BINANCE,TRADE,1872.64,0.0027
2026-08-03 23:48:25,ETHUSDT,BINANCE,TRADE,1872.64,0.0027
2026-08-03 23:48:25,ETHUSDT,BINANCE,TRADE,1872.64,0.0027
2026-08-03 23:48:25,ETHUSDT,BINANCE,TRADE,1872.64,0.0027
2026-08-03 23:48:25,ETHUSDT,BINANCE,TRADE,1872.64,0.0027
2026-08-03 23:48:25,ETHUSDT,BINANCE,TRADE,1872.64,0.0027
2026-08-03 23:48:25,ETHUSDT,BINANCE,TRADE,1872.63,0.0027
2026-08-03 23:48:25,ETHUSDT,BINANCE,TRADE,1872.62,0.011
2026-08-03 23:48:25,ETHUSDT,BINANCE,TRADE,1872.62,0.0029
2026-08-03 23:48:25,ETHUSDT,BINANCE,TRADE,1872.62,0.0029
2026-08-03 23:48:25,ETHUSDT,BINANCE,TRADE,1872.62,0.0029
2026-08-03 23:48:25,BTCUSDT,BINANCE,TRADE,63946,0.00021
2026-08-03 23:48:26,SOLUSDT,BINANCE,TRADE,74.2,0.068
2026-08-03 23:48:26,SOLUSDT,BINANCE,TRADE,74.2,0.278
2026-08-03 23:48:26,SOLUSDT,BINANCE,TRADE,74.2,0.073
2026-08-03 23:48:26,SOLUSDT,BINANCE,TRADE,74.2,0.073
2026-08-03 23:48:26,SOLUSDT,BINANCE,TRADE,74.2,6.146
2026-08-03 23:48:26,SOLUSDT,BINANCE,TRADE,74.2,0.069
2026-08-03 23:48:26,SOLUSDT,BINANCE,TRADE,74.2,0.081
2026-08-03 23:48:26,SOLUSDT,BINANCE,TRADE,74.2,3.985
2026-08-03 23:48:26,SOLUSDT,BINANCE,TRADE,74.2,0.073
2026-08-03 23:48:26,SOLUSDT,BINANCE,TRADE,74.2,0.073
2026-08-03 23:48:26,SOLUSDT,BINANCE,TRADE,74.2,0.073
2026-08-03 23:48:26,SOLUSDT,BINANCE,TRADE,74.2,0.073
2026-08-03 23:48:26,SOLUSDT,BINANCE,TRADE,74.2,0.073
2026-08-03 23:48:26,SOLUSDT,BINANCE,TRADE,74.2,0.073
2026-08-03 23:48:26,SOLUSDT,BINANCE,TRADE,74.2,0.238
2026-08-03 23:48:26,SOLUSDT,BINANCE,TRADE,74.2,0.069
2026-08-03 23:48:26,SOLUSDT,BINANCE,TRADE,74.2,0.071
2026-08-03 23:48:26,SOLUSDT,BINANCE,TRADE,74.2,0.073
2026-08-03 23:48:26,SOLUSDT,BINANCE,TRADE,74.2,0.068
2026-08-03 23:48:26,SOLUSDT,BINANCE,TRADE,74.2,0.073
2026-08-03 23:48:26,SOLUSDT,BINANCE,TRADE,74.2,0.071
2026-08-03 23:48:26,SOLUSDT,BINANCE,TRADE,74.2,0.135
2026-08-03 23:48:26,SOLUSDT,BINANCE,TRADE,74.2,13.353
2026-08-03 23:48:26,SOLUSDT,BINANCE,TRADE,74.2,0.073
2026-08-03 23:48:26,SOLUSDT,BINANCE,TRADE,74.2,0.073
2026-08-03 23:48:26,SOLUSDT,BINANCE,TRADE,74.2,0.071
2026-08-03 23:48:26,ETHUSDT,BINANCE,TRADE,1872.61,0.0028
2026-08-03 23:48:26,ETHUSDT,BINANCE,TRADE,1872.61,0.0002
2026-08-03 23:48:26,BTCUSDT,BINANCE,TRADE,63946,0.00029
2026-08-03 23:48:27,BTCUSDT,BINANCE,TRADE,63946,0.00011
2026-08-03 23:48:27,BTCUSDT,BINANCE,TRADE,63946,0.00039
2026-08-03 23:48:27,BTCUSDT,BINANCE,TRADE,63946,0.00039
2026-08-03 23:48:28,BTCUSDT,BINANCE,TRADE,63946,0.00012
2026-08-03 23:48:28,BTCUSDT,BINANCE,TRADE,63946,0.00043
2026-08-03 23:48:28,ETHUSDT,BINANCE,TRADE,1872.62,0.0828
2026-08-03 23:48:28,ETHUSDT,BINANCE,TRADE,1872.61,0.0026
2026-08-03 23:48:28,ETHUSDT,BINANCE,TRADE,1872.61,0.0027
2026-08-03 23:48:28,ETHUSDT,BINANCE,TRADE,1872.61,0.0028
2026-08-03 23:48:28,ETHUSDT,BINANCE,TRADE,1872.61,0.0028
2026-08-03 23:48:28,ETHUSDT,BINANCE,TRADE,1872.61,0.0027
2026-08-03 23:48:28,ETHUSDT,BINANCE,TRADE,1872.61,0.0054
2026-08-03 23:48:28,ETHUSDT,BINANCE,TRADE,1872.61,0.0027
2026-08-03 23:48:28,ETHUSDT,BINANCE,TRADE,1872.61,0.0028
2026-08-03 23:48:28,ETHUSDT,BINANCE,TRADE,1872.61,0.321
2026-08-03 23:48:28,ETHUSDT,BINANCE,TRADE,1872.61,0.0028
2026-08-03 23:48:28,ETHUSDT,BINANCE,TRADE,1872.61,0.0032
2026-08-03 23:48:28,ETHUSDT,BINANCE,TRADE,1872.61,0.0032
2026-08-03 23:48:28,ETHUSDT,BINANCE,TRADE,1872.61,0.0027
2026-08-03 23:48:28,ETHUSDT,BINANCE,TRADE,1872.6,0.0027
2026-08-03 23:48:28,ETHUSDT,BINANCE,TRADE,1872.6,0.0027
2026-08-03 23:48:28,ETHUSDT,BINANCE,TRADE,1872.6,0.0028
2026-08-03 23:48:28,ETHUSDT,BINANCE,TRADE,1872.6,0.0054
2026-08-03 23:48:28,ETHUSDT,BINANCE,TRADE,1872.6,0.0028
2026-08-03 23:48:28,ETHUSDT,BINANCE,TRADE,1872.6,0.0028
2026-08-03 23:48:28,ETHUSDT,BINANCE,TRADE,1872.6,0.0028
2026-08-03 23:48:28,ETHUSDT,BINANCE,TRADE,1872.6,0.0027
2026-08-03 23:48:28,ETHUSDT,BINANCE,TRADE,1872.6,0.0027
2026-08-03 23:48:28,ETHUSDT,BINANCE,TRADE,1872.59,0.0027
2026-08-03 23:48:28,ETHUSDT,BINANCE,TRADE,1872.59,0.0054
2026-08-03 23:48:28,ETHUSDT,BINANCE,TRADE,1872.59,0.0028
2026-08-03 23:48:28,ETHUSDT,BINANCE,TRADE,1872.59,0.0027
2026-08-03 23:48:28,ETHUSDT,BINANCE,TRADE,1872.59,0.0027
2026-08-03 23:48:28,ETHUSDT,BINANCE,TRADE,1872.59,0.0027
2026-08-03 23:48:28,ETHUSDT,BINANCE,TRADE,1872.59,0.0027
2026-08-03 23:48:28,ETHUSDT,BINANCE,TRADE,1872.59,0.0027
2026-08-03 23:48:28,ETHUSDT,BINANCE,TRADE,1872.59,0.0027
2026-08-03 23:48:28,ETHUSDT,BINANCE,TRADE,1872.58,0.0028
2026-08-03 23:48:28,ETHUSDT,BINANCE,TRADE,1872.58,0.0028
2026-08-03 23:48:28,ETHUSDT,BINANCE,TRADE,1872.57,0.0027
2026-08-03 23:48:28,ETHUSDT,BINANCE,TRADE,1872.57,0.0028
2026-08-03 23:48:28,ETHUSDT,BINANCE,TRADE,1872.57,0.0027
2026-08-03 23:48:28,ETHUSDT,BINANCE,TRADE,1872.57,0.0027
2026-08-03 23:48:28,ETHUSDT,BINANCE,TRADE,1872.57,0.0027
2026-08-03 23:48:28,ETHUSDT,BINANCE,TRADE,1872.57,0.0027
2026-08-03 23:48:28,ETHUSDT,BINANCE,TRADE,1872.56,0.0028
2026-08-03 23:48:28,ETHUSDT,BINANCE,TRADE,1872.56,0.0029
2026-08-03 23:48:28,ETHUSDT,BINANCE,TRADE,1872.56,0.0029
2026-08-03 23:48:28,ETHUSDT,BINANCE,TRADE,1872.56,0.0028
2026-08-03 23:48:28,ETHUSDT,BINANCE,TRADE,1872.56,0.0029
2026-08-03 23:48:28,BTCUSDT,BINANCE,TRADE,63946,0.00072
2026-08-03 23:48:28,BTCUSDT,BINANCE,TRADE,63946,0.00049
2026-08-03 23:48:29,ETHUSDT,BINANCE,TRADE,1872.56,0.0112
2026-08-03 23:48:29,BTCUSDT,BINANCE,TRADE,63946,0.04535
2026-08-03 23:48:29,BTCUSDT,BINANCE,TRADE,63946,0.00302
2026-08-03 23:48:29,BTCUSDT,BINANCE,TRADE,63946,8e-05
2026-08-03 23:48:29,BTCUSDT,BINANCE,TRADE,63946,8e-05
2026-08-03 23:48:29,BTCUSDT,BINANCE,TRADE,63946,0.00242
2026-08-03 23:48:29,BTCUSDT,BINANCE,TRADE,63946,0.00667
2026-08-03 23:48:30,SOLUSDT,BINANCE,TRADE,74.2,55.463
2026-08-03 23:48:30,SOLUSDT,BINANCE,TRADE,74.2,28.98
2026-08-03 23:48:30,SOLUSDT,BINANCE,TRADE,74.2,29.61
2026-08-03 23:48:30,SOLUSDT,BINANCE,TRADE,74.2,43.308
2026-08-03 23:48:30,SOLUSDT,BINANCE,TRADE,74.2,0.068
2026-08-03 23:48:30,SOLUSDT,BINANCE,TRADE,74.2,0.073
2026-08-03 23:48:30,SOLUSDT,BINANCE,TRADE,74.2,0.073
2026-08-03 23:48:30,SOLUSDT,BINANCE,TRADE,74.2,13.49
2026-08-03 23:48:30,SOLUSDT,BINANCE,TRADE,74.2,0.073
2026-08-03 23:48:30,SOLUSDT,BINANCE,TRADE,74.2,0.073
2026-08-03 23:48:30,SOLUSDT,BINANCE,TRADE,74.2,90
2026-08-03 23:48:30,SOLUSDT,BINANCE,TRADE,74.2,30.26
2026-08-03 23:48:30,SOLUSDT,BINANCE,TRADE,74.2,37.197
2026-08-03 23:48:30,SOLUSDT,BINANCE,TRADE,74.2,0.135
2026-08-03 23:48:30,SOLUSDT,BINANCE,TRADE,74.2,3
2026-08-03 23:48:30,SOLUSDT,BINANCE,TRADE,74.2,0.278
2026-08-03 23:48:30,SOLUSDT,BINANCE,TRADE,74.2,0.224
2026-08-03 23:48:30,SOLUSDT,BINANCE,TRADE,74.2,6.848
2026-08-03 23:48:30,SOLUSDT,BINANCE,TRADE,74.2,3.169
2026-08-03 23:48:30,SOLUSDT,BINANCE,TRADE,74.2,0.073
2026-08-03 23:48:30,BTCUSDT,BINANCE,TRADE,63946,0.00014
2026-08-03 23:48:30,SOLUSDT,BINANCE,TRADE,74.21,0.068
2026-08-03 23:48:30,SOLUSDT,BINANCE,TRADE,74.21,0.073
2026-08-03 23:48:30,SOLUSDT,BINANCE,TRADE,74.21,0.135
2026-08-03 23:48:30,SOLUSDT,BINANCE,TRADE,74.21,0.069
2026-08-03 23:48:30,SOLUSDT,BINANCE,TRADE,74.21,0.073
2026-08-03 23:48:30,SOLUSDT,BINANCE,TRADE,74.21,0.073
2026-08-03 23:48:30,SOLUSDT,BINANCE,TRADE,74.21,0.073
2026-08-03 23:48:30,SOLUSDT,BINANCE,TRADE,74.21,0.071
2026-08-03 23:48:30,SOLUSDT,BINANCE,TRADE,74.21,0.073
2026-08-03 23:48:30,SOLUSDT,BINANCE,TRADE,74.21,0.073
2026-08-03 23:48:30,SOLUSDT,BINANCE,TRADE,74.21,0.071
2026-08-03 23:48:30,SOLUSDT,BINANCE,TRADE,74.21,0.073
2026-08-03 23:48:30,SOLUSDT,BINANCE,TRADE,74.21,0.07
2026-08-03 23:48:30,SOLUSDT,BINANCE,TRADE,74.21,0.073
2026-08-03 23:48:30,SOLUSDT,BINANCE,TRADE,74.21,4.257
2026-08-03 23:48:30,SOLUSDT,BINANCE,TRADE,74.21,0.222
2026-08-03 23:48:30,SOLUSDT,BINANCE,TRADE,74.21,0.07
2026-08-03 23:48:30,SOLUSDT,BINANCE,TRADE,74.21,0.073
2026-08-03 23:48:30,SOLUSDT,BINANCE,TRADE,74.21,0.071
2026-08-03 23:48:30,SOLUSDT,BINANCE,TRADE,74.21,0.073
2026-08-03 23:48:30,BTCUSDT,BINANCE,TRADE,63946,0.04881
2026-08-03 23:48:30,BTCUSDT,BINANCE,TRADE,63946,0.01076
2026-08-03 23:48:30,SOLUSDT,BINANCE,TRADE,74.22,0.135
2026-08-03 23:48:30,SOLUSDT,BINANCE,TRADE,74.22,0.068
2026-08-03 23:48:30,SOLUSDT,BINANCE,TRADE,74.22,0.073
2026-08-03 23:48:30,SOLUSDT,BINANCE,TRADE,74.22,0.278
2026-08-03 23:48:30,SOLUSDT,BINANCE,TRADE,74.22,0.069
2026-08-03 23:48:30,SOLUSDT,BINANCE,TRADE,74.22,0.075
2026-08-03 23:48:30,SOLUSDT,BINANCE,TRADE,74.22,0.269
2026-08-03 23:48:30,SOLUSDT,BINANCE,TRADE,74.22,0.073
2026-08-03 23:48:30,SOLUSDT,BINANCE,TRADE,74.22,0.071
2026-08-03 23:48:30,SOLUSDT,BINANCE,TRADE,74.22,0.071
2026-08-03 23:48:30,SOLUSDT,BINANCE,TRADE,74.22,0.07
2026-08-03 23:48:30,SOLUSDT,BINANCE,TRADE,74.22,0.073
2026-08-03 23:48:30,SOLUSDT,BINANCE,TRADE,74.22,0.073
2026-08-03 23:48:30,SOLUSDT,BINANCE,TRADE,74.22,0.073
2026-08-03 23:48:30,SOLUSDT,BINANCE,TRADE,74.22,0.073
2026-08-03 23:48:30,SOLUSDT,BINANCE,TRADE,74.22,0.073
2026-08-03 23:48:30,SOLUSDT,BINANCE,TRADE,74.22,0.073
2026-08-03 23:48:30,SOLUSDT,BINANCE,TRADE,74.22,0.231
2026-08-03 23:48:30,SOLUSDT,BINANCE,TRADE,74.22,0.071
2026-08-03 23:48:30,SOLUSDT,BINANCE,TRADE,74.22,0.073
2026-08-03 23:48:30,SOLUSDT,BINANCE,TRADE,74.22,0.073
2026-08-03 23:48:30,BTCUSDT,BINANCE,TRADE,63946,0.00039
2026-08-03 23:48:31,SOLUSDT,BINANCE,TRADE,74.23,0.077
2026-08-03 23:48:31,BTCUSDT,BINANCE,TRADE,63946,0.00019
2026-08-03 23:48:31,BTCUSDT,BINANCE,TRADE,63946,0.00305
2026-08-03 23:48:31,ETHUSDT,BINANCE,TRADE,1872.56,0.0032
2026-08-03 23:48:31,ETHUSDT,BINANCE,TRADE,1872.56,0.0027
2026-08-03 23:48:31,ETHUSDT,BINANCE,TRADE,1872.56,0.0028
2026-08-03 23:48:31,ETHUSDT,BINANCE,TRADE,1872.56,0.0001
2026-08-03 23:48:31,ETHUSDT,BINANCE,TRADE,1872.56,0.0026
2026-08-03 23:48:31,ETHUSDT,BINANCE,TRADE,1872.56,0.0004
2026-08-03 23:48:32,SOLUSDT,BINANCE,TRADE,74.22,0.215
2026-08-03 23:48:32,BTCUSDT,BINANCE,TRADE,63946,0.0001
2026-08-03 23:48:32,BTCUSDT,BINANCE,TRADE,63946,0.00454
2026-08-03 23:48:33,ETHUSDT,BINANCE,TRADE,1872.56,0.005
2026-08-03 23:48:33,ETHUSDT,BINANCE,TRADE,1872.56,0.0011
2026-08-03 23:48:33,SOLUSDT,BINANCE,TRADE,74.22,1.388
